t,method,family,seed,y,f,best_obs,best_f,regret,acq_value,fit_wall_s,acq_wall_s,fit_calls,nuts_attempts,status,reason,r_hat_max,r_hat_median,frac_r_hat_below_1_05,n_eff_min,divergences,num_steps_mean,r_hat_max_native,n_eff_min_native,r_hat_max_ell,n_eff_min_ell,r_hat_max_global,n_eff_min_global,y_mean,y_std,sobol_computed,x_0,x_1,x_2,x_3,x_4,x_5,x_6,x_7,x_8,x_9,x_10,x_11,x_12,x_13,x_14,x_15,x_16,x_17,x_18,x_19,x_20,x_21,x_22,x_23,x_24,x_25,x_26,x_27,x_28,x_29,x_30,x_31,x_32,x_33,x_34,x_35,x_36,x_37,x_38,x_39,x_40,x_41,x_42,x_43,x_44,x_45,x_46,x_47,x_48,x_49,x_50,x_51,x_52,x_53,x_54,x_55,x_56,x_57,x_58,x_59,x_60,x_61,x_62,x_63,x_64,x_65,x_66,x_67,x_68,x_69,x_70,x_71,x_72,x_73,x_74,x_75,x_76,x_77,x_78,x_79,x_80,x_81,x_82,x_83,x_84,x_85,x_86,x_87,x_88,x_89,x_90,x_91,x_92,x_93,x_94,x_95,x_96,x_97,x_98,x_99
20,product/lengthscale,aligned10,9,3.0521323550003685,3.0625495431187266,3.0521323550003685,3.0625495431187266,1.7651580687468273,-0.02117643322214313,39.14552016602829,5.810005143051967,1,1,ok,,1.0489486825625014,0.9994255225650286,1.0,45.36831725337344,0,62.4375,1.0322416383126198,45.36831725337344,nan,nan,1.0489486825625014,75.74564916629922,0.0016978081981353366,1.0955694945202163,0,1.0,0.3312217949462786,0.6988889715858507,0.0,1.0,1.0,0.3882359504931458,0.0,0.6722072962571037,0.34643935871682574,0.6535933500849396,1.0,0.0,1.0,0.8266823942471927,1.0,0.8278181116466479,0.0,1.0,0.5326712758146015,0.1211278660386649,0.35945238145059966,0.5804522671616729,0.0,0.0,0.5577652015062167,1.0,1.0,0.0,0.0,0.16264042998253012,0.0,0.6807386995519262,1.0,1.0,0.05869124983523472,0.0,0.23749873446386524,0.4167527300796972,0.0,0.6626766701875128,0.6030855178666013,0.0,0.0,1.0,0.5098870850294479,0.23509118867786855,0.3351894525293605,0.0,0.0,0.0,0.0,0.0,1.0,0.0,1.0,1.0,0.6535583088783882,0.0,1.0,0.9707996361976566,1.0,0.20684094100837933,0.6942333618564044,0.0,0.0,0.0,0.9743280872093883,1.0,0.6758241557438451,0.0,0.0,1.0,1.0,0.0,1.0,0.2062681414301397,0.02969684267413571,0.0,0.4183838819973204,0.0,0.0,0.0,0.22030389578485882,0.0,0.0,0.0,0.0,0.5466009879903583,1.0,0.8996719592877745,0.8201315053500031,0.7346447338536438,1.0,0.6680388761368726,1.0,0.3915723273038625,0.9109693657919821,0.9390299556107233,0.0
21,product/lengthscale,aligned10,9,2.5330518864368505,2.5986095309074733,3.0521323550003685,3.0625495431187266,1.7651580687468273,-1.1683202688671646,30.83609670214355,7.481450094841421,1,1,ok,,1.0545802308063326,0.9979682639739182,0.9903846153846154,45.097804856972274,0,62.75,1.0545802308063326,45.097804856972274,nan,nan,1.0361166768854888,118.35200259041203,0.14695659614109882,1.2510471584469578,0,1.0,1.0,1.0,0.0,1.0,1.0,0.0,0.0,0.0,0.9034993906590293,1.0,1.0,0.0,1.0,1.0,1.0,1.0,0.0,0.6240828181465476,1.0,1.0,1.0,1.0,0.0,0.0,0.0,1.0,1.0,0.0,0.0,0.0,0.0,1.0,1.0,1.0,0.8833378861412242,0.0,0.0,1.0,0.0,1.0,1.0,0.0,0.0,1.0,0.0,0.32590604058372213,0.0,0.0,0.0,0.0,0.0,0.0,1.0,0.0,1.0,1.0,1.0,0.0,1.0,1.0,1.0,0.0,0.0,0.0,0.0,0.0,1.0,0.0,0.0,0.0,0.0,1.0,1.0,0.0,1.0,0.0,0.9725995873869627,0.0,1.0,0.0,0.0,0.0,0.0,0.0,0.0,0.0,0.0,0.0,0.0,0.37482861838178155,1.0,1.0,1.0,0.0,1.0,0.0,1.0,1.0,0.0
22,product/lengthscale,aligned10,9,2.2289526659575456,2.1349403808332648,3.0521323550003685,3.0625495431187266,1.7651580687468273,-1.4119175057174158,30.770555048948154,4.720890587894246,1,1,ok,,1.0826427488493577,1.001334302480557,0.9711538461538461,25.960475435470695,0,62.875,1.0826427488493577,25.960475435470695,nan,nan,1.0194763653398766,110.44650455684973,0.2554154729727239,1.3194722837179198,0,1.0,0.0,1.0,0.0,1.0,1.0,0.0,0.0,0.0,0.0,1.0,1.0,1.0,1.0,0.20126915715492724,1.0,1.0,0.0,1.0,1.0,0.0,0.0,1.0,0.0,0.0,1.0,1.0,1.0,0.0,0.27818040322939364,0.0,0.0,1.0,1.0,1.0,0.0,0.0,1.0,0.0,0.0,0.13279317227760146,0.0,0.0,0.0,0.3030977489302667,0.0,1.0,0.5952328586609787,0.0,0.0,0.0,0.0,0.0,1.0,0.0,1.0,1.0,0.0,0.0,1.0,1.0,1.0,0.01080600573849344,1.0,0.0,0.0,0.0,1.0,1.0,1.0,0.0,0.0,1.0,1.0,0.0,1.0,1.0,0.0,0.0,1.0,0.4132760714925,0.0,0.0,0.0,0.0,0.0,0.0,0.0,1.0,0.26908394822314763,1.0,1.0,1.0,1.0,0.0,1.0,0.641153040507613,1.0,1.0,0.0
23,product/lengthscale,aligned10,9,3.001442979746444,3.0637851339729494,3.0521323550003685,3.0637851339729494,1.7639224778926046,-1.229542955868737,30.685559171950445,4.686583031900227,1,1,excluded,r_hat_max 1.106 > 1.1,1.105577627449915,1.0011238759395642,0.9326923076923077,32.875688143146284,0,62.5,1.105577627449915,32.875688143146284,nan,nan,1.0136154844450038,144.01297901953018,0.34122143788510745,1.351772815906628,0,1.0,0.0,0.0,0.0,1.0,1.0,1.0,0.0,1.0,1.0,0.0,1.0,0.0,1.0,1.0,1.0,0.0,0.0,1.0,0.0,1.0,1.0,0.0,0.0,0.0,1.0,1.0,1.0,0.0,0.0,1.0,0.0,0.0,1.0,1.0,0.0,0.0,0.0,1.0,0.0,1.0,1.0,0.0,0.3332488103142801,1.0,0.0,0.0,0.0,0.0,0.0,0.0,0.0,0.0,1.0,0.0,1.0,1.0,1.0,0.0,1.0,1.0,1.0,0.0,1.0,0.0,0.0,0.0,1.0,1.0,0.0,0.0,0.0,1.0,1.0,0.0,0.0,0.0,0.0,1.0,0.0,0.0,0.0,0.0,0.0,0.0,0.0,0.0,1.0,0.0,1.0,1.0,1.0,0.0,1.0,1.0,1.0,0.0,1.0,1.0,0.0
24,product/lengthscale,aligned10,9,3.044201977326316,3.0637851339729494,3.0521323550003685,3.0637851339729494,1.7639224778926046,-1.4984820881334049,30.83031920902431,5.758251480059698,1,1,excluded,r_hat_max 1.178 > 1.1; n_eff_min 13.6 < 16.0,1.1779190401788868,1.005613088929985,0.9134615384615384,13.62672557367086,0,63.0,1.1779190401788868,13.62672557367086,nan,nan,1.0072652068003838,192.31502497533225,0.45206400212932984,1.4260898906418407,0,1.0,0.0,1.0,0.0,1.0,1.0,0.0,0.0,1.0,1.0,0.0,1.0,0.0,1.0,1.0,1.0,0.0,0.0,1.0,0.0,0.0,1.0,0.0,0.0,0.0,1.0,1.0,1.0,0.0,0.0,0.0,0.0,0.0,1.0,1.0,0.0,0.0,0.0,1.0,0.0,0.3169701015167586,0.0,0.0,0.0,1.0,0.4845918597255511,0.0,0.0,0.2031307623810854,0.0,0.0,0.0,0.0,1.0,0.0,1.0,1.0,1.0,0.0,1.0,1.0,0.0,1.0,1.0,0.0,0.0,0.0,1.0,1.0,1.0,0.5273818525759296,0.0,1.0,1.0,0.0,0.3026836773915314,0.0,0.0,0.0,0.0,0.0,0.0,0.0,1.0,0.0,0.0,0.0,0.33374861809214224,0.4452782400460792,1.0,1.0,1.0,0.0,1.0,1.0,1.0,0.0,1.0,1.0,0.0
25,product/lengthscale,aligned10,9,2.762016181172782,2.7063456030533817,3.0521323550003685,3.0637851339729494,1.7639224778926046,-1.4115858762945694,31.31249511288479,5.49374620616436,1,1,ok,,1.0865043282362363,1.0032151431839889,0.9519230769230769,31.734269838835335,0,63.0,1.0865043282362363,31.734269838835335,nan,nan,1.0043728951169981,105.31583323526245,0.5557495211372092,1.4867412571088563,1,0.0,1.0,1.0,0.0,1.0,0.0,0.5131490752338039,0.0,1.0,0.4701471715540367,0.0,1.0,0.0,1.0,1.0,1.0,1.0,0.0,1.0,0.24962910088693216,1.0,1.0,0.0,0.0,0.0,1.0,1.0,1.0,0.2550630240062954,0.0,0.9719508405414236,0.0,0.0,1.0,1.0,1.0,0.0,0.3925488570624084,1.0,0.0,0.0,1.0,0.0,0.4482761822896304,1.0,0.5356986159790371,0.0,0.0,0.0,0.0,0.0,0.0,0.0,1.0,0.0,0.0,1.0,1.0,0.0,1.0,1.0,1.0,0.0,1.0,0.0,0.0,0.0,1.0,1.0,1.0,1.0,0.0,1.0,1.0,0.0,0.39873950904537125,0.0,0.0,0.0,0.0,0.0,0.0,0.0,1.0,0.551482063653013,0.0,0.0,0.0,0.0,1.0,1.0,0.0,1.0,1.0,1.0,1.0,0.5965194743373031,0.0,1.0,0.0
26,product/lengthscale,aligned10,9,2.753577667749337,2.8150010359150106,3.0521323550003685,3.0637851339729494,1.7639224778926046,-1.5357047090022733,31.400481323944405,7.601064336951822,1,1,ok,,1.097091055788119,1.0008159183982217,0.9423076923076923,24.19798071021174,0,62.875,1.097091055788119,24.19798071021174,nan,nan,1.052726298716158,76.89101928821493,0.6406059311385774,1.5183541930789195,0,0.0,0.0,1.0,0.0,1.0,1.0,0.0,0.0,1.0,0.0,0.0,1.0,0.0,1.0,1.0,1.0,0.0,0.16315758513779538,1.0,0.0,1.0,0.0,1.0,0.0,0.0,0.0,1.0,1.0,0.0,0.0,1.0,0.0,1.0,0.0,1.0,0.0,0.0,0.0,1.0,0.0,1.0,1.0,0.0,0.0,1.0,1.0,0.0,0.0,0.0,0.0,0.0,0.0,0.0,1.0,0.0,1.0,1.0,1.0,0.0,1.0,0.0,1.0,1.0,0.0,0.0,0.0,0.0,1.0,1.0,1.0,0.0,0.0,1.0,1.0,0.0,1.0,0.0,0.0,0.5206290618748615,0.0,0.0,0.0,0.0,0.0,0.0,0.0,0.0,0.31955091872503455,0.0,1.0,1.0,1.0,0.0,1.0,1.0,1.0,0.0,0.0,1.0,0.0
27,product/lengthscale,aligned10,9,2.5988266952993224,2.5986095309074733,3.0521323550003685,3.0637851339729494,1.7639224778926046,-1.6951841395289005,31.674255491932854,7.8777006468735635,1,1,ok,,1.0393257187677234,0.9996814458229575,1.0,56.085623267672894,0,62.875,1.0393257187677234,56.085623267672894,nan,nan,1.0081127388452893,94.77929113413954,0.7188641436056427,1.5424809022800474,0,1.0,1.0,1.0,0.0,1.0,1.0,0.0,0.0,1.0,0.0,0.0,1.0,0.0,1.0,1.0,1.0,0.2578266545309873,0.0,1.0,0.0,0.0,1.0,0.0,0.0,0.0,1.0,1.0,1.0,0.0,0.6232853682027854,0.0,0.0,0.06822185361817487,1.0,1.0,0.0,0.0,0.0,0.7604094721390613,0.0,1.0,0.5970828882851923,1.0,0.0,1.0,1.0,0.0,0.0,0.0,0.0,0.0,0.0,0.0,1.0,0.0,1.0,1.0,1.0,0.0,1.0,1.0,1.0,0.19017372815124906,0.0,0.0,0.0,0.0,1.0,1.0,1.0,0.0,0.0,1.0,1.0,0.0,0.0,1.0,0.0,0.0,0.0,0.0,0.0,0.0,0.0,0.0,0.0,0.0,0.2661114138922367,0.0,1.0,0.7914018274984843,0.3593223623935659,0.08915202487923507,1.0,1.0,1.0,0.0,1.0,1.0,0.0
28,product/lengthscale,aligned10,9,3.2659773478213965,3.0637851339729494,3.2659773478213965,3.0637851339729494,1.7639224778926046,-1.5906069319213758,31.51988984597847,7.439469126984477,1,1,ok,,1.0928625970718224,1.004966231729,0.9038461538461539,31.461115684011517,0,63.0,1.0928625970718224,31.461115684011517,nan,nan,1.056220364534256,35.53228350845629,0.7860056633089884,1.5543454486917885,0,0.0,0.0,0.0,0.0,1.0,1.0,1.0,0.0,1.0,1.0,1.0,1.0,0.0,1.0,1.0,0.0,0.0,0.0,0.9886745345328297,0.0,0.6388442418718115,0.0,1.0,0.0,0.0,1.0,1.0,1.0,0.0,0.0,0.24592635252004583,0.0,0.2009897216926224,1.0,1.0,0.41034422632360223,0.0,0.0,1.0,0.0,0.0,0.0,0.0,0.0,1.0,1.0,0.1307668527362338,0.0,0.0,0.0,0.0,0.0,0.0,1.0,0.0,0.6711046189587758,1.0,0.0,0.0,1.0,1.0,0.0,0.0,1.0,0.0,0.4973753362074835,0.0,1.0,0.9932468776137461,0.0,0.0,0.0,1.0,1.0,0.0,0.9476596260205329,0.0,0.0,0.0,0.0,0.0,0.0,1.0,0.0,0.0,0.0,0.3541005651337321,0.0,0.0,1.0,1.0,1.0,1.0,1.0,1.0,1.0,0.0,1.0,1.0,0.0
29,product/lengthscale,aligned10,9,3.090626971184761,3.0637851339729494,3.2659773478213965,3.0637851339729494,1.7639224778926046,-1.9529988876010758,31.728798530064523,5.161570363910869,1,1,excluded,r_hat_max 1.123 > 1.1; n_eff_min 14.5 < 16.0,1.1233262359632397,1.0039533018464901,0.9423076923076923,14.46910626355629,0,63.0,1.1233262359632397,14.46910626355629,nan,nan,1.0008521307534648,115.32462424734857,0.8715219282921749,1.5929358636848474,0,0.0,0.0,0.0,0.0,1.0,1.0,1.0,0.0,1.0,1.0,1.0,1.0,0.0,1.0,1.0,0.0,0.0,0.0,1.0,0.0,1.0,0.0,1.0,0.0,0.0,1.0,1.0,1.0,0.0,0.0,0.0,0.0,1.0,1.0,1.0,0.0,0.0,0.0,1.0,0.0,0.0,0.0,0.0,0.0,1.0,1.0,0.0,0.4533478441033156,0.0,0.0,0.0,0.0,0.0,0.7216786117015825,0.0,1.0,1.0,1.0,0.0,0.0,1.0,0.0,0.0,1.0,0.0,0.0,0.0,1.0,1.0,0.0,0.0,0.0,1.0,1.0,0.0,0.0,0.0,1.0,0.0,0.0,0.0,0.0,0.0,1.0,0.0,0.0,0.0,0.0,0.0,1.0,1.0,1.0,1.0,1.0,1.0,1.0,0.0,1.0,0.0,0.0
30,product/lengthscale,aligned10,9,2.3746511736912197,2.4733888895802227,3.2659773478213965,3.0637851339729494,1.7639224778926046,-2.1735294807146204,31.69228093093261,5.087948591914028,1,1,ok,,1.0749707007746605,1.0021319573888552,0.9807692307692307,33.49479164179019,0,63.0,1.0749707007746605,33.49479164179019,nan,nan,1.0095475969702161,124.3844612116426,0.9454920963885944,1.6160257313022925,0,0.0,0.0,0.0,0.0,0.0,1.0,1.0,0.0,1.0,0.7305620500270199,1.0,1.0,0.0,1.0,1.0,1.0,0.0,0.0,1.0,0.0,1.0,0.0,1.0,0.0,0.0,1.0,1.0,1.0,0.0,0.0,0.0,0.0,0.0,1.0,1.0,0.0,0.0,0.0,1.0,0.0,0.0,1.0,0.0,0.0,1.0,1.0,0.0,0.0,0.0,0.0,0.0,0.0,0.0,1.0,0.0,1.0,1.0,1.0,0.0,1.0,1.0,0.0,0.5745245777201066,1.0,0.0,1.0,0.0,1.0,1.0,0.0,0.0,0.0,1.0,1.0,0.0,0.5326890378296136,0.0,0.0,0.0,0.0,0.0,0.0,1.0,0.0,1.0,0.0,0.0,0.0,0.0,1.0,1.0,1.0,1.0,1.0,1.0,1.0,1.0,1.0,1.0,0.0
31,product/lengthscale,aligned10,9,3.0730785011536876,3.0637851339729494,3.2659773478213965,3.0637851339729494,1.7639224778926046,-2.050035959631596,32.42172396602109,7.979616545140743,1,1,excluded,r_hat_max 1.225 > 1.1; n_eff_min 15.4 < 16.0,1.2249742214475516,1.0022334479959982,0.9423076923076923,15.40027429105605,0,62.875,1.2249742214475516,15.40027429105605,nan,nan,1.0003565983922238,120.20208829287122,0.991594002108034,1.6096762210810802,0,1.0,0.0,0.0,0.0,1.0,1.0,1.0,0.0,1.0,1.0,0.0,1.0,0.0,1.0,1.0,0.0,0.26095138290235415,0.0,1.0,0.0,0.700876291716555,1.0,1.0,0.0,0.0,0.0,1.0,1.0,0.0,0.0,1.0,0.0,0.0,1.0,1.0,0.0,0.0,0.0,1.0,0.0,1.0,0.0,0.0,0.0,1.0,0.0,0.0,0.0,0.0,0.0,0.0,0.0,0.0,1.0,0.0,1.0,1.0,0.0,0.0,1.0,1.0,1.0,0.0,1.0,0.0,0.0,0.0,1.0,0.0,0.0,1.0,0.0,1.0,1.0,0.0,1.0,0.0,0.0,0.0,0.0,0.0,0.0,0.0,0.6586687650511795,0.0,0.0,1.0,0.0,1.0,1.0,1.0,1.0,0.0,1.0,1.0,1.0,0.0,1.0,0.0,0.0
32,product/lengthscale,aligned10,9,3.0704945088837334,3.0637851339729494,3.2659773478213965,3.0637851339729494,1.7639224778926046,-2.000275031367914,31.548039615154266,7.31966159096919,1,1,ok,,1.0612742037846787,1.004154158200382,0.9711538461538461,30.1795397582511,0,63.0,1.0612742037846787,30.1795397582511,nan,nan,1.0231170349134542,108.1464551191536,1.0566403927032106,1.6251919915827875,0,0.0,0.0,0.0,1.0,1.0,1.0,1.0,0.0,1.0,1.0,0.0,1.0,0.0,1.0,1.0,0.0,0.0,0.0,1.0,1.0,0.0,0.0,0.0,0.0,0.0,1.0,1.0,1.0,0.0,0.0,1.0,0.0,0.7037647382508971,1.0,1.0,1.0,0.0,0.0,1.0,0.0,1.0,0.0,0.41379457229665645,0.0,1.0,1.0,1.0,0.0,0.0,0.0,0.0,0.0,0.0,1.0,0.0,0.0,1.0,0.0,0.0,1.0,1.0,0.0,0.0,1.0,0.0,0.0,0.0,1.0,0.6629883327598691,0.0,0.0,0.0,1.0,1.0,0.0,1.0,0.0,1.0,0.0,0.0,0.0,0.0,0.0,1.0,0.0,0.0,0.0,0.0,1.0,1.0,1.0,1.0,0.0,1.0,1.0,0.0,0.0,1.0,1.0,0.0
33,product/lengthscale,aligned10,9,3.0836600920628343,3.0637851339729494,3.2659773478213965,3.0637851339729494,1.7639224778926046,-2.241309008064266,34.5577061381191,7.126598563976586,1,1,ok,,1.0671759308745308,1.0014689008847246,0.9807692307692307,38.42980465145066,0,62.875,1.0671759308745308,38.42980465145066,nan,nan,1.0073049786780202,126.77961974271598,1.1176662750117112,1.6371879020750624,0,1.0,0.0,0.0,0.0,1.0,0.0,1.0,0.0,1.0,1.0,0.0,1.0,0.0,1.0,1.0,0.0,0.0,0.0,1.0,0.0,0.0,1.0,0.0,0.0,0.0,1.0,1.0,1.0,0.0,0.0,1.0,0.0,0.6562905653020686,1.0,1.0,0.0,0.0,0.0,0.0,0.0,1.0,0.0,0.2698301562956141,0.0,1.0,0.0,0.0,0.0,0.0,0.0,0.0,0.0,0.0,1.0,0.0,1.0,1.0,0.0,0.0,1.0,0.0,0.0,0.0,1.0,0.0,0.0,0.0,1.0,0.0,1.0,0.0,0.0,1.0,1.0,0.0,1.0,0.0,0.0,0.0,0.0,0.0,0.0,0.0,1.0,0.0,0.0,0.0,0.0,0.0,1.0,1.0,1.0,1.0,1.0,1.0,1.0,0.0,1.0,0.0,0.0
34,product/lengthscale,aligned10,9,3.096710416163359,3.0637851339729494,3.2659773478213965,3.0637851339729494,1.7639224778926046,-1.8859264684312373,34.49395724898204,8.017265466973186,1,1,excluded,r_hat_max 1.159 > 1.1; n_eff_min 14.1 < 16.0,1.1592407511713667,1.003583552017038,0.9134615384615384,14.088804226089735,0,63.0,1.1592407511713667,14.088804226089735,nan,nan,1.003966081312381,107.03233504387494,1.1754896225720386,1.6467805563479239,0,1.0,0.0,0.0,0.0,1.0,1.0,1.0,0.0,1.0,1.0,0.0,1.0,0.0,0.8041104757221502,1.0,0.0,1.0,0.0,1.0,0.0,0.0,0.0,0.0,0.0,0.0,0.0,1.0,1.0,0.0,0.0,1.0,0.0,0.0,1.0,1.0,1.0,0.0,0.0,0.0,0.0,1.0,0.0,0.0,0.0,1.0,0.5093277766585708,0.0,1.0,0.3472157417006595,0.0,0.0,0.0,0.0,0.34746642438175346,0.0,0.0,1.0,0.0,0.0,1.0,1.0,0.0,0.0,1.0,0.0,0.0,0.0,0.0,1.0,0.0,0.0,0.0,1.0,1.0,0.0,1.0,0.0,0.0,0.7068944182122855,0.0,0.0,0.0,0.0,0.514520091629331,0.0,0.0,0.12370598480854111,0.0,0.0,1.0,1.0,1.0,0.0,1.0,1.0,1.0,0.0,1.0,1.0,0.0
35,product/lengthscale,aligned10,9,2.2597935420211774,2.360886911063705,3.2659773478213965,3.0637851339729494,1.7639224778926046,-2.2750388917254956,34.417170914122835,7.795477459905669,1,1,excluded,r_hat_max 1.134 > 1.1,1.1342297107397454,1.0001529823478224,0.9615384615384616,16.4415184883828,0,62.75,1.1342297107397454,16.4415184883828,nan,nan,1.0165021821891025,84.8548164525144,1.2303816452460763,1.6543428602006782,0,0.0,0.0,0.0,0.0,1.0,1.0,0.3206252928992676,0.0,0.6420810225955319,1.0,1.0,1.0,0.0,0.7247621658903429,1.0,0.0,1.0,1.0,1.0,0.0,1.0,1.0,0.0,0.0,0.0,1.0,1.0,1.0,0.0,0.0,1.0,0.0,1.0,1.0,1.0,0.0,0.0,0.0,1.0,0.0,0.0,0.0,0.0,0.0,1.0,1.0,1.0,0.5142468336942808,0.0,0.0,0.0,0.0,0.0,1.0,0.21370616560512484,1.0,1.0,0.0,0.0,1.0,1.0,0.0,0.0,1.0,0.0,0.0,0.0,0.4841142540952922,1.0,0.0,0.0,0.0,1.0,1.0,0.0,1.0,0.0,0.0,0.0,0.0,0.0,0.0,0.0,1.0,0.0,0.0,0.0,0.0,1.0,1.0,1.0,1.0,0.27990605793845175,1.0,1.0,1.0,0.0,1.0,0.8679788255979124,0.0
36,product/lengthscale,aligned10,9,3.082601282521977,3.0637851339729494,3.2659773478213965,3.0637851339729494,1.7639224778926046,-2.1832219517678455,34.61573937092908,6.809284585993737,1,1,ok,,1.043369287237175,0.9983506584949238,1.0,69.43273039546358,0,62.75,1.043369287237175,69.43273039546358,nan,nan,1.0044004272654221,180.354110634087,1.258976420156496,1.6399526883431168,0,1.0,0.0,0.7287415216697827,0.0,1.0,1.0,1.0,0.0,1.0,1.0,1.0,1.0,0.0,1.0,1.0,0.0,0.0,0.0,1.0,0.0,0.0,0.0,1.0,0.0,0.0,0.5443540939199301,1.0,1.0,0.0,0.0,0.43406546515346656,0.0,0.044267658670726094,1.0,1.0,0.0,0.0,0.0,0.0,0.0,1.0,0.0,0.0,0.0,1.0,0.0,0.0,0.19817521796163837,0.5279199678099664,0.0,0.0,0.0,0.0,1.0,0.0,0.0,1.0,0.0,0.0,1.0,1.0,1.0,0.0,1.0,0.0,0.336293195109453,0.0,1.0,1.0,1.0,1.0,0.0,1.0,1.0,0.0,1.0,0.0,1.0,0.0,1.0,0.0,0.0,0.0,0.9908766970644296,0.0,0.0,0.0,0.0,0.0,1.0,1.0,1.0,1.0,1.0,1.0,0.0,0.0,1.0,0.7072381111492247,0.0
37,product/lengthscale,aligned10,9,3.1299417312482096,3.0637851339729494,3.2659773478213965,3.0637851339729494,1.7639224778926046,-2.1847102604002626,34.974622888024896,5.437693685060367,1,1,excluded,r_hat_max 1.112 > 1.1,1.1122533643043548,1.0016902845123963,0.9038461538461539,23.741640970424548,0,63.0,1.1122533643043548,23.741640970424548,nan,nan,1.0119681446190365,60.13386333830415,1.3082635785988062,1.6444479881435294,0,0.0,0.0,1.0,0.0,1.0,1.0,1.0,0.0,1.0,1.0,0.0,1.0,0.0,1.0,1.0,0.0,0.0,0.0,1.0,1.0,0.0,0.0,1.0,0.0,0.0,0.0,1.0,1.0,0.0,0.0,0.0,0.0,0.0,1.0,1.0,1.0,0.0,0.0,1.0,1.0,0.8670483231196517,0.0,0.0,0.0,1.0,0.0,0.0,0.0,0.0,0.0,0.0,0.0,0.0,1.0,0.0,0.0,1.0,0.0,0.0,1.0,1.0,0.0,0.0,1.0,0.0,0.0,0.0,1.0,1.0,1.0,0.0,0.0,1.0,1.0,0.0,1.0,0.0,0.859711614801809,0.8204721324877507,0.0,0.0,0.0,0.0,0.0,0.0,0.0,0.7165595705120444,0.0,0.0,1.0,1.0,0.0,1.0,1.0,1.0,1.0,0.0,1.0,0.0,0.0
38,product/lengthscale,aligned10,9,2.0386042019326336,1.990029048018666,3.2659773478213965,3.0637851339729494,1.7639224778926046,-1.868421658866549,35.59169222810306,5.497019225964323,1,1,ok,,1.0843806294183407,1.0013393239153259,0.9326923076923077,36.13961595258385,0,62.875,1.0843806294183407,36.13961595258385,nan,nan,1.0013575711554343,81.89001304159923,1.3562024773527377,1.648659119585896,0,1.0,0.0,0.0,0.0,1.0,0.0,1.0,0.0,1.0,1.0,0.0,1.0,0.0,1.0,1.0,0.0,0.0,0.0,0.0,1.0,0.0,0.0,1.0,0.0,0.0,0.2726039409826915,1.0,1.0,0.0,0.0,0.0,0.42266236858432177,0.0,1.0,1.0,1.0,0.0,0.09982326978644475,1.0,0.0,1.0,0.0,0.0,1.0,1.0,0.43958591524546264,0.0,0.0,0.0,0.0,0.0,0.0,0.0,1.0,0.0,0.0,1.0,0.0,0.0,0.3896632584960651,1.0,0.8428557753570146,0.0,1.0,0.0,0.0,0.0,1.0,1.0,0.0,0.0,0.0,1.0,1.0,0.0,0.8765839927233482,0.0,0.0,0.0,0.0,0.0,0.0,0.3245969379535495,0.0,0.0,0.0,0.0,0.08746160435269597,0.0,1.0,1.0,1.0,0.6078581043178956,1.0,0.552973648584484,1.0,0.0,1.0,1.0,0.0
39,product/lengthscale,aligned10,9,2.432166729760348,2.345804413688446,3.2659773478213965,3.0637851339729494,1.7639224778926046,-1.8077200106469296,35.085640595061705,8.049949720036238,1,1,ok,,1.0424485301025224,0.9994816363591568,1.0,26.606839991237695,0,63.0,1.0424485301025224,26.606839991237695,nan,nan,0.9970157957743144,72.82301010479519,1.3736999574701712,1.6309557817715186,0,0.0,0.0,1.0,0.0,1.0,1.0,1.0,0.0,1.0,0.9151681019002343,0.5248291237516326,1.0,0.0,1.0,1.0,1.0,0.25800942047345854,0.0,1.0,0.0,0.255238162114104,0.0,0.19212857841903389,1.0,0.0,1.0,1.0,1.0,0.0,0.0,0.6295290158679313,0.0,0.3440462406889227,1.0,1.0,0.5798412587290247,0.0,0.0,0.0,1.0,1.0,0.0,0.22050065856075168,0.0,1.0,0.0,0.0,0.8514271893858412,0.0,0.0,0.0,0.0,0.0,1.0,0.0,1.0,1.0,1.0,0.0,1.0,1.0,0.0,0.0,1.0,0.0,0.0,0.0,1.0,0.0,1.0,1.0,0.0,1.0,1.0,0.1423383767313501,1.0,0.0,1.0,1.0,0.0,0.0,0.0,0.0,0.6091106286796991,0.0,0.0,0.7528709526808361,0.0,0.5911263825527903,1.0,0.3369895941458034,0.0,1.0,1.0,1.0,0.8777405973514112,0.0,0.7469388205053847,0.0,0.0
40,product/lengthscale,aligned10,9,2.9470074900220107,3.0637851339729494,3.2659773478213965,3.0637851339729494,1.7639224778926046,-2.5299695626688496,34.70602821698412,6.009709676960483,1,1,ok,,1.0679921028000812,1.0018433563014242,0.9615384615384616,18.938251037988355,0,62.75,1.0679921028000812,18.938251037988355,nan,nan,1.0042302551047388,124.43703476901952,1.4001616267774253,1.618896204455409,0,1.0,0.7185097127561523,0.0,1.0,1.0,1.0,1.0,0.0,1.0,1.0,0.0,1.0,0.0,1.0,0.7921440283135658,1.0,1.0,0.0,1.0,0.0,0.0,1.0,1.0,0.0,0.0,0.0,1.0,1.0,0.0,0.0,1.0,0.0,0.0,0.6256377199539651,1.0,0.0,0.0,0.0,1.0,0.0,0.0,0.0,0.0,0.0,1.0,0.19038405930308594,0.25170792537981673,0.0,1.0,0.0,0.0,0.0,0.0,1.0,0.0,0.0,1.0,0.0,0.0,1.0,1.0,0.0,0.0,1.0,0.0,0.0,0.0,1.0,1.0,1.0,0.0,0.0,1.0,1.0,0.0,1.0,0.0,1.0,0.525851545722606,0.0,0.0,0.0,0.0,1.0,0.0,0.0,0.0,0.0,0.0,1.0,1.0,1.0,1.0,1.0,1.0,1.0,0.0,1.0,0.0,0.0
41,product/lengthscale,aligned10,9,3.0455296631182898,3.0637851339729494,3.2659773478213965,3.0637851339729494,1.7639224778926046,-2.6177245053222262,35.05279442691244,11.151384043041617,1,1,ok,,1.0888291883903232,1.0016888636992873,0.9903846153846154,36.797089104439934,0,62.875,1.0888291883903232,36.797089104439934,nan,nan,1.0211108758788876,98.6167890014417,1.4378895746614395,1.6167369247400085,0,0.0,0.0,1.0,0.0,1.0,1.0,1.0,0.0,1.0,1.0,0.0,1.0,0.0,1.0,1.0,0.0,1.0,0.0,1.0,0.6915662573352698,0.0,0.0,1.0,0.0,0.0,1.0,1.0,1.0,0.0,0.0,1.0,0.0,0.0,1.0,1.0,0.0,0.0,0.0,0.0,0.0,1.0,0.0,0.0,0.0,1.0,0.0,0.0,0.0,0.0,0.0,0.0,0.0,0.0,1.0,0.0,0.0,1.0,1.0,0.0,1.0,1.0,0.0,0.0,1.0,0.0,0.0,0.0,0.0,0.0,1.0,1.0,0.0,1.0,1.0,0.0,0.0,0.0,1.0,0.0,1.0,0.0,0.0,0.0,1.0,0.0,0.0,0.0,0.0,0.0,1.0,1.0,1.0,0.0,1.0,1.0,0.0,0.0,1.0,1.0,0.0
42,product/lengthscale,aligned10,9,2.924705839636635,3.0637851339729494,3.2659773478213965,3.0637851339729494,1.7639224778926046,-2.4877041235640185,34.74591263895854,10.096475877100602,1,1,ok,,1.0970095023599193,1.0018420441388387,0.9615384615384616,27.378510663617703,0,62.625,1.0970095023599193,27.378510663617703,nan,nan,1.0563329172196365,90.2271898828859,1.476166719624698,1.616067687893377,0,0.3956192346968025,0.0,1.0,1.0,1.0,1.0,1.0,0.0,1.0,1.0,1.0,1.0,0.0,1.0,1.0,0.0,0.0,0.0,1.0,0.3749819488554106,0.0,0.0,0.0,0.0,0.0,0.0,1.0,1.0,0.0,0.0,1.0,0.0,0.0,1.0,1.0,0.0,0.0,0.0,1.0,0.0,0.0,0.5670170166731787,0.0,0.0,1.0,1.0,0.0,0.0,0.0,0.0,0.0,0.0,0.0,1.0,0.0,1.0,1.0,0.0,0.0,1.0,1.0,0.3892554700146708,0.0,1.0,0.0,0.0,0.0,1.0,1.0,1.0,0.0,0.0,1.0,1.0,0.0,0.0,0.0,0.0,0.6079276367091876,1.0,0.0,0.0,0.0,0.7957719131952926,0.0,0.0,1.0,0.0,0.0,1.0,1.0,1.0,0.0,1.0,1.0,0.0,0.0,1.0,0.0,0.0
43,product/lengthscale,aligned10,9,2.9897895750064984,3.0637851339729494,3.2659773478213965,3.0637851339729494,1.7639224778926046,-2.362302780875882,35.442411817843094,10.195794204017147,1,1,excluded,r_hat_max 1.118 > 1.1,1.1180821509883858,1.0041338289158384,0.9038461538461539,30.42575348277079,0,62.75,1.1180821509883858,30.42575348277079,nan,nan,1.0008310198975001,205.57438608410436,1.5098536759040453,1.6120174354619157,0,0.1856859739286065,0.0,0.0,0.0,1.0,1.0,1.0,0.0,1.0,1.0,0.002646467729135293,1.0,0.0,1.0,1.0,0.0,0.0,0.0,1.0,0.0,1.0,1.0,0.42242196124739245,0.0,0.0,0.0,1.0,1.0,0.0,0.0,0.5915676108857356,0.0,0.0,1.0,1.0,0.822146225008875,0.0,0.0,0.0,0.0,0.3690675031569933,0.0,0.0,0.0,1.0,0.0,0.0,0.215746461537918,0.0,0.0,0.0,0.0,1.0,0.0,0.0,1.0,1.0,0.0,0.0,1.0,0.30745359626929786,0.0,1.0,1.0,0.0,0.0,0.0,1.0,1.0,0.0,0.0,0.0,1.0,1.0,0.0,0.0,0.0,1.0,0.23947181772880247,1.0,0.0,0.0,0.0,1.0,0.0,0.0,0.0,1.0,0.0,1.0,1.0,0.27588304815863574,1.0,1.0,1.0,0.2702775451203565,0.0,0.0,0.8883965776664333,0.0
44,product/lengthscale,aligned10,9,3.124236111647998,3.0637851339729494,3.2659773478213965,3.0637851339729494,1.7639224778926046,-2.637206025968161,35.588679092004895,5.3831769791431725,1,1,ok,,1.0665640757125376,1.0030994945918956,0.9807692307692307,31.8182252901398,0,62.875,1.0665640757125376,31.8182252901398,nan,nan,1.0059312958965692,90.76910743298419,1.5434885827018283,1.608784421722919,0,0.0,0.0,0.0,0.0,1.0,1.0,1.0,0.0,1.0,0.0,0.0,1.0,0.0,1.0,1.0,0.0,0.0,0.0,1.0,0.0,0.0,1.0,1.0,0.0,0.0,1.0,1.0,1.0,0.0,0.0,1.0,0.0,0.0,1.0,1.0,0.0,0.0,0.0,1.0,0.0,1.0,0.0,0.0,0.0,1.0,0.0,0.0,0.0,0.0,0.0,0.0,0.0,0.0,0.28188442275931697,0.0,0.0,1.0,0.0,0.0,1.0,1.0,0.0,0.0,1.0,0.0,0.0,0.0,1.0,0.605909609833043,1.0,0.0,0.0,1.0,1.0,0.0,1.0,0.0,1.0,0.0,1.0,0.0,0.0,0.0,1.0,0.0,0.0,0.0,0.0,0.0,1.0,1.0,1.0,0.0,1.0,1.0,0.0,0.0,1.0,1.0,0.0
45,product/lengthscale,aligned10,9,3.0831459299932282,3.0637851339729494,3.2659773478213965,3.0637851339729494,1.7639224778926046,-2.6178504176378365,36.30446746503003,8.310198962921277,1,1,excluded,r_hat_max 1.131 > 1.1,1.131347408804849,1.0048851276033344,0.8653846153846154,20.860337916748033,0,62.75,1.131347408804849,20.860337916748033,nan,nan,1.0472374816248453,118.73751092726692,1.5786163055672988,1.6077829909854793,0,0.0,0.0,0.0,1.0,1.0,1.0,1.0,0.0,1.0,1.0,0.0,1.0,0.0,1.0,1.0,0.0,1.0,0.0,1.0,0.0,0.0,1.0,1.0,0.0,0.0,1.0,1.0,1.0,0.0,0.0,1.0,0.0,0.0,1.0,1.0,0.0,0.0,0.0,1.0,1.0,1.0,0.0,0.0,0.0,1.0,1.0,0.0,0.0,0.0,0.0,0.0,0.0,1.0,1.0,0.0,0.0,1.0,0.0,0.0,1.0,0.0,0.0,0.0,1.0,0.0,0.0,0.0,0.0,1.0,1.0,1.0,0.0,1.0,1.0,0.0,1.0,0.0,0.0,0.0,1.0,0.0,0.0,0.0,1.0,0.0,0.31402486394299217,0.0,1.0,0.0,1.0,1.0,1.0,1.0,1.0,1.0,1.0,0.0,1.0,1.0,0.0
46,product/lengthscale,aligned10,9,3.1869445938241543,3.0637851339729494,3.2659773478213965,3.0637851339729494,1.7639224778926046,-3.2235149817186213,35.17095039691776,6.501374667044729,1,1,excluded,r_hat_max 1.206 > 1.1; n_eff_min 15.0 < 16.0,1.205620677629995,1.0035132238649371,0.8557692307692307,15.028719309647167,0,62.875,1.205620677629995,15.028719309647167,nan,nan,1.005274419494503,55.63681291059599,1.6113234713156885,1.6052757928128019,0,0.0,0.0,0.0,0.0,1.0,1.0,1.0,0.0,1.0,0.0,0.0,1.0,0.0,1.0,1.0,0.0,0.0,0.0,1.0,0.0,0.0,1.0,1.0,0.0,0.0,1.0,1.0,1.0,0.0,0.0,1.0,0.0,0.0,1.0,1.0,0.0,0.0,0.0,1.0,1.0,1.0,0.0,0.0,0.0,1.0,0.0,0.0,0.0,1.0,0.0,0.0,0.0,1.0,0.0,0.0,0.0,1.0,0.6310140384311166,0.0,1.0,0.0,0.0,0.0,1.0,0.0,0.0,0.0,0.0,1.0,0.0,1.0,0.0,1.0,1.0,0.0,1.0,0.0,0.0,0.0,0.0,0.0,0.0,0.0,1.0,0.0,0.0,1.0,1.0,0.0,1.0,1.0,1.0,0.0,1.0,1.0,0.0,0.0,1.0,1.0,0.0
47,product/lengthscale,aligned10,9,3.043485128754868,3.0637851339729494,3.2659773478213965,3.0637851339729494,1.7639224778926046,-2.6067151573107665,35.63191096903756,9.29300041589886,1,1,excluded,r_hat_max 1.145 > 1.1; n_eff_min 11.0 < 16.0,1.1445657797185285,1.002337046456601,0.9230769230769231,11.013352537908842,0,63.0,1.1445657797185285,11.013352537908842,nan,nan,1.0315428976278993,79.40306019377972,1.6448473249860813,1.604300325357744,0,1.0,0.0,0.0,0.0,1.0,1.0,1.0,1.0,1.0,1.0,0.0,1.0,0.0,1.0,1.0,0.0,0.0,0.0,1.0,1.0,0.4338700969093859,0.0,1.0,0.0,1.0,1.0,1.0,1.0,0.0,0.0,1.0,0.0,0.0,1.0,1.0,0.0,0.0,0.0,0.986125057117046,0.0,0.6987660784781519,1.0,0.0,0.0,1.0,0.0,0.0,0.0,0.0,0.0,0.0,0.0,0.0,0.0,0.0,0.0,1.0,0.0,0.0,1.0,0.0,0.0,0.0,1.0,0.0,0.012589624050258437,0.0,0.0,1.0,0.2772616862293979,0.0,0.0,1.0,1.0,0.0,0.8354085864633538,0.0,1.0,0.0,0.0,0.0,0.0,0.0,1.0,0.0,0.0,1.0,0.0,0.0,1.0,1.0,0.0,1.0,1.0,1.0,1.0,0.0,1.0,1.0,0.0
48,product/lengthscale,aligned10,9,3.0903842478865675,3.0637851339729494,3.2659773478213965,3.0637851339729494,1.7639224778926046,-2.147545521928234,34.284750145161524,7.0652931469958276,1,1,excluded,r_hat_max 1.116 > 1.1,1.1157410028653143,1.0014148299369512,0.9615384615384616,21.003861757189032,0,62.875,1.1157410028653143,21.003861757189032,nan,nan,1.0179232239135485,59.904937608601514,1.673985612564598,1.6000199991647632,0,0.0,0.0,1.0,0.0,1.0,1.0,1.0,0.0,1.0,1.0,0.0,1.0,0.0,1.0,1.0,0.0,0.0,0.0,1.0,0.0,0.0,1.0,0.14856337657294993,0.0,0.0,1.0,1.0,1.0,0.0,0.0,0.0,0.0,1.0,1.0,1.0,0.0,0.0,0.0,1.0,0.0,0.48414380047150835,0.163112838149688,0.0,0.0,1.0,0.0,0.0,0.0,1.0,0.0,0.0,0.0,1.0,0.0,0.0,0.0,1.0,1.0,0.0,1.0,1.0,0.0,0.0,1.0,0.0,0.0,0.0,1.0,1.0,1.0,0.0,0.47379533892782805,1.0,1.0,0.0,1.0,0.0,0.0,0.0,0.0,0.0,0.0,1.0,0.0,0.0,0.0,0.0,1.0,0.0,1.0,1.0,1.0,1.0,1.0,1.0,0.3335370212205167,0.0,1.0,1.0,0.0
49,product/lengthscale,aligned10,9,3.3099930909035864,3.2786175023414743,3.3099930909035864,3.2786175023414743,1.5490901095240797,-2.503378684773156,36.673962641041726,7.5142032478470355,1,1,excluded,r_hat_max 1.126 > 1.1,1.1260600719899125,1.0020969377197981,0.9326923076923077,20.78376828164401,0,63.0,1.1260600719899125,20.78376828164401,nan,nan,1.1027037472256904,35.80594906930317,1.7028917071630054,1.5962220347836011,0,0.0,0.0,0.0,0.0,1.0,1.0,1.0,0.0,1.0,1.0,0.0,1.0,0.0,1.0,0.0,0.0,0.0,0.0,1.0,0.0,0.0,0.0,0.9417982864336828,0.0,0.0,1.0,1.0,1.0,0.0,0.0,0.5333381269337716,0.0,0.0,1.0,1.0,1.0,0.0,0.7293295230611477,1.0,0.6143790775322023,1.0,0.0,0.0,0.0,1.0,0.0,0.0,0.0,1.0,0.0,0.2817925702298584,0.0,0.19442712174959667,0.8243465858678736,0.0,0.0,1.0,0.0,0.11201275302575113,0.9505699460469362,0.0,0.5786151534045765,0.1513792064599943,1.0,0.8575257601378439,0.16536904128208482,0.0,0.6964612334279909,0.0,0.0,0.0,0.0,0.5195931659038425,1.0,0.0,0.21128324303630053,0.0,0.0,0.0,0.0,0.0,0.0,0.0,0.27490457564184295,0.0,0.0,0.0,1.0,0.0,1.0,1.0,1.0,0.31437578425442575,1.0,1.0,0.60343162229331,0.23180739558395622,1.0,1.0,0.0
50,product/lengthscale,aligned10,9,3.0657703790912003,3.0637851339729494,3.3099930909035864,3.2786175023414743,1.5490901095240797,-2.8306130222268795,36.413973059970886,7.827827421948314,1,1,excluded,r_hat_max 1.114 > 1.1,1.113613889198505,1.0030573793375637,0.9230769230769231,20.303340218554435,0,63.0,1.113613889198505,20.303340218554435,nan,nan,1.0063417746874206,89.68121413628434,1.735033734837817,1.5961167488161683,1,0.1292429952190525,0.0,0.0,0.0,1.0,1.0,1.0,0.0,1.0,1.0,0.0,1.0,0.0,1.0,0.0,0.0,0.0,0.0,1.0,0.0,0.0,0.0,1.0,0.0,0.0,0.0,1.0,1.0,0.0,0.0,0.0,0.0,0.0,1.0,1.0,0.0,0.0,0.0,1.0,1.0,1.0,0.0,0.0,0.0,1.0,0.0,0.0,0.0,1.0,0.0,0.0,0.0,1.0,0.0,0.0,0.0,1.0,0.0,0.0,1.0,0.0,1.0,0.0,1.0,1.0,0.0,0.0,1.0,0.0,0.0,0.0,0.0,0.0,1.0,0.0,0.0,0.0,0.0,0.0,1.0,0.0,0.0,0.0,1.0,0.0,0.0,0.0,0.0,0.0,1.0,1.0,1.0,0.0,1.0,1.0,1.0,0.0,1.0,1.0,0.0
51,product/lengthscale,aligned10,9,2.5055599366966916,2.4733888895802227,3.3099930909035864,3.2786175023414743,1.5490901095240797,-2.4628536002993338,36.49335400108248,12.89394621597603,1,1,excluded,r_hat_max 1.162 > 1.1; n_eff_min 11.7 < 16.0,1.1624890363608578,1.0048455224876136,0.8557692307692307,11.732799797929529,0,63.0,1.1624890363608578,11.732799797929529,nan,nan,1.0316480476887857,28.236232911817105,1.7611266102153345,1.5911247166675793,0,0.0,0.0,0.016902779088825814,0.0,1.0,1.0,1.0,0.0,0.594278074153623,1.0,1.0,1.0,0.0,1.0,1.0,0.0,0.0,0.0,1.0,0.46014649188680123,0.0,1.0,1.0,0.0,0.0,1.0,1.0,1.0,0.0,0.0,0.0,0.0,1.0,1.0,0.9591313677935779,1.0,0.0,1.0,1.0,0.0,1.0,0.0,0.0,0.0,1.0,0.1103268235787946,0.0,0.0,1.0,0.0,0.2512913960502892,0.0,0.0,1.0,0.0,0.0,1.0,0.2582039497675653,0.0,1.0,0.0,0.0,1.0,1.0,0.26703124673954853,1.0,0.0,0.0,1.0,0.0,0.0,0.0,1.0,1.0,0.0,1.0,0.0,0.0,0.0,0.0,0.0,0.0,0.0,1.0,0.0,0.0,0.0,1.0,0.0,1.0,1.0,1.0,0.0,1.0,1.0,1.0,1.0,1.0,1.0,0.0
52,product/lengthscale,aligned10,9,3.2688592305835478,3.0637851339729494,3.3099930909035864,3.2786175023414743,1.5490901095240797,-2.493088717927896,37.09407817199826,6.798180961981416,1,1,excluded,r_hat_max 1.117 > 1.1; n_eff_min 12.7 < 16.0,1.1170751073398577,1.0023347989155917,0.9615384615384616,12.736529799586103,0,63.0,1.1170751073398577,12.736529799586103,nan,nan,1.0127235611593943,69.06864630326305,1.7754426357245914,1.5790643207693926,0,1.0,0.0,0.0,0.0,1.0,1.0,0.6831240014209029,0.0,1.0,0.0,0.0,1.0,0.0,1.0,0.0,0.0,0.0,0.0,1.0,0.0,0.0,0.0,1.0,0.0,0.0,1.0,1.0,1.0,0.0,0.0,1.0,0.0,0.0,1.0,1.0,1.0,0.0,0.0,1.0,0.7359851457954213,1.0,0.0,0.0,0.0,1.0,1.0,0.0,0.37149729980497076,0.0,0.0,1.0,0.0,1.0,1.0,0.0,0.0,1.0,1.0,0.0,1.0,1.0,1.0,0.0,1.0,1.0,0.0,0.0,1.0,0.0,0.0,0.8839823042613588,0.0,0.805758224794562,1.0,0.0,0.0,0.0,1.0,0.0,0.0,0.0,0.0,0.0,0.0,0.0,0.016882273580710504,0.0,1.0,0.0,1.0,1.0,1.0,1.0,1.0,1.0,0.0,0.0,1.0,1.0,0.0
53,product/lengthscale,aligned10,9,3.044076532931495,3.0637851339729494,3.3099930909035864,3.2786175023414743,1.5490901095240797,-2.6847734617261807,37.053440247895196,8.716512467013672,1,1,excluded,r_hat_max 1.144 > 1.1; n_eff_min 9.4 < 16.0,1.1444722795003577,1.0063019606267591,0.8557692307692307,9.392187506931691,0,63.0,1.1444722795003577,9.392187506931691,nan,nan,1.1095634788446427,31.04258302864004,1.8036203073257038,1.5772396884049444,0,1.0,0.0,0.0,0.0,1.0,1.0,1.0,0.0,1.0,1.0,0.0,1.0,0.0,1.0,0.0,0.0,0.0,0.0,1.0,0.0,0.29531964690829715,0.0,0.53096433965239,0.0,0.10063152813047345,1.0,1.0,1.0,0.0,0.0,1.0,0.0,0.0,1.0,1.0,1.0,0.0,0.0,1.0,1.0,1.0,0.3035064290830606,0.0,0.0,1.0,0.0,0.0,0.0,0.0,0.0,0.5406927463005889,0.0,1.0,0.511666233351178,0.0,0.9488329955913414,0.7681519305017923,0.10994145168902943,0.0,1.0,0.0,1.0,0.0,1.0,0.0,0.0,0.0,0.5970065494470107,0.4639189916504218,0.0,0.4477862210173739,0.0,1.0,1.0,0.0,0.525912792299703,0.0,1.0,0.24629956530378036,0.0,0.0,0.0,0.0,0.0,0.0,0.0,0.0,1.0,0.0,1.0,1.0,1.0,1.0,1.0,1.0,0.0,0.0,1.0,0.9290060232789691,0.0
54,product/lengthscale,aligned10,9,0.8729581060544795,1.0139748813426892,3.3099930909035864,3.2786175023414743,1.5490901095240797,-2.629940410219273,36.80694725015201,7.425671358127147,1,1,excluded,r_hat_max 1.259 > 1.1; n_eff_min 7.3 < 16.0,1.259466058559558,1.0075997166075412,0.8076923076923077,7.327181882763732,0,63.0,1.259466058559558,7.327181882763732,nan,nan,1.0196333199472225,57.962711440532566,1.8265917189109961,1.5714910556724389,0,0.0,0.0,0.0,1.0,1.0,1.0,1.0,1.0,1.0,1.0,0.0,1.0,0.0,1.0,0.0,0.0,0.0,0.0,1.0,0.0,1.0,0.0,1.0,0.0,0.0,1.0,1.0,1.0,1.0,0.0,1.0,0.0,0.0,1.0,1.0,0.0,0.0,0.0,0.47727799235593205,0.0,1.0,0.0,0.0,0.0,1.0,0.2806130526542108,0.0,0.0,0.8846116692207063,1.0,0.0,1.0,1.0,1.0,0.0,0.0,1.0,1.0,1.0,1.0,1.0,0.0,0.0,1.0,1.0,0.0,1.0,0.658661370126808,0.0,0.2560091881329456,1.0,0.0,0.0,1.0,0.0,0.5617103397336453,0.0,1.0,0.0,0.0,1.0,0.0,0.0,0.0,0.0,0.0,1.0,1.0,0.0,1.0,1.0,0.0,1.0,1.0,1.0,0.0,0.0,1.0,0.0,0.0
55,product/lengthscale,aligned10,9,3.1027325635546403,3.0637851339729494,3.3099930909035864,3.2786175023414743,1.5490901095240797,-2.4832626586617166,36.933529895031825,7.7957979559432715,1,1,ok,,1.0584171618926856,1.0031165228934342,0.9903846153846154,47.23617313876669,0,63.0,1.0584171618926856,47.23617313876669,nan,nan,1.024762183972854,106.63037968476813,1.8092529259499688,1.5623433778488791,0,0.36919954196307286,0.0,0.7702049821242075,0.07768715284154451,1.0,1.0,1.0,0.0,1.0,0.0,0.0,1.0,0.0,1.0,1.0,0.0,0.0,0.0,1.0,0.0,0.0,0.0,1.0,0.0,1.0,1.0,1.0,1.0,0.0,0.0,0.7340201136940376,0.0,0.0,1.0,1.0,1.0,0.0,0.0,0.0,0.0,0.0,0.02133534599746038,0.0,0.17855669238343855,1.0,1.0,0.0,0.0,0.35475728858109,0.0,0.0,0.0,0.0,1.0,0.0,0.0,1.0,0.3101642182256933,0.0,1.0,0.0,0.0,0.0,1.0,1.0,0.0,0.0,1.0,0.0,0.0,0.3875972667416484,0.0,1.0,1.0,0.0,0.0,0.0,0.0,0.0,0.0,0.0,0.0,0.0,0.06310651509744801,0.0,0.0,0.282969168452723,1.0,0.0,0.0,1.0,1.0,1.0,1.0,1.0,1.0,0.0,1.0,1.0,0.0
56,product/lengthscale,aligned10,9,3.320994946414361,3.2667185923053252,3.320994946414361,3.2786175023414743,1.5490901095240797,-2.6846492222330047,36.495538159040734,12.26572837587446,1,1,excluded,r_hat_max 1.213 > 1.1; n_eff_min 10.1 < 16.0,1.2133433398609534,1.0052436381545151,0.875,10.134009289190145,0,63.0,1.2133433398609534,10.134009289190145,nan,nan,1.0195419210450702,54.928913187164795,1.8323507766214806,1.5577779426405478,0,0.7548667102973856,0.0,0.0,0.0,1.0,1.0,1.0,0.0,1.0,0.33596988709852077,0.0,1.0,0.0,1.0,1.0,0.0,0.0,0.0,1.0,0.6756892319802802,0.0,0.0,1.0,0.0,0.0,0.7606017428431086,1.0,1.0,0.0,0.0,1.0,0.0,0.0,1.0,1.0,0.0,0.0,1.0,1.0,0.7438966118820434,1.0,0.0,0.0,0.0,1.0,1.0,0.0,0.0,0.03413844707934648,0.0,1.0,0.0,0.0,0.4852715109127486,0.0,0.0,1.0,0.2703080724515818,0.0,1.0,1.0,1.0,0.0,1.0,0.4096957308113951,0.0,0.0,1.0,1.0,0.0,0.3908096899095146,0.0,1.0,1.0,0.0,0.0,0.0,0.0,0.0,0.0,0.0,0.8578511663166537,1.0,1.0,0.0,0.0,0.0,1.0,0.0,0.0,1.0,1.0,1.0,1.0,1.0,1.0,0.17239194818483405,0.34335569017716083,1.0,0.0
57,product/lengthscale,aligned10,9,3.2518967809221873,3.0637851339729494,3.320994946414361,3.2786175023414743,1.5490901095240797,-2.6105702624819944,37.485273238038644,11.84269952797331,1,1,excluded,r_hat_max 1.886 > 1.1; n_eff_min 4.9 < 16.0,1.885808771209323,1.0085256396898914,0.8653846153846154,4.85430692577227,0,62.875,1.885808771209323,4.85430692577227,nan,nan,1.0328826662559514,82.87489324005554,1.858467341003812,1.5563724232593874,0,1.0,0.0,0.0,0.0,1.0,1.0,1.0,0.0,0.9283499262995127,0.0,0.0,1.0,0.0,1.0,1.0,0.0,0.0,0.0,1.0,0.0,0.0,0.0,1.0,0.0,0.0,1.0,0.650566775004678,1.0,0.12289666587657225,0.0,0.0,0.0,0.0,1.0,0.9349672113778363,1.0,0.0,0.7317451345657119,1.0,0.0,0.0,0.0,0.0,0.0,1.0,0.0,0.0,0.0,0.0,0.0,1.0,0.0,0.0,1.0,0.0,0.0,1.0,0.0,0.0,1.0,1.0,0.0,0.0978040259267596,1.0,1.0,0.0,0.0,1.0,1.0,0.0,0.0,0.0,1.0,1.0,0.0,0.0,0.0,0.0,0.0,0.0,0.0,0.0,1.0,1.0,0.0,0.0,0.13752158389729124,1.0,0.0,1.0,1.0,1.0,1.0,1.0,0.4198813496349982,1.0,0.0,1.0,1.0,0.0
58,product/lengthscale,aligned10,9,3.452722873556623,3.4376090515579194,3.452722873556623,3.4376090515579194,1.3900985603076346,-2.5275992254879958,36.672555822180584,7.768031073035672,1,1,excluded,r_hat_max 1.113 > 1.1; n_eff_min 11.8 < 16.0,1.1131637560835943,1.0066383615578511,0.8942307692307693,11.799958381405716,0,63.0,1.1131637560835943,11.799958381405716,nan,nan,1.05790101667012,60.43769896899221,1.8824919865196459,1.5535220872816757,0,0.5853133713540428,0.0,0.0,0.0,1.0,1.0,1.0,0.0,1.0,0.3437428415448438,0.0,1.0,0.0,1.0,0.5768592914171216,0.0,0.0,0.0,1.0,0.0,0.13907822786241836,0.2135672879825687,1.0,0.0,0.0,0.0,1.0,1.0,0.0,0.0,0.49612657941048555,0.0,0.0,1.0,1.0,0.8969166174440004,0.0,0.4384784226561887,1.0,1.0,0.537521013020404,0.43468319227927876,0.0,0.0,1.0,0.8025154146408796,0.0,0.0,0.0,0.0,0.0,0.0,0.0,1.0,0.0,0.0,1.0,0.0,0.0,1.0,1.0,0.5355387385818108,0.0,1.0,1.0,0.0,0.0,1.0,0.39841850677399115,0.0,0.04517102613336702,0.0,1.0,1.0,0.0,0.0,0.0,0.0,0.0,0.0,0.16967773901824093,0.6659699710509424,1.0,1.0,0.0,0.0,0.0,0.6654435176847161,0.0,0.7519554934476783,1.0,1.0,1.0,1.0,1.0,0.0,0.09763437289327631,0.7018785612442252,1.0,0.0
59,product/lengthscale,aligned10,9,3.3299267025486925,3.3921761625612734,3.452722873556623,3.4376090515579194,1.3900985603076346,-2.7935452148741735,37.36593897501007,7.849223201861605,1,1,excluded,r_hat_max 1.176 > 1.1; n_eff_min 14.3 < 16.0,1.1758577099659977,1.0114728359023286,0.8653846153846154,14.256006964159708,0,63.0,1.1758577099659977,14.256006964159708,nan,nan,1.0273056804233658,65.36224120482652,1.909106069350781,1.553578840322062,0,1.0,1.0,0.0,0.0,1.0,1.0,1.0,0.0,1.0,0.3032339328375751,0.0,1.0,0.0,1.0,0.0,0.0,0.0,0.0,1.0,0.0,0.0,0.0,1.0,0.0,0.0,0.0,1.0,1.0,0.0,0.0,1.0,0.0,0.0,1.0,1.0,0.23465615639468693,0.0,0.0,1.0,0.0,1.0,0.0,0.0,0.0,1.0,1.0,0.0,0.0,0.0,0.0,0.13355082368893323,0.0,0.0,1.0,0.0,0.0,1.0,0.0,0.0,1.0,1.0,0.5536720836167726,0.0,0.9700243058219142,0.0,0.0,0.0,1.0,1.0,0.0,0.0,1.0,1.0,1.0,0.0,0.0,0.0,0.0,0.0,0.0,0.1858556967410336,0.0,1.0,1.0,0.0,0.0,0.0,0.656452227606168,0.0,0.0,1.0,1.0,1.0,1.0,0.0,0.39851290927693406,0.0,1.0,1.0,0.0
60,product/lengthscale,aligned10,9,3.536908967414873,3.3976143253780404,3.536908967414873,3.4376090515579194,1.3900985603076346,-2.7532870149521624,37.4725211400073,8.865570425987244,1,1,excluded,r_hat_max 1.193 > 1.1; n_eff_min 10.7 < 16.0,1.1927822249285522,1.002179355520938,0.8365384615384616,10.658050592773018,0,63.0,1.1927822249285522,10.658050592773018,nan,nan,1.0414741481029082,44.54246641285566,1.9327864132374128,1.551278565803145,0,0.1055247832418732,0.0,0.0,0.0,1.0,1.0,1.0,0.0,1.0,0.0,0.0,1.0,0.0,1.0,0.5358859130736573,0.0,0.0,0.0,1.0,0.0355734396000171,0.0,0.0,1.0,0.16800593927035,1.0,0.0,1.0,1.0,0.0,0.0,0.7217625957121139,0.0,0.0,1.0,1.0,1.0,0.0,0.02933885649174579,1.0,1.0,1.0,0.4855336853141354,0.0,0.0,1.0,1.0,0.0,0.0,0.8790935149648728,0.0,1.0,0.0,0.0,1.0,0.0,0.18188828892043654,0.0,1.0,0.0,0.9251480429018595,1.0,0.0,0.0,1.0,0.0,0.0,0.0,1.0,0.0,0.0,0.37437149263961034,1.0,1.0,1.0,0.0,0.0,0.0,0.0,0.0,0.0,0.05093781325079125,1.0,1.0,1.0,0.0,0.0,0.0,0.0,0.0,1.0,1.0,1.0,1.0,1.0,0.0,0.0,0.0,1.0,1.0,0.0
61,product/lengthscale,aligned10,9,3.1956521296236406,3.173551075199099,3.536908967414873,3.4376090515579194,1.3900985603076346,-2.8973691782436672,37.93850685004145,10.02952045109123,1,1,excluded,r_hat_max 1.721 > 1.1; n_eff_min 3.9 < 16.0,1.7209407727112664,1.0142225315379683,0.75,3.865420746772319,0,63.0,1.7209407727112664,3.865420746772319,nan,nan,1.095826305214904,14.242758699187284,1.9590835042895025,1.5519365836247825,0,0.8078964748243705,0.0,0.0,0.0,1.0,1.0,1.0,1.0,1.0,0.0,0.0,1.0,0.0,1.0,0.0,0.0,0.0,0.0,1.0,0.0,0.0,0.35680142250291086,1.0,0.0,0.0,0.0,1.0,1.0,0.0,0.0,1.0,0.0,0.0,1.0,1.0,0.4715587854604443,1.0,0.0,0.0,1.0,1.0,1.0,0.0,0.0,1.0,0.9919353988667423,0.0,0.0,0.9199587835211979,0.0,1.0,0.0,0.0,1.0,0.0,0.01629843387536867,0.0,0.0,0.0,0.0,1.0,0.0,0.0,1.0,0.523801938909987,0.0,0.2183710404890457,1.0,0.0,0.0,0.4847409914257194,0.0,1.0,1.0,0.0,0.0,0.0,0.0,0.0,0.0,0.05543504961999877,1.0,1.0,1.0,0.0,1.0,0.0,0.35177450753899564,0.0,1.0,1.0,1.0,1.0,1.0,0.0,0.0,0.0,1.0,1.0,1.0
62,product/lengthscale,aligned10,9,2.9626010767533133,2.9011636719370273,3.536908967414873,3.4376090515579194,1.3900985603076346,-2.695406283643747,37.439219183055684,11.274509167065844,1,1,excluded,r_hat_max 1.656 > 1.1; n_eff_min 4.8 < 16.0,1.6564771670396994,1.0211101264551052,0.6826923076923077,4.757914861368463,0,63.0,1.6564771670396994,4.757914861368463,nan,nan,1.0801439879491583,21.739752400736563,1.979028159536827,1.5472315326321138,0,0.7073485676214156,0.0,0.0,0.0,1.0,1.0,1.0,0.0,1.0,0.0,0.0,1.0,0.3940723047384195,1.0,1.0,0.0,0.0,0.0,1.0,0.44239742190722053,0.0,0.0,1.0,0.0,0.0,0.08554359262444645,1.0,1.0,0.0,0.0,0.20605066928846735,0.0,0.1967913803865771,1.0,1.0,0.6885860588058496,0.0,1.0,1.0,1.0,1.0,0.0,0.0,0.0,1.0,1.0,0.0,0.0,1.0,0.0,0.5794045271926495,0.0,0.1417260420723081,0.9077217881755814,0.0,0.0,1.0,1.0,0.1419113433481138,1.0,1.0,0.3117648361813937,0.0,1.0,1.0,0.2216473974339965,0.0,0.795581340080578,0.0,0.0,0.0,1.0,1.0,0.9337862290733342,0.0,0.17537000514286413,0.0,0.0,0.0,0.0,0.09776679564194382,1.0,1.0,0.40522502384918774,0.0,0.0,0.0,0.0,0.0,1.0,1.0,1.0,1.0,1.0,0.29872535472042466,0.0,0.0871065177522955,1.0,1.0,0.0
63,product/lengthscale,aligned10,9,3.331786171996284,3.3382741509119134,3.536908967414873,3.4376090515579194,1.3900985603076346,-2.631180028720679,38.17327864095569,8.02853908506222,1,1,excluded,r_hat_max 1.361 > 1.1; n_eff_min 8.5 < 16.0,1.3609574755361773,1.0040365486218892,0.9038461538461539,8.536390163967589,0,62.875,1.3609574755361773,8.536390163967589,nan,nan,1.0205310094603146,54.4288520960101,1.994640428064073,1.5398177362993604,0,0.0,1.0,0.0,0.0,1.0,1.0,1.0,0.0,1.0,0.0,0.0,1.0,0.0,1.0,0.0,0.0,0.0,0.0,1.0,0.0,0.0,0.0,1.0,0.3204413525614976,1.0,0.0,1.0,1.0,0.0,0.0,1.0,0.0,0.0,1.0,1.0,1.0,0.15015828618477997,0.0,1.0,1.0,0.5937961749300092,1.0,0.0,0.0,1.0,0.5333454232848468,0.1672424191898488,0.0,0.0,0.0,1.0,0.0,0.0,1.0,0.0,0.0,0.0,0.0,0.0,0.5539279466901785,1.0,0.571902597786014,0.0,1.0,0.0,0.0,0.0,1.0,1.0,1.0,1.0,0.0,1.0,1.0,0.0,0.0,0.0,0.0,0.0,0.0,0.0,0.06141883702040663,1.0,1.0,0.0,0.0,0.0,1.0,0.0,1.0,1.0,1.0,1.0,1.0,1.0,0.5655009630217391,0.0,0.0,0.7790833366005587,0.0
64,product/lengthscale,aligned10,9,2.987441429359124,3.0637851339729494,3.536908967414873,3.4376090515579194,1.3900985603076346,-2.941199640244476,35.57987394602969,9.1326914280653,1,1,excluded,r_hat_max 1.171 > 1.1,1.1711346336255068,1.0072608057619858,0.8942307692307693,16.14547154786949,0,63.0,1.1711346336255068,16.14547154786949,nan,nan,1.0600385207398588,31.964311073086808,2.015533330313014,1.5367145225772405,0,0.0,0.0,0.0,0.0,1.0,1.0,0.0,0.0,1.0,0.8264131434986787,0.0,1.0,0.0,0.9162083256321956,0.7818612300321215,0.0,0.0,0.0,1.0,0.0,0.0,0.0,1.0,0.0,1.0,0.2868090329133506,1.0,1.0,0.0,0.0,1.0,0.0,0.0,1.0,1.0,1.0,0.0,0.0,1.0,1.0,1.0,0.8582105541862954,0.0,0.0,0.8329991312408896,1.0,0.0,0.0,0.5050915117250222,0.0,1.0,0.0,0.0,1.0,0.0,0.0,0.0,0.0,0.0,1.0,1.0,1.0,0.0,1.0,0.0,0.0,0.2079992648137468,1.0,0.0,0.0,0.0,0.0,1.0,1.0,0.0,0.0,0.0,0.0,0.0,0.0,0.0,0.0,1.0,1.0,0.0,0.0,0.0,1.0,0.3314036036296888,1.0,1.0,1.0,1.0,1.0,0.6012150517316327,0.0,0.0,1.0,1.0,0.0
65,product/lengthscale,aligned10,9,3.523130029184795,3.429784733432551,3.536908967414873,3.4376090515579194,1.3900985603076346,-3.1031839244825985,44.35752371698618,9.295353459892794,1,1,excluded,r_hat_max 1.276 > 1.1; n_eff_min 13.4 < 16.0,1.2755213638595355,1.0090008368260472,0.875,13.355708960671546,0,62.875,1.2755213638595355,13.355708960671546,nan,nan,1.018324839737832,77.02471065594158,2.0304857626060313,1.5295325102413198,0,0.4646497437990158,0.0,0.0,0.0,1.0,1.0,1.0,0.01253576973563587,1.0,0.0,0.0,1.0,0.0,1.0,0.0,0.0,0.0,0.12542811800178746,1.0,0.0,0.0,0.1671645050070561,1.0,0.0,0.4719872326844489,1.0,1.0,1.0,0.011253584144108078,0.0,1.0,0.0,0.0,1.0,1.0,1.0,0.0,0.0,1.0,1.0,0.463197403577565,0.0,0.0,0.0,1.0,0.688078010450969,0.0,0.0,0.580523519676504,0.0,0.49065607037222814,0.0,0.0,1.0,0.0,0.0,0.0,0.0,0.0,1.0,1.0,0.0,0.0,1.0,0.10078375854883528,0.0,0.0,1.0,1.0,0.009352890314595151,1.0,0.1147224034750852,0.6044114801053584,1.0,0.0,0.0,0.0,0.0,0.0,0.0,0.12221577707289502,1.0,1.0,1.0,0.0,0.0,0.0,0.23609208066850038,0.0,1.0,1.0,1.0,1.0,1.0,1.0,1.0,0.0,0.0,1.0,0.0
66,product/lengthscale,aligned10,9,3.2266887024757174,3.2646681116220178,3.536908967414873,3.4376090515579194,1.3900985603076346,-2.6875443458509967,43.622453371062875,7.828693307004869,1,1,excluded,r_hat_max 1.192 > 1.1; n_eff_min 10.9 < 16.0,1.1924740808366041,1.0177828619121003,0.7692307692307693,10.916930338433628,0,63.0,1.1924740808366041,10.916930338433628,nan,nan,1.1225992743390338,12.718251403166924,2.0531015848269214,1.528812968036981,0,1.0,0.0,0.0,0.0,1.0,1.0,1.0,0.0,1.0,0.0,0.0,1.0,0.0,1.0,0.0,0.0,0.0,0.0,1.0,0.0,0.0,0.15534491132276285,1.0,0.0,1.0,0.018841254092450653,1.0,1.0,0.0,0.0,1.0,0.0,0.0,1.0,1.0,1.0,0.0,0.0,1.0,1.0,1.0,0.19861842627247694,0.0,0.0,1.0,0.0,0.0,0.34630505456368355,0.0,0.0,0.0,0.0,0.0,0.7492389812137012,0.0,0.0,0.0,1.0,0.0,1.0,1.0,0.0,0.0,1.0,0.0,0.0,0.0,1.0,1.0,0.0,1.0,0.27369943946473546,1.0,1.0,0.0,0.0,0.0,0.0,0.0,0.0,0.0,1.0,1.0,1.0,0.0,0.0,0.0,0.0,0.0,0.0,1.0,1.0,1.0,1.0,0.0,1.0,0.1696280466422361,0.0,1.0,0.0
67,product/lengthscale,aligned10,9,3.4856429301803042,3.5368328684551904,3.536908967414873,3.5368328684551904,1.2908747434103636,-2.824364973579031,44.791474024998024,13.281980709871277,1,1,excluded,r_hat_max 1.261 > 1.1; n_eff_min 10.4 < 16.0,1.2612668661856008,1.0040692595783316,0.8653846153846154,10.434128958175574,0,63.0,1.2612668661856008,10.434128958175574,nan,nan,1.0155121757145842,72.26508015974892,2.0706178104634705,1.5240191850932572,0,0.0,0.0,0.0,0.0,1.0,1.0,1.0,0.0,1.0,0.17536618681671753,0.0,1.0,0.0,1.0,0.0,0.0,0.0,0.0,1.0,0.0,0.0,0.0,1.0,0.2014758702832284,0.0,1.0,1.0,1.0,0.0,0.0,1.0,0.0,0.0,1.0,1.0,1.0,1.0,0.0,1.0,0.6542536493245407,0.0,0.0,0.0,0.0,1.0,1.0,0.0,0.24209755234471794,0.0,0.0,1.0,0.0,0.0,0.7061114376834376,0.0,0.0,1.0,0.0,0.0,1.0,1.0,0.0,0.0,1.0,0.09886192904143971,0.0,0.0,1.0,1.0,0.0,1.0,1.0,0.5734792802802366,1.0,0.0,0.0,0.16490301845427713,0.0,0.0,0.0,0.12654346622394955,1.0,1.0,1.0,0.0,0.0,0.47626798595322256,0.03856001967768192,0.0,1.0,1.0,1.0,0.4258305057010675,1.0,1.0,1.0,0.0,0.998315341533622,1.0,0.0
68,product/lengthscale,aligned10,9,3.4490205765273823,3.4914694215427278,3.536908967414873,3.5368328684551904,1.2908747434103636,-2.807861311054294,43.87154595903121,6.527258275076747,1,1,excluded,r_hat_max 1.563 > 1.1; n_eff_min 4.7 < 16.0,1.5632469623272722,1.0188024807328038,0.6634615384615384,4.65516618289939,0,63.0,1.5632469623272722,4.65516618289939,nan,nan,1.0706963269582932,12.382637391620587,2.0914270034004825,1.52233064588077,0,0.0,0.0,0.0,0.2995426619147724,1.0,1.0,1.0,0.0,1.0,0.0,0.0,1.0,0.0,1.0,0.0,0.0,0.0,0.0,1.0,0.0,0.0,0.0,1.0,0.13392875015290573,0.0,1.0,1.0,1.0,0.0,0.0,0.7811694646727606,0.0,0.0,1.0,1.0,1.0,0.0,0.0,0.6326652734860735,1.0,0.0,1.0,0.0,0.0,1.0,0.8806043994477695,0.0,0.0,0.46569092119451433,0.0,1.0,0.0,0.0,1.0,0.0,0.0,1.0,0.0,0.0,1.0,1.0,0.0,0.0,0.7386346794264301,0.0,0.0,0.0,1.0,1.0,0.0,1.0,0.0,0.0,1.0,0.0,0.0,0.0,0.0,0.0,0.0,0.0638219660701237,1.0,1.0,1.0,0.0,0.0,0.0,0.0,0.0,0.7917337799262596,1.0,1.0,1.0,1.0,1.0,1.0,0.0,1.0,1.0,1.0
69,product/lengthscale,aligned10,9,3.5276358045833325,3.4722059573140513,3.536908967414873,3.5368328684551904,1.2908747434103636,-3.084593776779862,44.5594344609417,10.483798764180392,1,1,excluded,r_hat_max 1.191 > 1.1; n_eff_min 9.5 < 16.0,1.190627420417502,1.0036897203873478,0.8846153846153846,9.523504744108665,0,63.0,1.190627420417502,9.523504744108665,nan,nan,1.0003844964577624,78.56023062954277,2.1111022725762347,1.5199433140515985,0,0.0,0.0,0.0,0.0,1.0,1.0,1.0,0.0,1.0,0.0,0.0,1.0,0.0,1.0,0.0,0.0,0.0,0.04570380656910773,1.0,1.0,0.0,0.5373129693822853,1.0,0.11913123113382798,0.0,1.0,1.0,1.0,0.0,0.0,1.0,0.0,0.0,1.0,1.0,1.0,0.0,0.0,1.0,0.8717117047161633,0.0,0.31330433804248325,0.0,0.0,1.0,1.0,0.0,0.0,0.0,0.0,1.0,0.0,0.0,1.0,0.0,0.0,0.0,0.0,0.0,1.0,1.0,0.0,0.0,1.0,0.22317611209606295,0.0,0.0,1.0,1.0,0.0,1.0,1.0,0.0,1.0,0.0,0.0,0.0,0.0,0.0,0.0,0.1288531871995727,0.9177458863039163,1.0,1.0,0.0,0.0,0.0,1.0,0.0,1.0,1.0,1.0,1.0,0.0,1.0,0.27424428726762334,0.0,1.0,1.0,0.0
70,product/lengthscale,aligned10,9,3.327702696902643,3.3541679940659583,3.536908967414873,3.5368328684551904,1.2908747434103636,-2.8247140733569145,44.081168136093765,12.074751866050065,1,1,excluded,r_hat_max 1.291 > 1.1; n_eff_min 9.3 < 16.0,1.2906130195133096,1.0154425477037838,0.7307692307692307,9.264437703500013,0,63.0,1.2906130195133096,9.264437703500013,nan,nan,1.0834590446984858,39.97221315837801,2.1313384658906216,1.518380771828479,0,0.0,0.0,0.0,0.0,1.0,1.0,1.0,0.0,1.0,0.0,0.0,1.0,0.0,1.0,0.0,0.0,0.0,0.0,1.0,1.0,0.0,1.0,1.0,0.0,0.36536296832706056,0.18756492237247469,0.8695938255845427,1.0,0.0,0.0,1.0,0.0,1.0,1.0,1.0,1.0,0.0,0.23849763138311356,1.0,1.0,0.0,0.0,0.0,0.0,1.0,1.0,0.0,0.0,1.0,0.0,1.0,0.0,0.0,1.0,0.0,0.0,0.0,0.0,0.0,1.0,1.0,0.0,0.40465537762859416,1.0,0.0,0.10964794480865014,0.0,1.0,1.0,0.0,1.0,1.0,0.10375065391044656,1.0,0.0,0.0,0.0,0.0,0.0,0.0,0.22296749895628445,1.0,0.6922612972321357,1.0,0.0,0.0,0.0,0.7863291577647947,0.0,1.0,1.0,1.0,1.0,1.0,1.0,1.0,0.0,0.5336189491821185,1.0,0.0
71,product/lengthscale,aligned10,9,3.378139370185859,3.5348988817265488,3.536908967414873,3.5368328684551904,1.2908747434103636,-2.9605853360092165,44.9663534660358,8.59143649903126,1,1,excluded,r_hat_max 1.357 > 1.1; n_eff_min 9.9 < 16.0,1.3567273069415933,1.010859294622723,0.7692307692307693,9.92414184016978,0,63.0,1.3567273069415933,9.92414184016978,nan,nan,1.0295942162227008,145.25902532440395,2.1481886663274103,1.5142270848277786,0,0.0,0.0,0.0,0.0,1.0,1.0,1.0,0.0,1.0,0.0,0.0,1.0,0.0,1.0,0.0,0.0,0.0,0.0,1.0,0.0,0.0,0.0,1.0,0.1631689724032127,0.0,1.0,1.0,1.0,0.0,0.0,1.0,0.0,0.0,1.0,1.0,1.0,0.0,0.0,1.0,1.0,0.0,0.20568855709555023,0.0,0.0,1.0,1.0,0.0,0.0,0.0,0.0,1.0,0.0,0.0,1.0,0.0,0.0,1.0,0.0,0.0,1.0,1.0,0.0,0.0,1.0,0.0,0.0,0.0,1.0,0.0,0.0,1.0,1.0,0.0,1.0,0.0,0.0,0.0,0.0,0.0,0.0,0.15543722096808563,1.0,1.0,1.0,0.0,1.0,0.0,0.6766954574566977,0.0,1.0,1.0,1.0,1.0,0.0,1.0,0.0,0.0,0.0,1.0,0.0
72,product/lengthscale,aligned10,9,3.51291073830287,3.4744228410243627,3.536908967414873,3.5368328684551904,1.2908747434103636,-2.914764081991523,43.65224071708508,9.87395992106758,1,1,excluded,r_hat_max 1.849 > 1.1; n_eff_min 4.0 < 16.0,1.8488046581553412,1.00672831014906,0.7884615384615384,3.9865349085885775,0,63.0,1.8488046581553412,3.9865349085885775,nan,nan,1.096870298183491,32.73810513919472,2.165271314992112,1.5105485946632715,0,0.0,0.0,0.0,0.0,1.0,1.0,1.0,0.0,1.0,0.0,0.0,1.0,0.0,1.0,0.2003594569623466,0.0,0.0,0.0,1.0,0.0,0.0,1.0,1.0,0.10257028403631967,0.2379586701917012,1.0,0.8797034720130107,1.0,0.0,0.0,0.7197155793465053,0.0,0.0,1.0,1.0,1.0,1.0,0.0,1.0,0.0,1.0,1.0,0.0,0.0,1.0,1.0,0.0,0.0,0.0,0.0,1.0,0.0,0.0,1.0,0.0,0.0,0.0,0.0,0.0,1.0,1.0,0.7992687540852905,1.0,1.0,0.8474448225331934,0.0,0.0,1.0,1.0,0.0,1.0,0.0,1.0,1.0,0.0,0.0,0.0,0.0,0.0,0.0,0.17797497193371156,1.0,1.0,0.6695828022106954,0.0,0.0,0.0,0.0,0.0,1.0,0.0,0.0,1.0,0.41283664664069003,1.0,1.0,0.0,1.0,1.0,0.0
73,product/lengthscale,aligned10,9,3.647836787289096,3.5783104790684703,3.647836787289096,3.5783104790684703,1.2493971327970836,-3.1095252793588517,44.861539867008105,8.923329300945625,1,1,excluded,r_hat_max 1.456 > 1.1; n_eff_min 7.1 < 16.0,1.4564019494521452,1.0049037140169073,0.8846153846153846,7.074008849746084,0,63.0,1.4564019494521452,7.074008849746084,nan,nan,1.0558282152932095,63.67676893723666,2.1837321290100675,1.5083228533566297,0,0.0,0.0,0.0,0.0,1.0,0.0,1.0,0.0,1.0,0.0,0.0,1.0,0.0,1.0,0.0,0.0,0.0,0.0,1.0,0.0,0.0,0.0,1.0,0.2903391094972882,0.0,1.0,1.0,1.0,0.0,0.0,0.38728460374073,0.0,0.0,1.0,1.0,1.0,1.0,0.0,1.0,0.0,1.0,0.0,0.0,0.0,1.0,1.0,0.12514377595912424,0.0,0.8588595558583667,0.0,1.0,0.0,0.0,1.0,0.0,0.0,0.0,0.0,0.0,1.0,1.0,0.0,1.0,1.0,0.9968649896673593,0.0,0.0,1.0,1.0,0.0,1.0,1.0,1.0,1.0,0.0,0.0,0.0,0.0,0.0,0.31844325694682984,0.14468061201990795,1.0,1.0,0.0,0.0,0.0,0.0,0.0,0.0,1.0,1.0,1.0,1.0,0.0,1.0,0.0,0.0,1.0,1.0,0.0
74,product/lengthscale,aligned10,9,3.4933514840454833,3.492020842247732,3.647836787289096,3.5783104790684703,1.2493971327970836,-3.062237804752966,44.54010245692916,10.793062171898782,1,1,excluded,r_hat_max 1.259 > 1.1; n_eff_min 10.5 < 16.0,1.2588255834219035,1.0101268549211762,0.7788461538461539,10.544683093047416,0,63.0,1.2588255834219035,10.544683093047416,nan,nan,1.0080330753085585,48.16604147145144,2.2035173270949193,1.5076041330922196,0,0.0,0.3127327548613679,0.0,0.0,1.0,0.0,1.0,1.0,1.0,0.0,0.0,1.0,0.0,1.0,0.0,0.0,0.0,0.0,1.0,0.0,0.0,0.0,1.0,0.15134852705501484,0.0,1.0,1.0,0.6357711217485209,0.0,0.0,1.0,0.0,0.0,1.0,1.0,1.0,1.0,0.0,0.5888066462382157,0.43836277692168735,1.0,0.4660813628526302,0.0,0.0,1.0,1.0,0.0,0.0,1.0,0.0,1.0,0.0,0.0,1.0,0.0,0.14573867589269104,0.0,0.0,0.0,1.0,1.0,0.0,1.0,1.0,1.0,0.0,0.0,1.0,1.0,0.0,1.0,0.0,0.0,1.0,0.0,0.0,0.0,0.11911437532284316,0.0,0.0,0.0,1.0,1.0,1.0,0.0,0.0,0.0,1.0,0.0,1.0,1.0,1.0,1.0,0.0,1.0,0.2823901281565833,0.19760037636885527,1.0,1.0,0.22322056036846244
75,product/lengthscale,aligned10,9,3.363362160745119,3.3559463844133286,3.647836787289096,3.5783104790684703,1.2493971327970836,-2.84275969149855,45.039481485961005,11.344574498943985,1,1,excluded,r_hat_max 1.816 > 1.1; n_eff_min 4.6 < 16.0,1.815682038564206,1.0111624742233896,0.8461538461538461,4.58239959021759,0,63.0,1.815682038564206,4.58239959021759,nan,nan,1.301100425443099,16.298783144569043,2.22071511585426,1.5048095617882884,1,0.4220354844493134,0.0,0.0,0.0,1.0,0.0,1.0,0.0,0.718202616220379,0.0,0.8064399985326574,0.9971614003345378,0.0,1.0,0.0,0.0,0.0,0.0,1.0,1.0,0.0,0.13223753694348572,1.0,0.17691805894714713,0.0,1.0,1.0,0.9311314701734198,0.0,0.0,0.0,0.0,0.0,1.0,1.0,1.0,0.17110141749097604,1.0,1.0,0.2928198092002573,1.0,0.0,0.0,0.0,1.0,1.0,1.0,0.0,1.0,0.09037275597462045,1.0,0.043329213859654006,0.0,1.0,0.0,0.0,0.0,1.0,0.0,1.0,1.0,0.0,1.0,1.0,1.0,0.0,0.0,1.0,1.0,0.0,1.0,0.8987736017171323,0.5740965662602163,1.0,0.0,0.9427401178324584,0.0,0.0,0.0,0.0,0.10572262373946632,1.0,1.0,0.0,0.0789411866139606,0.0,0.4004893385877079,0.0,0.0,1.0,1.0,1.0,1.0,1.0,1.0,1.0,0.14354315847609267,1.0,1.0,0.0
76,product/lengthscale,aligned10,9,3.4278934536083545,3.5136185554262447,3.647836787289096,3.5783104790684703,1.2493971327970836,-2.8473978424778155,44.110489504178986,6.552432086085901,1,1,excluded,r_hat_max 1.329 > 1.1; n_eff_min 5.9 < 16.0,1.3293880284067658,1.0047368519326343,0.8269230769230769,5.9257743439482295,0,63.0,1.3293880284067658,5.9257743439482295,nan,nan,1.0100481284155178,67.38996600007066,2.235749945392298,1.5005365227292138,0,0.0,0.0,0.0,0.0,1.0,0.0,1.0,0.0,1.0,0.0,0.0,1.0,0.0,1.0,0.0,0.0,0.3397005700991836,0.0,1.0,0.0,0.0,0.0,1.0,0.1684335524302231,0.03523067799358404,0.7340728820427158,1.0,1.0,1.0,0.0,0.0,0.0,0.0,1.0,1.0,1.0,0.803848008206177,0.0,1.0,0.0,1.0,0.40872363424927305,0.0,0.0,1.0,1.0,0.4235705734061782,0.0,0.36507854063109085,0.0,1.0,0.44845344398268683,0.0,1.0,0.0,0.0,0.0,0.0,0.0,0.0,1.0,0.13635768345645186,0.46699643249572337,1.0,0.8380057473438514,0.0,0.0,1.0,1.0,0.0,1.0,0.8210480320339874,1.0,1.0,0.0,0.0,0.0,0.0,0.0,0.0,0.13056330792624607,1.0,1.0,1.0,0.0,0.0,0.0,0.0,0.0,1.0,1.0,1.0,1.0,0.0,1.0,0.12954461257929958,0.0,1.0,1.0,0.0
77,product/lengthscale,aligned10,9,3.452704690679785,3.405096197665829,3.647836787289096,3.5783104790684703,1.2493971327970836,-3.3129829979152223,44.90392284607515,10.594836371950805,1,1,excluded,r_hat_max 1.318 > 1.1; n_eff_min 6.9 < 16.0,1.3176013348705853,1.0096563310020428,0.8269230769230769,6.932713028869485,0,63.0,1.3176013348705853,6.932713028869485,nan,nan,1.051641321255856,35.19866830075729,2.2512323286158833,1.4968586065702982,0,0.0,0.0,0.0,0.0,1.0,0.0,1.0,0.2576196378594081,1.0,0.18130144641770543,0.0,1.0,0.0,1.0,0.0,0.0,0.0,0.1282654675004929,1.0,0.0,0.0,0.0,1.0,0.0,0.26000515174069216,1.0,1.0,1.0,0.0,0.0,0.6625930595697433,0.0,0.0,1.0,1.0,1.0,1.0,0.0,0.7628491158956705,0.9712455880845747,1.0,0.30164267764711317,0.0,0.0,1.0,1.0,1.0,0.0,0.9529533158073297,0.0,1.0,0.0,0.0,1.0,0.0,0.0,0.0,0.0,0.0,1.0,1.0,0.0,1.0,1.0,0.4164881927272126,0.0,0.0,0.0,1.0,0.0,0.07614125445476175,0.6809963324921344,1.0,1.0,0.0,0.0,0.0,0.0,0.0,0.0,0.0979299397710727,0.7081173538120661,1.0,0.0,0.0,0.0,0.0,0.0,0.0,1.0,1.0,1.0,1.0,0.0,1.0,0.0,0.0,1.0,0.0,1.0
78,product/lengthscale,aligned10,9,3.572669737980567,3.40828749191367,3.647836787289096,3.5783104790684703,1.2493971327970836,-3.3408162089378606,44.888829028001055,12.374998578801751,1,1,excluded,r_hat_max 2.309 > 1.1; n_eff_min 4.1 < 16.0,2.309207871765707,1.0079497295934603,0.8653846153846154,4.065749905790647,0,63.0,2.309207871765707,4.065749905790647,nan,nan,1.09208006431509,33.60526824636479,2.266635820437215,1.493361922866194,0,0.12467154482490768,0.6656530029674799,0.0,0.0,1.0,0.6082046559773365,1.0,0.0,1.0,0.0,0.0,1.0,0.0,1.0,0.36725504465428266,0.0,0.0,0.059145949702069656,1.0,0.0,0.0,0.0,1.0,0.0,0.0,1.0,1.0,1.0,0.0,0.0,0.0,0.0,0.0,1.0,1.0,1.0,0.4813973454108652,0.0,1.0,0.0,1.0,0.0,0.0,0.0,1.0,1.0,0.0,0.0,1.0,0.0,1.0,0.0,0.0,1.0,0.0,0.0,0.0,0.0,0.0,1.0,1.0,0.0,0.0,1.0,0.542356794518639,0.0,0.0,1.0,1.0,0.0,1.0,0.0,1.0,1.0,0.0,0.0,0.0,0.0,0.0,0.0,0.11740234449857812,1.0,1.0,0.0,0.0,0.0,0.0,0.0,0.0,1.0,1.0,0.21524994545057916,0.05620123684725433,0.0,0.5890902648596412,0.0,0.08747650685618404,0.7045154290060694,1.0,0.0
79,product/lengthscale,aligned10,9,2.6848086825893533,2.8552900108967165,3.647836787289096,3.5783104790684703,1.2493971327970836,-3.2875246113322207,45.599588935030624,9.777879094937816,1,1,excluded,r_hat_max 1.367 > 1.1; n_eff_min 7.0 < 16.0,1.366805245979064,1.0145326878793908,0.75,7.021295552306562,0,63.0,1.366805245979064,7.021295552306562,nan,nan,1.0160558093885912,41.79238677746855,2.283167895342827,1.4910461033003928,0,0.0,0.8460412303864072,0.0,0.0,1.0,0.0,0.9124205647256004,0.0,1.0,0.5445725654395993,0.0,1.0,0.0,1.0,0.0,0.35463810452759004,0.0,0.0,1.0,0.0,0.0,0.2816760840047392,1.0,0.5665955705224975,1.0,1.0,1.0,1.0,0.0,0.0,0.49297834380916106,0.0,0.0,1.0,1.0,0.5156180395603716,0.5469374575765676,0.0,1.0,0.0,1.0,0.0,0.0,0.0,1.0,1.0,0.0,0.0,0.5349729029130027,0.0,1.0,0.0,0.0,1.0,0.0,0.019391127786014158,0.0,0.07956870750588729,0.0,1.0,1.0,0.0,1.0,0.0,0.4044648548972592,0.0,0.0,1.0,1.0,0.0,0.9580641268791632,0.5091044977332274,0.0,1.0,0.0,0.0,0.0,0.0,0.0,0.0,0.17748852043059218,1.0,1.0,0.0,0.0,0.0,0.0,0.0,0.0,1.0,0.0,1.0,0.2534830659452425,1.0,1.0,0.0,0.0,1.0,1.0,0.0
80,product/lengthscale,aligned10,9,3.7272951616327576,3.5654659635357713,3.7272951616327576,3.5783104790684703,1.2493971327970836,-2.900755628064257,42.31187133397907,7.681726276874542,1,1,excluded,r_hat_max 1.331 > 1.1; n_eff_min 7.9 < 16.0,1.330968071288901,1.012553037353753,0.7692307692307693,7.885846091992141,0,63.0,1.330968071288901,7.885846091992141,nan,nan,1.008096900857418,37.55879191862275,2.2881884051834085,1.4823695514769204,0,0.0,0.0,0.0,0.0,1.0,1.0,1.0,0.0,1.0,0.0,0.0,1.0,0.0,1.0,0.0,0.0,0.0,0.04605087197009737,1.0,0.0,1.0,0.0,1.0,0.14495161966939948,0.0,1.0,1.0,1.0,0.0,0.0,1.0,0.0,0.0,1.0,1.0,1.0,1.0,0.0,1.0,1.0,1.0,1.0,0.0,0.0,1.0,1.0,0.0,0.0,1.0,0.0,1.0,0.0,0.0,1.0,0.0,0.0,0.0,0.0,0.0,1.0,1.0,0.0,0.0,1.0,1.0,0.0,0.0,1.0,1.0,0.0,1.0,0.9761856980919,1.0,1.0,0.0,0.0,0.0,0.0,0.0,0.0,0.1890026588205635,1.0,1.0,0.5558827466435222,0.0,0.0,0.0,0.0,0.3311369137124272,1.0,1.0,0.0,1.0,0.0,0.8176253924855154,0.0,0.0,1.0,0.7430790857102467,0.44928524957313465
81,product/lengthscale,aligned10,9,3.129820489269066,3.1286795364959277,3.7272951616327576,3.5783104790684703,1.2493971327970836,-3.286999911243825,46.338237213902175,9.39333132095635,1,1,excluded,r_hat_max 1.363 > 1.1; n_eff_min 6.2 < 16.0,1.362517676455177,1.0116793065667198,0.8365384615384616,6.187466637608592,0,63.0,1.362517676455177,6.187466637608592,nan,nan,1.043692334177666,24.225620491605095,2.30595515526303,1.4817366311775682,0,0.0,0.0,0.0,0.0,1.0,1.0,1.0,0.0,1.0,0.0,0.0,1.0,0.0,1.0,0.10711940488990829,0.0,0.0,0.16666653987674476,1.0,0.0,0.12908711536180273,0.0,1.0,0.0,0.0,1.0,1.0,1.0,0.0,0.0,0.9487932376936561,0.0,0.0,1.0,1.0,1.0,1.0,0.0,1.0,0.0,1.0,1.0,0.0,0.0,1.0,0.9767111872840958,0.0,0.0,1.0,0.0781804415551931,0.13523219318094756,0.0,0.0,1.0,0.0,0.2517659850710837,0.4549775177227104,0.0,0.0,1.0,1.0,0.49756535569128674,0.0,1.0,1.0,0.0,0.0,1.0,1.0,0.0,1.0,1.0,1.0,1.0,0.0,0.0,0.0,0.0,0.0,0.0,0.05436767118687437,1.0,1.0,1.0,0.0,0.0,0.14012557728858735,0.0,0.0,1.0,1.0,0.0,1.0,0.0,1.0,1.0,0.0,1.0,1.0,1.0
82,product/lengthscale,aligned10,9,3.6535963962158187,3.5682635568841996,3.7272951616327576,3.5783104790684703,1.2493971327970836,-3.05581801333861,44.87111714296043,9.671383421868086,1,1,excluded,r_hat_max 1.603 > 1.1; n_eff_min 5.6 < 16.0,1.602634343594724,1.0113505082454446,0.7692307692307693,5.646363476795122,0,63.0,1.602634343594724,5.646363476795122,nan,nan,1.0224197839883924,120.56947444816889,2.3160022934826157,1.4754474128281336,0,0.0,0.0,0.0,0.0,1.0,1.0,1.0,0.2521665327803738,1.0,0.0,0.0,1.0,0.0,1.0,0.0,0.0,0.0,0.0,1.0,0.0,1.0,0.0,1.0,0.1627813562114127,0.0,1.0,1.0,1.0,0.0,0.0,1.0,0.0,0.0,1.0,1.0,0.5699453641951518,0.0,0.23620436549116766,0.7025388203883232,0.8160997020226085,1.0,0.6958948061332669,0.0,0.0,1.0,1.0,0.0,1.0,1.0,0.0,1.0,0.0,0.0,1.0,0.0,0.0,0.0,0.0,0.0,1.0,1.0,0.0,1.0,1.0,1.0,0.0,0.0,1.0,1.0,0.0,0.7773284770922024,0.0,1.0,1.0,0.0,0.0,0.0,0.0,0.0,0.11844230763233522,0.19696689178601273,1.0,1.0,0.0,0.0,0.0,0.0,0.0,1.0,1.0,1.0,0.0,0.8483430916728916,0.0,0.0,0.0,0.0,1.0,0.511124024024533,0.0
83,product/lengthscale,aligned10,9,3.7742860695852993,3.514474675501611,3.7742860695852993,3.5783104790684703,1.2493971327970836,-3.4462229837172345,45.6862030569464,12.761213831137866,1,1,excluded,r_hat_max 1.296 > 1.1; n_eff_min 7.2 < 16.0,1.2958603140598715,1.0079915285336722,0.8653846153846154,7.186766055032157,0,63.0,1.2958603140598715,7.186766055032157,nan,nan,1.0034422060996044,29.910527891593933,2.332117885081811,1.4737751599827567,0,0.0,0.0,0.0,0.0,1.0,1.0,1.0,1.0,1.0,0.0,0.0,1.0,0.0,1.0,0.0,0.0,0.0,0.0,1.0,0.0,1.0,0.0,1.0,0.1598901968018943,0.0,1.0,1.0,1.0,0.0,0.0,0.0,0.0,0.0,1.0,1.0,1.0,1.0,0.0,0.9756508952678336,1.0,1.0,0.0,0.0,0.0,1.0,0.7938073089906622,0.0,0.0,1.0,0.0,1.0,0.0,0.0,1.0,0.0,0.0,0.0,0.0,0.0,1.0,0.7365064306858413,0.0,0.0,1.0,0.10248831667563817,0.0,0.0,1.0,1.0,0.0,1.0,0.0,1.0,1.0,0.0,0.0,0.0,0.0,0.0,0.45254762980045915,0.13972844689053354,0.5926612489836723,1.0,0.0,0.0,0.0,0.0,0.0,0.0,0.681431197926546,0.7516729324595811,0.0,0.8894576897825456,0.0,1.0,0.0,0.0003101872201879908,1.0,1.0,0.0
84,product/lengthscale,aligned10,9,2.6972893820079973,2.578183640277552,3.7742860695852993,3.5783104790684703,1.2493971327970836,-3.364447375815415,45.72220811806619,11.222862777998671,1,1,excluded,r_hat_max 2.376 > 1.1; n_eff_min 3.8 < 16.0,2.3763513546235027,1.0091641938945823,0.8365384615384616,3.7954927019090223,0,63.0,2.3763513546235027,3.7954927019090223,nan,nan,1.0494882614374177,51.231479698588814,2.3492865539449475,1.4733028428440251,0,0.0,0.0,0.0,0.0,1.0,1.0,1.0,1.0,1.0,0.0,0.0,0.9624353575833323,0.0,1.0,0.0,0.0,0.0,0.0,1.0,0.0,1.0,0.0,1.0,0.17980537441238778,0.0,1.0,1.0,1.0,0.0,0.0,0.0,0.0,0.0,1.0,1.0,1.0,1.0,0.0,1.0,1.0,1.0,0.6122657419938021,0.0,0.0,1.0,1.0,0.0,0.3555004282207043,1.0,0.0,1.0,0.0,0.0,1.0,0.0,0.0,0.0,0.0,0.0,1.0,0.7628977873586278,0.0,0.3532683370124458,1.0,0.5896265798878376,0.0,0.0,1.0,1.0,0.0,1.0,0.0,1.0,1.0,0.046066511496789225,0.5576857548835819,0.0,0.0,0.0,0.0,1.0,0.6645475558520684,1.0,0.0,0.0,0.0,0.0,0.0,0.5259881080720065,0.0,0.8238322527313797,1.0,1.0,0.0,1.0,0.0,0.0,1.0,1.0,0.0
85,product/lengthscale,aligned10,9,3.7369629777216202,3.544724230540518,3.7742860695852993,3.5783104790684703,1.2493971327970836,-2.7260327685573564,46.46810604794882,7.453613092890009,1,1,excluded,r_hat_max 1.149 > 1.1; n_eff_min 6.8 < 16.0,1.1486535729388583,1.0052517669035101,0.9423076923076923,6.83047328037508,0,63.0,1.1486535729388583,6.83047328037508,nan,nan,1.03112708998801,33.46958108337981,2.3533807048633366,1.4650913145512718,0,0.0,0.0,0.0,0.0,1.0,1.0,1.0,0.4463750625404466,1.0,0.0,0.0,1.0,0.0,1.0,0.0,0.0,0.0,0.0,1.0,0.0,1.0,0.10331042031754514,1.0,0.0,0.0,1.0,1.0,1.0,0.0,0.0,0.0,0.0,0.0,0.8801395020115005,1.0,1.0,0.807804727877105,0.0,1.0,1.0,0.7842244659032588,1.0,0.0,0.0,1.0,1.0,1.0,0.0,1.0,0.0,1.0,0.0,0.0,1.0,0.0,0.0,0.0,0.0,0.0,1.0,1.0,0.0,1.0,0.8665601220912492,0.0,0.0,0.0,1.0,1.0,0.0,1.0,0.0,1.0,1.0,0.0,0.0,0.0,0.0,0.0,0.3719766019217412,0.10932804349188692,1.0,1.0,0.0,0.0,0.0,0.0,0.0,0.25411481766395266,0.154718641092203,1.0,1.0,1.0,0.0,0.8008706915715416,0.0,0.0,1.0,1.0,0.0
86,product/lengthscale,aligned10,9,3.6764300946144663,3.7128476389143064,3.7742860695852993,3.7128476389143064,1.1148599729512476,-2.7262765078578397,45.60827884380706,10.956107969162986,1,1,excluded,r_hat_max 1.122 > 1.1,1.1220790799539113,1.0035648985328927,0.9038461538461539,24.49469955552385,0,63.0,1.1220790799539113,24.49469955552385,nan,nan,1.0131178780958654,82.49198165987305,2.369468870826805,1.464081219162966,0,0.0,0.0,0.0,0.0,1.0,1.0,1.0,0.0,1.0,0.0,0.0,1.0,0.0,1.0,0.0,0.0,0.0,0.0,1.0,0.0,1.0,0.0,0.4615518514494608,0.14041700041204758,0.0,1.0,1.0,1.0,0.0,0.0,0.0,0.0,0.0,1.0,1.0,0.0,1.0,0.0,1.0,1.0,1.0,0.34640199823687545,0.0,0.0,1.0,1.0,0.2819549720456906,0.0,1.0,0.0,1.0,0.0,0.0,1.0,0.0,0.0,0.0,0.14913367562638194,0.0,1.0,1.0,0.0,0.31940343053959297,1.0,0.729031741718651,0.0,0.0,1.0,1.0,0.0,1.0,0.0,1.0,1.0,0.0,0.0,0.0,0.0,0.0,0.0,0.2199537441238308,0.09701180859367577,1.0,0.0,0.0,0.0,0.0,0.0,0.0,0.570485910580341,1.0,0.8039806802383079,1.0,0.0,0.6975175501124439,0.6070038329588586,0.13099358717327642,1.0,1.0,0.0
87,product/lengthscale,aligned10,9,3.5211121686192617,3.5196045916024516,3.7742860695852993,3.7128476389143064,1.1148599729512476,-2.9466847057974173,46.0397240370512,13.445406237151474,1,1,excluded,r_hat_max 1.279 > 1.1; n_eff_min 7.3 < 16.0,1.2790452959828937,1.009502406283222,0.7980769230769231,7.253264493499331,0,63.0,1.2790452959828937,7.253264493499331,nan,nan,1.1363514646633681,19.25702830484361,2.384491413628962,1.4622939857330095,0,0.0,1.0,0.0,0.0,1.0,1.0,1.0,1.0,1.0,0.0,0.0,1.0,0.0,1.0,0.0,0.0,0.0,0.0,1.0,0.0,1.0,0.0,1.0,0.11299538865222726,0.0,1.0,1.0,1.0,0.0,0.0,0.0,0.0,0.0,1.0,0.0,1.0,1.0,0.0,1.0,1.0,1.0,0.7092007575133404,1.0,0.0,1.0,1.0,0.0,0.0,1.0,0.0,1.0,0.0,0.0,1.0,0.0,0.0,0.0,0.0,0.0,1.0,1.0,0.0,1.0,1.0,0.0,0.0,0.0,1.0,1.0,0.0,1.0,0.0,1.0,1.0,0.0,0.0,0.1231451662304052,0.0,0.0,0.45256092168591383,0.23619366733621044,1.0,1.0,0.0,0.0,0.0,0.0,0.14264895289379634,0.4921882743191498,0.0,1.0,1.0,1.0,0.0,1.0,0.0,0.0,1.0,1.0,0.0
88,product/lengthscale,aligned10,9,3.3798509275068764,3.4564794014614675,3.7742860695852993,3.7128476389143064,1.1148599729512476,-3.0494825991078462,44.863784914137796,12.002909516915679,1,1,excluded,r_hat_max 1.201 > 1.1; n_eff_min 11.7 < 16.0,1.2010406598322665,1.003486167267504,0.9134615384615384,11.706487946217306,0,63.0,1.2010406598322665,11.706487946217306,nan,nan,1.0365124972177018,42.9212267231395,2.397407558572034,1.4589443877809745,0,0.0,0.0,0.0,0.0,1.0,1.0,1.0,0.1730386048925603,1.0,0.0,0.0,1.0,0.0,1.0,0.0,0.0,0.0,0.0,1.0,0.0,1.0,0.2922704968182612,1.0,0.16432269557056087,0.0,1.0,1.0,1.0,0.0,0.0,1.0,0.0,0.0,1.0,1.0,1.0,0.0,0.0,1.0,1.0,0.8658737934644187,0.0,0.0,0.0,1.0,1.0,1.0,1.0,1.0,0.0,1.0,0.0,0.0,1.0,0.0,0.0,0.0,0.1248650659934539,0.0,1.0,1.0,0.0,0.0,1.0,0.5547654540857001,0.0,0.0,1.0,1.0,0.0,0.1602352657571272,0.0,1.0,1.0,0.0,0.0,0.0,0.0,0.0,0.28328336041931995,0.08835016995103766,1.0,1.0,0.0,0.0,0.0,0.3449526962709425,0.0,0.0,0.0,1.0,0.0,1.0,0.4244062643416538,1.0,0.0,0.0,1.0,1.0,0.0
89,product/lengthscale,aligned10,9,3.532387944971913,3.4454362317519176,3.7742860695852993,3.7128476389143064,1.1148599729512476,-2.849852981100544,45.96289342804812,8.213728233939037,1,1,excluded,r_hat_max 1.117 > 1.1; n_eff_min 10.6 < 16.0,1.1174993920801144,1.002502533818686,0.9423076923076923,10.599733691782559,0,63.0,1.1174993920801144,10.599733691782559,nan,nan,1.0166577862933166,63.36556192730814,2.4084462481106272,1.4544159723274004,0,0.06797794626576396,0.0,0.0,0.0,1.0,1.0,1.0,0.22249076784541977,1.0,0.0,0.0,1.0,0.0,1.0,0.0,0.0,0.0,0.0,1.0,0.0,1.0,0.0,1.0,0.13480806609601065,0.0,1.0,1.0,1.0,0.0,0.0,0.3293032492397176,0.0,0.0,1.0,1.0,1.0,1.0,0.0,1.0,1.0,0.8291887373308104,1.0,0.0,0.0,1.0,1.0,0.0,0.0,0.6493568781415184,0.0,1.0,0.0,0.0,1.0,0.0,0.0,0.0,0.0,0.0,1.0,0.7989098264195849,0.0,1.0,1.0,0.06319240794561708,0.0,0.0,1.0,1.0,0.0,1.0,0.0,1.0,1.0,0.03193738637524313,0.0,0.0,0.0,0.0,0.0418716094454476,0.10487591134929324,0.0,1.0,0.0,0.0,0.0,0.0,0.3073729099641789,1.0,1.0,1.0,1.0,1.0,0.0,0.0,0.0,0.0,0.6508960936075251,0.3839678762705564,0.0
90,product/lengthscale,aligned10,9,3.659610732022432,3.6611390360614493,3.7742860695852993,3.7128476389143064,1.1148599729512476,-3.709256239438667,45.76427962607704,10.413491039071232,1,1,excluded,r_hat_max 1.405 > 1.1; n_eff_min 7.7 < 16.0,1.405293484457824,1.0109890420905194,0.8173076923076923,7.671627922084761,0,63.0,1.405293484457824,7.671627922084761,nan,nan,1.0125174955452108,88.92559201014664,2.420934489186864,1.451103820900993,0,0.0,0.0,0.0,0.0,1.0,0.0,1.0,1.0,1.0,0.0,0.0,1.0,0.0,1.0,0.0,0.0,0.0,0.0,1.0,0.0,1.0,0.0,1.0,0.05100122181615335,0.0,1.0,1.0,1.0,0.0,0.0,0.0,0.0,0.0,1.0,1.0,0.770025254575003,1.0,0.0,1.0,1.0,1.0,1.0,0.0,0.0,1.0,1.0,0.0,0.0,0.0,0.0,1.0,0.0,0.0,1.0,0.0,0.0,0.0,0.0,0.0,1.0,0.0,0.0,1.0,0.8997151827516698,1.0,0.0,0.0,1.0,1.0,1.0,1.0,0.0,1.0,1.0,0.0,0.0,0.0,0.0,0.0,0.0,0.2767676022530261,1.0,1.0,0.0,0.0,0.0,0.0,0.0,0.0,1.0,0.7202988899922405,1.0,0.0,0.0,1.0,0.0,0.0,1.0,0.9469993757376676,0.0
91,product/lengthscale,aligned10,9,3.3947697736543962,3.495442184226749,3.7742860695852993,3.7128476389143064,1.1148599729512476,-3.472583780804732,46.53641995112412,8.622446114197373,1,1,excluded,r_hat_max 1.141 > 1.1; n_eff_min 15.9 < 16.0,1.1411207461030335,1.0026869731397476,0.9423076923076923,15.942568945334244,0,63.0,1.1411207461030335,15.942568945334244,nan,nan,1.0297823844116805,111.59587690023264,2.4345463160312106,1.4488747627153424,0,0.0,0.0,0.0,0.0,1.0,1.0,1.0,1.0,1.0,0.0,0.0,1.0,0.0,1.0,0.0,0.0,0.0,0.0,1.0,0.0,1.0,0.0,0.0,0.0978343598948199,0.0,1.0,1.0,1.0,0.0,0.0,0.0,0.0,0.0,1.0,1.0,1.0,1.0,0.5919080774988094,0.0,1.0,1.0,0.0,0.0,0.0,1.0,1.0,0.0,0.0,1.0,0.0,1.0,0.0,0.0,1.0,0.0,0.0,0.0,0.0,0.0,0.795530167195244,1.0,0.0,0.0,1.0,0.0,0.0,0.0,1.0,1.0,1.0,1.0,0.0,1.0,1.0,0.0,0.0,0.0,0.0,0.0,1.0,0.22942099366812424,1.0,1.0,0.0,0.0,0.0,0.0,0.0,0.0,0.7029371752084693,1.0,1.0,1.0,0.0,0.0,1.0,0.0,1.0,1.0,0.0
92,product/lengthscale,aligned10,9,3.4780713453863488,3.385273887085914,3.7742860695852993,3.7128476389143064,1.1148599729512476,-3.734790348622484,45.93589906184934,7.483317170990631,1,1,excluded,r_hat_max 1.179 > 1.1; n_eff_min 9.9 < 16.0,1.1786126872172655,1.0034849315211845,0.8846153846153846,9.895670545430379,0,63.0,1.1786126872172655,9.895670545430379,nan,nan,1.0258849544562307,43.13348530176186,2.4449835275271146,1.444414550177391,0,0.9086062261602101,0.0,0.0,0.0,1.0,1.0,1.0,1.0,1.0,0.0,0.0,1.0,0.0,1.0,0.0,0.0,1.0,0.0,1.0,0.0,1.0,0.0,1.0,0.09036405883543265,0.0,1.0,1.0,1.0,0.0,0.0,0.0,0.0,0.0,0.0,1.0,0.0,1.0,0.0,1.0,1.0,0.0,1.0,0.0,0.0,1.0,1.0,1.0,0.0,0.6017932977628496,0.0,1.0,0.0,0.0,1.0,0.0,0.0,0.0,0.0,0.0,1.0,0.0,0.0,1.0,1.0,1.0,0.0,0.0,1.0,1.0,0.0,1.0,0.8821868356411706,1.0,1.0,0.0,0.0,0.0,0.0,0.0,0.0,0.1100001577116524,1.0,1.0,0.0,0.0,0.0,0.0,0.0,0.0,1.0,1.0,0.0,0.12208983333600149,0.0,1.0,0.0,0.0,1.0,1.0,0.0
93,product/lengthscale,aligned10,9,3.63206417926208,3.7469478106867435,3.7742860695852993,3.7469478106867435,1.0807598011788104,-3.7019165677021073,47.25055690621957,11.609708816977218,1,1,excluded,r_hat_max 1.610 > 1.1; n_eff_min 5.2 < 16.0,1.6097417758980586,1.011674323292501,0.8173076923076923,5.15554255966501,0,63.0,1.6097417758980586,5.15554255966501,nan,nan,1.0160963829867222,87.17406152198585,2.4560919986868917,1.4405736109159923,0,0.0,0.0,0.0,0.0,1.0,0.0,1.0,1.0,1.0,0.0,0.0,1.0,0.0,1.0,0.0,0.0,0.0,0.0,1.0,0.0,1.0,0.0,1.0,0.0744514901672479,0.0,1.0,1.0,1.0,0.0,0.0,0.0,0.0,0.0,1.0,1.0,0.5932307812729597,1.0,0.0,1.0,1.0,1.0,1.0,0.0,0.0,1.0,0.0,0.0,0.0,1.0,0.0,1.0,0.0,0.0,1.0,0.0,0.0,0.0,0.0,0.0,1.0,1.0,0.0,0.6196424576548725,0.8709198776476021,0.0,0.0,0.0,1.0,1.0,0.0,1.0,0.0,1.0,1.0,0.0,0.0,0.0,0.0,0.0,0.0,0.28165070732360925,0.0,1.0,1.0,0.0,0.0,0.0,0.5081269718483948,0.2754884465598961,1.0,1.0,0.28942334889935767,1.0,0.0,1.0,0.0,0.0,1.0,1.0,0.0
94,product/lengthscale,aligned10,9,3.5243198510181357,3.532784788930599,3.7742860695852993,3.7469478106867435,1.0807598011788104,-3.3629005681531314,45.53857432794757,10.319089574040845,1,1,excluded,r_hat_max 1.436 > 1.1; n_eff_min 7.5 < 16.0,1.4357911790155007,1.014926145171511,0.7211538461538461,7.510046030953432,0,63.0,1.4357911790155007,7.510046030953432,nan,nan,1.1545962698002155,33.15629500079932,2.468602341033436,1.4379605286447943,0,0.0,0.0,0.0,0.0,1.0,0.0,1.0,0.0,1.0,0.0,0.0,1.0,0.0,1.0,0.0,0.0,0.0,0.0,1.0,0.0,0.0,0.0,1.0,0.11590556091206482,0.0,1.0,1.0,1.0,0.0,0.0,0.0,0.0,0.0,1.0,1.0,1.0,1.0,0.0,1.0,1.0,1.0,1.0,0.0,0.0,1.0,1.0,0.0,1.0,0.1328334808119405,0.0,1.0,0.0,0.0,1.0,0.0,0.0,0.0,0.0,0.0,1.0,1.0,0.0,1.0,1.0,0.0,0.0,0.0,1.0,1.0,0.0,1.0,0.0,1.0,1.0,0.0,0.0,0.0,0.0,0.0,0.0,0.22759773617907939,0.5949299544412284,1.0,1.0,0.0,0.0,0.0,0.0,0.0,0.0,1.0,1.0,1.0,0.0,1.0,0.0,0.015022753732449936,1.0,1.0,0.0
95,product/lengthscale,aligned10,9,3.345391399001269,3.456355983359362,3.7742860695852993,3.7469478106867435,1.0807598011788104,-4.105868500251024,46.57371871685609,6.963940721005201,1,1,excluded,r_hat_max 1.306 > 1.1; n_eff_min 12.5 < 16.0,1.306296820421488,1.0195914475407872,0.6634615384615384,12.464055953142227,0,63.0,1.306296820421488,12.464055953142227,nan,nan,1.1090043265746568,36.75150437718425,2.4797151569280116,1.4344244133338024,0,0.0,0.0,1.0,0.0,1.0,1.0,1.0,1.0,1.0,0.0,0.0,1.0,0.0,1.0,0.0,0.0,0.0,0.0,1.0,0.0,1.0,0.0,1.0,0.07332574406295815,0.0,1.0,1.0,1.0,0.0,0.0,0.0,0.0,0.0,1.0,1.0,1.0,1.0,0.0,0.9346119198121924,1.0,1.0,0.0,0.0,0.0,1.0,1.0,0.2564163039578223,0.0,1.0,0.0,1.0,0.0,0.0,1.0,0.0,0.0,0.0,0.0,0.0,1.0,1.0,0.0,0.0,1.0,1.0,0.0,0.0,1.0,1.0,0.0,1.0,0.0,1.0,1.0,0.0,0.0,0.0,0.0,1.0,0.0,0.2177904169938876,1.0,1.0,0.0,0.0,0.0,0.0,0.0,1.0,1.0,1.0,1.0,1.0,0.0,1.0,0.0,0.0,0.0,1.0,0.0
96,product/lengthscale,aligned10,9,3.5047477191775394,3.5311807596047915,3.7742860695852993,3.7469478106867435,1.0807598011788104,-3.3348129757123015,43.47823373298161,9.477044671075419,1,1,excluded,r_hat_max 1.942 > 1.1; n_eff_min 4.2 < 16.0,1.9423624283997694,1.0343756336696184,0.6057692307692307,4.229464523902274,0,63.0,1.9423624283997694,4.229464523902274,nan,nan,1.0091447431985372,34.052656628355244,2.488732617782942,1.4296381459547811,0,0.0,0.0,0.0,0.0,1.0,0.0,1.0,0.0,0.0,0.0,0.0,1.0,0.06646387991364835,1.0,0.0,0.0,0.0,0.0,1.0,0.0,1.0,0.0,1.0,0.12917739113164076,0.0,0.8779796349500072,1.0,1.0,0.0,0.0,0.0,0.0,0.0,1.0,0.09719056495960669,0.0,1.0,0.0,1.0,1.0,1.0,0.5637815339566242,0.34098260134344527,0.0,1.0,0.6270932051504259,0.32218369105126404,0.0,0.0,0.0,1.0,0.0,0.0,1.0,0.0,0.0,0.0,0.0,0.0,1.0,1.0,0.0,1.0,0.8015577031139877,0.5134803611172155,0.0,0.0,1.0,1.0,0.0,1.0,0.0,1.0,1.0,0.0,0.0,0.0,0.0,0.0,0.0,0.0,1.0,1.0,0.0,0.0,0.0,0.0,0.0,0.2897279891112733,1.0,1.0,0.0,0.6336819144104635,0.0,0.5172727755221244,0.0,0.0,1.0,1.0,0.0
97,product/lengthscale,aligned10,9,3.5584635065665733,3.542492657788495,3.7742860695852993,3.7469478106867435,1.0807598011788104,-4.054068776988149,47.853207152104005,11.013114528963342,1,1,excluded,r_hat_max 1.465 > 1.1; n_eff_min 5.9 < 16.0,1.4647913346084829,1.019020682432487,0.7115384615384616,5.919888400069375,0,63.0,1.4647913346084829,5.919888400069375,nan,nan,1.1196046003404345,25.381543663182846,2.499207000271546,1.42594770974132,0,0.0,0.0,0.0,0.0,1.0,1.0,1.0,0.0,1.0,0.0,0.0,1.0,0.0,1.0,0.3176840288217871,0.0,0.0,0.0,1.0,0.0,1.0,0.0,1.0,0.10699797263343563,0.0,1.0,1.0,1.0,0.0,0.0,0.0,0.0,0.0,1.0,1.0,0.0,1.0,0.0,1.0,1.0,1.0,1.0,0.0,0.0,0.0,0.8279218388711963,0.0,0.0,1.0,0.0,1.0,0.0,0.0,1.0,0.0,0.0,0.0,0.0,1.0,1.0,0.47933571148427506,0.0,1.0,1.0,0.0,0.0,0.0,1.0,1.0,0.0,1.0,0.0,1.0,1.0,0.0,0.0,0.0,0.0,0.0,0.0,0.1748398515523113,1.0,1.0,0.0,0.0,0.0,0.0,0.0,0.0,1.0,1.0,0.0,0.3381246597196814,1.0,1.0,0.0,0.06003547118454439,1.0,1.0,0.0
98,product/lengthscale,aligned10,9,2.718730979924334,2.7904394714772125,3.7742860695852993,3.7469478106867435,1.0807598011788104,-3.669785172338298,47.546622053021565,8.579368085833266,1,1,excluded,r_hat_max 1.440 > 1.1; n_eff_min 5.9 < 16.0,1.4398140883419313,1.0190947572413214,0.6826923076923077,5.883721495020623,0,63.0,1.4398140883419313,5.883721495020623,nan,nan,1.072124016410496,39.07868076263907,2.510015740131699,1.4226422729218227,0,0.0,0.0,0.0,0.0,1.0,0.7212480538811561,1.0,0.0,1.0,0.0,0.0,1.0,0.0,1.0,0.0,0.0,0.0,0.0,1.0,0.0,1.0,0.0,1.0,0.03764518356958092,0.0,1.0,1.0,1.0,0.0,0.0,0.0,0.0,0.0,1.0,1.0,1.0,0.0,0.0,1.0,0.6536739534016149,0.0,1.0,0.0,0.0,1.0,1.0,0.0,0.0,1.0,0.0,1.0,0.0,0.0,1.0,0.0,0.0,0.0,0.0,0.0,1.0,1.0,0.0,1.0,1.0,0.0,0.0,0.0,1.0,1.0,0.0,1.0,0.0,1.0,1.0,0.0,1.0,0.0,0.0,0.0,0.0,0.1740055087654134,1.0,0.6515184529145726,0.5287075498644447,0.0,0.0,0.0,0.0,0.0,1.0,0.6458362832756008,0.10171752309705183,0.25170813060467356,0.0,1.0,0.0,1.0,1.0,1.0,0.0
99,product/lengthscale,aligned10,9,2.1073617575469457,1.8607863663265605,3.7742860695852993,3.7469478106867435,1.0807598011788104,-4.201660676151804,48.116638340987265,11.120399350998923,1,1,excluded,r_hat_max 1.278 > 1.1; n_eff_min 7.8 < 16.0,1.2777223786349208,1.0059229134020282,0.8365384615384616,7.816861237959145,0,63.0,1.2777223786349208,7.816861237959145,nan,nan,1.082423603461206,63.1867312732661,2.5121239748770794,1.4155928323305238,0,0.0,0.0,0.0,0.0,1.0,1.0,1.0,0.0,1.0,0.0,0.0,1.0,0.0,1.0,0.0,0.0,0.0,0.0,1.0,0.0,1.0,1.0,1.0,1.0,0.0,1.0,1.0,1.0,0.0,0.0,1.0,0.0,0.0,1.0,1.0,1.0,1.0,0.0,1.0,1.0,1.0,1.0,0.0,0.0,1.0,0.0,0.0,0.0,1.0,0.0,1.0,0.0,0.0,1.0,0.0,0.0,0.0,0.0,0.0,1.0,1.0,0.0,1.0,1.0,1.0,0.0,0.0,1.0,1.0,0.0,1.0,0.0,1.0,1.0,0.0,0.0,0.0,0.0,0.0,0.0,0.0,0.0,1.0,0.0,0.0,0.0,0.0,0.0,0.0,0.0,1.0,0.0,1.0,0.0,0.0,1.0,1.0,1.0,1.0,0.0
100,product/lengthscale,aligned10,9,3.302882388035793,3.216958606731182,3.7742860695852993,3.7469478106867435,1.0807598011788104,-3.9013448464134455,46.88035251083784,11.06609598803334,1,1,excluded,r_hat_max 1.287 > 1.1; n_eff_min 8.2 < 16.0,1.2868541085643417,1.0084216349829722,0.8365384615384616,8.248759389698446,0,63.0,1.2868541085643417,8.248759389698446,nan,nan,1.0171690059035543,41.71642077512249,2.508076352703778,1.4090727367870766,1,0.0,0.0,0.0,0.0,1.0,1.0,1.0,0.6616852143706446,1.0,0.0,0.0,1.0,0.0,1.0,0.0,0.7490611174788763,0.0,0.0,1.0,0.6118931501235496,0.7412387368167761,0.0,1.0,0.10740257493717184,0.0,1.0,1.0,1.0,0.35242079349614663,0.0,0.0,0.0,0.0,1.0,1.0,1.0,0.4998961953138888,0.07413914698626367,0.0,0.9269550826222525,1.0,1.0,0.0,0.0,1.0,1.0,0.0,0.03459963394769834,0.2961372366556288,0.0,1.0,0.07543289757732637,0.0,1.0,0.0,0.0,0.0,0.324031258071461,0.0,1.0,0.9487992567243942,0.0,0.9439302591150793,1.0,0.5853167709670651,0.03659596113421666,0.0,1.0,1.0,0.0,1.0,0.4437200411620931,1.0,1.0,0.0,0.0,0.0,0.0,0.0,0.0,0.0,0.9855294897560588,1.0,0.0,0.0,0.0,0.0,0.0,0.0,0.6929086472323336,1.0,0.5012637372866007,1.0,0.4046925027536829,1.0,0.0,0.0,1.0,0.2955130719093498,0.0
101,product/lengthscale,aligned10,9,3.162093884892051,3.3698706996099124,3.7742860695852993,3.7469478106867435,1.0807598011788104,-4.001869454597363,49.41914792591706,14.852268286980689,1,1,excluded,r_hat_max 1.500 > 1.1; n_eff_min 5.7 < 16.0,1.4995965952842245,1.0201823732671123,0.7019230769230769,5.68976332985832,0,63.0,1.4995965952842245,5.68976332985832,nan,nan,1.0519065800037357,39.79453828970776,2.515945719390234,1.4042864357942435,0,0.0,0.0,0.0,0.0,1.0,0.9132998708770924,1.0,0.0,0.459042161087826,0.0,0.0,1.0,0.0,1.0,0.0,0.0,0.0,0.04555361267313807,1.0,0.0,1.0,0.0,1.0,0.0,0.0,0.0,1.0,0.0,0.0,0.0,1.0,0.0,0.0,1.0,1.0,0.0,1.0,0.0,1.0,1.0,0.8458938829876264,0.05794268373972762,0.0,0.0649708339445936,1.0,1.0,0.0,0.0,1.0,0.0,1.0,0.0,0.0,1.0,0.0,0.0,0.0,0.6503133439813162,0.0,1.0,0.0,0.0,1.0,1.0,0.0,0.0,0.0,1.0,1.0,0.0,1.0,0.0,1.0,1.0,0.0,0.24280965926466525,0.0,0.0,0.0,0.0,0.2056448039207817,1.0,1.0,0.4070455816000293,0.0,0.0,0.0,1.0,0.0,1.0,1.0,0.4859483066156316,1.0,0.0,1.0,0.0,0.0,1.0,1.0,0.0
102,product/lengthscale,aligned10,9,4.0591863910569925,4.0445081048342555,4.0591863910569925,4.0445081048342555,0.7831995070312985,-4.083841085224437,47.66910175210796,12.886272593867034,1,1,excluded,r_hat_max 1.189 > 1.1,1.1889944198645472,1.0046857374410907,0.8942307692307693,19.60926172097705,0,63.0,1.1889944198645472,19.60926172097705,nan,nan,1.0069276807775345,70.56084945256724,2.5222805053265263,1.3988352087656033,0,1.0,0.0,0.0,0.0,1.0,0.0,1.0,0.0,1.0,0.0,0.0,1.0,0.0,1.0,0.0,0.0,0.30379716264062345,0.0,1.0,0.0,1.0,0.0,1.0,0.15319782469125556,0.0,0.9964877910086096,0.9030600885580097,1.0,0.0,0.0,0.0,0.0,0.0,1.0,1.0,1.0,0.021526741315286282,0.0,1.0,1.0,1.0,1.0,0.0,0.0,1.0,1.0,0.0,0.0,1.0,0.0,1.0,0.0,0.0,1.0,0.0,0.0,0.0,0.0,0.0,0.0,0.6911258540621722,0.0,1.0,0.8438197292459491,0.0,1.0,0.0,1.0,1.0,0.0,1.0,0.0,1.0,1.0,0.0,0.0,0.0,0.0,0.0,0.0,0.23855493479832382,1.0,1.0,0.0,1.0,0.0,0.0,0.08166247662665994,0.1766202519214415,1.0,1.0,0.0,0.0,0.0,0.9787572900889344,0.0,0.13097254273682965,1.0,1.0,0.0
103,product/lengthscale,aligned10,9,4.097156759981132,4.08312175064497,4.097156759981132,4.08312175064497,0.7445858612205836,-3.7791959772669186,48.40701819793321,11.421714046038687,1,1,excluded,r_hat_max 1.675 > 1.1; n_eff_min 4.7 < 16.0,1.6749869730814742,1.009217014501953,0.7403846153846154,4.665664086578055,0,63.0,1.6749869730814742,4.665664086578055,nan,nan,1.1792079424266382,10.077168528787166,2.5372019216928416,1.4001616442735016,0,1.0,0.0,0.0,0.0,1.0,0.0,1.0,1.0,1.0,0.0,0.0,1.0,0.0,1.0,1.0,0.0,0.0,0.0,1.0,0.0,1.0,0.0,1.0,0.24737932765676618,0.0,1.0,1.0,1.0,0.0,0.0,0.0,0.0,0.0,1.0,1.0,1.0,0.0,0.0,1.0,1.0,1.0,1.0,0.0,0.0,1.0,1.0,0.0,0.0,1.0,0.0,1.0,0.0,0.0,1.0,0.0,0.0,0.0,0.0,0.0,0.0,1.0,0.0,0.9877246300728214,0.8073470261848879,0.35853643873865676,1.0,0.0,0.0,1.0,0.0,1.0,0.0,0.5997774141675709,1.0,0.0,0.0,0.0,0.0,0.0,0.23704462871552912,0.24083938963582394,1.0,0.6651089200523957,0.0,1.0,0.0,0.0,0.0,0.0,1.0,0.0,0.0495569844268728,0.0,0.0,0.5687884653564673,0.0,0.12517610518576533,1.0,0.0,0.0
104,product/lengthscale,aligned10,9,4.121512420875577,4.1540313815010865,4.121512420875577,4.1540313815010865,0.6736762303644674,-3.9852399261750913,47.02216286002658,6.784309784881771,1,1,excluded,r_hat_max 1.177 > 1.1,1.1765657710209754,1.0085653735545463,0.8653846153846154,16.67894915109594,0,63.0,1.1765657710209754,16.67894915109594,nan,nan,1.0306240320732014,72.4017096197347,2.552201487445613,1.401704598776633,0,1.0,0.0,0.0,0.0,1.0,0.0,1.0,1.0,1.0,0.0,0.0,1.0,0.0,1.0,1.0,0.0,0.0,0.0,1.0,0.0,1.0,0.0,1.0,0.23566760902107398,0.0,1.0,1.0,1.0,0.0,0.0,0.9067376871974683,0.0,0.0,1.0,1.0,1.0,0.0,0.0,1.0,1.0,1.0,1.0,0.0,0.0,1.0,1.0,0.0,0.0,1.0,0.0,1.0,0.0,0.0,1.0,0.0,0.0,0.0,0.0,0.0,0.0,1.0,0.0,1.0,0.8396280194195722,0.0,1.0,0.0,0.0,1.0,0.0,1.0,0.0,1.0,1.0,0.0,0.0,0.0,0.0,0.0,1.0,0.23507543581724433,0.0,1.0,0.0,1.0,0.0,0.0,0.0,0.0,1.0,0.0,0.0,0.0,0.0,0.0,0.0,0.1826719587761826,1.0,1.0,0.0
105,product/lengthscale,aligned10,9,4.1118144152447735,4.028578416180308,4.121512420875577,4.1540313815010865,0.6736762303644674,-3.727866067937111,48.29587959498167,8.795884786173701,1,1,excluded,r_hat_max 1.252 > 1.1; n_eff_min 7.8 < 16.0,1.2521280925816844,1.0097617845532183,0.7884615384615384,7.825333376975805,0,63.0,1.2521280925816844,7.825333376975805,nan,nan,1.0627809098213277,67.75681771236549,2.567147305859232,1.403315677487461,0,1.0,0.0,0.0,0.0,1.0,0.0,1.0,1.0,1.0,0.0,0.0,1.0,0.0,1.0,0.71318160695051,0.0,0.0,0.0,1.0,0.0,1.0,0.0,1.0,0.2094793160896254,0.0,1.0,1.0,1.0,0.0,0.0,0.0,0.0,0.0,1.0,1.0,1.0,0.0,0.0,1.0,1.0,1.0,1.0,0.0,0.0,1.0,1.0,0.0,0.0,1.0,0.0,1.0,0.0,0.0,1.0,0.0,0.0,0.0,0.0,0.0,0.0,1.0,0.0,1.0,0.7632922551714411,0.0,1.0,0.0,0.0,1.0,0.0,1.0,1.0,1.0,1.0,0.0,0.0,0.0,0.0,0.0,1.0,0.24437184379636043,0.0,1.0,0.0,1.0,0.0,0.0,0.0,0.0,0.2939222256547995,1.0,0.0,0.0,0.0,1.0,1.0,0.1858178401163287,1.0,0.0,0.057561434614655856
106,product/lengthscale,aligned10,9,3.618529376438363,3.8315836504212006,4.121512420875577,4.1540313815010865,0.6736762303644674,-3.5657121755337338,47.30338004487567,11.54474626807496,1,1,excluded,r_hat_max 1.281 > 1.1; n_eff_min 9.1 < 16.0,1.2812384108793884,1.0169682295376852,0.7307692307692307,9.101076410085124,0,63.0,1.2812384108793884,9.101076410085124,nan,nan,1.0707908179841006,56.585810127746825,2.5817196370798507,1.4046400552820533,0,1.0,0.0,0.0,0.0,1.0,0.0,1.0,0.8436192954807914,1.0,0.0,0.0,1.0,0.048707355242881806,1.0,0.0,0.0,0.0,0.0,1.0,0.0,1.0,0.0,1.0,0.1751871581261882,0.0,1.0,1.0,1.0,0.0,0.0,0.0,0.0,0.0,1.0,1.0,1.0,0.0,0.0,1.0,1.0,1.0,1.0,0.0,0.0,1.0,1.0,0.0,0.0,1.0,0.0,1.0,0.0,0.0,1.0,0.0,0.0,0.5573555008884564,0.0,0.0,0.0,1.0,0.0,1.0,0.9870677672098743,0.0,1.0,0.0,0.0,1.0,0.0,1.0,0.25735966984751985,1.0,1.0,0.0,0.0,0.0,0.0,0.0,1.0,0.2174920963143214,1.0,0.779647668969843,0.0,1.0,0.0,0.0,0.0,0.0,1.0,0.4230732321944254,0.0,0.0,0.0,0.32656184036861263,1.0,0.20451803764615664,1.0,0.728518598836953,0.0
107,product/lengthscale,aligned10,9,3.7407804938712057,3.873486187784449,4.121512420875577,4.1540313815010865,0.6736762303644674,-3.228196688324911,49.55534836789593,10.350640788907185,1,1,excluded,r_hat_max 1.350 > 1.1; n_eff_min 5.5 < 16.0,1.349940036061235,1.0074527246670137,0.8076923076923077,5.488479957446163,0,63.0,1.349940036061235,5.488479957446163,nan,nan,1.1363935761580646,17.087602499031924,2.591409447728061,1.4016158183654464,0,1.0,0.0,0.0,0.0,1.0,0.7053013376220437,1.0,0.0,1.0,0.0,0.0,1.0,0.0,1.0,1.0,0.0,0.0,0.0,1.0,0.0,1.0,0.0,1.0,0.26247101769834774,0.0,1.0,1.0,1.0,0.0,0.0,1.0,0.0,0.0,0.0,1.0,1.0,0.53072152385377,0.0,1.0,1.0,1.0,0.0,0.0,0.0,1.0,1.0,0.0,0.0,1.0,0.0,1.0,0.0,0.0,1.0,0.0,0.0,0.0,0.0,0.0,0.0,1.0,0.0,1.0,0.7195762884910611,0.646402971653126,1.0,0.0,0.0,1.0,0.0,1.0,0.0,1.0,1.0,0.0,0.0,0.0,0.0,0.0,0.0,0.25063265204045043,0.0034971940803809774,1.0,0.0,1.0,0.0,0.0,0.0,0.0,1.0,0.0,0.0,0.0,0.0,1.0,0.0,0.15520380352091087,1.0,0.16339877664363334,0.0
108,product/lengthscale,aligned10,9,4.096888466844336,3.8756531245815604,4.121512420875577,4.1540313815010865,0.6736762303644674,-3.8548914014127242,47.44231674307957,12.125460254959762,1,1,excluded,r_hat_max 1.232 > 1.1; n_eff_min 12.5 < 16.0,1.232141317362685,1.0057661562035354,0.9038461538461539,12.548739321275752,0,63.0,1.1770373520410693,12.548739321275752,nan,nan,1.232141317362685,13.89124642567991,2.6020517722293866,1.399448305210599,0,1.0,0.0,0.0,0.0,1.0,0.0,1.0,1.0,1.0,0.0,0.0,1.0,0.0,1.0,1.0,0.0,1.0,0.0,1.0,0.0,0.6773920340634245,0.0,1.0,0.2514430382492838,0.0,1.0,1.0,1.0,0.0,0.0,0.0,0.0,0.0,1.0,1.0,1.0,0.0,0.0,1.0,1.0,1.0,1.0,0.0,0.0,1.0,1.0,0.5055695366266824,0.0,1.0,0.0,1.0,0.0,0.0,1.0,0.0,0.0,0.0,0.0,0.0,0.0,1.0,0.0,1.0,0.7772935418534853,0.0,1.0,0.0,1.0,1.0,0.0,1.0,0.02034825901294477,0.0,1.0,0.0,0.0,0.0,0.0,0.0,1.0,0.2734406682025214,0.0,1.0,0.0,1.0,0.0,0.0,0.0,0.0,0.0,1.0,0.0,0.0,0.0,0.0,0.0,0.005240686728876201,1.0,0.2761558466768625,0.0
109,product/lengthscale,aligned10,9,4.291624547221158,4.286775922667525,4.291624547221158,4.286775922667525,0.5409316891980289,-3.5732620262206423,48.58167353598401,7.923551590880379,1,1,excluded,r_hat_max 1.319 > 1.1; n_eff_min 9.0 < 16.0,1.3192440309585256,1.0116759417346695,0.7211538461538461,9.016882094678916,0,63.0,1.3192440309585256,9.016882094678916,nan,nan,1.239694462940328,15.298813391595246,2.61576587034512,1.400285805603404,0,1.0,0.0,0.0,0.0,1.0,0.0,1.0,1.0,1.0,0.0,0.0,1.0,0.0,1.0,1.0,0.0,0.0,0.12422296013110587,1.0,0.0,0.0,0.0,1.0,0.29077919527554313,0.0,1.0,1.0,1.0,0.0,0.0,0.0,0.0,0.0,1.0,1.0,1.0,0.0,0.0,1.0,1.0,1.0,1.0,0.0,0.0,1.0,1.0,0.0,0.0,1.0,0.0,1.0,0.0,0.0,1.0,0.0,0.0,0.0,0.0,0.0,1.0,1.0,0.0,1.0,0.8336329846454889,0.9721268634172292,1.0,0.0,1.0,1.0,0.0,1.0,1.0,0.0,1.0,0.0,0.0,0.0,0.0,0.0,0.9641060576054639,0.23095946634449044,0.0,1.0,0.0,1.0,0.0,0.0,0.0,0.0,0.0,1.0,0.0,0.0,0.0,0.0,0.0,0.14838292906111358,1.0,0.0,0.0
110,product/lengthscale,aligned10,9,3.915832558906579,3.9331904395850317,4.291624547221158,4.286775922667525,0.5409316891980289,-4.5106977997143645,47.41263480205089,7.145928859943524,1,1,excluded,r_hat_max 1.189 > 1.1; n_eff_min 9.4 < 16.0,1.1886506161977086,1.0058998989217682,0.8269230769230769,9.43701538360027,0,63.0,1.1886506161977086,9.43701538360027,nan,nan,1.0998128009350505,32.637990150780276,2.631000949225811,1.4029521058355756,0,1.0,0.0,0.0,0.0,1.0,0.0,1.0,1.0,1.0,0.0,0.0,1.0,0.0,1.0,1.0,0.0,0.0,0.0,1.0,0.0,0.0,0.0,1.0,0.4311071516753804,0.0,1.0,1.0,1.0,0.0,0.0,0.0,0.0,0.0,1.0,1.0,1.0,0.0,0.0,1.0,1.0,1.0,1.0,0.0,0.0,1.0,1.0,0.0,0.0,1.0,0.0,1.0,0.0,0.0,1.0,0.0,0.0,0.0,0.0,0.0,1.0,1.0,0.0,1.0,0.8310267570752068,1.0,1.0,0.0,0.0,1.0,0.0,1.0,1.0,0.0,1.0,0.0,0.0,1.0,0.0,0.0,1.0,0.2401817797651204,0.0,1.0,0.0,1.0,0.0,0.0,0.0,0.0,0.0,1.0,0.0,0.0,0.0,0.0,0.0,0.05926539214576705,0.0,0.0,0.0
111,product/lengthscale,aligned10,9,3.706814151396456,3.576694125567152,4.291624547221158,4.286775922667525,0.5409316891980289,-4.416980155730147,48.63333284808323,10.582121577113867,1,1,excluded,r_hat_max 1.395 > 1.1; n_eff_min 10.0 < 16.0,1.3949416405185195,1.0004939839022806,0.8942307692307693,10.003210217026975,0,63.0,1.3949416405185195,10.003210217026975,nan,nan,1.100148374978149,25.834281782102828,2.6425760087724846,1.4018845986561623,0,1.0,0.0,0.0,0.0,1.0,0.0,1.0,1.0,1.0,0.0,0.0,1.0,0.0,1.0,1.0,0.0,0.0,0.43458555352779094,1.0,0.0,1.0,0.0,1.0,0.28032202234922626,0.0,1.0,1.0,1.0,0.0,0.0,0.0,0.0,0.0,0.7697919316701693,1.0,1.0,0.0,0.0,1.0,1.0,1.0,1.0,0.0,0.0,1.0,1.0,0.0,0.0,1.0,0.0,1.0,0.0,0.0,1.0,0.0,0.0,0.0,0.0,0.0,0.6072473097857013,1.0,0.0,0.8684477495834615,0.7171686162344071,1.0,1.0,0.0,1.0,1.0,0.0,1.0,1.0,0.0,1.0,0.0,0.0,0.0,0.0,0.0,0.70802111500384,0.19048579186717596,0.0,1.0,0.0,1.0,0.0,0.0,0.0,0.3121008309901421,0.0,0.0,0.0,0.0,0.0,0.0,0.0,0.18258925831300798,1.0,0.0,0.0
112,product/lengthscale,aligned10,9,4.250907540154093,4.141858626433828,4.291624547221158,4.286775922667525,0.5409316891980289,-5.057493967644659,44.97472268296406,8.147452070843428,1,1,excluded,r_hat_max 1.630 > 1.1; n_eff_min 5.5 < 16.0,1.6302957531409699,1.0100872270465353,0.8269230769230769,5.532638853420137,0,63.0,1.6302957531409699,5.532638853420137,nan,nan,1.0830184031118049,25.072237478493822,2.6520781350459126,1.399198168982409,0,1.0,0.08463298576123407,0.0,0.0,1.0,1.0,1.0,1.0,1.0,0.0,0.0,1.0,0.0,1.0,1.0,0.0,1.0,0.0,1.0,0.0,0.0,0.0,1.0,0.2357843189425918,0.0,1.0,1.0,1.0,0.0,0.0,0.0,0.0,0.0,1.0,1.0,1.0,0.0,0.0,1.0,1.0,1.0,1.0,0.0,0.0,1.0,1.0,1.0,0.0,1.0,0.0,1.0,0.0,0.0,0.0,0.0,0.0,0.0,0.0,0.0,0.0,1.0,0.0,1.0,0.8331031489348174,0.0,1.0,0.0,1.0,1.0,0.0,1.0,0.0,1.0,1.0,0.0,0.0,0.0,0.0,0.0,1.0,0.2963258012788186,0.0,1.0,0.0,1.0,0.0,0.0,0.0,0.0,1.0,1.0,0.0,0.0,0.0,1.0,0.0,0.16908531251345152,1.0,0.0,0.0
113,product/lengthscale,aligned10,9,3.881788336687105,3.878648358777863,4.291624547221158,4.286775922667525,0.5409316891980289,-4.40526519073854,49.350805803900585,13.580488372826949,1,1,excluded,r_hat_max 1.171 > 1.1; n_eff_min 5.5 < 16.0,1.1711126916403853,1.0069387156441278,0.8942307692307693,5.484126975287461,0,63.0,1.1711126916403853,5.484126975287461,nan,nan,1.0075594355539519,16.749972490059374,2.666227067834481,1.4010181239099277,0,1.0,1.0,0.0,0.0,1.0,0.0,1.0,1.0,1.0,0.12557594019680354,0.0,1.0,0.0,1.0,1.0,0.0,0.0,0.0,1.0,0.0,0.0,0.0,1.0,0.26364426601087265,0.17971168268053261,1.0,1.0,1.0,0.0,0.0,0.0,0.0,1.0,1.0,1.0,1.0,0.0,0.0,1.0,1.0,1.0,1.0,0.0,0.0,1.0,1.0,1.0,0.0,1.0,0.0,0.0,0.0,0.0,0.0,0.0,0.0,0.0,0.0,0.0,1.0,1.0,0.0,1.0,0.7939096548725196,0.05409342129800631,1.0,0.0,1.0,1.0,0.0,1.0,0.7835350214419554,1.0,1.0,0.0,0.0,0.0,0.0,0.0,1.0,0.3372552304932266,0.0,1.0,0.0,1.0,0.0,0.0,0.0,0.0,1.0,1.0,0.0,0.0,0.0,0.3933591727192867,0.0,0.0,1.0,0.0,0.2755715108487113
114,product/lengthscale,aligned10,9,3.6944653421355453,3.8170519090069757,4.291624547221158,4.286775922667525,0.5409316891980289,-4.601083938829826,48.78340150602162,7.017905176850036,1,1,excluded,r_hat_max 1.314 > 1.1; n_eff_min 10.2 < 16.0,1.3138234825373687,1.0121035043135307,0.7884615384615384,10.190185690595447,0,63.0,1.3138234825373687,10.190185690595447,nan,nan,1.121199478732567,16.994097859138645,2.676889885982311,1.399457537222717,0,1.0,0.0,0.0,0.0,1.0,0.0,1.0,1.0,1.0,0.0,0.0,1.0,0.0,1.0,1.0,0.0,1.0,0.0,1.0,0.0,0.0,0.0,1.0,0.0,0.0,1.0,0.8259223320295547,1.0,0.0,0.0,1.0,0.0,0.0,1.0,1.0,1.0,0.0,0.0,1.0,1.0,1.0,1.0,0.0,0.0,1.0,1.0,0.0,0.0,1.0,0.0,1.0,0.0,0.0,0.0,0.0,0.0,0.0,0.0,0.0,0.0,1.0,0.0,1.0,0.8217306203012386,0.0,1.0,0.0,1.0,1.0,0.0,1.0,0.0,0.0,1.0,0.0,0.0,0.0,0.0,0.0,1.0,0.35834629013466,0.0,1.0,0.0,1.0,0.0,0.0,0.0,0.0,0.0,1.0,0.0,0.0,0.0,0.0,0.0,0.25879615907256254,1.0,0.0,0.0
115,product/lengthscale,aligned10,9,4.035378721360876,4.143805703105896,4.291624547221158,4.286775922667525,0.5409316891980289,-4.839157205505062,49.71038643294014,7.028287881053984,1,1,excluded,r_hat_max 1.180 > 1.1; n_eff_min 11.7 < 16.0,1.1800590692105215,1.0016089678188913,0.9326923076923077,11.676326546110843,0,62.875,1.1800590692105215,11.676326546110843,nan,nan,1.022652155609813,25.1679808919404,2.685738368209731,1.396558923984316,0,1.0,0.0,0.0,0.0,1.0,1.0,1.0,1.0,1.0,0.0,0.0,1.0,0.0,1.0,1.0,0.0,1.0,0.0,1.0,0.0,0.0,0.0,1.0,0.32896981517417967,0.0,1.0,1.0,1.0,0.0,0.0,0.0,0.0,0.0,1.0,1.0,1.0,0.0,0.0,1.0,1.0,1.0,1.0,0.0,0.0,1.0,1.0,0.0,0.0,1.0,0.0,1.0,0.0,0.0,1.0,0.0,0.0,0.0,0.0,0.0,1.0,1.0,0.0,0.0,0.8473773221642229,1.0,1.0,0.0,1.0,1.0,0.0,1.0,0.0,1.0,1.0,0.0,0.0,0.0,0.0,0.0,1.0,0.2258255266193367,0.0,1.0,0.0,1.0,0.0,0.0,0.0,0.0,0.0,1.0,0.0,0.0,0.0,1.0,1.0,0.18224606790139655,1.0,0.0,0.0
116,product/lengthscale,aligned10,9,1.425902623235736,1.3956107632610846,4.291624547221158,4.286775922667525,0.5409316891980289,-4.336123052406378,48.868008432211354,16.738748059840873,1,1,excluded,r_hat_max 1.242 > 1.1; n_eff_min 12.4 < 16.0,1.242026903758294,1.0071404416511307,0.9038461538461539,12.39920351482982,0,63.0,1.242026903758294,12.39920351482982,nan,nan,1.0488679308976119,44.9859609530775,2.697373198840344,1.3961127112276335,0,1.0,0.0,0.0,0.0,1.0,1.0,1.0,1.0,0.0,0.0,0.0,1.0,0.0,1.0,1.0,1.0,0.0,0.0,1.0,0.0,1.0,0.0,1.0,1.0,0.0,1.0,1.0,1.0,0.0,0.0,0.0,0.0,1.0,0.0,1.0,1.0,0.0,0.0,1.0,1.0,1.0,1.0,0.0,0.0,1.0,1.0,0.0,0.0,1.0,0.0,1.0,0.0,1.0,1.0,0.0,0.0,0.0,0.0,0.0,0.0,1.0,0.0,1.0,0.0,0.0,1.0,0.0,0.0,0.0,0.0,1.0,0.0,1.0,1.0,0.0,1.0,0.0,0.0,0.0,1.0,0.0,0.0,1.0,0.0,0.0,0.0,0.0,0.0,0.0,0.0,1.0,0.0,0.0,0.0,1.0,0.0,1.0,1.0,1.0,0.0
117,product/lengthscale,aligned10,9,4.163388908370671,4.1147467026119395,4.291624547221158,4.286775922667525,0.5409316891980289,-5.116664414028815,49.695359674980864,13.332158681936562,1,1,excluded,r_hat_max 1.282 > 1.1; n_eff_min 5.6 < 16.0,1.282032333754552,1.0026853537637406,0.9230769230769231,5.644222423600663,0,62.875,1.282032333754552,5.644222423600663,nan,nan,1.0145846581971965,27.22762371065926,2.6865059289633817,1.3950522506377379,0,1.0,0.0,0.0,0.0,1.0,0.0,1.0,1.0,1.0,0.0,0.0,1.0,0.0,1.0,1.0,0.0,1.0,0.12616791466880894,1.0,0.0,0.0,0.0,1.0,0.27568786960748237,0.0,1.0,1.0,1.0,0.0,0.0,1.0,0.0,0.0,1.0,1.0,1.0,0.0,0.0,1.0,1.0,1.0,1.0,0.0,0.0,1.0,0.0,1.0,0.0,1.0,0.0,1.0,0.0,0.0,1.0,0.0,0.0,0.0,0.0,0.0,0.0,1.0,0.0,1.0,0.8335153381999097,1.0,1.0,0.0,1.0,1.0,0.0,1.0,0.0,1.0,1.0,0.0,0.0,0.0,0.0,0.0,0.0,0.2492913114019171,0.0,1.0,0.0,1.0,0.0,0.0,0.0,0.0,0.535298395250561,1.0,0.0,0.0,0.0,0.0,0.0,0.0,1.0,0.0,0.0
118,product/lengthscale,aligned10,9,4.24072090292206,4.308552618046453,4.291624547221158,4.308552618046453,0.5191549938191011,-4.699303015042336,48.99058759910986,8.702986737014726,1,1,excluded,r_hat_max 1.100 > 1.1; n_eff_min 15.8 < 16.0,1.100211674963123,1.001391017277946,0.9326923076923077,15.812907249185548,0,62.875,1.100211674963123,15.812907249185548,nan,nan,1.0390750975169005,37.8417216835601,2.699021886415986,1.395709770913103,0,1.0,0.0,0.0,0.0,1.0,1.0,1.0,1.0,1.0,0.0,0.177194185986861,1.0,0.0,1.0,1.0,0.0,0.0,0.13546788400919801,1.0,0.0,0.0,1.0,1.0,0.28869620272315855,0.0,1.0,1.0,1.0,0.0,0.0,0.0,0.0,0.0,1.0,1.0,1.0,0.0,0.0,1.0,1.0,1.0,1.0,0.0,0.0,1.0,1.0,1.0,0.0,1.0,0.0,1.0,0.0,0.0,1.0,0.0,0.0,0.0,0.0,0.0,0.35079441303215214,1.0,0.0,1.0,0.8262568948577977,0.0,1.0,0.0,1.0,1.0,0.0,1.0,0.0,1.0,1.0,0.0,0.0,0.0,0.0,0.0,0.0,0.2566854538841025,0.0,1.0,0.0,1.0,0.0,0.0,0.0,0.0,0.0,1.0,0.0,0.0,0.0,0.0,0.0,0.1476231721251748,1.0,1.0,0.0
119,product/lengthscale,aligned10,9,3.7590208606823428,4.07365974658417,4.291624547221158,4.308552618046453,0.5191549938191011,-4.691026250072855,49.95120293693617,16.851348935859278,1,1,excluded,r_hat_max 1.219 > 1.1; n_eff_min 8.3 < 16.0,1.21884823407346,1.0034188341583867,0.9134615384615384,8.305054465570532,0,63.0,1.21884823407346,8.305054465570532,nan,nan,1.0042666790623132,52.57649633097816,2.711977340336205,1.3969400613705139,0,1.0,0.0,0.0,0.0,1.0,1.0,1.0,1.0,1.0,0.0,0.0,1.0,0.0,1.0,1.0,0.0,1.0,0.12377002238953251,1.0,0.9377039942201275,0.0,1.0,1.0,0.2991844336745514,0.0,1.0,1.0,1.0,0.0,0.0,0.0,0.0,0.0,1.0,1.0,1.0,0.0,1.0,1.0,1.0,1.0,1.0,0.0,0.0,1.0,1.0,0.9001779426566846,0.0,1.0,0.0,1.0,0.0,0.0,1.0,0.0,0.0,0.0,0.0,0.0,0.0,0.5739244135138557,0.0,1.0,0.7269391296583865,1.0,1.0,0.0,1.0,1.0,0.0,1.0,1.0,1.0,1.0,0.0,0.0,0.0,0.0,0.0,0.0,0.28134396362643815,0.0,1.0,0.0,1.0,0.0,0.0,0.0,0.0,0.6471206357325573,1.0,0.0,0.0,1.0,0.0,0.0,0.18199407061410455,1.0,0.0,0.0
120,product/lengthscale,aligned10,9,4.0054050388951685,4.075618136275963,4.291624547221158,4.308552618046453,0.5191549938191011,-4.499644149326785,48.44383067893796,7.969027659157291,1,1,excluded,r_hat_max 1.197 > 1.1; n_eff_min 11.9 < 16.0,1.197326228295043,1.009959089906802,0.7884615384615384,11.853038401412597,0,63.0,1.197326228295043,11.853038401412597,nan,nan,1.1282504671594722,20.928139989868324,2.720702703005755,1.3943597902843372,0,0.22605891248664228,0.0,0.0,0.0,1.0,1.0,1.0,1.0,1.0,0.0,0.0,1.0,0.0,1.0,1.0,0.0,0.0,0.0,1.0,0.0,0.0,0.0,1.0,0.2585458325305953,0.0,1.0,1.0,1.0,0.0,0.0,0.0,0.0,0.0,1.0,1.0,1.0,0.0,0.0,1.0,1.0,1.0,1.0,0.0,0.0,1.0,0.0,1.0,0.0,1.0,0.0,1.0,0.0,0.0,1.0,0.0,0.0,0.0,0.0,0.0,0.17591622004904167,1.0,0.0,1.0,0.8565526977113729,0.0,1.0,0.0,1.0,1.0,0.0,1.0,0.25019505578252504,1.0,1.0,0.0,0.0,0.0,0.0,0.0,0.0,0.2754826411279217,0.0,1.0,0.0,1.0,0.0,0.0,0.0,0.0,0.0,1.0,0.0,0.0,0.0,1.0,0.0,0.1102661462352768,1.0,0.0,0.0
121,product/lengthscale,aligned10,9,4.124714057946768,4.161936153669657,4.291624547221158,4.308552618046453,0.5191549938191011,-4.223231768748589,49.765056549804285,11.454912326997146,1,1,excluded,r_hat_max 1.204 > 1.1; n_eff_min 9.0 < 16.0,1.2043530684025752,1.0024905694823958,0.8653846153846154,9.014753310243544,0,63.0,1.2043530684025752,9.014753310243544,nan,nan,0.9984403797411648,42.201209830264254,2.731320077682527,1.3934484451885507,0,1.0,0.0,0.0,0.0,1.0,1.0,1.0,1.0,1.0,0.0,0.0,1.0,0.0,1.0,1.0,0.0,0.0,0.11088085214295476,1.0,0.0,0.0,1.0,1.0,0.28706492923756033,0.0,1.0,1.0,1.0,0.0,0.0,0.0,0.0,0.0,1.0,1.0,1.0,0.0,0.0,1.0,1.0,1.0,1.0,1.0,0.0,1.0,1.0,1.0,0.0,1.0,0.0,1.0,0.0,0.0,0.0,0.0,0.0,0.0,0.0,0.0,0.0,1.0,0.0,1.0,0.8345735955006813,0.0,1.0,0.0,1.0,1.0,0.0,1.0,0.0,1.0,1.0,0.0,0.0,0.0,0.0,0.0,0.9138615794969284,0.1658031507242066,0.0,1.0,0.0,1.0,0.0,0.0,0.0,0.0,1.0,1.0,0.0,0.0,0.0,0.0,0.0,0.10010629947794632,1.0,0.0,0.0
122,product/lengthscale,aligned10,9,3.69726877245907,3.756021807249293,4.291624547221158,4.308552618046453,0.5191549938191011,-4.904678368160257,49.973928325111046,19.411255276063457,1,1,excluded,n_eff_min 12.1 < 16.0,1.0703859517634493,0.9992847664049114,0.9807692307692307,12.145964303422339,0,62.5,1.0703859517634493,12.145964303422339,nan,nan,1.004450633749004,85.42888998179686,2.7427413398158405,1.3934011913404558,0,1.0,0.0,0.0,0.0,1.0,0.0,1.0,1.0,1.0,0.0,0.6237384651644137,1.0,0.0,1.0,1.0,0.0,1.0,0.0,1.0,0.0,0.0,0.0,1.0,0.33619955276203933,1.0,1.0,1.0,1.0,0.0,0.0,0.0,1.0,0.0,1.0,1.0,1.0,0.0,0.0,1.0,1.0,1.0,1.0,0.0,0.0,1.0,1.0,1.0,0.0,1.0,0.0,1.0,0.0,0.0,1.0,0.0,0.0,0.0,0.0,0.0,0.0,1.0,0.0,1.0,0.8327723060495519,0.0,1.0,0.0,1.0,1.0,0.0,1.0,0.0,1.0,1.0,0.0,0.0,0.0,0.0,0.0,1.0,0.2137213396192032,0.0,1.0,0.0,0.0,0.0,0.0,0.0,0.0,1.0,1.0,0.0,0.0,0.0,0.14683623338724244,0.0,0.15771014203725842,1.0,1.0,0.0
123,product/lengthscale,aligned10,9,3.9747471023559537,3.735370676581106,4.291624547221158,4.308552618046453,0.5191549938191011,-4.876904036676969,49.942144450964406,16.291387986158952,1,1,excluded,r_hat_max 1.301 > 1.1; n_eff_min 6.3 < 16.0,1.301352523826442,1.0124069050100626,0.7307692307692307,6.31297300215092,0,63.0,1.301352523826442,6.31297300215092,nan,nan,1.008934932124518,46.38179613289997,2.7505017254470867,1.3903701164909898,0,1.0,0.0,0.0,0.0,1.0,0.0,1.0,1.0,1.0,0.0,0.0,1.0,0.0,1.0,1.0,0.0,0.0,0.0,1.0,0.0,0.0,0.4246457500621882,1.0,0.25331912406156454,0.0,1.0,1.0,1.0,0.0,0.0,1.0,0.0,0.0,1.0,1.0,1.0,0.0,0.0,1.0,1.0,0.0,1.0,0.0,0.0,1.0,0.7105412491785406,0.25485554987119674,0.0,1.0,0.0,1.0,0.0,0.0,0.0,0.0,0.0,0.0,0.0,0.0,1.0,1.0,0.0,1.0,1.0,1.0,1.0,0.0,1.0,0.7387664876451369,1.0,1.0,0.0,1.0,1.0,0.0,0.0,0.0,0.0,0.0,0.0,0.2662010852719636,0.0,1.0,0.0,1.0,0.0,0.0,0.0,0.0,0.0,1.0,0.0,0.0,0.0,0.0,0.0,0.0813178096561927,1.0,1.0,0.0
124,product/lengthscale,aligned10,9,3.789855398338763,3.8147003115662086,4.291624547221158,4.308552618046453,0.5191549938191011,-4.675979249465928,48.63109759008512,14.260555523913354,1,1,excluded,r_hat_max 1.246 > 1.1; n_eff_min 6.2 < 16.0,1.246139897813813,1.0240468839769117,0.625,6.236074161638033,0,63.0,1.246139897813813,6.236074161638033,nan,nan,1.133777173953433,17.10715942685925,2.760374672035061,1.3890747800183625,0,1.0,0.0,0.0,0.0,1.0,0.32092535623184304,1.0,1.0,1.0,0.0,0.0,1.0,0.0,1.0,1.0,0.0,0.0,0.0,1.0,0.0,0.0,0.0,1.0,0.2911474330956797,0.0,1.0,1.0,1.0,0.0,0.0,0.0,0.0,0.0,1.0,1.0,1.0,0.0,0.0,1.0,1.0,1.0,1.0,0.0,0.0,1.0,1.0,0.0,0.0,1.0,0.0,1.0,0.0,0.0,1.0,0.0,0.0,0.0,0.0,0.0,0.0,1.0,0.0,1.0,0.8435362672706328,0.0,0.0,0.0,1.0,1.0,0.0,1.0,0.0,1.0,1.0,0.14842619045048153,0.0,0.08524763459292602,0.0,0.0,1.0,0.1873159827418404,0.0,1.0,0.0,1.0,0.0,0.0,0.0,0.0,1.0,1.0,0.0,0.0,0.0,0.499366479133228,0.0,0.0,1.0,1.0,0.0
125,product/lengthscale,aligned10,9,4.076156197561293,4.117711494207127,4.291624547221158,4.308552618046453,0.5191549938191011,-4.6798263230504595,50.132016967982054,9.82330407295376,1,1,excluded,r_hat_max 1.325 > 1.1; n_eff_min 7.4 < 16.0,1.3249755373949266,1.0109347336594166,0.7980769230769231,7.421973953545189,0,63.0,1.3249755373949266,7.421973953545189,nan,nan,1.1104808016577234,23.0940371480303,2.7686105178454907,1.3865436631774821,1,1.0,0.0,0.0,0.0,1.0,1.0,1.0,1.0,1.0,0.0,0.0,1.0,0.0,1.0,1.0,0.0,0.0,0.0,1.0,0.0,0.0,1.0,1.0,0.21399275110116486,0.0,1.0,1.0,1.0,0.0,0.0,1.0,0.0,0.0,1.0,1.0,1.0,1.0,0.0,1.0,1.0,1.0,1.0,1.0,0.0,1.0,1.0,1.0,0.0,0.0,0.0,1.0,0.0,0.0,0.0,0.0,0.0,0.0,0.0,0.0,1.0,1.0,0.0,1.0,0.8411942794131481,1.0,1.0,0.0,0.0,1.0,0.0,1.0,0.0,0.0,1.0,0.0,0.0,0.0,0.0,0.0,0.0,0.23342047646173433,0.0,1.0,0.0,1.0,0.0,0.0,1.0,0.0,0.0,1.0,0.0,0.0,0.0,0.0,0.0,0.14964900201568665,1.0,0.0,0.0
126,product/lengthscale,aligned10,9,3.7910162343168845,3.7197916980528616,4.291624547221158,4.308552618046453,0.5191549938191011,-5.085824366557858,49.21013432811014,10.478932862868533,1,1,excluded,r_hat_max 1.264 > 1.1; n_eff_min 7.2 < 16.0,1.2638328800819896,1.014730438001004,0.7980769230769231,7.2121305160740805,0,63.0,1.2638328800819896,7.2121305160740805,nan,nan,1.1126069718741738,20.212402265102657,2.778987864509902,1.385895570537732,0,1.0,0.0,0.0,0.0,1.0,0.0,1.0,1.0,1.0,0.0,1.0,1.0,0.0,1.0,0.9850052190373703,0.0,1.0,0.147822405761033,1.0,0.0,0.0,1.0,1.0,0.0,0.0,1.0,1.0,0.8078204957608771,0.0,0.0,0.0,0.0,0.0,1.0,1.0,1.0,0.0,0.0,1.0,1.0,0.0,1.0,1.0,0.0,1.0,1.0,1.0,0.0,0.6528819543435965,0.0,1.0,0.0,0.0,0.19210475832053847,0.0,0.0,0.0,0.0,0.0,1.0,1.0,0.0,1.0,0.7518407663572267,0.0,1.0,0.0,0.0,1.0,0.0,1.0,0.0,1.0,1.0,0.0,0.0,0.0,0.0,0.0,0.4805038088071139,0.26534807665678817,0.0,0.0,0.0,1.0,0.0,0.0,0.0,0.0,0.0,1.0,0.0,0.0,0.0,0.42942951739771623,0.0,0.00762742845521549,1.0,0.0,0.0
127,product/lengthscale,aligned10,9,3.960049002576905,3.9900605593856384,4.291624547221158,4.308552618046453,0.5191549938191011,-5.263489742351394,50.64648482692428,13.96302799298428,1,1,excluded,r_hat_max 1.682 > 1.1; n_eff_min 5.2 < 16.0,1.6821180456854914,1.0145883097439605,0.7307692307692307,5.190405508437684,0,63.0,1.6821180456854914,5.190405508437684,nan,nan,1.130789531306048,39.78534314165122,2.786956591831217,1.3833235111345654,0,1.0,0.0,0.0,0.0,1.0,1.0,1.0,1.0,1.0,0.40858873116067007,0.0,1.0,0.0,1.0,1.0,0.0,0.0,0.0939168938489813,1.0,0.0,0.21507278882094777,0.0,1.0,0.29652355460101676,0.0,0.7948628451832693,1.0,1.0,0.0,0.0,0.5799902705581821,0.0,0.0,1.0,1.0,1.0,0.0,0.0,1.0,1.0,1.0,0.8974780121694758,0.0,0.0,1.0,1.0,1.0,0.0,1.0,0.0,1.0,0.0,0.0,1.0,0.0,0.0,0.0,0.0,0.0,1.0,1.0,0.0,0.7335812396255348,0.7591770248831128,0.6276810573318685,1.0,0.0,0.5013678995350135,1.0,0.0,1.0,0.0,0.0,1.0,0.0,0.0,0.0,0.0,0.0,0.45332386983214196,0.3089168965610153,0.0,1.0,0.24735172503179712,1.0,0.0,0.0,0.0,0.0,0.8785930598832121,1.0,0.0,0.0,0.0,0.9049187370507891,0.0,0.07265381054097186,1.0,0.47735796518633705,0.0
128,product/lengthscale,aligned10,9,4.135552813105913,4.006083138034359,4.291624547221158,4.308552618046453,0.5191549938191011,-5.103576037434756,45.24638441181742,15.540306424023584,1,1,excluded,r_hat_max 1.459 > 1.1; n_eff_min 7.0 < 16.0,1.4587159143631303,1.0095703243605363,0.8076923076923077,6.9983463559477626,0,63.0,1.4587159143631303,6.9983463559477626,nan,nan,1.0908188711349893,49.782016930079436,2.7961213762901673,1.3817746588264033,0,1.0,0.0,0.0,0.0,1.0,0.0,1.0,1.0,1.0,0.0,0.0,1.0,0.0,0.9695200581354501,1.0,0.0,0.08536466219555713,0.1265689493998256,1.0,0.0,1.0,0.6634627308325416,1.0,0.2612494735635299,0.0,1.0,1.0,1.0,0.0,0.0,0.0,0.0,0.3399635669169319,1.0,0.7157387633247467,1.0,0.0,0.0,1.0,1.0,1.0,1.0,0.0,0.0,1.0,0.0,1.0,0.0,0.3014612693444474,0.0,1.0,0.0,0.0,0.0,0.0,0.0,0.0,0.8696106953815759,0.0,1.0,1.0,0.0,1.0,1.0,0.37836510102779075,1.0,0.0,1.0,1.0,0.0,1.0,0.0,1.0,1.0,0.0,0.0,0.0,0.0,0.0,0.5870562401262416,0.24558269939578367,0.0,0.037709353702176616,0.34252999107239207,1.0,0.0,0.0,1.0,0.0,0.0,1.0,0.0,0.0,0.0,0.0,1.0,0.17257455393837062,0.9925772142433923,0.0,0.0
129,product/lengthscale,aligned10,9,3.9668109524734088,3.8401773437877624,4.291624547221158,4.308552618046453,0.5191549938191011,-4.54173368204909,53.41252893116325,11.066622440004721,1,1,excluded,r_hat_max 1.232 > 1.1; n_eff_min 7.0 < 16.0,1.2322049873845593,1.0053952946075881,0.8653846153846154,6.979737081865507,0,63.0,1.2322049873845593,6.979737081865507,nan,nan,1.0209728408619563,54.09487072643285,2.806504565722848,1.3814123869924502,0,1.0,0.0,0.0,0.0,1.0,0.0738117519000278,1.0,0.0,1.0,0.0,0.0,1.0,0.0,1.0,1.0,0.0,0.7958750588012755,0.0,1.0,0.0,0.0,0.0,1.0,0.2369360695025967,0.0,1.0,1.0,1.0,0.0,0.0,0.0,0.0,1.0,1.0,1.0,1.0,0.0,0.0,1.0,1.0,1.0,1.0,0.0,0.0,0.0,0.5749926744380215,1.0,0.09827491677872396,0.683537431339096,0.0,0.8445991155736504,0.0,0.0,0.4543408881672315,0.0,0.0,0.0,0.0,0.0,1.0,1.0,0.0,1.0,1.0,0.1325156711377278,1.0,0.0,1.0,1.0,0.0,1.0,0.0,1.0,1.0,0.0,0.0,0.0,0.0,0.0,0.4553599405456733,0.2501663722315434,0.2761681468029844,1.0,1.0,1.0,0.0,0.0,0.0,0.0,0.0,1.0,0.0,0.0,0.0,0.0,0.0,0.17248057559413274,1.0,0.0,0.0
130,product/lengthscale,aligned10,9,3.8082298980663896,3.812230288355373,4.291624547221158,4.308552618046453,0.5191549938191011,-5.155079702205716,52.7913033158984,15.622234994079918,1,1,excluded,r_hat_max 1.506 > 1.1; n_eff_min 5.3 < 16.0,1.5058216546526406,1.0238855016396673,0.6826923076923077,5.316962495756903,0,63.0,1.5058216546526406,5.316962495756903,nan,nan,1.0346242608118068,53.500266396802814,2.8154299994670824,1.3798179318918053,0,1.0,0.0,1.0,0.0,1.0,0.0,1.0,1.0,1.0,0.0,0.32653942886737286,1.0,0.0,1.0,1.0,0.0,0.4170183257095699,0.0,1.0,0.0,0.0,1.0,1.0,0.2211108678573498,0.0,1.0,1.0,1.0,0.0,0.0,1.0,0.0,0.0,1.0,0.0,1.0,0.0,0.0,1.0,1.0,1.0,1.0,0.0,0.0,1.0,0.5557021457636493,1.0,0.0,1.0,0.0,1.0,0.0,0.0,1.0,0.0,0.0,0.0,0.0,0.0,0.5745400211509938,1.0,0.0,1.0,1.0,1.0,1.0,0.0,1.0,1.0,0.0,1.0,0.5554573820149649,1.0,1.0,0.0,0.0,0.0,0.0,0.0,0.36571502672108264,0.243222012475619,0.0,0.0,0.0,1.0,0.0,0.0,1.0,0.0,1.0,1.0,0.0,0.0,0.0,0.0,0.5709896283194108,0.14922621172653733,0.0,0.0,0.0
131,product/lengthscale,aligned10,9,4.107132715416665,4.052716144191592,4.291624547221158,4.308552618046453,0.5191549938191011,-6.060142343663232,54.197649342007935,7.95321353408508,1,1,excluded,r_hat_max 1.101 > 1.1; n_eff_min 6.7 < 16.0,1.1011058144293122,1.0013068986674467,0.9615384615384616,6.7432313588967085,0,63.0,1.1011058144293122,6.7432313588967085,nan,nan,1.0296522815938156,42.07822819818832,2.82300862464723,1.3772547255415397,0,1.0,0.0,0.0,0.0,1.0,0.0,1.0,1.0,1.0,0.0,0.0,1.0,0.0,1.0,1.0,0.0,1.0,0.0,1.0,0.0,1.0,1.0,1.0,0.35999491494795854,0.0,1.0,1.0,1.0,0.0,0.0,0.0,0.0,0.0,1.0,1.0,1.0,0.0,0.0,1.0,1.0,1.0,1.0,1.0,0.0,1.0,0.0,1.0,0.0,0.0,0.0,1.0,0.0,0.0,0.0,0.0,0.0,0.0,1.0,0.0,1.0,1.0,0.0,1.0,0.8911142651416669,0.0,1.0,0.0,1.0,1.0,0.0,1.0,0.0,0.0,1.0,0.0,0.0,0.0,0.0,0.0,0.0,0.29192770523608663,0.0,1.0,0.0,1.0,0.0,0.0,0.0,0.0,0.0,1.0,0.0,0.0,0.0,0.0,0.0,0.15899123802872026,1.0,0.0,0.0
132,product/lengthscale,aligned10,9,4.189091579558056,4.079674666357113,4.291624547221158,4.308552618046453,0.5191549938191011,-5.031798808765394,52.381605508038774,16.54077367996797,1,1,excluded,r_hat_max 1.235 > 1.1; n_eff_min 12.1 < 16.0,1.234732576812253,1.0072546824048882,0.7596153846153846,12.127481675254963,0,63.0,1.234732576812253,12.127481675254963,nan,nan,1.005762877468408,60.77240968718812,2.8327368374560895,1.3765385009875482,0,1.0,0.0,0.0,0.0,1.0,0.6092578678729837,1.0,0.0,1.0,0.0,0.0,1.0,0.0,1.0,1.0,0.0,0.0,0.0,1.0,0.0,1.0,1.0,1.0,0.283339994056881,0.0,1.0,0.0,1.0,0.0,0.0,0.0,0.0,0.0,1.0,1.0,1.0,0.0,0.0,1.0,1.0,1.0,1.0,0.0,0.0,1.0,0.513073549808944,1.0,0.0,0.0,0.0,0.5469368534824611,0.0,0.0,0.0,0.0,0.0,0.0,0.0,0.0,0.0,1.0,0.0,1.0,0.8776169845714238,0.8285958851568136,1.0,0.0,0.0,1.0,0.0,1.0,0.0,0.518294673968919,1.0,0.0,1.0,0.0,1.0,0.0,0.5918000435434241,0.2662904394485373,0.0,1.0,0.0,1.0,0.0,0.0,0.0,0.0,0.0,1.0,0.0,0.0,0.0,0.0,0.0,0.13420681158391493,1.0,0.0,0.0
133,product/lengthscale,aligned10,9,4.258620047552089,4.303774994613541,4.291624547221158,4.308552618046453,0.5191549938191011,-3.378948830696377,53.76071554189548,10.035489419940859,1,1,excluded,r_hat_max 1.791 > 1.1; n_eff_min 3.9 < 16.0,1.7907647179056534,1.006932993763491,0.8173076923076923,3.8915637109881014,0,63.0,1.7907647179056534,3.8915637109881014,nan,nan,1.0213380495822053,39.86843186596427,2.8429349934117436,1.376350066311569,0,1.0,0.0,0.0,0.0,1.0,0.0,1.0,0.8773970631977691,1.0,0.0,0.0,1.0,0.0,1.0,1.0,0.0,0.8127785110811234,0.1859104707000698,1.0,0.0,1.0,0.6788082655520195,1.0,0.29367914107955206,0.0,1.0,0.0,1.0,0.0,0.0,0.0,0.0,1.0,1.0,1.0,1.0,0.0,0.0,1.0,1.0,1.0,1.0,0.0,0.0,1.0,1.0,0.0,0.0,1.0,0.0,1.0,0.0,0.0,0.0,0.0,0.0,0.0,0.0,0.0,0.8591628857925274,1.0,0.0,1.0,0.8979759301446667,1.0,1.0,0.0,0.07258329915956394,0.0,0.0,1.0,0.0,0.052003435219722484,1.0,0.0,0.0,0.0,0.0,0.0,0.0,0.25278387042463113,0.0,1.0,0.0,1.0,0.0,0.0,0.0,0.0,0.0,1.0,0.0,0.0,0.0,0.0,0.0,0.17253251910411485,1.0,0.0,0.0
134,product/lengthscale,aligned10,9,4.351478381863802,4.27570092125943,4.351478381863802,4.308552618046453,0.5191549938191011,-4.391380891559165,53.47659701597877,9.849017829168588,1,1,excluded,r_hat_max 1.249 > 1.1; n_eff_min 9.6 < 16.0,1.2490708997819167,1.0332583533078696,0.625,9.560162058877811,0,63.0,1.2490708997819167,9.560162058877811,nan,nan,1.008546959329372,54.62292636327702,2.8534998072486117,1.3766072340414324,0,1.0,0.0,0.0,0.0,1.0,1.0,1.0,0.0,1.0,0.0,0.0,1.0,0.0,1.0,1.0,0.0,0.0,0.20267087052929006,1.0,0.0,1.0,0.0,1.0,0.2798940225791138,0.0,1.0,0.0,1.0,0.0,0.0,0.0,0.0,0.0,1.0,1.0,1.0,0.0,0.0,1.0,1.0,1.0,1.0,0.0,0.0,0.0,1.0,1.0,0.0,1.0,0.0,1.0,0.0,0.0,0.0,0.0,0.0,0.0,0.0,0.0,1.0,1.0,0.0,1.0,0.8771186116366624,0.5196762441094649,1.0,0.0,0.0,1.0,0.0,1.0,0.0,0.0,1.0,0.0,0.0,0.0,0.0,0.0,0.0,0.25627657293283873,0.0,1.0,0.0,1.0,0.0,0.0,1.0,0.0,0.0,1.0,0.0,0.0,0.0,0.0,1.0,0.1154257398053545,1.0,0.0,0.0
135,product/lengthscale,aligned10,9,4.066348153893145,4.095988299696948,4.351478381863802,4.308552618046453,0.5191549938191011,-4.873134305192888,54.3267696572002,20.39067549002357,1,1,excluded,r_hat_max 1.378 > 1.1; n_eff_min 6.8 < 16.0,1.3781786785850516,1.0096899227232665,0.7692307692307693,6.847132546475638,0,63.0,1.3781786785850516,6.847132546475638,nan,nan,1.1230924074009863,23.87688948797437,2.864595944838354,1.3775009038832093,0,1.0,0.0,0.0,0.0,1.0,0.0,1.0,0.0,1.0,0.0,0.0,1.0,0.0,1.0,1.0,0.0,0.0,0.19193109569299197,1.0,0.0,1.0,1.0,1.0,0.29995229093703435,0.0,1.0,0.0,1.0,0.0,0.0,0.0,0.0,0.0,1.0,1.0,1.0,0.0,0.0,1.0,1.0,1.0,1.0,0.0,0.0,0.0,1.0,1.0,0.0,1.0,0.0,1.0,0.0,0.0,0.0,0.0,0.0,0.0,0.0,0.0,1.0,1.0,0.3360004350896078,0.0,0.8951120228710742,1.0,1.0,0.0,0.0,0.0,0.0,1.0,0.0,0.0,1.0,0.0,0.0,0.0,0.0,0.0,0.0,0.30056183072146325,0.0,1.0,0.0,1.0,0.0,0.0,0.7403985984784069,0.0,0.0,1.0,0.0,0.0,0.0,0.0,1.0,0.0,1.0,0.0,0.0
136,product/lengthscale,aligned10,9,4.466588846514873,4.327621794840761,4.466588846514873,4.327621794840761,0.500085817024793,-4.933837379657611,52.42275669192895,8.63504721596837,1,1,excluded,r_hat_max 1.346 > 1.1; n_eff_min 7.2 < 16.0,1.3455677606173098,1.0145765013991304,0.7596153846153846,7.182810583758781,0,63.0,1.3455677606173098,7.182810583758781,nan,nan,1.1354753079276385,45.45409555615686,2.8734323581402275,1.3762621723553048,0,1.0,0.0,0.0,0.0,1.0,1.0,1.0,1.0,1.0,0.0,0.0,1.0,0.0,1.0,1.0,0.0,0.0,0.17856497298763777,1.0,0.0,1.0,0.0,1.0,0.2671575673013837,0.0,1.0,0.0,1.0,0.0,0.0,0.0,0.0,1.0,1.0,1.0,1.0,0.0,0.0,1.0,1.0,1.0,1.0,0.0,0.0,1.0,0.0,0.0,0.0,0.0,0.0,1.0,0.0,0.0,0.0,0.0,0.0,0.0,0.0,0.0,1.0,1.0,0.0,1.0,0.885863869299816,1.0,1.0,0.0,0.0,1.0,0.0,0.0,0.0,0.0,1.0,0.0,0.0,0.0,0.0,0.0,0.615279680853626,0.22243230625587043,0.0,1.0,0.0,1.0,0.0,0.0,1.0,0.0,0.0,1.0,0.0,0.0,0.0,0.0,0.0,0.18063033060925837,1.0,0.0,0.0
137,product/lengthscale,aligned10,9,4.023552886455908,4.104919629188007,4.466588846514873,4.327621794840761,0.500085817024793,-5.458687759635096,53.58747454104014,15.56005373201333,1,1,excluded,r_hat_max 1.185 > 1.1,1.1849808108110682,1.0103420197467912,0.8461538461538461,16.44005396831262,0,63.0,1.1849808108110682,16.44005396831262,nan,nan,1.022271502324459,105.77984904011095,2.8850612376174145,1.3779199654999246,0,1.0,0.0,0.0,0.0,1.0,1.0,1.0,1.0,1.0,0.0,0.0,1.0,0.0,1.0,1.0,0.0,0.0,0.28007766542761925,1.0,0.0,0.0,0.0,1.0,0.2978744665298587,0.0,1.0,0.0,1.0,0.0,0.0,0.0,0.0,1.0,1.0,1.0,1.0,0.0,0.0,1.0,1.0,1.0,0.0,0.0,0.0,1.0,0.0,0.0,0.0,0.0,0.0,1.0,0.0,0.0,0.0,0.0,0.0,0.0,0.0,0.0,1.0,1.0,0.0,1.0,0.920479055691558,1.0,1.0,0.0,0.0,1.0,0.0,0.0,0.0,0.6169013774896225,1.0,0.0,1.0,0.0,0.0,0.0,0.647377033730783,0.2819748048960451,0.5858057643456877,1.0,0.0,1.0,0.0,0.0,1.0,0.0,0.0,1.0,0.0,0.0,0.0,0.0,0.0,0.2512531939330782,1.0,0.0,0.0
138,product/lengthscale,aligned10,9,1.17005084075014,1.1628144953604527,4.466588846514873,4.327621794840761,0.500085817024793,-6.054009498711656,53.97807009704411,6.898385324981064,1,1,excluded,r_hat_max 1.251 > 1.1; n_eff_min 6.8 < 16.0,1.2505778986537726,1.0053144291640423,0.8942307692307693,6.764608623300163,0,63.0,1.2505778986537726,6.764608623300163,nan,nan,1.0431235359787334,121.54988250945891,2.8933111771017512,1.3763100763877287,0,1.0,0.0,0.0,0.0,1.0,0.0,1.0,0.0,1.0,0.0,0.0,1.0,0.0,1.0,1.0,0.0,0.0,1.0,1.0,0.0,1.0,0.0,1.0,0.0,0.0,1.0,0.0,1.0,0.0,0.0,0.0,0.0,1.0,1.0,1.0,1.0,0.0,0.0,1.0,1.0,1.0,1.0,0.0,0.0,1.0,1.0,1.0,0.0,1.0,0.0,1.0,0.0,0.0,0.0,0.0,0.0,0.0,0.0,0.0,1.0,1.0,0.0,1.0,0.0,0.0,0.0,0.0,0.0,1.0,0.0,1.0,0.0,0.0,1.0,0.0,0.0,0.0,0.0,0.0,0.0,0.0,0.0,1.0,0.0,1.0,0.0,0.0,1.0,0.0,0.0,1.0,0.0,0.0,0.0,0.0,1.0,1.0,1.0,1.0,0.0
139,product/lengthscale,aligned10,9,4.356734999497023,4.29254665369605,4.466588846514873,4.327621794840761,0.500085817024793,-5.73533335776097,53.89575654082,20.911997413961217,1,1,excluded,r_hat_max 1.346 > 1.1; n_eff_min 7.7 < 16.0,1.3463840223431243,1.0152553228084535,0.7403846153846154,7.6986716614435355,0,63.0,1.3463840223431243,7.6986716614435355,nan,nan,1.0238347227440836,36.44082105715798,2.880913620725121,1.3790621430174348,0,1.0,0.0,0.0,0.0,1.0,1.0,1.0,1.0,1.0,0.0,0.0,1.0,0.0,1.0,1.0,0.0,1.0,0.16484223357160296,1.0,0.0,1.0,0.0,1.0,0.2513853153005383,0.0,1.0,0.0,1.0,0.0,0.0,0.0,0.0,1.0,1.0,1.0,1.0,0.0,0.0,1.0,1.0,1.0,1.0,0.0,0.0,1.0,0.0,1.0,0.0,0.0,0.0,1.0,0.0,0.0,0.0,0.0,0.0,0.0,1.0,0.0,1.0,1.0,0.0,1.0,0.8687497022940266,1.0,1.0,0.0,1.0,1.0,0.0,1.0,0.0,0.0,1.0,0.0,0.0,0.0,0.0,0.0,0.0,0.1777396465458011,0.0,1.0,0.0,1.0,0.0,0.0,1.0,0.0,0.0,0.0,1.0,0.0,0.0,0.1545122729783989,0.0,0.1483294964713816,1.0,0.0,0.0
140,product/lengthscale,aligned10,9,4.231316145425469,4.288150900095619,4.466588846514873,4.327621794840761,0.500085817024793,-5.489672960371067,52.752428388921544,12.66074766498059,1,1,excluded,r_hat_max 1.325 > 1.1; n_eff_min 4.7 < 16.0,1.3245225521750652,1.006273506061555,0.9134615384615384,4.684504879513166,0,63.0,1.3245225521750652,4.684504879513166,nan,nan,1.1072556356938916,21.165425901687772,2.891455202002063,1.3797370713790245,0,1.0,0.0,0.0,0.0,1.0,1.0,1.0,1.0,1.0,0.0,0.0,1.0,0.0,1.0,1.0,0.0,0.18542009898874476,0.1420962782196119,1.0,0.0,1.0,0.0,1.0,0.30241380867427353,0.0,1.0,0.0,1.0,0.0,0.0,0.0,0.0,1.0,1.0,1.0,1.0,0.0,0.0,1.0,0.0,1.0,1.0,0.0,0.0,1.0,0.0,0.687446573463398,0.0,0.0,0.0,1.0,0.0,0.0,0.0,0.0,0.0,0.0,0.0,0.0,1.0,1.0,0.0,1.0,0.8396597815388691,0.0,1.0,0.0,1.0,1.0,0.0,1.0,0.0,0.0,1.0,0.0,0.0,0.0,0.0,0.0,0.4412958006003449,0.1935404507951995,0.0,1.0,0.0,1.0,1.0,0.0,0.9012710159337481,0.0,0.0,1.0,1.0,0.0,0.0,0.0,0.0,0.13952306656783045,1.0,0.25266997150814396,0.0
141,product/lengthscale,aligned10,9,4.233064033498873,4.292892686683722,4.466588846514873,4.327621794840761,0.500085817024793,-6.045558609702574,53.74590761587024,11.039690542034805,1,1,excluded,r_hat_max 1.535 > 1.1; n_eff_min 5.1 < 16.0,1.5349140134518435,1.008729221376738,0.75,5.113085388542532,0,63.0,1.5349140134518435,5.113085388542532,nan,nan,1.1369481296709252,31.823027290624882,2.9009577618844986,1.379425590440147,0,1.0,0.0,0.0,0.0,1.0,1.0,1.0,1.0,1.0,0.0,0.0,1.0,0.0,1.0,1.0,0.0,1.0,0.16347182684090866,1.0,0.0,1.0,0.0,1.0,0.2632548172712448,0.0,1.0,0.0,1.0,0.0,0.0,0.0,0.0,1.0,1.0,1.0,1.0,0.0,0.0,1.0,1.0,1.0,1.0,0.0,0.14112072631335437,1.0,1.0,0.0,0.0,0.0,0.0,1.0,0.0,0.0,0.0,0.0,0.0,0.0,1.0,0.0,1.0,1.0,0.0,1.0,0.8724238980552159,0.34940767793666533,1.0,0.0,0.0,1.0,0.0,0.0,0.0,0.0,1.0,0.0,0.0,0.0,1.0,0.0,0.0,0.18907818352995867,0.0,1.0,0.0,1.0,0.0,0.0,1.0,0.0,0.0,0.0,1.0,0.0,0.0,0.0,0.0,0.14541812427295825,1.0,0.0,0.0
142,product/lengthscale,aligned10,9,4.27583033757667,4.324983591634896,4.466588846514873,4.327621794840761,0.500085817024793,-5.668194772583467,52.76892725098878,7.3692990930285305,1,1,excluded,r_hat_max 1.462 > 1.1; n_eff_min 6.9 < 16.0,1.462025693304197,1.0021675803970407,0.9326923076923077,6.899031135796331,0,62.625,1.462025693304197,6.899031135796331,nan,nan,1.0249418597607503,91.86182517409674,2.91033879196629,1.379066125859412,0,1.0,0.0,0.0,0.0,1.0,1.0,1.0,1.0,1.0,0.0,0.0,1.0,0.0,1.0,1.0,0.0,0.0,0.15819994351932956,1.0,0.0,1.0,0.0,1.0,0.2077376417788793,0.0,1.0,0.0,1.0,0.0,0.0,0.0,0.0,1.0,1.0,1.0,1.0,0.0,0.0,1.0,1.0,1.0,1.0,0.0,0.0,0.0,0.0,1.0,0.0,0.0,0.0,1.0,0.0,0.0,0.0,0.0,0.0,0.0,1.0,0.0,1.0,1.0,0.0,1.0,0.862425905352767,1.0,1.0,0.0,1.0,1.0,0.0,1.0,0.0,0.0,1.0,0.0,0.0,1.0,0.0,0.0,1.0,0.19902287978984007,0.0,1.0,0.0,1.0,0.0,0.0,0.0,0.0,0.0,1.0,0.0,0.0,0.0,0.0,0.0,0.19210773038125808,1.0,0.0,0.0
143,product/lengthscale,aligned10,9,4.3111416110888205,4.310715319365334,4.466588846514873,4.327621794840761,0.500085817024793,-5.895532516959051,54.258011617930606,10.35335605405271,1,1,excluded,r_hat_max 1.228 > 1.1; n_eff_min 10.9 < 16.0,1.2283470401461956,1.003792703803223,0.875,10.852202806504037,0,63.0,1.2283470401461956,10.852202806504037,nan,nan,1.0008580825154756,76.03467179419053,2.919887683893635,1.3789386009392612,0,1.0,0.0,0.0,0.0,1.0,1.0,1.0,0.0,1.0,0.0,0.0,1.0,0.0,1.0,1.0,0.0,0.3564404459245743,0.17765890543795676,1.0,0.0,1.0,0.0,1.0,0.2417203740358487,0.0,1.0,0.0,1.0,0.0,0.0,0.0,0.0,0.0,1.0,1.0,1.0,0.0,0.0,1.0,1.0,1.0,1.0,0.0,0.0,1.0,0.0,0.0,0.0,1.0,0.0,1.0,0.0,0.0,0.0,0.0,0.0,0.0,1.0,1.0,1.0,1.0,0.0,1.0,0.8854652157154608,1.0,1.0,0.0,1.0,1.0,0.0,1.0,0.0,0.0,1.0,0.0,0.0,0.0,0.0,0.0,0.4342458173903318,0.23349142029587072,0.0,1.0,0.0,1.0,0.0,0.0,0.0,0.0,0.0,0.0,0.0,0.0,0.0,1.0,0.0,0.15968138314956978,1.0,0.0,0.0
144,product/lengthscale,aligned10,9,4.201898435152769,4.298708085093129,4.466588846514873,4.327621794840761,0.500085817024793,-6.708801192512556,49.977201445028186,10.355427763890475,1,1,excluded,r_hat_max 1.503 > 1.1; n_eff_min 9.4 < 16.0,1.5028145465344909,1.001909656458031,0.8942307692307693,9.39708072919069,0,63.0,1.5028145465344909,9.39708072919069,nan,nan,1.0680225163577413,59.47592299379343,2.9295491694991576,1.3789906585274798,0,1.0,0.0,0.0,0.0,1.0,1.0,1.0,0.0,1.0,0.0,0.0,1.0,0.0,1.0,1.0,0.0,1.0,0.13867262419480245,1.0,0.0,1.0,0.0,1.0,0.23678160341237056,0.0,1.0,0.0,1.0,0.0,0.0,0.0,0.0,1.0,0.7877071566943562,1.0,1.0,0.0,0.0,1.0,1.0,1.0,1.0,0.0,0.0,1.0,0.0,0.0,0.0,1.0,0.0,1.0,0.0,0.0,0.0,0.0,0.0,0.0,0.0,1.0,1.0,1.0,0.0,1.0,0.8609528319644617,0.8607014175280873,1.0,0.0,1.0,1.0,0.0,1.0,0.0,0.0,1.0,0.0,0.0,1.0,0.0,0.0,0.0,0.24726626916451275,0.0,1.0,0.0,1.0,0.0,0.0,1.0,0.0,0.0,0.0,0.0,0.0,0.0,0.0,0.0,0.1517601864286932,1.0,0.0,0.0
145,product/lengthscale,aligned10,9,4.122543501513827,4.1368227749195015,4.466588846514873,4.327621794840761,0.500085817024793,-6.822435723266308,54.18258178397082,14.254841428948566,1,1,excluded,r_hat_max 1.534 > 1.1; n_eff_min 5.9 < 16.0,1.5337339082739165,1.0257196838024438,0.6730769230769231,5.892179232306795,0,63.0,1.5337339082739165,5.892179232306795,nan,nan,1.0956108320513471,16.90146023314882,2.9383239920209068,1.3782555241866288,0,1.0,0.0,0.0,0.0,1.0,0.0,1.0,1.0,1.0,0.0,0.0,1.0,0.0,1.0,1.0,0.0,0.0,0.20073059820786054,1.0,0.0,1.0,0.0,1.0,0.32659848304232036,0.0,1.0,0.0,1.0,0.0,0.0,0.0,0.0,0.0,1.0,1.0,1.0,0.0,0.0,1.0,1.0,1.0,1.0,0.0,0.0,0.0,0.0,0.0,0.0,0.0,0.0,1.0,0.0,0.0,0.0,0.0,0.0,0.0,0.0,0.0,1.0,1.0,0.0,1.0,0.8803387697028642,1.0,1.0,0.0,0.0,1.0,0.0,1.0,0.0,0.0,1.0,0.0,0.0,0.0,0.0,0.0,0.0,0.05790873603745076,0.0,1.0,0.0,1.0,0.0,0.0,0.0,0.0,0.0,1.0,0.0,0.0,0.0,0.0,0.0,0.1676187930941935,1.0,0.0,0.0
146,product/lengthscale,aligned10,9,4.294568546337516,4.292452447887175,4.466588846514873,4.327621794840761,0.500085817024793,-6.155998735895256,53.65809704991989,7.936684489948675,1,1,excluded,n_eff_min 15.1 < 16.0,1.0717459797181401,1.0003367475931593,0.9519230769230769,15.085992337384422,0,62.4375,1.0717459797181401,15.085992337384422,nan,nan,1.0075768578956668,155.0835900975513,2.94643508455168,1.3769956192555102,0,1.0,0.0,0.0,0.0,0.0,1.0,1.0,1.0,1.0,0.0,0.0,1.0,0.0,0.0,1.0,0.0,0.0,0.15482169568557674,1.0,0.0,1.0,0.0,1.0,0.2612558457211574,0.0,1.0,0.0,1.0,0.0,1.0,0.0,0.0,1.0,1.0,1.0,1.0,0.0,0.0,1.0,1.0,1.0,1.0,0.0,0.0,1.0,0.0,1.0,0.0,0.0,0.0,1.0,0.0,0.0,0.0,0.0,0.0,0.0,0.0,0.0,0.0,1.0,0.0,1.0,0.8822466131289288,1.0,1.0,0.0,1.0,0.9997576541585363,0.0,0.0,0.0,0.0,1.0,0.0,0.0,0.0,0.0,0.0,1.0,0.2335597152742968,0.0,1.0,0.0,1.0,0.0,0.0,1.0,0.0,0.0,0.0,0.0,0.0,0.0,0.0,0.0,0.15026948691284114,1.0,0.0,0.0
147,product/lengthscale,aligned10,9,4.211145892223282,4.299723398132548,4.466588846514873,4.327621794840761,0.500085817024793,-6.2081889554401055,54.499759847065434,13.701565078925341,1,1,excluded,r_hat_max 1.474 > 1.1; n_eff_min 4.6 < 16.0,1.4741766135313719,1.0075298290610983,0.7596153846153846,4.609876227927992,0,63.0,1.4741766135313719,4.609876227927992,nan,nan,1.3026739694478648,7.769268935609942,2.9556060604821957,1.376770777404718,0,1.0,0.0,0.0,0.0,1.0,1.0,1.0,0.4600131294326085,1.0,0.0,0.0,1.0,0.0,0.45389331563665203,1.0,0.0,0.0,0.14335418574609482,1.0,0.0,1.0,0.0,1.0,0.2599520026793499,0.0,1.0,0.0,1.0,0.0,1.0,0.0,0.0,1.0,1.0,1.0,1.0,0.0,0.0,1.0,1.0,1.0,1.0,0.0,0.0,0.0,0.0,1.0,0.0,0.0,0.0,1.0,0.0,0.0,0.0,0.0,0.7534360047840949,0.0,1.0,0.0,1.0,1.0,0.0,1.0,0.8684656677866187,1.0,1.0,0.0,0.0,1.0,1.0,1.0,0.0,0.0,1.0,0.0,0.0,0.0,0.0,0.0,0.0,0.257404074650391,0.0,1.0,0.0,1.0,0.0,0.0,0.0,0.0,0.0,1.0,1.0,0.0,0.0,0.0,0.0,0.14859746939159438,1.0,0.0,0.0
148,product/lengthscale,aligned10,9,4.162959187662125,4.284155460108049,4.466588846514873,4.327621794840761,0.500085817024793,-7.136595015154601,53.81995497783646,11.854015388060361,1,1,excluded,r_hat_max 1.180 > 1.1; n_eff_min 12.6 < 16.0,1.179777567773946,0.9993985979049165,0.9807692307692307,12.637122384027277,0,62.875,1.179777567773946,12.637122384027277,nan,nan,1.0053579347333448,89.69954415817416,2.9640894377236897,1.3759613390179,0,1.0,0.0,0.0,0.0,0.0,0.0,1.0,1.0,1.0,0.0,0.0,1.0,0.0,0.0,1.0,0.0,0.0,0.14286715987140947,1.0,0.0,1.0,0.0,1.0,0.2982753551883493,0.0,1.0,0.0,1.0,0.0,0.0,0.0,0.0,1.0,1.0,1.0,1.0,0.0,0.0,1.0,1.0,1.0,1.0,0.0,0.0,1.0,1.0,1.0,0.0,0.0,0.0,1.0,0.0,0.0,0.0,0.0,0.0,0.0,1.0,1.0,0.0,1.0,0.0,1.0,0.8743855144901685,1.0,1.0,0.0,1.0,1.0,0.0,1.0,0.0,0.0,1.0,0.0,0.0,0.0,0.0,0.0,0.0,0.2450643405520123,0.0,1.0,0.0,1.0,0.0,0.0,1.0,0.0,0.0,0.0,0.0,0.0,0.0,0.0,0.0,0.14545734895007753,1.0,0.0,0.0
149,product/lengthscale,aligned10,9,4.270579560236453,4.334843130223335,4.466588846514873,4.334843130223335,0.4928644816422194,-7.557159265620891,54.55836296500638,12.56674085604027,1,1,excluded,r_hat_max 1.159 > 1.1; n_eff_min 9.3 < 16.0,1.1593877356241051,0.9999119557366951,0.9615384615384616,9.318759221578286,0,63.0,1.1593877356241051,9.318759221578286,nan,nan,1.0025101715493832,50.383063582267035,2.9721355434279744,1.374825295069383,0,1.0,0.0,0.0,0.0,0.0,1.0,1.0,1.0,1.0,0.0,0.0,1.0,0.0,1.0,1.0,0.0,1.0,0.17826544980282363,1.0,0.0,1.0,0.0,1.0,0.23006670246200614,0.0,1.0,0.0,1.0,0.0,1.0,0.0,0.0,0.0,1.0,1.0,1.0,0.0,0.0,1.0,1.0,1.0,1.0,0.0,0.0,1.0,0.0,1.0,0.0,1.0,0.0,1.0,0.0,0.0,0.0,0.0,0.0,0.0,0.0,0.0,1.0,1.0,0.0,1.0,0.8754867965626186,1.0,1.0,0.0,0.0,1.0,0.0,0.0,0.0,0.0,1.0,0.0,1.0,0.0,0.0,0.0,1.0,0.2015144416567583,0.0,1.0,0.0,1.0,0.0,0.0,1.0,0.0,0.0,1.0,0.0,0.0,0.0,0.24757719209091272,0.0,0.2006308240886062,1.0,0.0,0.0
150,product/lengthscale,aligned10,9,4.587790597695296,4.299615505244565,4.587790597695296,4.334843130223335,0.4928644816422194,-6.95790985066964,54.05852581909858,16.227720738155767,1,1,excluded,r_hat_max 1.250 > 1.1; n_eff_min 8.8 < 16.0,1.2498933315776377,1.0086164690383148,0.8557692307692307,8.774879992875084,0,63.0,1.2498933315776377,8.774879992875084,nan,nan,1.0356376724420906,121.84319370995523,2.9807918368733644,1.3743028811116893,1,1.0,0.0,0.0,0.0,1.0,1.0,1.0,0.08893989163376297,1.0,0.0,0.0,1.0,0.0,0.0,1.0,0.0,0.0,0.20137707094294646,1.0,0.0,1.0,0.0,1.0,0.22239301776870796,0.0,1.0,0.0,1.0,0.0,1.0,0.0,0.0,0.0,1.0,1.0,1.0,0.0,1.0,1.0,1.0,1.0,1.0,0.0,0.0,1.0,1.0,0.8243494248211033,0.0,0.0,0.0,1.0,0.0,0.0,0.0,0.0,0.0,0.0,0.0,0.0,1.0,1.0,0.0,1.0,0.8784230481532278,1.0,1.0,0.0,1.0,1.0,0.0,1.0,0.0,0.0,1.0,0.0,0.0,0.0,0.0,0.0,1.0,0.1989031654168244,0.0,1.0,0.0,1.0,0.0,0.0,1.0,0.0,0.0,1.0,0.0,0.0,0.0,1.0,0.0,0.16355989525489822,1.0,0.0,0.0
151,product/lengthscale,aligned10,9,4.274416232978794,4.165618979258086,4.587790597695296,4.334843130223335,0.4928644816422194,-7.10587590891584,55.23548261704855,15.062351059168577,1,1,excluded,r_hat_max 1.302 > 1.1; n_eff_min 4.8 < 16.0,1.301659775059351,1.010661947617864,0.7596153846153846,4.778919541027181,0,63.0,1.301659775059351,4.778919541027181,nan,nan,1.0326068358719933,80.15348215207453,2.9914342127728473,1.3759322043767108,0,1.0,0.0,0.0,0.0,1.0,1.0,1.0,0.0,1.0,0.0,0.0,1.0,0.0,0.0,1.0,0.0,0.0,0.2465991492766812,1.0,0.0,1.0,0.0,1.0,0.212322845638611,0.0,1.0,1.0,1.0,0.0,1.0,0.0,0.0,0.0,1.0,1.0,1.0,0.0,1.0,1.0,1.0,1.0,1.0,0.0,0.0,1.0,1.0,0.0,0.0,0.0,0.0,1.0,0.0,0.0,0.0,0.0,0.0,0.0,0.0,0.0,1.0,1.0,0.0,1.0,0.8843939068433417,1.0,1.0,0.0,1.0,1.0,0.0,1.0,0.0,0.0,1.0,0.0,0.0,0.0,0.0,0.0,1.0,0.18497053931401783,0.0,1.0,0.0,1.0,0.0,0.0,1.0,0.0,0.0,1.0,0.0,0.0,1.0,1.0,0.0,0.12749469603851768,1.0,0.0,0.0
152,product/lengthscale,aligned10,9,4.18043981699829,4.2487883696793265,4.587790597695296,4.334843130223335,0.4928644816422194,-7.192565927195899,53.22732803388499,9.052783724153414,1,1,excluded,r_hat_max 2.053 > 1.1; n_eff_min 3.6 < 16.0,2.0529741031598485,1.0030992572975905,0.9134615384615384,3.627124821869722,0,62.8125,2.0529741031598485,3.627124821869722,nan,nan,1.1825541592567546,15.70013937349521,2.999874883958413,1.3753153172473478,0,1.0,0.0,0.0,0.0,1.0,1.0,1.0,0.0,1.0,0.0,0.0,1.0,0.0,0.0,1.0,0.0,0.5791637286804375,0.1714321768077535,1.0,0.0,1.0,1.0,1.0,0.25547519895912013,0.0,1.0,0.0,1.0,0.0,1.0,0.0,0.0,0.0,1.0,1.0,1.0,0.0,1.0,1.0,1.0,0.733253333467656,1.0,0.0,0.0,1.0,1.0,1.0,0.0,0.0,0.0305623819160649,1.0,0.0,0.0,0.0,0.0,0.0,0.0,0.0,0.0,1.0,1.0,0.0,1.0,0.8752863765614352,0.0,1.0,0.0,1.0,1.0,0.0,0.08939803688406894,1.0,0.0,1.0,0.0,0.0,0.0,0.0,0.0,1.0,0.20266168959114442,0.0,1.0,0.0,1.0,0.0,0.0,1.0,0.0,0.0,1.0,0.0,0.0,0.0,1.0,0.0,0.1866084726419222,1.0,0.0,0.0
153,product/lengthscale,aligned10,9,4.230603612583241,4.258354843999307,4.587790597695296,4.334843130223335,0.4928644816422194,-7.804828530516694,54.5207868500147,15.366727942135185,1,1,ok,,1.0666027321172222,1.0002699034051061,0.9615384615384616,53.88311454304917,0,62.75,1.0666027321172222,53.88311454304917,nan,nan,1.0031565478361721,124.53609444565166,3.007590994631876,1.3741103881825878,0,1.0,0.0,0.0,0.0,1.0,1.0,1.0,0.0,0.0,0.0,0.0,1.0,0.0,0.0,1.0,0.0,0.0,0.17520412617269654,0.7565204738001904,0.0,1.0,0.0,1.0,0.2781249816881125,0.0,1.0,0.0,1.0,0.0,1.0,0.0,0.0,0.0,1.0,1.0,1.0,0.0,1.0,1.0,1.0,1.0,1.0,1.0,0.0,1.0,0.0,1.0,0.0,0.0,0.0,1.0,0.0,0.0,0.0,0.0,0.0,0.0,0.0,0.0,1.0,1.0,0.0,1.0,0.9043003556330759,1.0,1.0,0.0,1.0,1.0,0.0,1.0,0.0,0.0,1.0,0.0,0.0,0.0,0.0,0.0,1.0,0.21767984594523043,8.465695831106204e-05,1.0,0.0,1.0,0.0,0.0,1.0,0.0,0.0,1.0,0.0,0.0,0.0,1.0,0.0,0.14870229105385394,1.0,0.0,1.0
154,product/lengthscale,aligned10,9,0.12471157696474508,0.28577734442194697,4.587790597695296,4.334843130223335,0.4928644816422194,-8.829894605552244,53.84814400714822,10.975080231204629,1,1,excluded,r_hat_max 1.359 > 1.1; n_eff_min 10.1 < 16.0,1.3590455429596613,1.005241939164995,0.9230769230769231,10.08509574704832,0,63.0,1.3590455429596613,10.08509574704832,nan,nan,1.0245953818243967,78.54614895078333,3.0155326350081837,1.3731598999092918,0,1.0,0.0,0.0,0.0,1.0,1.0,1.0,0.0,1.0,0.0,0.0,1.0,0.0,0.0,1.0,0.0,0.0,1.0,1.0,0.0,1.0,0.0,1.0,1.0,0.0,1.0,0.0,1.0,0.0,1.0,0.0,0.0,0.0,1.0,1.0,1.0,0.0,1.0,1.0,1.0,1.0,1.0,0.0,0.0,1.0,0.0,1.0,0.0,0.0,0.0,1.0,0.0,0.0,0.0,0.0,0.0,0.0,1.0,0.0,1.0,1.0,0.0,1.0,1.0,1.0,1.0,0.0,1.0,1.0,0.0,1.0,0.0,0.0,1.0,0.0,0.0,0.0,0.0,0.0,1.0,1.0,0.0,1.0,0.0,1.0,0.0,0.0,0.0,0.0,0.0,1.0,0.0,0.0,0.0,1.0,0.0,1.0,1.0,0.0,1.0
155,product/lengthscale,aligned10,9,1.8845941955159262,1.8689993001571539,4.587790597695296,4.334843130223335,0.4928644816422194,-8.171405713566964,55.150840206071734,14.522348801139742,1,1,excluded,r_hat_max 1.304 > 1.1; n_eff_min 8.7 < 16.0,1.303616391362994,1.0351281688455718,0.5865384615384616,8.718995903001487,0,63.0,1.303616391362994,8.718995903001487,nan,nan,1.1341035880383188,16.683660213240046,2.9968821765691933,1.3881536131003236,0,1.0,0.0,0.0,0.0,1.0,1.0,1.0,0.0,1.0,0.0,0.0,1.0,0.0,0.0,1.0,0.0,0.0,0.0,1.0,0.0,1.0,0.0,1.0,0.0,0.0,1.0,0.0,1.0,0.0,1.0,0.0,0.0,1.0,1.0,1.0,1.0,0.0,1.0,1.0,1.0,1.0,1.0,0.0,0.0,1.0,0.0,1.0,0.0,0.0,0.0,1.0,0.0,0.0,0.0,0.0,0.0,0.0,1.0,0.0,1.0,1.0,0.0,1.0,0.0,1.0,1.0,0.0,1.0,1.0,0.0,1.0,0.0,0.0,1.0,0.0,1.0,0.0,0.0,0.0,1.0,1.0,0.0,1.0,0.0,1.0,0.0,0.0,0.0,0.0,0.0,1.0,1.0,0.0,0.0,1.0,0.0,0.0,0.0,0.0,1.0
156,product/lengthscale,aligned10,9,4.442619180565395,4.307680909847318,4.587790597695296,4.334843130223335,0.4928644816422194,-7.73353970043741,53.701326297130436,22.472271093865857,1,1,ok,,1.08124191597448,1.0055368540239324,0.9038461538461539,17.911759279132006,0,63.0,1.08124191597448,17.911759279132006,nan,nan,1.0528291918161634,107.35036330382627,2.9897521254085957,1.3865417092326606,0,1.0,0.0,0.0,0.0,1.0,1.0,1.0,1.0,1.0,0.0,0.0,1.0,0.0,0.24579010322711892,1.0,0.0,1.0,0.1883666036320685,1.0,0.0,1.0,0.0,1.0,0.20403868856901433,0.0,1.0,0.0,1.0,0.0,0.0,0.0,0.0,0.0,1.0,1.0,0.8756114656470967,0.0,1.0,1.0,1.0,1.0,1.0,0.0,0.0,1.0,1.0,1.0,0.0,0.0,0.0,1.0,0.0,1.0,0.0,0.0,0.0,0.0,0.0,0.0,1.0,1.0,0.0,1.0,0.8749128077088154,1.0,1.0,0.0,1.0,1.0,0.0,1.0,0.0,0.0,1.0,0.0,0.0,0.0,0.0,0.0,1.0,0.22814096683284638,0.0,1.0,0.0,0.0,0.0,0.0,0.0,0.0,0.0,1.0,0.0,0.0,0.0,0.0,0.0,0.15437950111036444,1.0,0.0,1.0
157,product/lengthscale,aligned10,9,1.0382106738397792,1.0153875751722665,4.587790597695296,4.334843130223335,0.4928644816422194,-8.64349876827861,58.51931600016542,10.902348920004442,1,1,excluded,r_hat_max 1.332 > 1.1; n_eff_min 9.4 < 16.0,1.3320748429836102,1.006086295735705,0.8942307692307693,9.381069304463006,0,63.0,1.3320748429836102,9.381069304463006,nan,nan,1.0539285800067892,121.53232845997498,2.9990060556962184,1.3869433287033206,0,1.0,0.0,0.0,0.0,1.0,1.0,1.0,0.0,0.0,0.0,0.0,1.0,0.0,0.0,1.0,0.0,0.0,1.0,1.0,0.0,1.0,0.0,1.0,1.0,0.0,1.0,1.0,1.0,0.0,1.0,0.0,0.0,0.0,1.0,1.0,1.0,0.0,1.0,1.0,1.0,1.0,1.0,0.0,0.0,1.0,1.0,1.0,0.0,0.0,0.0,1.0,0.0,1.0,0.0,0.0,0.0,0.0,0.0,0.0,1.0,1.0,0.0,1.0,1.0,1.0,1.0,0.0,1.0,1.0,0.0,1.0,0.0,0.0,1.0,0.0,0.0,0.0,0.0,0.0,1.0,0.0,0.0,1.0,0.0,1.0,0.0,0.0,0.0,0.0,0.0,1.0,1.0,0.0,0.0,1.0,0.0,1.0,1.0,0.0,1.0
158,product/lengthscale,aligned10,9,4.20359160272884,4.265128288255631,4.587790597695296,4.334843130223335,0.4928644816422194,-7.880486547834138,54.627667383058,11.773554170038551,1,1,excluded,r_hat_max 1.326 > 1.1; n_eff_min 9.9 < 16.0,1.3260165854336579,1.0137408175708524,0.7403846153846154,9.898343391844111,0,63.0,1.3260165854336579,9.898343391844111,nan,nan,1.0598257179433215,48.689234467328255,2.9865959583426966,1.391264421268803,0,1.0,0.0,0.0,0.0,1.0,1.0,1.0,1.0,1.0,0.0,0.0,1.0,0.0,0.0,1.0,0.0,0.0,0.19863531830216297,1.0,0.0,1.0,0.0,1.0,0.17197997552694838,0.0,1.0,0.0,1.0,0.0,0.0,0.0,0.0,0.0,1.0,1.0,1.0,0.0,1.0,1.0,1.0,1.0,1.0,0.0,0.0,1.0,1.0,0.0,0.0,1.0,0.0,1.0,0.0,0.0,0.0,0.0,0.0,0.0,0.0,0.0,1.0,1.0,0.0,1.0,0.8454181685718428,1.0,1.0,0.0,1.0,0.0,0.0,1.0,0.0,1.0,1.0,0.0,0.0,0.0,0.0,0.0,1.0,0.17832493603954258,0.0,1.0,0.0,0.24977282581597673,0.0,0.0,1.0,0.0,0.0,1.0,1.0,0.0,0.0,0.0,0.0,0.13812159805298566,1.0,0.0,0.0
159,product/lengthscale,aligned10,9,4.2877193000359215,4.29259289513864,4.587790597695296,4.334843130223335,0.4928644816422194,-7.530224763228619,56.054452831856906,9.116688586072996,1,1,excluded,r_hat_max 1.176 > 1.1; n_eff_min 9.9 < 16.0,1.1762655288386237,1.0075866695362325,0.9230769230769231,9.945789843416804,0,62.375,1.1762655288386237,9.945789843416804,nan,nan,1.0629756000052148,99.25338822032633,2.9942500189992134,1.3902155853863887,0,1.0,0.0,0.0,0.0,1.0,1.0,1.0,0.0,1.0,0.0,0.0,0.8747146455656906,0.0,1.0,1.0,0.0,0.0,0.17819187124183547,1.0,0.0,1.0,0.0,1.0,0.25352960546683495,0.0,1.0,0.0,1.0,0.0,1.0,0.0,0.0,0.0,1.0,1.0,1.0,0.0,1.0,1.0,1.0,1.0,1.0,0.0,0.0,1.0,1.876187236285535e-05,1.0,0.22399641559444333,0.0,0.0,1.0,0.0,1.0,0.0,0.0,0.004639118176065166,0.0,0.0,0.0,1.0,1.0,0.0,1.0,0.8941122602321597,1.0,1.0,0.0,1.0,1.0,0.0,1.0,0.0,0.0,1.0,0.0,0.0,0.0,0.0,0.0,1.0,0.2198817064101566,0.0,1.0,0.0,1.0,0.0,0.0,0.5247244029108147,0.0,0.0,1.0,0.43628964225648187,0.0,0.0,1.0,0.0,0.1606422977689012,1.0,0.0,1.0
160,product/lengthscale,aligned10,9,4.039939962284741,3.9087767352928453,4.587790597695296,4.334843130223335,0.4928644816422194,-6.928209850664707,51.13716417993419,16.189116067020223,1,1,ok,,1.0895729336996043,1.0029918660646295,0.9519230769230769,21.351823112403437,0,62.875,1.0895729336996043,21.351823112403437,nan,nan,1.0006057712512482,133.9604788497419,3.0023342020056933,1.3896083229208607,0,1.0,0.0,0.0,0.0,1.0,1.0,1.0,1.0,1.0,0.0,0.0,1.0,0.0,0.0,1.0,0.0,0.0,0.17877690414630712,1.0,0.0,1.0,0.0,1.0,0.2364251991477234,0.0,1.0,0.0,1.0,0.0,1.0,0.0,0.0,0.0,1.0,1.0,1.0,0.0,1.0,1.0,0.0,1.0,1.0,0.0,0.0,1.0,1.0,1.0,0.0,0.0,0.0,1.0,1.0,1.0,0.0,0.6102693256187894,0.0,0.0,1.0,0.0,1.0,1.0,0.0,1.0,0.8848039861745689,1.0,1.0,0.0,1.0,1.0,0.0,1.0,0.0,0.0,0.0,1.0,1.0,0.0,1.0,0.0,1.0,0.21743682968533967,0.0,1.0,0.0,1.0,0.0,0.0,0.0,0.0,0.0,1.0,0.0,0.0,0.0,0.0,0.0,0.16362567047584314,1.0,0.0,0.0
161,product/lengthscale,aligned10,9,1.7077863720063426,1.827217509403428,4.587790597695296,4.334843130223335,0.4928644816422194,-7.591701375774324,55.53924620593898,10.371259280014783,1,1,excluded,n_eff_min 12.1 < 16.0,1.0392470383743582,1.0005616488876634,1.0,12.141291947228707,0,60.875,1.0392470383743582,12.141291947228707,nan,nan,1.037264449130289,88.96804735971281,3.0087789582807183,1.3876826054724904,0,1.0,0.0,0.0,0.0,1.0,1.0,1.0,0.0,1.0,0.0,0.0,1.0,0.0,0.0,1.0,0.0,0.0,0.0,1.0,0.0,0.0,0.0,1.0,0.0,0.0,1.0,1.0,1.0,0.0,0.0,0.0,1.0,0.0,1.0,1.0,0.0,0.0,0.0,0.0,1.0,0.0,0.0,0.0,0.0,0.0,1.0,1.0,0.0,0.0,0.7133601878276343,1.0,0.0,0.0,1.0,0.0,0.0,0.0,0.0,0.0,1.0,1.0,0.0,1.0,1.0,1.0,1.0,0.0,1.0,1.0,0.0,1.0,0.0,0.0,1.0,0.0,0.0,0.0,0.0,0.0,1.0,0.0,0.0,1.0,0.0,0.0,0.0,0.0,0.0,0.0,0.0,1.0,1.0,0.0,0.685266102935687,0.0,0.0,0.7713268277594465,1.0,1.0,0.0
162,product/lengthscale,aligned10,9,4.54031461286349,4.320288084034317,4.587790597695296,4.334843130223335,0.4928644816422194,-7.788083332077413,55.3587496120017,8.8730541348923,1,1,ok,,1.0470402116747743,0.999840401821724,1.0,31.220893655542326,0,62.0625,1.0470402116747743,31.220893655542326,nan,nan,1.0055660408628209,190.97539984765623,3.0007481398469262,1.3871408529795317,0,1.0,0.0,0.0,0.0,1.0,0.0,1.0,0.0,1.0,0.0,0.0,0.0,0.0,0.21307907364448508,1.0,0.0,1.0,0.1650025798968604,1.0,0.0,1.0,0.0,1.0,0.23187762342536117,0.0,1.0,0.0,1.0,0.0,0.0,0.0,0.0,0.0,1.0,1.0,1.0,0.0,1.0,1.0,1.0,1.0,1.0,0.0,0.0,1.0,1.0,1.0,0.0,0.0,0.0,1.0,0.0,0.0,0.0,0.0,0.0,0.0,0.0,0.0,1.0,1.0,0.0,1.0,0.8758630983772987,1.0,1.0,0.0,1.0,1.0,0.0,1.0,0.0,0.0,1.0,0.0,0.0,0.0,0.0,0.0,1.0,0.2066463820438169,0.0,1.0,0.0,1.0,0.0,0.0,1.0,0.0,0.0,1.0,0.0,0.0,0.0,1.0,0.0,0.1767924342787127,1.0,0.0,1.0
163,product/lengthscale,aligned10,9,4.233968313302484,4.310514158500808,4.587790597695296,4.334843130223335,0.4928644816422194,-6.2071822495480795,56.60559169203043,14.414127388037741,1,1,excluded,r_hat_max 1.125 > 1.1,1.1246420585507384,0.9990174549229933,0.9903846153846154,24.115919522836155,0,63.0,1.1246420585507384,24.115919522836155,nan,nan,0.997867459511379,164.5602232577093,3.0101933329329174,1.3880948728095919,0,1.0,0.0,0.0,0.0,1.0,1.0,1.0,0.0,1.0,0.0,0.0,0.0,0.0,0.0,1.0,0.0,1.0,0.18195796458355243,1.0,0.0,1.0,0.0,1.0,0.23011844311134286,0.0,1.0,0.3952096313341159,1.0,0.0,0.0,0.0,0.0,0.0,1.0,1.0,1.0,0.0,1.0,1.0,1.0,1.0,1.0,1.0,0.0,1.0,1.0,1.0,0.0,0.0,0.0,0.0,0.0,0.0,0.0,0.0,0.0,0.0,0.0,0.0,1.0,1.0,0.0,1.0,0.8798114313467496,1.0,1.0,0.0,0.6527525211974183,1.0,0.0,1.0,0.0,0.0,1.0,0.0,0.0,0.0,0.0,0.0,0.8117356174796838,0.21507519270203332,0.0,0.0,0.0,1.0,0.0,0.0,0.0,0.0,0.0,1.0,0.0,0.0,0.0,1.0,1.0,0.15821065294877845,1.0,0.0,1.0
164,product/lengthscale,aligned10,9,4.168744090309528,4.333479519036547,4.587790597695296,4.334843130223335,0.4928644816422194,-6.20169288878103,55.79651124100201,7.39731922512874,1,1,excluded,r_hat_max 1.437 > 1.1; n_eff_min 4.5 < 16.0,1.4369638132835265,1.0123192348170513,0.7884615384615384,4.522479863520963,0,63.0,1.4369638132835265,4.522479863520963,nan,nan,1.0105057719692538,112.29731789454472,3.0176553754961466,1.3871318356124143,0,1.0,0.0,0.0,0.0,1.0,1.0,1.0,1.0,0.0,0.0,0.0,0.0,0.0,0.0,1.0,0.0,1.0,0.15908345903605695,1.0,0.0,1.0,0.0,1.0,0.2938943204250966,0.0,1.0,0.0,1.0,0.0,0.0,0.0,0.0,0.0,1.0,1.0,1.0,0.0,1.0,1.0,1.0,1.0,1.0,0.0,0.0,1.0,0.0,1.0,0.0,0.0,0.0,1.0,0.0,0.0,0.0,0.0,0.0,0.0,0.0,0.0,1.0,0.8759216034137558,0.0,1.0,0.851951375401848,1.0,1.0,0.0,1.0,1.0,0.0,1.0,0.0,0.0,1.0,0.0,0.0,0.0,0.0,0.0,1.0,0.2012681398217385,0.0,1.0,0.0,1.0,0.3964631643724979,0.0,1.0,0.0,0.0,1.0,0.0,0.0,0.0,1.0,0.0,0.15837457721621664,1.0,0.0,0.0
165,product/lengthscale,aligned10,9,4.122526303297675,4.144657517266051,4.587790597695296,4.334843130223335,0.4928644816422194,-6.619140655729533,56.83225048612803,10.446699717082083,1,1,ok,,1.0966777305267412,1.000778149419149,0.9807692307692307,22.789099735391027,0,62.25,1.0966777305267412,22.789099735391027,nan,nan,0.9990253921901567,201.50291980391555,3.0246316707374397,1.3858048104965546,0,1.0,0.0,0.0,0.0,1.0,0.0,1.0,0.0,1.0,0.0,1.0,1.0,0.0,0.3597152926157635,1.0,0.0,0.0,0.2280459603035327,1.0,0.0,1.0,0.0,1.0,0.21840681643515222,1.0,1.0,0.0,1.0,0.0,1.0,0.429848146108777,0.0,0.0,1.0,1.0,1.0,0.0,1.0,1.0,1.0,1.0,1.0,0.0,0.0,1.0,1.0,1.0,0.0,0.0,0.0,1.0,0.0,0.0,0.0,0.0,0.0,0.0,0.0,0.0,1.0,1.0,0.0,1.0,0.9162058838959882,1.0,1.0,0.0,1.0,1.0,0.0,1.0,0.0,0.0,1.0,0.0,0.0,0.0,0.0,0.0,1.0,0.18608704659245592,1.0,1.0,0.0,1.0,0.0,1.0,1.0,0.0,0.00833611517838341,1.0,0.0,0.0,0.0,1.0,0.0,0.31763324428672374,1.0,1.0,1.0
166,product/lengthscale,aligned10,9,4.2262517217132025,4.251191697072036,4.587790597695296,4.334843130223335,0.4928644816422194,-8.902070692430932,55.30157291609794,6.945341708138585,1,1,ok,,1.064359957274909,1.0002312385022942,0.9903846153846154,25.306730174972078,0,62.25,1.064359957274909,25.306730174972078,nan,nan,1.0148058032770249,233.4729773025506,3.031245493825152,1.3842339055044293,0,1.0,0.0,0.0,0.0,1.0,0.05476530329577746,1.0,0.0,1.0,0.0,0.0,1.0,0.0,1.0,1.0,0.0,2.1450917952917363e-05,0.236671771727374,1.0,0.0,1.0,0.0,1.0,0.20130208831786522,0.0,1.0,0.0,1.0,0.0,0.0,0.0,0.0,0.0,1.0,1.0,1.0,0.0,1.0,1.0,1.0,1.0,1.0,0.0,0.0,1.0,1.0,1.0,0.0,0.0,0.0,1.0,0.0,0.0,0.0,0.0,0.0,0.0,0.0,0.0,1.0,1.0,0.0,1.0,0.8650755827662796,0.0,1.0,0.0,1.0,1.0,0.0,1.0,0.0,0.0,1.0,0.0,0.0,0.0,0.0,0.0,1.0,0.2352823623720992,0.0,1.0,0.0,0.0,0.0,0.0,0.0,0.0,0.0,1.0,0.0,0.0,0.0,0.0,0.0,0.1411380149591122,1.0,0.0,1.0
167,product/lengthscale,aligned10,9,4.328859900610094,4.256535632925926,4.587790597695296,4.334843130223335,0.4928644816422194,-6.033281219716353,56.65001369919628,13.965535601135343,1,1,ok,,1.0970538035698256,1.003927415849094,0.9519230769230769,38.89438112129147,0,62.875,1.0970538035698256,38.89438112129147,nan,nan,1.0133130637207275,144.29402195650968,3.038401219740649,1.383159341538503,0,1.0,0.0,0.0,0.0,1.0,1.0,1.0,0.0,1.0,0.0,0.0,0.0,0.0,0.0,1.0,0.0,1.0,0.13682993058192003,0.8829453652473956,0.0,1.0,0.0,1.0,0.22506401041382854,0.0,1.0,0.0,1.0,0.0,0.8942699433510621,0.0,0.0,1.0,1.0,1.0,1.0,0.0,0.0,1.0,1.0,1.0,1.0,0.0,0.0,1.0,1.0,0.6196405244976717,0.0,0.0,0.0,1.0,0.0,0.0,0.0,0.0,0.0,0.0,0.0,0.0,1.0,1.0,0.0,1.0,0.8632872650990091,1.0,1.0,0.0,1.0,1.0,0.0,1.0,0.0,0.0,1.0,0.0,0.0,0.0,0.0,0.0,0.0,0.20980197824166352,0.0,1.0,0.0,1.0,0.0,0.0,1.0,0.0,0.0,1.0,0.0,0.0,0.0,0.0,0.0,0.13408223475107184,1.0,0.0,1.0
168,product/lengthscale,aligned10,9,1.1350188977925293,1.1198535120407351,4.587790597695296,4.334843130223335,0.4928644816422194,-7.810094188088083,55.58583568199538,17.686090992065147,1,1,excluded,r_hat_max 1.222 > 1.1; n_eff_min 13.7 < 16.0,1.2222429051860777,1.0126205954938414,0.8461538461538461,13.666078899979556,0,63.0,1.2222429051860777,13.666078899979556,nan,nan,1.0340919670101187,125.9720970546824,3.046082521412491,1.3826046025330174,0,1.0,0.0,1.0,1.0,1.0,0.0,0.0,0.0,1.0,0.0,1.0,1.0,0.0,1.0,1.0,0.0,1.0,0.0,1.0,1.0,1.0,1.0,0.0,0.0,1.0,1.0,1.0,0.0,0.0,0.0,0.0,0.0,1.0,1.0,1.0,1.0,1.0,1.0,1.0,0.0,1.0,1.0,0.0,1.0,0.0,0.0,0.0,1.0,0.0,1.0,0.0,1.0,0.0,0.0,0.0,0.0,0.0,1.0,0.0,0.0,1.0,1.0,0.0,1.0,0.0,0.0,0.0,1.0,1.0,1.0,1.0,0.0,1.0,0.0,1.0,1.0,1.0,0.0,1.0,0.0,0.0,1.0,1.0,1.0,0.0,0.0,1.0,1.0,0.0,0.0,1.0,1.0,1.0,0.0,0.0,1.0,0.0,0.0,0.0,1.0
169,product/lengthscale,aligned10,9,4.167100401545224,4.200938663195906,4.587790597695296,4.334843130223335,0.4928644816422194,-8.541138869566598,56.540620795916766,9.871339734876528,1,1,excluded,r_hat_max 1.239 > 1.1; n_eff_min 10.9 < 16.0,1.2387165159121287,1.017290593535342,0.6923076923076923,10.863025983929965,0,63.0,1.2387165159121287,10.863025983929965,nan,nan,1.066275293112579,78.28760610134427,3.034774452633674,1.3862780520240083,0,1.0,0.0,0.0,0.0,1.0,0.0,1.0,0.0,1.0,0.0,0.0,0.0,0.0,0.4886320419388314,1.0,0.0,0.0,0.17518902968685954,1.0,0.0,1.0,0.0,1.0,0.23230460508156187,0.0,1.0,0.0,1.0,0.0,1.0,0.0,0.0,1.0,1.0,1.0,1.0,0.0,1.0,1.0,1.0,1.0,1.0,0.0,0.0,1.0,1.0,0.0,0.0,0.0,0.0,1.0,0.0,0.0,0.0,0.0,0.0,0.0,0.0,0.0,1.0,1.0,0.0,1.0,0.8852266902522946,1.0,1.0,0.0,1.0,1.0,0.0,1.0,1.0,0.0,1.0,0.0,1.0,0.0,0.0,0.0,1.0,0.20315005858872417,0.0,1.0,0.0,1.0,0.0,0.0,1.0,0.0,0.0,0.0,0.0,0.0,0.0,1.0,0.0,0.08471251401537212,1.0,0.0,1.0
170,product/lengthscale,aligned10,9,4.19405357960944,4.327432121830078,4.587790597695296,4.334843130223335,0.4928644816422194,-9.452766543874766,55.81083937198855,18.75891571585089,1,1,excluded,r_hat_max 1.115 > 1.1,1.1147168236809881,1.0035807268405876,0.9326923076923077,22.464574696035896,0,63.0,1.1147168236809881,22.464574696035896,nan,nan,1.002827664169695,157.3343531122826,3.0414351935096247,1.384904361672067,0,1.0,0.0,0.0,0.0,0.0,1.0,1.0,0.0,1.0,0.0,1.0,1.0,0.0,0.0,1.0,0.0,1.0,0.18520429199163035,1.0,0.0,1.0,0.0,1.0,0.21434416907118575,0.0,1.0,0.0,1.0,0.0,0.0,0.0,0.0,0.0,1.0,1.0,1.0,0.0,1.0,1.0,1.0,1.0,1.0,0.0,0.0,1.0,0.5899035062772485,1.0,0.0,0.0,0.0,1.0,0.0,1.0,0.0,0.0,0.0,0.0,0.0,0.0,1.0,1.0,0.0,1.0,0.8705040885509036,1.0,1.0,0.0,1.0,1.0,0.0,1.0,1.0,0.0,1.0,0.0,0.0,0.0,0.0,0.0,0.0,0.22533558569602177,1.0,1.0,0.0,1.0,0.0,0.0,0.0,0.0,0.0,1.0,0.0,0.0,0.0,0.0,0.0,0.16270167226394833,1.0,0.0,1.0
171,product/lengthscale,aligned10,9,4.258382249413241,4.286457979148422,4.587790597695296,4.334843130223335,0.4928644816422194,-8.925703159722824,56.70125455386005,20.955473573878407,1,1,ok,,1.047621546755029,1.0000521896045582,1.0,25.709993022025117,0,62.1875,1.047621546755029,25.709993022025117,nan,nan,1.029116101611284,136.01320218499544,3.0481756519078695,1.3836429064598064,0,1.0,0.0,0.0,0.0,1.0,0.0,1.0,0.0,1.0,0.0,0.0,1.0,0.0,0.0,1.0,0.0,1.0,0.1471033662847347,1.0,0.0,1.0,0.0,1.0,0.22176979866197022,0.0,1.0,0.0,1.0,0.0,0.0,0.0,0.0,0.0,1.0,1.0,1.0,0.0,0.0,1.0,0.0,1.0,0.0,0.0,0.0,1.0,1.0,0.7533853408173101,0.0,0.0,0.0,1.0,0.0,0.0,0.0,0.0,0.0,0.0,1.0,0.0,1.0,1.0,0.0,1.0,0.8840113152214268,1.0,1.0,0.0,1.0,1.0,0.0,1.0,0.0,0.0,0.0,0.0,1.0,0.0,0.0,0.0,1.0,0.21657863827840668,0.0,1.0,0.0,1.0,0.0,0.0,1.0,0.0,0.0,1.0,0.0,0.0,0.0,1.0,0.0,0.1806813849748336,0.4465466794271449,0.0,1.0
172,product/lengthscale,aligned10,9,1.9773138949027933,2.01577200947576,4.587790597695296,4.334843130223335,0.4928644816422194,-10.912063279919877,55.51707693608478,7.603617213200778,1,1,ok,,1.0407708283662662,0.9993826825580485,1.0,18.158693999556036,0,61.8125,1.0407708283662662,18.158693999556036,nan,nan,0.9980358913618831,202.25280945890853,3.055211736777087,1.3826795276982446,0,1.0,0.0,0.0,0.0,1.0,1.0,1.0,0.0,1.0,0.0,0.0,0.0,0.0,1.0,1.0,0.0,1.0,0.0,1.0,0.0,1.0,0.0,1.0,1.0,0.0,1.0,0.0,1.0,0.0,1.0,0.0,0.0,0.0,1.0,1.0,1.0,0.0,0.0,1.0,1.0,1.0,1.0,0.0,0.0,1.0,1.0,1.0,0.0,0.0,0.0,1.0,0.0,0.0,0.0,0.0,0.0,0.0,0.0,0.0,1.0,1.0,0.0,1.0,1.0,1.0,1.0,0.0,1.0,1.0,0.0,1.0,0.0,0.0,1.0,0.0,0.0,0.0,0.0,0.0,1.0,0.8272436825277635,0.0,1.0,0.0,1.0,0.0,0.0,1.0,0.0,0.0,1.0,0.0,0.0,0.0,0.0,0.0,0.0,1.0,0.0,1.0
173,product/lengthscale,aligned10,9,4.185474024235732,4.29427104453081,4.587790597695296,4.334843130223335,0.4928644816422194,-9.19854488346394,56.92091670492664,19.40438972809352,1,1,ok,,1.0647285231060013,0.9997489384985551,0.9807692307692307,20.499516011094855,0,62.875,1.0647285231060013,20.499516011094855,nan,nan,1.0082285829467585,197.0885461802903,3.0489811134136513,1.3810970091211063,0,1.0,0.0,0.0,0.0,1.0,1.0,1.0,0.0,1.0,0.0,0.0,1.0,0.0,0.0,1.0,0.0,1.0,0.16182885655089435,1.0,0.0,1.0,0.0,1.0,0.2748653702114985,0.0,1.0,0.0,1.0,0.0,1.0,0.0,0.0,1.0,1.0,1.0,1.0,0.0,0.0,1.0,1.0,1.0,1.0,0.0,0.0,1.0,1.0,1.0,0.0,1.0,0.0,1.0,0.0,1.0,0.0,0.0,0.0,0.0,1.0,0.0,1.0,1.0,0.0,1.0,0.8846015779584533,0.5528671436831394,1.0,0.0,1.0,1.0,0.0,1.0,0.0,0.0,1.0,0.0,0.0,0.0,0.0,0.0,1.0,0.18439425086566508,0.0,1.0,0.0,0.0,0.0,0.0,1.0,0.0,0.0,1.0,0.0,0.0,0.0,1.0,0.0,0.17398291889467082,1.0,0.0,0.0
174,product/lengthscale,aligned10,9,4.353387289869107,4.337476356285057,4.587790597695296,4.337476356285057,0.49023125558049685,-7.811555358217962,55.788465099874884,8.266964761074632,1,1,ok,,1.0621782750585327,0.9995061352528762,0.9807692307692307,21.925158534428036,0,62.5,1.0621782750585327,21.925158534428036,nan,nan,1.0258580928891803,177.23654668491986,3.055512681866652,1.3797996713738532,0,1.0,0.0,0.0,0.0,1.0,1.0,1.0,0.3362263541360831,1.0,0.0,0.0,1.0,0.0,1.0,1.0,0.0,1.0,0.1675010002967244,0.8829380380554688,0.0,1.0,0.0,1.0,0.2136353705927391,0.0,1.0,1.0,1.0,0.0,0.0,0.08943950759182796,0.0,0.0,1.0,0.0,1.0,0.0,0.0,1.0,1.0,1.0,1.0,0.0,0.0,1.0,1.0,1.0,0.0,0.0,0.0,1.0,0.0,0.0,0.0,0.0,0.0,0.0,0.0,0.0,1.0,1.0,0.0,1.0,0.8715949029096828,1.0,1.0,0.0847741192944637,0.0,1.0,0.0,1.0,0.0,0.0,1.0,0.0,0.0,0.0,0.0,0.0,1.0,0.22520289379723588,0.0,1.0,0.0,1.0,0.0,0.0,1.0,0.0,0.0,1.0,0.0,0.0,1.0,0.9638520794972977,0.0,0.23647390636185311,1.0,0.0,1.0
175,product/lengthscale,aligned10,9,1.7098734021721744,1.752925401975847,4.587790597695296,4.337476356285057,0.49023125558049685,-9.078102074255524,57.35099644307047,23.30679687205702,1,1,ok,,1.0569998341808102,1.002952225957755,0.9711538461538461,19.983815276210418,0,62.75,1.0569998341808102,19.983815276210418,nan,nan,1.0181331147148176,179.6830925184302,3.062929108198094,1.3793254129053711,1,1.0,0.0,0.0,0.0,1.0,0.0,1.0,0.0,1.0,0.0,0.0,1.0,1.0,1.0,1.0,0.0,0.0,0.0,1.0,0.0,1.0,0.0,1.0,1.0,0.0,1.0,0.0,1.0,0.0,0.0,0.0,0.0,0.0,1.0,1.0,1.0,0.0,0.0,1.0,1.0,1.0,1.0,0.0,0.0,1.0,1.0,0.0,0.0,0.0,0.0,1.0,0.0,0.0,0.0,0.0,0.0,0.0,0.0,0.0,1.0,1.0,0.0,1.0,1.0,1.0,1.0,0.0,1.0,1.0,0.0,0.0,0.0,0.0,1.0,0.0,0.0,0.0,1.0,0.0,0.0,0.0,0.0,1.0,0.0,1.0,0.0,0.0,1.0,0.0,0.0,1.0,0.0,0.0,0.0,1.0,0.0,0.0,1.0,0.0,1.0
176,product/lengthscale,aligned10,9,3.3809853116318127,3.363856154207555,4.587790597695296,4.337476356285057,0.49023125558049685,-9.945712433036473,51.92423695791513,7.697333706077188,1,1,ok,,1.0389804361957873,0.9981500793158895,1.0,42.974086622039074,0,62.5,1.0389804361957873,42.974086622039074,nan,nan,1.006216718296972,124.70418245845522,3.0552412916865834,1.379156139740072,0,1.0,0.0,0.0,0.0,1.0,1.0,1.0,1.0,1.0,0.0,0.0,1.0,0.0,1.0,1.0,0.0,1.0,0.38975845299600126,0.7234237817574254,0.0,1.0,0.0,1.0,0.23033410046010258,0.0,1.0,0.0,1.0,0.0,0.0,0.0,0.0,0.0,1.0,1.0,1.0,0.0,1.0,1.0,1.0,1.0,1.0,0.0,0.0,1.0,1.0,1.0,0.0,0.0,0.0,1.0,0.0,0.0,0.0,0.0,0.0,0.0,0.0,0.0,1.0,1.0,0.0,1.0,0.8979415093290607,1.0,1.0,0.0,0.0,1.0,0.0,1.0,0.0,0.0,1.0,0.0,0.0,0.0,0.0,0.0,1.0,0.0,0.0,1.0,0.0,1.0,0.0,0.0,1.0,0.0,0.0,1.0,0.0,0.0,1.0,0.0,0.0,0.0,1.0,0.0,0.0
177,product/lengthscale,aligned10,9,3.569819706170779,3.6756493132432824,4.587790597695296,4.337476356285057,0.49023125558049685,-9.26957719401072,58.89618036313914,12.913605728885159,1,1,excluded,r_hat_max 1.156 > 1.1,1.156439374547495,1.007578909218069,0.8653846153846154,17.152305800518544,0,63.0,1.156439374547495,17.152305800518544,nan,nan,1.0154058255144798,80.09921722051796,3.057081653381189,1.3754714065039773,0,1.0,0.0,0.0,0.0,1.0,1.0,1.0,1.0,1.0,0.0,0.0,1.0,0.0,1.0,1.0,0.0,0.0,0.0,0.7896901114563681,0.0,1.0,0.0,1.0,0.3437886936174097,0.0,1.0,0.0,1.0,0.0,0.0,0.0,0.0,0.0,1.0,1.0,1.0,0.0,1.0,1.0,1.0,1.0,1.0,0.0,0.0,1.0,0.0,1.0,0.0,0.0,0.0,1.0,0.0,0.0,0.0,0.0,0.0,0.0,0.0,0.0,1.0,1.0,0.0,1.0,1.0,1.0,1.0,0.0,1.0,1.0,0.0,1.0,0.0,0.0,1.0,0.0,0.0,0.0,0.0,0.0,1.0,0.4023194911454182,0.0,1.0,0.0,1.0,0.0,0.0,1.0,0.0,0.0,1.0,0.0,0.0,1.0,0.0,0.0,0.3348395629139177,1.0,0.0,1.0
178,product/lengthscale,aligned10,9,1.6369208638602408,1.488776112068336,4.587790597695296,4.337476356285057,0.49023125558049685,-9.54401748342805,57.24988607992418,13.291559790959582,1,1,excluded,r_hat_max 1.107 > 1.1,1.1065901269129272,1.004084135188935,0.9326923076923077,21.784364285627476,0,63.0,1.1065901269129272,21.784364285627476,nan,nan,1.010547271976112,158.319627610375,3.059962204239558,1.3721375614699558,0,1.0,0.0,0.0,0.0,1.0,1.0,0.0,0.0,1.0,0.0,0.0,1.0,0.0,0.0,1.0,0.0,1.0,1.0,1.0,0.0,1.0,0.0,1.0,0.0,0.0,1.0,0.0,1.0,0.0,0.0,0.0,0.0,0.0,1.0,0.0,1.0,0.0,0.0,1.0,1.0,1.0,1.0,0.0,0.0,1.0,0.0,1.0,0.0,0.0,0.0,1.0,0.0,0.0,0.0,0.0,0.0,0.0,0.0,0.0,1.0,1.0,0.0,1.0,1.0,1.0,1.0,0.0,1.0,1.0,0.0,1.0,0.0,0.0,1.0,0.0,0.0,0.0,0.0,0.0,0.0,1.0,0.0,1.0,0.0,1.0,0.0,0.0,1.0,0.0,0.0,1.0,0.0,0.0,1.0,1.0,0.0,0.0,1.0,0.0,1.0
179,product/lengthscale,aligned10,9,3.3852769874355833,3.397506175190026,4.587790597695296,4.337476356285057,0.49023125558049685,-9.616385634259355,57.87070971704088,7.267325225053355,1,1,ok,,1.030903304548418,0.9986793787409679,1.0,59.13052443232136,0,62.875,1.030903304548418,59.13052443232136,nan,nan,1.0122682829451926,164.09418696029925,3.0520122526173274,1.3724041587948035,0,1.0,0.0,0.0,0.0,1.0,1.0,1.0,0.0,1.0,0.0,0.0,0.0,0.0,0.0,1.0,0.0,0.0,0.177968615223618,1.0,0.0,1.0,0.0,1.0,0.2216520916731419,0.0,1.0,1.0,1.0,0.0,1.0,0.0,0.3563772280687308,0.0,1.0,0.0,1.0,0.0,0.0,1.0,1.0,1.0,1.0,1.0,0.0,1.0,1.0,1.0,0.0,0.0,0.0,0.0,0.0,0.0,0.0,0.0,0.0,0.0,0.0,0.0,1.0,1.0,0.0,1.0,0.8671545431449001,1.0,1.0,0.0,1.0,1.0,0.0,0.0,0.0,0.0,1.0,0.0,0.0,0.09588387559643212,0.0,0.0,0.0,0.2457495851692872,0.0,1.0,0.0,0.7874545239268358,0.0,0.0,1.0,0.0,0.0,1.0,0.0,0.0,0.0,0.0,0.0,0.2603914754662232,1.0,0.0,1.0
180,product/lengthscale,aligned10,9,2.48011792978551,2.5263385495631723,4.587790597695296,4.337476356285057,0.49023125558049685,-5.8317293906688406,57.13860325398855,12.711748574161902,1,1,excluded,r_hat_max 1.136 > 1.1,1.1357010505321206,1.0036036904795673,0.9326923076923077,26.415118452536625,0,62.375,1.1357010505321206,26.415118452536625,nan,nan,1.0057389387326279,117.3655570538006,3.0538637233663177,1.3688107707308825,0,1.0,0.0,0.0,0.0,1.0,0.0,1.0,0.0,1.0,0.0,0.0,1.0,0.0,1.0,1.0,0.0,1.0,0.0,1.0,0.0,0.0,0.0,1.0,0.0,1.0,1.0,1.0,1.0,0.0,0.0,0.0,1.0,0.0,1.0,0.0,1.0,0.0,0.0,1.0,1.0,1.0,1.0,0.0,0.0,0.0,1.0,1.0,0.0,1.0,0.0,1.0,0.0,0.0,0.0,0.0,0.0,0.0,1.0,0.0,1.0,1.0,0.0,1.0,1.0,1.0,1.0,0.0,1.0,1.0,0.0,1.0,0.0,0.0,1.0,0.0,0.0,0.0,0.0,0.0,1.0,0.6734017947028728,0.0,1.0,0.0,0.0,0.0,0.0,0.0,0.0,0.0,1.0,0.0,0.0,0.0,1.0,0.0,0.0,1.0,0.0,0.0
181,product/lengthscale,aligned10,9,1.7373464615801653,1.6255034334715144,4.587790597695296,4.337476356285057,0.49023125558049685,-6.646832467066071,58.4036436569877,17.735367492074147,1,1,excluded,r_hat_max 1.105 > 1.1,1.1047630523804777,1.0017942945756515,0.9711538461538461,23.619300820830293,0,62.125,1.1047630523804777,23.619300820830293,nan,nan,1.0059857796519018,84.4855355688782,3.0506938571034405,1.3656866247698323,0,1.0,0.0,0.0,0.0,1.0,0.0,1.0,0.0,1.0,0.0,0.0,1.0,0.0,1.0,1.0,0.0,1.0,0.0,1.0,0.0,1.0,0.0,1.0,1.0,1.0,1.0,1.0,1.0,0.0,0.0,0.0,1.0,0.0,1.0,0.0,1.0,0.0,0.0,1.0,1.0,1.0,1.0,0.0,0.0,0.0,1.0,1.0,0.0,0.0,0.0,1.0,0.0,0.0,0.0,1.0,0.0,0.0,0.0,0.0,1.0,1.0,0.0,1.0,0.7802456901622494,1.0,1.0,0.0,1.0,1.0,0.0,1.0,0.0,0.0,1.0,0.0,0.0,0.0,0.0,0.0,1.0,0.0,0.0,1.0,0.0,1.0,0.0,0.0,1.0,0.0,0.0,1.0,0.0,0.0,0.0,0.0,0.0,0.0,1.0,0.0,0.0
182,product/lengthscale,aligned10,9,2.3935373277720022,2.2886449497456294,4.587790597695296,4.337476356285057,0.49023125558049685,-5.588518609573447,57.683216522913426,22.82225785893388,1,1,ok,,1.0895033828362357,1.0009488995930536,0.9711538461538461,28.085072838588772,0,63.0,1.0895033828362357,28.085072838588772,nan,nan,1.0084563053630171,97.59435115039972,3.0434776626225433,1.3653854590838275,0,1.0,0.0,0.0,0.0,1.0,0.0,1.0,1.0,1.0,0.0,1.0,1.0,0.0,1.0,1.0,0.0,1.0,0.0,1.0,0.0,1.0,0.0,1.0,0.0,1.0,1.0,1.0,1.0,0.0,0.0,0.0,1.0,0.0,1.0,1.0,1.0,0.0,0.0,1.0,1.0,1.0,1.0,0.0,0.0,1.0,1.0,1.0,0.0,1.0,0.0,1.0,0.0,0.0,1.0,0.0,0.0,0.0,0.0,0.0,0.0,1.0,0.0,1.0,0.662074847822486,1.0,1.0,0.0,1.0,1.0,0.0,1.0,0.0,0.8421586451554482,1.0,0.0,0.0,0.0,0.0,0.0,1.0,0.14704398987787742,0.0,1.0,0.0,0.0,0.0,0.0,0.0,0.0,1.0,1.0,0.0,0.0,0.0,1.0,0.0,0.6787474512290148,1.0,1.0,0.0
183,product/lengthscale,aligned10,9,2.5810611520165923,2.652588782636518,4.587790597695296,4.337476356285057,0.49023125558049685,-7.142992534591247,58.78308942494914,9.230547919869423,1,1,excluded,r_hat_max 1.104 > 1.1,1.1036775647158488,1.002722737308575,0.9615384615384616,23.740782519501924,0,62.875,1.1036775647158488,23.740782519501924,nan,nan,1.0087838898878574,148.16237612062426,3.0399260760933053,1.3624925133623809,0,1.0,0.0,0.0,0.0,1.0,0.0,1.0,1.0,1.0,0.0,1.0,1.0,0.0,0.9097712406609575,1.0,0.0,1.0,0.7289146924559428,1.0,0.0,1.0,0.0,1.0,0.0,0.0,1.0,1.0,1.0,0.0,0.0,0.0,1.0,0.0,1.0,1.0,1.0,0.0,0.0,1.0,1.0,1.0,1.0,0.0,0.0,1.0,1.0,1.0,0.0,0.0,0.0,1.0,0.0,0.0,0.0,0.0,0.0,0.0,0.0,0.0,0.0,1.0,0.0,1.0,0.9717511454004438,1.0,1.0,0.0,1.0,1.0,0.0,1.0,0.0,1.0,1.0,0.0,0.0,0.0,0.0,0.0,1.0,0.160368517470817,0.0,1.0,0.0,0.0,0.0,0.0,0.0,0.0,1.0,1.0,0.0,0.0,0.0,0.0,0.0,0.0,1.0,0.0,0.0
184,product/lengthscale,aligned10,9,0.28472376443245484,0.4330107178732385,4.587790597695296,4.337476356285057,0.49023125558049685,-9.010920622140674,56.5944883429911,25.42789746192284,1,1,ok,,1.0660218706861881,0.9985383776632322,0.9903846153846154,41.39794599657766,0,62.75,1.0660218706861881,41.39794599657766,nan,nan,0.9990004269855134,96.47091303613786,3.037432244984192,1.3592037771690002,0,0.0,0.0,0.0,0.0,1.0,0.0,1.0,0.0,1.0,0.0,0.0,1.0,0.0,1.0,1.0,0.0,0.0,1.0,1.0,0.0,1.0,1.0,1.0,0.0,0.0,1.0,1.0,1.0,0.0,0.0,0.0,0.0,0.0,1.0,0.0,0.0,0.0,0.0,1.0,0.0,1.0,0.0,0.0,0.0,0.0,1.0,0.0,0.0,0.0,1.0,1.0,0.0,0.0,1.0,0.0,0.0,0.0,1.0,0.0,1.0,1.0,0.0,1.0,0.0,1.0,1.0,0.0,1.0,1.0,1.0,1.0,0.0,0.0,1.0,0.0,0.0,0.0,0.0,1.0,0.0,0.0,1.0,1.0,0.0,1.0,0.0,0.0,0.0,1.0,1.0,1.0,1.0,0.0,0.0,1.0,0.0,0.0,1.0,0.0,0.0
185,product/lengthscale,aligned10,9,2.548454851395619,2.6320911547917767,4.587790597695296,4.337476356285057,0.49023125558049685,-7.799481197196556,57.90760957589373,9.73793097701855,1,1,excluded,r_hat_max 1.218 > 1.1; n_eff_min 14.5 < 16.0,1.217752225220925,1.0095901163075172,0.8269230769230769,14.482751248679117,0,63.0,1.217752225220925,14.482751248679117,nan,nan,1.0938458105788365,34.86709980632074,3.0225527396839125,1.3704693772506749,0,1.0,0.0,0.0,0.0,1.0,0.0,1.0,1.0,1.0,0.0,1.0,1.0,0.0,1.0,1.0,0.0,1.0,0.0,1.0,0.0,0.0,0.0,1.0,0.5020354374217356,0.0,1.0,1.0,1.0,0.0,0.0,0.0,1.0,1.0,1.0,1.0,1.0,0.0,0.0,1.0,1.0,0.0,1.0,0.0,0.0,1.0,1.0,1.0,0.0,1.0,0.0,1.0,0.0,0.0,1.0,0.0,0.0,0.0,0.0,0.0,1.0,1.0,0.0,1.0,1.0,0.0,1.0,0.0,1.0,1.0,1.0,1.0,0.0,0.0,1.0,0.0,0.0,0.0,0.0,0.0,0.0,0.3750112168391085,0.0,1.0,0.0,0.0,0.0,1.0,0.0,1.0,0.0,1.0,0.0,0.0,0.0,0.0,0.0,0.6167703226244176,1.0,1.0,0.0
186,product/lengthscale,aligned10,9,2.3557865039735195,2.3110162891540034,4.587790597695296,4.337476356285057,0.49023125558049685,-7.489372813043438,57.7545887499582,16.467839783988893,1,1,excluded,r_hat_max 1.187 > 1.1; n_eff_min 14.9 < 16.0,1.1874546639502244,1.0040045907674449,0.9326923076923077,14.886054783345157,0,63.0,1.1874546639502244,14.886054783345157,nan,nan,1.011177868124051,126.30323621763095,3.0200038263060183,1.3672199806873477,0,1.0,0.0,0.0,0.0,1.0,0.0,1.0,1.0,1.0,0.0,0.0,1.0,0.0,0.0,1.0,0.0,1.0,0.28046878751035886,1.0,0.0,1.0,0.0,1.0,0.0,0.0,1.0,1.0,1.0,0.0,0.0,0.0,1.0,0.0,1.0,1.0,0.0,0.0,0.0,1.0,1.0,1.0,1.0,0.0,0.0,1.0,1.0,1.0,0.0,0.0,0.0,1.0,0.0,0.0,0.0,0.0,0.0,0.0,0.0,0.0,0.0,1.0,0.0,1.0,0.0,0.0,1.0,0.0,1.0,1.0,0.0,1.0,0.0,0.0,1.0,0.0,0.0,0.0,0.0,0.0,1.0,0.0,0.0,1.0,0.0,0.0,0.0,0.0,0.0,0.0,1.0,1.0,0.0,0.0,0.0,0.0,0.0,0.0,1.0,1.0,0.0
187,product/lengthscale,aligned10,9,3.5787999586460506,3.430337199231894,4.587790597695296,4.337476356285057,0.49023125558049685,-9.964700322175057,58.205704958876595,28.473231435986236,1,1,ok,,1.0562941464916467,0.9986037336591339,0.9903846153846154,50.72130367814631,0,62.875,1.0562941464916467,50.72130367814631,nan,nan,0.9984754010951168,143.02508279341646,3.0164518620154706,1.3644196310514798,0,1.0,0.0,0.0,0.0,1.0,0.0,1.0,0.0,1.0,0.0,0.0,0.0,0.0,1.0,1.0,0.0,1.0,0.42995852254159533,1.0,0.0,1.0,0.0,1.0,0.0,0.0,1.0,1.0,1.0,0.0,0.0,0.0,0.0,0.0,1.0,1.0,1.0,0.0,0.0,1.0,1.0,1.0,1.0,0.0,0.0,0.0,1.0,1.0,0.0,0.0,0.0,1.0,0.0,0.0,0.0,0.0,0.0,0.0,0.0,0.0,1.0,1.0,0.0,1.0,0.845819997951633,1.0,1.0,0.0,1.0,1.0,0.0,1.0,0.0,0.0,1.0,0.0,0.0,0.0,0.0,0.0,1.0,0.21626901417694164,0.0,1.0,0.0,0.0,1.0,0.0,1.0,1.0,0.0,1.0,0.0,0.0,0.0,1.0,0.0,0.3933250690617901,1.0,0.0,0.0
188,product/lengthscale,aligned10,9,4.1941511355351935,4.290494009265946,4.587790597695296,4.337476356285057,0.49023125558049685,-7.748361666640049,56.72498789499514,11.618702132022008,1,1,excluded,r_hat_max 1.160 > 1.1,1.1600374634575543,1.0023884880154026,0.9134615384615384,19.864865286546202,0,62.875,1.1600374634575543,19.864865286546202,nan,nan,1.007620222501728,94.6967827356184,3.01944307529542,1.3614006537262133,0,1.0,0.0,0.0,0.0,1.0,0.0,1.0,0.0,1.0,0.0,1.0,1.0,0.0,0.0,1.0,0.0,0.7419612457821514,0.14416403960918422,1.0,0.0,0.0,0.0,1.0,0.2338520757355174,1.0,1.0,1.0,1.0,0.0,0.1731640537549637,0.0,0.0,1.0,1.0,1.0,1.0,0.0,1.0,1.0,1.0,1.0,1.0,0.0,0.0,0.0,0.3067229629476517,1.0,0.0,0.0,0.010333364645842663,1.0,0.0,0.0,0.0,0.0,0.0,0.0,0.0,0.0,1.0,1.0,0.0,1.0,0.8674883028682251,1.0,1.0,0.0,0.0,1.0,0.0,1.0,0.0,0.0,1.0,0.0,0.0,0.0,1.0,0.0,1.0,0.2163163672398085,0.0,1.0,0.0,1.0,0.0,0.0,0.9999123226407839,1.0,0.0,0.1280567105771112,0.0,0.0,0.0,1.0,1.0,0.2436612437783227,1.0,0.0,0.0
189,product/lengthscale,aligned10,9,2.185199554608614,2.1081713834431115,4.587790597695296,4.337476356285057,0.49023125558049685,-10.017400165302869,58.390510773984715,22.130424867151305,1,1,excluded,n_eff_min 15.8 < 16.0,1.0925041535502216,1.0007336188764215,0.9711538461538461,15.786759154776298,0,63.0,1.0925041535502216,15.786759154776298,nan,nan,1.0057646163560388,135.2204908205629,3.0256584618575357,1.3604660827471937,0,1.0,0.0,0.0,0.0,1.0,0.0,1.0,1.0,1.0,0.0,0.0,1.0,0.42493231171786033,0.0,1.0,0.0,1.0,0.0,1.0,0.0,1.0,0.0,1.0,0.0,1.0,1.0,0.0,1.0,0.0,0.0,0.0,0.0,1.0,1.0,0.0,1.0,0.0,0.0,1.0,1.0,1.0,1.0,0.0,0.008886983422032972,1.0,0.0,1.0,0.0,0.0,0.0,1.0,0.0,0.0,0.0,0.0,0.0,0.0,0.0,0.0,1.0,1.0,0.0,1.0,0.0,1.0,1.0,0.0,0.0,1.0,1.0,1.0,0.0,0.0,1.0,0.0,0.0,0.0,0.0,0.0,1.0,0.0,0.0,1.0,0.0,1.0,0.0,0.0,1.0,0.5892671462164655,0.0,1.0,0.0,0.0,0.0,1.0,1.0,0.0,1.0,0.0,1.0
190,product/lengthscale,aligned10,9,4.3610470438873525,4.353681757244356,4.587790597695296,4.353681757244356,0.47402585462119795,-8.935621798660199,57.768379195127636,10.178506191121414,1,1,ok,,1.0590229475846376,0.9981107060939147,0.9903846153846154,51.69065280916119,0,62.5,1.0590229475846376,51.69065280916119,nan,nan,1.0099534558843737,126.2680892145118,3.0212349939246463,1.3582432506492144,0,1.0,0.0,0.0,0.0,1.0,0.0,1.0,1.0,1.0,0.0,0.0,0.0,0.0,0.0,1.0,0.0,0.0,0.16371864857256396,1.0,0.0,1.0,0.0,1.0,0.2169594596161238,0.0,1.0,0.0,1.0,0.0,1.0,0.0,0.0,0.0,1.0,1.0,1.0,0.0,0.0,1.0,1.0,1.0,1.0,0.0,0.0,1.0,1.0,0.0,0.0,0.0,0.0,1.0,0.0,0.0,0.0,0.0,0.0,0.0,0.0,0.0,1.0,1.0,0.0,1.0,0.8651300469634642,1.0,1.0,0.10923908654855344,1.0,1.0,0.0,1.0,0.0,0.0,1.0,0.0,0.0,1.0,0.0,0.0,0.0,0.2606010460548921,0.0,1.0,0.0,1.0,0.5824090955694162,0.0,0.0,0.0,0.0,1.0,0.0,0.0,0.0,0.0,0.0,0.22402594324767494,1.0,0.0,0.0
191,product/lengthscale,aligned10,9,0.14688718146961094,0.2158277674608413,4.587790597695296,4.353681757244356,0.47402585462119795,-9.778064426945605,58.59341982402839,41.73266212595627,1,1,ok,,1.0868044916382238,0.999257509965356,0.9903846153846154,44.58631498521709,0,63.0,1.0868044916382238,44.58631498521709,nan,nan,1.00680207525157,85.58204063808886,3.0282497166993205,1.358129288208643,0,1.0,0.0,1.0,0.0,1.0,0.0,0.0,1.0,1.0,0.0,0.0,1.0,1.0,1.0,1.0,0.0,1.0,0.0,1.0,0.0,1.0,0.0,1.0,0.0,0.0,1.0,0.0,1.0,0.0,0.0,0.0,1.0,0.0,1.0,1.0,0.0,0.0,0.0,1.0,1.0,0.0,0.0,0.0,0.0,1.0,1.0,1.0,0.0,0.0,0.0,1.0,0.0,0.0,1.0,0.0,0.0,0.0,0.0,0.0,1.0,1.0,0.0,1.0,0.0,0.0,0.0,0.0,1.0,1.0,0.0,0.0,0.0,1.0,1.0,0.0,0.0,0.0,1.0,0.0,1.0,1.0,1.0,1.0,0.0,0.0,0.0,0.0,0.0,0.0,0.0,1.0,1.0,0.0,1.0,1.0,0.0,1.0,0.0,1.0,0.0
192,product/lengthscale,aligned10,9,2.1263548542018285,1.9167340180364631,4.587790597695296,4.353681757244356,0.47402585462119795,-9.490386305299513,53.617155802901834,18.493522736942396,1,1,excluded,r_hat_max 1.103 > 1.1,1.103026247669185,1.008787197980389,0.9038461538461539,31.69517107546018,0,62.75,1.103026247669185,31.69517107546018,nan,nan,1.0624207373853862,63.36688752080621,3.0132426201616656,1.37037366672742,0,1.0,0.0,0.0,0.0,1.0,0.0,1.0,0.0,1.0,0.0,0.0,1.0,1.0,0.0,1.0,0.0,1.0,0.0,1.0,0.0,1.0,1.0,1.0,0.0,1.0,1.0,0.0,1.0,0.0,0.0,0.0,0.0,0.0,1.0,1.0,1.0,0.0,0.0,1.0,1.0,1.0,0.0,0.0,0.0,1.0,1.0,0.0,0.0,1.0,0.6307648210576814,1.0,0.0,0.0,1.0,0.0,0.0,0.0,0.0,0.0,1.0,1.0,0.0,1.0,1.0,1.0,1.0,0.0,1.0,1.0,0.0,1.0,0.0,1.0,1.0,0.0,1.0,0.0,0.0,0.0,1.0,0.0,0.0,1.0,0.0,0.0,0.0,0.0,0.0,0.0,1.0,1.0,1.0,0.0,0.0,1.0,0.0,0.0,1.0,0.0,0.0
193,product/lengthscale,aligned10,9,1.385272239076035,1.2853834234736565,4.587790597695296,4.353681757244356,0.47402585462119795,-8.540109777622554,62.38032757979818,14.49123826995492,1,1,ok,,1.0710571784580742,1.0012177906258795,0.9807692307692307,39.04583064582349,0,63.0,1.0710571784580742,39.04583064582349,nan,nan,1.0022313624979586,122.03421142824473,3.00864734676291,1.3683012042621663,0,1.0,0.0,0.0,0.0,1.0,0.0,0.0,0.0,1.0,0.0,0.0,1.0,0.0,1.0,1.0,0.0,0.0,1.0,1.0,1.0,0.0,1.0,1.0,0.0,1.0,1.0,0.0,1.0,0.0,1.0,0.0,0.0,1.0,1.0,1.0,1.0,1.0,0.0,1.0,1.0,1.0,1.0,0.0,0.0,1.0,0.0,0.0,0.0,0.0,0.6714749904224843,1.0,0.0,0.0,1.0,0.0,0.0,0.0,0.0,0.0,1.0,1.0,0.0,1.0,1.0,1.0,0.0,0.0,1.0,1.0,0.0,1.0,0.0,1.0,1.0,0.0,0.0,0.0,0.0,0.0,0.0,0.0,0.0,1.0,0.0,0.0,0.0,0.0,0.0,0.0,0.0,1.0,1.0,0.0,0.0,1.0,1.0,1.0,1.0,1.0,0.0
194,product/lengthscale,aligned10,9,4.172271942880447,4.2860128974812355,4.587790597695296,4.353681757244356,0.47402585462119795,-8.312174469741743,61.05547297792509,14.470954258926213,1,1,excluded,r_hat_max 1.155 > 1.1; n_eff_min 8.0 < 16.0,1.1546200091910983,1.0076841431108687,0.8846153846153846,8.032965046592828,0,62.75,1.1546200091910983,8.032965046592828,nan,nan,1.0427510083413154,52.20060375184808,3.0002794338366887,1.3697122549364331,0,1.0,0.0,0.0,0.0,1.0,0.0,1.0,0.0,1.0,0.0,0.0,1.0,0.0,1.0,1.0,0.0,1.0,0.18680303495156392,0.8947408286519885,0.0,1.0,0.0,1.0,0.25213021175549405,1.0,1.0,0.0,1.0,0.0,0.0,0.0,0.0,0.4853656631821286,1.0,1.0,1.0,0.0,0.0,1.0,1.0,1.0,1.0,0.0,0.0,1.0,0.0,0.0,0.0,0.0,0.0,1.0,0.0,0.0,0.0,0.0,0.0,0.0,0.0,0.0,0.0,1.0,0.0,1.0,0.8933197069900748,0.0,1.0,0.0,0.0,1.0,0.0,1.0,0.0,0.0,1.0,0.0,0.0,1.0,0.0,0.0,1.0,0.22943943864333993,0.0,1.0,0.0,0.0,0.0,0.0,0.0,1.0,0.0,1.0,0.0,0.0,0.0,1.0,0.0,0.14880386303725424,1.0,0.0,0.0
195,product/lengthscale,aligned10,9,3.627916207162921,3.6252902513264065,4.587790597695296,4.353681757244356,0.47402585462119795,-7.450391741113082,62.457002446986735,10.608633258147165,1,1,ok,,1.0358951462085817,0.9995576484366635,1.0,19.693300599733856,0,62.625,1.0358951462085817,19.693300599733856,nan,nan,1.0056211757706714,150.97601911351663,3.006289651831785,1.3687579711650963,0,1.0,0.0,0.0,0.0,1.0,0.0,1.0,1.0,1.0,0.0,0.0,1.0,0.0,0.0,1.0,0.0,0.0,0.16930859453674083,1.0,0.0,1.0,0.0,1.0,0.2352253317346173,0.0,1.0,0.0,1.0,0.0,0.0,0.0,0.0,0.0,1.0,0.0,1.0,0.0,0.0,1.0,1.0,1.0,1.0,0.0,0.0,1.0,1.0,1.0,0.0,0.0,0.0,1.0,0.0,0.0,0.0,1.0,0.0,0.0,0.0,0.0,1.0,1.0,0.0,1.0,0.876081341746894,1.0,1.0,1.0,1.0,1.0,0.0,1.0,0.0,0.0,1.0,0.0,0.0,0.0,0.0,0.0,0.0,0.21264657455736766,0.0,1.0,0.0,1.0,0.0,0.0,0.0,0.0,0.0,1.0,0.0,0.0,0.0,0.0,0.0,0.17354661852302036,1.0,0.0,0.0
196,product/lengthscale,aligned10,9,4.460929288027222,4.400179350099835,4.587790597695296,4.400179350099835,0.427528261765719,-6.9642944518040295,61.42736039310694,9.313009809935465,1,1,excluded,r_hat_max 1.135 > 1.1,1.134782811422042,0.9997310294331163,0.9807692307692307,20.398204874929615,0,62.75,1.134782811422042,20.398204874929615,nan,nan,1.0317034334969883,219.06160999856087,3.009461215889597,1.3659799369050396,0,1.0,1.0,0.0,0.0,1.0,0.0,0.2987322549169079,1.0,1.0,0.0,0.0,0.7636286809891647,0.0,0.0,1.0,0.0,1.0,0.1579710568503761,1.0,0.0,1.0,0.0,1.0,0.21734212249415735,0.0,1.0,0.0,1.0,0.0,0.0,0.0,0.0,0.0,1.0,1.0,1.0,0.0,0.0,1.0,1.0,1.0,1.0,0.0,0.0,1.0,1.0,0.7918513194623836,0.019473305179958968,0.0,0.0,1.0,0.0,0.0,0.0,0.2676748151852761,0.0,0.0,0.0,0.0,1.0,1.0,0.0,1.0,0.8635933401600326,1.0,1.0,0.0,1.0,1.0,0.0,1.0,0.0,0.0,1.0,0.138241377173945,0.0,0.0,0.0,0.0,1.0,0.21828344655192256,0.0,1.0,0.0,1.0,0.0,0.0,0.0,0.0,0.0,1.0,0.0,0.0,0.0,1.0,0.0,0.1582808466080794,1.0,0.0,0.0
197,product/lengthscale,aligned10,9,3.658109306761267,3.6541195345698294,4.587790597695296,4.400179350099835,0.427528261765719,-6.975624948975952,62.491950502153486,15.60281166806817,1,1,excluded,r_hat_max 1.175 > 1.1; n_eff_min 11.0 < 16.0,1.1749742820026177,1.0081653808418438,0.8653846153846154,11.02865513116276,0,63.0,1.1749742820026177,11.02865513116276,nan,nan,1.082459917134562,53.03767890156379,3.0168290741237977,1.3664075285376835,0,0.0,0.0,0.0,0.0,1.0,0.0,0.6509857475629326,0.0,1.0,0.0,0.0,0.5203568083129045,0.0,0.0,1.0,0.0,0.20979067790761843,0.17536267313445478,1.0,0.0,1.0,0.0,1.0,0.20207888989021744,0.0,1.0,0.0,1.0,0.0,0.0,0.0,0.0,0.0,1.0,1.0,1.0,0.0,0.014032938954250661,1.0,1.0,1.0,1.0,0.0,0.0,0.06582239660831937,1.0,1.0,0.0,0.0,0.0,1.0,0.0,0.0,0.0,1.0,0.0,0.0,0.0,0.0,1.0,1.0,0.0,1.0,0.8278566803262368,1.0,1.0,0.0,1.0,1.0,1.0,1.0,0.0,0.0,1.0,0.0,0.0,0.0,0.0,0.0,0.0,0.20103186534030595,0.0,1.0,0.0,1.0,0.0,0.0,1.0,0.0,0.0,0.0,0.0,0.0,1.0,1.0,0.0,0.19791803551720635,1.0,0.0,0.0
198,product/lengthscale,aligned10,9,4.439686859686075,4.395269043168643,4.587790597695296,4.400179350099835,0.427528261765719,-6.824481010439481,61.711969000985846,14.121589850867167,1,1,ok,,1.0889806069363714,1.0071149373386414,0.9038461538461539,27.034105283177837,0,63.0,1.0889806069363714,27.034105283177837,nan,nan,1.0101446200139201,168.9280754170136,3.020067863177523,1.3637105160467256,0,1.0,0.0,0.0,0.0,1.0,0.0,1.0,0.0,1.0,0.0,0.0,0.0,0.0,0.3858447739620789,1.0,0.0,0.0,0.16722239814254214,1.0,0.0,1.0,0.0,1.0,0.23393424447173655,0.0,1.0,1.0,1.0,0.0,1.0,0.0,0.06129489131533945,0.0,1.0,0.17591450323023491,1.0,0.0,0.40195394806734996,1.0,1.0,0.660734182954282,1.0,0.0,0.0,1.0,1.0,1.0,0.0,0.0,0.0,1.0,0.0,0.0,0.0,0.209424476156589,0.0,0.0,0.0,0.0,1.0,1.0,0.0,1.0,0.8626831405397349,0.6809051147013293,1.0,0.0,1.0,1.0,0.0,0.8107788304827771,0.0,0.0,1.0,0.0,0.0,0.0,0.0,0.0,1.0,0.23128094104996882,0.0,1.0,0.0,1.0,0.0,0.0,0.0,0.0,0.0,1.0,0.0,0.0,0.0,0.0,0.0,0.1927023537460367,1.0,0.0,0.3760372567749377
199,product/lengthscale,aligned10,9,4.481510943813662,4.466902869354094,4.587790597695296,4.466902869354094,0.3608047425114602,-6.896707489456826,63.04867955879308,20.65079958201386,1,1,ok,,1.046989731880878,1.0000030480703321,1.0,16.585737235113054,0,63.0,1.046989731880878,16.585737235113054,nan,nan,1.005424668489416,29.70537259179838,3.027201626979073,1.3639785370199604,1,1.0,0.0,0.0,0.0,1.0,0.0,1.0,0.0,1.0,0.0,0.0,0.0,0.0,0.0,1.0,0.0,0.0,0.14604729374592768,1.0,0.0,1.0,0.0,1.0,0.2236081427824354,0.0,1.0,1.0,1.0,0.0,1.0,0.0,0.0,0.0,1.0,0.0,1.0,0.0,0.0,1.0,1.0,1.0,1.0,0.0,0.0,1.0,1.0,1.0,0.0,0.0,0.0,1.0,0.0,0.0,0.0,0.23697713474375023,0.0,0.0,0.0,0.0,1.0,1.0,0.0,1.0,0.8680962092293041,1.0,1.0,0.0,1.0,1.0,0.0,1.0,0.0,0.0,1.0,0.0,0.0,0.0,0.0,0.0,0.0,0.19156506417198327,0.0,1.0,0.0,1.0,0.0,0.0,0.0,0.0,0.0,1.0,0.0,0.0,0.0,0.0,0.0,0.20732668877038654,1.0,0.0,0.0
