t,i,native_median,p_active,sobol_hat
20,0,0.18188269654816933,1.0,nan
20,1,0.1457250871152782,0.0,nan
20,2,0.25878400165850235,1.0,nan
20,3,0.16741125114386243,1.0,nan
20,4,0.1653772641552735,1.0,nan
20,5,0.20201939620093054,1.0,nan
20,6,0.1617283937013038,1.0,nan
20,7,0.17119385432243117,1.0,nan
20,8,0.16227183350298818,1.0,nan
20,9,0.17720924623044165,1.0,nan
20,10,0.14468076626211193,0.0,nan
20,11,0.20276339692416373,1.0,nan
20,12,5.387920757027798,1.0,nan
20,13,0.18803731700301154,1.0,nan
20,14,0.16463384787501667,1.0,nan
20,15,0.18950628539564812,1.0,nan
20,16,0.16425919435393055,1.0,nan
20,17,0.15483292615359356,1.0,nan
20,18,0.18102602316450697,1.0,nan
20,19,0.16553756505685766,1.0,nan
20,20,0.17244587806915043,1.0,nan
20,21,0.14919378140613146,0.0,nan
20,22,0.1632156185243917,1.0,nan
20,23,0.16257992894063486,1.0,nan
20,24,0.16992040149482548,1.0,nan
20,25,0.18711323653856332,1.0,nan
20,26,0.17999050552885543,1.0,nan
20,27,0.23383934832847061,1.0,nan
20,28,0.16405466537155516,1.0,nan
20,29,0.18446086486852856,1.0,nan
20,30,0.1963380804504433,1.0,nan
20,31,0.17204087230066578,1.0,nan
20,32,0.17720064923930776,1.0,nan
20,33,0.187084739611538,1.0,nan
20,34,0.1575098459650134,1.0,nan
20,35,0.360438913654647,1.0,nan
20,36,0.23817179928854237,1.0,nan
20,37,0.22242929296983302,1.0,nan
20,38,0.14630661508251075,0.0,nan
20,39,0.16676601944061273,1.0,nan
20,40,0.19200089893797898,1.0,nan
20,41,0.2478684195298353,1.0,nan
20,42,0.190230711750453,1.0,nan
20,43,0.15627702094808604,1.0,nan
20,44,0.19286365464994826,1.0,nan
20,45,0.29922857245064466,1.0,nan
20,46,0.15877807815299486,1.0,nan
20,47,0.17598348437114347,1.0,nan
20,48,0.6510807140708119,1.0,nan
20,49,0.23124772649586997,1.0,nan
20,50,0.19388871063393007,1.0,nan
20,51,0.1611712297666077,1.0,nan
20,52,0.16335104884185656,1.0,nan
20,53,0.1884763752735461,1.0,nan
20,54,0.16652703951501668,1.0,nan
20,55,0.42832213968566313,1.0,nan
20,56,0.18167741233613774,1.0,nan
20,57,0.17395706877685033,1.0,nan
20,58,0.19218491513999283,1.0,nan
20,59,0.21599845489842584,1.0,nan
20,60,0.23139685636481014,1.0,nan
20,61,0.20537233697051005,1.0,nan
20,62,0.1635218373325036,1.0,nan
20,63,0.16056699407492445,1.0,nan
20,64,0.16158353589494248,1.0,nan
20,65,0.16320907414661898,1.0,nan
20,66,0.20259664338008107,1.0,nan
20,67,0.19577238478381292,1.0,nan
20,68,0.1592367885875475,1.0,nan
20,69,0.15919222380180093,1.0,nan
20,70,0.3041242445595977,1.0,nan
20,71,0.16409308447756546,1.0,nan
20,72,0.20385520567517335,1.0,nan
20,73,0.19490614579568402,1.0,nan
20,74,0.17225458974306057,1.0,nan
20,75,0.1532100169322679,1.0,nan
20,76,0.15442143759172175,1.0,nan
20,77,0.19198811284960468,1.0,nan
20,78,0.2268040879410596,1.0,nan
20,79,0.1615030692177269,1.0,nan
20,80,0.16280338731791943,1.0,nan
20,81,0.16015213918206733,1.0,nan
20,82,0.23174622444136567,1.0,nan
20,83,0.15827080763690668,1.0,nan
20,84,0.1882843318306562,1.0,nan
20,85,0.19957637143396295,1.0,nan
20,86,0.17568511974502632,1.0,nan
20,87,0.178249823505904,1.0,nan
20,88,0.19089426888286123,1.0,nan
20,89,0.1872683944625576,1.0,nan
20,90,0.20290957547007119,1.0,nan
20,91,1.6636013207799418,1.0,nan
20,92,0.18028223949237562,1.0,nan
20,93,0.1953135819901391,1.0,nan
20,94,0.15933891205032985,1.0,nan
20,95,0.16563207392640375,1.0,nan
20,96,0.1742077350633741,1.0,nan
20,97,0.19875328182128418,1.0,nan
20,98,0.1896152106512142,1.0,nan
20,99,0.14324452626887504,0.0,nan
21,0,0.17436687423589706,1.0,nan
21,1,0.13441153511036338,0.0,nan
21,2,0.24677543322285894,1.0,nan
21,3,0.16007275412969618,1.0,nan
21,4,0.15572804248828548,1.0,nan
21,5,0.19570135254771437,1.0,nan
21,6,0.15259999895835416,1.0,nan
21,7,0.16293930861505285,1.0,nan
21,8,0.14901968631185375,0.0,nan
21,9,0.16798322859413903,1.0,nan
21,10,0.13363300659798644,0.0,nan
21,11,0.1949206908144126,1.0,nan
21,12,5.126138013323418,1.0,nan
21,13,0.18115497748800283,1.0,nan
21,14,0.15309745342098424,1.0,nan
21,15,0.18276735524244592,1.0,nan
21,16,0.1553993117461021,1.0,nan
21,17,0.14861296435532764,0.0,nan
21,18,0.17118398032953236,1.0,nan
21,19,0.15788849640442656,1.0,nan
21,20,0.1596992570803981,1.0,nan
21,21,0.13561970042021412,0.0,nan
21,22,0.15485027881985886,1.0,nan
21,23,0.1553186630217542,1.0,nan
21,24,0.15969791587369384,1.0,nan
21,25,0.17687007139559988,1.0,nan
21,26,0.17363658929812553,1.0,nan
21,27,0.2222337550824881,1.0,nan
21,28,0.15490202497660158,1.0,nan
21,29,0.17503061580872323,1.0,nan
21,30,0.17764089713304895,1.0,nan
21,31,0.1638178870851312,1.0,nan
21,32,0.16829113409016996,1.0,nan
21,33,0.17835787684594184,1.0,nan
21,34,0.1479626334458786,0.0,nan
21,35,0.3950447634767387,1.0,nan
21,36,0.22073503231083882,1.0,nan
21,37,0.21983145772380153,1.0,nan
21,38,0.13584003279112492,0.0,nan
21,39,0.15998808317072105,1.0,nan
21,40,0.18296583427612725,1.0,nan
21,41,0.2424910314758884,1.0,nan
21,42,0.18514988836250487,1.0,nan
21,43,0.1439480749130229,0.0,nan
21,44,0.1851467606048296,1.0,nan
21,45,0.29651287142190796,1.0,nan
21,46,0.14571605721929995,0.0,nan
21,47,0.16865715689455324,1.0,nan
21,48,0.620657242977077,1.0,nan
21,49,0.22789317075362256,1.0,nan
21,50,0.18874407565364326,1.0,nan
21,51,0.15074258945856386,0.0,nan
21,52,0.15424777698966202,1.0,nan
21,53,0.1812879715933135,1.0,nan
21,54,0.15798008397965516,1.0,nan
21,55,0.4231344097753154,1.0,nan
21,56,0.17316814109691286,1.0,nan
21,57,0.16409688620582707,1.0,nan
21,58,0.183379567042604,1.0,nan
21,59,0.20753837530735442,1.0,nan
21,60,0.22999437825467947,1.0,nan
21,61,0.19899917037832177,1.0,nan
21,62,0.15397009331944275,1.0,nan
21,63,0.1519651408334559,0.0,nan
21,64,0.15246570598159517,1.0,nan
21,65,0.15182973564020832,0.0,nan
21,66,0.19036864888835814,1.0,nan
21,67,0.18352150294140385,1.0,nan
21,68,0.15277282623456354,1.0,nan
21,69,0.1456865926567557,0.0,nan
21,70,0.28615771554981373,1.0,nan
21,71,0.15608324890348174,1.0,nan
21,72,0.1924798715143763,1.0,nan
21,73,0.18459129004737715,1.0,nan
21,74,0.16316531351391303,1.0,nan
21,75,0.1410543667026705,0.0,nan
21,76,0.14609038848893294,0.0,nan
21,77,0.18378921390753974,1.0,nan
21,78,0.21924717428875895,1.0,nan
21,79,0.15066482109867518,0.0,nan
21,80,0.15395219668157967,1.0,nan
21,81,0.14919182421470076,0.0,nan
21,82,0.22120607306517898,1.0,nan
21,83,0.14502910652328782,0.0,nan
21,84,0.18190873812041608,1.0,nan
21,85,0.18944058920289017,1.0,nan
21,86,0.1671492444424563,1.0,nan
21,87,0.1704490954580179,1.0,nan
21,88,0.18237379912397625,1.0,nan
21,89,0.17737531072687335,1.0,nan
21,90,0.1999118212919955,1.0,nan
21,91,1.6016944935624027,1.0,nan
21,92,0.17028234463399766,1.0,nan
21,93,0.18260231759740536,1.0,nan
21,94,0.1507513663875157,0.0,nan
21,95,0.15220741696316917,0.0,nan
21,96,0.16794961582712858,1.0,nan
21,97,0.18908983753162248,1.0,nan
21,98,0.1835515183266378,1.0,nan
21,99,0.13208355172076836,0.0,nan
22,0,0.19983479488692393,1.0,nan
22,1,0.1560014046575179,1.0,nan
22,2,0.27456371608345403,1.0,nan
22,3,0.185803378474852,1.0,nan
22,4,0.18114135111038757,1.0,nan
22,5,0.22624605301544418,1.0,nan
22,6,0.17965630855568046,1.0,nan
22,7,0.189530424366452,1.0,nan
22,8,0.1882117036745299,1.0,nan
22,9,0.19639576677590256,1.0,nan
22,10,0.16913671545314143,1.0,nan
22,11,0.22270376561264274,1.0,nan
22,12,7.940979211490695,1.0,nan
22,13,0.20048590030308205,1.0,nan
22,14,0.19709992176190855,1.0,nan
22,15,0.21451839465823305,1.0,nan
22,16,0.1735976528932312,1.0,nan
22,17,0.17372434513804563,1.0,nan
22,18,0.2299018184002314,1.0,nan
22,19,0.1818865620525507,1.0,nan
22,20,0.1949915531710643,1.0,nan
22,21,0.16089160753580153,1.0,nan
22,22,0.1807767413920591,1.0,nan
22,23,0.18219077683613813,1.0,nan
22,24,0.18879677296949823,1.0,nan
22,25,0.20036152886109038,1.0,nan
22,26,0.24929619247872875,1.0,nan
22,27,0.2196158145008971,1.0,nan
22,28,0.19263132375918257,1.0,nan
22,29,0.2039279294470093,1.0,nan
22,30,0.2574099155133625,1.0,nan
22,31,0.2243798982909568,1.0,nan
22,32,0.20980263723384107,1.0,nan
22,33,0.24273813051290066,1.0,nan
22,34,0.18145287493456042,1.0,nan
22,35,0.33736686996716314,1.0,nan
22,36,0.23873752023222722,1.0,nan
22,37,0.24656238392151716,1.0,nan
22,38,0.15839658493320916,1.0,nan
22,39,0.1857945968471178,1.0,nan
22,40,0.2048629957129983,1.0,nan
22,41,0.2794839203092152,1.0,nan
22,42,0.21004620680704159,1.0,nan
22,43,0.1626689480434654,1.0,nan
22,44,0.20918953450888,1.0,nan
22,45,0.2754366593187148,1.0,nan
22,46,0.1854257613697459,1.0,nan
22,47,0.19679318714409777,1.0,nan
22,48,0.48231647702287433,1.0,nan
22,49,0.34274532207008607,1.0,nan
22,50,0.24189423499525065,1.0,nan
22,51,0.17321805652687822,1.0,nan
22,52,0.19842502345178115,1.0,nan
22,53,0.21919807483425255,1.0,nan
22,54,0.18185693207469117,1.0,nan
22,55,0.37728942626621026,1.0,nan
22,56,0.20356581751494227,1.0,nan
22,57,0.19007798811782267,1.0,nan
22,58,0.20652006450047217,1.0,nan
22,59,0.224507865892301,1.0,nan
22,60,0.23318553460520802,1.0,nan
22,61,0.2775120208954831,1.0,nan
22,62,0.17620946507185037,1.0,nan
22,63,0.17466739211515833,1.0,nan
22,64,0.1740173408856731,1.0,nan
22,65,0.18040981012584956,1.0,nan
22,66,0.2944774567651581,1.0,nan
22,67,0.23130118900684182,1.0,nan
22,68,0.18243030686865955,1.0,nan
22,69,0.1947902118033054,1.0,nan
22,70,0.28893236255012406,1.0,nan
22,71,0.20302966033252026,1.0,nan
22,72,0.2722377439446688,1.0,nan
22,73,0.19767238984234614,1.0,nan
22,74,0.20548503752019195,1.0,nan
22,75,0.16736076935719343,1.0,nan
22,76,0.16948814853476096,1.0,nan
22,77,0.22741644805212785,1.0,nan
22,78,0.22782354232306146,1.0,nan
22,79,0.18663103140128226,1.0,nan
22,80,0.19424840227259427,1.0,nan
22,81,0.18549173557659862,1.0,nan
22,82,0.26853374541996045,1.0,nan
22,83,0.18270183840945023,1.0,nan
22,84,0.21946739400923593,1.0,nan
22,85,0.23062282469413153,1.0,nan
22,86,0.18300035400423514,1.0,nan
22,87,0.24157681683616022,1.0,nan
22,88,0.2265985927676983,1.0,nan
22,89,0.20851231365809214,1.0,nan
22,90,0.2239019392193416,1.0,nan
22,91,0.45282557440679133,1.0,nan
22,92,0.19536520873204755,1.0,nan
22,93,0.20112706296599267,1.0,nan
22,94,0.1767594827821378,1.0,nan
22,95,0.20702344427914246,1.0,nan
22,96,0.19691172786903083,1.0,nan
22,97,0.22702024603886406,1.0,nan
22,98,0.22484110914306196,1.0,nan
22,99,0.16090688770312328,1.0,nan
23,0,0.19791667709231547,1.0,nan
23,1,0.14792287950415006,0.0,nan
23,2,0.28471200904654875,1.0,nan
23,3,0.17864732884290105,1.0,nan
23,4,0.17440447675542037,1.0,nan
23,5,0.22030164189286044,1.0,nan
23,6,0.17294901270571572,1.0,nan
23,7,0.1833409012402495,1.0,nan
23,8,0.18424449365456985,1.0,nan
23,9,0.19312847774186317,1.0,nan
23,10,0.16919520600203963,1.0,nan
23,11,0.21411865542891462,1.0,nan
23,12,8.339039252179138,1.0,nan
23,13,0.19422262332541482,1.0,nan
23,14,0.1951515534786878,1.0,nan
23,15,0.21419281938195772,1.0,nan
23,16,0.16649372784721356,1.0,nan
23,17,0.1684704873411851,1.0,nan
23,18,0.2260795958619081,1.0,nan
23,19,0.17460628643956522,1.0,nan
23,20,0.18708531395242864,1.0,nan
23,21,0.15369992524878867,1.0,nan
23,22,0.17556432364533148,1.0,nan
23,23,0.17605809111213688,1.0,nan
23,24,0.17985978369793706,1.0,nan
23,25,0.19522441267811289,1.0,nan
23,26,0.26221242640710346,1.0,nan
23,27,0.20714227119143444,1.0,nan
23,28,0.19175264862576116,1.0,nan
23,29,0.19798301929377926,1.0,nan
23,30,0.2731087056067652,1.0,nan
23,31,0.2281078894566381,1.0,nan
23,32,0.20917585610144773,1.0,nan
23,33,0.2439893887787834,1.0,nan
23,34,0.18093901824015135,1.0,nan
23,35,0.3436221114476193,1.0,nan
23,36,0.23841145118630117,1.0,nan
23,37,0.24551251131205473,1.0,nan
23,38,0.15045149705086916,0.0,nan
23,39,0.1788146640158224,1.0,nan
23,40,0.19996840147845196,1.0,nan
23,41,0.28638950482960185,1.0,nan
23,42,0.20757192742465008,1.0,nan
23,43,0.15358505431618089,1.0,nan
23,44,0.20332886083455046,1.0,nan
23,45,0.2675475954063706,1.0,nan
23,46,0.17999110753988526,1.0,nan
23,47,0.1926308452737871,1.0,nan
23,48,0.6895193067406663,1.0,nan
23,49,0.3265318230595933,1.0,nan
23,50,0.24417707339316924,1.0,nan
23,51,0.16577880638716244,1.0,nan
23,52,0.19590290097789748,1.0,nan
23,53,0.2199175865841641,1.0,nan
23,54,0.1755848428775122,1.0,nan
23,55,0.3675859537316813,1.0,nan
23,56,0.1951380305426329,1.0,nan
23,57,0.18657526583032516,1.0,nan
23,58,0.2039508289658075,1.0,nan
23,59,0.22405544888376208,1.0,nan
23,60,0.22520384181738173,1.0,nan
23,61,0.2665391626016544,1.0,nan
23,62,0.1754282989588512,1.0,nan
23,63,0.16771232043333145,1.0,nan
23,64,0.16370249805260398,1.0,nan
23,65,0.17589452562616711,1.0,nan
23,66,0.3133177078328693,1.0,nan
23,67,0.24668569063395787,1.0,nan
23,68,0.17862974817783744,1.0,nan
23,69,0.19818445485608682,1.0,nan
23,70,0.27241833351420697,1.0,nan
23,71,0.207702844753065,1.0,nan
23,72,0.2823640570970642,1.0,nan
23,73,0.1918836290516954,1.0,nan
23,74,0.20448039602168314,1.0,nan
23,75,0.16136903816965767,1.0,nan
23,76,0.16384846772067063,1.0,nan
23,77,0.2204108750872445,1.0,nan
23,78,0.21971494889261847,1.0,nan
23,79,0.18156003091563505,1.0,nan
23,80,0.19413244830780493,1.0,nan
23,81,0.1813061634472295,1.0,nan
23,82,0.25784904220715843,1.0,nan
23,83,0.17855107752796737,1.0,nan
23,84,0.2169519417862463,1.0,nan
23,85,0.22421821692022909,1.0,nan
23,86,0.17504205914900647,1.0,nan
23,87,0.25111463768554504,1.0,nan
23,88,0.226336811688929,1.0,nan
23,89,0.2084012158909421,1.0,nan
23,90,0.21907993307965953,1.0,nan
23,91,0.47620453823673603,1.0,nan
23,92,0.19012418662063385,1.0,nan
23,93,0.19248659738968807,1.0,nan
23,94,0.1688502216695161,1.0,nan
23,95,0.20486757792231322,1.0,nan
23,96,0.19414910577908923,1.0,nan
23,97,0.2281732171456541,1.0,nan
23,98,0.2235521111151718,1.0,nan
23,99,0.1564399875249322,1.0,nan
24,0,0.19356206159767778,1.0,nan
24,1,0.14561437023023263,0.0,nan
24,2,0.2558945258414718,1.0,nan
24,3,0.1721196629050119,1.0,nan
24,4,0.1675753120022154,1.0,nan
24,5,0.21779201089866054,1.0,nan
24,6,0.16649709686845618,1.0,nan
24,7,0.1786593274854069,1.0,nan
24,8,0.1832076797914434,1.0,nan
24,9,0.17871038809984802,1.0,nan
24,10,0.15856765422879646,1.0,nan
24,11,0.2107143578649263,1.0,nan
24,12,8.651449582565618,1.0,nan
24,13,0.18187456387442563,1.0,nan
24,14,0.18905267298596912,1.0,nan
24,15,0.2005177684486399,1.0,nan
24,16,0.15890205989009878,1.0,nan
24,17,0.16079198401943495,1.0,nan
24,18,0.21631315943291002,1.0,nan
24,19,0.17217680091827095,1.0,nan
24,20,0.18940073996887827,1.0,nan
24,21,0.1486627414113213,0.0,nan
24,22,0.16898202671542809,1.0,nan
24,23,0.16621382360729034,1.0,nan
24,24,0.1708041837125809,1.0,nan
24,25,0.18747615651141106,1.0,nan
24,26,0.27060336883256725,1.0,nan
24,27,0.20110296175376538,1.0,nan
24,28,0.19025806031736822,1.0,nan
24,29,0.19504491768184185,1.0,nan
24,30,0.2593732898047081,1.0,nan
24,31,0.22155872578979707,1.0,nan
24,32,0.19634980321667397,1.0,nan
24,33,0.23702480610707335,1.0,nan
24,34,0.17161662304071387,1.0,nan
24,35,0.3439422072763787,1.0,nan
24,36,0.21897358776250017,1.0,nan
24,37,0.23788584598783152,1.0,nan
24,38,0.14555346961091795,0.0,nan
24,39,0.1700909666656369,1.0,nan
24,40,0.18648486438012737,1.0,nan
24,41,0.28308537261715,1.0,nan
24,42,0.20161148332216938,1.0,nan
24,43,0.14838099950653397,0.0,nan
24,44,0.19089214086349743,1.0,nan
24,45,0.27595477157550674,1.0,nan
24,46,0.17151383436912646,1.0,nan
24,47,0.18823173440400318,1.0,nan
24,48,0.496054702751247,1.0,nan
24,49,0.32949953651508734,1.0,nan
24,50,0.250474025886378,1.0,nan
24,51,0.16071912010159287,1.0,nan
24,52,0.1826856305938458,1.0,nan
24,53,0.2222064751262434,1.0,nan
24,54,0.1629927477195005,1.0,nan
24,55,0.41897238019824806,1.0,nan
24,56,0.18786647112588756,1.0,nan
24,57,0.1781429562604858,1.0,nan
24,58,0.19723310229336574,1.0,nan
24,59,0.21267794782650135,1.0,nan
24,60,0.220757203434091,1.0,nan
24,61,0.2599833468855257,1.0,nan
24,62,0.16135712216432563,1.0,nan
24,63,0.16182928069084054,1.0,nan
24,64,0.1584228291660451,1.0,nan
24,65,0.15990371172648202,1.0,nan
24,66,0.3048969322652074,1.0,nan
24,67,0.21642516568839623,1.0,nan
24,68,0.17255106624620595,1.0,nan
24,69,0.19548762087911206,1.0,nan
24,70,0.26882350760248824,1.0,nan
24,71,0.19903065068392642,1.0,nan
24,72,0.2657818172700669,1.0,nan
24,73,0.17997660852447595,1.0,nan
24,74,0.1912553513611629,1.0,nan
24,75,0.1555826939225602,1.0,nan
24,76,0.1535484745917422,1.0,nan
24,77,0.21528282040606253,1.0,nan
24,78,0.2104030165402315,1.0,nan
24,79,0.1762398161632255,1.0,nan
24,80,0.18189738575976339,1.0,nan
24,81,0.1782167474339558,1.0,nan
24,82,0.2623762910468202,1.0,nan
24,83,0.17486127405504992,1.0,nan
24,84,0.2128063080029054,1.0,nan
24,85,0.21482425623745696,1.0,nan
24,86,0.1673388941045838,1.0,nan
24,87,0.2512990357787189,1.0,nan
24,88,0.20959187699397006,1.0,nan
24,89,0.20217657033592099,1.0,nan
24,90,0.21528362521592645,1.0,nan
24,91,0.7041780445955144,1.0,nan
24,92,0.18662228416983112,1.0,nan
24,93,0.18428456455648248,1.0,nan
24,94,0.166315274520527,1.0,nan
24,95,0.20189979011957132,1.0,nan
24,96,0.19200207555099913,1.0,nan
24,97,0.20690790424614564,1.0,nan
24,98,0.22190288282351078,1.0,nan
24,99,0.15274410541185235,1.0,nan
25,0,0.18973068311006747,1.0,0.0011017860682701933
25,1,0.14328006309117625,0.0,7.243064996455467e-05
25,2,0.2581388537626681,1.0,0.001018612702778328
25,3,0.16954162256778296,1.0,4.302702178378727e-05
25,4,0.16372889965620246,1.0,-2.750072188113604e-05
25,5,0.21621116643968993,1.0,0.0008458582376554316
25,6,0.15838789483129198,1.0,0.00012527302982396477
25,7,0.176743392982666,1.0,2.384718673859392e-05
25,8,0.18318264767303055,1.0,0.0003908543993781226
25,9,0.17598243117024392,1.0,8.484739629492497e-05
25,10,0.14559526937743741,0.0,-7.285368603866636e-05
25,11,0.20921144917032633,1.0,0.0004072364128717242
25,12,8.64471377617659,1.0,0.8854659189769772
25,13,0.1767491897806026,1.0,-2.7072267526816002e-05
25,14,0.1884092088704648,1.0,0.00018362469403856313
25,15,0.1994407732345986,1.0,8.250864484619322e-05
25,16,0.1546935638841295,1.0,0.00013692148212743677
25,17,0.1543583089606176,1.0,4.052198397714565e-05
25,18,0.21547010095826963,1.0,4.8861086606042527e-05
25,19,0.17014661063769568,1.0,-0.00013997324978427703
25,20,0.18475624184042763,1.0,0.0004509324425530214
25,21,0.14433469523580167,0.0,0.00029992969271466096
25,22,0.1606086512913665,1.0,0.00020073362555248975
25,23,0.15823678018845772,1.0,0.00033215454083189574
25,24,0.16778346538198616,1.0,0.0002265856588552119
25,25,0.18791449191830642,1.0,0.00011925215551012325
25,26,0.27813244774437973,1.0,-0.0004815828112656356
25,27,0.19680807118023677,1.0,0.0010051145356196184
25,28,0.18403062146722582,1.0,-0.0002944243292132472
25,29,0.19291488383194327,1.0,0.0001548013270502448
25,30,0.26045305790668233,1.0,0.001595460709879854
25,31,0.2103616773057586,1.0,9.003950318880816e-05
25,32,0.19188036693264882,1.0,0.00016135908579217425
25,33,0.23957223044540096,1.0,0.0009916540006158344
25,34,0.15771890646523876,1.0,0.0005051756621566216
25,35,0.3524828591618573,1.0,0.0029813295940411674
25,36,0.20884298669232199,1.0,0.0016835870219436403
25,37,0.23956030887891727,1.0,0.0005777875452577726
25,38,0.1429838162285603,0.0,0.00020476058413307295
25,39,0.16394843579984333,1.0,-1.9697651083079843e-05
25,40,0.18106654788611212,1.0,2.920037549511264e-05
25,41,0.29686203215836393,1.0,0.0005266740222480227
25,42,0.2004072130255351,1.0,-0.00027515093019023164
25,43,0.14556026738464173,0.0,-0.00014383717290177565
25,44,0.18976595657206505,1.0,0.0005242910564390013
25,45,0.27225747914613874,1.0,0.0026207094394773123
25,46,0.16347556686105288,1.0,0.00016680575642451486
25,47,0.1823790885904815,1.0,-0.00018421651085025084
25,48,0.4599101969796297,1.0,0.00866573036048895
25,49,0.33054871962952087,1.0,0.0017411173480136415
25,50,0.25637307356657363,1.0,0.00043316322825935014
25,51,0.1578106818889089,1.0,1.1937401188658533e-05
25,52,0.1711464148394275,1.0,0.00020706842595708092
25,53,0.2219784509107335,1.0,0.0003434112439744717
25,54,0.15345029339319374,1.0,0.0002423590821519494
25,55,0.4461860100705352,1.0,0.00732258337544466
25,56,0.18651852912132244,1.0,-5.4801571108144045e-05
25,57,0.17132352269305795,1.0,0.0005075916826195348
25,58,0.19043768180661896,1.0,0.00022259768501084874
25,59,0.21173643875374148,1.0,0.0007064039253376276
25,60,0.2198075112048782,1.0,0.0013038499517098571
25,61,0.2596553162044447,1.0,0.0006323741621485127
25,62,0.1573253804476624,1.0,0.0028003642053151616
25,63,0.15910274230973884,1.0,-0.00013082405211537143
25,64,0.15562874616906616,1.0,-9.055283694373972e-05
25,65,0.15456270398129276,1.0,0.0002710910533112967
25,66,0.3118813696742403,1.0,0.002179803548119486
25,67,0.2165883332498614,1.0,-0.0002904092530664898
25,68,0.16937577770764134,1.0,0.00018422433120924994
25,69,0.1954585995872277,1.0,0.0002861020772527054
25,70,0.27823572380634126,1.0,0.004502575061416697
25,71,0.19387826201744734,1.0,-0.00017526012509077324
25,72,0.26860164083439875,1.0,0.0009432593559021963
25,73,0.17735715919971784,1.0,0.0007750143750222388
25,74,0.17795792818521186,1.0,0.0006265138534111631
25,75,0.14951727560009176,0.0,0.0003472900837407572
25,76,0.14703741886086602,0.0,1.0853058618056241e-05
25,77,0.21419964970357308,1.0,-0.00015159850822360772
25,78,0.2092118428385808,1.0,0.0020146333073963953
25,79,0.16856198500706182,1.0,3.408400251392046e-06
25,80,0.17469056314887155,1.0,-0.00047364998133069187
25,81,0.17219520761473392,1.0,-0.002399683107191208
25,82,0.2744679547289907,1.0,-0.0002610472934797753
25,83,0.16998589625366492,1.0,0.00026789340856563397
25,84,0.21357408330797562,1.0,0.0004118378207083064
25,85,0.2103719380074826,1.0,-0.00025725400308478606
25,86,0.1622115320439391,1.0,0.00011446905143344263
25,87,0.24817847490650613,1.0,0.0005795259485290269
25,88,0.20839933342819908,1.0,0.00012619622815710686
25,89,0.1928157682617515,1.0,0.000607648473158854
25,90,0.2138580209489462,1.0,0.00014784581521555778
25,91,0.8494526177388825,1.0,0.0277457644758338
25,92,0.18590837938876642,1.0,-2.6495077975416427e-05
25,93,0.17724995882872954,1.0,0.0012016651702793123
25,94,0.16302691842189,1.0,-0.0003085113688324157
25,95,0.20012739909398047,1.0,0.0004026107937150355
25,96,0.1868362704340703,1.0,-7.121004655795532e-05
25,97,0.2043903209972168,1.0,1.776310657222024e-05
25,98,0.22378155248293843,1.0,0.0004015765247396586
25,99,0.14861600663866129,0.0,-0.000520622194273053
26,0,0.17112160112486416,1.0,nan
26,1,0.1400517360533606,0.0,nan
26,2,0.2638811748646749,1.0,nan
26,3,0.16094772878904504,1.0,nan
26,4,0.1563470648784602,1.0,nan
26,5,0.20705980418093722,1.0,nan
26,6,0.1532132252240709,1.0,nan
26,7,0.16525155986345966,1.0,nan
26,8,0.17588820678520137,1.0,nan
26,9,0.1642716245796811,1.0,nan
26,10,0.13366264472218836,0.0,nan
26,11,0.19234103115545606,1.0,nan
26,12,7.756732083330616,1.0,nan
26,13,0.1544102108207703,1.0,nan
26,14,0.18724315546321627,1.0,nan
26,15,0.19022262439909712,1.0,nan
26,16,0.15024729309712043,0.0,nan
26,17,0.1393701053285997,0.0,nan
26,18,0.2118421380461759,1.0,nan
26,19,0.16569962157645085,1.0,nan
26,20,0.1817520427671911,1.0,nan
26,21,0.13951335910789517,0.0,nan
26,22,0.1545940143006818,1.0,nan
26,23,0.14686196880612232,0.0,nan
26,24,0.1571546570882136,1.0,nan
26,25,0.18942042429725423,1.0,nan
26,26,0.26665406552414467,1.0,nan
26,27,0.1964658355766309,1.0,nan
26,28,0.1817064264258253,1.0,nan
26,29,0.1883775038150653,1.0,nan
26,30,0.25461509785483644,1.0,nan
26,31,0.19881089342626285,1.0,nan
26,32,0.17040703930788587,1.0,nan
26,33,0.233736655287823,1.0,nan
26,34,0.14147286293844263,0.0,nan
26,35,0.33541396411868185,1.0,nan
26,36,0.20167543355919032,1.0,nan
26,37,0.231976123956861,1.0,nan
26,38,0.13780086588327492,0.0,nan
26,39,0.15065479534346682,0.0,nan
26,40,0.17720190807196182,1.0,nan
26,41,0.2583677613190953,1.0,nan
26,42,0.18304192649590242,1.0,nan
26,43,0.1454611551786484,0.0,nan
26,44,0.17334484272051057,1.0,nan
26,45,0.2641327944560659,1.0,nan
26,46,0.15807719480128438,1.0,nan
26,47,0.1683011501519803,1.0,nan
26,48,0.5806457549350361,1.0,nan
26,49,0.27676448488957983,1.0,nan
26,50,0.25422974776817037,1.0,nan
26,51,0.1557131717526306,1.0,nan
26,52,0.1446488412678605,0.0,nan
26,53,0.19397057905790638,1.0,nan
26,54,0.14243771266609995,0.0,nan
26,55,0.42706703613128405,1.0,nan
26,56,0.18137454205650166,1.0,nan
26,57,0.16164910093396484,1.0,nan
26,58,0.1868898684910603,1.0,nan
26,59,0.20604636243866706,1.0,nan
26,60,0.21520780559661273,1.0,nan
26,61,0.22782339855440567,1.0,nan
26,62,0.14848638181028626,0.0,nan
26,63,0.1486683985560251,0.0,nan
26,64,0.14479795539044799,0.0,nan
26,65,0.14897472333444406,0.0,nan
26,66,0.30492060411100497,1.0,nan
26,67,0.17977908841375753,1.0,nan
26,68,0.16389435216708442,1.0,nan
26,69,0.20242146882838316,1.0,nan
26,70,0.25837330010910087,1.0,nan
26,71,0.18301576586933904,1.0,nan
26,72,0.2586281360664405,1.0,nan
26,73,0.1563146010482516,1.0,nan
26,74,0.1475924285768264,0.0,nan
26,75,0.14428182961167882,0.0,nan
26,76,0.14057382172049615,0.0,nan
26,77,0.19979118889659273,1.0,nan
26,78,0.20467688109007678,1.0,nan
26,79,0.16382645235401838,1.0,nan
26,80,0.1483304221680011,0.0,nan
26,81,0.1508795850956348,0.0,nan
26,82,0.31226950442883966,1.0,nan
26,83,0.1576547453966076,1.0,nan
26,84,0.202513616138862,1.0,nan
26,85,0.19676995440007314,1.0,nan
26,86,0.15384004743733676,1.0,nan
26,87,0.23517797708284807,1.0,nan
26,88,0.19485569014147253,1.0,nan
26,89,0.16512794790122845,1.0,nan
26,90,0.20558365244700813,1.0,nan
26,91,1.748697689988119,1.0,nan
26,92,0.18578459031931163,1.0,nan
26,93,0.17082602405833372,1.0,nan
26,94,0.15937095288586864,1.0,nan
26,95,0.19636363956790148,1.0,nan
26,96,0.17610278352088216,1.0,nan
26,97,0.19503860453924396,1.0,nan
26,98,0.2180307217472336,1.0,nan
26,99,0.14374011954177665,0.0,nan
27,0,0.15759863272307123,1.0,nan
27,1,0.13270054779388782,0.0,nan
27,2,0.2716461224294153,1.0,nan
27,3,0.14989829419314332,0.0,nan
27,4,0.1427085149598965,0.0,nan
27,5,0.1892057561794092,1.0,nan
27,6,0.1415146898330392,0.0,nan
27,7,0.1633505292435548,1.0,nan
27,8,0.1731755131664044,1.0,nan
27,9,0.1686391914073771,1.0,nan
27,10,0.11937941077228703,0.0,nan
27,11,0.1794352185990849,1.0,nan
27,12,7.933952853445252,1.0,nan
27,13,0.14913921869489305,0.0,nan
27,14,0.17741047229911133,1.0,nan
27,15,0.19365346237233938,1.0,nan
27,16,0.14071670178073092,0.0,nan
27,17,0.134559536499748,0.0,nan
27,18,0.22100661911121297,1.0,nan
27,19,0.15827383601829437,1.0,nan
27,20,0.16833029724746443,1.0,nan
27,21,0.1311669580333506,0.0,nan
27,22,0.1339058271725193,0.0,nan
27,23,0.1340298060135776,0.0,nan
27,24,0.14746608972255587,0.0,nan
27,25,0.1848088854643595,1.0,nan
27,26,0.33815502115883184,1.0,nan
27,27,0.1804116477675277,1.0,nan
27,28,0.18279527492824535,1.0,nan
27,29,0.16996979099812987,1.0,nan
27,30,0.24758911282747764,1.0,nan
27,31,0.24669969875383374,1.0,nan
27,32,0.16315942577701106,1.0,nan
27,33,0.24678086231346666,1.0,nan
27,34,0.13001167795293747,0.0,nan
27,35,0.30180105865129553,1.0,nan
27,36,0.1787397966108149,1.0,nan
27,37,0.2166088138989655,1.0,nan
27,38,0.13267548518447259,0.0,nan
27,39,0.15075672353661013,0.0,nan
27,40,0.15977543797977212,1.0,nan
27,41,0.24647279046968618,1.0,nan
27,42,0.17528919771880577,1.0,nan
27,43,0.13244576348155324,0.0,nan
27,44,0.1675580696164287,1.0,nan
27,45,0.21727676406874158,1.0,nan
27,46,0.1325318315549128,0.0,nan
27,47,0.16048295570455923,1.0,nan
27,48,2.1738564160078218,1.0,nan
27,49,0.2703946903072752,1.0,nan
27,50,0.2577330820514986,1.0,nan
27,51,0.14741701007910868,0.0,nan
27,52,0.14599356501191468,0.0,nan
27,53,0.17925177259393907,1.0,nan
27,54,0.13748037611917424,0.0,nan
27,55,0.28892561254282584,1.0,nan
27,56,0.1718653041496565,1.0,nan
27,57,0.13570443858850995,0.0,nan
27,58,0.16336727074026616,1.0,nan
27,59,0.2053646531136896,1.0,nan
27,60,0.20716667552649562,1.0,nan
27,61,0.2395600395108785,1.0,nan
27,62,0.14915721387148062,0.0,nan
27,63,0.14374694473636754,0.0,nan
27,64,0.14185611213703453,0.0,nan
27,65,0.1422244697052639,0.0,nan
27,66,0.5591987812071713,1.0,nan
27,67,0.18919913118638937,1.0,nan
27,68,0.17012875769873556,1.0,nan
27,69,0.1942836929126201,1.0,nan
27,70,0.2376079133117488,1.0,nan
27,71,0.20376284669722444,1.0,nan
27,72,0.3529833048064325,1.0,nan
27,73,0.1422502665398058,0.0,nan
27,74,0.14788750555921584,0.0,nan
27,75,0.1284781477807277,0.0,nan
27,76,0.13020866106186726,0.0,nan
27,77,0.1761810359294957,1.0,nan
27,78,0.19327956491315437,1.0,nan
27,79,0.14034408007967128,0.0,nan
27,80,0.16203934820968047,1.0,nan
27,81,0.14816741174486797,0.0,nan
27,82,0.26454041948101,1.0,nan
27,83,0.15709715419242457,1.0,nan
27,84,0.189051933100356,1.0,nan
27,85,0.18731701823140812,1.0,nan
27,86,0.15133030052619498,0.0,nan
27,87,0.3193435104659847,1.0,nan
27,88,0.20372096736246684,1.0,nan
27,89,0.14763422703746415,0.0,nan
27,90,0.2008772916409829,1.0,nan
27,91,0.3604037072749085,1.0,nan
27,92,0.16038690564310332,1.0,nan
27,93,0.12743304798778016,0.0,nan
27,94,0.14640627958082525,0.0,nan
27,95,0.20334758133218597,1.0,nan
27,96,0.15822901042377127,1.0,nan
27,97,0.21202715493827318,1.0,nan
27,98,0.20575163383908146,1.0,nan
27,99,0.1338774867642939,0.0,nan
28,0,0.13265867255273792,0.0,nan
28,1,0.12991957101169388,0.0,nan
28,2,0.271783432268043,1.0,nan
28,3,0.13352122185466733,0.0,nan
28,4,0.13669764181540242,0.0,nan
28,5,0.1508968208499425,0.0,nan
28,6,0.1280749441789264,0.0,nan
28,7,0.16061403017428094,1.0,nan
28,8,0.17147379650982192,1.0,nan
28,9,0.15812560216005417,1.0,nan
28,10,0.11067230516677964,0.0,nan
28,11,0.14596810449076492,0.0,nan
28,12,7.353981457245726,1.0,nan
28,13,0.14423652818037383,0.0,nan
28,14,0.17577297215972665,1.0,nan
28,15,0.19453642929588305,1.0,nan
28,16,0.13422925175058645,0.0,nan
28,17,0.1251381819799346,0.0,nan
28,18,0.227085544438667,1.0,nan
28,19,0.14889005996415094,0.0,nan
28,20,0.1541222691509116,1.0,nan
28,21,0.12574364533154128,0.0,nan
28,22,0.11867070043344627,0.0,nan
28,23,0.12282434226021796,0.0,nan
28,24,0.13972704656897664,0.0,nan
28,25,0.18892920017547898,1.0,nan
28,26,0.24212559533802136,1.0,nan
28,27,0.17651174380320064,1.0,nan
28,28,0.15252317996224365,1.0,nan
28,29,0.1504863660703278,0.0,nan
28,30,0.26126659382385814,1.0,nan
28,31,0.21062011376742643,1.0,nan
28,32,0.15792482767920674,1.0,nan
28,33,0.23865332800605873,1.0,nan
28,34,0.1148786105354651,0.0,nan
28,35,0.26135635694077747,1.0,nan
28,36,0.18606491894878255,1.0,nan
28,37,0.20882658699794315,1.0,nan
28,38,0.1308163208491918,0.0,nan
28,39,0.1432550803818164,0.0,nan
28,40,0.16039525887246012,1.0,nan
28,41,0.25055946159098,1.0,nan
28,42,0.17106645089934797,1.0,nan
28,43,0.13219677548719977,0.0,nan
28,44,0.16743026165384484,1.0,nan
28,45,0.1970707856791025,1.0,nan
28,46,0.1320898893196089,0.0,nan
28,47,0.14642571423078607,0.0,nan
28,48,3.36555168042578,1.0,nan
28,49,0.23286526706463342,1.0,nan
28,50,0.2557240009995473,1.0,nan
28,51,0.13562864260899535,0.0,nan
28,52,0.13003358239994117,0.0,nan
28,53,0.18287447578198732,1.0,nan
28,54,0.13208540044328856,0.0,nan
28,55,0.2759151669094233,1.0,nan
28,56,0.15426378240586133,1.0,nan
28,57,0.13280810618317931,0.0,nan
28,58,0.156846032695526,1.0,nan
28,59,0.19849888675526062,1.0,nan
28,60,0.20661197070182244,1.0,nan
28,61,0.21733226783942017,1.0,nan
28,62,0.1457439132796265,0.0,nan
28,63,0.13455440260378834,0.0,nan
28,64,0.13650239015305776,0.0,nan
28,65,0.14240638854434914,0.0,nan
28,66,0.5698767656906932,1.0,nan
28,67,0.19383444170311623,1.0,nan
28,68,0.13992300165893634,0.0,nan
28,69,0.18254183473163327,1.0,nan
28,70,0.2098983154088636,1.0,nan
28,71,0.18593241145850506,1.0,nan
28,72,0.2856875939921122,1.0,nan
28,73,0.14338654293496345,0.0,nan
28,74,0.13606746808133804,0.0,nan
28,75,0.12333889806441127,0.0,nan
28,76,0.12040898586464163,0.0,nan
28,77,0.1725622821738212,1.0,nan
28,78,0.1972848478875275,1.0,nan
28,79,0.1289918796322773,0.0,nan
28,80,0.14708539940383367,0.0,nan
28,81,0.14407216022946423,0.0,nan
28,82,0.2299084305539531,1.0,nan
28,83,0.1475370581508864,0.0,nan
28,84,0.17119021997801018,1.0,nan
28,85,0.16231075151483706,1.0,nan
28,86,0.14095124810843418,0.0,nan
28,87,0.28992855244275867,1.0,nan
28,88,0.20366009542743954,1.0,nan
28,89,0.12323586507909791,0.0,nan
28,90,0.17761024753740653,1.0,nan
28,91,0.2681176671413787,1.0,nan
28,92,0.15254688269861136,1.0,nan
28,93,0.13237750953423044,0.0,nan
28,94,0.13586201120755,0.0,nan
28,95,0.1973299259713452,1.0,nan
28,96,0.1382442045005554,0.0,nan
28,97,0.2103435030632787,1.0,nan
28,98,0.2028022082374699,1.0,nan
28,99,0.13010237308010414,0.0,nan
29,0,0.13132025765059505,0.0,nan
29,1,0.12114300447607677,0.0,nan
29,2,0.27594615128475086,1.0,nan
29,3,0.13532580546162548,0.0,nan
29,4,0.1325215318416942,0.0,nan
29,5,0.14557686431466169,0.0,nan
29,6,0.12089170665286142,0.0,nan
29,7,0.1517645864457661,0.0,nan
29,8,0.15566915962302688,1.0,nan
29,9,0.1415899213451748,0.0,nan
29,10,0.10185509903038592,0.0,nan
29,11,0.14520499098732903,0.0,nan
29,12,6.248485344498702,1.0,nan
29,13,0.12510105482335193,0.0,nan
29,14,0.19331800402536747,1.0,nan
29,15,0.1832717780847776,1.0,nan
29,16,0.13282909249873895,0.0,nan
29,17,0.1187084219364269,0.0,nan
29,18,0.22916657348719616,1.0,nan
29,19,0.14138845002252395,0.0,nan
29,20,0.14168622506871162,0.0,nan
29,21,0.11776980550539784,0.0,nan
29,22,0.11581440723388688,0.0,nan
29,23,0.11765803170765932,0.0,nan
29,24,0.13702452569609783,0.0,nan
29,25,0.1481371428939509,0.0,nan
29,26,0.286685084219341,1.0,nan
29,27,0.18214254253459936,1.0,nan
29,28,0.15760777482744787,1.0,nan
29,29,0.12156039839011056,0.0,nan
29,30,0.23465832910056075,1.0,nan
29,31,0.2399098858102443,1.0,nan
29,32,0.13394656375850147,0.0,nan
29,33,0.23531019936485836,1.0,nan
29,34,0.10926919687892223,0.0,nan
29,35,0.31711740469199523,1.0,nan
29,36,0.16427929767054336,1.0,nan
29,37,0.1899147403005467,1.0,nan
29,38,0.1276133882153814,0.0,nan
29,39,0.1434845485549877,0.0,nan
29,40,0.15140250982669545,0.0,nan
29,41,0.22070329103844005,1.0,nan
29,42,0.16730987125840852,1.0,nan
29,43,0.10641127625379126,0.0,nan
29,44,0.15677920335342874,1.0,nan
29,45,0.18965993793377114,1.0,nan
29,46,0.1198393098414392,0.0,nan
29,47,0.14098872492839815,0.0,nan
29,48,4.837377681048002,1.0,nan
29,49,0.18503364687181637,1.0,nan
29,50,0.272213734686027,1.0,nan
29,51,0.13232059906725685,0.0,nan
29,52,0.1316029993608578,0.0,nan
29,53,0.17972596886532446,1.0,nan
29,54,0.13235142671022226,0.0,nan
29,55,0.08922086403307855,0.0,nan
29,56,0.1535582555902983,1.0,nan
29,57,0.12695396172226767,0.0,nan
29,58,0.15198148600596356,0.0,nan
29,59,0.18378342865429917,1.0,nan
29,60,0.20215644102525515,1.0,nan
29,61,0.18069820942468573,1.0,nan
29,62,0.13998578935033815,0.0,nan
29,63,0.13346606053920762,0.0,nan
29,64,0.13224965022627183,0.0,nan
29,65,0.13720297129128217,0.0,nan
29,66,0.5670404018434049,1.0,nan
29,67,0.1925081021994202,1.0,nan
29,68,0.13698955591079484,0.0,nan
29,69,0.18590317161234177,1.0,nan
29,70,0.13915781926496093,0.0,nan
29,71,0.2057703344591627,1.0,nan
29,72,0.39396491976908277,1.0,nan
29,73,0.1427581193840437,0.0,nan
29,74,0.13690771877898195,0.0,nan
29,75,0.11785905963094291,0.0,nan
29,76,0.11685252110680201,0.0,nan
29,77,0.15387785036665555,1.0,nan
29,78,0.17282066239085705,1.0,nan
29,79,0.11255156423965897,0.0,nan
29,80,0.1559609522160523,1.0,nan
29,81,0.12958662834501306,0.0,nan
29,82,0.2600801803045374,1.0,nan
29,83,0.12546660222680325,0.0,nan
29,84,0.17406440301997833,1.0,nan
29,85,0.14536209176522374,0.0,nan
29,86,0.13564207353782437,0.0,nan
29,87,0.3321619001752252,1.0,nan
29,88,0.18556081141526606,1.0,nan
29,89,0.1202969253342778,0.0,nan
29,90,0.1776845339795725,1.0,nan
29,91,0.30068825945282374,1.0,nan
29,92,0.13708443108045995,0.0,nan
29,93,0.12016844003471622,0.0,nan
29,94,0.12302681406498422,0.0,nan
29,95,0.1872426891913539,1.0,nan
29,96,0.1300261713533865,0.0,nan
29,97,0.20336860408861768,1.0,nan
29,98,0.20249932498197895,1.0,nan
29,99,0.11728202065425228,0.0,nan
30,0,0.13264972101388953,0.0,nan
30,1,0.12320191152441783,0.0,nan
30,2,0.24209987732860053,1.0,nan
30,3,0.14049973676888572,0.0,nan
30,4,0.13306429461825658,0.0,nan
30,5,0.143873280056517,0.0,nan
30,6,0.11775673900508334,0.0,nan
30,7,0.15239878236141144,0.0,nan
30,8,0.15415718437081874,1.0,nan
30,9,0.14034872820896016,0.0,nan
30,10,0.10012706462204232,0.0,nan
30,11,0.14947522257750961,0.0,nan
30,12,5.600612480381207,1.0,nan
30,13,0.12389633216281641,0.0,nan
30,14,0.18965914966094213,1.0,nan
30,15,0.18193337394784126,1.0,nan
30,16,0.13394470182719212,0.0,nan
30,17,0.12151996259162898,0.0,nan
30,18,0.22820651357901198,1.0,nan
30,19,0.14533365884974006,0.0,nan
30,20,0.14702905824468834,0.0,nan
30,21,0.11613346851620822,0.0,nan
30,22,0.11495302243952916,0.0,nan
30,23,0.12125137510231469,0.0,nan
30,24,0.13612106136661037,0.0,nan
30,25,0.14055949972597584,0.0,nan
30,26,0.27913956456109834,1.0,nan
30,27,0.17198666860267464,1.0,nan
30,28,0.15450970820482057,1.0,nan
30,29,0.12040922807264678,0.0,nan
30,30,0.22576314760424634,1.0,nan
30,31,0.23374505295433895,1.0,nan
30,32,0.13211363946927662,0.0,nan
30,33,0.23609795578378837,1.0,nan
30,34,0.1073431328457413,0.0,nan
30,35,1.7723835789161266,1.0,nan
30,36,0.15001836417255526,0.0,nan
30,37,0.1894458894874902,1.0,nan
30,38,0.12604530965267358,0.0,nan
30,39,0.14552865714142196,0.0,nan
30,40,0.15104327897322312,0.0,nan
30,41,0.2043347772750326,1.0,nan
30,42,0.16832428574802938,1.0,nan
30,43,0.10837260767983281,0.0,nan
30,44,0.1531758213213538,1.0,nan
30,45,0.19078265736205202,1.0,nan
30,46,0.11632871299500314,0.0,nan
30,47,0.1402904987911214,0.0,nan
30,48,4.555750699576569,1.0,nan
30,49,0.19423826005565406,1.0,nan
30,50,0.2630466151061381,1.0,nan
30,51,0.13443771369095747,0.0,nan
30,52,0.13262519439312132,0.0,nan
30,53,0.17544549980314866,1.0,nan
30,54,0.1313726296087202,0.0,nan
30,55,0.08583007638916472,0.0,nan
30,56,0.15294764149705306,1.0,nan
30,57,0.12546031240759534,0.0,nan
30,58,0.1463983101477135,0.0,nan
30,59,0.1778341105904037,1.0,nan
30,60,0.2235925622050312,1.0,nan
30,61,0.18233927647330173,1.0,nan
30,62,0.133858396197743,0.0,nan
30,63,0.13153283365487473,0.0,nan
30,64,0.1328127561213034,0.0,nan
30,65,0.13389057105301977,0.0,nan
30,66,0.523399114525255,1.0,nan
30,67,0.1611880933635348,1.0,nan
30,68,0.1394895341216719,0.0,nan
30,69,0.18162302930807453,1.0,nan
30,70,0.14554713868072489,0.0,nan
30,71,0.2126981613492749,1.0,nan
30,72,0.419718075129891,1.0,nan
30,73,0.1368161042613884,0.0,nan
30,74,0.13448349705037457,0.0,nan
30,75,0.11653546497624889,0.0,nan
30,76,0.11650499719581546,0.0,nan
30,77,0.15905107664585583,1.0,nan
30,78,0.1713817620511492,1.0,nan
30,79,0.11120399619502339,0.0,nan
30,80,0.15399190435161333,1.0,nan
30,81,0.12437543163110297,0.0,nan
30,82,0.25356064538689504,1.0,nan
30,83,0.12436706398612335,0.0,nan
30,84,0.17486835316267083,1.0,nan
30,85,0.1465633655401299,0.0,nan
30,86,0.13378616067139346,0.0,nan
30,87,0.31080566997882575,1.0,nan
30,88,0.18371374110645297,1.0,nan
30,89,0.12084361802068633,0.0,nan
30,90,0.1801801709366027,1.0,nan
30,91,0.32796732660708705,1.0,nan
30,92,0.13874090534873224,0.0,nan
30,93,0.11488819246491648,0.0,nan
30,94,0.1237774804591001,0.0,nan
30,95,0.19268432546748046,1.0,nan
30,96,0.12799953862287342,0.0,nan
30,97,0.19984007380344,1.0,nan
30,98,0.20211234667929245,1.0,nan
30,99,0.11669962726363782,0.0,nan
31,0,0.12522443648673778,0.0,nan
31,1,0.1192108530965174,0.0,nan
31,2,0.30246346962375187,1.0,nan
31,3,0.13507666465195045,0.0,nan
31,4,0.1293336328112183,0.0,nan
31,5,0.1436950688481121,0.0,nan
31,6,0.12072103503884007,0.0,nan
31,7,0.14850044077830069,0.0,nan
31,8,0.15793936549454834,1.0,nan
31,9,0.1507387384271231,0.0,nan
31,10,0.10068297275902986,0.0,nan
31,11,0.14174415525680034,0.0,nan
31,12,5.739165336470936,1.0,nan
31,13,0.1271558547684958,0.0,nan
31,14,0.1974321412765961,1.0,nan
31,15,0.18166335640360615,1.0,nan
31,16,0.12985505663846722,0.0,nan
31,17,0.11678913477559709,0.0,nan
31,18,0.21962498557770105,1.0,nan
31,19,0.13999643901070677,0.0,nan
31,20,0.1431366966448908,0.0,nan
31,21,0.11932761945390817,0.0,nan
31,22,0.11549604219083835,0.0,nan
31,23,0.11591141057925715,0.0,nan
31,24,0.13419477168172841,0.0,nan
31,25,0.15424926697579983,1.0,nan
31,26,0.31658930027369064,1.0,nan
31,27,0.1923049603150164,1.0,nan
31,28,0.16023250309424042,1.0,nan
31,29,0.1270548301437094,0.0,nan
31,30,0.22303146633768456,1.0,nan
31,31,0.26420848302114425,1.0,nan
31,32,0.13375143851286656,0.0,nan
31,33,0.2329278441595416,1.0,nan
31,34,0.10730360654465837,0.0,nan
31,35,0.3631215091110123,1.0,nan
31,36,0.15476982008708398,1.0,nan
31,37,0.19022461683155606,1.0,nan
31,38,0.12783390079075635,0.0,nan
31,39,0.14262509205022814,0.0,nan
31,40,0.1471846931135555,0.0,nan
31,41,0.2180115109313767,1.0,nan
31,42,0.16715487763763887,1.0,nan
31,43,0.10750665579719124,0.0,nan
31,44,0.1552962726582866,1.0,nan
31,45,0.1903856848565923,1.0,nan
31,46,0.11676534470941326,0.0,nan
31,47,0.13950142907460786,0.0,nan
31,48,4.671268069633236,1.0,nan
31,49,0.18385113680535273,1.0,nan
31,50,0.2628163830920996,1.0,nan
31,51,0.1285586681627761,0.0,nan
31,52,0.12509035397373736,0.0,nan
31,53,0.1809458819163451,1.0,nan
31,54,0.13243552000667685,0.0,nan
31,55,0.09553708723049575,0.0,nan
31,56,0.15170226782985374,0.0,nan
31,57,0.12319550673650546,0.0,nan
31,58,0.15243713776140472,1.0,nan
31,59,0.18862242245568078,1.0,nan
31,60,0.18977988872163293,1.0,nan
31,61,0.17873018324116713,1.0,nan
31,62,0.13911211255281244,0.0,nan
31,63,0.13505150800687085,0.0,nan
31,64,0.12970940368035477,0.0,nan
31,65,0.13815217102846675,0.0,nan
31,66,0.5177596866553834,1.0,nan
31,67,0.19860805242821342,1.0,nan
31,68,0.13280646793522388,0.0,nan
31,69,0.1902507603835318,1.0,nan
31,70,0.12914705280337066,0.0,nan
31,71,0.16928698873001982,1.0,nan
31,72,0.40216752387494903,1.0,nan
31,73,0.13846647445511998,0.0,nan
31,74,0.132531906297227,0.0,nan
31,75,0.11829820806205235,0.0,nan
31,76,0.1144545385687686,0.0,nan
31,77,0.148937365774166,0.0,nan
31,78,0.16570181891206542,1.0,nan
31,79,0.11071141978266359,0.0,nan
31,80,0.15184641828879614,0.0,nan
31,81,0.12919906249810487,0.0,nan
31,82,0.25603652131000454,1.0,nan
31,83,0.125674605656756,0.0,nan
31,84,0.16923264670641175,1.0,nan
31,85,0.14804340022550985,0.0,nan
31,86,0.1396205134164443,0.0,nan
31,87,0.3588318285538188,1.0,nan
31,88,0.1744293021399542,1.0,nan
31,89,0.11689679510044067,0.0,nan
31,90,0.17495401080942355,1.0,nan
31,91,0.28656526087715056,1.0,nan
31,92,0.13572782664632782,0.0,nan
31,93,0.11427871104836743,0.0,nan
31,94,0.1240715913058234,0.0,nan
31,95,0.17377743051189512,1.0,nan
31,96,0.1272898784266996,0.0,nan
31,97,0.20862498882719277,1.0,nan
31,98,0.19213609724471908,1.0,nan
31,99,0.11692957691457675,0.0,nan
32,0,0.12082100244592793,0.0,nan
32,1,0.11263272649526433,0.0,nan
32,2,0.27727289924111137,1.0,nan
32,3,0.11386862546853878,0.0,nan
32,4,0.11732319102572822,0.0,nan
32,5,0.1279162924738617,0.0,nan
32,6,0.11675131397338218,0.0,nan
32,7,0.13877394817334232,0.0,nan
32,8,0.14899558764076784,0.0,nan
32,9,0.13651789183591334,0.0,nan
32,10,0.09657658484511226,0.0,nan
32,11,0.12383247518386446,0.0,nan
32,12,5.542101582827476,1.0,nan
32,13,0.1177841311554886,0.0,nan
32,14,0.18455636557674487,1.0,nan
32,15,0.17914944704216185,1.0,nan
32,16,0.1246712519484927,0.0,nan
32,17,0.10955025944392045,0.0,nan
32,18,0.18383462575400014,1.0,nan
32,19,0.13165536015588533,0.0,nan
32,20,0.10480563539767458,0.0,nan
32,21,0.11262584120428674,0.0,nan
32,22,0.10573348059849944,0.0,nan
32,23,0.10648604223245979,0.0,nan
32,24,0.13079352195046096,0.0,nan
32,25,0.145105707345476,0.0,nan
32,26,0.27335256716304446,1.0,nan
32,27,0.18230902423927783,1.0,nan
32,28,0.15017745983454045,0.0,nan
32,29,0.116002319821468,0.0,nan
32,30,0.22474601463569907,1.0,nan
32,31,0.2615866143150747,1.0,nan
32,32,0.12387406709089639,0.0,nan
32,33,0.19578274215329267,1.0,nan
32,34,0.10295569030572686,0.0,nan
32,35,0.1589284486319379,1.0,nan
32,36,0.13122598779606226,0.0,nan
32,37,0.18198144150277065,1.0,nan
32,38,0.12511397360541934,0.0,nan
32,39,0.13779139459920553,0.0,nan
32,40,0.14041512347848495,0.0,nan
32,41,0.197353022852161,1.0,nan
32,42,0.15474625311741952,1.0,nan
32,43,0.08955930372871183,0.0,nan
32,44,0.1489268755452585,0.0,nan
32,45,0.15696804835200237,1.0,nan
32,46,0.1145632014060888,0.0,nan
32,47,0.13286581519735244,0.0,nan
32,48,5.012001313950288,1.0,nan
32,49,0.14829513430935864,0.0,nan
32,50,0.2554409793849333,1.0,nan
32,51,0.11468352449026133,0.0,nan
32,52,0.11710674682623563,0.0,nan
32,53,0.17318028223420562,1.0,nan
32,54,0.1306973395092345,0.0,nan
32,55,0.08386141055757915,0.0,nan
32,56,0.1481512803869092,0.0,nan
32,57,0.11764381453760554,0.0,nan
32,58,0.14363830905727226,0.0,nan
32,59,0.16604610983257354,1.0,nan
32,60,0.15156444491947846,0.0,nan
32,61,0.14826710100241444,0.0,nan
32,62,0.13193165176308072,0.0,nan
32,63,0.12230355044803813,0.0,nan
32,64,0.1211455020168318,0.0,nan
32,65,0.134728160195832,0.0,nan
32,66,0.711380837578425,1.0,nan
32,67,0.19479114303855255,1.0,nan
32,68,0.1233395891864789,0.0,nan
32,69,0.17958386866886927,1.0,nan
32,70,0.10005093984464432,0.0,nan
32,71,0.1528038510988899,1.0,nan
32,72,0.3551368698841014,1.0,nan
32,73,0.13441610099199247,0.0,nan
32,74,0.1265208884731268,0.0,nan
32,75,0.1117494782765189,0.0,nan
32,76,0.1065321471104354,0.0,nan
32,77,0.12022113457934994,0.0,nan
32,78,0.1598102346771871,1.0,nan
32,79,0.1039489402425699,0.0,nan
32,80,0.15109423983795955,0.0,nan
32,81,0.1229553369605022,0.0,nan
32,82,0.24701688931931745,1.0,nan
32,83,0.11727434318173963,0.0,nan
32,84,0.16199802448671297,1.0,nan
32,85,0.13251973252962443,0.0,nan
32,86,0.1272594644448475,0.0,nan
32,87,0.34833614579050426,1.0,nan
32,88,0.16024816649660453,1.0,nan
32,89,0.11115127352703731,0.0,nan
32,90,0.1597648797749784,1.0,nan
32,91,0.20083430626242488,1.0,nan
32,92,0.12726886877084112,0.0,nan
32,93,0.11134171077583073,0.0,nan
32,94,0.11589089720263632,0.0,nan
32,95,0.16166319973198642,1.0,nan
32,96,0.12363012008230824,0.0,nan
32,97,0.20446362888467504,1.0,nan
32,98,0.18239132543465728,1.0,nan
32,99,0.11073692190274184,0.0,nan
33,0,0.11818354749911913,0.0,nan
33,1,0.10655773183183667,0.0,nan
33,2,0.22218868755787477,1.0,nan
33,3,0.10247300112942626,0.0,nan
33,4,0.10431187043240833,0.0,nan
33,5,0.13065901155466095,0.0,nan
33,6,0.11603821518378436,0.0,nan
33,7,0.11933697255441648,0.0,nan
33,8,0.15052784282775106,0.0,nan
33,9,0.13558521522330216,0.0,nan
33,10,0.09250103686796463,0.0,nan
33,11,0.12336805654409377,0.0,nan
33,12,5.761638813689457,1.0,nan
33,13,0.1147746393912483,0.0,nan
33,14,0.18409984593739784,1.0,nan
33,15,0.17431376297053575,1.0,nan
33,16,0.11558780708186683,0.0,nan
33,17,0.09965909410792806,0.0,nan
33,18,0.1659070458947863,1.0,nan
33,19,0.13186410509370675,0.0,nan
33,20,0.08812635295624392,0.0,nan
33,21,0.10369353307741762,0.0,nan
33,22,0.10307888588307325,0.0,nan
33,23,0.0990196549043752,0.0,nan
33,24,0.12565357836929725,0.0,nan
33,25,0.146970260829377,0.0,nan
33,26,0.24239559797573068,1.0,nan
33,27,0.18675774557453426,1.0,nan
33,28,0.13398284014861242,0.0,nan
33,29,0.11138951695453438,0.0,nan
33,30,0.214021491816927,1.0,nan
33,31,0.2560113201404522,1.0,nan
33,32,0.11975778004214092,0.0,nan
33,33,0.18256249459570728,1.0,nan
33,34,0.09706294629419315,0.0,nan
33,35,0.11852187310381063,0.0,nan
33,36,0.1174610625478972,0.0,nan
33,37,0.1871837333681202,1.0,nan
33,38,0.1165354940026555,0.0,nan
33,39,0.11840159699140569,0.0,nan
33,40,0.10921505961715437,0.0,nan
33,41,0.20527186636064904,1.0,nan
33,42,0.14948432176853668,0.0,nan
33,43,0.08065163357001476,0.0,nan
33,44,0.1502370415883214,0.0,nan
33,45,0.12655273184645752,0.0,nan
33,46,0.11700929032434303,0.0,nan
33,47,0.12372427499512395,0.0,nan
33,48,5.235612402812755,1.0,nan
33,49,0.16359212579959903,1.0,nan
33,50,0.21226809484017084,1.0,nan
33,51,0.10872401557618407,0.0,nan
33,52,0.11066059698871127,0.0,nan
33,53,0.15600943937740022,1.0,nan
33,54,0.11351082712153707,0.0,nan
33,55,0.07716268127978397,0.0,nan
33,56,0.13744969645397834,0.0,nan
33,57,0.11771750180544543,0.0,nan
33,58,0.11708828034144629,0.0,nan
33,59,0.1596463484962981,1.0,nan
33,60,0.11564593401597821,0.0,nan
33,61,0.16281560152617525,1.0,nan
33,62,0.12807611265246413,0.0,nan
33,63,0.12070220225012847,0.0,nan
33,64,0.12036436239788399,0.0,nan
33,65,0.12619884821110403,0.0,nan
33,66,0.6343837862582207,1.0,nan
33,67,0.1474765331388954,0.0,nan
33,68,0.11681301710802458,0.0,nan
33,69,0.17852489957704012,1.0,nan
33,70,0.0914201419725519,0.0,nan
33,71,0.12174412852206626,0.0,nan
33,72,0.27522821889087695,1.0,nan
33,73,0.13609805744997702,0.0,nan
33,74,0.12231570411546097,0.0,nan
33,75,0.10865292684424802,0.0,nan
33,76,0.10139357380601247,0.0,nan
33,77,0.10288357909989207,0.0,nan
33,78,0.1132540899106189,0.0,nan
33,79,0.09433522824091044,0.0,nan
33,80,0.1274826790195224,0.0,nan
33,81,0.1230082158425166,0.0,nan
33,82,0.25466679170220086,1.0,nan
33,83,0.11185328665264421,0.0,nan
33,84,0.16319658423789415,1.0,nan
33,85,0.14023786611844544,0.0,nan
33,86,0.115591318485705,0.0,nan
33,87,0.345366457671576,1.0,nan
33,88,0.13771345674682517,0.0,nan
33,89,0.10434927885306981,0.0,nan
33,90,0.14864516622507618,0.0,nan
33,91,0.18333137483414597,1.0,nan
33,92,0.12123183096096479,0.0,nan
33,93,0.11119158929218764,0.0,nan
33,94,0.11424819405153457,0.0,nan
33,95,0.15497818292075105,1.0,nan
33,96,0.12411009131442814,0.0,nan
33,97,0.17132323095270446,1.0,nan
33,98,0.17529722199296702,1.0,nan
33,99,0.1136500174180578,0.0,nan
34,0,0.11962291051304036,0.0,nan
34,1,0.10552114378531391,0.0,nan
34,2,0.22326305573891325,1.0,nan
34,3,0.1020895818462489,0.0,nan
34,4,0.10117560779265308,0.0,nan
34,5,0.13387641059770025,0.0,nan
34,6,0.11719374893223716,0.0,nan
34,7,0.11826312049578257,0.0,nan
34,8,0.15211592113618586,0.0,nan
34,9,0.1390121843802994,0.0,nan
34,10,0.09413452310130471,0.0,nan
34,11,0.12502695972482614,0.0,nan
34,12,5.647761572051836,1.0,nan
34,13,0.1131947978295153,0.0,nan
34,14,0.17831123779739125,1.0,nan
34,15,0.1735357431241521,1.0,nan
34,16,0.11471253012678292,0.0,nan
34,17,0.09963415563978563,0.0,nan
34,18,0.16514817933817985,1.0,nan
34,19,0.1312077379436703,0.0,nan
34,20,0.09196006843820857,0.0,nan
34,21,0.10385050411430788,0.0,nan
34,22,0.10139428802717419,0.0,nan
34,23,0.09879967488352522,0.0,nan
34,24,0.12613996026638474,0.0,nan
34,25,0.1423847617947853,0.0,nan
34,26,0.24796869906467142,1.0,nan
34,27,0.18969760349457945,1.0,nan
34,28,0.1333410736010918,0.0,nan
34,29,0.10554034335148761,0.0,nan
34,30,0.2165904518474731,1.0,nan
34,31,0.2648616664025686,1.0,nan
34,32,0.1167941968667187,0.0,nan
34,33,0.17011930391023047,1.0,nan
34,34,0.09714232880373752,0.0,nan
34,35,0.11356058115668119,0.0,nan
34,36,0.11578596009818871,0.0,nan
34,37,0.18653362523681977,1.0,nan
34,38,0.1153929934435195,0.0,nan
34,39,0.1169467639564288,0.0,nan
34,40,0.1066002443790338,0.0,nan
34,41,0.2094071879819746,1.0,nan
34,42,0.14840824911854747,0.0,nan
34,43,0.07044158459973474,0.0,nan
34,44,0.1498355288355833,0.0,nan
34,45,0.12407529024169177,0.0,nan
34,46,0.11870041506929267,0.0,nan
34,47,0.12427694172767012,0.0,nan
34,48,5.110945494802813,1.0,nan
34,49,0.16606189177388211,1.0,nan
34,50,0.2071418598790665,1.0,nan
34,51,0.1088681417088077,0.0,nan
34,52,0.11345199233402413,0.0,nan
34,53,0.15601561203202377,1.0,nan
34,54,0.11330706709593162,0.0,nan
34,55,0.07648158765539435,0.0,nan
34,56,0.13692591057230108,0.0,nan
34,57,0.11654264532228323,0.0,nan
34,58,0.11441289964562318,0.0,nan
34,59,0.16377179289013002,1.0,nan
34,60,0.11398973574208225,0.0,nan
34,61,0.16502740700620697,1.0,nan
34,62,0.12742334207279218,0.0,nan
34,63,0.12090322701302293,0.0,nan
34,64,0.12045916070478441,0.0,nan
34,65,0.12655961417088596,0.0,nan
34,66,0.6786158758574624,1.0,nan
34,67,0.14659669459096145,0.0,nan
34,68,0.11648812843995195,0.0,nan
34,69,0.18162853324090758,1.0,nan
34,70,0.0897071882931446,0.0,nan
34,71,0.11590671433604861,0.0,nan
34,72,0.2748554790474374,1.0,nan
34,73,0.13664318957852403,0.0,nan
34,74,0.12483737551655404,0.0,nan
34,75,0.10951150765528021,0.0,nan
34,76,0.10036475752941357,0.0,nan
34,77,0.10343548272178003,0.0,nan
34,78,0.10855393702271188,0.0,nan
34,79,0.09439938330836373,0.0,nan
34,80,0.12810602773932842,0.0,nan
34,81,0.12275203313024174,0.0,nan
34,82,0.2519571303308122,1.0,nan
34,83,0.11395811478071258,0.0,nan
34,84,0.1638887633345622,1.0,nan
34,85,0.13697286202555176,0.0,nan
34,86,0.11706274951672219,0.0,nan
34,87,0.36396504622237547,1.0,nan
34,88,0.13581633708898122,0.0,nan
34,89,0.10503188852826345,0.0,nan
34,90,0.14684314838910795,0.0,nan
34,91,0.18604706405609514,1.0,nan
34,92,0.11946596357709595,0.0,nan
34,93,0.10972752271149308,0.0,nan
34,94,0.11126741837103121,0.0,nan
34,95,0.1569781843693225,1.0,nan
34,96,0.12449340084451611,0.0,nan
34,97,0.17029338436529964,1.0,nan
34,98,0.17240701806959413,1.0,nan
34,99,0.11414393766443015,0.0,nan
35,0,0.11702157462414169,0.0,nan
35,1,0.1090287594559982,0.0,nan
35,2,0.20999613733625463,1.0,nan
35,3,0.09661188801800226,0.0,nan
35,4,0.09895893319341086,0.0,nan
35,5,0.12919831663766343,0.0,nan
35,6,0.12088210779318377,0.0,nan
35,7,0.12550563680624544,0.0,nan
35,8,0.15397088511331283,1.0,nan
35,9,0.14072611800549747,0.0,nan
35,10,0.0987371308099047,0.0,nan
35,11,0.12700134359719,0.0,nan
35,12,6.131060516739386,1.0,nan
35,13,0.11555532471838735,0.0,nan
35,14,0.1606754324221656,1.0,nan
35,15,0.16707840044353578,1.0,nan
35,16,0.11565610734873653,0.0,nan
35,17,0.0937880672343062,0.0,nan
35,18,0.14872939421740886,0.0,nan
35,19,0.1367584536188156,0.0,nan
35,20,0.09070059441946274,0.0,nan
35,21,0.10956068345406135,0.0,nan
35,22,0.09167974053591729,0.0,nan
35,23,0.09848773198920599,0.0,nan
35,24,0.12365238021654171,0.0,nan
35,25,0.13382278279249762,0.0,nan
35,26,0.21171926924038825,1.0,nan
35,27,0.17094481558525793,1.0,nan
35,28,0.13511120703614343,0.0,nan
35,29,0.09539273401058769,0.0,nan
35,30,0.25783453651669097,1.0,nan
35,31,0.30127540598462194,1.0,nan
35,32,0.11289903582701122,0.0,nan
35,33,0.14218320791585265,0.0,nan
35,34,0.09758372783318812,0.0,nan
35,35,0.09716654688934462,0.0,nan
35,36,0.1129899372620621,0.0,nan
35,37,0.18424275596081036,1.0,nan
35,38,0.12056285824726332,0.0,nan
35,39,0.12010149149851036,0.0,nan
35,40,0.11020732752337906,0.0,nan
35,41,0.2146195453394693,1.0,nan
35,42,0.15525936429172943,1.0,nan
35,43,0.05809947001437468,0.0,nan
35,44,0.150080522124903,0.0,nan
35,45,0.11585133198525331,0.0,nan
35,46,0.1210857010114284,0.0,nan
35,47,0.12781280709569265,0.0,nan
35,48,5.78016929914603,1.0,nan
35,49,0.17794270342760823,1.0,nan
35,50,0.227481940990691,1.0,nan
35,51,0.10581504339116059,0.0,nan
35,52,0.10431759948194547,0.0,nan
35,53,0.1837358112829587,1.0,nan
35,54,0.11953861255854724,0.0,nan
35,55,0.07543441978771755,0.0,nan
35,56,0.13811341382088874,0.0,nan
35,57,0.11491659091498839,0.0,nan
35,58,0.12640775835795495,0.0,nan
35,59,0.1380616124626565,0.0,nan
35,60,0.123909764868249,0.0,nan
35,61,0.16488556012086053,1.0,nan
35,62,0.13492144190247612,0.0,nan
35,63,0.12540333040624024,0.0,nan
35,64,0.12429159684219183,0.0,nan
35,65,0.13409764825206463,0.0,nan
35,66,0.4622919493018975,1.0,nan
35,67,0.1682887769158146,1.0,nan
35,68,0.11313708826583928,0.0,nan
35,69,0.17536483576302128,1.0,nan
35,70,0.0854307400321811,0.0,nan
35,71,0.09079833099911767,0.0,nan
35,72,0.19224880670111366,1.0,nan
35,73,0.12247792095744647,0.0,nan
35,74,0.11894804769250532,0.0,nan
35,75,0.11469444948942256,0.0,nan
35,76,0.10305247637170094,0.0,nan
35,77,0.10519049413311589,0.0,nan
35,78,0.12613121906540933,0.0,nan
35,79,0.09932849493216621,0.0,nan
35,80,0.12720829497519817,0.0,nan
35,81,0.12900115574752816,0.0,nan
35,82,0.2082553615703176,1.0,nan
35,83,0.11647540720501184,0.0,nan
35,84,0.16524375654329557,1.0,nan
35,85,0.11440650919466551,0.0,nan
35,86,0.11047227070980148,0.0,nan
35,87,0.3933073647406408,1.0,nan
35,88,0.12717770711020715,0.0,nan
35,89,0.11067722153963103,0.0,nan
35,90,0.14338243052963281,0.0,nan
35,91,0.1752299134086637,1.0,nan
35,92,0.11530991802306338,0.0,nan
35,93,0.11268753466573818,0.0,nan
35,94,0.09988713874043327,0.0,nan
35,95,0.17474252619877062,1.0,nan
35,96,0.12668530761899113,0.0,nan
35,97,0.16770361557532867,1.0,nan
35,98,0.1777286787656228,1.0,nan
35,99,0.11993273250776879,0.0,nan
36,0,0.1067064205026361,0.0,nan
36,1,0.09313971165382567,0.0,nan
36,2,0.21674004430606217,1.0,nan
36,3,0.10034214471963888,0.0,nan
36,4,0.09429246138297004,0.0,nan
36,5,0.1104230586440323,0.0,nan
36,6,0.10297051742635495,0.0,nan
36,7,0.10708490436275946,0.0,nan
36,8,0.12220239010883342,0.0,nan
36,9,0.13591033366040578,0.0,nan
36,10,0.0853182191273639,0.0,nan
36,11,0.11049016824148353,0.0,nan
36,12,4.256837551681845,1.0,nan
36,13,0.10196231797376167,0.0,nan
36,14,0.14117233817458213,0.0,nan
36,15,0.1522894414467988,0.0,nan
36,16,0.1031968082094019,0.0,nan
36,17,0.08912634420085731,0.0,nan
36,18,0.14520138530360743,0.0,nan
36,19,0.11624663583364178,0.0,nan
36,20,0.09260750382459136,0.0,nan
36,21,0.09068189065248328,0.0,nan
36,22,0.08157369666074925,0.0,nan
36,23,0.09288306441441353,0.0,nan
36,24,0.10823411091585398,0.0,nan
36,25,0.12024373857446005,0.0,nan
36,26,0.21041023635862832,1.0,nan
36,27,0.15971231356379575,1.0,nan
36,28,0.12263854266107618,0.0,nan
36,29,0.08375216335759755,0.0,nan
36,30,0.15693311131117083,1.0,nan
36,31,0.24839937172777288,1.0,nan
36,32,0.10069462701303449,0.0,nan
36,33,0.14047822063661722,0.0,nan
36,34,0.0887335237626536,0.0,nan
36,35,0.11755942886812688,0.0,nan
36,36,0.16089531143838826,1.0,nan
36,37,0.16278711712112287,1.0,nan
36,38,0.10384881217419875,0.0,nan
36,39,0.11055384302025673,0.0,nan
36,40,0.10621783030402805,0.0,nan
36,41,0.1672282191754605,1.0,nan
36,42,0.1392203343390047,0.0,nan
36,43,0.053067831454592033,0.0,nan
36,44,0.13205736822166267,0.0,nan
36,45,0.1251915690765841,0.0,nan
36,46,0.0982477863752468,0.0,nan
36,47,0.11461559271849055,0.0,nan
36,48,5.960230612354192,1.0,nan
36,49,0.11777504870880065,0.0,nan
36,50,0.1744002308997206,1.0,nan
36,51,0.09306189930331768,0.0,nan
36,52,0.10742247058582016,0.0,nan
36,53,0.14625075813106128,0.0,nan
36,54,0.10873499512156715,0.0,nan
36,55,0.06550345059978348,0.0,nan
36,56,0.12119919077357234,0.0,nan
36,57,0.10338906422665155,0.0,nan
36,58,0.11036897793814494,0.0,nan
36,59,0.1360694782418577,0.0,nan
36,60,0.14406608694262504,0.0,nan
36,61,0.12033878854766868,0.0,nan
36,62,0.11744548542236484,0.0,nan
36,63,0.10706434135201229,0.0,nan
36,64,0.10781335667580072,0.0,nan
36,65,0.11670508715626622,0.0,nan
36,66,0.8592953540122292,1.0,nan
36,67,0.13466115596757613,0.0,nan
36,68,0.10660916535245525,0.0,nan
36,69,0.13349502020517282,0.0,nan
36,70,0.10415822938493087,0.0,nan
36,71,0.10360959968712852,0.0,nan
36,72,0.19720809442784504,1.0,nan
36,73,0.10953939099852253,0.0,nan
36,74,0.11129692650750543,0.0,nan
36,75,0.09640976130565532,0.0,nan
36,76,0.09105435642640722,0.0,nan
36,77,0.09269608909957143,0.0,nan
36,78,0.14190487544184952,0.0,nan
36,79,0.08552369691941243,0.0,nan
36,80,0.11909723744272831,0.0,nan
36,81,0.10137167984090163,0.0,nan
36,82,0.1638317607086936,1.0,nan
36,83,0.10071643458219809,0.0,nan
36,84,0.1424003083712857,0.0,nan
36,85,0.09848451432704569,0.0,nan
36,86,0.10730813263670448,0.0,nan
36,87,2.437791203048914,1.0,nan
36,88,0.1152037290111423,0.0,nan
36,89,0.09493233163567943,0.0,nan
36,90,0.12566453201346953,0.0,nan
36,91,0.2039048247518612,1.0,nan
36,92,0.09912163426799656,0.0,nan
36,93,0.09428555580573422,0.0,nan
36,94,0.087239063018158,0.0,nan
36,95,0.1269935470698641,0.0,nan
36,96,0.10939859578622411,0.0,nan
36,97,0.15528537795401526,1.0,nan
36,98,0.15358934690034645,1.0,nan
36,99,0.09574625282545711,0.0,nan
37,0,0.1099323849858726,0.0,nan
37,1,0.10374356740429438,0.0,nan
37,2,0.20594177767196065,1.0,nan
37,3,0.0809492142438593,0.0,nan
37,4,0.086585629698285,0.0,nan
37,5,0.11784571292721817,0.0,nan
37,6,0.1105591275073436,0.0,nan
37,7,0.11737386821507755,0.0,nan
37,8,0.13084223411847967,0.0,nan
37,9,0.14072776901754727,0.0,nan
37,10,0.08634908055228377,0.0,nan
37,11,0.1258468819587508,0.0,nan
37,12,3.7747876649718646,1.0,nan
37,13,0.12048998399075074,0.0,nan
37,14,0.16068419163398737,1.0,nan
37,15,0.14227557141274133,0.0,nan
37,16,0.10767644392436589,0.0,nan
37,17,0.07864751807197871,0.0,nan
37,18,0.13363557130252998,0.0,nan
37,19,0.13340140013967686,0.0,nan
37,20,0.0753230712077539,0.0,nan
37,21,0.10069913027822427,0.0,nan
37,22,0.0740106956701511,0.0,nan
37,23,0.0973768961847937,0.0,nan
37,24,0.12115622975755153,0.0,nan
37,25,0.0976701590989542,0.0,nan
37,26,0.16153967636408478,1.0,nan
37,27,0.18568387229184205,1.0,nan
37,28,0.15398575507982457,1.0,nan
37,29,0.08618857328688072,0.0,nan
37,30,0.23379105218723278,1.0,nan
37,31,0.31403456152554177,1.0,nan
37,32,0.08767616811484441,0.0,nan
37,33,0.1331722948513112,0.0,nan
37,34,0.08029329953701632,0.0,nan
37,35,0.07318930381284125,0.0,nan
37,36,0.13874602436096706,0.0,nan
37,37,0.15330510967000557,1.0,nan
37,38,0.11315346714773897,0.0,nan
37,39,0.11335726934415638,0.0,nan
37,40,0.10072976133079696,0.0,nan
37,41,0.19617238149881297,1.0,nan
37,42,0.15805806733507294,1.0,nan
37,43,0.03687243637667996,0.0,nan
37,44,0.12620127107602486,0.0,nan
37,45,0.11257705844315208,0.0,nan
37,46,0.10567275017508075,0.0,nan
37,47,0.12751024099732244,0.0,nan
37,48,4.105877544999567,1.0,nan
37,49,0.1678029223197306,1.0,nan
37,50,0.24587932007685187,1.0,nan
37,51,0.1008500415042846,0.0,nan
37,52,0.09856259197496475,0.0,nan
37,53,0.18041508118907748,1.0,nan
37,54,0.1144315747389504,0.0,nan
37,55,0.023159808569478208,0.0,nan
37,56,0.13859491864523013,0.0,nan
37,57,0.10716374496297357,0.0,nan
37,58,0.12586472477189709,0.0,nan
37,59,0.1336035537984447,0.0,nan
37,60,0.13376037541068667,0.0,nan
37,61,0.14957745367831418,0.0,nan
37,62,0.1340568308458138,0.0,nan
37,63,0.12117744112304853,0.0,nan
37,64,0.11580942076299953,0.0,nan
37,65,0.12492000805930548,0.0,nan
37,66,0.6232285602085744,1.0,nan
37,67,0.1578536881975112,1.0,nan
37,68,0.11898304662184142,0.0,nan
37,69,0.17494995462469745,1.0,nan
37,70,0.08777102179221921,0.0,nan
37,71,0.07276189194463296,0.0,nan
37,72,0.19403954688410066,1.0,nan
37,73,0.11060549472187116,0.0,nan
37,74,0.11194828852657472,0.0,nan
37,75,0.10340100450036682,0.0,nan
37,76,0.08378433396878597,0.0,nan
37,77,0.08695256376225617,0.0,nan
37,78,0.12869622912748815,0.0,nan
37,79,0.06813685578679968,0.0,nan
37,80,0.12225694688663113,0.0,nan
37,81,0.12292733878277903,0.0,nan
37,82,0.20142211829440462,1.0,nan
37,83,0.11151145081326937,0.0,nan
37,84,0.1549123699704233,1.0,nan
37,85,0.10511027277203003,0.0,nan
37,86,0.09993482047741575,0.0,nan
37,87,2.3524577322245177,1.0,nan
37,88,0.11606312631308033,0.0,nan
37,89,0.1047360567377434,0.0,nan
37,90,0.1493508589954291,0.0,nan
37,91,0.18633542238844492,1.0,nan
37,92,0.10649255559822017,0.0,nan
37,93,0.10615080981946155,0.0,nan
37,94,0.08998779595152649,0.0,nan
37,95,0.16913483967313533,1.0,nan
37,96,0.11242149257872708,0.0,nan
37,97,0.1593241181684375,1.0,nan
37,98,0.21811287984765568,1.0,nan
37,99,0.10762582483257427,0.0,nan
38,0,0.13895603651400693,0.0,nan
38,1,0.13660301932677554,0.0,nan
38,2,0.22806144236215756,1.0,nan
38,3,0.10530690900521718,0.0,nan
38,4,0.10816869504022687,0.0,nan
38,5,0.15036147595618177,0.0,nan
38,6,0.1361377290218459,0.0,nan
38,7,0.1439651450226843,0.0,nan
38,8,0.14755080238412693,0.0,nan
38,9,0.16368972113974684,1.0,nan
38,10,0.11646063865079168,0.0,nan
38,11,0.15989051589669442,1.0,nan
38,12,3.730700579398472,1.0,nan
38,13,0.1609836353079542,1.0,nan
38,14,0.17714379366463207,1.0,nan
38,15,0.16595188725321952,1.0,nan
38,16,0.13852762076091465,0.0,nan
38,17,0.10525156524209352,0.0,nan
38,18,0.1553983437602168,1.0,nan
38,19,0.15981398528922008,1.0,nan
38,20,0.10256621535470756,0.0,nan
38,21,0.1335395330583078,0.0,nan
38,22,0.10304686648852046,0.0,nan
38,23,0.11828156222074744,0.0,nan
38,24,0.1480142997088617,0.0,nan
38,25,0.12670493404895833,0.0,nan
38,26,0.1730604174765507,1.0,nan
38,27,0.20519465787527175,1.0,nan
38,28,0.18543461361581667,1.0,nan
38,29,0.11844015253303217,0.0,nan
38,30,0.30135466996457744,1.0,nan
38,31,0.30810683304338427,1.0,nan
38,32,0.11608181346410201,0.0,nan
38,33,0.1631114525346678,1.0,nan
38,34,0.10866961879991209,0.0,nan
38,35,0.09271083471953032,0.0,nan
38,36,0.17614566191783915,1.0,nan
38,37,0.1762051560448951,1.0,nan
38,38,0.1346882205911762,0.0,nan
38,39,0.12823504896441756,0.0,nan
38,40,0.12986970262543313,0.0,nan
38,41,0.21909987472744444,1.0,nan
38,42,0.19334642148067024,1.0,nan
38,43,0.030551399912248683,0.0,nan
38,44,0.1517299444523064,0.0,nan
38,45,0.14989622232684027,0.0,nan
38,46,0.14020200807764926,0.0,nan
38,47,0.15176122697598002,0.0,nan
38,48,8.055426985929257,1.0,nan
38,49,0.23128862480697904,1.0,nan
38,50,0.2871598476502385,1.0,nan
38,51,0.13161364924713595,0.0,nan
38,52,0.12152300722221863,0.0,nan
38,53,0.2176884351929308,1.0,nan
38,54,0.1378938856212228,0.0,nan
38,55,0.03602479296800831,0.0,nan
38,56,0.16595927233131125,1.0,nan
38,57,0.13349361201114987,0.0,nan
38,58,0.16034299088480677,1.0,nan
38,59,0.1530707362724913,1.0,nan
38,60,0.18657757815362191,1.0,nan
38,61,0.18936316415429524,1.0,nan
38,62,0.17749693372213413,1.0,nan
38,63,0.1519394877533462,0.0,nan
38,64,0.14305050267180236,0.0,nan
38,65,0.155645307000274,1.0,nan
38,66,0.25373389789899314,1.0,nan
38,67,0.17979685351116206,1.0,nan
38,68,0.1479969983021383,0.0,nan
38,69,0.1975958102747217,1.0,nan
38,70,0.12772424932734938,0.0,nan
38,71,0.09649539314303993,0.0,nan
38,72,0.1816470147565241,1.0,nan
38,73,0.13432291909893945,0.0,nan
38,74,0.14208000220881664,0.0,nan
38,75,0.13717610372581765,0.0,nan
38,76,0.11440605691193072,0.0,nan
38,77,0.11592469097218214,0.0,nan
38,78,0.24584514666786947,1.0,nan
38,79,0.09408812855713289,0.0,nan
38,80,0.1475539199326771,0.0,nan
38,81,0.15884867393236332,1.0,nan
38,82,0.2055150325454083,1.0,nan
38,83,0.14564544824179124,0.0,nan
38,84,0.18062423262638422,1.0,nan
38,85,0.1294539697964736,0.0,nan
38,86,0.1220309799215773,0.0,nan
38,87,0.4308280854603121,1.0,nan
38,88,0.13961809217912652,0.0,nan
38,89,0.13663603775196867,0.0,nan
38,90,0.14517460954685812,0.0,nan
38,91,0.28777145308277846,1.0,nan
38,92,0.13510161902199383,0.0,nan
38,93,0.14535733479989957,0.0,nan
38,94,0.11799666162270232,0.0,nan
38,95,0.20878152651233078,1.0,nan
38,96,0.1440564913777785,0.0,nan
38,97,0.18085862726538782,1.0,nan
38,98,0.2661676351858269,1.0,nan
38,99,0.1477159584561706,0.0,nan
39,0,0.13381457431106913,0.0,nan
39,1,0.1327650535215971,0.0,nan
39,2,0.2373007329007633,1.0,nan
39,3,0.09814077398122015,0.0,nan
39,4,0.09635932077781119,0.0,nan
39,5,0.14501504307309657,0.0,nan
39,6,0.12963742823662872,0.0,nan
39,7,0.13944181311996334,0.0,nan
39,8,0.13379090388196546,0.0,nan
39,9,0.159617980719861,1.0,nan
39,10,0.10975216869758687,0.0,nan
39,11,0.15694067195374664,1.0,nan
39,12,3.5374972053433744,1.0,nan
39,13,0.15710563639689304,1.0,nan
39,14,0.1782934510488566,1.0,nan
39,15,0.15895806753422026,1.0,nan
39,16,0.1321891156154075,0.0,nan
39,17,0.09819423182253327,0.0,nan
39,18,0.15030942544783601,0.0,nan
39,19,0.1561280099204989,1.0,nan
39,20,0.09514711294427265,0.0,nan
39,21,0.1300800789378608,0.0,nan
39,22,0.09690837609323093,0.0,nan
39,23,0.11460961889821604,0.0,nan
39,24,0.14360810760829865,0.0,nan
39,25,0.1196175559770067,0.0,nan
39,26,0.1692449470153428,1.0,nan
39,27,0.20173608846638683,1.0,nan
39,28,0.20263126217885977,1.0,nan
39,29,0.11242408171505794,0.0,nan
39,30,0.31325875921657953,1.0,nan
39,31,0.3035065314518088,1.0,nan
39,32,0.107993653437996,0.0,nan
39,33,0.16084902975137225,1.0,nan
39,34,0.10073278261151851,0.0,nan
39,35,0.08390179686587966,0.0,nan
39,36,0.1703584619164569,1.0,nan
39,37,0.16804840306181396,1.0,nan
39,38,0.13064501015171845,0.0,nan
39,39,0.12085801398013017,0.0,nan
39,40,0.12568886931979015,0.0,nan
39,41,0.22181436555617326,1.0,nan
39,42,0.19262472600888447,1.0,nan
39,43,0.024830256732342845,0.0,nan
39,44,0.14487139673106753,0.0,nan
39,45,0.14136395763401038,0.0,nan
39,46,0.1319073957864561,0.0,nan
39,47,0.15128641411090918,0.0,nan
39,48,7.3099526491013265,1.0,nan
39,49,0.24462733271196227,1.0,nan
39,50,0.296631699291536,1.0,nan
39,51,0.12467402801686868,0.0,nan
39,52,0.1074424400521641,0.0,nan
39,53,0.22354256888723625,1.0,nan
39,54,0.13377739579425674,0.0,nan
39,55,0.028153566637793077,0.0,nan
39,56,0.16218747081994223,1.0,nan
39,57,0.12710889076107343,0.0,nan
39,58,0.1576387687721195,1.0,nan
39,59,0.14775389681973444,0.0,nan
39,60,0.17903831571725512,1.0,nan
39,61,0.18970050263672467,1.0,nan
39,62,0.17499960073217496,1.0,nan
39,63,0.1514762444432275,0.0,nan
39,64,0.13850872562163902,0.0,nan
39,65,0.15174688585233329,0.0,nan
39,66,0.23900711819388973,1.0,nan
39,67,0.16751076730610118,1.0,nan
39,68,0.1439429980820998,0.0,nan
39,69,0.19835524177484867,1.0,nan
39,70,0.12079256679939145,0.0,nan
39,71,0.0877879564054548,0.0,nan
39,72,0.17785527101832643,1.0,nan
39,73,0.12780503993261877,0.0,nan
39,74,0.1364886808856291,0.0,nan
39,75,0.13333519005866726,0.0,nan
39,76,0.10769869069046407,0.0,nan
39,77,0.111233246931613,0.0,nan
39,78,0.251103961174843,1.0,nan
39,79,0.08691783552482416,0.0,nan
39,80,0.14417741613478274,0.0,nan
39,81,0.1551998620450654,1.0,nan
39,82,0.20400636514478876,1.0,nan
39,83,0.14170546693194325,0.0,nan
39,84,0.17767267603645723,1.0,nan
39,85,0.12487687048065217,0.0,nan
39,86,0.1114577479526778,0.0,nan
39,87,0.9659012931954447,1.0,nan
39,88,0.1340809628730566,0.0,nan
39,89,0.13214524835163272,0.0,nan
39,90,0.14322318748801321,0.0,nan
39,91,0.2766864994194225,1.0,nan
39,92,0.13162603796750347,0.0,nan
39,93,0.13757141752256774,0.0,nan
39,94,0.10907127280749794,0.0,nan
39,95,0.20859569006322132,1.0,nan
39,96,0.13692129787446017,0.0,nan
39,97,0.17766786558976735,1.0,nan
39,98,0.28393636658468013,1.0,nan
39,99,0.14163980545190402,0.0,nan
40,0,0.11110465494208079,0.0,nan
40,1,0.0988519435778272,0.0,nan
40,2,0.21241021414083525,1.0,nan
40,3,0.09299253849180003,0.0,nan
40,4,0.08530984525047933,0.0,nan
40,5,0.10884489684243187,0.0,nan
40,6,0.10098181117756758,0.0,nan
40,7,0.11657923928772254,0.0,nan
40,8,0.10772215934531773,0.0,nan
40,9,0.14435410957574044,0.0,nan
40,10,0.08477033211086446,0.0,nan
40,11,0.10285970169306237,0.0,nan
40,12,3.5533840641106957,1.0,nan
40,13,0.09610003638709852,0.0,nan
40,14,0.12963239711144128,0.0,nan
40,15,0.127130785026776,0.0,nan
40,16,0.10416836816322902,0.0,nan
40,17,0.10590950842679395,0.0,nan
40,18,0.1853895769627399,1.0,nan
40,19,0.1230003739493115,0.0,nan
40,20,0.08904189897126094,0.0,nan
40,21,0.08949959328999761,0.0,nan
40,22,0.08075834566685813,0.0,nan
40,23,0.08342672705609105,0.0,nan
40,24,0.11619616713134474,0.0,nan
40,25,0.09292679331712878,0.0,nan
40,26,0.22097224446522715,1.0,nan
40,27,0.22243533369021096,1.0,nan
40,28,0.12970657049536094,0.0,nan
40,29,0.07182298201442515,0.0,nan
40,30,0.17108387735152986,1.0,nan
40,31,0.5428176201630963,1.0,nan
40,32,0.08547865341992678,0.0,nan
40,33,0.1402119717101294,0.0,nan
40,34,0.08797928222277858,0.0,nan
40,35,0.10037407816228415,0.0,nan
40,36,0.17052108477069916,1.0,nan
40,37,0.12466872975648288,0.0,nan
40,38,0.09606953198148253,0.0,nan
40,39,0.09512509361182513,0.0,nan
40,40,0.10281667179685303,0.0,nan
40,41,0.28731764914835106,1.0,nan
40,42,0.13033923864981414,0.0,nan
40,43,0.024730398912172123,0.0,nan
40,44,0.11261206704041891,0.0,nan
40,45,0.08527526370422456,0.0,nan
40,46,0.12909596096324646,0.0,nan
40,47,0.11278062434864032,0.0,nan
40,48,4.968614938413514,1.0,nan
40,49,0.11349661494605906,0.0,nan
40,50,0.19030583333149284,1.0,nan
40,51,0.10261184695885851,0.0,nan
40,52,0.12199449638526487,0.0,nan
40,53,0.13955259018603136,0.0,nan
40,54,0.11217615668736955,0.0,nan
40,55,0.027729890697219296,0.0,nan
40,56,0.12434683248999265,0.0,nan
40,57,0.09817863573448952,0.0,nan
40,58,0.12867857465506455,0.0,nan
40,59,0.14865069241598997,0.0,nan
40,60,0.11614466704248405,0.0,nan
40,61,0.11386669682414878,0.0,nan
40,62,0.11426263846615847,0.0,nan
40,63,0.11314534302234151,0.0,nan
40,64,0.12127626731677235,0.0,nan
40,65,0.1223494856556847,0.0,nan
40,66,0.33201400931185726,1.0,nan
40,67,0.1936825282668447,1.0,nan
40,68,0.10559487774744421,0.0,nan
40,69,0.12918933415385445,0.0,nan
40,70,0.0841128923050307,0.0,nan
40,71,0.08639079593035867,0.0,nan
40,72,0.21514230084721192,1.0,nan
40,73,0.10302345422225352,0.0,nan
40,74,0.11443611556379532,0.0,nan
40,75,0.10028946584605854,0.0,nan
40,76,0.09379922452482037,0.0,nan
40,77,0.08178548235589211,0.0,nan
40,78,0.1079629883289281,0.0,nan
40,79,0.07129304812113368,0.0,nan
40,80,0.13027380690151108,0.0,nan
40,81,0.10568253071132395,0.0,nan
40,82,0.17357016826167704,1.0,nan
40,83,0.10576640612995675,0.0,nan
40,84,0.1475837579655867,0.0,nan
40,85,0.08320186594758826,0.0,nan
40,86,0.11567052189249832,0.0,nan
40,87,2.1616563353313136,1.0,nan
40,88,0.12172181622512872,0.0,nan
40,89,0.09722371072082996,0.0,nan
40,90,0.10151053288664512,0.0,nan
40,91,0.15411458458156307,1.0,nan
40,92,0.10216705608065939,0.0,nan
40,93,0.08825348301629789,0.0,nan
40,94,0.08144116113899393,0.0,nan
40,95,0.13278132189831549,0.0,nan
40,96,0.1058109486165897,0.0,nan
40,97,0.15430552508766499,1.0,nan
40,98,0.16407552606602893,1.0,nan
40,99,0.09353561619123726,0.0,nan
41,0,0.1171780871631552,0.0,nan
41,1,0.10678925083227235,0.0,nan
41,2,0.2328813692916155,1.0,nan
41,3,0.08190444186098216,0.0,nan
41,4,0.08554489675523007,0.0,nan
41,5,0.12369362459637026,0.0,nan
41,6,0.11913239308603117,0.0,nan
41,7,0.10708511551239744,0.0,nan
41,8,0.11188516664052267,0.0,nan
41,9,0.15757071322610594,1.0,nan
41,10,0.09274283720829977,0.0,nan
41,11,0.154729833214031,1.0,nan
41,12,1.524703224684265,1.0,nan
41,13,0.1460203592495704,0.0,nan
41,14,0.1819881603804918,1.0,nan
41,15,0.14599447995532294,0.0,nan
41,16,0.12077015322678893,0.0,nan
41,17,0.059018535585549335,0.0,nan
41,18,0.10736102070423457,0.0,nan
41,19,0.11829392895775478,0.0,nan
41,20,0.08745207115961123,0.0,nan
41,21,0.12006652223339087,0.0,nan
41,22,0.07965593672486192,0.0,nan
41,23,0.11663521685262031,0.0,nan
41,24,0.1260542480894151,0.0,nan
41,25,0.10983897074850675,0.0,nan
41,26,0.13522734363715305,0.0,nan
41,27,0.16054582272299284,1.0,nan
41,28,0.18769852164079526,1.0,nan
41,29,0.09785134864325201,0.0,nan
41,30,0.3042698653089694,1.0,nan
41,31,0.20640885254778704,1.0,nan
41,32,0.10036451491413985,0.0,nan
41,33,0.1298533366625879,0.0,nan
41,34,0.08317261535657829,0.0,nan
41,35,0.07948542817472165,0.0,nan
41,36,0.20133371838123665,1.0,nan
41,37,0.14250729406037554,0.0,nan
41,38,0.11736811123594369,0.0,nan
41,39,0.11547156551182271,0.0,nan
41,40,0.11116128507161761,0.0,nan
41,41,0.13969979628084103,0.0,nan
41,42,0.18959703958357238,1.0,nan
41,43,0.023249138787704807,0.0,nan
41,44,0.13381620148142329,0.0,nan
41,45,0.15206713393932111,0.0,nan
41,46,0.07578634638448556,0.0,nan
41,47,0.14475623237635463,0.0,nan
41,48,7.5723631941764715,1.0,nan
41,49,0.20981739284564394,1.0,nan
41,50,0.2657671247358905,1.0,nan
41,51,0.09662725210468252,0.0,nan
41,52,0.07907963424184765,0.0,nan
41,53,0.22272433750750145,1.0,nan
41,54,0.1315382432093758,0.0,nan
41,55,0.025706541556168916,0.0,nan
41,56,0.1495660656699277,0.0,nan
41,57,0.11267027744110134,0.0,nan
41,58,0.1318507086770869,0.0,nan
41,59,0.12015578068392394,0.0,nan
41,60,0.20200950145099675,1.0,nan
41,61,0.1784238900193566,1.0,nan
41,62,0.15254817663211243,1.0,nan
41,63,0.13256189446300667,0.0,nan
41,64,0.10651832995052872,0.0,nan
41,65,0.141744294631191,0.0,nan
41,66,0.23658443292798226,1.0,nan
41,67,0.11586046122726462,0.0,nan
41,68,0.1315744613484393,0.0,nan
41,69,0.1955527062334141,1.0,nan
41,70,0.14389224901059486,0.0,nan
41,71,0.07946307951857857,0.0,nan
41,72,0.16545843879390956,1.0,nan
41,73,0.12057230068637462,0.0,nan
41,74,0.12818896608634284,0.0,nan
41,75,0.11096589478586351,0.0,nan
41,76,0.07945263864345918,0.0,nan
41,77,0.10975528676989244,0.0,nan
41,78,0.27876950245687176,1.0,nan
41,79,0.07388569518997676,0.0,nan
41,80,0.13869046015814807,0.0,nan
41,81,0.1374494068667963,0.0,nan
41,82,0.2031809666355611,1.0,nan
41,83,0.1282258735690424,0.0,nan
41,84,0.16284195779149413,1.0,nan
41,85,0.12141134176781002,0.0,nan
41,86,0.09211905583975936,0.0,nan
41,87,1.9729500772691269,1.0,nan
41,88,0.10623669070820567,0.0,nan
41,89,0.11502754028791155,0.0,nan
41,90,0.1533876420247765,1.0,nan
41,91,0.24243598325567864,1.0,nan
41,92,0.1072633053189952,0.0,nan
41,93,0.12199379144091,0.0,nan
41,94,0.0898680765802488,0.0,nan
41,95,0.18105132653831135,1.0,nan
41,96,0.11511685406777428,0.0,nan
41,97,0.15417351723279454,1.0,nan
41,98,0.21026439654029444,1.0,nan
41,99,0.11713408260639406,0.0,nan
42,0,0.08123458977143513,0.0,nan
42,1,0.06489601881449367,0.0,nan
42,2,0.1375501042365079,0.0,nan
42,3,0.06256531510488095,0.0,nan
42,4,0.06265860928338084,0.0,nan
42,5,0.08625264354890373,0.0,nan
42,6,0.0799797518856107,0.0,nan
42,7,0.06635162373186206,0.0,nan
42,8,0.0797701182093392,0.0,nan
42,9,0.14172604054676677,0.0,nan
42,10,0.08099407660640381,0.0,nan
42,11,0.08661974073968577,0.0,nan
42,12,1.086671793833285,1.0,nan
42,13,0.08320728291455434,0.0,nan
42,14,0.11237637007753692,0.0,nan
42,15,0.09167186372680376,0.0,nan
42,16,0.07860178814033156,0.0,nan
42,17,0.05485005522742876,0.0,nan
42,18,0.07537116359678431,0.0,nan
42,19,0.07276943139984275,0.0,nan
42,20,0.06821638532982252,0.0,nan
42,21,0.06650725245318646,0.0,nan
42,22,0.06512265996632335,0.0,nan
42,23,0.062249618591048106,0.0,nan
42,24,0.07578227808011909,0.0,nan
42,25,0.08078428159046067,0.0,nan
42,26,0.08866388458167669,0.0,nan
42,27,0.09561549065974041,0.0,nan
42,28,0.0950599627397484,0.0,nan
42,29,0.06059241864767922,0.0,nan
42,30,0.11999666560514753,0.0,nan
42,31,0.12100124238496628,0.0,nan
42,32,0.0722493347849989,0.0,nan
42,33,0.08796058315746418,0.0,nan
42,34,0.07205198210553733,0.0,nan
42,35,0.07660262459334434,0.0,nan
42,36,0.42742455736851,1.0,nan
42,37,0.08346337586345715,0.0,nan
42,38,0.06712006994446974,0.0,nan
42,39,0.08170183626806136,0.0,nan
42,40,0.07271186565665365,0.0,nan
42,41,0.09878254209489407,0.0,nan
42,42,0.11504789406384877,0.0,nan
42,43,0.022085638058145427,0.0,nan
42,44,0.0792125168870744,0.0,nan
42,45,0.07983486659458952,0.0,nan
42,46,0.06437766352442732,0.0,nan
42,47,0.08096992661160723,0.0,nan
42,48,2.372424734400558,1.0,nan
42,49,0.09008223578387538,0.0,nan
42,50,0.13594767097300192,0.0,nan
42,51,0.06359958606368231,0.0,nan
42,52,0.06924149703478857,0.0,nan
42,53,0.12769492067641008,0.0,nan
42,54,0.09028900297256551,0.0,nan
42,55,0.020112286284310544,0.0,nan
42,56,0.08346897171706065,0.0,nan
42,57,0.09100102154245708,0.0,nan
42,58,0.08847865503741208,0.0,nan
42,59,0.09869665286784743,0.0,nan
42,60,0.13668660209649314,0.0,nan
42,61,0.0893000269812051,0.0,nan
42,62,0.09861859346377023,0.0,nan
42,63,0.08948289579482367,0.0,nan
42,64,0.0666945812166921,0.0,nan
42,65,0.0953510507794755,0.0,nan
42,66,0.22790327132334712,1.0,nan
42,67,0.09175531621254947,0.0,nan
42,68,0.08403418434060614,0.0,nan
42,69,0.09814729822348811,0.0,nan
42,70,0.10309150486388102,0.0,nan
42,71,0.07642507250534239,0.0,nan
42,72,0.10574229726477923,0.0,nan
42,73,0.0873425555968276,0.0,nan
42,74,0.09721417961286138,0.0,nan
42,75,0.07223301984280966,0.0,nan
42,76,0.07559513123778298,0.0,nan
42,77,0.05451979486331631,0.0,nan
42,78,0.14267796226257984,0.0,nan
42,79,0.06540976838634985,0.0,nan
42,80,0.09185974184126869,0.0,nan
42,81,0.07977859412006111,0.0,nan
42,82,0.10927312682431312,0.0,nan
42,83,0.07362053147317923,0.0,nan
42,84,0.09586713650364001,0.0,nan
42,85,0.06864064602108885,0.0,nan
42,86,0.06948041758401502,0.0,nan
42,87,5.151372295265065,1.0,nan
42,88,0.08684152582484873,0.0,nan
42,89,0.08105137041051591,0.0,nan
42,90,0.07364646942043863,0.0,nan
42,91,0.08790422879110069,0.0,nan
42,92,0.0808925540119598,0.0,nan
42,93,0.06754249250838994,0.0,nan
42,94,0.06101749011279255,0.0,nan
42,95,0.08814407956827303,0.0,nan
42,96,0.07974577013335049,0.0,nan
42,97,0.096588091578161,0.0,nan
42,98,0.10661031259359399,0.0,nan
42,99,0.06425467330043393,0.0,nan
43,0,0.08114566163707675,0.0,nan
43,1,0.062876070968973,0.0,nan
43,2,0.135059051917702,0.0,nan
43,3,0.06138326296381073,0.0,nan
43,4,0.060908854223994245,0.0,nan
43,5,0.08547779492643116,0.0,nan
43,6,0.07794606244798004,0.0,nan
43,7,0.06404826878508035,0.0,nan
43,8,0.0747619575589859,0.0,nan
43,9,0.13690191985751818,0.0,nan
43,10,0.08024777604713314,0.0,nan
43,11,0.08545792254543588,0.0,nan
43,12,1.2601705536284324,1.0,nan
43,13,0.08139818441749305,0.0,nan
43,14,0.11091858469781919,0.0,nan
43,15,0.09002825236288384,0.0,nan
43,16,0.07659525907901207,0.0,nan
43,17,0.06266802708064508,0.0,nan
43,18,0.07257700026282335,0.0,nan
43,19,0.0695823858571519,0.0,nan
43,20,0.06634391733028083,0.0,nan
43,21,0.06604958010920946,0.0,nan
43,22,0.06631170606565367,0.0,nan
43,23,0.061495427465514195,0.0,nan
43,24,0.07487129338247811,0.0,nan
43,25,0.07944965107699085,0.0,nan
43,26,0.08575793962886182,0.0,nan
43,27,0.0947635579128522,0.0,nan
43,28,0.09445830011725907,0.0,nan
43,29,0.06075619818952814,0.0,nan
43,30,0.11947542862505725,0.0,nan
43,31,0.11791778488409081,0.0,nan
43,32,0.072964061439967,0.0,nan
43,33,0.08459068625739301,0.0,nan
43,34,0.07013160156905181,0.0,nan
43,35,0.078857201534498,0.0,nan
43,36,0.3973889123387675,1.0,nan
43,37,0.0816766176999093,0.0,nan
43,38,0.06520675517517453,0.0,nan
43,39,0.081525433215263,0.0,nan
43,40,0.07015913527916373,0.0,nan
43,41,0.0954462223654232,0.0,nan
43,42,0.10772202324984094,0.0,nan
43,43,0.027910303430042423,0.0,nan
43,44,0.0782052389583623,0.0,nan
43,45,0.0761450509881394,0.0,nan
43,46,0.066929167522514,0.0,nan
43,47,0.0793644724659783,0.0,nan
43,48,2.720773464197648,1.0,nan
43,49,0.0882984260713388,0.0,nan
43,50,0.13960319762650059,0.0,nan
43,51,0.06300000050314693,0.0,nan
43,52,0.07001203590322651,0.0,nan
43,53,0.11833338604444302,0.0,nan
43,54,0.09031500706089096,0.0,nan
43,55,0.01990116518904165,0.0,nan
43,56,0.0828868908998735,0.0,nan
43,57,0.08773848572606971,0.0,nan
43,58,0.08666009041882244,0.0,nan
43,59,0.09828407632781935,0.0,nan
43,60,0.12438681157670343,0.0,nan
43,61,0.08955247322800566,0.0,nan
43,62,0.09331363432507261,0.0,nan
43,63,0.08925299376502764,0.0,nan
43,64,0.06491704415386892,0.0,nan
43,65,0.09472602871694777,0.0,nan
43,66,0.268363796700374,1.0,nan
43,67,0.09348726455102291,0.0,nan
43,68,0.08215774992023377,0.0,nan
43,69,0.09930430329580808,0.0,nan
43,70,0.09690535048225864,0.0,nan
43,71,0.07657222597000797,0.0,nan
43,72,0.10040631305118876,0.0,nan
43,73,0.08407635151647302,0.0,nan
43,74,0.09885611936086025,0.0,nan
43,75,0.07218841564498377,0.0,nan
43,76,0.07740828440635629,0.0,nan
43,77,0.052522758050715754,0.0,nan
43,78,0.14495428838231453,0.0,nan
43,79,0.0676983023249101,0.0,nan
43,80,0.09268077026804168,0.0,nan
43,81,0.07882179023253073,0.0,nan
43,82,0.11359289176704107,0.0,nan
43,83,0.07215767526602518,0.0,nan
43,84,0.09571743205795712,0.0,nan
43,85,0.06839115497121066,0.0,nan
43,86,0.06843554211116173,0.0,nan
43,87,4.996665309223116,1.0,nan
43,88,0.08627190891682758,0.0,nan
43,89,0.07988595089144643,0.0,nan
43,90,0.07116509475802796,0.0,nan
43,91,0.07964933164612371,0.0,nan
43,92,0.07741493432992466,0.0,nan
43,93,0.06525690441633204,0.0,nan
43,94,0.060786041341376544,0.0,nan
43,95,0.08825784965679286,0.0,nan
43,96,0.07735414217352507,0.0,nan
43,97,0.0961781937918902,0.0,nan
43,98,0.10541305421676143,0.0,nan
43,99,0.06311917106984892,0.0,nan
44,0,0.08742397022848354,0.0,nan
44,1,0.06769733087625122,0.0,nan
44,2,0.14169061132089816,0.0,nan
44,3,0.06641623504272473,0.0,nan
44,4,0.06421304790839795,0.0,nan
44,5,0.08947049193527684,0.0,nan
44,6,0.08919211842095887,0.0,nan
44,7,0.06862026496903502,0.0,nan
44,8,0.07809231407325139,0.0,nan
44,9,0.13256983118834847,0.0,nan
44,10,0.079766458279919,0.0,nan
44,11,0.0959819450630583,0.0,nan
44,12,1.4094191968954652,1.0,nan
44,13,0.08442972899518464,0.0,nan
44,14,0.11102425389898762,0.0,nan
44,15,0.09689709010254555,0.0,nan
44,16,0.08549738821568709,0.0,nan
44,17,0.062407167527416756,0.0,nan
44,18,0.0841316174232614,0.0,nan
44,19,0.07310962619407897,0.0,nan
44,20,0.07255762795782882,0.0,nan
44,21,0.07305167548557748,0.0,nan
44,22,0.0680895970296468,0.0,nan
44,23,0.06658365188227941,0.0,nan
44,24,0.08238493263850638,0.0,nan
44,25,0.08528401047126205,0.0,nan
44,26,0.10049221808057383,0.0,nan
44,27,0.09850195146768786,0.0,nan
44,28,0.09690148101216568,0.0,nan
44,29,0.06385360817046475,0.0,nan
44,30,0.12576138139726784,0.0,nan
44,31,0.19149195183337708,1.0,nan
44,32,0.08076093695507078,0.0,nan
44,33,0.08911625317561371,0.0,nan
44,34,0.07113554843963117,0.0,nan
44,35,0.08649909078140991,0.0,nan
44,36,0.3314514384469708,1.0,nan
44,37,0.08638128848614302,0.0,nan
44,38,0.06842800752588751,0.0,nan
44,39,0.08669088231526319,0.0,nan
44,40,0.0760791867330805,0.0,nan
44,41,0.1030127003417775,0.0,nan
44,42,0.12022905633262783,0.0,nan
44,43,0.028946706635345428,0.0,nan
44,44,0.08390748540368284,0.0,nan
44,45,0.08698590177932768,0.0,nan
44,46,0.06519486119657943,0.0,nan
44,47,0.09991451987824831,0.0,nan
44,48,2.9480788699133003,1.0,nan
44,49,0.09774677117585534,0.0,nan
44,50,0.16956986084646256,1.0,nan
44,51,0.06777053484249164,0.0,nan
44,52,0.07449492977412164,0.0,nan
44,53,0.13196433994756357,0.0,nan
44,54,0.09509745999605933,0.0,nan
44,55,0.02170409610100837,0.0,nan
44,56,0.0917368529597769,0.0,nan
44,57,0.08924713146696155,0.0,nan
44,58,0.09382186213040018,0.0,nan
44,59,0.10714370943182847,0.0,nan
44,60,0.12694433241074957,0.0,nan
44,61,0.10034465726314284,0.0,nan
44,62,0.10298133387837011,0.0,nan
44,63,0.08987130562961901,0.0,nan
44,64,0.07442962898980211,0.0,nan
44,65,0.10598931080865048,0.0,nan
44,66,0.25445496598374356,1.0,nan
44,67,0.10675021974098714,0.0,nan
44,68,0.08439112214229819,0.0,nan
44,69,0.11625073451710083,0.0,nan
44,70,0.12321832687390084,0.0,nan
44,71,0.08158796070203218,0.0,nan
44,72,0.1437593919206259,0.0,nan
44,73,0.09203083451017141,0.0,nan
44,74,0.11156887232136083,0.0,nan
44,75,0.07545223999478023,0.0,nan
44,76,0.08148025900292259,0.0,nan
44,77,0.05902309372767503,0.0,nan
44,78,0.1451844686298966,0.0,nan
44,79,0.07039062910719912,0.0,nan
44,80,0.1133660927138617,0.0,nan
44,81,0.08385281366379459,0.0,nan
44,82,0.14277177891277393,0.0,nan
44,83,0.07709403226279632,0.0,nan
44,84,0.10440259323868957,0.0,nan
44,85,0.07959757974969858,0.0,nan
44,86,0.07274816560216851,0.0,nan
44,87,4.503340448366524,1.0,nan
44,88,0.09061053556637325,0.0,nan
44,89,0.08246018561370602,0.0,nan
44,90,0.07751542549842587,0.0,nan
44,91,0.08651656478359394,0.0,nan
44,92,0.08382806118951489,0.0,nan
44,93,0.07208545628117248,0.0,nan
44,94,0.06917331035170339,0.0,nan
44,95,0.0968528344742763,0.0,nan
44,96,0.08094192908903265,0.0,nan
44,97,0.10430262304706206,0.0,nan
44,98,0.11307121244085179,0.0,nan
44,99,0.0671058864126725,0.0,nan
45,0,0.11971160787357064,0.0,nan
45,1,0.10440838180534567,0.0,nan
45,2,0.22498845823013888,1.0,nan
45,3,0.08790779892975177,0.0,nan
45,4,0.09141818764271722,0.0,nan
45,5,0.13396621752919327,0.0,nan
45,6,0.12104078988017346,0.0,nan
45,7,0.11258751457350008,0.0,nan
45,8,0.08818980728527187,0.0,nan
45,9,0.19030394361187286,1.0,nan
45,10,0.09530591676330094,0.0,nan
45,11,0.191666185558071,1.0,nan
45,12,1.487730405396421,1.0,nan
45,13,0.1871463944709769,1.0,nan
45,14,0.192954717219055,1.0,nan
45,15,0.15697152066106845,1.0,nan
45,16,0.1278189958661423,0.0,nan
45,17,0.0639684328189997,0.0,nan
45,18,0.11284912991613139,0.0,nan
45,19,0.09985313061402507,0.0,nan
45,20,0.09995953870606938,0.0,nan
45,21,0.13352745597604407,0.0,nan
45,22,0.09038339560841493,0.0,nan
45,23,0.13927771470410003,0.0,nan
45,24,0.14349043753051577,0.0,nan
45,25,0.10277283878740442,0.0,nan
45,26,0.13884080797938264,0.0,nan
45,27,0.1846404230702147,1.0,nan
45,28,0.20645455084848957,1.0,nan
45,29,0.13014366238819072,0.0,nan
45,30,0.3571023252968174,1.0,nan
45,31,0.13362757429175562,0.0,nan
45,32,0.11450541843645369,0.0,nan
45,33,0.14126934375474398,0.0,nan
45,34,0.07780637655355858,0.0,nan
45,35,0.08183482702540189,0.0,nan
45,36,0.24148763400040799,1.0,nan
45,37,0.15904104570722077,1.0,nan
45,38,0.12130269961701076,0.0,nan
45,39,0.11235054156202114,0.0,nan
45,40,0.1209129140661309,0.0,nan
45,41,0.11507976795822734,0.0,nan
45,42,0.21269820867231742,1.0,nan
45,43,0.026465000951958813,0.0,nan
45,44,0.14424818082946358,0.0,nan
45,45,0.19156012151080337,1.0,nan
45,46,0.056993620611670535,0.0,nan
45,47,0.13727087967765186,0.0,nan
45,48,4.304652115563501,1.0,nan
45,49,0.2907035614293175,1.0,nan
45,50,0.3099233950178445,1.0,nan
45,51,0.11469850150897891,0.0,nan
45,52,0.06574676971923199,0.0,nan
45,53,0.2224911947661382,1.0,nan
45,54,0.1475096095056973,0.0,nan
45,55,0.03222910754537306,0.0,nan
45,56,0.1691436775769556,1.0,nan
45,57,0.1197728381377545,0.0,nan
45,58,0.1372707126006395,0.0,nan
45,59,0.1197016691351555,0.0,nan
45,60,0.27151391378579043,1.0,nan
45,61,0.22353115998692338,1.0,nan
45,62,0.15489366787912684,1.0,nan
45,63,0.15104433005285206,0.0,nan
45,64,0.10667425082519935,0.0,nan
45,65,0.14854659979454643,0.0,nan
45,66,0.16767693115597582,1.0,nan
45,67,0.13305728956091295,0.0,nan
45,68,0.16057976110083486,1.0,nan
45,69,0.1867593823265727,1.0,nan
45,70,0.19964954233040225,1.0,nan
45,71,0.09199361812722227,0.0,nan
45,72,0.13737341755346955,0.0,nan
45,73,0.11188435059651017,0.0,nan
45,74,0.1433263029964712,0.0,nan
45,75,0.13067319223886123,0.0,nan
45,76,0.06419800095590085,0.0,nan
45,77,0.1152871199911671,0.0,nan
45,78,0.4197606634487306,1.0,nan
45,79,0.07206833744202751,0.0,nan
45,80,0.12845828152895883,0.0,nan
45,81,0.16664833845785276,1.0,nan
45,82,0.19319138357450508,1.0,nan
45,83,0.15770340937553773,1.0,nan
45,84,0.16757710587361224,1.0,nan
45,85,0.15118312799113207,0.0,nan
45,86,0.11266678262978176,0.0,nan
45,87,2.921750459080891,1.0,nan
45,88,0.11877378399444162,0.0,nan
45,89,0.14063509156923099,0.0,nan
45,90,0.15848342374603294,1.0,nan
45,91,0.21101047287221814,1.0,nan
45,92,0.09434428333774714,0.0,nan
45,93,0.15518486143545812,1.0,nan
45,94,0.09631544406191578,0.0,nan
45,95,0.20710558888605948,1.0,nan
45,96,0.1137908677118878,0.0,nan
45,97,0.17460270776814552,1.0,nan
45,98,0.27931590135935763,1.0,nan
45,99,0.14554619849453274,0.0,nan
46,0,0.0963877659698694,0.0,nan
46,1,0.07716050654714363,0.0,nan
46,2,0.33466531839258484,1.0,nan
46,3,0.08256108279254322,0.0,nan
46,4,0.0674665207410573,0.0,nan
46,5,0.10872197311032165,0.0,nan
46,6,0.11479035122691203,0.0,nan
46,7,0.13509695160146354,0.0,nan
46,8,0.0653539287413347,0.0,nan
46,9,0.14805050679052767,0.0,nan
46,10,0.09018281838256223,0.0,nan
46,11,0.22663769944078785,1.0,nan
46,12,1.5633379874674231,1.0,nan
46,13,0.12890001636976242,0.0,nan
46,14,0.15563625425729305,1.0,nan
46,15,0.12108149573513192,0.0,nan
46,16,0.14789077156524727,0.0,nan
46,17,0.04222004659856087,0.0,nan
46,18,0.09979334376005727,0.0,nan
46,19,0.07805699552554168,0.0,nan
46,20,0.10439013152652446,0.0,nan
46,21,0.1117847575736358,0.0,nan
46,22,0.11873501685909751,0.0,nan
46,23,0.10139970574101301,0.0,nan
46,24,0.12713912463722304,0.0,nan
46,25,0.08333439561402047,0.0,nan
46,26,0.14085698158551047,0.0,nan
46,27,0.12928487200499347,0.0,nan
46,28,0.14228884086867372,0.0,nan
46,29,0.08224897373110962,0.0,nan
46,30,0.21734777533637062,1.0,nan
46,31,0.16019406397651795,1.0,nan
46,32,0.08607959756618153,0.0,nan
46,33,0.10967152309466116,0.0,nan
46,34,0.06020468963748289,0.0,nan
46,35,0.06151959278617631,0.0,nan
46,36,0.18624738059731738,1.0,nan
46,37,0.13499736103864657,0.0,nan
46,38,0.09436721305276366,0.0,nan
46,39,0.37573893429265515,1.0,nan
46,40,0.1048101269697242,0.0,nan
46,41,0.07229420786432458,0.0,nan
46,42,0.18849305752080706,1.0,nan
46,43,0.028453319757606985,0.0,nan
46,44,0.1268775405877767,0.0,nan
46,45,0.17373597325252949,1.0,nan
46,46,0.04188948018450798,0.0,nan
46,47,1.7876220069379263,1.0,nan
46,48,5.497270716552442,1.0,nan
46,49,0.17904887844888476,1.0,nan
46,50,0.3382019108098558,1.0,nan
46,51,0.08332478156727272,0.0,nan
46,52,0.055963596983046426,0.0,nan
46,53,0.16262074596930864,1.0,nan
46,54,0.12262203843673057,0.0,nan
46,55,0.027319980899668254,0.0,nan
46,56,0.13788640014884387,0.0,nan
46,57,0.09161285631570157,0.0,nan
46,58,0.11516117019870976,0.0,nan
46,59,0.10102299721540994,0.0,nan
46,60,0.2009731958313782,1.0,nan
46,61,0.15305089120401738,1.0,nan
46,62,0.1294631113288887,0.0,nan
46,63,0.11266848245118938,0.0,nan
46,64,0.08854032686395538,0.0,nan
46,65,0.13344154379637926,0.0,nan
46,66,0.11642884622514715,0.0,nan
46,67,0.11396699017741488,0.0,nan
46,68,0.12541665296473983,0.0,nan
46,69,0.16492147528795936,1.0,nan
46,70,0.10923755909631973,0.0,nan
46,71,0.2563273621509767,1.0,nan
46,72,0.1791180894314323,1.0,nan
46,73,0.08544448518368943,0.0,nan
46,74,0.12293175793423458,0.0,nan
46,75,0.08657789323740586,0.0,nan
46,76,0.07049011933993064,0.0,nan
46,77,0.07968367848146278,0.0,nan
46,78,0.26812773953431995,1.0,nan
46,79,0.10451264692012423,0.0,nan
46,80,0.14914926360984057,0.0,nan
46,81,0.13239867079017187,0.0,nan
46,82,0.19218880415732603,1.0,nan
46,83,0.12122321312316449,0.0,nan
46,84,0.23457590341810974,1.0,nan
46,85,0.1755041580337345,1.0,nan
46,86,0.09274377216209938,0.0,nan
46,87,1.6380686850387325,1.0,nan
46,88,0.08887195386024971,0.0,nan
46,89,0.09498425071676005,0.0,nan
46,90,0.10130646678834691,0.0,nan
46,91,0.3633196688039625,1.0,nan
46,92,0.11501308200960486,0.0,nan
46,93,0.10329327001301859,0.0,nan
46,94,0.09520627184698995,0.0,nan
46,95,0.16539106905841097,1.0,nan
46,96,0.10441343761578767,0.0,nan
46,97,0.1381207052113096,0.0,nan
46,98,0.17562132549461273,1.0,nan
46,99,0.10940595828143197,0.0,nan
47,0,0.09424338100086445,0.0,nan
47,1,0.07846841106441907,0.0,nan
47,2,0.3027282348199859,1.0,nan
47,3,0.08129789474864929,0.0,nan
47,4,0.06758477382490123,0.0,nan
47,5,0.10390484167904271,0.0,nan
47,6,0.11699425870531945,0.0,nan
47,7,0.14011697625242253,0.0,nan
47,8,0.06547355995272953,0.0,nan
47,9,0.14926307520150947,0.0,nan
47,10,0.08775583825589443,0.0,nan
47,11,0.20193346983613508,1.0,nan
47,12,2.000416322015944,1.0,nan
47,13,0.12536882715484252,0.0,nan
47,14,0.13629054323817283,0.0,nan
47,15,0.11921852695429672,0.0,nan
47,16,0.14813012446055665,0.0,nan
47,17,0.04175568648639695,0.0,nan
47,18,0.10639476273868116,0.0,nan
47,19,0.07883028574886089,0.0,nan
47,20,0.10577377230914288,0.0,nan
47,21,0.10806200577272462,0.0,nan
47,22,0.12877586594771998,0.0,nan
47,23,0.10166267999879021,0.0,nan
47,24,0.12426504464906274,0.0,nan
47,25,0.08287659840908486,0.0,nan
47,26,0.14635308237058595,0.0,nan
47,27,0.1295692142523013,0.0,nan
47,28,0.13622705406573107,0.0,nan
47,29,0.08146874182445726,0.0,nan
47,30,0.1976816976922083,1.0,nan
47,31,0.1598185849587687,1.0,nan
47,32,0.08621363219118348,0.0,nan
47,33,0.11026884861278359,0.0,nan
47,34,0.061467473092535786,0.0,nan
47,35,0.06287847374456888,0.0,nan
47,36,0.17585250624217416,1.0,nan
47,37,0.1310902538008296,0.0,nan
47,38,0.09450354590162534,0.0,nan
47,39,0.35134606875397084,1.0,nan
47,40,0.10133448709742145,0.0,nan
47,41,0.07204345665136491,0.0,nan
47,42,0.18029145048806686,1.0,nan
47,43,0.02339422695209309,0.0,nan
47,44,0.12714244182848092,0.0,nan
47,45,0.16418264649112838,1.0,nan
47,46,0.04246003937255388,0.0,nan
47,47,1.6393495794243333,1.0,nan
47,48,4.592774197380732,1.0,nan
47,49,0.15640481108572213,1.0,nan
47,50,0.3096147995351086,1.0,nan
47,51,0.08388539619471393,0.0,nan
47,52,0.05777078755350698,0.0,nan
47,53,0.15806512751212234,1.0,nan
47,54,0.12572278885591576,0.0,nan
47,55,0.02321188239966603,0.0,nan
47,56,0.1354074510602435,0.0,nan
47,57,0.093511423522913,0.0,nan
47,58,0.1176882602243983,0.0,nan
47,59,0.10293916521265296,0.0,nan
47,60,0.1862804607113731,1.0,nan
47,61,0.1425214718102828,0.0,nan
47,62,0.12483876210948393,0.0,nan
47,63,0.10781357588015997,0.0,nan
47,64,0.08766205949087902,0.0,nan
47,65,0.13378821360962387,0.0,nan
47,66,0.11058749022118097,0.0,nan
47,67,0.11364536763794479,0.0,nan
47,68,0.12174203436947556,0.0,nan
47,69,0.14817739988635947,0.0,nan
47,70,0.10443858995838769,0.0,nan
47,71,0.32323993413669067,1.0,nan
47,72,0.17633836553219348,1.0,nan
47,73,0.08594755460698918,0.0,nan
47,74,0.1225300884387854,0.0,nan
47,75,0.0861885955421391,0.0,nan
47,76,0.07450091366665544,0.0,nan
47,77,0.07883527233498835,0.0,nan
47,78,0.22192176102931296,1.0,nan
47,79,0.10876231356672005,0.0,nan
47,80,0.14856439996040552,0.0,nan
47,81,0.13269550836052918,0.0,nan
47,82,0.18656337894080324,1.0,nan
47,83,0.11976899841312577,0.0,nan
47,84,0.24749962589128013,1.0,nan
47,85,0.15570582569483363,1.0,nan
47,86,0.09422707572142455,0.0,nan
47,87,2.1027395956925465,1.0,nan
47,88,0.08797589968405137,0.0,nan
47,89,0.09387546898661808,0.0,nan
47,90,0.09694386456386679,0.0,nan
47,91,0.4193480992197833,1.0,nan
47,92,0.12161299946093418,0.0,nan
47,93,0.09951764906953714,0.0,nan
47,94,0.0942555909027619,0.0,nan
47,95,0.16286816972912485,1.0,nan
47,96,0.10170191233454243,0.0,nan
47,97,0.13798013534270612,0.0,nan
47,98,0.16654651257577097,1.0,nan
47,99,0.1070220149991887,0.0,nan
48,0,0.08509424868169813,0.0,nan
48,1,0.07514122894628272,0.0,nan
48,2,0.28548221273630064,1.0,nan
48,3,0.07832752010950472,0.0,nan
48,4,0.06487305337691178,0.0,nan
48,5,0.09266705508215438,0.0,nan
48,6,0.09974457781900163,0.0,nan
48,7,0.12414904069288295,0.0,nan
48,8,0.06221160257307471,0.0,nan
48,9,0.12977548106246892,0.0,nan
48,10,0.07680335167187859,0.0,nan
48,11,0.153510105746007,1.0,nan
48,12,1.3065924193863427,1.0,nan
48,13,0.09130439559142964,0.0,nan
48,14,0.13598986789628256,0.0,nan
48,15,0.10439003933388079,0.0,nan
48,16,0.11036706848856163,0.0,nan
48,17,0.08718244496449612,0.0,nan
48,18,0.11613963115146524,0.0,nan
48,19,0.07509868739275824,0.0,nan
48,20,0.10415452565264151,0.0,nan
48,21,0.09125139303257035,0.0,nan
48,22,0.11987384693652296,0.0,nan
48,23,0.08894939147089989,0.0,nan
48,24,0.10683917778882007,0.0,nan
48,25,0.07881256358224445,0.0,nan
48,26,0.11735457956086037,0.0,nan
48,27,0.1151385339567887,0.0,nan
48,28,0.14706195484932527,0.0,nan
48,29,0.07107175156161702,0.0,nan
48,30,0.13963654235445638,0.0,nan
48,31,0.1409039815207962,0.0,nan
48,32,0.0775143816065735,0.0,nan
48,33,0.09452287157378668,0.0,nan
48,34,0.06293026446362511,0.0,nan
48,35,0.07081672041952763,0.0,nan
48,36,0.13152175979664527,0.0,nan
48,37,0.10987842788159609,0.0,nan
48,38,0.09465008152404195,0.0,nan
48,39,0.30674519197321104,1.0,nan
48,40,0.0967397064975023,0.0,nan
48,41,0.07289409017902469,0.0,nan
48,42,0.1477712829998519,0.0,nan
48,43,0.028794527871973778,0.0,nan
48,44,0.1142631676047435,0.0,nan
48,45,0.10567726332192916,0.0,nan
48,46,0.04327869772483504,0.0,nan
48,47,0.19060430964766967,1.0,nan
48,48,4.385422429635622,1.0,nan
48,49,0.1087239350708028,0.0,nan
48,50,0.23328058725629558,1.0,nan
48,51,0.08343379775792556,0.0,nan
48,52,0.055034856916995306,0.0,nan
48,53,0.12456086188186498,0.0,nan
48,54,0.1156037047652401,0.0,nan
48,55,0.02705979547308719,0.0,nan
48,56,0.11909066987438309,0.0,nan
48,57,0.08302077391137948,0.0,nan
48,58,0.10199703378511145,0.0,nan
48,59,0.10594812393055437,0.0,nan
48,60,0.12477497256201245,0.0,nan
48,61,0.11147077680255076,0.0,nan
48,62,0.09778939816770318,0.0,nan
48,63,0.10210768752682718,0.0,nan
48,64,0.0846473213075396,0.0,nan
48,65,0.12049083586550637,0.0,nan
48,66,0.08869086642508048,0.0,nan
48,67,0.10779316360513823,0.0,nan
48,68,0.1009290061533283,0.0,nan
48,69,0.14163765467260306,0.0,nan
48,70,0.07684675883032709,0.0,nan
48,71,0.2224838673424491,1.0,nan
48,72,0.1181830401963389,0.0,nan
48,73,0.08242200630900191,0.0,nan
48,74,0.10901890764137548,0.0,nan
48,75,0.08062685605225312,0.0,nan
48,76,0.15939347920915503,1.0,nan
48,77,0.07452113200394533,0.0,nan
48,78,0.1389472282850321,0.0,nan
48,79,0.08797360319740524,0.0,nan
48,80,0.11568894243779826,0.0,nan
48,81,0.1113294989214757,0.0,nan
48,82,0.15346888291631453,1.0,nan
48,83,0.1078460663657143,0.0,nan
48,84,0.19956430670333852,1.0,nan
48,85,0.09623641639189834,0.0,nan
48,86,0.09127242003668895,0.0,nan
48,87,2.121920570948232,1.0,nan
48,88,0.2025211017270507,1.0,nan
48,89,0.08841601620349945,0.0,nan
48,90,0.08312650886410744,0.0,nan
48,91,2.796115491739168,1.0,nan
48,92,0.1127585515982013,0.0,nan
48,93,0.08311695990357858,0.0,nan
48,94,0.07108839315298285,0.0,nan
48,95,0.1615792684295919,1.0,nan
48,96,0.0933345197042915,0.0,nan
48,97,0.12632531906691205,0.0,nan
48,98,0.15390662013712797,1.0,nan
48,99,0.09398930450929291,0.0,nan
49,0,0.10624687916084156,0.0,nan
49,1,0.09129041390632837,0.0,nan
49,2,0.6849567304365924,1.0,nan
49,3,0.08771145586789224,0.0,nan
49,4,0.07991949141480695,0.0,nan
49,5,0.11851052047310139,0.0,nan
49,6,0.10943392443512516,0.0,nan
49,7,0.1505536208589516,0.0,nan
49,8,0.08062365108836994,0.0,nan
49,9,0.15883461370330043,1.0,nan
49,10,0.09314116385971932,0.0,nan
49,11,0.16038521513749987,1.0,nan
49,12,2.123872059603093,1.0,nan
49,13,0.13104932736625233,0.0,nan
49,14,0.1973372196259695,1.0,nan
49,15,0.13414646232837374,0.0,nan
49,16,0.12693836207728296,0.0,nan
49,17,0.10030611594189318,0.0,nan
49,18,0.11402846256489271,0.0,nan
49,19,0.09187464388066527,0.0,nan
49,20,0.11177664165807208,0.0,nan
49,21,0.11216312839393833,0.0,nan
49,22,0.13321891651666287,0.0,nan
49,23,0.12791759239550757,0.0,nan
49,24,0.1291442215896486,0.0,nan
49,25,0.10095498195318249,0.0,nan
49,26,0.12924307616432854,0.0,nan
49,27,0.155117537031257,1.0,nan
49,28,0.2729190560248979,1.0,nan
49,29,0.1007833591516448,0.0,nan
49,30,0.22384126627616388,1.0,nan
49,31,0.13308185211170145,0.0,nan
49,32,0.1017153362926663,0.0,nan
49,33,0.12365991443067315,0.0,nan
49,34,0.07946189042637117,0.0,nan
49,35,0.07649082186646448,0.0,nan
49,36,0.18198288487417322,1.0,nan
49,37,0.14572867210005377,0.0,nan
49,38,0.11803867309891464,0.0,nan
49,39,0.3387015608531554,1.0,nan
49,40,0.13353665974601317,0.0,nan
49,41,0.08982136403582029,0.0,nan
49,42,0.1903376204296069,1.0,nan
49,43,0.04265953434206176,0.0,nan
49,44,0.14489263064457453,0.0,nan
49,45,0.125053155334226,0.0,nan
49,46,0.05088289617041196,0.0,nan
49,47,0.16267781693995098,1.0,nan
49,48,6.425850918770205,1.0,nan
49,49,0.16827141720427652,1.0,nan
49,50,0.2667387396330429,1.0,nan
49,51,0.10788789779346725,0.0,nan
49,52,0.07466006629170209,0.0,nan
49,53,0.14941920641378523,0.0,nan
49,54,0.1448787427721011,0.0,nan
49,55,0.061259850766483874,0.0,nan
49,56,0.14170711897014324,0.0,nan
49,57,0.09968204591473837,0.0,nan
49,58,0.11471477410215929,0.0,nan
49,59,0.12077736083827387,0.0,nan
49,60,0.18010558501660093,1.0,nan
49,61,0.16572096590964489,1.0,nan
49,62,0.1184028460534534,0.0,nan
49,63,0.13191053385959034,0.0,nan
49,64,0.10721344653036678,0.0,nan
49,65,0.14340704246726232,0.0,nan
49,66,0.13618177518560975,0.0,nan
49,67,0.12379441565119256,0.0,nan
49,68,0.13434792404664808,0.0,nan
49,69,0.19496835201945087,1.0,nan
49,70,0.11911490658952699,0.0,nan
49,71,0.3442385856536092,1.0,nan
49,72,0.14344155633360822,0.0,nan
49,73,0.10152375819653614,0.0,nan
49,74,0.13480180553534651,0.0,nan
49,75,0.10598854134783509,0.0,nan
49,76,1.482037789247515,1.0,nan
49,77,0.09240578812218239,0.0,nan
49,78,0.2246904696500301,1.0,nan
49,79,0.11666551594384114,0.0,nan
49,80,0.1292671669300533,0.0,nan
49,81,0.15824590976050362,1.0,nan
49,82,0.14540443582512175,0.0,nan
49,83,0.13711984252771303,0.0,nan
49,84,0.2209370024575762,1.0,nan
49,85,0.12634245312444192,0.0,nan
49,86,0.11519062561136918,0.0,nan
49,87,2.2030615864424856,1.0,nan
49,88,0.20406395697266153,1.0,nan
49,89,0.11124796995856757,0.0,nan
49,90,0.11471005551937895,0.0,nan
49,91,0.27938662680737664,1.0,nan
49,92,0.11121344147350813,0.0,nan
49,93,0.10873027060964781,0.0,nan
49,94,0.08415128051823229,0.0,nan
49,95,0.19627850501287644,1.0,nan
49,96,0.11894719549913689,0.0,nan
49,97,0.16966653721923247,1.0,nan
49,98,0.231537873461842,1.0,nan
49,99,0.12166188866416487,0.0,nan
50,0,0.09141386938450247,0.0,-0.00016126533660021502
50,1,0.07733180471223569,0.0,-7.527602270251325e-05
50,2,0.8386896542168462,1.0,0.08157515167432236
50,3,0.07155321540550871,0.0,-0.0013546409785721236
50,4,0.06313262793549901,0.0,-0.00013528121871358637
50,5,0.10252916297802792,0.0,-0.0002551268587507751
50,6,0.09165591192286678,0.0,7.756325248127455e-05
50,7,0.15009445895419393,0.0,0.0008479199761660002
50,8,0.06412367670033112,0.0,0.0002669410363065629
50,9,0.14501540381310332,0.0,0.0007514807327688296
50,10,0.07916375262787584,0.0,0.0002519230718222514
50,11,0.15201258834815182,0.0,-0.0003971001675863708
50,12,1.5761373691912635,1.0,0.26878324556108313
50,13,0.13753166503217665,0.0,-0.00017196209157130542
50,14,0.17023221788472268,1.0,0.003125111301485103
50,15,0.12311451608950551,0.0,-0.0003326275375572333
50,16,0.11811087132341032,0.0,0.0013202623918578762
50,17,0.10607014923505764,0.0,0.0014986223670174475
50,18,0.09472118948172414,0.0,3.2919789076393975e-05
50,19,0.07607768604123825,0.0,-0.00041058039303198105
50,20,0.09988692477326452,0.0,-0.0008267345881213987
50,21,0.09870118948029183,0.0,-0.0004275781153462054
50,22,0.12978470453695115,0.0,0.00032990417539291634
50,23,0.12565680858385195,0.0,-0.000583624026554191
50,24,0.12285787699021243,0.0,0.00047313590265320453
50,25,0.08159579000868301,0.0,-0.00041906623667833394
50,26,0.10966558803802874,0.0,0.00035193590751118355
50,27,0.1296713472266944,0.0,0.0023955758957550557
50,28,0.40437337053276085,1.0,0.0009291393074855287
50,29,0.0868269932234723,0.0,0.00017823558482803732
50,30,0.2104784487107486,1.0,0.00436875518157963
50,31,0.11643441795828974,0.0,-1.8771078779485902e-05
50,32,0.08605985854068435,0.0,-0.0003282977582049142
50,33,0.1034704895266821,0.0,-0.0002976010666147846
50,34,0.06519525963872805,0.0,0.0002621429407149
50,35,0.05921505335154808,0.0,-0.0001152979684791983
50,36,0.19170791812496218,1.0,0.009667169425116012
50,37,0.14412343240491585,0.0,-0.0002289390965144687
50,38,0.10188729310400334,0.0,0.0010267886778111412
50,39,0.6127003995942194,1.0,0.000727154168102814
50,40,0.12029409662202246,0.0,0.0005524699707697774
50,41,0.06966682291139177,0.0,0.0007735710342447223
50,42,0.20648485963974605,1.0,0.0003218436197371824
50,43,0.04106609009290588,0.0,0.0003867084643071808
50,44,0.1352059098193167,0.0,-0.0001994116493327317
50,45,0.11612285546829218,0.0,0.0025150978802704863
50,46,0.03820058171602971,0.0,-0.00017912189241755947
50,47,0.16266715159483638,1.0,-0.0006482280035762486
50,48,5.170686418630599,1.0,0.4312719598341068
50,49,0.16307631913147688,1.0,0.0007166703501315213
50,50,0.2921431328354697,1.0,1.480507395686081e-05
50,51,0.09743926651316884,0.0,0.0005569313444294288
50,52,0.06298292340593624,0.0,0.00021935236136862057
50,53,0.14011465057089123,0.0,0.0011023389037629586
50,54,0.12592347743855042,0.0,0.0023944586931466676
50,55,0.049461105577296,0.0,7.234768991007084e-05
50,56,0.1370876364414026,0.0,0.0009678966592733326
50,57,0.08413123016302604,0.0,0.0009713654471345791
50,58,0.09927811791664386,0.0,-0.00272124637237076
50,59,0.10948773303694102,0.0,0.0025543803837068143
50,60,0.19403997993049346,1.0,0.0005472719888280414
50,61,0.15700996794612979,1.0,-6.640035364853324e-05
50,62,0.10608357438661871,0.0,0.0045008778944478365
50,63,0.11364487898890521,0.0,-0.00012872366456677742
50,64,0.0935432855631914,0.0,-0.0001745339746671502
50,65,0.1296665879050846,0.0,0.0011367469073295807
50,66,0.10991590061781674,0.0,0.0017754622038579054
50,67,0.10617820228235923,0.0,-0.0003762961390940715
50,68,0.1354294757420245,0.0,-0.00013216625154435644
50,69,0.20111383539252947,1.0,0.0003814006894621026
50,70,0.13033889002948545,0.0,0.00455107057063424
50,71,0.4408042827899538,1.0,0.01643692228942347
50,72,0.11876734816613471,0.0,0.0018092291103107715
50,73,0.08573678698579335,0.0,-0.0035104675348040845
50,74,0.12109676646243324,0.0,0.0004733405282914237
50,75,0.0932006747207117,0.0,0.0040213296432802656
50,76,1.1971902201553053,1.0,0.0005356316843577445
50,77,0.07781899465066584,0.0,0.0004041290782396056
50,78,0.2823973097587756,1.0,0.010948740647066135
50,79,0.10847976864043449,0.0,0.0011427002643105415
50,80,0.11418851361880329,0.0,0.0007423431766991939
50,81,0.15225268663047362,0.0,-0.002401175799023073
50,82,0.1318847701738175,0.0,0.0028037486454305506
50,83,0.12791495849867004,0.0,0.0023911935019108443
50,84,0.22597720751709155,1.0,0.01296121918459799
50,85,0.11851905242333634,0.0,-0.0006024280874768646
50,86,0.09709127596701782,0.0,-0.0002666677371804453
50,87,2.6233012154986857,1.0,0.11113875748426207
50,88,0.2846097494944236,1.0,-0.00027013865373966744
50,89,0.0987057516643131,0.0,-0.000599854924083817
50,90,0.09828488905873065,0.0,0.00118677077550796
50,91,0.22288543660436685,1.0,0.009075275442008852
50,92,0.09627182122389272,0.0,-0.00021806292329836657
50,93,0.09996005380997136,0.0,0.0011914659481429685
50,94,0.06957281094362866,0.0,3.259814369691598e-05
50,95,0.1840723240831423,1.0,0.0015005126490391044
50,96,0.10715595916272218,0.0,-0.0005072346476839262
50,97,0.16749581213464648,1.0,7.026034542297508e-05
50,98,0.24650401596152116,1.0,0.0008268557447526477
50,99,0.11409491468680552,0.0,0.0003431736217573325
51,0,0.08123553095397269,0.0,nan
51,1,0.06861792806043415,0.0,nan
51,2,0.4568277076527996,1.0,nan
51,3,0.07613669245807475,0.0,nan
51,4,0.06663508902037109,0.0,nan
51,5,0.09181253810845053,0.0,nan
51,6,0.095117578240801,0.0,nan
51,7,0.1446554155337755,0.0,nan
51,8,0.056004072893928836,0.0,nan
51,9,0.12811679078245927,0.0,nan
51,10,0.07735822911043336,0.0,nan
51,11,0.11591964139760745,0.0,nan
51,12,1.8963342402057803,1.0,nan
51,13,0.08740488829209761,0.0,nan
51,14,0.12354491400119738,0.0,nan
51,15,0.10794252677347797,0.0,nan
51,16,0.13765380541724478,0.0,nan
51,17,0.11311271566251933,0.0,nan
51,18,0.10010596034132856,0.0,nan
51,19,0.06932140025780135,0.0,nan
51,20,0.10084137493620368,0.0,nan
51,21,0.08418626032180497,0.0,nan
51,22,0.1082406726926699,0.0,nan
51,23,0.09534367984442739,0.0,nan
51,24,0.10455705886922202,0.0,nan
51,25,0.07890542000433132,0.0,nan
51,26,0.11123507283601174,0.0,nan
51,27,0.10759140238827111,0.0,nan
51,28,0.12018259343693076,0.0,nan
51,29,0.06395608512282723,0.0,nan
51,30,0.12173772572221227,0.0,nan
51,31,0.14636591763625284,0.0,nan
51,32,0.0816207903132938,0.0,nan
51,33,0.10086231888331454,0.0,nan
51,34,0.06058109284601902,0.0,nan
51,35,0.07521809751151505,0.0,nan
51,36,0.15044423378489674,0.0,nan
51,37,0.11086879208037058,0.0,nan
51,38,0.08332627788482772,0.0,nan
51,39,0.2215446946140673,1.0,nan
51,40,0.1027347686972657,0.0,nan
51,41,0.06992187078416033,0.0,nan
51,42,0.1487606013252686,0.0,nan
51,43,0.030679057296268436,0.0,nan
51,44,0.10754216070608813,0.0,nan
51,45,0.0940878724730126,0.0,nan
51,46,0.042484225857385025,0.0,nan
51,47,0.32514863644710773,1.0,nan
51,48,5.206313745042248,1.0,nan
51,49,0.10531884839817307,0.0,nan
51,50,0.22939151572367786,1.0,nan
51,51,0.07952094668190754,0.0,nan
51,52,0.07086126966094307,0.0,nan
51,53,0.10821601249192386,0.0,nan
51,54,0.1226987847660311,0.0,nan
51,55,0.03607359430228068,0.0,nan
51,56,0.10578146572791287,0.0,nan
51,57,0.07859934042576235,0.0,nan
51,58,0.10005666981256657,0.0,nan
51,59,0.11085598560592089,0.0,nan
51,60,0.1255609062787159,0.0,nan
51,61,0.10992091239511208,0.0,nan
51,62,0.09727063947219754,0.0,nan
51,63,0.09015606839132723,0.0,nan
51,64,0.0874444246973439,0.0,nan
51,65,0.12014939740474453,0.0,nan
51,66,0.11125621106120956,0.0,nan
51,67,0.09415914918627824,0.0,nan
51,68,0.09953119270008787,0.0,nan
51,69,0.11205637333898212,0.0,nan
51,70,0.08423230589185703,0.0,nan
51,71,0.4359368826668,1.0,nan
51,72,0.17165703602877344,1.0,nan
51,73,0.08783175958006596,0.0,nan
51,74,0.1060236327096913,0.0,nan
51,75,0.07419462829784611,0.0,nan
51,76,1.2285889002978512,1.0,nan
51,77,0.06832575739480277,0.0,nan
51,78,0.13053133755437848,0.0,nan
51,79,0.08774958942634292,0.0,nan
51,80,0.11312023357741093,0.0,nan
51,81,0.10421562940963787,0.0,nan
51,82,0.13382025883800303,0.0,nan
51,83,0.09692801044032953,0.0,nan
51,84,0.1727856327640264,1.0,nan
51,85,0.14031848403231836,0.0,nan
51,86,0.09473748335252644,0.0,nan
51,87,3.974905263153166,1.0,nan
51,88,0.4164847104459895,1.0,nan
51,89,0.0817031960924127,0.0,nan
51,90,0.08428852496628246,0.0,nan
51,91,0.17643219640976174,1.0,nan
51,92,0.09414447333506759,0.0,nan
51,93,0.07567176269748992,0.0,nan
51,94,0.08074436888865712,0.0,nan
51,95,0.1216440773142916,0.0,nan
51,96,0.07876573137523317,0.0,nan
51,97,0.13957778268755108,0.0,nan
51,98,0.1349651433697772,0.0,nan
51,99,0.06899599339391217,0.0,nan
52,0,0.08601196000386947,0.0,nan
52,1,0.07169897486480833,0.0,nan
52,2,0.5307896648109313,1.0,nan
52,3,0.07316171798903723,0.0,nan
52,4,0.06421796384617684,0.0,nan
52,5,0.09718222946121095,0.0,nan
52,6,0.0938078176679755,0.0,nan
52,7,0.19746179770349112,1.0,nan
52,8,0.0603471332755519,0.0,nan
52,9,0.13556970212633332,0.0,nan
52,10,0.07820684455066162,0.0,nan
52,11,0.11903562013224117,0.0,nan
52,12,1.6538426082949738,1.0,nan
52,13,0.10222718425944645,0.0,nan
52,14,0.16823049915377755,1.0,nan
52,15,0.11881453186806339,0.0,nan
52,16,0.12440715323249396,0.0,nan
52,17,0.08452605163702626,0.0,nan
52,18,0.09475473907741294,0.0,nan
52,19,0.07113386901280506,0.0,nan
52,20,0.1078946763610394,0.0,nan
52,21,0.09682352293724175,0.0,nan
52,22,0.11999898146527875,0.0,nan
52,23,0.11198779430886735,0.0,nan
52,24,0.11433813166424991,0.0,nan
52,25,0.086458095274515,0.0,nan
52,26,0.11099720754555187,0.0,nan
52,27,0.11575558645207427,0.0,nan
52,28,0.1772208429458529,1.0,nan
52,29,0.07465035099175168,0.0,nan
52,30,0.17259161022509037,1.0,nan
52,31,0.13722103468595823,0.0,nan
52,32,0.10458540685618405,0.0,nan
52,33,0.11398925682426517,0.0,nan
52,34,0.06166294833793688,0.0,nan
52,35,0.06486194650277693,0.0,nan
52,36,0.14961490394353905,0.0,nan
52,37,0.1286359766225806,0.0,nan
52,38,0.09632332415926244,0.0,nan
52,39,0.30900895354048474,1.0,nan
52,40,0.10921388766609748,0.0,nan
52,41,0.06873736609023186,0.0,nan
52,42,0.16911546919469292,1.0,nan
52,43,0.037965729491527024,0.0,nan
52,44,0.12172924811624622,0.0,nan
52,45,0.25361257681124955,1.0,nan
52,46,0.039264310784630045,0.0,nan
52,47,0.18687598398878746,1.0,nan
52,48,6.064315583155234,1.0,nan
52,49,0.12765720401188982,0.0,nan
52,50,0.2602858162908919,1.0,nan
52,51,0.09322419685624864,0.0,nan
52,52,0.067478680488074,0.0,nan
52,53,0.12089344797013873,0.0,nan
52,54,0.1360470003525937,0.0,nan
52,55,0.04217635918882331,0.0,nan
52,56,0.12197014819059514,0.0,nan
52,57,0.08127130406387911,0.0,nan
52,58,0.09788880070447228,0.0,nan
52,59,0.12360348892155784,0.0,nan
52,60,0.13779571054503098,0.0,nan
52,61,0.13209345013534407,0.0,nan
52,62,0.09829936992614521,0.0,nan
52,63,0.1091435513477517,0.0,nan
52,64,0.08915263860937098,0.0,nan
52,65,0.12527518442242433,0.0,nan
52,66,0.11595022465589562,0.0,nan
52,67,0.10833880151381747,0.0,nan
52,68,0.1116889697988229,0.0,nan
52,69,0.15414575718385873,1.0,nan
52,70,0.09236179507261928,0.0,nan
52,71,0.5113382848508036,1.0,nan
52,72,0.13572503040303643,0.0,nan
52,73,0.09113756259643417,0.0,nan
52,74,0.1146859994062085,0.0,nan
52,75,0.08327461560797031,0.0,nan
52,76,1.1996539860897102,1.0,nan
52,77,0.07169897567067145,0.0,nan
52,78,0.16411938584242242,1.0,nan
52,79,0.09672716995917827,0.0,nan
52,80,0.1082915078026861,0.0,nan
52,81,0.1351349269902587,0.0,nan
52,82,0.1392390054457423,0.0,nan
52,83,0.1107885841567891,0.0,nan
52,84,0.18836465898303992,1.0,nan
52,85,0.17078340388402233,1.0,nan
52,86,0.09589438463707989,0.0,nan
52,87,2.223091851503649,1.0,nan
52,88,0.3083790005429793,1.0,nan
52,89,0.09298515387780731,0.0,nan
52,90,0.09640812474307037,0.0,nan
52,91,0.15960755260532533,1.0,nan
52,92,0.09765391360082568,0.0,nan
52,93,0.08943931562874594,0.0,nan
52,94,0.07461741826447695,0.0,nan
52,95,0.15048021028896244,0.0,nan
52,96,0.08647382051696664,0.0,nan
52,97,0.17710121696442876,1.0,nan
52,98,0.19442434857703733,1.0,nan
52,99,0.08229601351320884,0.0,nan
53,0,0.09155619441041216,0.0,nan
53,1,0.0730361044064507,0.0,nan
53,2,0.3561628662607481,1.0,nan
53,3,0.08053473370214462,0.0,nan
53,4,0.06974974073379518,0.0,nan
53,5,0.10207930525511405,0.0,nan
53,6,0.09580947756890057,0.0,nan
53,7,0.21693153149832808,1.0,nan
53,8,0.06140168638136182,0.0,nan
53,9,0.12760978033620907,0.0,nan
53,10,0.07926977400326668,0.0,nan
53,11,0.10385602622570364,0.0,nan
53,12,2.058261285417696,1.0,nan
53,13,0.09587617646103383,0.0,nan
53,14,0.15905619576824687,1.0,nan
53,15,0.12476721972409754,0.0,nan
53,16,0.12575075238168165,0.0,nan
53,17,0.12361831252720948,0.0,nan
53,18,0.10274258384718243,0.0,nan
53,19,0.07474334203207571,0.0,nan
53,20,0.14269476806746073,0.0,nan
53,21,0.09746524471688221,0.0,nan
53,22,0.14203111256677584,0.0,nan
53,23,0.10143856962773302,0.0,nan
53,24,0.11158140472415201,0.0,nan
53,25,0.09110362956972147,0.0,nan
53,26,0.11494779354501564,0.0,nan
53,27,0.1121285040988208,0.0,nan
53,28,0.132664838921095,0.0,nan
53,29,0.07278795105995366,0.0,nan
53,30,0.14289710031751082,0.0,nan
53,31,0.2019880865121572,1.0,nan
53,32,0.13726781650059927,0.0,nan
53,33,0.13168625863510283,0.0,nan
53,34,0.06536579966634146,0.0,nan
53,35,0.08357966483954392,0.0,nan
53,36,0.18502627851776562,1.0,nan
53,37,0.1197688437834841,0.0,nan
53,38,0.09792749688628605,0.0,nan
53,39,0.17718520423613496,1.0,nan
53,40,0.11160598634391321,0.0,nan
53,41,0.07418358002900115,0.0,nan
53,42,0.14824369165339957,0.0,nan
53,43,0.06398025793507346,0.0,nan
53,44,0.11496753582057308,0.0,nan
53,45,0.32798064332900617,1.0,nan
53,46,0.0460152085704656,0.0,nan
53,47,0.16204728678537325,1.0,nan
53,48,5.419319128487698,1.0,nan
53,49,0.11826167944080702,0.0,nan
53,50,0.22126915239032546,1.0,nan
53,51,0.09181409244200547,0.0,nan
53,52,0.08645520573227866,0.0,nan
53,53,0.11810576731676695,0.0,nan
53,54,0.1407865665990637,0.0,nan
53,55,0.09142941263361343,0.0,nan
53,56,0.1238360798303632,0.0,nan
53,57,0.08104873669245606,0.0,nan
53,58,0.09957916204442757,0.0,nan
53,59,0.1365674139638672,0.0,nan
53,60,0.14768774773313412,0.0,nan
53,61,0.12635526698177119,0.0,nan
53,62,0.0925001588422946,0.0,nan
53,63,0.12608748340638862,0.0,nan
53,64,0.09369688853149191,0.0,nan
53,65,0.12176614231755252,0.0,nan
53,66,0.1380891274927352,0.0,nan
53,67,0.11791289463361466,0.0,nan
53,68,0.10990228779293663,0.0,nan
53,69,0.12548672624791557,0.0,nan
53,70,0.11006678849808663,0.0,nan
53,71,0.4348705842984343,1.0,nan
53,72,0.1494237010280344,0.0,nan
53,73,0.09956377022550375,0.0,nan
53,74,0.12413862732622971,0.0,nan
53,75,0.0813208350988733,0.0,nan
53,76,1.135832504136126,1.0,nan
53,77,0.07479386279267686,0.0,nan
53,78,0.15368900226718138,1.0,nan
53,79,0.08903854374391715,0.0,nan
53,80,0.11055623441579517,0.0,nan
53,81,0.12873570223873837,0.0,nan
53,82,0.14096247533671996,0.0,nan
53,83,0.10221931593994521,0.0,nan
53,84,0.15072592018567996,0.0,nan
53,85,0.2588394164106447,1.0,nan
53,86,0.09517903397253052,0.0,nan
53,87,2.842017872024394,1.0,nan
53,88,0.36705727932757376,1.0,nan
53,89,0.09525750319398633,0.0,nan
53,90,0.09912937912252326,0.0,nan
53,91,0.12367693721954608,0.0,nan
53,92,0.09761149959348223,0.0,nan
53,93,0.08597465300758325,0.0,nan
53,94,0.08038535754332292,0.0,nan
53,95,0.12545594355321538,0.0,nan
53,96,0.08060471425337624,0.0,nan
53,97,0.21404725677219347,1.0,nan
53,98,0.16390452795263208,1.0,nan
53,99,0.07423697582614858,0.0,nan
54,0,0.08295216933203937,0.0,nan
54,1,0.07325624114318437,0.0,nan
54,2,0.6090677958552734,1.0,nan
54,3,0.07542228224807157,0.0,nan
54,4,0.06322050728657816,0.0,nan
54,5,0.09242085535526429,0.0,nan
54,6,0.09174604873515063,0.0,nan
54,7,0.13204656519340674,0.0,nan
54,8,0.062443637613475524,0.0,nan
54,9,0.1276679198614363,0.0,nan
54,10,0.07529451714323057,0.0,nan
54,11,0.10815063325811472,0.0,nan
54,12,2.147994928879963,1.0,nan
54,13,0.100659934469887,0.0,nan
54,14,0.1712455067675192,1.0,nan
54,15,0.11585902318045621,0.0,nan
54,16,0.10816044778307253,0.0,nan
54,17,0.09593491457617945,0.0,nan
54,18,0.09657652596705875,0.0,nan
54,19,0.07461399140558263,0.0,nan
54,20,0.0993256390378935,0.0,nan
54,21,0.09129059850495795,0.0,nan
54,22,0.1011684468705357,0.0,nan
54,23,0.1070143618916368,0.0,nan
54,24,0.10968241687850101,0.0,nan
54,25,0.08487253251479472,0.0,nan
54,26,0.11248882007093404,0.0,nan
54,27,0.1245445378442815,0.0,nan
54,28,0.18547662768203932,1.0,nan
54,29,0.07578533112875735,0.0,nan
54,30,0.155104231875772,1.0,nan
54,31,0.1646298920931928,1.0,nan
54,32,0.10769189935955052,0.0,nan
54,33,0.11632299039917433,0.0,nan
54,34,0.06357170995431168,0.0,nan
54,35,0.07481460001432737,0.0,nan
54,36,0.15743672275744136,1.0,nan
54,37,0.11362966179346894,0.0,nan
54,38,0.09160062816126424,0.0,nan
54,39,0.15897089575627657,1.0,nan
54,40,0.11038643885524652,0.0,nan
54,41,0.07071470290024313,0.0,nan
54,42,0.13697950340248172,0.0,nan
54,43,0.2540063629098137,1.0,nan
54,44,0.11387136228866672,0.0,nan
54,45,0.07917903611708246,0.0,nan
54,46,0.04124902062699032,0.0,nan
54,47,0.1444994832598474,0.0,nan
54,48,7.128710116975369,1.0,nan
54,49,0.12289919091168065,0.0,nan
54,50,0.2914282006157255,1.0,nan
54,51,0.09016502321877833,0.0,nan
54,52,0.06403505949801307,0.0,nan
54,53,0.10980198945797973,0.0,nan
54,54,0.13336274474647572,0.0,nan
54,55,0.39340719723490075,1.0,nan
54,56,0.1296408505339138,0.0,nan
54,57,0.07338079036703944,0.0,nan
54,58,0.0950956934414079,0.0,nan
54,59,0.10543657107645074,0.0,nan
54,60,0.14042950558512785,0.0,nan
54,61,0.1289920077834896,0.0,nan
54,62,0.0889575269388174,0.0,nan
54,63,0.11036352790038315,0.0,nan
54,64,0.09246601821075937,0.0,nan
54,65,0.12221165737444092,0.0,nan
54,66,0.13881004321427726,0.0,nan
54,67,0.11971336700147682,0.0,nan
54,68,0.11261792428980817,0.0,nan
54,69,0.140216516345714,0.0,nan
54,70,0.11309038483910226,0.0,nan
54,71,0.3576486392305401,1.0,nan
54,72,0.14568580376171245,0.0,nan
54,73,0.08464678896656139,0.0,nan
54,74,0.11555832558871142,0.0,nan
54,75,0.08515120201709127,0.0,nan
54,76,0.6433754021107816,1.0,nan
54,77,0.07581328794968087,0.0,nan
54,78,0.1561311957271601,1.0,nan
54,79,0.09445372656787933,0.0,nan
54,80,0.1105221001259362,0.0,nan
54,81,0.1361762782987698,0.0,nan
54,82,0.14635713812408874,0.0,nan
54,83,0.108390914427097,0.0,nan
54,84,0.17147019427519836,1.0,nan
54,85,0.12650768219984568,0.0,nan
54,86,0.09386124973390476,0.0,nan
54,87,1.779770459634227,1.0,nan
54,88,0.16037263554255415,1.0,nan
54,89,0.08914501655049405,0.0,nan
54,90,0.08783074787473939,0.0,nan
54,91,0.12169686496180358,0.0,nan
54,92,0.07013295756133672,0.0,nan
54,93,0.08137015604075473,0.0,nan
54,94,0.06841189451328121,0.0,nan
54,95,0.1457826765628158,0.0,nan
54,96,0.08437716689305022,0.0,nan
54,97,0.1793343116658382,1.0,nan
54,98,0.1799682433568867,1.0,nan
54,99,0.07904074771604021,0.0,nan
55,0,0.0868865051548383,0.0,nan
55,1,0.07635864641264486,0.0,nan
55,2,0.6752020041382614,1.0,nan
55,3,0.07783960208476563,0.0,nan
55,4,0.06681538505379779,0.0,nan
55,5,0.09685918010997978,0.0,nan
55,6,0.09783150026953172,0.0,nan
55,7,0.1440719077509654,0.0,nan
55,8,0.06303029631638676,0.0,nan
55,9,0.1289263499691487,0.0,nan
55,10,0.07772865256454947,0.0,nan
55,11,0.11011118980942489,0.0,nan
55,12,2.142527633603442,1.0,nan
55,13,0.1006695622251615,0.0,nan
55,14,0.16777865279024048,1.0,nan
55,15,0.12228976613927868,0.0,nan
55,16,0.11778093096458839,0.0,nan
55,17,0.08980958921652053,0.0,nan
55,18,0.09790862109453141,0.0,nan
55,19,0.0763855640140939,0.0,nan
55,20,0.10327757970624682,0.0,nan
55,21,0.09754430002533257,0.0,nan
55,22,0.10661817622644376,0.0,nan
55,23,0.10644100765591788,0.0,nan
55,24,0.10694709865024464,0.0,nan
55,25,0.08951255722921657,0.0,nan
55,26,0.11078239388435668,0.0,nan
55,27,0.12357073300919923,0.0,nan
55,28,0.1690859092435343,1.0,nan
55,29,0.07957553125590083,0.0,nan
55,30,0.1532508235662417,1.0,nan
55,31,0.15864119131578858,1.0,nan
55,32,0.10936678208599357,0.0,nan
55,33,0.11694789853075595,0.0,nan
55,34,0.06464718353401057,0.0,nan
55,35,0.07435704008777624,0.0,nan
55,36,0.14937437080524912,0.0,nan
55,37,0.1180531049470924,0.0,nan
55,38,0.09597366242304574,0.0,nan
55,39,0.1623395598236588,1.0,nan
55,40,0.115057449728482,0.0,nan
55,41,0.07162662162112825,0.0,nan
55,42,0.13463538917091455,0.0,nan
55,43,0.30645730695701157,1.0,nan
55,44,0.11754134529709609,0.0,nan
55,45,0.08760390972160556,0.0,nan
55,46,0.041061171940909955,0.0,nan
55,47,0.1718161564216302,1.0,nan
55,48,7.132955343029426,1.0,nan
55,49,0.12448317036901893,0.0,nan
55,50,0.2739031900251097,1.0,nan
55,51,0.09371822352898197,0.0,nan
55,52,0.06512108225241595,0.0,nan
55,53,0.11280752428345937,0.0,nan
55,54,0.1356668657741711,0.0,nan
55,55,0.3384613764686466,1.0,nan
55,56,0.12494670655856775,0.0,nan
55,57,0.07633687895546898,0.0,nan
55,58,0.09956600088962489,0.0,nan
55,59,0.11142739666963208,0.0,nan
55,60,0.13005349622407864,0.0,nan
55,61,0.13038460732333032,0.0,nan
55,62,0.09468814783462152,0.0,nan
55,63,0.10703943352464902,0.0,nan
55,64,0.09650545765281204,0.0,nan
55,65,0.12640929913342505,0.0,nan
55,66,0.14177099379441152,0.0,nan
55,67,0.12232987094438151,0.0,nan
55,68,0.11384887255371581,0.0,nan
55,69,0.1389348636782702,0.0,nan
55,70,0.10933790530957044,0.0,nan
55,71,0.3999248026418908,1.0,nan
55,72,0.13830081606336656,0.0,nan
55,73,0.09076864430729302,0.0,nan
55,74,0.11952919231647764,0.0,nan
55,75,0.087708568187367,0.0,nan
55,76,0.7112613650772436,1.0,nan
55,77,0.07236625565994338,0.0,nan
55,78,0.1462111678461141,0.0,nan
55,79,0.09519223717814118,0.0,nan
55,80,0.11622525109277994,0.0,nan
55,81,0.13879230701026077,0.0,nan
55,82,0.1535361458450376,1.0,nan
55,83,0.11089749220386837,0.0,nan
55,84,0.1569845786319126,1.0,nan
55,85,0.15561838807890463,1.0,nan
55,86,0.0977222978341723,0.0,nan
55,87,1.6435176471490238,1.0,nan
55,88,0.15245860995414728,1.0,nan
55,89,0.09318689876698415,0.0,nan
55,90,0.0884440091741957,0.0,nan
55,91,0.1274657966391806,0.0,nan
55,92,0.07594642868746537,0.0,nan
55,93,0.08113740913861951,0.0,nan
55,94,0.07445547748265707,0.0,nan
55,95,0.14813618302939308,0.0,nan
55,96,0.08125231934546147,0.0,nan
55,97,0.19221061755943336,1.0,nan
55,98,0.17361871486604627,1.0,nan
55,99,0.07590229767467399,0.0,nan
56,0,0.08177195025964859,0.0,nan
56,1,0.07182560197173667,0.0,nan
56,2,0.3733036641828398,1.0,nan
56,3,0.0744807009309107,0.0,nan
56,4,0.0612048078589704,0.0,nan
56,5,0.09058472681408788,0.0,nan
56,6,0.08976227351598726,0.0,nan
56,7,0.12071443838427166,0.0,nan
56,8,0.059816404694205,0.0,nan
56,9,0.1320760833383328,0.0,nan
56,10,0.07277020506846109,0.0,nan
56,11,0.1034247962660149,0.0,nan
56,12,1.996425222384564,1.0,nan
56,13,0.0957933770630253,0.0,nan
56,14,0.1477513767676592,0.0,nan
56,15,0.11381370580578656,0.0,nan
56,16,0.10472869645982598,0.0,nan
56,17,0.10391002453465013,0.0,nan
56,18,0.09501296107612223,0.0,nan
56,19,0.07197650345693084,0.0,nan
56,20,0.09348399749297708,0.0,nan
56,21,0.08586729981688376,0.0,nan
56,22,0.08838793377924838,0.0,nan
56,23,0.09654748909630484,0.0,nan
56,24,0.09491032027597303,0.0,nan
56,25,0.08231928501464908,0.0,nan
56,26,0.10499718573893788,0.0,nan
56,27,0.12426441201159102,0.0,nan
56,28,0.14901301885143106,0.0,nan
56,29,0.07336328615718049,0.0,nan
56,30,0.1331089617435613,0.0,nan
56,31,0.1535215815023734,1.0,nan
56,32,0.09673404758369059,0.0,nan
56,33,0.10769405715222084,0.0,nan
56,34,0.06167702250371642,0.0,nan
56,35,0.07717804402573573,0.0,nan
56,36,0.2029547056856676,1.0,nan
56,37,0.10690915526795527,0.0,nan
56,38,0.08726272909709483,0.0,nan
56,39,0.12517299015902403,0.0,nan
56,40,0.10266000184809132,0.0,nan
56,41,0.0682231738109656,0.0,nan
56,42,0.12950128633499766,0.0,nan
56,43,0.2854802021468244,1.0,nan
56,44,0.10524592527614623,0.0,nan
56,45,0.0701349329802904,0.0,nan
56,46,0.03833508655521894,0.0,nan
56,47,0.1279769995947016,0.0,nan
56,48,4.113315537279418,1.0,nan
56,49,0.11281178620231086,0.0,nan
56,50,0.2263428354054459,1.0,nan
56,51,0.08433410643616611,0.0,nan
56,52,0.05916934790331982,0.0,nan
56,53,0.10683933235573033,0.0,nan
56,54,0.1269405101722813,0.0,nan
56,55,0.34015730957306245,1.0,nan
56,56,0.11351950751901847,0.0,nan
56,57,0.07060199710994387,0.0,nan
56,58,0.09338064554524303,0.0,nan
56,59,0.10314195957022192,0.0,nan
56,60,0.1399787220072731,0.0,nan
56,61,0.11864537987104165,0.0,nan
56,62,0.0862333881789735,0.0,nan
56,63,0.10258316310134402,0.0,nan
56,64,0.09201160343957436,0.0,nan
56,65,0.11655274201702989,0.0,nan
56,66,0.14568656681607506,0.0,nan
56,67,0.11232893720259265,0.0,nan
56,68,0.10635585730781659,0.0,nan
56,69,0.1164364502619154,0.0,nan
56,70,0.13754205612824266,0.0,nan
56,71,0.3010579761269387,1.0,nan
56,72,0.13111722099770978,0.0,nan
56,73,0.08509432382352321,0.0,nan
56,74,0.11604855770888542,0.0,nan
56,75,0.08358273702710599,0.0,nan
56,76,0.5375162296896677,1.0,nan
56,77,0.06732000311279447,0.0,nan
56,78,0.14933540572396162,0.0,nan
56,79,0.0857570997925348,0.0,nan
56,80,0.10653890109301808,0.0,nan
56,81,0.12052914068224788,0.0,nan
56,82,0.13704263130298605,0.0,nan
56,83,0.09882142125292462,0.0,nan
56,84,0.14207370747080753,0.0,nan
56,85,0.12270461155444336,0.0,nan
56,86,0.09289328472839671,0.0,nan
56,87,4.326941356001287,1.0,nan
56,88,0.14288066525590662,0.0,nan
56,89,0.08986758316383063,0.0,nan
56,90,0.08053300059011731,0.0,nan
56,91,0.10883271600600462,0.0,nan
56,92,0.06396409959432117,0.0,nan
56,93,0.07581951079600646,0.0,nan
56,94,0.06666529715407774,0.0,nan
56,95,0.1290159710814627,0.0,nan
56,96,0.07634327635869581,0.0,nan
56,97,0.17276116388405446,1.0,nan
56,98,0.1565120840040609,1.0,nan
56,99,0.07225229013009082,0.0,nan
57,0,0.08129291690806371,0.0,nan
57,1,0.07257213579683884,0.0,nan
57,2,0.3498320704974728,1.0,nan
57,3,0.07549926532990249,0.0,nan
57,4,0.06273596111237835,0.0,nan
57,5,0.09140629600022224,0.0,nan
57,6,0.08533076833019938,0.0,nan
57,7,0.11923822043475597,0.0,nan
57,8,0.056160383140921886,0.0,nan
57,9,0.13857735471329358,0.0,nan
57,10,0.07343313723663905,0.0,nan
57,11,0.0922366987721403,0.0,nan
57,12,1.7287374905454178,1.0,nan
57,13,0.0919417330581506,0.0,nan
57,14,0.12267226459179356,0.0,nan
57,15,0.11840462273700526,0.0,nan
57,16,0.10449034937764905,0.0,nan
57,17,0.09136964262745964,0.0,nan
57,18,0.0910747796711685,0.0,nan
57,19,0.07444534752802616,0.0,nan
57,20,0.09166474709114857,0.0,nan
57,21,0.08216417292576209,0.0,nan
57,22,0.09707642114394106,0.0,nan
57,23,0.08862752540920438,0.0,nan
57,24,0.08634144830952459,0.0,nan
57,25,0.0807225876785895,0.0,nan
57,26,0.10081858541414807,0.0,nan
57,27,0.12208017174197858,0.0,nan
57,28,0.10732399889961468,0.0,nan
57,29,0.07622870954825062,0.0,nan
57,30,0.11481519534386038,0.0,nan
57,31,0.17227050086171217,1.0,nan
57,32,0.09370361618021791,0.0,nan
57,33,0.11164888278540777,0.0,nan
57,34,0.0608586779476519,0.0,nan
57,35,0.08425535260552659,0.0,nan
57,36,0.3200148818887914,1.0,nan
57,37,0.11012951109738289,0.0,nan
57,38,0.08924624995193621,0.0,nan
57,39,0.11567140313869935,0.0,nan
57,40,0.10404960249839233,0.0,nan
57,41,0.07141992535525944,0.0,nan
57,42,0.1266667843024019,0.0,nan
57,43,0.12730171208622124,0.0,nan
57,44,0.10222168091145103,0.0,nan
57,45,0.06630615183801858,0.0,nan
57,46,0.042269570684458,0.0,nan
57,47,0.11194124803248295,0.0,nan
57,48,3.839822340565038,1.0,nan
57,49,0.11131200979451969,0.0,nan
57,50,0.2274715794543429,1.0,nan
57,51,0.07858913623214918,0.0,nan
57,52,0.06294070026200634,0.0,nan
57,53,0.1043997445449791,0.0,nan
57,54,0.11803297524107541,0.0,nan
57,55,0.34905353328923,1.0,nan
57,56,0.10627258719377301,0.0,nan
57,57,0.07169490724207671,0.0,nan
57,58,0.0966786765783254,0.0,nan
57,59,0.10534608738623157,0.0,nan
57,60,0.1648269487644682,1.0,nan
57,61,0.11654766400896821,0.0,nan
57,62,0.08300447209399799,0.0,nan
57,63,0.10630816134163315,0.0,nan
57,64,0.0921101034703902,0.0,nan
57,65,0.11057862588159949,0.0,nan
57,66,0.15628064267248631,1.0,nan
57,67,0.11163145295221985,0.0,nan
57,68,0.1019672166650719,0.0,nan
57,69,0.10192565467194974,0.0,nan
57,70,0.15047818801092466,0.0,nan
57,71,0.29940236805859927,1.0,nan
57,72,0.1152625112169293,0.0,nan
57,73,0.08552587742190891,0.0,nan
57,74,0.12012404918339009,0.0,nan
57,75,0.07976258461027208,0.0,nan
57,76,0.6614733234391674,1.0,nan
57,77,0.06570327872182619,0.0,nan
57,78,0.17341999636031638,1.0,nan
57,79,0.08077386978750768,0.0,nan
57,80,0.09997538725930094,0.0,nan
57,81,0.10920256862789825,0.0,nan
57,82,0.1177025909946829,0.0,nan
57,83,0.08896103140381897,0.0,nan
57,84,0.12393913599593402,0.0,nan
57,85,0.13066459337722036,0.0,nan
57,86,0.0903911394153258,0.0,nan
57,87,4.429351161844029,1.0,nan
57,88,0.1319668620685323,0.0,nan
57,89,0.09026084735811396,0.0,nan
57,90,0.07841544994115252,0.0,nan
57,91,0.09903083423529403,0.0,nan
57,92,0.059726479379756246,0.0,nan
57,93,0.07292121868040838,0.0,nan
57,94,0.06475698091837434,0.0,nan
57,95,0.11766198833058278,0.0,nan
57,96,0.07003725601713694,0.0,nan
57,97,0.17775727924114534,1.0,nan
57,98,0.15688250141878618,1.0,nan
57,99,0.06747545765924394,0.0,nan
58,0,0.11910797470982945,0.0,nan
58,1,0.10547284474859046,0.0,nan
58,2,0.3566997233437544,1.0,nan
58,3,0.08343882985767896,0.0,nan
58,4,0.0755602090965788,0.0,nan
58,5,0.12882321582358763,0.0,nan
58,6,0.10260713856974547,0.0,nan
58,7,0.17052699255784395,1.0,nan
58,8,0.0820148881589122,0.0,nan
58,9,0.17461027604093968,1.0,nan
58,10,0.10026953545830314,0.0,nan
58,11,0.15647322812821646,1.0,nan
58,12,1.5174057076917646,1.0,nan
58,13,0.1829652573807668,1.0,nan
58,14,0.19041193745970156,1.0,nan
58,15,0.1562771211471212,1.0,nan
58,16,0.13293103947991472,0.0,nan
58,17,0.14109565392931836,0.0,nan
58,18,0.1047996929514677,0.0,nan
58,19,0.10454665407797621,0.0,nan
58,20,0.1227928214822277,0.0,nan
58,21,0.12634471500987948,0.0,nan
58,22,0.14721118760152904,0.0,nan
58,23,0.15544347496089353,1.0,nan
58,24,0.12197721851290477,0.0,nan
58,25,0.10448338305858305,0.0,nan
58,26,0.12150005405793579,0.0,nan
58,27,0.15664243279433895,1.0,nan
58,28,0.2953287205076862,1.0,nan
58,29,0.13343540628384562,0.0,nan
58,30,0.2537342095562987,1.0,nan
58,31,0.14443664888399413,0.0,nan
58,32,0.09366511850806757,0.0,nan
58,33,0.13189651046306963,0.0,nan
58,34,0.08176484206739294,0.0,nan
58,35,0.0732350858490953,0.0,nan
58,36,0.24310375629009465,1.0,nan
58,37,0.17804653037383533,1.0,nan
58,38,0.1283733168646488,0.0,nan
58,39,0.24936223550533357,1.0,nan
58,40,0.14085105842296963,0.0,nan
58,41,0.08457890055949621,0.0,nan
58,42,0.23357975530384906,1.0,nan
58,43,0.2030510365427492,1.0,nan
58,44,0.16236711234787735,1.0,nan
58,45,0.08563090329061647,0.0,nan
58,46,0.04724249965826237,0.0,nan
58,47,0.13870479150172418,0.0,nan
58,48,10.492765123285581,1.0,nan
58,49,0.2464248204522407,1.0,nan
58,50,0.3352354826997668,1.0,nan
58,51,0.12532120095915253,0.0,nan
58,52,0.0801689149511885,0.0,nan
58,53,0.1634634529792559,1.0,nan
58,54,0.14011567491847204,0.0,nan
58,55,0.20737190797162872,1.0,nan
58,56,0.15390206559848577,1.0,nan
58,57,0.0928827672353676,0.0,nan
58,58,0.11422721424746356,0.0,nan
58,59,0.12723939622928526,0.0,nan
58,60,0.24241678023333227,1.0,nan
58,61,0.2223421720704939,1.0,nan
58,62,0.125743443584386,0.0,nan
58,63,0.16029612393158904,1.0,nan
58,64,0.11359606748544233,0.0,nan
58,65,0.1445936542200644,0.0,nan
58,66,0.1462545182578561,0.0,nan
58,67,0.12678988106108677,0.0,nan
58,68,0.1656973565902796,1.0,nan
58,69,0.2285247840564836,1.0,nan
58,70,0.19747041263609993,1.0,nan
58,71,0.2824252226740163,1.0,nan
58,72,0.11300175139011771,0.0,nan
58,73,0.10750053727348409,0.0,nan
58,74,0.16898015812425002,1.0,nan
58,75,0.120145959113579,0.0,nan
58,76,0.6819204799748467,1.0,nan
58,77,0.08331990752860548,0.0,nan
58,78,0.3805510831419574,1.0,nan
58,79,0.12076482255363648,0.0,nan
58,80,0.12209978491473451,0.0,nan
58,81,0.20526237940249575,1.0,nan
58,82,0.14913974873390468,0.0,nan
58,83,0.1566274751743627,1.0,nan
58,84,0.19719346634099075,1.0,nan
58,85,0.1638210282918047,1.0,nan
58,86,0.11199105783253234,0.0,nan
58,87,0.7206206642742892,1.0,nan
58,88,0.24311475692243578,1.0,nan
58,89,0.12121341558816538,0.0,nan
58,90,0.1136877933438017,0.0,nan
58,91,0.17525539062492823,1.0,nan
58,92,0.08314163023797835,0.0,nan
58,93,0.12174416979665367,0.0,nan
58,94,0.07639568139886552,0.0,nan
58,95,0.2774301918571529,1.0,nan
58,96,0.11797770842724926,0.0,nan
58,97,0.22732772865869985,1.0,nan
58,98,0.4297363283897955,1.0,nan
58,99,0.1660411365045824,1.0,nan
59,0,0.08007456373916672,0.0,nan
59,1,0.06936911070923339,0.0,nan
59,2,0.4991350812958106,1.0,nan
59,3,0.06576944805469503,0.0,nan
59,4,0.058450251028391534,0.0,nan
59,5,0.08795604219123027,0.0,nan
59,6,0.0765257769141817,0.0,nan
59,7,0.12232939270312908,0.0,nan
59,8,0.05455651696567852,0.0,nan
59,9,0.1593745854063766,1.0,nan
59,10,0.06628472478301119,0.0,nan
59,11,0.09643423239547527,0.0,nan
59,12,1.4976816486242848,1.0,nan
59,13,0.10667394192124972,0.0,nan
59,14,0.1144933040621579,0.0,nan
59,15,0.11941302368271113,0.0,nan
59,16,0.09565810299198288,0.0,nan
59,17,0.0872631771747434,0.0,nan
59,18,0.08926142072749374,0.0,nan
59,19,0.07509690281699849,0.0,nan
59,20,0.08078048885359927,0.0,nan
59,21,0.08531343804904232,0.0,nan
59,22,0.1411137221008881,0.0,nan
59,23,0.09066876884816184,0.0,nan
59,24,0.08414774544424111,0.0,nan
59,25,0.07443459187046475,0.0,nan
59,26,0.11337774060058045,0.0,nan
59,27,0.13624357648632923,0.0,nan
59,28,0.13508364311249166,0.0,nan
59,29,0.07958787128909059,0.0,nan
59,30,0.13083256789091882,0.0,nan
59,31,0.12789318071862396,0.0,nan
59,32,0.05541536543829991,0.0,nan
59,33,0.11479223273262372,0.0,nan
59,34,0.057869362802955945,0.0,nan
59,35,0.07489245621792202,0.0,nan
59,36,0.1931232861602499,1.0,nan
59,37,0.11987740033200808,0.0,nan
59,38,0.10225140748434636,0.0,nan
59,39,0.22144463930678682,1.0,nan
59,40,0.11421456498039458,0.0,nan
59,41,0.07096088490473904,0.0,nan
59,42,0.14121586132840094,0.0,nan
59,43,0.046290293716445545,0.0,nan
59,44,0.11756241707002386,0.0,nan
59,45,0.06692748498793757,0.0,nan
59,46,0.042190180357584976,0.0,nan
59,47,0.10878274541893543,0.0,nan
59,48,3.6497028392247266,1.0,nan
59,49,0.1343104562022662,0.0,nan
59,50,0.2584837667331854,1.0,nan
59,51,0.07509531609416575,0.0,nan
59,52,0.05290709599666199,0.0,nan
59,53,0.12112266069065539,0.0,nan
59,54,0.10331641629253341,0.0,nan
59,55,0.05661728880169159,0.0,nan
59,56,0.09839590226787827,0.0,nan
59,57,0.06655205909069742,0.0,nan
59,58,0.09872099498869268,0.0,nan
59,59,0.0967954399600721,0.0,nan
59,60,0.1804524978198815,1.0,nan
59,61,0.13192786655393987,0.0,nan
59,62,0.08536950025790821,0.0,nan
59,63,0.09561777624954762,0.0,nan
59,64,0.07494084197598296,0.0,nan
59,65,0.10904989785651713,0.0,nan
59,66,0.12792774668397608,0.0,nan
59,67,0.09885444690103214,0.0,nan
59,68,0.11132325735907221,0.0,nan
59,69,0.12911696608434814,0.0,nan
59,70,0.10109923711123062,0.0,nan
59,71,0.30471848350156144,1.0,nan
59,72,0.09555992888825432,0.0,nan
59,73,0.0796249310729084,0.0,nan
59,74,0.12109273194554997,0.0,nan
59,75,0.07811650713798282,0.0,nan
59,76,0.66484089361799,1.0,nan
59,77,0.06126988086857239,0.0,nan
59,78,0.20298118494191145,1.0,nan
59,79,0.06984251856469208,0.0,nan
59,80,0.09914210672753931,0.0,nan
59,81,0.12313954762471738,0.0,nan
59,82,0.10829396345569718,0.0,nan
59,83,0.10289941288055114,0.0,nan
59,84,0.14189066883801338,0.0,nan
59,85,0.09936736329921043,0.0,nan
59,86,0.08864401881444817,0.0,nan
59,87,4.705121207503011,1.0,nan
59,88,0.2363910063376895,1.0,nan
59,89,0.08471879786150018,0.0,nan
59,90,0.07279136492910045,0.0,nan
59,91,0.11323270642466877,0.0,nan
59,92,0.056401433821916244,0.0,nan
59,93,0.07211964506875919,0.0,nan
59,94,0.05467005808449606,0.0,nan
59,95,0.13318861326930964,0.0,nan
59,96,0.07148804889415956,0.0,nan
59,97,0.18265082002956154,1.0,nan
59,98,0.2381092579050006,1.0,nan
59,99,0.0755554036999646,0.0,nan
60,0,0.09396308865993033,0.0,nan
60,1,0.0926541593110475,0.0,nan
60,2,0.9133479541237262,1.0,nan
60,3,0.07603576315461556,0.0,nan
60,4,0.06756835461927686,0.0,nan
60,5,0.10514936671649429,0.0,nan
60,6,0.09393215893351348,0.0,nan
60,7,0.14081915218401692,0.0,nan
60,8,0.06517979219695734,0.0,nan
60,9,0.14822902526270337,0.0,nan
60,10,0.08201351839203518,0.0,nan
60,11,0.11047848777035318,0.0,nan
60,12,2.1954987889361166,1.0,nan
60,13,0.11675175080001915,0.0,nan
60,14,0.15273537578347715,1.0,nan
60,15,0.1304348197741606,0.0,nan
60,16,0.11882364310636641,0.0,nan
60,17,0.06188195542560241,0.0,nan
60,18,0.09682374331325243,0.0,nan
60,19,0.08913287441746794,0.0,nan
60,20,0.09269941291317486,0.0,nan
60,21,0.10400598899123094,0.0,nan
60,22,0.12285517878131834,0.0,nan
60,23,0.12313525153046725,0.0,nan
60,24,0.09738776521042412,0.0,nan
60,25,0.09635811233787986,0.0,nan
60,26,0.10404489161138679,0.0,nan
60,27,0.14690467501232612,0.0,nan
60,28,0.1853759017341417,1.0,nan
60,29,0.09615099423751276,0.0,nan
60,30,0.24759368984411276,1.0,nan
60,31,0.12824022801922877,0.0,nan
60,32,0.07568021671750905,0.0,nan
60,33,0.12371598756588827,0.0,nan
60,34,0.0694312254290506,0.0,nan
60,35,0.07165220970684767,0.0,nan
60,36,0.14658614302907644,0.0,nan
60,37,0.13088739911738848,0.0,nan
60,38,0.11005723284475712,0.0,nan
60,39,0.17241541284727172,1.0,nan
60,40,0.12322398161868656,0.0,nan
60,41,0.07493734500607456,0.0,nan
60,42,0.162757800335832,1.0,nan
60,43,0.16206698897300112,1.0,nan
60,44,0.13384013963193866,0.0,nan
60,45,0.06458357063900028,0.0,nan
60,46,0.03987504289099125,0.0,nan
60,47,0.13895659353814768,0.0,nan
60,48,7.626216651694846,1.0,nan
60,49,0.17977790745057212,1.0,nan
60,50,0.3519506692222987,1.0,nan
60,51,0.10286624287573687,0.0,nan
60,52,0.06590059730972482,0.0,nan
60,53,0.12608339618220196,0.0,nan
60,54,0.11913599172129752,0.0,nan
60,55,0.40276687842445474,1.0,nan
60,56,0.12414814670111556,0.0,nan
60,57,0.07676845360009069,0.0,nan
60,58,0.0972491174258052,0.0,nan
60,59,0.10989295434934335,0.0,nan
60,60,0.1364176518959966,0.0,nan
60,61,0.1722278228096777,1.0,nan
60,62,0.09949213378112912,0.0,nan
60,63,0.1453702708608856,0.0,nan
60,64,0.11069038099320118,0.0,nan
60,65,0.12816345996817505,0.0,nan
60,66,0.13961419305111952,0.0,nan
60,67,0.12240505653464374,0.0,nan
60,68,0.12584411290712125,0.0,nan
60,69,0.16844593967683957,1.0,nan
60,70,0.11475882892365585,0.0,nan
60,71,0.3647110280089343,1.0,nan
60,72,0.10873490217888926,0.0,nan
60,73,0.09151582471561266,0.0,nan
60,74,0.14455787237221546,0.0,nan
60,75,0.10099429327987568,0.0,nan
60,76,0.5583274549664665,1.0,nan
60,77,0.0694258271175746,0.0,nan
60,78,0.15162632039166024,0.0,nan
60,79,0.10568833032398844,0.0,nan
60,80,0.11123281673916915,0.0,nan
60,81,0.16951237738969382,1.0,nan
60,82,0.14684470816260584,0.0,nan
60,83,0.1257362842873284,0.0,nan
60,84,0.16124965824578938,1.0,nan
60,85,0.1535691748542241,1.0,nan
60,86,0.10724965725928058,0.0,nan
60,87,0.8205473989512132,1.0,nan
60,88,0.12735740314721455,0.0,nan
60,89,0.09704431034822446,0.0,nan
60,90,0.08286668706472967,0.0,nan
60,91,0.12482274539243517,0.0,nan
60,92,0.07015901504657773,0.0,nan
60,93,0.08196894724469617,0.0,nan
60,94,0.0693813427644483,0.0,nan
60,95,0.3510039158904246,1.0,nan
60,96,0.08661348268036129,0.0,nan
60,97,0.20980244516716262,1.0,nan
60,98,0.3434845692860372,1.0,nan
60,99,0.12159897985340525,0.0,nan
61,0,0.07565824970269325,0.0,nan
61,1,0.06864163453283363,0.0,nan
61,2,0.5221694940268446,1.0,nan
61,3,0.06305478213183524,0.0,nan
61,4,0.055091173805437446,0.0,nan
61,5,0.08281008535234263,0.0,nan
61,6,0.07616177061263794,0.0,nan
61,7,0.1068410936708124,0.0,nan
61,8,0.05090527239677411,0.0,nan
61,9,0.13724225614541832,0.0,nan
61,10,0.06394613530607902,0.0,nan
61,11,0.08528703872426503,0.0,nan
61,12,1.1827939093670843,1.0,nan
61,13,0.09012309125779355,0.0,nan
61,14,0.10369854955826606,0.0,nan
61,15,0.1143364389426346,0.0,nan
61,16,0.09565327864228185,0.0,nan
61,17,0.07702296791110858,0.0,nan
61,18,0.07765640358297403,0.0,nan
61,19,0.06909418896444854,0.0,nan
61,20,0.05874981571592659,0.0,nan
61,21,0.0772377741744881,0.0,nan
61,22,0.11467476848998448,0.0,nan
61,23,0.09502158296807604,0.0,nan
61,24,0.06950184177258645,0.0,nan
61,25,0.07434720018377106,0.0,nan
61,26,0.08680829535872524,0.0,nan
61,27,0.1294506769332207,0.0,nan
61,28,0.10700843502077166,0.0,nan
61,29,0.07468004120468398,0.0,nan
61,30,0.13185234806078475,0.0,nan
61,31,0.1005534216878823,0.0,nan
61,32,0.05662032033102279,0.0,nan
61,33,0.12821340704284348,0.0,nan
61,34,0.05505763911831505,0.0,nan
61,35,0.07490505783173422,0.0,nan
61,36,0.2612996456716148,1.0,nan
61,37,0.11026423671045887,0.0,nan
61,38,0.08912366851765385,0.0,nan
61,39,0.13002690023741045,0.0,nan
61,40,0.09393839902388353,0.0,nan
61,41,0.061998657021596654,0.0,nan
61,42,0.12467978756004984,0.0,nan
61,43,0.06475602614718423,0.0,nan
61,44,0.1006733441418975,0.0,nan
61,45,0.052479985563982694,0.0,nan
61,46,0.03584136379049969,0.0,nan
61,47,0.10672855444367615,0.0,nan
61,48,4.209578794883615,1.0,nan
61,49,0.11738740738622629,0.0,nan
61,50,0.22330496814383888,1.0,nan
61,51,0.07000559800325908,0.0,nan
61,52,0.052039856960442256,0.0,nan
61,53,0.10570107493618856,0.0,nan
61,54,0.0977918165496225,0.0,nan
61,55,0.36068461383531647,1.0,nan
61,56,0.0905503804955078,0.0,nan
61,57,0.06258762740543972,0.0,nan
61,58,0.08939221181965896,0.0,nan
61,59,0.0899467917310679,0.0,nan
61,60,0.14790101066164352,0.0,nan
61,61,0.11514027858359499,0.0,nan
61,62,0.07796590376620971,0.0,nan
61,63,0.08841251704748215,0.0,nan
61,64,0.07545972420599584,0.0,nan
61,65,0.10362945496850505,0.0,nan
61,66,0.14409277701804316,0.0,nan
61,67,0.09336631786148936,0.0,nan
61,68,0.09923087879248962,0.0,nan
61,69,0.0995799791138819,0.0,nan
61,70,0.12700177473734822,0.0,nan
61,71,0.300621822995454,1.0,nan
61,72,0.0892533689340876,0.0,nan
61,73,0.07981422251066816,0.0,nan
61,74,0.10976826011104021,0.0,nan
61,75,0.077345710902518,0.0,nan
61,76,0.5615930450405159,1.0,nan
61,77,0.053513050823631676,0.0,nan
61,78,0.13438176198827248,0.0,nan
61,79,0.08075341499154227,0.0,nan
61,80,0.09003838264891988,0.0,nan
61,81,0.10714878872001843,0.0,nan
61,82,0.12034757552818776,0.0,nan
61,83,0.08680865466140009,0.0,nan
61,84,0.11820656260479968,0.0,nan
61,85,0.12663487811680943,0.0,nan
61,86,0.08453698750649291,0.0,nan
61,87,4.699592548731682,1.0,nan
61,88,0.13055337710192433,0.0,nan
61,89,0.07708473775738711,0.0,nan
61,90,0.062427265121079246,0.0,nan
61,91,0.07830033439357884,0.0,nan
61,92,0.0522157433912971,0.0,nan
61,93,0.06356392801522832,0.0,nan
61,94,0.05327904179227089,0.0,nan
61,95,0.12198351348449045,0.0,nan
61,96,0.06306793479099888,0.0,nan
61,97,0.15916381174626665,1.0,nan
61,98,0.17245819325011918,1.0,nan
61,99,0.06660651767723443,0.0,nan
62,0,0.09478273830504828,0.0,nan
62,1,0.09464996477562906,0.0,nan
62,2,0.9779604474784982,1.0,nan
62,3,0.0847333956476316,0.0,nan
62,4,0.07415378833226405,0.0,nan
62,5,0.10591408379804054,0.0,nan
62,6,0.09686647482603637,0.0,nan
62,7,0.15356071584052952,1.0,nan
62,8,0.06907967131324134,0.0,nan
62,9,0.15455344779113478,1.0,nan
62,10,0.08984618989991935,0.0,nan
62,11,0.10715311233385272,0.0,nan
62,12,1.6421697810149078,1.0,nan
62,13,0.11089448898595793,0.0,nan
62,14,0.16617794704735278,1.0,nan
62,15,0.13473252246160486,0.0,nan
62,16,0.12104236625693864,0.0,nan
62,17,0.08235980225382634,0.0,nan
62,18,0.10988705785563047,0.0,nan
62,19,0.09325544370884287,0.0,nan
62,20,0.0887781177821855,0.0,nan
62,21,0.10284975446457217,0.0,nan
62,22,0.13653257674379737,0.0,nan
62,23,0.11449318892143118,0.0,nan
62,24,0.08136437665417968,0.0,nan
62,25,0.10247818624705084,0.0,nan
62,26,0.11825456231332825,0.0,nan
62,27,0.17458434153466965,1.0,nan
62,28,0.16913951030260885,1.0,nan
62,29,0.09357509494569245,0.0,nan
62,30,0.20386408976535467,1.0,nan
62,31,0.10116437492326605,0.0,nan
62,32,0.06010729306339409,0.0,nan
62,33,0.11675423238996151,0.0,nan
62,34,0.0692349017032827,0.0,nan
62,35,0.07544808733738122,0.0,nan
62,36,0.15436671028960985,1.0,nan
62,37,0.12852263352680046,0.0,nan
62,38,0.10533865579992949,0.0,nan
62,39,0.1536696356291545,1.0,nan
62,40,0.13079345252492916,0.0,nan
62,41,0.08367369201610987,0.0,nan
62,42,0.15318748060736304,1.0,nan
62,43,0.042540555259424094,0.0,nan
62,44,0.13089010691509964,0.0,nan
62,45,0.07104791954339042,0.0,nan
62,46,0.03916770939832203,0.0,nan
62,47,0.13053475338134707,0.0,nan
62,48,8.403398649640824,1.0,nan
62,49,0.14682013227214394,0.0,nan
62,50,0.3656838480585617,1.0,nan
62,51,0.1102218353807543,0.0,nan
62,52,0.06759668984691214,0.0,nan
62,53,0.1256962743641226,0.0,nan
62,54,0.12574851793934436,0.0,nan
62,55,0.4341052663381101,1.0,nan
62,56,0.13689497466822587,0.0,nan
62,57,0.07959895261268063,0.0,nan
62,58,0.10544418462821792,0.0,nan
62,59,0.12316621439443567,0.0,nan
62,60,0.14089990077703715,0.0,nan
62,61,0.1442979629475746,0.0,nan
62,62,0.10124289427160656,0.0,nan
62,63,0.11506076728747752,0.0,nan
62,64,0.11725563544525791,0.0,nan
62,65,0.13594780695431358,0.0,nan
62,66,0.12295898118513107,0.0,nan
62,67,0.1329146318075423,0.0,nan
62,68,0.1268301855055377,0.0,nan
62,69,0.15700198583539746,1.0,nan
62,70,0.129751530777264,0.0,nan
62,71,0.3519048056636178,1.0,nan
62,72,0.11423926075506337,0.0,nan
62,73,0.09293183322188316,0.0,nan
62,74,0.14036101522845484,0.0,nan
62,75,0.10720669963986464,0.0,nan
62,76,0.6468162808611176,1.0,nan
62,77,0.07910386805487142,0.0,nan
62,78,0.13455059523404259,0.0,nan
62,79,0.10714884246537233,0.0,nan
62,80,0.11307713281621848,0.0,nan
62,81,0.1660363258726959,1.0,nan
62,82,0.1188150412314014,0.0,nan
62,83,0.12765809772067635,0.0,nan
62,84,0.15793357327697832,1.0,nan
62,85,0.09309061187587396,0.0,nan
62,86,0.1144961758272387,0.0,nan
62,87,0.9329726624562961,1.0,nan
62,88,0.12505484304023765,0.0,nan
62,89,0.09218758750802228,0.0,nan
62,90,0.08275559000209523,0.0,nan
62,91,0.07622716830333383,0.0,nan
62,92,0.0628261623891791,0.0,nan
62,93,0.07684057732197928,0.0,nan
62,94,0.07461262344641363,0.0,nan
62,95,0.2508426213716779,1.0,nan
62,96,0.09024131120632321,0.0,nan
62,97,0.2229152440286669,1.0,nan
62,98,0.2733646839467931,1.0,nan
62,99,0.11128044257142057,0.0,nan
63,0,0.0931147401401187,0.0,nan
63,1,0.09269682219643866,0.0,nan
63,2,0.770713688548182,1.0,nan
63,3,0.08356032391910587,0.0,nan
63,4,0.07194466549169447,0.0,nan
63,5,0.10387415547078004,0.0,nan
63,6,0.09098976197433344,0.0,nan
63,7,0.14928266231382784,0.0,nan
63,8,0.06638164748250926,0.0,nan
63,9,0.15642108298020904,1.0,nan
63,10,0.08909534603699493,0.0,nan
63,11,0.09731305657167473,0.0,nan
63,12,2.0710958599672975,1.0,nan
63,13,0.11320331846237432,0.0,nan
63,14,0.16034545901394026,1.0,nan
63,15,0.13390292511334964,0.0,nan
63,16,0.11694531133013511,0.0,nan
63,17,0.0853998092568354,0.0,nan
63,18,0.10999328561481074,0.0,nan
63,19,0.09253862305379194,0.0,nan
63,20,0.08778928719355253,0.0,nan
63,21,0.10225007692687506,0.0,nan
63,22,0.13369529070309313,0.0,nan
63,23,0.11727553588135557,0.0,nan
63,24,0.085293173219574,0.0,nan
63,25,0.10105335950858445,0.0,nan
63,26,0.10650000932284816,0.0,nan
63,27,0.18030280323181375,1.0,nan
63,28,0.1816965665770055,1.0,nan
63,29,0.0929136391073814,0.0,nan
63,30,0.24643602090570899,1.0,nan
63,31,0.09020027875606494,0.0,nan
63,32,0.030280478601088793,0.0,nan
63,33,0.1134127237808881,0.0,nan
63,34,0.06721958960085486,0.0,nan
63,35,0.07449450593596492,0.0,nan
63,36,0.15895172468853833,1.0,nan
63,37,0.12634065082722676,0.0,nan
63,38,0.09886119885656035,0.0,nan
63,39,0.1443157237467208,0.0,nan
63,40,0.12271993894440983,0.0,nan
63,41,0.08296092373726399,0.0,nan
63,42,0.1555616695151306,1.0,nan
63,43,0.037098878193236276,0.0,nan
63,44,0.12930779340821047,0.0,nan
63,45,0.0711171398340562,0.0,nan
63,46,0.03954242894932692,0.0,nan
63,47,0.1259605283702867,0.0,nan
63,48,8.286140433786667,1.0,nan
63,49,0.15441735514132066,1.0,nan
63,50,0.38912505507921397,1.0,nan
63,51,0.10814415875308417,0.0,nan
63,52,0.06550608788763561,0.0,nan
63,53,0.12116193101050768,0.0,nan
63,54,0.1217137638332921,0.0,nan
63,55,0.43950276553578854,1.0,nan
63,56,0.13683160248324555,0.0,nan
63,57,0.0779514866745264,0.0,nan
63,58,0.10333969853597788,0.0,nan
63,59,0.11536630543856997,0.0,nan
63,60,0.13859586482709352,0.0,nan
63,61,0.14501482882437958,0.0,nan
63,62,0.09951559540512997,0.0,nan
63,63,0.08757971715414561,0.0,nan
63,64,0.11465205087423902,0.0,nan
63,65,0.13540186239302116,0.0,nan
63,66,0.12555140432014156,0.0,nan
63,67,0.13640070891346318,0.0,nan
63,68,0.12719724948158415,0.0,nan
63,69,0.15614493964562098,1.0,nan
63,70,0.1378927135524702,0.0,nan
63,71,0.3359658271372799,1.0,nan
63,72,0.10011304065513636,0.0,nan
63,73,0.09182276184960443,0.0,nan
63,74,0.13610736718492458,0.0,nan
63,75,0.10794314569972097,0.0,nan
63,76,0.5671246479554011,1.0,nan
63,77,0.0746784128966588,0.0,nan
63,78,0.13845599273243897,0.0,nan
63,79,0.10528371703543041,0.0,nan
63,80,0.10866591263970306,0.0,nan
63,81,0.166849736698364,1.0,nan
63,82,0.11554812106402854,0.0,nan
63,83,0.1286108711466529,0.0,nan
63,84,0.1541539437812956,1.0,nan
63,85,0.08852955788052888,0.0,nan
63,86,0.11423379868092451,0.0,nan
63,87,0.7771945688411699,1.0,nan
63,88,0.13215348909731622,0.0,nan
63,89,0.08856466209211887,0.0,nan
63,90,0.08147647458387566,0.0,nan
63,91,0.07109413987017361,0.0,nan
63,92,0.06266549793044461,0.0,nan
63,93,0.07310654400769437,0.0,nan
63,94,0.07239385457718013,0.0,nan
63,95,0.26819154876245255,1.0,nan
63,96,0.08928442664388968,0.0,nan
63,97,0.2144448686127647,1.0,nan
63,98,0.29511759500351814,1.0,nan
63,99,0.11192886728374415,0.0,nan
64,0,0.09673326392301697,0.0,nan
64,1,0.09375432029554837,0.0,nan
64,2,1.0225539813350022,1.0,nan
64,3,0.08486341029010824,0.0,nan
64,4,0.07400880490271447,0.0,nan
64,5,0.10901481323514695,0.0,nan
64,6,0.09355752176068996,0.0,nan
64,7,0.1500186997892154,0.0,nan
64,8,0.07143058650357276,0.0,nan
64,9,0.16065973438986053,1.0,nan
64,10,0.09176563705592282,0.0,nan
64,11,0.09692093764110679,0.0,nan
64,12,1.7660152282063213,1.0,nan
64,13,0.1100344351779731,0.0,nan
64,14,0.16507510237864018,1.0,nan
64,15,0.13638963581196248,0.0,nan
64,16,0.11850715417878607,0.0,nan
64,17,0.08888047351119144,0.0,nan
64,18,0.11066644167252931,0.0,nan
64,19,0.09635865096220395,0.0,nan
64,20,0.09342871967377256,0.0,nan
64,21,0.10396633844093017,0.0,nan
64,22,0.1417713846451088,0.0,nan
64,23,0.12175168059093634,0.0,nan
64,24,0.03816834063632769,0.0,nan
64,25,0.1057806926399765,0.0,nan
64,26,0.10742412571175854,0.0,nan
64,27,0.19161786219263505,1.0,nan
64,28,0.17543825308097583,1.0,nan
64,29,0.09863658154729728,0.0,nan
64,30,0.31256587018329673,1.0,nan
64,31,0.0931554047230159,0.0,nan
64,32,0.0250989408189707,0.0,nan
64,33,0.11748689917463748,0.0,nan
64,34,0.06542053741357474,0.0,nan
64,35,0.07739925797520537,0.0,nan
64,36,0.1378168532249827,0.0,nan
64,37,0.12505971318065381,0.0,nan
64,38,0.09972244513947887,0.0,nan
64,39,0.14454299501907608,0.0,nan
64,40,0.12214240044862736,0.0,nan
64,41,0.08604992964450825,0.0,nan
64,42,0.1648248815434921,1.0,nan
64,43,0.0256307792316921,0.0,nan
64,44,0.13160559729737056,0.0,nan
64,45,0.07650629609672022,0.0,nan
64,46,0.04401240495551227,0.0,nan
64,47,0.12623973088337404,0.0,nan
64,48,9.033919664884104,1.0,nan
64,49,0.15964789155320278,1.0,nan
64,50,0.3914088386710479,1.0,nan
64,51,0.11054347391893232,0.0,nan
64,52,0.06759203652090555,0.0,nan
64,53,0.11033667412661252,0.0,nan
64,54,0.12291102665351208,0.0,nan
64,55,0.47360143744226957,1.0,nan
64,56,0.1343478819968454,0.0,nan
64,57,0.07995431142133541,0.0,nan
64,58,0.10961031094050269,0.0,nan
64,59,0.1010712723402586,0.0,nan
64,60,0.13572442621341013,0.0,nan
64,61,0.1495862419158133,0.0,nan
64,62,0.10198286635289801,0.0,nan
64,63,0.09063757882201019,0.0,nan
64,64,0.11796826120211158,0.0,nan
64,65,0.14250186562795525,0.0,nan
64,66,0.13255654565599395,0.0,nan
64,67,0.12412360598298616,0.0,nan
64,68,0.12433039109128106,0.0,nan
64,69,0.16277635610910451,1.0,nan
64,70,0.12060857578741609,0.0,nan
64,71,0.33661661696071843,1.0,nan
64,72,0.08974456031179516,0.0,nan
64,73,0.0887897370487116,0.0,nan
64,74,0.14190468013834168,0.0,nan
64,75,0.11313753462193568,0.0,nan
64,76,0.4989989175716674,1.0,nan
64,77,0.07263348260253047,0.0,nan
64,78,0.13372332833162734,0.0,nan
64,79,0.11027529163495552,0.0,nan
64,80,0.10922947268134202,0.0,nan
64,81,0.15377772798257192,1.0,nan
64,82,0.11847378334709546,0.0,nan
64,83,0.13115638542434013,0.0,nan
64,84,0.15435705255337384,1.0,nan
64,85,0.08690128442237625,0.0,nan
64,86,0.12132393928602314,0.0,nan
64,87,0.6537770765042027,1.0,nan
64,88,0.1314631032309964,0.0,nan
64,89,0.09052036579136351,0.0,nan
64,90,0.08117610435896559,0.0,nan
64,91,0.06600121921047342,0.0,nan
64,92,0.06498720567038713,0.0,nan
64,93,0.07017288996180003,0.0,nan
64,94,0.07455304530954723,0.0,nan
64,95,0.28763726233138115,1.0,nan
64,96,0.0912052356015905,0.0,nan
64,97,0.21716439001002044,1.0,nan
64,98,0.3179102627512922,1.0,nan
64,99,0.11771667167643736,0.0,nan
65,0,0.10314176389456091,0.0,nan
65,1,0.09544237110005929,0.0,nan
65,2,0.7535583453588948,1.0,nan
65,3,0.0909103260808734,0.0,nan
65,4,0.0765228965715033,0.0,nan
65,5,0.11214486536037775,0.0,nan
65,6,0.09808641305601971,0.0,nan
65,7,0.15457286603308298,1.0,nan
65,8,0.07690244065642393,0.0,nan
65,9,0.17174590454851887,1.0,nan
65,10,0.09846069094264406,0.0,nan
65,11,0.0962943776694176,0.0,nan
65,12,2.03920388868726,1.0,nan
65,13,0.12815758626292897,0.0,nan
65,14,0.1636402862524164,1.0,nan
65,15,0.14226293192397255,0.0,nan
65,16,0.11657699531922351,0.0,nan
65,17,0.11497305118553143,0.0,nan
65,18,0.11551139209433643,0.0,nan
65,19,0.10438356096996267,0.0,nan
65,20,0.09955635248119522,0.0,nan
65,21,0.1084862587132758,0.0,nan
65,22,0.14427676944964368,0.0,nan
65,23,0.13030822190431146,0.0,nan
65,24,0.03986188995590626,0.0,nan
65,25,0.10997623612150911,0.0,nan
65,26,0.10918306519895281,0.0,nan
65,27,0.18789278480881297,1.0,nan
65,28,0.20499706986268246,1.0,nan
65,29,0.10944220374579433,0.0,nan
65,30,0.28963334532487994,1.0,nan
65,31,0.09592567100357788,0.0,nan
65,32,0.01673683204958936,0.0,nan
65,33,0.12328889019982366,0.0,nan
65,34,0.06466450880999394,0.0,nan
65,35,0.0824483154432594,0.0,nan
65,36,0.17436869592824752,1.0,nan
65,37,0.1357951158746814,0.0,nan
65,38,0.10742333473480839,0.0,nan
65,39,0.1675117773920086,1.0,nan
65,40,0.13057762781616608,0.0,nan
65,41,0.09197236126070306,0.0,nan
65,42,0.18903492589957824,1.0,nan
65,43,0.025572128392259075,0.0,nan
65,44,0.14284238440771208,0.0,nan
65,45,0.0834798004078382,0.0,nan
65,46,0.048367310602656234,0.0,nan
65,47,0.12912482694376942,0.0,nan
65,48,7.372382385442276,1.0,nan
65,49,0.1684776249022092,1.0,nan
65,50,0.3771779517384229,1.0,nan
65,51,0.11229515525783414,0.0,nan
65,52,0.07405692623669055,0.0,nan
65,53,0.12006136525405824,0.0,nan
65,54,0.1312447862252541,0.0,nan
65,55,0.48322143794706407,1.0,nan
65,56,0.13991430584183542,0.0,nan
65,57,0.08643130325223417,0.0,nan
65,58,0.11325855345694966,0.0,nan
65,59,0.10121714711935738,0.0,nan
65,60,0.1683274516547422,1.0,nan
65,61,0.1585517032728716,1.0,nan
65,62,0.10633443700069677,0.0,nan
65,63,0.09616834141706336,0.0,nan
65,64,0.12062158225310704,0.0,nan
65,65,0.14796370426452868,0.0,nan
65,66,0.14000883007757034,0.0,nan
65,67,0.11393867570065895,0.0,nan
65,68,0.13806236723713822,0.0,nan
65,69,0.17406419058251357,1.0,nan
65,70,0.15828060676922726,1.0,nan
65,71,0.3305442276866611,1.0,nan
65,72,0.09511133636286838,0.0,nan
65,73,0.09462017035189316,0.0,nan
65,74,0.1494354621004858,0.0,nan
65,75,0.11965662802190286,0.0,nan
65,76,0.5555490210860271,1.0,nan
65,77,0.08139331088485295,0.0,nan
65,78,0.18169493552775257,1.0,nan
65,79,0.113546372309045,0.0,nan
65,80,0.11666256707594223,0.0,nan
65,81,0.1421462984335914,0.0,nan
65,82,0.12206455109266903,0.0,nan
65,83,0.14131572525344624,0.0,nan
65,84,0.16657152500384131,1.0,nan
65,85,0.09320579224227338,0.0,nan
65,86,0.12053801346013403,0.0,nan
65,87,0.6290472881433642,1.0,nan
65,88,0.1673783920658255,1.0,nan
65,89,0.08134068885447616,0.0,nan
65,90,0.09101635282791277,0.0,nan
65,91,0.08128033723782646,0.0,nan
65,92,0.07302282643657762,0.0,nan
65,93,0.08302519116531107,0.0,nan
65,94,0.08116083671801551,0.0,nan
65,95,0.2900151505444186,1.0,nan
65,96,0.10229705931615303,0.0,nan
65,97,0.22004927505506722,1.0,nan
65,98,0.32698477757233957,1.0,nan
65,99,0.13788853767125345,0.0,nan
66,0,0.09582924841028889,0.0,nan
66,1,0.08439390564988641,0.0,nan
66,2,1.1138493569424954,1.0,nan
66,3,0.08865036567581638,0.0,nan
66,4,0.07194908246655263,0.0,nan
66,5,0.10245987786034079,0.0,nan
66,6,0.09455290567435712,0.0,nan
66,7,0.14094621825539308,0.0,nan
66,8,0.0773122729676334,0.0,nan
66,9,0.16963533236685904,1.0,nan
66,10,0.09331994261691216,0.0,nan
66,11,0.08449441708466243,0.0,nan
66,12,1.780335406030021,1.0,nan
66,13,0.1210612925659975,0.0,nan
66,14,0.16521227845306838,1.0,nan
66,15,0.13198431308997546,0.0,nan
66,16,0.1141322701612522,0.0,nan
66,17,0.15352504456303578,1.0,nan
66,18,0.11863952112255896,0.0,nan
66,19,0.11098825460732852,0.0,nan
66,20,0.08907381542553822,0.0,nan
66,21,0.0940974196407236,0.0,nan
66,22,0.1437151737119761,0.0,nan
66,23,0.11645969770572408,0.0,nan
66,24,0.03809075205252258,0.0,nan
66,25,0.10833017937658271,0.0,nan
66,26,0.11581313039609953,0.0,nan
66,27,0.20955964568563565,1.0,nan
66,28,0.2501989451753937,1.0,nan
66,29,0.09537883420203815,0.0,nan
66,30,0.2231177807454499,1.0,nan
66,31,0.0754762037253416,0.0,nan
66,32,0.015591162251345181,0.0,nan
66,33,0.11818641581499836,0.0,nan
66,34,0.06395698577893,0.0,nan
66,35,0.07592644408598839,0.0,nan
66,36,0.1590979590726339,1.0,nan
66,37,0.12538791604535726,0.0,nan
66,38,0.10166929030395508,0.0,nan
66,39,0.15872718303578162,1.0,nan
66,40,0.12967100681401963,0.0,nan
66,41,0.09354918173835983,0.0,nan
66,42,0.20429749514292167,1.0,nan
66,43,0.022329399872090993,0.0,nan
66,44,0.16199744020705156,1.0,nan
66,45,0.07846271581071002,0.0,nan
66,46,0.049729793675734456,0.0,nan
66,47,0.1345572556767805,0.0,nan
66,48,9.506433417165411,1.0,nan
66,49,0.13908347791595918,0.0,nan
66,50,0.3609419613452341,1.0,nan
66,51,0.10446448739419212,0.0,nan
66,52,0.06971740778278498,0.0,nan
66,53,0.11808235931426614,0.0,nan
66,54,0.1249144934905735,0.0,nan
66,55,0.5187033714451942,1.0,nan
66,56,0.12978602882316154,0.0,nan
66,57,0.08121675791358521,0.0,nan
66,58,0.1089552973368318,0.0,nan
66,59,0.09194086127373022,0.0,nan
66,60,0.16856670893457226,1.0,nan
66,61,0.13992020325793375,0.0,nan
66,62,0.10213822984368078,0.0,nan
66,63,0.0843548488834389,0.0,nan
66,64,0.12129125403169741,0.0,nan
66,65,0.1418184893223531,0.0,nan
66,66,0.12639700953820016,0.0,nan
66,67,0.09850134794424935,0.0,nan
66,68,0.13645640529404243,0.0,nan
66,69,0.1710804082472693,1.0,nan
66,70,0.14410623388251947,0.0,nan
66,71,0.3969914333572399,1.0,nan
66,72,0.09789800987987986,0.0,nan
66,73,0.09267955580046078,0.0,nan
66,74,0.13507579542093262,0.0,nan
66,75,0.11154709461507657,0.0,nan
66,76,0.4069376977486299,1.0,nan
66,77,0.07892808813639507,0.0,nan
66,78,0.15594150702508977,1.0,nan
66,79,0.1091319818585588,0.0,nan
66,80,0.11775438173562827,0.0,nan
66,81,0.13966358600270282,0.0,nan
66,82,0.1198379060422792,0.0,nan
66,83,0.1351736972209443,0.0,nan
66,84,0.18951043758089456,1.0,nan
66,85,0.08340440208456261,0.0,nan
66,86,0.1263695137193499,0.0,nan
66,87,0.9311625141166523,1.0,nan
66,88,0.19403031527784065,1.0,nan
66,89,0.07735864134577344,0.0,nan
66,90,0.07939512935016012,0.0,nan
66,91,0.07779239261490306,0.0,nan
66,92,0.06733305802789234,0.0,nan
66,93,0.0768342529333289,0.0,nan
66,94,0.07323398341279998,0.0,nan
66,95,0.26001861721519576,1.0,nan
66,96,0.10801369969847208,0.0,nan
66,97,0.20492692205292815,1.0,nan
66,98,0.33278131749518025,1.0,nan
66,99,0.13906828928462,0.0,nan
67,0,0.0755957831493383,0.0,nan
67,1,0.061574914177862275,0.0,nan
67,2,0.3345152141536128,1.0,nan
67,3,0.08195358191593824,0.0,nan
67,4,0.059948587949533436,0.0,nan
67,5,0.08653022327285337,0.0,nan
67,6,0.07727578890237571,0.0,nan
67,7,0.1085881704486996,0.0,nan
67,8,0.062327570344970974,0.0,nan
67,9,0.1438888542247085,0.0,nan
67,10,0.07533086295644714,0.0,nan
67,11,0.07561983034728906,0.0,nan
67,12,1.6183469062654359,1.0,nan
67,13,0.07834580653077844,0.0,nan
67,14,0.09718967183851013,0.0,nan
67,15,0.1190325794755097,0.0,nan
67,16,0.09186810528837815,0.0,nan
67,17,0.07398144201979824,0.0,nan
67,18,0.0996021863346743,0.0,nan
67,19,0.07918020911834697,0.0,nan
67,20,0.07930893801299019,0.0,nan
67,21,0.06843368822617872,0.0,nan
67,22,0.09386026287291858,0.0,nan
67,23,0.1059846962126629,0.0,nan
67,24,0.04354322424638663,0.0,nan
67,25,0.07669140037871766,0.0,nan
67,26,0.08164854164829848,0.0,nan
67,27,0.14670611169325443,0.0,nan
67,28,0.1038609351459666,0.0,nan
67,29,0.06877148052798202,0.0,nan
67,30,0.1512431296384364,0.0,nan
67,31,0.07310933028668387,0.0,nan
67,32,0.025707129784877714,0.0,nan
67,33,0.10779208279390766,0.0,nan
67,34,0.04979578129934456,0.0,nan
67,35,0.10189203739342614,0.0,nan
67,36,0.2700214444658798,1.0,nan
67,37,0.09645201038013285,0.0,nan
67,38,0.07298579745479057,0.0,nan
67,39,0.105717167930214,0.0,nan
67,40,0.0849862067126551,0.0,nan
67,41,0.07374077738155695,0.0,nan
67,42,0.10744414617750767,0.0,nan
67,43,0.04972680982015428,0.0,nan
67,44,0.09297986048293752,0.0,nan
67,45,0.07129691251810825,0.0,nan
67,46,0.04075308060012468,0.0,nan
67,47,0.10841536214678998,0.0,nan
67,48,3.357621400897441,1.0,nan
67,49,0.1029265424019841,0.0,nan
67,50,0.3019930258917303,1.0,nan
67,51,0.07665164193464716,0.0,nan
67,52,0.05436408436169833,0.0,nan
67,53,0.08526826145713418,0.0,nan
67,54,0.10608696517279875,0.0,nan
67,55,0.48263868679107297,1.0,nan
67,56,0.09896313951418045,0.0,nan
67,57,0.06900632510869012,0.0,nan
67,58,0.09122074987059146,0.0,nan
67,59,0.07683942240028069,0.0,nan
67,60,0.12532487710890883,0.0,nan
67,61,0.10008390340443217,0.0,nan
67,62,0.07361672419689819,0.0,nan
67,63,0.0676743345900699,0.0,nan
67,64,0.10184484950593355,0.0,nan
67,65,0.11342479607667087,0.0,nan
67,66,0.16739234560840907,1.0,nan
67,67,0.0934950663165621,0.0,nan
67,68,0.09107211067552078,0.0,nan
67,69,0.0857992921994362,0.0,nan
67,70,0.2589499755863251,1.0,nan
67,71,0.23473392844942875,1.0,nan
67,72,0.07919964187404288,0.0,nan
67,73,0.08225568496058178,0.0,nan
67,74,0.11012846363154546,0.0,nan
67,75,0.08407469256132417,0.0,nan
67,76,0.5822029366129835,1.0,nan
67,77,0.05571686806876484,0.0,nan
67,78,0.12250067896102859,0.0,nan
67,79,0.0837452208312748,0.0,nan
67,80,0.09118175376367733,0.0,nan
67,81,0.08536289848154226,0.0,nan
67,82,0.09374368831276055,0.0,nan
67,83,0.08376451915149054,0.0,nan
67,84,0.10645730699673328,0.0,nan
67,85,0.07567504885703658,0.0,nan
67,86,0.08397065342898553,0.0,nan
67,87,5.329130701746487,1.0,nan
67,88,0.10520671826821552,0.0,nan
67,89,0.05834683852116922,0.0,nan
67,90,0.06077275880132042,0.0,nan
67,91,0.04767350118462188,0.0,nan
67,92,0.056603992529023636,0.0,nan
67,93,0.05269565396976685,0.0,nan
67,94,0.05908520625870784,0.0,nan
67,95,0.14457557833934256,0.0,nan
67,96,0.06323602038526054,0.0,nan
67,97,0.17247842544057027,1.0,nan
67,98,0.14665316533806666,0.0,nan
67,99,0.06660203861744199,0.0,nan
68,0,0.09198737375882626,0.0,nan
68,1,0.08481282875420844,0.0,nan
68,2,0.9596284783466681,1.0,nan
68,3,0.09182572957238139,0.0,nan
68,4,0.07555285029824307,0.0,nan
68,5,0.11199263850199684,0.0,nan
68,6,0.0999428282195996,0.0,nan
68,7,0.14624077255610507,0.0,nan
68,8,0.07786177752659731,0.0,nan
68,9,0.1667225307314583,1.0,nan
68,10,0.09813500577555387,0.0,nan
68,11,0.0792755594360594,0.0,nan
68,12,2.9607356936295037,1.0,nan
68,13,0.11774285300051598,0.0,nan
68,14,0.15366795554077844,1.0,nan
68,15,0.1473178542197758,0.0,nan
68,16,0.1092122373722429,0.0,nan
68,17,0.08178554024373175,0.0,nan
68,18,0.11811154012319819,0.0,nan
68,19,0.10235045342300937,0.0,nan
68,20,0.1010049200053726,0.0,nan
68,21,0.09735789532207773,0.0,nan
68,22,0.14764856271642765,0.0,nan
68,23,0.14506287523649924,0.0,nan
68,24,0.04058032226680591,0.0,nan
68,25,0.10870998472483143,0.0,nan
68,26,0.10266222682561628,0.0,nan
68,27,0.2040029167978591,1.0,nan
68,28,0.1726395009354951,1.0,nan
68,29,0.10975926781064432,0.0,nan
68,30,0.4443195808258375,1.0,nan
68,31,0.07134461247548092,0.0,nan
68,32,0.015361542919549599,0.0,nan
68,33,0.11712070392044907,0.0,nan
68,34,0.06333891300716427,0.0,nan
68,35,0.079691397270571,0.0,nan
68,36,0.16200038130277317,1.0,nan
68,37,0.1328145321644209,0.0,nan
68,38,0.10319198919754105,0.0,nan
68,39,0.14012360760370304,0.0,nan
68,40,0.1236175601727517,0.0,nan
68,41,0.09193180619933362,0.0,nan
68,42,0.16628416812390528,1.0,nan
68,43,0.030812026299167912,0.0,nan
68,44,0.13961864705173505,0.0,nan
68,45,0.08613197320058287,0.0,nan
68,46,0.04617191695880145,0.0,nan
68,47,0.1372583795739509,0.0,nan
68,48,7.719257807598946,1.0,nan
68,49,0.1769441877453262,1.0,nan
68,50,0.4316152581364931,1.0,nan
68,51,0.11083794808931234,0.0,nan
68,52,0.06631855074017817,0.0,nan
68,53,0.11308160512263778,0.0,nan
68,54,0.12682416739898147,0.0,nan
68,55,0.4986155133569557,1.0,nan
68,56,0.13809693786882055,0.0,nan
68,57,0.06590095185508267,0.0,nan
68,58,0.10855799830571833,0.0,nan
68,59,0.07382498308467401,0.0,nan
68,60,0.13971567011293276,0.0,nan
68,61,0.15901064008552945,1.0,nan
68,62,0.10487761099656638,0.0,nan
68,63,0.09323891204759849,0.0,nan
68,64,0.12000116011395141,0.0,nan
68,65,0.14169516063513074,0.0,nan
68,66,0.15148785431597533,0.0,nan
68,67,0.10336378693113697,0.0,nan
68,68,0.13013250873806992,0.0,nan
68,69,0.16348952240533604,1.0,nan
68,70,0.14313125111002184,0.0,nan
68,71,0.34935103609874396,1.0,nan
68,72,0.090900631080092,0.0,nan
68,73,0.09774386000789002,0.0,nan
68,74,0.1257009036040188,0.0,nan
68,75,0.11875404384684604,0.0,nan
68,76,0.610008074856916,1.0,nan
68,77,0.0722366245090745,0.0,nan
68,78,0.15759478831518345,1.0,nan
68,79,0.11837832516160152,0.0,nan
68,80,0.10849421787345491,0.0,nan
68,81,0.130422276415334,0.0,nan
68,82,0.12254814756213754,0.0,nan
68,83,0.13764626523423557,0.0,nan
68,84,0.1470268212231588,0.0,nan
68,85,0.08818550886041045,0.0,nan
68,86,0.11675049348012143,0.0,nan
68,87,0.8353198585385907,1.0,nan
68,88,0.12677693468755583,0.0,nan
68,89,0.0763818268316599,0.0,nan
68,90,0.08562942375514035,0.0,nan
68,91,0.06355928773164098,0.0,nan
68,92,0.07296390654260243,0.0,nan
68,93,0.07420138120006771,0.0,nan
68,94,0.07576264605064156,0.0,nan
68,95,0.26615136609718343,1.0,nan
68,96,0.09514959860930108,0.0,nan
68,97,0.22068430716350584,1.0,nan
68,98,0.31796762947231144,1.0,nan
68,99,0.12185887261356217,0.0,nan
69,0,0.06933768260703635,0.0,nan
69,1,0.061375354560911456,0.0,nan
69,2,0.6958976313686476,1.0,nan
69,3,0.07432942302306562,0.0,nan
69,4,0.05727137273208419,0.0,nan
69,5,0.08973421477847578,0.0,nan
69,6,0.07045863642865412,0.0,nan
69,7,0.11726420995939343,0.0,nan
69,8,0.05899172108932769,0.0,nan
69,9,0.1362330681209159,0.0,nan
69,10,0.07365313120117706,0.0,nan
69,11,0.06353006109990723,0.0,nan
69,12,1.619896238425836,1.0,nan
69,13,0.0768065963218442,0.0,nan
69,14,0.11130361228807696,0.0,nan
69,15,0.12080504823329756,0.0,nan
69,16,0.08629472091612421,0.0,nan
69,17,0.0668113154988286,0.0,nan
69,18,0.09549364454561633,0.0,nan
69,19,0.07351490141814084,0.0,nan
69,20,0.08660489473770755,0.0,nan
69,21,0.06796767522821934,0.0,nan
69,22,0.1106723256264165,0.0,nan
69,23,0.11386619433220944,0.0,nan
69,24,0.022921561060651015,0.0,nan
69,25,0.07973250148424847,0.0,nan
69,26,0.07878934067280906,0.0,nan
69,27,0.1667328062846974,1.0,nan
69,28,0.1249055226439716,0.0,nan
69,29,0.07415700994648507,0.0,nan
69,30,0.34235807995548173,1.0,nan
69,31,0.054367204289215716,0.0,nan
69,32,0.01147150230378801,0.0,nan
69,33,0.09425647669488879,0.0,nan
69,34,0.04608215167639372,0.0,nan
69,35,0.07922822628945735,0.0,nan
69,36,0.16032132225054818,1.0,nan
69,37,0.09701620037050625,0.0,nan
69,38,0.07172524268625341,0.0,nan
69,39,0.10684055185712889,0.0,nan
69,40,0.08699925310068338,0.0,nan
69,41,0.06929926610380897,0.0,nan
69,42,0.13068881321877532,0.0,nan
69,43,0.02917980460462717,0.0,nan
69,44,0.10036350098206041,0.0,nan
69,45,0.06829915653153948,0.0,nan
69,46,0.03470643798826046,0.0,nan
69,47,0.10196199595806987,0.0,nan
69,48,5.502368070033967,1.0,nan
69,49,0.10409658831452424,0.0,nan
69,50,0.5891688007333913,1.0,nan
69,51,0.07542100041557591,0.0,nan
69,52,0.05005839060933062,0.0,nan
69,53,0.08391192791193242,0.0,nan
69,54,0.10479963672069575,0.0,nan
69,55,0.5456787115494481,1.0,nan
69,56,0.0974910104074217,0.0,nan
69,57,0.059698023914752665,0.0,nan
69,58,0.08556935976188175,0.0,nan
69,59,0.06778873356939812,0.0,nan
69,60,0.11553732671508571,0.0,nan
69,61,0.10793908043099944,0.0,nan
69,62,0.07405720482302543,0.0,nan
69,63,0.06918446017623359,0.0,nan
69,64,0.10220964718046746,0.0,nan
69,65,0.12029110555515905,0.0,nan
69,66,0.13101612872755183,0.0,nan
69,67,0.06432183378616795,0.0,nan
69,68,0.09521495592132309,0.0,nan
69,69,0.10447309870438039,0.0,nan
69,70,0.16649802589453994,1.0,nan
69,71,0.4542634601095307,1.0,nan
69,72,0.07095868234950134,0.0,nan
69,73,0.07907609615329798,0.0,nan
69,74,0.1047222406588128,0.0,nan
69,75,0.0888881027979281,0.0,nan
69,76,0.6682917720205449,1.0,nan
69,77,0.04798340417141449,0.0,nan
69,78,0.11394013664030646,0.0,nan
69,79,0.08418155291272567,0.0,nan
69,80,0.0852332892997327,0.0,nan
69,81,0.09263237323216758,0.0,nan
69,82,0.09409626416474853,0.0,nan
69,83,0.09496673508167022,0.0,nan
69,84,0.11036378998434977,0.0,nan
69,85,0.06591955576624799,0.0,nan
69,86,0.08441577345278652,0.0,nan
69,87,3.4758772069035504,1.0,nan
69,88,0.09782461777314609,0.0,nan
69,89,0.053541916371051296,0.0,nan
69,90,0.05876534061693042,0.0,nan
69,91,0.03563443452384835,0.0,nan
69,92,0.05322344969747944,0.0,nan
69,93,0.04497407809642044,0.0,nan
69,94,0.05625055472553917,0.0,nan
69,95,0.19749799206898022,1.0,nan
69,96,0.06510532219412157,0.0,nan
69,97,0.21613795386848275,1.0,nan
69,98,0.22514431805367227,1.0,nan
69,99,0.07949727306296295,0.0,nan
70,0,0.08633466371625181,0.0,nan
70,1,0.08048444909145176,0.0,nan
70,2,1.0436125452873564,1.0,nan
70,3,0.07341852143960444,0.0,nan
70,4,0.06369765270201319,0.0,nan
70,5,0.10872647120952351,0.0,nan
70,6,0.08946763924284656,0.0,nan
70,7,0.13879722059928787,0.0,nan
70,8,0.06933205722166273,0.0,nan
70,9,0.1690004169535695,1.0,nan
70,10,0.09667274511187579,0.0,nan
70,11,0.05840912813438263,0.0,nan
70,12,2.1463725826100584,1.0,nan
70,13,0.11762771568925316,0.0,nan
70,14,0.16038599827669606,1.0,nan
70,15,0.1445763582857883,0.0,nan
70,16,0.10306840745898109,0.0,nan
70,17,0.0772446031143664,0.0,nan
70,18,0.09460455344702504,0.0,nan
70,19,0.09383238500173398,0.0,nan
70,20,0.1033398513456227,0.0,nan
70,21,0.08637967627600858,0.0,nan
70,22,0.14613082094237495,0.0,nan
70,23,0.1254356951288873,0.0,nan
70,24,0.022320909398950674,0.0,nan
70,25,0.10395603250926493,0.0,nan
70,26,0.09881670264383478,0.0,nan
70,27,0.20682238052263593,1.0,nan
70,28,0.16870443530245544,1.0,nan
70,29,0.11508427538311831,0.0,nan
70,30,0.6518732090478793,1.0,nan
70,31,0.05701768242601034,0.0,nan
70,32,0.010267373490604494,0.0,nan
70,33,0.10935084912186668,0.0,nan
70,34,0.057908762383672076,0.0,nan
70,35,0.06793441114726866,0.0,nan
70,36,0.16352515236146156,1.0,nan
70,37,0.13027065219895848,0.0,nan
70,38,0.10078075353065566,0.0,nan
70,39,0.14835995268774582,0.0,nan
70,40,0.11513881980443598,0.0,nan
70,41,0.08390334074538122,0.0,nan
70,42,0.1996685276477731,1.0,nan
70,43,0.026144894204931428,0.0,nan
70,44,0.1324148748889968,0.0,nan
70,45,0.08364692355414172,0.0,nan
70,46,0.04104249552802415,0.0,nan
70,47,0.12306439324043852,0.0,nan
70,48,8.385057459424216,1.0,nan
70,49,0.17403524022983607,1.0,nan
70,50,0.5246493945119269,1.0,nan
70,51,0.10310286834394664,0.0,nan
70,52,0.06112658331232496,0.0,nan
70,53,0.1148963284667831,0.0,nan
70,54,0.12750192158013238,0.0,nan
70,55,0.5024164077631852,1.0,nan
70,56,0.12594718121403725,0.0,nan
70,57,0.05840377042251052,0.0,nan
70,58,0.09502524076184182,0.0,nan
70,59,0.0672337314869438,0.0,nan
70,60,0.1512789041213005,0.0,nan
70,61,0.1637280589189667,1.0,nan
70,62,0.10116654499999356,0.0,nan
70,63,0.09099806334582862,0.0,nan
70,64,0.11764619286307584,0.0,nan
70,65,0.13589338001008208,0.0,nan
70,66,0.15778947710613278,1.0,nan
70,67,0.0737177798114806,0.0,nan
70,68,0.13117399573575597,0.0,nan
70,69,0.16455671783843787,1.0,nan
70,70,0.1392864433774974,0.0,nan
70,71,0.3663122946399242,1.0,nan
70,72,0.0816388622328744,0.0,nan
70,73,0.07842230020747741,0.0,nan
70,74,0.12592434385158455,0.0,nan
70,75,0.11679181210242004,0.0,nan
70,76,0.6737625900751081,1.0,nan
70,77,0.0648359711187981,0.0,nan
70,78,0.17356922445720796,1.0,nan
70,79,0.11480858408135598,0.0,nan
70,80,0.1023334160131796,0.0,nan
70,81,0.12153602118709605,0.0,nan
70,82,0.059766118619783204,0.0,nan
70,83,0.1383701453280418,0.0,nan
70,84,0.14238881943126924,0.0,nan
70,85,0.0731637082720517,0.0,nan
70,86,0.10369541641005185,0.0,nan
70,87,0.9477926680741618,1.0,nan
70,88,0.11973145464890031,0.0,nan
70,89,0.07320011142661871,0.0,nan
70,90,0.08351565633036975,0.0,nan
70,91,0.05815237213144652,0.0,nan
70,92,0.0707134073416668,0.0,nan
70,93,0.0671542421797405,0.0,nan
70,94,0.06262380425515274,0.0,nan
70,95,0.25401492310599944,1.0,nan
70,96,0.09177147770513773,0.0,nan
70,97,0.21977332435340297,1.0,nan
70,98,0.37466900813615117,1.0,nan
70,99,0.11987724187206537,0.0,nan
71,0,0.09475298838114075,0.0,nan
71,1,0.09231366127782942,0.0,nan
71,2,0.7427619389691602,1.0,nan
71,3,0.0799544349969538,0.0,nan
71,4,0.07204523342863516,0.0,nan
71,5,0.11134775716004842,0.0,nan
71,6,0.09636169158429685,0.0,nan
71,7,0.14743012100594288,0.0,nan
71,8,0.07866961405699756,0.0,nan
71,9,0.19492467440157685,1.0,nan
71,10,0.10600967778726339,0.0,nan
71,11,0.0626744276678702,0.0,nan
71,12,0.6978031411581119,1.0,nan
71,13,0.15330383958395982,1.0,nan
71,14,0.18794663532755634,1.0,nan
71,15,0.1462919487365391,0.0,nan
71,16,0.11326987122093499,0.0,nan
71,17,0.1490030491201831,0.0,nan
71,18,0.10646503933622974,0.0,nan
71,19,0.11159322930190255,0.0,nan
71,20,0.10425326832903267,0.0,nan
71,21,0.09747882747421018,0.0,nan
71,22,0.15394375085559875,1.0,nan
71,23,0.13367722025983989,0.0,nan
71,24,0.020257032490766897,0.0,nan
71,25,0.1130180724373334,0.0,nan
71,26,0.12288316090651101,0.0,nan
71,27,0.2133970214457434,1.0,nan
71,28,0.27328385724261994,1.0,nan
71,29,0.12711958352221367,0.0,nan
71,30,0.3645706067817613,1.0,nan
71,31,0.06161047823036474,0.0,nan
71,32,0.010666761160054836,0.0,nan
71,33,0.10950650092204922,0.0,nan
71,34,0.06491676329361716,0.0,nan
71,35,0.07036877297708705,0.0,nan
71,36,0.19356688632697977,1.0,nan
71,37,0.1454889045078406,0.0,nan
71,38,0.11550037399025251,0.0,nan
71,39,0.19536282105520106,1.0,nan
71,40,0.14359783530706796,0.0,nan
71,41,0.0970014331417575,0.0,nan
71,42,0.265111563250498,1.0,nan
71,43,0.023118438780619522,0.0,nan
71,44,0.16677413179346848,1.0,nan
71,45,0.09512508919207859,0.0,nan
71,46,0.04887270430140504,0.0,nan
71,47,0.12639763914465632,0.0,nan
71,48,14.309308050885807,1.0,nan
71,49,0.18144145728701805,1.0,nan
71,50,0.40934812522803626,1.0,nan
71,51,0.11318764951609263,0.0,nan
71,52,0.06632585536017775,0.0,nan
71,53,0.136412970849663,0.0,nan
71,54,0.13948737329683908,0.0,nan
71,55,0.44833154702504163,1.0,nan
71,56,0.13718223228626467,0.0,nan
71,57,0.061792909038245636,0.0,nan
71,58,0.10489630230608706,0.0,nan
71,59,0.06964989314808287,0.0,nan
71,60,0.20926963492120607,1.0,nan
71,61,0.17652597361679276,1.0,nan
71,62,0.11634125035742862,0.0,nan
71,63,0.09761198440422744,0.0,nan
71,64,0.11584508950012162,0.0,nan
71,65,0.14102776059908553,0.0,nan
71,66,0.15338189865087778,1.0,nan
71,67,0.0745618985565014,0.0,nan
71,68,0.15876949027961715,1.0,nan
71,69,0.20695631203150305,1.0,nan
71,70,0.16330941434737214,1.0,nan
71,71,0.3443964970442801,1.0,nan
71,72,0.09515719937673461,0.0,nan
71,73,0.08167987826597696,0.0,nan
71,74,0.13526211687828546,0.0,nan
71,75,0.12782382554877858,0.0,nan
71,76,0.5979736272944451,1.0,nan
71,77,0.08051059517437777,0.0,nan
71,78,0.22315678963102487,1.0,nan
71,79,0.12158686757539802,0.0,nan
71,80,0.11476851507981667,0.0,nan
71,81,0.13296470177409478,0.0,nan
71,82,0.06974358638615775,0.0,nan
71,83,0.16253607079547855,1.0,nan
71,84,0.17942482000909352,1.0,nan
71,85,0.07733018839749106,0.0,nan
71,86,0.11262390312214741,0.0,nan
71,87,0.8640643048326636,1.0,nan
71,88,0.21082202627843125,1.0,nan
71,89,0.07663325790219162,0.0,nan
71,90,0.0958416807345121,0.0,nan
71,91,0.0804267555137808,0.0,nan
71,92,0.08071513127081589,0.0,nan
71,93,0.08841986461294979,0.0,nan
71,94,0.06912214985849428,0.0,nan
71,95,0.24856066834910556,1.0,nan
71,96,0.11693446387140682,0.0,nan
71,97,0.21305255086994307,1.0,nan
71,98,0.3843279524683565,1.0,nan
71,99,0.16376532392797222,1.0,nan
72,0,0.07442940103812662,0.0,nan
72,1,0.06606319476544358,0.0,nan
72,2,0.34844392800855684,1.0,nan
72,3,0.07173558970349321,0.0,nan
72,4,0.05914354564500834,0.0,nan
72,5,0.09324083297273013,0.0,nan
72,6,0.07941654285009746,0.0,nan
72,7,0.11993754951292888,0.0,nan
72,8,0.0597947221949627,0.0,nan
72,9,0.14480438804825696,0.0,nan
72,10,0.08131360210019428,0.0,nan
72,11,0.04831925921798399,0.0,nan
72,12,1.6787862609768263,1.0,nan
72,13,0.08419927957629399,0.0,nan
72,14,0.11863124572766975,0.0,nan
72,15,0.12486302343034075,0.0,nan
72,16,0.09263199740854873,0.0,nan
72,17,0.08107296820910385,0.0,nan
72,18,0.08755510597073193,0.0,nan
72,19,0.07624405026195864,0.0,nan
72,20,0.11838850725069504,0.0,nan
72,21,0.06760945483718801,0.0,nan
72,22,0.1108607122479207,0.0,nan
72,23,0.09651361865793943,0.0,nan
72,24,0.02409461416297901,0.0,nan
72,25,0.08494233232279429,0.0,nan
72,26,0.08519906377533346,0.0,nan
72,27,0.1570640485897909,1.0,nan
72,28,0.1362673858257358,0.0,nan
72,29,0.07999422593461943,0.0,nan
72,30,0.2709322977016165,1.0,nan
72,31,0.06385879914617126,0.0,nan
72,32,0.03695478002939099,0.0,nan
72,33,0.09984865685022164,0.0,nan
72,34,0.0541346030579929,0.0,nan
72,35,0.08964965197766374,0.0,nan
72,36,0.16771604346183722,1.0,nan
72,37,0.09906523907352993,0.0,nan
72,38,0.08295752289683922,0.0,nan
72,39,0.12391474738390058,0.0,nan
72,40,0.09612921336545903,0.0,nan
72,41,0.07218229615414107,0.0,nan
72,42,0.145219971720478,0.0,nan
72,43,0.04059389188510897,0.0,nan
72,44,0.093961250780918,0.0,nan
72,45,0.07260431149203873,0.0,nan
72,46,0.03900433877445021,0.0,nan
72,47,0.09725872998577474,0.0,nan
72,48,4.775320206876732,1.0,nan
72,49,0.10658091509826066,0.0,nan
72,50,1.143435987302796,1.0,nan
72,51,0.08098575937395108,0.0,nan
72,52,0.05610816847562193,0.0,nan
72,53,0.0916260134915427,0.0,nan
72,54,0.12619146635647358,0.0,nan
72,55,0.5085924343085263,1.0,nan
72,56,0.09791825116335345,0.0,nan
72,57,0.06417458741155128,0.0,nan
72,58,0.08196391885573427,0.0,nan
72,59,0.07256413187874788,0.0,nan
72,60,0.1281081686096652,0.0,nan
72,61,0.11245939323806546,0.0,nan
72,62,0.07855721339540236,0.0,nan
72,63,0.071221890607625,0.0,nan
72,64,0.10690620384872876,0.0,nan
72,65,0.12053267435209648,0.0,nan
72,66,0.13290338405713867,0.0,nan
72,67,0.07393122913852042,0.0,nan
72,68,0.10607368128419006,0.0,nan
72,69,0.1007048021873508,0.0,nan
72,70,0.17423914098006552,1.0,nan
72,71,0.2549241692494463,1.0,nan
72,72,0.07492037504475858,0.0,nan
72,73,0.06651238758502012,0.0,nan
72,74,0.11167462168945655,0.0,nan
72,75,0.09637186134870761,0.0,nan
72,76,0.6915257969560533,1.0,nan
72,77,0.0560738202475386,0.0,nan
72,78,0.10385134829424346,0.0,nan
72,79,0.08989108601839625,0.0,nan
72,80,0.09456259713415842,0.0,nan
72,81,0.08644479142694401,0.0,nan
72,82,0.05033888815426953,0.0,nan
72,83,0.10036494348242271,0.0,nan
72,84,0.10999661207263298,0.0,nan
72,85,0.06498038194831367,0.0,nan
72,86,0.08727751250372794,0.0,nan
72,87,4.509590777801862,1.0,nan
72,88,0.11959549897008805,0.0,nan
72,89,0.0575824334683102,0.0,nan
72,90,0.06843261605286863,0.0,nan
72,91,0.0462632605732976,0.0,nan
72,92,0.06437342812227248,0.0,nan
72,93,0.053519612348788666,0.0,nan
72,94,0.05847231287130062,0.0,nan
72,95,0.1751931793096109,1.0,nan
72,96,0.07066383732409202,0.0,nan
72,97,0.20869306904307294,1.0,nan
72,98,0.20989029941896334,1.0,nan
72,99,0.07596936201462155,0.0,nan
73,0,0.06934973952070901,0.0,nan
73,1,0.061485273773179014,0.0,nan
73,2,0.6067739850883213,1.0,nan
73,3,0.06593633394130394,0.0,nan
73,4,0.057039285192036826,0.0,nan
73,5,0.08367601251819579,0.0,nan
73,6,0.07227610640434447,0.0,nan
73,7,0.1093219596010868,0.0,nan
73,8,0.06308681517917197,0.0,nan
73,9,0.15081168267183725,0.0,nan
73,10,0.07475491795021379,0.0,nan
73,11,0.04274856288768519,0.0,nan
73,12,1.1349110558696243,1.0,nan
73,13,0.06258376989288736,0.0,nan
73,14,0.09388167111083058,0.0,nan
73,15,0.13668762122742786,0.0,nan
73,16,0.10074744938601712,0.0,nan
73,17,0.07268138411958736,0.0,nan
73,18,0.07478755419298921,0.0,nan
73,19,0.08478674172904956,0.0,nan
73,20,0.08033259814918751,0.0,nan
73,21,0.055808705302271534,0.0,nan
73,22,0.10452372362560049,0.0,nan
73,23,0.08445670994164112,0.0,nan
73,24,0.019813912272505754,0.0,nan
73,25,0.08182307518252153,0.0,nan
73,26,0.07515081132628672,0.0,nan
73,27,0.16178192443034803,1.0,nan
73,28,0.07638304320206019,0.0,nan
73,29,0.0643608634081515,0.0,nan
73,30,0.1399768143038827,0.0,nan
73,31,0.0568221026334528,0.0,nan
73,32,0.011257926872419336,0.0,nan
73,33,0.11761561772217712,0.0,nan
73,34,0.0677701451302503,0.0,nan
73,35,0.09474393607893371,0.0,nan
73,36,0.2576095193897757,1.0,nan
73,37,0.0917322241801206,0.0,nan
73,38,0.07157581373903109,0.0,nan
73,39,0.10840023068008287,0.0,nan
73,40,0.08616666901205552,0.0,nan
73,41,0.07194084105407159,0.0,nan
73,42,0.10413549875707992,0.0,nan
73,43,0.024349343892642556,0.0,nan
73,44,0.09987044841082804,0.0,nan
73,45,0.0768706198140063,0.0,nan
73,46,0.044085320890041094,0.0,nan
73,47,0.1032335566733111,0.0,nan
73,48,4.770118402757927,1.0,nan
73,49,0.09525211921966684,0.0,nan
73,50,0.24569603576251786,1.0,nan
73,51,0.0641630578157311,0.0,nan
73,52,0.06078882995015964,0.0,nan
73,53,0.08322142448495089,0.0,nan
73,54,0.0949607661967711,0.0,nan
73,55,0.5225985747701036,1.0,nan
73,56,0.0841308567096907,0.0,nan
73,57,0.06934179038530167,0.0,nan
73,58,0.08920166534649386,0.0,nan
73,59,0.06939520802845524,0.0,nan
73,60,0.10697728240710774,0.0,nan
73,61,0.10088689278335708,0.0,nan
73,62,0.07427207194535396,0.0,nan
73,63,0.05961699027290915,0.0,nan
73,64,0.09992015931858901,0.0,nan
73,65,0.12146834154669496,0.0,nan
73,66,0.1826965578491182,1.0,nan
73,67,0.09796359449572942,0.0,nan
73,68,0.07538007972180781,0.0,nan
73,69,0.07586011669934686,0.0,nan
73,70,0.2200811595574016,1.0,nan
73,71,0.23302084963658518,1.0,nan
73,72,0.06614863190411051,0.0,nan
73,73,0.06850967334669517,0.0,nan
73,74,0.1051603741750224,0.0,nan
73,75,0.07592859994778256,0.0,nan
73,76,0.5713685161545407,1.0,nan
73,77,0.05872294830647729,0.0,nan
73,78,0.09008192153060697,0.0,nan
73,79,0.10533106349694978,0.0,nan
73,80,0.09425076289907754,0.0,nan
73,81,0.06507323168448999,0.0,nan
73,82,0.04486124529605554,0.0,nan
73,83,0.06857691661189358,0.0,nan
73,84,0.0948088353059864,0.0,nan
73,85,0.0691884093620783,0.0,nan
73,86,0.09183047243259021,0.0,nan
73,87,5.493494219913942,1.0,nan
73,88,0.09429796451929215,0.0,nan
73,89,0.046173291191246316,0.0,nan
73,90,0.05874850747140146,0.0,nan
73,91,0.0438353274904178,0.0,nan
73,92,0.06042690325272226,0.0,nan
73,93,0.04334898565747901,0.0,nan
73,94,0.05890220494588608,0.0,nan
73,95,0.10874621100540267,0.0,nan
73,96,0.062055722701307194,0.0,nan
73,97,0.14722392730115813,0.0,nan
73,98,0.123583127221228,0.0,nan
73,99,0.058863668265372475,0.0,nan
74,0,0.06792290728320392,0.0,nan
74,1,0.05752538606152482,0.0,nan
74,2,0.3144788361355701,1.0,nan
74,3,0.06941132602787002,0.0,nan
74,4,0.057235772187602355,0.0,nan
74,5,0.0859960779533143,0.0,nan
74,6,0.07416816644806094,0.0,nan
74,7,0.13960465194520688,0.0,nan
74,8,0.06125042241658181,0.0,nan
74,9,0.15643840405272844,1.0,nan
74,10,0.07400768600439273,0.0,nan
74,11,0.03997455517251954,0.0,nan
74,12,1.0371739174082946,1.0,nan
74,13,0.07536392087240085,0.0,nan
74,14,0.1004223376120278,0.0,nan
74,15,0.13388208276986754,0.0,nan
74,16,0.09432774066353876,0.0,nan
74,17,0.07782343469897024,0.0,nan
74,18,0.07742725001061072,0.0,nan
74,19,0.07547257350293632,0.0,nan
74,20,0.09076974597782694,0.0,nan
74,21,0.05701638744250672,0.0,nan
74,22,0.10015601184164911,0.0,nan
74,23,0.09855156214137048,0.0,nan
74,24,0.019168462269359896,0.0,nan
74,25,0.07579423020699416,0.0,nan
74,26,0.07537156058754024,0.0,nan
74,27,0.18921684634146474,1.0,nan
74,28,0.11173059120773764,0.0,nan
74,29,0.07002358967845675,0.0,nan
74,30,0.18092833775243092,1.0,nan
74,31,0.05557370786313424,0.0,nan
74,32,0.012186206512664938,0.0,nan
74,33,0.11322419591364669,0.0,nan
74,34,0.09017795121235982,0.0,nan
74,35,0.09655625747010248,0.0,nan
74,36,0.2551317226201309,1.0,nan
74,37,0.09284984917550371,0.0,nan
74,38,0.07681047098624333,0.0,nan
74,39,0.11448875096255091,0.0,nan
74,40,0.0827681969929734,0.0,nan
74,41,0.06641693719585155,0.0,nan
74,42,0.11517379338006238,0.0,nan
74,43,0.032868611334859535,0.0,nan
74,44,0.09917702380379072,0.0,nan
74,45,0.06947633353987041,0.0,nan
74,46,0.04045632828834069,0.0,nan
74,47,0.09956949716940836,0.0,nan
74,48,4.031285188425433,1.0,nan
74,49,0.09565168415584738,0.0,nan
74,50,0.5003149933019334,1.0,nan
74,51,0.07234259599631858,0.0,nan
74,52,0.059207699132170596,0.0,nan
74,53,0.08596834113281682,0.0,nan
74,54,0.10679345101039887,0.0,nan
74,55,0.4671153450239264,1.0,nan
74,56,0.10103190376517851,0.0,nan
74,57,0.06299509753094779,0.0,nan
74,58,0.07771094301476654,0.0,nan
74,59,0.06635437610077645,0.0,nan
74,60,0.1340564341012509,0.0,nan
74,61,0.103637898416578,0.0,nan
74,62,0.07683150590546994,0.0,nan
74,63,0.05696659073892248,0.0,nan
74,64,0.08977021107395004,0.0,nan
74,65,0.12420245721187634,0.0,nan
74,66,0.16055173452460733,1.0,nan
74,67,0.16890055766078155,1.0,nan
74,68,0.08978807753458473,0.0,nan
74,69,0.08700583310761047,0.0,nan
74,70,0.3018549429475723,1.0,nan
74,71,0.28383183630913944,1.0,nan
74,72,0.06274719613592396,0.0,nan
74,73,0.06280120688001549,0.0,nan
74,74,0.09938015543658851,0.0,nan
74,75,0.08459233395132996,0.0,nan
74,76,0.6697633641950427,1.0,nan
74,77,0.06194893810913399,0.0,nan
74,78,0.11829877711801028,0.0,nan
74,79,0.07975321827195526,0.0,nan
74,80,0.08939824348491299,0.0,nan
74,81,0.0723093724750489,0.0,nan
74,82,0.04289765764058957,0.0,nan
74,83,0.08506326819041256,0.0,nan
74,84,0.10487329675361311,0.0,nan
74,85,0.060703174610751025,0.0,nan
74,86,0.0903109767403311,0.0,nan
74,87,5.0208870382613915,1.0,nan
74,88,0.10964530820538215,0.0,nan
74,89,0.04655102820825822,0.0,nan
74,90,0.06568709547278945,0.0,nan
74,91,0.03877633865081272,0.0,nan
74,92,0.05377146862348301,0.0,nan
74,93,0.04699549846407372,0.0,nan
74,94,0.05756834100121507,0.0,nan
74,95,0.1278620722312132,0.0,nan
74,96,0.06490563691864201,0.0,nan
74,97,0.17968254525317545,1.0,nan
74,98,0.1807643799395332,1.0,nan
74,99,0.060327970629417575,0.0,nan
75,0,0.07610031345005479,0.0,-4.4329796714395305e-05
75,1,0.06968570346053114,0.0,6.714100178942291e-05
75,2,0.7627570086964683,1.0,0.06454287905068787
75,3,0.07278448962366883,0.0,-0.0023316423534992014
75,4,0.06300427091578675,0.0,1.9426492551653096e-05
75,5,0.10647938638368147,0.0,-0.0004387820203284883
75,6,0.09225646400965846,0.0,0.00017879946719240108
75,7,0.1515515395356907,0.0,0.0014472534808092335
75,8,0.06958235729888762,0.0,0.0007889106283021637
75,9,0.15911493938434196,1.0,0.001264405505686596
75,10,0.08341069881607863,0.0,0.00023205766478996508
75,11,0.0798095827352496,0.0,-0.00010623636024499958
75,12,1.7923285569072267,1.0,0.2444550316112909
75,13,0.09325143800258902,0.0,-0.0001331663858487846
75,14,0.12948200180034647,0.0,0.0019700768628182173
75,15,0.15001066981975647,0.0,-0.00040641568321146346
75,16,0.09020015856834246,0.0,0.0006308142673503797
75,17,0.07618606157614939,0.0,0.0004493068257075942
75,18,0.08562888356208702,0.0,0.000415678369224332
75,19,0.09453148137014186,0.0,-0.0007117601123645197
75,20,0.0920166303772313,0.0,-0.00096308485282151
75,21,0.07359461036139811,0.0,-0.0005143954579474011
75,22,0.12903688123927107,0.0,0.0008725782989676104
75,23,0.11079529013721194,0.0,-0.0014235347188859898
75,24,0.01986280167052037,0.0,9.566022767992732e-05
75,25,0.0951569387468554,0.0,-0.0007393957195203626
75,26,0.08699827162358205,0.0,0.00017694199851384714
75,27,0.5784655388211709,1.0,0.023342811270007514
75,28,0.1517983021850242,0.0,0.00021580392862333728
75,29,0.0880954128705371,0.0,0.0003557627235174007
75,30,0.33573029642663177,1.0,0.00813654523661868
75,31,0.062665281581666,0.0,1.561291749249595e-05
75,32,0.012538341902860507,0.0,-3.7786181829462064e-05
75,33,0.10052567915754004,0.0,-0.0023817340315274043
75,34,0.31402190248632533,1.0,0.004049385611282853
75,35,0.07968687755506806,0.0,0.0004292842953148425
75,36,0.15841861379839295,1.0,0.006988929069409378
75,37,0.11022416424164504,0.0,-0.0006036297538503065
75,38,0.09338058410119877,0.0,0.0005011652983894752
75,39,0.14086066406369513,0.0,-0.00038019312345312475
75,40,0.10388750466430004,0.0,0.00033655887829612624
75,41,0.07394874030288005,0.0,0.0008060046533923176
75,42,0.15945335462584445,1.0,0.0004628882834967742
75,43,0.033120394200715934,0.0,0.0002928792302358853
75,44,0.13103320540254593,0.0,-0.00026217956015495055
75,45,0.07408304121140154,0.0,0.0011129926149205088
75,46,0.04860837410938751,0.0,-0.0001245547215470814
75,47,0.12157539708296532,0.0,-0.001047029531426043
75,48,9.433368825107888,1.0,0.5713313328984475
75,49,0.1489894223181918,0.0,0.0007507603256613566
75,50,0.5085959898070205,1.0,-0.00020719890678696666
75,51,0.09030037403675203,0.0,0.0005443937912010544
75,52,0.06005123029338005,0.0,-0.00013972192258536524
75,53,0.09472043613696093,0.0,0.0005405256971580515
75,54,0.11628119787298305,0.0,0.001706462023796221
75,55,0.47384426623694986,1.0,-0.0024890302248573135
75,56,0.1330976185340265,0.0,0.002829582969328675
75,57,0.06467070943484071,0.0,0.0005714145374852085
75,58,0.08876191065020336,0.0,-0.0011687157174563485
75,59,0.06833907568139352,0.0,0.002434059144369765
75,60,0.13927841378247421,0.0,-0.00029604015168475625
75,61,0.14770136814073057,0.0,-0.0004950561653664913
75,62,0.09460083289347616,0.0,0.0038662241184405305
75,63,0.06669749063816127,0.0,1.122588299307134e-05
75,64,0.0922779601012159,0.0,1.3357105298439245e-05
75,65,0.13488049242516953,0.0,0.0009780025648704496
75,66,0.1336755542494745,0.0,0.0021665886739457795
75,67,0.0784620093635557,0.0,-0.000242869657729411
75,68,0.1097118962076425,0.0,-0.0008140256920292795
75,69,0.13956172945396897,0.0,0.0003686872833201506
75,70,0.13562884306059123,0.0,0.00533651159754215
75,71,0.4715663041733315,1.0,0.01452136023681827
75,72,0.07973606283371167,0.0,0.0011219917214849245
75,73,0.07019071942382751,0.0,-0.0015166050350092
75,74,0.11053639426476995,0.0,0.00036582136579462994
75,75,0.09879816459173271,0.0,0.008968863686989247
75,76,0.49462364475047726,1.0,0.0002402219330186769
75,77,0.06793168993817754,0.0,0.0003724616130329809
75,78,0.1355559628538475,0.0,0.002757138367616343
75,79,0.09153497900742019,0.0,0.00012592966117101753
75,80,0.09586775115084034,0.0,0.0006794768551996969
75,81,0.11584066358168663,0.0,-0.005356733365247791
75,82,0.04989103061594722,0.0,0.0012764082463080112
75,83,0.11605236530640196,0.0,0.001698236185081554
75,84,0.12384994573842395,0.0,0.006179623156199449
75,85,0.0848552893682189,0.0,-0.0004952826942546532
75,86,0.101778760018448,0.0,-0.00018653398536930195
75,87,1.1179453875249759,1.0,0.060280147457166554
75,88,0.11344291028141888,0.0,-8.035035962686549e-05
75,89,0.053015895442324476,0.0,-0.000491797531170379
75,90,0.07381052764439937,0.0,0.0007497330340886315
75,91,0.043511038606116034,0.0,0.0006015959761040516
75,92,0.060386999832572154,0.0,-0.0003531736655636281
75,93,0.06136235856931612,0.0,0.000356650799565875
75,94,0.06992561380407022,0.0,0.0001391433115730992
75,95,0.19213463783558193,1.0,0.0022188194870032658
75,96,0.08383599618768048,0.0,-0.00018429058018956424
75,97,0.2010456105824135,1.0,-0.0008076523003976571
75,98,0.40043947051110923,1.0,0.0009409673573349042
75,99,0.08307326412181673,0.0,3.135400908238811e-05
76,0,0.0883025114937312,0.0,nan
76,1,0.08653277590751464,0.0,nan
76,2,0.8014818873405367,1.0,nan
76,3,0.07665963246957436,0.0,nan
76,4,0.06551542714973224,0.0,nan
76,5,0.12261064531936282,0.0,nan
76,6,0.0909730904043043,0.0,nan
76,7,0.2118397523601762,1.0,nan
76,8,0.07087032286547594,0.0,nan
76,9,0.17282718598011537,1.0,nan
76,10,0.09893194368143254,0.0,nan
76,11,0.05436267096560288,0.0,nan
76,12,1.3080597000682082,1.0,nan
76,13,0.12133955556321215,0.0,nan
76,14,0.1586962288021759,1.0,nan
76,15,0.15630362895291047,1.0,nan
76,16,0.11653818793654895,0.0,nan
76,17,0.10055701128626501,0.0,nan
76,18,0.08896007161840681,0.0,nan
76,19,0.09379435231769906,0.0,nan
76,20,0.12349880278874656,0.0,nan
76,21,0.08524844382395462,0.0,nan
76,22,0.179333890718434,1.0,nan
76,23,0.12965515738288,0.0,nan
76,24,0.021931433677609923,0.0,nan
76,25,0.1103686462253868,0.0,nan
76,26,0.09570600951681849,0.0,nan
76,27,0.22319344764323484,1.0,nan
76,28,0.2268118582037125,1.0,nan
76,29,0.12059027562545582,0.0,nan
76,30,0.34029498977391914,1.0,nan
76,31,0.06453151143970229,0.0,nan
76,32,0.014649933766322659,0.0,nan
76,33,0.11346758740387294,0.0,nan
76,34,0.35885435885777545,1.0,nan
76,35,0.07428663668287706,0.0,nan
76,36,0.14573411779231105,0.0,nan
76,37,0.13418949332151484,0.0,nan
76,38,0.1039055845954172,0.0,nan
76,39,0.1910318660203738,1.0,nan
76,40,0.11325571128663825,0.0,nan
76,41,0.08738174868009094,0.0,nan
76,42,0.370623761034314,1.0,nan
76,43,0.03575887532662012,0.0,nan
76,44,0.13688234664040635,0.0,nan
76,45,0.09268273793758838,0.0,nan
76,46,0.04472377868351091,0.0,nan
76,47,0.11799977385780064,0.0,nan
76,48,4.763891916126176,1.0,nan
76,49,0.1942717172262657,1.0,nan
76,50,1.1345552851254375,1.0,nan
76,51,0.10857014296652938,0.0,nan
76,52,0.07184970452679013,0.0,nan
76,53,0.11373442775632896,0.0,nan
76,54,0.12931762241083666,0.0,nan
76,55,0.26861313288814875,1.0,nan
76,56,0.13242081004988016,0.0,nan
76,57,0.06552438480541861,0.0,nan
76,58,0.09752430082857429,0.0,nan
76,59,0.0723527062186723,0.0,nan
76,60,0.16720084077149155,1.0,nan
76,61,0.19890334694166673,1.0,nan
76,62,0.10403326423962399,0.0,nan
76,63,0.09546518582061056,0.0,nan
76,64,0.12511825586170852,0.0,nan
76,65,0.13834280484326034,0.0,nan
76,66,0.1376686177096053,0.0,nan
76,67,0.11500088531694201,0.0,nan
76,68,0.13682608294227255,0.0,nan
76,69,0.1703160707949687,1.0,nan
76,70,0.11849860502632795,0.0,nan
76,71,0.3559615504443023,1.0,nan
76,72,0.07647447719836115,0.0,nan
76,73,0.07091548495490058,0.0,nan
76,74,0.12286443214510563,0.0,nan
76,75,0.11860464907912183,0.0,nan
76,76,0.3250832324733144,1.0,nan
76,77,0.07042435666806726,0.0,nan
76,78,0.19707512243919564,1.0,nan
76,79,0.10873960135017927,0.0,nan
76,80,0.10264622437159299,0.0,nan
76,81,0.11038943074484764,0.0,nan
76,82,0.051716876825716046,0.0,nan
76,83,0.1365576084171069,0.0,nan
76,84,0.15455694572714482,1.0,nan
76,85,0.0813388415071819,0.0,nan
76,86,0.1067269601877048,0.0,nan
76,87,0.3620309925897686,1.0,nan
76,88,0.171988777389263,1.0,nan
76,89,0.06426359151652947,0.0,nan
76,90,0.09204617941322595,0.0,nan
76,91,0.04966556739961674,0.0,nan
76,92,0.07724239090479428,0.0,nan
76,93,0.06882273243282802,0.0,nan
76,94,0.07048280716256634,0.0,nan
76,95,0.28875009505459187,1.0,nan
76,96,0.10342070897012698,0.0,nan
76,97,0.261702035553358,1.0,nan
76,98,7.648806420586486,1.0,nan
76,99,0.12335081108447656,0.0,nan
77,0,0.08382191793633519,0.0,nan
77,1,0.07579718061087021,0.0,nan
77,2,0.8190466285396112,1.0,nan
77,3,0.07719757012083989,0.0,nan
77,4,0.06669218071008322,0.0,nan
77,5,0.10735719880209388,0.0,nan
77,6,0.09068629467486787,0.0,nan
77,7,0.16655735305649336,1.0,nan
77,8,0.06984788748247892,0.0,nan
77,9,0.164784282192612,1.0,nan
77,10,0.08958077930175781,0.0,nan
77,11,0.063841485344155,0.0,nan
77,12,1.6170396920037868,1.0,nan
77,13,0.10557111740012795,0.0,nan
77,14,0.14312479681441886,0.0,nan
77,15,0.15632808540122875,1.0,nan
77,16,0.10495844817426198,0.0,nan
77,17,0.11502406250335631,0.0,nan
77,18,0.08986048524126748,0.0,nan
77,19,0.09158889299353687,0.0,nan
77,20,0.10296214011029116,0.0,nan
77,21,0.07599447480822591,0.0,nan
77,22,0.13524645763325774,0.0,nan
77,23,0.11549735025652304,0.0,nan
77,24,0.020243778640690047,0.0,nan
77,25,0.0923671699187668,0.0,nan
77,26,0.09186421690804043,0.0,nan
77,27,0.31409073552474387,1.0,nan
77,28,0.15594901629755695,1.0,nan
77,29,0.0967621760813792,0.0,nan
77,30,0.2787461064411691,1.0,nan
77,31,0.058259052468170966,0.0,nan
77,32,0.013197309260846711,0.0,nan
77,33,0.11073265481267518,0.0,nan
77,34,0.34133970749024856,1.0,nan
77,35,0.08652351535638347,0.0,nan
77,36,0.2353926560996739,1.0,nan
77,37,0.12321938642109037,0.0,nan
77,38,0.0949138721272144,0.0,nan
77,39,0.18734479236218024,1.0,nan
77,40,0.10792150989510138,0.0,nan
77,41,0.07805653795464079,0.0,nan
77,42,0.17518057646681212,1.0,nan
77,43,0.022200945652412575,0.0,nan
77,44,0.12630633249343862,0.0,nan
77,45,0.08343832460879641,0.0,nan
77,46,0.04831490026771235,0.0,nan
77,47,0.11575046834276538,0.0,nan
77,48,11.459686877715013,1.0,nan
77,49,0.13723703486542102,0.0,nan
77,50,0.4509702420803848,1.0,nan
77,51,0.09531334796830439,0.0,nan
77,52,0.06402841520937408,0.0,nan
77,53,0.10332461386495993,0.0,nan
77,54,0.12125353100509481,0.0,nan
77,55,0.4912874952823326,1.0,nan
77,56,0.13794831661685508,0.0,nan
77,57,0.06903704410524691,0.0,nan
77,58,0.0958311542190683,0.0,nan
77,59,0.07369074656140055,0.0,nan
77,60,0.1822222736478533,1.0,nan
77,61,0.14047754390935221,0.0,nan
77,62,0.09240186557321675,0.0,nan
77,63,0.07705932018086831,0.0,nan
77,64,0.10259927295420584,0.0,nan
77,65,0.130608894942778,0.0,nan
77,66,0.14486813095236847,0.0,nan
77,67,0.09700101470923912,0.0,nan
77,68,0.1207189879158972,0.0,nan
77,69,0.12720263435185397,0.0,nan
77,70,0.2158298724768384,1.0,nan
77,71,0.47699844043321254,1.0,nan
77,72,0.07957365581172632,0.0,nan
77,73,0.07294949755888983,0.0,nan
77,74,0.11996970197834428,0.0,nan
77,75,0.10228144088673882,0.0,nan
77,76,0.5126499930135894,1.0,nan
77,77,0.07586647864966116,0.0,nan
77,78,0.19667494525988133,1.0,nan
77,79,0.09565986616419236,0.0,nan
77,80,0.10209211812880992,0.0,nan
77,81,0.10393687416108213,0.0,nan
77,82,0.05358320457043129,0.0,nan
77,83,0.11387832109001954,0.0,nan
77,84,0.1308768493242731,0.0,nan
77,85,0.08156957429629336,0.0,nan
77,86,0.10147611850446424,0.0,nan
77,87,0.9627421501740441,1.0,nan
77,88,0.1436438724451209,0.0,nan
77,89,0.06006245725338115,0.0,nan
77,90,0.08065283552559911,0.0,nan
77,91,0.050296058977618276,0.0,nan
77,92,0.06829406715387303,0.0,nan
77,93,0.06986133976378231,0.0,nan
77,94,0.06691174464308335,0.0,nan
77,95,0.19876459489052808,1.0,nan
77,96,0.08786038221462701,0.0,nan
77,97,0.22410496840449207,1.0,nan
77,98,0.3291396084223733,1.0,nan
77,99,0.095953545542673,0.0,nan
78,0,0.07389956716685353,0.0,nan
78,1,0.07580974322667183,0.0,nan
78,2,0.5557473019161482,1.0,nan
78,3,0.06779672028882737,0.0,nan
78,4,0.05555950614666403,0.0,nan
78,5,0.11398016550092537,0.0,nan
78,6,0.08269621702114768,0.0,nan
78,7,0.19719657016775896,1.0,nan
78,8,0.06835637758957078,0.0,nan
78,9,0.14052847779866331,0.0,nan
78,10,0.08131249077450493,0.0,nan
78,11,0.05707535346528396,0.0,nan
78,12,1.1504258309849247,1.0,nan
78,13,0.08643819999280976,0.0,nan
78,14,0.1667628070285124,1.0,nan
78,15,0.16284219998195923,1.0,nan
78,16,0.09610867519675596,0.0,nan
78,17,0.09104020823921448,0.0,nan
78,18,0.0765531515827642,0.0,nan
78,19,0.08273909843880943,0.0,nan
78,20,0.10354777511637073,0.0,nan
78,21,0.06891199060385808,0.0,nan
78,22,0.13383453112400107,0.0,nan
78,23,0.12169451723094721,0.0,nan
78,24,0.01587805991213347,0.0,nan
78,25,0.09080093289579529,0.0,nan
78,26,0.07523400482432888,0.0,nan
78,27,0.781673646647883,1.0,nan
78,28,0.17012606727511642,1.0,nan
78,29,0.08825044025189709,0.0,nan
78,30,0.4612187502316581,1.0,nan
78,31,0.050951390482948986,0.0,nan
78,32,0.011520299442760598,0.0,nan
78,33,0.09467245105374039,0.0,nan
78,34,0.28026814328399496,1.0,nan
78,35,0.07345249419068146,0.0,nan
78,36,0.12228398790046263,0.0,nan
78,37,0.10456922433063402,0.0,nan
78,38,0.08609289945977498,0.0,nan
78,39,0.1394648714260771,0.0,nan
78,40,0.09295218508984894,0.0,nan
78,41,0.07115056324904105,0.0,nan
78,42,0.19541135208263263,1.0,nan
78,43,0.031375172085082954,0.0,nan
78,44,0.11230482947336676,0.0,nan
78,45,0.07717455520496934,0.0,nan
78,46,0.03817102600486514,0.0,nan
78,47,0.10772085174015869,0.0,nan
78,48,7.227450741938648,1.0,nan
78,49,0.1555012540684137,1.0,nan
78,50,1.9113152834349525,1.0,nan
78,51,0.09631267104436152,0.0,nan
78,52,0.058289122508338106,0.0,nan
78,53,0.09411144248583211,0.0,nan
78,54,0.10787918996673454,0.0,nan
78,55,0.44090791556427406,1.0,nan
78,56,0.15029684118108755,0.0,nan
78,57,0.0613249144675056,0.0,nan
78,58,0.0950862065729797,0.0,nan
78,59,0.0665559322942192,0.0,nan
78,60,0.12256252028342338,0.0,nan
78,61,0.14885636643549777,0.0,nan
78,62,0.08206616071740454,0.0,nan
78,63,0.06602733855168416,0.0,nan
78,64,0.10856631658311516,0.0,nan
78,65,0.12112021679070757,0.0,nan
78,66,0.111541531108664,0.0,nan
78,67,0.10499538731732609,0.0,nan
78,68,0.1097572715136575,0.0,nan
78,69,0.14052346612260358,0.0,nan
78,70,0.11695912104512635,0.0,nan
78,71,0.6398244819867122,1.0,nan
78,72,0.07163614770410975,0.0,nan
78,73,0.06462422779260303,0.0,nan
78,74,0.1197058170525229,0.0,nan
78,75,0.09946332619744308,0.0,nan
78,76,0.49991799882568494,1.0,nan
78,77,0.06178484597315753,0.0,nan
78,78,0.1260055213904943,0.0,nan
78,79,0.08944027374338402,0.0,nan
78,80,0.09558385929219688,0.0,nan
78,81,0.1298562348430746,0.0,nan
78,82,0.043805927197078216,0.0,nan
78,83,0.10815974609939547,0.0,nan
78,84,0.11858451562621918,0.0,nan
78,85,0.07473783732862126,0.0,nan
78,86,0.11167323439970471,0.0,nan
78,87,0.46157813302760475,1.0,nan
78,88,0.114116537930593,0.0,nan
78,89,0.047318509455942404,0.0,nan
78,90,0.06677655443210373,0.0,nan
78,91,0.03371042750279231,0.0,nan
78,92,0.06136768307708936,0.0,nan
78,93,0.05479595401350138,0.0,nan
78,94,0.06189612764510109,0.0,nan
78,95,0.30375396911469577,1.0,nan
78,96,0.08188276586289138,0.0,nan
78,97,0.25527655773875846,1.0,nan
78,98,2.5879015403175845,1.0,nan
78,99,0.09504498691391235,0.0,nan
79,0,0.08549313849683846,0.0,nan
79,1,0.09067982920047449,0.0,nan
79,2,0.9403194425010452,1.0,nan
79,3,0.07685139049889983,0.0,nan
79,4,0.06479644143231605,0.0,nan
79,5,0.12727610189296826,0.0,nan
79,6,0.09475749647967807,0.0,nan
79,7,0.21682388654939974,1.0,nan
79,8,0.07900001431800868,0.0,nan
79,9,0.15314401075474743,1.0,nan
79,10,0.09422406973970707,0.0,nan
79,11,0.05784080647027108,0.0,nan
79,12,1.3120434660707538,1.0,nan
79,13,0.10123879110458706,0.0,nan
79,14,0.19462719043583077,1.0,nan
79,15,0.17738082144099715,1.0,nan
79,16,0.10883066977372272,0.0,nan
79,17,0.10323995210765599,0.0,nan
79,18,0.08202980099706848,0.0,nan
79,19,0.0952368929115428,0.0,nan
79,20,0.1187695950943689,0.0,nan
79,21,0.08222139668100244,0.0,nan
79,22,0.1579319759693818,1.0,nan
79,23,0.13940291679445477,0.0,nan
79,24,0.018232227016295108,0.0,nan
79,25,0.10557602943793666,0.0,nan
79,26,0.08459605970215144,0.0,nan
79,27,0.44983136930448175,1.0,nan
79,28,0.17775186476249707,1.0,nan
79,29,0.11497291461977248,0.0,nan
79,30,0.5093899935301177,1.0,nan
79,31,0.05734584986409235,0.0,nan
79,32,0.014762545446947915,0.0,nan
79,33,0.10925451729056394,0.0,nan
79,34,0.3696464605300968,1.0,nan
79,35,0.07837032575003437,0.0,nan
79,36,0.13132111054305728,0.0,nan
79,37,0.12166267872284939,0.0,nan
79,38,0.10106868656389004,0.0,nan
79,39,0.14605058367507115,0.0,nan
79,40,0.10401593518484546,0.0,nan
79,41,0.08207656298856975,0.0,nan
79,42,0.20767889765929487,1.0,nan
79,43,0.03309450715365334,0.0,nan
79,44,0.12762455569306336,0.0,nan
79,45,0.09274493405973466,0.0,nan
79,46,0.045040350185856115,0.0,nan
79,47,0.11876974528323042,0.0,nan
79,48,6.806653576987105,1.0,nan
79,49,0.19931813415983488,1.0,nan
79,50,1.3996184315468625,1.0,nan
79,51,0.09162811916640663,0.0,nan
79,52,0.06493944552897386,0.0,nan
79,53,0.10795366638289935,0.0,nan
79,54,0.11840469311652692,0.0,nan
79,55,0.4720914756292868,1.0,nan
79,56,0.16639687517768845,1.0,nan
79,57,0.06916565728444017,0.0,nan
79,58,0.11314115994687647,0.0,nan
79,59,0.07561368387194362,0.0,nan
79,60,0.13447765574315376,0.0,nan
79,61,0.1778964978802434,1.0,nan
79,62,0.09555899024034992,0.0,nan
79,63,0.07917291285461443,0.0,nan
79,64,0.12424727400636304,0.0,nan
79,65,0.1309710148176567,0.0,nan
79,66,0.12637799018547635,0.0,nan
79,67,0.10440252826600542,0.0,nan
79,68,0.12219751201927159,0.0,nan
79,69,0.17329463502114759,1.0,nan
79,70,0.11823901348493977,0.0,nan
79,71,0.5780700017255347,1.0,nan
79,72,0.08307532156766988,0.0,nan
79,73,0.07043156733423028,0.0,nan
79,74,0.13842711041606182,0.0,nan
79,75,0.11537266431240911,0.0,nan
79,76,0.3538266350001895,1.0,nan
79,77,0.06882679821670984,0.0,nan
79,78,0.14936634004808075,0.0,nan
79,79,0.10360459709974108,0.0,nan
79,80,0.1061960779203685,0.0,nan
79,81,0.15104521942918572,0.0,nan
79,82,0.051667383969994485,0.0,nan
79,83,0.1252880380249388,0.0,nan
79,84,0.1303341368795131,0.0,nan
79,85,0.08809423654644494,0.0,nan
79,86,0.12327024237720471,0.0,nan
79,87,0.48475775861820025,1.0,nan
79,88,0.12595504795949183,0.0,nan
79,89,0.0572110829367112,0.0,nan
79,90,0.07929723243400137,0.0,nan
79,91,0.04164961523850105,0.0,nan
79,92,0.07348881645525096,0.0,nan
79,93,0.06505311644966168,0.0,nan
79,94,0.07243013008231419,0.0,nan
79,95,0.35533807806788087,1.0,nan
79,96,0.09546324424288748,0.0,nan
79,97,0.25578665820365765,1.0,nan
79,98,2.742473153870195,1.0,nan
79,99,0.11245710254790306,0.0,nan
80,0,0.10198980763897868,0.0,nan
80,1,0.09622404909166052,0.0,nan
80,2,0.8655294784386327,1.0,nan
80,3,0.08667814791576829,0.0,nan
80,4,0.07673892566582557,0.0,nan
80,5,0.13558779928262668,0.0,nan
80,6,0.10504247147235697,0.0,nan
80,7,0.23789900075867476,1.0,nan
80,8,0.08655697017125118,0.0,nan
80,9,0.17874807715918847,1.0,nan
80,10,0.11924618236138375,0.0,nan
80,11,0.05908656748258804,0.0,nan
80,12,1.5540716847348666,1.0,nan
80,13,0.14811562540660522,0.0,nan
80,14,0.22179668177605144,1.0,nan
80,15,0.19010621734665528,1.0,nan
80,16,0.13197114864562243,0.0,nan
80,17,0.14688792815901913,0.0,nan
80,18,0.09448738815368553,0.0,nan
80,19,0.10550450362183814,0.0,nan
80,20,0.13239403222216267,0.0,nan
80,21,0.10466514666547573,0.0,nan
80,22,0.18206385019009294,1.0,nan
80,23,0.1575823525769544,1.0,nan
80,24,0.023827522638331433,0.0,nan
80,25,0.11777384694904412,0.0,nan
80,26,0.10379617245361006,0.0,nan
80,27,0.2733587778970901,1.0,nan
80,28,0.2385717113606371,1.0,nan
80,29,0.16828493618164375,1.0,nan
80,30,0.4538118806687198,1.0,nan
80,31,0.047586704853211474,0.0,nan
80,32,0.016990578938524393,0.0,nan
80,33,0.13160255571814172,0.0,nan
80,34,0.3673864230046612,1.0,nan
80,35,0.08125799027869783,0.0,nan
80,36,0.2054521657962275,1.0,nan
80,37,0.153872700310927,1.0,nan
80,38,0.11747768966567027,0.0,nan
80,39,0.20593665723971416,1.0,nan
80,40,0.12812552462133603,0.0,nan
80,41,0.09867152063058228,0.0,nan
80,42,0.2529968482150106,1.0,nan
80,43,0.02795763226068291,0.0,nan
80,44,0.14869831953969662,0.0,nan
80,45,0.11677389851610538,0.0,nan
80,46,0.05183220086362544,0.0,nan
80,47,0.12023426979555135,0.0,nan
80,48,8.07419320637115,1.0,nan
80,49,0.2491175279289358,1.0,nan
80,50,0.7125866109314883,1.0,nan
80,51,0.08594201172725427,0.0,nan
80,52,0.07783198375687679,0.0,nan
80,53,0.1321163954418351,0.0,nan
80,54,0.13602998266066524,0.0,nan
80,55,0.5386739192931093,1.0,nan
80,56,0.18293806955665154,1.0,nan
80,57,0.07221434664779292,0.0,nan
80,58,0.11964937114454571,0.0,nan
80,59,0.08289720174310315,0.0,nan
80,60,0.19969241324035017,1.0,nan
80,61,0.21631518377275866,1.0,nan
80,62,0.11953929882392852,0.0,nan
80,63,0.10759024901434056,0.0,nan
80,64,0.1475795392094862,0.0,nan
80,65,0.14954570619795884,0.0,nan
80,66,0.16064529927704668,1.0,nan
80,67,0.14040874932128805,0.0,nan
80,68,0.1589340442046049,1.0,nan
80,69,0.21239313093521842,1.0,nan
80,70,0.18732914636863018,1.0,nan
80,71,0.4287085103313325,1.0,nan
80,72,0.09371134623808411,0.0,nan
80,73,0.07987336408580815,0.0,nan
80,74,0.15555423113322325,1.0,nan
80,75,0.1441753270925749,0.0,nan
80,76,0.4098529231593417,1.0,nan
80,77,0.08345899421074897,0.0,nan
80,78,0.2888509930640778,1.0,nan
80,79,0.12947875675855147,0.0,nan
80,80,0.11766637816042205,0.0,nan
80,81,0.1573838538397161,1.0,nan
80,82,0.06280934375777276,0.0,nan
80,83,0.16081776729293648,1.0,nan
80,84,0.155545858132941,1.0,nan
80,85,0.10270695200011604,0.0,nan
80,86,0.11608031571837299,0.0,nan
80,87,0.4925066342853614,1.0,nan
80,88,0.19104137045839895,1.0,nan
80,89,0.06707700810091537,0.0,nan
80,90,0.10665626844840859,0.0,nan
80,91,0.06249266931761027,0.0,nan
80,92,0.10060095656192489,0.0,nan
80,93,0.06350698781477498,0.0,nan
80,94,0.0778454315216288,0.0,nan
80,95,0.3251599399987004,1.0,nan
80,96,0.11713277235179419,0.0,nan
80,97,0.25816982353368373,1.0,nan
80,98,1.6875051799838614,1.0,nan
80,99,0.15377241493463162,1.0,nan
81,0,0.07375925950131486,0.0,nan
81,1,0.07232123367317361,0.0,nan
81,2,0.4699347350273692,1.0,nan
81,3,0.071199739588092,0.0,nan
81,4,0.06198138434034754,0.0,nan
81,5,0.10350492251129902,0.0,nan
81,6,0.10132228487628481,0.0,nan
81,7,0.24774415058861224,1.0,nan
81,8,0.06856702403274013,0.0,nan
81,9,0.13645426190716606,0.0,nan
81,10,0.08169919128798728,0.0,nan
81,11,0.05664257755566383,0.0,nan
81,12,1.3378450781504683,1.0,nan
81,13,0.07537604270467281,0.0,nan
81,14,0.12041829386440812,0.0,nan
81,15,0.16711679054649042,1.0,nan
81,16,0.10109939170388967,0.0,nan
81,17,0.12932955292022,0.0,nan
81,18,0.07453945923459494,0.0,nan
81,19,0.08610394078472569,0.0,nan
81,20,0.09106208302922246,0.0,nan
81,21,0.06437601833228387,0.0,nan
81,22,0.1289579648779068,0.0,nan
81,23,0.10747647322269874,0.0,nan
81,24,0.018185991323495333,0.0,nan
81,25,0.08531670906866831,0.0,nan
81,26,0.07300647650041488,0.0,nan
81,27,0.9291749244261273,1.0,nan
81,28,0.11871048896948347,0.0,nan
81,29,0.07610999291141342,0.0,nan
81,30,0.25241259986262526,1.0,nan
81,31,0.06078077737810764,0.0,nan
81,32,0.013346092274903276,0.0,nan
81,33,0.10276437317472349,0.0,nan
81,34,0.1536042104082236,1.0,nan
81,35,0.08399996280803641,0.0,nan
81,36,0.1470336377203424,0.0,nan
81,37,0.10932003571622245,0.0,nan
81,38,0.08355038089320024,0.0,nan
81,39,0.19638498345662447,1.0,nan
81,40,0.09580749466347858,0.0,nan
81,41,0.07633327174429239,0.0,nan
81,42,0.15722618565867819,1.0,nan
81,43,0.023857210690617248,0.0,nan
81,44,0.11538621685222956,0.0,nan
81,45,0.08068575894170753,0.0,nan
81,46,0.04867070697507981,0.0,nan
81,47,0.11371217852560894,0.0,nan
81,48,7.012971406611154,1.0,nan
81,49,0.11889239126546743,0.0,nan
81,50,1.5525302944904005,1.0,nan
81,51,0.05851872025001703,0.0,nan
81,52,0.06100258572798761,0.0,nan
81,53,0.09086408304847417,0.0,nan
81,54,0.08517396057008644,0.0,nan
81,55,0.37247708401222845,1.0,nan
81,56,0.14105986809846527,0.0,nan
81,57,0.06292694594295475,0.0,nan
81,58,0.09058329192623435,0.0,nan
81,59,0.06721037940669172,0.0,nan
81,60,0.130250360080103,0.0,nan
81,61,0.1206577161411926,0.0,nan
81,62,0.08054798681920475,0.0,nan
81,63,0.0636627304419696,0.0,nan
81,64,0.10318810359785412,0.0,nan
81,65,0.1190612280320831,0.0,nan
81,66,0.1279891995153203,0.0,nan
81,67,0.20706382467210221,1.0,nan
81,68,0.09466656616458738,0.0,nan
81,69,0.10928525021562091,0.0,nan
81,70,0.11327675908620286,0.0,nan
81,71,0.4353691817879537,1.0,nan
81,72,0.07670691977509411,0.0,nan
81,73,0.06556920892940368,0.0,nan
81,74,0.10616396395090648,0.0,nan
81,75,0.08530046189571681,0.0,nan
81,76,0.44671260231648996,1.0,nan
81,77,0.06368669119359464,0.0,nan
81,78,0.11256728905549389,0.0,nan
81,79,0.08860028981337714,0.0,nan
81,80,0.10169503007779113,0.0,nan
81,81,0.10595553855100148,0.0,nan
81,82,0.05053465607177756,0.0,nan
81,83,0.08758817360913308,0.0,nan
81,84,0.10835360938637435,0.0,nan
81,85,0.08416950674421196,0.0,nan
81,86,0.1183339908043934,0.0,nan
81,87,0.7576310277239053,1.0,nan
81,88,0.12815673661229632,0.0,nan
81,89,0.03746542278241554,0.0,nan
81,90,0.06063219237155788,0.0,nan
81,91,0.0420150795999108,0.0,nan
81,92,0.06274456323675372,0.0,nan
81,93,0.04102054288848685,0.0,nan
81,94,0.06481733899216528,0.0,nan
81,95,0.1441287163517642,0.0,nan
81,96,0.07614476823821381,0.0,nan
81,97,0.22898782027458342,1.0,nan
81,98,4.505900548243901,1.0,nan
81,99,0.07372107987830465,0.0,nan
82,0,0.09451512165234709,0.0,nan
82,1,0.08876973093017732,0.0,nan
82,2,0.7134991746476336,1.0,nan
82,3,0.0818744305931473,0.0,nan
82,4,0.07372708035179393,0.0,nan
82,5,0.1369820669349267,0.0,nan
82,6,0.1170814917576631,0.0,nan
82,7,0.2444510484209804,1.0,nan
82,8,0.08405079273608923,0.0,nan
82,9,0.18089947272173293,1.0,nan
82,10,0.1147491637877617,0.0,nan
82,11,0.05654822932911846,0.0,nan
82,12,1.3911577778165187,1.0,nan
82,13,0.1567473046903919,1.0,nan
82,14,0.20331103057182445,1.0,nan
82,15,0.19033478092297013,1.0,nan
82,16,0.12410446705533103,0.0,nan
82,17,0.14423624894959053,0.0,nan
82,18,0.09026357753594899,0.0,nan
82,19,0.09883926810972324,0.0,nan
82,20,0.12641791863280594,0.0,nan
82,21,0.09917603807820857,0.0,nan
82,22,0.17298422777023514,1.0,nan
82,23,0.1558171118792992,1.0,nan
82,24,0.018899656763615918,0.0,nan
82,25,0.1201071203889972,0.0,nan
82,26,0.09967258667134354,0.0,nan
82,27,0.342523093293234,1.0,nan
82,28,0.27709746829420795,1.0,nan
82,29,0.15382027839546844,1.0,nan
82,30,0.4660243350976892,1.0,nan
82,31,0.061136085168061016,0.0,nan
82,32,0.013561914456291253,0.0,nan
82,33,0.12406899004622181,0.0,nan
82,34,0.3500957236333786,1.0,nan
82,35,0.07521802772603882,0.0,nan
82,36,0.2105892210600505,1.0,nan
82,37,0.1530002206597798,1.0,nan
82,38,0.11647399863780496,0.0,nan
82,39,0.22548413952552146,1.0,nan
82,40,0.12756155196624824,0.0,nan
82,41,0.10031975240855817,0.0,nan
82,42,0.29005359068092856,1.0,nan
82,43,0.026416879634061932,0.0,nan
82,44,0.15051651592390355,0.0,nan
82,45,0.1098958142861592,0.0,nan
82,46,0.049412927612466954,0.0,nan
82,47,0.11821653235647475,0.0,nan
82,48,6.683694905110737,1.0,nan
82,49,0.29385714285112535,1.0,nan
82,50,0.6712790557168311,1.0,nan
82,51,0.0745426267570349,0.0,nan
82,52,0.07177041554055213,0.0,nan
82,53,0.12914758815527042,0.0,nan
82,54,0.12700417793133056,0.0,nan
82,55,0.19266113929224657,1.0,nan
82,56,0.17694590248038075,1.0,nan
82,57,0.0663551403841236,0.0,nan
82,58,0.11473060990520859,0.0,nan
82,59,0.07544475725054343,0.0,nan
82,60,0.21642404213744043,1.0,nan
82,61,0.22428032385845184,1.0,nan
82,62,0.12041299339396984,0.0,nan
82,63,0.10115482449312128,0.0,nan
82,64,0.14159684723379512,0.0,nan
82,65,0.15147727369056552,0.0,nan
82,66,0.16756293606347544,1.0,nan
82,67,0.2408270509012135,1.0,nan
82,68,0.16437412221524178,1.0,nan
82,69,0.26080536591496706,1.0,nan
82,70,0.1855783710837624,1.0,nan
82,71,0.3481003742356221,1.0,nan
82,72,0.10243244065587999,0.0,nan
82,73,0.07338877430426964,0.0,nan
82,74,0.14229440143169628,0.0,nan
82,75,0.13870327885724124,0.0,nan
82,76,0.44872318282179396,1.0,nan
82,77,0.08342482246734952,0.0,nan
82,78,0.33439951963881326,1.0,nan
82,79,0.12479405851564473,0.0,nan
82,80,0.11494003728786605,0.0,nan
82,81,0.18791734687907838,1.0,nan
82,82,0.058893902461808104,0.0,nan
82,83,0.16661686726111521,1.0,nan
82,84,0.15871355250866745,1.0,nan
82,85,0.09939248013368666,0.0,nan
82,86,0.11204931461154552,0.0,nan
82,87,0.5569210769579653,1.0,nan
82,88,0.19386079225852615,1.0,nan
82,89,0.058615347333162746,0.0,nan
82,90,0.10336137846615115,0.0,nan
82,91,0.06907223039064372,0.0,nan
82,92,0.09215988749348637,0.0,nan
82,93,0.04896464850700172,0.0,nan
82,94,0.07036438610163291,0.0,nan
82,95,0.2737159880134357,1.0,nan
82,96,0.1181015737210828,0.0,nan
82,97,0.24797778318335945,1.0,nan
82,98,2.9436738577354284,1.0,nan
82,99,0.14197944040548416,0.0,nan
83,0,0.06268629561114693,0.0,nan
83,1,0.05052943868352729,0.0,nan
83,2,0.27833624053761646,1.0,nan
83,3,0.05262647371414827,0.0,nan
83,4,0.045298344106538393,0.0,nan
83,5,0.09178013196113978,0.0,nan
83,6,0.08348738274883065,0.0,nan
83,7,0.1898179009540473,1.0,nan
83,8,0.055649765817763285,0.0,nan
83,9,0.16679646411490448,1.0,nan
83,10,0.07917393700142708,0.0,nan
83,11,0.04205005474851649,0.0,nan
83,12,1.2525980404343817,1.0,nan
83,13,0.10455479094176066,0.0,nan
83,14,0.12937537851246064,0.0,nan
83,15,0.14136211929892725,0.0,nan
83,16,0.10098812626815566,0.0,nan
83,17,0.10287120092368794,0.0,nan
83,18,0.058461771890743905,0.0,nan
83,19,0.06385422792860435,0.0,nan
83,20,0.08536779719014499,0.0,nan
83,21,0.0642813661255033,0.0,nan
83,22,0.15537819442625914,1.0,nan
83,23,0.08697415599500999,0.0,nan
83,24,0.024880719761721255,0.0,nan
83,25,0.07156512446034904,0.0,nan
83,26,0.08002434586838827,0.0,nan
83,27,1.6348832888753282,1.0,nan
83,28,0.2014731791878891,1.0,nan
83,29,0.06986465392430115,0.0,nan
83,30,0.23152804727992907,1.0,nan
83,31,0.036303536795209694,0.0,nan
83,32,0.008487427790011472,0.0,nan
83,33,0.08268491997548279,0.0,nan
83,34,0.08344114257126513,0.0,nan
83,35,0.05849378650567147,0.0,nan
83,36,0.17725362913378592,1.0,nan
83,37,0.09573086091180812,0.0,nan
83,38,0.07224074262212656,0.0,nan
83,39,0.324115738525048,1.0,nan
83,40,0.07614355082625875,0.0,nan
83,41,0.08020209312044228,0.0,nan
83,42,0.21318464738765444,1.0,nan
83,43,0.015469813182730123,0.0,nan
83,44,0.12921197237275114,0.0,nan
83,45,0.09556380475918909,0.0,nan
83,46,0.032417337173453624,0.0,nan
83,47,0.09110387508749379,0.0,nan
83,48,7.201539553222727,1.0,nan
83,49,0.16791185264270161,1.0,nan
83,50,2.922067105766667,1.0,nan
83,51,0.04000619472164358,0.0,nan
83,52,0.0445820418595305,0.0,nan
83,53,0.09518552202147432,0.0,nan
83,54,0.08174449782647587,0.0,nan
83,55,0.4032301044126907,1.0,nan
83,56,0.09863883101968603,0.0,nan
83,57,0.05190144667295961,0.0,nan
83,58,0.09636398010555343,0.0,nan
83,59,0.0559848510966518,0.0,nan
83,60,0.18646683846306386,1.0,nan
83,61,0.1534414234673377,1.0,nan
83,62,0.079631878099975,0.0,nan
83,63,0.06983209895367501,0.0,nan
83,64,0.11298931357661156,0.0,nan
83,65,0.11909900870727001,0.0,nan
83,66,0.10876108403953187,0.0,nan
83,67,0.11027512649754248,0.0,nan
83,68,0.12316641990048008,0.0,nan
83,69,0.13286826724695422,0.0,nan
83,70,0.15581910106764232,1.0,nan
83,71,0.3714489618533515,1.0,nan
83,72,0.0851671216846555,0.0,nan
83,73,0.05410146758468189,0.0,nan
83,74,0.10652535988228191,0.0,nan
83,75,0.0843452275428864,0.0,nan
83,76,0.49532834425976824,1.0,nan
83,77,0.04587317390274501,0.0,nan
83,78,0.22971440564658285,1.0,nan
83,79,0.089990430945441,0.0,nan
83,80,0.08384739615565678,0.0,nan
83,81,0.09894764939478318,0.0,nan
83,82,0.03940148693685771,0.0,nan
83,83,0.10786370954646908,0.0,nan
83,84,0.11267634268510034,0.0,nan
83,85,0.0580487837085667,0.0,nan
83,86,0.08188161315522129,0.0,nan
83,87,0.3519899762359017,1.0,nan
83,88,0.17992285167376842,1.0,nan
83,89,0.029360731425379906,0.0,nan
83,90,0.060279442983630194,0.0,nan
83,91,0.03752374151241785,0.0,nan
83,92,0.07451605534757262,0.0,nan
83,93,0.025734730310935663,0.0,nan
83,94,0.04088135584827336,0.0,nan
83,95,0.17623868096887482,1.0,nan
83,96,0.07046328264130304,0.0,nan
83,97,0.22125400448214927,1.0,nan
83,98,3.8040841459898425,1.0,nan
83,99,0.07595130905262097,0.0,nan
84,0,0.06590727891079787,0.0,nan
84,1,0.05182585309941905,0.0,nan
84,2,0.5061472872280266,1.0,nan
84,3,0.06223817974123704,0.0,nan
84,4,0.05203680828782611,0.0,nan
84,5,0.09555239337505518,0.0,nan
84,6,0.08247642209340013,0.0,nan
84,7,0.18362255647210055,1.0,nan
84,8,0.057445912681036757,0.0,nan
84,9,0.14722669199503613,0.0,nan
84,10,0.07423926780872304,0.0,nan
84,11,0.09269549278171116,0.0,nan
84,12,0.9748491832400618,1.0,nan
84,13,0.09036199548380962,0.0,nan
84,14,0.1531725704667419,1.0,nan
84,15,0.1468050309689538,0.0,nan
84,16,0.08588436454526967,0.0,nan
84,17,0.07790967837429928,0.0,nan
84,18,0.059527644700785316,0.0,nan
84,19,0.07807097705938386,0.0,nan
84,20,0.07540462893957649,0.0,nan
84,21,0.06332248681211647,0.0,nan
84,22,0.13096707124993848,0.0,nan
84,23,0.1156569630819673,0.0,nan
84,24,0.04398127904884712,0.0,nan
84,25,0.07629445002034822,0.0,nan
84,26,0.08038338507843955,0.0,nan
84,27,0.6024288980692818,1.0,nan
84,28,0.15279757950322265,1.0,nan
84,29,0.0748825146515171,0.0,nan
84,30,0.27342116263804794,1.0,nan
84,31,0.036045497691305606,0.0,nan
84,32,0.008710488078208206,0.0,nan
84,33,0.09099406092555774,0.0,nan
84,34,0.20039620509198244,1.0,nan
84,35,0.0699618717626743,0.0,nan
84,36,0.17458114911382944,1.0,nan
84,37,0.0979502599498166,0.0,nan
84,38,0.0871107464996103,0.0,nan
84,39,0.12860863471025902,0.0,nan
84,40,0.08446802830204889,0.0,nan
84,41,0.07139101868286248,0.0,nan
84,42,0.13638105285482524,0.0,nan
84,43,0.020092906955512795,0.0,nan
84,44,0.19705161902782312,1.0,nan
84,45,0.07223505206228845,0.0,nan
84,46,0.036157472262870305,0.0,nan
84,47,0.0971065665356534,0.0,nan
84,48,7.772978824494388,1.0,nan
84,49,0.14391248344468247,0.0,nan
84,50,1.1026741294309101,1.0,nan
84,51,0.041151570118207755,0.0,nan
84,52,0.047070441378674555,0.0,nan
84,53,0.08501907346531877,0.0,nan
84,54,0.0835826895385087,0.0,nan
84,55,0.4300469721291575,1.0,nan
84,56,0.13925519843991702,0.0,nan
84,57,0.05147747517603649,0.0,nan
84,58,0.08245828681104321,0.0,nan
84,59,0.057962002392325754,0.0,nan
84,60,0.1312628109146658,0.0,nan
84,61,0.12777962041032231,0.0,nan
84,62,0.08014505120098743,0.0,nan
84,63,0.07684701872918702,0.0,nan
84,64,0.08582957357156565,0.0,nan
84,65,0.12434369451070472,0.0,nan
84,66,0.09877370722336827,0.0,nan
84,67,0.19354494384984666,1.0,nan
84,68,0.10912473507532425,0.0,nan
84,69,0.12533457041558213,0.0,nan
84,70,0.15023096476774533,0.0,nan
84,71,0.5287528940919198,1.0,nan
84,72,0.10263436193482717,0.0,nan
84,73,0.06098299007122653,0.0,nan
84,74,0.1243860458609165,0.0,nan
84,75,0.09010069905225848,0.0,nan
84,76,0.5498468564483299,1.0,nan
84,77,0.05337394377609806,0.0,nan
84,78,0.14421045719246944,0.0,nan
84,79,0.08099375451053585,0.0,nan
84,80,0.07879826513659505,0.0,nan
84,81,0.14687424518535686,0.0,nan
84,82,0.04295451583772131,0.0,nan
84,83,0.10759442163786577,0.0,nan
84,84,0.09561950866649335,0.0,nan
84,85,0.07183077636288793,0.0,nan
84,86,0.0858713545129584,0.0,nan
84,87,2.0084965549102667,1.0,nan
84,88,0.10659140214469916,0.0,nan
84,89,0.032085374029278246,0.0,nan
84,90,0.06734148702994071,0.0,nan
84,91,0.0347523010627679,0.0,nan
84,92,0.0536442767175137,0.0,nan
84,93,0.02656692268289302,0.0,nan
84,94,0.0635827240176288,0.0,nan
84,95,0.19224247864802255,1.0,nan
84,96,0.06463567159690384,0.0,nan
84,97,0.24578649602361244,1.0,nan
84,98,0.9022230279493914,1.0,nan
84,99,0.056284043363936276,0.0,nan
85,0,0.06403530950203043,0.0,nan
85,1,0.05011331642076551,0.0,nan
85,2,0.21676921780726655,1.0,nan
85,3,0.06366737089322827,0.0,nan
85,4,0.05269657535637494,0.0,nan
85,5,0.08861822307171133,0.0,nan
85,6,0.07718805660233467,0.0,nan
85,7,0.15655996802738567,1.0,nan
85,8,0.05716301949419165,0.0,nan
85,9,0.15660041778664496,1.0,nan
85,10,0.07315178881979575,0.0,nan
85,11,0.08070312586801215,0.0,nan
85,12,1.3668074507330206,1.0,nan
85,13,0.0857511532568004,0.0,nan
85,14,0.11464457310394052,0.0,nan
85,15,0.12294265641614216,0.0,nan
85,16,0.09040502966021947,0.0,nan
85,17,0.07682990524092241,0.0,nan
85,18,0.05801114338112867,0.0,nan
85,19,0.08378364470417296,0.0,nan
85,20,0.08206023909444474,0.0,nan
85,21,0.059790285488330416,0.0,nan
85,22,0.10994432618391092,0.0,nan
85,23,0.10072266086827723,0.0,nan
85,24,0.03568761780374488,0.0,nan
85,25,0.06808997844579592,0.0,nan
85,26,0.08227109548242573,0.0,nan
85,27,1.0689532931633448,1.0,nan
85,28,0.1414054362116902,0.0,nan
85,29,0.0641265770171117,0.0,nan
85,30,0.2440120242943243,1.0,nan
85,31,0.03745725372167805,0.0,nan
85,32,0.010152944801465795,0.0,nan
85,33,0.08960665160827655,0.0,nan
85,34,0.12989917730717973,0.0,nan
85,35,0.08005224944460687,0.0,nan
85,36,0.24799762327014999,1.0,nan
85,37,0.08787739245290772,0.0,nan
85,38,0.0826722640669592,0.0,nan
85,39,0.14157750024173155,0.0,nan
85,40,0.0753016434197228,0.0,nan
85,41,0.0653117275444289,0.0,nan
85,42,0.127631165944754,0.0,nan
85,43,0.025807079476599572,0.0,nan
85,44,0.20998887075056488,1.0,nan
85,45,0.09645819434864272,0.0,nan
85,46,0.03847318778458218,0.0,nan
85,47,0.09461976951025666,0.0,nan
85,48,6.849426274681274,1.0,nan
85,49,0.11623199220359975,0.0,nan
85,50,3.0983876380468454,1.0,nan
85,51,0.03240314063034578,0.0,nan
85,52,0.046352690778627574,0.0,nan
85,53,0.08768010568371405,0.0,nan
85,54,0.08573983364977397,0.0,nan
85,55,0.43399116636034263,1.0,nan
85,56,0.10217859318982044,0.0,nan
85,57,0.06168528552902123,0.0,nan
85,58,0.07224130245289616,0.0,nan
85,59,0.0661092021073822,0.0,nan
85,60,0.14608687437618423,0.0,nan
85,61,0.1125901865208516,0.0,nan
85,62,0.07300609300302335,0.0,nan
85,63,0.0709748142584551,0.0,nan
85,64,0.0744458368812764,0.0,nan
85,65,0.11082004060875422,0.0,nan
85,66,0.10235592416793898,0.0,nan
85,67,0.24082987230733618,1.0,nan
85,68,0.10077768808504678,0.0,nan
85,69,0.09377747592083854,0.0,nan
85,70,0.2501072289482968,1.0,nan
85,71,0.32007386818757316,1.0,nan
85,72,0.09034956907598349,0.0,nan
85,73,0.06604673517482293,0.0,nan
85,74,0.11641649655095472,0.0,nan
85,75,0.07928811577112119,0.0,nan
85,76,0.5942251125397536,1.0,nan
85,77,0.04747959613454441,0.0,nan
85,78,0.15015297359320223,0.0,nan
85,79,0.07884059434080007,0.0,nan
85,80,0.07595954825155282,0.0,nan
85,81,0.0912673102849381,0.0,nan
85,82,0.04441130567071123,0.0,nan
85,83,0.09209440010693169,0.0,nan
85,84,0.09116818335831828,0.0,nan
85,85,0.06840389313329691,0.0,nan
85,86,0.08143482246054203,0.0,nan
85,87,1.685505381197152,1.0,nan
85,88,0.12894698534470098,0.0,nan
85,89,0.0296444653370491,0.0,nan
85,90,0.06517353326016151,0.0,nan
85,91,0.030700394807109982,0.0,nan
85,92,0.058477490813164196,0.0,nan
85,93,0.02177603021603645,0.0,nan
85,94,0.06595637904024677,0.0,nan
85,95,0.15308905485633495,1.0,nan
85,96,0.0633138730138142,0.0,nan
85,97,0.26109179914484404,1.0,nan
85,98,0.8307387544963376,1.0,nan
85,99,0.05626207596871116,0.0,nan
86,0,0.101278379379927,0.0,nan
86,1,0.08276434878420964,0.0,nan
86,2,0.3176224273411747,1.0,nan
86,3,0.07603641084450122,0.0,nan
86,4,0.07385391631415913,0.0,nan
86,5,0.12444580796122723,0.0,nan
86,6,0.09615450645087578,0.0,nan
86,7,0.22503980850833497,1.0,nan
86,8,0.07986237100982774,0.0,nan
86,9,0.20880485818400696,1.0,nan
86,10,0.12645060941855052,0.0,nan
86,11,0.07905538963997631,0.0,nan
86,12,1.8772629414547675,1.0,nan
86,13,0.2211819981869965,1.0,nan
86,14,0.2304683158889123,1.0,nan
86,15,0.18069413653516211,1.0,nan
86,16,0.12965643836657384,0.0,nan
86,17,0.17097798372120782,1.0,nan
86,18,0.08323811733805472,0.0,nan
86,19,0.11222346672730624,0.0,nan
86,20,0.12953530991265091,0.0,nan
86,21,0.10899397145440141,0.0,nan
86,22,0.18743271810167364,1.0,nan
86,23,0.15401798358729007,1.0,nan
86,24,0.08264144688135348,0.0,nan
86,25,0.10814636222293908,0.0,nan
86,26,0.12007130360947649,0.0,nan
86,27,0.19585503711515362,1.0,nan
86,28,0.332521465125056,1.0,nan
86,29,0.12707121484886605,0.0,nan
86,30,0.3436365240741926,1.0,nan
86,31,0.05241662586129728,0.0,nan
86,32,0.011174282901643429,0.0,nan
86,33,0.13143748017535584,0.0,nan
86,34,0.14550722455102974,0.0,nan
86,35,0.07283801785799966,0.0,nan
86,36,0.33253663871232436,1.0,nan
86,37,0.1715855893791266,1.0,nan
86,38,0.1357257447832224,0.0,nan
86,39,0.28065571859282645,1.0,nan
86,40,0.12290255165986858,0.0,nan
86,41,0.1003413857997253,0.0,nan
86,42,0.25696461358077594,1.0,nan
86,43,0.021852188790657427,0.0,nan
86,44,0.20721985334723278,1.0,nan
86,45,0.12552751938173476,0.0,nan
86,46,0.044428150681537666,0.0,nan
86,47,0.10634945751074797,0.0,nan
86,48,11.230267339508028,1.0,nan
86,49,0.24675571583232847,1.0,nan
86,50,0.4093696835228888,1.0,nan
86,51,0.0402082652842335,0.0,nan
86,52,0.07141166764712603,0.0,nan
86,53,0.13387461149452382,0.0,nan
86,54,0.13619605397694898,0.0,nan
86,55,0.4626455284900851,1.0,nan
86,56,0.15425244005112287,1.0,nan
86,57,0.061415293072732274,0.0,nan
86,58,0.11805379051074347,0.0,nan
86,59,0.07297191172161852,0.0,nan
86,60,0.2967438191468881,1.0,nan
86,61,0.1906151356246593,1.0,nan
86,62,0.13102180767821914,0.0,nan
86,63,0.13268583005613913,0.0,nan
86,64,0.1284359512950973,0.0,nan
86,65,0.16728416778664176,1.0,nan
86,66,0.16409613355598146,1.0,nan
86,67,0.1744270321117237,1.0,nan
86,68,0.20213889866970125,1.0,nan
86,69,0.2455585663073571,1.0,nan
86,70,0.2776548412714232,1.0,nan
86,71,0.29479228453902806,1.0,nan
86,72,0.11936138490830228,0.0,nan
86,73,0.07865892443071866,0.0,nan
86,74,0.16818095916854447,1.0,nan
86,75,0.1571434002809352,1.0,nan
86,76,0.28298239519603685,1.0,nan
86,77,0.09080268527165566,0.0,nan
86,78,0.5807775037924855,1.0,nan
86,79,0.13992542136841105,0.0,nan
86,80,0.09689773947559031,0.0,nan
86,81,0.18185813513056748,1.0,nan
86,82,0.04907971191803206,0.0,nan
86,83,0.20304175877704964,1.0,nan
86,84,0.15734880539885465,1.0,nan
86,85,0.0850965701354715,0.0,nan
86,86,0.09771287745703314,0.0,nan
86,87,0.7492294925634534,1.0,nan
86,88,0.2733536654965806,1.0,nan
86,89,0.053200344825212166,0.0,nan
86,90,0.13908159681724197,0.0,nan
86,91,0.0913255871471439,0.0,nan
86,92,0.11082889394836828,0.0,nan
86,93,0.0241806626034719,0.0,nan
86,94,0.08871922224206696,0.0,nan
86,95,0.3119202702927846,1.0,nan
86,96,0.11030430351160586,0.0,nan
86,97,0.24270691122705493,1.0,nan
86,98,0.5791590063136377,1.0,nan
86,99,0.14438376477436057,0.0,nan
87,0,0.06395497977897042,0.0,nan
87,1,0.043406015931003926,0.0,nan
87,2,0.14817125751865726,0.0,nan
87,3,0.0475468027239774,0.0,nan
87,4,0.04884177230026867,0.0,nan
87,5,0.08367379992107103,0.0,nan
87,6,0.06546531242063111,0.0,nan
87,7,0.11865117815462503,0.0,nan
87,8,0.054070940536855086,0.0,nan
87,9,0.18737435517930925,1.0,nan
87,10,0.08418702762998173,0.0,nan
87,11,0.05070568964253099,0.0,nan
87,12,1.1954832713535695,1.0,nan
87,13,0.09916220241319794,0.0,nan
87,14,0.11763566666013119,0.0,nan
87,15,0.11577389592307111,0.0,nan
87,16,0.08950741698267485,0.0,nan
87,17,0.07455682759693659,0.0,nan
87,18,0.0546593160215907,0.0,nan
87,19,0.07453435198866216,0.0,nan
87,20,0.09335200847460623,0.0,nan
87,21,0.05795850845258752,0.0,nan
87,22,0.11217743114620653,0.0,nan
87,23,0.08492619289177167,0.0,nan
87,24,0.02222931285740954,0.0,nan
87,25,0.06448521168941318,0.0,nan
87,26,0.08524280434555874,0.0,nan
87,27,1.121631452250747,1.0,nan
87,28,0.1340489542752464,0.0,nan
87,29,0.05642246959220426,0.0,nan
87,30,0.2500577844747556,1.0,nan
87,31,0.029288990098276443,0.0,nan
87,32,0.008139694552976364,0.0,nan
87,33,0.08290542900084295,0.0,nan
87,34,0.3907667765923809,1.0,nan
87,35,0.06402884485350564,0.0,nan
87,36,0.3358718473191562,1.0,nan
87,37,0.09172091260134621,0.0,nan
87,38,0.0945442415153248,0.0,nan
87,39,0.23380881199600936,1.0,nan
87,40,0.07351578358750274,0.0,nan
87,41,0.061467753210385126,0.0,nan
87,42,0.15271858746118,1.0,nan
87,43,0.0241704358912664,0.0,nan
87,44,0.16248583834983024,1.0,nan
87,45,0.17497579039072317,1.0,nan
87,46,0.03204284116440153,0.0,nan
87,47,0.08089066412920853,0.0,nan
87,48,3.4846334782213435,1.0,nan
87,49,0.09792149526799074,0.0,nan
87,50,5.07840237705691,1.0,nan
87,51,0.029461781054662906,0.0,nan
87,52,0.045048816780249,0.0,nan
87,53,0.09465231307520676,0.0,nan
87,54,0.07700461512179883,0.0,nan
87,55,0.371252271361633,1.0,nan
87,56,0.07286345771316442,0.0,nan
87,57,0.06306386844915274,0.0,nan
87,58,0.07052268793042717,0.0,nan
87,59,0.0662262692650013,0.0,nan
87,60,0.18589042468331948,1.0,nan
87,61,0.0835843120564797,0.0,nan
87,62,0.07647285437874653,0.0,nan
87,63,0.08350765911051691,0.0,nan
87,64,0.06879452698145935,0.0,nan
87,65,0.12171351278518859,0.0,nan
87,66,0.11544347358870387,0.0,nan
87,67,0.07323296705143015,0.0,nan
87,68,0.10606394448348687,0.0,nan
87,69,0.1137853971226168,0.0,nan
87,70,0.26200092340994385,1.0,nan
87,71,0.30023025426462435,1.0,nan
87,72,0.08067358742091676,0.0,nan
87,73,0.05908738721053521,0.0,nan
87,74,0.11015471543659205,0.0,nan
87,75,0.08115956165630432,0.0,nan
87,76,0.6748036810765825,1.0,nan
87,77,0.044380808496080976,0.0,nan
87,78,0.1941272505158204,1.0,nan
87,79,0.09412896275903815,0.0,nan
87,80,0.057630165824469025,0.0,nan
87,81,0.0768830227850661,0.0,nan
87,82,0.03934824857441282,0.0,nan
87,83,0.0953450381387706,0.0,nan
87,84,0.08820225044715917,0.0,nan
87,85,0.05114048549189442,0.0,nan
87,86,0.07612752785977432,0.0,nan
87,87,0.8072583993210709,1.0,nan
87,88,0.13223313223384184,0.0,nan
87,89,0.028309559941074206,0.0,nan
87,90,0.05956770545514184,0.0,nan
87,91,0.029944351292302152,0.0,nan
87,92,0.06251310237582004,0.0,nan
87,93,0.025770687549869702,0.0,nan
87,94,0.04138274334788484,0.0,nan
87,95,0.14914897108478326,0.0,nan
87,96,0.05687250485881145,0.0,nan
87,97,0.17893171615597517,1.0,nan
87,98,1.1166957513385416,1.0,nan
87,99,0.05492017888512394,0.0,nan
88,0,0.061388867122119675,0.0,nan
88,1,0.041129280720257545,0.0,nan
88,2,0.18376435020978052,1.0,nan
88,3,0.048608152809806904,0.0,nan
88,4,0.046177147095775584,0.0,nan
88,5,0.08359856780799567,0.0,nan
88,6,0.07133822327427239,0.0,nan
88,7,0.14333994781789783,0.0,nan
88,8,0.047960181100911846,0.0,nan
88,9,0.15811876075703576,1.0,nan
88,10,0.07644636008871564,0.0,nan
88,11,0.08987113703968942,0.0,nan
88,12,0.47570786640733026,1.0,nan
88,13,0.09341869513585695,0.0,nan
88,14,0.12089334958412787,0.0,nan
88,15,0.11076903251037616,0.0,nan
88,16,0.08443994339762873,0.0,nan
88,17,0.07660064039751996,0.0,nan
88,18,0.05780661845442167,0.0,nan
88,19,0.06285158358920342,0.0,nan
88,20,0.07708053951176028,0.0,nan
88,21,0.0559001228131178,0.0,nan
88,22,0.09736134535143581,0.0,nan
88,23,0.08715787848387618,0.0,nan
88,24,0.017752530082039582,0.0,nan
88,25,0.061447211257194816,0.0,nan
88,26,0.07977489232246325,0.0,nan
88,27,0.717435212890254,1.0,nan
88,28,0.13106745735706377,0.0,nan
88,29,0.05643431815996488,0.0,nan
88,30,0.47623148076546973,1.0,nan
88,31,0.031276594332806856,0.0,nan
88,32,0.008686571018776708,0.0,nan
88,33,0.07482194650096105,0.0,nan
88,34,0.5948790263429045,1.0,nan
88,35,0.06415001366661852,0.0,nan
88,36,0.46696396789078193,1.0,nan
88,37,0.08266152299854779,0.0,nan
88,38,0.07533382753854509,0.0,nan
88,39,0.19634263035849217,1.0,nan
88,40,0.0666117292472157,0.0,nan
88,41,0.06272597161654864,0.0,nan
88,42,0.13223129470142625,0.0,nan
88,43,0.03128292874100654,0.0,nan
88,44,0.1722835676353256,1.0,nan
88,45,0.17553246709486622,1.0,nan
88,46,0.02828095788814924,0.0,nan
88,47,0.07802596871034853,0.0,nan
88,48,3.6327835866905356,1.0,nan
88,49,0.09652561241443258,0.0,nan
88,50,6.346450611428401,1.0,nan
88,51,0.03174135375382451,0.0,nan
88,52,0.04166638764941186,0.0,nan
88,53,0.08385763380517693,0.0,nan
88,54,0.0759448864969772,0.0,nan
88,55,0.42311344877779583,1.0,nan
88,56,0.08236885569470198,0.0,nan
88,57,0.07071964529269127,0.0,nan
88,58,0.06993627739554409,0.0,nan
88,59,0.07673727353649669,0.0,nan
88,60,0.15017389699458675,0.0,nan
88,61,0.08546972756128782,0.0,nan
88,62,0.06894199260221051,0.0,nan
88,63,0.08389803782847485,0.0,nan
88,64,0.0674866399723317,0.0,nan
88,65,0.10254662464225338,0.0,nan
88,66,0.10209825791105592,0.0,nan
88,67,0.0428071838921523,0.0,nan
88,68,0.10375233263778551,0.0,nan
88,69,0.10449344925826225,0.0,nan
88,70,0.3259603190846523,1.0,nan
88,71,0.32223730972901876,1.0,nan
88,72,0.08982075182750802,0.0,nan
88,73,0.05894495714273795,0.0,nan
88,74,0.10055355022870792,0.0,nan
88,75,0.07834606081352623,0.0,nan
88,76,0.6960834865820954,1.0,nan
88,77,0.041547926059647244,0.0,nan
88,78,0.18158182497822223,1.0,nan
88,79,0.07936859349576543,0.0,nan
88,80,0.05642980128433583,0.0,nan
88,81,0.0881607659065271,0.0,nan
88,82,0.030578520857219967,0.0,nan
88,83,0.09180562444345015,0.0,nan
88,84,0.08146921402310246,0.0,nan
88,85,0.04995240342690901,0.0,nan
88,86,0.07514939573799352,0.0,nan
88,87,1.213896503120777,1.0,nan
88,88,0.13642171298649722,0.0,nan
88,89,0.026898259679005346,0.0,nan
88,90,0.05868027579467008,0.0,nan
88,91,0.028587637142534744,0.0,nan
88,92,0.05595476152861886,0.0,nan
88,93,0.02359947329693872,0.0,nan
88,94,0.04078457959862296,0.0,nan
88,95,0.11035558136462655,0.0,nan
88,96,0.05301520624335565,0.0,nan
88,97,0.20022972901058156,1.0,nan
88,98,0.24958490688988552,1.0,nan
88,99,0.05239094966636951,0.0,nan
89,0,0.0652397535359988,0.0,nan
89,1,0.044617842035115075,0.0,nan
89,2,0.173167201976695,1.0,nan
89,3,0.04738366014220354,0.0,nan
89,4,0.047392245677314204,0.0,nan
89,5,0.09033801033424181,0.0,nan
89,6,0.08282975608156463,0.0,nan
89,7,0.1577765654531553,1.0,nan
89,8,0.052182758948147855,0.0,nan
89,9,0.16607074826748547,1.0,nan
89,10,0.08512154212086588,0.0,nan
89,11,0.10101704171516113,0.0,nan
89,12,1.3901351719758286,1.0,nan
89,13,0.109483876658936,0.0,nan
89,14,0.17001099073864007,1.0,nan
89,15,0.12251242041782431,0.0,nan
89,16,0.08734776043535604,0.0,nan
89,17,0.07729571013872914,0.0,nan
89,18,0.05732125087623989,0.0,nan
89,19,0.0655281698898839,0.0,nan
89,20,0.07499678464504439,0.0,nan
89,21,0.04900210900575777,0.0,nan
89,22,0.11847469424358234,0.0,nan
89,23,0.10571390086815018,0.0,nan
89,24,0.017939032465329397,0.0,nan
89,25,0.06956356887656066,0.0,nan
89,26,0.07778747723605266,0.0,nan
89,27,0.5710973935085505,1.0,nan
89,28,0.15074191255380592,0.0,nan
89,29,0.045417152942193284,0.0,nan
89,30,0.3102500972347981,1.0,nan
89,31,0.03170457495339238,0.0,nan
89,32,0.00877757674073713,0.0,nan
89,33,0.08441389520319839,0.0,nan
89,34,0.6216068719666485,1.0,nan
89,35,0.05965569676941241,0.0,nan
89,36,0.2501438025905111,1.0,nan
89,37,0.09477627805204342,0.0,nan
89,38,0.07196093828717653,0.0,nan
89,39,0.20625863837348898,1.0,nan
89,40,0.0846409130231966,0.0,nan
89,41,0.06871455053149429,0.0,nan
89,42,0.19644209061197485,1.0,nan
89,43,0.025822384607178804,0.0,nan
89,44,0.14239280956019892,0.0,nan
89,45,0.09946962608737203,0.0,nan
89,46,0.02655700053726945,0.0,nan
89,47,0.087454751064425,0.0,nan
89,48,4.404079486602536,1.0,nan
89,49,0.11376522996607458,0.0,nan
89,50,5.1764182684207105,1.0,nan
89,51,0.030849123050729486,0.0,nan
89,52,0.047256200778469565,0.0,nan
89,53,0.09379679579292982,0.0,nan
89,54,0.07700136162570902,0.0,nan
89,55,0.38649562685020356,1.0,nan
89,56,0.09327245597100364,0.0,nan
89,57,0.06204961666162824,0.0,nan
89,58,0.08538024023328404,0.0,nan
89,59,0.06351822955195793,0.0,nan
89,60,0.16326003493742808,1.0,nan
89,61,0.09751600677846238,0.0,nan
89,62,0.06781509534518294,0.0,nan
89,63,0.09401599644953372,0.0,nan
89,64,0.07286667661407645,0.0,nan
89,65,0.09660824367471757,0.0,nan
89,66,0.1192338282218876,0.0,nan
89,67,0.05526103066848534,0.0,nan
89,68,0.1264197592297698,0.0,nan
89,69,0.15323917613494614,1.0,nan
89,70,0.16715456425035966,1.0,nan
89,71,0.3932275589453557,1.0,nan
89,72,0.11657352409114739,0.0,nan
89,73,0.05097991585431269,0.0,nan
89,74,0.09682814051001018,0.0,nan
89,75,0.09854458889105461,0.0,nan
89,76,0.6750898470814783,1.0,nan
89,77,0.052868941927304486,0.0,nan
89,78,0.19170414711713565,1.0,nan
89,79,0.08730800703524967,0.0,nan
89,80,0.05375325135399506,0.0,nan
89,81,0.10288798307060219,0.0,nan
89,82,0.029355139311840923,0.0,nan
89,83,0.12094666060823621,0.0,nan
89,84,0.09452465960994193,0.0,nan
89,85,0.04679427043139264,0.0,nan
89,86,0.07732412675457104,0.0,nan
89,87,0.9057393125536984,1.0,nan
89,88,0.11694871237754419,0.0,nan
89,89,0.0300775687113095,0.0,nan
89,90,0.06708876956236469,0.0,nan
89,91,0.03454695039654507,0.0,nan
89,92,0.056899410319328034,0.0,nan
89,93,0.014409355008216627,0.0,nan
89,94,0.042091362501913906,0.0,nan
89,95,0.12186448501548007,0.0,nan
89,96,0.05949204352082976,0.0,nan
89,97,0.18714840839297117,1.0,nan
89,98,0.9027357846037867,1.0,nan
89,99,0.057501282297306645,0.0,nan
90,0,0.07173273641828219,0.0,nan
90,1,0.04822019817645503,0.0,nan
90,2,0.17778736274322277,1.0,nan
90,3,0.053586433168916835,0.0,nan
90,4,0.053366809450665915,0.0,nan
90,5,0.09723249826407544,0.0,nan
90,6,0.09141033655293691,0.0,nan
90,7,0.18667540491541465,1.0,nan
90,8,0.05418847430351176,0.0,nan
90,9,0.16293561046496702,1.0,nan
90,10,0.08255256532140443,0.0,nan
90,11,0.11450956148112607,0.0,nan
90,12,1.7813717716751623,1.0,nan
90,13,0.11479249750089883,0.0,nan
90,14,0.14895995478478755,0.0,nan
90,15,0.11824482907258999,0.0,nan
90,16,0.0889319420433156,0.0,nan
90,17,0.08979859108888456,0.0,nan
90,18,0.06866647572484284,0.0,nan
90,19,0.06539025694842153,0.0,nan
90,20,0.07531512970650424,0.0,nan
90,21,0.06230261970836383,0.0,nan
90,22,0.1164399775693631,0.0,nan
90,23,0.10193675542209024,0.0,nan
90,24,0.021998999618180144,0.0,nan
90,25,0.06728188718525593,0.0,nan
90,26,0.08678574342503406,0.0,nan
90,27,0.5321424070114111,1.0,nan
90,28,0.1634079150999461,1.0,nan
90,29,0.14115698439573487,0.0,nan
90,30,0.2424875802173916,1.0,nan
90,31,0.0407894645980699,0.0,nan
90,32,0.013169971155542625,0.0,nan
90,33,0.08499993269628045,0.0,nan
90,34,0.6056011781132609,1.0,nan
90,35,0.06965798289020156,0.0,nan
90,36,0.37515983106263706,1.0,nan
90,37,0.09534342364563686,0.0,nan
90,38,0.08179433863695985,0.0,nan
90,39,0.22813149739245286,1.0,nan
90,40,0.08302138355500457,0.0,nan
90,41,0.0728054102027026,0.0,nan
90,42,0.17813006658303412,1.0,nan
90,43,0.03722464327366329,0.0,nan
90,44,0.14900125972924722,0.0,nan
90,45,0.09278046205657582,0.0,nan
90,46,0.03297628993346987,0.0,nan
90,47,0.08655131529708136,0.0,nan
90,48,4.7309060252600945,1.0,nan
90,49,0.12851827362470433,0.0,nan
90,50,4.9133611117434945,1.0,nan
90,51,0.03582686289011057,0.0,nan
90,52,0.04973247854719886,0.0,nan
90,53,0.09308460055371863,0.0,nan
90,54,0.07597475999027559,0.0,nan
90,55,0.3477904574620436,1.0,nan
90,56,0.09608722170412555,0.0,nan
90,57,0.06976326008703203,0.0,nan
90,58,0.08606626704176888,0.0,nan
90,59,0.06762961274526468,0.0,nan
90,60,0.18111431775051715,1.0,nan
90,61,0.10048181054019441,0.0,nan
90,62,0.07506374895667813,0.0,nan
90,63,0.09763471159817003,0.0,nan
90,64,0.07371055122003108,0.0,nan
90,65,0.10191765265831983,0.0,nan
90,66,0.12322651713138129,0.0,nan
90,67,0.06231752271038236,0.0,nan
90,68,0.12855289945533643,0.0,nan
90,69,0.14470502368126703,0.0,nan
90,70,0.25315375550118613,1.0,nan
90,71,0.39930163738033264,1.0,nan
90,72,0.10935609802767249,0.0,nan
90,73,0.06188170850572784,0.0,nan
90,74,0.1101616892634863,0.0,nan
90,75,0.09544422769398873,0.0,nan
90,76,0.7290352246932186,1.0,nan
90,77,0.05650349222431517,0.0,nan
90,78,0.24509914573643046,1.0,nan
90,79,0.0878671886159203,0.0,nan
90,80,0.05959273462516743,0.0,nan
90,81,0.09833455277282438,0.0,nan
90,82,0.03572712177599136,0.0,nan
90,83,0.11761875459889062,0.0,nan
90,84,0.10022234837580848,0.0,nan
90,85,0.19810716813716767,1.0,nan
90,86,0.0790731979040553,0.0,nan
90,87,1.9797844821992017,1.0,nan
90,88,0.13704974005666293,0.0,nan
90,89,0.03522149106744975,0.0,nan
90,90,0.06279489610057615,0.0,nan
90,91,0.0375813776927607,0.0,nan
90,92,0.06066071596908897,0.0,nan
90,93,0.020965129943734548,0.0,nan
90,94,0.04611566681429898,0.0,nan
90,95,0.14284403945890214,0.0,nan
90,96,0.06249844573056407,0.0,nan
90,97,0.18808017446085196,1.0,nan
90,98,0.6491426433879665,1.0,nan
90,99,0.06484799252572906,0.0,nan
91,0,0.05835663843526383,0.0,nan
91,1,0.036886204238923595,0.0,nan
91,2,0.1655924675946003,1.0,nan
91,3,0.04352265621647412,0.0,nan
91,4,0.043112707628396335,0.0,nan
91,5,0.0840919160393812,0.0,nan
91,6,0.0705859147230777,0.0,nan
91,7,0.15648111961431113,1.0,nan
91,8,0.04360885121478474,0.0,nan
91,9,0.14409767655740924,0.0,nan
91,10,0.06716353292034606,0.0,nan
91,11,0.08524211000101037,0.0,nan
91,12,1.200701052436448,1.0,nan
91,13,0.08528207671534829,0.0,nan
91,14,0.11877537080188644,0.0,nan
91,15,0.10462994027214369,0.0,nan
91,16,0.07474768587851298,0.0,nan
91,17,0.067938985191061,0.0,nan
91,18,0.05654220085149798,0.0,nan
91,19,0.05294205450744575,0.0,nan
91,20,0.06292066293822297,0.0,nan
91,21,0.046097398171667324,0.0,nan
91,22,0.09301318443751232,0.0,nan
91,23,0.08477760904447543,0.0,nan
91,24,0.01633407028440018,0.0,nan
91,25,0.0532022107221584,0.0,nan
91,26,0.06752122405020149,0.0,nan
91,27,0.642786686343302,1.0,nan
91,28,0.1267594756993017,0.0,nan
91,29,0.1686212279525159,1.0,nan
91,30,0.3214955189637552,1.0,nan
91,31,0.029537635492065853,0.0,nan
91,32,0.01052022908007213,0.0,nan
91,33,0.07043583632073189,0.0,nan
91,34,0.5621044749385343,1.0,nan
91,35,0.05998850957291877,0.0,nan
91,36,0.3547040509038752,1.0,nan
91,37,0.0739327780502696,0.0,nan
91,38,0.07308909539732686,0.0,nan
91,39,0.20392018884833188,1.0,nan
91,40,0.06388108967637103,0.0,nan
91,41,0.057383173860874596,0.0,nan
91,42,0.13945300270975763,0.0,nan
91,43,0.035356650105864015,0.0,nan
91,44,0.14085524899802182,0.0,nan
91,45,0.12628421797624945,0.0,nan
91,46,0.02600002125337382,0.0,nan
91,47,0.07217765633902412,0.0,nan
91,48,4.078337657227945,1.0,nan
91,49,0.1096439237615833,0.0,nan
91,50,5.878210493405308,1.0,nan
91,51,0.026530831967388,0.0,nan
91,52,0.038504304400698,0.0,nan
91,53,0.07646812252514733,0.0,nan
91,54,0.0602187106881989,0.0,nan
91,55,0.38064833586254176,1.0,nan
91,56,0.07659956043939212,0.0,nan
91,57,0.06620337981066654,0.0,nan
91,58,0.06841096588289401,0.0,nan
91,59,0.06182021055465667,0.0,nan
91,60,0.14300238736640786,0.0,nan
91,61,0.08171779129277604,0.0,nan
91,62,0.06465658033484051,0.0,nan
91,63,0.0872494699029187,0.0,nan
91,64,0.0586510614205796,0.0,nan
91,65,0.09517429558682106,0.0,nan
91,66,0.10168651427856694,0.0,nan
91,67,0.044839469628548845,0.0,nan
91,68,0.10005939323361498,0.0,nan
91,69,0.11688096972448721,0.0,nan
91,70,0.2264589881595313,1.0,nan
91,71,0.32132440965227677,1.0,nan
91,72,0.08374416915546877,0.0,nan
91,73,0.055562831958514206,0.0,nan
91,74,0.10201519480646547,0.0,nan
91,75,0.0717913482230551,0.0,nan
91,76,0.7473342292248331,1.0,nan
91,77,0.0410557238460782,0.0,nan
91,78,0.1762656081145534,1.0,nan
91,79,0.07003189501767115,0.0,nan
91,80,0.0519463229065045,0.0,nan
91,81,0.08167310260022617,0.0,nan
91,82,0.028174002605098034,0.0,nan
91,83,0.08903801866805698,0.0,nan
91,84,0.07526829560976131,0.0,nan
91,85,0.2889171627001981,1.0,nan
91,86,0.06639013108923882,0.0,nan
91,87,1.3270109224817541,1.0,nan
91,88,0.1180700450282588,0.0,nan
91,89,0.023036811501296828,0.0,nan
91,90,0.047158462257843835,0.0,nan
91,91,0.02666529331914923,0.0,nan
91,92,0.05121176384671906,0.0,nan
91,93,0.015157657395451385,0.0,nan
91,94,0.03653420338007896,0.0,nan
91,95,0.11924423544592713,0.0,nan
91,96,0.04768846136650921,0.0,nan
91,97,0.18759255505334532,1.0,nan
91,98,0.41793490607018996,1.0,nan
91,99,0.046141291745265225,0.0,nan
92,0,0.07568995001394847,0.0,nan
92,1,0.054702269286874036,0.0,nan
92,2,0.1777102672545747,1.0,nan
92,3,0.05847071195884943,0.0,nan
92,4,0.059905902089007645,0.0,nan
92,5,0.10542253297938783,0.0,nan
92,6,0.08738176965877321,0.0,nan
92,7,0.1646598083025304,1.0,nan
92,8,0.06653274567928885,0.0,nan
92,9,0.1546996206720932,1.0,nan
92,10,0.08453439337643313,0.0,nan
92,11,0.14165643812520806,0.0,nan
92,12,2.0224290225937427,1.0,nan
92,13,0.10363791210740364,0.0,nan
92,14,0.24154528797374455,1.0,nan
92,15,0.21165602138511463,1.0,nan
92,16,0.08597384517137843,0.0,nan
92,17,0.07462997411584908,0.0,nan
92,18,0.06768586577873263,0.0,nan
92,19,0.0695705396116386,0.0,nan
92,20,0.07399253090661762,0.0,nan
92,21,0.055948959450407634,0.0,nan
92,22,0.13256070430732453,0.0,nan
92,23,0.10811660431306779,0.0,nan
92,24,0.022661524178311437,0.0,nan
92,25,0.09880594108798495,0.0,nan
92,26,0.0804831221425797,0.0,nan
92,27,0.7176444619709874,1.0,nan
92,28,0.14726235526584436,0.0,nan
92,29,0.10240008711105394,0.0,nan
92,30,0.24449364188126205,1.0,nan
92,31,0.04138418718892754,0.0,nan
92,32,0.014550346231949127,0.0,nan
92,33,0.09793427296762183,0.0,nan
92,34,0.30899569382781333,1.0,nan
92,35,0.07888306367573233,0.0,nan
92,36,0.16459916674067107,1.0,nan
92,37,0.10394097818720927,0.0,nan
92,38,0.10589378866638033,0.0,nan
92,39,0.21265540525586452,1.0,nan
92,40,0.08594880408294742,0.0,nan
92,41,0.07695969156649643,0.0,nan
92,42,0.1927754907097957,1.0,nan
92,43,0.040684166758625455,0.0,nan
92,44,0.13432475972293353,0.0,nan
92,45,0.08900807012856367,0.0,nan
92,46,0.03521427312695695,0.0,nan
92,47,0.16591960971059738,1.0,nan
92,48,6.227263585129544,1.0,nan
92,49,0.1670874863411606,1.0,nan
92,50,1.1420082795615645,1.0,nan
92,51,0.040047529098137996,0.0,nan
92,52,0.054721482466318694,0.0,nan
92,53,0.09544490897829593,0.0,nan
92,54,0.07238113969838522,0.0,nan
92,55,0.3113243035079795,1.0,nan
92,56,0.0914079638067911,0.0,nan
92,57,0.07092839747133863,0.0,nan
92,58,0.10158151751576519,0.0,nan
92,59,0.0671027121538088,0.0,nan
92,60,0.14586629831982897,0.0,nan
92,61,0.10059059065791943,0.0,nan
92,62,0.13944665741411819,0.0,nan
92,63,0.08853461144468679,0.0,nan
92,64,0.07497591732632178,0.0,nan
92,65,0.10087533612670539,0.0,nan
92,66,0.11242790859727488,0.0,nan
92,67,0.06513268080269392,0.0,nan
92,68,0.1265218796133117,0.0,nan
92,69,0.19364057811686067,1.0,nan
92,70,0.11666530315011497,0.0,nan
92,71,0.3445517499374197,1.0,nan
92,72,0.12101711018633396,0.0,nan
92,73,0.06610163282334483,0.0,nan
92,74,0.14414184204617952,0.0,nan
92,75,0.09534417060740787,0.0,nan
92,76,0.5338024862181127,1.0,nan
92,77,0.055695705935863336,0.0,nan
92,78,0.17903510946666296,1.0,nan
92,79,0.08757779070279631,0.0,nan
92,80,0.06760862779597944,0.0,nan
92,81,0.11224940145463208,0.0,nan
92,82,0.03705123784297733,0.0,nan
92,83,0.12562704626742296,0.0,nan
92,84,0.09729513713008642,0.0,nan
92,85,0.0947783039444994,0.0,nan
92,86,0.08214232991882624,0.0,nan
92,87,1.4502690933619655,1.0,nan
92,88,0.10715809240052171,0.0,nan
92,89,0.11239422191592521,0.0,nan
92,90,0.05851654850221522,0.0,nan
92,91,0.0503283637906575,0.0,nan
92,92,0.05915696108278786,0.0,nan
92,93,0.02125697693027789,0.0,nan
92,94,0.049534443961666674,0.0,nan
92,95,0.15923021597713322,1.0,nan
92,96,0.09629826188439838,0.0,nan
92,97,0.5131875183859625,1.0,nan
92,98,6.006364591370206,1.0,nan
92,99,0.06454410485218953,0.0,nan
93,0,0.0794458092541671,0.0,nan
93,1,0.05905354330094931,0.0,nan
93,2,0.18134094619950644,1.0,nan
93,3,0.0643962038352327,0.0,nan
93,4,0.06159450648443988,0.0,nan
93,5,0.11108678630155706,0.0,nan
93,6,0.09237595042685587,0.0,nan
93,7,0.19128055026084656,1.0,nan
93,8,0.0670549039051098,0.0,nan
93,9,0.16764692442509213,1.0,nan
93,10,0.09153196214011629,0.0,nan
93,11,0.11257345925445868,0.0,nan
93,12,2.483207299543211,1.0,nan
93,13,0.12005820191928103,0.0,nan
93,14,0.20248583261411765,1.0,nan
93,15,0.19200313473625918,1.0,nan
93,16,0.09886708696896708,0.0,nan
93,17,0.08289825775042652,0.0,nan
93,18,0.07192668382719239,0.0,nan
93,19,0.07801237147410287,0.0,nan
93,20,0.08570655737944488,0.0,nan
93,21,0.06423529857117236,0.0,nan
93,22,0.1381300041610261,0.0,nan
93,23,0.10611056307661063,0.0,nan
93,24,0.025263484700849957,0.0,nan
93,25,0.08952147375243272,0.0,nan
93,26,0.08823239431689295,0.0,nan
93,27,0.42935101761287964,1.0,nan
93,28,0.1583792851209055,1.0,nan
93,29,0.13959215508977266,0.0,nan
93,30,0.22737902915031452,1.0,nan
93,31,0.04521960357430063,0.0,nan
93,32,0.016892275610628327,0.0,nan
93,33,0.10476319712293121,0.0,nan
93,34,0.394647992694025,1.0,nan
93,35,0.08065067553323134,0.0,nan
93,36,0.21443673505384656,1.0,nan
93,37,0.11111967732390267,0.0,nan
93,38,0.12123148956373819,0.0,nan
93,39,0.2610804293033192,1.0,nan
93,40,0.085705647930988,0.0,nan
93,41,0.0842270281447328,0.0,nan
93,42,0.18108605594711913,1.0,nan
93,43,0.0406478236512812,0.0,nan
93,44,0.16366797500437888,1.0,nan
93,45,0.12119958258368688,0.0,nan
93,46,0.03678051180919866,0.0,nan
93,47,0.15003365575617997,0.0,nan
93,48,6.64696314114233,1.0,nan
93,49,0.18448726561619716,1.0,nan
93,50,0.8685160466517556,1.0,nan
93,51,0.040056166225915006,0.0,nan
93,52,0.0581370534550816,0.0,nan
93,53,0.10330261410985982,0.0,nan
93,54,0.07900635386876514,0.0,nan
93,55,0.2977582414610369,1.0,nan
93,56,0.0971851962800582,0.0,nan
93,57,0.08495260352031489,0.0,nan
93,58,0.11021064755654983,0.0,nan
93,59,0.07720427315153051,0.0,nan
93,60,0.1700763649156063,1.0,nan
93,61,0.11455926861974658,0.0,nan
93,62,0.1318337298350206,0.0,nan
93,63,0.11288577360809313,0.0,nan
93,64,0.08032298124337445,0.0,nan
93,65,0.11382570527282232,0.0,nan
93,66,0.12050818606978295,0.0,nan
93,67,0.07417824240585702,0.0,nan
93,68,0.13550552778277267,0.0,nan
93,69,0.17891366134689002,1.0,nan
93,70,0.1702336290092212,1.0,nan
93,71,0.3368608919768272,1.0,nan
93,72,0.1294715434875069,0.0,nan
93,73,0.07444948611266257,0.0,nan
93,74,0.15000471383241637,0.0,nan
93,75,0.09655740174530947,0.0,nan
93,76,0.6415427512542631,1.0,nan
93,77,0.05746594495139036,0.0,nan
93,78,0.23195202198818263,1.0,nan
93,79,0.09654783788918331,0.0,nan
93,80,0.06839010759361959,0.0,nan
93,81,0.10741827506739338,0.0,nan
93,82,0.03960444217285259,0.0,nan
93,83,0.12937836706663128,0.0,nan
93,84,0.10367632443089078,0.0,nan
93,85,0.07335701262571927,0.0,nan
93,86,0.08403778051040645,0.0,nan
93,87,0.5390821764826501,1.0,nan
93,88,0.1306406454964504,0.0,nan
93,89,0.07551948473273201,0.0,nan
93,90,0.0662256259311277,0.0,nan
93,91,0.05191081916973472,0.0,nan
93,92,0.07226115473832628,0.0,nan
93,93,0.023927172038591717,0.0,nan
93,94,0.06116091182440113,0.0,nan
93,95,0.18940624353766333,1.0,nan
93,96,0.0961577158350855,0.0,nan
93,97,0.41431181146551904,1.0,nan
93,98,6.551874027464537,1.0,nan
93,99,0.08116830907838443,0.0,nan
94,0,0.08710882593390204,0.0,nan
94,1,0.058709615523418926,0.0,nan
94,2,0.183079783990679,1.0,nan
94,3,0.06961312616152157,0.0,nan
94,4,0.0657220821064629,0.0,nan
94,5,0.12526093627618928,0.0,nan
94,6,0.10309769328372498,0.0,nan
94,7,0.1959148897308584,1.0,nan
94,8,0.0724541145176046,0.0,nan
94,9,0.1740913496959386,1.0,nan
94,10,0.10067117255588552,0.0,nan
94,11,0.11536158439281136,0.0,nan
94,12,2.1514585096460457,1.0,nan
94,13,0.14207189191634834,0.0,nan
94,14,0.22121905137205325,1.0,nan
94,15,0.1857825988335746,1.0,nan
94,16,0.10253205230977083,0.0,nan
94,17,0.08102498200518082,0.0,nan
94,18,0.07794750778330706,0.0,nan
94,19,0.08099493209386457,0.0,nan
94,20,0.09282787094173918,0.0,nan
94,21,0.06916881955003565,0.0,nan
94,22,0.1527383008549852,1.0,nan
94,23,0.10694055091314611,0.0,nan
94,24,0.03166911239509649,0.0,nan
94,25,0.0802234224822199,0.0,nan
94,26,0.0894633262075058,0.0,nan
94,27,0.29119410021826664,1.0,nan
94,28,0.18807436360962537,1.0,nan
94,29,0.1251140484122737,0.0,nan
94,30,0.287684020268516,1.0,nan
94,31,0.05057906297636789,0.0,nan
94,32,0.021648838644404457,0.0,nan
94,33,0.10382245304282589,0.0,nan
94,34,0.41068893948001617,1.0,nan
94,35,0.08178114341670258,0.0,nan
94,36,0.23344689911454533,1.0,nan
94,37,0.12557333336368126,0.0,nan
94,38,0.12760684789388718,0.0,nan
94,39,0.24323041434083612,1.0,nan
94,40,0.09344703350106487,0.0,nan
94,41,0.09335663551807881,0.0,nan
94,42,0.22131906286512035,1.0,nan
94,43,0.05321272024136416,0.0,nan
94,44,0.16112181513966334,1.0,nan
94,45,0.10792357447888952,0.0,nan
94,46,0.04090628962771915,0.0,nan
94,47,0.1823899963555515,1.0,nan
94,48,5.354950129187978,1.0,nan
94,49,0.21658034971227572,1.0,nan
94,50,0.6689840772883255,1.0,nan
94,51,0.0485644187923064,0.0,nan
94,52,0.06244239078346402,0.0,nan
94,53,0.11333416981226868,0.0,nan
94,54,0.09380027190731371,0.0,nan
94,55,0.2523793983589785,1.0,nan
94,56,0.11831674629378974,0.0,nan
94,57,0.08509152924534552,0.0,nan
94,58,0.11155644264322057,0.0,nan
94,59,0.08110126909050652,0.0,nan
94,60,0.18967542342254634,1.0,nan
94,61,0.12681349380120022,0.0,nan
94,62,0.13387546213613274,0.0,nan
94,63,0.14329907043523457,0.0,nan
94,64,0.08238430149766125,0.0,nan
94,65,0.11865403515824406,0.0,nan
94,66,0.14238395589508882,0.0,nan
94,67,0.07999031195406467,0.0,nan
94,68,0.15544658227417263,1.0,nan
94,69,0.22843827416528698,1.0,nan
94,70,0.16509618286405164,1.0,nan
94,71,0.3347293003442624,1.0,nan
94,72,0.14161171931174749,0.0,nan
94,73,0.07621459786132459,0.0,nan
94,74,0.16188779558150795,1.0,nan
94,75,0.11145173105252737,0.0,nan
94,76,0.7072528580263071,1.0,nan
94,77,0.05849394927984962,0.0,nan
94,78,0.294362966283649,1.0,nan
94,79,0.10446678978815027,0.0,nan
94,80,0.06630197402902857,0.0,nan
94,81,0.1402309163411707,0.0,nan
94,82,0.04568615722449041,0.0,nan
94,83,0.15858580118271987,1.0,nan
94,84,0.10133544273068204,0.0,nan
94,85,0.06097560209546382,0.0,nan
94,86,0.07787649921234356,0.0,nan
94,87,1.0301481555439163,1.0,nan
94,88,0.137617410063104,0.0,nan
94,89,0.07121622370983174,0.0,nan
94,90,0.0788320751997276,0.0,nan
94,91,0.05902148557334883,0.0,nan
94,92,0.07504778110406495,0.0,nan
94,93,0.031800906813161355,0.0,nan
94,94,0.06527654151180826,0.0,nan
94,95,0.2474309980691354,1.0,nan
94,96,0.10287295258593131,0.0,nan
94,97,0.31289283277149865,1.0,nan
94,98,7.002081105564336,1.0,nan
94,99,0.08681987778562883,0.0,nan
95,0,0.12132621667229274,0.0,nan
95,1,0.05165476276862397,0.0,nan
95,2,0.2725761702353261,1.0,nan
95,3,0.061243294869192964,0.0,nan
95,4,0.05787135022375458,0.0,nan
95,5,0.11269787636569567,0.0,nan
95,6,0.08962029753761139,0.0,nan
95,7,0.5065870400281701,1.0,nan
95,8,0.07951864434273291,0.0,nan
95,9,0.16354242087627008,1.0,nan
95,10,0.08974821472219346,0.0,nan
95,11,0.11195290288593443,0.0,nan
95,12,1.6366967804774948,1.0,nan
95,13,0.12193977442833197,0.0,nan
95,14,0.21483848514445184,1.0,nan
95,15,0.1655390746850419,1.0,nan
95,16,0.09644857543947512,0.0,nan
95,17,0.09008130323242837,0.0,nan
95,18,0.07152763230755901,0.0,nan
95,19,0.07228513128826457,0.0,nan
95,20,0.07805889957198418,0.0,nan
95,21,0.056430496126626484,0.0,nan
95,22,0.1362183532347519,0.0,nan
95,23,0.1036834066482543,0.0,nan
95,24,0.021311135945040666,0.0,nan
95,25,0.06756946044595434,0.0,nan
95,26,0.08018341835205448,0.0,nan
95,27,0.776012995381613,1.0,nan
95,28,0.17728340526197156,1.0,nan
95,29,0.15287892765899033,1.0,nan
95,30,0.24726674236497176,1.0,nan
95,31,0.042495512803103985,0.0,nan
95,32,0.014577606091315648,0.0,nan
95,33,0.10664948221376166,0.0,nan
95,34,0.3437116093661194,1.0,nan
95,35,0.07966138876327261,0.0,nan
95,36,0.18470211864021405,1.0,nan
95,37,0.11383972448661484,0.0,nan
95,38,0.09500644566391031,0.0,nan
95,39,0.2290399645145294,1.0,nan
95,40,0.10543064513400499,0.0,nan
95,41,0.08832677743594808,0.0,nan
95,42,0.24601481220725036,1.0,nan
95,43,0.03634730374186998,0.0,nan
95,44,0.4311967670833125,1.0,nan
95,45,0.08153412615012694,0.0,nan
95,46,0.033317806758835715,0.0,nan
95,47,0.13857250523203546,0.0,nan
95,48,6.970628603750325,1.0,nan
95,49,0.1921166655730818,1.0,nan
95,50,0.6965359116119533,1.0,nan
95,51,0.037526492403725936,0.0,nan
95,52,0.05773586240425347,0.0,nan
95,53,0.10877273400750787,0.0,nan
95,54,0.07960063663700562,0.0,nan
95,55,0.2981040135404257,1.0,nan
95,56,0.09771136569589159,0.0,nan
95,57,0.07758224052545996,0.0,nan
95,58,0.10045953712897812,0.0,nan
95,59,0.06923624075799556,0.0,nan
95,60,0.16869161455898365,1.0,nan
95,61,0.1235703404273504,0.0,nan
95,62,0.17031102646658108,1.0,nan
95,63,0.0998490347060002,0.0,nan
95,64,0.07431934138648832,0.0,nan
95,65,0.12499961726357788,0.0,nan
95,66,0.1237758547411501,0.0,nan
95,67,0.06256338786504113,0.0,nan
95,68,0.13732768699376352,0.0,nan
95,69,0.19606561058238903,1.0,nan
95,70,0.14258790662458454,0.0,nan
95,71,0.29704919227865995,1.0,nan
95,72,0.14123963556929023,0.0,nan
95,73,0.06459430633201917,0.0,nan
95,74,0.1351469510734554,0.0,nan
95,75,0.09822567291206692,0.0,nan
95,76,0.5369988422309175,1.0,nan
95,77,0.07484407234268185,0.0,nan
95,78,0.22815101932704077,1.0,nan
95,79,0.09543733365670058,0.0,nan
95,80,0.055036294896822636,0.0,nan
95,81,0.12064404885427725,0.0,nan
95,82,0.03814175067349268,0.0,nan
95,83,0.13673277651758847,0.0,nan
95,84,0.09383705460729144,0.0,nan
95,85,0.06737681421497128,0.0,nan
95,86,0.07857589647524017,0.0,nan
95,87,0.7699107137762448,1.0,nan
95,88,0.12929113184841018,0.0,nan
95,89,0.05929989258979447,0.0,nan
95,90,0.06680258201254989,0.0,nan
95,91,0.04619964029966014,0.0,nan
95,92,0.06373909642103343,0.0,nan
95,93,0.020840460263883785,0.0,nan
95,94,0.054056490167838527,0.0,nan
95,95,0.2060611370194439,1.0,nan
95,96,0.09269786316540785,0.0,nan
95,97,1.3227091061912106,1.0,nan
95,98,5.071082070699022,1.0,nan
95,99,0.0770015105697258,0.0,nan
96,0,0.2334805079566037,1.0,nan
96,1,0.23072162272989402,1.0,nan
96,2,0.2346885874957376,1.0,nan
96,3,0.23107166836549528,1.0,nan
96,4,0.23180159451364327,1.0,nan
96,5,0.23353552248688655,1.0,nan
96,6,0.23270231787248144,1.0,nan
96,7,0.23308093004701833,1.0,nan
96,8,0.23134991788262693,1.0,nan
96,9,0.2374411596509331,1.0,nan
96,10,0.234718461930546,1.0,nan
96,11,0.22876247508006584,1.0,nan
96,12,0.23830357531612925,1.0,nan
96,13,0.23654279571426992,1.0,nan
96,14,0.23471229255806894,1.0,nan
96,15,0.23433094477368924,1.0,nan
96,16,0.2340541515084223,1.0,nan
96,17,0.23465786281019874,1.0,nan
96,18,0.23203243572042062,1.0,nan
96,19,0.23222592687978924,1.0,nan
96,20,0.2334446515439944,1.0,nan
96,21,0.23138259279128864,1.0,nan
96,22,0.23391189575909785,1.0,nan
96,23,0.23287043047585668,1.0,nan
96,24,0.22085664107286818,1.0,nan
96,25,0.23200134571660788,1.0,nan
96,26,0.23265657326819322,1.0,nan
96,27,0.23444338443831758,1.0,nan
96,28,0.23691015104326194,1.0,nan
96,29,0.22978993016933386,1.0,nan
96,30,0.23652592664107502,1.0,nan
96,31,0.22616618031436436,1.0,nan
96,32,0.21773028791859625,1.0,nan
96,33,0.23293305893475685,1.0,nan
96,34,0.23029877548903932,1.0,nan
96,35,0.2310110899615672,1.0,nan
96,36,0.23694894458321009,1.0,nan
96,37,0.23429166469879725,1.0,nan
96,38,0.23320112190472633,1.0,nan
96,39,0.23581364690892245,1.0,nan
96,40,0.2330883955651931,1.0,nan
96,41,0.2331622919531539,1.0,nan
96,42,0.2358207049195289,1.0,nan
96,43,0.2204776742524851,1.0,nan
96,44,0.23435854390858835,1.0,nan
96,45,0.23310182787309272,1.0,nan
96,46,0.22601406221906972,1.0,nan
96,47,0.23281189882465167,1.0,nan
96,48,0.24000760768938442,1.0,nan
96,49,0.23507188254911004,1.0,nan
96,50,0.23626146013705984,1.0,nan
96,51,0.22882369243983428,1.0,nan
96,52,0.23017004665643057,1.0,nan
96,53,0.23528367229947997,1.0,nan
96,54,0.23464325782320478,1.0,nan
96,55,0.22925496924662778,1.0,nan
96,56,0.23362382050193,1.0,nan
96,57,0.23190507095940732,1.0,nan
96,58,0.23280767915010586,1.0,nan
96,59,0.23242361335157374,1.0,nan
96,60,0.23758507165828005,1.0,nan
96,61,0.23498479466739172,1.0,nan
96,62,0.23283344414532933,1.0,nan
96,63,0.23344808781459037,1.0,nan
96,64,0.2326508125345031,1.0,nan
96,65,0.23420238693568757,1.0,nan
96,66,0.2348445104222793,1.0,nan
96,67,0.22989200796113543,1.0,nan
96,68,0.23636992456392797,1.0,nan
96,69,0.23487420867403033,1.0,nan
96,70,0.23675092859637878,1.0,nan
96,71,0.23519377094543942,1.0,nan
96,72,0.23146862243828709,1.0,nan
96,73,0.23205821916743813,1.0,nan
96,74,0.23419173389056294,1.0,nan
96,75,0.23538196050441348,1.0,nan
96,76,0.23554261051607234,1.0,nan
96,77,0.22991128244036985,1.0,nan
96,78,0.2384379420374109,1.0,nan
96,79,0.23374617721095273,1.0,nan
96,80,0.2312507408847688,1.0,nan
96,81,0.23328758185531923,1.0,nan
96,82,0.2275668283470207,1.0,nan
96,83,0.23640959927304114,1.0,nan
96,84,0.23436639558909408,1.0,nan
96,85,0.22749265641305402,1.0,nan
96,86,0.23212431070090114,1.0,nan
96,87,0.2382389523015618,1.0,nan
96,88,0.23603547813009493,1.0,nan
96,89,0.22871978565352505,1.0,nan
96,90,0.23370656158320308,1.0,nan
96,91,0.229203772325359,1.0,nan
96,92,0.23298271502698797,1.0,nan
96,93,0.22099143183872072,1.0,nan
96,94,0.23004356952075167,1.0,nan
96,95,0.23486536315849932,1.0,nan
96,96,0.23293466435558827,1.0,nan
96,97,0.23509370606911165,1.0,nan
96,98,0.23618396851245654,1.0,nan
96,99,0.23373593233139384,1.0,nan
97,0,0.1331207432565077,0.0,nan
97,1,0.05592196815542135,0.0,nan
97,2,0.19760833690484314,1.0,nan
97,3,0.06470377578181113,0.0,nan
97,4,0.06699633272875997,0.0,nan
97,5,0.13366121791513438,0.0,nan
97,6,0.08775458060797658,0.0,nan
97,7,0.9222314949115166,1.0,nan
97,8,0.0845502828883957,0.0,nan
97,9,0.18505799200228393,1.0,nan
97,10,0.1009104202657987,0.0,nan
97,11,0.06814234089314668,0.0,nan
97,12,2.1825040738959802,1.0,nan
97,13,0.15286805603707412,1.0,nan
97,14,0.24222765477539682,1.0,nan
97,15,0.1833686397926803,1.0,nan
97,16,0.10949965088867486,0.0,nan
97,17,0.10332211589093675,0.0,nan
97,18,0.06871910351317191,0.0,nan
97,19,0.0792758987907554,0.0,nan
97,20,0.09047229840497722,0.0,nan
97,21,0.05096112622306094,0.0,nan
97,22,0.13654672328159628,0.0,nan
97,23,0.11165086765104616,0.0,nan
97,24,0.025378163269074393,0.0,nan
97,25,0.07156416914090839,0.0,nan
97,26,0.07913173692269344,0.0,nan
97,27,1.0134050572128641,1.0,nan
97,28,0.2077630679916107,1.0,nan
97,29,0.09450278338555967,0.0,nan
97,30,0.29779591659655275,1.0,nan
97,31,0.03615456176907931,0.0,nan
97,32,0.01447662737286931,0.0,nan
97,33,0.11307474281199151,0.0,nan
97,34,0.3021346806241856,1.0,nan
97,35,0.08093026315827771,0.0,nan
97,36,0.2167776219479059,1.0,nan
97,37,0.12439135375489901,0.0,nan
97,38,0.1158856947573326,0.0,nan
97,39,0.18055553961178122,1.0,nan
97,40,0.12188570314769946,0.0,nan
97,41,0.11918546048781715,0.0,nan
97,42,0.2778960674925336,1.0,nan
97,43,0.027755396508517362,0.0,nan
97,44,0.30938369045263575,1.0,nan
97,45,0.08872247281583204,0.0,nan
97,46,0.029335017759444523,0.0,nan
97,47,0.14567623086588397,0.0,nan
97,48,7.7350035304667335,1.0,nan
97,49,0.34307590100074253,1.0,nan
97,50,0.5067283623912684,1.0,nan
97,51,0.03507849175258771,0.0,nan
97,52,0.061191073220705314,0.0,nan
97,53,0.12202818568328185,0.0,nan
97,54,0.10116388791646103,0.0,nan
97,55,0.3751465974631148,1.0,nan
97,56,0.10367859650995459,0.0,nan
97,57,0.0700037293889004,0.0,nan
97,58,0.12433490592173901,0.0,nan
97,59,0.06752495033742359,0.0,nan
97,60,0.2106263624854465,1.0,nan
97,61,0.1734749873129638,1.0,nan
97,62,0.18545553933410755,1.0,nan
97,63,0.1014310372678207,0.0,nan
97,64,0.08568301577970242,0.0,nan
97,65,0.11122898163498109,0.0,nan
97,66,0.16203700982605498,1.0,nan
97,67,0.07389131610583748,0.0,nan
97,68,0.16037288619250728,1.0,nan
97,69,0.35953434256249245,1.0,nan
97,70,0.16005212380693065,1.0,nan
97,71,0.19946207444387695,1.0,nan
97,72,0.14031825695919783,0.0,nan
97,73,0.06674306481827308,0.0,nan
97,74,0.14446358677133092,0.0,nan
97,75,0.11867251430780414,0.0,nan
97,76,0.7197202351778031,1.0,nan
97,77,0.10422199759239704,0.0,nan
97,78,0.32969125068655286,1.0,nan
97,79,0.11727229134607509,0.0,nan
97,80,0.053746326654172394,0.0,nan
97,81,0.12475765026621582,0.0,nan
97,82,0.0349603817298779,0.0,nan
97,83,0.16067853196388374,1.0,nan
97,84,0.09838968190496408,0.0,nan
97,85,0.04495889251196249,0.0,nan
97,86,0.07127842321351385,0.0,nan
97,87,0.8673439242570423,1.0,nan
97,88,0.15631687771593242,1.0,nan
97,89,0.07529500460012063,0.0,nan
97,90,0.08530721167208477,0.0,nan
97,91,0.05625033160349234,0.0,nan
97,92,0.07223155194123482,0.0,nan
97,93,0.014767165625094529,0.0,nan
97,94,0.058737624101399,0.0,nan
97,95,0.23257077374216656,1.0,nan
97,96,0.10958818161994222,0.0,nan
97,97,2.3848828657024645,1.0,nan
97,98,1.487923724781618,1.0,nan
97,99,0.0929980179577722,0.0,nan
98,0,0.07802284350551533,0.0,nan
98,1,0.037721525929479964,0.0,nan
98,2,0.17033741472339534,1.0,nan
98,3,0.04802417059391431,0.0,nan
98,4,0.04649844791933593,0.0,nan
98,5,0.10090022473679339,0.0,nan
98,6,0.06493864897939088,0.0,nan
98,7,0.3892959670981436,1.0,nan
98,8,0.05644479233940678,0.0,nan
98,9,0.21034213430607263,1.0,nan
98,10,0.0753617243694317,0.0,nan
98,11,0.1193353665358542,0.0,nan
98,12,2.1454824577164207,1.0,nan
98,13,0.11163421918196467,0.0,nan
98,14,0.09306172550839682,0.0,nan
98,15,0.11354659778280428,0.0,nan
98,16,0.10850263441072694,0.0,nan
98,17,0.07848264193526072,0.0,nan
98,18,0.05365697682511116,0.0,nan
98,19,0.06274656595688302,0.0,nan
98,20,0.06826967178145088,0.0,nan
98,21,0.04120768159602987,0.0,nan
98,22,0.1570725980029399,1.0,nan
98,23,0.1521021930207281,0.0,nan
98,24,0.017344981884152844,0.0,nan
98,25,0.04243215417130239,0.0,nan
98,26,0.06611007707680586,0.0,nan
98,27,0.7821871874750329,1.0,nan
98,28,0.12229582589229794,0.0,nan
98,29,0.1272374093127135,0.0,nan
98,30,0.14608413737277512,0.0,nan
98,31,0.037142540890424264,0.0,nan
98,32,0.011892666981498698,0.0,nan
98,33,0.09067699843907516,0.0,nan
98,34,0.23032163428151067,1.0,nan
98,35,0.07833387350544067,0.0,nan
98,36,0.18776692713099075,1.0,nan
98,37,0.10640130819113869,0.0,nan
98,38,0.06713466177337671,0.0,nan
98,39,0.4123950905934714,1.0,nan
98,40,0.0699628315493871,0.0,nan
98,41,0.11217449767625678,0.0,nan
98,42,0.14214607662543444,0.0,nan
98,43,0.02428851946845938,0.0,nan
98,44,1.0644980776013782,1.0,nan
98,45,0.09156123523825402,0.0,nan
98,46,0.0251440636499753,0.0,nan
98,47,0.09438305852829028,0.0,nan
98,48,6.261566132933732,1.0,nan
98,49,0.15425514916576055,1.0,nan
98,50,0.7509851887319591,1.0,nan
98,51,0.024356993903705854,0.0,nan
98,52,0.04801930901100918,0.0,nan
98,53,0.09312787172578396,0.0,nan
98,54,0.06737501536322792,0.0,nan
98,55,0.15615391558427344,1.0,nan
98,56,0.06316697882429505,0.0,nan
98,57,0.09423289698931209,0.0,nan
98,58,0.11593445873691235,0.0,nan
98,59,0.05836883846098355,0.0,nan
98,60,0.16196759453998844,1.0,nan
98,61,0.12476238554099378,0.0,nan
98,62,0.0819406524318885,0.0,nan
98,63,0.06645307813017862,0.0,nan
98,64,0.0620535972295838,0.0,nan
98,65,0.10752670775630929,0.0,nan
98,66,0.10659104774128726,0.0,nan
98,67,0.054624432674851876,0.0,nan
98,68,0.12123887292965475,0.0,nan
98,69,0.17510810578725108,1.0,nan
98,70,0.12562048708584778,0.0,nan
98,71,0.2721990137331764,1.0,nan
98,72,0.0821854836338944,0.0,nan
98,73,0.05895168630880511,0.0,nan
98,74,0.09979780125322771,0.0,nan
98,75,0.07449310474013843,0.0,nan
98,76,0.7022350196893703,1.0,nan
98,77,0.045670404535486236,0.0,nan
98,78,0.22628395021975775,1.0,nan
98,79,0.12039977680456145,0.0,nan
98,80,0.04096256844049894,0.0,nan
98,81,0.06804619995136474,0.0,nan
98,82,0.025318419741750663,0.0,nan
98,83,0.1085409902800339,0.0,nan
98,84,0.07951921241428635,0.0,nan
98,85,0.1821765555259053,1.0,nan
98,86,0.05835415660870882,0.0,nan
98,87,0.17497227480944105,1.0,nan
98,88,0.13356113907350733,0.0,nan
98,89,0.030341174553735514,0.0,nan
98,90,0.05641570875106469,0.0,nan
98,91,0.034666417458184676,0.0,nan
98,92,0.07898847292657303,0.0,nan
98,93,0.012547105714660946,0.0,nan
98,94,0.04317617725487167,0.0,nan
98,95,0.16650041373454066,1.0,nan
98,96,0.054440302326041565,0.0,nan
98,97,2.877946446440542,1.0,nan
98,98,8.196611875109898,1.0,nan
98,99,0.06478706770302764,0.0,nan
99,0,0.09559104790316816,0.0,nan
99,1,0.043244430344594936,0.0,nan
99,2,0.19586434449955473,1.0,nan
99,3,0.055173975503378804,0.0,nan
99,4,0.05643853387918912,0.0,nan
99,5,0.11996582507152671,0.0,nan
99,6,0.077856102497207,0.0,nan
99,7,0.5993853112799874,1.0,nan
99,8,0.07053876315165036,0.0,nan
99,9,0.178282181357954,1.0,nan
99,10,0.08230158001718912,0.0,nan
99,11,0.09595415203482628,0.0,nan
99,12,2.737549048659019,1.0,nan
99,13,0.11723896753168155,0.0,nan
99,14,0.15941209533389583,1.0,nan
99,15,0.17182932320806948,1.0,nan
99,16,0.09308853934430025,0.0,nan
99,17,0.07909849914190507,0.0,nan
99,18,0.058868683276989034,0.0,nan
99,19,0.06789626293509006,0.0,nan
99,20,0.0744772597043231,0.0,nan
99,21,0.047256017561198765,0.0,nan
99,22,0.13319845660612317,0.0,nan
99,23,0.11553498115896839,0.0,nan
99,24,0.01946438563254417,0.0,nan
99,25,0.055054422543902554,0.0,nan
99,26,0.06774468064084095,0.0,nan
99,27,0.6151526333009396,1.0,nan
99,28,0.15124654241305044,0.0,nan
99,29,0.13282986351666368,0.0,nan
99,30,0.20159416449281667,1.0,nan
99,31,0.042257728868122464,0.0,nan
99,32,0.012895237729087291,0.0,nan
99,33,0.10649958608791972,0.0,nan
99,34,0.33311538477591673,1.0,nan
99,35,0.07840595330229157,0.0,nan
99,36,0.17796151222918177,1.0,nan
99,37,0.10081623615034056,0.0,nan
99,38,0.08031244797977038,0.0,nan
99,39,0.19664244171541528,1.0,nan
99,40,0.09882172402025045,0.0,nan
99,41,0.10232676017204602,0.0,nan
99,42,0.222378294590057,1.0,nan
99,43,0.02715895636326774,0.0,nan
99,44,0.2768944399909757,1.0,nan
99,45,0.07747487469570773,0.0,nan
99,46,0.027760118908857382,0.0,nan
99,47,0.13070786982475852,0.0,nan
99,48,5.543546543025454,1.0,nan
99,49,0.27339802390545515,1.0,nan
99,50,0.6959661119304035,1.0,nan
99,51,0.029280770979968052,0.0,nan
99,52,0.049759335269291015,0.0,nan
99,53,0.1134818199381094,0.0,nan
99,54,0.0812895417196153,0.0,nan
99,55,0.2945005461001143,1.0,nan
99,56,0.08189111793098035,0.0,nan
99,57,0.06584290429683833,0.0,nan
99,58,0.099287727096362,0.0,nan
99,59,0.05875809986951694,0.0,nan
99,60,0.16959770788021925,1.0,nan
99,61,0.15196929016922595,0.0,nan
99,62,0.12390583241014344,0.0,nan
99,63,0.07413016568152911,0.0,nan
99,64,0.06608100740998452,0.0,nan
99,65,0.11533246566224106,0.0,nan
99,66,0.12705071834640128,0.0,nan
99,67,0.06662109269302757,0.0,nan
99,68,0.1326330590385152,0.0,nan
99,69,0.20577712882755358,1.0,nan
99,70,0.11662702234627877,0.0,nan
99,71,0.22392879334994492,1.0,nan
99,72,0.09549250986195922,0.0,nan
99,73,0.060431947613236885,0.0,nan
99,74,0.1208938738670027,0.0,nan
99,75,0.0949594193855783,0.0,nan
99,76,0.6943967762293828,1.0,nan
99,77,0.053352178972363565,0.0,nan
99,78,0.24246891478321667,1.0,nan
99,79,0.11154042065383496,0.0,nan
99,80,0.04451193774622769,0.0,nan
99,81,0.08811792998840895,0.0,nan
99,82,0.028903668270226168,0.0,nan
99,83,0.13079538660748913,0.0,nan
99,84,0.07776399800062989,0.0,nan
99,85,0.14016382416360867,0.0,nan
99,86,0.052099636849968683,0.0,nan
99,87,0.7417340371888397,1.0,nan
99,88,0.11926824392790225,0.0,nan
99,89,0.04763971120965306,0.0,nan
99,90,0.06503886577878858,0.0,nan
99,91,0.04503340883114241,0.0,nan
99,92,0.06283236451833261,0.0,nan
99,93,0.014170217412071843,0.0,nan
99,94,0.049149170141583126,0.0,nan
99,95,0.1877934455812133,1.0,nan
99,96,0.07986282979138866,0.0,nan
99,97,1.8006377720089595,1.0,nan
99,98,6.027044210509752,1.0,nan
99,99,0.06945823360001266,0.0,nan
100,0,0.09704237761267692,0.0,0.0007943111365056291
100,1,0.043124669226008217,0.0,0.0003439985972240733
100,2,0.19499969908222178,1.0,0.01049252428686714
100,3,0.05485104769802873,0.0,-0.0017880385715501458
100,4,0.05808459736886759,0.0,-6.052704486695931e-05
100,5,0.12062991574199465,0.0,-0.0005704299986322144
100,6,0.07723491349181803,0.0,-1.2245407253367028e-05
100,7,0.4528080247172624,1.0,0.0030703471672272925
100,8,0.07268548823472087,0.0,0.00043168235102503463
100,9,0.17818517961778496,1.0,-0.0009136790083342163
100,10,0.08205015512689448,0.0,-0.00036619813939316404
100,11,0.09788145882380472,0.0,0.0005984303968264637
100,12,2.3197672155173406,1.0,0.30892415601693496
100,13,0.12195011922364038,0.0,-0.0008278505127189026
100,14,0.15781421260494286,1.0,0.0010430161824199315
100,15,0.1778413136756231,1.0,6.048936002036488e-05
100,16,0.09894314947144568,0.0,0.0007434317316663275
100,17,0.07721867319541582,0.0,0.00034035035427162663
100,18,0.05895089087572715,0.0,0.0004419596910991355
100,19,0.06947215544730313,0.0,-0.0011170663418780744
100,20,0.07460910578188415,0.0,0.00031519769359524886
100,21,0.04667442151491318,0.0,-0.00018581355383769533
100,22,0.13434041798794122,0.0,0.0019498365491069335
100,23,0.12355493445464748,0.0,0.00017948701928668242
100,24,0.0195678204706913,0.0,0.00018953208688396475
100,25,0.05606666616603261,0.0,-0.0009802177129313676
100,26,0.0674387257662676,0.0,0.0006156941770278756
100,27,0.7354954053179839,1.0,0.028016739798711138
100,28,0.1590771763183676,1.0,0.00026334277597794375
100,29,0.13459028597635944,0.0,-0.00247826905993184
100,30,0.20929443301079667,1.0,0.011610596935693197
100,31,0.039069183767746186,0.0,0.0004185263511398684
100,32,0.012759631277831703,0.0,0.00018822906920526488
100,33,0.10656531203410691,0.0,0.0006405550501811546
100,34,0.3250061215563245,1.0,-8.012740887196786e-05
100,35,0.07873745675375898,0.0,-0.0003793217137513481
100,36,0.177947967132689,1.0,0.0090291274173601
100,37,0.10016542931946172,0.0,-0.00017411552741624346
100,38,0.08222453966640457,0.0,0.0007769800662450465
100,39,0.20205508214667414,1.0,0.0011844133771764273
100,40,0.1056039840435985,0.0,0.0004918330832673301
100,41,0.10604578029373736,0.0,0.0007266735931289761
100,42,0.2384203516675953,1.0,0.0008977156525780187
100,43,0.027495953333160277,0.0,0.00016176285387506029
100,44,0.33673314315685704,1.0,0.0017898096648577685
100,45,0.07725523638892354,0.0,0.0012436612672515317
100,46,0.02545016196840816,0.0,-2.6437338620012396e-05
100,47,0.1337721067359031,0.0,-0.00026783774981029636
100,48,5.347026315783825,1.0,0.232775911063084
100,49,0.25097863448693064,1.0,0.003454182534174021
100,50,0.6737690809668058,1.0,-0.0014769126874065032
100,51,0.02883037222624404,0.0,0.00021546604967107968
100,52,0.0517382021029009,0.0,0.00033076500524201614
100,53,0.11628797230366124,0.0,0.0014922480456391147
100,54,0.0887815507537322,0.0,0.0011127089452811923
100,55,0.2645419541859416,1.0,-0.0038983841956169354
100,56,0.08286437439821226,0.0,0.0014143062784943952
100,57,0.06407613645226942,0.0,-0.0004490526234740763
100,58,0.0983848183858418,0.0,-0.0007874126141771327
100,59,0.05993716776700153,0.0,0.0004115047808217072
100,60,0.1739159328548315,1.0,-0.0010071023605319953
100,61,0.15456032164531627,1.0,-0.0013743617794636897
100,62,0.13286483903573496,0.0,0.0038178241115472355
100,63,0.07661424156629752,0.0,-0.0011842391185970655
100,64,0.0692364278387294,0.0,-0.000676332838353418
100,65,0.1201703314942879,0.0,0.0008870389162576204
100,66,0.12873861960938313,0.0,0.00161910953212177
100,67,0.06800760780544146,0.0,-0.0015710830779356497
100,68,0.1354209750890434,0.0,-0.0010540381979718659
100,69,0.18222779780140647,1.0,-0.002592859987022539
100,70,0.1195742630904362,0.0,-0.0010170846775394474
100,71,0.232335662060558,1.0,-6.437158782816041e-05
100,72,0.09968642908308323,0.0,0.000446970925343566
100,73,0.06133956161401594,0.0,5.7297032814630486e-05
100,74,0.12132501055565761,0.0,0.0012474687806270583
100,75,0.09604094794932126,0.0,0.0059702463299101186
100,76,0.6788287649070991,1.0,-0.0017526035095640948
100,77,0.055583112059684595,0.0,0.0010809567053809619
100,78,0.2622495730209664,1.0,0.006461616188820811
100,79,0.1149068164255643,0.0,-0.0005013921443905937
100,80,0.04412371024510003,0.0,0.00010207897674177078
100,81,0.08952311480999608,0.0,-0.0029793694810912917
100,82,0.029495123035182463,0.0,0.0007702961234506586
100,83,0.13642108546174436,0.0,0.0022294048286932906
100,84,0.07656652610645771,0.0,0.0030561379484213592
100,85,0.1134089033344884,0.0,-0.002850730563035433
100,86,0.05061368904876517,0.0,-0.00018701794976837467
100,87,0.8456281549577874,1.0,0.05301473233026579
100,88,0.12062982477095617,0.0,0.0002335942034782587
100,89,0.050093028169239336,0.0,-0.000872862498575242
100,90,0.06581877525603097,0.0,-0.0003378465324542718
100,91,0.046761586788716177,0.0,0.0007842720408269152
100,92,0.06181444848311084,0.0,0.0005560401246043359
100,93,0.013345009106513794,0.0,-0.00013218331673352417
100,94,0.04979034567585063,0.0,0.00014496905337436637
100,95,0.19255572334404297,1.0,0.0029389415270665146
100,96,0.08049630792585917,0.0,-0.0005823868504066991
100,97,2.373014809626455,1.0,0.025016766711565882
100,98,5.754442349482436,1.0,0.12441898534276474
100,99,0.07119274413002309,0.0,-0.0006230657836085545
101,0,0.0868380779653008,0.0,nan
101,1,0.04189987163641247,0.0,nan
101,2,0.1856225921498287,1.0,nan
101,3,0.05496453640888177,0.0,nan
101,4,0.05739611758335849,0.0,nan
101,5,0.11849622365906667,0.0,nan
101,6,0.07245485755424495,0.0,nan
101,7,0.582145897672087,1.0,nan
101,8,0.0716273936793337,0.0,nan
101,9,0.18088875014889294,1.0,nan
101,10,0.08218695928187794,0.0,nan
101,11,0.09322100151572636,0.0,nan
101,12,2.1159461221836846,1.0,nan
101,13,0.12135332471247547,0.0,nan
101,14,0.14393616781500507,0.0,nan
101,15,0.17109838674816522,1.0,nan
101,16,0.0958857399117499,0.0,nan
101,17,0.08396859042418768,0.0,nan
101,18,0.05814011440171278,0.0,nan
101,19,0.06793928114181122,0.0,nan
101,20,0.07440209896068832,0.0,nan
101,21,0.036914237975858806,0.0,nan
101,22,0.13898303678552001,0.0,nan
101,23,0.11938375826454538,0.0,nan
101,24,0.019866203496031205,0.0,nan
101,25,0.05420814001513163,0.0,nan
101,26,0.06363740266456192,0.0,nan
101,27,0.9866516654908795,1.0,nan
101,28,0.158730062727522,1.0,nan
101,29,0.14129687089877951,0.0,nan
101,30,0.20291222421616012,1.0,nan
101,31,0.03643158427225981,0.0,nan
101,32,0.01278419064282845,0.0,nan
101,33,0.10584804963124116,0.0,nan
101,34,0.32293137998531435,1.0,nan
101,35,0.0773303067722329,0.0,nan
101,36,0.17832143332072287,1.0,nan
101,37,0.10367878774116145,0.0,nan
101,38,0.08053692198308599,0.0,nan
101,39,0.22899225049347766,1.0,nan
101,40,0.10105500487053562,0.0,nan
101,41,0.10196128773598243,0.0,nan
101,42,0.22772756243601494,1.0,nan
101,43,0.025704551977648003,0.0,nan
101,44,0.3310518962307027,1.0,nan
101,45,0.0785263008527344,0.0,nan
101,46,0.025599610201135502,0.0,nan
101,47,0.11571834156829477,0.0,nan
101,48,8.004875974610314,1.0,nan
101,49,0.23536673618726667,1.0,nan
101,50,0.6782652990609699,1.0,nan
101,51,0.028863508256551592,0.0,nan
101,52,0.05110262001510538,0.0,nan
101,53,0.11411682603597172,0.0,nan
101,54,0.07780203292506066,0.0,nan
101,55,0.2718971628371054,1.0,nan
101,56,0.08351778650339843,0.0,nan
101,57,0.06598507720629566,0.0,nan
101,58,0.10061980771735042,0.0,nan
101,59,0.06022165350221704,0.0,nan
101,60,0.1777958160769981,1.0,nan
101,61,0.15184512698831756,0.0,nan
101,62,0.12163899375979599,0.0,nan
101,63,0.07671234399755329,0.0,nan
101,64,0.06738328970706663,0.0,nan
101,65,0.12080325343909089,0.0,nan
101,66,0.12693907213402497,0.0,nan
101,67,0.06654492045399515,0.0,nan
101,68,0.13607746788355143,0.0,nan
101,69,0.17707343880109927,1.0,nan
101,70,0.11838029841126939,0.0,nan
101,71,0.24286613501264387,1.0,nan
101,72,0.0970396940546816,0.0,nan
101,73,0.060347607643995105,0.0,nan
101,74,0.11983367173458884,0.0,nan
101,75,0.09507803229457579,0.0,nan
101,76,0.6790583809349353,1.0,nan
101,77,0.036270947934285085,0.0,nan
101,78,0.24527837564866145,1.0,nan
101,79,0.11611636311923672,0.0,nan
101,80,0.04218592196852214,0.0,nan
101,81,0.08773648610874547,0.0,nan
101,82,0.02874410343214951,0.0,nan
101,83,0.13407080719652933,0.0,nan
101,84,0.07153013417517606,0.0,nan
101,85,0.11548642389451479,0.0,nan
101,86,0.05219460744918727,0.0,nan
101,87,0.8032042942128087,1.0,nan
101,88,0.12638659340513042,0.0,nan
101,89,0.045487396667117104,0.0,nan
101,90,0.06628624179508955,0.0,nan
101,91,0.04710104094626393,0.0,nan
101,92,0.06409758793410121,0.0,nan
101,93,0.01376435374716492,0.0,nan
101,94,0.04997814282448361,0.0,nan
101,95,0.19459140145814743,1.0,nan
101,96,0.07540728472707622,0.0,nan
101,97,2.1468616787100987,1.0,nan
101,98,4.691936059648703,1.0,nan
101,99,0.07208967511147618,0.0,nan
102,0,0.12552670210419345,0.0,nan
102,1,0.06560942918165624,0.0,nan
102,2,0.22716249807237004,1.0,nan
102,3,0.08224014412078766,0.0,nan
102,4,0.08516843830315017,0.0,nan
102,5,0.15250022322954246,1.0,nan
102,6,0.09175738245620207,0.0,nan
102,7,1.167157231205768,1.0,nan
102,8,0.10518438732696514,0.0,nan
102,9,0.21657461120536595,1.0,nan
102,10,0.1193785341229927,0.0,nan
102,11,0.07462749595990432,0.0,nan
102,12,1.2587513517986566,1.0,nan
102,13,0.1860698029484399,1.0,nan
102,14,0.20984928288380755,1.0,nan
102,15,0.19381662411753342,1.0,nan
102,16,0.11448298596494964,0.0,nan
102,17,0.1319084387094764,0.0,nan
102,18,0.08223447045721627,0.0,nan
102,19,0.0921385352592115,0.0,nan
102,20,0.11437742450672468,0.0,nan
102,21,0.03475485319461999,0.0,nan
102,22,0.1577553376700621,1.0,nan
102,23,0.11998726416677936,0.0,nan
102,24,0.029760641902194324,0.0,nan
102,25,0.08720870144007242,0.0,nan
102,26,0.08926783545914631,0.0,nan
102,27,0.8604446739939241,1.0,nan
102,28,0.24070760217179335,1.0,nan
102,29,0.09540527568472554,0.0,nan
102,30,0.29850524225576275,1.0,nan
102,31,0.04589236746350198,0.0,nan
102,32,0.017844100458266586,0.0,nan
102,33,0.12686391679801282,0.0,nan
102,34,0.32231015163302806,1.0,nan
102,35,0.08152457145996309,0.0,nan
102,36,0.23561179384817318,1.0,nan
102,37,0.1345091271322533,0.0,nan
102,38,0.12232067926947801,0.0,nan
102,39,0.2075928316655741,1.0,nan
102,40,0.14989096664709806,0.0,nan
102,41,0.14005949599532494,0.0,nan
102,42,0.27001554365148867,1.0,nan
102,43,0.030020127999416144,0.0,nan
102,44,0.26525104108555025,1.0,nan
102,45,0.1224362208548491,0.0,nan
102,46,0.03538673889311078,0.0,nan
102,47,0.16808232899397038,1.0,nan
102,48,10.803052226483375,1.0,nan
102,49,0.3961755059515446,1.0,nan
102,50,0.34765818096181517,1.0,nan
102,51,0.04443576450190231,0.0,nan
102,52,0.06943465615810164,0.0,nan
102,53,0.16412389523998125,1.0,nan
102,54,0.12135414563274197,0.0,nan
102,55,0.28352857268589,1.0,nan
102,56,0.12556360091553456,0.0,nan
102,57,0.08194963810488268,0.0,nan
102,58,0.13654989100523182,0.0,nan
102,59,0.0826559137556352,0.0,nan
102,60,0.24238454166372814,1.0,nan
102,61,0.2228697298504216,1.0,nan
102,62,0.1901174850735309,1.0,nan
102,63,0.10681697053510789,0.0,nan
102,64,0.09668702741326389,0.0,nan
102,65,0.12080122129211156,0.0,nan
102,66,0.18563355701125736,1.0,nan
102,67,0.09513850357078307,0.0,nan
102,68,0.18627682360612846,1.0,nan
102,69,0.26788236902545987,1.0,nan
102,70,0.17802866174811185,1.0,nan
102,71,0.21410366250469623,1.0,nan
102,72,0.13713499629939246,0.0,nan
102,73,0.08212087145996647,0.0,nan
102,74,0.14364270343676916,0.0,nan
102,75,0.14136209520823945,0.0,nan
102,76,0.7063953946205048,1.0,nan
102,77,0.060640766909066376,0.0,nan
102,78,0.35854652944021675,1.0,nan
102,79,0.1458688058534424,0.0,nan
102,80,0.05797018911216674,0.0,nan
102,81,0.14463514493719448,0.0,nan
102,82,0.0412477924387918,0.0,nan
102,83,0.19870405277282435,1.0,nan
102,84,0.10450983228354949,0.0,nan
102,85,0.06422386471098766,0.0,nan
102,86,0.07687439392279877,0.0,nan
102,87,1.6184285741033457,1.0,nan
102,88,0.1844830318312902,1.0,nan
102,89,0.06973284113429655,0.0,nan
102,90,0.11447966883781059,0.0,nan
102,91,0.08586565494373083,0.0,nan
102,92,0.09293299582527201,0.0,nan
102,93,0.018393125315503384,0.0,nan
102,94,0.06707913764744763,0.0,nan
102,95,0.2083963763112616,1.0,nan
102,96,0.1337493913459594,0.0,nan
102,97,0.8976513700835088,1.0,nan
102,98,0.6153613428638076,1.0,nan
102,99,0.11608355517492121,0.0,nan
103,0,0.06886173423716964,0.0,nan
103,1,0.04618317467101828,0.0,nan
103,2,0.11480691204905652,0.0,nan
103,3,0.05652513049015682,0.0,nan
103,4,0.059133197205640385,0.0,nan
103,5,0.0991101147032831,0.0,nan
103,6,0.06561568155669219,0.0,nan
103,7,0.18180575388536718,1.0,nan
103,8,0.06998118068258602,0.0,nan
103,9,0.19397039774027183,1.0,nan
103,10,0.0892232137345698,0.0,nan
103,11,0.10023534877175236,0.0,nan
103,12,2.8307094348626123,1.0,nan
103,13,0.14034498384797994,0.0,nan
103,14,0.11127995802617578,0.0,nan
103,15,0.19511858663728154,1.0,nan
103,16,0.08861224117939547,0.0,nan
103,17,0.11071684530642954,0.0,nan
103,18,0.056828189235650445,0.0,nan
103,19,0.06646781567582583,0.0,nan
103,20,0.07534610486261153,0.0,nan
103,21,0.018843070675209187,0.0,nan
103,22,0.15653176743235686,1.0,nan
103,23,0.11094535305447302,0.0,nan
103,24,0.020223738939255193,0.0,nan
103,25,0.049004529632575344,0.0,nan
103,26,0.05925280650419706,0.0,nan
103,27,0.883517274142291,1.0,nan
103,28,0.1833007815756801,1.0,nan
103,29,0.34458261960159886,1.0,nan
103,30,0.18168077010768555,1.0,nan
103,31,0.030285061047476407,0.0,nan
103,32,0.010866210204975961,0.0,nan
103,33,0.09393972980231566,0.0,nan
103,34,0.44394424398877846,1.0,nan
103,35,0.05331751939952812,0.0,nan
103,36,0.21635245175634163,1.0,nan
103,37,0.11947259540334657,0.0,nan
103,38,0.07892357211195876,0.0,nan
103,39,0.44033740679671646,1.0,nan
103,40,0.11538288431261687,0.0,nan
103,41,0.08866754017941632,0.0,nan
103,42,0.2193434036720098,1.0,nan
103,43,0.02192129039583839,0.0,nan
103,44,0.20844637122809356,1.0,nan
103,45,0.08109012248311107,0.0,nan
103,46,0.02101282390020043,0.0,nan
103,47,0.09424371972362465,0.0,nan
103,48,6.568238510286889,1.0,nan
103,49,0.1272759944054084,0.0,nan
103,50,0.5127466266816035,1.0,nan
103,51,0.028293683843144412,0.0,nan
103,52,0.05272993513593088,0.0,nan
103,53,0.10537767974633445,0.0,nan
103,54,0.09090382225538196,0.0,nan
103,55,0.3745854680451228,1.0,nan
103,56,0.09299472151413747,0.0,nan
103,57,0.07866898679701129,0.0,nan
103,58,0.09368288033947753,0.0,nan
103,59,0.062131684440870034,0.0,nan
103,60,0.21414645303885854,1.0,nan
103,61,0.11853250135275313,0.0,nan
103,62,0.08193047574192054,0.0,nan
103,63,0.09336460359238057,0.0,nan
103,64,0.06786831076190887,0.0,nan
103,65,0.1358930467205344,0.0,nan
103,66,0.12438709065302321,0.0,nan
103,67,0.060653605539814526,0.0,nan
103,68,0.15213204737558714,0.0,nan
103,69,0.12570324862885132,0.0,nan
103,70,0.16512917208035338,1.0,nan
103,71,0.29725837862700666,1.0,nan
103,72,0.07487515076420774,0.0,nan
103,73,0.057530593347146455,0.0,nan
103,74,0.09590097010703455,0.0,nan
103,75,0.10872007136672218,0.0,nan
103,76,0.41745529839452006,1.0,nan
103,77,0.026319332301579252,0.0,nan
103,78,0.30929862276750936,1.0,nan
103,79,0.13174320675186527,0.0,nan
103,80,0.03765807775841702,0.0,nan
103,81,0.09234955462366369,0.0,nan
103,82,0.026122554168382127,0.0,nan
103,83,0.1439117310679199,0.0,nan
103,84,0.07154231495743434,0.0,nan
103,85,0.13228832475866026,0.0,nan
103,86,0.046954886467697736,0.0,nan
103,87,0.42896459326861675,1.0,nan
103,88,0.15922977342573422,1.0,nan
103,89,0.035287394413479264,0.0,nan
103,90,0.07374027228284825,0.0,nan
103,91,0.04734135928906169,0.0,nan
103,92,0.06925110970608131,0.0,nan
103,93,0.010278018039320182,0.0,nan
103,94,0.0746277684526311,0.0,nan
103,95,0.3163956104869948,1.0,nan
103,96,0.06829160584697869,0.0,nan
103,97,3.5159411514154377,1.0,nan
103,98,5.284327470152631,1.0,nan
103,99,0.09052466420552606,0.0,nan
104,0,0.05561081568195074,0.0,nan
104,1,0.05228432242891363,0.0,nan
104,2,0.09575168810636461,0.0,nan
104,3,0.05766394772236208,0.0,nan
104,4,0.06231925138362064,0.0,nan
104,5,0.08801220963058087,0.0,nan
104,6,0.07863920836313369,0.0,nan
104,7,1.0725699665819504,1.0,nan
104,8,0.06878325319464888,0.0,nan
104,9,0.16398284909809085,1.0,nan
104,10,0.07845695445840437,0.0,nan
104,11,0.2676366244366699,1.0,nan
104,12,2.861864078565963,1.0,nan
104,13,0.09775758340850331,0.0,nan
104,14,0.07771448563102996,0.0,nan
104,15,0.19116309255097946,1.0,nan
104,16,0.09560241209885606,0.0,nan
104,17,0.07673616264382727,0.0,nan
104,18,0.062430910714580935,0.0,nan
104,19,0.06874983750859907,0.0,nan
104,20,0.06307693756248105,0.0,nan
104,21,0.02396085996966729,0.0,nan
104,22,0.14414720708925352,0.0,nan
104,23,0.09343764891964992,0.0,nan
104,24,0.020753672413045415,0.0,nan
104,25,0.04889481294874675,0.0,nan
104,26,0.05491703566495449,0.0,nan
104,27,0.9321461003766415,1.0,nan
104,28,0.1515998156851104,0.0,nan
104,29,0.28787833327016127,1.0,nan
104,30,0.1536394082538221,1.0,nan
104,31,0.053359557442743316,0.0,nan
104,32,0.016558578509808953,0.0,nan
104,33,0.14179883029607743,0.0,nan
104,34,0.46490066813336295,1.0,nan
104,35,0.06164690128292913,0.0,nan
104,36,0.13305160783097522,0.0,nan
104,37,0.10415128029333168,0.0,nan
104,38,0.0760561484234282,0.0,nan
104,39,0.28226268340726474,1.0,nan
104,40,0.17556950843812075,1.0,nan
104,41,0.06922033399066539,0.0,nan
104,42,0.19323665893185346,1.0,nan
104,43,0.04546030068414789,0.0,nan
104,44,0.14994566485494873,0.0,nan
104,45,0.057214924345277904,0.0,nan
104,46,0.027941316343439538,0.0,nan
104,47,0.08282328717260888,0.0,nan
104,48,8.76192647349563,1.0,nan
104,49,0.10109023785299798,0.0,nan
104,50,0.8108733168991764,1.0,nan
104,51,0.032640788915446826,0.0,nan
104,52,0.05888060994001133,0.0,nan
104,53,0.08750723386447733,0.0,nan
104,54,0.07321171443894314,0.0,nan
104,55,0.403423355872559,1.0,nan
104,56,0.08164394722787666,0.0,nan
104,57,0.11076295412516296,0.0,nan
104,58,0.08009916067045317,0.0,nan
104,59,0.06942912164718533,0.0,nan
104,60,0.13304831211162182,0.0,nan
104,61,0.09418666626227444,0.0,nan
104,62,0.06588274066834132,0.0,nan
104,63,0.07919460973242252,0.0,nan
104,64,0.05953635945458169,0.0,nan
104,65,0.27577612140690466,1.0,nan
104,66,0.11038542824118154,0.0,nan
104,67,0.05517076034008959,0.0,nan
104,68,0.12193226382964682,0.0,nan
104,69,0.11456005184798582,0.0,nan
104,70,0.09621981654422042,0.0,nan
104,71,0.3409886655145096,1.0,nan
104,72,0.07080426958770826,0.0,nan
104,73,0.06682990932512947,0.0,nan
104,74,0.0796676651129511,0.0,nan
104,75,0.09704779299318149,0.0,nan
104,76,0.6122786790218155,1.0,nan
104,77,0.028432329136612956,0.0,nan
104,78,0.15803116335005515,1.0,nan
104,79,0.1102087396880357,0.0,nan
104,80,0.043175166479795794,0.0,nan
104,81,0.06936468720384027,0.0,nan
104,82,0.029886789179195933,0.0,nan
104,83,0.11945600822941539,0.0,nan
104,84,0.05981405898236316,0.0,nan
104,85,0.1467452091163161,0.0,nan
104,86,0.049974335763457924,0.0,nan
104,87,0.7190019221812447,1.0,nan
104,88,0.10838038039858944,0.0,nan
104,89,0.030853658062789766,0.0,nan
104,90,0.05461044961279104,0.0,nan
104,91,0.03856810684875619,0.0,nan
104,92,0.05287417653369348,0.0,nan
104,93,0.015681402410622085,0.0,nan
104,94,0.082407014537551,0.0,nan
104,95,1.0681279511978716,1.0,nan
104,96,0.05758407817493398,0.0,nan
104,97,3.823800923644847,1.0,nan
104,98,1.3623010192178135,1.0,nan
104,99,0.07071822458906982,0.0,nan
105,0,0.05628997771012139,0.0,nan
105,1,0.04900360950081013,0.0,nan
105,2,0.10227975136451409,0.0,nan
105,3,0.05608490063523639,0.0,nan
105,4,0.06375354426067865,0.0,nan
105,5,0.0848294326254585,0.0,nan
105,6,0.07801630856926292,0.0,nan
105,7,0.928892924642083,1.0,nan
105,8,0.07103244387425524,0.0,nan
105,9,0.17113273974846113,1.0,nan
105,10,0.08041120321281338,0.0,nan
105,11,0.2166774251074864,1.0,nan
105,12,2.7069071620255873,1.0,nan
105,13,0.10315780981657303,0.0,nan
105,14,0.07723281705675893,0.0,nan
105,15,0.18520159768025854,1.0,nan
105,16,0.10391744027852248,0.0,nan
105,17,0.07850378544203004,0.0,nan
105,18,0.06192103011960465,0.0,nan
105,19,0.06922237441673611,0.0,nan
105,20,0.06337109109307242,0.0,nan
105,21,0.02207094643307317,0.0,nan
105,22,0.14366800764307017,0.0,nan
105,23,0.10423364065424956,0.0,nan
105,24,0.02005101789655341,0.0,nan
105,25,0.04758304829345742,0.0,nan
105,26,0.05630010527402838,0.0,nan
105,27,0.8664804879590462,1.0,nan
105,28,0.15260919993232494,1.0,nan
105,29,0.3277993770466294,1.0,nan
105,30,0.15975710042461005,1.0,nan
105,31,0.04949014731917644,0.0,nan
105,32,0.014968812542401018,0.0,nan
105,33,0.15314876431295074,1.0,nan
105,34,0.380075182262989,1.0,nan
105,35,0.060441929678065526,0.0,nan
105,36,0.13584471516452273,0.0,nan
105,37,0.10724036974609705,0.0,nan
105,38,0.07821177856031743,0.0,nan
105,39,0.37109635763665944,1.0,nan
105,40,0.16223320309295702,1.0,nan
105,41,0.06963661251146892,0.0,nan
105,42,0.20043496732847596,1.0,nan
105,43,0.03953692886621707,0.0,nan
105,44,0.1692083054613279,1.0,nan
105,45,0.0598606249409345,0.0,nan
105,46,0.026584118160808315,0.0,nan
105,47,0.08006375961731063,0.0,nan
105,48,8.201961928963305,1.0,nan
105,49,0.09479668362473893,0.0,nan
105,50,0.8720135563684546,1.0,nan
105,51,0.03148213318367912,0.0,nan
105,52,0.06152678540354956,0.0,nan
105,53,0.08857519900090753,0.0,nan
105,54,0.07256246875508136,0.0,nan
105,55,0.3599843135097859,1.0,nan
105,56,0.08094856956153985,0.0,nan
105,57,0.11639470470437914,0.0,nan
105,58,0.0771540453438192,0.0,nan
105,59,0.06909613470056977,0.0,nan
105,60,0.1403646116381094,0.0,nan
105,61,0.08489796507441592,0.0,nan
105,62,0.06800825537793066,0.0,nan
105,63,0.0834216948150402,0.0,nan
105,64,0.05959461111960261,0.0,nan
105,65,0.3725272785257746,1.0,nan
105,66,0.11766941455719843,0.0,nan
105,67,0.05444687904212956,0.0,nan
105,68,0.12717049659525656,0.0,nan
105,69,0.12407292062515266,0.0,nan
105,70,0.10272750734695726,0.0,nan
105,71,0.34200859887357865,1.0,nan
105,72,0.06954548278563845,0.0,nan
105,73,0.06428991087907462,0.0,nan
105,74,0.08140400166709216,0.0,nan
105,75,0.09704583256121686,0.0,nan
105,76,0.5202617720971918,1.0,nan
105,77,0.028905824853419488,0.0,nan
105,78,0.16676127728547227,1.0,nan
105,79,0.1087042662105945,0.0,nan
105,80,0.04186746372283692,0.0,nan
105,81,0.068796587278894,0.0,nan
105,82,0.029196057299109558,0.0,nan
105,83,0.12092732960963777,0.0,nan
105,84,0.06195508189914585,0.0,nan
105,85,0.0962387358247726,0.0,nan
105,86,0.04849906552529976,0.0,nan
105,87,0.6773015569238758,1.0,nan
105,88,0.11465675371919881,0.0,nan
105,89,0.0305068028184521,0.0,nan
105,90,0.056653832354537435,0.0,nan
105,91,0.03856865800334642,0.0,nan
105,92,0.054933441218681836,0.0,nan
105,93,0.014304723473538198,0.0,nan
105,94,0.09322482547995871,0.0,nan
105,95,0.8274302447937018,1.0,nan
105,96,0.05652792693226359,0.0,nan
105,97,3.2877589344494393,1.0,nan
105,98,3.4382568742682067,1.0,nan
105,99,0.07629364647116599,0.0,nan
106,0,0.002204176282808433,0.0,nan
106,1,2.6416520665901342e-06,0.0,nan
106,2,0.0014357962330196405,0.0,nan
106,3,1.3414631209958866e-05,0.0,nan
106,4,0.0005330699242623103,0.0,nan
106,5,0.0006254689236816515,0.0,nan
106,6,0.05583881927084767,0.0,nan
106,7,0.004658016304553607,0.0,nan
106,8,0.0004517495174799006,0.0,nan
106,9,0.4465319800739767,1.0,nan
106,10,3.32565878579666e-05,0.0,nan
106,11,2.86884746672276e-05,0.0,nan
106,12,0.00024886641710736827,0.0,nan
106,13,0.0032036645505518282,0.0,nan
106,14,0.0008582836497877378,0.0,nan
106,15,0.001123552281038657,0.0,nan
106,16,0.0005354918193398872,0.0,nan
106,17,0.4975756003900519,1.0,nan
106,18,6.266824008666945e-06,0.0,nan
106,19,6.670705546164069e-06,0.0,nan
106,20,0.0004603174321190838,0.0,nan
106,21,0.007276881985281975,0.0,nan
106,22,0.013077091262376613,0.0,nan
106,23,0.0008869361824087836,0.0,nan
106,24,0.004424276816470951,0.0,nan
106,25,0.2673252805871583,1.0,nan
106,26,7.029186872466236e-05,0.0,nan
106,27,0.012714792475391645,0.0,nan
106,28,0.003546799618362044,0.0,nan
106,29,0.5847529169960952,1.0,nan
106,30,0.0031233461759114524,0.0,nan
106,31,0.0032761113320279,0.0,nan
106,32,5.858621984648444e-05,0.0,nan
106,33,0.004555892752909845,0.0,nan
106,34,2.92048723602054e-07,0.0,nan
106,35,0.00039318373017761745,0.0,nan
106,36,2.6866729445421058e-05,0.0,nan
106,37,0.0010383629143303574,0.0,nan
106,38,3.433689519061536e-06,0.0,nan
106,39,0.0014418490535544391,0.0,nan
106,40,0.010901481409322173,0.0,nan
106,41,0.13945147126830554,0.0,nan
106,42,0.0010798582199908618,0.0,nan
106,43,3.889912779820101e-06,0.0,nan
106,44,0.00042235591355752115,0.0,nan
106,45,0.0005802683405543527,0.0,nan
106,46,3.096200060837402e-05,0.0,nan
106,47,2.556536721850474e-05,0.0,nan
106,48,0.0030300001763692566,0.0,nan
106,49,9.091040691944295e-05,0.0,nan
106,50,7.555990971806005e-05,0.0,nan
106,51,0.00016312719167863106,0.0,nan
106,52,0.0009551216817545587,0.0,nan
106,53,1.1956882497653267,1.0,nan
106,54,4.407249506430185e-06,0.0,nan
106,55,0.00012850568514888663,0.0,nan
106,56,6.774675498491117e-06,0.0,nan
106,57,0.00020147189651235635,0.0,nan
106,58,1.8599185117053894e-05,0.0,nan
106,59,6.676757347824946e-06,0.0,nan
106,60,3.67543230875225e-05,0.0,nan
106,61,2.5680515470469716e-05,0.0,nan
106,62,0.001494932829555282,0.0,nan
106,63,0.00010265815482265549,0.0,nan
106,64,0.000714940677036171,0.0,nan
106,65,1.3269386991412945e-06,0.0,nan
106,66,5.1391221122957885e-05,0.0,nan
106,67,0.010021146650229816,0.0,nan
106,68,0.05278237438615131,0.0,nan
106,69,0.0002170033826466293,0.0,nan
106,70,0.5977416718064887,1.0,nan
106,71,9.817491473995166e-05,0.0,nan
106,72,0.6986114160543999,1.0,nan
106,73,0.044585711468423224,0.0,nan
106,74,0.022121889871122555,0.0,nan
106,75,0.04408109684262038,0.0,nan
106,76,0.0021465660293320185,0.0,nan
106,77,0.0002556267492071815,0.0,nan
106,78,1.4648298302971328,1.0,nan
106,79,0.23964219730321895,1.0,nan
106,80,7.974565676551215e-06,0.0,nan
106,81,0.0024731905145448725,0.0,nan
106,82,0.0018633669840943058,0.0,nan
106,83,0.00019566727643169398,0.0,nan
106,84,0.0009476970864353857,0.0,nan
106,85,0.02568977838288047,0.0,nan
106,86,2.933080118214367e-07,0.0,nan
106,87,0.0005957532870266719,0.0,nan
106,88,0.001482272028006087,0.0,nan
106,89,0.029727777858051925,0.0,nan
106,90,0.0024678844135805765,0.0,nan
106,91,0.001382262384729857,0.0,nan
106,92,6.842730628803981e-05,0.0,nan
106,93,0.001950003714759518,0.0,nan
106,94,0.023487446253767353,0.0,nan
106,95,2.2404267954324926,1.0,nan
106,96,6.057606080112641e-05,0.0,nan
106,97,1.7319365608119014e-05,0.0,nan
106,98,0.0014279037621295928,0.0,nan
106,99,0.0007596842504368796,0.0,nan
107,0,0.036255978356811276,0.0,nan
107,1,0.034983642269942605,0.0,nan
107,2,0.09239592999968814,0.0,nan
107,3,0.05345076289217661,0.0,nan
107,4,0.07127928406092868,0.0,nan
107,5,0.05088167643683516,0.0,nan
107,6,0.066770689766518,0.0,nan
107,7,0.4517404010443027,1.0,nan
107,8,0.05543529073808502,0.0,nan
107,9,0.19387082509408582,1.0,nan
107,10,0.07418498421693458,0.0,nan
107,11,0.03845283838770889,0.0,nan
107,12,2.1577353768398715,1.0,nan
107,13,0.09462760234026761,0.0,nan
107,14,0.05869765212444531,0.0,nan
107,15,0.08219908171400497,0.0,nan
107,16,0.08374575839614716,0.0,nan
107,17,0.09024822920044073,0.0,nan
107,18,0.050494694649240376,0.0,nan
107,19,0.10188287106252032,0.0,nan
107,20,0.04507494882746551,0.0,nan
107,21,0.018149621417900507,0.0,nan
107,22,0.15999703959985878,1.0,nan
107,23,0.05414267405061912,0.0,nan
107,24,0.015091629663352172,0.0,nan
107,25,0.05341732955573412,0.0,nan
107,26,0.04545324918815156,0.0,nan
107,27,0.9793554760119174,1.0,nan
107,28,0.11204234572631658,0.0,nan
107,29,0.39552160020899824,1.0,nan
107,30,0.12089896416047081,0.0,nan
107,31,0.04483654397729284,0.0,nan
107,32,0.009779627698458191,0.0,nan
107,33,0.06834851304293883,0.0,nan
107,34,0.35270573478161804,1.0,nan
107,35,0.04221665934891313,0.0,nan
107,36,0.22915714602207007,1.0,nan
107,37,0.060688351536756356,0.0,nan
107,38,0.07067954946925235,0.0,nan
107,39,0.36502755199202136,1.0,nan
107,40,0.05797751851263474,0.0,nan
107,41,0.05595516451763341,0.0,nan
107,42,0.10138773700022184,0.0,nan
107,43,0.04606238834772747,0.0,nan
107,44,0.06886397665017517,0.0,nan
107,45,0.06311681794732647,0.0,nan
107,46,0.025179762858174647,0.0,nan
107,47,0.10306156004855933,0.0,nan
107,48,10.478688490035559,1.0,nan
107,49,0.06231943461835131,0.0,nan
107,50,0.24423845459565596,1.0,nan
107,51,0.0275428846639576,0.0,nan
107,52,0.039794510248434924,0.0,nan
107,53,0.09293641089628485,0.0,nan
107,54,0.07643416257451102,0.0,nan
107,55,0.435562478840176,1.0,nan
107,56,0.07470768565719094,0.0,nan
107,57,0.09352640737557116,0.0,nan
107,58,0.0637985305621303,0.0,nan
107,59,0.05613933743571146,0.0,nan
107,60,0.1547666640734195,1.0,nan
107,61,0.06705158393266758,0.0,nan
107,62,0.0491380118307469,0.0,nan
107,63,0.06079735051769835,0.0,nan
107,64,0.04325315357213357,0.0,nan
107,65,0.1664209022733301,1.0,nan
107,66,0.15232871988831273,0.0,nan
107,67,0.039965685392681236,0.0,nan
107,68,0.11000819480509096,0.0,nan
107,69,0.09349498571428173,0.0,nan
107,70,0.11432801014259208,0.0,nan
107,71,0.0718287550424465,0.0,nan
107,72,0.05633034404303472,0.0,nan
107,73,0.04859317674577696,0.0,nan
107,74,0.07113334504990623,0.0,nan
107,75,0.15379483843290334,1.0,nan
107,76,0.5160641059282958,1.0,nan
107,77,0.02639217663212537,0.0,nan
107,78,0.1632542512661346,1.0,nan
107,79,0.12781595956187058,0.0,nan
107,80,0.046578894001782625,0.0,nan
107,81,0.05245637497265241,0.0,nan
107,82,0.022962117576256644,0.0,nan
107,83,0.10607480057592156,0.0,nan
107,84,0.054093070260456524,0.0,nan
107,85,0.11063866833105987,0.0,nan
107,86,0.04043887412099106,0.0,nan
107,87,1.0267094342885539,1.0,nan
107,88,0.08763749290427966,0.0,nan
107,89,0.03067197185452968,0.0,nan
107,90,0.050805216312172274,0.0,nan
107,91,0.04435303359831124,0.0,nan
107,92,0.05148253164207434,0.0,nan
107,93,0.009319289789197749,0.0,nan
107,94,0.10384423058535688,0.0,nan
107,95,0.29241161586541825,1.0,nan
107,96,0.07027545703986263,0.0,nan
107,97,2.7938397521042564,1.0,nan
107,98,0.3766178257214115,1.0,nan
107,99,0.05881984301059086,0.0,nan
108,0,0.05057926153097741,0.0,nan
108,1,0.0442734585793005,0.0,nan
108,2,0.11506160103449113,0.0,nan
108,3,0.06222330127705908,0.0,nan
108,4,0.08066071932193215,0.0,nan
108,5,0.07583342861692692,0.0,nan
108,6,0.07841272753379025,0.0,nan
108,7,0.8813912866479309,1.0,nan
108,8,0.06745421675314457,0.0,nan
108,9,0.2045948640182094,1.0,nan
108,10,0.08860641823486455,0.0,nan
108,11,0.05145936613154362,0.0,nan
108,12,0.6483553995765922,1.0,nan
108,13,0.13441265401286118,0.0,nan
108,14,0.08479560666690149,0.0,nan
108,15,0.1221819342038317,0.0,nan
108,16,0.10734911754363796,0.0,nan
108,17,0.09130952980460058,0.0,nan
108,18,0.05731189705669895,0.0,nan
108,19,0.07637660428807752,0.0,nan
108,20,0.06317263976412493,0.0,nan
108,21,0.03592335168756453,0.0,nan
108,22,0.1320680852779611,0.0,nan
108,23,0.06827331464759896,0.0,nan
108,24,0.016264396322759434,0.0,nan
108,25,0.060075525531157206,0.0,nan
108,26,0.056588495550658265,0.0,nan
108,27,1.1265708770123195,1.0,nan
108,28,0.1865474733274413,1.0,nan
108,29,0.08914608549031623,0.0,nan
108,30,0.18020066324034412,1.0,nan
108,31,0.03929857404336393,0.0,nan
108,32,0.011682889650481948,0.0,nan
108,33,0.1386608470003243,0.0,nan
108,34,0.14315873894139713,0.0,nan
108,35,0.05869146205110893,0.0,nan
108,36,0.2732799531174098,1.0,nan
108,37,0.07866298167019882,0.0,nan
108,38,0.0857720963619735,0.0,nan
108,39,0.26156175406127596,1.0,nan
108,40,0.08809489071460118,0.0,nan
108,41,0.07200252987903394,0.0,nan
108,42,0.1562726754306058,1.0,nan
108,43,0.026585945978455573,0.0,nan
108,44,0.10379977112223851,0.0,nan
108,45,0.0854419986150973,0.0,nan
108,46,0.026068431714617608,0.0,nan
108,47,0.11097346996000099,0.0,nan
108,48,4.436097219438,1.0,nan
108,49,0.09450031822351332,0.0,nan
108,50,0.28945935738185846,1.0,nan
108,51,0.031004684702008845,0.0,nan
108,52,0.05314369288329677,0.0,nan
108,53,0.10112562676015378,0.0,nan
108,54,0.09791580823695345,0.0,nan
108,55,0.27888514042527335,1.0,nan
108,56,0.08092631635213819,0.0,nan
108,57,0.0821268594913945,0.0,nan
108,58,0.0810811472441383,0.0,nan
108,59,0.060036584102557855,0.0,nan
108,60,0.2179384686541469,1.0,nan
108,61,0.09866790254217264,0.0,nan
108,62,0.07655241992920707,0.0,nan
108,63,0.07649966075801684,0.0,nan
108,64,0.05639074124710903,0.0,nan
108,65,0.2275100956970723,1.0,nan
108,66,0.1379538327520348,0.0,nan
108,67,0.05081522127305074,0.0,nan
108,68,0.14599686367048711,0.0,nan
108,69,0.13846241776636078,0.0,nan
108,70,0.20253114565846458,1.0,nan
108,71,0.1116150862072175,0.0,nan
108,72,0.0673737196107472,0.0,nan
108,73,0.061310092100943125,0.0,nan
108,74,0.08477535302948347,0.0,nan
108,75,0.77155428925904,1.0,nan
108,76,0.47435759404452943,1.0,nan
108,77,0.03700601402235774,0.0,nan
108,78,0.2391689417323872,1.0,nan
108,79,0.1303161787426223,0.0,nan
108,80,0.04631738499898731,0.0,nan
108,81,0.07005117843975171,0.0,nan
108,82,0.02454059473205026,0.0,nan
108,83,0.1429891999915215,0.0,nan
108,84,0.07430836718799864,0.0,nan
108,85,0.15254084974811688,1.0,nan
108,86,0.05161313119922073,0.0,nan
108,87,0.30604308640795386,1.0,nan
108,88,0.12575892428830207,0.0,nan
108,89,0.04427207342146522,0.0,nan
108,90,0.0671205575566168,0.0,nan
108,91,0.052527202136979576,0.0,nan
108,92,0.05850106946243101,0.0,nan
108,93,0.011365327872532397,0.0,nan
108,94,0.12647575683366588,0.0,nan
108,95,1.1974844700060008,1.0,nan
108,96,0.10421150729801079,0.0,nan
108,97,1.2661701104053393,1.0,nan
108,98,6.1767682451752135,1.0,nan
108,99,0.09281259576273022,0.0,nan
109,0,0.0453515565560827,0.0,nan
109,1,0.03537592374668992,0.0,nan
109,2,0.1022456665935047,0.0,nan
109,3,0.056613144196622,0.0,nan
109,4,0.07701551256662756,0.0,nan
109,5,0.0690738728718879,0.0,nan
109,6,0.06262403234626854,0.0,nan
109,7,0.8831692056462738,1.0,nan
109,8,0.05718981263204534,0.0,nan
109,9,0.1494640208413228,0.0,nan
109,10,0.06799017888257425,0.0,nan
109,11,0.03973177399653227,0.0,nan
109,12,0.9015380553735737,1.0,nan
109,13,0.10528717584413637,0.0,nan
109,14,0.07384003391023661,0.0,nan
109,15,0.12283768845894638,0.0,nan
109,16,0.08140942020097144,0.0,nan
109,17,0.07400038459455718,0.0,nan
109,18,0.05146948215081119,0.0,nan
109,19,0.06445816362292123,0.0,nan
109,20,0.052889658365357604,0.0,nan
109,21,0.03639243677076102,0.0,nan
109,22,0.1065611481223047,0.0,nan
109,23,0.05474128041771705,0.0,nan
109,24,0.013497782511807818,0.0,nan
109,25,0.05357300251659119,0.0,nan
109,26,0.04406316913774667,0.0,nan
109,27,1.6160619276027983,1.0,nan
109,28,0.14896243934007464,0.0,nan
109,29,0.1774404095819815,1.0,nan
109,30,0.16538721986157848,1.0,nan
109,31,0.02745926343594728,0.0,nan
109,32,0.011557087206641283,0.0,nan
109,33,0.15322222413115108,1.0,nan
109,34,0.07157586285465,0.0,nan
109,35,0.05593834200138788,0.0,nan
109,36,0.3212731850941322,1.0,nan
109,37,0.06274808043724753,0.0,nan
109,38,0.07517689294445529,0.0,nan
109,39,0.2015693848449292,1.0,nan
109,40,0.07794916498086207,0.0,nan
109,41,0.06163527570735468,0.0,nan
109,42,0.11159833902157798,0.0,nan
109,43,0.022906598455371418,0.0,nan
109,44,0.09127917509069108,0.0,nan
109,45,0.06067824443451438,0.0,nan
109,46,0.02715953372231535,0.0,nan
109,47,0.10387293193694024,0.0,nan
109,48,6.797510850046733,1.0,nan
109,49,0.07632454860130328,0.0,nan
109,50,0.20324194702001047,1.0,nan
109,51,0.027138423824210518,0.0,nan
109,52,0.044792389495004636,0.0,nan
109,53,0.07670666927653835,0.0,nan
109,54,0.0870675684656924,0.0,nan
109,55,0.4728549830204926,1.0,nan
109,56,0.07016649402041417,0.0,nan
109,57,0.06461929189389787,0.0,nan
109,58,0.06888780114096907,0.0,nan
109,59,0.04708343763310727,0.0,nan
109,60,0.17094641098388239,1.0,nan
109,61,0.07633424277696339,0.0,nan
109,62,0.0843374186928773,0.0,nan
109,63,0.05365630392084593,0.0,nan
109,64,0.048015034775023675,0.0,nan
109,65,0.1884913121802261,1.0,nan
109,66,0.15128638813577397,0.0,nan
109,67,0.03828453773942868,0.0,nan
109,68,0.10984581989864604,0.0,nan
109,69,0.15535065848718194,1.0,nan
109,70,0.19017139242380887,1.0,nan
109,71,0.08688529973828076,0.0,nan
109,72,0.057818896077164846,0.0,nan
109,73,0.05673418466037869,0.0,nan
109,74,0.07618244034028197,0.0,nan
109,75,1.1195033365979028,1.0,nan
109,76,0.4394377852798064,1.0,nan
109,77,0.032441423923010936,0.0,nan
109,78,0.22636804463373275,1.0,nan
109,79,0.09443898336610293,0.0,nan
109,80,0.038942032220807055,0.0,nan
109,81,0.06650790849260949,0.0,nan
109,82,0.0220876966793052,0.0,nan
109,83,0.11398807741000043,0.0,nan
109,84,0.06143953985562955,0.0,nan
109,85,0.18986317722598164,1.0,nan
109,86,0.04556743908888125,0.0,nan
109,87,0.6388530366622285,1.0,nan
109,88,0.09382949359470685,0.0,nan
109,89,0.047459583946495895,0.0,nan
109,90,0.05270605200519219,0.0,nan
109,91,0.045170850416207095,0.0,nan
109,92,0.044574942550406095,0.0,nan
109,93,0.01279177873311783,0.0,nan
109,94,0.09324092003932478,0.0,nan
109,95,1.6605725661073645,1.0,nan
109,96,0.09922871013324759,0.0,nan
109,97,1.9164227882694884,1.0,nan
109,98,0.3095382905047116,1.0,nan
109,99,0.08176172104447833,0.0,nan
110,0,0.05497859385913122,0.0,nan
110,1,0.042097304941756494,0.0,nan
110,2,0.08028021442541922,0.0,nan
110,3,0.060126875890509086,0.0,nan
110,4,0.07076895579064121,0.0,nan
110,5,0.08009297937232251,0.0,nan
110,6,0.06686111628748591,0.0,nan
110,7,1.0120571721495208,1.0,nan
110,8,0.07774365602920352,0.0,nan
110,9,0.3171974153626105,1.0,nan
110,10,0.07297631175863845,0.0,nan
110,11,0.12909036458541986,0.0,nan
110,12,1.6451240628342751,1.0,nan
110,13,0.10331942648795948,0.0,nan
110,14,0.09102171356558472,0.0,nan
110,15,0.12473572152591682,0.0,nan
110,16,0.15204261316812523,0.0,nan
110,17,0.0791641320671402,0.0,nan
110,18,0.05429461264111969,0.0,nan
110,19,0.0691038930492512,0.0,nan
110,20,0.05594926178551343,0.0,nan
110,21,0.03461051924996831,0.0,nan
110,22,0.2159702109199056,1.0,nan
110,23,0.08902742406365506,0.0,nan
110,24,0.014970144787699126,0.0,nan
110,25,0.04825481984869374,0.0,nan
110,26,0.04843258619023037,0.0,nan
110,27,0.986114361165154,1.0,nan
110,28,0.11785082448316808,0.0,nan
110,29,0.15845789695751597,1.0,nan
110,30,0.11393021513055712,0.0,nan
110,31,0.044887768238746156,0.0,nan
110,32,0.012726746567873998,0.0,nan
110,33,0.394681801873601,1.0,nan
110,34,0.20525885676102212,1.0,nan
110,35,0.06598013880900898,0.0,nan
110,36,0.17414079607936195,1.0,nan
110,37,0.07511995406033438,0.0,nan
110,38,0.06355179170968674,0.0,nan
110,39,0.3159575003705787,1.0,nan
110,40,0.12219892092514587,0.0,nan
110,41,0.11024123868078123,0.0,nan
110,42,0.18226283035498939,1.0,nan
110,43,0.024483974812109625,0.0,nan
110,44,0.35980368371373045,1.0,nan
110,45,0.08416882486306483,0.0,nan
110,46,0.02721737836190913,0.0,nan
110,47,0.11884058992652438,0.0,nan
110,48,6.18262849782827,1.0,nan
110,49,0.0799083969448166,0.0,nan
110,50,0.25226049026768316,1.0,nan
110,51,0.028650426476065336,0.0,nan
110,52,0.05539315072036726,0.0,nan
110,53,0.07665244948337607,0.0,nan
110,54,0.08579126501038342,0.0,nan
110,55,0.23913174647308116,1.0,nan
110,56,0.05944926716424243,0.0,nan
110,57,0.124097234990117,0.0,nan
110,58,0.09037486075999682,0.0,nan
110,59,0.06116740707648582,0.0,nan
110,60,0.16039997360185862,1.0,nan
110,61,0.08985997650088888,0.0,nan
110,62,0.08587779677622033,0.0,nan
110,63,0.06038450723195228,0.0,nan
110,64,0.05279831613939039,0.0,nan
110,65,1.1247477646975808,1.0,nan
110,66,0.1160758787382508,0.0,nan
110,67,0.04946565283939112,0.0,nan
110,68,0.11230289010026524,0.0,nan
110,69,0.10081099504281352,0.0,nan
110,70,0.09046222092641493,0.0,nan
110,71,0.10685739722426833,0.0,nan
110,72,0.06677546785049174,0.0,nan
110,73,0.10152295947865085,0.0,nan
110,74,0.07051401013509731,0.0,nan
110,75,0.10445705483665702,0.0,nan
110,76,0.3672903819340295,1.0,nan
110,77,0.04070659246580675,0.0,nan
110,78,0.13705706935850834,0.0,nan
110,79,0.14540113849820155,0.0,nan
110,80,0.041963745224536234,0.0,nan
110,81,0.06077143590844828,0.0,nan
110,82,0.021183000736424193,0.0,nan
110,83,0.11560669292479263,0.0,nan
110,84,0.06763196940739674,0.0,nan
110,85,0.08152859157598237,0.0,nan
110,86,0.04765085763861571,0.0,nan
110,87,0.1350879776653113,0.0,nan
110,88,0.12165462282744452,0.0,nan
110,89,0.03318043626868819,0.0,nan
110,90,0.0477276987223977,0.0,nan
110,91,0.0398679510687177,0.0,nan
110,92,0.055583736656252915,0.0,nan
110,93,0.011441389628190576,0.0,nan
110,94,0.08580266338110577,0.0,nan
110,95,0.2128017682524651,1.0,nan
110,96,0.08055886340887791,0.0,nan
110,97,2.148514219750028,1.0,nan
110,98,7.868377410364076,1.0,nan
110,99,0.0838960041625268,0.0,nan
111,0,0.06550373679953041,0.0,nan
111,1,0.04549062600354581,0.0,nan
111,2,0.09226091562318861,0.0,nan
111,3,0.06274389986361358,0.0,nan
111,4,0.07903327295466483,0.0,nan
111,5,0.07312206900094527,0.0,nan
111,6,0.05844401282591322,0.0,nan
111,7,0.9439349155259685,1.0,nan
111,8,0.07457598690823229,0.0,nan
111,9,0.1403939622299829,0.0,nan
111,10,0.06961597223044924,0.0,nan
111,11,0.05837107644669633,0.0,nan
111,12,0.46455725842220547,1.0,nan
111,13,0.09662621374354155,0.0,nan
111,14,2.276445988949996,1.0,nan
111,15,0.11526173575786283,0.0,nan
111,16,0.1330292970588432,0.0,nan
111,17,0.07572001755030718,0.0,nan
111,18,0.049733547943043376,0.0,nan
111,19,0.07651514274258672,0.0,nan
111,20,0.052541441525909796,0.0,nan
111,21,0.03543034755337452,0.0,nan
111,22,0.1278391955790942,0.0,nan
111,23,0.10603011335432071,0.0,nan
111,24,0.014092758041524307,0.0,nan
111,25,0.05646859865880014,0.0,nan
111,26,0.05047931073733634,0.0,nan
111,27,0.40761100428520036,1.0,nan
111,28,0.12518904476235956,0.0,nan
111,29,0.14151796225110827,0.0,nan
111,30,0.1818416661218847,1.0,nan
111,31,0.051896368726901294,0.0,nan
111,32,0.011116732192367513,0.0,nan
111,33,0.12638853387721838,0.0,nan
111,34,0.5843106774681913,1.0,nan
111,35,0.0585934735325645,0.0,nan
111,36,0.3212189732489809,1.0,nan
111,37,0.06864479427745467,0.0,nan
111,38,0.0738071747691489,0.0,nan
111,39,0.18264030377625518,1.0,nan
111,40,0.23658040215023615,1.0,nan
111,41,0.10553843812480325,0.0,nan
111,42,0.160662220225124,1.0,nan
111,43,0.02827548374562916,0.0,nan
111,44,0.1539871062806361,1.0,nan
111,45,0.057824143422842145,0.0,nan
111,46,0.02653953996225217,0.0,nan
111,47,0.10948610048790997,0.0,nan
111,48,9.919665547589045,1.0,nan
111,49,0.06845395497375717,0.0,nan
111,50,0.2945737239084638,1.0,nan
111,51,0.025615446832785625,0.0,nan
111,52,0.04594548734659125,0.0,nan
111,53,0.07123007164162654,0.0,nan
111,54,0.08144308363811446,0.0,nan
111,55,0.48816859234978915,1.0,nan
111,56,0.05514672442549283,0.0,nan
111,57,0.06501637803211617,0.0,nan
111,58,0.08721556386991551,0.0,nan
111,59,0.05381020180589778,0.0,nan
111,60,0.15320573724408687,1.0,nan
111,61,0.06134335030012235,0.0,nan
111,62,0.09127658729012235,0.0,nan
111,63,0.05565483427767444,0.0,nan
111,64,0.055643983905708294,0.0,nan
111,65,0.18624827864906318,1.0,nan
111,66,0.13289262492017598,0.0,nan
111,67,0.03738416477039951,0.0,nan
111,68,0.11919292240250076,0.0,nan
111,69,0.1161779087544565,0.0,nan
111,70,0.21086835183038846,1.0,nan
111,71,0.0956767012951589,0.0,nan
111,72,0.05891322486297471,0.0,nan
111,73,0.17157841317484726,1.0,nan
111,74,0.08113984801839758,0.0,nan
111,75,0.9651255900231628,1.0,nan
111,76,0.2256595863410159,1.0,nan
111,77,0.0340769105178302,0.0,nan
111,78,0.17851459175246223,1.0,nan
111,79,0.1094135436556822,0.0,nan
111,80,0.04393195802454186,0.0,nan
111,81,0.07202660785104367,0.0,nan
111,82,0.018843378847916967,0.0,nan
111,83,0.11731827748069253,0.0,nan
111,84,0.05502033812898837,0.0,nan
111,85,0.16116435898969816,1.0,nan
111,86,0.04047028941700857,0.0,nan
111,87,0.10769004303409008,0.0,nan
111,88,0.09007302548220691,0.0,nan
111,89,0.03301090150965596,0.0,nan
111,90,0.046251736623576824,0.0,nan
111,91,0.033608932975137534,0.0,nan
111,92,0.04236600072841507,0.0,nan
111,93,0.009832687073907222,0.0,nan
111,94,0.057358928505502366,0.0,nan
111,95,1.4736157021836607,1.0,nan
111,96,0.07340271147593061,0.0,nan
111,97,1.3096649584336288,1.0,nan
111,98,0.21224433715273192,1.0,nan
111,99,0.0723549756645157,0.0,nan
112,0,0.1016283754141234,0.0,nan
112,1,0.04744663894847674,0.0,nan
112,2,0.09491197319726503,0.0,nan
112,3,0.07036437427478433,0.0,nan
112,4,0.07777122317598839,0.0,nan
112,5,0.09134889364341967,0.0,nan
112,6,0.05942773645119129,0.0,nan
112,7,0.8590020459728687,1.0,nan
112,8,0.08930997634806478,0.0,nan
112,9,0.1607729774979112,1.0,nan
112,10,0.07954678491236011,0.0,nan
112,11,0.0735854729814615,0.0,nan
112,12,1.61349857769381,1.0,nan
112,13,0.10903852553920888,0.0,nan
112,14,0.2857501633116458,1.0,nan
112,15,0.14538036092864093,0.0,nan
112,16,0.12123382170566918,0.0,nan
112,17,0.08404674131732602,0.0,nan
112,18,0.05397571147058814,0.0,nan
112,19,0.08904882708397088,0.0,nan
112,20,0.06086315208653414,0.0,nan
112,21,0.04449841079220243,0.0,nan
112,22,0.12201053787240732,0.0,nan
112,23,0.14508560265994272,0.0,nan
112,24,0.017884646382418424,0.0,nan
112,25,0.05418927588615118,0.0,nan
112,26,0.05452828209939055,0.0,nan
112,27,0.5568693069031798,1.0,nan
112,28,0.17400137699014942,1.0,nan
112,29,0.08166458560750951,0.0,nan
112,30,0.24323379997831826,1.0,nan
112,31,0.05824305295165003,0.0,nan
112,32,0.012447446218472057,0.0,nan
112,33,0.17492794191926722,1.0,nan
112,34,0.3698890492316031,1.0,nan
112,35,0.06770520754073021,0.0,nan
112,36,0.2069056604346231,1.0,nan
112,37,0.08599578894162713,0.0,nan
112,38,0.09099262659208752,0.0,nan
112,39,0.21784935126829122,1.0,nan
112,40,1.881732734430607,1.0,nan
112,41,0.16638956169699046,1.0,nan
112,42,0.23350765208973917,1.0,nan
112,43,0.030730042714547837,0.0,nan
112,44,0.19320033514291443,1.0,nan
112,45,0.058939250409490704,0.0,nan
112,46,0.028891834285108223,0.0,nan
112,47,0.09094558478909517,0.0,nan
112,48,12.280634835482589,1.0,nan
112,49,0.07592981094129414,0.0,nan
112,50,0.4185438396066224,1.0,nan
112,51,0.027683709108944066,0.0,nan
112,52,0.054936352747163894,0.0,nan
112,53,0.08243154906603324,0.0,nan
112,54,0.08862552233162975,0.0,nan
112,55,0.3498308602960314,1.0,nan
112,56,0.06888913942727268,0.0,nan
112,57,0.0698483005216726,0.0,nan
112,58,0.08678427569210463,0.0,nan
112,59,0.05719261410600591,0.0,nan
112,60,0.16367052147468156,1.0,nan
112,61,0.066449374963199,0.0,nan
112,62,0.10267798287395807,0.0,nan
112,63,0.058597864787473086,0.0,nan
112,64,0.06101088004993337,0.0,nan
112,65,0.1472753360747305,0.0,nan
112,66,0.15679287889434435,1.0,nan
112,67,0.04558573756014224,0.0,nan
112,68,0.12851125150507603,0.0,nan
112,69,0.12427814132710138,0.0,nan
112,70,0.1447515170572515,0.0,nan
112,71,0.12002825261147088,0.0,nan
112,72,0.06363945090193036,0.0,nan
112,73,0.35009477697349134,1.0,nan
112,74,0.10126103390231767,0.0,nan
112,75,0.33429445987340756,1.0,nan
112,76,0.586316774846537,1.0,nan
112,77,0.0345472452791551,0.0,nan
112,78,0.2210976077389676,1.0,nan
112,79,0.10779459772679119,0.0,nan
112,80,0.04796859483727785,0.0,nan
112,81,0.08429103411290118,0.0,nan
112,82,0.02216777696976552,0.0,nan
112,83,0.1275925207516625,0.0,nan
112,84,0.06606291895376055,0.0,nan
112,85,0.16446713619054948,1.0,nan
112,86,0.05598397597313697,0.0,nan
112,87,0.3040737488420767,1.0,nan
112,88,0.10983667820558395,0.0,nan
112,89,0.03337269063535732,0.0,nan
112,90,0.0568729887321856,0.0,nan
112,91,0.03328272420621582,0.0,nan
112,92,0.048417275108199445,0.0,nan
112,93,0.010914761912801885,0.0,nan
112,94,0.05934167984304774,0.0,nan
112,95,1.4899016749166936,1.0,nan
112,96,0.07561916094514257,0.0,nan
112,97,2.3073557131223006,1.0,nan
112,98,0.363050294860099,1.0,nan
112,99,0.0695436207184393,0.0,nan
113,0,0.05090684351457325,0.0,nan
113,1,0.03661283996167041,0.0,nan
113,2,0.07415253729166632,0.0,nan
113,3,0.07781701985454041,0.0,nan
113,4,0.0811685099920596,0.0,nan
113,5,0.059913719015044005,0.0,nan
113,6,0.055326303817920586,0.0,nan
113,7,0.17625094869037075,1.0,nan
113,8,0.06386035467978579,0.0,nan
113,9,0.16718130442849707,1.0,nan
113,10,0.07374474015434641,0.0,nan
113,11,0.03604151586610806,0.0,nan
113,12,0.7280570897759575,1.0,nan
113,13,0.07216551496740037,0.0,nan
113,14,0.09275558881118452,0.0,nan
113,15,0.08391759911783048,0.0,nan
113,16,0.13094133961922175,0.0,nan
113,17,0.06259821591834776,0.0,nan
113,18,0.05559097956461032,0.0,nan
113,19,0.13824153793200722,0.0,nan
113,20,0.044798441651840645,0.0,nan
113,21,0.28634717790858044,1.0,nan
113,22,0.1350744056526757,0.0,nan
113,23,0.06269949574310818,0.0,nan
113,24,0.014428842193595201,0.0,nan
113,25,0.06468874641770678,0.0,nan
113,26,0.058842605985390276,0.0,nan
113,27,0.9592109020879427,1.0,nan
113,28,0.0890454127485111,0.0,nan
113,29,0.07436059179796108,0.0,nan
113,30,0.11461841448843398,0.0,nan
113,31,0.03328146638084269,0.0,nan
113,32,0.01091688237742188,0.0,nan
113,33,0.07862300580176274,0.0,nan
113,34,0.09656765415384083,0.0,nan
113,35,0.054769951408768114,0.0,nan
113,36,0.47170041113906525,1.0,nan
113,37,0.05736212729299049,0.0,nan
113,38,0.45334434896333636,1.0,nan
113,39,0.14463728475088167,0.0,nan
113,40,0.06851928745397616,0.0,nan
113,41,0.08106891763956248,0.0,nan
113,42,0.09961052098976377,0.0,nan
113,43,0.028446818241502636,0.0,nan
113,44,0.11096634475916167,0.0,nan
113,45,0.056582042185003026,0.0,nan
113,46,0.03697131290427023,0.0,nan
113,47,0.1797671998152397,1.0,nan
113,48,4.4039588636320675,1.0,nan
113,49,0.06004664638444464,0.0,nan
113,50,0.12094713914162744,0.0,nan
113,51,0.029704986974102437,0.0,nan
113,52,0.0437802200579755,0.0,nan
113,53,0.07530110274548743,0.0,nan
113,54,0.17280175815848042,1.0,nan
113,55,0.36272199228786234,1.0,nan
113,56,0.06496057776955816,0.0,nan
113,57,0.07096062136874114,0.0,nan
113,58,0.07032573327534022,0.0,nan
113,59,0.05679880165949458,0.0,nan
113,60,0.12791607870592298,0.0,nan
113,61,0.05142089016725604,0.0,nan
113,62,0.07346529730031655,0.0,nan
113,63,0.04964392506912925,0.0,nan
113,64,0.04755033830387551,0.0,nan
113,65,0.12402871579063021,0.0,nan
113,66,0.1692113230080759,1.0,nan
113,67,0.038070244115039405,0.0,nan
113,68,0.08568456929035635,0.0,nan
113,69,0.1384988199218278,0.0,nan
113,70,0.1379289608780854,0.0,nan
113,71,0.05941128721541919,0.0,nan
113,72,0.09843167752366257,0.0,nan
113,73,0.11678086962631222,0.0,nan
113,74,0.10174656219506076,0.0,nan
113,75,0.10218333777013748,0.0,nan
113,76,0.4177637831730589,1.0,nan
113,77,0.027519609077829316,0.0,nan
113,78,0.11776720908901628,0.0,nan
113,79,0.12280823821701167,0.0,nan
113,80,0.05078681351999082,0.0,nan
113,81,0.0697855093686207,0.0,nan
113,82,0.025867186748744303,0.0,nan
113,83,0.08834583036443722,0.0,nan
113,84,0.051336152898287454,0.0,nan
113,85,0.19872314190618068,1.0,nan
113,86,0.060524029391392356,0.0,nan
113,87,4.990793321493212,1.0,nan
113,88,0.0852671354627277,0.0,nan
113,89,0.045985837045962534,0.0,nan
113,90,0.043289467486034086,0.0,nan
113,91,0.043158117813157405,0.0,nan
113,92,0.046219133416012206,0.0,nan
113,93,0.01249999875440424,0.0,nan
113,94,0.03900274335678419,0.0,nan
113,95,0.33887961943548245,1.0,nan
113,96,0.0793235075077068,0.0,nan
113,97,0.6706754457212829,1.0,nan
113,98,0.1414463409174255,0.0,nan
113,99,0.052747470926177244,0.0,nan
114,0,0.07766459383890158,0.0,nan
114,1,0.04075030186273893,0.0,nan
114,2,0.0818669370701705,0.0,nan
114,3,0.07519030840988848,0.0,nan
114,4,0.07444862231125256,0.0,nan
114,5,0.07021032344835161,0.0,nan
114,6,0.054844192134943306,0.0,nan
114,7,0.822637105804677,1.0,nan
114,8,0.06596891229841592,0.0,nan
114,9,0.16874891077377976,1.0,nan
114,10,0.07266396202965579,0.0,nan
114,11,0.05651298313490957,0.0,nan
114,12,1.140413709212243,1.0,nan
114,13,0.09115180551779967,0.0,nan
114,14,0.7781653910344369,1.0,nan
114,15,0.10579675592047881,0.0,nan
114,16,0.13208648461117123,0.0,nan
114,17,0.07610588975790789,0.0,nan
114,18,0.061370846358112414,0.0,nan
114,19,0.09317096664644343,0.0,nan
114,20,0.05091460197091055,0.0,nan
114,21,0.20533681588346478,1.0,nan
114,22,0.11893890017394385,0.0,nan
114,23,0.12057381596250226,0.0,nan
114,24,0.01429287734964108,0.0,nan
114,25,0.04933868634395591,0.0,nan
114,26,0.05447568910747183,0.0,nan
114,27,1.1580711223031508,1.0,nan
114,28,0.12961691912711873,0.0,nan
114,29,0.08607535344886072,0.0,nan
114,30,0.13106432457412562,0.0,nan
114,31,0.0451823934917002,0.0,nan
114,32,0.013092167250961758,0.0,nan
114,33,0.15023456855553355,0.0,nan
114,34,0.20335355328778057,1.0,nan
114,35,0.06499341917995163,0.0,nan
114,36,0.3223284103365326,1.0,nan
114,37,0.08536234681161899,0.0,nan
114,38,0.08939539303416995,0.0,nan
114,39,0.20696759517057442,1.0,nan
114,40,0.12885125944194584,0.0,nan
114,41,0.09153374124079273,0.0,nan
114,42,0.12187258393598235,0.0,nan
114,43,0.03303002636263448,0.0,nan
114,44,0.5249134607247673,1.0,nan
114,45,0.053898372847967745,0.0,nan
114,46,0.03690414084230562,0.0,nan
114,47,0.1137710035245999,0.0,nan
114,48,8.716079368314954,1.0,nan
114,49,0.06502198457385344,0.0,nan
114,50,0.17162382674245677,1.0,nan
114,51,0.030027216927064636,0.0,nan
114,52,0.045026442389331074,0.0,nan
114,53,0.07418612815569915,0.0,nan
114,54,0.09459530063729908,0.0,nan
114,55,0.40959732634214346,1.0,nan
114,56,0.12072526110165178,0.0,nan
114,57,0.06404338672220172,0.0,nan
114,58,0.08196782470184952,0.0,nan
114,59,0.0537268288093632,0.0,nan
114,60,0.16460210835793512,1.0,nan
114,61,0.05566395874447052,0.0,nan
114,62,0.07757762215925068,0.0,nan
114,63,0.05336384080509812,0.0,nan
114,64,0.054591267490673806,0.0,nan
114,65,0.2679937679408699,1.0,nan
114,66,0.14734176863260004,0.0,nan
114,67,0.035223455825359545,0.0,nan
114,68,0.10470297394405854,0.0,nan
114,69,0.13399117010144115,0.0,nan
114,70,0.16797596732056233,1.0,nan
114,71,0.0877566161984096,0.0,nan
114,72,0.07664233702905315,0.0,nan
114,73,0.10379283296919992,0.0,nan
114,74,0.08428386319031919,0.0,nan
114,75,0.09220239339355145,0.0,nan
114,76,0.3998678002403799,1.0,nan
114,77,0.023279310711868843,0.0,nan
114,78,0.1319231038202704,0.0,nan
114,79,0.10541895757811777,0.0,nan
114,80,0.04409443560693548,0.0,nan
114,81,0.06645811793312546,0.0,nan
114,82,0.027132620000881263,0.0,nan
114,83,0.10504666185674841,0.0,nan
114,84,0.05507971022510194,0.0,nan
114,85,0.19285709420603944,1.0,nan
114,86,0.05708025884216172,0.0,nan
114,87,0.7998728299591342,1.0,nan
114,88,0.1016452837081779,0.0,nan
114,89,0.039998201996147856,0.0,nan
114,90,0.04850383405701903,0.0,nan
114,91,0.03654508995929442,0.0,nan
114,92,0.04567780895807565,0.0,nan
114,93,0.016312993743644463,0.0,nan
114,94,0.05503343658489628,0.0,nan
114,95,1.0000241206471008,1.0,nan
114,96,0.06579558023270553,0.0,nan
114,97,1.6904612728321848,1.0,nan
114,98,0.13944619596098815,0.0,nan
114,99,0.0641290846056768,0.0,nan
115,0,0.08151309543527312,0.0,nan
115,1,0.0348319667536251,0.0,nan
115,2,0.07011208360656998,0.0,nan
115,3,0.08616716337258756,0.0,nan
115,4,0.07465930950618943,0.0,nan
115,5,0.07351041362457797,0.0,nan
115,6,0.05360903295013782,0.0,nan
115,7,0.5548651374758274,1.0,nan
115,8,0.07393564645285097,0.0,nan
115,9,0.16758102038150938,1.0,nan
115,10,0.06775856425502308,0.0,nan
115,11,0.035212915130581,0.0,nan
115,12,1.0669636058980754,1.0,nan
115,13,0.0765223974324237,0.0,nan
115,14,0.2561816477168154,1.0,nan
115,15,0.11986463358153315,0.0,nan
115,16,0.1283639416188501,0.0,nan
115,17,0.06412357842038142,0.0,nan
115,18,0.05728174162127375,0.0,nan
115,19,0.1057044082238324,0.0,nan
115,20,0.048901163815909574,0.0,nan
115,21,0.14590735025724602,0.0,nan
115,22,0.11453744314011305,0.0,nan
115,23,0.09768572132770607,0.0,nan
115,24,0.013429856257370382,0.0,nan
115,25,0.056372906616268766,0.0,nan
115,26,0.054881123603632245,0.0,nan
115,27,0.8374444137802762,1.0,nan
115,28,0.11232905212539804,0.0,nan
115,29,0.07004805202789559,0.0,nan
115,30,0.13491963754505035,0.0,nan
115,31,0.03277952067218723,0.0,nan
115,32,0.010253297787003214,0.0,nan
115,33,0.12106429565423886,0.0,nan
115,34,0.13628678802521282,0.0,nan
115,35,0.05208070663032409,0.0,nan
115,36,0.2713625684099211,1.0,nan
115,37,0.0639136084201729,0.0,nan
115,38,0.08890952017120199,0.0,nan
115,39,0.1220332587172358,0.0,nan
115,40,0.11366559963185115,0.0,nan
115,41,0.10487701448860329,0.0,nan
115,42,0.13689352289544707,0.0,nan
115,43,0.02206855996023757,0.0,nan
115,44,0.23263024347547015,1.0,nan
115,45,0.05449791598826181,0.0,nan
115,46,0.02697545024710953,0.0,nan
115,47,0.24881320106783172,1.0,nan
115,48,7.733841437468901,1.0,nan
115,49,0.06461420254100969,0.0,nan
115,50,0.17651131407675485,1.0,nan
115,51,0.028584474499390243,0.0,nan
115,52,0.047543665153544926,0.0,nan
115,53,0.07432767785644921,0.0,nan
115,54,0.15264828554336604,1.0,nan
115,55,0.32454813954493683,1.0,nan
115,56,0.11250913638659905,0.0,nan
115,57,0.06570145082231629,0.0,nan
115,58,0.08286806129851775,0.0,nan
115,59,0.056301474497755306,0.0,nan
115,60,0.14188827128352707,0.0,nan
115,61,0.05547963478576171,0.0,nan
115,62,0.08765834174741577,0.0,nan
115,63,0.05370196652854556,0.0,nan
115,64,0.049207737553934795,0.0,nan
115,65,0.15010493529430896,0.0,nan
115,66,0.13302842730868758,0.0,nan
115,67,0.03895181849374105,0.0,nan
115,68,0.09180691430179128,0.0,nan
115,69,0.13124632064578534,0.0,nan
115,70,0.1355803115117337,0.0,nan
115,71,0.0741180754727019,0.0,nan
115,72,0.11190927034832289,0.0,nan
115,73,0.10099761049808614,0.0,nan
115,74,0.10379374705414413,0.0,nan
115,75,0.1864505483948023,1.0,nan
115,76,0.45351110972732683,1.0,nan
115,77,0.026463753394741246,0.0,nan
115,78,0.13633114242179986,0.0,nan
115,79,0.10205927238638242,0.0,nan
115,80,0.039225387334645756,0.0,nan
115,81,0.08464587131638594,0.0,nan
115,82,0.02397762021470946,0.0,nan
115,83,0.09422693317796557,0.0,nan
115,84,0.051480481084109075,0.0,nan
115,85,0.183654892088114,1.0,nan
115,86,0.05972982258218937,0.0,nan
115,87,3.0492916851691882,1.0,nan
115,88,0.09054825106530937,0.0,nan
115,89,0.04762316928215323,0.0,nan
115,90,0.044302058366461526,0.0,nan
115,91,0.0484594038032254,0.0,nan
115,92,0.043863060619625915,0.0,nan
115,93,0.012424719882134068,0.0,nan
115,94,0.04213008014073603,0.0,nan
115,95,0.479616635998779,1.0,nan
115,96,0.0940752697493082,0.0,nan
115,97,1.2085413354955492,1.0,nan
115,98,0.22125638758075092,1.0,nan
115,99,0.0674751007546607,0.0,nan
116,0,0.05925097313160107,0.0,nan
116,1,0.03598741402139711,0.0,nan
116,2,0.07877644313000574,0.0,nan
116,3,0.07844578095839108,0.0,nan
116,4,0.07204053950598145,0.0,nan
116,5,0.06463137834682137,0.0,nan
116,6,0.05254918081024664,0.0,nan
116,7,0.29526108685026786,1.0,nan
116,8,0.06776032397292253,0.0,nan
116,9,0.17285702288513044,1.0,nan
116,10,0.0711397744896658,0.0,nan
116,11,0.02994991217932397,0.0,nan
116,12,0.9940655047786867,1.0,nan
116,13,0.08120993126874197,0.0,nan
116,14,0.1316233815142767,0.0,nan
116,15,0.090456677012697,0.0,nan
116,16,0.12011537827032703,0.0,nan
116,17,0.07651646225471939,0.0,nan
116,18,0.05789443559724124,0.0,nan
116,19,0.12453368816170211,0.0,nan
116,20,0.04532117647478398,0.0,nan
116,21,0.16148480205681884,1.0,nan
116,22,0.12005644027337012,0.0,nan
116,23,0.0728150275422075,0.0,nan
116,24,0.014069257985699826,0.0,nan
116,25,0.056603466024320745,0.0,nan
116,26,0.05700387656217286,0.0,nan
116,27,1.0536057940951788,1.0,nan
116,28,0.09909758726216021,0.0,nan
116,29,0.06891057117155285,0.0,nan
116,30,0.10150128181463933,0.0,nan
116,31,0.028577847295800506,0.0,nan
116,32,0.012111695260912877,0.0,nan
116,33,0.09035272774039795,0.0,nan
116,34,0.07810304806625601,0.0,nan
116,35,0.05206653615274909,0.0,nan
116,36,0.49501940742644784,1.0,nan
116,37,0.06181482817058298,0.0,nan
116,38,0.10014684864557336,0.0,nan
116,39,0.15042751208495234,0.0,nan
116,40,0.07404795506496105,0.0,nan
116,41,0.08268123866405652,0.0,nan
116,42,0.10091455732112417,0.0,nan
116,43,0.02716386079261375,0.0,nan
116,44,0.13907207210558958,0.0,nan
116,45,0.06016313396652534,0.0,nan
116,46,0.042973775472127114,0.0,nan
116,47,0.20363352599003753,1.0,nan
116,48,4.156910984139302,1.0,nan
116,49,0.06392792680775271,0.0,nan
116,50,0.1179365343283704,0.0,nan
116,51,0.030474616397545534,0.0,nan
116,52,0.04329788353582007,0.0,nan
116,53,0.07232329542232166,0.0,nan
116,54,0.10914522253088874,0.0,nan
116,55,0.3238148174996398,1.0,nan
116,56,0.09413765417614096,0.0,nan
116,57,0.06700023564615254,0.0,nan
116,58,0.08525596305583255,0.0,nan
116,59,0.05723512978743744,0.0,nan
116,60,0.16683144286875776,1.0,nan
116,61,0.055927392952075536,0.0,nan
116,62,0.0784416289760253,0.0,nan
116,63,0.05244639102519467,0.0,nan
116,64,0.04686021545881963,0.0,nan
116,65,0.11340930713561581,0.0,nan
116,66,0.1752644095744191,1.0,nan
116,67,0.036474281442645654,0.0,nan
116,68,0.08886220129710573,0.0,nan
116,69,0.1118441682301709,0.0,nan
116,70,0.10617715718140588,0.0,nan
116,71,0.06269422528776256,0.0,nan
116,72,0.11222894061882117,0.0,nan
116,73,0.09923143894345703,0.0,nan
116,74,0.0919475589342859,0.0,nan
116,75,0.15812468429156384,1.0,nan
116,76,0.48143590581633194,1.0,nan
116,77,0.025762903095360702,0.0,nan
116,78,0.12334870866899557,0.0,nan
116,79,0.1038085160643208,0.0,nan
116,80,0.041769115920555315,0.0,nan
116,81,0.0669120346707257,0.0,nan
116,82,0.027948616894070986,0.0,nan
116,83,0.08124148774267868,0.0,nan
116,84,0.05147398614224792,0.0,nan
116,85,0.1769940797509895,1.0,nan
116,86,0.06161012218205531,0.0,nan
116,87,5.254911462334902,1.0,nan
116,88,0.10188870220257912,0.0,nan
116,89,0.05601076907943145,0.0,nan
116,90,0.04663656687517812,0.0,nan
116,91,0.05668090959510671,0.0,nan
116,92,0.046883254553600165,0.0,nan
116,93,0.016894793304199435,0.0,nan
116,94,0.05427509593774555,0.0,nan
116,95,0.24011978841246698,1.0,nan
116,96,0.0844662244693318,0.0,nan
116,97,0.595423968600326,1.0,nan
116,98,0.13001778077720927,0.0,nan
116,99,0.06346549363262093,0.0,nan
117,0,0.06873098064544214,0.0,nan
117,1,0.04064049354128351,0.0,nan
117,2,0.07036577281512026,0.0,nan
117,3,0.0731779425110965,0.0,nan
117,4,0.08169208757694248,0.0,nan
117,5,0.06982939536662369,0.0,nan
117,6,0.053976840206499885,0.0,nan
117,7,0.39569338758721323,1.0,nan
117,8,0.07214746688664465,0.0,nan
117,9,0.15940008661061378,1.0,nan
117,10,0.07303741706598707,0.0,nan
117,11,0.0407962039764054,0.0,nan
117,12,1.3237457142117837,1.0,nan
117,13,0.07343966685184024,0.0,nan
117,14,0.17538602809787676,1.0,nan
117,15,0.10507844343534914,0.0,nan
117,16,0.12758309360888453,0.0,nan
117,17,0.06843418129886755,0.0,nan
117,18,0.05270685385072685,0.0,nan
117,19,0.12105670327779589,0.0,nan
117,20,0.04993180428385892,0.0,nan
117,21,0.15649673952703694,1.0,nan
117,22,0.125345511494859,0.0,nan
117,23,0.08624430715673323,0.0,nan
117,24,0.01661809164189137,0.0,nan
117,25,0.059798867619038125,0.0,nan
117,26,0.06065794131125882,0.0,nan
117,27,0.839610961854711,1.0,nan
117,28,0.08761115311416816,0.0,nan
117,29,0.08151350407529832,0.0,nan
117,30,0.10877556647473506,0.0,nan
117,31,0.04042311309520999,0.0,nan
117,32,0.01256142714110642,0.0,nan
117,33,0.1021892535125427,0.0,nan
117,34,0.13926477447289073,0.0,nan
117,35,0.056906896198391725,0.0,nan
117,36,0.42518538402823564,1.0,nan
117,37,0.06899798687081289,0.0,nan
117,38,0.09675025090185164,0.0,nan
117,39,0.1312874125221569,0.0,nan
117,40,0.08204519088810895,0.0,nan
117,41,0.07895477329839377,0.0,nan
117,42,0.11045257367784582,0.0,nan
117,43,0.032656328221439844,0.0,nan
117,44,0.1878327037403155,1.0,nan
117,45,0.05784535069814594,0.0,nan
117,46,0.03810043978602137,0.0,nan
117,47,0.23462433571029873,1.0,nan
117,48,4.602955036571595,1.0,nan
117,49,0.05515596934832313,0.0,nan
117,50,0.115358279871599,0.0,nan
117,51,0.034585955280346324,0.0,nan
117,52,0.05041474023373356,0.0,nan
117,53,0.05842453947629997,0.0,nan
117,54,0.163353818713398,1.0,nan
117,55,0.3063769439365118,1.0,nan
117,56,0.09072690143172389,0.0,nan
117,57,0.07282768754998997,0.0,nan
117,58,0.08385380355553286,0.0,nan
117,59,0.06140911188549448,0.0,nan
117,60,0.14039929075856258,0.0,nan
117,61,0.05486752535787811,0.0,nan
117,62,0.08903849347215602,0.0,nan
117,63,0.06015368236342506,0.0,nan
117,64,0.05142406130539931,0.0,nan
117,65,0.15107544842762852,0.0,nan
117,66,0.14601492104189545,0.0,nan
117,67,0.04178113765100781,0.0,nan
117,68,0.08752339803046678,0.0,nan
117,69,0.1296755026914252,0.0,nan
117,70,0.16782321499574296,1.0,nan
117,71,0.049107836891911054,0.0,nan
117,72,0.13495821443128936,0.0,nan
117,73,0.12009729798481206,0.0,nan
117,74,0.11136991543069535,0.0,nan
117,75,0.14861331043482756,0.0,nan
117,76,0.4678569864289489,1.0,nan
117,77,0.02710324508151715,0.0,nan
117,78,0.11363428343464743,0.0,nan
117,79,0.11328021107674147,0.0,nan
117,80,0.04400531850408213,0.0,nan
117,81,0.0792166275831611,0.0,nan
117,82,0.030542415904168944,0.0,nan
117,83,0.08299565865903749,0.0,nan
117,84,0.0527458580323094,0.0,nan
117,85,0.18373459254789834,1.0,nan
117,86,0.055446074299252766,0.0,nan
117,87,4.341998858595419,1.0,nan
117,88,0.0880795422625792,0.0,nan
117,89,0.05995004520897555,0.0,nan
117,90,0.045515732376596334,0.0,nan
117,91,0.0561069751823591,0.0,nan
117,92,0.04920270739375106,0.0,nan
117,93,0.016167637510376715,0.0,nan
117,94,0.0495826199885792,0.0,nan
117,95,0.3979467553010667,1.0,nan
117,96,0.08836360247391276,0.0,nan
117,97,0.8613668165497051,1.0,nan
117,98,0.11213234855086908,0.0,nan
117,99,0.06385331817192905,0.0,nan
118,0,0.05536571213697084,0.0,nan
118,1,0.03454885301844244,0.0,nan
118,2,0.0820337222913917,0.0,nan
118,3,0.06986371306055365,0.0,nan
118,4,0.07791544310326941,0.0,nan
118,5,0.060000318153042874,0.0,nan
118,6,0.0509615297017133,0.0,nan
118,7,0.23680670819082572,1.0,nan
118,8,0.06458188035635734,0.0,nan
118,9,0.18835835907446913,1.0,nan
118,10,0.07392720894457118,0.0,nan
118,11,0.0299916369609977,0.0,nan
118,12,1.3402246635649997,1.0,nan
118,13,0.08208194701799652,0.0,nan
118,14,0.1029670917919816,0.0,nan
118,15,0.08159018099958666,0.0,nan
118,16,0.1308786391627524,0.0,nan
118,17,0.07864951149761683,0.0,nan
118,18,0.050971769109777514,0.0,nan
118,19,0.16396736320385996,1.0,nan
118,20,0.04530201039581525,0.0,nan
118,21,0.16133479161998066,1.0,nan
118,22,0.12939638215918156,0.0,nan
118,23,0.0784791182778577,0.0,nan
118,24,0.013926112356342859,0.0,nan
118,25,0.055213343184744,0.0,nan
118,26,0.056646910186461036,0.0,nan
118,27,1.0979184366666437,1.0,nan
118,28,0.10343075678187895,0.0,nan
118,29,0.07947413857209319,0.0,nan
118,30,0.09535186440388961,0.0,nan
118,31,0.031808990839034816,0.0,nan
118,32,0.010315663970474192,0.0,nan
118,33,0.07544726770937746,0.0,nan
118,34,0.08753329562590886,0.0,nan
118,35,0.04758669693259654,0.0,nan
118,36,0.5478812669426669,1.0,nan
118,37,0.06638021562758395,0.0,nan
118,38,0.11708418559296607,0.0,nan
118,39,0.16395936431246622,1.0,nan
118,40,0.06810182585766336,0.0,nan
118,41,0.07188815149189723,0.0,nan
118,42,0.10234593520424513,0.0,nan
118,43,0.030154039905298278,0.0,nan
118,44,0.12792338273534037,0.0,nan
118,45,0.06397115541040814,0.0,nan
118,46,0.04652068561915748,0.0,nan
118,47,0.19987271227929823,1.0,nan
118,48,4.920662559587568,1.0,nan
118,49,0.059282692465664436,0.0,nan
118,50,0.10740223379702202,0.0,nan
118,51,0.030450857408599607,0.0,nan
118,52,0.0418436074431042,0.0,nan
118,53,0.054068538858072925,0.0,nan
118,54,0.11733686197057484,0.0,nan
118,55,0.35682580008445935,1.0,nan
118,56,0.08901583541132266,0.0,nan
118,57,0.06705357169926497,0.0,nan
118,58,0.08471664673875323,0.0,nan
118,59,0.0587961047712384,0.0,nan
118,60,0.17231315716148762,1.0,nan
118,61,0.05591457023144696,0.0,nan
118,62,0.06458782021115671,0.0,nan
118,63,0.056430151671370846,0.0,nan
118,64,0.04507283097519623,0.0,nan
118,65,0.1276710736169524,0.0,nan
118,66,0.16730990059393144,1.0,nan
118,67,0.03859132350143182,0.0,nan
118,68,0.09154878935813517,0.0,nan
118,69,0.12682736122482377,0.0,nan
118,70,0.11772238342282282,0.0,nan
118,71,0.04229514776377866,0.0,nan
118,72,0.10976079560922211,0.0,nan
118,73,0.09969107792045687,0.0,nan
118,74,0.0986340674701938,0.0,nan
118,75,0.10189556795757762,0.0,nan
118,76,0.48171362455408107,1.0,nan
118,77,0.023284232889235607,0.0,nan
118,78,0.14754791277738444,0.0,nan
118,79,0.10778949339553812,0.0,nan
118,80,0.03827549549250967,0.0,nan
118,81,0.06514746552209505,0.0,nan
118,82,0.02762355883603432,0.0,nan
118,83,0.08425605436392199,0.0,nan
118,84,0.048615120784371836,0.0,nan
118,85,0.16960962128580706,1.0,nan
118,86,0.04926734176531239,0.0,nan
118,87,5.246853216375971,1.0,nan
118,88,0.10066877153178881,0.0,nan
118,89,0.05320575986104814,0.0,nan
118,90,0.04540654684653056,0.0,nan
118,91,0.05620137948680614,0.0,nan
118,92,0.05089372246843587,0.0,nan
118,93,0.014118910570163352,0.0,nan
118,94,0.055010805644242315,0.0,nan
118,95,0.2097109209161133,1.0,nan
118,96,0.0778879447080247,0.0,nan
118,97,0.8938057959334865,1.0,nan
118,98,0.11581454991612963,0.0,nan
118,99,0.05891114690479361,0.0,nan
119,0,0.06920574423222063,0.0,nan
119,1,0.03505626475056634,0.0,nan
119,2,0.07844445019249131,0.0,nan
119,3,0.06751244972330649,0.0,nan
119,4,0.08317032322526761,0.0,nan
119,5,0.06676922468073476,0.0,nan
119,6,0.05004744506784547,0.0,nan
119,7,0.3069160755761752,1.0,nan
119,8,0.06346561591674939,0.0,nan
119,9,0.1839524944504895,1.0,nan
119,10,0.07494929060583294,0.0,nan
119,11,0.03235925095299526,0.0,nan
119,12,0.6259535205086564,1.0,nan
119,13,0.08942246785035947,0.0,nan
119,14,0.15293733128159787,1.0,nan
119,15,0.09960512127494602,0.0,nan
119,16,0.14079187926429165,0.0,nan
119,17,0.07371577596720372,0.0,nan
119,18,0.04551167167052975,0.0,nan
119,19,0.13649540562971252,0.0,nan
119,20,0.05043536088952024,0.0,nan
119,21,0.15478054470913086,1.0,nan
119,22,0.12793215306757963,0.0,nan
119,23,0.08763859428776657,0.0,nan
119,24,0.014812984417652894,0.0,nan
119,25,0.057078989162595344,0.0,nan
119,26,0.0561994138455913,0.0,nan
119,27,1.083536876442035,1.0,nan
119,28,0.11830615652973901,0.0,nan
119,29,0.06021727362699873,0.0,nan
119,30,0.12048447645531958,0.0,nan
119,31,0.036066210428893866,0.0,nan
119,32,0.01028804948110157,0.0,nan
119,33,0.09445508352193348,0.0,nan
119,34,0.13084788072099782,0.0,nan
119,35,0.041571125716076913,0.0,nan
119,36,0.45481145053057576,1.0,nan
119,37,0.07182333275005742,0.0,nan
119,38,0.10533597168614618,0.0,nan
119,39,0.1519319856460156,0.0,nan
119,40,0.09260440977492074,0.0,nan
119,41,0.085464259076325,0.0,nan
119,42,0.13151806066112615,0.0,nan
119,43,0.02471716620844529,0.0,nan
119,44,0.16602973829141493,1.0,nan
119,45,0.06459840942076427,0.0,nan
119,46,0.027985175448235044,0.0,nan
119,47,0.20872150766207645,1.0,nan
119,48,5.345114617565231,1.0,nan
119,49,0.06661110655017384,0.0,nan
119,50,0.14313985938968282,0.0,nan
119,51,0.030332098751058162,0.0,nan
119,52,0.04778142061120863,0.0,nan
119,53,0.05388470829503677,0.0,nan
119,54,0.16270616103917196,1.0,nan
119,55,0.3935965008997618,1.0,nan
119,56,0.10250070271381174,0.0,nan
119,57,0.06666514501018717,0.0,nan
119,58,0.09570041249044908,0.0,nan
119,59,0.06047348367039052,0.0,nan
119,60,0.16656370414679744,1.0,nan
119,61,0.06394442942438455,0.0,nan
119,62,0.07231176828951966,0.0,nan
119,63,0.0614121301726004,0.0,nan
119,64,0.049948817186489906,0.0,nan
119,65,0.11589834022643074,0.0,nan
119,66,0.14122293225001423,0.0,nan
119,67,0.04469101020306755,0.0,nan
119,68,0.1031481756508181,0.0,nan
119,69,0.13988967772397443,0.0,nan
119,70,0.17257754565674951,1.0,nan
119,71,0.04517374391696494,0.0,nan
119,72,0.12825187124031295,0.0,nan
119,73,0.10527752236376983,0.0,nan
119,74,0.10843749115061845,0.0,nan
119,75,0.14296985272670618,0.0,nan
119,76,0.4010792359878435,1.0,nan
119,77,0.027814979761049106,0.0,nan
119,78,0.15115396787205906,0.0,nan
119,79,0.10510717676212239,0.0,nan
119,80,0.03485101791704083,0.0,nan
119,81,0.08006331338264319,0.0,nan
119,82,0.025604631577729943,0.0,nan
119,83,0.09836473922162658,0.0,nan
119,84,0.05135574441736273,0.0,nan
119,85,0.17867680738854488,1.0,nan
119,86,0.047844048274259796,0.0,nan
119,87,4.683491860054538,1.0,nan
119,88,0.10709271229159194,0.0,nan
119,89,0.052119283285792864,0.0,nan
119,90,0.051162302469134065,0.0,nan
119,91,0.05779358081727481,0.0,nan
119,92,0.050517809398971436,0.0,nan
119,93,0.013291458280884022,0.0,nan
119,94,0.05824131121258224,0.0,nan
119,95,0.26763941811189484,1.0,nan
119,96,0.09775209174946992,0.0,nan
119,97,0.6723852976317438,1.0,nan
119,98,0.15215845945099116,0.0,nan
119,99,0.06989667160813949,0.0,nan
120,0,0.06841106009872944,0.0,nan
120,1,0.03325548257476245,0.0,nan
120,2,0.06673729068005993,0.0,nan
120,3,0.06928731931257029,0.0,nan
120,4,0.0713631310716727,0.0,nan
120,5,0.07281113146364547,0.0,nan
120,6,0.046490654356159136,0.0,nan
120,7,0.47971782326733114,1.0,nan
120,8,0.06555842812756202,0.0,nan
120,9,0.16601729289604597,1.0,nan
120,10,0.0675324117292223,0.0,nan
120,11,0.036111349239214836,0.0,nan
120,12,1.0045966495314222,1.0,nan
120,13,0.07317317949037844,0.0,nan
120,14,0.14942210575600626,0.0,nan
120,15,0.11455942117370958,0.0,nan
120,16,0.12258068405695031,0.0,nan
120,17,0.06115121000808015,0.0,nan
120,18,0.04337354425418642,0.0,nan
120,19,0.16618152639842396,1.0,nan
120,20,0.04556514074089406,0.0,nan
120,21,0.13185755348336473,0.0,nan
120,22,0.12069133544290166,0.0,nan
120,23,0.09597326645072264,0.0,nan
120,24,0.013377577112341393,0.0,nan
120,25,0.05161283437284892,0.0,nan
120,26,0.05397204853392042,0.0,nan
120,27,0.9303471384467494,1.0,nan
120,28,0.0983286994687442,0.0,nan
120,29,0.07166573072218989,0.0,nan
120,30,0.110870994624327,0.0,nan
120,31,0.030036259923969934,0.0,nan
120,32,0.009819671211062145,0.0,nan
120,33,0.09948977927851538,0.0,nan
120,34,0.1303485884887305,0.0,nan
120,35,0.0476965658796638,0.0,nan
120,36,0.411087603386546,1.0,nan
120,37,0.08269331804788568,0.0,nan
120,38,0.10198588758006787,0.0,nan
120,39,0.1404737977796109,0.0,nan
120,40,0.11073189369673524,0.0,nan
120,41,0.08925566830109853,0.0,nan
120,42,0.14446684874700513,0.0,nan
120,43,0.02530579428886004,0.0,nan
120,44,0.16827399397807222,1.0,nan
120,45,0.05363474301927744,0.0,nan
120,46,0.03049799882432232,0.0,nan
120,47,0.20839280253356207,1.0,nan
120,48,6.45599278084391,1.0,nan
120,49,0.06169806678211684,0.0,nan
120,50,0.6627197037156968,1.0,nan
120,51,0.029373742585414534,0.0,nan
120,52,0.11440106287061724,0.0,nan
120,53,0.04530483402717166,0.0,nan
120,54,0.1531397009164675,1.0,nan
120,55,0.319779434811033,1.0,nan
120,56,0.08734016229177524,0.0,nan
120,57,0.06318248661402802,0.0,nan
120,58,0.10733933079116485,0.0,nan
120,59,0.05602639810383729,0.0,nan
120,60,0.13966688122680765,0.0,nan
120,61,0.0597010316289831,0.0,nan
120,62,0.07756955264763901,0.0,nan
120,63,0.05431091452904811,0.0,nan
120,64,0.05492696350385285,0.0,nan
120,65,0.2591828838646963,1.0,nan
120,66,0.13506297724675365,0.0,nan
120,67,0.03847974510463798,0.0,nan
120,68,0.0869608171759367,0.0,nan
120,69,0.11990892134614001,0.0,nan
120,70,0.14200112520792327,0.0,nan
120,71,0.03948208760130088,0.0,nan
120,72,0.10563156430741319,0.0,nan
120,73,0.10869805460324723,0.0,nan
120,74,0.09973184997613364,0.0,nan
120,75,0.16678363069145752,1.0,nan
120,76,0.4774056212103987,1.0,nan
120,77,0.022250510759300082,0.0,nan
120,78,0.12516773293262087,0.0,nan
120,79,0.10729122144930536,0.0,nan
120,80,0.033979537775033215,0.0,nan
120,81,0.08810561366381545,0.0,nan
120,82,0.023850651316498658,0.0,nan
120,83,0.08354038319346949,0.0,nan
120,84,0.05104773188366938,0.0,nan
120,85,0.18366814828318093,1.0,nan
120,86,0.04979512530158133,0.0,nan
120,87,3.948571580629561,1.0,nan
120,88,0.09097280284984333,0.0,nan
120,89,0.04992950412591402,0.0,nan
120,90,0.0417460787913926,0.0,nan
120,91,0.04786163800834991,0.0,nan
120,92,0.04277953031079592,0.0,nan
120,93,0.012518774790363237,0.0,nan
120,94,0.0524646560164459,0.0,nan
120,95,0.279707455865297,1.0,nan
120,96,0.10966380879886654,0.0,nan
120,97,1.0613827082888254,1.0,nan
120,98,0.3369693797739613,1.0,nan
120,99,0.06038110860792594,0.0,nan
121,0,0.004115540730987997,0.0,nan
121,1,0.0008536491955014698,0.0,nan
121,2,9.90342921232387e-06,0.0,nan
121,3,9.186615060609219e-05,0.0,nan
121,4,1.25118165645832e-05,0.0,nan
121,5,7.98776704107214e-06,0.0,nan
121,6,3.742405510635919e-05,0.0,nan
121,7,0.0008456420701632311,0.0,nan
121,8,0.0001925544451878772,0.0,nan
121,9,9.938038775721418e-05,0.0,nan
121,10,0.0009044999617407351,0.0,nan
121,11,0.0072204394730937494,0.0,nan
121,12,0.8143948143257029,1.0,nan
121,13,0.0005830273760516664,0.0,nan
121,14,0.000287209735236958,0.0,nan
121,15,0.0005094249746438816,0.0,nan
121,16,5.457702940642938e-05,0.0,nan
121,17,0.2100410518302974,1.0,nan
121,18,8.672160828601141e-06,0.0,nan
121,19,6.498701526843518e-06,0.0,nan
121,20,0.0006589086478649789,0.0,nan
121,21,0.1022756548015927,0.0,nan
121,22,0.0007887973861396415,0.0,nan
121,23,4.768892382721611e-05,0.0,nan
121,24,0.0010370247443623392,0.0,nan
121,25,0.0071122551854804735,0.0,nan
121,26,0.020206860385137863,0.0,nan
121,27,4.556553246180444e-05,0.0,nan
121,28,0.038286492428982306,0.0,nan
121,29,1.6429896873138538e-08,0.0,nan
121,30,0.006719682369196012,0.0,nan
121,31,9.57210224528787e-08,0.0,nan
121,32,2.4460346337019503e-06,0.0,nan
121,33,0.04681686940691564,0.0,nan
121,34,0.000424547531607622,0.0,nan
121,35,0.0036909557112302055,0.0,nan
121,36,0.002425908579864802,0.0,nan
121,37,0.01834601940812112,0.0,nan
121,38,6.115437056045617e-05,0.0,nan
121,39,0.0035918311888211035,0.0,nan
121,40,1.2422482118583072e-06,0.0,nan
121,41,1.4772447369585447e-05,0.0,nan
121,42,0.017720759470255,0.0,nan
121,43,0.01219021406335951,0.0,nan
121,44,0.004264637152354155,0.0,nan
121,45,0.021410554461129067,0.0,nan
121,46,0.07395707082888033,0.0,nan
121,47,0.00019083179236465355,0.0,nan
121,48,0.2725736048431553,1.0,nan
121,49,0.0006981617271530591,0.0,nan
121,50,0.0012345229585647866,0.0,nan
121,51,3.3244948163498394e-05,0.0,nan
121,52,2.0780639679054132e-05,0.0,nan
121,53,0.02424334007391839,0.0,nan
121,54,0.01151119204033783,0.0,nan
121,55,0.16769319204634667,1.0,nan
121,56,0.022302529689406894,0.0,nan
121,57,1.0878274077131285e-06,0.0,nan
121,58,7.108034860205624e-05,0.0,nan
121,59,8.423517175360687e-05,0.0,nan
121,60,0.0003508332054955828,0.0,nan
121,61,0.4073320701889429,1.0,nan
121,62,1.4494378804013604e-05,0.0,nan
121,63,3.0346241370988623e-05,0.0,nan
121,64,0.0007705363961071334,0.0,nan
121,65,0.03201160464851349,0.0,nan
121,66,0.1622108609431667,1.0,nan
121,67,1.384283498493269e-07,0.0,nan
121,68,0.052106573712474694,0.0,nan
121,69,0.0018488048528117116,0.0,nan
121,70,0.08863756792685575,0.0,nan
121,71,0.008405801269463008,0.0,nan
121,72,0.0003478936628677412,0.0,nan
121,73,0.0005764834031200307,0.0,nan
121,74,0.00021989948642395267,0.0,nan
121,75,0.0017167801395433675,0.0,nan
121,76,0.016646084169606785,0.0,nan
121,77,1.0232570628189521e-05,0.0,nan
121,78,0.00010265219549316375,0.0,nan
121,79,0.04436316020778145,0.0,nan
121,80,0.06881591423901577,0.0,nan
121,81,0.054607437744946016,0.0,nan
121,82,0.00046958467675761565,0.0,nan
121,83,2.0363470738597745e-05,0.0,nan
121,84,0.0014047684872416169,0.0,nan
121,85,0.02206232919121213,0.0,nan
121,86,1.3320745338850995e-05,0.0,nan
121,87,4.623237631504127,1.0,nan
121,88,0.04811477912744543,0.0,nan
121,89,9.15654354967576e-07,0.0,nan
121,90,0.0003832243127714821,0.0,nan
121,91,0.0017747382666577834,0.0,nan
121,92,6.814649233609272e-05,0.0,nan
121,93,0.0010907870083829345,0.0,nan
121,94,5.155060994431672e-05,0.0,nan
121,95,0.0006004017029681822,0.0,nan
121,96,0.0016573652031879192,0.0,nan
121,97,0.15034771472146574,0.0,nan
121,98,0.00011040960131490602,0.0,nan
121,99,0.021196626125323324,0.0,nan
122,0,0.03595490871489059,0.0,nan
122,1,0.029710022098940136,0.0,nan
122,2,0.07817815601892265,0.0,nan
122,3,0.06295891953238422,0.0,nan
122,4,0.058565316117275355,0.0,nan
122,5,0.04983271614092697,0.0,nan
122,6,0.033252328064843066,0.0,nan
122,7,0.06750416904104871,0.0,nan
122,8,0.05137760270899891,0.0,nan
122,9,0.16880949884305396,1.0,nan
122,10,0.07230416916320279,0.0,nan
122,11,0.023515135843778186,0.0,nan
122,12,1.7430145445265461,1.0,nan
122,13,0.08825230763698738,0.0,nan
122,14,0.04726745551163193,0.0,nan
122,15,0.048977520163509314,0.0,nan
122,16,0.09897854951267823,0.0,nan
122,17,0.08834321757568994,0.0,nan
122,18,0.04828630865633198,0.0,nan
122,19,0.15316284607626388,1.0,nan
122,20,0.038900721451012435,0.0,nan
122,21,0.20772335708282136,1.0,nan
122,22,0.15055764138171274,0.0,nan
122,23,0.04168970916749829,0.0,nan
122,24,0.01591180492232629,0.0,nan
122,25,0.06938595483781443,0.0,nan
122,26,0.04200765360422102,0.0,nan
122,27,0.07561026475179225,0.0,nan
122,28,0.07477027987823699,0.0,nan
122,29,0.19671992247995188,1.0,nan
122,30,0.10302568818730529,0.0,nan
122,31,0.021838688000547914,0.0,nan
122,32,0.011077738671555233,0.0,nan
122,33,0.04680106254958839,0.0,nan
122,34,0.16668681796958484,1.0,nan
122,35,0.05597935739491453,0.0,nan
122,36,0.41215981517383204,1.0,nan
122,37,0.05188382232584873,0.0,nan
122,38,0.060263044234270584,0.0,nan
122,39,0.16884321554873016,1.0,nan
122,40,0.04612167142121003,0.0,nan
122,41,0.12528301595684835,0.0,nan
122,42,0.09270530865670416,0.0,nan
122,43,0.05535943825271962,0.0,nan
122,44,0.05124751741592169,0.0,nan
122,45,0.06131868976586162,0.0,nan
122,46,0.05904406348194064,0.0,nan
122,47,0.2139775118855295,1.0,nan
122,48,4.240245554383791,1.0,nan
122,49,0.06945940169477828,0.0,nan
122,50,0.05471363431267027,0.0,nan
122,51,0.030785998011450714,0.0,nan
122,52,0.039198320287277676,0.0,nan
122,53,0.041068478079065246,0.0,nan
122,54,0.1152532943467169,0.0,nan
122,55,0.28965372685855534,1.0,nan
122,56,0.042600992982329784,0.0,nan
122,57,0.06441724963298157,0.0,nan
122,58,0.04300068619704175,0.0,nan
122,59,0.06180885366267983,0.0,nan
122,60,0.14530359356372427,0.0,nan
122,61,0.05810124991320008,0.0,nan
122,62,0.050660430632391125,0.0,nan
122,63,0.05039178873932238,0.0,nan
122,64,0.048463249705313724,0.0,nan
122,65,0.11075670056601704,0.0,nan
122,66,0.12697331495268543,0.0,nan
122,67,0.04272199496530479,0.0,nan
122,68,0.09083940840170333,0.0,nan
122,69,0.0944093333263576,0.0,nan
122,70,0.12453563891427676,0.0,nan
122,71,0.03478745266480152,0.0,nan
122,72,0.9357734084330565,1.0,nan
122,73,0.11110479622721628,0.0,nan
122,74,0.10765030913890493,0.0,nan
122,75,0.0817882338156805,0.0,nan
122,76,0.24265939528790978,1.0,nan
122,77,0.019925583676542083,0.0,nan
122,78,0.16951062322292282,1.0,nan
122,79,0.10744187110862016,0.0,nan
122,80,0.056944736059708456,0.0,nan
122,81,0.06269034795690644,0.0,nan
122,82,0.02360551613491222,0.0,nan
122,83,0.08275738602965363,0.0,nan
122,84,0.04061614181808295,0.0,nan
122,85,0.1186387497445819,0.0,nan
122,86,0.062887636303179,0.0,nan
122,87,4.845733070803264,1.0,nan
122,88,0.19526823398544532,1.0,nan
122,89,0.055794648018513,0.0,nan
122,90,0.0463772346456347,0.0,nan
122,91,0.049804225042917205,0.0,nan
122,92,0.05161811108051035,0.0,nan
122,93,0.016644722662467998,0.0,nan
122,94,0.040106534075413494,0.0,nan
122,95,0.06141785469222989,0.0,nan
122,96,0.06475367481310687,0.0,nan
122,97,0.24796858038545916,1.0,nan
122,98,1.9022890035109021,1.0,nan
122,99,0.04747451202875287,0.0,nan
123,0,0.0462877169719568,0.0,nan
123,1,0.025370459205990032,0.0,nan
123,2,0.07811717751726105,0.0,nan
123,3,0.051122592646381596,0.0,nan
123,4,0.05246982316588939,0.0,nan
123,5,0.08037014842429586,0.0,nan
123,6,0.031132107189595158,0.0,nan
123,7,0.41503403765569236,1.0,nan
123,8,0.05612627962338682,0.0,nan
123,9,0.1972239753270287,1.0,nan
123,10,0.0682915414372998,0.0,nan
123,11,0.0263744510911138,0.0,nan
123,12,1.5216898703425366,1.0,nan
123,13,0.06938015166223821,0.0,nan
123,14,0.04735854025326184,0.0,nan
123,15,0.06914923458040802,0.0,nan
123,16,0.11139368022339362,0.0,nan
123,17,0.08723226993269001,0.0,nan
123,18,0.03275849923337595,0.0,nan
123,19,0.1896817574974348,1.0,nan
123,20,0.04141970427595341,0.0,nan
123,21,0.04140707306784281,0.0,nan
123,22,0.13156201028699563,0.0,nan
123,23,0.04394044413117867,0.0,nan
123,24,0.012563815428257005,0.0,nan
123,25,0.054154492881443174,0.0,nan
123,26,0.033188856305607674,0.0,nan
123,27,0.08705147517338283,0.0,nan
123,28,0.052742462880606175,0.0,nan
123,29,0.05531555237224157,0.0,nan
123,30,0.10157776834024151,0.0,nan
123,31,0.020788925760475745,0.0,nan
123,32,0.009704113430719289,0.0,nan
123,33,0.061661665853416446,0.0,nan
123,34,0.4386643805852001,1.0,nan
123,35,0.06776529859623062,0.0,nan
123,36,0.660869831236827,1.0,nan
123,37,0.06043295283411474,0.0,nan
123,38,0.04625787627849563,0.0,nan
123,39,0.11327485282041722,0.0,nan
123,40,0.09359297906420833,0.0,nan
123,41,0.3015943512259173,1.0,nan
123,42,0.112545158882572,0.0,nan
123,43,0.028618466556995903,0.0,nan
123,44,0.055956962469482445,0.0,nan
123,45,0.0510606872698032,0.0,nan
123,46,0.042046011804348256,0.0,nan
123,47,0.20146769181430565,1.0,nan
123,48,4.0673433983100615,1.0,nan
123,49,0.07132806555303822,0.0,nan
123,50,0.0623289887275173,0.0,nan
123,51,0.02810927593526165,0.0,nan
123,52,0.14054964935310413,0.0,nan
123,53,0.03252639926579549,0.0,nan
123,54,0.08362121304903354,0.0,nan
123,55,0.31217353453061514,1.0,nan
123,56,0.05282459262779475,0.0,nan
123,57,0.06169876503551243,0.0,nan
123,58,0.04668570647072885,0.0,nan
123,59,0.05728642598497598,0.0,nan
123,60,0.11954294958567117,0.0,nan
123,61,0.0968829902546078,0.0,nan
123,62,0.06306809948758162,0.0,nan
123,63,0.044753538273248385,0.0,nan
123,64,0.048734143299152384,0.0,nan
123,65,0.6903310711034075,1.0,nan
123,66,0.21157530355881649,1.0,nan
123,67,0.03728151168747215,0.0,nan
123,68,0.07883894039582728,0.0,nan
123,69,0.11051172644751878,0.0,nan
123,70,0.0915113026033717,0.0,nan
123,71,0.03715298520485816,0.0,nan
123,72,0.09812517056740067,0.0,nan
123,73,0.0975197647469926,0.0,nan
123,74,0.09089262676287625,0.0,nan
123,75,0.38932857951587846,1.0,nan
123,76,0.4425555834771945,1.0,nan
123,77,0.018408395243982655,0.0,nan
123,78,0.11852965064019175,0.0,nan
123,79,0.128757598637199,0.0,nan
123,80,0.038014525863329894,0.0,nan
123,81,0.07086045242768592,0.0,nan
123,82,0.02346061672700762,0.0,nan
123,83,0.07725002740887894,0.0,nan
123,84,0.03578677276129307,0.0,nan
123,85,0.1821845113700319,1.0,nan
123,86,0.06026631413202876,0.0,nan
123,87,5.894857679570648,1.0,nan
123,88,0.09953573192430513,0.0,nan
123,89,0.04420283492929303,0.0,nan
123,90,0.03887702457974953,0.0,nan
123,91,0.044445578767621,0.0,nan
123,92,0.04083196006459543,0.0,nan
123,93,0.01182592482607185,0.0,nan
123,94,0.04480334452207449,0.0,nan
123,95,0.04749555330249261,0.0,nan
123,96,0.05902832535711686,0.0,nan
123,97,1.1662789404441851,1.0,nan
123,98,0.13797944427173456,0.0,nan
123,99,0.042780906025218425,0.0,nan
124,0,0.05534312767832757,0.0,nan
124,1,0.029212813346742045,0.0,nan
124,2,0.07368625070535427,0.0,nan
124,3,0.051193476922465335,0.0,nan
124,4,0.06799249158726207,0.0,nan
124,5,0.08716076674330775,0.0,nan
124,6,0.03701325590123543,0.0,nan
124,7,0.1738541169222781,1.0,nan
124,8,0.070085358511602,0.0,nan
124,9,0.1920128744652975,1.0,nan
124,10,0.07264795252826736,0.0,nan
124,11,0.026899520776544568,0.0,nan
124,12,1.5356878980538073,1.0,nan
124,13,0.07177533789449925,0.0,nan
124,14,0.05798090666366104,0.0,nan
124,15,0.08104300591580621,0.0,nan
124,16,0.11516198826295942,0.0,nan
124,17,0.06583085556705474,0.0,nan
124,18,0.03386307063816468,0.0,nan
124,19,0.2217012447759977,1.0,nan
124,20,0.0503794005291689,0.0,nan
124,21,0.055339991729002246,0.0,nan
124,22,0.11611962142912391,0.0,nan
124,23,0.056442003836626065,0.0,nan
124,24,0.0162201573829866,0.0,nan
124,25,0.05922515419874579,0.0,nan
124,26,0.035154668715599004,0.0,nan
124,27,0.09774951613848233,0.0,nan
124,28,0.05781700780427337,0.0,nan
124,29,0.050467328778009767,0.0,nan
124,30,0.13020347341911342,0.0,nan
124,31,0.027143955816086,0.0,nan
124,32,0.012068970522347924,0.0,nan
124,33,0.07784069856594963,0.0,nan
124,34,0.13313632764777192,0.0,nan
124,35,0.05136556665297475,0.0,nan
124,36,0.4986504283220858,1.0,nan
124,37,0.06867867163918805,0.0,nan
124,38,0.05741632657346258,0.0,nan
124,39,0.10965921911709811,0.0,nan
124,40,0.11254085672449432,0.0,nan
124,41,0.12553135535399607,0.0,nan
124,42,0.12613493246522664,0.0,nan
124,43,0.025646469695244034,0.0,nan
124,44,0.0610582187976735,0.0,nan
124,45,0.062373044384328856,0.0,nan
124,46,0.036179235093013414,0.0,nan
124,47,0.18274719706148518,1.0,nan
124,48,3.6975398215108743,1.0,nan
124,49,0.08996489215674493,0.0,nan
124,50,0.08090034772538011,0.0,nan
124,51,0.03397056219665015,0.0,nan
124,52,0.16728718120158134,1.0,nan
124,53,0.03752891901058027,0.0,nan
124,54,0.11055255155152494,0.0,nan
124,55,0.3436389262319807,1.0,nan
124,56,0.07513431194218015,0.0,nan
124,57,0.06568887112827873,0.0,nan
124,58,0.055794912521679334,0.0,nan
124,59,0.06424141206415473,0.0,nan
124,60,0.12149461386567169,0.0,nan
124,61,0.17547125509170955,1.0,nan
124,62,0.07007651594295577,0.0,nan
124,63,0.05710828534440375,0.0,nan
124,64,0.05352946840737626,0.0,nan
124,65,0.24843518192418326,1.0,nan
124,66,0.17289485783653194,1.0,nan
124,67,0.04793300550050276,0.0,nan
124,68,0.08731966089134376,0.0,nan
124,69,0.16074183655355706,1.0,nan
124,70,0.08542519044048526,0.0,nan
124,71,0.04688572021139833,0.0,nan
124,72,0.09996131712291695,0.0,nan
124,73,0.11509626955181469,0.0,nan
124,74,0.12501399517784312,0.0,nan
124,75,0.3355064202784664,1.0,nan
124,76,0.5377659610701866,1.0,nan
124,77,0.024580809524494873,0.0,nan
124,78,0.11313880634538336,0.0,nan
124,79,0.10142276025955828,0.0,nan
124,80,0.037844975941124806,0.0,nan
124,81,0.08702630768307001,0.0,nan
124,82,0.027126770391835635,0.0,nan
124,83,0.09207802274219734,0.0,nan
124,84,0.04127133934000849,0.0,nan
124,85,0.17973719940462712,1.0,nan
124,86,0.06286062946820344,0.0,nan
124,87,5.593847211068371,1.0,nan
124,88,0.08726693589007459,0.0,nan
124,89,0.05524224307822567,0.0,nan
124,90,0.04766887231378324,0.0,nan
124,91,0.06210179186818169,0.0,nan
124,92,0.048396067444761874,0.0,nan
124,93,0.013635945610344022,0.0,nan
124,94,0.07013770617537081,0.0,nan
124,95,0.06135031619736207,0.0,nan
124,96,0.07154902351318132,0.0,nan
124,97,0.9960707116837153,1.0,nan
124,98,0.2425045483786863,1.0,nan
124,99,0.052817150683119755,0.0,nan
125,0,0.053092041001631965,0.0,2.7392116347212637e-05
125,1,0.02664670864797606,0.0,-0.0001833642299532571
125,2,0.07655206555390132,0.0,0.002392484854457651
125,3,0.04754728708928645,0.0,-0.0008781784016885548
125,4,0.07061035352975209,0.0,-0.00018322523638489494
125,5,0.07194649397384754,0.0,1.8050870847081728e-05
125,6,0.03707935702261127,0.0,-0.0002395677107925992
125,7,0.14993659367688322,0.0,0.0010214445675406068
125,8,0.06398465533610895,0.0,0.0005906123226057908
125,9,0.2044568104305698,1.0,0.0026131375465840148
125,10,0.0757048644036768,0.0,2.8463550385696672e-05
125,11,0.021708682623460016,0.0,2.3339721909557792e-05
125,12,1.5198562573627097,1.0,0.34869627792467894
125,13,0.08146660654445934,0.0,0.0004657934158270967
125,14,0.0560040889273776,0.0,0.00010468660622987306
125,15,0.0698821775525772,0.0,-9.978783884812533e-05
125,16,0.12206585190696069,0.0,0.001257244919181812
125,17,0.07197522965605334,0.0,0.0015987960030388695
125,18,0.023506166587820974,0.0,0.0002985330980937914
125,19,0.199050161104711,1.0,-0.0019847923985141566
125,20,0.05038936684342052,0.0,-0.0005303474556989204
125,21,0.05066583978766254,0.0,-0.0002667799333033248
125,22,0.11735583924430223,0.0,-0.0012408633550413284
125,23,0.05722115247909693,0.0,-0.000535024593800823
125,24,0.015525829998874733,0.0,-3.0423592358253686e-05
125,25,0.057741378496712625,0.0,-0.00012862943951937397
125,26,0.031109374968162896,0.0,0.0001579650245462811
125,27,0.07422384752271148,0.0,0.0017255489429709842
125,28,0.06465615021193771,0.0,0.00010007781545977234
125,29,0.04545537517142675,0.0,-0.0002639243696573098
125,30,0.15226216897753675,0.0,0.003224573844954155
125,31,0.026429135092163995,0.0,0.0001260225701281377
125,32,0.011003580928871591,0.0,-5.373726877059663e-05
125,33,0.062059152778238286,0.0,-1.4085921808129547e-05
125,34,0.09552694080341606,0.0,-3.5232702040088624e-05
125,35,0.041564330170687905,0.0,0.0002542550650585014
125,36,0.34738826323135563,1.0,0.045105443029614556
125,37,0.05946384796028363,0.0,0.00011658632163837827
125,38,0.041398540036116364,0.0,0.0003139870686621817
125,39,0.12124447414779772,0.0,-0.003827234284239431
125,40,0.10818255714853975,0.0,-0.00011190933545555215
125,41,0.11784286420059334,0.0,0.0034757142833257964
125,42,0.13137444757596625,0.0,9.174799246994748e-05
125,43,0.021388253736925558,0.0,-3.855376552289584e-05
125,44,0.054435470783112186,0.0,-0.00011190042562902697
125,45,0.0687324933422438,0.0,0.0018861704732604772
125,46,0.03069007621599042,0.0,-0.00030197805636961807
125,47,0.16762828469534521,1.0,-0.00018599632360719756
125,48,1.8114498913444934,1.0,0.11851962526818392
125,49,0.10206239150374574,0.0,0.0009473660750476585
125,50,0.0798836868077034,0.0,0.0002211280208614679
125,51,0.03241733231164225,0.0,8.779548560537654e-05
125,52,0.11716530856431519,0.0,0.0018648870258713272
125,53,0.03813928809066332,0.0,0.000569173643217964
125,54,0.12290732942531347,0.0,0.004103622539485849
125,55,0.3411628789883978,1.0,0.0031815356698762453
125,56,0.056194124396324985,0.0,-0.0003830239935619152
125,57,0.063542007699065,0.0,0.0001039798943930845
125,58,0.05315782269598618,0.0,-0.003667444006973807
125,59,0.06392129933726098,0.0,0.0012554597490049102
125,60,0.1403485646868529,0.0,-0.0033099459205494512
125,61,0.1787555936282808,1.0,0.0004863708359396143
125,62,0.060659641403918045,0.0,0.0018020653503045894
125,63,0.06042285474897492,0.0,-0.0004155700798208248
125,64,0.03643297673094803,0.0,-0.0001578344686254027
125,65,0.180117477995127,1.0,-0.00038281475375821403
125,66,0.17889850931428075,1.0,0.007792004739343377
125,67,0.05145360644883274,0.0,-0.00037470879361071655
125,68,0.09760532459142095,0.0,-0.0010987318563868763
125,69,0.17752995078373823,1.0,0.0006597704929291774
125,70,0.09170852616814144,0.0,0.003031700943639966
125,71,0.04344216905181565,0.0,-0.00041569921124292637
125,72,0.10174503332993683,0.0,0.0009278062530428576
125,73,0.09766458083510732,0.0,-0.013890707460327499
125,74,0.12240883905405708,0.0,-0.0007839691049774532
125,75,0.42483956790252353,1.0,0.01447720286843374
125,76,0.3639893766364844,1.0,-0.0017136038940851848
125,77,0.026256740601533955,0.0,2.2991084577806907e-05
125,78,0.13322949832092015,0.0,0.004574894042297266
125,79,0.09634790592463757,0.0,0.003306426491259016
125,80,0.03303430006182547,0.0,0.00016643187816191214
125,81,0.08520557919605316,0.0,-0.0014853663448254665
125,82,0.025222835027308675,0.0,0.0002081156670506581
125,83,0.10446621655222746,0.0,0.0018914401995191192
125,84,0.03917206404798024,0.0,0.002609686816527189
125,85,0.14503158167801294,0.0,-0.0006041915233107189
125,86,0.05406278181210897,0.0,-0.00045722864644104144
125,87,6.768963859390047,1.0,0.3992293591746989
125,88,0.09856390757970045,0.0,-0.00043139899970958843
125,89,0.047416660749090365,0.0,-0.00037850886270215445
125,90,0.05270143690852484,0.0,0.0002740033547630045
125,91,0.06383360163396488,0.0,0.0014767380002076733
125,92,0.05154272795841833,0.0,0.00019096376405318234
125,93,0.01242903414295047,0.0,8.321225550859307e-05
125,94,0.09100675347502504,0.0,-0.00034860205325587757
125,95,0.06245965143597227,0.0,-0.0002904954167586804
125,96,0.0648254652132164,0.0,-0.0003859476242804527
125,97,0.4781342835450517,1.0,-0.006487942246322775
125,98,0.29094942397345525,1.0,0.0006957520085909395
125,99,0.059321861191436454,0.0,9.819718339344439e-05
126,0,0.037467788285370465,0.0,nan
126,1,0.02791356118772385,0.0,nan
126,2,0.08629065884520719,0.0,nan
126,3,0.06516205107818383,0.0,nan
126,4,0.05425482330624217,0.0,nan
126,5,0.04814253498006381,0.0,nan
126,6,0.029479244050915773,0.0,nan
126,7,0.10093243523586988,0.0,nan
126,8,0.051402696460555126,0.0,nan
126,9,0.16597072068588545,1.0,nan
126,10,0.07364910918963133,0.0,nan
126,11,0.020974847614259728,0.0,nan
126,12,1.4267713297885396,1.0,nan
126,13,0.08736032857249262,0.0,nan
126,14,0.04225403230156318,0.0,nan
126,15,0.05339720492808401,0.0,nan
126,16,0.08353667145194303,0.0,nan
126,17,0.07728409830533446,0.0,nan
126,18,0.034256934031875415,0.0,nan
126,19,0.2667117816624839,1.0,nan
126,20,0.04022397495560532,0.0,nan
126,21,0.059966070147750176,0.0,nan
126,22,0.11113710300441458,0.0,nan
126,23,0.03791834914709595,0.0,nan
126,24,0.01548316474506862,0.0,nan
126,25,0.08208776418363209,0.0,nan
126,26,0.037068970861936335,0.0,nan
126,27,0.0675447057274336,0.0,nan
126,28,0.06483735465743305,0.0,nan
126,29,0.05465667768155249,0.0,nan
126,30,0.10876622520327686,0.0,nan
126,31,0.02087102872399069,0.0,nan
126,32,0.01377104800886534,0.0,nan
126,33,0.04150152051326388,0.0,nan
126,34,0.12854101627065304,0.0,nan
126,35,0.08406833189420611,0.0,nan
126,36,0.6853503110321639,1.0,nan
126,37,0.040174186053560185,0.0,nan
126,38,0.03686216673378117,0.0,nan
126,39,0.1449918893302964,0.0,nan
126,40,0.05799186061492519,0.0,nan
126,41,0.1382101626122001,0.0,nan
126,42,0.07875605203370334,0.0,nan
126,43,0.046897458481745605,0.0,nan
126,44,0.04927986560099217,0.0,nan
126,45,0.05682816930429708,0.0,nan
126,46,0.058107095835977216,0.0,nan
126,47,0.8856474258859295,1.0,nan
126,48,3.635529819110728,1.0,nan
126,49,0.08051701535458415,0.0,nan
126,50,0.05707659799963199,0.0,nan
126,51,0.03159845918370921,0.0,nan
126,52,0.0979211477585347,0.0,nan
126,53,0.03315052013942405,0.0,nan
126,54,0.08153054621770686,0.0,nan
126,55,0.28362015998566015,1.0,nan
126,56,0.042852693834760244,0.0,nan
126,57,0.061191625834450265,0.0,nan
126,58,0.0503025921005193,0.0,nan
126,59,0.05986895355274372,0.0,nan
126,60,0.14393003052897313,0.0,nan
126,61,0.10417925822246084,0.0,nan
126,62,0.05430891606302333,0.0,nan
126,63,0.05013712670404909,0.0,nan
126,64,0.03918146829663574,0.0,nan
126,65,0.8804912239036273,1.0,nan
126,66,0.29330750918621784,1.0,nan
126,67,0.04147098682696901,0.0,nan
126,68,0.08542519284114931,0.0,nan
126,69,0.11242424589335653,0.0,nan
126,70,0.12723119164702218,0.0,nan
126,71,0.033332702696445206,0.0,nan
126,72,0.09478064137909453,0.0,nan
126,73,0.09053316000319155,0.0,nan
126,74,0.07729474696475551,0.0,nan
126,75,0.2735342207314148,1.0,nan
126,76,0.5272508910369463,1.0,nan
126,77,0.017889100327849704,0.0,nan
126,78,0.19684345227923314,1.0,nan
126,79,0.10014066751646666,0.0,nan
126,80,0.04722170254752907,0.0,nan
126,81,0.05830820432706554,0.0,nan
126,82,0.02527416524793464,0.0,nan
126,83,0.07831029815293364,0.0,nan
126,84,0.035930991963807966,0.0,nan
126,85,0.16895032618480876,1.0,nan
126,86,0.1340474804025147,0.0,nan
126,87,6.07436240226304,1.0,nan
126,88,0.12091456369676719,0.0,nan
126,89,0.08468974108179775,0.0,nan
126,90,0.04716633665891714,0.0,nan
126,91,0.06164887368074263,0.0,nan
126,92,0.04725064341491164,0.0,nan
126,93,0.02229227120183834,0.0,nan
126,94,0.03700941320515449,0.0,nan
126,95,0.04719380454179066,0.0,nan
126,96,0.05434348536345119,0.0,nan
126,97,0.23711682895777567,1.0,nan
126,98,0.09549626620853417,0.0,nan
126,99,0.045276174137442005,0.0,nan
127,0,0.036378428336525805,0.0,nan
127,1,0.027593996832094746,0.0,nan
127,2,0.08688222949989365,0.0,nan
127,3,0.05883259032138409,0.0,nan
127,4,0.05627972078842696,0.0,nan
127,5,0.04668190001133296,0.0,nan
127,6,0.031884572783216845,0.0,nan
127,7,0.07774150520977954,0.0,nan
127,8,0.05225055743225573,0.0,nan
127,9,0.17159827995308957,1.0,nan
127,10,0.0752669046112719,0.0,nan
127,11,0.019937983230151713,0.0,nan
127,12,1.5040636313485742,1.0,nan
127,13,0.08416866637244065,0.0,nan
127,14,0.042174150267950454,0.0,nan
127,15,0.05325180468499887,0.0,nan
127,16,0.0878772534630941,0.0,nan
127,17,0.08788952968907741,0.0,nan
127,18,0.03207305969285493,0.0,nan
127,19,0.3645950497035979,1.0,nan
127,20,0.04107339056459824,0.0,nan
127,21,0.05350973067340583,0.0,nan
127,22,0.12621307695968914,0.0,nan
127,23,0.038592614195470776,0.0,nan
127,24,0.015486765628374364,0.0,nan
127,25,0.07642047206808243,0.0,nan
127,26,0.03649100957365294,0.0,nan
127,27,0.07147237556512245,0.0,nan
127,28,0.06334018302210356,0.0,nan
127,29,0.05517582896742849,0.0,nan
127,30,0.11393864974396374,0.0,nan
127,31,0.022117725616892032,0.0,nan
127,32,0.012899417839921015,0.0,nan
127,33,0.04320640151335521,0.0,nan
127,34,0.1309711569160683,0.0,nan
127,35,0.06887050940055024,0.0,nan
127,36,0.6405315486965623,1.0,nan
127,37,0.04289367051390919,0.0,nan
127,38,0.03711394824880804,0.0,nan
127,39,0.16940782971966994,1.0,nan
127,40,0.051456985776375856,0.0,nan
127,41,0.13006118249898949,0.0,nan
127,42,0.08428790864956823,0.0,nan
127,43,0.0431636912713486,0.0,nan
127,44,0.049254373085746865,0.0,nan
127,45,0.05942693714518581,0.0,nan
127,46,0.05480421395033302,0.0,nan
127,47,1.0316499697004253,1.0,nan
127,48,3.4639333300567507,1.0,nan
127,49,0.08664231743877106,0.0,nan
127,50,0.05370508945833065,0.0,nan
127,51,0.02983376586547986,0.0,nan
127,52,0.09688580547759755,0.0,nan
127,53,0.0336913442402547,0.0,nan
127,54,0.0877130893942011,0.0,nan
127,55,0.2434825483116087,1.0,nan
127,56,0.04264830811256772,0.0,nan
127,57,0.05932026803124223,0.0,nan
127,58,0.052234809928324494,0.0,nan
127,59,0.06064967522673382,0.0,nan
127,60,0.14892640711611982,0.0,nan
127,61,0.1115850147761281,0.0,nan
127,62,0.04779191609316613,0.0,nan
127,63,0.05208720224983081,0.0,nan
127,64,0.03352076843805687,0.0,nan
127,65,0.8661134651528112,1.0,nan
127,66,0.2869550965247597,1.0,nan
127,67,0.04587808637080611,0.0,nan
127,68,0.08571942197495201,0.0,nan
127,69,0.11820347076763008,0.0,nan
127,70,0.11720002749096346,0.0,nan
127,71,0.026891131534710302,0.0,nan
127,72,0.08780602376373693,0.0,nan
127,73,0.09582782220597293,0.0,nan
127,74,0.08325304632670354,0.0,nan
127,75,0.3422569216238853,1.0,nan
127,76,0.44068567546196324,1.0,nan
127,77,0.019094198420928948,0.0,nan
127,78,0.17385182468744553,1.0,nan
127,79,0.1015454043997828,0.0,nan
127,80,0.04432502690263673,0.0,nan
127,81,0.05933491869515903,0.0,nan
127,82,0.025658602880649577,0.0,nan
127,83,0.0815182326585479,0.0,nan
127,84,0.032970846432313974,0.0,nan
127,85,0.17685665977851864,1.0,nan
127,86,0.12926640321029226,0.0,nan
127,87,6.09459527164052,1.0,nan
127,88,0.1411626967366858,0.0,nan
127,89,0.06300436970114529,0.0,nan
127,90,0.04668789368808123,0.0,nan
127,91,0.058339032341268374,0.0,nan
127,92,0.04845066670125223,0.0,nan
127,93,0.018855628354703162,0.0,nan
127,94,0.039367235965136894,0.0,nan
127,95,0.049279630104857586,0.0,nan
127,96,0.05710067732165999,0.0,nan
127,97,0.17540411229247804,1.0,nan
127,98,0.08439657448095203,0.0,nan
127,99,0.03653005209583186,0.0,nan
128,0,0.03866189977267035,0.0,nan
128,1,0.02847460535012241,0.0,nan
128,2,0.09715050233774769,0.0,nan
128,3,0.05885795389673955,0.0,nan
128,4,0.059956278702566736,0.0,nan
128,5,0.0476722083293477,0.0,nan
128,6,0.03175191020206875,0.0,nan
128,7,0.11950564957425328,0.0,nan
128,8,0.07274947171502177,0.0,nan
128,9,0.16765417583229683,1.0,nan
128,10,0.07972146308920502,0.0,nan
128,11,0.020775217106418498,0.0,nan
128,12,1.3049035909821631,1.0,nan
128,13,0.09503381339291134,0.0,nan
128,14,0.044155517477155945,0.0,nan
128,15,0.05621974534764513,0.0,nan
128,16,0.08607797447628902,0.0,nan
128,17,0.08496728124732367,0.0,nan
128,18,0.03256697186567727,0.0,nan
128,19,0.20009590155179954,1.0,nan
128,20,0.04379398336514934,0.0,nan
128,21,0.060051087480963515,0.0,nan
128,22,0.11879287602684828,0.0,nan
128,23,0.0387008414780435,0.0,nan
128,24,0.0161232626135886,0.0,nan
128,25,0.08645078738851875,0.0,nan
128,26,0.037192473495349015,0.0,nan
128,27,0.0790648844918493,0.0,nan
128,28,0.07033576718169994,0.0,nan
128,29,0.05816550103609414,0.0,nan
128,30,0.11711520074684982,0.0,nan
128,31,0.023516122139766248,0.0,nan
128,32,0.013273767920308573,0.0,nan
128,33,0.04909668929847473,0.0,nan
128,34,0.136406504196933,0.0,nan
128,35,0.07764640336537093,0.0,nan
128,36,0.7798068735249963,1.0,nan
128,37,0.058460213566123694,0.0,nan
128,38,0.03713711240308412,0.0,nan
128,39,0.15696307821800257,1.0,nan
128,40,0.05603091652667179,0.0,nan
128,41,0.15922723344391937,1.0,nan
128,42,0.08552074071372327,0.0,nan
128,43,0.04625041127664807,0.0,nan
128,44,0.051637389431686866,0.0,nan
128,45,0.06472183338183395,0.0,nan
128,46,0.05994865612554087,0.0,nan
128,47,0.633480242614266,1.0,nan
128,48,3.2269425648442227,1.0,nan
128,49,0.0891844595357876,0.0,nan
128,50,0.053661795965829685,0.0,nan
128,51,0.03074161137718772,0.0,nan
128,52,0.10607825718385876,0.0,nan
128,53,0.03546061596590748,0.0,nan
128,54,0.08418172077828237,0.0,nan
128,55,0.2920757593362116,1.0,nan
128,56,0.04358970935401372,0.0,nan
128,57,0.06632044137419833,0.0,nan
128,58,0.051922327662617826,0.0,nan
128,59,0.06384142966691954,0.0,nan
128,60,0.16444990758464337,1.0,nan
128,61,0.11278964283337792,0.0,nan
128,62,0.05292388389902945,0.0,nan
128,63,0.05453741371885512,0.0,nan
128,64,0.03390475903411982,0.0,nan
128,65,0.8728832583743428,1.0,nan
128,66,0.2978539077671765,1.0,nan
128,67,0.04628576192479435,0.0,nan
128,68,0.09162163394852775,0.0,nan
128,69,0.11446756942629913,0.0,nan
128,70,0.15030205391192536,0.0,nan
128,71,0.027192000125784866,0.0,nan
128,72,0.10834502832753376,0.0,nan
128,73,0.09837192561245828,0.0,nan
128,74,0.08878686369774096,0.0,nan
128,75,0.3121182732509961,1.0,nan
128,76,0.517922962318534,1.0,nan
128,77,0.020141878799678905,0.0,nan
128,78,0.22644601568445288,1.0,nan
128,79,0.11615227743679497,0.0,nan
128,80,0.04524174241837751,0.0,nan
128,81,0.058670759870852775,0.0,nan
128,82,0.02623996273891916,0.0,nan
128,83,0.08356215686335218,0.0,nan
128,84,0.03331970182142527,0.0,nan
128,85,0.1645752842281221,1.0,nan
128,86,0.10305156263203606,0.0,nan
128,87,5.986353749287688,1.0,nan
128,88,0.12898869934060508,0.0,nan
128,89,0.08580405382369492,0.0,nan
128,90,0.05167541024006986,0.0,nan
128,91,0.06563716526642238,0.0,nan
128,92,0.05049806891483127,0.0,nan
128,93,0.020003583650501852,0.0,nan
128,94,0.042690615627764564,0.0,nan
128,95,0.04980620179426002,0.0,nan
128,96,0.06406280762234152,0.0,nan
128,97,0.2033256487287377,1.0,nan
128,98,0.08227644281857027,0.0,nan
128,99,0.0368389328936331,0.0,nan
129,0,0.04212317409001563,0.0,nan
129,1,0.02452182453689537,0.0,nan
129,2,0.09136932638968574,0.0,nan
129,3,0.04698929086095026,0.0,nan
129,4,0.06407512158096178,0.0,nan
129,5,0.045024796378993655,0.0,nan
129,6,0.041746624338372736,0.0,nan
129,7,0.0790412114080411,0.0,nan
129,8,0.07248529637326329,0.0,nan
129,9,0.2059535302993725,1.0,nan
129,10,0.07776432495492037,0.0,nan
129,11,0.0250488836284871,0.0,nan
129,12,1.6538264133643306,1.0,nan
129,13,0.0761207388575373,0.0,nan
129,14,0.04746140490190512,0.0,nan
129,15,0.06202282489392141,0.0,nan
129,16,0.08901966295876339,0.0,nan
129,17,0.07775591744652449,0.0,nan
129,18,0.032360209728224926,0.0,nan
129,19,0.23666037207539867,1.0,nan
129,20,0.05108838860335574,0.0,nan
129,21,0.0544254022680092,0.0,nan
129,22,0.12969960032768094,0.0,nan
129,23,0.0498362477974306,0.0,nan
129,24,0.018005349208743533,0.0,nan
129,25,0.06579322826310668,0.0,nan
129,26,0.0380132715289009,0.0,nan
129,27,0.08186666308203233,0.0,nan
129,28,0.060689355423348953,0.0,nan
129,29,0.06259892767441262,0.0,nan
129,30,0.1240435182739558,0.0,nan
129,31,0.028294169420708,0.0,nan
129,32,0.013911348332566985,0.0,nan
129,33,0.057897116371214925,0.0,nan
129,34,0.09284820393296818,0.0,nan
129,35,0.055492149244024604,0.0,nan
129,36,0.9195657100469725,1.0,nan
129,37,0.05264038220738682,0.0,nan
129,38,0.042970789582420954,0.0,nan
129,39,0.12489230989098253,0.0,nan
129,40,0.06699383873166878,0.0,nan
129,41,0.14017735248701968,0.0,nan
129,42,0.11353834817866096,0.0,nan
129,43,0.02997529922773726,0.0,nan
129,44,0.05811475430200109,0.0,nan
129,45,0.07058915476654508,0.0,nan
129,46,0.04928632792573091,0.0,nan
129,47,0.21124878006920067,1.0,nan
129,48,2.985443983484218,1.0,nan
129,49,0.10361110225303773,0.0,nan
129,50,0.07858716493926153,0.0,nan
129,51,0.03599526436613837,0.0,nan
129,52,0.1316998625870606,0.0,nan
129,53,0.038603437524366395,0.0,nan
129,54,0.10683640384584704,0.0,nan
129,55,0.3079576466901748,1.0,nan
129,56,0.05538758835383827,0.0,nan
129,57,0.06804493771822218,0.0,nan
129,58,0.06089838174161948,0.0,nan
129,59,0.07089170062012784,0.0,nan
129,60,0.13091761358004328,0.0,nan
129,61,0.280191881491179,1.0,nan
129,62,0.04949088296316274,0.0,nan
129,63,0.0629957488370016,0.0,nan
129,64,0.03241335719517645,0.0,nan
129,65,0.40024458065019497,1.0,nan
129,66,0.22170486342918785,1.0,nan
129,67,0.05295965079697713,0.0,nan
129,68,0.09192900599879941,0.0,nan
129,69,0.1391681537555747,0.0,nan
129,70,0.07028385450345209,0.0,nan
129,71,0.03216457262165284,0.0,nan
129,72,0.10898629687429198,0.0,nan
129,73,0.08969292092618739,0.0,nan
129,74,0.0972931296313706,0.0,nan
129,75,0.3948911200973764,1.0,nan
129,76,0.7064216972252959,1.0,nan
129,77,0.024425506208223337,0.0,nan
129,78,0.10503874306635831,0.0,nan
129,79,0.10072328060780276,0.0,nan
129,80,0.03435094194568471,0.0,nan
129,81,0.06259853686937222,0.0,nan
129,82,0.03191218834235047,0.0,nan
129,83,0.09494104325496906,0.0,nan
129,84,0.03191413854228095,0.0,nan
129,85,0.142013120580188,0.0,nan
129,86,0.0815134061485971,0.0,nan
129,87,6.337012973821265,1.0,nan
129,88,0.09897906362168993,0.0,nan
129,89,0.06657918925961742,0.0,nan
129,90,0.05053292467336287,0.0,nan
129,91,0.07664733708560592,0.0,nan
129,92,0.054236873774536974,0.0,nan
129,93,0.018719252919992685,0.0,nan
129,94,0.07556569321025368,0.0,nan
129,95,0.057643614442495154,0.0,nan
129,96,0.05636163542852229,0.0,nan
129,97,0.29837428924999765,1.0,nan
129,98,0.107353126874886,0.0,nan
129,99,0.039655891069394524,0.0,nan
130,0,0.03163177397171185,0.0,nan
130,1,0.023930373124791553,0.0,nan
130,2,0.07744923384194154,0.0,nan
130,3,0.044660980158724856,0.0,nan
130,4,0.037041240888988386,0.0,nan
130,5,0.030277811428183313,0.0,nan
130,6,0.02587831828240789,0.0,nan
130,7,0.07925262386783521,0.0,nan
130,8,0.058937071477447284,0.0,nan
130,9,0.16282734182088776,1.0,nan
130,10,0.07197283837639969,0.0,nan
130,11,0.018093045907381977,0.0,nan
130,12,1.2104199458185687,1.0,nan
130,13,0.08527531466560792,0.0,nan
130,14,0.03857236669464257,0.0,nan
130,15,0.04840342892832841,0.0,nan
130,16,0.07039845504777739,0.0,nan
130,17,0.08601881818836833,0.0,nan
130,18,0.027493746149637337,0.0,nan
130,19,0.21476132030938794,1.0,nan
130,20,0.037857413211020305,0.0,nan
130,21,0.05443406649847545,0.0,nan
130,22,0.11625131227342118,0.0,nan
130,23,0.03167058261655454,0.0,nan
130,24,0.014729633516974816,0.0,nan
130,25,0.09687288105177394,0.0,nan
130,26,0.035809208498410544,0.0,nan
130,27,0.07682592986423291,0.0,nan
130,28,0.06352069644154779,0.0,nan
130,29,0.04586622568840804,0.0,nan
130,30,0.10276727701479561,0.0,nan
130,31,0.019273323808330512,0.0,nan
130,32,0.012011551276480825,0.0,nan
130,33,0.04055382617246545,0.0,nan
130,34,0.19262824534130518,1.0,nan
130,35,0.08516126191243409,0.0,nan
130,36,0.7071890995589347,1.0,nan
130,37,0.046630676966159315,0.0,nan
130,38,0.033072684441500924,0.0,nan
130,39,0.17029215010422938,1.0,nan
130,40,0.046655594084249456,0.0,nan
130,41,0.1354416207918228,0.0,nan
130,42,0.07289105451106802,0.0,nan
130,43,0.04931108622514682,0.0,nan
130,44,0.046825825420529224,0.0,nan
130,45,0.05445755700662493,0.0,nan
130,46,0.05007824356086304,0.0,nan
130,47,0.7991535388370716,1.0,nan
130,48,3.401991824638022,1.0,nan
130,49,0.07609690690033166,0.0,nan
130,50,0.04204155004123118,0.0,nan
130,51,0.02664645029564101,0.0,nan
130,52,0.09440109706522497,0.0,nan
130,53,0.02976771978413028,0.0,nan
130,54,0.07520761170131358,0.0,nan
130,55,0.272117610224946,1.0,nan
130,56,0.03619067388763399,0.0,nan
130,57,0.059701533370228155,0.0,nan
130,58,0.05152534630945585,0.0,nan
130,59,0.05753319816380418,0.0,nan
130,60,0.15285337712187097,1.0,nan
130,61,0.07402718903551556,0.0,nan
130,62,0.04192375322912786,0.0,nan
130,63,0.045612624350496504,0.0,nan
130,64,0.03133023921546424,0.0,nan
130,65,0.9560003531387506,1.0,nan
130,66,0.3257411955002454,1.0,nan
130,67,0.042090257651569,0.0,nan
130,68,0.08104306458819195,0.0,nan
130,69,0.09771286359920223,0.0,nan
130,70,0.13952131946578616,0.0,nan
130,71,0.021148203922245572,0.0,nan
130,72,0.10179495012372375,0.0,nan
130,73,0.051367057956836944,0.0,nan
130,74,0.07674573545011246,0.0,nan
130,75,0.2511181266833415,1.0,nan
130,76,0.4688333517226501,1.0,nan
130,77,0.016533365145713734,0.0,nan
130,78,0.2250075444292144,1.0,nan
130,79,0.09805582905436884,0.0,nan
130,80,0.03984095333299068,0.0,nan
130,81,0.047262156853482805,0.0,nan
130,82,0.022434657126950624,0.0,nan
130,83,0.07232448225074013,0.0,nan
130,84,0.028971382700679206,0.0,nan
130,85,0.16488057287901206,1.0,nan
130,86,0.11902008167712248,0.0,nan
130,87,6.247549450277391,1.0,nan
130,88,0.14501014283249905,0.0,nan
130,89,0.07661041050831931,0.0,nan
130,90,0.043417202877447714,0.0,nan
130,91,0.05999427242141198,0.0,nan
130,92,0.0446420273550181,0.0,nan
130,93,0.0202750974362238,0.0,nan
130,94,0.032603128939679954,0.0,nan
130,95,0.03957182392073985,0.0,nan
130,96,0.05371920640813293,0.0,nan
130,97,0.20095063222475182,1.0,nan
130,98,0.056832680653872814,0.0,nan
130,99,0.03109674787830519,0.0,nan
131,0,0.030498166856863528,0.0,nan
131,1,0.024691205382309615,0.0,nan
131,2,0.08194324351681849,0.0,nan
131,3,0.048066948315209565,0.0,nan
131,4,0.03799137658256754,0.0,nan
131,5,0.03189317062221586,0.0,nan
131,6,0.0210429221720097,0.0,nan
131,7,0.07357616733842981,0.0,nan
131,8,0.046702810157296555,0.0,nan
131,9,0.14744184953703124,0.0,nan
131,10,0.07063034259429693,0.0,nan
131,11,0.019817388383995445,0.0,nan
131,12,1.3942050347414439,1.0,nan
131,13,0.07147816090715599,0.0,nan
131,14,0.03582554953016493,0.0,nan
131,15,0.0491346201386031,0.0,nan
131,16,0.066808517681972,0.0,nan
131,17,0.08434506405607323,0.0,nan
131,18,0.024534038124794814,0.0,nan
131,19,0.22483646992970804,1.0,nan
131,20,0.038167284423635525,0.0,nan
131,21,0.0602749848278179,0.0,nan
131,22,0.12904593557833285,0.0,nan
131,23,0.03200797923372048,0.0,nan
131,24,0.015347014400944709,0.0,nan
131,25,0.09187307459799471,0.0,nan
131,26,0.03579225608242001,0.0,nan
131,27,0.08409761506019799,0.0,nan
131,28,0.05282676455283647,0.0,nan
131,29,0.05055916664000679,0.0,nan
131,30,0.09025878935303303,0.0,nan
131,31,0.01887018974518168,0.0,nan
131,32,0.012951002993870985,0.0,nan
131,33,0.043253411649666215,0.0,nan
131,34,0.1349634362917045,0.0,nan
131,35,0.08443666315013407,0.0,nan
131,36,0.7121012700059953,1.0,nan
131,37,0.04053439885231766,0.0,nan
131,38,0.032031228414274276,0.0,nan
131,39,0.17032127831151064,1.0,nan
131,40,0.04737020390506585,0.0,nan
131,41,0.16730103677035765,1.0,nan
131,42,0.06357603497006402,0.0,nan
131,43,0.05548741443005751,0.0,nan
131,44,0.044626410708023534,0.0,nan
131,45,0.05149456018506942,0.0,nan
131,46,0.06588085796262426,0.0,nan
131,47,0.6677233804221571,1.0,nan
131,48,3.526087488221533,1.0,nan
131,49,0.07176377716558356,0.0,nan
131,50,0.04068541086830052,0.0,nan
131,51,0.02816943736621386,0.0,nan
131,52,0.10976679575150156,0.0,nan
131,53,0.028655392295960265,0.0,nan
131,54,0.0725625210165942,0.0,nan
131,55,0.24533528150030268,1.0,nan
131,56,0.03751488833111578,0.0,nan
131,57,0.059726668929383275,0.0,nan
131,58,0.05118379377182332,0.0,nan
131,59,0.057900498806444246,0.0,nan
131,60,0.1343180277537492,0.0,nan
131,61,0.07981800103599435,0.0,nan
131,62,0.04417750616428899,0.0,nan
131,63,0.04549916681179225,0.0,nan
131,64,0.03087483611769123,0.0,nan
131,65,0.8785980294436165,1.0,nan
131,66,0.35733867211462195,1.0,nan
131,67,0.04118867039292669,0.0,nan
131,68,0.07265972225980613,0.0,nan
131,69,0.09473855405123675,0.0,nan
131,70,0.10788082918841116,0.0,nan
131,71,0.021445427709997588,0.0,nan
131,72,0.08226027781533922,0.0,nan
131,73,0.05466084838281837,0.0,nan
131,74,0.06759641224375008,0.0,nan
131,75,0.2596504072139668,1.0,nan
131,76,0.49439184202363207,1.0,nan
131,77,0.016329213013104877,0.0,nan
131,78,0.15186277543688637,0.0,nan
131,79,0.10181483446041938,0.0,nan
131,80,0.03998853494807131,0.0,nan
131,81,0.043414038679163366,0.0,nan
131,82,0.023593753245061813,0.0,nan
131,83,0.0639349330683338,0.0,nan
131,84,0.02918862947820655,0.0,nan
131,85,0.15791517078081624,1.0,nan
131,86,0.14761466490311703,0.0,nan
131,87,6.356430898608236,1.0,nan
131,88,0.12614553885516913,0.0,nan
131,89,0.08757286303308481,0.0,nan
131,90,0.038701268788374474,0.0,nan
131,91,0.06692616494152966,0.0,nan
131,92,0.042979321136805464,0.0,nan
131,93,0.01964078893066946,0.0,nan
131,94,0.03218430596215726,0.0,nan
131,95,0.03299040665905057,0.0,nan
131,96,0.043581670992347915,0.0,nan
131,97,0.24744510497930863,1.0,nan
131,98,0.04128984078394857,0.0,nan
131,99,0.03127249536915567,0.0,nan
132,0,0.035397306834404514,0.0,nan
132,1,0.022972057848777528,0.0,nan
132,2,0.09784134739035394,0.0,nan
132,3,0.03830079579894346,0.0,nan
132,4,0.044490430460416314,0.0,nan
132,5,0.027474086148634357,0.0,nan
132,6,0.03167708378464363,0.0,nan
132,7,0.06932544781397952,0.0,nan
132,8,0.03021496859013113,0.0,nan
132,9,0.20592117956873282,1.0,nan
132,10,0.07495251325019836,0.0,nan
132,11,0.026893822561905836,0.0,nan
132,12,1.4945807782975649,1.0,nan
132,13,0.07127427575295076,0.0,nan
132,14,0.03674141917790206,0.0,nan
132,15,0.053447573744964685,0.0,nan
132,16,0.08118676001593583,0.0,nan
132,17,0.08132530868951356,0.0,nan
132,18,0.023869750614456012,0.0,nan
132,19,0.2455858421335485,1.0,nan
132,20,0.04500187282563414,0.0,nan
132,21,0.04863296335400655,0.0,nan
132,22,0.13370310849569667,0.0,nan
132,23,0.04471934759607587,0.0,nan
132,24,0.016671356696765616,0.0,nan
132,25,0.061480983415409786,0.0,nan
132,26,0.03211610904501287,0.0,nan
132,27,0.06870419592671688,0.0,nan
132,28,0.055667057334873024,0.0,nan
132,29,0.06190329032760537,0.0,nan
132,30,0.11951905338886408,0.0,nan
132,31,0.02321521547142593,0.0,nan
132,32,0.012378668691573424,0.0,nan
132,33,0.04990430479997331,0.0,nan
132,34,0.08580779893869284,0.0,nan
132,35,0.0503945048624141,0.0,nan
132,36,0.7228893021261171,1.0,nan
132,37,0.03258462930208198,0.0,nan
132,38,0.03697371979869862,0.0,nan
132,39,0.1281744100615935,0.0,nan
132,40,0.05863744118010894,0.0,nan
132,41,0.1884573830841085,1.0,nan
132,42,0.10642623001510591,0.0,nan
132,43,0.028102160415794566,0.0,nan
132,44,0.03592888861855152,0.0,nan
132,45,0.0665639981027089,0.0,nan
132,46,0.04988064801480696,0.0,nan
132,47,0.2792137236214331,1.0,nan
132,48,3.2757479144784027,1.0,nan
132,49,0.09611955212477949,0.0,nan
132,50,0.056528344388927766,0.0,nan
132,51,0.033912457816012855,0.0,nan
132,52,0.12327664879009027,0.0,nan
132,53,0.034068233673886006,0.0,nan
132,54,0.10775032950083241,0.0,nan
132,55,0.2728799861481738,1.0,nan
132,56,0.05131192477399927,0.0,nan
132,57,0.06440294594212896,0.0,nan
132,58,0.057295075793993025,0.0,nan
132,59,0.06709555420170091,0.0,nan
132,60,0.12288021209582245,0.0,nan
132,61,0.20545854449187498,1.0,nan
132,62,0.03870831723128159,0.0,nan
132,63,0.05806013840925946,0.0,nan
132,64,0.025825708649373957,0.0,nan
132,65,0.7915537430458973,1.0,nan
132,66,0.25075752729866385,1.0,nan
132,67,0.04748334402372348,0.0,nan
132,68,0.08728782919047291,0.0,nan
132,69,0.13662736235126696,0.0,nan
132,70,0.05851682036852075,0.0,nan
132,71,0.027539051491827136,0.0,nan
132,72,0.09423027549520176,0.0,nan
132,73,0.04464639193760063,0.0,nan
132,74,0.07097269799544463,0.0,nan
132,75,0.32353779818185846,1.0,nan
132,76,0.6739215907359211,1.0,nan
132,77,0.022478951586730307,0.0,nan
132,78,0.09467367620845372,0.0,nan
132,79,0.09733221422092972,0.0,nan
132,80,0.021527819380587558,0.0,nan
132,81,0.04612410724419244,0.0,nan
132,82,0.029359398555596043,0.0,nan
132,83,0.09085581357146473,0.0,nan
132,84,0.028473039420368707,0.0,nan
132,85,0.16183527909728293,1.0,nan
132,86,0.09804377020788602,0.0,nan
132,87,6.38837153290401,1.0,nan
132,88,0.10083178954873387,0.0,nan
132,89,0.06481428974445799,0.0,nan
132,90,0.045486820552891764,0.0,nan
132,91,0.0779252799153059,0.0,nan
132,92,0.051071470470138054,0.0,nan
132,93,0.015989471413108382,0.0,nan
132,94,0.0637093444601716,0.0,nan
132,95,0.036446800388268606,0.0,nan
132,96,0.03722008665539692,0.0,nan
132,97,0.2713893173542494,1.0,nan
132,98,0.054946343459473655,0.0,nan
132,99,0.03924834343635085,0.0,nan
133,0,0.031751768017849874,0.0,nan
133,1,0.02320144352591082,0.0,nan
133,2,0.10365601019188907,0.0,nan
133,3,0.04062353412355263,0.0,nan
133,4,0.04113042411707637,0.0,nan
133,5,0.02508280946097546,0.0,nan
133,6,0.025874157543377168,0.0,nan
133,7,0.07687669102176292,0.0,nan
133,8,0.03149499365248359,0.0,nan
133,9,0.19549409829376727,1.0,nan
133,10,0.07508758771766882,0.0,nan
133,11,0.02252535824355636,0.0,nan
133,12,1.4549660530579516,1.0,nan
133,13,0.0723396569961679,0.0,nan
133,14,0.032997417502768626,0.0,nan
133,15,0.04806234089680929,0.0,nan
133,16,0.07121141653585451,0.0,nan
133,17,0.11572754185737348,0.0,nan
133,18,0.022789794795358857,0.0,nan
133,19,0.2090205903443874,1.0,nan
133,20,0.04091590657552377,0.0,nan
133,21,0.052372742179218224,0.0,nan
133,22,0.15215407215197793,0.0,nan
133,23,0.03784325497485978,0.0,nan
133,24,0.015668976494605188,0.0,nan
133,25,0.0807916795884244,0.0,nan
133,26,0.03239424388671496,0.0,nan
133,27,0.07230681560490762,0.0,nan
133,28,0.054933329417788626,0.0,nan
133,29,0.05850900021340447,0.0,nan
133,30,0.10491409889166353,0.0,nan
133,31,0.02089813139568019,0.0,nan
133,32,0.012192557682328823,0.0,nan
133,33,0.04608878193872097,0.0,nan
133,34,0.12415062710202397,0.0,nan
133,35,0.0595817814725642,0.0,nan
133,36,0.8081720436760799,1.0,nan
133,37,0.03484370433316324,0.0,nan
133,38,0.0326613869297467,0.0,nan
133,39,0.12366881034515063,0.0,nan
133,40,0.054818532529820205,0.0,nan
133,41,0.2224958410985032,1.0,nan
133,42,0.08744906973705234,0.0,nan
133,43,0.03802834997425588,0.0,nan
133,44,0.033078769407518645,0.0,nan
133,45,0.05972017304491771,0.0,nan
133,46,0.06220794422145393,0.0,nan
133,47,0.8365043415988697,1.0,nan
133,48,3.408672217261747,1.0,nan
133,49,0.08170276945815341,0.0,nan
133,50,0.045271185647933546,0.0,nan
133,51,0.030803463864113804,0.0,nan
133,52,0.12974246155790747,0.0,nan
133,53,0.030687708692588248,0.0,nan
133,54,0.0861255625507629,0.0,nan
133,55,0.22230049383129535,1.0,nan
133,56,0.04349789903759043,0.0,nan
133,57,0.0648381427565585,0.0,nan
133,58,0.05708270011009765,0.0,nan
133,59,0.06600088410765505,0.0,nan
133,60,0.1295072123616313,0.0,nan
133,61,0.11476626049566725,0.0,nan
133,62,0.03990098792407849,0.0,nan
133,63,0.05071935480864565,0.0,nan
133,64,0.02342839125647777,0.0,nan
133,65,0.8563895507366298,1.0,nan
133,66,0.3168656413774249,1.0,nan
133,67,0.04479862311137483,0.0,nan
133,68,0.0813782028249392,0.0,nan
133,69,0.11349411959834144,0.0,nan
133,70,0.05945989746274039,0.0,nan
133,71,0.02351195366393511,0.0,nan
133,72,0.0968390670680387,0.0,nan
133,73,0.04267111426288476,0.0,nan
133,74,0.06773451067772665,0.0,nan
133,75,0.2610425885446767,1.0,nan
133,76,0.47952596781163914,1.0,nan
133,77,0.019682454015862202,0.0,nan
133,78,0.10634353838143502,0.0,nan
133,79,0.11347733262254182,0.0,nan
133,80,0.022376137746878896,0.0,nan
133,81,0.04273466739128409,0.0,nan
133,82,0.026189379256258794,0.0,nan
133,83,0.07895561501855305,0.0,nan
133,84,0.0276409775377175,0.0,nan
133,85,0.13116789071692772,0.0,nan
133,86,0.10221994349648654,0.0,nan
133,87,6.009186917718752,1.0,nan
133,88,0.12483322348284168,0.0,nan
133,89,0.0754005140155973,0.0,nan
133,90,0.04120512967243318,0.0,nan
133,91,0.07986100740451835,0.0,nan
133,92,0.04696299381824942,0.0,nan
133,93,0.016544797170720136,0.0,nan
133,94,0.04679579027537778,0.0,nan
133,95,0.03257985947385997,0.0,nan
133,96,0.037245037732272945,0.0,nan
133,97,0.37209455997725055,1.0,nan
133,98,0.046049656215615686,0.0,nan
133,99,0.03554234432524375,0.0,nan
134,0,0.032704171018385166,0.0,nan
134,1,0.025077707781131577,0.0,nan
134,2,0.10475800246543722,0.0,nan
134,3,0.0724039136716017,0.0,nan
134,4,0.035846283744480775,0.0,nan
134,5,0.02784282114676097,0.0,nan
134,6,0.0205218064250264,0.0,nan
134,7,0.10799267794622586,0.0,nan
134,8,0.040735311410570636,0.0,nan
134,9,0.19305057740166728,1.0,nan
134,10,0.07099375587364876,0.0,nan
134,11,0.024298261441539074,0.0,nan
134,12,1.1005725482546436,1.0,nan
134,13,0.08334716056774871,0.0,nan
134,14,0.03120879759797136,0.0,nan
134,15,0.09161096547674649,0.0,nan
134,16,0.06729295107426689,0.0,nan
134,17,0.10471082919903292,0.0,nan
134,18,0.021367840107804813,0.0,nan
134,19,0.22030542219310065,1.0,nan
134,20,0.04355315280769093,0.0,nan
134,21,0.06659367561973682,0.0,nan
134,22,0.16079554996267315,1.0,nan
134,23,0.10230922658727591,0.0,nan
134,24,0.014581188299436557,0.0,nan
134,25,0.05943416278062808,0.0,nan
134,26,0.034860597227053806,0.0,nan
134,27,0.0795163314700789,0.0,nan
134,28,0.057183972704029556,0.0,nan
134,29,0.05138781766166865,0.0,nan
134,30,0.10264042890671708,0.0,nan
134,31,0.02049733548721602,0.0,nan
134,32,0.012769440527484965,0.0,nan
134,33,0.05958343478518814,0.0,nan
134,34,0.14843531756301376,0.0,nan
134,35,0.09004087791425816,0.0,nan
134,36,0.7855520480170926,1.0,nan
134,37,0.04351871521635392,0.0,nan
134,38,0.03396461367447421,0.0,nan
134,39,0.13680173901071394,0.0,nan
134,40,0.06877417892421178,0.0,nan
134,41,0.1858878003815,1.0,nan
134,42,0.09681453866369975,0.0,nan
134,43,0.04454177768315049,0.0,nan
134,44,0.03112083254924419,0.0,nan
134,45,0.05807750578853319,0.0,nan
134,46,0.057414252519568464,0.0,nan
134,47,0.8359513546989382,1.0,nan
134,48,3.7242289376428115,1.0,nan
134,49,0.07791085866595103,0.0,nan
134,50,0.043343679572669665,0.0,nan
134,51,0.02977472165449823,0.0,nan
134,52,0.10521284231733331,0.0,nan
134,53,0.02911990975116377,0.0,nan
134,54,0.8937484571168517,1.0,nan
134,55,0.23523789342540322,1.0,nan
134,56,0.11902345848105961,0.0,nan
134,57,0.05622615235463294,0.0,nan
134,58,0.049623947382607246,0.0,nan
134,59,0.06011277219073266,0.0,nan
134,60,0.14905906570568916,0.0,nan
134,61,0.15382928223108508,1.0,nan
134,62,0.08789122496840461,0.0,nan
134,63,0.0506999541345492,0.0,nan
134,64,0.02571198733705109,0.0,nan
134,65,0.5377051141747075,1.0,nan
134,66,0.2820668581536892,1.0,nan
134,67,0.043070813896362053,0.0,nan
134,68,0.0842348653479998,0.0,nan
134,69,0.13057654438668104,0.0,nan
134,70,0.10249206523751891,0.0,nan
134,71,0.028527108135638392,0.0,nan
134,72,0.0817300157789578,0.0,nan
134,73,0.04009232906277205,0.0,nan
134,74,0.12160240371165641,0.0,nan
134,75,0.21843543616324082,1.0,nan
134,76,0.5647433077027808,1.0,nan
134,77,0.018294630434720377,0.0,nan
134,78,0.14948754391738012,0.0,nan
134,79,0.11428999327254666,0.0,nan
134,80,0.025256390375536068,0.0,nan
134,81,0.03957386962891465,0.0,nan
134,82,0.02573429772488853,0.0,nan
134,83,0.07917836146131806,0.0,nan
134,84,0.0269130402737912,0.0,nan
134,85,0.17325943428691332,1.0,nan
134,86,0.10029899847222411,0.0,nan
134,87,5.989552235966051,1.0,nan
134,88,0.11148873850499402,0.0,nan
134,89,0.06629718776415541,0.0,nan
134,90,0.04375250207758772,0.0,nan
134,91,0.0638957574369275,0.0,nan
134,92,0.044816487820280825,0.0,nan
134,93,0.01879845458416554,0.0,nan
134,94,0.03802272096583266,0.0,nan
134,95,0.03031778235891898,0.0,nan
134,96,0.058775093294608165,0.0,nan
134,97,0.18707413355227392,1.0,nan
134,98,0.04480828788789173,0.0,nan
134,99,0.04349102523404679,0.0,nan
135,0,0.27845461485731277,1.0,nan
135,1,0.0104483059164062,0.0,nan
135,2,0.2217911057139258,1.0,nan
135,3,0.06949901596377484,0.0,nan
135,4,0.04264414324384561,0.0,nan
135,5,0.0003049538254294412,0.0,nan
135,6,0.008294010503652728,0.0,nan
135,7,0.00044021818987207144,0.0,nan
135,8,1.164697973915723e-05,0.0,nan
135,9,0.072202864295048,0.0,nan
135,10,0.0005647344156572991,0.0,nan
135,11,0.00020063612439515585,0.0,nan
135,12,4.908666636894796e-05,0.0,nan
135,13,3.879335426437241e-05,0.0,nan
135,14,0.014595492087243271,0.0,nan
135,15,1.7130873385510146,1.0,nan
135,16,0.000825663785269161,0.0,nan
135,17,0.000325212336370778,0.0,nan
135,18,0.00036888004052597654,0.0,nan
135,19,0.07504738068401325,0.0,nan
135,20,0.00029141521357093026,0.0,nan
135,21,4.7807789180483405e-05,0.0,nan
135,22,0.3523543125589123,1.0,nan
135,23,6.2434396305900035e-06,0.0,nan
135,24,0.009389741186385626,0.0,nan
135,25,3.4196588751148454e-06,0.0,nan
135,26,0.010281350572580854,0.0,nan
135,27,0.8952505893916741,1.0,nan
135,28,5.887142735873426e-05,0.0,nan
135,29,1.5883955771430397e-05,0.0,nan
135,30,0.0004047468574000997,0.0,nan
135,31,0.008985815482973192,0.0,nan
135,32,0.010061679171659753,0.0,nan
135,33,0.009042211543661785,0.0,nan
135,34,1.0463223866082994e-05,0.0,nan
135,35,2.4232089374814503e-05,0.0,nan
135,36,3.818395461955762e-05,0.0,nan
135,37,0.00032275191512174924,0.0,nan
135,38,0.00043421894578470413,0.0,nan
135,39,0.0008811944045566174,0.0,nan
135,40,0.00320426390002786,0.0,nan
135,41,0.00029026207654659096,0.0,nan
135,42,0.02105066673951852,0.0,nan
135,43,0.0002847801877038945,0.0,nan
135,44,0.0007996926224234806,0.0,nan
135,45,0.001966035027522465,0.0,nan
135,46,0.09154039201155881,0.0,nan
135,47,2.5304132179517142e-05,0.0,nan
135,48,4.858322109452301,1.0,nan
135,49,3.2427444661923094e-08,0.0,nan
135,50,2.6199672813917933e-05,0.0,nan
135,51,2.2463868954011155e-05,0.0,nan
135,52,0.1210858817769262,0.0,nan
135,53,2.0523923147088753e-05,0.0,nan
135,54,0.0010594157753215495,0.0,nan
135,55,3.0006454908609697e-05,0.0,nan
135,56,0.0027696473155096116,0.0,nan
135,57,2.785164077910495e-05,0.0,nan
135,58,3.447466577042466e-06,0.0,nan
135,59,0.0007874679199169639,0.0,nan
135,60,0.9696445301377188,1.0,nan
135,61,6.027307143903349e-06,0.0,nan
135,62,0.0006076997890762796,0.0,nan
135,63,0.021092532362814557,0.0,nan
135,64,0.00036100633370344956,0.0,nan
135,65,2.2223724244717692e-05,0.0,nan
135,66,0.10058714051316815,0.0,nan
135,67,1.8023105274845228e-05,0.0,nan
135,68,0.0004441927642656482,0.0,nan
135,69,1.5564713589493497,1.0,nan
135,70,0.0012829657951309095,0.0,nan
135,71,0.00021828493275770288,0.0,nan
135,72,0.00013245826295310432,0.0,nan
135,73,2.728273773819521e-06,0.0,nan
135,74,0.0006129455650596918,0.0,nan
135,75,3.5854165940295965e-06,0.0,nan
135,76,1.785520713334642e-05,0.0,nan
135,77,3.121129227639201e-05,0.0,nan
135,78,0.00048400181935825173,0.0,nan
135,79,5.333095423959022e-05,0.0,nan
135,80,2.7372981935988444e-05,0.0,nan
135,81,1.0222805601564454e-05,0.0,nan
135,82,0.004911537324108432,0.0,nan
135,83,0.0001341057523415804,0.0,nan
135,84,0.012511937673213286,0.0,nan
135,85,2.7928353190988467e-06,0.0,nan
135,86,0.019483256230375084,0.0,nan
135,87,7.973769186523709e-08,0.0,nan
135,88,0.3892054820018352,1.0,nan
135,89,0.01427111877483661,0.0,nan
135,90,0.00014173726175125317,0.0,nan
135,91,0.0056820676063512035,0.0,nan
135,92,0.002159279426226211,0.0,nan
135,93,3.405918094063011e-07,0.0,nan
135,94,0.01246723046378426,0.0,nan
135,95,4.916664252996318e-05,0.0,nan
135,96,0.0007491265238451774,0.0,nan
135,97,0.0002935729534079559,0.0,nan
135,98,0.00856256789778241,0.0,nan
135,99,1.734972368126934e-05,0.0,nan
136,0,0.03763290930762298,0.0,nan
136,1,0.018087880370266967,0.0,nan
136,2,0.1255799214541195,0.0,nan
136,3,0.03522993309335044,0.0,nan
136,4,0.0293853840982903,0.0,nan
136,5,0.021505087400627926,0.0,nan
136,6,0.01772715983643751,0.0,nan
136,7,0.061418197170078175,0.0,nan
136,8,0.024055990556971732,0.0,nan
136,9,0.45128215153571244,1.0,nan
136,10,0.06747409468161727,0.0,nan
136,11,0.018898624190550134,0.0,nan
136,12,1.1696793450483245,1.0,nan
136,13,0.07228106289863166,0.0,nan
136,14,0.031060362164138922,0.0,nan
136,15,1.9226824134585256,1.0,nan
136,16,0.030021029191246777,0.0,nan
136,17,0.12334275263176771,0.0,nan
136,18,0.016856852973662278,0.0,nan
136,19,0.11040992559337984,0.0,nan
136,20,0.042044049888231454,0.0,nan
136,21,0.03165950727095322,0.0,nan
136,22,0.2439882691021886,1.0,nan
136,23,0.04377170318184598,0.0,nan
136,24,0.014192449204412287,0.0,nan
136,25,0.04818341480971983,0.0,nan
136,26,0.03202327128256586,0.0,nan
136,27,0.19167779981956462,1.0,nan
136,28,0.05524614355144834,0.0,nan
136,29,0.023809839976392192,0.0,nan
136,30,0.0927581604539721,0.0,nan
136,31,0.01751400176482865,0.0,nan
136,32,0.011359592452458791,0.0,nan
136,33,0.03947164265257586,0.0,nan
136,34,0.05590209674779152,0.0,nan
136,35,0.043486507016945765,0.0,nan
136,36,0.7443993693120032,1.0,nan
136,37,0.017963305988640408,0.0,nan
136,38,0.04338111242516376,0.0,nan
136,39,0.1527904442114978,1.0,nan
136,40,0.03444946475627007,0.0,nan
136,41,0.14727425948807985,0.0,nan
136,42,0.0948505082846069,0.0,nan
136,43,0.022969643783724993,0.0,nan
136,44,0.021148994745267748,0.0,nan
136,45,0.061504674140393636,0.0,nan
136,46,0.10231979641537381,0.0,nan
136,47,0.06851666152802811,0.0,nan
136,48,2.975219322733694,1.0,nan
136,49,0.07827658141410362,0.0,nan
136,50,0.051252345793748065,0.0,nan
136,51,0.02467860317134427,0.0,nan
136,52,0.16830710130305884,1.0,nan
136,53,0.029429582727602537,0.0,nan
136,54,0.10518869318830218,0.0,nan
136,55,0.03752791716070894,0.0,nan
136,56,0.05844084962024975,0.0,nan
136,57,0.058580287256837914,0.0,nan
136,58,0.045759535019243916,0.0,nan
136,59,0.06555693426735557,0.0,nan
136,60,0.14053214461733682,0.0,nan
136,61,0.09883901107218857,0.0,nan
136,62,0.057345713915439224,0.0,nan
136,63,0.0501657805014235,0.0,nan
136,64,0.020389919499956662,0.0,nan
136,65,0.06688986349119416,0.0,nan
136,66,0.360542015333216,1.0,nan
136,67,0.03843495517110814,0.0,nan
136,68,0.07724769411384208,0.0,nan
136,69,0.20010320581321633,1.0,nan
136,70,0.04673291544674225,0.0,nan
136,71,0.015742324870599657,0.0,nan
136,72,0.0575205035661898,0.0,nan
136,73,0.030013857443959516,0.0,nan
136,74,0.06369629194866133,0.0,nan
136,75,0.08029925560011,0.0,nan
136,76,0.8199902472640734,1.0,nan
136,77,0.016723705773537184,0.0,nan
136,78,0.09306709226218425,0.0,nan
136,79,0.09466876996963249,0.0,nan
136,80,0.028865551955356818,0.0,nan
136,81,0.033355822983830725,0.0,nan
136,82,0.03140599940382931,0.0,nan
136,83,0.07655309905900906,0.0,nan
136,84,0.020026965614185988,0.0,nan
136,85,0.18645853082870356,1.0,nan
136,86,0.04342306664822843,0.0,nan
136,87,6.350259788926459,1.0,nan
136,88,0.1451099500270659,0.0,nan
136,89,0.039725848387843696,0.0,nan
136,90,0.0422262511676515,0.0,nan
136,91,0.07230936580580122,0.0,nan
136,92,0.04163169758372137,0.0,nan
136,93,0.013765980517145929,0.0,nan
136,94,0.03930176449469625,0.0,nan
136,95,0.030024251847996147,0.0,nan
136,96,0.03722172947891125,0.0,nan
136,97,0.09851621827826862,0.0,nan
136,98,0.02345725348127465,0.0,nan
136,99,0.038125614779103034,0.0,nan
137,0,0.03515737202993789,0.0,nan
137,1,0.015274633895826584,0.0,nan
137,2,0.12252829421916457,0.0,nan
137,3,0.0316131480799881,0.0,nan
137,4,0.02494100589731617,0.0,nan
137,5,0.017815129837395093,0.0,nan
137,6,0.01476402537149007,0.0,nan
137,7,0.06481228103560258,0.0,nan
137,8,0.019585790736597133,0.0,nan
137,9,0.6724892038011,1.0,nan
137,10,0.0654026489568037,0.0,nan
137,11,0.015050588581494106,0.0,nan
137,12,1.1381717404302298,1.0,nan
137,13,0.0855597073401781,0.0,nan
137,14,0.027614268963043857,0.0,nan
137,15,1.6554265147952094,1.0,nan
137,16,0.026641858101987943,0.0,nan
137,17,0.1792510656528088,1.0,nan
137,18,0.014232892088972458,0.0,nan
137,19,0.07874923770675084,0.0,nan
137,20,0.03734595024192582,0.0,nan
137,21,0.027292793210259143,0.0,nan
137,22,0.24661428677865718,1.0,nan
137,23,0.03053740274242698,0.0,nan
137,24,0.012159442764061638,0.0,nan
137,25,0.04671336418612891,0.0,nan
137,26,0.028449416471256657,0.0,nan
137,27,0.3190069128115251,1.0,nan
137,28,0.05967519915329497,0.0,nan
137,29,0.019302172552043893,0.0,nan
137,30,0.08277067139269394,0.0,nan
137,31,0.01475367204052787,0.0,nan
137,32,0.009630238694421206,0.0,nan
137,33,0.032310540357708646,0.0,nan
137,34,0.050940832743066836,0.0,nan
137,35,0.03983205869587633,0.0,nan
137,36,0.462479305409174,1.0,nan
137,37,0.014358740120283636,0.0,nan
137,38,0.03697754980400458,0.0,nan
137,39,0.13827754820587215,0.0,nan
137,40,0.02827552355536362,0.0,nan
137,41,0.2104211006401681,1.0,nan
137,42,0.06938309156266566,0.0,nan
137,43,0.02103201648687947,0.0,nan
137,44,0.01785248242876545,0.0,nan
137,45,0.05756605177580235,0.0,nan
137,46,0.1142022621297189,0.0,nan
137,47,0.06247166103689546,0.0,nan
137,48,2.819437987143463,1.0,nan
137,49,0.0605297694866255,0.0,nan
137,50,0.04553230230690208,0.0,nan
137,51,0.02139107339624514,0.0,nan
137,52,0.18229247145953603,1.0,nan
137,53,0.02900224213170557,0.0,nan
137,54,0.05127133223279824,0.0,nan
137,55,0.03098591783558778,0.0,nan
137,56,0.04619498171341173,0.0,nan
137,57,0.05799503949694769,0.0,nan
137,58,0.036836922881385126,0.0,nan
137,59,0.062347425119331355,0.0,nan
137,60,0.16964873092547392,1.0,nan
137,61,0.07784688998930994,0.0,nan
137,62,0.04798001167998661,0.0,nan
137,63,0.04435594725629185,0.0,nan
137,64,0.017767692564574788,0.0,nan
137,65,0.05372097285293763,0.0,nan
137,66,0.38891196050944277,1.0,nan
137,67,0.03287094095015811,0.0,nan
137,68,0.07679063529294233,0.0,nan
137,69,0.15898421511443883,1.0,nan
137,70,0.08477418247497201,0.0,nan
137,71,0.012133612905217904,0.0,nan
137,72,0.04805404908827942,0.0,nan
137,73,0.02566842810804684,0.0,nan
137,74,0.05585820456531864,0.0,nan
137,75,0.07758635793998138,0.0,nan
137,76,0.6101141377496861,1.0,nan
137,77,0.014480484388038634,0.0,nan
137,78,0.1592058769439588,1.0,nan
137,79,0.10208580977844436,0.0,nan
137,80,0.023586129717607592,0.0,nan
137,81,0.02756273020526334,0.0,nan
137,82,0.029377178358381974,0.0,nan
137,83,0.06694100970795114,0.0,nan
137,84,0.016959792866190006,0.0,nan
137,85,0.16292531966438006,1.0,nan
137,86,0.03437024276990052,0.0,nan
137,87,6.7613740715208195,1.0,nan
137,88,0.2385787674950327,1.0,nan
137,89,0.0365348078568265,0.0,nan
137,90,0.04197772885325108,0.0,nan
137,91,0.07415510668994738,0.0,nan
137,92,0.03595363777955701,0.0,nan
137,93,0.012068137154797999,0.0,nan
137,94,0.030368976993360636,0.0,nan
137,95,0.02513562459377088,0.0,nan
137,96,0.026586124203474847,0.0,nan
137,97,0.08424149204031307,0.0,nan
137,98,0.019331857203348214,0.0,nan
137,99,0.031209320229181558,0.0,nan
138,0,0.038389228521058624,0.0,nan
138,1,0.017019920222460422,0.0,nan
138,2,0.1342492347965384,0.0,nan
138,3,0.03149803961214004,0.0,nan
138,4,0.028887511605824263,0.0,nan
138,5,0.019057213210796807,0.0,nan
138,6,0.016825249734888435,0.0,nan
138,7,0.060963371701425635,0.0,nan
138,8,0.022557025356445562,0.0,nan
138,9,0.4557228603117454,1.0,nan
138,10,0.06981302320576792,0.0,nan
138,11,0.01803683331145703,0.0,nan
138,12,0.9725537583990005,1.0,nan
138,13,0.08409409323556931,0.0,nan
138,14,0.03130955434766453,0.0,nan
138,15,1.5584221171226482,1.0,nan
138,16,0.02663630521394622,0.0,nan
138,17,0.14071366881275968,0.0,nan
138,18,0.015624221396220989,0.0,nan
138,19,0.12146004141252938,0.0,nan
138,20,0.04287705083773356,0.0,nan
138,21,0.03214933768354361,0.0,nan
138,22,0.2590082783191873,1.0,nan
138,23,0.0430265470950792,0.0,nan
138,24,0.014053240658900856,0.0,nan
138,25,0.049267931395194,0.0,nan
138,26,0.030802032647196265,0.0,nan
138,27,0.13910845820532378,0.0,nan
138,28,0.06180654332238664,0.0,nan
138,29,0.01997449561978008,0.0,nan
138,30,0.10438603694700224,0.0,nan
138,31,0.017625088936071964,0.0,nan
138,32,0.011012592627021282,0.0,nan
138,33,0.03717933224615082,0.0,nan
138,34,0.05645661298014242,0.0,nan
138,35,0.04116698387536507,0.0,nan
138,36,0.7002088741841523,1.0,nan
138,37,0.015853336046913906,0.0,nan
138,38,0.04053098290015972,0.0,nan
138,39,0.1724145683626369,1.0,nan
138,40,0.032932904897268266,0.0,nan
138,41,0.1429510183542545,0.0,nan
138,42,0.11718730461944803,0.0,nan
138,43,0.022788288228143997,0.0,nan
138,44,0.0199667521299617,0.0,nan
138,45,0.06733257188168919,0.0,nan
138,46,0.09610573982431757,0.0,nan
138,47,0.07043746696222501,0.0,nan
138,48,2.5255073113769004,1.0,nan
138,49,0.08517423807223613,0.0,nan
138,50,0.05056033737627567,0.0,nan
138,51,0.024077312571014718,0.0,nan
138,52,0.169392904893949,1.0,nan
138,53,0.02986651249931462,0.0,nan
138,54,0.12023369658918327,0.0,nan
138,55,0.03774561536404704,0.0,nan
138,56,0.06092935304475573,0.0,nan
138,57,0.057451906684748984,0.0,nan
138,58,0.04426965219171497,0.0,nan
138,59,0.06439987846654885,0.0,nan
138,60,0.15954907845273986,1.0,nan
138,61,0.17427543332333958,1.0,nan
138,62,0.05790019213063757,0.0,nan
138,63,0.0519479943882407,0.0,nan
138,64,0.01870789187268385,0.0,nan
138,65,0.06083625976668431,0.0,nan
138,66,0.3424021797174488,1.0,nan
138,67,0.03857342360368783,0.0,nan
138,68,0.08593322740592274,0.0,nan
138,69,0.20759351947323762,1.0,nan
138,70,0.04979718483478356,0.0,nan
138,71,0.0141191361805366,0.0,nan
138,72,0.05877182019136044,0.0,nan
138,73,0.0280099627281128,0.0,nan
138,74,0.05550429435025549,0.0,nan
138,75,0.0979912471274708,0.0,nan
138,76,0.7827370924967508,1.0,nan
138,77,0.018123440715983846,0.0,nan
138,78,0.11186874121614478,0.0,nan
138,79,0.09345183953477564,0.0,nan
138,80,0.026804384553037807,0.0,nan
138,81,0.03316133592742305,0.0,nan
138,82,0.03006386043630474,0.0,nan
138,83,0.08582205593475013,0.0,nan
138,84,0.018168633365596598,0.0,nan
138,85,0.1609354521845558,1.0,nan
138,86,0.041984882447087805,0.0,nan
138,87,6.4773916862123535,1.0,nan
138,88,0.1597217264137413,1.0,nan
138,89,0.040741262168209905,0.0,nan
138,90,0.04698463080583127,0.0,nan
138,91,0.0778720713926664,0.0,nan
138,92,0.04153419429267359,0.0,nan
138,93,0.013015189155344137,0.0,nan
138,94,0.04215872116720925,0.0,nan
138,95,0.02912788965426876,0.0,nan
138,96,0.03056153532685813,0.0,nan
138,97,0.096698090790639,0.0,nan
138,98,0.02124890134692594,0.0,nan
138,99,0.03351981862239111,0.0,nan
139,0,0.0384848466445511,0.0,nan
139,1,0.01677086419845085,0.0,nan
139,2,0.09946051742674855,0.0,nan
139,3,0.03290426370463668,0.0,nan
139,4,0.02629743054156902,0.0,nan
139,5,0.018407521164110333,0.0,nan
139,6,0.016006897643084005,0.0,nan
139,7,0.06784383666369914,0.0,nan
139,8,0.022089325949603413,0.0,nan
139,9,0.30801738428143177,1.0,nan
139,10,0.06460907853227772,0.0,nan
139,11,0.016654720110926505,0.0,nan
139,12,1.2196707397499147,1.0,nan
139,13,0.06856429841907788,0.0,nan
139,14,0.027502913876835476,0.0,nan
139,15,1.4982786446258134,1.0,nan
139,16,0.025666977205769256,0.0,nan
139,17,0.08715479414923231,0.0,nan
139,18,0.015446249115764416,0.0,nan
139,19,0.10127622372756649,0.0,nan
139,20,0.04145262405489997,0.0,nan
139,21,0.034192436537211164,0.0,nan
139,22,0.20425124914598958,1.0,nan
139,23,0.037493351678972414,0.0,nan
139,24,0.013645501657182446,0.0,nan
139,25,0.04832939297371838,0.0,nan
139,26,0.031158565804016103,0.0,nan
139,27,0.12567000296786984,0.0,nan
139,28,0.051307163764238675,0.0,nan
139,29,0.018928963387774025,0.0,nan
139,30,0.08652418439671938,0.0,nan
139,31,0.015664452043071486,0.0,nan
139,32,0.01111662163372374,0.0,nan
139,33,0.03547705170070107,0.0,nan
139,34,0.05241725618223859,0.0,nan
139,35,0.04228909102323466,0.0,nan
139,36,0.6246991122964876,1.0,nan
139,37,0.014975844969078857,0.0,nan
139,38,0.03750342371298875,0.0,nan
139,39,0.1488057646895116,0.0,nan
139,40,0.02935072250021577,0.0,nan
139,41,0.12117854356082328,0.0,nan
139,42,0.09303189716017049,0.0,nan
139,43,0.023748732282995472,0.0,nan
139,44,0.018515555777923003,0.0,nan
139,45,0.05689072091239244,0.0,nan
139,46,0.10750466977059428,0.0,nan
139,47,0.063431652015808,0.0,nan
139,48,2.4927733453041783,1.0,nan
139,49,0.06927015657561528,0.0,nan
139,50,0.05145159203625381,0.0,nan
139,51,0.023961106189861216,0.0,nan
139,52,0.21443503947753917,1.0,nan
139,53,0.029060355867440085,0.0,nan
139,54,0.06364125223435554,0.0,nan
139,55,0.03123823129498989,0.0,nan
139,56,0.0679964590682656,0.0,nan
139,57,0.05880837085546669,0.0,nan
139,58,0.041712250475231784,0.0,nan
139,59,0.062396003949199315,0.0,nan
139,60,0.13023586667198128,0.0,nan
139,61,0.15544037649596704,1.0,nan
139,62,0.060096909279591125,0.0,nan
139,63,0.04876294536063664,0.0,nan
139,64,0.01820277004548364,0.0,nan
139,65,0.05463038640076592,0.0,nan
139,66,0.3641481642977963,1.0,nan
139,67,0.03614042302414711,0.0,nan
139,68,0.07176062943053332,0.0,nan
139,69,0.2071501689280754,1.0,nan
139,70,0.04594959767251491,0.0,nan
139,71,0.013177851867310067,0.0,nan
139,72,0.048875383081404655,0.0,nan
139,73,0.026868676942312653,0.0,nan
139,74,0.052666567719094386,0.0,nan
139,75,0.09228355691648445,0.0,nan
139,76,0.8549328087870349,1.0,nan
139,77,0.01583594309084449,0.0,nan
139,78,0.09376839365964015,0.0,nan
139,79,0.08659628571447915,0.0,nan
139,80,0.025969360331493715,0.0,nan
139,81,0.028996157540930743,0.0,nan
139,82,0.02992860215954111,0.0,nan
139,83,0.06908537912885257,0.0,nan
139,84,0.017624980264356063,0.0,nan
139,85,0.17776221490695268,1.0,nan
139,86,0.03935215046583216,0.0,nan
139,87,6.783443434143535,1.0,nan
139,88,0.12881881043458587,0.0,nan
139,89,0.044117885602897915,0.0,nan
139,90,0.040241549951701434,0.0,nan
139,91,0.08320646198797113,0.0,nan
139,92,0.03735137433378137,0.0,nan
139,93,0.013471844800917314,0.0,nan
139,94,0.03354623022199124,0.0,nan
139,95,0.02610316891907405,0.0,nan
139,96,0.029443155875127875,0.0,nan
139,97,0.08575051460572382,0.0,nan
139,98,0.01921480134326376,0.0,nan
139,99,0.029642640473924658,0.0,nan
140,0,0.039423895582969624,0.0,nan
140,1,0.01736170530996348,0.0,nan
140,2,0.12915232142107108,0.0,nan
140,3,0.03272619165745253,0.0,nan
140,4,0.027133239105910315,0.0,nan
140,5,0.02135280300961537,0.0,nan
140,6,0.018630180520998962,0.0,nan
140,7,0.06614696564455079,0.0,nan
140,8,0.02399373694313851,0.0,nan
140,9,0.3066437026589246,1.0,nan
140,10,0.0721251643638401,0.0,nan
140,11,0.01832870740381059,0.0,nan
140,12,1.4611488965042192,1.0,nan
140,13,0.09107558118724597,0.0,nan
140,14,0.031660822195323714,0.0,nan
140,15,1.5786172208268572,1.0,nan
140,16,0.030331714226264964,0.0,nan
140,17,0.10714027253464409,0.0,nan
140,18,0.012417575765893779,0.0,nan
140,19,0.07675376347582512,0.0,nan
140,20,0.04622614755870606,0.0,nan
140,21,0.03590448739383802,0.0,nan
140,22,0.25090515066029045,1.0,nan
140,23,0.03844720254326152,0.0,nan
140,24,0.015010758011717341,0.0,nan
140,25,0.04979060083205057,0.0,nan
140,26,0.036371093505549464,0.0,nan
140,27,0.11987807365883012,0.0,nan
140,28,0.06661615319516252,0.0,nan
140,29,0.020540451078608295,0.0,nan
140,30,0.10121992970410126,0.0,nan
140,31,0.017785619363483447,0.0,nan
140,32,0.012465741746003406,0.0,nan
140,33,0.03268891298952995,0.0,nan
140,34,0.05239182996906907,0.0,nan
140,35,0.03694704051289824,0.0,nan
140,36,0.6948804613862981,1.0,nan
140,37,0.01510210456908559,0.0,nan
140,38,0.042701965240191535,0.0,nan
140,39,0.1968915415917451,1.0,nan
140,40,0.029792097007415752,0.0,nan
140,41,0.11711777126076929,0.0,nan
140,42,0.08161122656681571,0.0,nan
140,43,0.02397961993233803,0.0,nan
140,44,0.021787801849764112,0.0,nan
140,45,0.06667741180113629,0.0,nan
140,46,0.11046534456331532,0.0,nan
140,47,0.06775738900166803,0.0,nan
140,48,2.706963235783678,1.0,nan
140,49,0.07304965548987727,0.0,nan
140,50,0.050074238248497785,0.0,nan
140,51,0.021884716895203972,0.0,nan
140,52,0.22527039326683262,1.0,nan
140,53,0.034112553553654584,0.0,nan
140,54,0.05360061400737412,0.0,nan
140,55,0.035404781123954066,0.0,nan
140,56,0.06416252001386821,0.0,nan
140,57,0.06337910503541572,0.0,nan
140,58,0.0381369379294403,0.0,nan
140,59,0.06767908289024448,0.0,nan
140,60,0.17549468904552812,1.0,nan
140,61,0.2092279281006235,1.0,nan
140,62,0.06109946790820578,0.0,nan
140,63,0.05477459438814639,0.0,nan
140,64,0.019987813121556064,0.0,nan
140,65,0.053896182300030335,0.0,nan
140,66,0.46789445317859346,1.0,nan
140,67,0.03745289869989339,0.0,nan
140,68,0.08547309408929102,0.0,nan
140,69,0.23454980746607715,1.0,nan
140,70,0.07847088645475599,0.0,nan
140,71,0.01466216388543146,0.0,nan
140,72,0.05447053028289005,0.0,nan
140,73,0.025611892375444364,0.0,nan
140,74,0.058431599336315754,0.0,nan
140,75,0.09180176473492942,0.0,nan
140,76,0.8148010873539792,1.0,nan
140,77,0.017721947862457177,0.0,nan
140,78,0.16275036495736414,1.0,nan
140,79,0.10070024697921484,0.0,nan
140,80,0.028155036970711464,0.0,nan
140,81,0.0317970194955938,0.0,nan
140,82,0.03228474873258564,0.0,nan
140,83,0.07905759394443887,0.0,nan
140,84,0.02025740326539896,0.0,nan
140,85,0.17729956466403388,1.0,nan
140,86,0.03422668530009451,0.0,nan
140,87,6.37853804449284,1.0,nan
140,88,0.1636716567438665,1.0,nan
140,89,0.045350385626759734,0.0,nan
140,90,0.05047438698577866,0.0,nan
140,91,0.07724377795836676,0.0,nan
140,92,0.041921802167529235,0.0,nan
140,93,0.01467897866511831,0.0,nan
140,94,0.03524760064520886,0.0,nan
140,95,0.028179806135756692,0.0,nan
140,96,0.030805237214990573,0.0,nan
140,97,0.07886408516235949,0.0,nan
140,98,0.019300702304495664,0.0,nan
140,99,0.025169823356757413,0.0,nan
141,0,0.041998132278018435,0.0,nan
141,1,0.0174016677596137,0.0,nan
141,2,0.09952039700566283,0.0,nan
141,3,0.04648841227818299,0.0,nan
141,4,0.0256154128986208,0.0,nan
141,5,0.023275276834767284,0.0,nan
141,6,0.019215492768479253,0.0,nan
141,7,0.10785201462051235,0.0,nan
141,8,0.02285202023303468,0.0,nan
141,9,0.20232132077890633,1.0,nan
141,10,0.07029416636580313,0.0,nan
141,11,0.017175655709474845,0.0,nan
141,12,1.3967241225373552,1.0,nan
141,13,0.08770980054292735,0.0,nan
141,14,0.030023933773053516,0.0,nan
141,15,1.6624055046997668,1.0,nan
141,16,0.03588296099886776,0.0,nan
141,17,0.07288971658411741,0.0,nan
141,18,0.013463992943229428,0.0,nan
141,19,0.06676240620699961,0.0,nan
141,20,0.048461360886326695,0.0,nan
141,21,0.03577958321645719,0.0,nan
141,22,0.20236814401342895,1.0,nan
141,23,0.030051035129641565,0.0,nan
141,24,0.015137705816399848,0.0,nan
141,25,0.04773967210197556,0.0,nan
141,26,0.037025733822696756,0.0,nan
141,27,0.10395234392426243,0.0,nan
141,28,0.06803344020748339,0.0,nan
141,29,0.02140023416493827,0.0,nan
141,30,0.09156800975524054,0.0,nan
141,31,0.01643478336750701,0.0,nan
141,32,0.01327084298440404,0.0,nan
141,33,0.03361071490103897,0.0,nan
141,34,0.04782118497636255,0.0,nan
141,35,0.03899958270763689,0.0,nan
141,36,0.6068457704143231,1.0,nan
141,37,0.01540224642720349,0.0,nan
141,38,0.03968643233440393,0.0,nan
141,39,0.1511647570124078,0.0,nan
141,40,0.028230984983477012,0.0,nan
141,41,0.10784916078898117,0.0,nan
141,42,0.06625044609087585,0.0,nan
141,43,0.0256057845007317,0.0,nan
141,44,0.01934955120796455,0.0,nan
141,45,0.05863260456652726,0.0,nan
141,46,0.09019211658945768,0.0,nan
141,47,0.06087111163041111,0.0,nan
141,48,2.5205257979815525,1.0,nan
141,49,0.06055515305368437,0.0,nan
141,50,0.055008406671602006,0.0,nan
141,51,0.023122548471074755,0.0,nan
141,52,0.25257080302890533,1.0,nan
141,53,0.04086397286640151,0.0,nan
141,54,0.04762979281100531,0.0,nan
141,55,0.02995165321665465,0.0,nan
141,56,0.07604466837947343,0.0,nan
141,57,0.069232347795388,0.0,nan
141,58,0.031809799047170975,0.0,nan
141,59,0.07100898324464919,0.0,nan
141,60,0.1543254603393139,1.0,nan
141,61,0.12829487989052052,0.0,nan
141,62,0.05680290090836857,0.0,nan
141,63,0.057586560630480475,0.0,nan
141,64,0.02232050400124835,0.0,nan
141,65,0.046832187508690164,0.0,nan
141,66,0.3417792230897558,1.0,nan
141,67,0.03504837448783985,0.0,nan
141,68,0.07961957090872489,0.0,nan
141,69,0.2519820086037425,1.0,nan
141,70,0.11929758525582512,0.0,nan
141,71,0.013851914469937776,0.0,nan
141,72,0.04461999640119488,0.0,nan
141,73,0.02695554604722836,0.0,nan
141,74,0.05356554596358101,0.0,nan
141,75,0.07721570357172451,0.0,nan
141,76,0.9174747935366271,1.0,nan
141,77,0.015945421410965263,0.0,nan
141,78,0.2025314316519892,1.0,nan
141,79,0.09476665802946155,0.0,nan
141,80,0.025394799030694623,0.0,nan
141,81,0.027781293571451805,0.0,nan
141,82,0.03209846570017331,0.0,nan
141,83,0.06906772480811367,0.0,nan
141,84,0.02102786937836017,0.0,nan
141,85,0.19156930589021393,1.0,nan
141,86,0.03153274545497887,0.0,nan
141,87,6.792775944151653,1.0,nan
141,88,0.1577036353545187,1.0,nan
141,89,0.054250959017749484,0.0,nan
141,90,0.049564100896053544,0.0,nan
141,91,0.08078256713875467,0.0,nan
141,92,0.039580222146804074,0.0,nan
141,93,0.017530435541794852,0.0,nan
141,94,0.0256687234504696,0.0,nan
141,95,0.027166055260835546,0.0,nan
141,96,0.025359788002948663,0.0,nan
141,97,0.06836766226408447,0.0,nan
141,98,0.019077379071720586,0.0,nan
141,99,0.027378144881054223,0.0,nan
142,0,0.03891804763313978,0.0,nan
142,1,0.017363676186414004,0.0,nan
142,2,0.1346723050641576,0.0,nan
142,3,0.028802938786327767,0.0,nan
142,4,0.03007354035917089,0.0,nan
142,5,0.022634017856619133,0.0,nan
142,6,0.020455927599151835,0.0,nan
142,7,0.05117298498659593,0.0,nan
142,8,0.02051315922914401,0.0,nan
142,9,0.34142100374798384,1.0,nan
142,10,0.07327460276952309,0.0,nan
142,11,0.02231559973569812,0.0,nan
142,12,2.558444682661836,1.0,nan
142,13,0.0794768196587693,0.0,nan
142,14,0.03382068462591772,0.0,nan
142,15,1.0073720786424554,1.0,nan
142,16,0.02779053105569934,0.0,nan
142,17,0.103870317075109,0.0,nan
142,18,0.009532271824326996,0.0,nan
142,19,0.16474463817976764,1.0,nan
142,20,0.0503035106456015,0.0,nan
142,21,0.04175768778526956,0.0,nan
142,22,0.16812161143680301,1.0,nan
142,23,0.06141426569149068,0.0,nan
142,24,0.017369349793223892,0.0,nan
142,25,0.05616943581551676,0.0,nan
142,26,0.03862980900472385,0.0,nan
142,27,0.12477153958610553,0.0,nan
142,28,0.060040818053633066,0.0,nan
142,29,0.021452096759276465,0.0,nan
142,30,0.11473914156955088,0.0,nan
142,31,0.020433353080238473,0.0,nan
142,32,0.014069620194757465,0.0,nan
142,33,0.03620317723671572,0.0,nan
142,34,0.059928725571870206,0.0,nan
142,35,0.03714386528235858,0.0,nan
142,36,0.4935484000124466,1.0,nan
142,37,0.016838639916607594,0.0,nan
142,38,0.05108144768030333,0.0,nan
142,39,0.16033736436450016,1.0,nan
142,40,0.032499632396963817,0.0,nan
142,41,0.10394025567375849,0.0,nan
142,42,0.1188056877907895,0.0,nan
142,43,0.026039447527703125,0.0,nan
142,44,0.01669721508021838,0.0,nan
142,45,0.07517111536346947,0.0,nan
142,46,0.0797119904476406,0.0,nan
142,47,0.06795762994082787,0.0,nan
142,48,1.461836051548349,1.0,nan
142,49,0.10551609092306928,0.0,nan
142,50,0.055544030543001804,0.0,nan
142,51,0.02284522569634883,0.0,nan
142,52,0.2094771525144345,1.0,nan
142,53,0.030775306263942453,0.0,nan
142,54,0.24240002948075298,1.0,nan
142,55,0.04270710777829765,0.0,nan
142,56,0.07795159917164299,0.0,nan
142,57,0.059488267307552016,0.0,nan
142,58,0.05404926459045249,0.0,nan
142,59,0.06748166131667856,0.0,nan
142,60,0.1483874075275598,0.0,nan
142,61,0.37557980920755624,1.0,nan
142,62,0.06840074191652688,0.0,nan
142,63,0.05906019370955258,0.0,nan
142,64,0.02143791613437024,0.0,nan
142,65,0.05218100592216892,0.0,nan
142,66,0.25038763368457095,1.0,nan
142,67,0.045126383453519575,0.0,nan
142,68,0.08854394274758501,0.0,nan
142,69,0.23122169682196742,1.0,nan
142,70,0.047177487021613854,0.0,nan
142,71,0.01709205130261793,0.0,nan
142,72,0.06777191610097037,0.0,nan
142,73,0.023605211388983794,0.0,nan
142,74,0.06320551140328058,0.0,nan
142,75,0.12224757251368873,0.0,nan
142,76,0.2867454678244878,1.0,nan
142,77,0.0212221970942417,0.0,nan
142,78,0.10043191180304112,0.0,nan
142,79,0.087979164792079,0.0,nan
142,80,0.03351484367877684,0.0,nan
142,81,0.03755858003893297,0.0,nan
142,82,0.03544336043200475,0.0,nan
142,83,0.0950687160696647,0.0,nan
142,84,0.020441567776168613,0.0,nan
142,85,0.1696142586764476,1.0,nan
142,86,0.042533534503608666,0.0,nan
142,87,6.748033983464691,1.0,nan
142,88,0.1147037010087372,0.0,nan
142,89,0.047846126945271884,0.0,nan
142,90,0.05100379735466406,0.0,nan
142,91,0.09254411456288025,0.0,nan
142,92,0.04765043831177412,0.0,nan
142,93,0.01477645657202657,0.0,nan
142,94,0.05997621184736448,0.0,nan
142,95,0.03030524887984447,0.0,nan
142,96,0.03134499522551067,0.0,nan
142,97,0.08372288945990392,0.0,nan
142,98,0.020267936358622687,0.0,nan
142,99,0.022000884846759022,0.0,nan
143,0,0.03451961824015638,0.0,nan
143,1,0.015967138179586476,0.0,nan
143,2,0.13337299624649104,0.0,nan
143,3,0.026813780306858354,0.0,nan
143,4,0.027675848274347593,0.0,nan
143,5,0.020607807103900668,0.0,nan
143,6,0.018614552738622427,0.0,nan
143,7,0.049023234055318866,0.0,nan
143,8,0.018453010657915887,0.0,nan
143,9,0.36538069495599534,1.0,nan
143,10,0.0715473456989696,0.0,nan
143,11,0.0200952048368384,0.0,nan
143,12,1.434292642361354,1.0,nan
143,13,0.08145292708487667,0.0,nan
143,14,0.032025017900227014,0.0,nan
143,15,1.4768075853205327,1.0,nan
143,16,0.025742042997297983,0.0,nan
143,17,0.10863258056060218,0.0,nan
143,18,0.008559691522073741,0.0,nan
143,19,0.11541233882226422,0.0,nan
143,20,0.04669655774298924,0.0,nan
143,21,0.03902862565100555,0.0,nan
143,22,0.17469096991880226,1.0,nan
143,23,0.053365724548688785,0.0,nan
143,24,0.015896340492230918,0.0,nan
143,25,0.05387020690301158,0.0,nan
143,26,0.035865717057674905,0.0,nan
143,27,0.11652569898255115,0.0,nan
143,28,0.05993775329995757,0.0,nan
143,29,0.018029231313244833,0.0,nan
143,30,0.11051950528333,0.0,nan
143,31,0.019445301101002743,0.0,nan
143,32,0.012821749089644724,0.0,nan
143,33,0.03277876747694807,0.0,nan
143,34,0.0559483892293806,0.0,nan
143,35,0.03560782632599253,0.0,nan
143,36,0.7528402949933681,1.0,nan
143,37,0.014847037966732306,0.0,nan
143,38,0.047708508084312456,0.0,nan
143,39,0.16691980440657064,1.0,nan
143,40,0.028855028839994974,0.0,nan
143,41,0.10048639936817502,0.0,nan
143,42,0.1125628174835092,0.0,nan
143,43,0.024171214938595156,0.0,nan
143,44,0.015242844662952193,0.0,nan
143,45,0.0729050919386556,0.0,nan
143,46,0.07855891336354041,0.0,nan
143,47,0.06559331596116708,0.0,nan
143,48,2.3935646658227676,1.0,nan
143,49,0.09040498766787837,0.0,nan
143,50,0.04869351534387239,0.0,nan
143,51,0.020920465148168952,0.0,nan
143,52,0.1499974315630805,0.0,nan
143,53,0.02984197147977974,0.0,nan
143,54,0.13732917656590476,0.0,nan
143,55,0.03996571315552287,0.0,nan
143,56,0.06409772139544272,0.0,nan
143,57,0.05761544864238558,0.0,nan
143,58,0.046202367342891765,0.0,nan
143,59,0.0661279726010286,0.0,nan
143,60,0.15582109010691794,1.0,nan
143,61,0.29242580577135735,1.0,nan
143,62,0.05951810338561166,0.0,nan
143,63,0.0570702068391343,0.0,nan
143,64,0.019695959318150675,0.0,nan
143,65,0.04818224400945083,0.0,nan
143,66,0.27681728556494883,1.0,nan
143,67,0.04219476898757884,0.0,nan
143,68,0.08738888993333824,0.0,nan
143,69,0.22352324014546324,1.0,nan
143,70,0.054127520989479004,0.0,nan
143,71,0.015045853587150488,0.0,nan
143,72,0.06366596899051111,0.0,nan
143,73,0.02168021492856277,0.0,nan
143,74,0.05789279326155201,0.0,nan
143,75,0.10655394371161317,0.0,nan
143,76,0.7927928442099901,1.0,nan
143,77,0.019976274669032422,0.0,nan
143,78,0.11282799768966827,0.0,nan
143,79,0.08792315562048093,0.0,nan
143,80,0.031088507267382846,0.0,nan
143,81,0.03533732872807254,0.0,nan
143,82,0.033890625651271454,0.0,nan
143,83,0.0900735437804213,0.0,nan
143,84,0.018457588181269986,0.0,nan
143,85,0.17456152226791163,1.0,nan
143,86,0.03842215742647975,0.0,nan
143,87,6.98593206771306,1.0,nan
143,88,0.12623812241892943,0.0,nan
143,89,0.04621364390850228,0.0,nan
143,90,0.05019732345383794,0.0,nan
143,91,0.09068143029828311,0.0,nan
143,92,0.04378976270089044,0.0,nan
143,93,0.013633852660686096,0.0,nan
143,94,0.05491185180642842,0.0,nan
143,95,0.027311742327520466,0.0,nan
143,96,0.027259765729999167,0.0,nan
143,97,0.07990439605838442,0.0,nan
143,98,0.018186517203177807,0.0,nan
143,99,0.019401081014059855,0.0,nan
144,0,0.040040733937094106,0.0,nan
144,1,0.018519169644744395,0.0,nan
144,2,0.12802093092594163,0.0,nan
144,3,0.047305298990094204,0.0,nan
144,4,0.02432029277040255,0.0,nan
144,5,0.022371200175251325,0.0,nan
144,6,0.01851291805215721,0.0,nan
144,7,0.0916216611634997,0.0,nan
144,8,0.022482443982258814,0.0,nan
144,9,0.2293577450914926,1.0,nan
144,10,0.06920819765727937,0.0,nan
144,11,0.01693487500273697,0.0,nan
144,12,1.2063432842415576,1.0,nan
144,13,0.08201057782117374,0.0,nan
144,14,0.03325158333618361,0.0,nan
144,15,1.591520897469768,1.0,nan
144,16,0.03656314578013015,0.0,nan
144,17,0.08695893491799565,0.0,nan
144,18,0.010389815240230001,0.0,nan
144,19,0.06179348889087387,0.0,nan
144,20,0.047408018016259094,0.0,nan
144,21,0.04204251501876799,0.0,nan
144,22,0.23881468489155233,1.0,nan
144,23,0.030777431033557547,0.0,nan
144,24,0.015612873854806083,0.0,nan
144,25,0.04842297901104478,0.0,nan
144,26,0.0376568910079245,0.0,nan
144,27,0.10810317667759463,0.0,nan
144,28,0.060239418035553674,0.0,nan
144,29,0.024155523290492614,0.0,nan
144,30,0.08034782274803584,0.0,nan
144,31,0.016340730224819428,0.0,nan
144,32,0.01471038268971987,0.0,nan
144,33,0.03205924186427728,0.0,nan
144,34,0.047162525523170226,0.0,nan
144,35,0.042976282220101546,0.0,nan
144,36,0.7137463656126858,1.0,nan
144,37,0.015874587058945924,0.0,nan
144,38,0.04099269114809088,0.0,nan
144,39,0.1623088517571712,1.0,nan
144,40,0.031005789760916322,0.0,nan
144,41,0.0995374958266766,0.0,nan
144,42,0.06670372436313042,0.0,nan
144,43,0.030084555357266153,0.0,nan
144,44,0.0179221796560675,0.0,nan
144,45,0.056016127336091334,0.0,nan
144,46,0.10543125447256303,0.0,nan
144,47,0.07534694572141537,0.0,nan
144,48,2.7789605387988505,1.0,nan
144,49,0.051376171831125465,0.0,nan
144,50,0.044749640272661054,0.0,nan
144,51,0.02323350263182424,0.0,nan
144,52,0.26678340229424735,1.0,nan
144,53,0.043670155241495,0.0,nan
144,54,0.0262876953544292,0.0,nan
144,55,0.029595065727027463,0.0,nan
144,56,0.06919567530476346,0.0,nan
144,57,0.06640084075440546,0.0,nan
144,58,0.03816709542086125,0.0,nan
144,59,0.07080442700754618,0.0,nan
144,60,0.14275399774287903,0.0,nan
144,61,0.064223036657281,0.0,nan
144,62,0.08437558759710637,0.0,nan
144,63,0.05624871870095362,0.0,nan
144,64,0.024228007526814536,0.0,nan
144,65,0.04595159530987103,0.0,nan
144,66,0.36673923654398694,1.0,nan
144,67,0.03556602623623885,0.0,nan
144,68,0.07443634868397177,0.0,nan
144,69,0.2622070525528208,1.0,nan
144,70,0.11866555878488258,0.0,nan
144,71,0.013724374649642117,0.0,nan
144,72,0.042784034398632834,0.0,nan
144,73,0.02885449639156278,0.0,nan
144,74,0.05265961974516126,0.0,nan
144,75,0.07357136434828826,0.0,nan
144,76,0.8742889980374597,1.0,nan
144,77,0.015505179889825704,0.0,nan
144,78,0.1704205750934682,1.0,nan
144,79,0.09766844889614158,0.0,nan
144,80,0.027157360217101988,0.0,nan
144,81,0.027657637381836967,0.0,nan
144,82,0.03467197943218067,0.0,nan
144,83,0.06321373119650416,0.0,nan
144,84,0.021121409772338735,0.0,nan
144,85,0.19218753893120413,1.0,nan
144,86,0.0367387498848772,0.0,nan
144,87,6.624652142629241,1.0,nan
144,88,0.157982664043374,1.0,nan
144,89,0.07383049032268646,0.0,nan
144,90,0.04561377931236919,0.0,nan
144,91,0.08059169038834924,0.0,nan
144,92,0.03811094073387443,0.0,nan
144,93,0.020977598032218478,0.0,nan
144,94,0.024448709926130602,0.0,nan
144,95,0.02634272896253877,0.0,nan
144,96,0.026985003859633684,0.0,nan
144,97,0.06746676557139156,0.0,nan
144,98,0.019896467290237873,0.0,nan
144,99,0.025811189343370042,0.0,nan
145,0,0.03578504120708354,0.0,nan
145,1,0.018557778953153786,0.0,nan
145,2,0.10512676585845596,0.0,nan
145,3,0.03780780034415347,0.0,nan
145,4,0.023540845458756607,0.0,nan
145,5,0.021651946046540898,0.0,nan
145,6,0.017781878372083944,0.0,nan
145,7,0.05365566798812028,0.0,nan
145,8,0.0232715185259914,0.0,nan
145,9,0.2564070751103045,1.0,nan
145,10,0.06503062353468864,0.0,nan
145,11,0.018304642272059326,0.0,nan
145,12,1.5164434459145386,1.0,nan
145,13,0.06759446030053601,0.0,nan
145,14,0.04112054545911855,0.0,nan
145,15,1.2893459948568635,1.0,nan
145,16,0.0337699127514817,0.0,nan
145,17,0.08088498193997119,0.0,nan
145,18,0.010126494410601443,0.0,nan
145,19,0.08758587365853891,0.0,nan
145,20,0.044322284966878595,0.0,nan
145,21,0.0443855249877754,0.0,nan
145,22,0.25493649861643497,1.0,nan
145,23,0.036955564996655095,0.0,nan
145,24,0.015503375921520582,0.0,nan
145,25,0.04649374577026667,0.0,nan
145,26,0.036499054078151696,0.0,nan
145,27,0.12679274220663284,0.0,nan
145,28,0.048771053215636344,0.0,nan
145,29,0.024546298159208543,0.0,nan
145,30,0.075128643543933,0.0,nan
145,31,0.016006112247401557,0.0,nan
145,32,0.015029182246574006,0.0,nan
145,33,0.0321601819053862,0.0,nan
145,34,0.04856426866529854,0.0,nan
145,35,0.044478610635898065,0.0,nan
145,36,0.6311144225221577,1.0,nan
145,37,0.016536157127800006,0.0,nan
145,38,0.04178061617626895,0.0,nan
145,39,0.18125691592912527,1.0,nan
145,40,0.031036351209352196,0.0,nan
145,41,0.08588909045108965,0.0,nan
145,42,0.09868097627234874,0.0,nan
145,43,0.031987901847743604,0.0,nan
145,44,0.01673497127683399,0.0,nan
145,45,0.053724576204226195,0.0,nan
145,46,0.10566590582240583,0.0,nan
145,47,0.07397941127641317,0.0,nan
145,48,2.966947260891348,1.0,nan
145,49,0.05336293015397939,0.0,nan
145,50,0.039132451945446546,0.0,nan
145,51,0.024219906519243092,0.0,nan
145,52,0.23876868402180568,1.0,nan
145,53,0.03213501897158487,0.0,nan
145,54,0.05605584060547811,0.0,nan
145,55,0.02996626200466753,0.0,nan
145,56,0.07657766407484973,0.0,nan
145,57,0.06055212882158294,0.0,nan
145,58,0.04414014452073508,0.0,nan
145,59,0.06448733027699004,0.0,nan
145,60,0.1224773701335346,0.0,nan
145,61,0.1425547289199458,0.0,nan
145,62,0.09755670953958141,0.0,nan
145,63,0.050654640293191534,0.0,nan
145,64,0.024479655148077893,0.0,nan
145,65,0.041553024564745356,0.0,nan
145,66,0.4653923373495027,1.0,nan
145,67,0.036416592779372044,0.0,nan
145,68,0.06742889216738643,0.0,nan
145,69,0.2326512434069518,1.0,nan
145,70,0.05587272542630695,0.0,nan
145,71,0.013820106056270738,0.0,nan
145,72,0.04323278348303836,0.0,nan
145,73,0.02896510593238293,0.0,nan
145,74,0.06487885536757412,0.0,nan
145,75,0.09405964612038453,0.0,nan
145,76,0.8850718698887746,1.0,nan
145,77,0.015352919851604311,0.0,nan
145,78,0.10537273884387115,0.0,nan
145,79,0.09482977500426983,0.0,nan
145,80,0.030967089984945274,0.0,nan
145,81,0.030731207832024172,0.0,nan
145,82,0.032998094644810745,0.0,nan
145,83,0.06189301120210447,0.0,nan
145,84,0.02208417637865014,0.0,nan
145,85,0.16731961212844546,1.0,nan
145,86,0.03924041634508123,0.0,nan
145,87,6.715837973903748,1.0,nan
145,88,0.12466328653899585,0.0,nan
145,89,0.06776023588370764,0.0,nan
145,90,0.03892553356428101,0.0,nan
145,91,0.07928492952295176,0.0,nan
145,92,0.03740727534349045,0.0,nan
145,93,0.021775478637662538,0.0,nan
145,94,0.026910733322258847,0.0,nan
145,95,0.025196758064869904,0.0,nan
145,96,0.03752441468767979,0.0,nan
145,97,0.06756491021391815,0.0,nan
145,98,0.018881259347640417,0.0,nan
145,99,0.021752335933542147,0.0,nan
146,0,0.032875728244436825,0.0,nan
146,1,0.016331714765691403,0.0,nan
146,2,0.10471757075679422,0.0,nan
146,3,0.03196820496357376,0.0,nan
146,4,0.02365074387652112,0.0,nan
146,5,0.01869721905100644,0.0,nan
146,6,0.019352022411529203,0.0,nan
146,7,0.04908806552490885,0.0,nan
146,8,0.01953926381950022,0.0,nan
146,9,0.364317047375678,1.0,nan
146,10,0.06776630917293607,0.0,nan
146,11,0.017891342558811963,0.0,nan
146,12,1.2316490085841718,1.0,nan
146,13,0.07941394486347685,0.0,nan
146,14,0.03377601284856658,0.0,nan
146,15,0.299400020806373,1.0,nan
146,16,0.04182699447262413,0.0,nan
146,17,0.08587093929628442,0.0,nan
146,18,0.010818520596086047,0.0,nan
146,19,0.08078938584640119,0.0,nan
146,20,0.043094037333394064,0.0,nan
146,21,0.025558594383307046,0.0,nan
146,22,0.22757608989111822,1.0,nan
146,23,0.034657274956291804,0.0,nan
146,24,0.014651782364433558,0.0,nan
146,25,0.040707490119388255,0.0,nan
146,26,0.027609429086375172,0.0,nan
146,27,0.0750450884327605,0.0,nan
146,28,0.05899406297894023,0.0,nan
146,29,0.02278170310602869,0.0,nan
146,30,0.10351175963517277,0.0,nan
146,31,0.01397262215461793,0.0,nan
146,32,0.01337112060714306,0.0,nan
146,33,0.02758217023601891,0.0,nan
146,34,0.0462942582093681,0.0,nan
146,35,0.04371353796936245,0.0,nan
146,36,0.8675379669526977,1.0,nan
146,37,0.014139495306154456,0.0,nan
146,38,0.03544661891716059,0.0,nan
146,39,0.1941734304580299,1.0,nan
146,40,0.030719847884651028,0.0,nan
146,41,0.19869340096928018,1.0,nan
146,42,0.08561411013457734,0.0,nan
146,43,0.028957353244956668,0.0,nan
146,44,0.015597869353829555,0.0,nan
146,45,0.06030664107336061,0.0,nan
146,46,0.10475012692795302,0.0,nan
146,47,0.06466295945743782,0.0,nan
146,48,1.9385898807781052,1.0,nan
146,49,0.07042938570639654,0.0,nan
146,50,0.06403916083508453,0.0,nan
146,51,0.0253651410869763,0.0,nan
146,52,0.1366084543123977,0.0,nan
146,53,0.03669176616479778,0.0,nan
146,54,0.08010978577926493,0.0,nan
146,55,0.02918709918339493,0.0,nan
146,56,0.034954384726556834,0.0,nan
146,57,0.06052529233182725,0.0,nan
146,58,0.0379401689810308,0.0,nan
146,59,0.06279675628439087,0.0,nan
146,60,0.15059912452939764,0.0,nan
146,61,0.46107351029720867,1.0,nan
146,62,0.8623237026580075,1.0,nan
146,63,0.055632512611367584,0.0,nan
146,64,0.023703046996032043,0.0,nan
146,65,0.04109053800175058,0.0,nan
146,66,0.4126135340277537,1.0,nan
146,67,0.03476228997832381,0.0,nan
146,68,0.08017359331157912,0.0,nan
146,69,0.15362900822591918,1.0,nan
146,70,0.08026775831527372,0.0,nan
146,71,0.012409192232904365,0.0,nan
146,72,0.04374354945106384,0.0,nan
146,73,0.03237639682761228,0.0,nan
146,74,0.04792960724280712,0.0,nan
146,75,0.0917207895088675,0.0,nan
146,76,0.6721033517145698,1.0,nan
146,77,0.014623826100006293,0.0,nan
146,78,0.15772569652298013,1.0,nan
146,79,0.07892738799335786,0.0,nan
146,80,0.024781053103860508,0.0,nan
146,81,0.029517662401981448,0.0,nan
146,82,0.040932263789942094,0.0,nan
146,83,0.07779710541105928,0.0,nan
146,84,0.022918208849242092,0.0,nan
146,85,0.13093643504714503,0.0,nan
146,86,0.029713793937744457,0.0,nan
146,87,5.977325445174902,1.0,nan
146,88,0.13433617180923535,0.0,nan
146,89,0.03780339910249739,0.0,nan
146,90,0.045085902254207944,0.0,nan
146,91,0.05025868103757409,0.0,nan
146,92,0.03951930876822781,0.0,nan
146,93,0.028043304892922,0.0,nan
146,94,0.02535726589293532,0.0,nan
146,95,0.024460200199771454,0.0,nan
146,96,0.031005574015102955,0.0,nan
146,97,0.0624784204134176,0.0,nan
146,98,0.016496875919966826,0.0,nan
146,99,0.019841258900981446,0.0,nan
147,0,0.030620517308176786,0.0,nan
147,1,0.017345181131053104,0.0,nan
147,2,0.11521037124735205,0.0,nan
147,3,0.028724505252316623,0.0,nan
147,4,0.0261705860930938,0.0,nan
147,5,0.020313591012365094,0.0,nan
147,6,0.01824580371985543,0.0,nan
147,7,0.043418814154781875,0.0,nan
147,8,0.02139921489553704,0.0,nan
147,9,0.32507748541733006,1.0,nan
147,10,0.07098523604748254,0.0,nan
147,11,0.019626482907486337,0.0,nan
147,12,1.2055136098198362,1.0,nan
147,13,0.07744770526431101,0.0,nan
147,14,0.038785136688179914,0.0,nan
147,15,0.9310555494743905,1.0,nan
147,16,0.025974130551744006,0.0,nan
147,17,0.0978055774817624,0.0,nan
147,18,0.008353110288256938,0.0,nan
147,19,0.10393784157207545,0.0,nan
147,20,0.046034035790046016,0.0,nan
147,21,0.04584908730894163,0.0,nan
147,22,0.1940020862111199,1.0,nan
147,23,0.04909397630185931,0.0,nan
147,24,0.01648082746663002,0.0,nan
147,25,0.053238556851129624,0.0,nan
147,26,0.03839244605031325,0.0,nan
147,27,0.1331627884593091,0.0,nan
147,28,0.05530496428844864,0.0,nan
147,29,0.019821923446382984,0.0,nan
147,30,0.09832634770793687,0.0,nan
147,31,0.018737061290631334,0.0,nan
147,32,0.014725952810387846,0.0,nan
147,33,0.03227239598384423,0.0,nan
147,34,0.054937196749010465,0.0,nan
147,35,0.0371326127900354,0.0,nan
147,36,0.6579385232825997,1.0,nan
147,37,0.014240495376927361,0.0,nan
147,38,0.04695351677260773,0.0,nan
147,39,0.1802679486951491,1.0,nan
147,40,0.029181809728058446,0.0,nan
147,41,0.10018277503851454,0.0,nan
147,42,0.12293270399153493,0.0,nan
147,43,0.030618252400224793,0.0,nan
147,44,0.015082442364195701,0.0,nan
147,45,0.06838625139370785,0.0,nan
147,46,0.09818942188675144,0.0,nan
147,47,0.07071208857069383,0.0,nan
147,48,3.0633753917312383,1.0,nan
147,49,0.07981405483688751,0.0,nan
147,50,0.041933098187123805,0.0,nan
147,51,0.021232222882344526,0.0,nan
147,52,0.1993458481868743,1.0,nan
147,53,0.029677799218552594,0.0,nan
147,54,0.11056941580054128,0.0,nan
147,55,0.03495628332467393,0.0,nan
147,56,0.06385699573013176,0.0,nan
147,57,0.06254715228271736,0.0,nan
147,58,0.050763554015378146,0.0,nan
147,59,0.06870281762464776,0.0,nan
147,60,0.1463126511877419,0.0,nan
147,61,0.4094268670225706,1.0,nan
147,62,0.07147792565353361,0.0,nan
147,63,0.05611485257207005,0.0,nan
147,64,0.021890894983857653,0.0,nan
147,65,0.04063055268796983,0.0,nan
147,66,0.384421957518413,1.0,nan
147,67,0.0424272355865765,0.0,nan
147,68,0.081511838333406,0.0,nan
147,69,0.21524392145333066,1.0,nan
147,70,0.051281318407804664,0.0,nan
147,71,0.015033926136263791,0.0,nan
147,72,0.05370277925592465,0.0,nan
147,73,0.021823688540060535,0.0,nan
147,74,0.06418486296544014,0.0,nan
147,75,0.12786173748105886,0.0,nan
147,76,0.6257351775262796,1.0,nan
147,77,0.01831794222430519,0.0,nan
147,78,0.10958841169843908,0.0,nan
147,79,0.08913326822403865,0.0,nan
147,80,0.035094731107211626,0.0,nan
147,81,0.03619152693346883,0.0,nan
147,82,0.03523465497125319,0.0,nan
147,83,0.08146111961890114,0.0,nan
147,84,0.01951006072424022,0.0,nan
147,85,0.13448160912858942,0.0,nan
147,86,0.039950502658295486,0.0,nan
147,87,6.881205653111089,1.0,nan
147,88,0.13068337566589255,0.0,nan
147,89,0.057468994930925166,0.0,nan
147,90,0.04592602256060788,0.0,nan
147,91,0.10331514486556342,0.0,nan
147,92,0.04175110226051619,0.0,nan
147,93,0.01681010358069964,0.0,nan
147,94,0.042560604960221224,0.0,nan
147,95,0.026987836818863613,0.0,nan
147,96,0.030780669496412744,0.0,nan
147,97,0.07411040633434941,0.0,nan
147,98,0.01625692336452326,0.0,nan
147,99,0.018984504836532686,0.0,nan
148,0,0.02990523967160056,0.0,nan
148,1,0.020655708184162427,0.0,nan
148,2,0.10342804839487053,0.0,nan
148,3,0.035971370958888804,0.0,nan
148,4,0.02439183911818429,0.0,nan
148,5,0.021778975502117777,0.0,nan
148,6,0.0179975163048033,0.0,nan
148,7,0.046419010276790906,0.0,nan
148,8,0.024257348777629594,0.0,nan
148,9,0.2655753011639813,1.0,nan
148,10,0.06817410329553536,0.0,nan
148,11,0.01783120748669538,0.0,nan
148,12,1.1904182546905482,1.0,nan
148,13,0.06587128065982452,0.0,nan
148,14,0.04016561042895003,0.0,nan
148,15,0.7709117388542313,1.0,nan
148,16,0.03197457594415067,0.0,nan
148,17,0.09179044962285395,0.0,nan
148,18,0.010674641867922758,0.0,nan
148,19,0.08069540128776753,0.0,nan
148,20,0.04585122952019826,0.0,nan
148,21,0.054962097711997095,0.0,nan
148,22,0.26565421662626243,1.0,nan
148,23,0.044236540276775184,0.0,nan
148,24,0.01707416649058486,0.0,nan
148,25,0.05275610071948079,0.0,nan
148,26,0.04095477660466729,0.0,nan
148,27,0.22298103827442725,1.0,nan
148,28,0.04806155703657465,0.0,nan
148,29,0.023301599041417424,0.0,nan
148,30,0.0752105380224454,0.0,nan
148,31,0.017341645105538737,0.0,nan
148,32,0.0163032701583501,0.0,nan
148,33,0.03337008848161503,0.0,nan
148,34,0.05331012396000865,0.0,nan
148,35,0.052873737308245405,0.0,nan
148,36,0.6858833913124892,1.0,nan
148,37,0.01656433837107513,0.0,nan
148,38,0.044440540744765916,0.0,nan
148,39,0.17077052533626658,1.0,nan
148,40,0.03345170738850977,0.0,nan
148,41,0.09109626111195772,0.0,nan
148,42,0.09559337546448284,0.0,nan
148,43,0.03819192570839603,0.0,nan
148,44,0.016830658411302105,0.0,nan
148,45,0.0570867096184296,0.0,nan
148,46,0.10068115874434304,0.0,nan
148,47,0.06167849499577701,0.0,nan
148,48,3.013584112039663,1.0,nan
148,49,0.057034297152216765,0.0,nan
148,50,0.0371996785694327,0.0,nan
148,51,0.025545771494153796,0.0,nan
148,52,0.20538129600231134,1.0,nan
148,53,0.03136294273254893,0.0,nan
148,54,0.0943919037854345,0.0,nan
148,55,0.0310135072373411,0.0,nan
148,56,0.06387104993608102,0.0,nan
148,57,0.06804626210489124,0.0,nan
148,58,0.0504152055370041,0.0,nan
148,59,0.06942019083517395,0.0,nan
148,60,0.12230972626798345,0.0,nan
148,61,0.549024002061776,1.0,nan
148,62,0.08980058028369253,0.0,nan
148,63,0.0519078216794858,0.0,nan
148,64,0.02394957088371655,0.0,nan
148,65,0.03765536066441542,0.0,nan
148,66,0.46368761493049643,1.0,nan
148,67,0.040082589393276594,0.0,nan
148,68,0.06899534342100376,0.0,nan
148,69,0.20008539461259814,1.0,nan
148,70,0.044869387401293995,0.0,nan
148,71,0.014740721487868036,0.0,nan
148,72,0.046718536193617974,0.0,nan
148,73,0.03187594445406577,0.0,nan
148,74,0.05903986329740389,0.0,nan
148,75,0.1185368611088906,0.0,nan
148,76,0.6890347590925431,1.0,nan
148,77,0.015881929582999922,0.0,nan
148,78,0.09322371050762845,0.0,nan
148,79,0.09433637939298174,0.0,nan
148,80,0.037315050054136815,0.0,nan
148,81,0.03018210288535139,0.0,nan
148,82,0.035973937425873286,0.0,nan
148,83,0.06382177091405263,0.0,nan
148,84,0.01906702056188918,0.0,nan
148,85,0.13719327758515718,0.0,nan
148,86,0.0429895541373193,0.0,nan
148,87,6.3478385802898645,1.0,nan
148,88,0.12593827683955525,0.0,nan
148,89,0.07005147081732642,0.0,nan
148,90,0.03889418505391258,0.0,nan
148,91,0.09895733589779222,0.0,nan
148,92,0.03870636494807792,0.0,nan
148,93,0.017932630378503463,0.0,nan
148,94,0.029905483125737334,0.0,nan
148,95,0.02455576879114657,0.0,nan
148,96,0.042026919856497376,0.0,nan
148,97,0.07021802173587918,0.0,nan
148,98,0.017873949838556214,0.0,nan
148,99,0.022194659657047,0.0,nan
149,0,0.030706355854607403,0.0,nan
149,1,0.017441717878287834,0.0,nan
149,2,0.10177276169868907,0.0,nan
149,3,0.03924755756202601,0.0,nan
149,4,0.02058679806022845,0.0,nan
149,5,0.019040968405098835,0.0,nan
149,6,0.017072037143995827,0.0,nan
149,7,0.07926575783246687,0.0,nan
149,8,0.01898478242632673,0.0,nan
149,9,0.2760669591701605,1.0,nan
149,10,0.07184999076886034,0.0,nan
149,11,0.015016330884299565,0.0,nan
149,12,1.2724722429298172,1.0,nan
149,13,0.09384567483334029,0.0,nan
149,14,0.03744011006511095,0.0,nan
149,15,0.9647840366538079,1.0,nan
149,16,0.04031073779976602,0.0,nan
149,17,0.08287586123851656,0.0,nan
149,18,0.01203130433038403,0.0,nan
149,19,0.09099066105070942,0.0,nan
149,20,0.043201482888549594,0.0,nan
149,21,0.033398745261655094,0.0,nan
149,22,0.19039287813808814,1.0,nan
149,23,0.03007130343193734,0.0,nan
149,24,0.01520276844874026,0.0,nan
149,25,0.04709696887049641,0.0,nan
149,26,0.02963756309195197,0.0,nan
149,27,0.11295243245337973,0.0,nan
149,28,0.065517956976378,0.0,nan
149,29,0.023059505697784623,0.0,nan
149,30,0.09636212130503245,0.0,nan
149,31,0.014104564542012303,0.0,nan
149,32,0.013702427833314193,0.0,nan
149,33,0.02670782240020639,0.0,nan
149,34,0.04278069031797436,0.0,nan
149,35,0.04931614251655213,0.0,nan
149,36,0.7422705591807542,1.0,nan
149,37,0.015408202836897318,0.0,nan
149,38,0.032994582688301355,0.0,nan
149,39,0.1851014724841397,1.0,nan
149,40,0.03284418576312657,0.0,nan
149,41,0.10275061781423056,0.0,nan
149,42,0.07309805584116441,0.0,nan
149,43,0.031532346080848074,0.0,nan
149,44,0.01479338602899012,0.0,nan
149,45,0.05792587647301832,0.0,nan
149,46,0.08199455748927817,0.0,nan
149,47,0.056411371226269165,0.0,nan
149,48,2.283408580407556,1.0,nan
149,49,0.06469796247979707,0.0,nan
149,50,0.04380624545071336,0.0,nan
149,51,0.027945130604487674,0.0,nan
149,52,0.1884438278690829,1.0,nan
149,53,0.04376899250574219,0.0,nan
149,54,0.09128330618785574,0.0,nan
149,55,0.024302448697959604,0.0,nan
149,56,0.051157783102024505,0.0,nan
149,57,0.06632715942088922,0.0,nan
149,58,0.033808193225028815,0.0,nan
149,59,0.0653318227913862,0.0,nan
149,60,0.17284412785454192,1.0,nan
149,61,0.31042608202348465,1.0,nan
149,62,0.4382824182836256,1.0,nan
149,63,0.056494476561371375,0.0,nan
149,64,0.023667449886790457,0.0,nan
149,65,0.03394776851103975,0.0,nan
149,66,0.451055618514255,1.0,nan
149,67,0.03304634444984327,0.0,nan
149,68,0.08372027503266671,0.0,nan
149,69,0.2530446614076401,1.0,nan
149,70,0.10451936547492176,0.0,nan
149,71,0.011478163733386193,0.0,nan
149,72,0.039513392733938314,0.0,nan
149,73,0.05125280559135734,0.0,nan
149,74,0.05070047797019564,0.0,nan
149,75,0.07808576742978363,0.0,nan
149,76,0.7943222890507549,1.0,nan
149,77,0.012914998320966722,0.0,nan
149,78,0.21678077085284217,1.0,nan
149,79,0.0816696093928122,0.0,nan
149,80,0.02402781936010667,0.0,nan
149,81,0.024657258406097143,0.0,nan
149,82,0.032904601923847046,0.0,nan
149,83,0.07315474532188998,0.0,nan
149,84,0.02006479480740062,0.0,nan
149,85,0.16678142051848063,1.0,nan
149,86,0.029447181349971686,0.0,nan
149,87,6.600178815262518,1.0,nan
149,88,0.1676933211429309,1.0,nan
149,89,0.06305338992425392,0.0,nan
149,90,0.04855860666900668,0.0,nan
149,91,0.06721917844660232,0.0,nan
149,92,0.03679853170959463,0.0,nan
149,93,0.023066309522151666,0.0,nan
149,94,0.02221175135493054,0.0,nan
149,95,0.022137496317052537,0.0,nan
149,96,0.04185583095719077,0.0,nan
149,97,0.05944896535963682,0.0,nan
149,98,0.015787808572145394,0.0,nan
149,99,0.019283888015322912,0.0,nan
150,0,0.029850175087715317,0.0,-5.619815255120255e-05
150,1,0.018870354479667315,0.0,-0.0001493315073040597
150,2,0.12938943738743167,0.0,0.0051831671423727774
150,3,0.02817990848226575,0.0,-0.0007416148305932706
150,4,0.028204346338201174,0.0,-3.6811649262784e-05
150,5,0.021793738629925157,0.0,0.0003099406790100372
150,6,0.019936060397169154,0.0,-0.00029192028466232646
150,7,0.04622357591481088,0.0,0.0006146275871537677
150,8,0.02148605831337275,0.0,0.0003468945623362921
150,9,0.37735023215056435,1.0,0.0030858263208494545
150,10,0.07547233542695304,0.0,-0.00035845671994889504
150,11,0.01957172500621058,0.0,-7.260706441366808e-05
150,12,1.22764136449906,1.0,0.22016017287708628
150,13,0.08344334678021532,0.0,0.0002490356001096569
150,14,0.03489717334415526,0.0,-5.200814292537465e-05
150,15,0.9333501127754447,1.0,0.005639255065704358
150,16,0.025449661305007466,0.0,6.62418048094956e-05
150,17,0.10615672080775108,0.0,0.0019274784187116025
150,18,0.008494282018553389,0.0,9.684582234188048e-05
150,19,0.11075313975359746,0.0,-0.0006057806583501797
150,20,0.049990557241761505,0.0,-0.0005056102049034129
150,21,0.04977031734643437,0.0,-0.00037446467269298776
150,22,0.1758800757479419,1.0,-0.002230831753366969
150,23,0.05492521298238026,0.0,-0.0005811189227168204
150,24,0.01882142029686309,0.0,-6.302112954974594e-05
150,25,0.05832499812133832,0.0,-0.00025072449966864334
150,26,0.040269903003303985,0.0,0.0002360794778174732
150,27,0.12222778337990382,0.0,0.0026437902837665064
150,28,0.059721201853387036,0.0,-0.0003137665613670326
150,29,0.018098054512101443,0.0,2.6371915531736163e-05
150,30,0.10694142237181953,0.0,0.0014605417880001717
150,31,0.021453464272311807,0.0,0.00019230715902943956
150,32,0.016006911215990075,0.0,-3.296826636705707e-05
150,33,0.03262940214809585,0.0,-0.00015158635272255464
150,34,0.05994215460472665,0.0,0.0002216494286618531
150,35,0.037957291118960686,0.0,-0.0002685326869869685
150,36,0.7590756327062599,1.0,0.12176051773305503
150,37,0.013141785264427207,0.0,-0.0001274257839633493
150,38,0.052152935103621394,0.0,0.00033657528894672785
150,39,0.17089618722761388,1.0,-0.0059449179873349925
150,40,0.02893474343284174,0.0,0.00013616812966781516
150,41,0.09762285171956203,0.0,0.001941957922799104
150,42,0.10992708905620228,0.0,-0.0003916148691292236
150,43,0.03090354575886654,0.0,0.00037455539226204494
150,44,0.01552748636137373,0.0,1.3041324616092144e-05
150,45,0.07736734867362326,0.0,0.0018042420530250632
150,46,0.09029074540523123,0.0,3.586699603591973e-05
150,47,0.05347448908202946,0.0,-3.4229450006206466e-05
150,48,2.4327641432731357,1.0,0.14577402454541113
150,49,0.09781763571409392,0.0,0.0009932457866100816
150,50,0.047804919602519015,0.0,0.00022598168304548133
150,51,0.021894613814976496,0.0,0.00014844432074874708
150,52,0.24031710233151904,1.0,0.005891078149578646
150,53,0.031283472607385635,0.0,0.00037315853434267753
150,54,0.18539224898322718,1.0,0.007714664823706763
150,55,0.04128431068000484,0.0,-0.00021988820336647284
150,56,0.06588954557293075,0.0,-1.2344458603827366e-05
150,57,0.06518469602131127,0.0,0.0011280989567040989
150,58,0.056484666102754995,0.0,-0.004777146288585256
150,59,0.07228192648487573,0.0,0.0017881533477974861
150,60,0.15629195511163843,1.0,-0.004093098451238776
150,61,0.4231228860210513,1.0,0.0016544560147854675
150,62,0.05658928101920297,0.0,0.0017257636558617962
150,63,0.06183756819008624,0.0,-0.000747328427958663
150,64,0.018513664870890522,0.0,-7.754254933317192e-05
150,65,0.0429911134967854,0.0,0.0003022042397398478
150,66,0.2908048445278415,1.0,0.019643647299227195
150,67,0.048248596749569904,0.0,-0.00018424392257846987
150,68,0.0894357832717568,0.0,-0.0009156612019046067
150,69,0.22395229301981082,1.0,0.0014801911950060515
150,70,0.05288584388611925,0.0,0.001567400556194193
150,71,0.015904446356702337,0.0,-0.00018989532888418885
150,72,0.06540626740755491,0.0,0.00047967942033110293
150,73,0.02206734126838645,0.0,-0.001680864172589097
150,74,0.05380930610819427,0.0,-0.00042797607385499227
150,75,0.12372784006379448,0.0,0.0057524640231973205
150,76,0.8215776603340498,1.0,0.0014485347961010263
150,77,0.021044561593894742,0.0,0.00011302405776471172
150,78,0.10982728332004991,0.0,0.00416085182375298
150,79,0.09085700721031235,0.0,0.004796958137714392
150,80,0.034706632131035836,0.0,0.0001846304324730864
150,81,0.03155214082127459,0.0,-0.000828515964772813
150,82,0.03575658692675603,0.0,0.0007718135033165598
150,83,0.09117676832864029,0.0,0.00196821826442031
150,84,0.013738011241393035,0.0,0.0009850071029104855
150,85,0.17126793497529497,1.0,-0.0010781166700629167
150,86,0.04462698013827186,0.0,-0.0006414378048606033
150,87,6.569896293580714,1.0,0.408564460059338
150,88,0.13408397156701002,0.0,-0.0003267167191994185
150,89,0.05453914667664332,0.0,-0.0003604170667944512
150,90,0.05097092524555047,0.0,0.0004378280444562269
150,91,0.1088137875042806,0.0,0.003952590698320997
150,92,0.04885081256586362,0.0,0.0002708018384607044
150,93,0.014209210715361338,0.0,-0.00010792754669113358
150,94,0.05153341994425427,0.0,-0.0003126324504063537
150,95,0.024111777030478558,0.0,0.00020724922275442258
150,96,0.030748414543616497,0.0,-0.0005201735416239389
150,97,0.07196977828501204,0.0,-0.0018080169931323237
150,98,0.01646233369787764,0.0,1.1043058932771502e-05
150,99,0.01924888812451244,0.0,-0.00022454092204757478
151,0,0.02963649672376552,0.0,nan
151,1,0.017958656506864144,0.0,nan
151,2,0.12252262030824124,0.0,nan
151,3,0.027650440196095145,0.0,nan
151,4,0.02617120337765393,0.0,nan
151,5,0.020991109856942265,0.0,nan
151,6,0.01815743802091333,0.0,nan
151,7,0.042548683975688464,0.0,nan
151,8,0.019649443492423434,0.0,nan
151,9,0.36390023904857755,1.0,nan
151,10,0.07205671788691231,0.0,nan
151,11,0.01846147025062157,0.0,nan
151,12,1.2872572526523414,1.0,nan
151,13,0.07962353484398763,0.0,nan
151,14,0.03331788273898831,0.0,nan
151,15,0.887101867684619,1.0,nan
151,16,0.02444800914904011,0.0,nan
151,17,0.09721859909325627,0.0,nan
151,18,0.007921768513401602,0.0,nan
151,19,0.10267763142890952,0.0,nan
151,20,0.04795195191028416,0.0,nan
151,21,0.04937747729559658,0.0,nan
151,22,0.16968493357113604,1.0,nan
151,23,0.053331309084687216,0.0,nan
151,24,0.017581353429393317,0.0,nan
151,25,0.054768193037725364,0.0,nan
151,26,0.04008048103919284,0.0,nan
151,27,0.12221297506885216,0.0,nan
151,28,0.056061483478171394,0.0,nan
151,29,0.01679597238524414,0.0,nan
151,30,0.10316568746010166,0.0,nan
151,31,0.020020141058562726,0.0,nan
151,32,0.015024250672295889,0.0,nan
151,33,0.031026360047529705,0.0,nan
151,34,0.05813089006407486,0.0,nan
151,35,0.037340522553008765,0.0,nan
151,36,0.6873917586909908,1.0,nan
151,37,0.012185367945540091,0.0,nan
151,38,0.04699933260066172,0.0,nan
151,39,0.16746751721528763,1.0,nan
151,40,0.027502135152149266,0.0,nan
151,41,0.09378740413203343,0.0,nan
151,42,0.11892014409627767,0.0,nan
151,43,0.029802996321620038,0.0,nan
151,44,0.01409806922128953,0.0,nan
151,45,0.0723564952095281,0.0,nan
151,46,0.09259869863594011,0.0,nan
151,47,0.05208175331821782,0.0,nan
151,48,2.871730856122438,1.0,nan
151,49,0.09346462885334425,0.0,nan
151,50,0.0452878855020497,0.0,nan
151,51,0.02064226584826147,0.0,nan
151,52,0.2294057163870065,1.0,nan
151,53,0.02935897267119723,0.0,nan
151,54,0.23433662432505378,1.0,nan
151,55,0.03645494602070257,0.0,nan
151,56,0.06634850786459649,0.0,nan
151,57,0.062234009024948245,0.0,nan
151,58,0.054177704939678,0.0,nan
151,59,0.06990525015818046,0.0,nan
151,60,0.1515386939563289,0.0,nan
151,61,0.4207628232462762,1.0,nan
151,62,0.060804868701513776,0.0,nan
151,63,0.05939746460151792,0.0,nan
151,64,0.017005085093509818,0.0,nan
151,65,0.04125362848222976,0.0,nan
151,66,0.3058126576568965,1.0,nan
151,67,0.046627297481330654,0.0,nan
151,68,0.08611205254988123,0.0,nan
151,69,0.20349092123094625,1.0,nan
151,70,0.052859277834497315,0.0,nan
151,71,0.014800185800168288,0.0,nan
151,72,0.06441866176979187,0.0,nan
151,73,0.020767357248564357,0.0,nan
151,74,0.0512171309774171,0.0,nan
151,75,0.12135642639972363,0.0,nan
151,76,0.7737146771042883,1.0,nan
151,77,0.019379906839410543,0.0,nan
151,78,0.10826193226501744,0.0,nan
151,79,0.08666152343817161,0.0,nan
151,80,0.0317385030074927,0.0,nan
151,81,0.02882565346935783,0.0,nan
151,82,0.034252144915015104,0.0,nan
151,83,0.08728907445180206,0.0,nan
151,84,0.013148242655287492,0.0,nan
151,85,0.15309262615261376,1.0,nan
151,86,0.04309535488125354,0.0,nan
151,87,6.501396126525262,1.0,nan
151,88,0.12173298060678078,0.0,nan
151,89,0.052499702052954206,0.0,nan
151,90,0.04838333706920822,0.0,nan
151,91,0.10338224796600431,0.0,nan
151,92,0.057766853447614445,0.0,nan
151,93,0.013316321866753874,0.0,nan
151,94,0.049501534026070555,0.0,nan
151,95,0.022903706563432342,0.0,nan
151,96,0.028877163103473723,0.0,nan
151,97,0.06507254518807924,0.0,nan
151,98,0.015097652080506627,0.0,nan
151,99,0.017477462701310984,0.0,nan
152,0,0.01594194530983802,0.0,nan
152,1,2.6859917941406395e-06,0.0,nan
152,2,0.14598751984261726,0.0,nan
152,3,1.4449921891974936e-05,0.0,nan
152,4,0.028801762979502096,0.0,nan
152,5,0.014701488749529095,0.0,nan
152,6,0.017673692084256024,0.0,nan
152,7,0.12007093100219848,0.0,nan
152,8,0.03164772184441961,0.0,nan
152,9,1.7803226287305396,1.0,nan
152,10,3.957054400020177e-05,0.0,nan
152,11,3.3349922473621485e-05,0.0,nan
152,12,0.0013527761228971822,0.0,nan
152,13,0.08230501448038782,0.0,nan
152,14,0.015467050542288668,0.0,nan
152,15,0.9793278644573005,1.0,nan
152,16,0.09570449083768703,0.0,nan
152,17,0.19088631741229634,1.0,nan
152,18,6.501629837901217e-06,0.0,nan
152,19,6.935972344431142e-06,0.0,nan
152,20,0.04833529792909006,0.0,nan
152,21,0.02125518967132161,0.0,nan
152,22,0.13052024611350763,0.0,nan
152,23,0.023670545740946354,0.0,nan
152,24,0.030835621368098635,0.0,nan
152,25,0.02910755723965753,0.0,nan
152,26,0.00010079601637073731,0.0,nan
152,27,0.5637932555289654,1.0,nan
152,28,0.061531875766741934,0.0,nan
152,29,0.012817756183594226,0.0,nan
152,30,0.06784892087472084,0.0,nan
152,31,0.009228563900867811,0.0,nan
152,32,7.922341483829932e-05,0.0,nan
152,33,0.014574555595883438,0.0,nan
152,34,2.926867764399746e-07,0.0,nan
152,35,0.033700850948204755,0.0,nan
152,36,3.096587160625401e-05,0.0,nan
152,37,0.007503620130903347,0.0,nan
152,38,3.5071888716777285e-06,0.0,nan
152,39,0.5660442711270418,1.0,nan
152,40,0.017196509702766937,0.0,nan
152,41,0.07084314315531655,0.0,nan
152,42,0.0556067873308839,0.0,nan
152,43,3.983435615305991e-06,0.0,nan
152,44,0.017415322387086946,0.0,nan
152,45,0.062044962407427726,0.0,nan
152,46,3.646541841309166e-05,0.0,nan
152,47,2.9280595664687416e-05,0.0,nan
152,48,1.7683741669368054,1.0,nan
152,49,0.00014597260709288661,0.0,nan
152,50,0.00011175428592692199,0.0,nan
152,51,0.0004042287370864604,0.0,nan
152,52,0.2602361524955914,1.0,nan
152,53,0.04160490342682993,0.0,nan
152,54,4.5262525718089285e-06,0.0,nan
152,55,0.00025562583872794527,0.0,nan
152,56,7.0479057431025495e-06,0.0,nan
152,57,0.04604988675812646,0.0,nan
152,58,2.0566502438381064e-05,0.0,nan
152,59,6.9424240237656935e-06,0.0,nan
152,60,4.450151612456342e-05,0.0,nan
152,61,2.942124451956599e-05,0.0,nan
152,62,0.7466559028523458,1.0,nan
152,63,0.00017571023859783377,0.0,nan
152,64,0.011062994247933918,0.0,nan
152,65,1.338717795637657e-06,0.0,nan
152,66,6.697585897181244e-05,0.0,nan
152,67,0.02265925470257001,0.0,nan
152,68,0.09851743092043835,0.0,nan
152,69,0.0008459758631292252,0.0,nan
152,70,0.20908773218246288,1.0,nan
152,71,0.00016422702935472535,0.0,nan
152,72,0.024040898082090305,0.0,nan
152,73,0.04917956689728948,0.0,nan
152,74,0.021822343604407397,0.0,nan
152,75,0.039051756988877945,0.0,nan
152,76,0.9286694103142807,1.0,nan
152,77,0.0012800592723211995,0.0,nan
152,78,0.4109634766207215,1.0,nan
152,79,0.0661482767621517,0.0,nan
152,80,8.349348705829105e-06,0.0,nan
152,81,0.015015209771453805,0.0,nan
152,82,0.07925747199240586,0.0,nan
152,83,0.000628858023440004,0.0,nan
152,84,0.011857494717943564,0.0,nan
152,85,0.23850547521634627,1.0,nan
152,86,2.9395137324844235e-07,0.0,nan
152,87,6.22511504214689,1.0,nan
152,88,0.09356180846877879,0.0,nan
152,89,0.09791153103404483,0.0,nan
152,90,0.04428920585593033,0.0,nan
152,91,0.099642990687181,0.0,nan
152,92,9.72358651052403e-05,0.0,nan
152,93,0.011375484188120455,0.0,nan
152,94,0.014944039199104121,0.0,nan
152,95,0.03905412839395179,0.0,nan
152,96,8.259998246603625e-05,0.0,nan
152,97,1.9028054608985565e-05,0.0,nan
152,98,0.011084232458760569,0.0,nan
152,99,0.009736968315194158,0.0,nan
153,0,0.022602787132165625,0.0,nan
153,1,0.020263642365336842,0.0,nan
153,2,0.08319500011147515,0.0,nan
153,3,0.023586324138005706,0.0,nan
153,4,0.031160572128062333,0.0,nan
153,5,0.019304850771393905,0.0,nan
153,6,0.019293622440366708,0.0,nan
153,7,0.07518162664022812,0.0,nan
153,8,0.01773162415301511,0.0,nan
153,9,0.475241057330497,1.0,nan
153,10,0.06256315600900089,0.0,nan
153,11,0.014472274398054217,0.0,nan
153,12,1.116065031979318,1.0,nan
153,13,0.07401172428816882,0.0,nan
153,14,0.02320174918808574,0.0,nan
153,15,0.9156391634466065,1.0,nan
153,16,0.05578804802933803,0.0,nan
153,17,0.06620557494038377,0.0,nan
153,18,0.011397104680515106,0.0,nan
153,19,0.05278511007629116,0.0,nan
153,20,0.041431518141766564,0.0,nan
153,21,0.021577132024562944,0.0,nan
153,22,0.2163380182047859,1.0,nan
153,23,0.028581974806746808,0.0,nan
153,24,0.016744352951872092,0.0,nan
153,25,0.0359500372038056,0.0,nan
153,26,0.013353217889210725,0.0,nan
153,27,0.04670099586381417,0.0,nan
153,28,0.050358334320444315,0.0,nan
153,29,0.022099278924638418,0.0,nan
153,30,0.1010869724808783,0.0,nan
153,31,0.012675128177701481,0.0,nan
153,32,0.015975492708501376,0.0,nan
153,33,0.02315386551079804,0.0,nan
153,34,0.04195345894763158,0.0,nan
153,35,0.05351853574677566,0.0,nan
153,36,0.7498745637485436,1.0,nan
153,37,0.011124359571044044,0.0,nan
153,38,0.032585730939706854,0.0,nan
153,39,0.22238232740930078,1.0,nan
153,40,0.028921781097209078,0.0,nan
153,41,0.15639101089763824,1.0,nan
153,42,0.04958609755518186,0.0,nan
153,43,0.029543803824627308,0.0,nan
153,44,0.016967581995958648,0.0,nan
153,45,0.05251610698943435,0.0,nan
153,46,0.06516582943861288,0.0,nan
153,47,0.031042931940538802,0.0,nan
153,48,2.3588947612585853,1.0,nan
153,49,0.06018713019583732,0.0,nan
153,50,0.09195243772538819,0.0,nan
153,51,0.02539057039635518,0.0,nan
153,52,0.23674746520131024,1.0,nan
153,53,0.036828976849681484,0.0,nan
153,54,0.054070411105515144,0.0,nan
153,55,0.020828472650232986,0.0,nan
153,56,0.026799314531183435,0.0,nan
153,57,0.059983758533861786,0.0,nan
153,58,0.034023078629897646,0.0,nan
153,59,0.05759597584578392,0.0,nan
153,60,0.14204612682847917,0.0,nan
153,61,0.048421000486728955,0.0,nan
153,62,0.830425429487249,1.0,nan
153,63,0.050876460599342054,0.0,nan
153,64,0.021011744889527978,0.0,nan
153,65,0.03480932782605998,0.0,nan
153,66,0.3508224553723857,1.0,nan
153,67,0.034232925890395796,0.0,nan
153,68,0.07590480615600115,0.0,nan
153,69,0.1891533432218068,1.0,nan
153,70,0.0945881128676704,0.0,nan
153,71,0.012673287730413893,0.0,nan
153,72,0.03551621560736724,0.0,nan
153,73,0.03736464499036075,0.0,nan
153,74,0.039779560593170615,0.0,nan
153,75,0.08418519978428082,0.0,nan
153,76,0.9018581914754967,1.0,nan
153,77,0.012062175474404005,0.0,nan
153,78,0.17327199296732018,1.0,nan
153,79,0.06583421407254383,0.0,nan
153,80,0.019411238668121087,0.0,nan
153,81,0.02271530770843591,0.0,nan
153,82,0.04206780264093032,0.0,nan
153,83,0.0733386516718026,0.0,nan
153,84,0.017113272922084102,0.0,nan
153,85,0.18205040649793558,1.0,nan
153,86,0.027573488176363698,0.0,nan
153,87,6.261421661853102,1.0,nan
153,88,0.1054117902849951,0.0,nan
153,89,0.036558051970374955,0.0,nan
153,90,0.04427720128089976,0.0,nan
153,91,0.035782047704439914,0.0,nan
153,92,0.036585477451869734,0.0,nan
153,93,0.02625096537755562,0.0,nan
153,94,0.020881122858171026,0.0,nan
153,95,0.019559370910257712,0.0,nan
153,96,0.02927202671767072,0.0,nan
153,97,0.04709885689358505,0.0,nan
153,98,0.013473062351572876,0.0,nan
153,99,0.0174570010117867,0.0,nan
154,0,0.01881046927493267,0.0,nan
154,1,0.01710734764086187,0.0,nan
154,2,0.10055766960027163,0.0,nan
154,3,0.019374602415213483,0.0,nan
154,4,0.029999490075698496,0.0,nan
154,5,0.016944884697657054,0.0,nan
154,6,0.017557880963677486,0.0,nan
154,7,0.06711295718173751,0.0,nan
154,8,0.0161559829223859,0.0,nan
154,9,0.5604376240012843,1.0,nan
154,10,0.06841325021454309,0.0,nan
154,11,0.011907722339827101,0.0,nan
154,12,1.0758747988285788,1.0,nan
154,13,0.09011244517587896,0.0,nan
154,14,0.02003585438692165,0.0,nan
154,15,0.5425468118644647,1.0,nan
154,16,0.03733633217507765,0.0,nan
154,17,0.07641203566188888,0.0,nan
154,18,0.0071198033682745715,0.0,nan
154,19,0.0626718437394959,0.0,nan
154,20,0.0428813586990292,0.0,nan
154,21,0.026013537971569186,0.0,nan
154,22,0.13262912719194803,0.0,nan
154,23,0.027536442324617487,0.0,nan
154,24,0.015539893697740859,0.0,nan
154,25,0.038672587958608444,0.0,nan
154,26,0.01026533684018377,0.0,nan
154,27,0.29022669740252455,1.0,nan
154,28,0.055204820567441984,0.0,nan
154,29,0.015328573948187275,0.0,nan
154,30,0.10421465900187932,0.0,nan
154,31,0.011985560225016177,0.0,nan
154,32,0.013078376649162598,0.0,nan
154,33,0.021610908492682466,0.0,nan
154,34,0.04159100615847848,0.0,nan
154,35,0.04212240338981912,0.0,nan
154,36,0.6688559559100223,1.0,nan
154,37,0.008200330105100032,0.0,nan
154,38,0.04252924749789197,0.0,nan
154,39,0.23957147081327668,1.0,nan
154,40,0.02531218910639561,0.0,nan
154,41,0.15530890766676822,1.0,nan
154,42,0.05794305997421143,0.0,nan
154,43,0.027687289869728994,0.0,nan
154,44,0.014239746810716568,0.0,nan
154,45,0.06564998297808272,0.0,nan
154,46,0.10697320514786335,0.0,nan
154,47,0.029555130711838157,0.0,nan
154,48,1.7016157558076914,1.0,nan
154,49,0.08607760917468324,0.0,nan
154,50,0.0809016654471206,0.0,nan
154,51,0.018004865224482944,0.0,nan
154,52,0.20580437230485632,1.0,nan
154,53,0.03189503310378444,0.0,nan
154,54,0.07353293847951795,0.0,nan
154,55,0.020283549829069613,0.0,nan
154,56,0.027382786368782604,0.0,nan
154,57,0.06105550287284485,0.0,nan
154,58,0.03722795383837377,0.0,nan
154,59,0.05814796055545208,0.0,nan
154,60,0.20070595979666528,1.0,nan
154,61,0.06623439983871972,0.0,nan
154,62,0.8361316760319795,1.0,nan
154,63,0.05369792085996952,0.0,nan
154,64,0.01442098109396045,0.0,nan
154,65,0.027918081941088163,0.0,nan
154,66,0.3759670363522902,1.0,nan
154,67,0.03521685862684241,0.0,nan
154,68,0.08600129920790492,0.0,nan
154,69,0.18199083256258247,1.0,nan
154,70,0.07712505750926042,0.0,nan
154,71,0.011626546044528507,0.0,nan
154,72,0.03695021420275598,0.0,nan
154,73,0.0263030741656887,0.0,nan
154,74,0.035548562464910734,0.0,nan
154,75,0.0904227489892849,0.0,nan
154,76,0.7947370820386003,1.0,nan
154,77,0.010271318923102896,0.0,nan
154,78,0.2162528059452676,1.0,nan
154,79,0.06761568441588399,0.0,nan
154,80,0.019329018329081894,0.0,nan
154,81,0.021328490191660165,0.0,nan
154,82,0.04136523167665341,0.0,nan
154,83,0.07893196035177011,0.0,nan
154,84,0.011909104210795654,0.0,nan
154,85,0.16971216219837257,1.0,nan
154,86,0.03156992305526261,0.0,nan
154,87,6.445639502764577,1.0,nan
154,88,0.1265842367298759,0.0,nan
154,89,0.03653329229864144,0.0,nan
154,90,0.045927132252966886,0.0,nan
154,91,0.04680088700982754,0.0,nan
154,92,0.03954880334444068,0.0,nan
154,93,0.013618070803345641,0.0,nan
154,94,0.025943686779304396,0.0,nan
154,95,0.018449697284187456,0.0,nan
154,96,0.024526827279351637,0.0,nan
154,97,0.04642352892568864,0.0,nan
154,98,0.010663406137633277,0.0,nan
154,99,0.014160321705926557,0.0,nan
155,0,0.017475409173858845,0.0,nan
155,1,0.01763545679676491,0.0,nan
155,2,0.08720022691679523,0.0,nan
155,3,0.017891875105311504,0.0,nan
155,4,0.030436947780664747,0.0,nan
155,5,0.0160315962877654,0.0,nan
155,6,0.01964234208345959,0.0,nan
155,7,0.08688528082664496,0.0,nan
155,8,0.015355959502817844,0.0,nan
155,9,0.7561117943555854,1.0,nan
155,10,0.06524569230442973,0.0,nan
155,11,0.01119866303248653,0.0,nan
155,12,0.9794619695867802,1.0,nan
155,13,0.07626616191066014,0.0,nan
155,14,0.017822508499016673,0.0,nan
155,15,0.7624093025969154,1.0,nan
155,16,0.04961775841945676,0.0,nan
155,17,0.08133410061942842,0.0,nan
155,18,0.007354231020977775,0.0,nan
155,19,0.04406713659653762,0.0,nan
155,20,0.04087847622907277,0.0,nan
155,21,0.02174104227144015,0.0,nan
155,22,0.2672351950740518,1.0,nan
155,23,0.02331738852920761,0.0,nan
155,24,0.01531743943351249,0.0,nan
155,25,0.03509002722487565,0.0,nan
155,26,0.008755250241293429,0.0,nan
155,27,0.3671254185665478,1.0,nan
155,28,0.04787471584536888,0.0,nan
155,29,0.015630890768926882,0.0,nan
155,30,0.08853659090193204,0.0,nan
155,31,0.010623491592712647,0.0,nan
155,32,0.013339227807740633,0.0,nan
155,33,0.019464114701219927,0.0,nan
155,34,0.039026669724806465,0.0,nan
155,35,0.04593344977540279,0.0,nan
155,36,0.6317649994238583,1.0,nan
155,37,0.007539160030880884,0.0,nan
155,38,0.03787156427836625,0.0,nan
155,39,0.1950713498705002,1.0,nan
155,40,0.024423709439407006,0.0,nan
155,41,0.12169437737882832,0.0,nan
155,42,0.04621249981407832,0.0,nan
155,43,0.02891078422616962,0.0,nan
155,44,0.014359846378917246,0.0,nan
155,45,0.05609249405846919,0.0,nan
155,46,0.08376724777547981,0.0,nan
155,47,0.028707034061009745,0.0,nan
155,48,2.083432245476915,1.0,nan
155,49,0.0660533139006516,0.0,nan
155,50,0.11359061442371803,0.0,nan
155,51,0.019532262741143006,0.0,nan
155,52,0.17430872102320316,1.0,nan
155,53,0.035685515486435886,0.0,nan
155,54,0.044837479600493994,0.0,nan
155,55,0.018831190829365366,0.0,nan
155,56,0.021871754175936144,0.0,nan
155,57,0.06006253990984134,0.0,nan
155,58,0.03277445314413307,0.0,nan
155,59,0.05370482992646075,0.0,nan
155,60,0.1542597251001891,1.0,nan
155,61,0.04698771859244022,0.0,nan
155,62,0.8282044651370524,1.0,nan
155,63,0.054493406831815916,0.0,nan
155,64,0.014860136948153855,0.0,nan
155,65,0.02589170169568707,0.0,nan
155,66,0.44666814698995944,1.0,nan
155,67,0.03222321203644704,0.0,nan
155,68,0.07496475378631622,0.0,nan
155,69,0.1295011132609173,0.0,nan
155,70,0.0927991466767118,0.0,nan
155,71,0.01099085916233077,0.0,nan
155,72,0.03307475438969455,0.0,nan
155,73,0.03478969611727392,0.0,nan
155,74,0.031475921951928616,0.0,nan
155,75,0.08131792902837384,0.0,nan
155,76,0.8043174523006021,1.0,nan
155,77,0.009380997252571195,0.0,nan
155,78,0.18348367525943818,1.0,nan
155,79,0.06565523927327477,0.0,nan
155,80,0.015995180457446252,0.0,nan
155,81,0.019601857625419907,0.0,nan
155,82,0.045630318044794754,0.0,nan
155,83,0.06838555167039698,0.0,nan
155,84,0.011966365775872654,0.0,nan
155,85,0.17085768886094402,1.0,nan
155,86,0.02632310936794761,0.0,nan
155,87,6.342516272656639,1.0,nan
155,88,0.11271463636439147,0.0,nan
155,89,0.0336789008853389,0.0,nan
155,90,0.041682416583582016,0.0,nan
155,91,0.04694663877905053,0.0,nan
155,92,0.03370952822990326,0.0,nan
155,93,0.013986725285324639,0.0,nan
155,94,0.02048752402699297,0.0,nan
155,95,0.01725922238444246,0.0,nan
155,96,0.023775409314285092,0.0,nan
155,97,0.04037476082071096,0.0,nan
155,98,0.010276085633009472,0.0,nan
155,99,0.01302903778675667,0.0,nan
156,0,0.021358833612347878,0.0,nan
156,1,0.019053943157760572,0.0,nan
156,2,0.08778916409147428,0.0,nan
156,3,0.025111894303850586,0.0,nan
156,4,0.028131781440321083,0.0,nan
156,5,0.02241663534913498,0.0,nan
156,6,0.019057923127034318,0.0,nan
156,7,0.053947354439691085,0.0,nan
156,8,0.018863898654699843,0.0,nan
156,9,0.4083494248164498,1.0,nan
156,10,0.07476828935298845,0.0,nan
156,11,0.013452842277993968,0.0,nan
156,12,1.207411078256501,1.0,nan
156,13,0.07778128942956748,0.0,nan
156,14,0.024501126400359223,0.0,nan
156,15,0.4646277129954654,1.0,nan
156,16,0.04469958646980728,0.0,nan
156,17,0.09931223268201457,0.0,nan
156,18,0.008014799657615507,0.0,nan
156,19,0.06892729966921438,0.0,nan
156,20,0.04742710642107985,0.0,nan
156,21,0.055332023697358824,0.0,nan
156,22,0.268688066052827,1.0,nan
156,23,0.031909066384972276,0.0,nan
156,24,0.017022435722772455,0.0,nan
156,25,0.040698358771228106,0.0,nan
156,26,0.010258861836992279,0.0,nan
156,27,0.3815717145066974,1.0,nan
156,28,0.047384572858786826,0.0,nan
156,29,0.0158760071475579,0.0,nan
156,30,0.09018288692325922,0.0,nan
156,31,0.014666687331722912,0.0,nan
156,32,0.015123525099083603,0.0,nan
156,33,0.026790078811906724,0.0,nan
156,34,0.048193060911884536,0.0,nan
156,35,0.054132163073587494,0.0,nan
156,36,0.7226498404693557,1.0,nan
156,37,0.008949619050821978,0.0,nan
156,38,0.04994697289383702,0.0,nan
156,39,0.21415052986412,1.0,nan
156,40,0.026668321031563542,0.0,nan
156,41,0.09894862874771046,0.0,nan
156,42,0.05262306730468457,0.0,nan
156,43,0.032682868568274764,0.0,nan
156,44,0.014603815432136893,0.0,nan
156,45,0.06686774083920305,0.0,nan
156,46,0.08663791406431379,0.0,nan
156,47,0.03502727663238062,0.0,nan
156,48,2.410793702035896,1.0,nan
156,49,0.08746201345438291,0.0,nan
156,50,0.045317922861938906,0.0,nan
156,51,0.01971991016495396,0.0,nan
156,52,0.21450532863908,1.0,nan
156,53,0.030639747309346776,0.0,nan
156,54,0.07879113592516365,0.0,nan
156,55,0.020756701551187143,0.0,nan
156,56,0.08756466309433075,0.0,nan
156,57,0.06373808820716355,0.0,nan
156,58,0.053142912714524634,0.0,nan
156,59,0.06729502927421449,0.0,nan
156,60,0.16280744794197727,1.0,nan
156,61,0.08131718488328393,0.0,nan
156,62,0.6924702730240284,1.0,nan
156,63,0.054844169327105834,0.0,nan
156,64,0.01624127772218087,0.0,nan
156,65,0.02963801288245571,0.0,nan
156,66,0.39421731573314467,1.0,nan
156,67,0.04177235275288716,0.0,nan
156,68,0.08110365980346132,0.0,nan
156,69,0.1708083828382401,1.0,nan
156,70,0.04693674226358906,0.0,nan
156,71,0.013728428078753567,0.0,nan
156,72,0.04003021666034595,0.0,nan
156,73,0.026585806912465624,0.0,nan
156,74,0.04078088767343949,0.0,nan
156,75,0.12267311836074132,0.0,nan
156,76,0.7392439604416159,1.0,nan
156,77,0.01197776319181995,0.0,nan
156,78,0.11232821570948749,0.0,nan
156,79,0.083914321092422,0.0,nan
156,80,0.024183285968718674,0.0,nan
156,81,0.02397026230385144,0.0,nan
156,82,0.039488779106378456,0.0,nan
156,83,0.07573037618360527,0.0,nan
156,84,0.013853332637582282,0.0,nan
156,85,0.19025070554893384,1.0,nan
156,86,0.05189792870837006,0.0,nan
156,87,6.4766773597389555,1.0,nan
156,88,0.1217227827597639,0.0,nan
156,89,0.055575151411701794,0.0,nan
156,90,0.04356155760289245,0.0,nan
156,91,0.08860845377243688,0.0,nan
156,92,0.0560788093061258,0.0,nan
156,93,0.015678120173739013,0.0,nan
156,94,0.033039412360125295,0.0,nan
156,95,0.02226699463420768,0.0,nan
156,96,0.030717540960998144,0.0,nan
156,97,0.05040991667549688,0.0,nan
156,98,0.011787073829043341,0.0,nan
156,99,0.01737876615766584,0.0,nan
157,0,0.017377821963347653,0.0,nan
157,1,0.018524599716504546,0.0,nan
157,2,0.08600618516742255,0.0,nan
157,3,0.020155768155762553,0.0,nan
157,4,0.031347143460739454,0.0,nan
157,5,0.0178917771143237,0.0,nan
157,6,0.017940977708004027,0.0,nan
157,7,0.07892078623965663,0.0,nan
157,8,0.0160205172146139,0.0,nan
157,9,0.3792648460495944,1.0,nan
157,10,0.06614701208549781,0.0,nan
157,11,0.011130362261615663,0.0,nan
157,12,0.9645740922561631,1.0,nan
157,13,0.07883081175284311,0.0,nan
157,14,0.018865502975196242,0.0,nan
157,15,0.7784718872376095,1.0,nan
157,16,0.05509594969254794,0.0,nan
157,17,0.07651810617888587,0.0,nan
157,18,0.007727249389137837,0.0,nan
157,19,0.045347432580381236,0.0,nan
157,20,0.040646311953042046,0.0,nan
157,21,0.02599874677410652,0.0,nan
157,22,0.19323899464716746,1.0,nan
157,23,0.024064697316753317,0.0,nan
157,24,0.015933416292809408,0.0,nan
157,25,0.03311357207448997,0.0,nan
157,26,0.008898301478667572,0.0,nan
157,27,0.26226094471829237,1.0,nan
157,28,0.041848600983033085,0.0,nan
157,29,0.01583468174712883,0.0,nan
157,30,0.08975456052287352,0.0,nan
157,31,0.010864452981756863,0.0,nan
157,32,0.013874972077724201,0.0,nan
157,33,0.02098579669764503,0.0,nan
157,34,0.03936370599319629,0.0,nan
157,35,0.060811750941423354,0.0,nan
157,36,0.7327316593992502,1.0,nan
157,37,0.007791816725381028,0.0,nan
157,38,0.03727846756332027,0.0,nan
157,39,0.20339094371072178,1.0,nan
157,40,0.022114480901899738,0.0,nan
157,41,0.12971676150108138,0.0,nan
157,42,0.03712539226002949,0.0,nan
157,43,0.03159870192589206,0.0,nan
157,44,0.013980405194943275,0.0,nan
157,45,0.05686608040742196,0.0,nan
157,46,0.0792992590704456,0.0,nan
157,47,0.03084134086462693,0.0,nan
157,48,2.2068953093846235,1.0,nan
157,49,0.06422486412453197,0.0,nan
157,50,0.09805877355132558,0.0,nan
157,51,0.02028892743872553,0.0,nan
157,52,0.15623559812757104,1.0,nan
157,53,0.03543344042467015,0.0,nan
157,54,0.04818869973226163,0.0,nan
157,55,0.01684724757998202,0.0,nan
157,56,0.0304813549040343,0.0,nan
157,57,0.06299703905442738,0.0,nan
157,58,0.03831704082445374,0.0,nan
157,59,0.057131022157330284,0.0,nan
157,60,0.1653195564039271,1.0,nan
157,61,0.04852898476935447,0.0,nan
157,62,0.8067723792031136,1.0,nan
157,63,0.05149157135994261,0.0,nan
157,64,0.015442502301910879,0.0,nan
157,65,0.0248323148445151,0.0,nan
157,66,0.47305340063309825,1.0,nan
157,67,0.03354209975835967,0.0,nan
157,68,0.0771837728709769,0.0,nan
157,69,0.17437816670624728,1.0,nan
157,70,0.08712287913216064,0.0,nan
157,71,0.011410037871198365,0.0,nan
157,72,0.03184056507325034,0.0,nan
157,73,0.03141452865447725,0.0,nan
157,74,0.03259541079050936,0.0,nan
157,75,0.08999706146871884,0.0,nan
157,76,0.805750439216519,1.0,nan
157,77,0.00962974962848032,0.0,nan
157,78,0.1944763859891187,1.0,nan
157,79,0.07018475055156,0.0,nan
157,80,0.016996441569422458,0.0,nan
157,81,0.01947838214956411,0.0,nan
157,82,0.04464494980275907,0.0,nan
157,83,0.06909732593690393,0.0,nan
157,84,0.012518607738973668,0.0,nan
157,85,0.17862110962231312,1.0,nan
157,86,0.03147378490425267,0.0,nan
157,87,6.470427849169316,1.0,nan
157,88,0.1178797703173107,0.0,nan
157,89,0.04092324353186034,0.0,nan
157,90,0.04029195027187878,0.0,nan
157,91,0.052306655840609936,0.0,nan
157,92,0.035765060525890374,0.0,nan
157,93,0.015482863448680653,0.0,nan
157,94,0.020996481523842744,0.0,nan
157,95,0.017536214176767075,0.0,nan
157,96,0.03020259767910094,0.0,nan
157,97,0.03558265693142597,0.0,nan
157,98,0.010379142121312699,0.0,nan
157,99,0.0137104640345048,0.0,nan
158,0,0.016089274737680046,0.0,nan
158,1,0.014500952133138612,0.0,nan
158,2,0.0865417710143265,0.0,nan
158,3,0.017237458656323302,0.0,nan
158,4,0.023189008859888692,0.0,nan
158,5,0.015232579875345565,0.0,nan
158,6,0.015291505183815035,0.0,nan
158,7,0.06451937943985349,0.0,nan
158,8,0.01352527501043452,0.0,nan
158,9,0.5347475578028378,1.0,nan
158,10,0.06387301136032104,0.0,nan
158,11,0.00966682688064605,0.0,nan
158,12,0.9705045906550489,1.0,nan
158,13,0.076754831059646,0.0,nan
158,14,0.017426089715934515,0.0,nan
158,15,0.7625840379175686,1.0,nan
158,16,0.036462939145427066,0.0,nan
158,17,0.07963594955571157,0.0,nan
158,18,0.005921151005693263,0.0,nan
158,19,0.04916912849694318,0.0,nan
158,20,0.03718648121853032,0.0,nan
158,21,0.026507808900401417,0.0,nan
158,22,0.21271537131614496,1.0,nan
158,23,0.02302140384845956,0.0,nan
158,24,0.013623367887155109,0.0,nan
158,25,0.029777355917084868,0.0,nan
158,26,0.0070373771859652216,0.0,nan
158,27,0.3502878044547224,1.0,nan
158,28,0.03690247463389369,0.0,nan
158,29,0.01213198850148444,0.0,nan
158,30,0.09187066183734618,0.0,nan
158,31,0.010110465559397165,0.0,nan
158,32,0.011649188241714752,0.0,nan
158,33,0.018489687580904374,0.0,nan
158,34,0.036236787299123656,0.0,nan
158,35,0.04317535583752802,0.0,nan
158,36,0.7139042446658832,1.0,nan
158,37,0.006268061525479578,0.0,nan
158,38,0.033899045496227825,0.0,nan
158,39,0.22980885638676624,1.0,nan
158,40,0.019010113777362565,0.0,nan
158,41,0.13932250606446658,0.0,nan
158,42,0.03697038444769784,0.0,nan
158,43,0.026612681064251797,0.0,nan
158,44,0.011007442688969766,0.0,nan
158,45,0.05706424819834646,0.0,nan
158,46,0.09630287525757424,0.0,nan
158,47,0.024413991624005704,0.0,nan
158,48,2.0079356493417677,1.0,nan
158,49,0.06799848936408755,0.0,nan
158,50,0.06528174048162896,0.0,nan
158,51,0.01564952379956447,0.0,nan
158,52,0.20946380779117554,1.0,nan
158,53,0.02949404660060196,0.0,nan
158,54,0.05645586316605865,0.0,nan
158,55,0.0159098834592555,0.0,nan
158,56,0.03135917812110362,0.0,nan
158,57,0.05628892932665927,0.0,nan
158,58,0.03438440065084194,0.0,nan
158,59,0.053541168267340504,0.0,nan
158,60,0.17562387811698024,1.0,nan
158,61,0.04737261936215876,0.0,nan
158,62,0.7626500286996881,1.0,nan
158,63,0.04959914601691707,0.0,nan
158,64,0.011793351424570544,0.0,nan
158,65,0.022416632042788175,0.0,nan
158,66,0.41454730315657307,1.0,nan
158,67,0.03162400856715831,0.0,nan
158,68,0.07578758453872649,0.0,nan
158,69,0.17746374556464684,1.0,nan
158,70,0.05631260107271668,0.0,nan
158,71,0.009855252167990559,0.0,nan
158,72,0.029785764912578675,0.0,nan
158,73,0.022272364883806225,0.0,nan
158,74,0.02958950835485459,0.0,nan
158,75,0.08812384345954766,0.0,nan
158,76,0.816597052036812,1.0,nan
158,77,0.008451595825888381,0.0,nan
158,78,0.17015895698123532,1.0,nan
158,79,0.06586315266717398,0.0,nan
158,80,0.015866350602941667,0.0,nan
158,81,0.018024208852882796,0.0,nan
158,82,0.035102332824096846,0.0,nan
158,83,0.06985627909184287,0.0,nan
158,84,0.009903565873204387,0.0,nan
158,85,0.19366750584049872,1.0,nan
158,86,0.03391362892265904,0.0,nan
158,87,6.485651082435862,1.0,nan
158,88,0.12307206703564738,0.0,nan
158,89,0.03739596611753913,0.0,nan
158,90,0.03974386363824355,0.0,nan
158,91,0.04933069222298182,0.0,nan
158,92,0.03402717598133183,0.0,nan
158,93,0.01204657310794277,0.0,nan
158,94,0.021862557285526423,0.0,nan
158,95,0.015765562684000103,0.0,nan
158,96,0.02358161934073945,0.0,nan
158,97,0.03372857202557418,0.0,nan
158,98,0.008450818451111185,0.0,nan
158,99,0.012061779011919132,0.0,nan
159,0,0.0024391455561378955,0.0,nan
159,1,0.000699521725736664,0.0,nan
159,2,9.854504595861666e-06,0.0,nan
159,3,8.870493906545278e-05,0.0,nan
159,4,1.2435789843037315e-05,0.0,nan
159,5,7.955278382547707e-06,0.0,nan
159,6,3.682851437230588e-05,0.0,nan
159,7,0.0006912829670356284,0.0,nan
159,8,0.00018041283759200207,0.0,nan
159,9,9.570548425853612e-05,0.0,nan
159,10,0.01493527964408542,0.0,nan
159,11,0.00896281295004127,0.0,nan
159,12,0.017258531120412306,0.0,nan
159,13,0.0004958586444211385,0.0,nan
159,14,0.00026234126452182933,0.0,nan
159,15,0.00044170814526907847,0.0,nan
159,16,5.336895584905506e-05,0.0,nan
159,17,0.017181235864485226,0.0,nan
159,18,8.634200330739921e-06,0.0,nan
159,19,6.476751538687551e-06,0.0,nan
159,20,0.009843677569403533,0.0,nan
159,21,0.014382501764039156,0.0,nan
159,22,0.011900097797054848,0.0,nan
159,23,4.674890079139991e-05,0.0,nan
159,24,0.0008125279683884024,0.0,nan
159,25,0.0025222393220886534,0.0,nan
159,26,0.009377232466431826,0.0,nan
159,27,4.470189441059497e-05,0.0,nan
159,28,0.016274917590775716,0.0,nan
159,29,1.642967598203342e-08,0.0,nan
159,30,0.0029325827306696277,0.0,nan
159,31,9.571432659215523e-08,0.0,nan
159,32,2.442632621814627e-06,0.0,nan
159,33,0.041542338220884746,0.0,nan
159,34,0.00037652850704255616,0.0,nan
159,35,0.002209141015221695,0.0,nan
159,36,0.0015010449893005575,0.0,nan
159,37,0.01475577175860052,0.0,nan
159,38,5.966370338880728e-05,0.0,nan
159,39,0.0019516907475519163,0.0,nan
159,40,1.2413173578885692e-06,0.0,nan
159,41,1.4668148904652893e-05,0.0,nan
159,42,0.004574535405977845,0.0,nan
159,43,0.028398417613642497,0.0,nan
159,44,0.002425811505720032,0.0,nan
159,45,0.02964290705057302,0.0,nan
159,46,0.009963158532596671,0.0,nan
159,47,0.0001788863021475621,0.0,nan
159,48,0.031965011020940556,0.0,nan
159,49,0.0005758727633310032,0.0,nan
159,50,0.0009277809679218454,0.0,nan
159,51,3.2767111521854956e-05,0.0,nan
159,52,2.0580952090994527e-05,0.0,nan
159,53,0.04418380553339257,0.0,nan
159,54,0.005744597353714651,0.0,nan
159,55,0.03875671243590908,0.0,nan
159,56,0.02777988667096972,0.0,nan
159,57,1.0871057542305173e-06,0.0,nan
159,58,6.911213562855179e-05,0.0,nan
159,59,8.152213796880214e-05,0.0,nan
159,60,0.0003150356313030893,0.0,nan
159,61,0.032456292130030956,0.0,nan
159,62,1.439381693453049e-05,0.0,nan
159,63,2.9942538895273012e-05,0.0,nan
159,64,0.0006381795134369622,0.0,nan
159,65,0.021725837070259286,0.0,nan
159,66,0.0032930414175986705,0.0,nan
159,67,1.38414697364663e-07,0.0,nan
159,68,0.05604446397769791,0.0,nan
159,69,0.0012122941594099883,0.0,nan
159,70,0.009875650552405737,0.0,nan
159,71,0.004239496562309788,0.0,nan
159,72,0.00031343600764513203,0.0,nan
159,73,0.0004940233509854695,0.0,nan
159,74,0.00020440632019431455,0.0,nan
159,75,0.001227960846107649,0.0,nan
159,76,0.05291840943352698,0.0,nan
159,77,1.0180726555014088e-05,0.0,nan
159,78,9.874646655891751e-05,0.0,nan
159,79,0.026469707903470776,0.0,nan
159,80,0.035519891993886596,0.0,nan
159,81,0.004934803694914992,0.0,nan
159,82,0.0004118709005699572,0.0,nan
159,83,2.0172489355011092e-05,0.0,nan
159,84,0.008994214224395414,0.0,nan
159,85,0.040550260268726664,0.0,nan
159,86,1.3235071139044328e-05,0.0,nan
159,87,0.017296751128661542,0.0,nan
159,88,0.057163312220404314,0.0,nan
159,89,9.151359233373721e-07,0.0,nan
159,90,0.0003403290759804027,0.0,nan
159,91,0.0012294092759286659,0.0,nan
159,92,6.632127240584883e-05,0.0,nan
159,93,0.0009296037809774653,0.0,nan
159,94,5.0469158524059264e-05,0.0,nan
159,95,0.000509010424567542,0.0,nan
159,96,0.0011785399393182754,0.0,nan
159,97,0.04138395579801461,0.0,nan
159,98,0.00010596243043225307,0.0,nan
159,99,0.020513177942503423,0.0,nan
160,0,0.0170998867024001,0.0,nan
160,1,2.6569761777576164e-06,0.0,nan
160,2,0.12466648646449453,0.0,nan
160,3,1.376080909447908e-05,0.0,nan
160,4,0.0012306664417025045,0.0,nan
160,5,0.0017271905646850773,0.0,nan
160,6,0.010312049221439083,0.0,nan
160,7,0.18309232919107157,1.0,nan
160,8,0.0008855718251608554,0.0,nan
160,9,3.813841616624786,1.0,nan
160,10,3.5236356180119625e-05,0.0,nan
160,11,3.0163137503302326e-05,0.0,nan
160,12,0.00036286992353849615,0.0,nan
160,13,0.04575374827563935,0.0,nan
160,14,0.0027239124182495745,0.0,nan
160,15,0.014501368772388796,0.0,nan
160,16,0.0011977593682715067,0.0,nan
160,17,0.4764791507936519,1.0,nan
160,18,6.346937790972962e-06,0.0,nan
160,19,6.761190061494436e-06,0.0,nan
160,20,0.0009244931745701854,0.0,nan
160,21,0.017466229924111825,0.0,nan
160,22,0.04346231900026282,0.0,nan
160,23,0.00335276485488405,0.0,nan
160,24,0.027950931295244764,0.0,nan
160,25,0.026923652125513134,0.0,nan
160,26,7.866696763811004e-05,0.0,nan
160,27,0.8170967990644337,1.0,nan
160,28,0.03371468343772928,0.0,nan
160,29,0.005830773165725597,0.0,nan
160,30,0.03176025500623548,0.0,nan
160,31,0.012017341479750832,0.0,nan
160,32,6.455892878586213e-05,0.0,nan
160,33,0.021948040032269682,0.0,nan
160,34,2.922712502799014e-07,0.0,nan
160,35,0.0007625214229046137,0.0,nan
160,36,2.8177808697696063e-05,0.0,nan
160,37,0.0013067184822588326,0.0,nan
160,38,3.4590225598876215e-06,0.0,nan
160,39,0.7917806236934384,1.0,nan
160,40,0.01586439674246692,0.0,nan
160,41,0.1211309224303322,0.0,nan
160,42,0.005694110565626768,0.0,nan
160,43,3.922110347204414e-06,0.0,nan
160,44,0.0007423472084851771,0.0,nan
160,45,0.0014394628875169628,0.0,nan
160,46,3.2719211562205834e-05,0.0,nan
160,47,2.676331398864049e-05,0.0,nan
160,48,6.903418849936152,1.0,nan
160,49,0.00010517207500531073,0.0,nan
160,50,8.537928664061905e-05,0.0,nan
160,51,0.0002082057227994394,0.0,nan
160,52,0.033444690712965984,0.0,nan
160,53,0.053304166195974646,0.0,nan
160,54,4.44814860186469e-06,0.0,nan
160,55,0.00015778175954891653,0.0,nan
160,56,6.86781819080731e-06,0.0,nan
160,57,0.0022928888460601706,0.0,nan
160,58,1.924447860810203e-05,0.0,nan
160,59,6.767335450331416e-06,0.0,nan
160,60,3.915599649334846e-05,0.0,nan
160,61,2.6880180548234668e-05,0.0,nan
160,62,1.0146267607276587,1.0,nan
160,63,0.00012072278570311443,0.0,nan
160,64,0.0018157390576775373,0.0,nan
160,65,1.3310297234041363e-06,0.0,nan
160,66,5.600062566868523e-05,0.0,nan
160,67,0.02593353685142828,0.0,nan
160,68,0.07639530846939345,0.0,nan
160,69,0.0003019214755022834,0.0,nan
160,70,0.04010955987864161,0.0,nan
160,71,0.00011511451235451446,0.0,nan
160,72,0.02524794942232724,0.0,nan
160,73,0.119317812477301,0.0,nan
160,74,0.021425285277300508,0.0,nan
160,75,0.03155262240287103,0.0,nan
160,76,0.12747547528264166,0.0,nan
160,77,0.0003643157915375974,0.0,nan
160,78,0.07279469172392115,0.0,nan
160,79,0.1919907608364595,1.0,nan
160,80,8.101752364638161e-06,0.0,nan
160,81,0.020793133408868666,0.0,nan
160,82,0.1276335465180608,0.0,nan
160,83,0.0002632895315058906,0.0,nan
160,84,0.002498862961104445,0.0,nan
160,85,0.18968564867200974,1.0,nan
160,86,2.9353238548683206e-07,0.0,nan
160,87,0.0015517598595048369,0.0,nan
160,88,0.043824522112179805,0.0,nan
160,89,0.17402709088585752,1.0,nan
160,90,0.021357894381229113,0.0,nan
160,91,0.1700546638340775,1.0,nan
160,92,7.645928654967878e-05,0.0,nan
160,93,0.010034207564633855,0.0,nan
160,94,0.013300865214242723,0.0,nan
160,95,0.027602204500901447,0.0,nan
160,96,6.689560010718453e-05,0.0,nan
160,97,1.788215062224688e-05,0.0,nan
160,98,0.004104601795917368,0.0,nan
160,99,0.0011444839039312117,0.0,nan
161,0,0.02495575091983949,0.0,nan
161,1,0.01807457950230847,0.0,nan
161,2,0.18634548570161205,1.0,nan
161,3,0.023489755126986315,0.0,nan
161,4,0.03825048729207895,0.0,nan
161,5,0.021305753402242767,0.0,nan
161,6,0.018473532672488992,0.0,nan
161,7,0.06482507600325889,0.0,nan
161,8,0.02019154262489111,0.0,nan
161,9,0.5173508566135167,1.0,nan
161,10,0.06491351562149804,0.0,nan
161,11,0.018589020720113716,0.0,nan
161,12,2.597080806969163,1.0,nan
161,13,0.17683772814512547,1.0,nan
161,14,0.0211375933086984,0.0,nan
161,15,0.08484538653344952,0.0,nan
161,16,0.026272664635938796,0.0,nan
161,17,0.18266230326154426,1.0,nan
161,18,0.007455743355913433,0.0,nan
161,19,0.09832166514796505,0.0,nan
161,20,0.06722521780170618,0.0,nan
161,21,0.05810862828233947,0.0,nan
161,22,0.0727441229773172,0.0,nan
161,23,0.033302246601793054,0.0,nan
161,24,0.02499186559169362,0.0,nan
161,25,0.06698389854081192,0.0,nan
161,26,0.01007031045352987,0.0,nan
161,27,0.12929563019679874,0.0,nan
161,28,0.05089184471156412,0.0,nan
161,29,0.016965630797182604,0.0,nan
161,30,0.22421011665679086,1.0,nan
161,31,0.020723897841843773,0.0,nan
161,32,0.017584668713574808,0.0,nan
161,33,0.032466454150577105,0.0,nan
161,34,0.06785465512408667,0.0,nan
161,35,0.0238404626431656,0.0,nan
161,36,0.32520660372072674,1.0,nan
161,37,0.008897196155433768,0.0,nan
161,38,0.046924243998288415,0.0,nan
161,39,0.2614942081331064,1.0,nan
161,40,0.03254403019942227,0.0,nan
161,41,0.1472522201065334,0.0,nan
161,42,0.09672482072054182,0.0,nan
161,43,0.030692146989792075,0.0,nan
161,44,0.015569048642601158,0.0,nan
161,45,0.09527800485697739,0.0,nan
161,46,0.04496982886683445,0.0,nan
161,47,0.02862322112894155,0.0,nan
161,48,0.4019635390119794,1.0,nan
161,49,0.24438346446372528,1.0,nan
161,50,0.09096312950236309,0.0,nan
161,51,0.016947061311354587,0.0,nan
161,52,0.10131027971093397,0.0,nan
161,53,0.038581349177415354,0.0,nan
161,54,0.3261544172887348,1.0,nan
161,55,0.042614765179179455,0.0,nan
161,56,0.0389470739683556,0.0,nan
161,57,0.07282237479049565,0.0,nan
161,58,0.020843299963849152,0.0,nan
161,59,0.07422907010174087,0.0,nan
161,60,0.10273793530442765,0.0,nan
161,61,0.034892419775837465,0.0,nan
161,62,0.038900495681326,0.0,nan
161,63,0.02859315530035057,0.0,nan
161,64,0.013398788645376417,0.0,nan
161,65,0.03641069680661886,0.0,nan
161,66,0.22490465659636708,1.0,nan
161,67,0.0477747729900433,0.0,nan
161,68,0.1632404546503608,1.0,nan
161,69,0.27013375507653437,1.0,nan
161,70,0.10674364693010631,0.0,nan
161,71,0.018943080313618445,0.0,nan
161,72,0.07458967745658193,0.0,nan
161,73,0.021996466903145617,0.0,nan
161,74,0.045525927545607,0.0,nan
161,75,0.07223039253502535,0.0,nan
161,76,0.15407982801117842,1.0,nan
161,77,0.016009849969824946,0.0,nan
161,78,0.25148486413507626,1.0,nan
161,79,0.10882731428979361,0.0,nan
161,80,0.017927808746795674,0.0,nan
161,81,0.03313491181768858,0.0,nan
161,82,0.039177041896384504,0.0,nan
161,83,0.18758140836453946,1.0,nan
161,84,0.013027984416023975,0.0,nan
161,85,0.11331389866751647,0.0,nan
161,86,0.03993682057060634,0.0,nan
161,87,7.126017520981225,1.0,nan
161,88,0.09535930645621576,0.0,nan
161,89,0.043418168603508785,0.0,nan
161,90,0.10453309398926723,0.0,nan
161,91,0.1098812857455917,0.0,nan
161,92,0.054093504400179904,0.0,nan
161,93,0.01515652140970907,0.0,nan
161,94,0.038793747012631184,0.0,nan
161,95,0.024722441508524037,0.0,nan
161,96,0.020415758172927453,0.0,nan
161,97,0.08546731179894941,0.0,nan
161,98,0.01394056843113814,0.0,nan
161,99,0.023384890162817185,0.0,nan
162,0,0.00243696163570364,0.0,nan
162,1,0.0006993033666665332,0.0,nan
162,2,9.854426316421183e-06,0.0,nan
162,3,8.869995547151083e-05,0.0,nan
162,4,1.2435668003256882e-05,0.0,nan
162,5,7.955226264991453e-06,0.0,nan
162,6,3.6827561837450395e-05,0.0,nan
162,7,0.0006910573184694772,0.0,nan
162,8,0.00018039454658766668,0.0,nan
162,9,9.569976503656755e-05,0.0,nan
162,10,0.014879223234022623,0.0,nan
162,11,0.008936590560036917,0.0,nan
162,12,0.01722158515270325,0.0,nan
162,13,0.0004957382093294534,0.0,nan
162,14,0.0002623027227271834,0.0,nan
162,15,0.00044160807538457816,0.0,nan
162,16,5.336704895468329e-05,0.0,nan
162,17,0.017111975588725292,0.0,nan
162,18,8.634139467752694e-06,0.0,nan
162,19,6.47671629669556e-06,0.0,nan
162,20,0.009811379492426279,0.0,nan
162,21,0.014371397317675292,0.0,nan
162,22,0.011807030171712186,0.0,nan
162,23,4.674740825917392e-05,0.0,nan
162,24,0.0008122569991186806,0.0,nan
162,25,0.002520288850850907,0.0,nan
162,26,0.009341744546141352,0.0,nan
162,27,4.4700526360689974e-05,0.0,nan
162,28,0.016208063096058004,0.0,nan
162,29,1.642967562629005e-08,0.0,nan
162,30,0.0029297729321835185,0.0,nan
162,31,9.571431580883738e-08,0.0,nan
162,32,2.4426271452181498e-06,0.0,nan
162,33,0.0417453109743915,0.0,nan
162,34,0.0003764564658878659,0.0,nan
162,35,0.0022071673479552192,0.0,nan
162,36,0.0015002026635508395,0.0,nan
162,37,0.014694302943703596,0.0,nan
162,38,5.966134978618913e-05,0.0,nan
162,39,0.0019503126409074355,0.0,nan
162,40,1.2413158597510212e-06,0.0,nan
162,41,1.4667982316929324e-05,0.0,nan
162,42,0.004568812211234033,0.0,nan
162,43,0.028667506941994433,0.0,nan
162,44,0.0024239397655935403,0.0,nan
162,45,0.029654010202365525,0.0,nan
162,46,0.009964024660705978,0.0,nan
162,47,0.00017886773374796357,0.0,nan
162,48,0.03186911170850349,0.0,nan
162,49,0.0005757144561569957,0.0,nan
162,50,0.0009274063106325776,0.0,nan
162,51,3.276634969054291e-05,0.0,nan
162,52,2.058063578729984e-05,0.0,nan
162,53,0.043632524326750986,0.0,nan
162,54,0.005737053442425513,0.0,nan
162,55,0.03863844158071073,0.0,nan
162,56,0.027272542635939062,0.0,nan
162,57,1.0871045927154873e-06,0.0,nan
162,58,6.910899463514312e-05,0.0,nan
162,59,8.15178980576972e-05,0.0,nan
162,60,0.0003149825909577277,0.0,nan
162,61,0.031208469675704006,0.0,nan
162,62,1.4393656149066962e-05,0.0,nan
162,63,2.9941891200142448e-05,0.0,nan
162,64,0.0006379992869522495,0.0,nan
162,65,0.021676844404767533,0.0,nan
162,66,0.0032899786179204802,0.0,nan
162,67,1.3841467537864585e-07,0.0,nan
162,68,0.05632120910415836,0.0,nan
162,69,0.0012117192510928373,0.0,nan
162,70,0.009861415725868116,0.0,nan
162,71,0.004235963856634891,0.0,nan
162,72,0.00031338499548948576,0.0,nan
162,73,0.0004939027230007188,0.0,nan
162,74,0.00020438252125798477,0.0,nan
162,75,0.0012273424316566579,0.0,nan
162,76,0.052753336195141796,0.0,nan
162,77,1.0180643275126042e-05,0.0,nan
162,78,9.874040778695768e-05,0.0,nan
162,79,0.026334670401031247,0.0,nan
162,80,0.0330568627157474,0.0,nan
162,81,0.004929245683615403,0.0,nan
162,82,0.0004117857539748226,0.0,nan
162,83,2.017218449461778e-05,0.0,nan
162,84,0.008845329606410497,0.0,nan
162,85,0.04092708150355351,0.0,nan
162,86,1.323493399494143e-05,0.0,nan
162,87,0.017232093513864382,0.0,nan
162,88,0.05575947789567679,0.0,nan
162,89,9.151350887181582e-07,0.0,nan
162,90,0.00034026888408353074,0.0,nan
162,91,0.0012288020423211765,0.0,nan
162,92,6.631839866201673e-05,0.0,nan
162,93,0.0009292785944214015,0.0,nan
162,94,5.046741788053536e-05,0.0,nan
162,95,0.0005088860666893967,0.0,nan
162,96,0.0011779638773585623,0.0,nan
162,97,0.041323893947369,0.0,nan
162,98,0.00010595556697682173,0.0,nan
162,99,0.020471872040524065,0.0,nan
163,0,0.0024363993141659408,0.0,nan
163,1,0.000699252024638997,0.0,nan
163,2,9.85441212169186e-06,0.0,nan
163,3,8.869902903804046e-05,0.0,nan
163,4,1.243564587714668e-05,0.0,nan
163,5,7.955216785498064e-06,0.0,nan
163,6,3.682738806996433e-05,0.0,nan
163,7,0.0006910100079219918,0.0,nan
163,8,0.00018039103531046247,0.0,nan
163,9,9.569870009703222e-05,0.0,nan
163,10,0.014508309321405724,0.0,nan
163,11,0.00892566537784927,0.0,nan
163,12,0.017210842260675215,0.0,nan
163,13,0.0004957162248823391,0.0,nan
163,14,0.0002622958023458755,0.0,nan
163,15,0.0004415876618423296,0.0,nan
163,16,5.3366699381625784e-05,0.0,nan
163,17,0.017084759210444736,0.0,nan
163,18,8.634128377311147e-06,0.0,nan
163,19,6.476709897915734e-06,0.0,nan
163,20,0.009766873599373813,0.0,nan
163,21,0.014348907536026322,0.0,nan
163,22,0.011713940187523166,0.0,nan
163,23,4.6747134597055694e-05,0.0,nan
163,24,0.000812197628025017,0.0,nan
163,25,0.002519768975905812,0.0,nan
163,26,0.009330588025745531,0.0,nan
163,27,4.470027744515456e-05,0.0,nan
163,28,0.01615115506855692,0.0,nan
163,29,1.6429675561724333e-08,0.0,nan
163,30,0.002929240532227038,0.0,nan
163,31,9.571431385170266e-08,0.0,nan
163,32,2.4426261504308568e-06,0.0,nan
163,33,0.04132633686038545,0.0,nan
163,34,0.0003764421657631348,0.0,nan
163,35,0.002206740555553514,0.0,nan
163,36,0.0015000398920943514,0.0,nan
163,37,0.014670363925245374,0.0,nan
163,38,5.966091447165516e-05,0.0,nan
163,39,0.0019499556541162995,0.0,nan
163,40,1.2413155878413983e-06,0.0,nan
163,41,1.4667952045685198e-05,0.0,nan
163,42,0.004565797024356831,0.0,nan
163,43,0.028578393869483135,0.0,nan
163,44,0.002423400471717385,0.0,nan
163,45,0.029571159501195324,0.0,nan
163,46,0.0099575745373416,0.0,nan
163,47,0.0001788643340619046,0.0,nan
163,48,0.031810187407438434,0.0,nan
163,49,0.0005756841470941357,0.0,nan
163,50,0.0009273270450078245,0.0,nan
163,51,3.2766210517643686e-05,0.0,nan
163,52,2.0580578243047296e-05,0.0,nan
163,53,0.04286851792344378,0.0,nan
163,54,0.005733981921448991,0.0,nan
163,55,0.038369228599539604,0.0,nan
163,56,0.02723044021010776,0.0,nan
163,57,1.0871043819086091e-06,0.0,nan
163,58,6.910842108565197e-05,0.0,nan
163,59,8.151712459610054e-05,0.0,nan
163,60,0.00031497283382037533,0.0,nan
163,61,0.0308886902622891,0.0,nan
163,62,1.4393626864546602e-05,0.0,nan
163,63,2.9941774140005795e-05,0.0,nan
163,64,0.0006379593132413113,0.0,nan
163,65,0.021592034327901754,0.0,nan
163,66,0.0032893035349674154,0.0,nan
163,67,1.3841467138832115e-07,0.0,nan
163,68,0.05470177376346273,0.0,nan
163,69,0.001211619825435129,0.0,nan
163,70,0.009855979542376426,0.0,nan
163,71,0.004234387972483617,0.0,nan
163,72,0.0003133752916963971,0.0,nan
163,73,0.000493877045168949,0.0,nan
163,74,0.00020437807832614853,0.0,nan
163,75,0.0012272130394508532,0.0,nan
163,76,0.05208038971284793,0.0,nan
163,77,1.0180628104689192e-05,0.0,nan
163,78,9.873930384186887e-05,0.0,nan
163,79,0.02608407015611146,0.0,nan
163,80,0.03284126753765115,0.0,nan
163,81,0.004926910981510242,0.0,nan
163,82,0.0004117688145780735,0.0,nan
163,83,2.0172129109110856e-05,0.0,nan
163,84,0.008752897263522004,0.0,nan
163,85,0.040630997358607694,0.0,nan
163,86,1.3234909038695108e-05,0.0,nan
163,87,0.01718736920867657,0.0,nan
163,88,0.05388906081610321,0.0,nan
163,89,9.151349372194762e-07,0.0,nan
163,90,0.00034025771474437865,0.0,nan
163,91,0.0012286761618260453,0.0,nan
163,92,6.631786809680292e-05,0.0,nan
163,93,0.0009291957251691251,0.0,nan
163,94,5.046710297861752e-05,0.0,nan
163,95,0.000508860364946336,0.0,nan
163,96,0.001177802459054123,0.0,nan
163,97,0.04089327122527724,0.0,nan
163,98,0.00010595428442975252,0.0,nan
163,99,0.020414274838422904,0.0,nan
164,0,0.015538893795031932,0.0,nan
164,1,0.02095768726792169,0.0,nan
164,2,0.09520743358576862,0.0,nan
164,3,0.0219905584359917,0.0,nan
164,4,0.03194767154326127,0.0,nan
164,5,0.015281224207887812,0.0,nan
164,6,0.012473219053693294,0.0,nan
164,7,0.05874366238770849,0.0,nan
164,8,0.01649894880087902,0.0,nan
164,9,0.09742153675393281,0.0,nan
164,10,0.0299206536563999,0.0,nan
164,11,0.009324608817860429,0.0,nan
164,12,0.9666091897103255,1.0,nan
164,13,0.08320203829502267,0.0,nan
164,14,0.013554823944594927,0.0,nan
164,15,0.03864573468630077,0.0,nan
164,16,0.02283184809175659,0.0,nan
164,17,0.18282995372378583,1.0,nan
164,18,0.007262355751881534,0.0,nan
164,19,0.03874260582375607,0.0,nan
164,20,0.037520075023107696,0.0,nan
164,21,0.03654950993483319,0.0,nan
164,22,0.17490192418244177,1.0,nan
164,23,0.018612630254898534,0.0,nan
164,24,0.017900558103168727,0.0,nan
164,25,0.03952003025386371,0.0,nan
164,26,0.007621162770531834,0.0,nan
164,27,0.3179091280397199,1.0,nan
164,28,0.04175961572803607,0.0,nan
164,29,0.014030843481855694,0.0,nan
164,30,0.08427721403953875,0.0,nan
164,31,0.009774886866049505,0.0,nan
164,32,0.015484464433465883,0.0,nan
164,33,0.020041745599985655,0.0,nan
164,34,0.03950892904560997,0.0,nan
164,35,0.05031634808947612,0.0,nan
164,36,0.6619295265499658,1.0,nan
164,37,0.007164355489189609,0.0,nan
164,38,0.019066643177869217,0.0,nan
164,39,0.18780120777330903,1.0,nan
164,40,0.01867939683282741,0.0,nan
164,41,0.16471279257862206,1.0,nan
164,42,0.031870542095065325,0.0,nan
164,43,0.04949319257125679,0.0,nan
164,44,0.012377398124630961,0.0,nan
164,45,0.04416878102396436,0.0,nan
164,46,0.10607055813143107,0.0,nan
164,47,0.019644417322678208,0.0,nan
164,48,1.8685811660321345,1.0,nan
164,49,0.05616795634945746,0.0,nan
164,50,0.13716978747445885,0.0,nan
164,51,0.014914108674365286,0.0,nan
164,52,0.1545882728153334,1.0,nan
164,53,0.022770132415942126,0.0,nan
164,54,0.09031185794897688,0.0,nan
164,55,0.01782791223125672,0.0,nan
164,56,0.027714009681490428,0.0,nan
164,57,0.0712576735178348,0.0,nan
164,58,0.014590771975543974,0.0,nan
164,59,0.051489231155312294,0.0,nan
164,60,0.05348875734201133,0.0,nan
164,61,0.017534507238214377,0.0,nan
164,62,0.843432145663258,1.0,nan
164,63,0.015057462106298,0.0,nan
164,64,0.012024451811058805,0.0,nan
164,65,0.02109734127791596,0.0,nan
164,66,0.4979510895831844,1.0,nan
164,67,0.030329747848372304,0.0,nan
164,68,0.03895744412647509,0.0,nan
164,69,0.1727623830410779,1.0,nan
164,70,0.08943197805226515,0.0,nan
164,71,0.013507955141496166,0.0,nan
164,72,0.03150899956508959,0.0,nan
164,73,0.023827356454117533,0.0,nan
164,74,0.030522499046872726,0.0,nan
164,75,0.05933118381977701,0.0,nan
164,76,0.18245329748000455,1.0,nan
164,77,0.008569888016025632,0.0,nan
164,78,0.17603978427775538,1.0,nan
164,79,0.05102315046206601,0.0,nan
164,80,0.014538950590936347,0.0,nan
164,81,0.018019757808812313,0.0,nan
164,82,0.05342698762729949,0.0,nan
164,83,0.06770252543562366,0.0,nan
164,84,0.0104814143790061,0.0,nan
164,85,0.1308988448228328,0.0,nan
164,86,0.11220182717837199,0.0,nan
164,87,6.164579469752422,1.0,nan
164,88,0.03171463610611891,0.0,nan
164,89,0.04217154441587738,0.0,nan
164,90,0.039435568484804596,0.0,nan
164,91,0.07209644413122698,0.0,nan
164,92,0.028005062792022115,0.0,nan
164,93,0.01861669732153913,0.0,nan
164,94,0.014554031569812186,0.0,nan
164,95,0.014217079662794892,0.0,nan
164,96,0.05035714808237625,0.0,nan
164,97,0.02576970826351072,0.0,nan
164,98,0.00955870159169536,0.0,nan
164,99,0.011519770104589835,0.0,nan
165,0,0.017651965444790238,0.0,nan
165,1,0.02568731219955462,0.0,nan
165,2,0.12892477045560088,0.0,nan
165,3,0.026379003287005025,0.0,nan
165,4,0.03450373421787805,0.0,nan
165,5,0.01839538019606547,0.0,nan
165,6,0.013169109355849558,0.0,nan
165,7,0.049466002315726905,0.0,nan
165,8,0.018325691865290806,0.0,nan
165,9,0.08216647785338041,0.0,nan
165,10,0.03510372733575044,0.0,nan
165,11,0.010255937719372412,0.0,nan
165,12,1.0778794173710105,1.0,nan
165,13,0.08015797119730947,0.0,nan
165,14,0.015198906453265862,0.0,nan
165,15,0.0415040382922393,0.0,nan
165,16,0.02757198462735575,0.0,nan
165,17,0.23401437498324418,1.0,nan
165,18,0.008728154499648632,0.0,nan
165,19,0.04197801466592139,0.0,nan
165,20,0.03815123024931011,0.0,nan
165,21,0.052645873167127516,0.0,nan
165,22,0.16990035346174195,1.0,nan
165,23,0.01940336796536171,0.0,nan
165,24,0.019297280062297435,0.0,nan
165,25,0.042091021870490956,0.0,nan
165,26,0.008701121446478952,0.0,nan
165,27,0.31253959044752455,1.0,nan
165,28,0.0383782382840123,0.0,nan
165,29,0.016105386652452515,0.0,nan
165,30,0.08410732355162281,0.0,nan
165,31,0.010781497677176162,0.0,nan
165,32,0.017872933767178696,0.0,nan
165,33,0.022247620878220173,0.0,nan
165,34,0.04040242472023892,0.0,nan
165,35,0.04726107930812116,0.0,nan
165,36,0.6438608777238721,1.0,nan
165,37,0.00843971283304651,0.0,nan
165,38,0.02095231456051849,0.0,nan
165,39,0.21854436781232045,1.0,nan
165,40,0.020623600111282104,0.0,nan
165,41,0.1742233129462396,1.0,nan
165,42,0.033325610754888844,0.0,nan
165,43,0.051982208016446554,0.0,nan
165,44,0.013458625880820689,0.0,nan
165,45,0.045734724546150345,0.0,nan
165,46,0.11978253540593509,0.0,nan
165,47,0.020587864599563074,0.0,nan
165,48,2.30909673556829,1.0,nan
165,49,0.048210269907473235,0.0,nan
165,50,0.05519290738328781,0.0,nan
165,51,0.016917577698564796,0.0,nan
165,52,0.1613893658316952,1.0,nan
165,53,0.024411146999720464,0.0,nan
165,54,0.1894653904035635,1.0,nan
165,55,0.019073755021902016,0.0,nan
165,56,0.030989961291340462,0.0,nan
165,57,0.06956599763922859,0.0,nan
165,58,0.01649791285686221,0.0,nan
165,59,0.053469484180212724,0.0,nan
165,60,0.05530589383674375,0.0,nan
165,61,0.01778974773920269,0.0,nan
165,62,0.6821094036985337,1.0,nan
165,63,0.015561498235608763,0.0,nan
165,64,0.013706914192426976,0.0,nan
165,65,0.022767491987778096,0.0,nan
165,66,0.4666544939312821,1.0,nan
165,67,0.032943607602606416,0.0,nan
165,68,0.03990228443065193,0.0,nan
165,69,0.1964591643602032,1.0,nan
165,70,0.09336969497859893,0.0,nan
165,71,0.014762042078828242,0.0,nan
165,72,0.03324619640851753,0.0,nan
165,73,0.02560649058575995,0.0,nan
165,74,0.03451973184732289,0.0,nan
165,75,0.04827522121494571,0.0,nan
165,76,0.18438462564083036,1.0,nan
165,77,0.009519309962697549,0.0,nan
165,78,0.14332043830428118,0.0,nan
165,79,0.048344937083346425,0.0,nan
165,80,0.016517793238003856,0.0,nan
165,81,0.01903015289927725,0.0,nan
165,82,0.049787064935015925,0.0,nan
165,83,0.07143486023829723,0.0,nan
165,84,0.012190582337541079,0.0,nan
165,85,0.14048314532429187,0.0,nan
165,86,0.1588902606143453,1.0,nan
165,87,6.382146454660448,1.0,nan
165,88,0.033150376859530976,0.0,nan
165,89,0.05516758113322382,0.0,nan
165,90,0.04343698055065226,0.0,nan
165,91,0.10057213974151658,0.0,nan
165,92,0.03230339729168786,0.0,nan
165,93,0.02746557336281462,0.0,nan
165,94,0.01539542847642735,0.0,nan
165,95,0.01569294852285612,0.0,nan
165,96,0.0598835337351157,0.0,nan
165,97,0.02682620966609317,0.0,nan
165,98,0.010616480985953823,0.0,nan
165,99,0.01258428846538162,0.0,nan
166,0,0.016854851203935175,0.0,nan
166,1,0.020239675263489545,0.0,nan
166,2,0.20014240420810478,1.0,nan
166,3,0.027752419215329834,0.0,nan
166,4,0.029609324776030573,0.0,nan
166,5,0.018983839120376815,0.0,nan
166,6,0.012187170639327893,0.0,nan
166,7,0.03951473589060463,0.0,nan
166,8,0.017268523258659244,0.0,nan
166,9,0.08252760361532528,0.0,nan
166,10,0.032550982342636495,0.0,nan
166,11,0.00952237366269016,0.0,nan
166,12,0.04432156553147235,0.0,nan
166,13,0.06889106040475113,0.0,nan
166,14,0.013824573816410106,0.0,nan
166,15,0.05719369066911842,0.0,nan
166,16,0.02558182746584445,0.0,nan
166,17,0.16187404365703026,1.0,nan
166,18,0.006879310194342798,0.0,nan
166,19,0.03859153504483213,0.0,nan
166,20,0.038179128943871835,0.0,nan
166,21,0.0890669428552453,0.0,nan
166,22,0.12660073917403483,0.0,nan
166,23,0.018410047177498952,0.0,nan
166,24,0.01736556831126081,0.0,nan
166,25,0.043345282477096084,0.0,nan
166,26,0.007635631093906264,0.0,nan
166,27,0.5337798501874189,1.0,nan
166,28,0.03524424203864017,0.0,nan
166,29,0.013479842465301737,0.0,nan
166,30,0.07373017407878307,0.0,nan
166,31,0.011085550622055832,0.0,nan
166,32,0.015544382049274656,0.0,nan
166,33,0.02362370848467159,0.0,nan
166,34,0.03839415376389063,0.0,nan
166,35,0.05293628831256575,0.0,nan
166,36,0.6609582037808645,1.0,nan
166,37,0.007193242018867693,0.0,nan
166,38,0.021020201994901594,0.0,nan
166,39,0.22382176267046208,1.0,nan
166,40,0.020515590669475108,0.0,nan
166,41,0.12427580010306209,0.0,nan
166,42,0.03456292784648619,0.0,nan
166,43,0.06062074864628594,0.0,nan
166,44,0.011728723433961969,0.0,nan
166,45,0.04725217922290494,0.0,nan
166,46,0.11013066553206396,0.0,nan
166,47,0.022501543076684668,0.0,nan
166,48,2.707959828798285,1.0,nan
166,49,0.05151027342520942,0.0,nan
166,50,0.0376579860035703,0.0,nan
166,51,0.014255845867995652,0.0,nan
166,52,0.18763418510227223,1.0,nan
166,53,0.023306438267101638,0.0,nan
166,54,0.2562741881584465,1.0,nan
166,55,0.018599437476196936,0.0,nan
166,56,0.087646497178286,0.0,nan
166,57,0.07069840905521106,0.0,nan
166,58,0.014665954816733167,0.0,nan
166,59,0.05465046849175465,0.0,nan
166,60,0.059423610164161,0.0,nan
166,61,0.018357706056957742,0.0,nan
166,62,0.12941158282265694,0.0,nan
166,63,0.015004924054028363,0.0,nan
166,64,0.01171037266610758,0.0,nan
166,65,0.021489646725098604,0.0,nan
166,66,0.47817972061744884,1.0,nan
166,67,0.03370448965634991,0.0,nan
166,68,0.03647984149547161,0.0,nan
166,69,0.14512148147014886,0.0,nan
166,70,0.09180657341570266,0.0,nan
166,71,0.01465446360696546,0.0,nan
166,72,0.03221404591887632,0.0,nan
166,73,0.020839057408986183,0.0,nan
166,74,0.035799991460775595,0.0,nan
166,75,0.04289868700693389,0.0,nan
166,76,0.13222869834304335,0.0,nan
166,77,0.00903306772903736,0.0,nan
166,78,0.35378384765017595,1.0,nan
166,79,0.04715126441379032,0.0,nan
166,80,0.014280725100295941,0.0,nan
166,81,0.018498953270103115,0.0,nan
166,82,0.05881079289802995,0.0,nan
166,83,0.061251540394233535,0.0,nan
166,84,0.01060008685261968,0.0,nan
166,85,0.10461960845421887,0.0,nan
166,86,0.08201035373522098,0.0,nan
166,87,6.936060868623383,1.0,nan
166,88,0.0268679626886185,0.0,nan
166,89,0.04675683172395281,0.0,nan
166,90,0.04113317948071937,0.0,nan
166,91,0.2676455946305044,1.0,nan
166,92,0.032018409426999635,0.0,nan
166,93,0.018030019628109954,0.0,nan
166,94,0.015436388464292572,0.0,nan
166,95,0.015847307732172085,0.0,nan
166,96,0.038939867502445866,0.0,nan
166,97,0.02666918345488389,0.0,nan
166,98,0.009969451172159513,0.0,nan
166,99,0.012367181227156961,0.0,nan
167,0,0.014925779828782971,0.0,nan
167,1,0.018515464377685312,0.0,nan
167,2,0.11921255271992275,0.0,nan
167,3,0.02146100219514817,0.0,nan
167,4,0.03170799891251417,0.0,nan
167,5,0.015360867329457576,0.0,nan
167,6,0.010346329455691389,0.0,nan
167,7,0.04844589374176226,0.0,nan
167,8,0.0149477152134453,0.0,nan
167,9,0.10173574241564921,0.0,nan
167,10,0.032878992570893766,0.0,nan
167,11,0.008813490226294324,0.0,nan
167,12,1.027157823228275,1.0,nan
167,13,0.09023552156696572,0.0,nan
167,14,0.01208059855168805,0.0,nan
167,15,0.03700532610098693,0.0,nan
167,16,0.021692820457902644,0.0,nan
167,17,0.1757742684131925,1.0,nan
167,18,0.006044870824171794,0.0,nan
167,19,0.040581827510120135,0.0,nan
167,20,0.037920889861939804,0.0,nan
167,21,0.03757714479517091,0.0,nan
167,22,0.13953736321298088,0.0,nan
167,23,0.016757621636863278,0.0,nan
167,24,0.017269651926090274,0.0,nan
167,25,0.041507715941748874,0.0,nan
167,26,0.006387785370672532,0.0,nan
167,27,0.3234458310692302,1.0,nan
167,28,0.03497462061661812,0.0,nan
167,29,0.012128831908544928,0.0,nan
167,30,0.09338441796609383,0.0,nan
167,31,0.00938961544223486,0.0,nan
167,32,0.01500160779792555,0.0,nan
167,33,0.02033354927420834,0.0,nan
167,34,0.04001020525568247,0.0,nan
167,35,0.03618694434454496,0.0,nan
167,36,0.7336374437206735,1.0,nan
167,37,0.006187089937439759,0.0,nan
167,38,0.01880048405754832,0.0,nan
167,39,0.2369306807497027,1.0,nan
167,40,0.0172968592302317,0.0,nan
167,41,0.18439610896759784,1.0,nan
167,42,0.031604100603921256,0.0,nan
167,43,0.04593738834905928,0.0,nan
167,44,0.010287283853398688,0.0,nan
167,45,0.049923547204430214,0.0,nan
167,46,0.11908837881945704,0.0,nan
167,47,0.018446150923016883,0.0,nan
167,48,1.92960162060398,1.0,nan
167,49,0.08082548160328962,0.0,nan
167,50,0.08397589684920559,0.0,nan
167,51,0.012897318925759951,0.0,nan
167,52,0.1504079096224774,0.0,nan
167,53,0.022220875616268506,0.0,nan
167,54,0.12399246810318316,0.0,nan
167,55,0.017987926078305117,0.0,nan
167,56,0.02786039385844129,0.0,nan
167,57,0.06867449072681231,0.0,nan
167,58,0.0126601694257183,0.0,nan
167,59,0.050676557114163204,0.0,nan
167,60,0.06069164422913008,0.0,nan
167,61,0.016410709487769896,0.0,nan
167,62,0.8399915706387722,1.0,nan
167,63,0.013414757326645673,0.0,nan
167,64,0.010197512748943108,0.0,nan
167,65,0.01974816813707683,0.0,nan
167,66,0.46765608627928656,1.0,nan
167,67,0.0291530484716578,0.0,nan
167,68,0.03919819395887505,0.0,nan
167,69,0.17283803140599097,1.0,nan
167,70,0.07792237723112473,0.0,nan
167,71,0.012966226046797721,0.0,nan
167,72,0.03325516808215962,0.0,nan
167,73,0.01948978609118703,0.0,nan
167,74,0.03129573133098391,0.0,nan
167,75,0.04771040714247192,0.0,nan
167,76,0.2659117219168894,1.0,nan
167,77,0.007699162898639002,0.0,nan
167,78,0.25647575347347806,1.0,nan
167,79,0.049264070257219086,0.0,nan
167,80,0.01242989285267146,0.0,nan
167,81,0.01696733325292847,0.0,nan
167,82,0.05276884488466486,0.0,nan
167,83,0.07441349003401675,0.0,nan
167,84,0.009089600110666757,0.0,nan
167,85,0.12783265431662533,0.0,nan
167,86,0.10403307725083784,0.0,nan
167,87,6.6124525051409195,1.0,nan
167,88,0.026688010493273264,0.0,nan
167,89,0.04400122875616032,0.0,nan
167,90,0.04436473292448536,0.0,nan
167,91,0.11884760636893967,0.0,nan
167,92,0.0280222500347122,0.0,nan
167,93,0.018277642809907835,0.0,nan
167,94,0.013975681583632963,0.0,nan
167,95,0.013460235547022591,0.0,nan
167,96,0.034995095359264476,0.0,nan
167,97,0.025922244647703117,0.0,nan
167,98,0.008748404402378769,0.0,nan
167,99,0.011019442300514968,0.0,nan
168,0,0.01699235239461308,0.0,nan
168,1,0.01809982991903185,0.0,nan
168,2,0.2918312073139971,1.0,nan
168,3,0.02508560666397414,0.0,nan
168,4,0.026858094937622215,0.0,nan
168,5,0.017826548009154255,0.0,nan
168,6,0.011249426170134068,0.0,nan
168,7,0.03710005262890959,0.0,nan
168,8,0.01675350633617588,0.0,nan
168,9,0.08417235618078195,0.0,nan
168,10,0.03119373949546499,0.0,nan
168,11,0.00990580673078828,0.0,nan
168,12,0.030153011338505252,0.0,nan
168,13,0.06824498506163844,0.0,nan
168,14,0.013363239417922343,0.0,nan
168,15,0.06149759404399027,0.0,nan
168,16,0.022377736729827163,0.0,nan
168,17,0.08864823090399485,0.0,nan
168,18,0.006168073130417335,0.0,nan
168,19,0.04066867249235646,0.0,nan
168,20,0.03980189190119659,0.0,nan
168,21,0.11569985691731553,0.0,nan
168,22,0.16237919040508722,1.0,nan
168,23,0.01878423515616415,0.0,nan
168,24,0.01687201093736312,0.0,nan
168,25,0.0461718611243139,0.0,nan
168,26,0.007076274916344336,0.0,nan
168,27,0.5936047940332757,1.0,nan
168,28,0.03408912384465903,0.0,nan
168,29,0.012757156408963558,0.0,nan
168,30,0.07494690397362372,0.0,nan
168,31,0.010927123397080733,0.0,nan
168,32,0.015087760129610902,0.0,nan
168,33,0.024767150777503567,0.0,nan
168,34,0.04483193090586602,0.0,nan
168,35,0.038178959205542075,0.0,nan
168,36,0.8369445927392078,1.0,nan
168,37,0.007165537810041059,0.0,nan
168,38,0.022136099610258104,0.0,nan
168,39,0.2986820059427011,1.0,nan
168,40,0.019501048140417754,0.0,nan
168,41,0.18360044601660316,1.0,nan
168,42,0.034354501963290665,0.0,nan
168,43,0.0491458424959464,0.0,nan
168,44,0.011443950455473521,0.0,nan
168,45,0.047280448764080434,0.0,nan
168,46,0.11169594080982569,0.0,nan
168,47,0.022126423436731303,0.0,nan
168,48,2.876793311568781,1.0,nan
168,49,0.052337062966069284,0.0,nan
168,50,0.04464493565255928,0.0,nan
168,51,0.012901733088005681,0.0,nan
168,52,0.2202756005137318,1.0,nan
168,53,0.021488114082284918,0.0,nan
168,54,0.2622311211493418,1.0,nan
168,55,0.01974440693377925,0.0,nan
168,56,0.05472299421007008,0.0,nan
168,57,0.06957470558019178,0.0,nan
168,58,0.013745650565145477,0.0,nan
168,59,0.05752143174802091,0.0,nan
168,60,0.05094374690552099,0.0,nan
168,61,0.015040993153215467,0.0,nan
168,62,0.07014076081873163,0.0,nan
168,63,0.014708575585242682,0.0,nan
168,64,0.010418401524153747,0.0,nan
168,65,0.021249781706906765,0.0,nan
168,66,0.536065796877966,1.0,nan
168,67,0.03208015310690306,0.0,nan
168,68,0.03340878772448402,0.0,nan
168,69,0.15921750247130198,1.0,nan
168,70,0.04738163325323947,0.0,nan
168,71,0.014185345718914678,0.0,nan
168,72,0.03508545217544546,0.0,nan
168,73,0.019597730318656952,0.0,nan
168,74,0.03555080545174218,0.0,nan
168,75,0.046343107056275146,0.0,nan
168,76,0.1903643318730939,1.0,nan
168,77,0.008984540164959481,0.0,nan
168,78,0.15129545525487026,0.0,nan
168,79,0.04783900335064379,0.0,nan
168,80,0.013315102119666185,0.0,nan
168,81,0.019065336682259005,0.0,nan
168,82,0.04982091026946649,0.0,nan
168,83,0.06151330503049283,0.0,nan
168,84,0.009964418477279571,0.0,nan
168,85,0.08144109110407047,0.0,nan
168,86,0.0604445054022676,0.0,nan
168,87,6.880859993100547,1.0,nan
168,88,0.024721526084000994,0.0,nan
168,89,0.041540257119737994,0.0,nan
168,90,0.03739597544139112,0.0,nan
168,91,0.3310339155832309,1.0,nan
168,92,0.030159690410465484,0.0,nan
168,93,0.01606941187876961,0.0,nan
168,94,0.01589175994305687,0.0,nan
168,95,0.01560830369824935,0.0,nan
168,96,0.023233833864429003,0.0,nan
168,97,0.02734373915501284,0.0,nan
168,98,0.009891959817937158,0.0,nan
168,99,0.013205457989175004,0.0,nan
169,0,0.028817413273680554,0.0,nan
169,1,0.03816234606243945,0.0,nan
169,2,0.1914492771402069,1.0,nan
169,3,0.042836245337000464,0.0,nan
169,4,0.03408745189129829,0.0,nan
169,5,0.02992035072635776,0.0,nan
169,6,0.021785130975499747,0.0,nan
169,7,0.049457116595591405,0.0,nan
169,8,0.030478428399731975,0.0,nan
169,9,0.08016450906237708,0.0,nan
169,10,0.036093069665608705,0.0,nan
169,11,0.023510505631047864,0.0,nan
169,12,0.9820584713866741,1.0,nan
169,13,0.09016330565626783,0.0,nan
169,14,0.024087291140180992,0.0,nan
169,15,0.053129429818196135,0.0,nan
169,16,0.0353480503328685,0.0,nan
169,17,0.20197855315469015,1.0,nan
169,18,0.021883424526080095,0.0,nan
169,19,0.0553984485108698,0.0,nan
169,20,0.04395819812283264,0.0,nan
169,21,0.10184876452987125,0.0,nan
169,22,0.15719750030668908,1.0,nan
169,23,0.02953053271905026,0.0,nan
169,24,0.030159931054078985,0.0,nan
169,25,0.048461474495023395,0.0,nan
169,26,0.020517425280650682,0.0,nan
169,27,0.22751346216693505,1.0,nan
169,28,0.03217276466868003,0.0,nan
169,29,0.03281795700774546,0.0,nan
169,30,0.0954527063423237,0.0,nan
169,31,0.023597256899956193,0.0,nan
169,32,0.030566270424773567,0.0,nan
169,33,0.03181236191646474,0.0,nan
169,34,0.05804351074343356,0.0,nan
169,35,0.0651401480475278,0.0,nan
169,36,0.7291297862712446,1.0,nan
169,37,0.021595009548429172,0.0,nan
169,38,0.03306759176051261,0.0,nan
169,39,0.24096626478200006,1.0,nan
169,40,0.03010556912577887,0.0,nan
169,41,0.1483419293978349,0.0,nan
169,42,0.034481940145400895,0.0,nan
169,43,0.06650933911674317,0.0,nan
169,44,0.02376566981479766,0.0,nan
169,45,0.04610987944730006,0.0,nan
169,46,0.10918043336649756,0.0,nan
169,47,0.030733365287503336,0.0,nan
169,48,2.5646250592806634,1.0,nan
169,49,0.07645901019981635,0.0,nan
169,50,0.058291762235258,0.0,nan
169,51,0.02529826678821918,0.0,nan
169,52,0.18795470547951898,1.0,nan
169,53,0.02584336933272792,0.0,nan
169,54,0.37313034532916955,1.0,nan
169,55,0.03207149819775873,0.0,nan
169,56,0.05332318624330522,0.0,nan
169,57,0.07429755535624688,0.0,nan
169,58,0.02455717407090541,0.0,nan
169,59,0.058669235300686066,0.0,nan
169,60,0.051349610944831106,0.0,nan
169,61,0.023572372755193294,0.0,nan
169,62,0.21680475421456336,1.0,nan
169,63,0.02161984267878524,0.0,nan
169,64,0.023840858037600377,0.0,nan
169,65,0.030904462210118062,0.0,nan
169,66,0.43850677210765476,1.0,nan
169,67,0.039932269912261543,0.0,nan
169,68,0.041174474268554584,0.0,nan
169,69,0.17332052229169817,1.0,nan
169,70,0.09185613757406634,0.0,nan
169,71,0.02256891442867207,0.0,nan
169,72,0.04623356444374603,0.0,nan
169,73,0.02969005546301483,0.0,nan
169,74,0.038377277316831264,0.0,nan
169,75,0.05071268232777901,0.0,nan
169,76,0.11509554044539179,0.0,nan
169,77,0.022897996405272087,0.0,nan
169,78,0.15122566257280926,0.0,nan
169,79,0.052076768769789124,0.0,nan
169,80,0.029693324519557404,0.0,nan
169,81,0.027360902291722226,0.0,nan
169,82,0.05266642288791733,0.0,nan
169,83,0.07702260355712263,0.0,nan
169,84,0.024484847993319174,0.0,nan
169,85,0.09164766316986626,0.0,nan
169,86,0.20483736725855176,1.0,nan
169,87,6.54094874282751,1.0,nan
169,88,0.030451767900852945,0.0,nan
169,89,0.0765156857046246,0.0,nan
169,90,0.05150944011016882,0.0,nan
169,91,0.1643676127831644,1.0,nan
169,92,0.03482111376161976,0.0,nan
169,93,0.08558685708215312,0.0,nan
169,94,0.031048954106622118,0.0,nan
169,95,0.022213314152672466,0.0,nan
169,96,0.13526223856320613,0.0,nan
169,97,0.032669594975057836,0.0,nan
169,98,0.020582884386806683,0.0,nan
169,99,0.026493281410012726,0.0,nan
170,0,0.013676024816297927,0.0,nan
170,1,0.01915961816600271,0.0,nan
170,2,0.14866871403240886,0.0,nan
170,3,0.02203447492618267,0.0,nan
170,4,0.028718259414260608,0.0,nan
170,5,0.017199798202914583,0.0,nan
170,6,0.010888452807606893,0.0,nan
170,7,0.04334206072948882,0.0,nan
170,8,0.01498881780220363,0.0,nan
170,9,0.11858676336247463,0.0,nan
170,10,0.031835979878546486,0.0,nan
170,11,0.008580852833910956,0.0,nan
170,12,1.1089501703391258,1.0,nan
170,13,0.09693908901302939,0.0,nan
170,14,0.012682821271409924,0.0,nan
170,15,0.03519072854104675,0.0,nan
170,16,0.021379092544459806,0.0,nan
170,17,0.2882049437858228,1.0,nan
170,18,0.006846176380708095,0.0,nan
170,19,0.037557822775074946,0.0,nan
170,20,0.039634111393403386,0.0,nan
170,21,0.03810516915317003,0.0,nan
170,22,0.1835245663264315,1.0,nan
170,23,0.017315266001909257,0.0,nan
170,24,0.016001306976047482,0.0,nan
170,25,0.04240466232064412,0.0,nan
170,26,0.00688694324722362,0.0,nan
170,27,0.11439627521396259,0.0,nan
170,28,0.03136733290058999,0.0,nan
170,29,0.013146424584077705,0.0,nan
170,30,0.09860677396555789,0.0,nan
170,31,0.009866177322895494,0.0,nan
170,32,0.01512825144621652,0.0,nan
170,33,0.021847936814677314,0.0,nan
170,34,0.04059178487486379,0.0,nan
170,35,0.03163910316100117,0.0,nan
170,36,0.6039123756183665,1.0,nan
170,37,0.007163622715047222,0.0,nan
170,38,0.019007300482459733,0.0,nan
170,39,0.23256645967193074,1.0,nan
170,40,0.016153312710299114,0.0,nan
170,41,0.18027571740430182,1.0,nan
170,42,0.029972878062608947,0.0,nan
170,43,0.044385186071896704,0.0,nan
170,44,0.010920165926300383,0.0,nan
170,45,0.05054798778024218,0.0,nan
170,46,0.12691315214378243,0.0,nan
170,47,0.018170286386877576,0.0,nan
170,48,2.1480922489728895,1.0,nan
170,49,0.12086182076937145,0.0,nan
170,50,0.11587379688651403,0.0,nan
170,51,0.014011683735117835,0.0,nan
170,52,0.14675937671431255,0.0,nan
170,53,0.023305661715272877,0.0,nan
170,54,0.15228895139775117,0.0,nan
170,55,0.01858487432274077,0.0,nan
170,56,0.030454784447182203,0.0,nan
170,57,0.063558375719066,0.0,nan
170,58,0.01330324972806757,0.0,nan
170,59,0.051308883465733125,0.0,nan
170,60,0.056864599538664275,0.0,nan
170,61,0.015183161538976713,0.0,nan
170,62,0.9571628168786835,1.0,nan
170,63,0.01466242150787415,0.0,nan
170,64,0.01039412213778911,0.0,nan
170,65,0.023736897231399604,0.0,nan
170,66,0.44306175871872266,1.0,nan
170,67,0.02855896783907698,0.0,nan
170,68,0.040902624150670204,0.0,nan
170,69,0.1713383740529791,1.0,nan
170,70,0.0841227792249462,0.0,nan
170,71,0.013355755453477969,0.0,nan
170,72,0.033419627287357784,0.0,nan
170,73,0.019034094927571608,0.0,nan
170,74,0.029235179653463186,0.0,nan
170,75,0.04642330709083255,0.0,nan
170,76,0.12752237356245244,0.0,nan
170,77,0.007738856890611382,0.0,nan
170,78,0.11106872469507117,0.0,nan
170,79,0.04650987020136019,0.0,nan
170,80,0.01297677899413704,0.0,nan
170,81,0.017533383528476686,0.0,nan
170,82,0.051518689281052944,0.0,nan
170,83,0.08196985727449113,0.0,nan
170,84,0.010579516836998091,0.0,nan
170,85,0.13065801385214956,0.0,nan
170,86,0.050401207821806744,0.0,nan
170,87,6.1882720031661735,1.0,nan
170,88,0.027292015333656994,0.0,nan
170,89,0.03671193845540165,0.0,nan
170,90,0.04766647808503286,0.0,nan
170,91,0.1239062236091509,0.0,nan
170,92,0.026627239569127086,0.0,nan
170,93,0.018956448757510954,0.0,nan
170,94,0.014301813164917304,0.0,nan
170,95,0.014151984427433758,0.0,nan
170,96,0.031755981458396525,0.0,nan
170,97,0.026152247969572606,0.0,nan
170,98,0.009870174305561011,0.0,nan
170,99,0.011190887778610239,0.0,nan
171,0,0.013181322105438702,0.0,nan
171,1,0.017389925407944453,0.0,nan
171,2,0.12798796659052672,0.0,nan
171,3,0.02078184036493376,0.0,nan
171,4,0.02978409600374994,0.0,nan
171,5,0.015126337813107495,0.0,nan
171,6,0.008440301816815246,0.0,nan
171,7,0.07220627431999324,0.0,nan
171,8,0.013839503545225522,0.0,nan
171,9,0.09268987069943535,0.0,nan
171,10,0.03028463715614695,0.0,nan
171,11,0.007684357385455937,0.0,nan
171,12,0.8551154412761746,1.0,nan
171,13,0.07922606443024167,0.0,nan
171,14,0.011356402733960906,0.0,nan
171,15,0.033141752975416744,0.0,nan
171,16,0.020358345572003087,0.0,nan
171,17,0.154791774768154,1.0,nan
171,18,0.005611101638402419,0.0,nan
171,19,0.031153773318865683,0.0,nan
171,20,0.03258638918733976,0.0,nan
171,21,0.030977840508114658,0.0,nan
171,22,0.13849972148726603,0.0,nan
171,23,0.01571768115582631,0.0,nan
171,24,0.016535506603105606,0.0,nan
171,25,0.035701674278047005,0.0,nan
171,26,0.006005820068862987,0.0,nan
171,27,0.26380764199125406,1.0,nan
171,28,0.02883741255285478,0.0,nan
171,29,0.012529119309498014,0.0,nan
171,30,0.08568875085685619,0.0,nan
171,31,0.00852180308253242,0.0,nan
171,32,0.013747181068739612,0.0,nan
171,33,0.01917917217954422,0.0,nan
171,34,0.03740012628651499,0.0,nan
171,35,0.028240569051782016,0.0,nan
171,36,0.7016974992481255,1.0,nan
171,37,0.005923696609977463,0.0,nan
171,38,0.016740397343860347,0.0,nan
171,39,0.2360130101093012,1.0,nan
171,40,0.014620192720662456,0.0,nan
171,41,0.18589819674035304,1.0,nan
171,42,0.025492014338735148,0.0,nan
171,43,0.04661148261178379,0.0,nan
171,44,0.009691590399805744,0.0,nan
171,45,0.04391396403667612,0.0,nan
171,46,0.09862699866826721,0.0,nan
171,47,0.016271230160713558,0.0,nan
171,48,1.914189399779176,1.0,nan
171,49,0.06234523544260973,0.0,nan
171,50,0.16089171751864753,1.0,nan
171,51,0.012652972747943166,0.0,nan
171,52,0.1225508442631846,0.0,nan
171,53,0.020929807752398936,0.0,nan
171,54,0.11028436625578407,0.0,nan
171,55,0.01659469751201845,0.0,nan
171,56,0.02552539149206533,0.0,nan
171,57,0.06863236246821725,0.0,nan
171,58,0.011905895961466401,0.0,nan
171,59,0.045498989178113715,0.0,nan
171,60,0.06399044414838727,0.0,nan
171,61,0.013558851497172548,0.0,nan
171,62,0.9643529631513282,1.0,nan
171,63,0.012177303392195886,0.0,nan
171,64,0.009066539035673114,0.0,nan
171,65,0.021931802007926233,0.0,nan
171,66,0.5673436806242675,1.0,nan
171,67,0.02488448948391341,0.0,nan
171,68,0.03754194405402544,0.0,nan
171,69,0.16938486001320052,1.0,nan
171,70,0.09761105490150229,0.0,nan
171,71,0.01212910086172624,0.0,nan
171,72,0.030326985029710846,0.0,nan
171,73,0.01928578613549263,0.0,nan
171,74,0.025963437958701683,0.0,nan
171,75,0.053506002207477484,0.0,nan
171,76,0.290084399563094,1.0,nan
171,77,0.0068459529671624515,0.0,nan
171,78,0.17880228402501552,1.0,nan
171,79,0.04470927356671982,0.0,nan
171,80,0.011868656152934426,0.0,nan
171,81,0.015903988657074347,0.0,nan
171,82,0.05486113890877919,0.0,nan
171,83,0.0666303779630241,0.0,nan
171,84,0.008931668101939204,0.0,nan
171,85,0.1213189449099926,0.0,nan
171,86,0.04366503610111439,0.0,nan
171,87,6.472887048849034,1.0,nan
171,88,0.02054978528288986,0.0,nan
171,89,0.03625174248479137,0.0,nan
171,90,0.040225412767679845,0.0,nan
171,91,0.08690348380786565,0.0,nan
171,92,0.022918808542323435,0.0,nan
171,93,0.01614372053108545,0.0,nan
171,94,0.01251156549734018,0.0,nan
171,95,0.012457747872723265,0.0,nan
171,96,0.033549380714765806,0.0,nan
171,97,0.022636102735976285,0.0,nan
171,98,0.008534258141719838,0.0,nan
171,99,0.010056771516992417,0.0,nan
172,0,4.504468765741111e-05,0.0,nan
172,1,0.012091404703614068,0.0,nan
172,2,0.7247289160403435,1.0,nan
172,3,0.0009592076010069175,0.0,nan
172,4,1.1508204603055582e-05,0.0,nan
172,5,0.04061946920531249,0.0,nan
172,6,0.005680586882211281,0.0,nan
172,7,0.007720839530444889,0.0,nan
172,8,0.012038124097707804,0.0,nan
172,9,0.2745588885859157,1.0,nan
172,10,0.10495884188679358,0.0,nan
172,11,0.00769101053982633,0.0,nan
172,12,0.0018692686734796142,0.0,nan
172,13,0.0001776847370183276,0.0,nan
172,14,9.513398555697696e-07,0.0,nan
172,15,0.00012086681606554404,0.0,nan
172,16,5.099228948865408e-06,0.0,nan
172,17,1.95202272437364e-05,0.0,nan
172,18,0.010439090155774555,0.0,nan
172,19,0.05430373235450658,0.0,nan
172,20,0.0001327752436625519,0.0,nan
172,21,0.00019984537468255268,0.0,nan
172,22,0.0008443978226112487,0.0,nan
172,23,1.157488301014046e-05,0.0,nan
172,24,0.033610006540731575,0.0,nan
172,25,0.011948001738404827,0.0,nan
172,26,0.00018975298287368677,0.0,nan
172,27,0.0004092351749571468,0.0,nan
172,28,0.008766562302267317,0.0,nan
172,29,0.007170149209267676,0.0,nan
172,30,7.827767147085146e-05,0.0,nan
172,31,0.0024085739611541404,0.0,nan
172,32,0.013454739601463083,0.0,nan
172,33,3.041803132471751e-05,0.0,nan
172,34,2.4823300248924443e-05,0.0,nan
172,35,0.003990543021643511,0.0,nan
172,36,0.5467528267671786,1.0,nan
172,37,0.002280721014836744,0.0,nan
172,38,0.000817018747891095,0.0,nan
172,39,7.370411834897517e-06,0.0,nan
172,40,0.010509190362170996,0.0,nan
172,41,3.094911198417532e-05,0.0,nan
172,42,0.00011394503652251545,0.0,nan
172,43,0.0377151035885011,0.0,nan
172,44,4.054753581219351e-05,0.0,nan
172,45,0.04716649940209238,0.0,nan
172,46,0.12015138222095244,0.0,nan
172,47,1.2435671252626662e-07,0.0,nan
172,48,0.6067869565166278,1.0,nan
172,49,0.0002146906622977381,0.0,nan
172,50,0.10973493704552198,0.0,nan
172,51,0.008032147807743285,0.0,nan
172,52,0.0002121794288538919,0.0,nan
172,53,2.957243877909933e-05,0.0,nan
172,54,0.2079722033666412,1.0,nan
172,55,0.028102930560247007,0.0,nan
172,56,1.7977177832862308e-05,0.0,nan
172,57,5.3243801575047594e-08,0.0,nan
172,58,0.00790804417315016,0.0,nan
172,59,0.6541706611446902,1.0,nan
172,60,2.5416987018008854e-05,0.0,nan
172,61,1.1476010035456319e-05,0.0,nan
172,62,1.3101240461086725e-05,0.0,nan
172,63,0.02093829334544412,0.0,nan
172,64,0.0002452115455466786,0.0,nan
172,65,1.616991136574236e-05,0.0,nan
172,66,2.2040473040241034e-05,0.0,nan
172,67,0.016182092464652652,0.0,nan
172,68,0.03685011091853683,0.0,nan
172,69,7.243273163655267e-06,0.0,nan
172,70,0.046020040927214706,0.0,nan
172,71,0.0006507893635215012,0.0,nan
172,72,0.0027828994491009185,0.0,nan
172,73,0.0073914326317083,0.0,nan
172,74,0.00019437313763971337,0.0,nan
172,75,0.05859259409001012,0.0,nan
172,76,4.443073155913836e-06,0.0,nan
172,77,4.0281223021674075e-05,0.0,nan
172,78,2.3571566127103423e-05,0.0,nan
172,79,8.907921739528851e-06,0.0,nan
172,80,0.00021085872939647076,0.0,nan
172,81,5.4936549152486995e-06,0.0,nan
172,82,0.05048574076247886,0.0,nan
172,83,4.240984130330111e-05,0.0,nan
172,84,0.009349395333090364,0.0,nan
172,85,7.581959577647911e-05,0.0,nan
172,86,0.41899503488863704,1.0,nan
172,87,5.317563917012651,1.0,nan
172,88,0.021965341560856406,0.0,nan
172,89,0.02807919278906442,0.0,nan
172,90,0.05818786952460335,0.0,nan
172,91,0.07558488995743566,0.0,nan
172,92,0.0011460616309760293,0.0,nan
172,93,1.408303480525433e-07,0.0,nan
172,94,0.014198291718502773,0.0,nan
172,95,0.005332414587948502,0.0,nan
172,96,0.3862022954531753,1.0,nan
172,97,6.268660123777244e-06,0.0,nan
172,98,0.00751069462163914,0.0,nan
172,99,2.81237750315042e-05,0.0,nan
173,0,0.02677659896521952,0.0,nan
173,1,0.03143309447313699,0.0,nan
173,2,0.23255487330582356,1.0,nan
173,3,0.041084625109751166,0.0,nan
173,4,0.03665861980916593,0.0,nan
173,5,0.030802500342348764,0.0,nan
173,6,0.021367229727539266,0.0,nan
173,7,0.0511396470552848,0.0,nan
173,8,0.029686967946791428,0.0,nan
173,9,0.10618161345000984,0.0,nan
173,10,0.03568432363020175,0.0,nan
173,11,0.02309851648752703,0.0,nan
173,12,0.879091674554725,1.0,nan
173,13,0.08538162941608998,0.0,nan
173,14,0.023429978705283894,0.0,nan
173,15,0.04750184893341617,0.0,nan
173,16,0.03275895206288901,0.0,nan
173,17,0.20630853147706893,1.0,nan
173,18,0.02107911728401509,0.0,nan
173,19,0.04935518761515262,0.0,nan
173,20,0.03888880243631887,0.0,nan
173,21,0.07605389411362912,0.0,nan
173,22,0.16114103669754914,1.0,nan
173,23,0.026890430916721757,0.0,nan
173,24,0.02959283898479514,0.0,nan
173,25,0.04651834858614423,0.0,nan
173,26,0.020133542682780916,0.0,nan
173,27,0.1286870960416644,0.0,nan
173,28,0.03090630490021875,0.0,nan
173,29,0.035034013659973315,0.0,nan
173,30,0.1005067461032271,0.0,nan
173,31,0.02205201930299009,0.0,nan
173,32,0.03087666329126267,0.0,nan
173,33,0.028949227625274854,0.0,nan
173,34,0.05517043281900861,0.0,nan
173,35,0.05137386936886154,0.0,nan
173,36,0.7957319629875803,1.0,nan
173,37,0.020892718505847677,0.0,nan
173,38,0.027837708274007715,0.0,nan
173,39,0.2549936252496774,1.0,nan
173,40,0.029039431951853423,0.0,nan
173,41,0.14322382904208716,0.0,nan
173,42,0.03220429208339428,0.0,nan
173,43,0.0681944388313947,0.0,nan
173,44,0.023114910289095358,0.0,nan
173,45,0.04590813084928543,0.0,nan
173,46,0.11113144329009775,0.0,nan
173,47,0.029538193656148775,0.0,nan
173,48,2.1929172944946425,1.0,nan
173,49,0.07601599800327746,0.0,nan
173,50,0.11177872018290645,0.0,nan
173,51,0.024019023267172524,0.0,nan
173,52,0.17642844967070082,1.0,nan
173,53,0.025673606220915808,0.0,nan
173,54,0.32712477277168484,1.0,nan
173,55,0.03211782940254234,0.0,nan
173,56,0.03717815186001896,0.0,nan
173,57,0.07443845559084859,0.0,nan
173,58,0.024322706896233188,0.0,nan
173,59,0.056749729006924536,0.0,nan
173,60,0.060614793492283305,0.0,nan
173,61,0.023632944125230378,0.0,nan
173,62,0.70197941106374,1.0,nan
173,63,0.021724687407908668,0.0,nan
173,64,0.02279980537126941,0.0,nan
173,65,0.02872547263204304,0.0,nan
173,66,0.4918202144533936,1.0,nan
173,67,0.03371334294343098,0.0,nan
173,68,0.04189612474363711,0.0,nan
173,69,0.1805375798223871,1.0,nan
173,70,0.09644400972700007,0.0,nan
173,71,0.02207854365536976,0.0,nan
173,72,0.030658778167454367,0.0,nan
173,73,0.02745061572317147,0.0,nan
173,74,0.03324337930187451,0.0,nan
173,75,0.05330964932614225,0.0,nan
173,76,0.12407171240823418,0.0,nan
173,77,0.022039601014322792,0.0,nan
173,78,0.15557978822893118,1.0,nan
173,79,0.056821896648324245,0.0,nan
173,80,0.028020249262652078,0.0,nan
173,81,0.02635370657889988,0.0,nan
173,82,0.05768808403098005,0.0,nan
173,83,0.07623277811573229,0.0,nan
173,84,0.023789381572466118,0.0,nan
173,85,0.08751610460989233,0.0,nan
173,86,0.08839937084329852,0.0,nan
173,87,6.406423977999924,1.0,nan
173,88,0.026512500568423986,0.0,nan
173,89,0.05793667934321229,0.0,nan
173,90,0.05101085032400258,0.0,nan
173,91,0.13308162481135272,0.0,nan
173,92,0.02693341212172637,0.0,nan
173,93,0.06086322935952502,0.0,nan
173,94,0.02873781365877888,0.0,nan
173,95,0.02129245171196082,0.0,nan
173,96,0.06338976136228772,0.0,nan
173,97,0.031984187988649666,0.0,nan
173,98,0.02010409407329671,0.0,nan
173,99,0.026311752798146404,0.0,nan
174,0,0.013319143575979419,0.0,nan
174,1,0.01175712709224883,0.0,nan
174,2,0.10453468164411309,0.0,nan
174,3,0.019939446539627176,0.0,nan
174,4,0.034711664439732275,0.0,nan
174,5,0.015038162202164739,0.0,nan
174,6,0.008225275098566975,0.0,nan
174,7,0.10568207611145548,0.0,nan
174,8,0.014225536413886073,0.0,nan
174,9,0.09547118445118323,0.0,nan
174,10,0.0310726768675786,0.0,nan
174,11,0.0077827858101277665,0.0,nan
174,12,0.7243850520100941,1.0,nan
174,13,0.08070026169954225,0.0,nan
174,14,0.011292545666453092,0.0,nan
174,15,0.02961707594610357,0.0,nan
174,16,0.01976390764393234,0.0,nan
174,17,0.1669139489014956,1.0,nan
174,18,0.004793145657646107,0.0,nan
174,19,0.029412014490602798,0.0,nan
174,20,0.033055048163242624,0.0,nan
174,21,0.02210049670768262,0.0,nan
174,22,0.1215538340963255,0.0,nan
174,23,0.014650048272095397,0.0,nan
174,24,0.017568375763289366,0.0,nan
174,25,0.034972200797982425,0.0,nan
174,26,0.005210060769979457,0.0,nan
174,27,0.18244534902063092,1.0,nan
174,28,0.028032091972830717,0.0,nan
174,29,0.012963486211637136,0.0,nan
174,30,0.08312393355578455,0.0,nan
174,31,0.008048003981279046,0.0,nan
174,32,0.015098239517081431,0.0,nan
174,33,0.01594840675882758,0.0,nan
174,34,0.03978083002490992,0.0,nan
174,35,0.024809737590978813,0.0,nan
174,36,0.803247645796732,1.0,nan
174,37,0.005198378277803838,0.0,nan
174,38,0.013999590968607903,0.0,nan
174,39,0.24843593158830468,1.0,nan
174,40,0.014706722505020003,0.0,nan
174,41,0.21700122236348293,1.0,nan
174,42,0.024263231751227146,0.0,nan
174,43,0.04609676487445213,0.0,nan
174,44,0.009094768643525191,0.0,nan
174,45,0.042013346069639496,0.0,nan
174,46,0.10956546303496276,0.0,nan
174,47,0.015329755208048183,0.0,nan
174,48,1.8460114232586817,1.0,nan
174,49,0.058643615984451516,0.0,nan
174,50,0.15105903607623952,0.0,nan
174,51,0.009890417259897857,0.0,nan
174,52,0.11021706211636909,0.0,nan
174,53,0.021151400800629803,0.0,nan
174,54,0.0825616304727032,0.0,nan
174,55,0.017603006698897587,0.0,nan
174,56,0.02147931115639047,0.0,nan
174,57,0.06874330265138885,0.0,nan
174,58,0.012117592265076253,0.0,nan
174,59,0.04563489444659022,0.0,nan
174,60,0.07057935890653767,0.0,nan
174,61,0.013101359900392245,0.0,nan
174,62,1.00977191225684,1.0,nan
174,63,0.011864687671100256,0.0,nan
174,64,0.008608412520434365,0.0,nan
174,65,0.01875329995088231,0.0,nan
174,66,0.49073231816873003,1.0,nan
174,67,0.022269587943058458,0.0,nan
174,68,0.03760374489114281,0.0,nan
174,69,0.17143411610794143,1.0,nan
174,70,0.07332480521697592,0.0,nan
174,71,0.012206183010660638,0.0,nan
174,72,0.01909913616553874,0.0,nan
174,73,0.016938885696139355,0.0,nan
174,74,0.025221999196325364,0.0,nan
174,75,0.0584140063472098,0.0,nan
174,76,0.41539361433531596,1.0,nan
174,77,0.006743351984005859,0.0,nan
174,78,0.18722238875469266,1.0,nan
174,79,0.046931711920777754,0.0,nan
174,80,0.010782573131370201,0.0,nan
174,81,0.015700265155960725,0.0,nan
174,82,0.05480982337994986,0.0,nan
174,83,0.06446257550704806,0.0,nan
174,84,0.008193433422117622,0.0,nan
174,85,0.1106042580968524,0.0,nan
174,86,0.05300450544573997,0.0,nan
174,87,6.4612755003605455,1.0,nan
174,88,0.02026007780465037,0.0,nan
174,89,0.03590689975061247,0.0,nan
174,90,0.03815519257259095,0.0,nan
174,91,0.05392321705798647,0.0,nan
174,92,0.017329510236777708,0.0,nan
174,93,0.01614997706960526,0.0,nan
174,94,0.011984164855036759,0.0,nan
174,95,0.011563855650385115,0.0,nan
174,96,0.02899022941544357,0.0,nan
174,97,0.022016452040236376,0.0,nan
174,98,0.007059484876826335,0.0,nan
174,99,0.010379072843288605,0.0,nan
175,0,0.015102437202051216,0.0,-8.806340532235252e-05
175,1,0.01962842513492759,0.0,-0.0001490861885197655
175,2,0.10651080715498226,0.0,0.00466074556246669
175,3,0.01779570307979388,0.0,-0.00027109766455749674
175,4,0.03441551785499146,0.0,0.00011905153194177448
175,5,0.014274080800142856,0.0,9.132783939218537e-05
175,6,0.010300061648959215,0.0,-7.820518868826117e-05
175,7,0.10563221786126904,0.0,0.002776807084247997
175,8,0.014226408752859911,0.0,0.00020982041031675602
175,9,0.08208461281885866,0.0,0.0014728682846185713
175,10,0.03165272461568244,0.0,-0.00024427279986998857
175,11,0.008600279389808094,0.0,1.0941496158058192e-05
175,12,0.9680474937563055,1.0,0.1605702529147234
175,13,0.07812125507173612,0.0,0.0003246626788660373
175,14,0.011382421862725712,0.0,-6.777431304767854e-05
175,15,0.0262436692910563,0.0,-1.5154871613967427e-05
175,16,0.017544383993090964,0.0,4.852554367569206e-05
175,17,0.18266180580851107,1.0,0.003868244139639104
175,18,0.007715150251571618,0.0,9.617987324471038e-05
175,19,0.026374754645129225,0.0,-0.00022782297099911702
175,20,0.03132892368360403,0.0,-0.0005364555611102845
175,21,0.027901930227571065,0.0,-0.0001875898459066639
175,22,0.11941579722389539,0.0,-0.0017117137162842254
175,23,0.014965003560751635,0.0,-0.00012563853163968596
175,24,0.0189366726137078,0.0,7.738673778326042e-05
175,25,0.037286856847909756,0.0,-5.8420308119472854e-05
175,26,0.006929545031024165,0.0,-7.546884376221777e-06
175,27,0.15310411732143878,1.0,0.0038014590885021246
175,28,0.026589469309641164,0.0,-0.00020881586294852858
175,29,0.016923016946629458,0.0,-7.895748835535863e-06
175,30,0.07801874319101867,0.0,0.0010219095905819574
175,31,0.007685482806741212,0.0,3.5026443242844425e-05
175,32,0.01647417948418917,0.0,-0.00011412141667977639
175,33,0.015520963539890574,0.0,-4.6063998074089416e-05
175,34,0.05140943060081579,0.0,0.00034796585688988364
175,35,0.0339374687753347,0.0,0.00017160352378091647
175,36,0.812305942436869,1.0,0.14063759885810936
175,37,0.006812038340300401,0.0,-0.00011523452762337257
175,38,0.014372873744380565,0.0,4.9871620317310794e-05
175,39,0.28675210680839436,1.0,-0.004427866873750374
175,40,0.01307439158863351,0.0,-1.331638001575287e-05
175,41,0.2391275675021961,1.0,0.007970777242894312
175,42,0.022117494997839417,0.0,2.9006836927866287e-05
175,43,0.04068690861230696,0.0,0.0008948746789268861
175,44,0.010966453329153792,0.0,2.1038222180718115e-06
175,45,0.037373760303898516,0.0,0.0001190909962838997
175,46,0.10834902516864853,0.0,-0.000533919878684495
175,47,0.017237777421863474,0.0,6.948040875669453e-05
175,48,2.123288503168178,1.0,0.12927655986277278
175,49,0.05820749174844501,0.0,0.0006260142824374857
175,50,0.2064903964523855,1.0,0.0003846523602439683
175,51,0.015101586891661288,0.0,4.980476480502613e-05
175,52,0.08816383534064741,0.0,0.0017616342835639809
175,53,0.019799334969120203,0.0,0.00027311867070652795
175,54,0.08405840597267378,0.0,0.003356379712422582
175,55,0.017310132023300652,0.0,0.00017000170778216382
175,56,0.01561898454004149,0.0,-6.099796346656328e-05
175,57,0.0722056947533932,0.0,0.001808159344089375
175,58,0.0124742870197147,0.0,-0.000788453035908885
175,59,0.04312177446710597,0.0,0.001154098427390841
175,60,0.050081936310147485,0.0,-0.0007316728067126261
175,61,0.01359795771475353,0.0,-1.354840167521764e-05
175,62,0.9920170337292924,1.0,0.03707210503152823
175,63,0.011341131782056615,0.0,-6.387964032321892e-05
175,64,0.011984472314895057,0.0,-4.635786046124879e-05
175,65,0.019989215231723426,0.0,5.674101245659212e-05
175,66,0.5231865882459579,1.0,0.06487029975154884
175,67,0.02257166866698098,0.0,-0.00011212176856713331
175,68,0.03659741679006883,0.0,0.0002956762953119154
175,69,0.18017559976647737,1.0,0.003958591039943208
175,70,0.09274924454603924,0.0,0.0018816741046572456
175,71,0.012163573026790228,0.0,-0.00022935284844820597
175,72,0.0185845011335455,0.0,-4.0526750239637116e-05
175,73,0.020016753212588393,0.0,-0.0017975158944255447
175,74,0.021059071509477206,0.0,-0.0003878942141803554
175,75,0.07293184493946583,0.0,0.0025333692852561943
175,76,0.331568279700843,1.0,0.001053535384559596
175,77,0.007404603579210353,0.0,0.000257551332347149
175,78,0.10934503080457512,0.0,0.002359504220064574
175,79,0.047550034399237724,0.0,0.0011872118578670672
175,80,0.014034487044265437,0.0,-0.00023398463608056345
175,81,0.016409474369348136,0.0,-0.00028373885425525867
175,82,0.04998615027435465,0.0,0.000831710083618013
175,83,0.05940140100217369,0.0,0.0009455623002339475
175,84,0.011582347754426136,0.0,0.0006883987769962847
175,85,0.11058416790649825,0.0,8.573843565634982e-05
175,86,0.041925817263979426,0.0,-0.00015945589748128002
175,87,6.187910555984575,1.0,0.392569014901092
175,88,0.01934689840564719,0.0,0.00022860184663606192
175,89,0.04283181597750227,0.0,0.00013481432864908483
175,90,0.03526815583218082,0.0,0.00011841780114117476
175,91,0.07114984935975358,0.0,0.0015038198708505518
175,92,0.016858642467627735,0.0,-8.392325940899836e-07
175,93,0.02579551713979541,0.0,-3.172121297999384e-05
175,94,0.010718027255643133,0.0,-3.768247879420582e-05
175,95,0.011931223486783068,0.0,7.346168231271645e-05
175,96,0.0442722105898407,0.0,-0.000509092949570854
175,97,0.02131850696192055,0.0,-0.0004075350334666458
175,98,0.008103845422415726,0.0,2.3007202007994965e-05
175,99,0.010563814471374134,0.0,-0.00021532052092464534
176,0,0.017736313720661753,0.0,nan
176,1,0.012708726895380409,0.0,nan
176,2,0.21925387749419734,1.0,nan
176,3,0.02450470651165263,0.0,nan
176,4,0.03374317715824153,0.0,nan
176,5,0.020237523207414995,0.0,nan
176,6,0.010782386058815378,0.0,nan
176,7,0.04816731205705227,0.0,nan
176,8,0.01889053655891016,0.0,nan
176,9,0.119908902978019,0.0,nan
176,10,0.03729078252469772,0.0,nan
176,11,0.009517528312149852,0.0,nan
176,12,0.030871343113298446,0.0,nan
176,13,0.12300178599775823,0.0,nan
176,14,0.015947151941049502,0.0,nan
176,15,0.04656197669546065,0.0,nan
176,16,0.02301741440429294,0.0,nan
176,17,0.2842157046647698,1.0,nan
176,18,0.0065322307275411775,0.0,nan
176,19,0.051993612604967036,0.0,nan
176,20,0.044136925858628,0.0,nan
176,21,0.06784801298544803,0.0,nan
176,22,0.10335054135721612,0.0,nan
176,23,0.019261947883018965,0.0,nan
176,24,0.021330665832926754,0.0,nan
176,25,0.06061310508316786,0.0,nan
176,26,0.007237174133637109,0.0,nan
176,27,0.23255253979671098,1.0,nan
176,28,0.03673162454702267,0.0,nan
176,29,0.015392467519966698,0.0,nan
176,30,0.099509428558042,0.0,nan
176,31,0.011470798508731225,0.0,nan
176,32,0.016685517490647284,0.0,nan
176,33,0.021564994574177234,0.0,nan
176,34,0.05219310499377215,0.0,nan
176,35,0.022030394899280013,0.0,nan
176,36,1.1868843001441514,1.0,nan
176,37,0.00784525578629456,0.0,nan
176,38,0.018907141017882503,0.0,nan
176,39,0.17703614286907374,1.0,nan
176,40,0.023277598779855736,0.0,nan
176,41,0.16011042316350857,1.0,nan
176,42,0.03569936826596148,0.0,nan
176,43,0.03930459258377537,0.0,nan
176,44,0.011867308491211424,0.0,nan
176,45,0.06377582640001112,0.0,nan
176,46,0.13907046775753681,0.0,nan
176,47,0.015425703168056523,0.0,nan
176,48,1.5594565280144586,1.0,nan
176,49,0.21171077677988379,1.0,nan
176,50,0.08580216069955177,0.0,nan
176,51,0.011513668827172653,0.0,nan
176,52,0.12254783794362527,0.0,nan
176,53,0.026918554403541566,0.0,nan
176,54,0.25551141375638214,1.0,nan
176,55,0.026895231712642423,0.0,nan
176,56,0.02654624977923168,0.0,nan
176,57,0.0669165389118235,0.0,nan
176,58,0.01582499433106767,0.0,nan
176,59,0.06821270234921696,0.0,nan
176,60,0.06272775821443805,0.0,nan
176,61,0.014672661470022136,0.0,nan
176,62,0.05100980283094832,0.0,nan
176,63,0.012148058902088515,0.0,nan
176,64,0.010369493228292575,0.0,nan
176,65,0.0237087166813374,0.0,nan
176,66,0.42206749702604934,1.0,nan
176,67,0.02990778669556437,0.0,nan
176,68,0.045182212141206934,0.0,nan
176,69,0.14657384350360467,0.0,nan
176,70,0.08819458877548211,0.0,nan
176,71,0.016025130428683,0.0,nan
176,72,0.024363916307795618,0.0,nan
176,73,0.018330848992619206,0.0,nan
176,74,0.0384514095169921,0.0,nan
176,75,0.05944933769086419,0.0,nan
176,76,0.18659577337765668,1.0,nan
176,77,0.0100980467777663,0.0,nan
176,78,0.11857762920184436,0.0,nan
176,79,0.05508258720415087,0.0,nan
176,80,0.012968563244811517,0.0,nan
176,81,0.022645199683798797,0.0,nan
176,82,0.04305898983686518,0.0,nan
176,83,0.0879192039168714,0.0,nan
176,84,0.010260605623013562,0.0,nan
176,85,0.07742121487792,0.0,nan
176,86,0.04641834166040893,0.0,nan
176,87,6.98503094191818,1.0,nan
176,88,0.030634462036627595,0.0,nan
176,89,0.036447923151780214,0.0,nan
176,90,0.05313891976852433,0.0,nan
176,91,0.45296770663338654,1.0,nan
176,92,0.02388748281339101,0.0,nan
176,93,0.015329053382139274,0.0,nan
176,94,0.021005903251224294,0.0,nan
176,95,0.015361342406444265,0.0,nan
176,96,0.020300280139981506,0.0,nan
176,97,0.035377318104193686,0.0,nan
176,98,0.00844886319655772,0.0,nan
176,99,0.01673316479490574,0.0,nan
177,0,0.01231762273426026,0.0,nan
177,1,0.013384034208880477,0.0,nan
177,2,0.10237926938097046,0.0,nan
177,3,0.016879744176404057,0.0,nan
177,4,0.029096460068240675,0.0,nan
177,5,0.014197530108891413,0.0,nan
177,6,0.007986361935748362,0.0,nan
177,7,0.07644272464993333,0.0,nan
177,8,0.013040552353057266,0.0,nan
177,9,0.0886050516936839,0.0,nan
177,10,0.02965389394747122,0.0,nan
177,11,0.006775014582657883,0.0,nan
177,12,0.8453476663238103,1.0,nan
177,13,0.07602962739368647,0.0,nan
177,14,0.011397637729921202,0.0,nan
177,15,0.025435265160338994,0.0,nan
177,16,0.01602325997320198,0.0,nan
177,17,0.1765546676174379,1.0,nan
177,18,0.005552579624056091,0.0,nan
177,19,0.023392489997312138,0.0,nan
177,20,0.02898479533805587,0.0,nan
177,21,0.02107053922078433,0.0,nan
177,22,0.16801034331879197,1.0,nan
177,23,0.013587151911651016,0.0,nan
177,24,0.014423481943725726,0.0,nan
177,25,0.0355460903314886,0.0,nan
177,26,0.005794402326535931,0.0,nan
177,27,0.17490980060378883,1.0,nan
177,28,0.02579164189557961,0.0,nan
177,29,0.012019368006333108,0.0,nan
177,30,0.08399830754910798,0.0,nan
177,31,0.006161087942763499,0.0,nan
177,32,0.011462514341785603,0.0,nan
177,33,0.014777941010973236,0.0,nan
177,34,0.0356921689760468,0.0,nan
177,35,0.025973752806508897,0.0,nan
177,36,0.7514588796522699,1.0,nan
177,37,0.005845658780217247,0.0,nan
177,38,0.012438518893057056,0.0,nan
177,39,0.20826309220195915,1.0,nan
177,40,0.012799823962175582,0.0,nan
177,41,0.22067489908154905,1.0,nan
177,42,0.02171453296454737,0.0,nan
177,43,0.03877562623836711,0.0,nan
177,44,0.009426971975880417,0.0,nan
177,45,0.036919855332155145,0.0,nan
177,46,0.11899662780073134,0.0,nan
177,47,0.011636394072513854,0.0,nan
177,48,1.8023864626301085,1.0,nan
177,49,0.06353524378457519,0.0,nan
177,50,0.167294986438019,1.0,nan
177,51,0.010477675774598084,0.0,nan
177,52,0.10591744716405295,0.0,nan
177,53,0.020324614871271508,0.0,nan
177,54,0.06822478544959065,0.0,nan
177,55,0.015622007041297658,0.0,nan
177,56,0.02324805968963641,0.0,nan
177,57,0.06543698020494654,0.0,nan
177,58,0.01135201486138102,0.0,nan
177,59,0.04288994498051039,0.0,nan
177,60,0.05506001275324033,0.0,nan
177,61,0.011617556940450255,0.0,nan
177,62,1.07912272788261,1.0,nan
177,63,0.007682529627440233,0.0,nan
177,64,0.0086474457815251,0.0,nan
177,65,0.01816435672098827,0.0,nan
177,66,0.5892270457475176,1.0,nan
177,67,0.01871739261258561,0.0,nan
177,68,0.0352506036159767,0.0,nan
177,69,0.15521948927450652,1.0,nan
177,70,0.06627431482102336,0.0,nan
177,71,0.011709231519242361,0.0,nan
177,72,0.01639048512299784,0.0,nan
177,73,0.01571158680845441,0.0,nan
177,74,0.020333747873538983,0.0,nan
177,75,0.05454154818604374,0.0,nan
177,76,0.25043892345887325,1.0,nan
177,77,0.005531101314624614,0.0,nan
177,78,0.19159045206948686,1.0,nan
177,79,0.04320750829059112,0.0,nan
177,80,0.011469703799597044,0.0,nan
177,81,0.014500098752168665,0.0,nan
177,82,0.05127389520559444,0.0,nan
177,83,0.06366849049699752,0.0,nan
177,84,0.009042154237367392,0.0,nan
177,85,0.11686835679741855,0.0,nan
177,86,0.04008456886754739,0.0,nan
177,87,6.4914578766031905,1.0,nan
177,88,0.020245619693074996,0.0,nan
177,89,0.029384528279292665,0.0,nan
177,90,0.0343293946697916,0.0,nan
177,91,0.06067720319474038,0.0,nan
177,92,0.015634017140535802,0.0,nan
177,93,0.01430331665740243,0.0,nan
177,94,0.009724907500543882,0.0,nan
177,95,0.010457129705999907,0.0,nan
177,96,0.037764068337242856,0.0,nan
177,97,0.021283321425531194,0.0,nan
177,98,0.006611276040997915,0.0,nan
177,99,0.00953897199715149,0.0,nan
178,0,0.002435689239776032,0.0,nan
178,1,0.0007008414582690125,0.0,nan
178,2,9.85527555801001e-06,0.0,nan
178,3,8.875191588936822e-05,0.0,nan
178,4,1.2436984426408389e-05,0.0,nan
178,5,7.955789470248722e-06,0.0,nan
178,6,3.6837641416835254e-05,0.0,nan
178,7,0.0006928839921248879,0.0,nan
178,8,0.00018057534399040673,0.0,nan
178,9,9.576127070824862e-05,0.0,nan
178,10,0.013684314531439486,0.0,nan
178,11,0.008254210460548759,0.0,nan
178,12,0.018033817780079144,0.0,nan
178,13,0.0004970282263493128,0.0,nan
178,14,0.00026263715113757324,0.0,nan
178,15,0.0004425323517771743,0.0,nan
178,16,5.338723757346317e-05,0.0,nan
178,17,0.016229232674316203,0.0,nan
178,18,8.634794885165062e-06,0.0,nan
178,19,6.477097690746375e-06,0.0,nan
178,20,0.009662641141066798,0.0,nan
178,21,0.012877499192172149,0.0,nan
178,22,0.011548476116876826,0.0,nan
178,23,4.67632087752811e-05,0.0,nan
178,24,0.0008144601758021496,0.0,nan
178,25,0.0025374558657552193,0.0,nan
178,26,0.008654127094035827,0.0,nan
178,27,4.471531320004903e-05,0.0,nan
178,28,0.014733807335892631,0.0,nan
178,29,1.6429679479786933e-08,0.0,nan
178,30,0.0029551533375155254,0.0,nan
178,31,9.571443261137521e-08,0.0,nan
178,32,2.442686429933115e-06,0.0,nan
178,33,0.018857653751900842,0.0,nan
178,34,0.00037718106259228957,0.0,nan
178,35,0.002209803132025617,0.0,nan
178,36,0.0015092969133986348,0.0,nan
178,37,0.012446466361009965,0.0,nan
178,38,5.9686178744333324e-05,0.0,nan
178,39,0.001964317708398568,0.0,nan
178,40,1.2413320817352181e-06,0.0,nan
178,41,1.4669788968413407e-05,0.0,nan
178,42,0.004546584033198837,0.0,nan
178,43,0.017820658527922376,0.0,nan
178,44,0.002419063414153129,0.0,nan
178,45,0.023938450502531513,0.0,nan
178,46,0.00960629059961169,0.0,nan
178,47,0.00017904560058282085,0.0,nan
178,48,0.03155937710859603,0.0,nan
178,49,0.0005773872870609407,0.0,nan
178,50,0.0009309635428820259,0.0,nan
178,51,3.277449581010091e-05,0.0,nan
178,52,2.0584056969606656e-05,0.0,nan
178,53,0.02475271292789065,0.0,nan
178,54,0.005780640120361163,0.0,nan
178,55,0.016117288647305,0.0,nan
178,56,0.018740739169904406,0.0,nan
178,57,1.0871171740689578e-06,0.0,nan
178,58,6.914221106088087e-05,0.0,nan
178,59,8.156333571508115e-05,0.0,nan
178,60,0.0003155320628711076,0.0,nan
178,61,0.01954015880525227,0.0,nan
178,62,1.4395392372609044e-05,0.0,nan
178,63,2.9948760477908543e-05,0.0,nan
178,64,0.0006392936295261867,0.0,nan
178,65,0.01721541670622529,0.0,nan
178,66,0.0033317641785431205,0.0,nan
178,67,1.3841491353080695e-07,0.0,nan
178,68,0.030080925425547227,0.0,nan
178,69,0.0012182301341026993,0.0,nan
178,70,0.009791411861747052,0.0,nan
178,71,0.004193594311024881,0.0,nan
178,72,0.0003138772222128414,0.0,nan
178,73,0.0004948918255920004,0.0,nan
178,74,0.00020461714319713163,0.0,nan
178,75,0.001232324216992294,0.0,nan
178,76,0.020569326768880517,0.0,nan
178,77,1.018154092240066e-05,0.0,nan
178,78,9.880598609551693e-05,0.0,nan
178,79,0.020826882977770265,0.0,nan
178,80,0.01660175174646523,0.0,nan
178,81,0.004856982903219653,0.0,nan
178,82,0.0004126285275973369,0.0,nan
178,83,2.01754854872824e-05,0.0,nan
178,84,0.008332089965026308,0.0,nan
178,85,0.02014105045594812,0.0,nan
178,86,1.3236413722635146e-05,0.0,nan
178,87,0.017497364168241346,0.0,nan
178,88,0.023263799331366464,0.0,nan
178,89,9.151441282968751e-07,0.0,nan
178,90,0.00034092144086491445,0.0,nan
178,91,0.0012340165085531363,0.0,nan
178,92,6.6348951319413e-05,0.0,nan
178,93,0.0009304126052646768,0.0,nan
178,94,5.048569520778563e-05,0.0,nan
178,95,0.0005099781421775359,0.0,nan
178,96,0.0011807458222424024,0.0,nan
178,97,0.024585696009009905,0.0,nan
178,98,0.0001060242489579003,0.0,nan
178,99,0.015115869547625418,0.0,nan
179,0,0.013333202068542866,0.0,nan
179,1,0.013690260413565107,0.0,nan
179,2,0.1055001924523657,0.0,nan
179,3,0.022770767803844565,0.0,nan
179,4,0.029707618841465853,0.0,nan
179,5,0.01761656720208162,0.0,nan
179,6,0.00849808765748681,0.0,nan
179,7,0.05208265192661109,0.0,nan
179,8,0.014854713688661727,0.0,nan
179,9,0.11842665973784729,0.0,nan
179,10,0.029888838399697942,0.0,nan
179,11,0.007249599555289466,0.0,nan
179,12,1.1610589612681002,1.0,nan
179,13,0.08064685230549307,0.0,nan
179,14,0.010371955178630819,0.0,nan
179,15,0.028787798817705768,0.0,nan
179,16,0.019657164397973298,0.0,nan
179,17,0.18819340739026474,1.0,nan
179,18,0.005979589784890359,0.0,nan
179,19,0.0269484794896035,0.0,nan
179,20,0.018974993148789438,0.0,nan
179,21,0.02981783958661974,0.0,nan
179,22,0.1820894428848449,1.0,nan
179,23,0.012223806266859103,0.0,nan
179,24,0.01748805482828913,0.0,nan
179,25,0.040810056783144706,0.0,nan
179,26,0.005823630020451554,0.0,nan
179,27,0.20836656357281905,1.0,nan
179,28,0.02679771041358764,0.0,nan
179,29,0.01377945974243875,0.0,nan
179,30,0.08701695947993741,0.0,nan
179,31,0.008098870079451828,0.0,nan
179,32,0.014425068354898391,0.0,nan
179,33,0.016931252122819755,0.0,nan
179,34,0.0425203768999561,0.0,nan
179,35,0.026529886722553755,0.0,nan
179,36,0.8052469690405064,1.0,nan
179,37,0.00618668099819941,0.0,nan
179,38,0.012333178828584432,0.0,nan
179,39,0.2057590332492407,1.0,nan
179,40,0.015118431809935072,0.0,nan
179,41,0.1723131618427947,1.0,nan
179,42,0.02355319610516267,0.0,nan
179,43,0.045491583890783054,0.0,nan
179,44,0.01005950201659147,0.0,nan
179,45,0.04104793728734013,0.0,nan
179,46,0.11283990765864198,0.0,nan
179,47,0.011367034306703223,0.0,nan
179,48,1.6821106532577872,1.0,nan
179,49,0.0654176611843182,0.0,nan
179,50,0.15623359905641038,1.0,nan
179,51,0.009674348864567051,0.0,nan
179,52,0.1338286960506008,0.0,nan
179,53,0.021805888531106005,0.0,nan
179,54,0.11120038755698541,0.0,nan
179,55,0.016568012858814762,0.0,nan
179,56,0.03080115626840627,0.0,nan
179,57,0.06477836980630133,0.0,nan
179,58,0.012364792874735978,0.0,nan
179,59,0.048810408512373095,0.0,nan
179,60,0.05305443920047545,0.0,nan
179,61,0.012072081105791792,0.0,nan
179,62,0.9716150055709478,1.0,nan
179,63,0.007488962145266877,0.0,nan
179,64,0.007569496980981303,0.0,nan
179,65,0.01708845537631626,0.0,nan
179,66,0.5261141093002168,1.0,nan
179,67,0.017312578633013043,0.0,nan
179,68,0.03686594227321383,0.0,nan
179,69,0.185583217585589,1.0,nan
179,70,0.08161660518486623,0.0,nan
179,71,0.01268599878265907,0.0,nan
179,72,0.016829598326069662,0.0,nan
179,73,0.016275840490919284,0.0,nan
179,74,0.02278869490622306,0.0,nan
179,75,0.04617223328129503,0.0,nan
179,76,0.18609377670384575,1.0,nan
179,77,0.0072706542323000695,0.0,nan
179,78,0.19778871061496728,1.0,nan
179,79,0.04795812284098369,0.0,nan
179,80,0.012261284438156508,0.0,nan
179,81,0.016049397598712278,0.0,nan
179,82,0.05291627900618771,0.0,nan
179,83,0.06924282415843895,0.0,nan
179,84,0.00880427358249509,0.0,nan
179,85,0.12431196278210686,0.0,nan
179,86,0.05004312900472229,0.0,nan
179,87,6.6847317518677665,1.0,nan
179,88,0.022063071081811724,0.0,nan
179,89,0.03547905384023369,0.0,nan
179,90,0.040201728454408885,0.0,nan
179,91,0.07548906286952461,0.0,nan
179,92,0.014550751820074785,0.0,nan
179,93,0.018018178721892746,0.0,nan
179,94,0.012439232980521122,0.0,nan
179,95,0.011470464244791643,0.0,nan
179,96,0.03563322410188285,0.0,nan
179,97,0.022304949700313853,0.0,nan
179,98,0.006429118018289865,0.0,nan
179,99,0.010434416230911197,0.0,nan
180,0,0.014580267637091786,0.0,nan
180,1,0.01749789174948626,0.0,nan
180,2,0.11792350296322616,0.0,nan
180,3,0.02008957363545619,0.0,nan
180,4,0.03270659603925316,0.0,nan
180,5,0.016764250404363943,0.0,nan
180,6,0.009552814124175345,0.0,nan
180,7,0.07474138828242147,0.0,nan
180,8,0.014992824817782226,0.0,nan
180,9,0.09347269661278847,0.0,nan
180,10,0.03266440371727276,0.0,nan
180,11,0.007935808817943498,0.0,nan
180,12,1.0069880115881589,1.0,nan
180,13,0.07647170700884064,0.0,nan
180,14,0.011277547022654039,0.0,nan
180,15,0.025287930249272332,0.0,nan
180,16,0.018406536173901127,0.0,nan
180,17,0.14270534728072554,0.0,nan
180,18,0.007041152293370472,0.0,nan
180,19,0.025964018289628958,0.0,nan
180,20,0.017470802980632274,0.0,nan
180,21,0.02175843500168411,0.0,nan
180,22,0.16541951699471552,1.0,nan
180,23,0.012754434781336131,0.0,nan
180,24,0.019446442551343226,0.0,nan
180,25,0.04130698574687872,0.0,nan
180,26,0.006542063649757094,0.0,nan
180,27,0.07535848964302543,0.0,nan
180,28,0.026630909871404318,0.0,nan
180,29,0.015854138195234187,0.0,nan
180,30,0.08441916206630524,0.0,nan
180,31,0.008129216241076558,0.0,nan
180,32,0.01646466364230053,0.0,nan
180,33,0.01688234589166755,0.0,nan
180,34,0.04703685243141218,0.0,nan
180,35,0.031331978828405896,0.0,nan
180,36,0.7695079046523822,1.0,nan
180,37,0.006646059097085393,0.0,nan
180,38,0.012793615033002845,0.0,nan
180,39,0.28587359806350987,1.0,nan
180,40,0.01454622008851693,0.0,nan
180,41,0.24540261933900848,1.0,nan
180,42,0.023160494766878308,0.0,nan
180,43,0.04505817575433766,0.0,nan
180,44,0.011135542220188682,0.0,nan
180,45,0.03936645486855137,0.0,nan
180,46,0.1109581243526806,0.0,nan
180,47,0.01190453917533423,0.0,nan
180,48,1.9880614814097024,1.0,nan
180,49,0.06553457400287517,0.0,nan
180,50,0.20961021150178186,1.0,nan
180,51,0.011748553081343193,0.0,nan
180,52,0.11400060729326031,0.0,nan
180,53,0.022530818580640044,0.0,nan
180,54,0.07888293266287542,0.0,nan
180,55,0.017054106645868723,0.0,nan
180,56,0.024759486440620843,0.0,nan
180,57,0.07013283564510908,0.0,nan
180,58,0.013025848983301183,0.0,nan
180,59,0.04620356513784839,0.0,nan
180,60,0.05236126452135026,0.0,nan
180,61,0.013010757057363155,0.0,nan
180,62,1.0474138727933635,1.0,nan
180,63,0.007982944340278788,0.0,nan
180,64,0.00911641879473549,0.0,nan
180,65,0.018275078234105874,0.0,nan
180,66,0.5336488316430125,1.0,nan
180,67,0.017317456269327913,0.0,nan
180,68,0.038938762303755245,0.0,nan
180,69,0.18518292148717994,1.0,nan
180,70,0.09542609044603659,0.0,nan
180,71,0.013264364527208548,0.0,nan
180,72,0.018142445753303458,0.0,nan
180,73,0.018854342405327938,0.0,nan
180,74,0.021433639825467338,0.0,nan
180,75,0.06069429884393356,0.0,nan
180,76,0.33934928337025394,1.0,nan
180,77,0.007662695358662885,0.0,nan
180,78,0.18342501020093416,1.0,nan
180,79,0.048533277241319214,0.0,nan
180,80,0.01435321192742094,0.0,nan
180,81,0.016589283183518263,0.0,nan
180,82,0.051588366415317374,0.0,nan
180,83,0.0657886508182718,0.0,nan
180,84,0.010273034984465926,0.0,nan
180,85,0.09646767229613018,0.0,nan
180,86,0.04402071462811269,0.0,nan
180,87,6.720304314116494,1.0,nan
180,88,0.02235058061359586,0.0,nan
180,89,0.03971394749200367,0.0,nan
180,90,0.039617917789678575,0.0,nan
180,91,0.07002896727707994,0.0,nan
180,92,0.01480913195514433,0.0,nan
180,93,0.02407709386231847,0.0,nan
180,94,0.011755078021014114,0.0,nan
180,95,0.012069086571305114,0.0,nan
180,96,0.05263878576530373,0.0,nan
180,97,0.022422366934629838,0.0,nan
180,98,0.007143088545269869,0.0,nan
180,99,0.010608505383662328,0.0,nan
181,0,0.013623508010879158,0.0,nan
181,1,0.013492914473586802,0.0,nan
181,2,0.15237896895741268,0.0,nan
181,3,0.025528164356422252,0.0,nan
181,4,0.029809285819915533,0.0,nan
181,5,0.019174372371606973,0.0,nan
181,6,0.008773255607085317,0.0,nan
181,7,0.0459212147254149,0.0,nan
181,8,0.015667997650284437,0.0,nan
181,9,0.10979192761661014,0.0,nan
181,10,0.02980646798528887,0.0,nan
181,11,0.0071233757455032385,0.0,nan
181,12,0.868373666215821,1.0,nan
181,13,0.06931904978095187,0.0,nan
181,14,0.010599912860445745,0.0,nan
181,15,0.032260454792738195,0.0,nan
181,16,0.02145706199436471,0.0,nan
181,17,0.22356531467928492,1.0,nan
181,18,0.006060629517143794,0.0,nan
181,19,0.026112466903061474,0.0,nan
181,20,0.016868160252085877,0.0,nan
181,21,0.04171843404149902,0.0,nan
181,22,0.16389959202747192,1.0,nan
181,23,0.012087409740626436,0.0,nan
181,24,0.017698383475128917,0.0,nan
181,25,0.04408786062526386,0.0,nan
181,26,0.005866154388090999,0.0,nan
181,27,0.24246522080103125,1.0,nan
181,28,0.025740740532713746,0.0,nan
181,29,0.013623079234858155,0.0,nan
181,30,0.08326423657202829,0.0,nan
181,31,0.00854981979090237,0.0,nan
181,32,0.014768013645669507,0.0,nan
181,33,0.01806634475311474,0.0,nan
181,34,0.041099245809057314,0.0,nan
181,35,0.02728200555610594,0.0,nan
181,36,0.8942457277425725,1.0,nan
181,37,0.0063161936281358935,0.0,nan
181,38,0.012836155463042299,0.0,nan
181,39,0.2122084192990628,1.0,nan
181,40,0.016545001533133753,0.0,nan
181,41,0.17886719260487738,1.0,nan
181,42,0.024882570580798957,0.0,nan
181,43,0.053785752771201685,0.0,nan
181,44,0.010295935826224189,0.0,nan
181,45,0.0320991302006092,0.0,nan
181,46,0.11807189099387061,0.0,nan
181,47,0.011269453777889418,0.0,nan
181,48,1.8085852620592442,1.0,nan
181,49,0.051346622895888976,0.0,nan
181,50,0.08922352843426362,0.0,nan
181,51,0.00954688183862598,0.0,nan
181,52,0.15219485190494353,0.0,nan
181,53,0.022922894441146955,0.0,nan
181,54,0.1587578865389014,1.0,nan
181,55,0.017095951023545233,0.0,nan
181,56,0.03220152066645098,0.0,nan
181,57,0.06419120952832885,0.0,nan
181,58,0.012820419218625907,0.0,nan
181,59,0.05154266135491544,0.0,nan
181,60,0.05639556828490733,0.0,nan
181,61,0.01179234235899327,0.0,nan
181,62,0.9080387217673805,1.0,nan
181,63,0.0070962452547571305,0.0,nan
181,64,0.007582457376357616,0.0,nan
181,65,0.017488703917069866,0.0,nan
181,66,0.5895042526456187,1.0,nan
181,67,0.015658830719562863,0.0,nan
181,68,0.03782156130037463,0.0,nan
181,69,0.14977300190447365,0.0,nan
181,70,0.08507285503610001,0.0,nan
181,71,0.01335560011420827,0.0,nan
181,72,0.01668868890786698,0.0,nan
181,73,0.016129072984967456,0.0,nan
181,74,0.024065219931460078,0.0,nan
181,75,0.042534674466954435,0.0,nan
181,76,0.20741116674523097,1.0,nan
181,77,0.007645391610560118,0.0,nan
181,78,0.17262009196221018,1.0,nan
181,79,0.04551043274303345,0.0,nan
181,80,0.011764115046463844,0.0,nan
181,81,0.016657764417709445,0.0,nan
181,82,0.05650192150080629,0.0,nan
181,83,0.06845253171847053,0.0,nan
181,84,0.008862625594491622,0.0,nan
181,85,0.131532139069273,0.0,nan
181,86,0.05324580982584168,0.0,nan
181,87,7.091757067444091,1.0,nan
181,88,0.02307567517359797,0.0,nan
181,89,0.03575090546620109,0.0,nan
181,90,0.042678471191771185,0.0,nan
181,91,0.10125202642478544,0.0,nan
181,92,0.014762200046594634,0.0,nan
181,93,0.0180758468629311,0.0,nan
181,94,0.013083499681635784,0.0,nan
181,95,0.011871254279569192,0.0,nan
181,96,0.03255001628570695,0.0,nan
181,97,0.023054041185760394,0.0,nan
181,98,0.006643542335568393,0.0,nan
181,99,0.010924800641672802,0.0,nan
182,0,0.012487217676790605,0.0,nan
182,1,0.013535750399379858,0.0,nan
182,2,0.09020251261945629,0.0,nan
182,3,0.018433463618557848,0.0,nan
182,4,0.031914132965769476,0.0,nan
182,5,0.014930330049893966,0.0,nan
182,6,0.007859430287103758,0.0,nan
182,7,0.06653056469682866,0.0,nan
182,8,0.013213025470860703,0.0,nan
182,9,0.10004303401194486,0.0,nan
182,10,0.029897355367498848,0.0,nan
182,11,0.006298568194652807,0.0,nan
182,12,0.9404045544944273,1.0,nan
182,13,0.07514902787644863,0.0,nan
182,14,0.009184689137545025,0.0,nan
182,15,0.025600128075954402,0.0,nan
182,16,0.016485430603416812,0.0,nan
182,17,0.16962723569616617,1.0,nan
182,18,0.005549954876137494,0.0,nan
182,19,0.023311438248589028,0.0,nan
182,20,0.014463973669765179,0.0,nan
182,21,0.03044347223971614,0.0,nan
182,22,0.15491252897706637,1.0,nan
182,23,0.010678196185988375,0.0,nan
182,24,0.018045709258961682,0.0,nan
182,25,0.03994171379883831,0.0,nan
182,26,0.005136690869365233,0.0,nan
182,27,0.12738787547956432,0.0,nan
182,28,0.024787257004814604,0.0,nan
182,29,0.012851010610576516,0.0,nan
182,30,0.08275288492917185,0.0,nan
182,31,0.007168849082902864,0.0,nan
182,32,0.013611158492410834,0.0,nan
182,33,0.014895250442716234,0.0,nan
182,34,0.04375304771930199,0.0,nan
182,35,0.027827816401329836,0.0,nan
182,36,0.8014943139780515,1.0,nan
182,37,0.005426166736468036,0.0,nan
182,38,0.010983495235892355,0.0,nan
182,39,0.2011599456758575,1.0,nan
182,40,0.013186085283498173,0.0,nan
182,41,0.24594290319752996,1.0,nan
182,42,0.02145526403584032,0.0,nan
182,43,0.0481231915111434,0.0,nan
182,44,0.00913034791180624,0.0,nan
182,45,0.02965283994927245,0.0,nan
182,46,0.11405054575278668,0.0,nan
182,47,0.009935943133690521,0.0,nan
182,48,1.5780217759515494,1.0,nan
182,49,0.06400000797360993,0.0,nan
182,50,0.18688978561793967,1.0,nan
182,51,0.008802717520858185,0.0,nan
182,52,0.09116093869625849,0.0,nan
182,53,0.020897571663591262,0.0,nan
182,54,0.097325713318502,0.0,nan
182,55,0.015773000665074165,0.0,nan
182,56,0.022755447498108487,0.0,nan
182,57,0.06631282441398598,0.0,nan
182,58,0.011329291742769513,0.0,nan
182,59,0.045712763929608595,0.0,nan
182,60,0.05180689769142786,0.0,nan
182,61,0.010617441913330226,0.0,nan
182,62,1.0174717818814436,1.0,nan
182,63,0.006066149340759544,0.0,nan
182,64,0.006997287913624651,0.0,nan
182,65,0.01590043822841565,0.0,nan
182,66,0.4832437683342592,1.0,nan
182,67,0.01352617384688758,0.0,nan
182,68,0.037330515765425044,0.0,nan
182,69,0.17761283762832353,1.0,nan
182,70,0.09008732955729044,0.0,nan
182,71,0.01172192492878793,0.0,nan
182,72,0.014816121290378601,0.0,nan
182,73,0.01539241980816057,0.0,nan
182,74,0.018668492090295526,0.0,nan
182,75,0.0551729104770688,0.0,nan
182,76,0.2373837000881854,1.0,nan
182,77,0.006538311561602525,0.0,nan
182,78,0.1434420341120188,0.0,nan
182,79,0.04596036182435389,0.0,nan
182,80,0.011121907669396384,0.0,nan
182,81,0.014876764316954578,0.0,nan
182,82,0.05645670958349939,0.0,nan
182,83,0.06435920227756987,0.0,nan
182,84,0.008106997955992736,0.0,nan
182,85,0.09657220335898264,0.0,nan
182,86,0.0380546605987297,0.0,nan
182,87,6.759084056027646,1.0,nan
182,88,0.02059085386230418,0.0,nan
182,89,0.03520716975512868,0.0,nan
182,90,0.03922503851613225,0.0,nan
182,91,0.08115432135509631,0.0,nan
182,92,0.012798637495296143,0.0,nan
182,93,0.018155772132750377,0.0,nan
182,94,0.010940489666415377,0.0,nan
182,95,0.010297024464262831,0.0,nan
182,96,0.039648081742139074,0.0,nan
182,97,0.021256028382203286,0.0,nan
182,98,0.005793122435007704,0.0,nan
182,99,0.009584642067292816,0.0,nan
183,0,0.014703757233189254,0.0,nan
183,1,0.01657954877437384,0.0,nan
183,2,0.14732248638360135,0.0,nan
183,3,0.023322049108752758,0.0,nan
183,4,0.033362519138934954,0.0,nan
183,5,0.018478924895566802,0.0,nan
183,6,0.009574315142905482,0.0,nan
183,7,0.06647600234186028,0.0,nan
183,8,0.016312841089523848,0.0,nan
183,9,0.10196069433285763,0.0,nan
183,10,0.031594154915860324,0.0,nan
183,11,0.007737205507324734,0.0,nan
183,12,0.9597991477278746,1.0,nan
183,13,0.0798465371561368,0.0,nan
183,14,0.0112886136778768,0.0,nan
183,15,0.027522066514529927,0.0,nan
183,16,0.01993244591483103,0.0,nan
183,17,0.17301986066381697,1.0,nan
183,18,0.006973978558546037,0.0,nan
183,19,0.026566745973190413,0.0,nan
183,20,0.016527379537842998,0.0,nan
183,21,0.028124994381716017,0.0,nan
183,22,0.16841041800610207,1.0,nan
183,23,0.01251570036304797,0.0,nan
183,24,0.01936994623891347,0.0,nan
183,25,0.04166551636055659,0.0,nan
183,26,0.006434082627877834,0.0,nan
183,27,0.130632054571121,0.0,nan
183,28,0.026309962354063177,0.0,nan
183,29,0.015808548114959256,0.0,nan
183,30,0.0846228795356794,0.0,nan
183,31,0.0086989797046388,0.0,nan
183,32,0.016500479890724035,0.0,nan
183,33,0.01737993847699327,0.0,nan
183,34,0.04735335108372845,0.0,nan
183,35,0.03146660265959666,0.0,nan
183,36,0.8791769196031217,1.0,nan
183,37,0.006760969868988106,0.0,nan
183,38,0.013093014597426083,0.0,nan
183,39,0.18474310926697984,1.0,nan
183,40,0.015287309892695888,0.0,nan
183,41,0.22513209648958016,1.0,nan
183,42,0.023518438247017805,0.0,nan
183,43,0.05515805721644191,0.0,nan
183,44,0.011148233760909268,0.0,nan
183,45,0.03016216979045838,0.0,nan
183,46,0.12350587536901618,0.0,nan
183,47,0.011917881419516246,0.0,nan
183,48,1.737612302724007,1.0,nan
183,49,0.06476969025431831,0.0,nan
183,50,0.1967640408708084,1.0,nan
183,51,0.010560518677919396,0.0,nan
183,52,0.12386870069689097,0.0,nan
183,53,0.023116759320425305,0.0,nan
183,54,0.09442700979102835,0.0,nan
183,55,0.01725553266240626,0.0,nan
183,56,0.030316148300047273,0.0,nan
183,57,0.0701123544473826,0.0,nan
183,58,0.013328480741224944,0.0,nan
183,59,0.04883418244040096,0.0,nan
183,60,0.05031994107580279,0.0,nan
183,61,0.012789873023066433,0.0,nan
183,62,0.976263377251541,1.0,nan
183,63,0.007218950428091198,0.0,nan
183,64,0.007641186415652944,0.0,nan
183,65,0.018434872305170224,0.0,nan
183,66,0.6033936915694043,1.0,nan
183,67,0.01565659698519371,0.0,nan
183,68,0.03800826153237649,0.0,nan
183,69,0.186594421353154,1.0,nan
183,70,0.09399119240563289,0.0,nan
183,71,0.013594362837634665,0.0,nan
183,72,0.017331743328964942,0.0,nan
183,73,0.018266884672456938,0.0,nan
183,74,0.02164650183525898,0.0,nan
183,75,0.05579003566746193,0.0,nan
183,76,0.20493898742188207,1.0,nan
183,77,0.00786405682141522,0.0,nan
183,78,0.16084822095962198,1.0,nan
183,79,0.05005657070752222,0.0,nan
183,80,0.01348548598781575,0.0,nan
183,81,0.017659063628918482,0.0,nan
183,82,0.055637561313365995,0.0,nan
183,83,0.06574193354942139,0.0,nan
183,84,0.01000563786582109,0.0,nan
183,85,0.1096611181735263,0.0,nan
183,86,0.05372913287653296,0.0,nan
183,87,6.775923848154566,1.0,nan
183,88,0.02177555316464662,0.0,nan
183,89,0.04092654859338408,0.0,nan
183,90,0.03802218510193797,0.0,nan
183,91,0.08494822069553862,0.0,nan
183,92,0.01502610132240187,0.0,nan
183,93,0.021592172984594787,0.0,nan
183,94,0.01235590143381839,0.0,nan
183,95,0.012363726859004574,0.0,nan
183,96,0.05132982314742424,0.0,nan
183,97,0.0226505423246959,0.0,nan
183,98,0.007273001463770741,0.0,nan
183,99,0.011149752475905723,0.0,nan
184,0,0.013478449484939918,0.0,nan
184,1,0.014854633893546307,0.0,nan
184,2,0.10325188042749277,0.0,nan
184,3,0.017633467258735252,0.0,nan
184,4,0.03468407644798827,0.0,nan
184,5,0.014766938540800132,0.0,nan
184,6,0.008199142991882914,0.0,nan
184,7,0.09206868946436404,0.0,nan
184,8,0.013653614374323591,0.0,nan
184,9,0.08625068296979134,0.0,nan
184,10,0.031462776237115714,0.0,nan
184,11,0.006645833683875767,0.0,nan
184,12,0.9652329816312656,1.0,nan
184,13,0.07937676424412723,0.0,nan
184,14,0.009260049368598235,0.0,nan
184,15,0.024063073296179658,0.0,nan
184,16,0.015887534144401905,0.0,nan
184,17,0.14817459734693667,0.0,nan
184,18,0.005663739306721763,0.0,nan
184,19,0.022942504087545505,0.0,nan
184,20,0.012719545018929598,0.0,nan
184,21,0.02773183068038735,0.0,nan
184,22,0.10779470815630639,0.0,nan
184,23,0.010085195513370834,0.0,nan
184,24,0.01875729529137826,0.0,nan
184,25,0.03712124397633266,0.0,nan
184,26,0.005274232381777036,0.0,nan
184,27,0.11102785142122631,0.0,nan
184,28,0.023946805210212023,0.0,nan
184,29,0.013599178153979838,0.0,nan
184,30,0.08120635092161263,0.0,nan
184,31,0.007132919507706639,0.0,nan
184,32,0.014495314540422927,0.0,nan
184,33,0.014155898723564769,0.0,nan
184,34,0.048452531470367106,0.0,nan
184,35,0.027755540946376785,0.0,nan
184,36,0.7877219895731957,1.0,nan
184,37,0.005497007503869611,0.0,nan
184,38,0.011018671518988856,0.0,nan
184,39,0.29258936144700953,1.0,nan
184,40,0.01289521354387958,0.0,nan
184,41,0.2417769569548974,1.0,nan
184,42,0.020828916265903837,0.0,nan
184,43,0.04915969651887395,0.0,nan
184,44,0.009440558096589143,0.0,nan
184,45,0.027519627830515897,0.0,nan
184,46,0.10586219954891503,0.0,nan
184,47,0.01010222138633789,0.0,nan
184,48,1.922301620364364,1.0,nan
184,49,0.06274730965842162,0.0,nan
184,50,0.17861342296807517,1.0,nan
184,51,0.009080670087018345,0.0,nan
184,52,0.11119999691934596,0.0,nan
184,53,0.021227852951920468,0.0,nan
184,54,0.058478632625558025,0.0,nan
184,55,0.015574930710211182,0.0,nan
184,56,0.020580419902882424,0.0,nan
184,57,0.07287824510418558,0.0,nan
184,58,0.011465180888664226,0.0,nan
184,59,0.04422781978072291,0.0,nan
184,60,0.05110887868420835,0.0,nan
184,61,0.010964572574676656,0.0,nan
184,62,1.0392420021255997,1.0,nan
184,63,0.005872813509699923,0.0,nan
184,64,0.006326311985388889,0.0,nan
184,65,0.016693350083151155,0.0,nan
184,66,0.5567474593163578,1.0,nan
184,67,0.013346968657168834,0.0,nan
184,68,0.03878740459334706,0.0,nan
184,69,0.19115232379657668,1.0,nan
184,70,0.09966871059214338,0.0,nan
184,71,0.011915193440582283,0.0,nan
184,72,0.014495596095085442,0.0,nan
184,73,0.016611024984867617,0.0,nan
184,74,0.017696527693989036,0.0,nan
184,75,0.06465639756973665,0.0,nan
184,76,0.42154325388820557,1.0,nan
184,77,0.006585964884416563,0.0,nan
184,78,0.16008993482245146,1.0,nan
184,79,0.04657819067663153,0.0,nan
184,80,0.011605068625897486,0.0,nan
184,81,0.015456481760739632,0.0,nan
184,82,0.054278516960415475,0.0,nan
184,83,0.06279388242129494,0.0,nan
184,84,0.00834353831634599,0.0,nan
184,85,0.12090777051668457,0.0,nan
184,86,0.035762679910261816,0.0,nan
184,87,6.7287067854508456,1.0,nan
184,88,0.019653555402046496,0.0,nan
184,89,0.03544722557675013,0.0,nan
184,90,0.03755489908900987,0.0,nan
184,91,0.08073972771867098,0.0,nan
184,92,0.012707709444722971,0.0,nan
184,93,0.018438762538577787,0.0,nan
184,94,0.010480367554336095,0.0,nan
184,95,0.010478071184981457,0.0,nan
184,96,0.04892542699790349,0.0,nan
184,97,0.02083738414133452,0.0,nan
184,98,0.005922297688569235,0.0,nan
184,99,0.009629829875076042,0.0,nan
185,0,0.002428649817476714,0.0,nan
185,1,0.0007003522077108208,0.0,nan
185,2,9.855139145051031e-06,0.0,nan
185,3,8.874305043061047e-05,0.0,nan
185,4,1.2436771986245121e-05,0.0,nan
185,5,7.955698562153013e-06,0.0,nan
185,6,3.68359556798886e-05,0.0,nan
185,7,0.0006924339945198455,0.0,nan
185,8,0.00018054194411893482,0.0,nan
185,9,9.575130019352568e-05,0.0,nan
185,10,0.01429269783395382,0.0,nan
185,11,0.008154982047093922,0.0,nan
185,12,0.018070300544881762,0.0,nan
185,13,0.0004968202489174753,0.0,nan
185,14,0.000262558780006613,0.0,nan
185,15,0.00044229815921362637,0.0,nan
185,16,5.3383867540712174e-05,0.0,nan
185,17,0.016174354164956224,0.0,nan
185,18,8.634688194263228e-06,0.0,nan
185,19,6.47703597249798e-06,0.0,nan
185,20,0.008174231947985043,0.0,nan
185,21,0.0128213400123479,0.0,nan
185,22,0.011869487580913215,0.0,nan
185,23,4.67604068364138e-05,0.0,nan
185,24,0.0008139650372279444,0.0,nan
185,25,0.0025331003134659606,0.0,nan
185,26,0.008514829403708951,0.0,nan
185,27,4.4712909769931714e-05,0.0,nan
185,28,0.014581858631371654,0.0,nan
185,29,1.6429678859756926e-08,0.0,nan
185,30,0.002948964480125231,0.0,nan
185,31,9.571441381661129e-08,0.0,nan
185,32,2.442676881165692e-06,0.0,nan
185,33,0.017973972797993506,0.0,nan
185,34,0.0003770524182232133,0.0,nan
185,35,0.0022054572942283228,0.0,nan
185,36,0.0015077546947028318,0.0,nan
185,37,0.012173843275768521,0.0,nan
185,38,5.968197967807485e-05,0.0,nan
185,39,0.0019619188988260422,0.0,nan
185,40,1.2413294695305797e-06,0.0,nan
185,41,1.4669498866378602e-05,0.0,nan
185,42,0.004533729424053968,0.0,nan
185,43,0.017804003391195568,0.0,nan
185,44,0.002413050613094649,0.0,nan
185,45,0.022002376764412267,0.0,nan
185,46,0.009575143575135362,0.0,nan
185,47,0.0001790087500502438,0.0,nan
185,48,0.032119133790099084,0.0,nan
185,49,0.0005771182883218554,0.0,nan
185,50,0.0009302770117383704,0.0,nan
185,51,3.277308949079811e-05,0.0,nan
185,52,2.0583504337757926e-05,0.0,nan
185,53,0.024690192094403242,0.0,nan
185,54,0.005771199919248146,0.0,nan
185,55,0.015356869467870089,0.0,nan
185,56,0.0182534989517056,0.0,nan
185,57,1.087115149609744e-06,0.0,nan
185,58,6.913627031057646e-05,0.0,nan
185,59,8.155594180790041e-05,0.0,nan
185,60,0.0003154398572760514,0.0,nan
185,61,0.018822872842804293,0.0,nan
185,62,1.439511168988134e-05,0.0,nan
185,63,2.9947547511997646e-05,0.0,nan
185,64,0.0006386893264285484,0.0,nan
185,65,0.016530259824574258,0.0,nan
185,66,0.0033263963149795196,0.0,nan
185,67,1.3841487520807416e-07,0.0,nan
185,68,0.030236827491517057,0.0,nan
185,69,0.0012172096149404587,0.0,nan
185,70,0.009753369290505876,0.0,nan
185,71,0.004181293290193337,0.0,nan
185,72,0.0003137720615877665,0.0,nan
185,73,0.0004946304832443937,0.0,nan
185,74,0.00020457515362958014,0.0,nan
185,75,0.0012311785800354208,0.0,nan
185,76,0.020463195068128222,0.0,nan
185,77,1.0181394564339383e-05,0.0,nan
185,78,9.879541381316693e-05,0.0,nan
185,79,0.020822238484054012,0.0,nan
185,80,0.015928204824451384,0.0,nan
185,81,0.004840140687912732,0.0,nan
185,82,0.000412477425966444,0.0,nan
185,83,2.017495358787256e-05,0.0,nan
185,84,0.008292035952107332,0.0,nan
185,85,0.019677249195494073,0.0,nan
185,86,1.323617427558739e-05,0.0,nan
185,87,0.017472045047523678,0.0,nan
185,88,0.022781151442734234,0.0,nan
185,89,9.151426734244437e-07,0.0,nan
185,90,0.0003408123453246902,0.0,nan
185,91,0.0012330140070556824,0.0,nan
185,92,6.634350521895017e-05,0.0,nan
185,93,0.000929763148467833,0.0,nan
185,94,5.0482522565566084e-05,0.0,nan
185,95,0.0005096942676714006,0.0,nan
185,96,0.0011796945335555207,0.0,nan
185,97,0.024181624048414188,0.0,nan
185,98,0.00010601031807168661,0.0,nan
185,99,0.014829706447612527,0.0,nan
186,0,0.012284720738403091,0.0,nan
186,1,0.010402534103658715,0.0,nan
186,2,0.1203714615610472,0.0,nan
186,3,0.02008002110828825,0.0,nan
186,4,0.030142021315968975,0.0,nan
186,5,0.016622951909422447,0.0,nan
186,6,0.008194303571409857,0.0,nan
186,7,0.04217505248995765,0.0,nan
186,8,0.015617289057152369,0.0,nan
186,9,0.2168426381368675,1.0,nan
186,10,0.031801906038069025,0.0,nan
186,11,0.006821630153234041,0.0,nan
186,12,1.0513997762327336,1.0,nan
186,13,0.020470773791127075,0.0,nan
186,14,0.008240100970046833,0.0,nan
186,15,0.01986353780825612,0.0,nan
186,16,0.01637533812332114,0.0,nan
186,17,0.16417419647959328,1.0,nan
186,18,0.005225127568681492,0.0,nan
186,19,0.013699049690280504,0.0,nan
186,20,0.013255013069729277,0.0,nan
186,21,0.021212478504596535,0.0,nan
186,22,0.14798411408371503,0.0,nan
186,23,0.009721684995854286,0.0,nan
186,24,0.01718687310781551,0.0,nan
186,25,0.043093029616779396,0.0,nan
186,26,0.005255936717365071,0.0,nan
186,27,0.0852035767841531,0.0,nan
186,28,0.014164787193239974,0.0,nan
186,29,0.012147084480854857,0.0,nan
186,30,0.0752729669698658,0.0,nan
186,31,0.0075626120124319225,0.0,nan
186,32,0.01293989412605123,0.0,nan
186,33,0.0176459613625786,0.0,nan
186,34,0.04025434898896577,0.0,nan
186,35,0.01929572568555825,0.0,nan
186,36,0.828906838249549,1.0,nan
186,37,0.0054300954604861815,0.0,nan
186,38,0.013954874551598676,0.0,nan
186,39,0.22367082784183573,1.0,nan
186,40,0.012715316597182752,0.0,nan
186,41,0.2538518749950069,1.0,nan
186,42,0.023255064912219986,0.0,nan
186,43,0.041731246934452924,0.0,nan
186,44,0.009271297560193988,0.0,nan
186,45,0.016320903224635096,0.0,nan
186,46,0.12814996586716024,0.0,nan
186,47,0.010710911131791059,0.0,nan
186,48,1.8774998237770864,1.0,nan
186,49,0.06610871920163038,0.0,nan
186,50,0.23434436788653684,1.0,nan
186,51,0.007814604639941816,0.0,nan
186,52,0.0925947189906295,0.0,nan
186,53,0.013927422542850022,0.0,nan
186,54,0.07667390489294265,0.0,nan
186,55,0.0130362245999411,0.0,nan
186,56,0.02549825255652784,0.0,nan
186,57,0.0625944430315494,0.0,nan
186,58,0.009713361995362279,0.0,nan
186,59,0.044537445371293546,0.0,nan
186,60,0.04447328902407593,0.0,nan
186,61,0.010641036476929804,0.0,nan
186,62,1.050256885500974,1.0,nan
186,63,0.006181911436021331,0.0,nan
186,64,0.006039917175913583,0.0,nan
186,65,0.013248693023952832,0.0,nan
186,66,0.5867552758037222,1.0,nan
186,67,0.011875813000452835,0.0,nan
186,68,0.036953759290671365,0.0,nan
186,69,0.2089032797564086,1.0,nan
186,70,0.062445023053534006,0.0,nan
186,71,0.011955754173799573,0.0,nan
186,72,0.016023369023338882,0.0,nan
186,73,0.016560968317769285,0.0,nan
186,74,0.015060987277454163,0.0,nan
186,75,0.052795062662029574,0.0,nan
186,76,0.12314812699514252,0.0,nan
186,77,0.006447824278576029,0.0,nan
186,78,0.019292141218990477,0.0,nan
186,79,0.05137471169384274,0.0,nan
186,80,0.012080755162773982,0.0,nan
186,81,0.015723517443631083,0.0,nan
186,82,0.04947073188667275,0.0,nan
186,83,0.05882399197801894,0.0,nan
186,84,0.008410148119595126,0.0,nan
186,85,0.043138611845973125,0.0,nan
186,86,0.03529952028834247,0.0,nan
186,87,6.463478367505111,1.0,nan
186,88,0.014116431423539086,0.0,nan
186,89,0.022662372152209655,0.0,nan
186,90,0.030475622296931307,0.0,nan
186,91,0.07417054854963383,0.0,nan
186,92,0.01069418123449108,0.0,nan
186,93,0.022274546016928045,0.0,nan
186,94,0.009588605018544572,0.0,nan
186,95,0.011039820736477902,0.0,nan
186,96,0.033742894246698435,0.0,nan
186,97,0.01402581982151834,0.0,nan
186,98,0.005894894564355156,0.0,nan
186,99,0.008865320664658723,0.0,nan
187,0,0.013809649075101758,0.0,nan
187,1,0.01226457227691502,0.0,nan
187,2,0.12720191754898197,0.0,nan
187,3,0.01963999731568072,0.0,nan
187,4,0.037208668186389605,0.0,nan
187,5,0.016605604495174616,0.0,nan
187,6,0.009119907203365083,0.0,nan
187,7,0.06948008108559096,0.0,nan
187,8,0.015799750540307144,0.0,nan
187,9,0.1810231519200465,1.0,nan
187,10,0.034109806851078846,0.0,nan
187,11,0.007320319322724665,0.0,nan
187,12,0.8475060911570497,1.0,nan
187,13,0.020522313396039403,0.0,nan
187,14,0.008598017560917331,0.0,nan
187,15,0.018784125268732292,0.0,nan
187,16,0.015477761897879888,0.0,nan
187,17,0.1371725607851034,0.0,nan
187,18,0.005975797383721944,0.0,nan
187,19,0.013557563554610715,0.0,nan
187,20,0.013813065500814854,0.0,nan
187,21,0.02018051223485589,0.0,nan
187,22,0.12167275608306975,0.0,nan
187,23,0.01052909365686869,0.0,nan
187,24,0.01862138060308613,0.0,nan
187,25,0.040148373298530514,0.0,nan
187,26,0.005746861060692113,0.0,nan
187,27,0.05567020858127473,0.0,nan
187,28,0.013719986454504542,0.0,nan
187,29,0.013099178512827459,0.0,nan
187,30,0.08679922848369136,0.0,nan
187,31,0.007717453089576708,0.0,nan
187,32,0.014389471170804155,0.0,nan
187,33,0.019994719924655718,0.0,nan
187,34,0.04415714857073949,0.0,nan
187,35,0.022694583228131192,0.0,nan
187,36,0.8517990400193849,1.0,nan
187,37,0.005776536895049657,0.0,nan
187,38,0.015782418203584243,0.0,nan
187,39,0.26386550514072027,1.0,nan
187,40,0.012299406032792018,0.0,nan
187,41,0.28760010940182024,1.0,nan
187,42,0.02320228911045765,0.0,nan
187,43,0.04275100861937858,0.0,nan
187,44,0.00990944495637152,0.0,nan
187,45,0.015392151742010897,0.0,nan
187,46,0.11913331889348376,0.0,nan
187,47,0.010812594687487805,0.0,nan
187,48,1.6735753617310927,1.0,nan
187,49,0.06147397621565166,0.0,nan
187,50,0.19335105376719144,1.0,nan
187,51,0.01011169010755475,0.0,nan
187,52,0.1032501120066037,0.0,nan
187,53,0.013788140757637022,0.0,nan
187,54,0.056950877673870255,0.0,nan
187,55,0.012646116289847386,0.0,nan
187,56,0.02659707832896887,0.0,nan
187,57,0.0680184331930446,0.0,nan
187,58,0.010271740870032776,0.0,nan
187,59,0.04300984032280966,0.0,nan
187,60,0.048415578229172765,0.0,nan
187,61,0.011399576909474815,0.0,nan
187,62,1.0704547982418249,1.0,nan
187,63,0.0064667254856395915,0.0,nan
187,64,0.007097404361544428,0.0,nan
187,65,0.014591840537822106,0.0,nan
187,66,0.551320061263934,1.0,nan
187,67,0.012516194717844516,0.0,nan
187,68,0.04205132768441494,0.0,nan
187,69,0.15958859109749868,1.0,nan
187,70,0.09213051189401382,0.0,nan
187,71,0.012974651614284185,0.0,nan
187,72,0.018136941971003566,0.0,nan
187,73,0.020703859611186474,0.0,nan
187,74,0.014152535792794808,0.0,nan
187,75,0.06672753880647793,0.0,nan
187,76,0.45172914542446024,1.0,nan
187,77,0.006838433168275507,0.0,nan
187,78,0.02262465577197375,0.0,nan
187,79,0.055397638530561656,0.0,nan
187,80,0.014757345735799678,0.0,nan
187,81,0.016648961138584235,0.0,nan
187,82,0.05153619886157853,0.0,nan
187,83,0.06026508896308387,0.0,nan
187,84,0.0095787598140471,0.0,nan
187,85,0.05564428002979171,0.0,nan
187,86,0.0314873146818322,0.0,nan
187,87,6.404552691420989,1.0,nan
187,88,0.013576699444076171,0.0,nan
187,89,0.024758675688548896,0.0,nan
187,90,0.03382060550502685,0.0,nan
187,91,0.06052315829473968,0.0,nan
187,92,0.011700070358225345,0.0,nan
187,93,0.03591606193308067,0.0,nan
187,94,0.009441227380263607,0.0,nan
187,95,0.011562979523252468,0.0,nan
187,96,0.057567779539792044,0.0,nan
187,97,0.013306902854703123,0.0,nan
187,98,0.006400784527647656,0.0,nan
187,99,0.009065759745181161,0.0,nan
188,0,0.012300721440313332,0.0,nan
188,1,0.009233129999903285,0.0,nan
188,2,0.1401987935543309,0.0,nan
188,3,0.021387218963557792,0.0,nan
188,4,0.02980699770396165,0.0,nan
188,5,0.017549714802139335,0.0,nan
188,6,0.00817775238168914,0.0,nan
188,7,0.04091230609048865,0.0,nan
188,8,0.015890942548802963,0.0,nan
188,9,0.20377215390461886,1.0,nan
188,10,0.029433166028712866,0.0,nan
188,11,0.006573571174807809,0.0,nan
188,12,0.8679876430662014,1.0,nan
188,13,0.0197261856337174,0.0,nan
188,14,0.008255062571626335,0.0,nan
188,15,0.019286087189182403,0.0,nan
188,16,0.016414577006140872,0.0,nan
188,17,0.1856719187437966,1.0,nan
188,18,0.0049500917432717265,0.0,nan
188,19,0.01312169394296855,0.0,nan
188,20,0.012084558941030119,0.0,nan
188,21,0.034227440705904735,0.0,nan
188,22,0.16202378832143235,1.0,nan
188,23,0.009550198899576784,0.0,nan
188,24,0.01644757205266802,0.0,nan
188,25,0.044755937803743887,0.0,nan
188,26,0.005158500654838153,0.0,nan
188,27,0.1865394397527518,1.0,nan
188,28,0.01528707328849381,0.0,nan
188,29,0.011695877907868205,0.0,nan
188,30,0.07660739303157447,0.0,nan
188,31,0.007856151131410022,0.0,nan
188,32,0.01278963068644618,0.0,nan
188,33,0.01664758463196578,0.0,nan
188,34,0.03775076973628117,0.0,nan
188,35,0.01684479806252518,0.0,nan
188,36,0.6595195842282444,1.0,nan
188,37,0.005246984174377796,0.0,nan
188,38,0.013672691647052248,0.0,nan
188,39,0.23089791013085517,1.0,nan
188,40,0.013626840206912244,0.0,nan
188,41,0.2102505990457567,1.0,nan
188,42,0.024261948577211256,0.0,nan
188,43,0.04277946871654277,0.0,nan
188,44,0.009190288143078493,0.0,nan
188,45,0.016476677103365384,0.0,nan
188,46,0.1304549473426132,0.0,nan
188,47,0.0099625343165893,0.0,nan
188,48,1.7163720367534483,1.0,nan
188,49,0.07403684168002603,0.0,nan
188,50,0.17180608133022635,1.0,nan
188,51,0.007452902524006284,0.0,nan
188,52,0.1289674255989828,0.0,nan
188,53,0.01568651359881447,0.0,nan
188,54,0.09823706019076932,0.0,nan
188,55,0.01360854578919884,0.0,nan
188,56,0.023872630370817327,0.0,nan
188,57,0.061688826836065434,0.0,nan
188,58,0.009895234851735588,0.0,nan
188,59,0.04646476111694353,0.0,nan
188,60,0.048997266589349525,0.0,nan
188,61,0.010242829535813451,0.0,nan
188,62,0.9519334508465389,1.0,nan
188,63,0.00598599553958716,0.0,nan
188,64,0.005636241464625975,0.0,nan
188,65,0.012731611669525762,0.0,nan
188,66,0.5251541400187719,1.0,nan
188,67,0.01165079198740274,0.0,nan
188,68,0.03780702236734474,0.0,nan
188,69,0.18182865262220346,1.0,nan
188,70,0.07689228854402579,0.0,nan
188,71,0.012022459145801257,0.0,nan
188,72,0.015668195133579133,0.0,nan
188,73,0.01597472934392544,0.0,nan
188,74,0.01635480200962644,0.0,nan
188,75,0.052050023224398834,0.0,nan
188,76,0.10501488537115741,0.0,nan
188,77,0.006440425769351223,0.0,nan
188,78,0.02121569728957243,0.0,nan
188,79,0.04989677821967345,0.0,nan
188,80,0.01110604875295308,0.0,nan
188,81,0.01648542600315351,0.0,nan
188,82,0.04677190433313462,0.0,nan
188,83,0.06232388172072323,0.0,nan
188,84,0.00817432510357374,0.0,nan
188,85,0.035803725779793176,0.0,nan
188,86,0.032898484529269946,0.0,nan
188,87,6.163453173217626,1.0,nan
188,88,0.014816092277209408,0.0,nan
188,89,0.02107342828508874,0.0,nan
188,90,0.03235013004488224,0.0,nan
188,91,0.10915713920065968,0.0,nan
188,92,0.010035064503562514,0.0,nan
188,93,0.01834192788004117,0.0,nan
188,94,0.009840219279435862,0.0,nan
188,95,0.01107936283774704,0.0,nan
188,96,0.03111282457094847,0.0,nan
188,97,0.013784492996518271,0.0,nan
188,98,0.005699816231346062,0.0,nan
188,99,0.009007646079596062,0.0,nan
189,0,0.011769231602945875,0.0,nan
189,1,0.00930345648923098,0.0,nan
189,2,0.13139730806210048,0.0,nan
189,3,0.017986289982752587,0.0,nan
189,4,0.029714462814199757,0.0,nan
189,5,0.015712678521131077,0.0,nan
189,6,0.008138243941983815,0.0,nan
189,7,0.05314494052058552,0.0,nan
189,8,0.014584575247933149,0.0,nan
189,9,0.20800465534878015,1.0,nan
189,10,0.029959374698368253,0.0,nan
189,11,0.0060702548943692,0.0,nan
189,12,1.1279633582592103,1.0,nan
189,13,0.02131210482405557,0.0,nan
189,14,0.00807289169701556,0.0,nan
189,15,0.018208323043497544,0.0,nan
189,16,0.015043641281397726,0.0,nan
189,17,0.16579159607714114,1.0,nan
189,18,0.0050444854493108164,0.0,nan
189,19,0.012392844591332004,0.0,nan
189,20,0.01167275826304577,0.0,nan
189,21,0.02442897997908685,0.0,nan
189,22,0.13124103702568457,0.0,nan
189,23,0.009206962911123651,0.0,nan
189,24,0.016683241205612143,0.0,nan
189,25,0.040436002524525165,0.0,nan
189,26,0.0051100133456134815,0.0,nan
189,27,0.11981738800350081,0.0,nan
189,28,0.015310222575001432,0.0,nan
189,29,0.011393095852730739,0.0,nan
189,30,0.09286437367070761,0.0,nan
189,31,0.007782858461197788,0.0,nan
189,32,0.01298952614244613,0.0,nan
189,33,0.016367243039398082,0.0,nan
189,34,0.03653254717246375,0.0,nan
189,35,0.016895711529524876,0.0,nan
189,36,0.6957353090338935,1.0,nan
189,37,0.004995079545738336,0.0,nan
189,38,0.01331654277087943,0.0,nan
189,39,0.20971901453808825,1.0,nan
189,40,0.012573448490940869,0.0,nan
189,41,0.24155512120435682,1.0,nan
189,42,0.023135659392307342,0.0,nan
189,43,0.03939093519038735,0.0,nan
189,44,0.009004071133684993,0.0,nan
189,45,0.016919122297801355,0.0,nan
189,46,0.12441073321576838,0.0,nan
189,47,0.009388907466006234,0.0,nan
189,48,1.7417656579523422,1.0,nan
189,49,0.07462995684883882,0.0,nan
189,50,0.19827667201308077,1.0,nan
189,51,0.00776337557340162,0.0,nan
189,52,0.11566468969015889,0.0,nan
189,53,0.016994456765193355,0.0,nan
189,54,0.07807933443932136,0.0,nan
189,55,0.01370343990044037,0.0,nan
189,56,0.019174261872469296,0.0,nan
189,57,0.0598388768950882,0.0,nan
189,58,0.00932685469045843,0.0,nan
189,59,0.04410528570216944,0.0,nan
189,60,0.05008974040307081,0.0,nan
189,61,0.009890030380761475,0.0,nan
189,62,1.0997126797896057,1.0,nan
189,63,0.005803804513228809,0.0,nan
189,64,0.0058502459032686496,0.0,nan
189,65,0.013035873039931225,0.0,nan
189,66,0.5741300069248219,1.0,nan
189,67,0.011568862188210597,0.0,nan
189,68,0.04131313083872725,0.0,nan
189,69,0.17699264371810305,1.0,nan
189,70,0.10928307293036293,0.0,nan
189,71,0.011525626607281854,0.0,nan
189,72,0.015498717548290969,0.0,nan
189,73,0.01667528481026688,0.0,nan
189,74,0.018840950767957707,0.0,nan
189,75,0.0517208801391134,0.0,nan
189,76,0.3023377156082241,1.0,nan
189,77,0.0064564910711290184,0.0,nan
189,78,0.027218317010583113,0.0,nan
189,79,0.04876611130981276,0.0,nan
189,80,0.011208445498870664,0.0,nan
189,81,0.01561437797470916,0.0,nan
189,82,0.04755568159811831,0.0,nan
189,83,0.06744247860221107,0.0,nan
189,84,0.00822481129408031,0.0,nan
189,85,0.03744255153165403,0.0,nan
189,86,0.029215630528957894,0.0,nan
189,87,6.020173653688918,1.0,nan
189,88,0.014765538284901354,0.0,nan
189,89,0.02088473349630279,0.0,nan
189,90,0.03603991883890664,0.0,nan
189,91,0.051122333970162935,0.0,nan
189,92,0.010275864096797887,0.0,nan
189,93,0.01993749853959569,0.0,nan
189,94,0.009815113325308667,0.0,nan
189,95,0.0109051754112164,0.0,nan
189,96,0.03247155086678297,0.0,nan
189,97,0.013465233745383554,0.0,nan
189,98,0.005709504386378013,0.0,nan
189,99,0.0082905942239211,0.0,nan
190,0,0.012846851624051196,0.0,nan
190,1,0.010481334026510749,0.0,nan
190,2,0.10988948466199203,0.0,nan
190,3,0.017305086882239498,0.0,nan
190,4,0.03629394871799417,0.0,nan
190,5,0.015582930811622132,0.0,nan
190,6,0.00937738290687326,0.0,nan
190,7,0.07905941719016976,0.0,nan
190,8,0.015569758050306996,0.0,nan
190,9,0.16608103592917142,1.0,nan
190,10,0.03562449256110805,0.0,nan
190,11,0.0065799053685514745,0.0,nan
190,12,0.8693605299283688,1.0,nan
190,13,0.025647322482478464,0.0,nan
190,14,0.008816094564461755,0.0,nan
190,15,0.019969275289128535,0.0,nan
190,16,0.015641454741099958,0.0,nan
190,17,0.1566968884415491,1.0,nan
190,18,0.00560973446647858,0.0,nan
190,19,0.013260875210311733,0.0,nan
190,20,0.013050669022613353,0.0,nan
190,21,0.023290009596047684,0.0,nan
190,22,0.08426295803244364,0.0,nan
190,23,0.010203957977660142,0.0,nan
190,24,0.019443501217738923,0.0,nan
190,25,0.040281504471317106,0.0,nan
190,26,0.005536604531469403,0.0,nan
190,27,0.02866307558512912,0.0,nan
190,28,0.0175219972459264,0.0,nan
190,29,0.012588837745900892,0.0,nan
190,30,0.10008985273162334,0.0,nan
190,31,0.008651809541911313,0.0,nan
190,32,0.014859822247879408,0.0,nan
190,33,0.017920109707536783,0.0,nan
190,34,0.04287760067046253,0.0,nan
190,35,0.018191513992984916,0.0,nan
190,36,0.842890359526648,1.0,nan
190,37,0.005288014199473248,0.0,nan
190,38,0.015115769380704022,0.0,nan
190,39,0.27360567187827417,1.0,nan
190,40,0.013231273429149492,0.0,nan
190,41,0.2899308591247579,1.0,nan
190,42,0.02471121899072161,0.0,nan
190,43,0.043540891182608905,0.0,nan
190,44,0.010080392684256095,0.0,nan
190,45,0.01898123753946003,0.0,nan
190,46,0.14449025191980758,0.0,nan
190,47,0.010103770596689252,0.0,nan
190,48,1.5961840095571869,1.0,nan
190,49,0.07390650307822708,0.0,nan
190,50,0.20797669258752308,1.0,nan
190,51,0.008615812591309089,0.0,nan
190,52,0.10769572568808715,0.0,nan
190,53,0.01967313636818561,0.0,nan
190,54,0.0565473418189764,0.0,nan
190,55,0.015403089733134931,0.0,nan
190,56,0.018048327707111737,0.0,nan
190,57,0.0673881089170008,0.0,nan
190,58,0.010269624290209401,0.0,nan
190,59,0.04524627748725564,0.0,nan
190,60,0.052685254675563946,0.0,nan
190,61,0.011137490490164544,0.0,nan
190,62,1.1208136767199461,1.0,nan
190,63,0.006421315309695798,0.0,nan
190,64,0.006670132729874448,0.0,nan
190,65,0.0147707650794467,0.0,nan
190,66,0.44755295439792286,1.0,nan
190,67,0.013011596270109515,0.0,nan
190,68,0.04917334868455423,0.0,nan
190,69,0.16976928148306814,1.0,nan
190,70,0.10479476892257679,0.0,nan
190,71,0.012840901662542856,0.0,nan
190,72,0.01746763628863036,0.0,nan
190,73,0.02091941813619468,0.0,nan
190,74,0.02137083671153755,0.0,nan
190,75,0.06291097537212804,0.0,nan
190,76,0.46958095742045464,1.0,nan
190,77,0.007073803845893619,0.0,nan
190,78,0.03024184292005649,0.0,nan
190,79,0.052803202760878507,0.0,nan
190,80,0.012776432781334026,0.0,nan
190,81,0.017321893546679307,0.0,nan
190,82,0.051488740952394835,0.0,nan
190,83,0.06816698731466946,0.0,nan
190,84,0.008942511673722812,0.0,nan
190,85,0.051513362617504284,0.0,nan
190,86,0.027621729440597334,0.0,nan
190,87,6.230787224729105,1.0,nan
190,88,0.01657023746276904,0.0,nan
190,89,0.024325105462617493,0.0,nan
190,90,0.038678104829407686,0.0,nan
190,91,0.08754138007485207,0.0,nan
190,92,0.011430470715987079,0.0,nan
190,93,0.022266378959609263,0.0,nan
190,94,0.010781672235623282,0.0,nan
190,95,0.012222564436582595,0.0,nan
190,96,0.03441013961859566,0.0,nan
190,97,0.015120734766228166,0.0,nan
190,98,0.006379872719030525,0.0,nan
190,99,0.009085013308788114,0.0,nan
191,0,0.013770301982071367,0.0,nan
191,1,0.012514605416550487,0.0,nan
191,2,0.1257759703425223,0.0,nan
191,3,0.01900206650086361,0.0,nan
191,4,0.03328270669356257,0.0,nan
191,5,0.01667520844305736,0.0,nan
191,6,0.009582543271773134,0.0,nan
191,7,0.06700369292008371,0.0,nan
191,8,0.015991727582852364,0.0,nan
191,9,0.2042177516799505,1.0,nan
191,10,0.0342856047054517,0.0,nan
191,11,0.007209595660421422,0.0,nan
191,12,0.9368761930138061,1.0,nan
191,13,0.023650028613973504,0.0,nan
191,14,0.009276227238670852,0.0,nan
191,15,0.01970687924341171,0.0,nan
191,16,0.015667437022014143,0.0,nan
191,17,0.14529684080374095,0.0,nan
191,18,0.00641812330264208,0.0,nan
191,19,0.013001194939572639,0.0,nan
191,20,0.013372586461494909,0.0,nan
191,21,0.025665808294601123,0.0,nan
191,22,0.09143807906710663,0.0,nan
191,23,0.01089493187625066,0.0,nan
191,24,0.01875286507803684,0.0,nan
191,25,0.04250243935567417,0.0,nan
191,26,0.006304635787037571,0.0,nan
191,27,0.11556358600968429,0.0,nan
191,28,0.01696261474348458,0.0,nan
191,29,0.013622452012846602,0.0,nan
191,30,0.09151374136973163,0.0,nan
191,31,0.008298688386326148,0.0,nan
191,32,0.015107649933749169,0.0,nan
191,33,0.018794577214412522,0.0,nan
191,34,0.04421571035231126,0.0,nan
191,35,0.02123563610226171,0.0,nan
191,36,0.9329953051503873,1.0,nan
191,37,0.005876650657112767,0.0,nan
191,38,0.01598562185460504,0.0,nan
191,39,0.2798103266912889,1.0,nan
191,40,0.013250483523393109,0.0,nan
191,41,0.21764471437912972,1.0,nan
191,42,0.02433463402256454,0.0,nan
191,43,0.04378560976591601,0.0,nan
191,44,0.010471019565981456,0.0,nan
191,45,0.01758335819693969,0.0,nan
191,46,0.12441228747732466,0.0,nan
191,47,0.010657655473384826,0.0,nan
191,48,1.732906597326787,1.0,nan
191,49,0.07224452213126602,0.0,nan
191,50,0.21634999346490308,1.0,nan
191,51,0.010409706477485325,0.0,nan
191,52,0.11670043708947174,0.0,nan
191,53,0.01872550883495292,0.0,nan
191,54,0.0803492818121809,0.0,nan
191,55,0.015284752192364933,0.0,nan
191,56,0.020282132535529306,0.0,nan
191,57,0.06801706761026553,0.0,nan
191,58,0.010720436208428432,0.0,nan
191,59,0.04604557901309783,0.0,nan
191,60,0.048929911849418535,0.0,nan
191,61,0.010983617677670282,0.0,nan
191,62,1.0759545726113102,1.0,nan
191,63,0.006603963222465959,0.0,nan
191,64,0.007523616540498773,0.0,nan
191,65,0.015270436877537442,0.0,nan
191,66,0.4699100021620626,1.0,nan
191,67,0.012990910663801349,0.0,nan
191,68,0.04568144705832099,0.0,nan
191,69,0.17140654067450758,1.0,nan
191,70,0.0915128701508752,0.0,nan
191,71,0.013255491304854526,0.0,nan
191,72,0.018194887276991117,0.0,nan
191,73,0.020758429306314462,0.0,nan
191,74,0.021895070379734802,0.0,nan
191,75,0.06555940834991808,0.0,nan
191,76,0.44606681019654326,1.0,nan
191,77,0.007222948194170052,0.0,nan
191,78,0.022119577880396115,0.0,nan
191,79,0.05489366194017348,0.0,nan
191,80,0.014339295860364644,0.0,nan
191,81,0.017532282462981854,0.0,nan
191,82,0.051907374617226144,0.0,nan
191,83,0.06613082326252963,0.0,nan
191,84,0.009885933460529793,0.0,nan
191,85,0.04420536854369505,0.0,nan
191,86,0.03009719650947772,0.0,nan
191,87,6.610437534763434,1.0,nan
191,88,0.015966812910266318,0.0,nan
191,89,0.024587046343315943,0.0,nan
191,90,0.036518924411932774,0.0,nan
191,91,0.09823807858628132,0.0,nan
191,92,0.012143532226807011,0.0,nan
191,93,0.03257609326064537,0.0,nan
191,94,0.010472216597616305,0.0,nan
191,95,0.0121774519564744,0.0,nan
191,96,0.05670712254285534,0.0,nan
191,97,0.014595646556923712,0.0,nan
191,98,0.006752410121107379,0.0,nan
191,99,0.009379867595663902,0.0,nan
192,0,0.007104128704154424,0.0,nan
192,1,0.010157271229742183,0.0,nan
192,2,0.8846248143634191,1.0,nan
192,3,0.11134677670960377,0.0,nan
192,4,0.0053506131536863516,0.0,nan
192,5,0.0003151671905282747,0.0,nan
192,6,0.004780153214771633,0.0,nan
192,7,0.0004455993916229395,0.0,nan
192,8,1.165465399054629e-05,0.0,nan
192,9,0.16909085432908677,1.0,nan
192,10,0.0005758343716154258,0.0,nan
192,11,0.0002008593381166007,0.0,nan
192,12,4.920418792288297e-05,0.0,nan
192,13,3.8866037533356804e-05,0.0,nan
192,14,0.00666985422736281,0.0,nan
192,15,0.01788747360775582,0.0,nan
192,16,0.0008440775621198673,0.0,nan
192,17,0.0003300431144929674,0.0,nan
192,18,0.0003690575140229064,0.0,nan
192,19,0.007597374190655731,0.0,nan
192,20,0.00029397186671842963,0.0,nan
192,21,4.794959969197135e-05,0.0,nan
192,22,0.2909644735894012,1.0,nan
192,23,6.245773926875982e-06,0.0,nan
192,24,0.01265713287729828,0.0,nan
192,25,3.4204051205767962e-06,0.0,nan
192,26,0.0030696106542217588,0.0,nan
192,27,0.5794314267549423,1.0,nan
192,28,5.9029946102942e-05,0.0,nan
192,29,1.5898722523901778e-05,0.0,nan
192,30,0.0004108918773608163,0.0,nan
192,31,0.005332977070154347,0.0,nan
192,32,0.01865832009769965,0.0,nan
192,33,0.018157231400979308,0.0,nan
192,34,1.0469541561391846e-05,0.0,nan
192,35,2.4262633885302367e-05,0.0,nan
192,36,3.825836870836265e-05,0.0,nan
192,37,0.0003238562801083518,0.0,nan
192,38,0.00043878467738735075,0.0,nan
192,39,0.0009077985816510523,0.0,nan
192,40,0.005642068247567502,0.0,nan
192,41,0.0002945792694408517,0.0,nan
192,42,0.011824669806586446,0.0,nan
192,43,0.00029024743685252945,0.0,nan
192,44,0.0007932873549634266,0.0,nan
192,45,0.0019513817471750296,0.0,nan
192,46,0.13030291587085865,0.0,nan
192,47,2.533608406775857e-05,0.0,nan
192,48,10.38972712063082,1.0,nan
192,49,3.242753978984564e-08,0.0,nan
192,50,2.6235663149919867e-05,0.0,nan
192,51,2.248987312291784e-05,0.0,nan
192,52,0.19528598528914404,1.0,nan
192,53,2.0546335496591676e-05,0.0,nan
192,54,0.0011691666298565596,0.0,nan
192,55,3.0052967976976676e-05,0.0,nan
192,56,0.002617356777737718,0.0,nan
192,57,2.7891940908705564e-05,0.0,nan
192,58,3.4482206326227714e-06,0.0,nan
192,59,0.0008100973786485686,0.0,nan
192,60,0.007383348060938633,0.0,nan
192,61,6.0294923740738775e-06,0.0,nan
192,62,0.000631013335317225,0.0,nan
192,63,0.004195055918230979,0.0,nan
192,64,0.0003657586595482318,0.0,nan
192,65,2.224989639029811e-05,0.0,nan
192,66,0.5288607504060026,1.0,nan
192,67,1.8040401395242846e-05,0.0,nan
192,68,0.00045213491350857085,0.0,nan
192,69,1.998550860335661,1.0,nan
192,70,0.0014314517029711188,0.0,nan
192,71,0.000221239342285841,0.0,nan
192,72,0.00013307691664783434,0.0,nan
192,73,2.7287622531505603e-06,0.0,nan
192,74,0.0006107065446036864,0.0,nan
192,75,3.586239076996683e-06,0.0,nan
192,76,1.7872510907590876e-05,0.0,nan
192,77,3.1257693691976775e-05,0.0,nan
192,78,0.00048704233511225856,0.0,nan
192,79,5.3468858743124655e-05,0.0,nan
192,80,2.7410208778946622e-05,0.0,nan
192,81,1.0228822950965192e-05,0.0,nan
192,82,0.0054357613144352624,0.0,nan
192,83,0.00013489633837446274,0.0,nan
192,84,0.006522826107469478,0.0,nan
192,85,2.79334161529591e-06,0.0,nan
192,86,0.3054534223630048,1.0,nan
192,87,7.973823415127413e-08,0.0,nan
192,88,0.00889621407421859,0.0,nan
192,89,0.010304221052053324,0.0,nan
192,90,0.000142607157761233,0.0,nan
192,91,0.01676699470557576,0.0,nan
192,92,0.001913375108002465,0.0,nan
192,93,3.406007480042679e-07,0.0,nan
192,94,0.006380898409436587,0.0,nan
192,95,4.9278098420370674e-05,0.0,nan
192,96,0.0008125753272061879,0.0,nan
192,97,0.0002984781530359591,0.0,nan
192,98,0.0059818498932823596,0.0,nan
192,99,1.7367036470335495e-05,0.0,nan
193,0,0.013723864897787773,0.0,nan
193,1,0.0123188004045085,0.0,nan
193,2,0.09130603555111809,0.0,nan
193,3,0.01746739237104883,0.0,nan
193,4,0.03389253182295797,0.0,nan
193,5,0.015970818705761777,0.0,nan
193,6,0.009313222723455814,0.0,nan
193,7,0.08085203299926078,0.0,nan
193,8,0.015605413219652437,0.0,nan
193,9,0.20490150527285445,1.0,nan
193,10,0.03318197663008478,0.0,nan
193,11,0.007048325060680231,0.0,nan
193,12,1.028914019599497,1.0,nan
193,13,0.021788810259871002,0.0,nan
193,14,0.009037187436050562,0.0,nan
193,15,0.01860578360380531,0.0,nan
193,16,0.014568323779864075,0.0,nan
193,17,0.20795743814994558,1.0,nan
193,18,0.0062250837240547035,0.0,nan
193,19,0.011850732369040825,0.0,nan
193,20,0.013022976980635271,0.0,nan
193,21,0.02728410482563222,0.0,nan
193,22,0.1247705710175306,0.0,nan
193,23,0.010734977329005057,0.0,nan
193,24,0.01848495766637227,0.0,nan
193,25,0.0365348346839983,0.0,nan
193,26,0.00634059354635497,0.0,nan
193,27,0.17847157657462795,1.0,nan
193,28,0.01573192456993987,0.0,nan
193,29,0.012839286083468713,0.0,nan
193,30,0.08500384589118508,0.0,nan
193,31,0.007529402404378216,0.0,nan
193,32,0.014795128565711706,0.0,nan
193,33,0.018757379970080153,0.0,nan
193,34,0.04410815300897775,0.0,nan
193,35,0.02110354137032001,0.0,nan
193,36,0.7704078756655575,1.0,nan
193,37,0.005755169078699531,0.0,nan
193,38,0.01578384803734906,0.0,nan
193,39,0.2558307201272907,1.0,nan
193,40,0.012053383963193954,0.0,nan
193,41,0.22698543078764372,1.0,nan
193,42,0.02256652787034112,0.0,nan
193,43,0.050273768068027934,0.0,nan
193,44,0.010129594912297476,0.0,nan
193,45,0.01579037984614069,0.0,nan
193,46,0.12124890723062612,0.0,nan
193,47,0.010183285203452814,0.0,nan
193,48,1.9357942989836268,1.0,nan
193,49,0.05428118495615657,0.0,nan
193,50,0.17253564246407335,1.0,nan
193,51,0.010921642002279616,0.0,nan
193,52,0.09825767542375013,0.0,nan
193,53,0.017022988877908093,0.0,nan
193,54,0.05095855347342966,0.0,nan
193,55,0.014021847314389185,0.0,nan
193,56,0.019842458217438932,0.0,nan
193,57,0.0706708426489854,0.0,nan
193,58,0.010228186644059981,0.0,nan
193,59,0.042395762887115315,0.0,nan
193,60,0.045315832014996685,0.0,nan
193,61,0.010470240124242663,0.0,nan
193,62,0.9972104861321754,1.0,nan
193,63,0.006200732418875663,0.0,nan
193,64,0.007364463025583557,0.0,nan
193,65,0.01488482826765294,0.0,nan
193,66,0.5569602810783805,1.0,nan
193,67,0.01208113174161749,0.0,nan
193,68,0.044008245704580985,0.0,nan
193,69,0.15012865408910694,0.0,nan
193,70,0.0895868040113332,0.0,nan
193,71,0.012963826642476077,0.0,nan
193,72,0.017867048154408753,0.0,nan
193,73,0.020931169672817353,0.0,nan
193,74,0.02059308453607088,0.0,nan
193,75,0.06590792989711455,0.0,nan
193,76,0.2955693590066579,1.0,nan
193,77,0.006408747691607987,0.0,nan
193,78,0.019284416062764466,0.0,nan
193,79,0.05536771851482609,0.0,nan
193,80,0.014242496184461769,0.0,nan
193,81,0.017046464546483786,0.0,nan
193,82,0.06018008085855343,0.0,nan
193,83,0.0584542056819234,0.0,nan
193,84,0.00940880091526852,0.0,nan
193,85,0.045473775599397845,0.0,nan
193,86,0.02824197790798717,0.0,nan
193,87,6.689969169980534,1.0,nan
193,88,0.014420430937257657,0.0,nan
193,89,0.023649360171018385,0.0,nan
193,90,0.03268586579366456,0.0,nan
193,91,0.08417774656920204,0.0,nan
193,92,0.011814646572763723,0.0,nan
193,93,0.03591134561469932,0.0,nan
193,94,0.009562508104551368,0.0,nan
193,95,0.011542013467660896,0.0,nan
193,96,0.0592920879626679,0.0,nan
193,97,0.012381981082883341,0.0,nan
193,98,0.006390931615977121,0.0,nan
193,99,0.008754747066041428,0.0,nan
194,0,0.004100012493496154,0.0,nan
194,1,2.650113028063765e-06,0.0,nan
194,2,0.014414400955572094,0.0,nan
194,3,1.3606612519538746e-05,0.0,nan
194,4,0.0007917749305388133,0.0,nan
194,5,0.001046191012611769,0.0,nan
194,6,0.007639176706247288,0.0,nan
194,7,0.6313045356489929,1.0,nan
194,8,0.0006012396048133482,0.0,nan
194,9,0.13859278094757993,0.0,nan
194,10,3.432791903548636e-05,0.0,nan
194,11,2.948944254488797e-05,0.0,nan
194,12,0.00030470876131304006,0.0,nan
194,13,0.010896352940693355,0.0,nan
194,14,0.0012664276224201704,0.0,nan
194,15,0.0022697702083445824,0.0,nan
194,16,0.0007731847275785453,0.0,nan
194,17,0.4751613418310697,1.0,nan
194,18,6.3107555552091574e-06,0.0,nan
194,19,6.720431263297761e-06,0.0,nan
194,20,0.0006326483197801958,0.0,nan
194,21,0.021402655354944025,0.0,nan
194,22,0.22372013485696246,1.0,nan
194,23,0.0013639417306984642,0.0,nan
194,24,0.018626643358574047,0.0,nan
194,25,0.057046964899095935,0.0,nan
194,26,7.449101829740583e-05,0.0,nan
194,27,0.7866965906801089,1.0,nan
194,28,0.019790710613857537,0.0,nan
194,29,0.009630403992011528,0.0,nan
194,30,0.09201647216656653,0.0,nan
194,31,0.00398311746940637,0.0,nan
194,32,6.174546581114122e-05,0.0,nan
194,33,0.013932566053295835,0.0,nan
194,34,2.9217193577074316e-07,0.0,nan
194,35,0.0005173912574971618,0.0,nan
194,36,2.7579725658230575e-05,0.0,nan
194,37,0.007542872325950186,0.0,nan
194,38,3.4476737723932856e-06,0.0,nan
194,39,0.006984723345977543,0.0,nan
194,40,0.05990059337497024,0.0,nan
194,41,1.3681820951064194,1.0,nan
194,42,0.001929522560565549,0.0,nan
194,43,3.9076764714621985e-06,0.0,nan
194,44,0.0005640177775912601,0.0,nan
194,45,0.000883899863589519,0.0,nan
194,46,3.193486011861473e-05,0.0,nan
194,47,2.6202919122342567e-05,0.0,nan
194,48,25.08674836724597,1.0,nan
194,49,9.840226909767529e-05,0.0,nan
194,50,8.084509526476003e-05,0.0,nan
194,51,0.0001848508351628835,0.0,nan
194,52,0.0029675219294765017,0.0,nan
194,53,0.020323573071500154,0.0,nan
194,54,4.4298462014919674e-06,0.0,nan
194,55,0.0001425910762390035,0.0,nan
194,56,6.825915875890778e-06,0.0,nan
194,57,0.027082862771416687,0.0,nan
194,58,1.8952221197766562e-05,0.0,nan
194,59,6.726649457414267e-06,0.0,nan
194,60,3.805367606829942e-05,0.0,nan
194,61,2.633037841217421e-05,0.0,nan
194,62,0.005195859598870637,0.0,nan
194,63,0.00011119291130737273,0.0,nan
194,64,0.0010066993432113274,0.0,nan
194,65,1.3292009431555727e-06,0.0,nan
194,66,5.387346842538485e-05,0.0,nan
194,67,0.012200902827440139,0.0,nan
194,68,0.15069924717331495,0.0,nan
194,69,0.00025861793195999024,0.0,nan
194,70,0.2930319254804361,1.0,nan
194,71,0.00010719056571082429,0.0,nan
194,72,0.005298154229721464,0.0,nan
194,73,0.03918677154170647,0.0,nan
194,74,0.05926863029775439,0.0,nan
194,75,0.1483491822579907,0.0,nan
194,76,0.33028411854224426,1.0,nan
194,77,0.0003017388948171748,0.0,nan
194,78,0.011203287557260591,0.0,nan
194,79,0.10242128194474082,0.0,nan
194,80,8.044302071301039e-06,0.0,nan
194,81,0.006972874213646944,0.0,nan
194,82,0.039009891507124646,0.0,nan
194,83,0.00022883269081838987,0.0,nan
194,84,0.001410252852713762,0.0,nan
194,85,0.13751021145815442,0.0,nan
194,86,2.934322431896024e-07,0.0,nan
194,87,0.0009811185668239385,0.0,nan
194,88,0.0040411650756029685,0.0,nan
194,89,0.2566862367887608,1.0,nan
194,90,0.03622188846524044,0.0,nan
194,91,0.017619707365245523,0.0,nan
194,92,7.256639673116383e-05,0.0,nan
194,93,0.005849736906614209,0.0,nan
194,94,0.009836786576464873,0.0,nan
194,95,0.006757688516097479,0.0,nan
194,96,6.389779352698459e-05,0.0,nan
194,97,1.762576446191932e-05,0.0,nan
194,98,0.001961771403310002,0.0,nan
194,99,0.005845596407296462,0.0,nan
195,0,0.014271762042827105,0.0,nan
195,1,0.012620821938050456,0.0,nan
195,2,0.11285858605513868,0.0,nan
195,3,0.015401999920420103,0.0,nan
195,4,0.03240713954575582,0.0,nan
195,5,0.014552983620362905,0.0,nan
195,6,0.009443648771717116,0.0,nan
195,7,0.06963134195531794,0.0,nan
195,8,0.014500554823133423,0.0,nan
195,9,0.1854087145613149,1.0,nan
195,10,0.03419872882465756,0.0,nan
195,11,0.006980092625790706,0.0,nan
195,12,0.9235396332632374,1.0,nan
195,13,0.021356893259801068,0.0,nan
195,14,0.00932218260190591,0.0,nan
195,15,0.01772375067242522,0.0,nan
195,16,0.013923281999751354,0.0,nan
195,17,0.1725450075670397,1.0,nan
195,18,0.006013606843831033,0.0,nan
195,19,0.01191772136352292,0.0,nan
195,20,0.012935231289723913,0.0,nan
195,21,0.013575969629518753,0.0,nan
195,22,0.12905228099709876,0.0,nan
195,23,0.010790565354036653,0.0,nan
195,24,0.01884281466620228,0.0,nan
195,25,0.036201705890496906,0.0,nan
195,26,0.006597792254089592,0.0,nan
195,27,0.03660376191245866,0.0,nan
195,28,0.015335946589298828,0.0,nan
195,29,0.01359234603144211,0.0,nan
195,30,0.10230800177129683,0.0,nan
195,31,0.007164204110592943,0.0,nan
195,32,0.015689761595764355,0.0,nan
195,33,0.02026631463857364,0.0,nan
195,34,0.04829389615568603,0.0,nan
195,35,0.021773108833319833,0.0,nan
195,36,0.8699042350921873,1.0,nan
195,37,0.005811116179032759,0.0,nan
195,38,0.015089390294841442,0.0,nan
195,39,0.25184366588472196,1.0,nan
195,40,0.011362495403238762,0.0,nan
195,41,0.2954182682745459,1.0,nan
195,42,0.02245856041171543,0.0,nan
195,43,0.04024890573991983,0.0,nan
195,44,0.010412617604464892,0.0,nan
195,45,0.015413284588986676,0.0,nan
195,46,0.14079349876513697,0.0,nan
195,47,0.009601897170380508,0.0,nan
195,48,1.942822031874259,1.0,nan
195,49,0.07874725059104817,0.0,nan
195,50,0.199440226154053,1.0,nan
195,51,0.011977826224303947,0.0,nan
195,52,0.12172577298529283,0.0,nan
195,53,0.016876083222218684,0.0,nan
195,54,0.0506414218743187,0.0,nan
195,55,0.013661253258409613,0.0,nan
195,56,0.016988784489299705,0.0,nan
195,57,0.07156163047861863,0.0,nan
195,58,0.010454939363007,0.0,nan
195,59,0.04001402157375617,0.0,nan
195,60,0.045934596871651176,0.0,nan
195,61,0.010128753467822736,0.0,nan
195,62,1.0946760795709878,1.0,nan
195,63,0.006279508423565574,0.0,nan
195,64,0.008202945157773867,0.0,nan
195,65,0.014690152840419218,0.0,nan
195,66,0.5513884499053576,1.0,nan
195,67,0.011795772576882309,0.0,nan
195,68,0.046533750552764784,0.0,nan
195,69,0.20294230163071347,1.0,nan
195,70,0.09731797682069206,0.0,nan
195,71,0.012590346085570499,0.0,nan
195,72,0.01815887107776128,0.0,nan
195,73,0.020942029679366835,0.0,nan
195,74,0.019908024836355516,0.0,nan
195,75,0.06730078771119856,0.0,nan
195,76,0.2809285758702009,1.0,nan
195,77,0.006658935308105043,0.0,nan
195,78,0.019554758449078915,0.0,nan
195,79,0.0597987646295263,0.0,nan
195,80,0.015427127620212294,0.0,nan
195,81,0.016950010504264115,0.0,nan
195,82,0.050774192880741476,0.0,nan
195,83,0.06679002334498052,0.0,nan
195,84,0.009430957243981108,0.0,nan
195,85,0.040510819717358995,0.0,nan
195,86,0.026225924668021466,0.0,nan
195,87,6.554920082050943,1.0,nan
195,88,0.014304085353853314,0.0,nan
195,89,0.02272951861072401,0.0,nan
195,90,0.035704334446205604,0.0,nan
195,91,0.0668483824776777,0.0,nan
195,92,0.011073744505799695,0.0,nan
195,93,0.08238200590027234,0.0,nan
195,94,0.009465585389705228,0.0,nan
195,95,0.010511812308031452,0.0,nan
195,96,0.05753594278607878,0.0,nan
195,97,0.012357066238655103,0.0,nan
195,98,0.006341242370577124,0.0,nan
195,99,0.008918529276060431,0.0,nan
196,0,0.012902865490577458,0.0,nan
196,1,0.009841260969153595,0.0,nan
196,2,0.10131694221556364,0.0,nan
196,3,0.013559990714745469,0.0,nan
196,4,0.036495970245048893,0.0,nan
196,5,0.012335421914988447,0.0,nan
196,6,0.008068998859973602,0.0,nan
196,7,0.08495518497524056,0.0,nan
196,8,0.012887215523525423,0.0,nan
196,9,0.17178711386919485,1.0,nan
196,10,0.034197636547217226,0.0,nan
196,11,0.005852001142793342,0.0,nan
196,12,1.004510980157186,1.0,nan
196,13,0.01655067858016479,0.0,nan
196,14,0.008108527439806154,0.0,nan
196,15,0.015709765047371396,0.0,nan
196,16,0.012226960213011014,0.0,nan
196,17,0.18525301943238393,1.0,nan
196,18,0.004376235494778934,0.0,nan
196,19,0.009079873379067644,0.0,nan
196,20,0.011431203691964159,0.0,nan
196,21,0.015137310564877701,0.0,nan
196,22,0.1326685364114346,0.0,nan
196,23,0.008999147985517705,0.0,nan
196,24,0.01852429533208715,0.0,nan
196,25,0.03535412263259777,0.0,nan
196,26,0.0053801179809053225,0.0,nan
196,27,0.056139714942799894,0.0,nan
196,28,0.0139482743599802,0.0,nan
196,29,0.011294701194785758,0.0,nan
196,30,0.09586542252306962,0.0,nan
196,31,0.00619729434394437,0.0,nan
196,32,0.012874102432937877,0.0,nan
196,33,0.019119404838894044,0.0,nan
196,34,0.04737138430891812,0.0,nan
196,35,0.015578280425616532,0.0,nan
196,36,0.89243231824667,1.0,nan
196,37,0.00473109301966932,0.0,nan
196,38,0.014315634339189186,0.0,nan
196,39,0.25379827807947786,1.0,nan
196,40,0.010055035768643613,0.0,nan
196,41,0.2566562927755046,1.0,nan
196,42,0.021230353796253886,0.0,nan
196,43,0.042536731296361825,0.0,nan
196,44,0.009083985606535927,0.0,nan
196,45,0.014343129999056636,0.0,nan
196,46,0.11780310587495439,0.0,nan
196,47,0.007572129069976846,0.0,nan
196,48,1.7753098223762023,1.0,nan
196,49,0.0664700262093915,0.0,nan
196,50,0.20571436542633148,1.0,nan
196,51,0.009203015472050659,0.0,nan
196,52,0.15352444447369912,1.0,nan
196,53,0.016191141883400085,0.0,nan
196,54,0.04390035031055413,0.0,nan
196,55,0.013514393385313172,0.0,nan
196,56,0.015217589300518093,0.0,nan
196,57,0.07744310056250421,0.0,nan
196,58,0.008953793498660984,0.0,nan
196,59,0.04040202073982074,0.0,nan
196,60,0.04857936055432271,0.0,nan
196,61,0.008820233803793412,0.0,nan
196,62,1.1161249958746111,1.0,nan
196,63,0.005236382977726129,0.0,nan
196,64,0.006565652639260672,0.0,nan
196,65,0.013275713866632248,0.0,nan
196,66,0.5338001486596977,1.0,nan
196,67,0.009978759367060564,0.0,nan
196,68,0.048939503729221796,0.0,nan
196,69,0.17189152269525002,1.0,nan
196,70,0.09755483438354391,0.0,nan
196,71,0.011613023246010453,0.0,nan
196,72,0.01657509222950658,0.0,nan
196,73,0.02033822213578333,0.0,nan
196,74,0.01735181193803088,0.0,nan
196,75,0.07644926306295666,0.0,nan
196,76,0.2709331462015005,1.0,nan
196,77,0.005285504891679967,0.0,nan
196,78,0.018897957741706516,0.0,nan
196,79,0.054167963088755294,0.0,nan
196,80,0.013231587594473812,0.0,nan
196,81,0.015489676813166767,0.0,nan
196,82,0.05462332077637899,0.0,nan
196,83,0.06469154604016744,0.0,nan
196,84,0.007519155421150347,0.0,nan
196,85,0.04756323002571758,0.0,nan
196,86,0.021112753933361608,0.0,nan
196,87,6.658588206550069,1.0,nan
196,88,0.013200803173921744,0.0,nan
196,89,0.02046532828351355,0.0,nan
196,90,0.03638214407242058,0.0,nan
196,91,0.0837609396931795,0.0,nan
196,92,0.009346428514275303,0.0,nan
196,93,0.03550610807205775,0.0,nan
196,94,0.008300938790465775,0.0,nan
196,95,0.009210437404679403,0.0,nan
196,96,0.055585603396419235,0.0,nan
196,97,0.011115532033083797,0.0,nan
196,98,0.005198024370974692,0.0,nan
196,99,0.007882012124328723,0.0,nan
197,0,0.024190730977812793,0.0,nan
197,1,0.02873999808000592,0.0,nan
197,2,0.2578842596905373,1.0,nan
197,3,0.030394850391439437,0.0,nan
197,4,0.03335118216111834,0.0,nan
197,5,0.028303277713571568,0.0,nan
197,6,0.02161703834465068,0.0,nan
197,7,0.043507437959505055,0.0,nan
197,8,0.026594945672321412,0.0,nan
197,9,0.21002772348752202,1.0,nan
197,10,0.038448769104908506,0.0,nan
197,11,0.02143574247495579,0.0,nan
197,12,0.7228543901683204,1.0,nan
197,13,0.025552428157984225,0.0,nan
197,14,0.022317685743256085,0.0,nan
197,15,0.025677828346388126,0.0,nan
197,16,0.02566246826419289,0.0,nan
197,17,0.18270079572902848,1.0,nan
197,18,0.02169489841405476,0.0,nan
197,19,0.023053361235834832,0.0,nan
197,20,0.022549283075103902,0.0,nan
197,21,0.0536600438580829,0.0,nan
197,22,0.11567483539262999,0.0,nan
197,23,0.022622380293748554,0.0,nan
197,24,0.02748470221557983,0.0,nan
197,25,0.04547968786768653,0.0,nan
197,26,0.022456021116670763,0.0,nan
197,27,0.04936768459719551,0.0,nan
197,28,0.02324627300819523,0.0,nan
197,29,0.030385017702575408,0.0,nan
197,30,0.11489708817706391,0.0,nan
197,31,0.020468584292395443,0.0,nan
197,32,0.030227148138446708,0.0,nan
197,33,0.027324904458663122,0.0,nan
197,34,0.04626627903828061,0.0,nan
197,35,0.03023782957556919,0.0,nan
197,36,0.9265296164373421,1.0,nan
197,37,0.019981224950805298,0.0,nan
197,38,0.02458847842157186,0.0,nan
197,39,0.3093629726358122,1.0,nan
197,40,0.023951469326194096,0.0,nan
197,41,0.2082784874754569,1.0,nan
197,42,0.02943811345320463,0.0,nan
197,43,0.06206725296159141,0.0,nan
197,44,0.02259497008758454,0.0,nan
197,45,0.02283966041802923,0.0,nan
197,46,0.14077901353266525,0.0,nan
197,47,0.02272675627732449,0.0,nan
197,48,2.0888339477022804,1.0,nan
197,49,0.07385401856796923,0.0,nan
197,50,0.17318346512102784,1.0,nan
197,51,0.02466251689336868,0.0,nan
197,52,0.18348993389193377,1.0,nan
197,53,0.024278763915046096,0.0,nan
197,54,0.2210122815672992,1.0,nan
197,55,0.02682782603533023,0.0,nan
197,56,0.029282001953553776,0.0,nan
197,57,0.07240157280932762,0.0,nan
197,58,0.022981069305983915,0.0,nan
197,59,0.053227634163943674,0.0,nan
197,60,0.050637104714811594,0.0,nan
197,61,0.021332728269978563,0.0,nan
197,62,0.8513915772419983,1.0,nan
197,63,0.020008430934824344,0.0,nan
197,64,0.021902576623915194,0.0,nan
197,65,0.024475539759058595,0.0,nan
197,66,0.5010229493941091,1.0,nan
197,67,0.022525717243409318,0.0,nan
197,68,0.048481389690253,0.0,nan
197,69,0.1938707048012296,1.0,nan
197,70,0.09409179780951071,0.0,nan
197,71,0.02278867871045316,0.0,nan
197,72,0.025735138392724795,0.0,nan
197,73,0.02691535548774492,0.0,nan
197,74,0.030729877643180397,0.0,nan
197,75,0.05691781191850298,0.0,nan
197,76,0.28081956502557853,1.0,nan
197,77,0.020723336528945025,0.0,nan
197,78,0.028346573598049356,0.0,nan
197,79,0.06445999259794422,0.0,nan
197,80,0.027450798423217623,0.0,nan
197,81,0.026029035483285154,0.0,nan
197,82,0.06530432127641823,0.0,nan
197,83,0.07686178050996786,0.0,nan
197,84,0.02460368411292376,0.0,nan
197,85,0.04195932899322607,0.0,nan
197,86,0.04423782091540846,0.0,nan
197,87,6.3591112819226625,1.0,nan
197,88,0.022460184352496172,0.0,nan
197,89,0.032620109230387995,0.0,nan
197,90,0.040077775399549584,0.0,nan
197,91,0.14025756270136336,0.0,nan
197,92,0.02285404553976801,0.0,nan
197,93,0.09551331247093192,0.0,nan
197,94,0.02230312935730597,0.0,nan
197,95,0.02108540946498113,0.0,nan
197,96,0.05856200904421119,0.0,nan
197,97,0.022352407129407406,0.0,nan
197,98,0.020254350563359003,0.0,nan
197,99,0.022990136569284305,0.0,nan
198,0,0.014349661477384604,0.0,nan
198,1,0.010565927006799198,0.0,nan
198,2,0.16495466921045207,1.0,nan
198,3,0.02354780256064114,0.0,nan
198,4,0.03188381447108029,0.0,nan
198,5,0.019874955678797226,0.0,nan
198,6,0.00972518061075174,0.0,nan
198,7,0.047045921997279555,0.0,nan
198,8,0.01823973561525474,0.0,nan
198,9,0.18211005926156837,1.0,nan
198,10,0.03527430361101671,0.0,nan
198,11,0.007870922407238188,0.0,nan
198,12,1.1147176826035792,1.0,nan
198,13,0.017810293373172956,0.0,nan
198,14,0.010687455880660146,0.0,nan
198,15,0.019518002307509448,0.0,nan
198,16,0.01951354465310575,0.0,nan
198,17,0.19336402112191364,1.0,nan
198,18,0.0055432125845443336,0.0,nan
198,19,0.01186614732058685,0.0,nan
198,20,0.014640075955898021,0.0,nan
198,21,0.032144579451570766,0.0,nan
198,22,0.10561978819785604,0.0,nan
198,23,0.01084888465725153,0.0,nan
198,24,0.020232589314323594,0.0,nan
198,25,0.046961666489308815,0.0,nan
198,26,0.006562908518809423,0.0,nan
198,27,0.11230114155324428,0.0,nan
198,28,0.01778376401229449,0.0,nan
198,29,0.01407168832475239,0.0,nan
198,30,0.08459066891019523,0.0,nan
198,31,0.008220380717025123,0.0,nan
198,32,0.017037779700656473,0.0,nan
198,33,0.021193587864860298,0.0,nan
198,34,0.0452776596246897,0.0,nan
198,35,0.015630706971660573,0.0,nan
198,36,0.7565412656834094,1.0,nan
198,37,0.006466618879760536,0.0,nan
198,38,0.016144751254502654,0.0,nan
198,39,0.2615319814088797,1.0,nan
198,40,0.01464982437271567,0.0,nan
198,41,0.24428411832572142,1.0,nan
198,42,0.027718727971928165,0.0,nan
198,43,0.05312354424392996,0.0,nan
198,44,0.011566760120048826,0.0,nan
198,45,0.014797496100185761,0.0,nan
198,46,0.14328266991254948,0.0,nan
198,47,0.009448591190452266,0.0,nan
198,48,2.0202481990136243,1.0,nan
198,49,0.08181079058641653,0.0,nan
198,50,0.19544507547129047,1.0,nan
198,51,0.009448830280901007,0.0,nan
198,52,0.14579110536998574,0.0,nan
198,53,0.01835419208890516,0.0,nan
198,54,0.10691491182915559,0.0,nan
198,55,0.01597175371786375,0.0,nan
198,56,0.02499634918031266,0.0,nan
198,57,0.06956386485873226,0.0,nan
198,58,0.011262909622878138,0.0,nan
198,59,0.05328011229180617,0.0,nan
198,60,0.04843634490576385,0.0,nan
198,61,0.011224834266845382,0.0,nan
198,62,0.979356647320656,1.0,nan
198,63,0.006740848613739117,0.0,nan
198,64,0.007714719644043081,0.0,nan
198,65,0.015180595371803331,0.0,nan
198,66,0.48896226836315965,1.0,nan
198,67,0.012619308024411528,0.0,nan
198,68,0.04666217364502018,0.0,nan
198,69,0.19416526138853307,1.0,nan
198,70,0.08116000100261944,0.0,nan
198,71,0.014213361200370239,0.0,nan
198,72,0.019835542727105762,0.0,nan
198,73,0.0199299915851068,0.0,nan
198,74,0.02155986123341563,0.0,nan
198,75,0.05189060573513305,0.0,nan
198,76,0.30548084701786815,1.0,nan
198,77,0.0065408223828488,0.0,nan
198,78,0.019275278487487755,0.0,nan
198,79,0.05675455074791757,0.0,nan
198,80,0.013564898082835902,0.0,nan
198,81,0.01852279787644175,0.0,nan
198,82,0.05532223401550157,0.0,nan
198,83,0.06931591054819553,0.0,nan
198,84,0.00923793117945218,0.0,nan
198,85,0.03554418223590391,0.0,nan
198,86,0.037561805565281346,0.0,nan
198,87,6.410538580567168,1.0,nan
198,88,0.01688021337553735,0.0,nan
198,89,0.02257466593659142,0.0,nan
198,90,0.03729775384134188,0.0,nan
198,91,0.09963094241717545,0.0,nan
198,92,0.010678280863126595,0.0,nan
198,93,0.031007291755973995,0.0,nan
198,94,0.011394846373347879,0.0,nan
198,95,0.01184456889031929,0.0,nan
198,96,0.03986212015143034,0.0,nan
198,97,0.013775184172930888,0.0,nan
198,98,0.0065231317113887246,0.0,nan
198,99,0.010241606064757304,0.0,nan
199,0,0.023688466927230242,0.0,-0.00014187402034688426
199,1,0.02812177772062487,0.0,-9.980550616551172e-05
199,2,0.2368676923287634,1.0,0.014348560361581197
199,3,0.030219027571734773,0.0,-0.0005544816158915019
199,4,0.03345916553784016,0.0,-1.899801133291509e-06
199,5,0.027855562724261193,0.0,9.368350337288125e-05
199,6,0.021425390319464107,0.0,-0.000171048025122233
199,7,0.047559675812510374,0.0,0.001098084303765514
199,8,0.026528417950038668,0.0,0.0003289134577548837
199,9,0.22047018560337975,1.0,0.004131733153729126
199,10,0.037501997795555006,0.0,-0.0002811177303437908
199,11,0.021214350885955698,0.0,-8.62525664323538e-06
199,12,0.7410428068412174,1.0,0.09619973846581463
199,13,0.024533368099922105,0.0,-9.307629353719571e-06
199,14,0.021956950886377485,0.0,-7.059764993911417e-05
199,15,0.02510704929344361,0.0,-2.7959748624414553e-05
199,16,0.02575728004144019,0.0,-1.0491144111293033e-05
199,17,0.17549943148463956,1.0,0.002529536384139082
199,18,0.02122742458947257,0.0,0.0001733474412980606
199,19,0.02228718379580241,0.0,-0.00015068460830335164
199,20,0.0223484377475616,0.0,-0.0004525478471681294
199,21,0.05609839705998941,0.0,-0.0003019542111869353
199,22,0.12265002396508203,0.0,-0.0017275418671078783
199,23,0.022345618144670606,0.0,-0.00019809224939024497
199,24,0.02805084823417731,0.0,3.6233128584764354e-05
199,25,0.04457824346726128,0.0,-1.8812617465414572e-05
199,26,0.02198206251740984,0.0,2.2924148696166338e-05
199,27,0.05105744990501877,0.0,0.0007448688263550833
199,28,0.022944790163290842,0.0,-0.00011882514561919255
199,29,0.029058169036478378,0.0,2.2913222121812082e-05
199,30,0.11631584703363589,0.0,0.001109475614870549
199,31,0.020162756352340685,0.0,0.00012348113502775142
199,32,0.030066099653450064,0.0,-0.00013752212059329447
199,33,0.02642606142760191,0.0,-8.811121227742768e-05
199,34,0.04653122437082615,0.0,0.00035972297153080766
199,35,0.029275689659072287,0.0,0.0001454911790435846
199,36,0.9298838569746158,1.0,0.15102970797600287
199,37,0.01985168065817971,0.0,-0.000349318660902365
199,38,0.02399201506417959,0.0,-1.116398755348366e-05
199,39,0.29190745488131464,1.0,-0.005410452396028743
199,40,0.023704996031193134,0.0,-9.562954982503763e-05
199,41,0.22981827230910218,1.0,0.006777051005084457
199,42,0.02904239853922489,0.0,-3.1356327795377006e-05
199,43,0.06338245950514754,0.0,0.0016303553371399685
199,44,0.022596981063601685,0.0,5.8464846314842135e-05
199,45,0.022632962500033035,0.0,7.230153545700076e-05
199,46,0.14162210016358612,0.0,-0.0008212605345448888
199,47,0.022069372845614672,0.0,5.3760065886543393e-05
199,48,2.089547109339906,1.0,0.13585831007528046
199,49,0.07610591275479617,0.0,0.0006723715106348448
199,50,0.16620983764941227,1.0,-0.000239940620806737
199,51,0.023883145648330106,0.0,6.649038729954406e-05
199,52,0.18517707111275516,1.0,0.004545401518689119
199,53,0.023618195712759082,0.0,0.00021791399914423604
199,54,0.24585555491118827,1.0,0.009353155922340747
199,55,0.026070374801229968,0.0,0.00016727739976661629
199,56,0.028848829040549268,0.0,-0.0001493079683616558
199,57,0.07450601450209376,0.0,0.001811193405614216
199,58,0.023127944146776325,0.0,-0.001588635772636961
199,59,0.05332160742884549,0.0,0.001161743191687158
199,60,0.051533292753254266,0.0,-0.0009400456677704335
199,61,0.021204112972118574,0.0,-4.805435697650864e-05
199,62,0.854350927899987,1.0,0.038454044939885045
199,63,0.019917613777240176,0.0,-9.913802249370392e-05
199,64,0.021433295773539137,0.0,-9.7250699921454e-05
199,65,0.02375460794162643,0.0,6.202065554407621e-05
199,66,0.5000840783067655,1.0,0.05095253662335811
199,67,0.022050644650747495,0.0,-1.6699402024835877e-05
199,68,0.047852451830921856,0.0,0.00043099277773942494
199,69,0.2143516068345523,1.0,0.0037827916510417884
199,70,0.09483052623730936,0.0,0.002373881824151577
199,71,0.02278326097073147,0.0,-0.00034731767143819745
199,72,0.025415609537344546,0.0,-1.0489479012757157e-05
199,73,0.026693028204391043,0.0,-0.0015719343648203162
199,74,0.029364093289875985,0.0,-0.0004898108416567647
199,75,0.05666935021181589,0.0,0.0021914760462954912
199,76,0.28141865740839056,1.0,-0.00016204470909730732
199,77,0.02054346617691605,0.0,0.0005309577747753062
199,78,0.028917898221537862,0.0,0.00027229604469708663
199,79,0.06411653656885007,0.0,0.0012365827612692527
199,80,0.026625403757912773,0.0,-0.00035054082415083855
199,81,0.02542039713078785,0.0,-0.00043462288077784233
199,82,0.0634695399567182,0.0,0.0011401174152347235
199,83,0.07692499719941666,0.0,0.0012037494704755622
199,84,0.024348169968824936,0.0,0.0014203950291883471
199,85,0.04619824614243135,0.0,7.921357606876105e-05
199,86,0.04888858270382257,0.0,-0.00037658326779551937
199,87,6.353275927460961,1.0,0.45085357061211445
199,88,0.023149638198721758,0.0,0.00016668674831059034
199,89,0.03199844547972415,0.0,3.9676634819840274e-05
199,90,0.038938470941837736,0.0,0.00013795817342905335
199,91,0.13886770792261915,0.0,0.0038313434328634452
199,92,0.022099775511543292,0.0,1.5165826720527034e-05
199,93,0.0866617746768912,0.0,6.423825426979629e-05
199,94,0.022158422609937167,0.0,-5.0383277233204975e-05
199,95,0.02064954899409612,0.0,7.949595878550829e-05
199,96,0.06610742607823333,0.0,-0.0007163756111913834
199,97,0.022173328145237172,0.0,-0.00026163388320295814
199,98,0.02010985091315341,0.0,0.00010541906002409893
199,99,0.023166541826701068,0.0,-0.0002449368922102087
