t,i,native_median,p_active,sobol_hat
20,0,0.001702562691537006,0.0625,nan
20,1,0.0051338388426498405,0.125,nan
20,2,0.0065095050396368655,0.125,nan
20,3,0.002865319749442415,0.1875,nan
20,4,0.003115725499310274,0.125,nan
20,5,0.004022666435676737,0.1875,nan
20,6,0.0020743706912561433,0.0,nan
20,7,0.005397916223197479,0.0625,nan
20,8,0.002474126933710418,0.0,nan
20,9,0.004655218241055317,0.0625,nan
20,10,0.003906299894375219,0.125,nan
20,11,0.007855609880525496,0.1875,nan
20,12,0.005034597738552051,0.125,nan
20,13,0.0015774318154316942,0.125,nan
20,14,0.0028266008811938625,0.0625,nan
20,15,0.0053303124874324054,0.1875,nan
20,16,0.0020368715773368654,0.1875,nan
20,17,0.0045350795984639095,0.1875,nan
20,18,0.00922537738743014,0.125,nan
20,19,0.005233868410830471,0.0625,nan
20,20,0.004968087955997701,0.3125,nan
20,21,0.003990590666722059,0.0625,nan
20,22,0.00219306902619341,0.125,nan
20,23,0.003912204913171556,0.0625,nan
20,24,0.003659705380177323,0.0625,nan
20,25,0.0071339916268605245,0.0625,nan
20,26,0.0036996201980663114,0.0625,nan
20,27,0.029788681894489577,0.75,nan
20,28,0.0084500372849211,0.125,nan
20,29,0.003980557588822596,0.125,nan
20,30,0.0022725999844267234,0.0625,nan
20,31,0.005322166023734191,0.125,nan
20,32,0.002848602241932313,0.0625,nan
20,33,0.007501199046737841,0.25,nan
20,34,0.004723460979473315,0.0,nan
20,35,0.005573446886905071,0.125,nan
20,36,0.0011609516042473318,0.0625,nan
20,37,0.0054440586949766594,0.0625,nan
20,38,0.004285435115093203,0.125,nan
20,39,0.013469398381111275,0.375,nan
20,40,0.004578148519701515,0.125,nan
20,41,0.001000792921016823,0.125,nan
20,42,0.003467238659051278,0.0,nan
20,43,0.006527320104011443,0.125,nan
20,44,0.0036461791324535536,0.1875,nan
20,45,0.004588508327266873,0.25,nan
20,46,0.00938137370160997,0.3125,nan
20,47,0.004084356905468587,0.0625,nan
20,48,0.006084032043183748,0.125,nan
20,49,0.007199807705242011,0.25,nan
20,50,0.009480629262200238,0.1875,nan
20,51,0.006112871501691672,0.0625,nan
20,52,0.0033871671491315213,0.125,nan
20,53,0.00647672989876809,0.0625,nan
20,54,0.005872470547221646,0.0625,nan
20,55,0.005887499166087682,0.0625,nan
20,56,0.004129204184787205,0.0625,nan
20,57,0.004073434504881551,0.0,nan
20,58,0.011092902367192852,0.25,nan
20,59,0.0026292724166921966,0.0625,nan
20,60,0.004647115391821015,0.0625,nan
20,61,0.01141403885817009,0.25,nan
20,62,0.007570511464805805,0.1875,nan
20,63,0.004159088301329834,0.125,nan
20,64,0.006183403738011871,0.125,nan
20,65,0.00904036577131221,0.3125,nan
20,66,0.00952027755894964,0.25,nan
20,67,0.0037118970050761015,0.125,nan
20,68,0.0030902857684843308,0.1875,nan
20,69,0.005057640445801087,0.1875,nan
20,70,0.0037980796211073455,0.125,nan
20,71,0.007104533272528463,0.1875,nan
20,72,0.002424406006569348,0.0,nan
20,73,0.0035525437905146087,0.0625,nan
20,74,0.005853851185097121,0.0625,nan
20,75,0.004673951838763192,0.125,nan
20,76,0.0025571612454126673,0.0,nan
20,77,0.004487219410047378,0.0625,nan
20,78,0.006158949216282671,0.125,nan
20,79,0.002637119944033734,0.0,nan
20,80,0.0161612247416804,0.5,nan
20,81,0.005506775777068681,0.125,nan
20,82,0.003012270062364898,0.0625,nan
20,83,0.014965796366737415,0.5,nan
20,84,0.001969466033757,0.0625,nan
20,85,0.0025572678638509207,0.0,nan
20,86,0.0033740195502495484,0.125,nan
20,87,0.004603746585768807,0.125,nan
20,88,0.008027662583266147,0.1875,nan
20,89,0.004734741008507943,0.0625,nan
20,90,0.0014514674755964603,0.0,nan
20,91,0.005576563192850992,0.125,nan
20,92,0.004247110268362061,0.0,nan
20,93,0.0030874576105196483,0.0625,nan
20,94,0.003872618639269512,0.125,nan
20,95,0.006933968396203973,0.125,nan
20,96,0.0026937524179060385,0.125,nan
20,97,0.0045988831323387405,0.125,nan
20,98,0.00763241948736032,0.3125,nan
20,99,0.008213049474331947,0.0625,nan
21,0,0.006505121418367945,0.0625,nan
21,1,0.013262849265572765,0.375,nan
21,2,0.001151878995780709,0.0,nan
21,3,0.0019465806402573652,0.0,nan
21,4,0.0015085971898608902,0.0625,nan
21,5,0.011748859609091951,0.3125,nan
21,6,0.001335082211735474,0.0,nan
21,7,0.0021776480187124764,0.0625,nan
21,8,0.002232763602678116,0.0625,nan
21,9,0.004454000606907883,0.0625,nan
21,10,0.0009963350769543818,0.0,nan
21,11,0.0032830379718995365,0.0625,nan
21,12,0.00453694906995702,0.25,nan
21,13,0.0031470584017000754,0.1875,nan
21,14,0.0023748899045304634,0.0625,nan
21,15,0.006958004538853063,0.25,nan
21,16,0.008232811002384488,0.0625,nan
21,17,0.0039063558273483515,0.25,nan
21,18,0.0030598065976828017,0.0625,nan
21,19,0.0024193853011185273,0.0,nan
21,20,0.0012091114044944012,0.0,nan
21,21,0.0023011995795038276,0.0625,nan
21,22,0.0030696565016954053,0.0,nan
21,23,0.0046293853917403725,0.0,nan
21,24,0.0042899364472364625,0.125,nan
21,25,0.003529018306635226,0.1875,nan
21,26,0.0028730889109241514,0.0,nan
21,27,0.12312829895693045,0.75,nan
21,28,0.003663957127895825,0.0625,nan
21,29,0.005230311273979002,0.25,nan
21,30,0.0018428814136177618,0.0625,nan
21,31,0.002291916260441925,0.0,nan
21,32,0.0006960861900921231,0.0,nan
21,33,0.0018477048938782832,0.125,nan
21,34,0.0022237033225454435,0.0625,nan
21,35,0.0024060404657537736,0.0625,nan
21,36,0.0033401453388418444,0.0625,nan
21,37,0.004010052858855645,0.0,nan
21,38,0.0032248278255128976,0.0,nan
21,39,0.002028355474861591,0.0625,nan
21,40,0.0034002986679468336,0.125,nan
21,41,0.0017470483717091172,0.0,nan
21,42,0.0021793285073708696,0.125,nan
21,43,0.00375299299407233,0.0625,nan
21,44,0.007048020889345727,0.1875,nan
21,45,0.0018841497651818158,0.125,nan
21,46,0.0022722406367076493,0.125,nan
21,47,0.002163241801729504,0.0,nan
21,48,0.000879649340243262,0.0625,nan
21,49,0.005092649651432432,0.25,nan
21,50,0.0015522056489550144,0.0625,nan
21,51,0.0010935157678616234,0.0625,nan
21,52,0.0023113369844563036,0.0,nan
21,53,0.0006604435358618324,0.0,nan
21,54,0.003711625994419844,0.0625,nan
21,55,0.0046183868612981694,0.3125,nan
21,56,0.003504877249873599,0.125,nan
21,57,0.002616086740084406,0.0,nan
21,58,0.003426550527694793,0.0625,nan
21,59,0.00214707595808072,0.0,nan
21,60,0.0021651571974244713,0.125,nan
21,61,0.003096223023174931,0.0625,nan
21,62,0.001206673781625729,0.0,nan
21,63,0.002949648314764953,0.0,nan
21,64,0.004668030869723679,0.25,nan
21,65,0.0030206347362387734,0.1875,nan
21,66,0.002375452900230705,0.1875,nan
21,67,0.0016601384179617835,0.0,nan
21,68,0.0040152861118073905,0.125,nan
21,69,0.0027253404952323635,0.0,nan
21,70,0.0030024900625993693,0.0625,nan
21,71,0.0029614037228959103,0.0625,nan
21,72,0.004761378889972933,0.0625,nan
21,73,0.0014441730469191957,0.125,nan
21,74,0.011906063545159988,0.375,nan
21,75,0.0024427162330963033,0.125,nan
21,76,0.0030659981542313685,0.0625,nan
21,77,0.0022893470350343953,0.0625,nan
21,78,0.0013096784562688275,0.0625,nan
21,79,0.0020289697472318582,0.0,nan
21,80,0.015087225434310856,0.375,nan
21,81,0.0016318867887864339,0.0,nan
21,82,0.006101713954001095,0.125,nan
21,83,0.001523839495220889,0.0625,nan
21,84,0.001530901926836309,0.0,nan
21,85,0.0025309524555506683,0.0,nan
21,86,0.0024615308336175742,0.125,nan
21,87,0.0015217339290538087,0.0,nan
21,88,0.0022808408170955914,0.0625,nan
21,89,0.0011585743859917892,0.0625,nan
21,90,0.001669958742528664,0.0,nan
21,91,0.0030728021471216663,0.0,nan
21,92,0.0011253932722879627,0.0,nan
21,93,0.00143746788479081,0.0,nan
21,94,0.002501633061832572,0.125,nan
21,95,0.004174053474691574,0.25,nan
21,96,0.0038833756163425904,0.0625,nan
21,97,0.0025439545707899975,0.0625,nan
21,98,0.0059452588305329845,0.25,nan
21,99,0.0022656701455729634,0.0,nan
22,0,0.0018012452611717376,0.0625,nan
22,1,0.0018278494255144252,0.125,nan
22,2,0.006652190576479582,0.0625,nan
22,3,0.0014215183236523789,0.0625,nan
22,4,0.0013387752983424566,0.125,nan
22,5,0.005528087654410316,0.125,nan
22,6,0.0021838117224568395,0.0,nan
22,7,0.0007442623430071341,0.0625,nan
22,8,0.0006012109649525847,0.0625,nan
22,9,0.001907958383918512,0.0,nan
22,10,0.004954430199765094,0.125,nan
22,11,0.0003920807775075931,0.125,nan
22,12,0.0038888304621089104,0.0,nan
22,13,0.0020079998526320382,0.0625,nan
22,14,0.0030599490842515417,0.0,nan
22,15,0.002611132195951903,0.0,nan
22,16,0.0026340296165280356,0.125,nan
22,17,0.002238898651582704,0.0,nan
22,18,0.0019588146586540273,0.0625,nan
22,19,0.0047451209139551314,0.1875,nan
22,20,0.000915365365904472,0.0,nan
22,21,0.0013974547061589852,0.125,nan
22,22,0.001848226180183299,0.0,nan
22,23,0.001755583423046025,0.0,nan
22,24,0.0029402091230489287,0.0625,nan
22,25,0.0009521449290270526,0.0625,nan
22,26,0.002091291063843411,0.0,nan
22,27,0.1411531117026856,0.8125,nan
22,28,0.0024744477038474303,0.0,nan
22,29,0.002686751712656258,0.0,nan
22,30,0.00254701461122707,0.0625,nan
22,31,0.0013485648938929896,0.0,nan
22,32,0.005178824018655052,0.0625,nan
22,33,0.0026304070993185017,0.0,nan
22,34,0.003567774671543607,0.125,nan
22,35,0.0019657464950459482,0.0,nan
22,36,0.00283128541477572,0.0,nan
22,37,0.001239394022848308,0.0625,nan
22,38,0.0024964126433924105,0.0625,nan
22,39,0.0015430849910005294,0.0,nan
22,40,0.0017266378467335943,0.0625,nan
22,41,0.008739942331881172,0.3125,nan
22,42,0.0021494157101053088,0.0,nan
22,43,0.001763535650030775,0.1875,nan
22,44,0.0016578675975048164,0.0625,nan
22,45,0.003376060373601871,0.125,nan
22,46,0.002603609134957559,0.0,nan
22,47,0.0017983657999554484,0.0,nan
22,48,0.0015690636334626273,0.0,nan
22,49,0.009738827651923711,0.25,nan
22,50,0.0034008703563948098,0.0,nan
22,51,0.0016650929401968335,0.0,nan
22,52,0.004577226020168113,0.0,nan
22,53,0.002553202421818419,0.125,nan
22,54,0.0016439593278447973,0.0,nan
22,55,0.0023442169979876696,0.1875,nan
22,56,0.005198869643085873,0.125,nan
22,57,0.002017178597370482,0.0,nan
22,58,0.0019800834420831367,0.0,nan
22,59,0.0010525507777851017,0.0,nan
22,60,0.002239257403265157,0.0,nan
22,61,0.0013007489242532735,0.0625,nan
22,62,0.007624656843505133,0.1875,nan
22,63,0.011463415116649448,0.375,nan
22,64,0.0014324020083323465,0.0625,nan
22,65,0.0005207933317109593,0.0,nan
22,66,0.0037624721232289446,0.1875,nan
22,67,0.0013017315054217004,0.0,nan
22,68,0.001982613705297338,0.0625,nan
22,69,0.007292856109423325,0.125,nan
22,70,0.005792923462081878,0.25,nan
22,71,0.0016853081262581259,0.125,nan
22,72,0.003422452074826987,0.0625,nan
22,73,0.0014136762172923477,0.0,nan
22,74,0.0021854307248816984,0.0625,nan
22,75,0.0013154513051410583,0.0,nan
22,76,0.010334208556111828,0.375,nan
22,77,0.002794746572865329,0.0625,nan
22,78,0.0015466319378213255,0.125,nan
22,79,0.0024807812519367133,0.0,nan
22,80,0.0020042398831945064,0.0625,nan
22,81,0.004474510840292125,0.1875,nan
22,82,0.0020452672031198763,0.0,nan
22,83,0.0008872908457099151,0.0,nan
22,84,0.0009408615213853011,0.0625,nan
22,85,0.0035279224798234875,0.0625,nan
22,86,0.0009272756917315279,0.0625,nan
22,87,0.0003007470419662576,0.0,nan
22,88,0.0016410143516716789,0.0625,nan
22,89,0.0044582669782419395,0.0625,nan
22,90,0.0028310978780556667,0.125,nan
22,91,0.0030346220488664906,0.0,nan
22,92,0.0017413883877989555,0.0,nan
22,93,0.0039088990300334865,0.1875,nan
22,94,0.0018518572153212094,0.0,nan
22,95,0.0018631590486945721,0.0625,nan
22,96,0.00849635563523658,0.1875,nan
22,97,0.0008161525082265586,0.125,nan
22,98,0.000473609221480665,0.0,nan
22,99,0.011170593462543597,0.1875,nan
23,0,0.0024288194095703182,0.0625,nan
23,1,0.001739073090097686,0.0,nan
23,2,0.0015350890478399186,0.0,nan
23,3,0.00178282260135053,0.0,nan
23,4,0.0007674748544650386,0.0625,nan
23,5,0.00165997781893983,0.125,nan
23,6,0.0016441071257357498,0.0,nan
23,7,0.001557691182818927,0.0,nan
23,8,0.004330030432249046,0.3125,nan
23,9,0.0020028538127017347,0.0,nan
23,10,0.0027090938354530905,0.0,nan
23,11,0.004307233028133245,0.1875,nan
23,12,0.004328858178646749,0.0,nan
23,13,0.0017565197418381354,0.0,nan
23,14,0.0011406509070613306,0.0625,nan
23,15,0.0011127676139181088,0.0,nan
23,16,0.0019260918737265815,0.0,nan
23,17,0.0013285475956051904,0.0,nan
23,18,0.0013454809330846174,0.0,nan
23,19,0.002283623837022912,0.0,nan
23,20,0.0013223472203604016,0.0,nan
23,21,0.002756201001029378,0.25,nan
23,22,0.0012028855305019333,0.0,nan
23,23,0.0038531360189771064,0.0,nan
23,24,0.0013756524838444617,0.0,nan
23,25,0.0019232180536990545,0.0,nan
23,26,0.0012822156357762868,0.0,nan
23,27,0.036888449938610623,0.5625,nan
23,28,0.0025552978343256543,0.0625,nan
23,29,0.0028577111496505842,0.0625,nan
23,30,0.0008264307611760286,0.0,nan
23,31,0.0009918384931014896,0.0625,nan
23,32,0.0015186126210527708,0.125,nan
23,33,0.0014947636984168758,0.0,nan
23,34,0.0006012290698710219,0.0,nan
23,35,0.0069369912591847075,0.125,nan
23,36,0.0027014293192738825,0.0625,nan
23,37,0.0007528277395241968,0.0,nan
23,38,0.001605672505195674,0.0625,nan
23,39,0.002061435684469408,0.0,nan
23,40,0.002445174767059823,0.0,nan
23,41,0.0011750590055955006,0.0,nan
23,42,0.0036277625022295744,0.0625,nan
23,43,0.0017117618583900613,0.0,nan
23,44,0.0024256087749444685,0.375,nan
23,45,0.001672427509611215,0.0,nan
23,46,0.0010001346779762769,0.0,nan
23,47,0.0032723111940874535,0.1875,nan
23,48,0.001792842137164663,0.0,nan
23,49,0.0018515355249140461,0.0,nan
23,50,0.0028585441646869084,0.0625,nan
23,51,0.0016502808816296543,0.0,nan
23,52,0.0016453212655499622,0.125,nan
23,53,0.0009406330555168634,0.0,nan
23,54,0.0013974218953189785,0.0625,nan
23,55,0.0024471977725872797,0.0,nan
23,56,0.0011101487364478697,0.125,nan
23,57,0.0008818168783503285,0.0,nan
23,58,0.001647861716291253,0.0,nan
23,59,0.001447052250395302,0.0625,nan
23,60,0.0018514617192593689,0.0,nan
23,61,0.0025926194921672245,0.1875,nan
23,62,0.00148114616259171,0.0,nan
23,63,0.007871871164082717,0.25,nan
23,64,0.0008597742801062611,0.0,nan
23,65,0.0028373462001558564,0.125,nan
23,66,0.0024800828606595885,0.125,nan
23,67,0.0019343813228534618,0.0,nan
23,68,0.004263092773774091,0.0625,nan
23,69,0.0015672357223162191,0.0625,nan
23,70,0.0029637746930704367,0.0,nan
23,71,0.0006671493120216643,0.0,nan
23,72,0.0014354332554333787,0.0,nan
23,73,0.0019197588809028647,0.0,nan
23,74,0.00035113904484874563,0.0,nan
23,75,0.001152455507326009,0.0,nan
23,76,0.0017123669800689829,0.0,nan
23,77,0.0021806983812592486,0.0625,nan
23,78,0.0009646633530390913,0.0,nan
23,79,0.0020677933424046255,0.0,nan
23,80,0.0064941326986308525,0.3125,nan
23,81,0.002599110604497073,0.0625,nan
23,82,0.000995849519933098,0.0,nan
23,83,0.000763533186737484,0.0,nan
23,84,0.0019165923334411056,0.0,nan
23,85,0.002362149370632743,0.125,nan
23,86,0.0036189337134650383,0.125,nan
23,87,0.005716972735315974,0.1875,nan
23,88,0.0017805666512743642,0.0,nan
23,89,0.0012080703847026843,0.0,nan
23,90,0.0011306445713601648,0.0,nan
23,91,0.0046441899288816564,0.0,nan
23,92,0.002206421518880213,0.0625,nan
23,93,0.0008505039343214731,0.0,nan
23,94,0.0005227818172449143,0.0,nan
23,95,0.0010735692481265104,0.0,nan
23,96,0.0012266605040946493,0.0,nan
23,97,0.0041442051881802645,0.125,nan
23,98,0.005941266057458727,0.375,nan
23,99,0.00163431302281546,0.125,nan
24,0,0.002517826345483892,0.0,nan
24,1,0.000940814888746398,0.0,nan
24,2,0.004467963220717665,0.0625,nan
24,3,0.002682225277607103,0.0625,nan
24,4,0.002344392512703258,0.125,nan
24,5,0.0032315428815296162,0.0,nan
24,6,0.002137231571199323,0.0,nan
24,7,0.0022223640822532573,0.0,nan
24,8,0.0019195111192857124,0.125,nan
24,9,0.0034268163947012388,0.125,nan
24,10,0.004112829431253507,0.0625,nan
24,11,0.00574052302385112,0.4375,nan
24,12,0.004365613784186931,0.25,nan
24,13,0.0038107516147251053,0.25,nan
24,14,0.002650252894840392,0.125,nan
24,15,0.001939476755433935,0.0625,nan
24,16,0.002246879953745478,0.0625,nan
24,17,0.002143749259457973,0.0,nan
24,18,0.003435461463115029,0.1875,nan
24,19,0.0006999966823711451,0.0,nan
24,20,0.005798859548490432,0.1875,nan
24,21,0.0036196835159603776,0.1875,nan
24,22,0.0009203359147581839,0.0,nan
24,23,0.006158287472377746,0.25,nan
24,24,0.004294762210448203,0.0625,nan
24,25,0.0036731796597292594,0.0625,nan
24,26,0.0012357798432109388,0.0,nan
24,27,0.007749140704475883,0.1875,nan
24,28,0.004115404382322582,0.125,nan
24,29,0.0026348915992070203,0.0625,nan
24,30,0.0024708117865876195,0.0,nan
24,31,0.001493780827387021,0.0,nan
24,32,0.0011503052077658986,0.0,nan
24,33,0.005522315782526542,0.1875,nan
24,34,0.001811863596726649,0.0,nan
24,35,0.0035696064451552325,0.0,nan
24,36,0.0038335475584592243,0.0625,nan
24,37,0.0007588543533899745,0.0,nan
24,38,0.005875107445473362,0.25,nan
24,39,0.001701626345438695,0.0,nan
24,40,0.00259772275385905,0.0,nan
24,41,0.0037926386058466026,0.125,nan
24,42,0.002377385982179298,0.0,nan
24,43,0.0025304024330548612,0.0625,nan
24,44,0.005807793408264834,0.0625,nan
24,45,0.003942742004811076,0.0625,nan
24,46,0.0015515265006094455,0.0625,nan
24,47,0.0028359382506227063,0.125,nan
24,48,0.0018272571203483594,0.0,nan
24,49,0.001951836918780061,0.0,nan
24,50,0.003571818261101976,0.0625,nan
24,51,0.004413567489159915,0.0625,nan
24,52,0.0035670995613672754,0.1875,nan
24,53,0.0022824148305642185,0.0,nan
24,54,0.0020429048978501197,0.0625,nan
24,55,0.0031291211075104245,0.0,nan
24,56,0.005340262295218854,0.125,nan
24,57,0.005048831973523729,0.1875,nan
24,58,0.0019269502572663699,0.125,nan
24,59,0.0017621170075914983,0.0,nan
24,60,0.002964606976977766,0.0625,nan
24,61,0.004943879357377737,0.0625,nan
24,62,0.0024312043853234365,0.25,nan
24,63,0.0022059819306489013,0.0,nan
24,64,0.005459888336761897,0.125,nan
24,65,0.0024465514987617046,0.0,nan
24,66,0.0023271803485100974,0.0625,nan
24,67,0.005264047968798276,0.1875,nan
24,68,0.0070935524280102335,0.0625,nan
24,69,0.0032695468526338775,0.0,nan
24,70,0.000281280990492821,0.0,nan
24,71,0.005814351817819528,0.1875,nan
24,72,0.0028130672979757745,0.0,nan
24,73,0.002720460955356137,0.0625,nan
24,74,0.002740936985155969,0.1875,nan
24,75,0.002822728334450367,0.125,nan
24,76,0.0017054586796074029,0.0,nan
24,77,0.0036112017446291484,0.0,nan
24,78,0.0018655893361692777,0.0,nan
24,79,0.0028335557288133376,0.125,nan
24,80,0.004360318953968097,0.25,nan
24,81,0.0010735763919192268,0.0625,nan
24,82,0.0012151443376766141,0.0,nan
24,83,0.001992449266865912,0.0,nan
24,84,0.004549563389496244,0.1875,nan
24,85,0.0007262515398514358,0.0,nan
24,86,0.0059499879230713384,0.25,nan
24,87,0.0017955771497974895,0.0,nan
24,88,0.0022661854696444366,0.0,nan
24,89,0.0017807777966666175,0.0625,nan
24,90,0.006420411069782916,0.125,nan
24,91,0.002701236461742403,0.0,nan
24,92,0.0016253226637462743,0.0,nan
24,93,0.007022028416001256,0.125,nan
24,94,0.0019000253044451976,0.125,nan
24,95,0.002707663116933238,0.125,nan
24,96,0.002397241330091694,0.0,nan
24,97,0.0027716976987001343,0.0,nan
24,98,0.0019776621614369483,0.0625,nan
24,99,0.0016527590025253967,0.0625,nan
25,0,0.0007191875120547801,0.0,0.00012911327418272972
25,1,0.002031976912282635,0.0625,7.369588221514629e-05
25,2,0.00037801977849123627,0.0,2.037355895914128e-06
25,3,0.0008046390387002899,0.0,0.00012608669952155467
25,4,0.0014273427611752251,0.0,9.234341211276848e-05
25,5,0.0008402420439620186,0.0,8.328140730904954e-05
25,6,0.0015013044529773238,0.0,3.8780939822362286e-05
25,7,0.0027861192067498274,0.0625,0.0007007700740792282
25,8,0.00047214906513831135,0.0,2.501943080712072e-07
25,9,0.0021487049107466187,0.0,0.0005195590991936922
25,10,0.0017638266057747039,0.0625,0.00011011587407509476
25,11,0.05527304741244196,0.625,0.30042185078521894
25,12,0.002493880733106733,0.0625,3.301450167810618e-05
25,13,0.0011772949527600464,0.0,1.836374068318343e-05
25,14,0.00042607530563033976,0.0,0.00038967319088611035
25,15,0.0011071421323077138,0.0,7.549734277131165e-05
25,16,0.002850306261710394,0.125,0.0033152979431836736
25,17,0.0022715347792017946,0.0625,0.0007955499603910972
25,18,0.0012628151808634996,0.0625,1.8293265419394934e-05
25,19,0.000460620451269016,0.0,1.146240730808118e-05
25,20,0.0017572729874792499,0.0,0.00010676444586841696
25,21,0.062042726605763154,0.8125,0.5317096786163285
25,22,0.0007986279551205737,0.0625,0.0003923376659409363
25,23,0.0030008857566959195,0.125,0.0002505799817416754
25,24,0.0016368549297118367,0.0,6.999005760270245e-05
25,25,0.001886894794553988,0.0,0.0005533926078139372
25,26,0.0007349212661251919,0.0,3.929900773326647e-05
25,27,0.013713212336279548,0.375,0.10208695856234398
25,28,0.004077734911869409,0.1875,0.003119008702561016
25,29,0.0016870676063233069,0.0,0.00015391335654599682
25,30,0.0007672983693955648,0.0,5.64263086590834e-06
25,31,0.001408450135470099,0.0,4.8842516637603654e-05
25,32,0.0013728964827814261,0.0,6.938580259393352e-05
25,33,0.0011030780482466935,0.0625,3.558227579541275e-05
25,34,0.0010207394574930071,0.0625,0.0009357544847686504
25,35,0.001588210808029623,0.0,0.001471511948458342
25,36,0.0014174806721609376,0.0,0.000533202798022934
25,37,0.0010370323425651137,0.0,7.746080103400096e-05
25,38,0.0011079931152921298,0.0625,0.00018921268655692374
25,39,0.0017250655087448954,0.0,0.00020583994459018198
25,40,0.0014420121829806932,0.0,4.145058187547981e-05
25,41,0.0003242034204531942,0.0625,3.265875207532649e-05
25,42,0.0011772925730563042,0.0,9.237213562629209e-05
25,43,0.0011725635608626419,0.0625,1.9802110268749302e-05
25,44,0.0005786800333496941,0.0625,0.0003501086621482347
25,45,0.0009077484195324422,0.0,4.5575599972236826e-05
25,46,0.0006865742387021825,0.0,0.0006061422796677612
25,47,0.0023869441762365265,0.0625,0.0003600456631818383
25,48,0.003346168761076341,0.0,0.0005083651759559785
25,49,0.0029641057707100807,0.125,0.0009750442948005925
25,50,0.003354216920180543,0.0,0.0004142365675833308
25,51,0.0008344575437456995,0.0,2.4986202522578898e-05
25,52,0.001371044423519393,0.0,0.0005143995326031243
25,53,0.0012441446802084804,0.0625,0.00014614791359359935
25,54,0.0007475500828420581,0.0,9.890507850992168e-06
25,55,0.0011150647091549008,0.0,9.81110337365394e-06
25,56,0.0015805869618814488,0.125,5.397283296827378e-05
25,57,0.0009907232754926211,0.0,0.0001331095167717114
25,58,0.0014620369324648604,0.0,0.0006087037083975117
25,59,0.002533615884989811,0.0625,1.7534745778663836e-05
25,60,0.002305085419640632,0.0625,0.00013907042181139601
25,61,0.0014457447094078483,0.0625,0.00020917367545232745
25,62,0.0020159028092608636,0.125,0.002547696035639528
25,63,0.0012945197547223923,0.0,8.320924250887528e-05
25,64,0.001935815950501312,0.125,0.003951625235957258
25,65,0.001883748142982042,0.0,0.0009556726274056947
25,66,0.001447965721048841,0.0625,0.0013403864747263277
25,67,0.0011791396348198192,0.0625,6.510339469759285e-05
25,68,0.0009841241846313862,0.0,0.0002453373642664189
25,69,0.0015721357717979165,0.0,1.4691852733182916e-06
25,70,0.0017819254764508854,0.125,0.00021449294774870392
25,71,0.0022568760961844897,0.125,0.0012672852874894749
25,72,0.0015024868076630798,0.0,5.7692509889713635e-06
25,73,0.0014733203354513912,0.0,0.0003774419662002143
25,74,0.001761878063694957,0.0625,0.0019645314289858436
25,75,0.001779660141674925,0.0625,0.0009714460496871291
25,76,0.0009855290509265657,0.0,9.780150760261674e-07
25,77,0.00025716101244770855,0.0,1.7320006528226094e-05
25,78,0.0008634772809663492,0.0,0.00030824796572760546
25,79,0.0008851771430587138,0.0,3.184103643091766e-05
25,80,0.0013885622271067367,0.0,0.0009545161525000683
25,81,0.0010017528995671162,0.0,0.0001279929482074298
25,82,0.0021760195811242004,0.0,5.968612173972589e-05
25,83,0.00148588494263579,0.0,2.188651032881214e-05
25,84,0.0019237428774447627,0.0,0.0002633849448284691
25,85,0.0018479418146736236,0.0625,0.00018058715255162773
25,86,0.0013533815356575646,0.0,0.0013494452558407667
25,87,0.002631853563699592,0.0625,0.0006108228219581796
25,88,0.0018939304367278597,0.0,0.00021712861153980935
25,89,0.0013152932395266307,0.0625,0.0008616582806630975
25,90,0.0038521866574972932,0.125,0.0006794140701004872
25,91,0.0019067278334443704,0.0,0.00018475751267777883
25,92,0.0015888271820918756,0.0,9.563366811440259e-05
25,93,0.004144936567027023,0.3125,0.024173416355820796
25,94,0.0011589259973768251,0.0,0.00011002698959568507
25,95,0.0017839738046114316,0.0,0.0002996581722654323
25,96,0.002392599892262294,0.125,2.5738816202930163e-05
25,97,0.0012282844501653486,0.0625,0.0006796595498902788
25,98,0.0038600789678278824,0.0,0.0002259085186084287
25,99,0.002156399574147822,0.0,0.00020682580288830776
26,0,0.002708952416849681,0.0,nan
26,1,0.002905770951344025,0.0625,nan
26,2,0.001809600196675063,0.0,nan
26,3,0.004012123300149106,0.125,nan
26,4,0.00199584195457804,0.0625,nan
26,5,0.004665825958732555,0.0625,nan
26,6,0.0021980616726001816,0.125,nan
26,7,0.0029444452938185064,0.0,nan
26,8,0.001160679738064442,0.0,nan
26,9,0.000431630261567205,0.0,nan
26,10,0.0019050784293548652,0.0625,nan
26,11,0.0025010544502256133,0.0625,nan
26,12,0.0008696759180975237,0.0,nan
26,13,0.0012712042159102707,0.0,nan
26,14,0.0017856513958174045,0.0,nan
26,15,0.0015906987073968633,0.0625,nan
26,16,0.0018343677342853872,0.0,nan
26,17,0.004925853935845715,0.0625,nan
26,18,0.0009347647932555048,0.0,nan
26,19,0.001380551305407738,0.0,nan
26,20,0.0008023184056173635,0.0,nan
26,21,0.005787279883504078,0.25,nan
26,22,0.001953258908953404,0.0,nan
26,23,0.0042197785095930244,0.125,nan
26,24,0.0021991754363657853,0.0625,nan
26,25,0.0036796838064325392,0.0,nan
26,26,0.0007070435430269183,0.0,nan
26,27,0.08748797443725864,0.75,nan
26,28,0.002943544035360307,0.0,nan
26,29,0.0016867083129612685,0.0625,nan
26,30,0.0021521476681901843,0.125,nan
26,31,0.0019660387024560003,0.0,nan
26,32,0.0022836280889460946,0.0625,nan
26,33,0.002270910708913659,0.0625,nan
26,34,0.004127142548459993,0.0,nan
26,35,0.0028140000447519006,0.0,nan
26,36,0.0021510435136644504,0.0625,nan
26,37,0.0032978962598928926,0.0625,nan
26,38,0.001703418765718221,0.0625,nan
26,39,0.0038194316551109922,0.0,nan
26,40,0.0011613891327710763,0.0,nan
26,41,0.0029045765726325445,0.0625,nan
26,42,0.000841203600243998,0.0625,nan
26,43,0.0021526457736579198,0.0,nan
26,44,0.001430214992464684,0.1875,nan
26,45,0.00284513384902376,0.0,nan
26,46,0.002858519821350093,0.1875,nan
26,47,0.00218340055025237,0.0,nan
26,48,0.002752881463587103,0.0,nan
26,49,0.0025351211177522103,0.25,nan
26,50,0.002260722166292406,0.125,nan
26,51,0.0035367393178998667,0.0625,nan
26,52,0.0014218016468102012,0.0625,nan
26,53,0.0004455673968126254,0.0,nan
26,54,0.00323744167294374,0.0625,nan
26,55,0.0022992819517041393,0.0625,nan
26,56,0.0031425624917491447,0.0625,nan
26,57,0.002602470044574754,0.125,nan
26,58,0.003987989260087242,0.0625,nan
26,59,0.0028229160372406827,0.0625,nan
26,60,0.0010473632901420757,0.1875,nan
26,61,0.0014775896939479753,0.0625,nan
26,62,0.0031110248193400945,0.0,nan
26,63,0.0007949103835664024,0.0,nan
26,64,0.0019602315783688665,0.0,nan
26,65,0.0011208839348315525,0.0,nan
26,66,0.004417007083027729,0.0,nan
26,67,0.0010657950335266845,0.0,nan
26,68,0.005384258435297257,0.1875,nan
26,69,0.00069164001995054,0.0625,nan
26,70,0.005588921688550871,0.1875,nan
26,71,0.0014382407058886565,0.0,nan
26,72,0.0018589258301364784,0.0,nan
26,73,0.0010093715984649248,0.0625,nan
26,74,0.0071691043316926585,0.1875,nan
26,75,0.0034308055765209424,0.125,nan
26,76,0.0020579680236217177,0.0625,nan
26,77,0.0009669840617143658,0.0625,nan
26,78,0.0022332014553776564,0.0,nan
26,79,0.0016805567031326239,0.0,nan
26,80,0.0006811819917983749,0.0,nan
26,81,0.009321974717322667,0.3125,nan
26,82,0.0031378529546315084,0.0625,nan
26,83,0.0015285477237727725,0.0,nan
26,84,0.0011080459019502955,0.1875,nan
26,85,0.000865962638391584,0.0625,nan
26,86,0.0016596055213093622,0.0,nan
26,87,0.002370150701401781,0.125,nan
26,88,0.0028055729561186696,0.0,nan
26,89,0.004140601000901653,0.1875,nan
26,90,0.0025928368972035036,0.0625,nan
26,91,0.0017959669684918102,0.0,nan
26,92,0.0016938436588548073,0.0625,nan
26,93,0.0018428672254815718,0.0625,nan
26,94,0.0027695926005948165,0.0,nan
26,95,0.0008804486816779366,0.0,nan
26,96,0.001676759179080935,0.0,nan
26,97,0.0014618400148638565,0.0,nan
26,98,0.0014972154320293043,0.0,nan
26,99,0.0009461759662477323,0.0,nan
27,0,0.0008984238930806973,0.0625,nan
27,1,0.0048047191710328604,0.0625,nan
27,2,0.0008559210234654194,0.0,nan
27,3,0.0008319498010447648,0.0,nan
27,4,0.0016775355602059684,0.0625,nan
27,5,0.0032878129445917123,0.0,nan
27,6,0.0005956574582990731,0.0625,nan
27,7,0.0013925782158328095,0.0,nan
27,8,0.0026964511032052186,0.0625,nan
27,9,0.0012893684858252701,0.0,nan
27,10,0.0008222128946702024,0.0,nan
27,11,0.0025933702506648277,0.125,nan
27,12,0.002725234019584473,0.0,nan
27,13,0.0012144451740715753,0.0,nan
27,14,0.0008584010259906944,0.0,nan
27,15,0.0035697838463772886,0.1875,nan
27,16,0.00131916155812665,0.0,nan
27,17,0.000706898539004634,0.0,nan
27,18,0.0007462708687030146,0.0625,nan
27,19,0.0011439864674829383,0.0,nan
27,20,0.001431701738927295,0.0,nan
27,21,0.008268306322263596,0.3125,nan
27,22,0.0014489896294299863,0.0625,nan
27,23,0.0016257058011057987,0.0,nan
27,24,0.0014342585470264418,0.0,nan
27,25,0.0017875611264503966,0.0,nan
27,26,0.0014187973026594737,0.0,nan
27,27,0.0330072733807315,0.5,nan
27,28,0.002817560291477267,0.0625,nan
27,29,0.0006611313312915924,0.0625,nan
27,30,0.001583365158441661,0.0,nan
27,31,0.0023542673072658076,0.125,nan
27,32,0.0018612147342491722,0.0,nan
27,33,0.0021896397809012783,0.0,nan
27,34,0.0017964924000972542,0.0,nan
27,35,0.002744710048510881,0.125,nan
27,36,0.0005965358048211442,0.0,nan
27,37,0.0022700689165073714,0.125,nan
27,38,0.0019309184110212732,0.0625,nan
27,39,0.0038283701792802775,0.1875,nan
27,40,0.002184299380656946,0.0625,nan
27,41,0.000686065290362298,0.0,nan
27,42,0.0019342629747847776,0.0,nan
27,43,0.0003510878360336864,0.0,nan
27,44,0.005952402512363899,0.25,nan
27,45,0.0017247330993868239,0.0625,nan
27,46,0.0006213977337156855,0.0,nan
27,47,0.0026036788900277094,0.0,nan
27,48,0.0013472810114065537,0.0,nan
27,49,0.003245219383106494,0.125,nan
27,50,0.0015562835816826763,0.0,nan
27,51,0.0013495214848742484,0.0625,nan
27,52,0.001648953885019772,0.0,nan
27,53,0.003908070542807615,0.0625,nan
27,54,0.0023561684715962287,0.0625,nan
27,55,0.002315038130570028,0.125,nan
27,56,0.002727997384768262,0.0625,nan
27,57,0.0015209146582055425,0.0,nan
27,58,0.0009664947317486112,0.0,nan
27,59,0.0017616289642364042,0.0625,nan
27,60,0.002409533775560675,0.0625,nan
27,61,0.001148065134762601,0.0,nan
27,62,0.0020971939606369743,0.125,nan
27,63,0.0013556219924244425,0.0625,nan
27,64,0.009245881420942854,0.1875,nan
27,65,0.0007055778736344286,0.0,nan
27,66,0.0013925952085653542,0.0,nan
27,67,0.001021119550815977,0.0625,nan
27,68,0.004868123597434481,0.0625,nan
27,69,0.0017100398046261379,0.0,nan
27,70,0.006187750870199099,0.125,nan
27,71,0.0015831054511689694,0.0625,nan
27,72,0.0013003042613319237,0.0,nan
27,73,0.004510111434101591,0.25,nan
27,74,0.0014712707501037389,0.0,nan
27,75,0.0072776150191111826,0.125,nan
27,76,0.00328469500274301,0.125,nan
27,77,0.0014452305666581412,0.0625,nan
27,78,0.00032608361809580144,0.0,nan
27,79,0.001647601007170193,0.125,nan
27,80,0.0024118256911516917,0.25,nan
27,81,0.0024080927993543996,0.0625,nan
27,82,0.0013471052861657072,0.0,nan
27,83,0.000750276924459041,0.0,nan
27,84,0.0012243602839230885,0.0,nan
27,85,0.0014465100141129693,0.0625,nan
27,86,0.0018196675905886666,0.0,nan
27,87,0.0019007673655392263,0.0625,nan
27,88,0.0011119073351266947,0.0,nan
27,89,0.0030531443904114443,0.0625,nan
27,90,0.0017546177693005531,0.0,nan
27,91,0.0007977630782048958,0.0,nan
27,92,0.0009549239384042561,0.0625,nan
27,93,0.00223069951394467,0.0625,nan
27,94,0.002147223474022299,0.0625,nan
27,95,0.0026651313269787707,0.0,nan
27,96,0.0011433945776287361,0.0,nan
27,97,0.0018494897079055763,0.125,nan
27,98,0.0028493233736116732,0.0625,nan
27,99,0.0020764753315611565,0.0,nan
28,0,0.0009563249880001673,0.0,nan
28,1,0.0010673271030920493,0.0,nan
28,2,0.0006356540027172479,0.0,nan
28,3,0.0010803464677143454,0.125,nan
28,4,0.0008791105596344054,0.0,nan
28,5,0.0012733888121512654,0.0,nan
28,6,0.0013940442844073352,0.0,nan
28,7,0.0019489620441910413,0.0,nan
28,8,0.0016634767370915615,0.0625,nan
28,9,0.0014562794657122784,0.0,nan
28,10,0.0016416373564060128,0.0,nan
28,11,0.016199483413335405,0.4375,nan
28,12,0.0011383052860957856,0.0,nan
28,13,0.000859550934766509,0.0,nan
28,14,0.0009582801322547299,0.0,nan
28,15,0.0013808925584105959,0.0,nan
28,16,0.001636833464276846,0.0,nan
28,17,0.0010664020369768657,0.0,nan
28,18,0.0010385021259588863,0.0,nan
28,19,0.002167379157585202,0.0,nan
28,20,0.0011261396780398777,0.0,nan
28,21,0.004669760392746347,0.3125,nan
28,22,0.0015433706783941846,0.0,nan
28,23,0.0003972097819790827,0.0,nan
28,24,0.0034287120855664016,0.0,nan
28,25,0.0012729867597999199,0.0,nan
28,26,0.0012491085539806154,0.0,nan
28,27,0.12623954404179755,0.875,nan
28,28,0.0007973769845198422,0.0,nan
28,29,0.0010486543155842167,0.0,nan
28,30,0.0016626460923798735,0.0,nan
28,31,0.0006466720806718337,0.0,nan
28,32,0.001218819631800608,0.0,nan
28,33,0.00038210155625992737,0.0,nan
28,34,0.0007505424769639801,0.0,nan
28,35,0.000508446050520765,0.0,nan
28,36,0.0021069454585220023,0.0625,nan
28,37,0.0016635662664659248,0.0,nan
28,38,0.0008183376089792695,0.0,nan
28,39,0.0017629292024374712,0.0,nan
28,40,0.0026554125242484227,0.0625,nan
28,41,0.0009046140749309357,0.0,nan
28,42,0.0013746551057302512,0.0625,nan
28,43,0.0012869567636493136,0.0,nan
28,44,0.0014262443578502593,0.0625,nan
28,45,0.0015316914779620566,0.0,nan
28,46,0.001225786357712439,0.0,nan
28,47,0.0014540176422475149,0.0,nan
28,48,0.0010341312366278436,0.0625,nan
28,49,0.000946626960462827,0.0625,nan
28,50,0.0023077633767029544,0.0,nan
28,51,0.0010709356060617692,0.0,nan
28,52,0.004410438020105065,0.125,nan
28,53,0.0005197412397362571,0.0,nan
28,54,0.002243920316331788,0.0625,nan
28,55,0.001596262898057529,0.0,nan
28,56,0.002151476492382325,0.0,nan
28,57,0.005783429773839995,0.0625,nan
28,58,0.001044886526363557,0.0,nan
28,59,0.001511040578435399,0.0,nan
28,60,0.0007318718372960691,0.0625,nan
28,61,0.002517928417173859,0.0,nan
28,62,0.00172168834069477,0.0,nan
28,63,0.00032354384907769436,0.0,nan
28,64,0.0006696792975633885,0.1875,nan
28,65,0.001049615515456218,0.0,nan
28,66,0.0011514755521058865,0.0,nan
28,67,0.0011618805200796403,0.0,nan
28,68,0.0013317493109247325,0.0625,nan
28,69,0.0012291148570650248,0.0625,nan
28,70,0.0007737624781951741,0.0,nan
28,71,0.0009597778133183668,0.0,nan
28,72,0.0036381975755849826,0.125,nan
28,73,0.0014643356368971199,0.0,nan
28,74,0.0007906850617434681,0.0,nan
28,75,0.0017828797217711652,0.0,nan
28,76,0.000949169564113521,0.0,nan
28,77,0.001029482250596115,0.0,nan
28,78,0.00191895160444674,0.0,nan
28,79,0.0009851901524370378,0.0625,nan
28,80,0.020251729471728118,0.5,nan
28,81,0.005833220603757768,0.125,nan
28,82,0.001790930503529705,0.0625,nan
28,83,0.0022252320836223926,0.0,nan
28,84,0.0016113167002216428,0.0,nan
28,85,0.0010517720975440114,0.0,nan
28,86,0.0015855353807216594,0.0,nan
28,87,0.00042445634838497324,0.0,nan
28,88,0.0006314725940741992,0.0,nan
28,89,0.0008772417183322158,0.0,nan
28,90,0.0013812140308874553,0.0,nan
28,91,0.0007807242494519836,0.0,nan
28,92,0.0009494113594030666,0.0,nan
28,93,0.001327366988149668,0.0,nan
28,94,0.0007884479429700374,0.0,nan
28,95,0.0028222818545317043,0.125,nan
28,96,0.0003867174314412274,0.0,nan
28,97,0.000640721774399625,0.0625,nan
28,98,0.0005417547985247943,0.0,nan
28,99,0.0005923705833788149,0.0,nan
29,0,9.8086591303366e-05,0.0,nan
29,1,0.00011668362935228828,0.0,nan
29,2,0.00017218769044646378,0.0,nan
29,3,7.800996929553785e-05,0.0,nan
29,4,0.00012846595787554345,0.0,nan
29,5,0.0002724077676162531,0.0,nan
29,6,0.000247477461068301,0.0,nan
29,7,0.00010325853254059477,0.0,nan
29,8,0.00017812416921542674,0.0,nan
29,9,0.00011241075767178976,0.0,nan
29,10,0.00011964866192683794,0.0,nan
29,11,0.07890694928399053,1.0,nan
29,12,0.00010618235869557023,0.0,nan
29,13,7.356441718163642e-05,0.0,nan
29,14,0.00011128129237521939,0.0,nan
29,15,0.0001709759121304588,0.0,nan
29,16,0.00029116476361143765,0.0,nan
29,17,0.0001588859187388936,0.0,nan
29,18,0.00018592110346736353,0.0,nan
29,19,6.882644173743636e-05,0.0,nan
29,20,0.00021284149397551795,0.0,nan
29,21,0.07126451727260297,1.0,nan
29,22,9.734282066562456e-05,0.0,nan
29,23,0.00014096522056538887,0.0,nan
29,24,0.00014168698222809782,0.0,nan
29,25,0.00022385459320186594,0.0,nan
29,26,0.00013107168415974973,0.0,nan
29,27,0.07789496965738929,1.0,nan
29,28,0.00021421458692895428,0.0,nan
29,29,0.00012745903662301057,0.0,nan
29,30,0.00015360246551619392,0.0,nan
29,31,0.00016213130712197876,0.0,nan
29,32,8.759743508461557e-05,0.0,nan
29,33,0.00020088066888117038,0.0,nan
29,34,6.86501882779704e-05,0.0,nan
29,35,4.611374519285818e-05,0.0,nan
29,36,0.00024010017373563995,0.0,nan
29,37,0.00016374165204364197,0.0,nan
29,38,6.268392481857896e-05,0.0,nan
29,39,0.00018399954239894158,0.0,nan
29,40,0.00023475434693119433,0.0,nan
29,41,0.0001360757582661003,0.0,nan
29,42,0.00011958754346201862,0.0,nan
29,43,0.00017486769557420646,0.0,nan
29,44,7.998349336388604e-05,0.0,nan
29,45,8.022042669207305e-05,0.0,nan
29,46,0.00034888152501004867,0.0,nan
29,47,0.00010448718586986323,0.0,nan
29,48,0.00010148021302304656,0.0,nan
29,49,0.0001571156023222871,0.0,nan
29,50,0.00016554217929299508,0.0,nan
29,51,0.0001257945217444851,0.0,nan
29,52,0.00023659850750712522,0.0,nan
29,53,0.0001730745425914578,0.0,nan
29,54,5.619424169449662e-05,0.0,nan
29,55,0.00016764229270797105,0.0,nan
29,56,0.00011636181476436143,0.0,nan
29,57,0.00013552485544103988,0.0,nan
29,58,0.0004503128401580467,0.0,nan
29,59,0.0003488110632521303,0.0,nan
29,60,0.0001381283620497424,0.0,nan
29,61,0.0001911894611662574,0.0,nan
29,62,0.00022023758967955188,0.0,nan
29,63,0.00010552855357015906,0.0,nan
29,64,0.00010201372217874851,0.0,nan
29,65,5.0533675615300087e-05,0.0,nan
29,66,7.115472425344918e-05,0.0,nan
29,67,0.00012715148836916828,0.0,nan
29,68,3.15745377839677e-05,0.0,nan
29,69,3.4256124876637085e-05,0.0,nan
29,70,0.00019731541692922226,0.0,nan
29,71,0.000257841038388147,0.0,nan
29,72,0.00010475509644844994,0.0,nan
29,73,9.701052258204347e-05,0.0,nan
29,74,0.00028940406532572903,0.0,nan
29,75,0.00013320219063447266,0.0,nan
29,76,0.000125331775351671,0.0,nan
29,77,0.0001691466002860444,0.0,nan
29,78,0.0001695443428555417,0.0,nan
29,79,0.00012342700022185951,0.0,nan
29,80,0.00027919075279636866,0.0,nan
29,81,0.0002723769630603647,0.0,nan
29,82,0.0001408924709401058,0.0,nan
29,83,0.0001724365535552082,0.0,nan
29,84,7.990370965597585e-05,0.0,nan
29,85,0.00013145392990354578,0.0,nan
29,86,0.0001509538018625106,0.0,nan
29,87,0.0001899483767729314,0.0,nan
29,88,0.0001113731278833517,0.0,nan
29,89,0.0001941200594018599,0.0,nan
29,90,4.061012737115003e-05,0.0,nan
29,91,0.00031867204512078443,0.0,nan
29,92,0.00019036389426601118,0.0,nan
29,93,7.339271057560177e-05,0.0,nan
29,94,0.0001054338556198433,0.0,nan
29,95,0.00019125739028177588,0.0,nan
29,96,7.103664986241562e-05,0.0,nan
29,97,5.753801206488391e-05,0.0,nan
29,98,0.00025481511220010856,0.0,nan
29,99,0.00012025592896028832,0.0,nan
30,0,5.714390441739542e-05,0.0,nan
30,1,7.322908910893617e-05,0.0,nan
30,2,6.221743351331976e-05,0.0,nan
30,3,4.5878779916066195e-05,0.0,nan
30,4,9.952531452760331e-05,0.0,nan
30,5,8.37287610464367e-05,0.0,nan
30,6,8.091940837667024e-05,0.0,nan
30,7,5.802450475514874e-05,0.0,nan
30,8,9.43836006640177e-05,0.0,nan
30,9,0.00013974592031578822,0.0,nan
30,10,0.00013477704538727699,0.0,nan
30,11,0.07985873853639691,1.0,nan
30,12,0.00024565992611930235,0.0,nan
30,13,0.00027742571866020907,0.0,nan
30,14,6.568362355435629e-05,0.0,nan
30,15,0.00013673352603481694,0.0,nan
30,16,0.0001049882142764974,0.0,nan
30,17,5.771439837199655e-05,0.0,nan
30,18,4.9911125717627826e-05,0.0,nan
30,19,0.00011127680887564562,0.0,nan
30,20,8.92321303732715e-05,0.0,nan
30,21,0.08122161084596868,1.0,nan
30,22,2.826237011492156e-05,0.0,nan
30,23,9.597796698470844e-05,0.0,nan
30,24,0.00010684256486320006,0.0,nan
30,25,7.94116403764068e-05,0.0,nan
30,26,0.00015019350239342386,0.0,nan
30,27,0.10380766188033894,0.9375,nan
30,28,5.0109630371239336e-05,0.0,nan
30,29,6.91490293448157e-05,0.0,nan
30,30,7.546887069960286e-05,0.0,nan
30,31,5.76793809755377e-05,0.0,nan
30,32,9.250464327341005e-05,0.0,nan
30,33,6.32835573631899e-05,0.0,nan
30,34,0.00011194121155210472,0.0,nan
30,35,8.854799647405991e-05,0.0,nan
30,36,3.164660088808407e-05,0.0,nan
30,37,0.00010355652540989445,0.0,nan
30,38,8.884779277801945e-05,0.0,nan
30,39,3.807865489196948e-05,0.0,nan
30,40,0.00017101868722259043,0.0,nan
30,41,2.8514261118690572e-05,0.0,nan
30,42,4.6331552132529774e-05,0.0,nan
30,43,5.104361805951747e-05,0.0,nan
30,44,0.00010442322272013088,0.0,nan
30,45,7.975561017906657e-05,0.0,nan
30,46,1.7714468227984922e-05,0.0,nan
30,47,6.078340187072886e-05,0.0,nan
30,48,7.027194467603933e-05,0.0,nan
30,49,0.00014234129696839615,0.0,nan
30,50,4.238596727585501e-05,0.0,nan
30,51,7.93958865527692e-05,0.0,nan
30,52,7.129892656770293e-05,0.0,nan
30,53,6.864392177919609e-05,0.0,nan
30,54,0.00018691290313618006,0.0,nan
30,55,3.487602697756219e-05,0.0,nan
30,56,2.8132735461840003e-05,0.0,nan
30,57,3.761922029860466e-05,0.0,nan
30,58,2.6543095850216656e-05,0.0,nan
30,59,0.00011171297872290454,0.0,nan
30,60,2.8934344876874052e-05,0.0,nan
30,61,4.511132458687048e-05,0.0,nan
30,62,3.465766545061951e-05,0.0,nan
30,63,4.2539580278830196e-05,0.0,nan
30,64,6.192795487205713e-05,0.0,nan
30,65,8.800238147321774e-05,0.0,nan
30,66,6.144549085001363e-05,0.0,nan
30,67,6.449875120597296e-05,0.0,nan
30,68,5.178014937877917e-05,0.0,nan
30,69,9.490031058845876e-05,0.0,nan
30,70,8.668963457974647e-05,0.0,nan
30,71,9.03518526490608e-05,0.0,nan
30,72,5.240369892125111e-05,0.0,nan
30,73,0.00010161882238504316,0.0,nan
30,74,6.496873731339695e-05,0.0,nan
30,75,0.0003041266130896208,0.0,nan
30,76,4.019457924363536e-05,0.0,nan
30,77,3.213808007082914e-05,0.0,nan
30,78,0.00019433252154540376,0.0,nan
30,79,0.00014092929742741227,0.0,nan
30,80,6.014319241511849e-05,0.0,nan
30,81,1.8866659936154303e-05,0.0,nan
30,82,0.00011693668640862157,0.0625,nan
30,83,0.00012617685838832912,0.0,nan
30,84,9.266556032777068e-05,0.0,nan
30,85,0.00010421110163880503,0.0,nan
30,86,4.560122570766366e-05,0.0,nan
30,87,9.464368780059094e-05,0.0,nan
30,88,0.0001582798619712444,0.0,nan
30,89,4.0862368806927004e-05,0.0,nan
30,90,7.110093899699062e-05,0.0,nan
30,91,7.727895130279765e-05,0.0,nan
30,92,6.19232922847876e-05,0.0,nan
30,93,0.00014321838532088842,0.0,nan
30,94,3.2321773666463553e-05,0.0,nan
30,95,7.06184911058157e-05,0.0,nan
30,96,6.312317922814286e-05,0.0,nan
30,97,0.0001642551571012914,0.0,nan
30,98,0.00010346417969517444,0.0,nan
30,99,4.695525460574947e-05,0.0,nan
31,0,1.0265858255540204e-05,0.0,nan
31,1,0.0001911694343394425,0.0,nan
31,2,1.8786222462987382e-05,0.0,nan
31,3,8.640587044616242e-05,0.0,nan
31,4,2.867938189225568e-05,0.0,nan
31,5,0.00017473988461842174,0.0,nan
31,6,4.487589865755434e-05,0.0,nan
31,7,0.00016720548360870584,0.0,nan
31,8,5.19484276452039e-05,0.0,nan
31,9,6.0591058722379284e-05,0.0,nan
31,10,8.153098377335622e-05,0.0,nan
31,11,0.10332760453754455,0.9375,nan
31,12,6.0907836046771254e-05,0.0,nan
31,13,3.331777145086676e-05,0.0,nan
31,14,3.4914362135155255e-05,0.0,nan
31,15,4.83132770513298e-05,0.0,nan
31,16,6.284742375607793e-05,0.0,nan
31,17,1.9709098202963757e-05,0.0,nan
31,18,6.379316743217799e-05,0.0,nan
31,19,3.094079148846389e-05,0.0,nan
31,20,4.900019894993181e-05,0.0,nan
31,21,0.05359456043793262,0.9375,nan
31,22,6.818400054798269e-05,0.0,nan
31,23,3.9008776737363776e-05,0.0,nan
31,24,8.889515174165098e-05,0.0,nan
31,25,3.493551499564224e-05,0.0,nan
31,26,5.45704576684833e-05,0.0,nan
31,27,0.16379432250808945,1.0,nan
31,28,7.249906268074438e-05,0.0,nan
31,29,6.353958815008479e-05,0.0,nan
31,30,0.00010195782592380432,0.0,nan
31,31,5.896391717796274e-05,0.0,nan
31,32,1.3933539968377954e-05,0.0,nan
31,33,0.00023805097630871975,0.0,nan
31,34,6.638351830907885e-05,0.0,nan
31,35,8.723270084340746e-05,0.0,nan
31,36,2.7705945557093517e-05,0.0,nan
31,37,1.7257412363441517e-05,0.0,nan
31,38,6.074384247661267e-05,0.0,nan
31,39,2.9659516708602176e-05,0.0,nan
31,40,9.179139257823911e-05,0.0,nan
31,41,8.909240499131352e-05,0.0,nan
31,42,8.996707254484019e-05,0.0,nan
31,43,3.716770337855537e-05,0.0,nan
31,44,8.190319952050494e-05,0.0,nan
31,45,2.0476299691450155e-05,0.0,nan
31,46,8.577989076346296e-05,0.0,nan
31,47,8.03432956097573e-05,0.0,nan
31,48,0.00010582096422789672,0.0,nan
31,49,3.4075398552875925e-05,0.0,nan
31,50,3.722322598506623e-05,0.0,nan
31,51,0.00012583479026344134,0.0,nan
31,52,0.00016716099253462634,0.0,nan
31,53,6.473527478315913e-05,0.0,nan
31,54,2.553407001220557e-05,0.0,nan
31,55,5.893467415678576e-05,0.0,nan
31,56,4.1265082302178573e-05,0.0,nan
31,57,3.174681447791772e-05,0.0,nan
31,58,1.6575821728677063e-05,0.0,nan
31,59,8.14959825297548e-05,0.0,nan
31,60,4.384487983244481e-05,0.0,nan
31,61,2.6345408286683067e-05,0.0,nan
31,62,3.467218776758671e-05,0.0,nan
31,63,4.9018091540677826e-05,0.0,nan
31,64,4.2591299482225246e-05,0.0,nan
31,65,3.76143576448198e-05,0.0,nan
31,66,4.6120693500846714e-05,0.0,nan
31,67,0.0002549956018041103,0.0,nan
31,68,4.450353023321006e-05,0.0,nan
31,69,4.9227946476662366e-05,0.0,nan
31,70,6.6874565479950985e-06,0.0,nan
31,71,4.7529690354197946e-05,0.0,nan
31,72,4.328566188391282e-05,0.0,nan
31,73,2.887361762148427e-05,0.0,nan
31,74,9.686639608219688e-05,0.0,nan
31,75,3.805385725013913e-05,0.0,nan
31,76,4.205000931878467e-05,0.0,nan
31,77,5.547980207267127e-05,0.0,nan
31,78,3.20950473194908e-05,0.0,nan
31,79,2.294762811729624e-05,0.0,nan
31,80,8.993939788984176e-05,0.0,nan
31,81,6.874913292512788e-05,0.0,nan
31,82,5.075755799247327e-05,0.0,nan
31,83,2.96981336063171e-05,0.0,nan
31,84,3.0257565501428872e-05,0.0,nan
31,85,5.7812453162967595e-05,0.0,nan
31,86,2.121148883860295e-05,0.0,nan
31,87,4.3230705191102376e-05,0.0,nan
31,88,2.387101616988983e-05,0.0,nan
31,89,3.780230409379863e-05,0.0,nan
31,90,2.2962150409235896e-05,0.0,nan
31,91,2.647441673777681e-05,0.0,nan
31,92,5.58848590627926e-05,0.0,nan
31,93,9.518978908723583e-05,0.0,nan
31,94,3.236256811381039e-05,0.0,nan
31,95,0.00010230248381274816,0.0,nan
31,96,6.22535346704407e-05,0.0,nan
31,97,6.475427137655706e-05,0.0,nan
31,98,5.925216699238286e-05,0.0,nan
31,99,4.2678767085446175e-05,0.0,nan
32,0,0.000149141352929714,0.0,nan
32,1,0.00022251150201813333,0.0,nan
32,2,7.817422606288617e-05,0.0,nan
32,3,0.00018662807492329862,0.0,nan
32,4,0.00010744153638027805,0.0,nan
32,5,0.00010587824371986843,0.0,nan
32,6,0.00025845138926867815,0.0,nan
32,7,4.8690172219052234e-05,0.0,nan
32,8,0.0002947295581471218,0.0,nan
32,9,0.00017474397383197016,0.0,nan
32,10,0.00015900853689778435,0.0,nan
32,11,0.12498583932975177,1.0,nan
32,12,5.5463564795794546e-05,0.0,nan
32,13,5.296094704943876e-05,0.0,nan
32,14,0.00016213517465473365,0.0,nan
32,15,0.0001392006006819424,0.0,nan
32,16,3.611128490635198e-05,0.0,nan
32,17,0.00013723542883994395,0.0,nan
32,18,0.00017411503586666873,0.0,nan
32,19,0.00011306843159713746,0.0,nan
32,20,4.382578025145705e-05,0.0,nan
32,21,0.04875572394130248,1.0,nan
32,22,0.0002204491526378351,0.0,nan
32,23,0.00039498460905919313,0.0,nan
32,24,0.00014601630645136624,0.0,nan
32,25,0.00012449827223040262,0.0,nan
32,26,5.554367687337847e-05,0.0,nan
32,27,0.1290346739153901,1.0,nan
32,28,0.00020653376815515635,0.0,nan
32,29,0.0002483350023886263,0.0,nan
32,30,0.00012617425949875246,0.0,nan
32,31,1.9674933083164453e-05,0.0,nan
32,32,5.492857764762189e-05,0.0,nan
32,33,5.832588550045147e-05,0.0,nan
32,34,0.0003174648764222936,0.0,nan
32,35,9.600376431094825e-06,0.0,nan
32,36,8.921133436320589e-05,0.0,nan
32,37,0.00012256845499183553,0.0,nan
32,38,8.385432862598873e-05,0.0,nan
32,39,0.0001503619200786049,0.0,nan
32,40,0.00010620353594786421,0.0,nan
32,41,8.74526842749273e-05,0.0,nan
32,42,0.00012645453154476948,0.0,nan
32,43,8.210292027645089e-05,0.0,nan
32,44,0.00015535059750798732,0.0,nan
32,45,0.00013780937639526242,0.0,nan
32,46,0.00018424790696376772,0.0,nan
32,47,5.2730144284554165e-05,0.0,nan
32,48,0.00010032615660905941,0.0,nan
32,49,2.9021100596940512e-05,0.0,nan
32,50,6.963466262234971e-05,0.0,nan
32,51,0.0001745399734132628,0.0,nan
32,52,0.00024101147608126552,0.0,nan
32,53,0.00012642789199545653,0.0,nan
32,54,8.443736023845344e-05,0.0,nan
32,55,0.0002566259678982941,0.0,nan
32,56,0.0002760743187868004,0.0,nan
32,57,0.0001371372446006012,0.0,nan
32,58,7.37271058579957e-05,0.0,nan
32,59,8.04619866383014e-05,0.0,nan
32,60,7.722768047490337e-05,0.0,nan
32,61,0.00026757190028225714,0.0,nan
32,62,9.629390014470791e-05,0.0,nan
32,63,7.369010341287853e-05,0.0,nan
32,64,4.726677681706123e-05,0.0,nan
32,65,0.00015907337994113425,0.0,nan
32,66,7.497944175335154e-05,0.0,nan
32,67,0.00012597503002067097,0.0,nan
32,68,0.00017425775958515398,0.0,nan
32,69,0.0001382429028789847,0.0,nan
32,70,0.00018365801039364993,0.0,nan
32,71,0.00013485981542404277,0.0,nan
32,72,7.307232373805012e-05,0.0,nan
32,73,0.00014866598953059164,0.0,nan
32,74,0.00014403945154471177,0.0,nan
32,75,7.520681382008836e-05,0.0,nan
32,76,5.217799425364743e-05,0.0,nan
32,77,0.00010279837073865519,0.0,nan
32,78,0.00016872490606418546,0.0,nan
32,79,7.814106091229564e-05,0.0,nan
32,80,1.3533654094110712e-05,0.0,nan
32,81,3.55112615153266e-05,0.0,nan
32,82,0.00011979149152484983,0.0,nan
32,83,9.239224604233884e-05,0.0,nan
32,84,0.00011681177880534984,0.0,nan
32,85,0.00010435898591435968,0.0,nan
32,86,0.00010847858275300076,0.0,nan
32,87,6.914515419406339e-05,0.0,nan
32,88,0.00012707887941131962,0.0,nan
32,89,0.00011531248598428595,0.0,nan
32,90,7.677684531866115e-05,0.0,nan
32,91,9.275554270196453e-05,0.0,nan
32,92,1.750687973588634e-05,0.0,nan
32,93,3.65873664746034e-05,0.0,nan
32,94,7.005615148010833e-05,0.0,nan
32,95,0.00014363646388881543,0.0,nan
32,96,0.00017353338719244788,0.0,nan
32,97,0.00015086908211932385,0.0,nan
32,98,0.00010368772777538702,0.0,nan
32,99,0.00012319680977694207,0.0,nan
33,0,7.262911917008477e-05,0.0,nan
33,1,4.0298579729161106e-05,0.0,nan
33,2,4.433018548005697e-05,0.0,nan
33,3,1.7907116361630187e-05,0.0,nan
33,4,5.623884490578025e-05,0.0,nan
33,5,0.00023203616879272467,0.0625,nan
33,6,5.293551231078012e-05,0.0,nan
33,7,3.136443410197935e-05,0.0,nan
33,8,3.332186798461721e-05,0.0,nan
33,9,3.277303659340042e-05,0.0,nan
33,10,3.6780827174156614e-05,0.0,nan
33,11,0.07860797412696358,1.0,nan
33,12,2.2630441053991643e-05,0.0,nan
33,13,4.164319786810576e-05,0.0,nan
33,14,0.00013806132733901733,0.0,nan
33,15,3.151169649127402e-05,0.0,nan
33,16,0.0001549178219131223,0.0,nan
33,17,0.00028909209391861964,0.0,nan
33,18,5.8567473816799676e-05,0.0,nan
33,19,7.168186923553603e-05,0.0,nan
33,20,7.906633436202424e-05,0.0,nan
33,21,0.05017032071703276,0.875,nan
33,22,0.00011945966042010097,0.0,nan
33,23,5.894611400240665e-05,0.0,nan
33,24,4.455020285457807e-05,0.0,nan
33,25,5.067843079486769e-05,0.0,nan
33,26,3.019031319748125e-05,0.0,nan
33,27,0.1045918079138258,1.0,nan
33,28,7.465943889198487e-05,0.0,nan
33,29,0.0001887566263376309,0.0,nan
33,30,7.821441645886581e-05,0.0,nan
33,31,4.1331576729791346e-05,0.0,nan
33,32,6.301661173226545e-05,0.0,nan
33,33,0.00011922076490601455,0.0,nan
33,34,5.640851855223575e-05,0.0,nan
33,35,8.316275287258208e-05,0.0,nan
33,36,2.956755517920673e-05,0.0,nan
33,37,0.00020555487004857628,0.0,nan
33,38,0.00010545713574360531,0.0,nan
33,39,0.00019413631646592654,0.0,nan
33,40,0.00012515488548374372,0.0,nan
33,41,5.393808845009909e-05,0.0,nan
33,42,3.990694270557706e-05,0.0,nan
33,43,0.00016571929542378943,0.0,nan
33,44,3.2936743347943866e-05,0.0,nan
33,45,5.5680019650230135e-05,0.0,nan
33,46,6.617077463058523e-05,0.0,nan
33,47,1.4921285320564553e-05,0.0,nan
33,48,6.116540951847454e-05,0.0,nan
33,49,2.8757359277812114e-05,0.0,nan
33,50,4.0155417181150435e-05,0.0,nan
33,51,6.894797862518382e-05,0.0,nan
33,52,4.980171171164965e-05,0.0,nan
33,53,0.000131575105246898,0.0,nan
33,54,7.547035759879946e-05,0.0,nan
33,55,0.00017207472269424283,0.0,nan
33,56,7.938921492485674e-05,0.0,nan
33,57,3.52235897964815e-05,0.0,nan
33,58,5.593833193601335e-05,0.0,nan
33,59,4.1763122943938355e-05,0.0,nan
33,60,1.9373733492070415e-05,0.0,nan
33,61,0.00010612194517351081,0.0,nan
33,62,4.8570798654404225e-05,0.0,nan
33,63,7.08806280048336e-05,0.0,nan
33,64,6.17353167046737e-05,0.0,nan
33,65,6.0689786220021326e-05,0.0,nan
33,66,9.430930447131141e-05,0.0,nan
33,67,9.693332113566976e-05,0.0,nan
33,68,4.848018640576948e-05,0.0,nan
33,69,5.3757184758608586e-05,0.0,nan
33,70,3.9757480289673395e-05,0.0,nan
33,71,4.9276818342282976e-05,0.0,nan
33,72,1.794536027178479e-05,0.0,nan
33,73,4.372114940609916e-05,0.0,nan
33,74,4.8432023438035875e-05,0.0,nan
33,75,0.0001473150175895401,0.0,nan
33,76,0.00016048594971318584,0.0,nan
33,77,7.822577303114066e-05,0.0,nan
33,78,8.504742850568062e-05,0.0,nan
33,79,3.04057395722353e-05,0.0,nan
33,80,4.687009389915446e-05,0.0,nan
33,81,0.00012429780521947597,0.0,nan
33,82,7.933398630401045e-05,0.0,nan
33,83,3.975258269740052e-05,0.0,nan
33,84,3.519147866728897e-05,0.0,nan
33,85,2.7460355754407952e-05,0.0,nan
33,86,3.692656072995013e-05,0.0,nan
33,87,5.465853079128006e-05,0.0,nan
33,88,6.620741687089594e-05,0.0,nan
33,89,6.0723068061011316e-05,0.0,nan
33,90,0.00014340114373254359,0.0,nan
33,91,2.2333748128200656e-05,0.0,nan
33,92,4.912993226085431e-05,0.0,nan
33,93,2.5153808380748806e-05,0.0,nan
33,94,5.039401510458492e-05,0.0,nan
33,95,4.01276447954183e-05,0.0,nan
33,96,7.193465462161944e-05,0.0,nan
33,97,8.168130222109652e-05,0.0,nan
33,98,8.582842227266186e-05,0.0,nan
33,99,7.18414036407721e-05,0.0,nan
34,0,5.9753677733677144e-05,0.0,nan
34,1,3.354262578015814e-05,0.0,nan
34,2,5.536823219132459e-05,0.0,nan
34,3,5.327244419350094e-05,0.0,nan
34,4,4.273009448738789e-05,0.0,nan
34,5,0.00010241682847354061,0.0,nan
34,6,0.00010085214005083557,0.0,nan
34,7,0.00019184845124261952,0.0,nan
34,8,0.00020475515668457486,0.0,nan
34,9,3.910094570078639e-05,0.0,nan
34,10,2.1992015760350536e-05,0.0,nan
34,11,0.07370067367466723,1.0,nan
34,12,6.366575787750516e-05,0.0,nan
34,13,6.289119995575018e-05,0.0,nan
34,14,0.00010953356064843146,0.0,nan
34,15,0.00018579641925442781,0.0,nan
34,16,3.3880743381743756e-05,0.0,nan
34,17,0.00025598664063188574,0.0,nan
34,18,2.042817485849187e-05,0.0,nan
34,19,0.00024606277860751794,0.0,nan
34,20,0.00017001837125330446,0.0,nan
34,21,0.06725794804253793,1.0,nan
34,22,7.756988434681674e-05,0.0,nan
34,23,0.00011071165840109438,0.0,nan
34,24,0.00010351556599874309,0.0,nan
34,25,2.7824414187149262e-05,0.0,nan
34,26,7.968102965263344e-05,0.0,nan
34,27,0.08442170307860619,1.0,nan
34,28,5.192918989697008e-05,0.0,nan
34,29,0.0002389788877552399,0.0,nan
34,30,0.00011020556982014294,0.0,nan
34,31,4.821847177990123e-05,0.0,nan
34,32,0.00013877288857037261,0.0,nan
34,33,5.6536605888384917e-05,0.0,nan
34,34,5.654359159761923e-05,0.0,nan
34,35,4.907041014423128e-05,0.0,nan
34,36,0.00013598377857334761,0.0,nan
34,37,0.00012804603390060117,0.0,nan
34,38,8.239023132094789e-05,0.0,nan
34,39,9.054462985784675e-05,0.0,nan
34,40,7.587125889445578e-05,0.0,nan
34,41,5.0505621733311785e-05,0.0,nan
34,42,8.17236268222175e-05,0.0,nan
34,43,3.881115787250846e-05,0.0,nan
34,44,3.485910299303022e-05,0.0,nan
34,45,0.00010913405757963674,0.0,nan
34,46,9.154906814706495e-05,0.0,nan
34,47,6.788720163074866e-05,0.0,nan
34,48,5.099199580756041e-05,0.0,nan
34,49,4.720839919999408e-05,0.0,nan
34,50,0.0001201669363525655,0.0,nan
34,51,3.192104065151819e-05,0.0,nan
34,52,8.432509672683461e-05,0.0,nan
34,53,0.00017418674100374426,0.0,nan
34,54,1.3430706779486069e-05,0.0,nan
34,55,0.00016703379955576586,0.0,nan
34,56,0.00014069328305001328,0.0,nan
34,57,5.0820243082327546e-05,0.0,nan
34,58,7.546373583697809e-05,0.0,nan
34,59,0.00012038011931131176,0.0,nan
34,60,4.1688021715237774e-05,0.0,nan
34,61,5.782708848237152e-05,0.0,nan
34,62,0.00011747148289268351,0.0,nan
34,63,0.00011596011908809765,0.0,nan
34,64,7.771499125905284e-05,0.0,nan
34,65,0.0001094760491918528,0.0,nan
34,66,6.855908502759207e-07,0.0,nan
34,67,5.860419411841951e-05,0.0,nan
34,68,9.168935383272391e-05,0.0,nan
34,69,0.000134555878011538,0.0,nan
34,70,0.00024368067919745113,0.0,nan
34,71,0.00014319686095687405,0.0,nan
34,72,4.973063695835043e-05,0.0,nan
34,73,9.357851690372874e-05,0.0,nan
34,74,0.00014583506682661223,0.0,nan
34,75,0.0001012129649112137,0.0,nan
34,76,8.424680210108693e-05,0.0,nan
34,77,7.74080431399181e-05,0.0,nan
34,78,6.941738819230117e-05,0.0,nan
34,79,0.00034754867661306005,0.0,nan
34,80,6.109074366274122e-05,0.0,nan
34,81,0.0004322264608986423,0.125,nan
34,82,0.00011770831334818508,0.0,nan
34,83,0.00013863400197052325,0.0,nan
34,84,0.0001240883716645173,0.0,nan
34,85,0.00014950473067530494,0.0,nan
34,86,0.0002505763445844211,0.0,nan
34,87,0.00015193987394435265,0.0,nan
34,88,0.00025188855710632355,0.0,nan
34,89,0.00013432095949472597,0.0,nan
34,90,2.986270570916009e-05,0.0,nan
34,91,0.00019130856781582822,0.0,nan
34,92,0.00030471812270978303,0.0,nan
34,93,4.917075390818293e-05,0.0,nan
34,94,1.680475543475556e-05,0.0,nan
34,95,0.00010169068408865592,0.0,nan
34,96,6.75841106781132e-05,0.0,nan
34,97,8.830131338240235e-05,0.0,nan
34,98,7.908457209825881e-05,0.0,nan
34,99,3.8963817810679446e-05,0.0,nan
35,0,8.407985482738981e-05,0.0,nan
35,1,6.348071100216534e-05,0.0,nan
35,2,9.694920563445197e-05,0.0,nan
35,3,3.081175722421452e-05,0.0,nan
35,4,6.11259286718649e-05,0.0,nan
35,5,0.0001706254526225674,0.0,nan
35,6,3.857406163576152e-05,0.0,nan
35,7,7.105814729381339e-05,0.0,nan
35,8,0.00012123296581625222,0.0,nan
35,9,3.977717399710609e-05,0.0,nan
35,10,9.913482566293333e-06,0.0,nan
35,11,0.06974620795609884,1.0,nan
35,12,0.00011309389102543693,0.0,nan
35,13,1.8651145293440766e-05,0.0,nan
35,14,8.938026713117324e-05,0.0,nan
35,15,5.319127435435454e-05,0.0,nan
35,16,6.683982980649632e-05,0.0,nan
35,17,6.881233882683794e-05,0.0,nan
35,18,0.00010237971930304637,0.0,nan
35,19,5.802024785320009e-05,0.0,nan
35,20,6.91559801653879e-05,0.0,nan
35,21,0.06393875768580741,0.9375,nan
35,22,5.2427621023054106e-05,0.0,nan
35,23,0.00011113579032579724,0.0,nan
35,24,0.00012166886415978628,0.0,nan
35,25,6.23891453054642e-05,0.0,nan
35,26,7.730253118415497e-05,0.0,nan
35,27,0.12146401708222068,1.0,nan
35,28,7.165936818127563e-05,0.0,nan
35,29,1.6090846614220156e-05,0.0,nan
35,30,5.078068858454569e-05,0.0,nan
35,31,0.00011254586857798737,0.0,nan
35,32,4.355497986401889e-05,0.0,nan
35,33,4.029296901792406e-05,0.0,nan
35,34,4.8756132950793616e-05,0.0,nan
35,35,0.00010214446997388203,0.0,nan
35,36,0.0001981802371953699,0.0,nan
35,37,9.222577987721975e-05,0.0,nan
35,38,0.0001030407738396721,0.0,nan
35,39,7.739720172995643e-05,0.0,nan
35,40,0.00012963139470775498,0.0,nan
35,41,0.00010573622541977239,0.0,nan
35,42,5.572286549155346e-05,0.0,nan
35,43,8.375656590920069e-05,0.0,nan
35,44,7.687563052546294e-05,0.0,nan
35,45,4.657321101415419e-05,0.0,nan
35,46,1.1393013954646907e-05,0.0,nan
35,47,7.593191510983562e-05,0.0,nan
35,48,8.914368439167752e-05,0.0,nan
35,49,4.608584371054738e-05,0.0,nan
35,50,3.9173829592480865e-05,0.0,nan
35,51,0.00010536874672105794,0.0,nan
35,52,6.872053553274496e-05,0.0,nan
35,53,0.00011117429819805372,0.0625,nan
35,54,5.050529654565054e-05,0.0,nan
35,55,3.673857042783473e-05,0.0,nan
35,56,0.00012473028995473682,0.0,nan
35,57,0.00013340565490722894,0.0,nan
35,58,0.00016110598427174818,0.0,nan
35,59,2.3291282645075853e-05,0.0,nan
35,60,0.0001298665092525162,0.0,nan
35,61,3.609878373810606e-05,0.0,nan
35,62,3.682559811591616e-05,0.0,nan
35,63,4.083825221624853e-05,0.0,nan
35,64,5.746125181401102e-05,0.0,nan
35,65,6.745110674884148e-05,0.0,nan
35,66,0.00030012096897078443,0.0625,nan
35,67,0.0001551235006694944,0.0,nan
35,68,7.094427216251036e-05,0.0,nan
35,69,2.2709417616291933e-05,0.0,nan
35,70,6.095056328174788e-05,0.0,nan
35,71,6.851343033572781e-05,0.0,nan
35,72,8.868805444691119e-05,0.0,nan
35,73,2.575390933548895e-05,0.0,nan
35,74,4.1316507826635725e-05,0.0,nan
35,75,6.265965986805458e-05,0.0,nan
35,76,6.020339985336604e-05,0.0,nan
35,77,6.366831396547172e-05,0.0,nan
35,78,0.0001261977987436323,0.0,nan
35,79,4.0541732098662736e-05,0.0,nan
35,80,9.88524242651242e-05,0.0,nan
35,81,0.00017614484069742876,0.0,nan
35,82,6.105003248721936e-05,0.0,nan
35,83,5.012815299223869e-05,0.0,nan
35,84,5.1224239569470554e-05,0.0,nan
35,85,5.0500299919151344e-05,0.0,nan
35,86,0.00011373772021992364,0.0,nan
35,87,3.560795487032231e-05,0.0,nan
35,88,6.92375714109182e-05,0.0,nan
35,89,4.898189917579849e-05,0.0,nan
35,90,6.608361117791615e-05,0.0,nan
35,91,6.1023275535364756e-05,0.0,nan
35,92,6.827984392768475e-05,0.0,nan
35,93,5.7074726713701256e-05,0.0,nan
35,94,0.00012520982288987976,0.0,nan
35,95,6.694198134771363e-05,0.0,nan
35,96,0.00012967536830548745,0.0,nan
35,97,8.41382303236966e-05,0.0,nan
35,98,7.829720829314495e-05,0.0,nan
35,99,4.794108764443199e-05,0.0,nan
36,0,7.839531425559083e-05,0.0,nan
36,1,6.637592753427448e-05,0.0,nan
36,2,2.3106093370832223e-05,0.0,nan
36,3,6.704723978113704e-05,0.0,nan
36,4,8.728200230222094e-05,0.0,nan
36,5,2.2364353042268574e-05,0.0,nan
36,6,9.450212490980281e-05,0.0,nan
36,7,6.32602221054221e-05,0.0,nan
36,8,2.4453004315671357e-05,0.0,nan
36,9,7.016066509014473e-05,0.0,nan
36,10,5.3096687683801405e-05,0.0,nan
36,11,0.07139838995969672,1.0,nan
36,12,4.183962476322368e-05,0.0,nan
36,13,9.068261194017518e-05,0.0,nan
36,14,5.327107206600666e-05,0.0,nan
36,15,4.747537549371463e-05,0.0,nan
36,16,8.759371077074216e-05,0.0,nan
36,17,3.522373043559882e-05,0.0,nan
36,18,5.6423847871858726e-05,0.0,nan
36,19,7.552619317247557e-05,0.0,nan
36,20,2.4415434628588584e-05,0.0,nan
36,21,0.08257698115180408,0.9375,nan
36,22,7.294188873399706e-05,0.0,nan
36,23,4.953597538957602e-05,0.0,nan
36,24,3.6308517455749465e-05,0.0,nan
36,25,1.7982341908841164e-06,0.0,nan
36,26,9.912061507221882e-05,0.0,nan
36,27,0.16885642337592294,1.0,nan
36,28,1.711482841782861e-05,0.0,nan
36,29,5.3544957372346806e-05,0.0,nan
36,30,5.3878734994111094e-05,0.0,nan
36,31,4.4610138052286746e-05,0.0,nan
36,32,8.080464018867385e-05,0.0,nan
36,33,5.546192137373089e-05,0.0,nan
36,34,5.512683384957214e-05,0.0,nan
36,35,5.84182057298045e-05,0.0,nan
36,36,2.121491309861033e-05,0.0,nan
36,37,7.742265372371706e-05,0.0,nan
36,38,3.240181061487479e-05,0.0,nan
36,39,4.659794874123625e-05,0.0,nan
36,40,3.772059360318612e-05,0.0,nan
36,41,9.98902739686921e-05,0.0,nan
36,42,5.142323467550251e-05,0.0,nan
36,43,3.955505738144428e-05,0.0,nan
36,44,6.906481043753953e-05,0.0,nan
36,45,4.187434892104749e-05,0.0,nan
36,46,9.076837240818533e-05,0.0,nan
36,47,7.288672697127932e-05,0.0,nan
36,48,0.00016848372489908822,0.0,nan
36,49,0.00011458441673958494,0.0,nan
36,50,0.0003605713143305724,0.0,nan
36,51,0.00015299336802081915,0.0,nan
36,52,1.514948034468006e-05,0.0,nan
36,53,7.62314212843501e-05,0.0,nan
36,54,2.5205679148763425e-05,0.0,nan
36,55,8.678111790409065e-05,0.0,nan
36,56,0.00010418643210346435,0.0,nan
36,57,3.035919671875089e-05,0.0,nan
36,58,3.5936151551405326e-05,0.0,nan
36,59,3.243689251899663e-05,0.0,nan
36,60,5.237307008917784e-05,0.0,nan
36,61,0.00010406826961421783,0.0,nan
36,62,4.6592383636283464e-05,0.0,nan
36,63,0.0002183895771071563,0.0,nan
36,64,1.4513144134861556e-05,0.0,nan
36,65,0.00011874044453478064,0.0,nan
36,66,0.00033290617671737164,0.0,nan
36,67,5.724271369752091e-05,0.0,nan
36,68,8.911655709802524e-05,0.0,nan
36,69,5.228947348032283e-05,0.0,nan
36,70,0.0002448669590907522,0.0,nan
36,71,6.070089569805498e-05,0.0,nan
36,72,0.0001335433411727965,0.0,nan
36,73,6.74776973218609e-05,0.0,nan
36,74,8.191699062888938e-05,0.0,nan
36,75,5.772488530387668e-05,0.0,nan
36,76,3.5278460785820256e-05,0.0,nan
36,77,4.64010681773402e-05,0.0,nan
36,78,3.9699116648995314e-05,0.0,nan
36,79,4.0314579781370056e-05,0.0,nan
36,80,5.992235913911995e-05,0.0,nan
36,81,7.928982883842677e-05,0.0,nan
36,82,0.00010359512789128738,0.0,nan
36,83,1.0255552071771242e-05,0.0,nan
36,84,2.319376787894638e-05,0.0,nan
36,85,8.13073523862834e-05,0.0,nan
36,86,4.7381672525229576e-05,0.0,nan
36,87,1.1686147163546133e-05,0.0,nan
36,88,9.27057324294753e-05,0.0,nan
36,89,1.5593352158042776e-05,0.0,nan
36,90,3.90235929107858e-05,0.0,nan
36,91,3.1016489158164884e-05,0.0,nan
36,92,3.711126099813175e-05,0.0,nan
36,93,6.11619299601688e-05,0.0,nan
36,94,4.612285278320824e-05,0.0,nan
36,95,6.27605052920258e-05,0.0,nan
36,96,5.7189897081527014e-05,0.0,nan
36,97,5.220708255890594e-05,0.0,nan
36,98,2.2178760139574047e-05,0.0,nan
36,99,8.578770516516901e-05,0.0,nan
37,0,9.166645612753454e-06,0.0,nan
37,1,4.454151302490365e-05,0.0,nan
37,2,0.00010129331554197305,0.0,nan
37,3,6.087850390811611e-05,0.0,nan
37,4,2.655935982145477e-05,0.0,nan
37,5,7.532171014982327e-05,0.0,nan
37,6,6.23153236991295e-05,0.0,nan
37,7,2.9825662018004293e-05,0.0,nan
37,8,7.951632437736542e-05,0.0,nan
37,9,7.057328571939212e-05,0.0,nan
37,10,5.3468283509795254e-05,0.0,nan
37,11,0.0990460983656658,0.9375,nan
37,12,9.154761984193618e-05,0.0,nan
37,13,4.171862009330419e-05,0.0,nan
37,14,4.176489779306515e-05,0.0,nan
37,15,6.526558274459567e-05,0.0,nan
37,16,4.659969148409723e-05,0.0,nan
37,17,9.111491871629486e-05,0.0,nan
37,18,3.13646595391948e-05,0.0,nan
37,19,4.9205281802053346e-05,0.0,nan
37,20,4.700695023266531e-05,0.0,nan
37,21,0.07004458442081254,1.0,nan
37,22,8.480276324163038e-05,0.0,nan
37,23,0.00011078006238981645,0.0,nan
37,24,6.712117344764665e-05,0.0,nan
37,25,4.712685969903408e-05,0.0,nan
37,26,7.43438363363459e-05,0.0,nan
37,27,0.09624455300814316,1.0,nan
37,28,3.432003477547244e-05,0.0,nan
37,29,0.00015728205994981122,0.0,nan
37,30,1.732552310112167e-05,0.0,nan
37,31,6.17468491159838e-05,0.0,nan
37,32,8.849235054944152e-05,0.0,nan
37,33,5.797952731547299e-05,0.0,nan
37,34,5.124098445322359e-05,0.0,nan
37,35,7.80122840841551e-05,0.0,nan
37,36,8.07784968511313e-05,0.0,nan
37,37,0.0001022312954888086,0.0,nan
37,38,6.046403440081084e-05,0.0,nan
37,39,0.00010770682167501246,0.0,nan
37,40,2.732948239257031e-05,0.0,nan
37,41,8.11012107898903e-05,0.0,nan
37,42,3.663547226420309e-05,0.0,nan
37,43,0.00011088910237437919,0.0,nan
37,44,8.340168049582875e-05,0.0,nan
37,45,7.342030279818717e-05,0.0,nan
37,46,4.303120351925958e-05,0.0,nan
37,47,0.0001261025049120493,0.0,nan
37,48,5.021691155294911e-05,0.0,nan
37,49,1.5468963726634816e-05,0.0,nan
37,50,1.5283652549267405e-05,0.0,nan
37,51,2.056973458104117e-05,0.0,nan
37,52,4.457423011170115e-05,0.0,nan
37,53,0.0001221858706926847,0.0,nan
37,54,3.967011255469682e-05,0.0,nan
37,55,2.3077138498107964e-05,0.0,nan
37,56,0.00010093991464130359,0.0,nan
37,57,3.054973516078004e-05,0.0,nan
37,58,7.19877275430295e-05,0.0,nan
37,59,2.8238518418300194e-05,0.0,nan
37,60,4.433102180767782e-05,0.0,nan
37,61,3.1910551310536595e-05,0.0,nan
37,62,8.544294683032222e-05,0.0,nan
37,63,1.7238399147132596e-05,0.0,nan
37,64,2.220201983163344e-05,0.0,nan
37,65,7.82373628683232e-05,0.0,nan
37,66,0.00010482330386699425,0.0,nan
37,67,5.1837641748623364e-05,0.0,nan
37,68,7.355082870020606e-05,0.0,nan
37,69,4.174159173721147e-05,0.0,nan
37,70,4.666385341973302e-05,0.0,nan
37,71,5.9812612583368704e-05,0.0,nan
37,72,0.00020266094954577763,0.0,nan
37,73,6.88386750015438e-05,0.0,nan
37,74,7.149247890852766e-05,0.0,nan
37,75,4.1524600328706306e-05,0.0,nan
37,76,9.702669096906831e-05,0.0,nan
37,77,3.1892751074541115e-05,0.0,nan
37,78,9.597797779935938e-05,0.0,nan
37,79,7.061294505476733e-05,0.0,nan
37,80,6.559657223310296e-05,0.0,nan
37,81,3.763456459591304e-05,0.0,nan
37,82,2.6809151393885167e-05,0.0,nan
37,83,3.6015998818727474e-05,0.0,nan
37,84,4.7042080130737984e-05,0.0,nan
37,85,9.930093478889866e-05,0.0,nan
37,86,8.310097869352557e-05,0.0,nan
37,87,2.2870020331235715e-05,0.0,nan
37,88,8.768329707217222e-05,0.0,nan
37,89,0.00012640538713780888,0.0,nan
37,90,7.036643163308833e-05,0.0,nan
37,91,6.836683043568895e-05,0.0,nan
37,92,4.9598309055549146e-05,0.0,nan
37,93,3.975327960504562e-05,0.0,nan
37,94,7.522594617767397e-05,0.0,nan
37,95,9.58785954422779e-05,0.0,nan
37,96,0.00021150107472717476,0.0,nan
37,97,4.2016033644216494e-05,0.0,nan
37,98,0.00020293765214622676,0.0,nan
37,99,2.1458645486968607e-05,0.0,nan
38,0,3.389926006167467e-05,0.0,nan
38,1,6.466283324691741e-05,0.0,nan
38,2,8.988853300745273e-05,0.0,nan
38,3,2.13742430321221e-05,0.0,nan
38,4,2.6006779849238844e-05,0.0,nan
38,5,5.851276606409439e-06,0.0,nan
38,6,8.619684376905566e-05,0.0,nan
38,7,5.896562590760675e-05,0.0,nan
38,8,2.227486001389694e-05,0.0,nan
38,9,3.4566969340356796e-05,0.0,nan
38,10,0.00010395715596689755,0.0,nan
38,11,0.11585657492166934,1.0,nan
38,12,8.821003278664322e-05,0.0,nan
38,13,2.017330036028646e-05,0.0,nan
38,14,6.086751150976875e-05,0.0,nan
38,15,5.4594381019104e-05,0.0,nan
38,16,4.441466926875133e-05,0.0,nan
38,17,1.80764819015323e-05,0.0,nan
38,18,4.560448693526205e-05,0.0,nan
38,19,6.712168243112055e-05,0.0,nan
38,20,1.8795154441234533e-05,0.0,nan
38,21,0.06072801573754594,0.9375,nan
38,22,5.1628683047918215e-05,0.0,nan
38,23,1.937279511228413e-05,0.0,nan
38,24,7.237022947881078e-05,0.0,nan
38,25,0.00010491965385708163,0.0,nan
38,26,1.6667455378820045e-05,0.0,nan
38,27,0.10762399818135607,1.0,nan
38,28,2.643449013257469e-05,0.0,nan
38,29,1.371553764981545e-05,0.0,nan
38,30,5.3288603239098995e-05,0.0,nan
38,31,2.0333094602203265e-05,0.0,nan
38,32,3.081514191818839e-05,0.0,nan
38,33,3.7609571733875147e-05,0.0,nan
38,34,4.4916065789530977e-05,0.0,nan
38,35,1.3386962166775571e-05,0.0,nan
38,36,5.141991672657614e-05,0.0,nan
38,37,8.39739137153906e-05,0.0,nan
38,38,2.0811029014116496e-05,0.0,nan
38,39,8.500552026312082e-06,0.0,nan
38,40,1.970838221100267e-05,0.0,nan
38,41,6.548057273921629e-05,0.0,nan
38,42,4.5703680618165146e-05,0.0,nan
38,43,4.910998762917807e-05,0.0,nan
38,44,3.5134646558600034e-05,0.0,nan
38,45,0.00013937896473954683,0.0,nan
38,46,2.7803064332362494e-05,0.0,nan
38,47,8.936417024837616e-06,0.0,nan
38,48,5.4620187670550916e-05,0.0,nan
38,49,2.6956642191447512e-05,0.0,nan
38,50,5.1119652308311014e-05,0.0,nan
38,51,1.8744341286708626e-05,0.0,nan
38,52,2.5651502729012064e-05,0.0,nan
38,53,2.9698926227780596e-05,0.0,nan
38,54,1.629085184619404e-05,0.0,nan
38,55,9.031379881325724e-05,0.0,nan
38,56,0.00012473494629555644,0.0,nan
38,57,4.8754102963159294e-05,0.0,nan
38,58,0.0001191376035526255,0.0,nan
38,59,9.591866978200617e-05,0.0,nan
38,60,2.446656200395795e-05,0.0,nan
38,61,4.002036696120972e-05,0.0,nan
38,62,0.00012046926126552675,0.0,nan
38,63,4.8624052731324136e-05,0.0,nan
38,64,2.096015224977554e-05,0.0,nan
38,65,4.181724518611579e-05,0.0,nan
38,66,7.673423002625347e-05,0.0,nan
38,67,6.030251938920765e-05,0.0,nan
38,68,7.09591878403968e-05,0.0,nan
38,69,4.4035681613933394e-05,0.0,nan
38,70,5.844846671679441e-05,0.0,nan
38,71,1.5408449361415278e-05,0.0,nan
38,72,1.6087131041570556e-05,0.0,nan
38,73,4.95419943176832e-05,0.0,nan
38,74,3.8158604596088996e-05,0.0,nan
38,75,3.0336319810838723e-05,0.0,nan
38,76,4.6523027473899324e-05,0.0,nan
38,77,3.374637590864488e-05,0.0,nan
38,78,5.5053509498821445e-05,0.0,nan
38,79,1.8628089476620275e-05,0.0,nan
38,80,1.7920117452059422e-05,0.0,nan
38,81,5.527304209501737e-05,0.0,nan
38,82,2.5886223098432438e-05,0.0,nan
38,83,6.455772591659533e-05,0.0,nan
38,84,1.1943997845985126e-05,0.0,nan
38,85,2.0486297895351917e-05,0.0,nan
38,86,3.8050807920038166e-05,0.0,nan
38,87,3.505529867430835e-05,0.0,nan
38,88,0.00011765818719991513,0.0,nan
38,89,2.6294947415220785e-05,0.0,nan
38,90,7.627218193391154e-05,0.0,nan
38,91,2.4182871987216144e-05,0.0,nan
38,92,1.85185743083742e-05,0.0,nan
38,93,2.5604919700685923e-05,0.0,nan
38,94,1.0265040053906935e-05,0.0,nan
38,95,4.748966598156362e-05,0.0,nan
38,96,6.367233951738312e-05,0.0,nan
38,97,5.111548972133143e-05,0.0,nan
38,98,1.6105963356215295e-05,0.0,nan
38,99,6.91000609511461e-05,0.0,nan
39,0,5.8386303555660636e-05,0.0,nan
39,1,1.823076760967261e-05,0.0,nan
39,2,0.000145932221997214,0.0,nan
39,3,0.00015655861128056967,0.0,nan
39,4,5.773463297749373e-05,0.0,nan
39,5,4.761632878027119e-05,0.0,nan
39,6,3.686763050681953e-05,0.0,nan
39,7,2.3485094261207356e-05,0.0,nan
39,8,4.9162345752698256e-05,0.0,nan
39,9,7.623891486678347e-05,0.0,nan
39,10,1.2228677603932019e-05,0.0,nan
39,11,0.12103715999825207,1.0,nan
39,12,4.4564523183480956e-05,0.0,nan
39,13,1.856146257893732e-05,0.0,nan
39,14,3.247264742578508e-05,0.0,nan
39,15,2.318346653923173e-05,0.0,nan
39,16,7.018211236712597e-05,0.0,nan
39,17,9.344465105858304e-05,0.0,nan
39,18,7.726694225184476e-05,0.0,nan
39,19,4.327073164950176e-05,0.0,nan
39,20,1.9767661708183373e-05,0.0,nan
39,21,0.07260010240230308,1.0,nan
39,22,4.364596499307739e-05,0.0,nan
39,23,4.764095412365007e-05,0.0,nan
39,24,2.7106910244884994e-05,0.0,nan
39,25,4.5146195697066914e-05,0.0,nan
39,26,3.153617355225086e-05,0.0,nan
39,27,0.15243658950025818,1.0,nan
39,28,5.305734900547717e-05,0.0,nan
39,29,2.35661996409252e-05,0.0,nan
39,30,6.809469131059662e-05,0.0,nan
39,31,2.388280766771767e-05,0.0,nan
39,32,5.6409956816650746e-05,0.0,nan
39,33,3.6441173668913545e-05,0.0,nan
39,34,4.309507634969865e-05,0.0,nan
39,35,4.8185819603246396e-05,0.0,nan
39,36,2.0906186863037738e-05,0.0,nan
39,37,2.030108537019045e-05,0.0,nan
39,38,1.3400115227310607e-05,0.0,nan
39,39,3.1431515369949656e-05,0.0,nan
39,40,6.801690700975327e-05,0.0,nan
39,41,0.0006107962384736588,0.0,nan
39,42,7.445486347258518e-05,0.0,nan
39,43,0.00010504002215030127,0.0,nan
39,44,6.409555972166512e-05,0.0,nan
39,45,4.0310990857316774e-05,0.0,nan
39,46,5.2895102602926603e-05,0.0,nan
39,47,3.3643236807007966e-05,0.0,nan
39,48,4.412238570699642e-05,0.0,nan
39,49,3.6751587403671224e-05,0.0,nan
39,50,9.044556772014927e-05,0.0,nan
39,51,4.672769335839565e-06,0.0,nan
39,52,5.632836512511427e-05,0.0,nan
39,53,2.354128444933021e-05,0.0,nan
39,54,3.658251451241299e-05,0.0,nan
39,55,3.2083369336936595e-05,0.0,nan
39,56,3.1434847369015116e-05,0.0,nan
39,57,3.7763259805286934e-05,0.0,nan
39,58,1.9066124893448038e-05,0.0,nan
39,59,3.760519505788216e-05,0.0,nan
39,60,0.00013195974191675992,0.0,nan
39,61,5.3459156452945215e-05,0.0,nan
39,62,4.86919718466128e-05,0.0,nan
39,63,5.528079330405251e-05,0.0,nan
39,64,3.275266997713534e-05,0.0,nan
39,65,8.164254243098646e-05,0.0,nan
39,66,3.5973626764074996e-05,0.0,nan
39,67,0.00016769294320697237,0.0,nan
39,68,1.595067918475387e-05,0.0,nan
39,69,2.431153941572617e-05,0.0,nan
39,70,8.446173928065501e-05,0.0,nan
39,71,4.6880142545654234e-05,0.0,nan
39,72,6.968958588649227e-05,0.0,nan
39,73,6.0755994912703055e-05,0.0,nan
39,74,3.268694596207782e-05,0.0,nan
39,75,6.408307321819075e-05,0.0,nan
39,76,4.7392215889481784e-05,0.0,nan
39,77,4.8211996867883965e-05,0.0,nan
39,78,2.9382853252614303e-05,0.0,nan
39,79,4.323871294057816e-05,0.0,nan
39,80,0.0001181733969200619,0.0,nan
39,81,3.867421379237573e-05,0.0,nan
39,82,7.724284826663791e-05,0.0,nan
39,83,8.779122038811635e-05,0.0,nan
39,84,9.655362811825501e-06,0.0,nan
39,85,3.840012887044811e-05,0.0,nan
39,86,0.0001135804863143523,0.0,nan
39,87,1.4015348538458115e-05,0.0,nan
39,88,3.3652319315360146e-05,0.0,nan
39,89,3.471344793052827e-05,0.0,nan
39,90,9.608451069114246e-05,0.0,nan
39,91,3.27331934647792e-05,0.0,nan
39,92,1.2636651998945884e-05,0.0,nan
39,93,5.0218541102528127e-05,0.0,nan
39,94,0.00010104808324421953,0.0,nan
39,95,5.075216480732173e-05,0.0,nan
39,96,2.824396723160514e-05,0.0,nan
39,97,3.6590722127260455e-05,0.0,nan
39,98,4.1570658709957934e-05,0.0,nan
39,99,4.0434970183744526e-05,0.0,nan
40,0,0.00017219707359513082,0.0,nan
40,1,5.7775422763073154e-05,0.0,nan
40,2,6.480659054229188e-05,0.0,nan
40,3,4.172651429601873e-05,0.0,nan
40,4,5.32614537736906e-05,0.0,nan
40,5,3.97968885417895e-05,0.0,nan
40,6,4.8767058455048245e-05,0.0,nan
40,7,4.032249190882281e-05,0.0,nan
40,8,2.586764382841229e-05,0.0,nan
40,9,0.00010714048412528425,0.0,nan
40,10,4.1709701356652785e-05,0.0,nan
40,11,0.09173482329546669,1.0,nan
40,12,8.678832518325501e-05,0.0,nan
40,13,6.447388378352834e-05,0.0,nan
40,14,3.193817438788855e-05,0.0,nan
40,15,5.791590752780035e-05,0.0,nan
40,16,7.627956607268377e-05,0.0,nan
40,17,6.0257188369051114e-05,0.0,nan
40,18,2.070847304320332e-05,0.0,nan
40,19,4.5403591531419705e-05,0.0,nan
40,20,7.257978092789602e-05,0.0,nan
40,21,0.05360607913014205,0.8125,nan
40,22,6.326992604709527e-05,0.0,nan
40,23,4.469893938938307e-05,0.0,nan
40,24,4.8123233418644195e-05,0.0,nan
40,25,3.088141648556073e-05,0.0,nan
40,26,7.724107164856044e-05,0.0,nan
40,27,0.08867206650613879,1.0,nan
40,28,5.859333806526254e-05,0.0,nan
40,29,6.852484452692326e-05,0.0,nan
40,30,6.208535396376422e-05,0.0,nan
40,31,3.175413779592515e-05,0.0,nan
40,32,7.321305849722007e-05,0.0,nan
40,33,0.00014555486407675258,0.0,nan
40,34,9.524257692230597e-05,0.0,nan
40,35,0.0001372104686125436,0.0,nan
40,36,4.398092063906758e-05,0.0,nan
40,37,5.373971857945651e-05,0.0,nan
40,38,3.389522517062253e-05,0.0,nan
40,39,7.262522393611733e-05,0.0,nan
40,40,8.810237706414033e-05,0.0,nan
40,41,1.4386641852877943e-05,0.0,nan
40,42,6.452834211453126e-05,0.0,nan
40,43,2.7343274905549414e-05,0.0,nan
40,44,2.7287280035392754e-05,0.0,nan
40,45,4.9012357632808836e-05,0.0,nan
40,46,5.2583266412168714e-05,0.0,nan
40,47,3.525584930391981e-05,0.0,nan
40,48,0.0001446019277939754,0.0,nan
40,49,6.980606724050673e-05,0.0,nan
40,50,1.5178795249259635e-05,0.0,nan
40,51,5.56385205348664e-05,0.0,nan
40,52,8.38952679207672e-05,0.0,nan
40,53,5.23094090879669e-05,0.0,nan
40,54,8.240692128206666e-05,0.0,nan
40,55,8.139122640233527e-05,0.0,nan
40,56,3.778597707432358e-05,0.0,nan
40,57,3.946925354097503e-05,0.0,nan
40,58,3.990794563290893e-05,0.0,nan
40,59,3.491407903937266e-05,0.0,nan
40,60,6.42435799956305e-05,0.0,nan
40,61,8.111893417095251e-05,0.0,nan
40,62,6.177159656707685e-05,0.0,nan
40,63,3.956641159659511e-05,0.0,nan
40,64,4.917183010274363e-05,0.0,nan
40,65,9.926889082073426e-05,0.0,nan
40,66,5.6321419766578354e-05,0.0,nan
40,67,6.123538682412458e-05,0.0,nan
40,68,4.92251091567243e-05,0.0,nan
40,69,3.422955046033482e-05,0.0,nan
40,70,9.60425584129176e-05,0.0,nan
40,71,4.2912797535294396e-05,0.0,nan
40,72,0.00010196023042285853,0.0,nan
40,73,7.170406907029473e-05,0.0,nan
40,74,2.2947891514289403e-05,0.0,nan
40,75,5.47506363187653e-05,0.0,nan
40,76,0.00014649530909118137,0.0,nan
40,77,5.969272732629867e-05,0.0,nan
40,78,4.643948028638858e-05,0.0,nan
40,79,3.0020057862801628e-05,0.0,nan
40,80,6.197801017522485e-05,0.0,nan
40,81,1.7477091401295213e-05,0.0,nan
40,82,7.887121672726089e-05,0.0,nan
40,83,7.181342133574944e-05,0.0,nan
40,84,6.539548011168436e-05,0.0,nan
40,85,5.879283382499611e-05,0.0,nan
40,86,4.567610307851342e-05,0.0,nan
40,87,0.00010230993299461809,0.0,nan
40,88,7.00780532916667e-05,0.0,nan
40,89,8.61980916232386e-05,0.0,nan
40,90,4.237164518390175e-05,0.0,nan
40,91,4.316857164831488e-05,0.0,nan
40,92,0.0002407113444269132,0.0,nan
40,93,8.280209068054696e-05,0.0,nan
40,94,3.68679270149847e-05,0.0,nan
40,95,5.454981174069461e-05,0.0,nan
40,96,7.533039310123039e-05,0.0,nan
40,97,0.00012130633944538145,0.0,nan
40,98,6.871170606993987e-05,0.0,nan
40,99,4.002466665011734e-05,0.0,nan
41,0,1.589890268355872e-05,0.0,nan
41,1,4.2308159083960186e-05,0.0,nan
41,2,3.450578000227217e-05,0.0,nan
41,3,5.175572692833166e-05,0.0,nan
41,4,5.476782724554566e-05,0.0,nan
41,5,8.239191353998963e-05,0.0,nan
41,6,2.2325787007773767e-05,0.0,nan
41,7,1.7258170601529875e-05,0.0,nan
41,8,5.3616278162191695e-05,0.0,nan
41,9,2.607127960528786e-05,0.0,nan
41,10,0.00017006515383855545,0.0,nan
41,11,0.10840383599302354,1.0,nan
41,12,3.3179080601209775e-06,0.0,nan
41,13,3.26883507137013e-05,0.0,nan
41,14,3.49832916843273e-05,0.0,nan
41,15,3.330320171092947e-05,0.0,nan
41,16,3.547760988321752e-05,0.0,nan
41,17,2.394137152565647e-05,0.0,nan
41,18,2.0099483732459334e-05,0.0,nan
41,19,3.1601819982816196e-05,0.0,nan
41,20,3.3899594486642424e-05,0.0,nan
41,21,0.06671107177915417,1.0,nan
41,22,0.00018176162930749631,0.0625,nan
41,23,8.311284493586041e-05,0.0,nan
41,24,3.191736733568932e-05,0.0,nan
41,25,2.0158484076225745e-05,0.0,nan
41,26,5.377801352926286e-05,0.0,nan
41,27,0.09639890595411,1.0,nan
41,28,1.8950178729206978e-05,0.0,nan
41,29,4.818514146708344e-05,0.0,nan
41,30,7.486087102170454e-05,0.0,nan
41,31,1.8486598153367053e-05,0.0,nan
41,32,4.5406334008181084e-05,0.0,nan
41,33,4.0513624021963575e-05,0.0,nan
41,34,2.243834492611705e-05,0.0,nan
41,35,7.178467366506061e-05,0.0,nan
41,36,2.4827078691798952e-05,0.0,nan
41,37,1.6754487682518957e-05,0.0,nan
41,38,9.20384292261896e-05,0.0,nan
41,39,7.136104163684748e-05,0.0,nan
41,40,1.795717657862018e-05,0.0,nan
41,41,1.5440641777641567e-05,0.0,nan
41,42,1.4179783950063439e-05,0.0,nan
41,43,3.025465759965775e-05,0.0,nan
41,44,3.06357561797358e-05,0.0,nan
41,45,2.8379926450892586e-05,0.0,nan
41,46,2.6122818067859342e-05,0.0,nan
41,47,4.150374622334204e-05,0.0,nan
41,48,2.407208953885173e-05,0.0,nan
41,49,2.2036246800307354e-05,0.0,nan
41,50,0.00015477044028384577,0.0,nan
41,51,6.459307584449855e-05,0.0,nan
41,52,2.0301543643094976e-05,0.0,nan
41,53,8.03160762576129e-05,0.0,nan
41,54,3.755405646225858e-05,0.0,nan
41,55,2.5970437190442276e-05,0.0,nan
41,56,3.496472676059089e-05,0.0,nan
41,57,4.754997052078108e-05,0.0,nan
41,58,5.5987944071363813e-05,0.0,nan
41,59,8.430590279116714e-05,0.0,nan
41,60,1.7343604474565237e-05,0.0,nan
41,61,1.4462624034808089e-05,0.0,nan
41,62,8.699841202625646e-06,0.0,nan
41,63,8.842782768163143e-05,0.0,nan
41,64,1.6094625533984015e-05,0.0,nan
41,65,3.032446125215319e-05,0.0,nan
41,66,1.4049354838035508e-05,0.0,nan
41,67,4.1844071104673596e-05,0.0,nan
41,68,5.922794410481308e-05,0.0,nan
41,69,3.124136084060947e-05,0.0,nan
41,70,1.943073236768977e-05,0.0,nan
41,71,1.9496737288866293e-05,0.0,nan
41,72,1.5772174927677945e-05,0.0,nan
41,73,0.00013595551323676003,0.0,nan
41,74,9.508591921101224e-06,0.0,nan
41,75,1.0980554001074084e-05,0.0,nan
41,76,2.9925417180119862e-05,0.0,nan
41,77,4.844406748262723e-05,0.0,nan
41,78,5.478608015051947e-05,0.0,nan
41,79,3.366237259241573e-05,0.0,nan
41,80,2.504529954289473e-05,0.0,nan
41,81,5.7186716503755664e-05,0.0,nan
41,82,9.871186311511426e-05,0.0,nan
41,83,3.618799954011984e-05,0.0,nan
41,84,4.8993838108595433e-05,0.0,nan
41,85,6.961017803739882e-05,0.0,nan
41,86,9.449765114557904e-05,0.0,nan
41,87,2.2523695776613348e-05,0.0,nan
41,88,4.8291661510636405e-05,0.0,nan
41,89,3.250902492923184e-05,0.0,nan
41,90,3.8833952029828086e-05,0.0,nan
41,91,6.597619337310599e-05,0.0,nan
41,92,2.063891992365567e-05,0.0,nan
41,93,2.6574421322136305e-05,0.0,nan
41,94,6.291216403756268e-05,0.0,nan
41,95,4.151047428019839e-05,0.0,nan
41,96,1.4393217610492516e-05,0.0,nan
41,97,3.432675060092848e-05,0.0,nan
41,98,3.6465124161675255e-05,0.0,nan
41,99,1.804736242144714e-05,0.0,nan
42,0,9.210034350223148e-05,0.0,nan
42,1,3.3150534142269877e-05,0.0,nan
42,2,1.6188558272079036e-05,0.0,nan
42,3,6.193613387834009e-05,0.0,nan
42,4,5.908249127854262e-05,0.0,nan
42,5,2.915289469034008e-05,0.0,nan
42,6,5.5935611745182735e-05,0.0,nan
42,7,0.00010269652687102753,0.0,nan
42,8,5.9360586310709375e-05,0.0,nan
42,9,4.366834512856985e-05,0.0,nan
42,10,2.865345945543857e-05,0.0,nan
42,11,0.08516303068504524,1.0,nan
42,12,7.092606694546543e-05,0.0,nan
42,13,6.790001797194015e-05,0.0,nan
42,14,1.8731667824022574e-05,0.0,nan
42,15,6.262005643430572e-05,0.0,nan
42,16,2.7451573149236325e-05,0.0,nan
42,17,8.044168077751684e-05,0.0,nan
42,18,3.4260495807740906e-05,0.0,nan
42,19,3.8977634285433194e-05,0.0,nan
42,20,3.034072472323594e-05,0.0,nan
42,21,0.08803749543246658,1.0,nan
42,22,4.484640769206235e-05,0.0,nan
42,23,6.362894793577979e-05,0.0,nan
42,24,3.68293424738585e-05,0.0,nan
42,25,4.786806746711047e-05,0.0,nan
42,26,5.269777703777577e-05,0.0,nan
42,27,0.1966052677088454,1.0,nan
42,28,5.647734848054485e-05,0.0,nan
42,29,5.966298993615845e-05,0.0,nan
42,30,1.0829886842952567e-05,0.0,nan
42,31,3.5880043211940653e-05,0.0,nan
42,32,6.165267564367577e-05,0.0,nan
42,33,5.7583639452873404e-05,0.0,nan
42,34,4.0751490036216036e-05,0.0,nan
42,35,7.067566426774576e-05,0.0,nan
42,36,1.725607134817483e-05,0.0,nan
42,37,7.4011070172726e-05,0.0,nan
42,38,1.3950433329597037e-05,0.0,nan
42,39,2.20660874756396e-05,0.0,nan
42,40,5.954684270472212e-05,0.0,nan
42,41,1.3661198109145601e-05,0.0,nan
42,42,1.7888834363196923e-05,0.0,nan
42,43,6.058651484234617e-05,0.0,nan
42,44,3.857968045545952e-05,0.0,nan
42,45,1.1977993863483019e-05,0.0,nan
42,46,6.308487121950792e-05,0.0,nan
42,47,3.609748141060456e-05,0.0,nan
42,48,0.00010706658643220573,0.0,nan
42,49,5.1821476088542976e-05,0.0,nan
42,50,4.062735975009838e-05,0.0,nan
42,51,2.051508225653808e-05,0.0,nan
42,52,0.0002612740228484156,0.0,nan
42,53,3.674193524133906e-05,0.0,nan
42,54,6.656553359831528e-05,0.0,nan
42,55,3.573073174660589e-05,0.0,nan
42,56,3.5297148588478216e-05,0.0,nan
42,57,3.629521685672007e-05,0.0,nan
42,58,2.4318978894559416e-05,0.0,nan
42,59,2.5994617110631722e-05,0.0,nan
42,60,1.5932844170802115e-05,0.0,nan
42,61,6.260498040954867e-05,0.0,nan
42,62,4.102916979441174e-05,0.0,nan
42,63,3.809402900411866e-05,0.0,nan
42,64,4.651144565492718e-05,0.0,nan
42,65,2.0914222032962752e-05,0.0,nan
42,66,3.8264606019334946e-05,0.0,nan
42,67,8.412438153350985e-05,0.0,nan
42,68,1.1148906612629052e-05,0.0,nan
42,69,2.7496872400793e-05,0.0,nan
42,70,9.776207713330744e-05,0.0,nan
42,71,5.468059823119596e-05,0.0,nan
42,72,4.845107399482992e-05,0.0,nan
42,73,5.138991449005332e-05,0.0,nan
42,74,2.9358334928106827e-05,0.0,nan
42,75,2.921444565951297e-05,0.0,nan
42,76,4.27906057577755e-05,0.0,nan
42,77,3.3282474287308034e-05,0.0,nan
42,78,0.00010379568874238302,0.0,nan
42,79,7.827783877172823e-05,0.0,nan
42,80,5.095450915803292e-05,0.0,nan
42,81,1.659949090685791e-05,0.0,nan
42,82,3.054631117478701e-05,0.0,nan
42,83,3.3895072018936875e-05,0.0,nan
42,84,5.953795614833871e-05,0.0,nan
42,85,5.033283784890937e-05,0.0,nan
42,86,2.5613010023852977e-05,0.0,nan
42,87,4.188875230691849e-05,0.0,nan
42,88,2.5130907010870227e-05,0.0,nan
42,89,2.860586643962192e-05,0.0,nan
42,90,4.3445282870534e-05,0.0,nan
42,91,2.9159130958068645e-05,0.0,nan
42,92,9.337478273206665e-06,0.0,nan
42,93,0.00012005007315204049,0.0,nan
42,94,6.0984431178020355e-05,0.0,nan
42,95,2.0689485529115473e-05,0.0,nan
42,96,1.7712259264122167e-05,0.0,nan
42,97,0.00011547895775776954,0.0,nan
42,98,1.2388263018121843e-05,0.0,nan
42,99,2.9430898822477985e-05,0.0,nan
43,0,3.907109417779309e-05,0.0,nan
43,1,1.1823483465745836e-05,0.0,nan
43,2,4.134501197232777e-05,0.0,nan
43,3,1.424284673880434e-05,0.0,nan
43,4,1.3425272476722057e-05,0.0,nan
43,5,3.082924553251772e-05,0.0,nan
43,6,4.191501721901455e-05,0.0,nan
43,7,3.487845550117186e-05,0.0,nan
43,8,3.572337273171378e-05,0.0,nan
43,9,3.6182765928694585e-06,0.0,nan
43,10,4.270791402947607e-05,0.0,nan
43,11,0.09934858559452589,1.0,nan
43,12,1.7287162192053254e-05,0.0,nan
43,13,5.2483964883317165e-05,0.0,nan
43,14,1.5375481107112768e-05,0.0,nan
43,15,1.9867148345483776e-05,0.0,nan
43,16,1.0013090453337166e-05,0.0,nan
43,17,2.109362589267436e-05,0.0,nan
43,18,1.622446998996024e-05,0.0,nan
43,19,4.643744389084338e-06,0.0,nan
43,20,3.299206230602862e-05,0.0,nan
43,21,0.09302600062023403,1.0,nan
43,22,4.2619767456616215e-05,0.0,nan
43,23,1.4702589985098325e-05,0.0,nan
43,24,1.6557846333205264e-05,0.0,nan
43,25,1.60725562636051e-05,0.0,nan
43,26,2.725149371153586e-05,0.0,nan
43,27,0.1208867072264583,1.0,nan
43,28,5.991170241279101e-06,0.0,nan
43,29,3.1697311388948065e-05,0.0,nan
43,30,5.018565069491407e-05,0.0,nan
43,31,1.3533315349526512e-05,0.0,nan
43,32,1.85779414805836e-05,0.0,nan
43,33,5.54466477340691e-06,0.0,nan
43,34,2.723461898142586e-05,0.0,nan
43,35,2.991917482645472e-05,0.0,nan
43,36,2.5477462650167102e-05,0.0,nan
43,37,5.4646798753977e-06,0.0,nan
43,38,3.055319130102221e-05,0.0,nan
43,39,2.503119571668747e-05,0.0,nan
43,40,1.715106991653157e-05,0.0,nan
43,41,1.880814019409439e-05,0.0,nan
43,42,4.8517782980488235e-05,0.0,nan
43,43,3.903539226705482e-05,0.0,nan
43,44,7.812987497140347e-05,0.0,nan
43,45,2.0309811100731093e-05,0.0,nan
43,46,2.4719090653729594e-05,0.0,nan
43,47,6.731338196720896e-05,0.0,nan
43,48,2.496016748446227e-05,0.0,nan
43,49,1.2036936790946232e-05,0.0,nan
43,50,9.676928474982608e-06,0.0,nan
43,51,8.446489520077531e-06,0.0,nan
43,52,6.522206298299087e-05,0.0,nan
43,53,3.185099477078639e-05,0.0,nan
43,54,3.761066923176515e-05,0.0,nan
43,55,9.394386173981863e-06,0.0,nan
43,56,1.3007954007258763e-05,0.0,nan
43,57,1.9759073961513317e-05,0.0,nan
43,58,3.875914760910734e-05,0.0,nan
43,59,1.910135818549233e-05,0.0,nan
43,60,2.032631052526372e-05,0.0,nan
43,61,4.3655999270307953e-05,0.0,nan
43,62,5.681704912426971e-06,0.0,nan
43,63,3.535487959430156e-05,0.0,nan
43,64,3.36229525698027e-05,0.0,nan
43,65,1.02629998886493e-05,0.0,nan
43,66,3.408733139388214e-05,0.0,nan
43,67,3.5808640673289736e-05,0.0,nan
43,68,0.0001615041060074884,0.0,nan
43,69,3.0326315902137593e-05,0.0,nan
43,70,1.5763703865350097e-05,0.0,nan
43,71,2.4469218778797005e-05,0.0,nan
43,72,4.4589459014290046e-06,0.0,nan
43,73,2.221288197111667e-05,0.0,nan
43,74,1.1164009041784567e-05,0.0,nan
43,75,1.959329716736667e-05,0.0,nan
43,76,3.9328712379890016e-05,0.0,nan
43,77,4.61170933001043e-05,0.0,nan
43,78,3.106842105644624e-05,0.0,nan
43,79,3.4386562310311316e-05,0.0,nan
43,80,1.5248211854543986e-05,0.0,nan
43,81,5.298671644554736e-05,0.0,nan
43,82,8.239522948760476e-06,0.0,nan
43,83,0.00015792084178140785,0.0,nan
43,84,9.012463973418722e-06,0.0,nan
43,85,2.4424285548194236e-06,0.0,nan
43,86,3.19057103559311e-05,0.0,nan
43,87,4.430486177283841e-05,0.0,nan
43,88,5.762132743093447e-06,0.0,nan
43,89,7.94369504727347e-05,0.0,nan
43,90,3.0516390972842328e-05,0.0,nan
43,91,5.183971069506983e-06,0.0,nan
43,92,1.013943201818141e-05,0.0,nan
43,93,3.234330432917476e-05,0.0,nan
43,94,2.5132925592365078e-05,0.0,nan
43,95,4.308268947762244e-05,0.0,nan
43,96,2.5505568439856296e-05,0.0,nan
43,97,2.0505866766659126e-05,0.0,nan
43,98,1.1507136468300602e-05,0.0,nan
43,99,2.43276104333184e-05,0.0,nan
44,0,2.1201146182334164e-05,0.0,nan
44,1,2.0640465755962293e-05,0.0,nan
44,2,1.3372043709057573e-05,0.0,nan
44,3,4.169633962799863e-05,0.0,nan
44,4,1.8279386846319503e-05,0.0,nan
44,5,3.353545633270159e-05,0.0,nan
44,6,1.021601218149036e-05,0.0,nan
44,7,1.1604269075192411e-05,0.0,nan
44,8,3.1281359876395015e-05,0.0,nan
44,9,4.055465486761843e-05,0.0,nan
44,10,1.7031224196866188e-05,0.0,nan
44,11,0.07880664414748174,1.0,nan
44,12,3.443688329956527e-05,0.0,nan
44,13,3.9851248446746664e-05,0.0,nan
44,14,2.328656184418708e-05,0.0,nan
44,15,5.509983565935601e-05,0.0,nan
44,16,2.734357574633563e-05,0.0,nan
44,17,7.332141220351829e-06,0.0,nan
44,18,2.3197028550192702e-05,0.0,nan
44,19,5.014134066655206e-05,0.0,nan
44,20,3.4114070178123965e-05,0.0,nan
44,21,0.30259198467372844,1.0,nan
44,22,1.1124706406342242e-05,0.0,nan
44,23,3.615876691617174e-05,0.0,nan
44,24,1.595001276232314e-05,0.0,nan
44,25,2.832630255312529e-05,0.0,nan
44,26,1.5140256413212844e-05,0.0,nan
44,27,3.2593265539904604e-05,0.0,nan
44,28,5.139578939204611e-05,0.0,nan
44,29,3.702456299731595e-05,0.0,nan
44,30,3.017430262213671e-05,0.0,nan
44,31,3.701404632740444e-05,0.0,nan
44,32,5.1761976690542924e-05,0.0,nan
44,33,3.241121528386585e-05,0.0,nan
44,34,3.289423475140443e-05,0.0,nan
44,35,4.05866362804164e-05,0.0,nan
44,36,4.083362653429429e-05,0.0,nan
44,37,1.8891276906258156e-05,0.0,nan
44,38,2.8521336004502467e-05,0.0,nan
44,39,4.703382041876207e-05,0.0,nan
44,40,4.030899643678639e-05,0.0,nan
44,41,1.8588538740798506e-05,0.0,nan
44,42,3.0230682446975762e-05,0.0,nan
44,43,3.130271991810501e-05,0.0,nan
44,44,3.950608996788802e-05,0.0,nan
44,45,1.48885192376219e-05,0.0,nan
44,46,1.573888878650795e-05,0.0,nan
44,47,4.095180936669017e-05,0.0,nan
44,48,4.61462714729486e-05,0.0,nan
44,49,3.6646471495016384e-05,0.0,nan
44,50,5.51692502203725e-05,0.0,nan
44,51,3.6143831957759557e-05,0.0,nan
44,52,3.606360894177722e-05,0.0,nan
44,53,5.273367735339046e-05,0.0,nan
44,54,1.7354964822578656e-05,0.0,nan
44,55,2.746786770451698e-05,0.0,nan
44,56,1.9839195798078262e-05,0.0,nan
44,57,4.1784686513989325e-05,0.0,nan
44,58,1.8451989609824246e-05,0.0,nan
44,59,2.507924606462896e-05,0.0,nan
44,60,1.3847206242020083e-05,0.0,nan
44,61,2.8245068988235597e-05,0.0,nan
44,62,2.608602386129218e-05,0.0,nan
44,63,6.032698602140373e-05,0.0,nan
44,64,8.154150438010723e-05,0.0,nan
44,65,8.064665857072329e-05,0.0,nan
44,66,3.8590627226116316e-05,0.0,nan
44,67,3.602023457659498e-05,0.0,nan
44,68,3.1577961087047355e-05,0.0,nan
44,69,9.922608591226065e-06,0.0,nan
44,70,2.855823186361311e-05,0.0,nan
44,71,2.2802849010375664e-05,0.0,nan
44,72,3.259700708221162e-05,0.0,nan
44,73,2.9398975880617105e-05,0.0,nan
44,74,2.253222436289046e-05,0.0,nan
44,75,3.8474988070261695e-05,0.0,nan
44,76,1.3873852019073891e-05,0.0,nan
44,77,1.7225605823317468e-05,0.0,nan
44,78,2.1564456770411586e-05,0.0,nan
44,79,1.837069938242713e-05,0.0,nan
44,80,2.2492267995237944e-05,0.0,nan
44,81,4.902632162316143e-05,0.0,nan
44,82,4.693842960566719e-05,0.0,nan
44,83,2.7423325523539054e-05,0.0,nan
44,84,2.147858900889246e-05,0.0,nan
44,85,1.9228405596442608e-05,0.0,nan
44,86,2.5176189941058322e-05,0.0,nan
44,87,2.230912628852592e-05,0.0,nan
44,88,1.9588919007461896e-05,0.0,nan
44,89,1.1480740259512056e-05,0.0,nan
44,90,2.4435754420777313e-05,0.0,nan
44,91,1.0703734784740532e-05,0.0,nan
44,92,4.626384026570515e-05,0.0,nan
44,93,5.879547703118457e-05,0.0,nan
44,94,4.131593124900209e-05,0.0,nan
44,95,0.00010591889210177984,0.0,nan
44,96,3.9930991991817525e-05,0.0,nan
44,97,2.4945722470463703e-05,0.0,nan
44,98,2.1565768999894058e-05,0.0,nan
44,99,1.9607273750372025e-05,0.0,nan
45,0,2.782135979377205e-05,0.0,nan
45,1,2.6639520354163967e-05,0.0,nan
45,2,7.824025707585191e-06,0.0,nan
45,3,3.5232626094952295e-05,0.0,nan
45,4,1.8677648603220582e-05,0.0,nan
45,5,5.9849343094040406e-06,0.0,nan
45,6,2.0404158717372242e-05,0.0,nan
45,7,1.6976511678409785e-05,0.0,nan
45,8,4.053705802423802e-06,0.0,nan
45,9,1.4343522793929215e-05,0.0,nan
45,10,2.5451630933773845e-05,0.0,nan
45,11,0.0832605397150739,1.0,nan
45,12,2.8678713241310697e-05,0.0,nan
45,13,1.598912807571602e-05,0.0,nan
45,14,6.883695221884376e-05,0.0,nan
45,15,6.367938848426988e-06,0.0,nan
45,16,2.6995116011444647e-05,0.0,nan
45,17,2.39111709989544e-05,0.0,nan
45,18,3.677692054593074e-05,0.0,nan
45,19,1.6820229630084748e-05,0.0,nan
45,20,1.6578808654653306e-05,0.0,nan
45,21,0.05135560762498947,1.0,nan
45,22,2.3604767027759144e-05,0.0,nan
45,23,6.828953964144842e-06,0.0,nan
45,24,1.0020767278732092e-05,0.0,nan
45,25,3.0169380421383443e-05,0.0,nan
45,26,1.401441933682974e-05,0.0,nan
45,27,0.16757166179347185,1.0,nan
45,28,1.7938183793567256e-05,0.0,nan
45,29,1.9916870850308122e-05,0.0,nan
45,30,2.3906375441218802e-05,0.0,nan
45,31,1.2547084788960216e-05,0.0,nan
45,32,1.7812981532089443e-05,0.0,nan
45,33,2.7641140057348042e-05,0.0,nan
45,34,1.5525492863426098e-05,0.0,nan
45,35,2.599997891592962e-05,0.0,nan
45,36,1.2912205265799825e-05,0.0,nan
45,37,6.86072958554707e-05,0.0,nan
45,38,1.0947182826813519e-05,0.0,nan
45,39,5.698879767039792e-05,0.0,nan
45,40,7.013160387388356e-06,0.0,nan
45,41,1.5219598680342872e-05,0.0,nan
45,42,3.779765387304943e-05,0.0,nan
45,43,2.295893923802486e-05,0.0,nan
45,44,4.902883468092158e-05,0.0,nan
45,45,4.018133309152411e-05,0.0,nan
45,46,1.4525529237528526e-05,0.0,nan
45,47,1.6403536937736683e-05,0.0,nan
45,48,5.267047818165543e-05,0.0,nan
45,49,1.520448077853863e-05,0.0,nan
45,50,2.4140705555567407e-05,0.0,nan
45,51,5.463800361988076e-05,0.0,nan
45,52,0.00018723899133281263,0.0,nan
45,53,8.543086390125559e-05,0.0,nan
45,54,1.5183238572016704e-05,0.0,nan
45,55,1.7174939192680457e-05,0.0,nan
45,56,1.3217717786460375e-05,0.0,nan
45,57,2.180292959329002e-05,0.0,nan
45,58,9.990722004316676e-06,0.0,nan
45,59,5.459706230904646e-05,0.0,nan
45,60,4.608023294035451e-05,0.0,nan
45,61,3.791853139808936e-05,0.0,nan
45,62,2.0403249996276604e-05,0.0,nan
45,63,8.855051611733478e-06,0.0,nan
45,64,2.9431021306952415e-05,0.0,nan
45,65,1.203123758889069e-05,0.0,nan
45,66,2.4994016309518743e-05,0.0,nan
45,67,3.147610788085957e-05,0.0,nan
45,68,2.4147068675021173e-05,0.0,nan
45,69,1.0414177561564482e-05,0.0,nan
45,70,7.027095229500445e-06,0.0,nan
45,71,1.7621214984625736e-05,0.0,nan
45,72,3.4217071404089673e-05,0.0,nan
45,73,1.2894424184449958e-05,0.0,nan
45,74,1.320086196683741e-05,0.0,nan
45,75,4.310123448441747e-05,0.0,nan
45,76,1.2642790146721725e-05,0.0,nan
45,77,2.438596007867514e-05,0.0,nan
45,78,1.785560220350935e-05,0.0,nan
45,79,3.0023746755322363e-05,0.0,nan
45,80,2.546355072165003e-05,0.0,nan
45,81,1.29438096060374e-05,0.0,nan
45,82,3.1307874089176504e-05,0.0,nan
45,83,5.550245153008324e-05,0.0,nan
45,84,2.9646558417403688e-05,0.0,nan
45,85,1.0906263067619954e-05,0.0,nan
45,86,7.546077906188756e-05,0.0,nan
45,87,6.69275012172464e-05,0.0,nan
45,88,4.457952873900487e-05,0.0,nan
45,89,1.0640296687306612e-05,0.0,nan
45,90,2.776530769119156e-05,0.0,nan
45,91,1.348394419590154e-05,0.0,nan
45,92,1.2098541597027271e-05,0.0,nan
45,93,2.6803974049484957e-05,0.0,nan
45,94,5.133373399707479e-06,0.0,nan
45,95,4.013203215660825e-05,0.0,nan
45,96,1.4035114092075326e-05,0.0,nan
45,97,2.2485139232782038e-05,0.0,nan
45,98,3.211617346334281e-05,0.0,nan
45,99,5.699051845847973e-05,0.0,nan
46,0,2.9916040468059936e-05,0.0,nan
46,1,4.9889903618036634e-05,0.0,nan
46,2,4.889415589726947e-05,0.0,nan
46,3,7.463485408817643e-06,0.0,nan
46,4,7.6128224652707065e-06,0.0,nan
46,5,9.604464519076773e-06,0.0,nan
46,6,1.772955665688405e-05,0.0,nan
46,7,2.112784500597176e-05,0.0,nan
46,8,5.352508998918845e-05,0.0,nan
46,9,1.986786191013328e-05,0.0,nan
46,10,7.699097223809165e-06,0.0,nan
46,11,0.11285111417027693,1.0,nan
46,12,4.597046530804508e-05,0.0,nan
46,13,2.6029921901756253e-05,0.0,nan
46,14,2.750982220902948e-05,0.0,nan
46,15,1.4546453511655753e-05,0.0,nan
46,16,4.055453366393898e-06,0.0,nan
46,17,6.0426389887775135e-05,0.0,nan
46,18,4.680574428381357e-05,0.0,nan
46,19,0.0001224208596058557,0.0,nan
46,20,2.0849363070254725e-05,0.0,nan
46,21,0.0491580652447023,0.9375,nan
46,22,1.8732794821288033e-05,0.0,nan
46,23,4.331792137115038e-05,0.0,nan
46,24,1.870571759836153e-05,0.0,nan
46,25,2.2709808822112187e-05,0.0,nan
46,26,2.850396548099649e-05,0.0,nan
46,27,0.10400352048555513,1.0,nan
46,28,3.135866220553722e-05,0.0,nan
46,29,1.5439333182585175e-05,0.0,nan
46,30,1.3102732191756635e-05,0.0,nan
46,31,2.2223069282752326e-05,0.0,nan
46,32,3.9926626846732165e-05,0.0,nan
46,33,4.1461879712923426e-05,0.0,nan
46,34,1.9660292678979493e-05,0.0,nan
46,35,9.45940863091457e-06,0.0,nan
46,36,4.456218214911278e-06,0.0,nan
46,37,1.849667368571391e-05,0.0,nan
46,38,1.2303804260161292e-05,0.0,nan
46,39,6.809448835042451e-05,0.0,nan
46,40,1.1166623201868841e-05,0.0,nan
46,41,1.56107816189963e-05,0.0,nan
46,42,4.257706290631889e-05,0.0,nan
46,43,5.965939090710106e-05,0.0,nan
46,44,9.517788407258634e-05,0.0,nan
46,45,3.258885482535093e-05,0.0,nan
46,46,2.7142455836134916e-05,0.0,nan
46,47,2.2876461302667385e-06,0.0,nan
46,48,5.0471144198484836e-05,0.0,nan
46,49,5.1501802738967306e-05,0.0,nan
46,50,9.672237020649533e-05,0.0,nan
46,51,8.21968900656852e-06,0.0,nan
46,52,1.995880707330338e-05,0.0,nan
46,53,2.5156344896519938e-05,0.0,nan
46,54,4.006933665516331e-05,0.0,nan
46,55,3.248535587862184e-05,0.0,nan
46,56,4.195464487263633e-05,0.0,nan
46,57,1.946684584586818e-05,0.0,nan
46,58,4.2596531783886874e-05,0.0,nan
46,59,1.8486004798278717e-05,0.0,nan
46,60,1.8394910366922133e-05,0.0,nan
46,61,1.0200154492676251e-05,0.0,nan
46,62,3.794357091937723e-05,0.0,nan
46,63,3.996340383266483e-05,0.0,nan
46,64,7.915402138415364e-06,0.0,nan
46,65,3.678725283181764e-05,0.0,nan
46,66,7.513067655075232e-05,0.0,nan
46,67,2.2218576710971543e-05,0.0,nan
46,68,2.1020382958747215e-05,0.0,nan
46,69,2.762159631726593e-05,0.0,nan
46,70,6.663661864912287e-05,0.0,nan
46,71,2.307111357378089e-05,0.0,nan
46,72,1.8139901117446156e-06,0.0,nan
46,73,2.8684985557907405e-05,0.0,nan
46,74,2.8458700738731124e-05,0.0,nan
46,75,1.1024986035772916e-05,0.0,nan
46,76,9.710261614244692e-06,0.0,nan
46,77,1.4147542629269292e-05,0.0,nan
46,78,2.008763878390527e-05,0.0,nan
46,79,1.6176414413734474e-05,0.0,nan
46,80,3.8299500961342606e-05,0.0,nan
46,81,3.35953410452878e-05,0.0,nan
46,82,7.63065542306617e-05,0.0,nan
46,83,1.4525726823003795e-05,0.0,nan
46,84,4.09703700855461e-05,0.0,nan
46,85,2.5373486455515873e-05,0.0,nan
46,86,2.129511236061965e-05,0.0,nan
46,87,3.678882215333047e-05,0.0,nan
46,88,1.4628846277794227e-05,0.0,nan
46,89,2.604754093410071e-05,0.0,nan
46,90,2.1168071486220546e-05,0.0,nan
46,91,2.2541330517619858e-05,0.0,nan
46,92,5.315196034381232e-05,0.0,nan
46,93,2.4166657466377834e-05,0.0,nan
46,94,1.257315978435448e-05,0.0,nan
46,95,1.5809538669855358e-05,0.0,nan
46,96,1.3899006984420326e-05,0.0,nan
46,97,4.353962495122237e-05,0.0,nan
46,98,1.1845383315861907e-05,0.0,nan
46,99,1.823804666706808e-05,0.0,nan
47,0,1.083959267479644e-05,0.0,nan
47,1,1.2573406898965513e-05,0.0,nan
47,2,3.3700562182112466e-05,0.0,nan
47,3,3.350072202802542e-05,0.0,nan
47,4,4.00967809092823e-05,0.0,nan
47,5,2.7557820278701657e-05,0.0,nan
47,6,1.12236018652503e-05,0.0,nan
47,7,6.953642327273291e-05,0.0,nan
47,8,2.2414581802145732e-05,0.0,nan
47,9,2.4858838275176377e-05,0.0,nan
47,10,1.4993475708312718e-05,0.0,nan
47,11,0.08939403690539563,1.0,nan
47,12,3.0064808139626638e-05,0.0,nan
47,13,5.5512680635933675e-05,0.0,nan
47,14,2.6187342392423074e-05,0.0,nan
47,15,2.4760803836583437e-05,0.0,nan
47,16,5.1959603346126087e-05,0.0,nan
47,17,0.00017975714022673415,0.0,nan
47,18,3.334454779065978e-05,0.0,nan
47,19,1.9311264871815763e-05,0.0,nan
47,20,5.148516007495006e-05,0.0,nan
47,21,0.0898236752698898,1.0,nan
47,22,5.8251555703751876e-05,0.0,nan
47,23,4.909349082258356e-05,0.0,nan
47,24,1.8393759863261476e-05,0.0,nan
47,25,3.3576173665158255e-05,0.0,nan
47,26,3.1204608367890164e-05,0.0,nan
47,27,0.1275821118003589,1.0,nan
47,28,4.3496548607228986e-05,0.0,nan
47,29,3.3069772031929554e-05,0.0,nan
47,30,4.054189466042723e-05,0.0,nan
47,31,7.908118065191587e-05,0.0,nan
47,32,5.162008876592992e-05,0.0,nan
47,33,1.1337704885771243e-05,0.0,nan
47,34,4.002665502095185e-05,0.0,nan
47,35,4.080127797691989e-05,0.0,nan
47,36,2.4252663853416463e-05,0.0,nan
47,37,4.510284171582871e-05,0.0,nan
47,38,3.561812502217025e-05,0.0,nan
47,39,4.668627336681339e-05,0.0,nan
47,40,3.256037573001047e-05,0.0,nan
47,41,6.47723175281909e-05,0.0,nan
47,42,6.015871785437589e-05,0.0,nan
47,43,2.8268042768876993e-05,0.0,nan
47,44,9.053676122767484e-06,0.0,nan
47,45,1.5506055709144587e-05,0.0,nan
47,46,1.848123922521085e-05,0.0,nan
47,47,8.745197156359954e-05,0.0,nan
47,48,2.47272900375708e-05,0.0,nan
47,49,0.00010470062717208943,0.0,nan
47,50,7.735584386988675e-06,0.0,nan
47,51,5.3133117946800026e-05,0.0,nan
47,52,3.655025814038241e-05,0.0,nan
47,53,3.337471961214841e-05,0.0,nan
47,54,2.9254065570869754e-06,0.0,nan
47,55,7.064861549182109e-05,0.0,nan
47,56,6.299326802111841e-05,0.0,nan
47,57,1.2629464154928355e-05,0.0,nan
47,58,2.8430033564912182e-05,0.0,nan
47,59,3.379822207275581e-05,0.0,nan
47,60,6.885996779081355e-05,0.0,nan
47,61,4.161694470607249e-05,0.0,nan
47,62,9.178407908553248e-05,0.0,nan
47,63,3.140727678279245e-05,0.0,nan
47,64,1.2340238752201424e-05,0.0,nan
47,65,6.294828170810667e-05,0.0,nan
47,66,7.827929826589636e-05,0.0,nan
47,67,9.478275886828834e-06,0.0,nan
47,68,1.9793769079767805e-05,0.0,nan
47,69,3.521173539009439e-05,0.0,nan
47,70,3.5323888620041524e-05,0.0,nan
47,71,3.311940870055058e-05,0.0,nan
47,72,7.549257051155295e-05,0.0,nan
47,73,5.130336143091e-05,0.0,nan
47,74,2.8650418276780147e-05,0.0,nan
47,75,2.2431649616425325e-05,0.0,nan
47,76,6.440101640547219e-05,0.0,nan
47,77,5.3295551720935685e-05,0.0,nan
47,78,1.980675504453115e-05,0.0,nan
47,79,3.575723708621888e-05,0.0,nan
47,80,6.71205883620906e-05,0.0,nan
47,81,4.980693843982268e-05,0.0,nan
47,82,4.609336131603111e-05,0.0,nan
47,83,4.015173088245563e-05,0.0,nan
47,84,2.4409935514833528e-05,0.0,nan
47,85,6.33680849416606e-05,0.0,nan
47,86,2.2641246736867397e-05,0.0,nan
47,87,6.49651537535029e-05,0.0,nan
47,88,6.275786837745882e-05,0.0,nan
47,89,2.499373260856555e-05,0.0,nan
47,90,6.574788872210743e-05,0.0,nan
47,91,3.766316653109948e-05,0.0,nan
47,92,6.991592771239712e-05,0.0,nan
47,93,5.501469712672081e-05,0.0,nan
47,94,4.3013398591486304e-05,0.0,nan
47,95,1.864318456760695e-05,0.0,nan
47,96,6.396849042147534e-05,0.0,nan
47,97,8.167619949230048e-05,0.0,nan
47,98,5.133287686127727e-05,0.0,nan
47,99,1.3052142523960505e-05,0.0,nan
48,0,1.641234345722278e-05,0.0,nan
48,1,2.9416306053255368e-05,0.0,nan
48,2,2.032316630821409e-05,0.0,nan
48,3,4.444516229419589e-05,0.0,nan
48,4,1.8790443747021473e-05,0.0,nan
48,5,2.505046812004318e-05,0.0,nan
48,6,1.2422148248495115e-05,0.0,nan
48,7,9.387310696648508e-06,0.0,nan
48,8,3.746966531951769e-05,0.0,nan
48,9,2.4723781492430847e-05,0.0,nan
48,10,9.267519042808748e-06,0.0,nan
48,11,0.1037323625450246,1.0,nan
48,12,2.2989474797605827e-05,0.0,nan
48,13,3.668454719077551e-05,0.0,nan
48,14,5.285980923534392e-05,0.0,nan
48,15,1.5628303263824375e-05,0.0,nan
48,16,2.6419282570002494e-05,0.0,nan
48,17,4.63784736830743e-05,0.0,nan
48,18,4.899211396204743e-05,0.0,nan
48,19,2.7251667165628482e-05,0.0,nan
48,20,5.8977276848622316e-05,0.0,nan
48,21,0.06899748407731099,0.9375,nan
48,22,2.5578442657469895e-05,0.0,nan
48,23,3.3976306269646445e-05,0.0,nan
48,24,1.1469754010938054e-05,0.0,nan
48,25,3.216909710034801e-05,0.0,nan
48,26,7.668890978983012e-05,0.0,nan
48,27,0.11457194976885823,1.0,nan
48,28,2.7373755721468338e-05,0.0,nan
48,29,1.8820226307084193e-05,0.0,nan
48,30,2.0444621033701857e-05,0.0,nan
48,31,3.3435128212205536e-05,0.0,nan
48,32,2.6210986415889388e-05,0.0,nan
48,33,4.5014669724462126e-05,0.0,nan
48,34,1.9173085114795428e-05,0.0,nan
48,35,4.583493599673133e-05,0.0,nan
48,36,3.6507080159404974e-05,0.0,nan
48,37,0.00014858481998967967,0.0,nan
48,38,9.605561675482919e-05,0.0,nan
48,39,4.0488807078588486e-05,0.0,nan
48,40,3.088505057169675e-05,0.0,nan
48,41,2.0663131619803396e-05,0.0,nan
48,42,2.303871341245418e-05,0.0,nan
48,43,5.2018315349009156e-05,0.0,nan
48,44,2.417489950388259e-05,0.0,nan
48,45,4.652642361671386e-05,0.0,nan
48,46,1.0617971091940073e-05,0.0,nan
48,47,4.5694221748522925e-05,0.0,nan
48,48,1.3874595324467533e-05,0.0,nan
48,49,1.5126569668156384e-05,0.0,nan
48,50,1.654754217879218e-05,0.0,nan
48,51,4.900215286797899e-05,0.0,nan
48,52,2.3840259753626857e-05,0.0,nan
48,53,1.6309686346478006e-05,0.0,nan
48,54,3.273828483824728e-05,0.0,nan
48,55,3.487721283447546e-05,0.0,nan
48,56,2.3693514295645186e-05,0.0,nan
48,57,3.594595048188868e-05,0.0,nan
48,58,3.090619602855196e-05,0.0,nan
48,59,4.1530421085359815e-05,0.0,nan
48,60,2.599823889316774e-05,0.0,nan
48,61,1.0491989076528655e-05,0.0,nan
48,62,2.347379612579399e-05,0.0,nan
48,63,4.0362813990154446e-05,0.0,nan
48,64,1.5471000398949806e-05,0.0,nan
48,65,2.5684543033195057e-05,0.0,nan
48,66,4.8127706231901175e-05,0.0,nan
48,67,8.764554677202606e-06,0.0,nan
48,68,1.1926212818803701e-05,0.0,nan
48,69,1.695788923301699e-05,0.0,nan
48,70,3.508087962968438e-05,0.0,nan
48,71,2.877292209055452e-05,0.0,nan
48,72,2.9759485197643115e-05,0.0,nan
48,73,9.524643030221446e-05,0.0,nan
48,74,1.4878802755445016e-05,0.0,nan
48,75,5.32654742584538e-05,0.0,nan
48,76,3.0517800229770244e-05,0.0,nan
48,77,9.253451890917617e-06,0.0,nan
48,78,4.084192148024466e-05,0.0,nan
48,79,3.818534977552406e-05,0.0,nan
48,80,2.1202241910936213e-05,0.0,nan
48,81,2.0655378550580162e-05,0.0,nan
48,82,3.914995827586433e-05,0.0,nan
48,83,9.821784138703093e-06,0.0,nan
48,84,1.0396204498455848e-05,0.0,nan
48,85,3.1351286630922236e-05,0.0,nan
48,86,2.2943198587433045e-05,0.0,nan
48,87,1.534517146591324e-05,0.0,nan
48,88,2.4464925805363255e-05,0.0,nan
48,89,7.153868609674328e-05,0.0,nan
48,90,5.580628989033897e-06,0.0,nan
48,91,3.278905570294672e-05,0.0,nan
48,92,7.911202439680731e-05,0.0,nan
48,93,5.509390777597854e-05,0.0,nan
48,94,9.68914430898344e-06,0.0,nan
48,95,6.931238141319627e-06,0.0,nan
48,96,3.179670085500385e-05,0.0,nan
48,97,8.806111868931741e-06,0.0,nan
48,98,1.873976652489973e-05,0.0,nan
48,99,1.7630243017888655e-05,0.0,nan
49,0,3.418794070147829e-05,0.0,nan
49,1,2.4703614920342704e-05,0.0,nan
49,2,1.3738617390274441e-05,0.0,nan
49,3,1.7135232021789745e-05,0.0,nan
49,4,2.3215855388814123e-05,0.0,nan
49,5,2.4395585131280227e-05,0.0,nan
49,6,6.63684524751289e-05,0.0,nan
49,7,4.251968148382402e-05,0.0,nan
49,8,6.856205854682219e-05,0.0,nan
49,9,5.192428573257234e-05,0.0,nan
49,10,3.51709066591448e-05,0.0,nan
49,11,0.04735907675291892,1.0,nan
49,12,7.41721322594823e-06,0.0,nan
49,13,4.037026101646702e-05,0.0,nan
49,14,4.077898292746748e-05,0.0,nan
49,15,4.5548611367047724e-05,0.0,nan
49,16,2.874911362314235e-05,0.0,nan
49,17,3.934720326129762e-05,0.0,nan
49,18,2.0476813512945977e-05,0.0,nan
49,19,6.121866112799817e-05,0.0,nan
49,20,3.6319386139320255e-05,0.0,nan
49,21,0.38810747178100413,1.0,nan
49,22,1.2926244484617977e-05,0.0,nan
49,23,4.206379853397242e-05,0.0,nan
49,24,2.454998197797881e-05,0.0,nan
49,25,4.0175785671982253e-05,0.0,nan
49,26,3.185964473017067e-05,0.0,nan
49,27,1.544413812498451e-05,0.0,nan
49,28,2.9577003900997653e-05,0.0,nan
49,29,5.021835715224227e-05,0.0,nan
49,30,1.797655863687477e-05,0.0,nan
49,31,1.4791279046472564e-05,0.0,nan
49,32,1.6558457046616604e-05,0.0,nan
49,33,1.9898080207761553e-05,0.0,nan
49,34,9.283716244258821e-06,0.0,nan
49,35,2.3909974176034817e-05,0.0,nan
49,36,1.0943097137683795e-05,0.0,nan
49,37,8.427117874875638e-06,0.0,nan
49,38,3.24182355994376e-05,0.0,nan
49,39,2.7273117600197976e-05,0.0,nan
49,40,2.4468096194974773e-05,0.0,nan
49,41,1.8348533471753827e-05,0.0,nan
49,42,2.9376900635204142e-05,0.0,nan
49,43,3.0018167377328007e-05,0.0,nan
49,44,2.7870384623870848e-05,0.0,nan
49,45,2.2668633081090657e-05,0.0,nan
49,46,1.204875539961156e-05,0.0,nan
49,47,0.00015287002363348584,0.0,nan
49,48,2.4883168692330736e-05,0.0,nan
49,49,6.680301069149315e-05,0.0,nan
49,50,1.977123835949341e-05,0.0,nan
49,51,1.5715825570474906e-05,0.0,nan
49,52,5.289495349498437e-06,0.0,nan
49,53,1.3563257713246108e-05,0.0,nan
49,54,2.3200401776800968e-05,0.0,nan
49,55,2.611601866273676e-05,0.0,nan
49,56,1.7943156523399074e-05,0.0,nan
49,57,2.784889663910069e-05,0.0,nan
49,58,1.4885826420383282e-05,0.0,nan
49,59,5.2226927705202275e-05,0.0,nan
49,60,1.2027269942213187e-05,0.0,nan
49,61,7.399877786885153e-05,0.0,nan
49,62,2.0098292908379636e-05,0.0,nan
49,63,1.3793233301907193e-05,0.0,nan
49,64,1.6464753394121327e-05,0.0,nan
49,65,4.440406302973537e-05,0.0,nan
49,66,7.917554709931265e-06,0.0,nan
49,67,2.395999136695586e-05,0.0,nan
49,68,2.925047760921726e-05,0.0,nan
49,69,1.3690859346562164e-05,0.0,nan
49,70,1.6863145536463527e-05,0.0,nan
49,71,1.718250021517034e-05,0.0,nan
49,72,4.6767062076419574e-05,0.0,nan
49,73,1.5105864846610913e-05,0.0,nan
49,74,1.0480020348784572e-05,0.0,nan
49,75,2.3227641074176657e-05,0.0,nan
49,76,1.3428402445708022e-05,0.0,nan
49,77,1.8487938080161e-05,0.0,nan
49,78,0.00014893702361868942,0.0,nan
49,79,3.1147656435375395e-05,0.0,nan
49,80,1.5681528737495936e-05,0.0,nan
49,81,1.232702057582408e-05,0.0,nan
49,82,8.221771838415087e-05,0.0,nan
49,83,2.801927359123915e-05,0.0,nan
49,84,1.842416512174694e-05,0.0,nan
49,85,3.158520286585376e-05,0.0,nan
49,86,4.549841417349436e-05,0.0,nan
49,87,5.766996540171394e-05,0.0,nan
49,88,2.0038570680608442e-05,0.0,nan
49,89,1.3814986299309677e-05,0.0,nan
49,90,2.0580146052920225e-05,0.0,nan
49,91,4.513392844205368e-05,0.0,nan
49,92,2.6007139161615005e-05,0.0,nan
49,93,5.772776561674769e-05,0.0,nan
49,94,2.8859109834198803e-05,0.0,nan
49,95,1.4527994836821449e-05,0.0,nan
49,96,2.8827391738489642e-05,0.0,nan
49,97,2.5180792738010834e-05,0.0,nan
49,98,3.426450561164715e-05,0.0,nan
49,99,4.982897947403066e-05,0.0,nan
50,0,1.3674209765017076e-05,0.0,1.252981548604432e-06
50,1,2.2478330257760888e-05,0.0,3.867016720263935e-07
50,2,4.5981559602083584e-05,0.0,3.5964995557991463e-06
50,3,1.6278468077195302e-05,0.0,8.148011795201148e-07
50,4,1.3813896416870036e-05,0.0,1.7807434664890982e-07
50,5,1.838596277140603e-05,0.0,2.5352473361521086e-06
50,6,1.8865119901148956e-05,0.0,2.0291467079135567e-06
50,7,2.6206173319843266e-05,0.0,6.419047383455904e-06
50,8,3.675298784176095e-05,0.0,1.0426845541910526e-06
50,9,1.803166491879965e-05,0.0,1.7927190271871402e-06
50,10,1.0615572257435024e-05,0.0,8.616330480028585e-08
50,11,0.13028860349485286,1.0,0.33359525936641304
50,12,1.1515187487694145e-05,0.0,1.3141142505476124e-06
50,13,1.3761260747532048e-05,0.0,7.274061431500105e-06
50,14,3.0377218740899835e-05,0.0,1.3121215564197249e-05
50,15,9.865068393754015e-06,0.0,7.207735440472333e-08
50,16,2.6775335547979107e-06,0.0,3.576077356974037e-09
50,17,8.688702664658354e-05,0.0,0.00012083641098533792
50,18,2.2225228432587206e-05,0.0,4.808702282027469e-06
50,19,4.274209859779468e-05,0.0,1.1838794187381233e-05
50,20,1.7041119973670828e-05,0.0,2.2125100432421317e-06
50,21,0.12189092108363145,1.0,0.3855753236951057
50,22,6.52895033401481e-05,0.0,5.275935289503518e-05
50,23,2.563649770479377e-05,0.0,1.9697439561815916e-05
50,24,2.7395434136452988e-05,0.0,5.279824166425088e-06
50,25,2.7742291521036724e-05,0.0,1.22236473808892e-05
50,26,2.8631807453767332e-05,0.0,8.872042640790885e-07
50,27,0.1835295168127032,1.0,0.2802947911187301
50,28,2.575611006614209e-05,0.0,2.5048441776473897e-07
50,29,2.1478197460769266e-05,0.0,1.2674114621016365e-06
50,30,1.069045267426854e-05,0.0,5.11674826888332e-07
50,31,1.3219875530280776e-05,0.0,5.5613792192611e-08
50,32,2.283571645843996e-05,0.0,1.6031131113910672e-06
50,33,8.110853633448204e-05,0.0,2.0658273801252573e-05
50,34,2.3404010654098546e-05,0.0,3.470957554257389e-06
50,35,1.851152193838902e-05,0.0,2.888827063037935e-07
50,36,4.0045308884531465e-05,0.0,3.596363291390888e-08
50,37,1.7455039387888833e-05,0.0,1.7799517655567386e-06
50,38,2.325598949746688e-05,0.0,8.751542167387021e-07
50,39,2.618993819972712e-05,0.0,3.536910868655264e-06
50,40,2.5656923405781587e-05,0.0,3.3280327518990154e-06
50,41,8.987950835141529e-06,0.0,8.67054830697225e-07
50,42,3.112463686221845e-05,0.0,5.1028498670521334e-06
50,43,3.2032158818623245e-05,0.0,8.206826487380668e-06
50,44,2.944648821636874e-05,0.0,1.8946953021671763e-05
50,45,8.333836944196452e-06,0.0,4.4228968597818075e-08
50,46,8.248682825799893e-06,0.0,1.7472637773965897e-06
50,47,6.0728387547374744e-05,0.0,2.466078834612647e-05
50,48,2.8709791408498535e-05,0.0,1.2018498325774448e-06
50,49,2.1941160672546427e-05,0.0,6.888793051988568e-07
50,50,2.128911257649384e-05,0.0,7.552665796902651e-06
50,51,2.5602665472253607e-05,0.0,1.503576701137242e-06
50,52,1.5430487151292836e-05,0.0,1.7987956776510925e-06
50,53,1.7491714635739442e-05,0.0,3.4338030037144135e-06
50,54,2.9136735296539625e-05,0.0,5.065084959173975e-06
50,55,1.3003805430518566e-05,0.0,1.7650907598522173e-06
50,56,3.725618259053085e-05,0.0,4.775928665046042e-06
50,57,2.4723840590416115e-05,0.0,7.54907518040526e-07
50,58,2.414154124843483e-05,0.0,1.4495844581104425e-06
50,59,4.582882163339176e-06,0.0,3.779364571454136e-07
50,60,1.8726013242746624e-05,0.0,3.385073722300712e-06
50,61,4.034394263030925e-05,0.0,5.286549413574314e-08
50,62,1.932299803622972e-05,0.0,1.3096645998187678e-06
50,63,1.4508992252344448e-05,0.0,8.721317525248576e-07
50,64,1.9440716697128216e-05,0.0,7.058464543822498e-08
50,65,1.8336710159472652e-05,0.0,2.2369164078144036e-06
50,66,1.2360420158278585e-05,0.0,9.526715579887489e-07
50,67,3.0790218837190714e-05,0.0,7.923353853600035e-06
50,68,2.015653121380769e-05,0.0,3.1760557893178538e-06
50,69,5.063150596607659e-06,0.0,1.2452348511542404e-07
50,70,1.846497243975242e-05,0.0,3.6564611122647063e-06
50,71,6.484390457712396e-05,0.0,4.932699295759739e-06
50,72,1.728150075999859e-05,0.0,1.402422758440904e-06
50,73,1.3647166634311648e-05,0.0,1.1348947715122986e-06
50,74,4.929647847349978e-05,0.0,3.9254617395402835e-06
50,75,2.056848513789185e-05,0.0,1.6883817260712424e-05
50,76,7.438126349746996e-05,0.0,2.148212759163793e-05
50,77,8.710357364465754e-06,0.0,2.722909282127134e-07
50,78,1.1660205744022737e-05,0.0,2.1244470527064067e-07
50,79,1.1676193595719589e-05,0.0,8.007281860615694e-08
50,80,4.737922761081437e-05,0.0,2.2067134964830157e-07
50,81,1.82601477173696e-05,0.0,3.4789418389817584e-06
50,82,2.7211275253801733e-05,0.0,1.2195823085454649e-05
50,83,1.981658549920285e-05,0.0,4.744700375862616e-06
50,84,1.874454706144698e-05,0.0,2.789745170941825e-06
50,85,2.598307856583489e-05,0.0,1.4636713083304423e-06
50,86,3.945722451027872e-05,0.0,7.105251287733432e-07
50,87,2.292987436111751e-05,0.0,1.8832585945219711e-06
50,88,5.880566777251813e-06,0.0,6.360011850017333e-08
50,89,8.25314506636431e-06,0.0,1.1359528579192242e-07
50,90,2.619424378345585e-05,0.0,4.4903918563535375e-06
50,91,2.706815167779047e-05,0.0,3.2666079975949846e-06
50,92,1.865206744228398e-05,0.0,1.692825971094037e-06
50,93,1.0038320480151387e-05,0.0,1.111885153416344e-06
50,94,4.3718958886640436e-05,0.0,8.305163948096533e-06
50,95,3.6775503657393406e-05,0.0,6.549890656590281e-06
50,96,5.277583476480919e-06,0.0,3.64425307891594e-07
50,97,3.816276026409768e-05,0.0,2.5307967943037553e-06
50,98,2.2274264103840123e-05,0.0,3.955235953803036e-06
50,99,8.26399131678613e-06,0.0,5.380391631331158e-07
51,0,5.250055509667912e-05,0.0,nan
51,1,1.845837975544512e-05,0.0,nan
51,2,1.7082368512984048e-05,0.0,nan
51,3,1.1731680272192278e-05,0.0,nan
51,4,3.370027424579855e-05,0.0,nan
51,5,6.698720132043851e-05,0.0,nan
51,6,1.0237605605955323e-05,0.0,nan
51,7,1.7685134326505954e-05,0.0,nan
51,8,7.520081970836461e-06,0.0,nan
51,9,3.956796679963027e-05,0.0,nan
51,10,3.85101962728329e-05,0.0,nan
51,11,0.09796918839050106,1.0,nan
51,12,4.079475907657691e-05,0.0,nan
51,13,7.48214074016296e-06,0.0,nan
51,14,6.736471298768109e-05,0.0,nan
51,15,3.7346510244706056e-05,0.0,nan
51,16,1.3687126154523998e-05,0.0,nan
51,17,1.9947166284007164e-05,0.0,nan
51,18,1.3430390960542859e-05,0.0,nan
51,19,1.3480250712284807e-05,0.0,nan
51,20,1.1942231209503073e-05,0.0,nan
51,21,0.3888566017826933,1.0,nan
51,22,3.478065187994708e-05,0.0,nan
51,23,1.1310496213119587e-05,0.0,nan
51,24,2.2547554628644165e-05,0.0,nan
51,25,1.4606433695165447e-05,0.0,nan
51,26,2.0140620163429894e-05,0.0,nan
51,27,1.7670430106164424e-05,0.0,nan
51,28,2.5561541949755324e-05,0.0,nan
51,29,2.1219383681203963e-05,0.0,nan
51,30,1.1318994547891273e-05,0.0,nan
51,31,1.839858093147453e-05,0.0,nan
51,32,1.9277966679431735e-05,0.0,nan
51,33,1.6876860810800298e-05,0.0,nan
51,34,0.00011752505918736113,0.0,nan
51,35,6.052227630253252e-05,0.0,nan
51,36,2.1409977407980294e-05,0.0,nan
51,37,3.6799576318913793e-05,0.0,nan
51,38,1.6829369341864565e-05,0.0,nan
51,39,6.865716429839047e-05,0.0,nan
51,40,1.857933732343253e-05,0.0,nan
51,41,3.513716549744566e-05,0.0,nan
51,42,6.228064161015827e-05,0.0,nan
51,43,9.736684939523769e-06,0.0,nan
51,44,7.050010182120001e-06,0.0,nan
51,45,1.2331309087823069e-05,0.0,nan
51,46,3.917500610132629e-05,0.0,nan
51,47,3.271940158967629e-05,0.0,nan
51,48,1.2297018438456675e-05,0.0,nan
51,49,2.2875068133166088e-05,0.0,nan
51,50,4.32759212797493e-05,0.0,nan
51,51,1.2198972486382013e-05,0.0,nan
51,52,2.2311938249862908e-05,0.0,nan
51,53,2.6772177632460584e-05,0.0,nan
51,54,1.9842927607023593e-05,0.0,nan
51,55,2.702124503390283e-05,0.0,nan
51,56,8.915907481478897e-06,0.0,nan
51,57,1.8763590580315984e-05,0.0,nan
51,58,2.700433880150389e-05,0.0,nan
51,59,3.750293364327382e-05,0.0,nan
51,60,2.4218298867773233e-05,0.0,nan
51,61,3.565154073031483e-05,0.0,nan
51,62,3.622392556237327e-05,0.0,nan
51,63,1.924664150679937e-05,0.0,nan
51,64,2.6141640305701858e-05,0.0,nan
51,65,8.150613307022183e-06,0.0,nan
51,66,4.225882343086988e-05,0.0,nan
51,67,1.3754596958795134e-05,0.0,nan
51,68,4.5081212326079635e-05,0.0,nan
51,69,1.8423828159477203e-05,0.0,nan
51,70,2.774067886859721e-05,0.0,nan
51,71,1.5168148303839621e-05,0.0,nan
51,72,6.459754225578086e-05,0.0,nan
51,73,3.631177288561243e-05,0.0,nan
51,74,2.116316448625637e-05,0.0,nan
51,75,1.4575505449419012e-05,0.0,nan
51,76,2.5298409641387144e-05,0.0,nan
51,77,6.138514567820765e-05,0.0,nan
51,78,2.2948353520879e-05,0.0,nan
51,79,3.3454906771710095e-05,0.0,nan
51,80,3.481178017052462e-05,0.0,nan
51,81,1.7429179727248277e-05,0.0,nan
51,82,1.605214643835088e-05,0.0,nan
51,83,3.703262358833518e-05,0.0,nan
51,84,2.0547260173336856e-05,0.0,nan
51,85,1.3554559547548437e-05,0.0,nan
51,86,2.055301930747282e-05,0.0,nan
51,87,4.206363628239753e-05,0.0,nan
51,88,1.4981550260047963e-05,0.0,nan
51,89,4.3933974435769624e-05,0.0,nan
51,90,1.767580442277879e-05,0.0,nan
51,91,1.6139731547856433e-05,0.0,nan
51,92,1.2996562709137945e-05,0.0,nan
51,93,4.3874162201155285e-05,0.0,nan
51,94,3.8606562065589475e-05,0.0,nan
51,95,2.8911437481435994e-05,0.0,nan
51,96,1.608961584782624e-05,0.0,nan
51,97,7.025633066403778e-05,0.0,nan
51,98,1.6381235319025385e-05,0.0,nan
51,99,0.000175407980003971,0.0,nan
52,0,2.172877533005258e-05,0.0,nan
52,1,1.1181799461676164e-05,0.0,nan
52,2,2.4727056433628294e-05,0.0,nan
52,3,1.4756392875009815e-05,0.0,nan
52,4,1.4628078763436697e-05,0.0,nan
52,5,1.6192154801327193e-05,0.0,nan
52,6,2.667538105406992e-05,0.0,nan
52,7,2.5718290798389007e-05,0.0,nan
52,8,2.52826699205674e-05,0.0,nan
52,9,4.411935947943949e-05,0.0,nan
52,10,1.508517947610691e-05,0.0,nan
52,11,0.11388176355778733,1.0,nan
52,12,1.1650094064100822e-05,0.0,nan
52,13,2.0063212761057823e-05,0.0,nan
52,14,1.629735713075119e-05,0.0,nan
52,15,1.8234196076324836e-05,0.0,nan
52,16,1.8187726359338515e-05,0.0,nan
52,17,1.7638950832696584e-05,0.0,nan
52,18,1.1838904001988466e-05,0.0,nan
52,19,1.3765987977507422e-05,0.0,nan
52,20,1.0749212460474129e-05,0.0,nan
52,21,0.07985504544854563,1.0,nan
52,22,5.435194365491219e-06,0.0,nan
52,23,2.813706067879681e-06,0.0,nan
52,24,3.5275984293825824e-05,0.0,nan
52,25,1.0823602033093484e-05,0.0,nan
52,26,7.6705047623348e-06,0.0,nan
52,27,0.11723594073643301,1.0,nan
52,28,2.2771116739428348e-05,0.0,nan
52,29,6.159222249233984e-06,0.0,nan
52,30,1.6546290805571773e-05,0.0,nan
52,31,1.9445468044843498e-05,0.0,nan
52,32,4.816720368578939e-06,0.0,nan
52,33,8.055496745701332e-07,0.0,nan
52,34,1.3304319535603228e-05,0.0,nan
52,35,1.1556408699665347e-05,0.0,nan
52,36,1.5600238743517644e-05,0.0,nan
52,37,1.3676023029734794e-05,0.0,nan
52,38,2.988287691079985e-05,0.0,nan
52,39,1.1370980266670722e-05,0.0,nan
52,40,3.5480123068841424e-06,0.0,nan
52,41,1.4951783492016253e-05,0.0,nan
52,42,5.6513442156236e-05,0.0,nan
52,43,3.6189985287098756e-06,0.0,nan
52,44,1.390019316719438e-05,0.0,nan
52,45,2.281717246805657e-05,0.0,nan
52,46,4.609384583267325e-06,0.0,nan
52,47,5.917575386314781e-06,0.0,nan
52,48,1.7364689873259825e-05,0.0,nan
52,49,1.2351179502854134e-05,0.0,nan
52,50,1.2781942647738623e-05,0.0,nan
52,51,7.507501061865875e-06,0.0,nan
52,52,7.189496566067255e-06,0.0,nan
52,53,1.2016634412165784e-05,0.0,nan
52,54,1.8964345676899767e-05,0.0,nan
52,55,5.632801253102171e-06,0.0,nan
52,56,1.1594574664430999e-05,0.0,nan
52,57,1.465285927973935e-05,0.0,nan
52,58,2.332326657002483e-05,0.0,nan
52,59,7.487950262539422e-06,0.0,nan
52,60,1.1256382413100344e-05,0.0,nan
52,61,1.9801695386922228e-05,0.0,nan
52,62,2.1113249305640374e-05,0.0,nan
52,63,2.2651499474719963e-05,0.0,nan
52,64,8.83911885913043e-06,0.0,nan
52,65,2.9830874289034355e-05,0.0,nan
52,66,8.440506592071229e-06,0.0,nan
52,67,1.518412882513523e-06,0.0,nan
52,68,5.913044260813489e-05,0.0,nan
52,69,1.2723180111064055e-05,0.0,nan
52,70,1.2513853866671452e-05,0.0,nan
52,71,2.9279848472580127e-05,0.0,nan
52,72,4.8136731322685354e-05,0.0,nan
52,73,1.3485339071499079e-05,0.0,nan
52,74,2.6904565302733496e-05,0.0,nan
52,75,2.9678239154121866e-05,0.0,nan
52,76,1.4332621120561398e-05,0.0,nan
52,77,5.801190589473068e-06,0.0,nan
52,78,9.006578619145102e-06,0.0,nan
52,79,1.4541305883742821e-05,0.0,nan
52,80,3.165825526329354e-05,0.0,nan
52,81,1.1399849349759548e-05,0.0,nan
52,82,0.0002726282127120735,0.0,nan
52,83,8.950685271500461e-06,0.0,nan
52,84,4.979698686573096e-06,0.0,nan
52,85,6.3747444705824816e-06,0.0,nan
52,86,1.6243725145080688e-05,0.0,nan
52,87,2.0257485610190405e-05,0.0,nan
52,88,1.694190793884674e-05,0.0,nan
52,89,7.928228742365264e-06,0.0,nan
52,90,1.5403410288071057e-05,0.0,nan
52,91,8.22471770188711e-06,0.0,nan
52,92,3.179404400392601e-06,0.0,nan
52,93,7.004677130914851e-05,0.0,nan
52,94,6.887037573719669e-06,0.0,nan
52,95,3.4431238173871047e-06,0.0,nan
52,96,3.3081379742834295e-05,0.0,nan
52,97,1.80478752031704e-05,0.0,nan
52,98,5.510985980886962e-06,0.0,nan
52,99,1.0590000882115058e-05,0.0,nan
53,0,4.705160348826349e-05,0.0,nan
53,1,4.305778299287765e-05,0.0,nan
53,2,2.420665053105504e-05,0.0,nan
53,3,1.063864177200742e-05,0.0,nan
53,4,3.6960149051370935e-05,0.0,nan
53,5,0.00011063771089053591,0.0,nan
53,6,2.042857606107961e-05,0.0,nan
53,7,9.562443220139844e-05,0.0,nan
53,8,4.020820061524861e-05,0.0,nan
53,9,4.077237378162358e-05,0.0,nan
53,10,5.104953394269918e-05,0.0,nan
53,11,0.09357578556581123,1.0,nan
53,12,3.3397110606611834e-05,0.0,nan
53,13,8.013041148921749e-05,0.0,nan
53,14,2.9253292401338147e-05,0.0,nan
53,15,2.4774785622048607e-05,0.0,nan
53,16,1.993123741651225e-05,0.0,nan
53,17,3.8983832947665556e-05,0.0,nan
53,18,5.7334310988813745e-05,0.0,nan
53,19,5.398248682187742e-05,0.0,nan
53,20,2.770513037865834e-05,0.0,nan
53,21,0.06829816749629801,1.0,nan
53,22,6.51468502052459e-05,0.0,nan
53,23,2.638485730218309e-05,0.0,nan
53,24,4.216536773430153e-05,0.0,nan
53,25,6.690258206602822e-05,0.0,nan
53,26,7.335298730622622e-05,0.0,nan
53,27,0.09149771969875041,1.0,nan
53,28,9.870048758845416e-06,0.0,nan
53,29,1.2150449119224379e-05,0.0,nan
53,30,2.889589012207881e-05,0.0,nan
53,31,2.118319907766414e-05,0.0,nan
53,32,2.7503498969504685e-05,0.0,nan
53,33,2.56618838505888e-05,0.0,nan
53,34,1.0201425551562346e-05,0.0,nan
53,35,2.21170973927633e-05,0.0,nan
53,36,1.4343045173922764e-05,0.0,nan
53,37,2.2458286531086032e-05,0.0,nan
53,38,3.2354060219206346e-05,0.0,nan
53,39,4.025990964139358e-05,0.0,nan
53,40,2.090590105887926e-05,0.0,nan
53,41,3.3852383658748855e-05,0.0,nan
53,42,3.696948805589366e-05,0.0,nan
53,43,3.8419859711300724e-05,0.0,nan
53,44,4.154936911774428e-05,0.0,nan
53,45,1.529201463288211e-05,0.0,nan
53,46,2.819342908669811e-05,0.0,nan
53,47,2.6286023304031643e-05,0.0,nan
53,48,3.861471115565907e-05,0.0,nan
53,49,4.2380050990341016e-05,0.0,nan
53,50,3.3203165122919726e-05,0.0,nan
53,51,4.1073850497791095e-05,0.0,nan
53,52,1.7751802574701806e-05,0.0,nan
53,53,4.732933216653959e-05,0.0,nan
53,54,1.370424033895518e-05,0.0,nan
53,55,2.6171768168948245e-05,0.0,nan
53,56,6.048773844279138e-05,0.0,nan
53,57,2.803181003264299e-05,0.0,nan
53,58,3.113523254902693e-05,0.0,nan
53,59,1.961064343867314e-05,0.0,nan
53,60,1.973648757053317e-05,0.0,nan
53,61,2.0231796443481444e-05,0.0,nan
53,62,3.072812046196032e-05,0.0,nan
53,63,3.383393549753217e-05,0.0,nan
53,64,9.473061108804357e-05,0.0,nan
53,65,2.6615203314090365e-05,0.0,nan
53,66,3.8563999619299516e-05,0.0,nan
53,67,2.7363333545393588e-05,0.0,nan
53,68,1.2493465405734453e-05,0.0,nan
53,69,1.9179889870717983e-05,0.0,nan
53,70,6.665080002260323e-05,0.0,nan
53,71,8.881880690332641e-05,0.0,nan
53,72,4.490471631649909e-05,0.0,nan
53,73,3.109722063289485e-05,0.0,nan
53,74,2.3099289976873192e-05,0.0,nan
53,75,2.9017755443280885e-05,0.0,nan
53,76,4.154354495810966e-05,0.0,nan
53,77,2.999184456792036e-05,0.0,nan
53,78,1.5873161477275435e-05,0.0,nan
53,79,3.03927212585026e-05,0.0,nan
53,80,1.7537546482757438e-05,0.0,nan
53,81,5.626671742381301e-05,0.0,nan
53,82,1.4561206162329926e-05,0.0,nan
53,83,3.918274329103111e-05,0.0,nan
53,84,1.8674835171168725e-05,0.0,nan
53,85,4.256561662955769e-05,0.0,nan
53,86,1.5788257132287104e-05,0.0,nan
53,87,1.9565376761599525e-05,0.0,nan
53,88,2.3866002330678014e-05,0.0,nan
53,89,1.9386750722041247e-05,0.0,nan
53,90,3.3851643329961404e-05,0.0,nan
53,91,4.339961001697776e-05,0.0,nan
53,92,2.1420449250482913e-05,0.0,nan
53,93,1.5545104334825957e-05,0.0,nan
53,94,8.08812782293435e-06,0.0,nan
53,95,4.339064804078674e-05,0.0,nan
53,96,0.00010120063640429326,0.0,nan
53,97,1.6512031537782704e-05,0.0,nan
53,98,1.9084283851740617e-05,0.0,nan
53,99,3.4850246570613015e-05,0.0,nan
54,0,2.0299804879067865e-05,0.0,nan
54,1,2.334114041653271e-05,0.0,nan
54,2,3.012008668506082e-05,0.0,nan
54,3,3.1056367943386787e-05,0.0,nan
54,4,3.539186386787905e-05,0.0,nan
54,5,0.00020459621171641082,0.0,nan
54,6,1.9916604264173912e-05,0.0,nan
54,7,2.094236609949106e-05,0.0,nan
54,8,3.14155488845165e-05,0.0,nan
54,9,3.396162726766166e-05,0.0,nan
54,10,2.7621456764188835e-05,0.0,nan
54,11,0.1446687941169657,1.0,nan
54,12,4.0391376126897206e-05,0.0,nan
54,13,2.0632447704059286e-05,0.0,nan
54,14,2.8188247517317062e-05,0.0,nan
54,15,4.887220355593451e-05,0.0,nan
54,16,5.6213018552392646e-05,0.0,nan
54,17,2.9120120979877516e-05,0.0,nan
54,18,1.808943436468137e-05,0.0,nan
54,19,3.041921757583129e-06,0.0,nan
54,20,3.451703343975711e-05,0.0,nan
54,21,0.09098019303911115,1.0,nan
54,22,6.729186606559571e-05,0.0,nan
54,23,4.4525865838205215e-05,0.0,nan
54,24,2.310732736838088e-05,0.0,nan
54,25,3.928579605411675e-05,0.0,nan
54,26,2.036496729544065e-05,0.0,nan
54,27,0.10741680623929072,1.0,nan
54,28,9.425690320086513e-06,0.0,nan
54,29,2.448332691911258e-05,0.0,nan
54,30,4.106898980320671e-05,0.0,nan
54,31,3.53958574927603e-05,0.0,nan
54,32,6.16004193160406e-05,0.0,nan
54,33,2.424730946316864e-05,0.0,nan
54,34,2.324639540050341e-05,0.0,nan
54,35,2.31602897831933e-05,0.0,nan
54,36,4.704647253454919e-05,0.0,nan
54,37,3.3360703323693616e-05,0.0,nan
54,38,1.6561025073026222e-05,0.0,nan
54,39,2.6243450043303086e-05,0.0,nan
54,40,6.0435923851011744e-05,0.0,nan
54,41,2.6048580491468952e-05,0.0,nan
54,42,2.380454351478274e-05,0.0,nan
54,43,3.311214381135426e-05,0.0,nan
54,44,3.887524850502413e-05,0.0,nan
54,45,3.087654966029763e-05,0.0,nan
54,46,1.8874671670148603e-05,0.0,nan
54,47,1.8888785847695375e-05,0.0,nan
54,48,1.1586531587116354e-05,0.0,nan
54,49,1.2944158709486071e-05,0.0,nan
54,50,3.28833474050008e-05,0.0,nan
54,51,3.8201481557925625e-05,0.0,nan
54,52,2.3805323577008314e-05,0.0,nan
54,53,7.647203172244965e-06,0.0,nan
54,54,7.944702693080128e-05,0.0,nan
54,55,2.5918459398151835e-05,0.0,nan
54,56,1.923524397743131e-05,0.0,nan
54,57,4.7318931199273144e-05,0.0,nan
54,58,3.1159776763382196e-05,0.0,nan
54,59,2.4370353366824444e-05,0.0,nan
54,60,8.043339333586896e-06,0.0,nan
54,61,2.484862577026361e-05,0.0,nan
54,62,5.0887931184277346e-05,0.0,nan
54,63,2.8687041711847963e-05,0.0,nan
54,64,6.830900219058465e-05,0.0,nan
54,65,9.476003669798452e-06,0.0,nan
54,66,3.413860021749171e-05,0.0,nan
54,67,5.898993212223714e-05,0.0,nan
54,68,2.8136551176735e-05,0.0,nan
54,69,1.2848975733810426e-05,0.0,nan
54,70,4.972573898543677e-06,0.0,nan
54,71,2.2195252076829557e-05,0.0,nan
54,72,1.8985282368836492e-05,0.0,nan
54,73,1.7122910579981435e-05,0.0,nan
54,74,1.4100470283439616e-05,0.0,nan
54,75,2.046601472164826e-05,0.0,nan
54,76,3.133875867574216e-05,0.0,nan
54,77,1.2101123070749777e-05,0.0,nan
54,78,8.744558677788323e-06,0.0,nan
54,79,7.229056448807026e-06,0.0,nan
54,80,3.0742193724327404e-05,0.0,nan
54,81,1.660995556474724e-05,0.0,nan
54,82,2.5722610562408766e-05,0.0,nan
54,83,1.4677733111780133e-05,0.0,nan
54,84,4.273602208282529e-05,0.0,nan
54,85,2.1341849252401826e-05,0.0,nan
54,86,1.478336646148476e-05,0.0,nan
54,87,3.838824246428495e-05,0.0,nan
54,88,3.730142046464806e-05,0.0,nan
54,89,3.349232828451018e-05,0.0,nan
54,90,7.536937430574794e-05,0.0,nan
54,91,3.3280192650945225e-05,0.0,nan
54,92,2.854169565773485e-05,0.0,nan
54,93,1.0519196846147e-05,0.0,nan
54,94,1.4605028495708226e-05,0.0,nan
54,95,2.3538594798376558e-05,0.0,nan
54,96,3.023884971661187e-05,0.0,nan
54,97,4.2609454831854564e-05,0.0,nan
54,98,6.365097287685816e-05,0.0,nan
54,99,1.751328038605551e-05,0.0,nan
55,0,4.392581725853007e-05,0.0,nan
55,1,1.949517317967186e-05,0.0,nan
55,2,2.315254978691731e-05,0.0,nan
55,3,2.548597900995732e-05,0.0,nan
55,4,1.4463592024936595e-05,0.0,nan
55,5,2.603070316213858e-05,0.0,nan
55,6,5.78331540473489e-05,0.0,nan
55,7,2.315835272460944e-05,0.0,nan
55,8,2.225978774270426e-05,0.0,nan
55,9,3.7486399940138156e-05,0.0,nan
55,10,1.7832916168568762e-05,0.0,nan
55,11,0.12887475571253182,1.0,nan
55,12,2.5098309692486698e-05,0.0,nan
55,13,2.582714543753059e-05,0.0,nan
55,14,7.461435873766329e-05,0.0,nan
55,15,1.1378967246713722e-05,0.0,nan
55,16,2.408418599474123e-05,0.0,nan
55,17,1.4198314217718407e-05,0.0,nan
55,18,9.595869289322483e-06,0.0,nan
55,19,2.4436239776562007e-05,0.0,nan
55,20,5.3970350907647815e-05,0.0,nan
55,21,0.05267489219671361,0.9375,nan
55,22,3.662548769953436e-05,0.0,nan
55,23,1.2823814233651681e-05,0.0,nan
55,24,2.1455268002646046e-05,0.0,nan
55,25,2.6921427563663093e-05,0.0,nan
55,26,1.1849836580633233e-05,0.0,nan
55,27,0.1085472224290084,1.0,nan
55,28,3.107221317242268e-05,0.0,nan
55,29,1.2801525747281585e-05,0.0,nan
55,30,3.904779608759498e-06,0.0,nan
55,31,1.4553714199588907e-05,0.0,nan
55,32,2.2947129916259627e-05,0.0,nan
55,33,4.669245114164132e-05,0.0,nan
55,34,3.180517822716677e-05,0.0,nan
55,35,2.546150729841144e-05,0.0,nan
55,36,3.352067133128541e-05,0.0,nan
55,37,1.0765807413946824e-05,0.0,nan
55,38,3.444723115161944e-05,0.0,nan
55,39,3.343352574860857e-05,0.0,nan
55,40,9.25894518692694e-06,0.0,nan
55,41,4.043608685000674e-05,0.0,nan
55,42,2.0250319955040273e-05,0.0,nan
55,43,3.103853054624857e-05,0.0,nan
55,44,1.3931217872824114e-05,0.0,nan
55,45,2.2706133786565128e-05,0.0,nan
55,46,1.782882442505097e-05,0.0,nan
55,47,1.644902192984345e-05,0.0,nan
55,48,3.061007757353411e-05,0.0,nan
55,49,1.834035533383609e-05,0.0,nan
55,50,1.7762046457598148e-05,0.0,nan
55,51,2.9379121771390366e-05,0.0,nan
55,52,1.4046959106185232e-05,0.0,nan
55,53,1.340106764163882e-05,0.0,nan
55,54,5.459361610011931e-05,0.0,nan
55,55,1.8874516152333896e-05,0.0,nan
55,56,8.850866667533053e-06,0.0,nan
55,57,1.2505816045226621e-05,0.0,nan
55,58,2.272407264100172e-05,0.0,nan
55,59,5.106823252685591e-05,0.0,nan
55,60,1.0171272981231024e-05,0.0,nan
55,61,2.9323333006374683e-05,0.0,nan
55,62,8.204518486466932e-06,0.0,nan
55,63,5.652035192470037e-05,0.0,nan
55,64,3.6095959572606066e-05,0.0,nan
55,65,2.9848565987906637e-05,0.0,nan
55,66,3.28921399480269e-05,0.0,nan
55,67,4.7321730843603806e-05,0.0,nan
55,68,1.3046974128213398e-05,0.0,nan
55,69,1.3211491509490986e-05,0.0,nan
55,70,3.0061720890620557e-05,0.0,nan
55,71,2.4614931546917568e-05,0.0,nan
55,72,1.3847438897110497e-05,0.0,nan
55,73,2.8673323835882e-05,0.0,nan
55,74,9.992088464411908e-06,0.0,nan
55,75,4.032813291391266e-05,0.0,nan
55,76,2.7187739118266163e-05,0.0,nan
55,77,3.093886043560172e-05,0.0,nan
55,78,3.180401596836105e-05,0.0,nan
55,79,2.0461921189614592e-05,0.0,nan
55,80,1.9221551692986533e-05,0.0,nan
55,81,2.8068284929842645e-05,0.0,nan
55,82,3.5864711864680464e-05,0.0,nan
55,83,4.916643392785199e-05,0.0,nan
55,84,2.012311397920428e-05,0.0,nan
55,85,9.824477635657625e-06,0.0,nan
55,86,7.667685353046813e-05,0.0,nan
55,87,6.312237185946486e-05,0.0,nan
55,88,4.882131373181746e-05,0.0,nan
55,89,5.2491658792395916e-05,0.0,nan
55,90,4.2890495870376205e-05,0.0,nan
55,91,2.4433634627183454e-05,0.0,nan
55,92,1.8544314293174352e-05,0.0,nan
55,93,2.0552418241653102e-05,0.0,nan
55,94,1.5558794427290555e-05,0.0,nan
55,95,1.1075235942573659e-05,0.0,nan
55,96,2.5864714539808793e-05,0.0,nan
55,97,2.8208087541321697e-05,0.0,nan
55,98,5.80593949839549e-05,0.0,nan
55,99,1.8407560293507962e-05,0.0,nan
56,0,2.092996654802358e-05,0.0,nan
56,1,2.343690996242447e-05,0.0,nan
56,2,1.8674185408113265e-05,0.0,nan
56,3,1.3220351566890802e-05,0.0,nan
56,4,1.6665703578553027e-05,0.0,nan
56,5,1.913479618768166e-05,0.0,nan
56,6,1.3195665911640345e-05,0.0,nan
56,7,1.7667114296670776e-05,0.0,nan
56,8,2.1316843130989908e-05,0.0,nan
56,9,9.16418825638599e-06,0.0,nan
56,10,2.5001508425039384e-05,0.0,nan
56,11,0.12140982098642211,1.0,nan
56,12,2.0597638502107956e-05,0.0,nan
56,13,9.746897417291855e-06,0.0,nan
56,14,4.548420752068297e-06,0.0,nan
56,15,2.0123062636639714e-05,0.0,nan
56,16,1.1012746875479993e-05,0.0,nan
56,17,1.2833728838187777e-05,0.0,nan
56,18,2.2511845823519062e-05,0.0,nan
56,19,1.9434442384986462e-05,0.0,nan
56,20,7.4862429668066835e-06,0.0,nan
56,21,0.07337144880419648,1.0,nan
56,22,2.1360262824308458e-05,0.0,nan
56,23,3.1094405755795e-05,0.0,nan
56,24,9.361417117891482e-06,0.0,nan
56,25,4.3880158648510656e-05,0.0,nan
56,26,1.4079736796561193e-05,0.0,nan
56,27,0.1967421269795977,1.0,nan
56,28,1.6780443686317574e-05,0.0,nan
56,29,1.4169018684103018e-05,0.0,nan
56,30,1.2789459155232873e-05,0.0,nan
56,31,7.243102697081446e-06,0.0,nan
56,32,4.439533825951138e-05,0.0,nan
56,33,2.383976124430834e-05,0.0,nan
56,34,1.4931828582586793e-05,0.0,nan
56,35,5.269319167513918e-05,0.0,nan
56,36,3.1421023949757904e-05,0.0,nan
56,37,2.48740778979854e-05,0.0,nan
56,38,8.078152410566551e-06,0.0,nan
56,39,7.28316878736335e-05,0.0,nan
56,40,4.098878088171592e-06,0.0,nan
56,41,2.890091545603421e-06,0.0,nan
56,42,6.843154211211806e-05,0.0,nan
56,43,3.505544612367235e-05,0.0,nan
56,44,8.179660410193297e-06,0.0,nan
56,45,1.9129981253616856e-05,0.0,nan
56,46,1.2181923227660947e-05,0.0,nan
56,47,1.4633679374523374e-05,0.0,nan
56,48,1.81213569674065e-05,0.0,nan
56,49,1.1499119326163157e-05,0.0,nan
56,50,1.0188995399907175e-05,0.0,nan
56,51,3.402702577719931e-05,0.0,nan
56,52,4.702362061418595e-05,0.0,nan
56,53,2.4760320094449607e-05,0.0,nan
56,54,6.391231875627642e-06,0.0,nan
56,55,3.744415412763899e-05,0.0,nan
56,56,1.043573612545455e-05,0.0,nan
56,57,1.2155441877675636e-05,0.0,nan
56,58,1.09528924953836e-05,0.0,nan
56,59,3.332479153668334e-05,0.0,nan
56,60,2.9990197841243966e-05,0.0,nan
56,61,2.2486926030061844e-05,0.0,nan
56,62,2.3658787173215923e-05,0.0,nan
56,63,2.387625017732545e-05,0.0,nan
56,64,1.2445116158517255e-05,0.0,nan
56,65,3.205951477302943e-05,0.0,nan
56,66,1.905739311771166e-05,0.0,nan
56,67,1.1877600429921974e-05,0.0,nan
56,68,7.003802944111054e-05,0.0,nan
56,69,9.00060609096964e-06,0.0,nan
56,70,1.03349305066585e-05,0.0,nan
56,71,2.281795336460616e-05,0.0,nan
56,72,4.002745785464067e-05,0.0,nan
56,73,2.079730690240667e-05,0.0,nan
56,74,4.111600705355975e-05,0.0,nan
56,75,2.113074608064932e-05,0.0,nan
56,76,8.24228001239008e-06,0.0,nan
56,77,1.1094044534804402e-05,0.0,nan
56,78,1.2430925690600895e-05,0.0,nan
56,79,4.331793118830125e-06,0.0,nan
56,80,3.574740699693395e-06,0.0,nan
56,81,6.085837768492616e-05,0.0,nan
56,82,3.4031166696426424e-05,0.0,nan
56,83,1.1230655002162503e-05,0.0,nan
56,84,4.292246281532054e-05,0.0,nan
56,85,3.611165089500063e-05,0.0,nan
56,86,1.4213769641087238e-05,0.0,nan
56,87,1.0654126105570549e-05,0.0,nan
56,88,2.3930740717784963e-05,0.0,nan
56,89,1.4291455299198197e-05,0.0,nan
56,90,3.422595083085152e-05,0.0,nan
56,91,8.691727246874048e-05,0.0,nan
56,92,1.5472192443002174e-05,0.0,nan
56,93,1.276491454242951e-05,0.0,nan
56,94,8.42290019167355e-06,0.0,nan
56,95,2.978064131904523e-05,0.0,nan
56,96,1.7395824880383215e-05,0.0,nan
56,97,1.893835703842907e-05,0.0,nan
56,98,6.160051240515657e-06,0.0,nan
56,99,9.337405480679285e-06,0.0,nan
57,0,9.502764911534046e-07,0.0,nan
57,1,1.7154649771895044e-05,0.0,nan
57,2,8.406436706668051e-06,0.0,nan
57,3,5.3411371921883655e-06,0.0,nan
57,4,1.1247152362492729e-05,0.0,nan
57,5,1.368041303659947e-05,0.0,nan
57,6,1.2882983886047812e-05,0.0,nan
57,7,7.232606308392621e-06,0.0,nan
57,8,1.8235860542268036e-05,0.0,nan
57,9,3.6106147056953376e-05,0.0,nan
57,10,1.0163145248720951e-05,0.0,nan
57,11,0.10006849194314357,1.0,nan
57,12,5.5860913475108615e-06,0.0,nan
57,13,1.370274437121383e-05,0.0,nan
57,14,2.4761153203029854e-05,0.0,nan
57,15,1.7682812760489808e-05,0.0,nan
57,16,1.1652524211420582e-05,0.0,nan
57,17,8.243564882234593e-06,0.0,nan
57,18,2.3177197049701804e-05,0.0,nan
57,19,1.2163672709942972e-05,0.0,nan
57,20,1.7781466734692898e-05,0.0,nan
57,21,0.08604471105809634,1.0,nan
57,22,1.0421131348458942e-05,0.0,nan
57,23,2.352274656660393e-05,0.0,nan
57,24,2.0928081540941215e-05,0.0,nan
57,25,2.0746184283094302e-05,0.0,nan
57,26,1.4661443859845748e-05,0.0,nan
57,27,0.15429162041545244,1.0,nan
57,28,1.9027932800380282e-05,0.0,nan
57,29,4.498807949450683e-06,0.0,nan
57,30,3.366125751366932e-05,0.0,nan
57,31,2.0931933075177947e-05,0.0,nan
57,32,9.338573095662693e-06,0.0,nan
57,33,1.5844178924895116e-05,0.0,nan
57,34,7.234449816720899e-05,0.0,nan
57,35,1.4136795669930604e-05,0.0,nan
57,36,8.419189240175778e-06,0.0,nan
57,37,9.814848756202956e-06,0.0,nan
57,38,3.642732623767721e-05,0.0,nan
57,39,1.1525657807833116e-05,0.0,nan
57,40,1.9833822350363893e-05,0.0,nan
57,41,2.1440578834832186e-05,0.0,nan
57,42,2.729720978142823e-05,0.0,nan
57,43,2.575279148756383e-05,0.0,nan
57,44,2.5829712529890172e-05,0.0,nan
57,45,9.267673987696704e-06,0.0,nan
57,46,3.170787592182604e-05,0.0,nan
57,47,1.9635178117480134e-05,0.0,nan
57,48,3.0332090733539565e-05,0.0,nan
57,49,1.9091568178382514e-05,0.0,nan
57,50,2.5336265877494208e-05,0.0,nan
57,51,1.5763757081927448e-05,0.0,nan
57,52,6.534672566549635e-06,0.0,nan
57,53,2.424655782958811e-05,0.0,nan
57,54,8.378321298995905e-05,0.0,nan
57,55,1.2857437497159442e-05,0.0,nan
57,56,1.2159776789992694e-05,0.0,nan
57,57,3.1244578124055384e-05,0.0,nan
57,58,2.2743130966539e-05,0.0,nan
57,59,1.6419197689560725e-05,0.0,nan
57,60,1.4818184214746304e-05,0.0,nan
57,61,3.021976140947941e-06,0.0,nan
57,62,2.350968792403656e-05,0.0,nan
57,63,1.1315617545378901e-05,0.0,nan
57,64,2.225960235410948e-05,0.0,nan
57,65,2.892767296602724e-05,0.0,nan
57,66,1.3437721807881628e-05,0.0,nan
57,67,1.072245758182746e-05,0.0,nan
57,68,9.363791922669265e-06,0.0,nan
57,69,9.356033148897586e-06,0.0,nan
57,70,2.5235351095094602e-05,0.0,nan
57,71,2.0154035310959584e-05,0.0,nan
57,72,1.4675398729219009e-05,0.0,nan
57,73,2.519821564195963e-06,0.0,nan
57,74,4.979441793209225e-06,0.0,nan
57,75,1.041350625860806e-05,0.0,nan
57,76,1.554631177657168e-05,0.0,nan
57,77,3.4943782265326714e-05,0.0,nan
57,78,2.6184210304755343e-05,0.0,nan
57,79,2.557921481962223e-05,0.0,nan
57,80,4.8483219412133444e-05,0.0,nan
57,81,1.9367848394868212e-05,0.0,nan
57,82,1.6336675794662005e-05,0.0,nan
57,83,2.5225187932543324e-05,0.0,nan
57,84,3.538462476148706e-06,0.0,nan
57,85,1.5847131489320333e-05,0.0,nan
57,86,3.4846735745761426e-05,0.0,nan
57,87,1.5256274103222492e-05,0.0,nan
57,88,1.1969580478330281e-05,0.0,nan
57,89,2.1515635146208348e-06,0.0,nan
57,90,2.4095064511622802e-05,0.0,nan
57,91,4.6962825288704484e-05,0.0,nan
57,92,1.035697630377968e-05,0.0,nan
57,93,1.7570747341652047e-05,0.0,nan
57,94,2.136344849280159e-05,0.0,nan
57,95,1.7948175966960816e-05,0.0,nan
57,96,1.6130062850395373e-05,0.0,nan
57,97,1.636728747753894e-05,0.0,nan
57,98,2.2265867103095378e-05,0.0,nan
57,99,4.459768790216109e-05,0.0,nan
58,0,2.6896910126901443e-05,0.0,nan
58,1,1.3953068268691022e-05,0.0,nan
58,2,4.0632258410306486e-05,0.0,nan
58,3,3.771736685476508e-05,0.0,nan
58,4,1.346004534077529e-05,0.0,nan
58,5,3.216818884714764e-05,0.0,nan
58,6,1.984424931247498e-05,0.0,nan
58,7,3.63966699602443e-05,0.0,nan
58,8,1.6501482142523345e-05,0.0,nan
58,9,1.542108270722149e-05,0.0,nan
58,10,4.017146187641965e-05,0.0,nan
58,11,0.21368100248886585,1.0,nan
58,12,1.3116040057147184e-05,0.0,nan
58,13,2.766277662199705e-05,0.0,nan
58,14,2.2125699221725326e-05,0.0,nan
58,15,1.5914398498940074e-05,0.0,nan
58,16,5.9397685301988484e-05,0.0,nan
58,17,2.0956521737436004e-05,0.0,nan
58,18,3.560074429662976e-05,0.0,nan
58,19,4.5810910613477455e-05,0.0,nan
58,20,4.848468289261283e-05,0.0,nan
58,21,0.05136058871272416,1.0,nan
58,22,1.2514343448885826e-05,0.0,nan
58,23,2.4835467494312286e-05,0.0,nan
58,24,3.201293594620444e-05,0.0,nan
58,25,5.314070844249628e-05,0.0,nan
58,26,3.1962509833270047e-05,0.0,nan
58,27,0.09345887773898948,1.0,nan
58,28,9.627358316764521e-05,0.0,nan
58,29,2.6737268696316422e-05,0.0,nan
58,30,3.6122169063612506e-05,0.0,nan
58,31,4.391243127103861e-05,0.0,nan
58,32,3.990529347108591e-05,0.0,nan
58,33,0.00011198068235920348,0.0,nan
58,34,3.0557451112366685e-05,0.0,nan
58,35,2.651458122000212e-05,0.0,nan
58,36,7.110843088353142e-05,0.0,nan
58,37,4.8322959353828226e-05,0.0,nan
58,38,0.00010414526154384631,0.0,nan
58,39,3.7312122088233496e-05,0.0,nan
58,40,3.507438362450484e-05,0.0,nan
58,41,2.9979237962264635e-05,0.0,nan
58,42,1.460722065646723e-05,0.0,nan
58,43,4.075221140113696e-05,0.0,nan
58,44,2.4652928080393942e-05,0.0,nan
58,45,1.695823003415181e-05,0.0,nan
58,46,2.193408207190301e-05,0.0,nan
58,47,2.294578392513365e-05,0.0,nan
58,48,3.203294978925135e-05,0.0,nan
58,49,3.3633525172512745e-05,0.0,nan
58,50,6.484306066228218e-05,0.0,nan
58,51,1.3202734455247295e-05,0.0,nan
58,52,1.7034738322814267e-05,0.0,nan
58,53,1.858141298913208e-05,0.0,nan
58,54,1.5327330188918143e-05,0.0,nan
58,55,5.0487083069126826e-05,0.0,nan
58,56,8.280042875749397e-05,0.0,nan
58,57,1.8538275656323394e-05,0.0,nan
58,58,3.416847018050253e-05,0.0,nan
58,59,1.9916426800137418e-05,0.0,nan
58,60,1.3366118900410353e-05,0.0,nan
58,61,1.3941519065634561e-05,0.0,nan
58,62,1.1627723432841436e-05,0.0,nan
58,63,2.108672502523271e-05,0.0,nan
58,64,3.0409947742666572e-05,0.0,nan
58,65,6.3207181722421444e-06,0.0,nan
58,66,8.310227201934606e-05,0.0,nan
58,67,9.656656365614053e-05,0.0,nan
58,68,2.0470851458292123e-05,0.0,nan
58,69,3.4650584130924296e-05,0.0,nan
58,70,2.129527649314854e-05,0.0,nan
58,71,4.1121497886421166e-05,0.0,nan
58,72,2.3796839873742944e-05,0.0,nan
58,73,5.440868758415557e-05,0.0,nan
58,74,2.2601713602702383e-05,0.0,nan
58,75,1.293643763285937e-05,0.0,nan
58,76,6.577061003407628e-05,0.0,nan
58,77,2.287927011881971e-05,0.0,nan
58,78,3.791398501673215e-05,0.0,nan
58,79,3.629179344075945e-05,0.0,nan
58,80,2.0813030855750225e-05,0.0,nan
58,81,4.416134773640433e-05,0.0,nan
58,82,7.052493378994887e-06,0.0,nan
58,83,4.3900581731087546e-05,0.0,nan
58,84,2.5970150848265733e-05,0.0,nan
58,85,6.857431637527083e-05,0.0,nan
58,86,3.2924114224373536e-05,0.0,nan
58,87,3.2127078089665945e-05,0.0,nan
58,88,4.206480538171693e-05,0.0,nan
58,89,3.462408659495362e-05,0.0,nan
58,90,3.9917301423899205e-05,0.0,nan
58,91,1.8183299205776222e-05,0.0,nan
58,92,1.6503723217216817e-05,0.0,nan
58,93,5.266361502837733e-05,0.0,nan
58,94,2.859242380371767e-05,0.0,nan
58,95,1.7462755723813867e-05,0.0,nan
58,96,1.948350688653559e-05,0.0,nan
58,97,2.2845401308468247e-05,0.0,nan
58,98,7.420085913174878e-05,0.0,nan
58,99,6.372124012531946e-05,0.0,nan
59,0,3.953669252840047e-05,0.0,nan
59,1,2.489626277554156e-05,0.0,nan
59,2,1.0023056227096245e-05,0.0,nan
59,3,3.7492459065064865e-05,0.0,nan
59,4,3.093329122646741e-05,0.0,nan
59,5,1.6118634115830503e-05,0.0,nan
59,6,2.261702172517491e-05,0.0,nan
59,7,2.380175928008706e-05,0.0,nan
59,8,1.3787991484423428e-05,0.0,nan
59,9,2.8993433888831322e-05,0.0,nan
59,10,1.0157764209238284e-05,0.0,nan
59,11,0.0723091953902386,1.0,nan
59,12,2.4965203754569927e-05,0.0,nan
59,13,4.7873482823388306e-05,0.0,nan
59,14,5.017408440705126e-05,0.0,nan
59,15,8.430450059802887e-06,0.0,nan
59,16,3.568401870935642e-05,0.0,nan
59,17,2.482071627721346e-05,0.0,nan
59,18,2.1678787284007217e-05,0.0,nan
59,19,3.3831219955669864e-05,0.0,nan
59,20,8.400520212052041e-05,0.0,nan
59,21,0.09042403946315683,1.0,nan
59,22,3.57622005038307e-05,0.0,nan
59,23,1.1717741780300873e-05,0.0,nan
59,24,2.8225607257657863e-05,0.0,nan
59,25,1.6803377128317556e-05,0.0,nan
59,26,2.2477426737119283e-05,0.0,nan
59,27,0.1640010700405731,1.0,nan
59,28,8.867017825067169e-06,0.0,nan
59,29,8.148596506014973e-06,0.0,nan
59,30,1.597933135033691e-05,0.0,nan
59,31,2.597105811273694e-05,0.0,nan
59,32,1.7605320314556626e-05,0.0,nan
59,33,2.4614246211811517e-05,0.0,nan
59,34,3.369781542916585e-06,0.0,nan
59,35,3.590110368331101e-05,0.0,nan
59,36,1.1000853352992605e-05,0.0,nan
59,37,5.646142027874861e-05,0.0,nan
59,38,2.7110261845478164e-05,0.0,nan
59,39,2.18305177697855e-05,0.0,nan
59,40,1.767891548499871e-05,0.0,nan
59,41,1.2642895160457077e-05,0.0,nan
59,42,1.4066264283808529e-05,0.0,nan
59,43,2.8743707403520577e-05,0.0,nan
59,44,1.4187851033013478e-05,0.0,nan
59,45,1.3775656849616798e-05,0.0,nan
59,46,9.750151671437164e-06,0.0,nan
59,47,3.2311523568331133e-06,0.0,nan
59,48,2.0836788712260448e-05,0.0,nan
59,49,2.1215217204918215e-05,0.0,nan
59,50,3.7211289976828824e-05,0.0,nan
59,51,3.3248896410533995e-05,0.0,nan
59,52,3.252279561971671e-05,0.0,nan
59,53,2.1385903562988217e-05,0.0,nan
59,54,1.764613123043716e-05,0.0,nan
59,55,1.3261746726960192e-05,0.0,nan
59,56,1.2242943071339875e-05,0.0,nan
59,57,2.7017652880837862e-05,0.0,nan
59,58,1.7315002835110333e-05,0.0,nan
59,59,5.676911209821348e-05,0.0,nan
59,60,1.9606121455190365e-05,0.0,nan
59,61,4.9973560637768226e-06,0.0,nan
59,62,3.535835656149127e-05,0.0,nan
59,63,4.536270155138132e-05,0.0,nan
59,64,1.4391599542964804e-05,0.0,nan
59,65,1.3125489140541128e-05,0.0,nan
59,66,2.4566790071841116e-05,0.0,nan
59,67,1.2528942451726695e-05,0.0,nan
59,68,2.1146010723370434e-05,0.0,nan
59,69,1.637398218019021e-05,0.0,nan
59,70,7.235906111960325e-05,0.0,nan
59,71,8.64482780192996e-06,0.0,nan
59,72,2.3822065647031075e-05,0.0,nan
59,73,4.788477448470244e-05,0.0,nan
59,74,7.952882008765184e-05,0.0,nan
59,75,2.674814808895879e-05,0.0,nan
59,76,3.447625612349075e-05,0.0,nan
59,77,2.1559912402856896e-05,0.0,nan
59,78,1.7392295226467254e-05,0.0,nan
59,79,9.575327123272344e-06,0.0,nan
59,80,5.089956764138293e-05,0.0,nan
59,81,1.7249497319238603e-05,0.0,nan
59,82,3.2071246774203074e-05,0.0,nan
59,83,2.523616019721163e-05,0.0,nan
59,84,4.191490592769402e-05,0.0,nan
59,85,1.5249590636098294e-05,0.0,nan
59,86,2.4750482833042908e-05,0.0,nan
59,87,2.3661897713489214e-05,0.0,nan
59,88,1.7099051567906195e-05,0.0,nan
59,89,3.107475957289964e-05,0.0,nan
59,90,1.651987805865354e-05,0.0,nan
59,91,2.9297935533070917e-05,0.0,nan
59,92,1.4912326155213367e-05,0.0,nan
59,93,6.332049823572322e-06,0.0,nan
59,94,2.9202355877472242e-05,0.0,nan
59,95,3.8825643758684355e-05,0.0,nan
59,96,8.181996051784887e-06,0.0,nan
59,97,1.0771210390317709e-05,0.0,nan
59,98,3.682077542153379e-05,0.0,nan
59,99,1.1244139801772812e-05,0.0,nan
60,0,2.810049399563607e-05,0.0,nan
60,1,3.993708376802547e-05,0.0,nan
60,2,2.9025066153106607e-05,0.0,nan
60,3,1.6741529541918884e-05,0.0,nan
60,4,1.103821649364948e-05,0.0,nan
60,5,8.71848682628581e-06,0.0,nan
60,6,1.1775652409254206e-05,0.0,nan
60,7,1.3864980378249168e-05,0.0,nan
60,8,2.5903679708229004e-05,0.0,nan
60,9,8.847975525029512e-06,0.0,nan
60,10,2.4090652713915423e-05,0.0,nan
60,11,0.16286331842982738,1.0,nan
60,12,2.0625679472623812e-05,0.0,nan
60,13,5.0596321245068254e-05,0.0,nan
60,14,2.5176589492531904e-05,0.0,nan
60,15,9.792369989142058e-05,0.0,nan
60,16,2.0892251028194802e-05,0.0,nan
60,17,2.342203895766078e-05,0.0,nan
60,18,2.293839934217927e-05,0.0,nan
60,19,3.7554215226557916e-05,0.0,nan
60,20,2.0249095471088096e-05,0.0,nan
60,21,0.06751886947018038,1.0,nan
60,22,2.5354211456107756e-05,0.0,nan
60,23,3.080645151961166e-05,0.0,nan
60,24,9.766468140550444e-05,0.0,nan
60,25,9.48084277496212e-05,0.0,nan
60,26,2.298707896971278e-05,0.0,nan
60,27,0.14592663792677857,1.0,nan
60,28,1.1300604496822905e-05,0.0,nan
60,29,5.5607384299496005e-05,0.0,nan
60,30,2.085453022735302e-05,0.0,nan
60,31,2.1901350118818716e-05,0.0,nan
60,32,3.8477569819675634e-05,0.0,nan
60,33,2.8884339271975832e-05,0.0,nan
60,34,7.795208618360968e-06,0.0,nan
60,35,8.94371199390919e-06,0.0,nan
60,36,8.022927475193996e-06,0.0,nan
60,37,1.1695153109574195e-05,0.0,nan
60,38,2.682683290907349e-05,0.0,nan
60,39,2.11348974076556e-05,0.0,nan
60,40,2.5869801522665733e-05,0.0,nan
60,41,2.0006044692017873e-05,0.0,nan
60,42,1.9938803776392057e-05,0.0,nan
60,43,2.022273638372926e-05,0.0,nan
60,44,1.9247567087125394e-05,0.0,nan
60,45,1.5568453480170594e-05,0.0,nan
60,46,1.3371329670437524e-05,0.0,nan
60,47,1.5209860886222884e-05,0.0,nan
60,48,2.0643164878772096e-05,0.0,nan
60,49,1.5764357830618235e-05,0.0,nan
60,50,1.1582450826602583e-05,0.0,nan
60,51,7.996976731298859e-06,0.0,nan
60,52,3.4118170477028186e-05,0.0,nan
60,53,2.226746650604741e-05,0.0,nan
60,54,1.6905068228956164e-05,0.0,nan
60,55,1.4382296601776114e-05,0.0,nan
60,56,6.763641052227131e-06,0.0,nan
60,57,2.4618303329993346e-05,0.0,nan
60,58,3.563304803460811e-05,0.0,nan
60,59,1.7251756209574e-05,0.0,nan
60,60,3.48778403459126e-05,0.0,nan
60,61,2.6304682472715173e-05,0.0,nan
60,62,1.9752118661834248e-05,0.0,nan
60,63,1.614439358587979e-05,0.0,nan
60,64,1.739649926112367e-05,0.0,nan
60,65,7.204974345485735e-06,0.0,nan
60,66,1.1435623360959783e-05,0.0,nan
60,67,1.9185276305663947e-05,0.0,nan
60,68,5.44314701250451e-05,0.0,nan
60,69,2.2782983657604988e-05,0.0,nan
60,70,1.6066178789851588e-05,0.0,nan
60,71,1.6345076925002738e-05,0.0,nan
60,72,1.4362182600296187e-05,0.0,nan
60,73,5.6701162480589094e-05,0.0,nan
60,74,3.6876230151246725e-05,0.0,nan
60,75,2.5317053815092263e-05,0.0,nan
60,76,2.3301441300343157e-05,0.0,nan
60,77,9.87915050356546e-06,0.0,nan
60,78,1.4551872911313226e-05,0.0,nan
60,79,3.0186907100202337e-05,0.0,nan
60,80,4.679484855116152e-05,0.0,nan
60,81,2.3706080299606465e-05,0.0,nan
60,82,2.263537925405511e-05,0.0,nan
60,83,4.2966029399709916e-05,0.0,nan
60,84,1.2712569950217763e-05,0.0,nan
60,85,1.8364541882497524e-05,0.0,nan
60,86,9.69195481657276e-06,0.0,nan
60,87,2.2095823908744565e-05,0.0,nan
60,88,1.054656480272323e-05,0.0,nan
60,89,8.193250327678998e-06,0.0,nan
60,90,2.733694890569829e-05,0.0,nan
60,91,1.5620485526288265e-05,0.0,nan
60,92,1.7411817899695996e-05,0.0,nan
60,93,2.7005643738203402e-05,0.0,nan
60,94,1.6730238163705253e-05,0.0,nan
60,95,3.9301784648550434e-05,0.0,nan
60,96,1.9576657809772135e-05,0.0,nan
60,97,1.0687060505978882e-05,0.0,nan
60,98,1.3420676505392988e-05,0.0,nan
60,99,3.612426325296136e-05,0.0,nan
61,0,2.299029044928012e-05,0.0,nan
61,1,4.379974920970078e-06,0.0,nan
61,2,2.8824685426746435e-05,0.0,nan
61,3,1.498186184033149e-05,0.0,nan
61,4,9.320626906174665e-05,0.0,nan
61,5,1.9705997408713193e-05,0.0,nan
61,6,2.000114912252902e-05,0.0,nan
61,7,1.8763285658595865e-05,0.0,nan
61,8,1.118647578294327e-05,0.0,nan
61,9,1.3234769780382069e-05,0.0,nan
61,10,6.946060976974686e-06,0.0,nan
61,11,0.10414886573566406,1.0,nan
61,12,1.6824757007266974e-05,0.0,nan
61,13,8.368191788592382e-05,0.0,nan
61,14,1.5737150229912568e-05,0.0,nan
61,15,1.577105012032947e-05,0.0,nan
61,16,1.5460681564496855e-05,0.0,nan
61,17,2.2601703727658194e-05,0.0,nan
61,18,1.1536391295134401e-05,0.0,nan
61,19,2.5761036460837705e-05,0.0,nan
61,20,5.37066678449112e-05,0.0,nan
61,21,0.1088925296707488,1.0,nan
61,22,7.13202156983767e-06,0.0,nan
61,23,2.777633829879048e-05,0.0,nan
61,24,1.6402904719408788e-05,0.0,nan
61,25,1.5617931143549482e-05,0.0,nan
61,26,1.3344093791187456e-05,0.0,nan
61,27,0.11300540869459388,1.0,nan
61,28,1.4144479065011445e-05,0.0,nan
61,29,4.48779723088004e-05,0.0,nan
61,30,2.5745874489699524e-05,0.0,nan
61,31,2.8498108454158093e-05,0.0,nan
61,32,3.220523601062602e-05,0.0,nan
61,33,8.96637378546472e-06,0.0,nan
61,34,1.286059535788087e-05,0.0,nan
61,35,1.1172672234142223e-05,0.0,nan
61,36,1.3183494185751236e-05,0.0,nan
61,37,1.938321280860252e-05,0.0,nan
61,38,5.432113446740551e-05,0.0,nan
61,39,8.837143404489393e-06,0.0,nan
61,40,3.716792716736388e-05,0.0,nan
61,41,2.2596795637162523e-05,0.0,nan
61,42,1.2429337543495498e-05,0.0,nan
61,43,1.0910031000646253e-05,0.0,nan
61,44,5.99493890695545e-06,0.0,nan
61,45,7.031147083020025e-06,0.0,nan
61,46,1.6853378052172463e-05,0.0,nan
61,47,4.604216479100721e-05,0.0,nan
61,48,9.25387352582617e-06,0.0,nan
61,49,9.21800493245912e-06,0.0,nan
61,50,1.652244653277071e-05,0.0,nan
61,51,1.946494303048596e-05,0.0,nan
61,52,2.973341638434286e-05,0.0,nan
61,53,5.3783012048142116e-05,0.0,nan
61,54,3.77410190159351e-05,0.0,nan
61,55,1.9252719463205288e-05,0.0,nan
61,56,2.5067791519107807e-05,0.0,nan
61,57,1.7133648714151394e-05,0.0,nan
61,58,2.9789881721118754e-05,0.0,nan
61,59,7.904214209157456e-06,0.0,nan
61,60,1.3126790430764139e-05,0.0,nan
61,61,1.2696648604634641e-05,0.0,nan
61,62,4.988754909681138e-06,0.0,nan
61,63,1.262548515714007e-05,0.0,nan
61,64,4.3130644795869505e-05,0.0,nan
61,65,6.455050746094323e-05,0.0,nan
61,66,1.129823045524649e-05,0.0,nan
61,67,5.258804079126307e-05,0.0,nan
61,68,3.647441852001606e-05,0.0,nan
61,69,1.980859963835521e-05,0.0,nan
61,70,4.2132878908140265e-06,0.0,nan
61,71,2.2218766671816808e-05,0.0,nan
61,72,4.5178120604635714e-05,0.0,nan
61,73,2.8448819568804572e-05,0.0,nan
61,74,1.3758896370476816e-05,0.0,nan
61,75,1.784452642191831e-05,0.0,nan
61,76,2.6005478933148883e-05,0.0,nan
61,77,2.1970911959405654e-05,0.0,nan
61,78,1.3751092702212183e-05,0.0,nan
61,79,3.614665876884652e-05,0.0,nan
61,80,1.7890663097090007e-05,0.0,nan
61,81,1.564358484514035e-05,0.0,nan
61,82,1.1728460760947788e-05,0.0,nan
61,83,1.504372700425414e-05,0.0,nan
61,84,3.3672438881841275e-05,0.0,nan
61,85,2.1982377590030342e-05,0.0,nan
61,86,3.091651396705873e-05,0.0,nan
61,87,2.2510929660166313e-05,0.0,nan
61,88,1.2347221086671762e-05,0.0,nan
61,89,2.7819835871069882e-05,0.0,nan
61,90,7.910336689773103e-05,0.0,nan
61,91,1.0613514192965238e-05,0.0,nan
61,92,5.92976024134136e-05,0.0,nan
61,93,5.0540571124135195e-05,0.0,nan
61,94,2.3140192126169566e-05,0.0,nan
61,95,2.5738535705551923e-05,0.0,nan
61,96,2.8017364271994756e-05,0.0,nan
61,97,8.619398846435257e-05,0.0,nan
61,98,4.772384967267499e-05,0.0,nan
61,99,2.5827392696803212e-05,0.0,nan
62,0,1.0140647165554728e-05,0.0,nan
62,1,8.43756389500185e-06,0.0,nan
62,2,3.0315528642470114e-05,0.0,nan
62,3,2.1764985400565477e-05,0.0,nan
62,4,4.2086078427322325e-05,0.0,nan
62,5,3.094147465632119e-05,0.0,nan
62,6,2.7241726320309742e-05,0.0,nan
62,7,4.133488800257719e-05,0.0,nan
62,8,1.7737927992203592e-05,0.0,nan
62,9,1.5350938931401227e-05,0.0,nan
62,10,3.288839831898786e-05,0.0,nan
62,11,0.08004652988367156,1.0,nan
62,12,3.4567173262554284e-05,0.0,nan
62,13,6.928163204311908e-05,0.0,nan
62,14,1.2806816237208685e-05,0.0,nan
62,15,1.7457072261374407e-05,0.0,nan
62,16,2.5283609417391688e-05,0.0,nan
62,17,9.05321801115747e-05,0.0,nan
62,18,1.9529855712713865e-05,0.0,nan
62,19,3.154842148283914e-05,0.0,nan
62,20,6.48192717936584e-05,0.0,nan
62,21,0.06685318348558392,1.0,nan
62,22,6.484855484456972e-05,0.0,nan
62,23,8.548450321997646e-06,0.0,nan
62,24,2.4244899869543755e-05,0.0,nan
62,25,5.1249931294671965e-05,0.0,nan
62,26,3.225352461069145e-05,0.0,nan
62,27,0.20866796855705932,1.0,nan
62,28,8.384294574752953e-06,0.0,nan
62,29,8.230035367173751e-06,0.0,nan
62,30,1.7364109492406107e-05,0.0,nan
62,31,3.4136168324962604e-05,0.0,nan
62,32,5.452838713254772e-05,0.0,nan
62,33,7.295162678538965e-05,0.0,nan
62,34,2.5119676406801983e-05,0.0,nan
62,35,2.4103240595967746e-05,0.0,nan
62,36,3.6276539494943215e-05,0.0,nan
62,37,4.827126113489323e-06,0.0,nan
62,38,2.612994864720047e-05,0.0,nan
62,39,2.9779343168762047e-05,0.0,nan
62,40,2.447476999804316e-05,0.0,nan
62,41,4.4166512934796075e-05,0.0,nan
62,42,3.9429004211796213e-05,0.0,nan
62,43,1.7933191311861487e-05,0.0,nan
62,44,1.1481097285162172e-05,0.0,nan
62,45,3.721561377220272e-05,0.0,nan
62,46,7.662800404901783e-06,0.0,nan
62,47,0.00019906524433941885,0.0,nan
62,48,1.248437154678486e-05,0.0,nan
62,49,4.040245980399307e-05,0.0,nan
62,50,5.8904985037080526e-06,0.0,nan
62,51,4.502185181605789e-05,0.0,nan
62,52,1.7229982646745658e-05,0.0,nan
62,53,8.663065301136495e-05,0.0,nan
62,54,2.398336957856777e-05,0.0,nan
62,55,2.7775493564872265e-05,0.0,nan
62,56,3.1388761376210266e-05,0.0,nan
62,57,1.767824078330884e-05,0.0,nan
62,58,2.7140050747345766e-05,0.0,nan
62,59,0.00010090098687210973,0.0,nan
62,60,4.604089560759033e-05,0.0,nan
62,61,2.0924397990302093e-05,0.0,nan
62,62,2.5779383573191457e-05,0.0,nan
62,63,1.3149702203789325e-05,0.0,nan
62,64,1.972413779213954e-05,0.0,nan
62,65,5.668834051147675e-05,0.0,nan
62,66,2.5444245037348365e-05,0.0,nan
62,67,4.108728379741148e-05,0.0,nan
62,68,3.5303711075896594e-05,0.0,nan
62,69,9.362064996989603e-06,0.0,nan
62,70,3.654436338707262e-05,0.0,nan
62,71,2.719866273826557e-05,0.0,nan
62,72,4.209539713945166e-05,0.0,nan
62,73,0.0001312648247243002,0.0,nan
62,74,2.0263104759736302e-05,0.0,nan
62,75,2.247785181812297e-05,0.0,nan
62,76,4.2384901176494586e-05,0.0,nan
62,77,3.6562468782027643e-06,0.0,nan
62,78,1.9672677265193137e-05,0.0,nan
62,79,2.2837659954022652e-05,0.0,nan
62,80,3.71897688514527e-05,0.0,nan
62,81,1.3420301239472417e-05,0.0,nan
62,82,3.2837877818925484e-05,0.0,nan
62,83,3.609095240222989e-05,0.0,nan
62,84,3.485868859359521e-05,0.0,nan
62,85,0.00010591908222100884,0.0,nan
62,86,8.11948174042758e-05,0.0,nan
62,87,1.666099952031903e-05,0.0,nan
62,88,4.4792738175681646e-05,0.0,nan
62,89,1.5476565610863517e-05,0.0,nan
62,90,1.1211242383228565e-05,0.0,nan
62,91,2.7782819281653545e-05,0.0,nan
62,92,2.8058001598746697e-05,0.0,nan
62,93,2.9621551086194442e-05,0.0,nan
62,94,4.160457219870973e-05,0.0,nan
62,95,1.997480462460283e-05,0.0,nan
62,96,1.6427311608353233e-05,0.0,nan
62,97,3.0740951714049956e-05,0.0,nan
62,98,1.78447689772303e-05,0.0,nan
62,99,2.9349723677484013e-05,0.0,nan
63,0,1.2279972835417558e-05,0.0,nan
63,1,2.4687316630090656e-05,0.0,nan
63,2,1.2988253689845872e-05,0.0,nan
63,3,1.612094801705797e-05,0.0,nan
63,4,2.263031567925733e-05,0.0,nan
63,5,2.2497607937588825e-05,0.0,nan
63,6,1.4331897497189808e-05,0.0,nan
63,7,1.4334835999113277e-05,0.0,nan
63,8,1.3923525796035714e-05,0.0,nan
63,9,5.341153935219423e-06,0.0,nan
63,10,2.0383978528177653e-05,0.0,nan
63,11,0.16066689038124599,1.0,nan
63,12,8.065186294522399e-06,0.0,nan
63,13,3.96676170766788e-05,0.0,nan
63,14,1.627436383902633e-05,0.0,nan
63,15,1.613646465303367e-05,0.0,nan
63,16,2.1558492433553873e-05,0.0,nan
63,17,1.9283046253776432e-05,0.0,nan
63,18,2.391459198284144e-05,0.0,nan
63,19,1.5457924889804945e-05,0.0,nan
63,20,5.679536513467587e-05,0.0,nan
63,21,0.09574249345831352,0.9375,nan
63,22,3.57915152950401e-05,0.0,nan
63,23,2.7195095560963053e-05,0.0,nan
63,24,1.4650499642432127e-05,0.0,nan
63,25,2.0609654470603402e-05,0.0,nan
63,26,3.9253524793148674e-05,0.0,nan
63,27,0.13166195440263037,1.0,nan
63,28,1.7489238210337744e-06,0.0,nan
63,29,1.681682038595479e-05,0.0,nan
63,30,3.0639955839919065e-05,0.0,nan
63,31,1.9790525965783844e-05,0.0,nan
63,32,2.445566557075474e-05,0.0,nan
63,33,3.3832032994829705e-05,0.0,nan
63,34,3.7967297764953534e-05,0.0,nan
63,35,1.4987343205367123e-05,0.0,nan
63,36,1.6847250384809033e-05,0.0,nan
63,37,1.3397263150943363e-05,0.0,nan
63,38,1.0123312834122384e-05,0.0,nan
63,39,6.9013894947959915e-06,0.0,nan
63,40,2.6412839035510876e-05,0.0,nan
63,41,3.0839348959366266e-05,0.0,nan
63,42,1.5036588379655212e-05,0.0,nan
63,43,2.5904407947541594e-05,0.0,nan
63,44,3.679068757642739e-05,0.0,nan
63,45,5.142014434425957e-05,0.0,nan
63,46,1.7903828452661013e-05,0.0,nan
63,47,1.8463140175493096e-05,0.0,nan
63,48,3.624211216130372e-05,0.0,nan
63,49,2.6065596145090414e-05,0.0,nan
63,50,1.6830402710367067e-05,0.0,nan
63,51,1.8296698670995305e-05,0.0,nan
63,52,1.116587681885421e-05,0.0,nan
63,53,6.3824747973430494e-06,0.0,nan
63,54,3.66455997847505e-05,0.0,nan
63,55,3.7395139163085153e-06,0.0,nan
63,56,2.6255030011948766e-05,0.0,nan
63,57,1.640120080112497e-05,0.0,nan
63,58,1.1129507876526538e-05,0.0,nan
63,59,2.3008402219464472e-05,0.0,nan
63,60,1.0273134712206007e-05,0.0,nan
63,61,1.8713001660059357e-05,0.0,nan
63,62,2.239727111374169e-05,0.0,nan
63,63,2.452445286296521e-05,0.0,nan
63,64,1.2435760723096734e-05,0.0,nan
63,65,1.9772818672568742e-05,0.0,nan
63,66,1.9403058816420915e-05,0.0,nan
63,67,2.9177481385124876e-05,0.0,nan
63,68,2.5811771280739614e-05,0.0,nan
63,69,1.2184015398307155e-05,0.0,nan
63,70,8.989959877620969e-06,0.0,nan
63,71,2.9410161779962383e-05,0.0,nan
63,72,3.435574697413449e-05,0.0,nan
63,73,7.304546235952759e-06,0.0,nan
63,74,2.0323339833944075e-05,0.0,nan
63,75,3.7740979626157755e-05,0.0,nan
63,76,7.666281803354838e-05,0.0,nan
63,77,2.968449780976574e-05,0.0,nan
63,78,3.938369145451972e-05,0.0,nan
63,79,5.784940677331386e-06,0.0,nan
63,80,1.689176857749936e-05,0.0,nan
63,81,1.6072361788408735e-05,0.0,nan
63,82,1.4235766413703126e-05,0.0,nan
63,83,2.4299502160252127e-05,0.0,nan
63,84,2.469704507134271e-05,0.0,nan
63,85,5.900129092339087e-05,0.0,nan
63,86,1.1707812562028225e-05,0.0,nan
63,87,1.7827113400637998e-05,0.0,nan
63,88,1.9112960347544336e-05,0.0,nan
63,89,2.3470337060196144e-05,0.0,nan
63,90,9.36541273051425e-06,0.0,nan
63,91,1.3113638216123014e-05,0.0,nan
63,92,2.963508547775637e-05,0.0,nan
63,93,1.7400978431355674e-05,0.0,nan
63,94,3.6614888322124795e-05,0.0,nan
63,95,8.833499312021906e-06,0.0,nan
63,96,3.936947573674441e-05,0.0,nan
63,97,1.2877349210149025e-05,0.0,nan
63,98,1.0501655783878847e-05,0.0,nan
63,99,5.19249865584037e-06,0.0,nan
64,0,1.3822699760536798e-05,0.0,nan
64,1,1.1846331538507083e-05,0.0,nan
64,2,8.129693110981105e-06,0.0,nan
64,3,1.393613512969166e-05,0.0,nan
64,4,3.5833806189251727e-06,0.0,nan
64,5,1.0511192425850329e-05,0.0,nan
64,6,1.197419547297859e-05,0.0,nan
64,7,1.2241691792200822e-05,0.0,nan
64,8,2.652397015289122e-05,0.0,nan
64,9,1.5071388572831133e-05,0.0,nan
64,10,2.3416012039448032e-05,0.0,nan
64,11,0.08333015578090222,1.0,nan
64,12,1.4234758081825693e-05,0.0,nan
64,13,2.024201979484114e-05,0.0,nan
64,14,1.619873108417877e-05,0.0,nan
64,15,5.827533075160305e-06,0.0,nan
64,16,3.1362857418012745e-05,0.0,nan
64,17,1.0189900900866037e-05,0.0,nan
64,18,9.410488918340196e-05,0.0,nan
64,19,2.367541010844229e-05,0.0,nan
64,20,2.3746362610198947e-05,0.0,nan
64,21,0.07443725527414582,1.0,nan
64,22,7.659676819896673e-06,0.0,nan
64,23,1.1521872866321836e-05,0.0,nan
64,24,3.543028571046203e-06,0.0,nan
64,25,2.2390091177491105e-05,0.0,nan
64,26,8.29320579009102e-06,0.0,nan
64,27,0.19001090299564527,1.0,nan
64,28,5.3826622133565265e-06,0.0,nan
64,29,1.1525600163314636e-05,0.0,nan
64,30,8.772358087424018e-06,0.0,nan
64,31,1.2357727554975549e-05,0.0,nan
64,32,7.367446272457275e-06,0.0,nan
64,33,2.0588544523723285e-05,0.0,nan
64,34,7.488660700575659e-06,0.0,nan
64,35,6.057212390813595e-05,0.0,nan
64,36,2.9010556371120448e-05,0.0,nan
64,37,1.1644141694185569e-05,0.0,nan
64,38,2.7107714307492655e-05,0.0,nan
64,39,1.289267955742013e-05,0.0,nan
64,40,1.605400755339261e-05,0.0,nan
64,41,3.208884311185983e-05,0.0,nan
64,42,1.2048643117224867e-05,0.0,nan
64,43,1.6212012147430434e-05,0.0,nan
64,44,1.0643851912982927e-05,0.0,nan
64,45,1.549272696273307e-05,0.0,nan
64,46,2.843013299463583e-05,0.0,nan
64,47,1.6161669621887118e-05,0.0,nan
64,48,1.5074759939471294e-05,0.0,nan
64,49,1.516594964677327e-05,0.0,nan
64,50,2.2527433734740086e-05,0.0,nan
64,51,4.407449370241514e-05,0.0,nan
64,52,1.6471653383885006e-05,0.0,nan
64,53,2.4085139617481446e-05,0.0,nan
64,54,2.6093982376913966e-05,0.0,nan
64,55,7.00681084572037e-05,0.0,nan
64,56,8.2282095996819e-06,0.0,nan
64,57,1.0527475596018246e-05,0.0,nan
64,58,1.632140083710235e-05,0.0,nan
64,59,4.2558217453607057e-05,0.0,nan
64,60,1.620019771648395e-05,0.0,nan
64,61,1.5761220295282132e-05,0.0,nan
64,62,1.1216663338742171e-05,0.0,nan
64,63,5.97200597915018e-06,0.0,nan
64,64,2.7959048277203484e-05,0.0,nan
64,65,4.2815909670263015e-05,0.0,nan
64,66,1.2676741125200943e-05,0.0,nan
64,67,1.7708821288591203e-05,0.0,nan
64,68,1.2448452030362953e-05,0.0,nan
64,69,1.5025877590018192e-05,0.0,nan
64,70,8.316079036345709e-06,0.0,nan
64,71,1.6756680364291978e-05,0.0,nan
64,72,1.4933922697966908e-05,0.0,nan
64,73,1.9974204900830443e-05,0.0,nan
64,74,1.7862225108273055e-05,0.0,nan
64,75,1.5692711832138754e-05,0.0,nan
64,76,1.5165382229505752e-05,0.0,nan
64,77,6.21075522406979e-06,0.0,nan
64,78,1.2120569038644515e-05,0.0,nan
64,79,8.996829625784212e-06,0.0,nan
64,80,1.219849621841794e-05,0.0,nan
64,81,3.302605577100554e-05,0.0,nan
64,82,7.081653487933314e-06,0.0,nan
64,83,1.8068026757798617e-05,0.0,nan
64,84,1.4835791039563555e-05,0.0,nan
64,85,6.250116155457231e-06,0.0,nan
64,86,7.292578870776367e-06,0.0,nan
64,87,1.8958403821876746e-05,0.0,nan
64,88,1.9099305189555872e-05,0.0,nan
64,89,1.0351647884145394e-05,0.0,nan
64,90,1.1795651862639515e-05,0.0,nan
64,91,1.1768581876765204e-05,0.0,nan
64,92,1.1357536771167289e-05,0.0,nan
64,93,1.0901766459714794e-05,0.0,nan
64,94,2.3292633027603087e-05,0.0,nan
64,95,1.7924276356135922e-05,0.0,nan
64,96,1.0435684288546007e-05,0.0,nan
64,97,1.315130697692326e-05,0.0,nan
64,98,1.527411267705075e-05,0.0,nan
64,99,1.8188048368577985e-05,0.0,nan
65,0,3.0191955481011842e-05,0.0,nan
65,1,9.743508576644444e-06,0.0,nan
65,2,1.194778592497652e-05,0.0,nan
65,3,1.7538068821791264e-05,0.0,nan
65,4,2.3912323413785265e-05,0.0,nan
65,5,1.6405480686093485e-05,0.0,nan
65,6,3.348428726761892e-05,0.0,nan
65,7,6.215725425597843e-05,0.0,nan
65,8,3.152904747945384e-05,0.0,nan
65,9,2.6228175374325454e-05,0.0,nan
65,10,1.3566434245656874e-05,0.0,nan
65,11,0.08192340711613053,1.0,nan
65,12,1.6370862833509662e-05,0.0,nan
65,13,3.340464097829947e-05,0.0,nan
65,14,4.9490322278613195e-05,0.0,nan
65,15,2.9684073789987442e-05,0.0,nan
65,16,2.586576727057727e-05,0.0,nan
65,17,8.622414649037892e-06,0.0,nan
65,18,9.495703831750075e-06,0.0,nan
65,19,2.5469576947619145e-05,0.0,nan
65,20,2.530501522500139e-05,0.0,nan
65,21,0.10134300592718834,1.0,nan
65,22,5.39985158176654e-05,0.0,nan
65,23,7.236095343943784e-05,0.0,nan
65,24,2.844716394644882e-05,0.0,nan
65,25,2.0223550710703246e-05,0.0,nan
65,26,0.00014673363598132622,0.0,nan
65,27,0.2659360803363574,1.0,nan
65,28,3.329133845806907e-05,0.0,nan
65,29,2.017288966531935e-05,0.0,nan
65,30,4.806476139956721e-06,0.0,nan
65,31,1.779818269228267e-05,0.0,nan
65,32,1.980753902535314e-05,0.0,nan
65,33,4.255747985281988e-05,0.0,nan
65,34,1.2061510188060307e-05,0.0,nan
65,35,5.27496384984632e-05,0.0,nan
65,36,6.113131489387757e-05,0.0,nan
65,37,1.4011020929766992e-05,0.0,nan
65,38,2.002874082828973e-05,0.0,nan
65,39,1.6253945700005934e-05,0.0,nan
65,40,3.930859300294366e-05,0.0,nan
65,41,2.116087349306974e-05,0.0,nan
65,42,1.5508041323544035e-05,0.0,nan
65,43,1.5102193981972136e-05,0.0,nan
65,44,2.6378452854225362e-05,0.0,nan
65,45,5.139263997784642e-05,0.0,nan
65,46,8.358617812302929e-05,0.0,nan
65,47,2.366326184428821e-05,0.0,nan
65,48,2.9412825069969308e-05,0.0,nan
65,49,2.4815368858215638e-05,0.0,nan
65,50,1.6372603880981355e-05,0.0,nan
65,51,3.191293393625868e-05,0.0,nan
65,52,3.424670344872554e-05,0.0,nan
65,53,4.062714733785313e-05,0.0,nan
65,54,1.884831213925926e-05,0.0,nan
65,55,2.873150215743499e-05,0.0,nan
65,56,4.745578300697932e-05,0.0,nan
65,57,2.604783608705874e-05,0.0,nan
65,58,1.3382631214595971e-05,0.0,nan
65,59,1.6123421314112014e-05,0.0,nan
65,60,6.53359848460479e-06,0.0,nan
65,61,2.540459400709452e-05,0.0,nan
65,62,4.3415387391704114e-05,0.0,nan
65,63,1.2584261200294687e-05,0.0,nan
65,64,4.937831092823115e-05,0.0,nan
65,65,3.868877818396389e-05,0.0,nan
65,66,3.9438265863787824e-05,0.0,nan
65,67,2.8566234872087986e-05,0.0,nan
65,68,3.610811396911861e-05,0.0,nan
65,69,6.485642096375084e-05,0.0,nan
65,70,2.5573724592539907e-05,0.0,nan
65,71,4.576174041609847e-05,0.0,nan
65,72,2.770777617707397e-05,0.0,nan
65,73,1.3121786037475343e-05,0.0,nan
65,74,2.4992249174117714e-05,0.0,nan
65,75,4.0219744661344613e-05,0.0,nan
65,76,1.9339032072403407e-05,0.0,nan
65,77,6.775286917301129e-05,0.0,nan
65,78,2.6930684848223136e-05,0.0,nan
65,79,2.2453769700509075e-05,0.0,nan
65,80,1.2718558735494933e-05,0.0,nan
65,81,2.6750118369217402e-05,0.0,nan
65,82,6.553278194785183e-05,0.0,nan
65,83,1.3435781760222267e-05,0.0,nan
65,84,1.844144709560658e-05,0.0,nan
65,85,1.4375878972556093e-05,0.0,nan
65,86,2.637466596977835e-05,0.0,nan
65,87,1.5324676659985908e-05,0.0,nan
65,88,1.1583907867207075e-05,0.0,nan
65,89,2.285003672318004e-05,0.0,nan
65,90,2.3648038281534817e-05,0.0,nan
65,91,1.8099936320633264e-05,0.0,nan
65,92,1.0446450017339197e-06,0.0,nan
65,93,1.8706299507706905e-05,0.0,nan
65,94,1.135625678462285e-05,0.0,nan
65,95,2.5033273291474767e-05,0.0,nan
65,96,4.1232470243516504e-05,0.0,nan
65,97,1.5538706128198275e-05,0.0,nan
65,98,6.152707244937896e-05,0.0,nan
65,99,2.7434430321082806e-05,0.0,nan
66,0,1.3743270228574186e-05,0.0,nan
66,1,3.2750352822204254e-06,0.0,nan
66,2,8.71634080060316e-07,0.0,nan
66,3,1.1987500617754808e-06,0.0,nan
66,4,2.140002051013407e-05,0.0,nan
66,5,1.476752696749402e-05,0.0,nan
66,6,7.779422008326294e-06,0.0,nan
66,7,2.125708982726477e-05,0.0,nan
66,8,9.934327669342702e-06,0.0,nan
66,9,4.034096227458684e-06,0.0,nan
66,10,2.2046053700609232e-05,0.0,nan
66,11,0.12463484515201886,1.0,nan
66,12,1.838113887940375e-05,0.0,nan
66,13,2.660508595818189e-05,0.0,nan
66,14,9.294274344578511e-06,0.0,nan
66,15,2.2020748619766153e-05,0.0,nan
66,16,3.450044195147781e-05,0.0,nan
66,17,8.664480952312082e-06,0.0,nan
66,18,2.922504150366905e-05,0.0,nan
66,19,3.4125110326110094e-05,0.0,nan
66,20,2.143383129601874e-05,0.0,nan
66,21,0.07859483358049058,1.0,nan
66,22,3.899525633991311e-05,0.0,nan
66,23,2.6852611604941164e-05,0.0,nan
66,24,1.9856704527840148e-05,0.0,nan
66,25,1.0670898935441348e-05,0.0,nan
66,26,1.5619711180929252e-05,0.0,nan
66,27,0.16884476890071465,1.0,nan
66,28,2.6206895986769586e-05,0.0,nan
66,29,2.7616524255044525e-05,0.0,nan
66,30,1.3944134695476253e-05,0.0,nan
66,31,4.241548498669904e-05,0.0,nan
66,32,4.7260965769861684e-05,0.0,nan
66,33,3.153581209975978e-06,0.0,nan
66,34,6.947546184534315e-06,0.0,nan
66,35,2.6706784469660555e-05,0.0,nan
66,36,2.727121043133474e-05,0.0,nan
66,37,4.188962663630515e-06,0.0,nan
66,38,7.785761100820195e-06,0.0,nan
66,39,1.630648052594523e-05,0.0,nan
66,40,1.605382812382273e-05,0.0,nan
66,41,2.8201892312772625e-05,0.0,nan
66,42,1.304315579153432e-05,0.0,nan
66,43,2.760144293733264e-05,0.0,nan
66,44,1.6936331538972252e-05,0.0,nan
66,45,6.712590101617174e-06,0.0,nan
66,46,0.00010827331106392157,0.0,nan
66,47,1.560159235678417e-05,0.0,nan
66,48,1.0598892350468517e-05,0.0,nan
66,49,2.8539128555680572e-05,0.0,nan
66,50,1.894685773076029e-05,0.0,nan
66,51,2.3378985217460317e-05,0.0,nan
66,52,3.2928496293988206e-05,0.0,nan
66,53,1.5885406231055133e-05,0.0,nan
66,54,2.1427846816703368e-05,0.0,nan
66,55,1.8993124718679512e-05,0.0,nan
66,56,1.6014709384117833e-05,0.0,nan
66,57,2.0808763080681103e-05,0.0,nan
66,58,1.3134295039822673e-05,0.0,nan
66,59,3.525815624831166e-05,0.0,nan
66,60,2.9461340304981732e-05,0.0,nan
66,61,1.639804816541673e-05,0.0,nan
66,62,1.604950511564612e-05,0.0,nan
66,63,1.531195015291512e-05,0.0,nan
66,64,1.8492840710345756e-05,0.0,nan
66,65,1.335910663550298e-05,0.0,nan
66,66,2.4655349301946915e-05,0.0,nan
66,67,1.2927390596481254e-05,0.0,nan
66,68,4.140427658731066e-05,0.0,nan
66,69,1.3169775862304191e-05,0.0,nan
66,70,1.1666833228152619e-05,0.0,nan
66,71,8.78308981959594e-06,0.0,nan
66,72,3.167560038952278e-05,0.0,nan
66,73,3.5600792572152885e-05,0.0,nan
66,74,1.6256199169748665e-05,0.0,nan
66,75,1.379454148838945e-05,0.0,nan
66,76,3.382528538300222e-05,0.0,nan
66,77,2.938829787076545e-05,0.0,nan
66,78,3.267271311485629e-05,0.0,nan
66,79,1.198239511571365e-05,0.0,nan
66,80,4.479588513629307e-05,0.0,nan
66,81,1.2972734792589883e-05,0.0,nan
66,82,3.1462022109929974e-05,0.0,nan
66,83,2.8003086093033767e-05,0.0,nan
66,84,1.4146734777116785e-05,0.0,nan
66,85,3.1031455629463556e-05,0.0,nan
66,86,2.3400187738023847e-05,0.0,nan
66,87,1.820132181517018e-05,0.0,nan
66,88,1.9168824182527717e-05,0.0,nan
66,89,4.134904770956186e-05,0.0,nan
66,90,1.7532488805845776e-05,0.0,nan
66,91,0.00018084349640739943,0.0,nan
66,92,1.3701220781971198e-05,0.0,nan
66,93,4.975448676848337e-05,0.0,nan
66,94,1.0153907254502254e-05,0.0,nan
66,95,1.60138441898381e-05,0.0,nan
66,96,1.8254855389087854e-05,0.0,nan
66,97,2.8489215671945287e-05,0.0,nan
66,98,5.579916443024523e-05,0.0,nan
66,99,4.232973951405722e-05,0.0,nan
67,0,2.688041533775868e-05,0.0,nan
67,1,5.179851032234687e-06,0.0,nan
67,2,1.1947738587859942e-05,0.0,nan
67,3,7.98486252456663e-06,0.0,nan
67,4,8.653212233235807e-05,0.0,nan
67,5,2.730751354974697e-05,0.0,nan
67,6,2.2826674286135053e-05,0.0,nan
67,7,1.757664519830127e-05,0.0,nan
67,8,4.130908693428897e-05,0.0,nan
67,9,2.270297211555377e-05,0.0,nan
67,10,4.0670306921171965e-05,0.0,nan
67,11,0.09593888336624343,1.0,nan
67,12,1.880483164363558e-05,0.0,nan
67,13,2.9760215214243812e-05,0.0,nan
67,14,8.141258563112295e-06,0.0,nan
67,15,3.123218666102197e-06,0.0,nan
67,16,4.9695287324874374e-05,0.0,nan
67,17,8.808687464738559e-06,0.0,nan
67,18,3.5311246948402924e-05,0.0,nan
67,19,2.3098677556678706e-05,0.0,nan
67,20,5.444863047634257e-05,0.0,nan
67,21,0.09772476614819445,1.0,nan
67,22,2.0846842614264336e-05,0.0,nan
67,23,3.410696165857077e-06,0.0,nan
67,24,1.1030253086618375e-05,0.0,nan
67,25,1.0480431262800768e-05,0.0,nan
67,26,1.2137612206052359e-05,0.0,nan
67,27,0.3295231001856704,1.0,nan
67,28,4.056134736992919e-05,0.0,nan
67,29,1.9648405203911066e-05,0.0,nan
67,30,9.964435502034366e-06,0.0,nan
67,31,1.0921117405448776e-05,0.0,nan
67,32,3.203001200483638e-05,0.0,nan
67,33,3.278172230555455e-05,0.0,nan
67,34,5.0682924744127465e-05,0.0,nan
67,35,9.92223223531925e-06,0.0,nan
67,36,1.1679225655097087e-05,0.0,nan
67,37,1.2153857633513605e-05,0.0,nan
67,38,7.51789564480538e-05,0.0,nan
67,39,2.5886835227363924e-05,0.0,nan
67,40,1.1314281246436222e-05,0.0,nan
67,41,2.6793126834518107e-05,0.0,nan
67,42,1.0695436148896708e-05,0.0,nan
67,43,1.6862412966018812e-05,0.0,nan
67,44,3.375651877206717e-05,0.0,nan
67,45,4.3224278004279026e-05,0.0,nan
67,46,2.7135360312915e-05,0.0,nan
67,47,4.2517301716666645e-05,0.0,nan
67,48,1.3687557183586517e-05,0.0,nan
67,49,1.0512220162107638e-05,0.0,nan
67,50,3.177174284779702e-05,0.0,nan
67,51,3.9978154716011814e-05,0.0,nan
67,52,2.1942965790438482e-05,0.0,nan
67,53,4.688203178981095e-05,0.0,nan
67,54,7.501885284980428e-05,0.0,nan
67,55,1.7810781469625346e-05,0.0,nan
67,56,1.5485322532038056e-05,0.0,nan
67,57,5.953574225047024e-05,0.0,nan
67,58,3.395032605667333e-05,0.0,nan
67,59,4.959533083902006e-06,0.0,nan
67,60,1.2708611361019856e-05,0.0,nan
67,61,1.9725148771474447e-05,0.0,nan
67,62,1.5118227451995596e-05,0.0,nan
67,63,2.6977782804469344e-05,0.0,nan
67,64,2.847032318295568e-05,0.0,nan
67,65,1.1813110503356449e-05,0.0,nan
67,66,7.800451549110155e-06,0.0,nan
67,67,2.069324150562361e-05,0.0,nan
67,68,2.0993949149323248e-05,0.0,nan
67,69,4.454296989230926e-05,0.0,nan
67,70,4.5785060978548873e-05,0.0,nan
67,71,3.278173124622982e-05,0.0,nan
67,72,4.4718060184602366e-05,0.0,nan
67,73,6.706994831217833e-06,0.0,nan
67,74,1.4892287014754376e-05,0.0,nan
67,75,2.0431318710624293e-05,0.0,nan
67,76,1.4338254369585668e-05,0.0,nan
67,77,1.4238290484525358e-05,0.0,nan
67,78,2.608416997997386e-05,0.0,nan
67,79,2.0579909082237914e-05,0.0,nan
67,80,3.5528038456488065e-05,0.0,nan
67,81,3.671840181761619e-05,0.0,nan
67,82,4.27525396730496e-05,0.0,nan
67,83,1.4438964551456833e-05,0.0,nan
67,84,1.0778686749346068e-05,0.0,nan
67,85,1.5434691855096625e-05,0.0,nan
67,86,3.343117126965999e-05,0.0,nan
67,87,2.4351432367071048e-05,0.0,nan
67,88,1.907605447397863e-05,0.0,nan
67,89,3.926730000500454e-05,0.0,nan
67,90,1.7163132450841983e-05,0.0,nan
67,91,2.0398151982136766e-05,0.0,nan
67,92,5.837317241691963e-06,0.0,nan
67,93,2.281160443160797e-05,0.0,nan
67,94,2.480716657833879e-05,0.0,nan
67,95,1.182804732770506e-05,0.0,nan
67,96,1.870513396822227e-05,0.0,nan
67,97,2.4622671886918358e-05,0.0,nan
67,98,2.331478042189074e-05,0.0,nan
67,99,3.590758625499264e-05,0.0,nan
68,0,2.3444790985146544e-05,0.0,nan
68,1,3.741487560971995e-05,0.0,nan
68,2,2.6495081776948446e-05,0.0,nan
68,3,4.7065860521529985e-06,0.0,nan
68,4,1.8773505726796857e-05,0.0,nan
68,5,3.875336926703192e-06,0.0,nan
68,6,1.7628899006113363e-05,0.0,nan
68,7,1.7555662748583888e-05,0.0,nan
68,8,3.592332216542801e-05,0.0,nan
68,9,1.2232690679874273e-05,0.0,nan
68,10,2.021053065750495e-05,0.0,nan
68,11,0.19111070959084753,1.0,nan
68,12,1.799425428931739e-05,0.0,nan
68,13,2.9336619415482066e-05,0.0,nan
68,14,1.7419556224271544e-05,0.0,nan
68,15,4.144437997398906e-05,0.0,nan
68,16,6.983183264512575e-06,0.0,nan
68,17,1.7919966693264014e-05,0.0,nan
68,18,2.8088603069096295e-05,0.0,nan
68,19,3.794590556577685e-05,0.0,nan
68,20,1.8109771386942632e-05,0.0,nan
68,21,0.07386184993501237,1.0,nan
68,22,3.2289990343306916e-05,0.0,nan
68,23,3.103866594279556e-05,0.0,nan
68,24,1.840933474839687e-05,0.0,nan
68,25,2.3820685297494132e-05,0.0,nan
68,26,1.6498106277824828e-05,0.0,nan
68,27,0.091738438527539,1.0,nan
68,28,2.4541274870039366e-05,0.0,nan
68,29,3.362187356282432e-05,0.0,nan
68,30,9.75622100838633e-06,0.0,nan
68,31,1.9752447384855673e-05,0.0,nan
68,32,4.854326780875364e-05,0.0,nan
68,33,2.1759887652432785e-05,0.0,nan
68,34,1.3754047662040282e-05,0.0,nan
68,35,2.224475779501936e-05,0.0,nan
68,36,1.295597512888703e-05,0.0,nan
68,37,2.4670669878549623e-05,0.0,nan
68,38,1.7027758894924127e-05,0.0,nan
68,39,2.56392306771197e-05,0.0,nan
68,40,9.82864021456101e-06,0.0,nan
68,41,2.122539823095049e-05,0.0,nan
68,42,1.6750563861051618e-05,0.0,nan
68,43,4.051619688426211e-05,0.0,nan
68,44,1.3928659672794857e-05,0.0,nan
68,45,1.7380544750083502e-05,0.0,nan
68,46,4.552325765651476e-05,0.0,nan
68,47,1.0101593834582982e-05,0.0,nan
68,48,2.87729512042497e-05,0.0,nan
68,49,5.9583641123631034e-05,0.0,nan
68,50,3.682026291004521e-05,0.0,nan
68,51,2.392743278492376e-05,0.0,nan
68,52,1.9315572459959313e-05,0.0,nan
68,53,6.97233645870082e-05,0.0,nan
68,54,2.9751339309707217e-05,0.0,nan
68,55,2.709282837476232e-05,0.0,nan
68,56,1.545328606136388e-05,0.0,nan
68,57,2.7702166454230828e-05,0.0,nan
68,58,7.93039014417e-06,0.0,nan
68,59,3.069214384553108e-05,0.0,nan
68,60,5.2656453968165555e-05,0.0,nan
68,61,4.580558571685648e-05,0.0,nan
68,62,2.2037472310809386e-05,0.0,nan
68,63,4.492003418252901e-05,0.0,nan
68,64,1.4550541700166483e-05,0.0,nan
68,65,6.65954763259074e-05,0.0,nan
68,66,0.00015486392218342582,0.0,nan
68,67,1.5070544514236326e-05,0.0,nan
68,68,4.198107108057933e-05,0.0,nan
68,69,1.1713040645819843e-05,0.0,nan
68,70,1.8662145834389478e-05,0.0,nan
68,71,1.7649086498901534e-05,0.0,nan
68,72,1.571421188622627e-05,0.0,nan
68,73,1.3634946056501068e-05,0.0,nan
68,74,2.396152173612016e-05,0.0,nan
68,75,4.0200423208329005e-05,0.0,nan
68,76,7.499558725176417e-05,0.0,nan
68,77,9.504082204286123e-05,0.0,nan
68,78,4.5842026193376765e-05,0.0,nan
68,79,3.740237033977646e-05,0.0,nan
68,80,3.398445248410179e-05,0.0,nan
68,81,2.5863387188276584e-05,0.0,nan
68,82,2.4438960234627047e-05,0.0,nan
68,83,2.406668130978759e-05,0.0,nan
68,84,2.497595306955019e-05,0.0,nan
68,85,2.0478696673653353e-05,0.0,nan
68,86,9.392719446156967e-06,0.0,nan
68,87,3.585051153278848e-05,0.0,nan
68,88,1.714173010890233e-05,0.0,nan
68,89,7.1278788754744194e-06,0.0,nan
68,90,3.247286265375314e-05,0.0,nan
68,91,7.170240696008828e-06,0.0,nan
68,92,1.537958890855442e-05,0.0,nan
68,93,1.7675674501653264e-05,0.0,nan
68,94,1.3760853519113273e-05,0.0,nan
68,95,1.6431315305406397e-05,0.0,nan
68,96,4.814375145838609e-05,0.0,nan
68,97,9.219445755789635e-06,0.0,nan
68,98,2.7072166130324254e-05,0.0,nan
68,99,3.0691767643770444e-05,0.0,nan
69,0,2.3898634749918666e-05,0.0,nan
69,1,2.377592051101501e-05,0.0,nan
69,2,1.2885100161000309e-05,0.0,nan
69,3,1.356376855605863e-05,0.0,nan
69,4,7.365567526167311e-05,0.0,nan
69,5,1.6368094996892293e-05,0.0,nan
69,6,2.850706216219111e-05,0.0,nan
69,7,1.69747827616925e-05,0.0,nan
69,8,3.085732565403689e-05,0.0,nan
69,9,1.331661945528916e-05,0.0,nan
69,10,6.629390155498049e-06,0.0,nan
69,11,0.11022650892434556,1.0,nan
69,12,1.7103630233451366e-05,0.0,nan
69,13,5.320923653616318e-06,0.0,nan
69,14,2.417698055947414e-05,0.0,nan
69,15,1.3321666641222798e-05,0.0,nan
69,16,4.683738659257818e-06,0.0,nan
69,17,1.2611593773505004e-05,0.0,nan
69,18,1.391663349486721e-05,0.0,nan
69,19,1.4448136833506085e-05,0.0,nan
69,20,9.442790052037327e-06,0.0,nan
69,21,0.10539290662190437,1.0,nan
69,22,2.088373942205784e-05,0.0,nan
69,23,1.5475700342388734e-05,0.0,nan
69,24,1.620789683581554e-05,0.0,nan
69,25,2.4238130691336124e-05,0.0,nan
69,26,6.419629043035663e-06,0.0,nan
69,27,0.13295608434723002,1.0,nan
69,28,8.027638061655967e-06,0.0,nan
69,29,1.229491087329305e-05,0.0,nan
69,30,1.4147224546690214e-05,0.0,nan
69,31,1.651482094270278e-05,0.0,nan
69,32,1.321171751545832e-05,0.0,nan
69,33,1.7171593544787063e-05,0.0,nan
69,34,1.3996368391716486e-05,0.0,nan
69,35,4.1199198855649446e-05,0.0,nan
69,36,1.3167921710613818e-05,0.0,nan
69,37,1.5203353625396855e-05,0.0,nan
69,38,1.6243768259552682e-05,0.0,nan
69,39,2.4307744018382565e-05,0.0,nan
69,40,3.8974027188011645e-05,0.0,nan
69,41,1.6276236639251832e-05,0.0,nan
69,42,1.5884303563181244e-05,0.0,nan
69,43,7.112428358481883e-06,0.0,nan
69,44,2.3854864239927052e-05,0.0,nan
69,45,1.5734793628098554e-05,0.0,nan
69,46,1.2122993356881174e-05,0.0,nan
69,47,1.8143911660247577e-05,0.0,nan
69,48,2.164021978486604e-05,0.0,nan
69,49,2.413250431283576e-05,0.0,nan
69,50,1.1064935098333805e-05,0.0,nan
69,51,8.070079590006046e-06,0.0,nan
69,52,6.735382631030716e-06,0.0,nan
69,53,3.639581442023883e-05,0.0,nan
69,54,1.568728161986132e-05,0.0,nan
69,55,1.3524347579387382e-05,0.0,nan
69,56,6.002967914621538e-06,0.0,nan
69,57,8.722513726363214e-06,0.0,nan
69,58,1.0163323629483173e-05,0.0,nan
69,59,4.441397665162633e-05,0.0,nan
69,60,3.569634675802835e-05,0.0,nan
69,61,8.572378939708805e-06,0.0,nan
69,62,1.770534396970069e-05,0.0,nan
69,63,3.76882751858967e-05,0.0,nan
69,64,1.0687065829409338e-05,0.0,nan
69,65,1.903118806689039e-05,0.0,nan
69,66,1.9984618544560298e-05,0.0,nan
69,67,1.9377073405712872e-05,0.0,nan
69,68,1.4650909407168567e-05,0.0,nan
69,69,8.946967274841723e-06,0.0,nan
69,70,2.755991981349008e-05,0.0,nan
69,71,1.6518765410279198e-05,0.0,nan
69,72,1.0911993545905854e-05,0.0,nan
69,73,1.99010408270404e-05,0.0,nan
69,74,1.806503447781782e-05,0.0,nan
69,75,4.059728129148513e-05,0.0,nan
69,76,1.7824197380561586e-05,0.0,nan
69,77,1.2648206274830333e-05,0.0,nan
69,78,4.208680654953704e-05,0.0,nan
69,79,4.893370665691586e-06,0.0,nan
69,80,1.7817125606242572e-05,0.0,nan
69,81,2.2711699714031504e-05,0.0,nan
69,82,2.9672147527984163e-05,0.0,nan
69,83,1.951939138606808e-05,0.0,nan
69,84,2.2313770603769558e-05,0.0,nan
69,85,4.0382652970622675e-05,0.0,nan
69,86,1.7805511566224918e-05,0.0,nan
69,87,1.192020798090519e-06,0.0,nan
69,88,9.12043339485122e-06,0.0,nan
69,89,3.6207995461953368e-06,0.0,nan
69,90,6.345461224076624e-05,0.0,nan
69,91,3.2600164755501525e-05,0.0,nan
69,92,1.0333250243168307e-05,0.0,nan
69,93,1.2422032364389516e-05,0.0,nan
69,94,2.969131837240981e-06,0.0,nan
69,95,1.802164509303181e-05,0.0,nan
69,96,1.247100992634487e-05,0.0,nan
69,97,6.862594756868905e-06,0.0,nan
69,98,9.706950215724181e-06,0.0,nan
69,99,1.704697488519383e-05,0.0,nan
70,0,1.9125378810163092e-05,0.0,nan
70,1,1.6117488375558952e-05,0.0,nan
70,2,2.8982428027332963e-05,0.0,nan
70,3,9.082364776738961e-06,0.0,nan
70,4,5.60950262261466e-06,0.0,nan
70,5,9.28884325035666e-06,0.0,nan
70,6,1.4520434319329568e-05,0.0,nan
70,7,1.9856150626749098e-05,0.0,nan
70,8,5.922603364775997e-06,0.0,nan
70,9,3.338087671902017e-05,0.0,nan
70,10,2.4680567482674968e-05,0.0,nan
70,11,0.07785783282376414,1.0,nan
70,12,8.685310510098633e-06,0.0,nan
70,13,3.2656724394927134e-05,0.0,nan
70,14,1.521562353741797e-05,0.0,nan
70,15,8.990717049155309e-06,0.0,nan
70,16,1.897900434926743e-05,0.0,nan
70,17,1.143030262909194e-05,0.0,nan
70,18,4.5899908470960774e-05,0.0,nan
70,19,1.4137119010566664e-05,0.0,nan
70,20,2.766103447423395e-05,0.0,nan
70,21,0.10534222225323456,0.9375,nan
70,22,2.095164054990019e-05,0.0,nan
70,23,7.428695153582203e-06,0.0,nan
70,24,5.176519510209215e-05,0.0,nan
70,25,1.67654439352905e-05,0.0,nan
70,26,2.587454038779393e-05,0.0,nan
70,27,0.20976886581152002,1.0,nan
70,28,1.6371237199600842e-05,0.0,nan
70,29,1.1177748323101124e-05,0.0,nan
70,30,1.5905578818340837e-05,0.0,nan
70,31,1.6098543389000338e-05,0.0,nan
70,32,1.6715633220548606e-05,0.0,nan
70,33,4.77337080307521e-05,0.0,nan
70,34,2.411730957626262e-05,0.0,nan
70,35,1.744092956632059e-05,0.0,nan
70,36,4.14621308565366e-05,0.0,nan
70,37,3.748538963315743e-05,0.0,nan
70,38,1.1987364415113783e-05,0.0,nan
70,39,2.575626199824891e-05,0.0,nan
70,40,1.9117524548620225e-05,0.0,nan
70,41,1.4531955154751492e-05,0.0,nan
70,42,1.792347402358899e-05,0.0,nan
70,43,3.296090255788601e-05,0.0,nan
70,44,1.127151966924661e-05,0.0,nan
70,45,1.1623957055531553e-05,0.0,nan
70,46,1.0236168575402737e-05,0.0,nan
70,47,2.183494630721316e-05,0.0,nan
70,48,1.5966127672242996e-05,0.0,nan
70,49,2.5749741269660996e-05,0.0,nan
70,50,1.1516834232003775e-05,0.0,nan
70,51,9.031174613575932e-06,0.0,nan
70,52,2.9273234148152828e-05,0.0,nan
70,53,3.133969467064614e-05,0.0,nan
70,54,1.5035991042985338e-05,0.0,nan
70,55,1.9242190649717387e-05,0.0,nan
70,56,1.4382270677999776e-06,0.0,nan
70,57,8.300898169688223e-06,0.0,nan
70,58,3.0226522154065372e-05,0.0,nan
70,59,2.618810128050052e-05,0.0,nan
70,60,1.562534498477802e-05,0.0,nan
70,61,2.2189901423543086e-05,0.0,nan
70,62,2.0936924498543408e-05,0.0,nan
70,63,1.525054126940108e-05,0.0,nan
70,64,3.56910566191135e-05,0.0,nan
70,65,4.157475545951635e-05,0.0,nan
70,66,1.1852115535259332e-05,0.0,nan
70,67,3.550323209350772e-05,0.0,nan
70,68,1.5645581587757212e-05,0.0,nan
70,69,2.5175793820946817e-05,0.0,nan
70,70,3.083361361659601e-05,0.0,nan
70,71,1.162961269147672e-05,0.0,nan
70,72,4.562851556238666e-05,0.0,nan
70,73,6.639457411223413e-05,0.0,nan
70,74,1.0248399806739979e-05,0.0,nan
70,75,3.2833741929926074e-05,0.0,nan
70,76,3.065615406964059e-05,0.0,nan
70,77,3.93936280183707e-05,0.0,nan
70,78,1.4932075522564922e-05,0.0,nan
70,79,2.6328555405822783e-05,0.0,nan
70,80,2.070571854368336e-05,0.0,nan
70,81,5.011061975203796e-05,0.0,nan
70,82,1.3254016224386117e-05,0.0,nan
70,83,1.7092336145134553e-05,0.0,nan
70,84,1.3634142831414036e-05,0.0,nan
70,85,2.3165832989676245e-05,0.0,nan
70,86,5.401799985778201e-06,0.0,nan
70,87,2.729617050005434e-05,0.0,nan
70,88,2.9925792419731953e-05,0.0,nan
70,89,6.935834793894959e-06,0.0,nan
70,90,3.4411797633836164e-05,0.0,nan
70,91,2.351765305826348e-05,0.0,nan
70,92,2.1042960432016916e-05,0.0,nan
70,93,3.158215165712366e-05,0.0,nan
70,94,1.3730401633120596e-05,0.0,nan
70,95,1.821972629848458e-05,0.0,nan
70,96,7.207136807053035e-05,0.0,nan
70,97,3.847715829779934e-05,0.0,nan
70,98,6.61357109205559e-05,0.0,nan
70,99,2.8702176404261824e-05,0.0,nan
71,0,1.318350687851032e-05,0.0,nan
71,1,1.6800734699480377e-05,0.0,nan
71,2,2.2188173661709092e-05,0.0,nan
71,3,9.687751285131556e-06,0.0,nan
71,4,3.861346954578965e-05,0.0,nan
71,5,3.1983290643816145e-05,0.0,nan
71,6,2.8290771984775074e-05,0.0,nan
71,7,2.5365059354719343e-05,0.0,nan
71,8,6.559989801734735e-06,0.0,nan
71,9,6.166943486982969e-06,0.0,nan
71,10,1.5449829119856482e-05,0.0,nan
71,11,0.09182613897595075,1.0,nan
71,12,2.5111426368589188e-05,0.0,nan
71,13,6.282064590099539e-05,0.0,nan
71,14,4.767834605885085e-06,0.0,nan
71,15,1.9408950583401803e-05,0.0,nan
71,16,6.721793561811514e-06,0.0,nan
71,17,4.0377328911972226e-05,0.0,nan
71,18,1.3853499762275604e-05,0.0,nan
71,19,2.285966102396442e-05,0.0,nan
71,20,3.346298466308657e-05,0.0,nan
71,21,0.1060596857737148,1.0,nan
71,22,4.015846504830713e-05,0.0,nan
71,23,4.201092010932781e-05,0.0,nan
71,24,2.08816016529797e-05,0.0,nan
71,25,1.3081707203959787e-05,0.0,nan
71,26,1.1203625296007582e-05,0.0,nan
71,27,0.1597424783719627,1.0,nan
71,28,1.784939340248848e-05,0.0,nan
71,29,1.2010273796041175e-05,0.0,nan
71,30,1.703724485028399e-05,0.0,nan
71,31,2.1207749980148313e-05,0.0,nan
71,32,3.272342489646002e-05,0.0,nan
71,33,3.8931789433020355e-05,0.0,nan
71,34,3.053439034663896e-05,0.0,nan
71,35,1.716930962465685e-05,0.0,nan
71,36,1.2167928454533454e-05,0.0,nan
71,37,4.319079320455028e-05,0.0,nan
71,38,6.447092993513446e-06,0.0,nan
71,39,1.4929607759837318e-05,0.0,nan
71,40,7.4632096656819934e-06,0.0,nan
71,41,5.292814883646037e-06,0.0,nan
71,42,1.4482556289368544e-05,0.0,nan
71,43,1.4587131031001785e-05,0.0,nan
71,44,2.1166837594960153e-05,0.0,nan
71,45,8.76209697063241e-06,0.0,nan
71,46,2.8782684159391696e-05,0.0,nan
71,47,4.595699871970842e-05,0.0,nan
71,48,1.7807038962129063e-05,0.0,nan
71,49,3.7437056697715513e-05,0.0,nan
71,50,3.077519422545568e-05,0.0,nan
71,51,1.7344347186143538e-05,0.0,nan
71,52,1.6087960937044617e-05,0.0,nan
71,53,5.607456377055028e-05,0.0,nan
71,54,1.4506081931840344e-05,0.0,nan
71,55,2.7436846066269778e-05,0.0,nan
71,56,0.00021638906193227787,0.0,nan
71,57,6.754968318064742e-05,0.0,nan
71,58,1.0868663198613456e-05,0.0,nan
71,59,1.9057566813468642e-05,0.0,nan
71,60,4.417912792544895e-05,0.0,nan
71,61,1.2420989615264489e-05,0.0,nan
71,62,1.8092633661940745e-05,0.0,nan
71,63,1.386017895707072e-05,0.0,nan
71,64,1.2000129353682148e-05,0.0,nan
71,65,4.089351529334439e-05,0.0,nan
71,66,1.8412085578801477e-05,0.0,nan
71,67,8.131067659976836e-06,0.0,nan
71,68,2.0677806793194517e-05,0.0,nan
71,69,1.791274325888964e-05,0.0,nan
71,70,6.65035927573268e-06,0.0,nan
71,71,2.103368185706157e-05,0.0,nan
71,72,7.175338231638598e-05,0.0,nan
71,73,2.9015005030133373e-05,0.0,nan
71,74,1.4881876371620352e-05,0.0,nan
71,75,6.402157494975175e-06,0.0,nan
71,76,2.2311576165459903e-05,0.0,nan
71,77,1.071109852022761e-05,0.0,nan
71,78,2.5802213723123097e-05,0.0,nan
71,79,8.838220333555792e-06,0.0,nan
71,80,4.074596568028842e-05,0.0,nan
71,81,3.265511644909477e-05,0.0,nan
71,82,1.9591025819576474e-05,0.0,nan
71,83,8.710509262100714e-05,0.0,nan
71,84,9.396492334076051e-06,0.0,nan
71,85,1.9790725747790707e-05,0.0,nan
71,86,2.263063838502589e-05,0.0,nan
71,87,2.5935486118999555e-05,0.0,nan
71,88,2.7756518648902922e-05,0.0,nan
71,89,2.3771318042891414e-05,0.0,nan
71,90,6.796687739802894e-06,0.0,nan
71,91,1.3409521365980343e-05,0.0,nan
71,92,3.9768516894020685e-05,0.0,nan
71,93,4.4636691572786096e-05,0.0,nan
71,94,4.4133345140951584e-05,0.0,nan
71,95,3.523438749407012e-05,0.0,nan
71,96,2.3580481830819463e-05,0.0,nan
71,97,1.9072930040002758e-05,0.0,nan
71,98,6.581666821873819e-05,0.0,nan
71,99,1.908336071736893e-05,0.0,nan
72,0,2.9833758656060103e-05,0.0,nan
72,1,4.438862316758989e-05,0.0,nan
72,2,6.33234496119841e-05,0.0,nan
72,3,6.503079605983317e-05,0.0,nan
72,4,8.913768579861239e-06,0.0,nan
72,5,2.3025108710785e-05,0.0,nan
72,6,1.089488014982407e-05,0.0,nan
72,7,4.298490077720096e-05,0.0,nan
72,8,1.2827415594579937e-05,0.0,nan
72,9,3.604352218739923e-05,0.0,nan
72,10,3.819191257489972e-05,0.0,nan
72,11,0.08168974457721727,1.0,nan
72,12,2.7471608842786458e-05,0.0,nan
72,13,3.251523783943802e-05,0.0,nan
72,14,2.2408642655880134e-05,0.0,nan
72,15,2.413024315136726e-05,0.0,nan
72,16,3.892506192763836e-05,0.0,nan
72,17,1.3569018274101736e-05,0.0,nan
72,18,1.5069624136450355e-05,0.0,nan
72,19,1.0885601446976034e-05,0.0,nan
72,20,1.9954711738414776e-05,0.0,nan
72,21,0.08474699792011847,1.0,nan
72,22,7.596567803481708e-05,0.0,nan
72,23,2.588484616094962e-05,0.0,nan
72,24,2.1147242313026858e-05,0.0,nan
72,25,2.1127613490457938e-05,0.0,nan
72,26,1.5739564294037017e-05,0.0,nan
72,27,0.11953183963791025,1.0,nan
72,28,5.047789238635857e-05,0.0,nan
72,29,2.8668786046444264e-05,0.0,nan
72,30,1.542894728576308e-05,0.0,nan
72,31,5.158467380763511e-05,0.0,nan
72,32,5.120004698102348e-05,0.0,nan
72,33,5.2942608129956e-05,0.0,nan
72,34,4.992693610498107e-05,0.0,nan
72,35,3.312069517938138e-05,0.0,nan
72,36,3.49474842232416e-05,0.0,nan
72,37,1.6135583036529436e-05,0.0,nan
72,38,6.733556556105329e-05,0.0,nan
72,39,1.5799481986653669e-06,0.0,nan
72,40,2.4802661626027596e-05,0.0,nan
72,41,3.4992607647885344e-05,0.0,nan
72,42,4.111892942241531e-05,0.0,nan
72,43,3.776899538288215e-05,0.0,nan
72,44,1.0828179485073023e-05,0.0,nan
72,45,7.741059748451921e-06,0.0,nan
72,46,3.0424899502330746e-05,0.0,nan
72,47,6.063949209860988e-05,0.0,nan
72,48,3.338895446840599e-05,0.0,nan
72,49,5.9487758075840865e-05,0.0,nan
72,50,1.7682598940862744e-05,0.0,nan
72,51,1.970916363312146e-05,0.0,nan
72,52,8.084840243259797e-05,0.0,nan
72,53,0.0001053378835125293,0.0,nan
72,54,4.309657067788206e-05,0.0,nan
72,55,4.543181826416143e-05,0.0,nan
72,56,2.644277139890627e-05,0.0,nan
72,57,2.3197103405408397e-06,0.0,nan
72,58,9.698744518142691e-06,0.0,nan
72,59,3.783080124727076e-05,0.0,nan
72,60,6.977702890725092e-05,0.0,nan
72,61,3.5385370502125684e-05,0.0,nan
72,62,2.5690483421071768e-05,0.0,nan
72,63,2.9787848705873722e-05,0.0,nan
72,64,4.7390760842920905e-05,0.0,nan
72,65,3.9280939747078986e-05,0.0,nan
72,66,1.5078881758961311e-05,0.0,nan
72,67,8.434093243813237e-05,0.0,nan
72,68,1.781369538936664e-05,0.0,nan
72,69,2.074222402847473e-05,0.0,nan
72,70,3.774184876117223e-05,0.0,nan
72,71,2.3715791505203233e-05,0.0,nan
72,72,1.3580168284043774e-05,0.0,nan
72,73,2.8120293757501988e-05,0.0,nan
72,74,3.101787730011481e-05,0.0,nan
72,75,3.943285827212531e-05,0.0,nan
72,76,8.758510844011618e-06,0.0,nan
72,77,2.1747521007131095e-05,0.0,nan
72,78,1.529823549248415e-05,0.0,nan
72,79,4.5833416381807525e-05,0.0,nan
72,80,4.3181695229097835e-05,0.0,nan
72,81,1.2133159273773868e-05,0.0,nan
72,82,3.099299086282338e-05,0.0,nan
72,83,4.16469811702051e-05,0.0,nan
72,84,1.1077046242339089e-05,0.0,nan
72,85,2.9388417744512675e-05,0.0,nan
72,86,3.302980923408481e-05,0.0,nan
72,87,2.2642072950074656e-05,0.0,nan
72,88,1.3252443014077504e-05,0.0,nan
72,89,2.438657559329739e-05,0.0,nan
72,90,4.143245577084616e-05,0.0,nan
72,91,3.2055629897532345e-05,0.0,nan
72,92,1.8934757199790287e-05,0.0,nan
72,93,5.7183994288287254e-05,0.0,nan
72,94,8.367647059645037e-06,0.0,nan
72,95,3.392458249635334e-05,0.0,nan
72,96,7.33245456238497e-06,0.0,nan
72,97,6.586042573789933e-05,0.0,nan
72,98,6.7160469123633615e-06,0.0,nan
72,99,1.4258383080811013e-05,0.0,nan
73,0,1.6140740841760254e-05,0.0,nan
73,1,4.645608142824314e-05,0.0,nan
73,2,8.690323237295264e-06,0.0,nan
73,3,1.6507306667184956e-05,0.0,nan
73,4,3.3556117312702395e-06,0.0,nan
73,5,4.424270879439343e-06,0.0,nan
73,6,7.283743029014179e-06,0.0,nan
73,7,1.6460234410586992e-05,0.0,nan
73,8,5.23321295643768e-06,0.0,nan
73,9,9.575784146708299e-06,0.0,nan
73,10,1.1234953191360162e-05,0.0,nan
73,11,0.11613589073417166,1.0,nan
73,12,5.771869386280594e-06,0.0,nan
73,13,6.585538513865655e-06,0.0,nan
73,14,1.1669943192521721e-05,0.0,nan
73,15,2.6353983777727606e-06,0.0,nan
73,16,6.965350126936674e-06,0.0,nan
73,17,1.6274600406628566e-05,0.0,nan
73,18,4.440001458291243e-06,0.0,nan
73,19,3.0424933389079656e-05,0.0,nan
73,20,7.0989322730490275e-06,0.0,nan
73,21,0.14211290587501665,1.0,nan
73,22,1.1852048771112021e-05,0.0,nan
73,23,2.0108044661034767e-06,0.0,nan
73,24,5.933385592214617e-06,0.0,nan
73,25,3.048316195423564e-06,0.0,nan
73,26,1.0330935876437292e-05,0.0,nan
73,27,0.2348524492577192,1.0,nan
73,28,7.490851092145437e-06,0.0,nan
73,29,1.223841505075097e-05,0.0,nan
73,30,3.0194415328637556e-05,0.0,nan
73,31,1.130897556549368e-05,0.0,nan
73,32,2.77035030885629e-05,0.0,nan
73,33,4.333882376289398e-06,0.0,nan
73,34,7.421249452421773e-06,0.0,nan
73,35,9.936895747677656e-06,0.0,nan
73,36,8.06464572034632e-06,0.0,nan
73,37,6.565594849088961e-05,0.0,nan
73,38,8.22525519380045e-06,0.0,nan
73,39,9.355983276323901e-06,0.0,nan
73,40,9.939487278636495e-06,0.0,nan
73,41,7.527080202476121e-06,0.0,nan
73,42,9.514438471816815e-06,0.0,nan
73,43,8.66666428086952e-06,0.0,nan
73,44,6.3122525676929925e-06,0.0,nan
73,45,1.853778080033588e-05,0.0,nan
73,46,2.1708953131659518e-05,0.0,nan
73,47,3.2984514763849176e-05,0.0,nan
73,48,7.154257260340663e-06,0.0,nan
73,49,2.4671172086302173e-06,0.0,nan
73,50,7.362793898050365e-06,0.0,nan
73,51,1.4922538830970403e-05,0.0,nan
73,52,7.720665654641576e-06,0.0,nan
73,53,1.4179495531253357e-05,0.0,nan
73,54,8.942272421064013e-06,0.0,nan
73,55,3.0025502843100076e-06,0.0,nan
73,56,9.983355364854038e-06,0.0,nan
73,57,8.813177958321836e-06,0.0,nan
73,58,4.733672433923e-05,0.0,nan
73,59,4.582918476112338e-06,0.0,nan
73,60,1.0412605790349207e-05,0.0,nan
73,61,1.0268514651692662e-05,0.0,nan
73,62,8.789882768578678e-06,0.0,nan
73,63,9.727482251438781e-06,0.0,nan
73,64,1.5443252056087436e-05,0.0,nan
73,65,1.0185607102874966e-05,0.0,nan
73,66,7.314123559186758e-06,0.0,nan
73,67,1.614504409680038e-06,0.0,nan
73,68,1.4498756469633295e-05,0.0,nan
73,69,7.035100156797614e-06,0.0,nan
73,70,2.2801379183337487e-05,0.0,nan
73,71,7.2339176614753954e-06,0.0,nan
73,72,3.4472927181939825e-05,0.0,nan
73,73,5.10006818814701e-06,0.0,nan
73,74,8.201282785475681e-06,0.0,nan
73,75,1.2829657832134555e-05,0.0,nan
73,76,2.0393722351104753e-05,0.0,nan
73,77,9.021091416422403e-06,0.0,nan
73,78,1.2229852880135728e-05,0.0,nan
73,79,5.442688016480425e-06,0.0,nan
73,80,9.105687713837068e-06,0.0,nan
73,81,2.868160500604026e-06,0.0,nan
73,82,2.4728205417907034e-05,0.0,nan
73,83,7.970863378687552e-06,0.0,nan
73,84,4.642391821947837e-06,0.0,nan
73,85,3.772579200845861e-06,0.0,nan
73,86,1.1259133028114393e-05,0.0,nan
73,87,3.6374934257385078e-06,0.0,nan
73,88,2.0402876747443667e-05,0.0,nan
73,89,7.89206005968992e-06,0.0,nan
73,90,1.3620625872453729e-05,0.0,nan
73,91,6.655741570006073e-06,0.0,nan
73,92,8.646520447034493e-06,0.0,nan
73,93,1.6302131537575564e-05,0.0,nan
73,94,1.648845663960448e-05,0.0,nan
73,95,1.7128748310608803e-05,0.0,nan
73,96,7.429352508215991e-06,0.0,nan
73,97,1.980215967335647e-05,0.0,nan
73,98,1.4981681296778966e-05,0.0,nan
73,99,4.697318698677121e-06,0.0,nan
74,0,1.3385232449484497e-05,0.0,nan
74,1,4.196138853366697e-05,0.0,nan
74,2,1.027606032361722e-05,0.0,nan
74,3,4.213966269321081e-05,0.0,nan
74,4,4.833854507073398e-06,0.0,nan
74,5,2.366250418002866e-05,0.0,nan
74,6,2.238249522531929e-05,0.0,nan
74,7,7.006452807896041e-06,0.0,nan
74,8,3.8525241843289394e-05,0.0,nan
74,9,1.2466011840008888e-05,0.0,nan
74,10,1.4541617150324672e-05,0.0,nan
74,11,0.08670684958743725,1.0,nan
74,12,7.911253882564444e-06,0.0,nan
74,13,3.658910169912151e-05,0.0,nan
74,14,9.638208981797787e-06,0.0,nan
74,15,1.5980372702601833e-05,0.0,nan
74,16,1.6325472033044393e-05,0.0,nan
74,17,2.2873463188611567e-05,0.0,nan
74,18,1.8965329178243713e-05,0.0,nan
74,19,1.1335423094660061e-05,0.0,nan
74,20,2.1840721621955443e-05,0.0,nan
74,21,0.23259943570732583,1.0,nan
74,22,1.8923733329265373e-05,0.0,nan
74,23,1.1828676400659852e-05,0.0,nan
74,24,9.499241403377475e-06,0.0,nan
74,25,2.312711365434918e-05,0.0,nan
74,26,1.967487965575472e-05,0.0,nan
74,27,0.2748937648600748,1.0,nan
74,28,1.6081420688650823e-05,0.0,nan
74,29,1.07819363191804e-05,0.0,nan
74,30,1.1283592540778442e-05,0.0,nan
74,31,2.687934244208769e-05,0.0,nan
74,32,2.459346556590486e-05,0.0,nan
74,33,9.658932402914478e-06,0.0,nan
74,34,3.178420628419745e-05,0.0,nan
74,35,4.053510723485655e-05,0.0,nan
74,36,2.6419965711176363e-05,0.0,nan
74,37,2.610676188133759e-05,0.0,nan
74,38,1.3813619283786549e-05,0.0,nan
74,39,1.0027112596554934e-05,0.0,nan
74,40,1.4008913617583848e-05,0.0,nan
74,41,2.648408943206133e-05,0.0,nan
74,42,1.3749748590303037e-05,0.0,nan
74,43,2.1938057655934456e-05,0.0,nan
74,44,7.674056120231771e-06,0.0,nan
74,45,5.741167326094745e-06,0.0,nan
74,46,1.7293882634141704e-05,0.0,nan
74,47,1.7141619282732866e-05,0.0,nan
74,48,1.385282303457519e-05,0.0,nan
74,49,1.0135746767032706e-05,0.0,nan
74,50,1.3925131389295632e-05,0.0,nan
74,51,2.108555313793691e-05,0.0,nan
74,52,5.285571201361192e-06,0.0,nan
74,53,4.560214685077723e-05,0.0,nan
74,54,4.891053687820563e-06,0.0,nan
74,55,4.658233761958272e-06,0.0,nan
74,56,9.598634243523666e-06,0.0,nan
74,57,7.328596772402189e-06,0.0,nan
74,58,9.173519249599766e-06,0.0,nan
74,59,1.9585697367271504e-05,0.0,nan
74,60,8.57017420363565e-06,0.0,nan
74,61,1.1614499273819217e-05,0.0,nan
74,62,2.7279785578443687e-05,0.0,nan
74,63,1.2942318910670225e-05,0.0,nan
74,64,1.0879667487182883e-05,0.0,nan
74,65,1.0998411872676171e-05,0.0,nan
74,66,3.258172227551582e-05,0.0,nan
74,67,2.9823846038378304e-05,0.0,nan
74,68,1.4338149910880126e-05,0.0,nan
74,69,1.7445272903822912e-05,0.0,nan
74,70,1.5200086577840258e-05,0.0,nan
74,71,1.4127982731182638e-05,0.0,nan
74,72,4.235331770161376e-05,0.0,nan
74,73,1.4079197887515172e-05,0.0,nan
74,74,1.2368688723257777e-05,0.0,nan
74,75,1.248182834407198e-05,0.0,nan
74,76,7.455661874150243e-05,0.0,nan
74,77,1.089844565840962e-05,0.0,nan
74,78,1.9403273247395346e-05,0.0,nan
74,79,2.2239136007213658e-05,0.0,nan
74,80,1.1620332045959962e-05,0.0,nan
74,81,2.5323380738233433e-05,0.0,nan
74,82,9.212504144103216e-06,0.0,nan
74,83,1.3571555966634747e-05,0.0,nan
74,84,1.963009748104232e-05,0.0,nan
74,85,3.730056758141445e-05,0.0,nan
74,86,2.8672095277505252e-05,0.0,nan
74,87,8.010852374428141e-06,0.0,nan
74,88,1.6904504351640895e-05,0.0,nan
74,89,4.756603353175044e-06,0.0,nan
74,90,1.156662996938145e-05,0.0,nan
74,91,2.3996005839052144e-05,0.0,nan
74,92,1.5521157941270264e-05,0.0,nan
74,93,1.0243858109791942e-05,0.0,nan
74,94,2.0681842895053526e-05,0.0,nan
74,95,1.1620635905598382e-05,0.0,nan
74,96,3.3762458993715776e-05,0.0,nan
74,97,1.557158449527569e-05,0.0,nan
74,98,1.3706907622454276e-05,0.0,nan
74,99,1.5026863819217902e-05,0.0,nan
75,0,3.7390283035764076e-05,0.0,2.660645184390141e-06
75,1,1.132412853287533e-05,0.0,1.6894267557474435e-07
75,2,1.283838874850061e-05,0.0,3.1715136248607196e-06
75,3,5.2879548040459225e-05,0.0,4.744363512569324e-06
75,4,2.0010009920653888e-05,0.0,1.0346404623490214e-07
75,5,1.6449997612502767e-05,0.0,9.561477479033999e-08
75,6,1.8324792029813103e-05,0.0,5.873229393395797e-07
75,7,1.564249012495908e-05,0.0,3.82669580956589e-07
75,8,1.468214102190668e-05,0.0,6.628414821325156e-07
75,9,2.5993896091418963e-05,0.0,5.285505664884478e-06
75,10,1.2281462574927806e-05,0.0,3.794169276073775e-07
75,11,0.09630353764281888,1.0,0.3430504676263569
75,12,1.6159657606437815e-05,0.0,1.7208305870402903e-07
75,13,2.936220312772782e-05,0.0,4.330226439870168e-06
75,14,3.739828390825599e-05,0.0,2.1217941493707163e-06
75,15,1.358496012541902e-05,0.0,1.5275028873931766e-06
75,16,8.204526797066962e-06,0.0,2.2374490330520594e-08
75,17,8.708420974705293e-06,0.0,1.4534386829313069e-06
75,18,1.5352021923613896e-05,0.0,4.2973977791993386e-07
75,19,9.965719087042123e-06,0.0,2.2891476385912972e-06
75,20,1.4814179090740084e-05,0.0,1.9062919977912334e-07
75,21,0.08130027650195933,1.0,0.35295467792812424
75,22,3.955296878810554e-05,0.0,1.5209921936782423e-05
75,23,0.00019421157234834208,0.0,0.00013316673450867046
75,24,2.1140693056710387e-05,0.0,1.8098009250754659e-06
75,25,1.845890169898916e-05,0.0,1.0570532924854405e-06
75,26,1.4623329765434029e-05,0.0,1.522046004212629e-07
75,27,0.08395754309944069,1.0,0.30040028121896467
75,28,5.0081492843399694e-05,0.0,1.0046135882357734e-05
75,29,1.0675471012317052e-05,0.0,2.1848256035792947e-07
75,30,1.107433527245561e-05,0.0,1.1430992896924765e-08
75,31,1.646240975742238e-05,0.0,3.5738341185897585e-08
75,32,6.777303329136357e-05,0.0,5.5117390411161e-05
75,33,3.63355484318512e-05,0.0,1.1780853204369242e-05
75,34,2.6829849520723373e-05,0.0,9.785339581962473e-07
75,35,2.851493970712008e-05,0.0,2.0174171310038726e-06
75,36,9.92237132934849e-06,0.0,2.7401056415075586e-07
75,37,5.0413743471209185e-05,0.0,1.6943143793317907e-05
75,38,1.2405937973420365e-05,0.0,2.4868908669810534e-06
75,39,9.014263416939891e-06,0.0,1.222596895043088e-07
75,40,1.4194662453870364e-05,0.0,1.9121980124362707e-06
75,41,5.7868632312715536e-05,0.0,3.1533303587432542e-06
75,42,3.420612601166207e-05,0.0,1.3100379245087514e-06
75,43,2.083506064297362e-05,0.0,2.7043744178197093e-07
75,44,4.147869111540293e-05,0.0,8.976910529146154e-07
75,45,3.906442364062694e-06,0.0,5.748449654091256e-07
75,46,2.3630506117738582e-05,0.0,4.609389423454353e-06
75,47,6.866773016591429e-06,0.0,6.147199691009915e-07
75,48,3.53974512144898e-05,0.0,6.133472483486303e-07
75,49,1.905303531194742e-05,0.0,7.454423316982965e-06
75,50,1.0903014956175731e-05,0.0,1.9706642567715292e-06
75,51,1.3526079239112019e-05,0.0,2.2995350194134574e-07
75,52,3.834133557662586e-06,0.0,4.5205808360464e-09
75,53,1.5754235786113716e-05,0.0,6.070402133205124e-06
75,54,3.89455141208718e-05,0.0,6.675682846287916e-06
75,55,2.6632765648437858e-05,0.0,7.221950385339081e-07
75,56,5.221255439750233e-05,0.0,7.444991228213437e-06
75,57,4.167364823701636e-05,0.0,4.4111521680746564e-07
75,58,1.6696706549593545e-05,0.0,3.055442811566525e-06
75,59,1.913294386583684e-05,0.0,1.233321159407419e-08
75,60,5.138482683550471e-05,0.0,2.3707356346145254e-05
75,61,2.069227727311807e-05,0.0,4.931051996609997e-07
75,62,3.9813916266300476e-05,0.0,2.104741282499579e-05
75,63,2.611810154007547e-05,0.0,2.2393688757436467e-07
75,64,2.6810246471502752e-05,0.0,3.279777868758409e-07
75,65,1.828017576231715e-05,0.0,4.165784465043305e-06
75,66,9.447091739770926e-06,0.0,1.609417659247998e-07
75,67,2.669310959044167e-05,0.0,5.859302401143578e-06
75,68,6.7098883416165145e-06,0.0,2.996427454678512e-07
75,69,7.5325147940889626e-06,0.0,3.477753187225627e-07
75,70,8.993767879566798e-06,0.0,5.467625946331603e-08
75,71,9.240939789055993e-06,0.0,1.2314551108968812e-07
75,72,7.600419273050906e-06,0.0,1.1357457936303943e-06
75,73,6.864693671988452e-06,0.0,6.164614878301271e-07
75,74,5.2962382618538685e-05,0.0,1.6403193774788992e-06
75,75,1.7146359173313383e-05,0.0,2.0004047656279942e-06
75,76,3.9922513088699035e-06,0.0,4.604991795687784e-08
75,77,1.6159400134449445e-05,0.0,1.9867176816236505e-08
75,78,2.1164630029813262e-05,0.0,2.301357481766646e-07
75,79,9.029101075953113e-06,0.0,1.5144232221888373e-07
75,80,1.9977990308513045e-05,0.0,4.2619272069381614e-06
75,81,1.2815277982125605e-05,0.0,1.3174439242915856e-06
75,82,0.002170320323683083,0.125,0.003158517501483839
75,83,1.6429569074511156e-06,0.0,4.301113004518017e-08
75,84,1.2268014019478265e-05,0.0,8.127269169416627e-08
75,85,3.6084190809152096e-06,0.0,4.6333860720713645e-08
75,86,2.549810314554509e-05,0.0,7.4628579827277804e-06
75,87,1.6256627798286293e-05,0.0,2.1076475064235035e-06
75,88,1.9479189706806563e-05,0.0,8.04136167493902e-07
75,89,2.314621837198542e-05,0.0,3.0287055915076217e-06
75,90,1.7879429700614046e-05,0.0,8.145706555189142e-07
75,91,3.608652773220887e-05,0.0,1.2574219126614987e-06
75,92,8.114235827008845e-06,0.0,3.207578373943015e-07
75,93,1.1831409970304157e-05,0.0,1.6493669412667403e-06
75,94,7.695259985025975e-06,0.0,6.776679913232384e-07
75,95,1.1849723982059736e-05,0.0,4.044798523151658e-06
75,96,1.2000817754998833e-05,0.0,2.5607242388843762e-08
75,97,2.2940195358933637e-05,0.0,8.349855760714034e-07
75,98,1.9295039103699476e-05,0.0,1.433497574762572e-05
75,99,1.1357212092103147e-05,0.0,4.5792542667489615e-08
76,0,1.5050711856966783e-05,0.0,nan
76,1,1.7897421176496675e-05,0.0,nan
76,2,6.883697177887417e-05,0.0,nan
76,3,7.3735177604252155e-06,0.0,nan
76,4,2.138826236389407e-05,0.0,nan
76,5,4.242320841091873e-05,0.0,nan
76,6,8.88439526769129e-06,0.0,nan
76,7,2.8989024213788614e-05,0.0,nan
76,8,7.892119152421489e-06,0.0,nan
76,9,1.4688086100611943e-05,0.0,nan
76,10,2.320939096356192e-05,0.0,nan
76,11,0.09198668125561327,1.0,nan
76,12,2.352223764763674e-05,0.0,nan
76,13,7.775782403208659e-05,0.0,nan
76,14,9.323067939740926e-06,0.0,nan
76,15,3.517977874389229e-05,0.0,nan
76,16,1.239396887589683e-05,0.0,nan
76,17,3.053996860711799e-05,0.0,nan
76,18,1.9949315987283595e-05,0.0,nan
76,19,1.0039116889411819e-05,0.0,nan
76,20,4.754324169917586e-06,0.0,nan
76,21,0.12717621433020776,1.0,nan
76,22,1.712222240290481e-05,0.0,nan
76,23,2.2555001145806787e-05,0.0,nan
76,24,2.4716022740061375e-05,0.0,nan
76,25,1.0860124984719624e-05,0.0,nan
76,26,1.5329547034409776e-05,0.0,nan
76,27,0.17966279925197495,1.0,nan
76,28,5.789025703659626e-06,0.0,nan
76,29,1.5261647036063053e-05,0.0,nan
76,30,1.669294128815942e-05,0.0,nan
76,31,1.5601315020495924e-05,0.0,nan
76,32,2.217190503682729e-05,0.0,nan
76,33,2.524598005308235e-05,0.0,nan
76,34,1.742963354012963e-05,0.0,nan
76,35,4.553902210808168e-05,0.0,nan
76,36,1.2940753410231746e-05,0.0,nan
76,37,1.7474583625752692e-05,0.0,nan
76,38,1.2919544212654512e-05,0.0,nan
76,39,1.189045194449783e-05,0.0,nan
76,40,1.9342689142323026e-05,0.0,nan
76,41,1.3634001305196755e-05,0.0,nan
76,42,1.7915626475737443e-05,0.0,nan
76,43,3.3684444249968285e-05,0.0,nan
76,44,4.481864386462096e-06,0.0,nan
76,45,1.4594567772149284e-05,0.0,nan
76,46,1.1465495190079222e-05,0.0,nan
76,47,2.08347287494897e-05,0.0,nan
76,48,2.078947225064899e-05,0.0,nan
76,49,1.1458908342522026e-05,0.0,nan
76,50,1.972208665085467e-05,0.0,nan
76,51,1.8522871383009687e-05,0.0,nan
76,52,1.6821556629591832e-05,0.0,nan
76,53,2.920377732287852e-05,0.0,nan
76,54,1.603009363234679e-05,0.0,nan
76,55,8.061422162425698e-05,0.0,nan
76,56,6.74147279410496e-06,0.0,nan
76,57,6.881830443427722e-05,0.0,nan
76,58,5.5192988516264615e-05,0.0,nan
76,59,1.4403601189345521e-05,0.0,nan
76,60,7.701516217869314e-05,0.0,nan
76,61,2.4189734768123107e-05,0.0,nan
76,62,5.9973324551614956e-05,0.0,nan
76,63,3.781764858235574e-05,0.0,nan
76,64,1.4194224590819578e-05,0.0,nan
76,65,1.4376955885365327e-05,0.0,nan
76,66,3.118302486998498e-05,0.0,nan
76,67,1.2966459524775329e-05,0.0,nan
76,68,3.418062769534769e-05,0.0,nan
76,69,1.5812408866076853e-05,0.0,nan
76,70,7.682652141774022e-06,0.0,nan
76,71,1.8651832364956747e-05,0.0,nan
76,72,7.538178840561439e-06,0.0,nan
76,73,3.762571631607905e-06,0.0,nan
76,74,2.5152417296261327e-05,0.0,nan
76,75,2.2591480706255266e-05,0.0,nan
76,76,3.200888223171899e-05,0.0,nan
76,77,1.726046100711577e-05,0.0,nan
76,78,8.654577440150079e-06,0.0,nan
76,79,2.1278586346685183e-05,0.0,nan
76,80,1.3292193866764446e-05,0.0,nan
76,81,5.8655867603667115e-06,0.0,nan
76,82,1.5564517639179136e-05,0.0,nan
76,83,1.8169927384210886e-05,0.0,nan
76,84,8.237507171782628e-06,0.0,nan
76,85,3.0765643038974773e-06,0.0,nan
76,86,1.6542271308275188e-05,0.0,nan
76,87,7.174803400067843e-05,0.0,nan
76,88,7.875272656418099e-06,0.0,nan
76,89,9.14565968200368e-06,0.0,nan
76,90,7.496371398592465e-06,0.0,nan
76,91,7.47669080133573e-06,0.0,nan
76,92,3.483969433627181e-05,0.0,nan
76,93,2.7491303269320726e-05,0.0,nan
76,94,1.1369519797098382e-05,0.0,nan
76,95,1.41683940005867e-05,0.0,nan
76,96,2.350309640966721e-05,0.0,nan
76,97,2.910504264179982e-05,0.0,nan
76,98,2.8950880200726588e-05,0.0,nan
76,99,4.176194629166685e-06,0.0,nan
77,0,1.2110784694174541e-05,0.0,nan
77,1,2.1031985569559882e-05,0.0,nan
77,2,1.5055692377143158e-05,0.0,nan
77,3,1.792293979321527e-05,0.0,nan
77,4,1.8598815851603222e-05,0.0,nan
77,5,4.695932673186652e-05,0.0,nan
77,6,1.0662951868673782e-05,0.0,nan
77,7,2.173111984646843e-05,0.0,nan
77,8,1.292179497608001e-05,0.0,nan
77,9,2.150519527134075e-05,0.0,nan
77,10,6.6331910357668774e-06,0.0,nan
77,11,0.17916131915908265,1.0,nan
77,12,6.071804533849855e-06,0.0,nan
77,13,1.7423397556349507e-05,0.0,nan
77,14,3.074218763362942e-05,0.0,nan
77,15,1.2153159850187618e-05,0.0,nan
77,16,3.0986016243699546e-05,0.0,nan
77,17,5.013980616498921e-05,0.0,nan
77,18,2.9372227824351665e-05,0.0,nan
77,19,3.273936491556701e-05,0.0,nan
77,20,9.357482484301358e-06,0.0,nan
77,21,0.0845260149882592,1.0,nan
77,22,1.267546135931952e-05,0.0,nan
77,23,2.415904479828317e-05,0.0,nan
77,24,1.8189831035486694e-05,0.0,nan
77,25,2.459905577242973e-05,0.0,nan
77,26,3.185454867122325e-05,0.0,nan
77,27,0.100829355584277,1.0,nan
77,28,2.9601203182112963e-05,0.0,nan
77,29,5.1819262814570684e-05,0.0,nan
77,30,1.2018637915530003e-05,0.0,nan
77,31,1.4047487466989513e-05,0.0,nan
77,32,5.685393668474037e-06,0.0,nan
77,33,1.140444262853797e-05,0.0,nan
77,34,2.1646885785284547e-05,0.0,nan
77,35,2.4913272000819285e-05,0.0,nan
77,36,1.73873216333204e-05,0.0,nan
77,37,2.027999951259245e-05,0.0,nan
77,38,2.9505318369205998e-05,0.0,nan
77,39,2.6286663742368632e-05,0.0,nan
77,40,2.523225918697269e-05,0.0,nan
77,41,2.0017365131637645e-05,0.0,nan
77,42,1.687406354634195e-05,0.0,nan
77,43,1.434253279023568e-05,0.0,nan
77,44,1.0324100349385063e-05,0.0,nan
77,45,6.643853886077599e-06,0.0,nan
77,46,2.5401724517350164e-05,0.0,nan
77,47,1.7105150615297106e-05,0.0,nan
77,48,5.924411202294076e-06,0.0,nan
77,49,1.515534343908039e-05,0.0,nan
77,50,4.989541912094348e-06,0.0,nan
77,51,1.3708269095316137e-05,0.0,nan
77,52,2.3130183508852425e-05,0.0,nan
77,53,5.106575623127022e-05,0.0,nan
77,54,2.692657877756213e-05,0.0,nan
77,55,1.6757376234638888e-05,0.0,nan
77,56,1.0648052414797682e-05,0.0,nan
77,57,2.449496235668107e-05,0.0,nan
77,58,2.5600020512949302e-05,0.0,nan
77,59,2.5491193478990388e-05,0.0,nan
77,60,1.2476343587945766e-05,0.0,nan
77,61,3.303863421194062e-05,0.0,nan
77,62,1.1165896835248381e-05,0.0,nan
77,63,4.188505561788158e-05,0.0,nan
77,64,2.840445722580316e-05,0.0,nan
77,65,1.974345097066763e-05,0.0,nan
77,66,1.2809096544411933e-05,0.0,nan
77,67,2.270297977922827e-06,0.0,nan
77,68,1.3744724722945226e-05,0.0,nan
77,69,1.3584887527651301e-05,0.0,nan
77,70,2.728209715239659e-05,0.0,nan
77,71,1.7304596279764756e-05,0.0,nan
77,72,1.2426462694827767e-05,0.0,nan
77,73,2.5195569507824836e-05,0.0,nan
77,74,6.591641646442767e-05,0.0,nan
77,75,1.8591351917185963e-05,0.0,nan
77,76,2.9887107215402745e-05,0.0,nan
77,77,1.8489467171097917e-05,0.0,nan
77,78,2.838772487799968e-05,0.0,nan
77,79,7.5793705589499525e-06,0.0,nan
77,80,2.1398521246294554e-05,0.0,nan
77,81,6.871780093808896e-06,0.0,nan
77,82,1.328572055247049e-05,0.0,nan
77,83,2.6020598786163168e-05,0.0,nan
77,84,7.704164710304809e-06,0.0,nan
77,85,1.0058381052795733e-05,0.0,nan
77,86,1.2760326533303956e-05,0.0,nan
77,87,2.564331942630838e-05,0.0,nan
77,88,1.277091320883517e-05,0.0,nan
77,89,1.4493437987908633e-05,0.0,nan
77,90,8.98852177815664e-06,0.0,nan
77,91,1.6259082056579957e-05,0.0,nan
77,92,1.5779972285653474e-05,0.0,nan
77,93,7.61124708422992e-06,0.0,nan
77,94,2.1154099827532645e-05,0.0,nan
77,95,6.018335413070777e-06,0.0,nan
77,96,1.504994587574095e-05,0.0,nan
77,97,1.3129993221012132e-05,0.0,nan
77,98,8.454386927909081e-06,0.0,nan
77,99,2.8023639924779222e-05,0.0,nan
78,0,2.0721133189242787e-05,0.0,nan
78,1,1.2256843805413301e-05,0.0,nan
78,2,6.793975184584712e-05,0.0,nan
78,3,1.4177247183855774e-05,0.0,nan
78,4,1.6635685617832018e-05,0.0,nan
78,5,2.532454633129439e-05,0.0,nan
78,6,2.0935600421348852e-05,0.0,nan
78,7,6.726640115405395e-05,0.0,nan
78,8,1.1817664142487215e-05,0.0,nan
78,9,2.814357062014439e-05,0.0,nan
78,10,1.9848845148128876e-05,0.0,nan
78,11,0.04075048880281759,0.875,nan
78,12,1.8360803392880807e-05,0.0,nan
78,13,1.8606931166128817e-05,0.0,nan
78,14,2.0900424289155018e-05,0.0,nan
78,15,1.728389840378569e-05,0.0,nan
78,16,8.852910562414061e-06,0.0,nan
78,17,6.315521127889226e-05,0.0,nan
78,18,3.0071262380422035e-06,0.0,nan
78,19,4.3090880868555014e-05,0.0,nan
78,20,1.0367929766443677e-05,0.0,nan
78,21,0.7375333371498427,1.0,nan
78,22,9.676443123617373e-06,0.0,nan
78,23,1.0557122113860413e-05,0.0,nan
78,24,4.5312080635786936e-05,0.0,nan
78,25,1.8447424784814218e-05,0.0,nan
78,26,1.6370123797031868e-05,0.0,nan
78,27,4.0737029826185256e-05,0.1875,nan
78,28,6.985293093714584e-06,0.0,nan
78,29,2.1674492850138972e-05,0.0,nan
78,30,3.6755559149672345e-06,0.0,nan
78,31,7.175394206988041e-06,0.0,nan
78,32,1.4661492453146865e-05,0.0,nan
78,33,6.014536460490445e-06,0.0,nan
78,34,1.185778014121372e-05,0.0,nan
78,35,1.828264346311008e-05,0.0,nan
78,36,1.5982262560710556e-05,0.0,nan
78,37,1.400648328055427e-05,0.0,nan
78,38,1.3413470608825999e-05,0.0,nan
78,39,1.7516143065811286e-05,0.0,nan
78,40,8.019457788304977e-06,0.0,nan
78,41,1.7683986469184808e-05,0.0,nan
78,42,2.004894204298687e-05,0.0,nan
78,43,9.172392301320904e-06,0.0,nan
78,44,2.342355717095424e-05,0.0,nan
78,45,1.7578648308351177e-05,0.0,nan
78,46,6.17751408032113e-06,0.0,nan
78,47,3.321937624248336e-05,0.0,nan
78,48,1.2674475385888533e-05,0.0,nan
78,49,1.9495098631895127e-05,0.0,nan
78,50,2.2238965648027116e-05,0.0,nan
78,51,9.822652664175297e-06,0.0,nan
78,52,3.060471558901828e-06,0.0,nan
78,53,4.8658075539171205e-06,0.0,nan
78,54,2.5134714480674352e-05,0.0,nan
78,55,1.161593619462516e-05,0.0,nan
78,56,1.5684725585584645e-05,0.0,nan
78,57,6.382732539618582e-06,0.0,nan
78,58,1.656080927313417e-05,0.0,nan
78,59,2.3352297608675337e-05,0.0,nan
78,60,1.601695358098872e-05,0.0,nan
78,61,1.2486063397064249e-05,0.0,nan
78,62,3.051035726963848e-05,0.0,nan
78,63,7.291955144148373e-06,0.0,nan
78,64,8.599323548850479e-06,0.0,nan
78,65,2.0608669776004098e-05,0.0,nan
78,66,2.6897281803958505e-05,0.0,nan
78,67,1.1461889560078078e-05,0.0,nan
78,68,1.0392886654083252e-05,0.0,nan
78,69,1.1522638759238644e-05,0.0,nan
78,70,2.3799293376270536e-05,0.0,nan
78,71,2.2293395140731128e-05,0.0,nan
78,72,9.157970738999127e-06,0.0,nan
78,73,1.4355809929358035e-05,0.0,nan
78,74,9.352533932064602e-06,0.0,nan
78,75,2.617454811862719e-05,0.0,nan
78,76,4.176055937788671e-06,0.0,nan
78,77,4.953585842712522e-06,0.0,nan
78,78,1.3051625024857565e-05,0.0,nan
78,79,2.0738094064122712e-05,0.0,nan
78,80,1.033139109539225e-05,0.0,nan
78,81,9.310015602222597e-06,0.0,nan
78,82,2.3454319783292182e-05,0.0,nan
78,83,5.5805574656608105e-05,0.0,nan
78,84,1.7294922921730814e-05,0.0,nan
78,85,1.2912711829829118e-05,0.0,nan
78,86,3.693241772219467e-05,0.0,nan
78,87,8.50910120339055e-06,0.0,nan
78,88,1.1300634409523314e-05,0.0,nan
78,89,4.051528325330591e-05,0.0,nan
78,90,2.4440224235949446e-05,0.0,nan
78,91,1.5849941124250122e-05,0.0,nan
78,92,7.340646945963641e-06,0.0,nan
78,93,5.17992603035348e-05,0.0,nan
78,94,8.109869646099626e-06,0.0,nan
78,95,1.974817258982444e-05,0.0,nan
78,96,3.9113209403278005e-05,0.0,nan
78,97,1.192161133211817e-05,0.0,nan
78,98,1.2136678263869139e-05,0.0,nan
78,99,1.6028891722618126e-05,0.0,nan
79,0,2.8418691457228678e-05,0.0,nan
79,1,4.820595385411828e-05,0.0,nan
79,2,7.483801148915941e-06,0.0,nan
79,3,2.213831102910772e-05,0.0,nan
79,4,4.089026365570948e-06,0.0,nan
79,5,2.607504980907887e-05,0.0,nan
79,6,1.521518825563366e-05,0.0,nan
79,7,2.0764376141366558e-05,0.0,nan
79,8,3.678397435799766e-05,0.0,nan
79,9,2.2084587100085684e-05,0.0,nan
79,10,2.66736714466436e-05,0.0,nan
79,11,0.08850319107613794,1.0,nan
79,12,9.090555931102622e-06,0.0,nan
79,13,1.600181772360154e-05,0.0,nan
79,14,1.8803118543398624e-05,0.0,nan
79,15,5.546933883752609e-05,0.0,nan
79,16,2.0162570593878398e-05,0.0,nan
79,17,4.292701912504168e-05,0.0,nan
79,18,2.2320201422755885e-05,0.0,nan
79,19,2.768199789045661e-05,0.0,nan
79,20,2.8568896540023937e-05,0.0,nan
79,21,0.07141979253781733,1.0,nan
79,22,4.8693213837076264e-05,0.0,nan
79,23,5.9628937999682395e-05,0.0,nan
79,24,2.2654987448736768e-05,0.0,nan
79,25,2.4546307479550134e-05,0.0,nan
79,26,2.056928938767267e-05,0.0,nan
79,27,0.29915479160789343,1.0,nan
79,28,3.553767972460322e-05,0.0,nan
79,29,1.5324517268408697e-05,0.0,nan
79,30,3.151537046206192e-05,0.0,nan
79,31,1.3685937241094052e-05,0.0,nan
79,32,1.850215353457223e-05,0.0,nan
79,33,3.0693045676141064e-05,0.0,nan
79,34,1.1188531041728415e-05,0.0,nan
79,35,1.7067195617473864e-05,0.0,nan
79,36,1.2944331059803534e-05,0.0,nan
79,37,1.3920763035133215e-05,0.0,nan
79,38,1.0780627327204616e-05,0.0,nan
79,39,6.68765013303151e-06,0.0,nan
79,40,1.3840628293055835e-05,0.0,nan
79,41,2.0665584361804232e-05,0.0,nan
79,42,8.169537633355927e-06,0.0,nan
79,43,6.754154876781243e-06,0.0,nan
79,44,4.91201657561903e-05,0.0,nan
79,45,1.831208319745362e-05,0.0,nan
79,46,1.3664927013706585e-05,0.0,nan
79,47,8.488114601564377e-06,0.0,nan
79,48,8.312646220025686e-06,0.0,nan
79,49,2.3653671959729225e-05,0.0,nan
79,50,2.0908523835677465e-05,0.0,nan
79,51,3.803536169570751e-05,0.0,nan
79,52,6.327200521142567e-06,0.0,nan
79,53,1.3428833395156722e-05,0.0,nan
79,54,2.0421512539125887e-05,0.0,nan
79,55,2.6264626992753823e-05,0.0,nan
79,56,9.98795703674199e-06,0.0,nan
79,57,4.649494553943332e-05,0.0,nan
79,58,1.535902454669751e-05,0.0,nan
79,59,4.335276751339862e-05,0.0,nan
79,60,3.82552923437706e-05,0.0,nan
79,61,1.2552715087372872e-05,0.0,nan
79,62,2.0730563099985324e-05,0.0,nan
79,63,1.1954211681536646e-05,0.0,nan
79,64,6.316922449561177e-06,0.0,nan
79,65,1.016600748750635e-05,0.0,nan
79,66,2.992028190620623e-05,0.0,nan
79,67,1.3057458838415695e-05,0.0,nan
79,68,1.9360733201316478e-05,0.0,nan
79,69,9.605848996670194e-06,0.0,nan
79,70,8.622165034011196e-06,0.0,nan
79,71,7.052589991011229e-06,0.0,nan
79,72,5.801281340067163e-06,0.0,nan
79,73,4.641906886953086e-06,0.0,nan
79,74,1.5135227894907027e-05,0.0,nan
79,75,1.5639773590293553e-05,0.0,nan
79,76,2.5049593041169046e-05,0.0,nan
79,77,2.3421036730516925e-05,0.0,nan
79,78,1.9954004456804933e-05,0.0,nan
79,79,1.659157291327338e-05,0.0,nan
79,80,1.3478181791432141e-05,0.0,nan
79,81,6.0890874497834533e-05,0.0,nan
79,82,1.8293961077119024e-05,0.0,nan
79,83,3.718474146946828e-05,0.0,nan
79,84,1.7589608342305476e-05,0.0,nan
79,85,1.5272413508345887e-05,0.0,nan
79,86,5.754003378854435e-06,0.0,nan
79,87,1.2472938011400468e-05,0.0,nan
79,88,3.70085305700809e-06,0.0,nan
79,89,1.3930448511642909e-05,0.0,nan
79,90,1.7184331479063094e-05,0.0,nan
79,91,1.2641738228813198e-05,0.0,nan
79,92,1.2889705056330977e-05,0.0,nan
79,93,3.28314453987407e-05,0.0,nan
79,94,1.1401127806247578e-05,0.0,nan
79,95,2.6115303819960208e-05,0.0,nan
79,96,2.4166562739653462e-05,0.0,nan
79,97,1.5721033330761193e-05,0.0,nan
79,98,1.70710612574728e-05,0.0,nan
79,99,1.2919461847908038e-05,0.0,nan
80,0,1.5929716780941028e-05,0.0,nan
80,1,9.539742235897725e-06,0.0,nan
80,2,2.0836284963403865e-05,0.0,nan
80,3,3.945248513219169e-05,0.0,nan
80,4,1.078801339354883e-05,0.0,nan
80,5,2.8943979777520696e-05,0.0,nan
80,6,5.5055645916935746e-06,0.0,nan
80,7,1.0606505857418978e-05,0.0,nan
80,8,3.061028184845576e-05,0.0,nan
80,9,2.391678186067635e-05,0.0,nan
80,10,2.789655314360222e-05,0.0,nan
80,11,0.17056314940984418,1.0,nan
80,12,1.527978964172586e-05,0.0,nan
80,13,1.7501293071834627e-05,0.0,nan
80,14,2.8391460654192376e-05,0.0,nan
80,15,3.102353369092512e-05,0.0,nan
80,16,1.3756958504498411e-05,0.0,nan
80,17,1.5991803583953147e-05,0.0,nan
80,18,5.702523616832077e-05,0.0,nan
80,19,9.986873448268146e-06,0.0,nan
80,20,7.208363298271287e-06,0.0,nan
80,21,0.16347036209597693,1.0,nan
80,22,4.59483089846357e-05,0.0,nan
80,23,4.415209731993482e-06,0.0,nan
80,24,4.209550628334752e-06,0.0,nan
80,25,2.7410498915794342e-05,0.0,nan
80,26,1.5479977948008095e-05,0.0,nan
80,27,0.2188089087339967,1.0,nan
80,28,3.66648235846056e-05,0.0,nan
80,29,1.327180669596412e-05,0.0,nan
80,30,4.364117015477373e-05,0.0,nan
80,31,1.5716740250032323e-05,0.0,nan
80,32,1.623631803284616e-05,0.0,nan
80,33,1.789325067913319e-05,0.0,nan
80,34,3.863285584586121e-06,0.0,nan
80,35,7.5615731223413495e-06,0.0,nan
80,36,1.3906757425358216e-05,0.0,nan
80,37,2.9141786433342667e-05,0.0,nan
80,38,3.1961396597344756e-05,0.0,nan
80,39,1.9773180253046757e-05,0.0,nan
80,40,1.1435789159854202e-05,0.0,nan
80,41,9.899458021255036e-06,0.0,nan
80,42,1.8079828606847024e-05,0.0,nan
80,43,3.5757416582722856e-06,0.0,nan
80,44,2.5547218351366787e-05,0.0,nan
80,45,1.2338062374759166e-05,0.0,nan
80,46,1.0086126203580086e-05,0.0,nan
80,47,2.0836296070220805e-05,0.0,nan
80,48,1.9156371723415938e-05,0.0,nan
80,49,1.82768055127616e-05,0.0,nan
80,50,2.4627226959057376e-05,0.0,nan
80,51,2.8794085497916095e-05,0.0,nan
80,52,2.0095162735881963e-05,0.0,nan
80,53,2.1378014331091484e-05,0.0,nan
80,54,1.1914123572012608e-05,0.0,nan
80,55,2.9903545548002652e-05,0.0,nan
80,56,1.7990186454049515e-05,0.0,nan
80,57,2.6666410090038477e-05,0.0,nan
80,58,2.104231897510412e-06,0.0,nan
80,59,1.7299144021467513e-05,0.0,nan
80,60,6.736820107798846e-05,0.0,nan
80,61,7.1547500136422885e-06,0.0,nan
80,62,9.334515381477406e-06,0.0,nan
80,63,1.0048842926229631e-05,0.0,nan
80,64,1.8524878319300382e-05,0.0,nan
80,65,1.7970441879043974e-05,0.0,nan
80,66,5.068057196179377e-05,0.0,nan
80,67,6.50114198854266e-05,0.0,nan
80,68,1.4251880885738384e-05,0.0,nan
80,69,2.4791567303787667e-05,0.0,nan
80,70,9.733702846240897e-06,0.0,nan
80,71,1.1488188546055165e-05,0.0,nan
80,72,1.6122667322507826e-05,0.0,nan
80,73,6.505727091768793e-05,0.0,nan
80,74,1.6589286973698033e-05,0.0,nan
80,75,1.4763112291153905e-05,0.0,nan
80,76,2.025584766627383e-05,0.0,nan
80,77,2.0376070582837395e-05,0.0,nan
80,78,1.2273468531223517e-05,0.0,nan
80,79,1.0962738673796685e-05,0.0,nan
80,80,1.678493418256194e-05,0.0,nan
80,81,2.473946462623706e-06,0.0,nan
80,82,1.819985608305187e-05,0.0,nan
80,83,2.5201765168718268e-05,0.0,nan
80,84,1.7796937703764257e-05,0.0,nan
80,85,1.1648780137971118e-05,0.0,nan
80,86,2.8612435926826266e-05,0.0,nan
80,87,1.038143671568623e-05,0.0,nan
80,88,1.2285543668934628e-05,0.0,nan
80,89,2.2353166510515317e-05,0.0,nan
80,90,1.608899728302883e-05,0.0,nan
80,91,3.5270743492936516e-06,0.0,nan
80,92,2.6036707777286442e-05,0.0,nan
80,93,6.193371035053158e-05,0.0,nan
80,94,1.7694043807087078e-05,0.0,nan
80,95,1.5321723748725652e-05,0.0,nan
80,96,4.9168478344061736e-05,0.0,nan
80,97,1.934299822144187e-05,0.0,nan
80,98,9.152631005329586e-06,0.0,nan
80,99,9.267135016909004e-06,0.0,nan
81,0,3.153752520860064e-05,0.0,nan
81,1,1.588877294543472e-05,0.0,nan
81,2,2.0857496124346687e-05,0.0,nan
81,3,1.1948450674385406e-05,0.0,nan
81,4,7.17911714137511e-06,0.0,nan
81,5,8.054641143399355e-06,0.0,nan
81,6,1.311097585947622e-05,0.0,nan
81,7,9.718765592958586e-06,0.0,nan
81,8,2.874869569828112e-05,0.0,nan
81,9,1.1200366862331523e-05,0.0,nan
81,10,2.3406499525699768e-05,0.0,nan
81,11,0.15615358185735917,1.0,nan
81,12,2.820583165110749e-05,0.0,nan
81,13,1.4500638023085753e-05,0.0,nan
81,14,1.2335409542685341e-05,0.0,nan
81,15,2.621517122921978e-05,0.0,nan
81,16,3.510362714708209e-06,0.0,nan
81,17,1.3297505382042616e-05,0.0,nan
81,18,5.70301335988652e-06,0.0,nan
81,19,2.1542134243868898e-05,0.0,nan
81,20,1.1601660625618645e-05,0.0,nan
81,21,0.1126773553189284,1.0,nan
81,22,1.3018843212621366e-05,0.0,nan
81,23,1.7450501424867553e-05,0.0,nan
81,24,8.091486039315936e-06,0.0,nan
81,25,2.477582357944041e-05,0.0,nan
81,26,1.8330574420529303e-05,0.0,nan
81,27,0.3100521648784027,1.0,nan
81,28,9.860734997204145e-06,0.0,nan
81,29,1.5963927864192153e-05,0.0,nan
81,30,2.1594732396968702e-05,0.0,nan
81,31,2.577791596347339e-05,0.0,nan
81,32,1.3497079741172134e-05,0.0,nan
81,33,1.9177899178799608e-05,0.0,nan
81,34,2.158781354254192e-05,0.0,nan
81,35,1.8925087114408805e-05,0.0,nan
81,36,9.069485942854919e-06,0.0,nan
81,37,3.477098073776385e-05,0.0,nan
81,38,1.8327035541576263e-05,0.0,nan
81,39,8.683043509228162e-06,0.0,nan
81,40,9.433376166180542e-06,0.0,nan
81,41,1.0950087002334685e-05,0.0,nan
81,42,1.5875352235356462e-05,0.0,nan
81,43,1.43371555343146e-05,0.0,nan
81,44,2.2767147073901046e-05,0.0,nan
81,45,1.3257622766043347e-05,0.0,nan
81,46,1.6648282698538075e-05,0.0,nan
81,47,8.36135641115624e-06,0.0,nan
81,48,1.0730001185808178e-05,0.0,nan
81,49,2.2972280669366156e-05,0.0,nan
81,50,2.8155299596577335e-05,0.0,nan
81,51,1.5058860607716534e-05,0.0,nan
81,52,1.375697997536476e-05,0.0,nan
81,53,4.455693056627498e-05,0.0,nan
81,54,1.2655405464597332e-05,0.0,nan
81,55,3.508610429054205e-05,0.0,nan
81,56,4.926932014200931e-05,0.0,nan
81,57,3.17977802916487e-05,0.0,nan
81,58,2.2530364756226318e-05,0.0,nan
81,59,9.432214133936913e-06,0.0,nan
81,60,2.286978780133546e-05,0.0,nan
81,61,1.0891258896160923e-05,0.0,nan
81,62,2.509791691520671e-05,0.0,nan
81,63,1.316151100383107e-05,0.0,nan
81,64,1.4605106594548468e-05,0.0,nan
81,65,1.025965330537755e-05,0.0,nan
81,66,2.93420645635958e-05,0.0,nan
81,67,2.2266403391863946e-05,0.0,nan
81,68,1.628081783568453e-05,0.0,nan
81,69,1.2305079627425643e-05,0.0,nan
81,70,2.5500582141503774e-05,0.0,nan
81,71,1.1767237465950311e-05,0.0,nan
81,72,9.836792500107092e-06,0.0,nan
81,73,2.112600473416369e-06,0.0,nan
81,74,7.83246623189633e-06,0.0,nan
81,75,2.6443122460020034e-05,0.0,nan
81,76,1.3675209092875728e-05,0.0,nan
81,77,2.7030051204920675e-05,0.0,nan
81,78,2.9849454979648525e-05,0.0,nan
81,79,1.8954723115973992e-05,0.0,nan
81,80,3.199996611148694e-05,0.0,nan
81,81,1.539726330604594e-05,0.0,nan
81,82,1.552842354964488e-05,0.0,nan
81,83,4.738494362857422e-06,0.0,nan
81,84,1.627884836409746e-05,0.0,nan
81,85,9.033607598633451e-06,0.0,nan
81,86,9.718673188828969e-06,0.0,nan
81,87,3.0200673249254254e-05,0.0,nan
81,88,1.6246320522448254e-05,0.0,nan
81,89,1.5116504210093555e-05,0.0,nan
81,90,1.1745685380011764e-05,0.0,nan
81,91,1.3678324202440025e-05,0.0,nan
81,92,1.66809745867027e-05,0.0,nan
81,93,1.4023212121604215e-05,0.0,nan
81,94,3.480433770273541e-05,0.0,nan
81,95,0.00012204109580329762,0.0,nan
81,96,1.359573877246782e-05,0.0,nan
81,97,2.0090940684289817e-05,0.0,nan
81,98,0.00013543816845548368,0.0,nan
81,99,1.1402408243967708e-05,0.0,nan
82,0,1.8434811050402453e-05,0.0,nan
82,1,1.6205621035628327e-05,0.0,nan
82,2,3.99475007261596e-05,0.0,nan
82,3,9.305904028329592e-06,0.0,nan
82,4,2.052774458929202e-05,0.0,nan
82,5,2.0484195334761525e-05,0.0,nan
82,6,1.9163746049996974e-05,0.0,nan
82,7,2.03733645175851e-05,0.0,nan
82,8,1.706267140585722e-05,0.0,nan
82,9,2.1693612114382846e-05,0.0,nan
82,10,6.798273484082673e-06,0.0,nan
82,11,0.1553321625824719,1.0,nan
82,12,1.8492703352323898e-05,0.0,nan
82,13,1.114885946878871e-05,0.0,nan
82,14,1.1322358895265396e-05,0.0,nan
82,15,2.521927417948174e-05,0.0,nan
82,16,1.9257026195818947e-05,0.0,nan
82,17,3.4101174420847365e-05,0.0,nan
82,18,4.123872018873181e-05,0.0,nan
82,19,1.8083010164211947e-05,0.0,nan
82,20,3.3275906458498386e-05,0.0,nan
82,21,0.07290129211519261,1.0,nan
82,22,1.1561837322392506e-05,0.0,nan
82,23,1.6117279580986788e-05,0.0,nan
82,24,1.4283805153479989e-05,0.0,nan
82,25,1.785990057520644e-05,0.0,nan
82,26,2.115036264424904e-05,0.0,nan
82,27,0.1823785848145933,1.0,nan
82,28,2.0500250474241154e-05,0.0,nan
82,29,1.266358583524471e-05,0.0,nan
82,30,1.1035741147574358e-05,0.0,nan
82,31,3.991788030589349e-05,0.0,nan
82,32,3.457943911712414e-05,0.0,nan
82,33,1.795022582319674e-05,0.0,nan
82,34,2.4432216108703577e-05,0.0,nan
82,35,2.0064664143827237e-05,0.0,nan
82,36,2.0807411568360493e-05,0.0,nan
82,37,2.5870582611089443e-05,0.0,nan
82,38,7.19300390193701e-05,0.0,nan
82,39,2.1905390270529457e-05,0.0,nan
82,40,1.134820740251526e-05,0.0,nan
82,41,3.998598626065363e-05,0.0,nan
82,42,2.6191488999436264e-05,0.0,nan
82,43,6.462226975494591e-06,0.0,nan
82,44,2.4640020069090437e-05,0.0,nan
82,45,7.764946463773575e-06,0.0,nan
82,46,1.163646306774253e-05,0.0,nan
82,47,2.4196557620498604e-05,0.0,nan
82,48,6.346601757406525e-06,0.0,nan
82,49,5.1633825376363486e-05,0.0,nan
82,50,1.5848201854409098e-05,0.0,nan
82,51,1.923816019926866e-05,0.0,nan
82,52,1.92961117560114e-05,0.0,nan
82,53,1.280298788287888e-05,0.0,nan
82,54,2.183608914073147e-05,0.0,nan
82,55,1.706953549897841e-05,0.0,nan
82,56,2.7927480576664457e-05,0.0,nan
82,57,5.160415814691699e-05,0.0,nan
82,58,1.8748518493260903e-05,0.0,nan
82,59,2.7186610016181777e-05,0.0,nan
82,60,2.6210883242759612e-05,0.0,nan
82,61,1.1178424220302787e-05,0.0,nan
82,62,3.5750453977847124e-05,0.0,nan
82,63,5.1298409750746715e-06,0.0,nan
82,64,2.9046672169854393e-05,0.0,nan
82,65,3.1297038603977866e-05,0.0,nan
82,66,1.5553511940573577e-05,0.0,nan
82,67,1.7239431089955876e-05,0.0,nan
82,68,1.3669888937522737e-05,0.0,nan
82,69,1.3838777675505178e-05,0.0,nan
82,70,2.3557964978957765e-05,0.0,nan
82,71,1.5934112755377843e-05,0.0,nan
82,72,0.0001338995874771206,0.0,nan
82,73,1.6695710336505947e-05,0.0,nan
82,74,2.3220937825718086e-05,0.0,nan
82,75,1.5684930236178703e-05,0.0,nan
82,76,5.463485020286795e-05,0.0,nan
82,77,2.433676156660237e-05,0.0,nan
82,78,2.8066336873786894e-05,0.0,nan
82,79,8.035223630368565e-06,0.0,nan
82,80,2.1255360134125374e-05,0.0,nan
82,81,1.8534764515271076e-05,0.0,nan
82,82,1.3974373464294268e-05,0.0,nan
82,83,2.2483670161316016e-05,0.0,nan
82,84,3.0233270741853216e-05,0.0,nan
82,85,2.1690466723765867e-05,0.0,nan
82,86,4.10093143952906e-05,0.0,nan
82,87,2.5820352663263223e-05,0.0,nan
82,88,1.4108920339168277e-05,0.0,nan
82,89,8.914067350367176e-05,0.0,nan
82,90,2.023889692371101e-05,0.0,nan
82,91,1.815681762759236e-05,0.0,nan
82,92,1.1719362127156679e-05,0.0,nan
82,93,1.6504053813273265e-05,0.0,nan
82,94,4.89234790459119e-05,0.0,nan
82,95,1.991262757102806e-05,0.0,nan
82,96,2.4537547094898023e-05,0.0,nan
82,97,1.124430808633745e-05,0.0,nan
82,98,4.975161099378243e-05,0.0,nan
82,99,9.288523189380879e-06,0.0,nan
83,0,8.49258584867564e-06,0.0,nan
83,1,1.8898011000272634e-05,0.0,nan
83,2,2.9203159487258488e-05,0.0,nan
83,3,4.174775354762318e-05,0.0,nan
83,4,8.614818052560765e-06,0.0,nan
83,5,4.881640069620381e-05,0.0,nan
83,6,1.0059717954304377e-05,0.0,nan
83,7,2.0663828884335818e-05,0.0,nan
83,8,2.4322384582040715e-05,0.0,nan
83,9,0.00014487575027657674,0.0,nan
83,10,2.8790866783666307e-05,0.0,nan
83,11,0.10417370613530252,1.0,nan
83,12,3.9197593901039395e-05,0.0,nan
83,13,2.248860448406437e-05,0.0,nan
83,14,2.4373576196342773e-05,0.0,nan
83,15,8.092801948451527e-06,0.0,nan
83,16,4.2779168569270635e-05,0.0,nan
83,17,6.45316997534e-06,0.0,nan
83,18,3.4096584645427536e-05,0.0,nan
83,19,3.106490664165822e-05,0.0,nan
83,20,3.34764340419713e-05,0.0,nan
83,21,0.0845140542727862,1.0,nan
83,22,2.216288284356658e-05,0.0,nan
83,23,6.174089916217517e-06,0.0,nan
83,24,4.937780511913048e-06,0.0,nan
83,25,7.78156643220631e-06,0.0,nan
83,26,1.3115620341423313e-05,0.0,nan
83,27,0.11607905656142092,1.0,nan
83,28,2.045741139872809e-05,0.0,nan
83,29,1.9251761977482707e-05,0.0,nan
83,30,1.568495505305227e-05,0.0,nan
83,31,1.112575685638799e-05,0.0,nan
83,32,2.8819913087446188e-05,0.0,nan
83,33,3.096579679997228e-05,0.0,nan
83,34,1.4720759788841234e-05,0.0,nan
83,35,1.496667750604373e-05,0.0,nan
83,36,2.9414725602954755e-05,0.0,nan
83,37,1.9569475763563842e-05,0.0,nan
83,38,7.865451605173122e-05,0.0,nan
83,39,1.1911257632999747e-05,0.0,nan
83,40,2.3158739222466528e-05,0.0,nan
83,41,2.4634862219661887e-05,0.0,nan
83,42,2.194641480029764e-05,0.0,nan
83,43,8.282628169998617e-06,0.0,nan
83,44,2.683438967710337e-05,0.0,nan
83,45,3.131906322728881e-05,0.0,nan
83,46,3.35302853348917e-05,0.0,nan
83,47,1.728849047961903e-05,0.0,nan
83,48,3.8806301403130865e-06,0.0,nan
83,49,1.8862425309735926e-05,0.0,nan
83,50,2.019103040444714e-05,0.0,nan
83,51,2.562187795191036e-05,0.0,nan
83,52,2.9753711525347618e-05,0.0,nan
83,53,2.93791885972546e-05,0.0,nan
83,54,2.0619059768098548e-05,0.0,nan
83,55,2.8891383445292443e-05,0.0,nan
83,56,2.0760377442410837e-05,0.0,nan
83,57,1.2243001536126557e-05,0.0,nan
83,58,3.5277655410915462e-06,0.0,nan
83,59,2.117855243579719e-05,0.0,nan
83,60,3.2285607369455355e-05,0.0,nan
83,61,8.28263687927222e-06,0.0,nan
83,62,1.6918596330691993e-05,0.0,nan
83,63,1.9301308982784085e-05,0.0,nan
83,64,2.671909174533131e-05,0.0,nan
83,65,2.5348411571994024e-05,0.0,nan
83,66,4.3553122455217874e-06,0.0,nan
83,67,1.865074007594179e-05,0.0,nan
83,68,1.4503840492216153e-05,0.0,nan
83,69,1.5149424883869309e-05,0.0,nan
83,70,6.153916470360313e-06,0.0,nan
83,71,2.743283492068581e-05,0.0,nan
83,72,1.864902760903853e-05,0.0,nan
83,73,1.4383068609127637e-05,0.0,nan
83,74,1.809495788434976e-05,0.0,nan
83,75,2.2249841539735185e-05,0.0,nan
83,76,2.1322649762623965e-05,0.0,nan
83,77,3.0239988449294118e-05,0.0,nan
83,78,2.4439566426040875e-05,0.0,nan
83,79,2.1727539376594004e-05,0.0,nan
83,80,1.76228208250253e-05,0.0,nan
83,81,3.055031351661515e-05,0.0,nan
83,82,1.557068242547527e-05,0.0,nan
83,83,2.8873348252656408e-05,0.0,nan
83,84,2.2247900715261693e-05,0.0,nan
83,85,1.9677578311046957e-05,0.0,nan
83,86,1.7155310657386372e-05,0.0,nan
83,87,4.298335449896756e-05,0.0,nan
83,88,2.146860023759985e-05,0.0,nan
83,89,6.313926786370637e-06,0.0,nan
83,90,9.704905475122945e-06,0.0,nan
83,91,3.665159036753914e-05,0.0,nan
83,92,1.8429843252485975e-05,0.0,nan
83,93,8.452142552485939e-06,0.0,nan
83,94,6.587061886761059e-06,0.0,nan
83,95,3.676420497670476e-05,0.0,nan
83,96,1.714974484430698e-05,0.0,nan
83,97,4.81068780561861e-05,0.0,nan
83,98,4.448345364876878e-05,0.0,nan
83,99,4.631923719225706e-05,0.0,nan
84,0,4.152734420985683e-05,0.0,nan
84,1,2.4355445021922677e-05,0.0,nan
84,2,9.171037586332075e-06,0.0,nan
84,3,6.569887136244059e-06,0.0,nan
84,4,2.983198659636028e-05,0.0,nan
84,5,2.6150578689000065e-05,0.0,nan
84,6,2.1946698119488e-06,0.0,nan
84,7,3.9709734528870205e-05,0.0,nan
84,8,8.640741268858079e-06,0.0,nan
84,9,1.4541530436108647e-05,0.0,nan
84,10,2.1463219383707216e-05,0.0,nan
84,11,0.1707855982169571,1.0,nan
84,12,1.8782330439332537e-05,0.0,nan
84,13,4.552690200316686e-05,0.0,nan
84,14,6.564820687161746e-06,0.0,nan
84,15,1.3794778089699402e-05,0.0,nan
84,16,2.233294314199487e-05,0.0,nan
84,17,1.5079387265807136e-05,0.0,nan
84,18,8.442295314207197e-06,0.0,nan
84,19,1.1798406787619642e-05,0.0,nan
84,20,4.653158480501523e-05,0.0,nan
84,21,0.07551292497860804,1.0,nan
84,22,1.4197632961324985e-05,0.0,nan
84,23,1.1855927205519997e-05,0.0,nan
84,24,1.3631628776300919e-05,0.0,nan
84,25,4.558241510959898e-06,0.0,nan
84,26,7.207387946231006e-06,0.0,nan
84,27,0.17037058278154876,1.0,nan
84,28,2.2762021344961778e-05,0.0,nan
84,29,1.8924668897474164e-05,0.0,nan
84,30,3.279148993630763e-05,0.0,nan
84,31,2.1752606332957568e-05,0.0,nan
84,32,2.1258955039885214e-05,0.0,nan
84,33,2.1893293675489273e-05,0.0,nan
84,34,1.5417560440169653e-05,0.0,nan
84,35,1.7571997245948836e-05,0.0,nan
84,36,2.0784968212933157e-05,0.0,nan
84,37,1.642440414098609e-05,0.0,nan
84,38,2.1680690361023382e-05,0.0,nan
84,39,2.4562206221533712e-05,0.0,nan
84,40,3.4082138533224837e-06,0.0,nan
84,41,7.561386641989114e-06,0.0,nan
84,42,1.5589227761803588e-05,0.0,nan
84,43,2.2546091316143392e-05,0.0,nan
84,44,1.3120576855269774e-05,0.0,nan
84,45,3.244440989649365e-05,0.0,nan
84,46,1.1303015075742456e-05,0.0,nan
84,47,1.465911423479248e-05,0.0,nan
84,48,1.8609745702507794e-05,0.0,nan
84,49,1.633669251416959e-05,0.0,nan
84,50,7.79033006656657e-06,0.0,nan
84,51,1.2585879875590084e-05,0.0,nan
84,52,3.6880726176716e-05,0.0,nan
84,53,1.8209513618515792e-05,0.0,nan
84,54,5.769387191517978e-06,0.0,nan
84,55,2.7568196143141006e-05,0.0,nan
84,56,1.2951168318253871e-05,0.0,nan
84,57,1.1199998184641376e-05,0.0,nan
84,58,2.4059588635020736e-05,0.0,nan
84,59,2.1485793501670534e-05,0.0,nan
84,60,3.872422897446378e-05,0.0,nan
84,61,1.212071750752669e-05,0.0,nan
84,62,3.23212249587629e-05,0.0,nan
84,63,2.703083001437125e-05,0.0,nan
84,64,1.7991310253286316e-05,0.0,nan
84,65,2.799319746128837e-05,0.0,nan
84,66,2.4198931673904147e-05,0.0,nan
84,67,8.743104242937524e-05,0.0,nan
84,68,1.1136982715354504e-05,0.0,nan
84,69,1.6262436595265713e-05,0.0,nan
84,70,1.5352354106278094e-05,0.0,nan
84,71,3.894059354510854e-05,0.0,nan
84,72,1.2680394055120052e-05,0.0,nan
84,73,4.395296348414865e-05,0.0,nan
84,74,8.046275052246774e-06,0.0,nan
84,75,4.702810810034406e-05,0.0,nan
84,76,1.1030093926678624e-05,0.0,nan
84,77,1.5976368165957096e-05,0.0,nan
84,78,1.5526012315070926e-05,0.0,nan
84,79,3.405059820605243e-05,0.0,nan
84,80,1.1771484453749038e-05,0.0,nan
84,81,7.805131212943411e-06,0.0,nan
84,82,5.891773443318395e-06,0.0,nan
84,83,1.9339771911222156e-05,0.0,nan
84,84,1.8762787106631874e-05,0.0,nan
84,85,1.8026269698104e-05,0.0,nan
84,86,1.7761775101633037e-06,0.0,nan
84,87,8.565440180304475e-06,0.0,nan
84,88,1.0535754188194742e-05,0.0,nan
84,89,1.4096414312461345e-05,0.0,nan
84,90,1.2081492218685412e-05,0.0,nan
84,91,1.3807324682552395e-05,0.0,nan
84,92,3.185095268139433e-05,0.0,nan
84,93,1.0289778862421362e-05,0.0,nan
84,94,1.9993141385913505e-05,0.0,nan
84,95,3.2211360572264125e-06,0.0,nan
84,96,1.2567062888302649e-05,0.0,nan
84,97,1.5143850435146547e-05,0.0,nan
84,98,2.3731244714495535e-05,0.0,nan
84,99,5.877764604890711e-06,0.0,nan
85,0,1.6387868883188642e-05,0.0,nan
85,1,8.22444592438931e-06,0.0,nan
85,2,1.3931906047176548e-05,0.0,nan
85,3,1.7528570033828753e-05,0.0,nan
85,4,1.5977470645580383e-05,0.0,nan
85,5,1.316827293621817e-05,0.0,nan
85,6,2.8512740539742464e-05,0.0,nan
85,7,3.952087659347959e-05,0.0,nan
85,8,3.439439370648322e-05,0.0,nan
85,9,2.287679163037557e-05,0.0,nan
85,10,2.9970427859493385e-05,0.0,nan
85,11,0.08847175200951157,1.0,nan
85,12,2.654386843830265e-05,0.0,nan
85,13,4.906398707301117e-05,0.0,nan
85,14,1.8789395508347284e-05,0.0,nan
85,15,3.0267722620360353e-05,0.0,nan
85,16,1.6369326638597716e-05,0.0,nan
85,17,1.2383071466486784e-05,0.0,nan
85,18,1.9049468770057494e-05,0.0,nan
85,19,2.3815494143217184e-05,0.0,nan
85,20,4.0209620841900365e-05,0.0,nan
85,21,0.0688530434375598,1.0,nan
85,22,7.128979261028631e-05,0.0,nan
85,23,3.427177948884138e-05,0.0,nan
85,24,5.415403497346184e-05,0.0,nan
85,25,2.406669658851299e-05,0.0,nan
85,26,2.1725988741634092e-05,0.0,nan
85,27,0.1358335016585847,1.0,nan
85,28,4.6260123921101964e-05,0.0,nan
85,29,4.1253179866927475e-06,0.0,nan
85,30,2.1941384674591082e-05,0.0,nan
85,31,1.1018284711208587e-05,0.0,nan
85,32,3.154703659297052e-05,0.0,nan
85,33,3.712733111533082e-05,0.0,nan
85,34,2.8472005990988045e-05,0.0,nan
85,35,1.2059424176573893e-05,0.0,nan
85,36,3.158847749632699e-05,0.0,nan
85,37,5.558668625920973e-05,0.0,nan
85,38,2.644457886291523e-05,0.0,nan
85,39,2.580967092730637e-05,0.0,nan
85,40,2.0825455715742626e-05,0.0,nan
85,41,4.2534569266637094e-05,0.0,nan
85,42,4.4147389936184846e-05,0.0,nan
85,43,2.083482465681471e-05,0.0,nan
85,44,1.1795840948112586e-05,0.0,nan
85,45,2.2011249736919417e-05,0.0,nan
85,46,1.7360602805500825e-05,0.0,nan
85,47,3.150327308395065e-05,0.0,nan
85,48,8.87594138562554e-06,0.0,nan
85,49,3.575590091510409e-05,0.0,nan
85,50,3.648643670465387e-05,0.0,nan
85,51,1.3262703694509807e-05,0.0,nan
85,52,2.4591420179177055e-05,0.0,nan
85,53,1.7492299093480663e-05,0.0,nan
85,54,3.979402301186999e-05,0.0,nan
85,55,3.8894346128957795e-05,0.0,nan
85,56,6.342856549022902e-06,0.0,nan
85,57,1.991213712259158e-05,0.0,nan
85,58,2.1845105662904016e-05,0.0,nan
85,59,3.209650495613189e-05,0.0,nan
85,60,1.9828835547620697e-05,0.0,nan
85,61,3.458668738546751e-05,0.0,nan
85,62,1.3940844056548312e-05,0.0,nan
85,63,2.6371408853043112e-05,0.0,nan
85,64,7.5367545675714665e-06,0.0,nan
85,65,1.7209597252150836e-05,0.0,nan
85,66,1.365711024808562e-05,0.0,nan
85,67,4.8720366357238716e-05,0.0,nan
85,68,3.0456205644727573e-05,0.0,nan
85,69,2.8558759724279767e-06,0.0,nan
85,70,1.8262372001458398e-05,0.0,nan
85,71,4.910033363635424e-05,0.0,nan
85,72,1.1152970200557405e-05,0.0,nan
85,73,1.3604974529594697e-05,0.0,nan
85,74,1.1433971565741242e-05,0.0,nan
85,75,2.3792345249237055e-05,0.0,nan
85,76,1.1253420475376175e-05,0.0,nan
85,77,4.098494688876492e-05,0.0,nan
85,78,2.2618027713477298e-05,0.0,nan
85,79,6.0854528119423255e-06,0.0,nan
85,80,1.0575562148405746e-05,0.0,nan
85,81,2.2736775465916247e-05,0.0,nan
85,82,2.117407682443486e-05,0.0,nan
85,83,1.2156171993896749e-05,0.0,nan
85,84,1.4159256239894372e-05,0.0,nan
85,85,1.0246345985691238e-05,0.0,nan
85,86,3.1871250889378304e-05,0.0,nan
85,87,1.264932095660826e-05,0.0,nan
85,88,5.309901472752289e-05,0.0,nan
85,89,6.0981449114633305e-06,0.0,nan
85,90,1.3877119380709388e-05,0.0,nan
85,91,2.260953950103891e-05,0.0,nan
85,92,8.546284717757904e-06,0.0,nan
85,93,2.7640037013068588e-05,0.0,nan
85,94,1.8050830865983807e-05,0.0,nan
85,95,3.86061792090202e-05,0.0,nan
85,96,1.971304951814143e-05,0.0,nan
85,97,8.144713050589242e-06,0.0,nan
85,98,3.0438348311642633e-05,0.0,nan
85,99,1.5144915381349305e-06,0.0,nan
86,0,1.6590470756403113e-05,0.0,nan
86,1,1.0007767470928774e-05,0.0,nan
86,2,1.830593261554675e-05,0.0,nan
86,3,1.123726627501783e-05,0.0,nan
86,4,3.097122759859217e-05,0.0,nan
86,5,4.1937245631956264e-05,0.0,nan
86,6,2.4997157410144047e-05,0.0,nan
86,7,1.1137057953682321e-05,0.0,nan
86,8,3.7731467485157344e-05,0.0,nan
86,9,2.0365431199440953e-05,0.0,nan
86,10,1.136007670208317e-05,0.0,nan
86,11,0.09532696185720743,1.0,nan
86,12,1.710245890821671e-05,0.0,nan
86,13,1.893017254498135e-05,0.0,nan
86,14,1.0746428791597066e-05,0.0,nan
86,15,3.579243560939018e-06,0.0,nan
86,16,1.2437906381294461e-05,0.0,nan
86,17,1.5014873453153825e-05,0.0,nan
86,18,5.047420968770086e-06,0.0,nan
86,19,8.55631007643988e-06,0.0,nan
86,20,1.1160444494740368e-05,0.0,nan
86,21,0.20282046023923853,1.0,nan
86,22,1.6381293780659587e-05,0.0,nan
86,23,2.793329979610834e-05,0.0,nan
86,24,7.626507803827288e-06,0.0,nan
86,25,1.0585629923943849e-05,0.0,nan
86,26,1.796797034790529e-05,0.0,nan
86,27,0.24004883120352666,1.0,nan
86,28,2.08095912132258e-05,0.0,nan
86,29,6.474271253417007e-06,0.0,nan
86,30,4.0849612152409846e-05,0.0,nan
86,31,1.2626577102725854e-05,0.0,nan
86,32,1.7307371281154552e-05,0.0,nan
86,33,1.629968589469064e-05,0.0,nan
86,34,1.2834150129903847e-05,0.0,nan
86,35,1.109735858006239e-05,0.0,nan
86,36,1.2236650352533294e-05,0.0,nan
86,37,5.067810704773681e-06,0.0,nan
86,38,6.054289834493701e-06,0.0,nan
86,39,8.732236291841737e-06,0.0,nan
86,40,4.055299369828771e-05,0.0,nan
86,41,3.417313231041265e-05,0.0,nan
86,42,5.092249949554818e-05,0.0,nan
86,43,7.389412873410245e-05,0.0,nan
86,44,1.8235387963698803e-05,0.0,nan
86,45,9.628785327393224e-06,0.0,nan
86,46,3.522265997323e-05,0.0,nan
86,47,2.5224371698074224e-05,0.0,nan
86,48,7.347038463289617e-06,0.0,nan
86,49,1.5448080291680187e-05,0.0,nan
86,50,1.392592230430157e-05,0.0,nan
86,51,2.4727105636492127e-05,0.0,nan
86,52,1.9859728355450375e-05,0.0,nan
86,53,9.5864650150649e-06,0.0,nan
86,54,3.397554400265252e-05,0.0,nan
86,55,1.1542354867303605e-05,0.0,nan
86,56,1.5210863830219881e-05,0.0,nan
86,57,1.3620439219467368e-05,0.0,nan
86,58,1.3323049111182949e-05,0.0,nan
86,59,9.612153645276978e-06,0.0,nan
86,60,5.88630430715164e-06,0.0,nan
86,61,2.2350563379936938e-05,0.0,nan
86,62,0.00012240992771012484,0.0,nan
86,63,1.1635087036614853e-05,0.0,nan
86,64,8.354801495831376e-06,0.0,nan
86,65,1.8457069999694395e-05,0.0,nan
86,66,7.635251004234537e-06,0.0,nan
86,67,2.7796590615092853e-05,0.0,nan
86,68,3.5309521577066236e-05,0.0,nan
86,69,2.312199882840256e-05,0.0,nan
86,70,1.095263433692718e-05,0.0,nan
86,71,7.321196136269742e-05,0.0,nan
86,72,8.742202820224532e-06,0.0,nan
86,73,1.2324094442362696e-05,0.0,nan
86,74,3.334196504644842e-05,0.0,nan
86,75,1.2292131390579938e-05,0.0,nan
86,76,3.435034557547498e-05,0.0,nan
86,77,2.039786931507802e-05,0.0,nan
86,78,2.1254487121358153e-05,0.0,nan
86,79,1.970155125832426e-05,0.0,nan
86,80,1.0707916560325625e-05,0.0,nan
86,81,2.3796026721694716e-05,0.0,nan
86,82,2.8719811312961184e-05,0.0,nan
86,83,8.562358848674243e-06,0.0,nan
86,84,3.624518387180525e-05,0.0,nan
86,85,6.101587821191973e-06,0.0,nan
86,86,1.0230882166030851e-05,0.0,nan
86,87,1.962554719245426e-05,0.0,nan
86,88,2.4584153936169462e-05,0.0,nan
86,89,2.2362781013239003e-05,0.0,nan
86,90,2.129330852189987e-05,0.0,nan
86,91,2.0078360241359868e-05,0.0,nan
86,92,1.193374797676378e-05,0.0,nan
86,93,1.7549698863755363e-05,0.0,nan
86,94,9.798185161240697e-06,0.0,nan
86,95,2.3686417271785948e-05,0.0,nan
86,96,2.3426370057082354e-05,0.0,nan
86,97,1.893156869926872e-05,0.0,nan
86,98,2.070892761795822e-05,0.0,nan
86,99,1.2965977319283965e-05,0.0,nan
87,0,4.326571567574516e-05,0.0,nan
87,1,2.1047173648352218e-05,0.0,nan
87,2,1.2383730811328303e-05,0.0,nan
87,3,1.674581355687614e-05,0.0,nan
87,4,2.6479842514240914e-05,0.0,nan
87,5,1.6564355321876278e-05,0.0,nan
87,6,5.879404736883949e-05,0.0,nan
87,7,1.8206458172034873e-05,0.0,nan
87,8,1.6084004718852568e-05,0.0,nan
87,9,1.1182982475203376e-05,0.0,nan
87,10,2.3829509721016932e-05,0.0,nan
87,11,0.10290734709643196,1.0,nan
87,12,2.2578864579070344e-05,0.0,nan
87,13,3.32718200139832e-05,0.0,nan
87,14,2.1704474024770812e-05,0.0,nan
87,15,1.5789973930212893e-05,0.0,nan
87,16,9.05713566803545e-06,0.0,nan
87,17,4.701076291580106e-05,0.0,nan
87,18,1.109897903248132e-05,0.0,nan
87,19,1.6316028234493154e-05,0.0,nan
87,20,1.8185433731289175e-05,0.0,nan
87,21,0.11016184557122213,1.0,nan
87,22,2.4309756846355716e-05,0.0,nan
87,23,2.635730256730944e-05,0.0,nan
87,24,1.1122146152826659e-05,0.0,nan
87,25,2.1811874872810778e-05,0.0,nan
87,26,2.0075889469764336e-05,0.0,nan
87,27,0.14697979959215735,1.0,nan
87,28,2.0353671186625402e-05,0.0,nan
87,29,2.1176374750096625e-05,0.0,nan
87,30,3.708084762078303e-05,0.0,nan
87,31,1.2846654565689474e-05,0.0,nan
87,32,1.3413333866629816e-05,0.0,nan
87,33,4.6780806116883785e-05,0.0,nan
87,34,2.0480147954806447e-05,0.0,nan
87,35,2.391593407499044e-05,0.0,nan
87,36,6.171313801754361e-06,0.0,nan
87,37,2.5813517135593508e-05,0.0,nan
87,38,1.59284980997783e-05,0.0,nan
87,39,6.399265498815602e-06,0.0,nan
87,40,6.216831405803213e-06,0.0,nan
87,41,1.4332533373944578e-05,0.0,nan
87,42,1.2315289784394168e-05,0.0,nan
87,43,4.2692299821923084e-05,0.0,nan
87,44,4.059957743373824e-05,0.0,nan
87,45,1.5152219228487113e-05,0.0,nan
87,46,1.571835484944661e-05,0.0,nan
87,47,9.185160262731194e-06,0.0,nan
87,48,1.3760825044161178e-05,0.0,nan
87,49,2.39036736047587e-05,0.0,nan
87,50,3.035300055030107e-05,0.0,nan
87,51,1.4816042521987904e-05,0.0,nan
87,52,3.35543714866081e-05,0.0,nan
87,53,3.646116654391088e-05,0.0,nan
87,54,2.4056104299358926e-05,0.0,nan
87,55,9.713742527096461e-06,0.0,nan
87,56,3.489031363531233e-05,0.0,nan
87,57,2.603488843387542e-05,0.0,nan
87,58,2.1971234960925333e-05,0.0,nan
87,59,2.0746889580599296e-05,0.0,nan
87,60,2.6167309971478652e-05,0.0,nan
87,61,1.1666742010328023e-05,0.0,nan
87,62,1.690651344068864e-05,0.0,nan
87,63,1.2041395942930622e-05,0.0,nan
87,64,2.1571360995295198e-05,0.0,nan
87,65,1.950045788211021e-05,0.0,nan
87,66,1.4423754666908833e-05,0.0,nan
87,67,9.115045479608672e-06,0.0,nan
87,68,1.8212795676218185e-05,0.0,nan
87,69,1.811361437166151e-05,0.0,nan
87,70,1.0958309918666135e-05,0.0,nan
87,71,5.8441895618066765e-06,0.0,nan
87,72,1.1632303028901437e-05,0.0,nan
87,73,2.7473510552726865e-05,0.0,nan
87,74,8.780526869559598e-06,0.0,nan
87,75,2.4585464881821246e-05,0.0,nan
87,76,1.2817991980449553e-05,0.0,nan
87,77,2.0268279237034547e-05,0.0,nan
87,78,2.1076844682974288e-05,0.0,nan
87,79,2.437622749183618e-05,0.0,nan
87,80,1.58070943082143e-05,0.0,nan
87,81,3.061525057537603e-05,0.0,nan
87,82,3.057253996722239e-05,0.0,nan
87,83,7.337492427994795e-06,0.0,nan
87,84,1.6010390603058484e-05,0.0,nan
87,85,3.971234110716742e-06,0.0,nan
87,86,1.7599565490050177e-05,0.0,nan
87,87,1.497333782584173e-05,0.0,nan
87,88,2.234564373696341e-05,0.0,nan
87,89,9.57662529265019e-06,0.0,nan
87,90,1.2713072815834974e-05,0.0,nan
87,91,1.8287110081424183e-05,0.0,nan
87,92,1.004718815211243e-05,0.0,nan
87,93,7.603001272008142e-05,0.0,nan
87,94,2.1125162056247855e-05,0.0,nan
87,95,2.045709460398333e-05,0.0,nan
87,96,2.6240454425039508e-05,0.0,nan
87,97,2.5806697481561798e-05,0.0,nan
87,98,2.4545246088201713e-05,0.0,nan
87,99,2.0436679929560864e-05,0.0,nan
88,0,2.5490947728055232e-06,0.0,nan
88,1,1.0290330591537152e-05,0.0,nan
88,2,1.9576201737973356e-05,0.0,nan
88,3,3.425509697017258e-05,0.0,nan
88,4,4.0221679431072635e-05,0.0,nan
88,5,1.179296884438236e-05,0.0,nan
88,6,1.652899699068619e-05,0.0,nan
88,7,1.332708106871379e-05,0.0,nan
88,8,1.2079444845187803e-05,0.0,nan
88,9,2.9797238814743012e-05,0.0,nan
88,10,1.1421349794613012e-05,0.0,nan
88,11,0.12950962742802088,1.0,nan
88,12,7.900434588177425e-06,0.0,nan
88,13,2.3319328236829967e-05,0.0,nan
88,14,1.677473177385563e-05,0.0,nan
88,15,2.1600823165492238e-05,0.0,nan
88,16,2.652961722073048e-05,0.0,nan
88,17,5.1860427094031834e-05,0.0,nan
88,18,1.7415580207729835e-05,0.0,nan
88,19,9.795762772659282e-06,0.0,nan
88,20,1.6067646986242488e-05,0.0,nan
88,21,0.10137502368510988,1.0,nan
88,22,5.552393324583826e-06,0.0,nan
88,23,6.260459798330106e-05,0.0,nan
88,24,1.3315902769500657e-05,0.0,nan
88,25,8.579698438084114e-06,0.0,nan
88,26,1.116857299287202e-05,0.0,nan
88,27,0.1716706210385532,1.0,nan
88,28,3.805071241187061e-06,0.0,nan
88,29,8.412130414741889e-06,0.0,nan
88,30,1.7618098158511724e-05,0.0,nan
88,31,1.984061626219257e-05,0.0,nan
88,32,8.172040423114507e-06,0.0,nan
88,33,7.465200534987147e-06,0.0,nan
88,34,3.164892670780121e-05,0.0,nan
88,35,2.1950622700843558e-05,0.0,nan
88,36,2.6341699650939426e-05,0.0,nan
88,37,1.9285268030285347e-05,0.0,nan
88,38,1.3462518176934401e-05,0.0,nan
88,39,2.0547385551890163e-05,0.0,nan
88,40,1.7912528647242258e-05,0.0,nan
88,41,2.227196545568998e-05,0.0,nan
88,42,1.5728612276014044e-05,0.0,nan
88,43,1.0439332105763416e-05,0.0,nan
88,44,2.6569434469884783e-06,0.0,nan
88,45,1.2749028215003345e-05,0.0,nan
88,46,1.5830539061084815e-05,0.0,nan
88,47,4.304556960589422e-05,0.0,nan
88,48,6.197043342464358e-06,0.0,nan
88,49,1.7827442107824692e-05,0.0,nan
88,50,9.775455762747821e-06,0.0,nan
88,51,8.566479816644128e-06,0.0,nan
88,52,1.757037041709985e-05,0.0,nan
88,53,1.878235212022917e-05,0.0,nan
88,54,2.8236500518145985e-05,0.0,nan
88,55,4.235405256171985e-05,0.0,nan
88,56,3.1578839496201696e-05,0.0,nan
88,57,9.536266348677537e-06,0.0,nan
88,58,3.044255485892057e-05,0.0,nan
88,59,3.469523122073087e-05,0.0,nan
88,60,1.893894413327176e-05,0.0,nan
88,61,2.6787988527709948e-05,0.0,nan
88,62,2.9392968920801078e-05,0.0,nan
88,63,6.502325987910858e-06,0.0,nan
88,64,1.235591177091331e-05,0.0,nan
88,65,1.0073440804156406e-05,0.0,nan
88,66,1.6804395567359823e-05,0.0,nan
88,67,1.2315063156211773e-05,0.0,nan
88,68,6.77821744064284e-05,0.0,nan
88,69,1.4005600473789248e-05,0.0,nan
88,70,7.555412266565482e-06,0.0,nan
88,71,3.001079446860943e-05,0.0,nan
88,72,1.9151524921297977e-05,0.0,nan
88,73,1.1677499990818125e-05,0.0,nan
88,74,1.1946739518089866e-05,0.0,nan
88,75,1.4881889014525191e-05,0.0,nan
88,76,1.850324661508054e-05,0.0,nan
88,77,1.1158590029870554e-05,0.0,nan
88,78,1.5736554368133206e-05,0.0,nan
88,79,1.596480975250293e-05,0.0,nan
88,80,3.126681835054048e-05,0.0,nan
88,81,2.4074119336762023e-05,0.0,nan
88,82,2.365081285406473e-05,0.0,nan
88,83,2.0620408414965078e-05,0.0,nan
88,84,1.5417741689674248e-05,0.0,nan
88,85,8.642020009322022e-06,0.0,nan
88,86,3.660109968857822e-05,0.0,nan
88,87,2.766587951478997e-05,0.0,nan
88,88,7.414711699784833e-06,0.0,nan
88,89,9.610073551319289e-06,0.0,nan
88,90,4.175971067720102e-05,0.0,nan
88,91,8.147056713728455e-06,0.0,nan
88,92,6.735566264886307e-06,0.0,nan
88,93,1.2239044933712376e-05,0.0,nan
88,94,1.0222920312376547e-05,0.0,nan
88,95,8.763770785502916e-06,0.0,nan
88,96,1.6247061844553962e-05,0.0,nan
88,97,1.3860195109653937e-05,0.0,nan
88,98,2.1091963301512046e-05,0.0,nan
88,99,1.065920983718336e-05,0.0,nan
89,0,1.567840147365986e-05,0.0,nan
89,1,1.2295213154761597e-05,0.0,nan
89,2,8.054050488219352e-06,0.0,nan
89,3,1.3671517439182193e-05,0.0,nan
89,4,2.0167686549677594e-05,0.0,nan
89,5,3.3014906169945375e-05,0.0,nan
89,6,3.979978280570732e-06,0.0,nan
89,7,1.4645357034590897e-05,0.0,nan
89,8,1.899982994704697e-05,0.0,nan
89,9,1.428910468509974e-05,0.0,nan
89,10,6.857789366119287e-06,0.0,nan
89,11,0.1274109181725892,1.0,nan
89,12,3.1707421275651706e-05,0.0,nan
89,13,1.3333890692391015e-05,0.0,nan
89,14,1.5332560830196243e-05,0.0,nan
89,15,8.053014590381846e-06,0.0,nan
89,16,9.1162253246603e-06,0.0,nan
89,17,7.514970385176365e-05,0.0,nan
89,18,1.4475826530699378e-05,0.0,nan
89,19,2.02090832537257e-05,0.0,nan
89,20,9.451714123251908e-06,0.0,nan
89,21,0.08529256602139643,1.0,nan
89,22,1.3742282792908795e-05,0.0,nan
89,23,6.219008939222739e-06,0.0,nan
89,24,3.2832635462755685e-05,0.0,nan
89,25,1.1012645212178021e-05,0.0,nan
89,26,1.1032806599759858e-05,0.0,nan
89,27,0.21478856648673247,1.0,nan
89,28,1.4616356103443476e-05,0.0,nan
89,29,1.826659330520155e-05,0.0,nan
89,30,1.0686841796666044e-05,0.0,nan
89,31,9.799258386929791e-06,0.0,nan
89,32,1.358508766648649e-05,0.0,nan
89,33,6.033630763126818e-06,0.0,nan
89,34,1.766198913510831e-05,0.0,nan
89,35,2.0224178538106284e-05,0.0,nan
89,36,2.0701282776212223e-05,0.0,nan
89,37,8.686284237998658e-06,0.0,nan
89,38,9.827058612886168e-05,0.0,nan
89,39,2.0844566135369743e-05,0.0,nan
89,40,6.40957740428333e-06,0.0,nan
89,41,2.2435138208590993e-05,0.0,nan
89,42,1.687801590206336e-05,0.0,nan
89,43,7.497610210016144e-06,0.0,nan
89,44,3.8502863875649494e-05,0.0,nan
89,45,6.130322791007789e-06,0.0,nan
89,46,5.3157383970924195e-05,0.0,nan
89,47,9.415165165574308e-06,0.0,nan
89,48,1.5443696534184762e-05,0.0,nan
89,49,1.2117635625665155e-05,0.0,nan
89,50,1.2226715648083828e-05,0.0,nan
89,51,1.7803864973484567e-05,0.0,nan
89,52,2.02439555813893e-05,0.0,nan
89,53,6.0794722656726785e-06,0.0,nan
89,54,1.4730936120974045e-05,0.0,nan
89,55,1.3848455816461717e-05,0.0,nan
89,56,1.0219213261315776e-05,0.0,nan
89,57,1.3239757236879085e-05,0.0,nan
89,58,3.91531119204564e-05,0.0,nan
89,59,1.660560062529056e-05,0.0,nan
89,60,2.6279964965574606e-05,0.0,nan
89,61,1.930790557646349e-05,0.0,nan
89,62,2.2753643336446978e-05,0.0,nan
89,63,1.6688588644435777e-05,0.0,nan
89,64,1.0493342299978206e-05,0.0,nan
89,65,1.1289987842151015e-05,0.0,nan
89,66,9.115864105776024e-06,0.0,nan
89,67,1.870387437292944e-05,0.0,nan
89,68,1.556057950024297e-05,0.0,nan
89,69,2.504053168374772e-05,0.0,nan
89,70,2.6658757208603746e-05,0.0,nan
89,71,2.2559409726816133e-05,0.0,nan
89,72,2.1593717524720356e-05,0.0,nan
89,73,4.898873012473765e-06,0.0,nan
89,74,7.892488948344654e-06,0.0,nan
89,75,8.04597536068556e-06,0.0,nan
89,76,5.090504616795212e-06,0.0,nan
89,77,2.3579909034655485e-05,0.0,nan
89,78,6.283997652964936e-07,0.0,nan
89,79,1.0907128774271024e-05,0.0,nan
89,80,3.473626169662421e-05,0.0,nan
89,81,1.7662614830138253e-05,0.0,nan
89,82,1.89597955352999e-05,0.0,nan
89,83,1.260423357232723e-05,0.0,nan
89,84,1.272891628326172e-05,0.0,nan
89,85,2.0233348804853132e-05,0.0,nan
89,86,2.138388634945517e-05,0.0,nan
89,87,8.455813513839329e-06,0.0,nan
89,88,1.1257552431560262e-05,0.0,nan
89,89,3.0155172510466556e-05,0.0,nan
89,90,1.4846964630947446e-05,0.0,nan
89,91,1.2505334256452469e-05,0.0,nan
89,92,3.7648527558643467e-06,0.0,nan
89,93,2.2236631286774186e-05,0.0,nan
89,94,1.3810757763608488e-05,0.0,nan
89,95,1.1389354030748157e-05,0.0,nan
89,96,1.1646035753703598e-06,0.0,nan
89,97,1.3458326771685708e-05,0.0,nan
89,98,1.9136476586557654e-05,0.0,nan
89,99,1.0181424577334722e-05,0.0,nan
90,0,4.4571929511227256e-06,0.0,nan
90,1,1.8859189463243797e-05,0.0,nan
90,2,2.882041136401742e-05,0.0,nan
90,3,7.093188421937435e-06,0.0,nan
90,4,1.4024546132277812e-05,0.0,nan
90,5,1.7047864885725044e-05,0.0,nan
90,6,1.4791738151489356e-05,0.0,nan
90,7,4.019704417863199e-05,0.0,nan
90,8,1.591454768571265e-05,0.0,nan
90,9,8.973588100303152e-06,0.0,nan
90,10,8.019083045129152e-06,0.0,nan
90,11,0.13573587259254383,1.0,nan
90,12,1.700772274247504e-05,0.0,nan
90,13,9.56209263606748e-06,0.0,nan
90,14,1.9666729326880313e-05,0.0,nan
90,15,2.2748491920706087e-05,0.0,nan
90,16,4.294593342940803e-06,0.0,nan
90,17,2.2442440410792185e-05,0.0,nan
90,18,2.5013253645017498e-05,0.0,nan
90,19,1.0271936545982456e-05,0.0,nan
90,20,1.0790666278588791e-05,0.0,nan
90,21,0.19082481233203558,1.0,nan
90,22,1.3988676391510593e-05,0.0,nan
90,23,2.327185617967339e-05,0.0,nan
90,24,1.5359190268869883e-05,0.0,nan
90,25,1.8102778078091686e-05,0.0,nan
90,26,1.6891088432001357e-05,0.0,nan
90,27,0.19191517368069738,1.0,nan
90,28,1.862751534534001e-05,0.0,nan
90,29,1.3082674052084427e-05,0.0,nan
90,30,1.3542549530751556e-05,0.0,nan
90,31,3.7854647352017405e-06,0.0,nan
90,32,3.474706395177417e-05,0.0,nan
90,33,1.170705487719765e-05,0.0,nan
90,34,2.456387198318184e-05,0.0,nan
90,35,5.916835979045554e-06,0.0,nan
90,36,3.3475662822300735e-05,0.0,nan
90,37,1.7372046036548663e-05,0.0,nan
90,38,9.233853951158699e-06,0.0,nan
90,39,1.3628978119531618e-06,0.0,nan
90,40,2.3555165351022297e-05,0.0,nan
90,41,1.610655536163015e-05,0.0,nan
90,42,6.52070654996588e-06,0.0,nan
90,43,6.8190382746928365e-06,0.0,nan
90,44,2.5394480539604163e-05,0.0,nan
90,45,1.2718200712741674e-05,0.0,nan
90,46,5.099441224302066e-06,0.0,nan
90,47,2.220551092045597e-05,0.0,nan
90,48,6.629639739239647e-05,0.0,nan
90,49,1.2958125080456995e-05,0.0,nan
90,50,1.1748247367569838e-05,0.0,nan
90,51,5.1488623209725375e-06,0.0,nan
90,52,2.9863628306360385e-05,0.0,nan
90,53,1.6208529874679288e-05,0.0,nan
90,54,1.374049882371258e-06,0.0,nan
90,55,6.16063306541339e-06,0.0,nan
90,56,3.6596975810379288e-06,0.0,nan
90,57,1.0637218698233507e-05,0.0,nan
90,58,2.189346317701e-05,0.0,nan
90,59,6.775429000291721e-06,0.0,nan
90,60,1.4018477296961086e-05,0.0,nan
90,61,1.531150414341529e-05,0.0,nan
90,62,2.1446637714589392e-05,0.0,nan
90,63,1.2816450057801842e-05,0.0,nan
90,64,8.017634478934877e-06,0.0,nan
90,65,1.0102822070496913e-05,0.0,nan
90,66,2.7438638448505388e-05,0.0,nan
90,67,1.2336620814217889e-05,0.0,nan
90,68,1.758353500961045e-05,0.0,nan
90,69,8.119209116061572e-06,0.0,nan
90,70,1.1752833129977491e-05,0.0,nan
90,71,1.3573352341619141e-05,0.0,nan
90,72,9.537864942440853e-06,0.0,nan
90,73,1.887183997199015e-05,0.0,nan
90,74,1.9784992774024148e-05,0.0,nan
90,75,8.175788125325937e-06,0.0,nan
90,76,8.36794514684634e-06,0.0,nan
90,77,1.1399096250896014e-05,0.0,nan
90,78,1.4820937218099864e-05,0.0,nan
90,79,1.3350921087917163e-05,0.0,nan
90,80,6.05802727014297e-06,0.0,nan
90,81,2.795814867097565e-05,0.0,nan
90,82,4.9003421886306885e-06,0.0,nan
90,83,1.5507134772929422e-05,0.0,nan
90,84,1.849038925672775e-05,0.0,nan
90,85,7.295339340290372e-06,0.0,nan
90,86,5.647485380582925e-06,0.0,nan
90,87,8.788110417302117e-06,0.0,nan
90,88,1.0003067591087743e-05,0.0,nan
90,89,1.3513833318457281e-05,0.0,nan
90,90,2.263903426657938e-05,0.0,nan
90,91,2.7583988983166063e-05,0.0,nan
90,92,1.0324480580353868e-05,0.0,nan
90,93,9.004996611536243e-06,0.0,nan
90,94,1.8687737823523075e-05,0.0,nan
90,95,3.114989421350953e-05,0.0,nan
90,96,1.1048437096399162e-05,0.0,nan
90,97,1.1738839851567731e-05,0.0,nan
90,98,1.2500795314812663e-05,0.0,nan
90,99,3.718073778330442e-06,0.0,nan
91,0,2.606981877404514e-05,0.0,nan
91,1,1.9161041056933117e-05,0.0,nan
91,2,6.106554274453675e-06,0.0,nan
91,3,2.147314588866334e-05,0.0,nan
91,4,9.82371957762136e-06,0.0,nan
91,5,2.058089395128036e-05,0.0,nan
91,6,1.5065374746929506e-05,0.0,nan
91,7,1.29771991808051e-05,0.0,nan
91,8,1.520314277375538e-05,0.0,nan
91,9,1.677824210916657e-05,0.0,nan
91,10,6.57166302529348e-06,0.0,nan
91,11,0.15149763200769628,1.0,nan
91,12,2.4516717930946677e-05,0.0,nan
91,13,2.220213194120679e-05,0.0,nan
91,14,9.800818708128641e-06,0.0,nan
91,15,7.2110852722605704e-06,0.0,nan
91,16,6.3505988228449255e-06,0.0,nan
91,17,7.868295271856742e-06,0.0,nan
91,18,5.120006414140746e-05,0.0,nan
91,19,6.901588022819864e-06,0.0,nan
91,20,9.399981086021064e-06,0.0,nan
91,21,0.2052380632125863,1.0,nan
91,22,1.0015241804986172e-05,0.0,nan
91,23,1.1443755579832847e-05,0.0,nan
91,24,3.6475369816415195e-06,0.0,nan
91,25,4.244684252789517e-05,0.0,nan
91,26,3.375679994164069e-06,0.0,nan
91,27,0.1075421979393376,1.0,nan
91,28,2.4412992155886093e-05,0.0,nan
91,29,2.924048638600444e-05,0.0,nan
91,30,9.628248282303383e-06,0.0,nan
91,31,1.521917520210439e-05,0.0,nan
91,32,5.306414047215301e-06,0.0,nan
91,33,2.3403766083558128e-05,0.0,nan
91,34,2.0477203586109506e-05,0.0,nan
91,35,1.0368127305017505e-05,0.0,nan
91,36,1.9125224842645178e-05,0.0,nan
91,37,2.6171367882706536e-06,0.0,nan
91,38,1.9795527188284214e-05,0.0,nan
91,39,3.237945068947924e-05,0.0,nan
91,40,1.5159265510998683e-05,0.0,nan
91,41,1.4132029472239393e-05,0.0,nan
91,42,8.520359803970397e-06,0.0,nan
91,43,1.4623973108171573e-05,0.0,nan
91,44,2.1363243921488058e-05,0.0,nan
91,45,2.368246138331708e-05,0.0,nan
91,46,8.636371021175148e-06,0.0,nan
91,47,3.4933130411713275e-06,0.0,nan
91,48,2.5900925904523406e-06,0.0,nan
91,49,2.0841040053528364e-05,0.0,nan
91,50,1.6463147252077283e-05,0.0,nan
91,51,5.805333156190988e-06,0.0,nan
91,52,6.2803662987387715e-06,0.0,nan
91,53,1.8077576084031735e-05,0.0,nan
91,54,4.578673119094867e-06,0.0,nan
91,55,2.365442194135945e-05,0.0,nan
91,56,1.0229857317039263e-05,0.0,nan
91,57,1.5880237841002034e-05,0.0,nan
91,58,1.779109364753543e-05,0.0,nan
91,59,3.831063757717602e-06,0.0,nan
91,60,1.3911993275165869e-05,0.0,nan
91,61,1.4857460253715213e-05,0.0,nan
91,62,1.3302583688449383e-05,0.0,nan
91,63,1.5608037608040377e-05,0.0,nan
91,64,1.540101500608362e-05,0.0,nan
91,65,4.070547736261501e-05,0.0,nan
91,66,6.21335445826915e-06,0.0,nan
91,67,1.8091221015025204e-05,0.0,nan
91,68,5.462919971235567e-06,0.0,nan
91,69,1.9566989137414417e-05,0.0,nan
91,70,1.6353832729672196e-05,0.0,nan
91,71,1.860384983213073e-05,0.0,nan
91,72,1.1389116815534366e-05,0.0,nan
91,73,1.082766802606422e-05,0.0,nan
91,74,2.8073994637818126e-05,0.0,nan
91,75,9.953998482266683e-06,0.0,nan
91,76,3.272351721161886e-05,0.0,nan
91,77,2.5166787708623605e-05,0.0,nan
91,78,2.380173881361548e-05,0.0,nan
91,79,3.3452188035118296e-05,0.0,nan
91,80,9.481662989822042e-06,0.0,nan
91,81,9.524787105222197e-06,0.0,nan
91,82,1.902367388648621e-05,0.0,nan
91,83,1.3777873512839554e-05,0.0,nan
91,84,1.8479315699619716e-05,0.0,nan
91,85,1.9928553852053202e-05,0.0,nan
91,86,1.0854114800207021e-05,0.0,nan
91,87,9.334592984371947e-06,0.0,nan
91,88,4.209488829796418e-06,0.0,nan
91,89,1.1649362507046096e-05,0.0,nan
91,90,2.103175207460444e-05,0.0,nan
91,91,1.5943380558598285e-05,0.0,nan
91,92,7.010017464449189e-06,0.0,nan
91,93,2.4479051925633986e-05,0.0,nan
91,94,1.9416165207645536e-05,0.0,nan
91,95,3.8565195071607465e-06,0.0,nan
91,96,4.949502277149435e-06,0.0,nan
91,97,1.611969135971522e-05,0.0,nan
91,98,6.2654836809830305e-06,0.0,nan
91,99,2.6112249090781154e-05,0.0,nan
92,0,2.043961478899313e-05,0.0,nan
92,1,8.225140697277102e-06,0.0,nan
92,2,3.96299196387674e-05,0.0,nan
92,3,1.6633619590660697e-05,0.0,nan
92,4,2.469646188542169e-05,0.0,nan
92,5,9.147525983589693e-06,0.0,nan
92,6,3.3938577028787754e-05,0.0,nan
92,7,1.249825944488537e-05,0.0,nan
92,8,2.09195199279287e-05,0.0,nan
92,9,9.50258851307811e-06,0.0,nan
92,10,1.173351882461378e-05,0.0,nan
92,11,0.1509387846337238,1.0,nan
92,12,8.402448615065081e-06,0.0,nan
92,13,8.22177103513811e-05,0.0,nan
92,14,1.952710937377028e-05,0.0,nan
92,15,2.0447915747830406e-05,0.0,nan
92,16,1.3913156973864995e-05,0.0,nan
92,17,1.8228589099762724e-05,0.0,nan
92,18,1.91868570332427e-05,0.0,nan
92,19,1.1016978940663118e-05,0.0,nan
92,20,7.691527425353093e-06,0.0,nan
92,21,0.09172432937294772,1.0,nan
92,22,2.8246033462797285e-05,0.0,nan
92,23,4.903304122041726e-05,0.0,nan
92,24,2.0599526622971783e-05,0.0,nan
92,25,1.5355241672281265e-05,0.0,nan
92,26,3.793934771641971e-06,0.0,nan
92,27,0.1374343264501104,1.0,nan
92,28,1.408887960342689e-05,0.0,nan
92,29,5.835980041547979e-05,0.0,nan
92,30,2.2357636101412865e-05,0.0,nan
92,31,1.757844285650399e-05,0.0,nan
92,32,2.3879066047155158e-05,0.0,nan
92,33,2.7762048749025476e-05,0.0,nan
92,34,4.122970186454953e-05,0.0,nan
92,35,1.3306478850980058e-05,0.0,nan
92,36,2.0393094660518267e-05,0.0,nan
92,37,2.8698334879366386e-05,0.0,nan
92,38,1.0152313720119597e-05,0.0,nan
92,39,1.4172373241159407e-05,0.0,nan
92,40,1.8178734172250806e-05,0.0,nan
92,41,8.607385570171322e-06,0.0,nan
92,42,1.7825428905993925e-05,0.0,nan
92,43,6.944174861125786e-06,0.0,nan
92,44,2.4780520461641236e-05,0.0,nan
92,45,2.4600685844448316e-05,0.0,nan
92,46,1.1348084462708251e-05,0.0,nan
92,47,1.985513028447527e-05,0.0,nan
92,48,4.654545366982361e-06,0.0,nan
92,49,8.863954481011287e-06,0.0,nan
92,50,6.980444890039711e-06,0.0,nan
92,51,2.5596117940723184e-05,0.0,nan
92,52,1.7094254068324362e-05,0.0,nan
92,53,3.2696014693311794e-05,0.0,nan
92,54,1.623429603514053e-05,0.0,nan
92,55,6.754353562066548e-05,0.0,nan
92,56,1.874604025920292e-05,0.0,nan
92,57,2.762142754413673e-05,0.0,nan
92,58,1.4193599996846018e-05,0.0,nan
92,59,1.6409497219919837e-05,0.0,nan
92,60,3.18539912824606e-05,0.0,nan
92,61,5.180614634175238e-05,0.0,nan
92,62,1.177855169044233e-05,0.0,nan
92,63,1.600494625854932e-05,0.0,nan
92,64,1.436033450558251e-05,0.0,nan
92,65,3.813454720507288e-05,0.0,nan
92,66,1.803758256419505e-05,0.0,nan
92,67,2.271722617105486e-05,0.0,nan
92,68,9.787797927520186e-06,0.0,nan
92,69,1.0962625638582424e-05,0.0,nan
92,70,2.6808519520931484e-05,0.0,nan
92,71,1.5325117112513717e-05,0.0,nan
92,72,1.3879544921329207e-05,0.0,nan
92,73,2.006659746033634e-05,0.0,nan
92,74,1.591398310833937e-05,0.0,nan
92,75,2.2967215961138023e-05,0.0,nan
92,76,9.284654427326116e-06,0.0,nan
92,77,2.2691001067614926e-05,0.0,nan
92,78,2.7604932368347546e-05,0.0,nan
92,79,1.5032363112178066e-05,0.0,nan
92,80,1.2086312212232644e-05,0.0,nan
92,81,1.630759013456957e-05,0.0,nan
92,82,2.8076986085612164e-06,0.0,nan
92,83,2.0810803156997864e-05,0.0,nan
92,84,3.525980956222135e-06,0.0,nan
92,85,7.13934137793525e-05,0.0,nan
92,86,7.616387569539466e-06,0.0,nan
92,87,3.987347275540656e-06,0.0,nan
92,88,1.7068519656005096e-05,0.0,nan
92,89,1.2726376328187962e-05,0.0,nan
92,90,1.3969026280537775e-05,0.0,nan
92,91,3.2130581788334555e-05,0.0,nan
92,92,1.0354404504121977e-05,0.0,nan
92,93,1.6312580610125952e-05,0.0,nan
92,94,7.27302073747579e-06,0.0,nan
92,95,1.100145131599245e-05,0.0,nan
92,96,2.7170780452194613e-05,0.0,nan
92,97,1.3033378730296004e-05,0.0,nan
92,98,8.816516973716263e-05,0.0,nan
92,99,1.5884077471771463e-05,0.0,nan
93,0,7.6006181901472014e-06,0.0,nan
93,1,8.986758776786889e-06,0.0,nan
93,2,1.1256110284673658e-05,0.0,nan
93,3,9.583750288342332e-06,0.0,nan
93,4,9.365023368918443e-06,0.0,nan
93,5,8.839867048010315e-06,0.0,nan
93,6,2.3733769596744213e-05,0.0,nan
93,7,2.5020150261940688e-05,0.0,nan
93,8,4.2013190983506264e-05,0.0,nan
93,9,4.432914159888618e-05,0.0,nan
93,10,1.9221742589058215e-05,0.0,nan
93,11,0.11235269617046759,1.0,nan
93,12,2.4147289469684094e-05,0.0,nan
93,13,6.852556471722256e-06,0.0,nan
93,14,2.7637858650021127e-05,0.0,nan
93,15,7.924623305828223e-06,0.0,nan
93,16,1.5640878119654586e-05,0.0,nan
93,17,3.140690001590861e-05,0.0,nan
93,18,1.4264107932865181e-05,0.0,nan
93,19,1.769348326629277e-05,0.0,nan
93,20,3.244332017042423e-05,0.0,nan
93,21,0.06757480352114181,1.0,nan
93,22,1.2422648496350685e-05,0.0,nan
93,23,1.672959471874577e-05,0.0,nan
93,24,1.7336966663145815e-05,0.0,nan
93,25,2.1207799560861326e-05,0.0,nan
93,26,3.87250205273741e-06,0.0,nan
93,27,0.19376582747981694,1.0,nan
93,28,1.1535869932122188e-05,0.0,nan
93,29,2.10404667451893e-05,0.0,nan
93,30,1.6780226419842445e-05,0.0,nan
93,31,4.389494075401981e-06,0.0,nan
93,32,3.669335505641003e-05,0.0,nan
93,33,1.5233301184150844e-05,0.0,nan
93,34,1.731540299056714e-05,0.0,nan
93,35,3.021525206082658e-05,0.0,nan
93,36,7.0669143514910565e-06,0.0,nan
93,37,1.3712333431407793e-05,0.0,nan
93,38,1.0245234248299585e-05,0.0,nan
93,39,2.3890434789029284e-05,0.0,nan
93,40,3.57675287830997e-05,0.0,nan
93,41,1.662244641334368e-05,0.0,nan
93,42,1.2502457734741417e-05,0.0,nan
93,43,2.538809901874589e-05,0.0,nan
93,44,1.0268527061419447e-05,0.0,nan
93,45,9.388910664427428e-06,0.0,nan
93,46,2.257197924072001e-05,0.0,nan
93,47,6.7120890664571255e-06,0.0,nan
93,48,1.2473321039128787e-05,0.0,nan
93,49,1.4833649450728617e-05,0.0,nan
93,50,2.3865697913254216e-05,0.0,nan
93,51,8.347451741917431e-06,0.0,nan
93,52,3.690920928871286e-05,0.0,nan
93,53,8.074019359228929e-06,0.0,nan
93,54,5.809792800161993e-06,0.0,nan
93,55,5.57969174294289e-06,0.0,nan
93,56,5.821442184393244e-06,0.0,nan
93,57,1.533026701148811e-05,0.0,nan
93,58,2.199654215232468e-05,0.0,nan
93,59,4.333006922790484e-05,0.0,nan
93,60,1.3147807424233066e-05,0.0,nan
93,61,1.1130527474388073e-05,0.0,nan
93,62,5.913687183076861e-06,0.0,nan
93,63,2.082046754224292e-05,0.0,nan
93,64,2.794573567290571e-06,0.0,nan
93,65,1.2724042605238677e-05,0.0,nan
93,66,1.762572337320227e-05,0.0,nan
93,67,1.6986558923870548e-05,0.0,nan
93,68,2.0571461545529033e-05,0.0,nan
93,69,9.41737857817116e-06,0.0,nan
93,70,2.4600918463391945e-05,0.0,nan
93,71,1.8427900128265644e-05,0.0,nan
93,72,1.5501679482718114e-05,0.0,nan
93,73,1.2643865456234534e-05,0.0,nan
93,74,1.0192493421420269e-05,0.0,nan
93,75,9.528941185110718e-06,0.0,nan
93,76,4.73557055327221e-05,0.0,nan
93,77,5.708350270611351e-06,0.0,nan
93,78,2.211906548369458e-05,0.0,nan
93,79,1.0354316584473983e-05,0.0,nan
93,80,5.0162692391042746e-05,0.0,nan
93,81,3.285572512877173e-05,0.0,nan
93,82,1.1306228549628709e-05,0.0,nan
93,83,1.1263053527179105e-05,0.0,nan
93,84,8.694256372900589e-06,0.0,nan
93,85,1.8955891844051487e-05,0.0,nan
93,86,6.630343077106277e-06,0.0,nan
93,87,1.9241233537000076e-05,0.0,nan
93,88,3.2940095790511855e-05,0.0,nan
93,89,1.6357886998199248e-05,0.0,nan
93,90,3.377829794326915e-05,0.0,nan
93,91,1.459653567764824e-05,0.0,nan
93,92,1.7983439635811104e-05,0.0,nan
93,93,1.6093986723073925e-05,0.0,nan
93,94,7.560381937630834e-06,0.0,nan
93,95,3.942757956293131e-05,0.0,nan
93,96,2.858403294976934e-05,0.0,nan
93,97,1.2741593884439675e-05,0.0,nan
93,98,1.379852539901233e-05,0.0,nan
93,99,9.490601328847507e-06,0.0,nan
94,0,1.9845467586536402e-05,0.0,nan
94,1,3.528119606528325e-05,0.0,nan
94,2,2.6873592892741367e-05,0.0,nan
94,3,1.3013840509004561e-05,0.0,nan
94,4,1.3588889485926103e-05,0.0,nan
94,5,2.9341445865463323e-05,0.0,nan
94,6,1.2339710196114992e-05,0.0,nan
94,7,2.6365681594348096e-06,0.0,nan
94,8,3.168197045366024e-05,0.0,nan
94,9,8.859601414145071e-07,0.0,nan
94,10,4.53627664681337e-06,0.0,nan
94,11,0.19379578083766874,1.0,nan
94,12,1.0423306313059361e-05,0.0,nan
94,13,2.7369774902078046e-05,0.0,nan
94,14,2.526980425284049e-05,0.0,nan
94,15,4.924343372171218e-06,0.0,nan
94,16,1.0510325701035653e-05,0.0,nan
94,17,7.076374081767566e-06,0.0,nan
94,18,1.3118537487388922e-05,0.0,nan
94,19,1.4175039165844022e-05,0.0,nan
94,20,1.928659226080533e-05,0.0,nan
94,21,0.1011089632435911,1.0,nan
94,22,7.442176866363315e-06,0.0,nan
94,23,3.07210343842768e-05,0.0,nan
94,24,4.493625046933559e-06,0.0,nan
94,25,1.1172799783133578e-05,0.0,nan
94,26,8.33602278340046e-06,0.0,nan
94,27,0.13079744237342458,1.0,nan
94,28,1.1385574266597346e-05,0.0,nan
94,29,1.945012884148428e-05,0.0,nan
94,30,1.7930535144102262e-05,0.0,nan
94,31,8.660725564106447e-06,0.0,nan
94,32,2.3256463606354396e-05,0.0,nan
94,33,1.0967275929297076e-05,0.0,nan
94,34,2.9009996421206287e-05,0.0,nan
94,35,1.2632678413834835e-05,0.0,nan
94,36,4.522391802235612e-06,0.0,nan
94,37,1.3702201328582425e-05,0.0,nan
94,38,2.8289587330315608e-05,0.0,nan
94,39,2.3960425619976747e-05,0.0,nan
94,40,3.2556237874799934e-05,0.0,nan
94,41,1.568823597579309e-05,0.0,nan
94,42,3.2783456698514504e-05,0.0,nan
94,43,2.185902905885293e-05,0.0,nan
94,44,1.1338165030640855e-05,0.0,nan
94,45,1.0204003932206305e-05,0.0,nan
94,46,7.312162079263892e-06,0.0,nan
94,47,1.7957108893270585e-05,0.0,nan
94,48,9.338450911484159e-06,0.0,nan
94,49,6.9911171306978865e-06,0.0,nan
94,50,1.8384937360079868e-05,0.0,nan
94,51,8.579112671874594e-06,0.0,nan
94,52,3.277756523692448e-05,0.0,nan
94,53,8.654595709404067e-06,0.0,nan
94,54,1.8489699854656377e-05,0.0,nan
94,55,5.589831437929743e-05,0.0,nan
94,56,1.2757685255271753e-05,0.0,nan
94,57,1.401129301575276e-05,0.0,nan
94,58,5.53838434579679e-06,0.0,nan
94,59,1.6644755078140054e-05,0.0,nan
94,60,3.816386572251034e-05,0.0,nan
94,61,1.679412038172906e-05,0.0,nan
94,62,7.189314268579129e-06,0.0,nan
94,63,1.3989192637041673e-05,0.0,nan
94,64,1.3200790183649875e-05,0.0,nan
94,65,1.0400638172802962e-05,0.0,nan
94,66,1.2661871308502653e-05,0.0,nan
94,67,5.620094625883925e-06,0.0,nan
94,68,1.303079533595821e-05,0.0,nan
94,69,7.274036447996909e-06,0.0,nan
94,70,1.7721358493879907e-06,0.0,nan
94,71,1.5152218782281191e-05,0.0,nan
94,72,7.106820246291472e-06,0.0,nan
94,73,5.860209701084996e-06,0.0,nan
94,74,3.406567507779433e-05,0.0,nan
94,75,1.836102605671835e-05,0.0,nan
94,76,2.3622136448060233e-05,0.0,nan
94,77,8.12469389506464e-06,0.0,nan
94,78,1.4888733446786663e-05,0.0,nan
94,79,1.149052845250159e-05,0.0,nan
94,80,5.386398561569642e-06,0.0,nan
94,81,1.1699715153836186e-05,0.0,nan
94,82,8.722243463945572e-06,0.0,nan
94,83,1.639126167993496e-05,0.0,nan
94,84,6.24697897648216e-05,0.0,nan
94,85,2.097062842594553e-05,0.0,nan
94,86,2.1750841155535646e-05,0.0,nan
94,87,1.813783867067946e-05,0.0,nan
94,88,2.9308434117737734e-05,0.0,nan
94,89,9.254627567704934e-06,0.0,nan
94,90,8.530017309362446e-06,0.0,nan
94,91,1.2932549854596832e-05,0.0,nan
94,92,9.436862696784748e-06,0.0,nan
94,93,1.4156555089076698e-05,0.0,nan
94,94,4.315068527950892e-06,0.0,nan
94,95,6.9959611352588615e-06,0.0,nan
94,96,1.4279764013037111e-05,0.0,nan
94,97,9.202940137725791e-06,0.0,nan
94,98,3.637178768144206e-05,0.0,nan
94,99,3.123732875572898e-05,0.0,nan
95,0,2.081913398288028e-05,0.0,nan
95,1,1.210464791337739e-05,0.0,nan
95,2,1.2840537679473806e-05,0.0,nan
95,3,3.4178203689008386e-05,0.0,nan
95,4,1.411348034063984e-05,0.0,nan
95,5,1.4804842577486585e-05,0.0,nan
95,6,1.2714692419580649e-05,0.0,nan
95,7,1.395801009082502e-05,0.0,nan
95,8,1.4517407754495453e-05,0.0,nan
95,9,1.4755041817210034e-05,0.0,nan
95,10,4.8223247056721905e-05,0.0,nan
95,11,0.14219692964688002,1.0,nan
95,12,9.899923929631436e-06,0.0,nan
95,13,0.0001596260340324181,0.0,nan
95,14,4.496320448085877e-06,0.0,nan
95,15,1.0532722363436056e-05,0.0,nan
95,16,1.9579810252234315e-05,0.0,nan
95,17,1.0952107994857887e-05,0.0,nan
95,18,5.552747553584896e-06,0.0,nan
95,19,1.3527389423474063e-05,0.0,nan
95,20,2.1104313298086963e-05,0.0,nan
95,21,0.08819531059017424,1.0,nan
95,22,9.199273058699783e-06,0.0,nan
95,23,1.401926534522974e-05,0.0,nan
95,24,1.811788273386096e-05,0.0,nan
95,25,7.829739891796286e-06,0.0,nan
95,26,1.3373202348526512e-05,0.0,nan
95,27,0.22733887679861872,1.0,nan
95,28,2.969296204145555e-05,0.0,nan
95,29,7.734417095799607e-06,0.0,nan
95,30,3.585720147653006e-05,0.0,nan
95,31,2.1645841066666637e-05,0.0,nan
95,32,2.000760564555204e-05,0.0,nan
95,33,2.7366967610288516e-05,0.0,nan
95,34,1.0118954197897956e-05,0.0,nan
95,35,2.6893629896604126e-05,0.0,nan
95,36,5.0017500006207515e-06,0.0,nan
95,37,1.8127028209419864e-05,0.0,nan
95,38,1.2463945765500679e-05,0.0,nan
95,39,1.7260115598502654e-05,0.0,nan
95,40,1.3291255829768752e-05,0.0,nan
95,41,1.1809378590123411e-05,0.0,nan
95,42,8.945855229472588e-06,0.0,nan
95,43,1.1634055858288588e-05,0.0,nan
95,44,2.4323575742335288e-05,0.0,nan
95,45,1.5657390625124667e-05,0.0,nan
95,46,1.4460555987601321e-05,0.0,nan
95,47,8.086222777992057e-06,0.0,nan
95,48,2.4369735910080327e-05,0.0,nan
95,49,1.5955551883818337e-05,0.0,nan
95,50,1.4382870680498522e-05,0.0,nan
95,51,2.4789515223601422e-05,0.0,nan
95,52,1.9701967372364593e-05,0.0,nan
95,53,1.3221669736044004e-05,0.0,nan
95,54,2.1462940429505807e-05,0.0,nan
95,55,1.9376378591259924e-05,0.0,nan
95,56,9.590122184972387e-06,0.0,nan
95,57,1.776189020528116e-05,0.0,nan
95,58,3.0323077120488914e-05,0.0,nan
95,59,4.633226711778891e-05,0.0,nan
95,60,1.6408745628602775e-05,0.0,nan
95,61,1.4147427349104822e-05,0.0,nan
95,62,1.8671066771567934e-05,0.0,nan
95,63,2.2334271591484948e-05,0.0,nan
95,64,1.5869511606561237e-05,0.0,nan
95,65,1.1382908014797335e-05,0.0,nan
95,66,1.5805562589881533e-05,0.0,nan
95,67,1.2705577283986636e-05,0.0,nan
95,68,2.141520042024804e-05,0.0,nan
95,69,2.0157220465182423e-05,0.0,nan
95,70,6.2944043066871584e-06,0.0,nan
95,71,1.0394580797137722e-05,0.0,nan
95,72,2.3933305804116312e-05,0.0,nan
95,73,5.2319195574433505e-05,0.0,nan
95,74,1.1782887287739977e-05,0.0,nan
95,75,7.685530332287872e-06,0.0,nan
95,76,3.343988415784816e-05,0.0,nan
95,77,8.763707279674492e-06,0.0,nan
95,78,8.692228551828527e-06,0.0,nan
95,79,1.4617258480261276e-05,0.0,nan
95,80,1.9145940189681087e-05,0.0,nan
95,81,1.0427938959777757e-05,0.0,nan
95,82,1.5628729652063867e-05,0.0,nan
95,83,6.582057123517027e-06,0.0,nan
95,84,1.8518304637415948e-05,0.0,nan
95,85,2.20592650495501e-05,0.0,nan
95,86,9.535672280633973e-06,0.0,nan
95,87,2.3614624470987054e-05,0.0,nan
95,88,7.948699194484641e-06,0.0,nan
95,89,1.4284584720900243e-05,0.0,nan
95,90,1.4856266885118892e-05,0.0,nan
95,91,1.4746339306503786e-05,0.0,nan
95,92,3.191794258007319e-05,0.0,nan
95,93,1.4429415224424018e-05,0.0,nan
95,94,4.960073435969137e-05,0.0,nan
95,95,1.0598970982360333e-05,0.0,nan
95,96,1.3717880600258167e-05,0.0,nan
95,97,9.301528178895192e-06,0.0,nan
95,98,3.1178629537448354e-05,0.0,nan
95,99,1.4001762179128364e-05,0.0,nan
96,0,1.431491699419695e-05,0.0,nan
96,1,2.3414331182380148e-05,0.0,nan
96,2,2.9498867867955538e-05,0.0,nan
96,3,1.6465061683844433e-05,0.0,nan
96,4,1.5746798277472358e-05,0.0,nan
96,5,6.784629557595067e-05,0.0,nan
96,6,1.4316209035651859e-05,0.0,nan
96,7,2.8571597606617967e-05,0.0,nan
96,8,3.2806808089383126e-05,0.0,nan
96,9,1.8416732380673852e-05,0.0,nan
96,10,2.3254640582262823e-05,0.0,nan
96,11,0.13464963223334148,1.0,nan
96,12,1.0172512551466171e-05,0.0,nan
96,13,2.356599492493745e-05,0.0,nan
96,14,2.744734233298809e-05,0.0,nan
96,15,1.8481627970911035e-05,0.0,nan
96,16,1.7228442403836375e-05,0.0,nan
96,17,9.378503802226973e-06,0.0,nan
96,18,3.447816790285993e-05,0.0,nan
96,19,1.0964776752456982e-05,0.0,nan
96,20,7.769706836799472e-06,0.0,nan
96,21,0.20057311603877453,1.0,nan
96,22,2.5023300657265625e-05,0.0,nan
96,23,3.810788160894319e-05,0.0,nan
96,24,5.371221085957592e-06,0.0,nan
96,25,1.0746320478672818e-05,0.0,nan
96,26,7.532260684211734e-06,0.0,nan
96,27,0.14338966390266417,1.0,nan
96,28,1.0840653744783727e-05,0.0,nan
96,29,2.3417804217796994e-05,0.0,nan
96,30,1.5878723314816018e-05,0.0,nan
96,31,3.0568487282425574e-05,0.0,nan
96,32,1.405617528368091e-05,0.0,nan
96,33,2.6846596316320514e-05,0.0,nan
96,34,2.9838881473108455e-05,0.0,nan
96,35,1.9000054461671156e-05,0.0,nan
96,36,2.624457278223408e-05,0.0,nan
96,37,6.250972664359567e-06,0.0,nan
96,38,8.099102819887466e-06,0.0,nan
96,39,1.9057334958149312e-05,0.0,nan
96,40,1.731754627785067e-05,0.0,nan
96,41,1.2103539707221252e-05,0.0,nan
96,42,1.090843994090657e-05,0.0,nan
96,43,3.711213659631532e-05,0.0,nan
96,44,2.9769678842442232e-05,0.0,nan
96,45,3.1060057805666284e-05,0.0,nan
96,46,1.1238702285108309e-05,0.0,nan
96,47,3.1403647370957626e-05,0.0,nan
96,48,2.09140631445127e-05,0.0,nan
96,49,1.80865303961501e-05,0.0,nan
96,50,1.5878714192697183e-05,0.0,nan
96,51,1.6497323064034808e-05,0.0,nan
96,52,3.326722924785172e-05,0.0,nan
96,53,6.350852791543176e-05,0.0,nan
96,54,0.00014000503507767713,0.0,nan
96,55,1.582370690233077e-05,0.0,nan
96,56,2.4447089961672028e-05,0.0,nan
96,57,2.0935116266252067e-05,0.0,nan
96,58,1.753499954251798e-05,0.0,nan
96,59,3.0060841982821647e-05,0.0,nan
96,60,1.6698389043989327e-05,0.0,nan
96,61,2.9482544081095007e-05,0.0,nan
96,62,3.2521390652042584e-05,0.0,nan
96,63,3.864909458497211e-05,0.0,nan
96,64,3.9932885253231475e-05,0.0,nan
96,65,1.3201652348731762e-05,0.0,nan
96,66,3.1339163573069754e-05,0.0,nan
96,67,1.4154160782718269e-05,0.0,nan
96,68,2.5096688314645256e-05,0.0,nan
96,69,2.3033304054949507e-05,0.0,nan
96,70,9.706930522766045e-06,0.0,nan
96,71,2.05440763486931e-05,0.0,nan
96,72,2.7592011741184477e-05,0.0,nan
96,73,1.8685779699561298e-05,0.0,nan
96,74,2.852694012825904e-05,0.0,nan
96,75,4.361918507356348e-06,0.0,nan
96,76,1.4010322554066388e-05,0.0,nan
96,77,2.8618112634022798e-05,0.0,nan
96,78,5.20628712848471e-06,0.0,nan
96,79,1.6029475577277542e-05,0.0,nan
96,80,9.059516172401771e-06,0.0,nan
96,81,2.302477727080605e-05,0.0,nan
96,82,1.8498917636520662e-05,0.0,nan
96,83,1.7559364112458262e-05,0.0,nan
96,84,2.3263238676954927e-05,0.0,nan
96,85,1.788502141004714e-05,0.0,nan
96,86,4.2996088866450405e-05,0.0,nan
96,87,7.537740233475378e-05,0.0,nan
96,88,2.53026482002383e-05,0.0,nan
96,89,2.785978366994396e-05,0.0,nan
96,90,2.2867146618980818e-05,0.0,nan
96,91,3.5523020962952855e-05,0.0,nan
96,92,3.2209327033059944e-05,0.0,nan
96,93,1.8031395815983306e-05,0.0,nan
96,94,6.820284788876188e-06,0.0,nan
96,95,6.311886016708958e-05,0.0,nan
96,96,1.4169355995790515e-05,0.0,nan
96,97,2.382244495950257e-05,0.0,nan
96,98,2.070132942909368e-05,0.0,nan
96,99,1.587062721648974e-05,0.0,nan
97,0,1.861060096294074e-05,0.0,nan
97,1,4.623886855817521e-06,0.0,nan
97,2,8.374151780281824e-06,0.0,nan
97,3,4.988195509330456e-06,0.0,nan
97,4,4.497878989570239e-06,0.0,nan
97,5,4.109302899182745e-05,0.0,nan
97,6,1.1341474397291683e-05,0.0,nan
97,7,1.3782968474209824e-05,0.0,nan
97,8,8.861928941335355e-06,0.0,nan
97,9,9.392544229306826e-06,0.0,nan
97,10,1.018212755008349e-05,0.0,nan
97,11,0.19057994588790814,1.0,nan
97,12,2.7204014762716463e-05,0.0,nan
97,13,2.4819791239722946e-05,0.0,nan
97,14,1.338897974966528e-05,0.0,nan
97,15,9.017707229575435e-06,0.0,nan
97,16,4.888120069499454e-06,0.0,nan
97,17,1.5742691543174866e-05,0.0,nan
97,18,1.0000956397832935e-05,0.0,nan
97,19,1.5208818393763159e-05,0.0,nan
97,20,5.721978666700695e-05,0.0,nan
97,21,0.06921366634198667,1.0,nan
97,22,1.8027103043259067e-05,0.0,nan
97,23,1.915935389819617e-05,0.0,nan
97,24,1.4966608695657303e-05,0.0,nan
97,25,1.0979834951332518e-05,0.0,nan
97,26,1.004827680918244e-05,0.0,nan
97,27,0.22747001957181495,1.0,nan
97,28,1.68614349662504e-05,0.0,nan
97,29,7.930398315874328e-06,0.0,nan
97,30,9.725651467016457e-06,0.0,nan
97,31,1.214874492396737e-05,0.0,nan
97,32,9.932068462349724e-06,0.0,nan
97,33,1.2856721720181982e-05,0.0,nan
97,34,1.124008773582868e-05,0.0,nan
97,35,1.2818610586869202e-05,0.0,nan
97,36,1.3342345727107321e-05,0.0,nan
97,37,1.0347389464219287e-05,0.0,nan
97,38,2.8829265333779373e-05,0.0,nan
97,39,2.0165739552180184e-05,0.0,nan
97,40,2.2260555386944944e-05,0.0,nan
97,41,7.5900023846948986e-06,0.0,nan
97,42,4.892922025205434e-06,0.0,nan
97,43,1.755221690376647e-05,0.0,nan
97,44,1.4421388056247573e-05,0.0,nan
97,45,5.59781083672577e-06,0.0,nan
97,46,7.169083660633511e-06,0.0,nan
97,47,8.499912412943009e-05,0.0,nan
97,48,2.3281574963849615e-05,0.0,nan
97,49,1.373291998884952e-05,0.0,nan
97,50,2.2542657992952278e-05,0.0,nan
97,51,6.837185218674231e-06,0.0,nan
97,52,1.5186826847195289e-05,0.0,nan
97,53,9.526829230869812e-06,0.0,nan
97,54,1.7862375174312752e-05,0.0,nan
97,55,8.979886319645067e-06,0.0,nan
97,56,2.2044704698238017e-05,0.0,nan
97,57,1.0150078878820247e-05,0.0,nan
97,58,1.4465329841109383e-05,0.0,nan
97,59,1.0915321404140427e-05,0.0,nan
97,60,2.520533690715916e-05,0.0,nan
97,61,5.368046767668028e-06,0.0,nan
97,62,2.807709065439026e-05,0.0,nan
97,63,2.689001338458178e-05,0.0,nan
97,64,1.477776386127311e-05,0.0,nan
97,65,6.216189101397384e-06,0.0,nan
97,66,1.3874807071605767e-05,0.0,nan
97,67,1.2922641825186722e-05,0.0,nan
97,68,7.357754768623053e-06,0.0,nan
97,69,3.441106439178489e-05,0.0,nan
97,70,8.267740469221568e-06,0.0,nan
97,71,5.479558965188459e-06,0.0,nan
97,72,1.4750402169348421e-05,0.0,nan
97,73,9.27635338611966e-06,0.0,nan
97,74,7.540948897063851e-06,0.0,nan
97,75,8.60947466357483e-06,0.0,nan
97,76,1.3855634369776837e-05,0.0,nan
97,77,8.930464793254627e-06,0.0,nan
97,78,2.6409582887707113e-05,0.0,nan
97,79,9.424766606639483e-06,0.0,nan
97,80,5.51727303577142e-05,0.0,nan
97,81,1.2437686109100349e-05,0.0,nan
97,82,1.0730579168024746e-05,0.0,nan
97,83,8.151206171275828e-07,0.0,nan
97,84,1.1702875384333134e-05,0.0,nan
97,85,4.282651200403577e-06,0.0,nan
97,86,1.0709149161733245e-05,0.0,nan
97,87,7.530098426952968e-06,0.0,nan
97,88,7.94659002563284e-06,0.0,nan
97,89,9.877836594806079e-06,0.0,nan
97,90,1.2895440910299356e-05,0.0,nan
97,91,1.816051547818005e-05,0.0,nan
97,92,5.226425556388242e-06,0.0,nan
97,93,2.4754896507936173e-05,0.0,nan
97,94,1.807362610724854e-05,0.0,nan
97,95,1.6459271699234244e-05,0.0,nan
97,96,1.6248925402471115e-05,0.0,nan
97,97,4.3512265708640155e-06,0.0,nan
97,98,4.724995376379079e-06,0.0,nan
97,99,5.484310926293271e-06,0.0,nan
98,0,8.292586534978465e-06,0.0,nan
98,1,2.0403768171320486e-05,0.0,nan
98,2,1.3095444632129876e-05,0.0,nan
98,3,8.186071476891604e-06,0.0,nan
98,4,1.626790414783028e-05,0.0,nan
98,5,7.87386076501961e-06,0.0,nan
98,6,2.2203813345778457e-06,0.0,nan
98,7,7.770981795020491e-06,0.0,nan
98,8,4.771345840558374e-06,0.0,nan
98,9,3.380516992032882e-05,0.0,nan
98,10,5.451974138779349e-06,0.0,nan
98,11,0.14138689615976868,1.0,nan
98,12,1.450803229286203e-05,0.0,nan
98,13,1.8890924687234e-05,0.0,nan
98,14,9.77552409410985e-06,0.0,nan
98,15,4.176997649917355e-06,0.0,nan
98,16,1.3327381222092376e-05,0.0,nan
98,17,2.514522466512931e-05,0.0,nan
98,18,1.9917222736796018e-06,0.0,nan
98,19,1.2871116800530327e-05,0.0,nan
98,20,3.323973333533287e-05,0.0,nan
98,21,0.547792399872292,1.0,nan
98,22,1.3197252457784837e-05,0.0,nan
98,23,3.90538743678028e-05,0.0,nan
98,24,1.8879150615064837e-05,0.0,nan
98,25,1.5631097901983256e-05,0.0,nan
98,26,2.191723977526477e-05,0.0,nan
98,27,0.18890057996613702,1.0,nan
98,28,2.8996852118318274e-05,0.0,nan
98,29,1.1392418851807046e-05,0.0,nan
98,30,1.0174200858125015e-05,0.0,nan
98,31,1.225564772095558e-05,0.0,nan
98,32,1.2265078382366182e-05,0.0,nan
98,33,1.19547127350861e-05,0.0,nan
98,34,5.529937320156684e-06,0.0,nan
98,35,1.0915058995978204e-05,0.0,nan
98,36,1.7623540496900546e-05,0.0,nan
98,37,8.40802190627359e-06,0.0,nan
98,38,8.15134317989578e-06,0.0,nan
98,39,1.7186838060825375e-05,0.0,nan
98,40,9.314454486606948e-06,0.0,nan
98,41,1.1128619363634194e-05,0.0,nan
98,42,1.369672615474291e-05,0.0,nan
98,43,8.111229605696802e-06,0.0,nan
98,44,1.1960266907621246e-05,0.0,nan
98,45,9.283002623982658e-06,0.0,nan
98,46,5.8145176813921255e-06,0.0,nan
98,47,2.773266373712064e-05,0.0,nan
98,48,8.004163975563356e-06,0.0,nan
98,49,5.503450768859842e-06,0.0,nan
98,50,1.3870228406160246e-05,0.0,nan
98,51,6.814217988563321e-06,0.0,nan
98,52,1.9034976576025583e-05,0.0,nan
98,53,3.6060035370746434e-06,0.0,nan
98,54,5.2254039412916154e-06,0.0,nan
98,55,1.4232323368686746e-05,0.0,nan
98,56,1.9763322929043742e-05,0.0,nan
98,57,7.760837073413096e-06,0.0,nan
98,58,6.581166142576674e-06,0.0,nan
98,59,2.1365165524263488e-05,0.0,nan
98,60,6.963786793678492e-06,0.0,nan
98,61,2.2144673766346653e-05,0.0,nan
98,62,4.6601121864008884e-05,0.0,nan
98,63,9.947425718009381e-06,0.0,nan
98,64,6.9969732557781905e-06,0.0,nan
98,65,1.1354883358208735e-05,0.0,nan
98,66,1.6818591652851522e-05,0.0,nan
98,67,7.243494536287746e-06,0.0,nan
98,68,1.3045474514562014e-05,0.0,nan
98,69,5.553326604002211e-06,0.0,nan
98,70,7.813439594481652e-06,0.0,nan
98,71,4.607806819729601e-05,0.0,nan
98,72,1.5010192991065695e-05,0.0,nan
98,73,1.2300272249810963e-05,0.0,nan
98,74,3.078066346614732e-05,0.0,nan
98,75,2.7677631508897085e-06,0.0,nan
98,76,1.247926840779932e-05,0.0,nan
98,77,1.558153903736787e-05,0.0,nan
98,78,1.3502490726439624e-05,0.0,nan
98,79,4.6053147743642605e-05,0.0,nan
98,80,1.132131977264636e-05,0.0,nan
98,81,1.4348726089432744e-05,0.0,nan
98,82,1.2976024560055008e-05,0.0,nan
98,83,2.151754762664463e-05,0.0,nan
98,84,2.0394446613408387e-05,0.0,nan
98,85,1.0567023251264973e-05,0.0,nan
98,86,6.015574047095455e-06,0.0,nan
98,87,8.633870095851263e-06,0.0,nan
98,88,1.022964020061962e-05,0.0,nan
98,89,2.8123268372366195e-06,0.0,nan
98,90,1.6096059020854972e-05,0.0,nan
98,91,1.5986881885271002e-05,0.0,nan
98,92,1.702694832985318e-05,0.0,nan
98,93,1.1876776915667663e-05,0.0,nan
98,94,7.7293517615411e-06,0.0,nan
98,95,2.5720796698811995e-05,0.0,nan
98,96,1.178368016596286e-05,0.0,nan
98,97,6.445218861114905e-06,0.0,nan
98,98,0.0001018255092570176,0.0,nan
98,99,9.263732837709325e-06,0.0,nan
99,0,1.6352233687842503e-05,0.0,nan
99,1,1.565179232475108e-05,0.0,nan
99,2,4.501911049405667e-06,0.0,nan
99,3,2.0566659489867517e-05,0.0,nan
99,4,4.642385906698401e-06,0.0,nan
99,5,1.655828308233177e-05,0.0,nan
99,6,7.721785070935184e-06,0.0,nan
99,7,4.110140675946726e-06,0.0,nan
99,8,1.2475833706773572e-05,0.0,nan
99,9,3.301865169198408e-05,0.0,nan
99,10,4.882182705244139e-06,0.0,nan
99,11,0.1126491657973333,1.0,nan
99,12,1.197197572877474e-05,0.0,nan
99,13,2.5764224329815384e-05,0.0,nan
99,14,8.997299315784272e-06,0.0,nan
99,15,2.273539902320506e-05,0.0,nan
99,16,1.1710791914624621e-05,0.0,nan
99,17,1.218508794661125e-05,0.0,nan
99,18,7.026299545259727e-06,0.0,nan
99,19,2.5471997998389777e-05,0.0,nan
99,20,2.165149423672033e-05,0.0,nan
99,21,0.07462985737398195,1.0,nan
99,22,1.8960551953241367e-05,0.0,nan
99,23,1.7039147142525612e-05,0.0,nan
99,24,5.879891088095176e-06,0.0,nan
99,25,7.549744718217942e-06,0.0,nan
99,26,2.4203422534767163e-05,0.0,nan
99,27,0.173786129931307,1.0,nan
99,28,8.488124708379432e-06,0.0,nan
99,29,1.9719445727998742e-05,0.0,nan
99,30,6.6833071076992465e-06,0.0,nan
99,31,1.3576240099609425e-05,0.0,nan
99,32,1.1842134079444546e-05,0.0,nan
99,33,2.5970820093687326e-05,0.0,nan
99,34,9.790230087050887e-06,0.0,nan
99,35,5.760437587156557e-06,0.0,nan
99,36,1.7576422972510216e-05,0.0,nan
99,37,2.013691257085923e-05,0.0,nan
99,38,2.0083649061067578e-05,0.0,nan
99,39,8.48497638511059e-06,0.0,nan
99,40,2.6959151169372624e-05,0.0,nan
99,41,1.2820798267583157e-05,0.0,nan
99,42,8.2639491949811e-06,0.0,nan
99,43,1.884578026525934e-05,0.0,nan
99,44,5.897159868005122e-05,0.0,nan
99,45,1.473703653668467e-05,0.0,nan
99,46,1.228380655633218e-05,0.0,nan
99,47,5.2784854268421665e-06,0.0,nan
99,48,6.788765804303387e-06,0.0,nan
99,49,4.350123249621453e-06,0.0,nan
99,50,1.8270451543939293e-05,0.0,nan
99,51,2.174927932027585e-05,0.0,nan
99,52,1.710719099985608e-05,0.0,nan
99,53,1.476124293168885e-05,0.0,nan
99,54,3.918559851672823e-05,0.0,nan
99,55,2.1019444739949305e-05,0.0,nan
99,56,2.1272003439149155e-05,0.0,nan
99,57,8.801366557527412e-06,0.0,nan
99,58,1.0898439448778009e-05,0.0,nan
99,59,2.2431574010197964e-05,0.0,nan
99,60,4.0235004309641955e-05,0.0,nan
99,61,1.695233133434896e-05,0.0,nan
99,62,3.7526782040390257e-05,0.0,nan
99,63,1.1343067828252837e-05,0.0,nan
99,64,4.3327118215468085e-06,0.0,nan
99,65,1.7284163326187477e-05,0.0,nan
99,66,2.5999398236091333e-05,0.0,nan
99,67,1.0163823699753815e-05,0.0,nan
99,68,9.3233757498497e-06,0.0,nan
99,69,6.8322764197683155e-06,0.0,nan
99,70,4.96699939323414e-06,0.0,nan
99,71,6.591857723886919e-06,0.0,nan
99,72,7.3815699877800575e-06,0.0,nan
99,73,1.2768579054528289e-05,0.0,nan
99,74,1.4094126280646453e-05,0.0,nan
99,75,2.8541990207817316e-05,0.0,nan
99,76,2.2114609890229965e-05,0.0,nan
99,77,6.866369227671208e-06,0.0,nan
99,78,8.04247623244034e-06,0.0,nan
99,79,1.9069995746091284e-05,0.0,nan
99,80,2.019552736410986e-05,0.0,nan
99,81,1.106846448305646e-05,0.0,nan
99,82,5.36987544203595e-06,0.0,nan
99,83,1.5193982361541812e-05,0.0,nan
99,84,9.8327649361069e-06,0.0,nan
99,85,8.209075321481828e-06,0.0,nan
99,86,9.072008262392993e-06,0.0,nan
99,87,3.4466581832925e-06,0.0,nan
99,88,1.0593167977063335e-05,0.0,nan
99,89,7.253697497140347e-06,0.0,nan
99,90,5.455095110890791e-06,0.0,nan
99,91,5.579217417143837e-06,0.0,nan
99,92,3.7276853530808133e-06,0.0,nan
99,93,1.5642382648181502e-05,0.0,nan
99,94,1.6792036324130374e-05,0.0,nan
99,95,5.6886314531550596e-05,0.0,nan
99,96,2.1559503909699708e-05,0.0,nan
99,97,1.5443305205904584e-05,0.0,nan
99,98,1.1983772915419659e-05,0.0,nan
99,99,1.1218597043123994e-05,0.0,nan
100,0,1.0484951250806469e-05,0.0,5.3233662589020455e-08
100,1,1.7858999061190287e-05,0.0,4.997510131103255e-06
100,2,1.765815439224432e-05,0.0,1.6962231502298552e-06
100,3,2.7588397939453092e-05,0.0,1.734060220121732e-05
100,4,2.0497188107343203e-05,0.0,1.568664546474014e-07
100,5,1.0080059798975405e-05,0.0,2.6483772916782194e-08
100,6,2.5038882048274128e-05,0.0,8.34029796851845e-07
100,7,4.6801167386343604e-05,0.0,6.536398265618895e-06
100,8,2.351433056142074e-05,0.0,1.0318531485692414e-06
100,9,1.420524723929989e-05,0.0,1.6666172695762328e-06
100,10,1.1253191700451397e-05,0.0,6.530199734708674e-07
100,11,0.15188433809543017,1.0,0.3301956095734455
100,12,2.7795422912928216e-05,0.0,3.257485121269806e-06
100,13,2.2372423893077332e-05,0.0,2.008808319898776e-05
100,14,4.560685137718088e-05,0.0,1.6159908778211105e-06
100,15,2.0445105623729257e-05,0.0,1.1239740786971117e-06
100,16,1.0990189956095488e-05,0.0,5.4667895938366505e-08
100,17,4.7901681552220464e-05,0.0,2.8217430048954168e-05
100,18,2.392242194800377e-05,0.0,1.0401461993831621e-06
100,19,5.3809323455969406e-05,0.0,2.2854674779588713e-05
100,20,2.200794014111943e-05,0.0,3.215631414633235e-06
100,21,0.06142282765200554,1.0,0.3645082110347842
100,22,6.530405864873983e-05,0.0,1.9455416920556075e-05
100,23,1.856208223239979e-05,0.0,8.053426766406372e-06
100,24,1.3230788917004793e-05,0.0,6.198970052756572e-07
100,25,1.0916631914233673e-05,0.0,5.37826655141806e-07
100,26,2.6631890551548974e-05,0.0,2.572171090260341e-07
100,27,0.203455122761718,1.0,0.3049505809301989
100,28,8.391410957154284e-06,0.0,8.336134497422173e-07
100,29,7.2237857946983195e-06,0.0,9.493168195017526e-08
100,30,1.260461142323274e-05,0.0,2.1739066582519556e-07
100,31,1.4449237413100501e-05,0.0,3.167809844955778e-08
100,32,1.958440506745876e-05,0.0,4.045779210501997e-06
100,33,1.7764442093724298e-05,0.0,3.820255684648502e-06
100,34,4.789204925596038e-05,0.0,5.365394951352177e-06
100,35,2.5313372678618915e-05,0.0,1.2092808177340824e-06
100,36,3.757205217585529e-05,0.0,1.7388321461162283e-06
100,37,1.7801993442679287e-05,0.0,4.713832258998133e-06
100,38,6.254381181427305e-06,0.0,2.5111479024610323e-06
100,39,2.0835823739304936e-05,0.0,8.87062895357978e-07
100,40,2.2143485617970557e-05,0.0,5.408458320432663e-06
100,41,5.115103362216427e-05,0.0,8.816894812681315e-08
100,42,2.0149315186522552e-05,0.0,1.6734843942007316e-06
100,43,2.609865408960896e-05,0.0,3.3088625894763048e-06
100,44,1.8185022762997406e-05,0.0,9.080807004918782e-07
100,45,1.899897677216363e-05,0.0,7.130891004401506e-07
100,46,3.624442580959599e-06,0.0,7.576833675311263e-07
100,47,1.752204419213579e-05,0.0,2.8753654207914985e-06
100,48,2.3959716103598066e-05,0.0,3.142743031163969e-07
100,49,1.676336461948716e-05,0.0,2.0271116638527124e-06
100,50,2.1756876014031558e-05,0.0,4.649700405192462e-06
100,51,1.3663347356111015e-05,0.0,8.133606553565643e-07
100,52,9.990408645017592e-06,0.0,8.68842455309519e-07
100,53,1.2097514776769425e-05,0.0,1.70053663861619e-06
100,54,1.8900897185755036e-05,0.0,3.1114986942598645e-06
100,55,3.342519549749117e-06,0.0,7.982616985271312e-08
100,56,2.538332492384122e-05,0.0,4.264406789129284e-07
100,57,1.9548739246332595e-05,0.0,9.137588353897035e-07
100,58,5.462479762307841e-05,0.0,1.462425607841966e-05
100,59,1.1474613538111611e-05,0.0,1.0074413038750031e-06
100,60,1.540179668889179e-05,0.0,8.474083317245214e-07
100,61,1.8635252706309187e-05,0.0,6.68646154516824e-06
100,62,1.014019390846645e-05,0.0,2.1916671278811133e-06
100,63,1.6565542259031136e-05,0.0,2.2886921115835063e-06
100,64,2.0031806690838035e-05,0.0,1.0664479946165302e-06
100,65,1.829921555349487e-05,0.0,3.227363724804732e-06
100,66,9.121979020774026e-06,0.0,2.3798333317507402e-07
100,67,2.4448782918940298e-05,0.0,8.138317657446387e-06
100,68,4.8073983657754746e-06,0.0,7.098143730835077e-08
100,69,9.520500111103877e-06,0.0,1.3619272226668653e-06
100,70,5.175271701759052e-06,0.0,3.4963605602878504e-08
100,71,2.128545413294871e-05,0.0,1.9602049409294256e-06
100,72,3.1195337157873826e-05,0.0,5.1923997470268257e-08
100,73,1.561397503648961e-05,0.0,7.936998133988498e-06
100,74,1.945280369825011e-05,0.0,2.3663479707937615e-07
100,75,2.5577855552760394e-05,0.0,4.696259328373824e-06
100,76,2.0329390411335403e-05,0.0,3.9527109875550387e-07
100,77,2.241889370608831e-05,0.0,6.101217809100927e-07
100,78,1.0566452722809928e-05,0.0,2.602408496168309e-06
100,79,2.0090452541851146e-05,0.0,1.5282845702075866e-06
100,80,8.07359946036203e-05,0.0,3.942717528977237e-05
100,81,9.279012313256736e-05,0.0,6.249491918690056e-06
100,82,8.38380258316222e-06,0.0,7.488398657339075e-07
100,83,2.278739284821852e-06,0.0,1.1641638880025491e-07
100,84,1.5054545494779293e-05,0.0,1.3202669698490184e-06
100,85,2.494477946449219e-05,0.0,2.2379344456041802e-06
100,86,1.987794756275796e-05,0.0,1.0025465704001975e-05
100,87,1.4429147827195777e-05,0.0,1.055100053613434e-06
100,88,8.705175645786399e-06,0.0,1.3763634812924523e-08
100,89,2.843888194674777e-05,0.0,1.2180982371942487e-06
100,90,3.3116066253489876e-05,0.0,6.606225029053531e-07
100,91,8.118785133230346e-06,0.0,9.645596289475713e-08
100,92,8.190938756376483e-06,0.0,4.961166206415661e-07
100,93,2.6555674888836496e-05,0.0,1.9071425119020052e-06
100,94,4.467483931951149e-06,0.0,1.1565780619665776e-08
100,95,4.543684986986592e-05,0.0,2.8784902682506213e-06
100,96,3.238281512571173e-05,0.0,1.9610458734807943e-06
100,97,1.893946309017194e-05,0.0,6.981303765071637e-06
100,98,1.7232241346263694e-05,0.0,4.802465301511092e-06
100,99,2.413476190914789e-05,0.0,9.623285498972678e-08
101,0,1.3855530492593352e-05,0.0,nan
101,1,1.2282692900378515e-05,0.0,nan
101,2,1.6204459185457503e-05,0.0,nan
101,3,3.487228427831129e-05,0.0,nan
101,4,1.2351031860667852e-05,0.0,nan
101,5,2.0842016903698474e-05,0.0,nan
101,6,5.157422114539454e-06,0.0,nan
101,7,1.1774673074991542e-05,0.0,nan
101,8,1.334664324931835e-05,0.0,nan
101,9,1.511832282796541e-05,0.0,nan
101,10,1.656789366867423e-05,0.0,nan
101,11,0.1398348393662521,1.0,nan
101,12,1.173188153388447e-05,0.0,nan
101,13,7.609716819094967e-05,0.0,nan
101,14,6.863842866738044e-06,0.0,nan
101,15,1.713276020738057e-05,0.0,nan
101,16,1.534433140881988e-05,0.0,nan
101,17,1.4385336695016254e-05,0.0,nan
101,18,1.8021803665428452e-05,0.0,nan
101,19,3.696904721979559e-05,0.0,nan
101,20,1.1797583532232108e-05,0.0,nan
101,21,0.1206159005457829,1.0,nan
101,22,9.76252313517288e-06,0.0,nan
101,23,1.4679363170474308e-05,0.0,nan
101,24,7.759720339716666e-06,0.0,nan
101,25,1.4219905506952534e-05,0.0,nan
101,26,8.71217943216421e-06,0.0,nan
101,27,0.15442486233702074,1.0,nan
101,28,3.612174346540179e-05,0.0,nan
101,29,3.068957404698748e-05,0.0,nan
101,30,3.9788147395757715e-05,0.0,nan
101,31,1.1551281114278484e-05,0.0,nan
101,32,1.1244361957471917e-05,0.0,nan
101,33,1.6480287351879055e-05,0.0,nan
101,34,2.9105246162454e-05,0.0,nan
101,35,1.2846317621083411e-05,0.0,nan
101,36,3.988319827374577e-06,0.0,nan
101,37,4.6123208451311935e-06,0.0,nan
101,38,2.0977832681480973e-05,0.0,nan
101,39,6.77337214688097e-06,0.0,nan
101,40,2.520558378077094e-05,0.0,nan
101,41,4.1041226053885865e-06,0.0,nan
101,42,1.1753371350376077e-05,0.0,nan
101,43,3.459106863869624e-05,0.0,nan
101,44,4.0862016321672566e-05,0.0,nan
101,45,1.8646467119932704e-05,0.0,nan
101,46,3.779335721749661e-05,0.0,nan
101,47,1.3330009111311179e-05,0.0,nan
101,48,3.6998844528586067e-06,0.0,nan
101,49,5.921132332267321e-06,0.0,nan
101,50,1.6094587451129976e-05,0.0,nan
101,51,1.9305802543548343e-05,0.0,nan
101,52,2.713128594953794e-05,0.0,nan
101,53,2.0208056164542154e-05,0.0,nan
101,54,2.5464431537445645e-05,0.0,nan
101,55,1.311343999968177e-05,0.0,nan
101,56,1.8237290099145367e-05,0.0,nan
101,57,9.13794999196522e-06,0.0,nan
101,58,1.277258358721104e-05,0.0,nan
101,59,2.3747079817033843e-05,0.0,nan
101,60,9.054226022819494e-06,0.0,nan
101,61,4.921330470520656e-06,0.0,nan
101,62,3.103603383941259e-05,0.0,nan
101,63,8.165660002057815e-06,0.0,nan
101,64,8.369181872417367e-06,0.0,nan
101,65,2.5580089699580516e-05,0.0,nan
101,66,1.4049704571175627e-05,0.0,nan
101,67,1.4273113169346856e-05,0.0,nan
101,68,1.585336019400929e-05,0.0,nan
101,69,1.502106129489249e-05,0.0,nan
101,70,3.1165116870591943e-05,0.0,nan
101,71,8.15985594637613e-06,0.0,nan
101,72,1.2604043764075148e-05,0.0,nan
101,73,7.137120486638167e-06,0.0,nan
101,74,9.883550188859183e-06,0.0,nan
101,75,7.595767346353863e-06,0.0,nan
101,76,1.1456382285194967e-05,0.0,nan
101,77,3.863370289923813e-05,0.0,nan
101,78,2.361645232823632e-05,0.0,nan
101,79,7.56482221524638e-06,0.0,nan
101,80,9.554490428355502e-06,0.0,nan
101,81,1.1991987094493724e-05,0.0,nan
101,82,3.249057763759636e-05,0.0,nan
101,83,3.1628951255463345e-05,0.0,nan
101,84,3.195292353819522e-05,0.0,nan
101,85,3.315453896427623e-05,0.0,nan
101,86,9.403112333845027e-06,0.0,nan
101,87,2.133414262559439e-05,0.0,nan
101,88,1.403857140406549e-05,0.0,nan
101,89,1.9880729011737244e-05,0.0,nan
101,90,1.3598616775463382e-05,0.0,nan
101,91,1.2369346950039729e-05,0.0,nan
101,92,2.3902997409732757e-05,0.0,nan
101,93,1.7614574245085722e-05,0.0,nan
101,94,4.232825295915739e-06,0.0,nan
101,95,5.203250290647008e-05,0.0,nan
101,96,3.5937602196079574e-05,0.0,nan
101,97,1.317180220246349e-05,0.0,nan
101,98,2.6503479750772143e-05,0.0,nan
101,99,1.0796816633607548e-05,0.0,nan
102,0,1.6010060899980508e-05,0.0,nan
102,1,1.1520323017828588e-05,0.0,nan
102,2,1.2464892714137303e-05,0.0,nan
102,3,3.1726797363235505e-05,0.0,nan
102,4,6.139207798554235e-06,0.0,nan
102,5,2.319002556928004e-05,0.0,nan
102,6,2.7856180688406653e-05,0.0,nan
102,7,1.9460873608493075e-05,0.0,nan
102,8,3.595812895879883e-05,0.0,nan
102,9,2.1417695049950376e-05,0.0,nan
102,10,9.554075018469454e-06,0.0,nan
102,11,0.18412648877302756,1.0,nan
102,12,6.543257695649586e-06,0.0,nan
102,13,6.569897666314904e-05,0.0,nan
102,14,6.754632750692547e-06,0.0,nan
102,15,2.071391663632861e-05,0.0,nan
102,16,5.476199072599324e-06,0.0,nan
102,17,1.0357038676734454e-05,0.0,nan
102,18,1.4869411756056717e-05,0.0,nan
102,19,8.252734851125158e-06,0.0,nan
102,20,9.484479067035317e-06,0.0,nan
102,21,0.15686753924277239,1.0,nan
102,22,8.88451833839867e-06,0.0,nan
102,23,2.256081228245842e-05,0.0,nan
102,24,2.0325648190630537e-05,0.0,nan
102,25,5.004653296587698e-06,0.0,nan
102,26,9.377100845994409e-06,0.0,nan
102,27,0.22682221582896706,1.0,nan
102,28,5.0022196969042554e-05,0.0,nan
102,29,6.8251122584413045e-06,0.0,nan
102,30,3.2774309019354995e-06,0.0,nan
102,31,5.884219871721707e-06,0.0,nan
102,32,1.3367893508059054e-05,0.0,nan
102,33,1.898428011801386e-05,0.0,nan
102,34,1.0071990494325804e-05,0.0,nan
102,35,2.2679981773859507e-05,0.0,nan
102,36,1.9548345184630828e-05,0.0,nan
102,37,2.078050331659836e-05,0.0,nan
102,38,1.3212339456577134e-05,0.0,nan
102,39,9.53159735701817e-06,0.0,nan
102,40,3.78823688108679e-05,0.0,nan
102,41,1.6724645402960406e-05,0.0,nan
102,42,8.268891189615274e-06,0.0,nan
102,43,1.3315116383827094e-05,0.0,nan
102,44,1.0449525438270094e-05,0.0,nan
102,45,7.498258399323462e-06,0.0,nan
102,46,9.947491714470578e-06,0.0,nan
102,47,2.020958735924667e-05,0.0,nan
102,48,9.052625646630143e-06,0.0,nan
102,49,6.858931119361765e-06,0.0,nan
102,50,1.7838787654572907e-05,0.0,nan
102,51,2.359131430312051e-05,0.0,nan
102,52,1.4989789942745143e-05,0.0,nan
102,53,1.000800478021346e-05,0.0,nan
102,54,6.5013833986123415e-06,0.0,nan
102,55,4.779429482655539e-05,0.0,nan
102,56,7.724667357651175e-06,0.0,nan
102,57,1.2815317653931608e-05,0.0,nan
102,58,3.0264491006980233e-05,0.0,nan
102,59,2.9074082242323588e-05,0.0,nan
102,60,9.107777858321794e-06,0.0,nan
102,61,2.7478584263591003e-05,0.0,nan
102,62,9.03768136763846e-06,0.0,nan
102,63,2.8115081288200642e-05,0.0,nan
102,64,1.6485032004947946e-05,0.0,nan
102,65,1.8496745432036112e-05,0.0,nan
102,66,1.4445667321261529e-05,0.0,nan
102,67,2.2267559160033494e-05,0.0,nan
102,68,1.6751482190120544e-05,0.0,nan
102,69,1.5834128278590876e-05,0.0,nan
102,70,3.8436909396087494e-06,0.0,nan
102,71,1.5091772897252772e-05,0.0,nan
102,72,6.305162993240758e-06,0.0,nan
102,73,6.768434379244338e-05,0.0,nan
102,74,3.5191286793170466e-05,0.0,nan
102,75,5.8868441909534115e-06,0.0,nan
102,76,3.2545966646627418e-06,0.0,nan
102,77,1.3339090097712635e-05,0.0,nan
102,78,3.3395593473422696e-05,0.0,nan
102,79,6.0307981313174095e-06,0.0,nan
102,80,7.0755046841102235e-06,0.0,nan
102,81,7.123121680462731e-06,0.0,nan
102,82,1.3703659889973733e-05,0.0,nan
102,83,1.4311744539795552e-05,0.0,nan
102,84,7.3116112809402115e-06,0.0,nan
102,85,1.039860302916949e-05,0.0,nan
102,86,1.7490763171569763e-05,0.0,nan
102,87,1.1294512724597362e-05,0.0,nan
102,88,1.619782701491223e-05,0.0,nan
102,89,3.161579700110331e-05,0.0,nan
102,90,1.3992841295406689e-05,0.0,nan
102,91,3.971058902917435e-05,0.0,nan
102,92,2.625484124648992e-05,0.0,nan
102,93,2.0808732572932032e-05,0.0,nan
102,94,1.8433989335231385e-05,0.0,nan
102,95,2.4737718576529118e-05,0.0,nan
102,96,2.0243470411934025e-05,0.0,nan
102,97,3.6859424471500755e-05,0.0,nan
102,98,1.3380206967221553e-05,0.0,nan
102,99,8.348579120805727e-06,0.0,nan
103,0,1.4359086257522696e-05,0.0,nan
103,1,8.600908465315421e-06,0.0,nan
103,2,5.150675688383854e-06,0.0,nan
103,3,2.2246530171198823e-05,0.0,nan
103,4,2.13177219668226e-05,0.0,nan
103,5,1.7716065636456917e-05,0.0,nan
103,6,1.0184182077762487e-05,0.0,nan
103,7,2.6409014643743596e-06,0.0,nan
103,8,4.586779544388848e-06,0.0,nan
103,9,1.591125362205541e-05,0.0,nan
103,10,1.0511513659501265e-05,0.0,nan
103,11,0.19922865013124186,1.0,nan
103,12,1.985172035893358e-06,0.0,nan
103,13,1.0109574099309207e-05,0.0,nan
103,14,1.7939300871719824e-05,0.0,nan
103,15,1.550193802507224e-05,0.0,nan
103,16,1.4059836064275332e-05,0.0,nan
103,17,1.7999352061178335e-05,0.0,nan
103,18,5.474108231010683e-06,0.0,nan
103,19,1.4024428628290708e-05,0.0,nan
103,20,1.0609578504730747e-05,0.0,nan
103,21,0.12471178863205082,1.0,nan
103,22,1.0621982581059704e-05,0.0,nan
103,23,8.032770327125517e-06,0.0,nan
103,24,8.004492846900874e-06,0.0,nan
103,25,3.913492332653634e-06,0.0,nan
103,26,1.1804222703679666e-05,0.0,nan
103,27,0.23259865623034515,1.0,nan
103,28,1.2271644757966728e-05,0.0,nan
103,29,1.657685272709105e-05,0.0,nan
103,30,2.583770385720984e-05,0.0,nan
103,31,4.140624864906545e-06,0.0,nan
103,32,2.287210156622385e-05,0.0,nan
103,33,1.661860349984835e-05,0.0,nan
103,34,1.0031139932499018e-05,0.0,nan
103,35,1.9148669385198516e-05,0.0,nan
103,36,1.0450515958177848e-05,0.0,nan
103,37,8.282624012495906e-06,0.0,nan
103,38,2.550030956658517e-05,0.0,nan
103,39,9.180132934572279e-06,0.0,nan
103,40,4.172114703910576e-06,0.0,nan
103,41,1.2928378905230282e-05,0.0,nan
103,42,2.397997016047869e-05,0.0,nan
103,43,3.327380226036816e-06,0.0,nan
103,44,6.86531593730168e-06,0.0,nan
103,45,1.0498653916550096e-05,0.0,nan
103,46,5.955325358815639e-06,0.0,nan
103,47,1.6623751362727044e-05,0.0,nan
103,48,1.1831155488950882e-05,0.0,nan
103,49,2.6829945447271006e-05,0.0,nan
103,50,6.349258678031943e-06,0.0,nan
103,51,9.991245602617243e-06,0.0,nan
103,52,2.232613968748396e-05,0.0,nan
103,53,1.2526603100752846e-05,0.0,nan
103,54,1.6361817339634018e-05,0.0,nan
103,55,1.1708452048810311e-05,0.0,nan
103,56,7.5090541259642455e-06,0.0,nan
103,57,3.7458118545761334e-06,0.0,nan
103,58,3.169970060757687e-05,0.0,nan
103,59,1.2793309352516295e-05,0.0,nan
103,60,1.0992690311558447e-05,0.0,nan
103,61,5.213698816932256e-06,0.0,nan
103,62,1.669693493481944e-05,0.0,nan
103,63,9.208503825439955e-06,0.0,nan
103,64,1.6563488968067517e-05,0.0,nan
103,65,3.990192386041883e-05,0.0,nan
103,66,7.849983830482445e-06,0.0,nan
103,67,1.5175368102702443e-05,0.0,nan
103,68,1.270643513713587e-05,0.0,nan
103,69,1.4606800879338701e-05,0.0,nan
103,70,3.353409302661637e-05,0.0,nan
103,71,1.8907580391614523e-05,0.0,nan
103,72,8.599789932324525e-06,0.0,nan
103,73,1.8859339190450114e-05,0.0,nan
103,74,1.3055727482889904e-05,0.0,nan
103,75,1.930982610403889e-05,0.0,nan
103,76,3.154188754521751e-06,0.0,nan
103,77,7.740383851545388e-06,0.0,nan
103,78,1.596353871060319e-06,0.0,nan
103,79,8.533472629623927e-06,0.0,nan
103,80,3.378885028357461e-06,0.0,nan
103,81,1.0732736922474272e-05,0.0,nan
103,82,8.751154907538912e-05,0.0,nan
103,83,6.1077360058917385e-06,0.0,nan
103,84,1.1262664250341099e-05,0.0,nan
103,85,4.070804476127608e-05,0.0,nan
103,86,1.3054126954695446e-05,0.0,nan
103,87,1.276130790151822e-05,0.0,nan
103,88,1.897328003456827e-05,0.0,nan
103,89,1.8341430649700253e-05,0.0,nan
103,90,1.0969302942391555e-05,0.0,nan
103,91,7.010673369124654e-06,0.0,nan
103,92,1.1738130093405014e-05,0.0,nan
103,93,8.674450468405628e-06,0.0,nan
103,94,1.234944736770726e-05,0.0,nan
103,95,4.448221310123342e-06,0.0,nan
103,96,7.361422019444899e-06,0.0,nan
103,97,2.3713104318507413e-05,0.0,nan
103,98,2.5878839625716405e-05,0.0,nan
103,99,2.885971111056092e-05,0.0,nan
104,0,2.3435463255620847e-05,0.0,nan
104,1,2.2227844856794478e-05,0.0,nan
104,2,9.679661469061901e-06,0.0,nan
104,3,1.7340011588040213e-05,0.0,nan
104,4,2.1741679302839173e-05,0.0,nan
104,5,1.574082312620143e-06,0.0,nan
104,6,2.298221373609751e-05,0.0,nan
104,7,9.567203909482667e-06,0.0,nan
104,8,8.232355549357292e-06,0.0,nan
104,9,9.374497192561853e-06,0.0,nan
104,10,1.167438387268053e-05,0.0,nan
104,11,0.12063713620302727,1.0,nan
104,12,1.3323526624209394e-05,0.0,nan
104,13,1.5306299810944265e-05,0.0,nan
104,14,1.110950448375701e-05,0.0,nan
104,15,2.0244536851947305e-05,0.0,nan
104,16,3.0466828145915853e-05,0.0,nan
104,17,3.33673780413679e-05,0.0,nan
104,18,6.910367761702754e-05,0.0,nan
104,19,1.4748637112272161e-05,0.0,nan
104,20,3.3513351460072494e-05,0.0,nan
104,21,0.1434665870816952,1.0,nan
104,22,1.7203006512330603e-05,0.0,nan
104,23,2.990003837696722e-05,0.0,nan
104,24,1.5336994163266132e-05,0.0,nan
104,25,7.640586773643273e-06,0.0,nan
104,26,1.3027333304037015e-05,0.0,nan
104,27,0.200169800682653,1.0,nan
104,28,5.441857593271688e-06,0.0,nan
104,29,2.0877993442429527e-05,0.0,nan
104,30,1.6255492111740222e-05,0.0,nan
104,31,1.9021734279385663e-06,0.0,nan
104,32,3.696021210651149e-05,0.0,nan
104,33,1.6665462206405017e-05,0.0,nan
104,34,8.884127329876808e-06,0.0,nan
104,35,1.2617521649213149e-05,0.0,nan
104,36,1.3828972077041535e-05,0.0,nan
104,37,2.4513496908474733e-05,0.0,nan
104,38,1.422703688708801e-05,0.0,nan
104,39,2.158111465881999e-05,0.0,nan
104,40,1.4173610769999041e-05,0.0,nan
104,41,1.7374601876890456e-05,0.0,nan
104,42,1.7575312073543257e-05,0.0,nan
104,43,6.357439287942628e-06,0.0,nan
104,44,4.317540887656537e-05,0.0,nan
104,45,2.886298588260077e-05,0.0,nan
104,46,6.67599323982637e-06,0.0,nan
104,47,7.0236288293445224e-06,0.0,nan
104,48,4.630258769086179e-05,0.0,nan
104,49,2.1647063668957196e-05,0.0,nan
104,50,6.819825544713775e-06,0.0,nan
104,51,1.0043109645242977e-05,0.0,nan
104,52,1.527553076644419e-05,0.0,nan
104,53,1.421104860090693e-05,0.0,nan
104,54,9.372920668995364e-06,0.0,nan
104,55,3.245233750855612e-05,0.0,nan
104,56,1.5538065926349103e-05,0.0,nan
104,57,1.5128257188213792e-05,0.0,nan
104,58,2.805596757328312e-05,0.0,nan
104,59,3.119294262374771e-05,0.0,nan
104,60,1.4398067871849969e-05,0.0,nan
104,61,1.5626230747503518e-05,0.0,nan
104,62,3.891872333236091e-06,0.0,nan
104,63,1.2589514221334222e-05,0.0,nan
104,64,1.5266077346588084e-05,0.0,nan
104,65,2.3803154678139975e-05,0.0,nan
104,66,1.9344564421234156e-05,0.0,nan
104,67,3.6502903365974714e-05,0.0,nan
104,68,1.97450958288259e-05,0.0,nan
104,69,1.3529061792620409e-05,0.0,nan
104,70,3.949159183935605e-05,0.0,nan
104,71,7.26974819213271e-06,0.0,nan
104,72,1.0011212772701679e-05,0.0,nan
104,73,1.0649829098061337e-05,0.0,nan
104,74,2.344738035232294e-05,0.0,nan
104,75,2.333739752565146e-05,0.0,nan
104,76,2.1707351362657276e-05,0.0,nan
104,77,1.2554790181917476e-05,0.0,nan
104,78,5.161583913918408e-06,0.0,nan
104,79,1.0662888348570961e-05,0.0,nan
104,80,0.00014709686005980624,0.0,nan
104,81,1.7521142654147227e-05,0.0,nan
104,82,8.383184836321949e-06,0.0,nan
104,83,1.0034550965042808e-05,0.0,nan
104,84,2.146197142733586e-05,0.0,nan
104,85,1.2480868925543222e-05,0.0,nan
104,86,9.807663565610584e-06,0.0,nan
104,87,2.7108172351054766e-05,0.0,nan
104,88,6.464847480976322e-06,0.0,nan
104,89,1.9085480496266898e-05,0.0,nan
104,90,5.367059363651662e-06,0.0,nan
104,91,5.716861016135232e-06,0.0,nan
104,92,2.0106336014648994e-05,0.0,nan
104,93,9.17695765943887e-06,0.0,nan
104,94,3.6450768255088874e-06,0.0,nan
104,95,8.15534018612543e-06,0.0,nan
104,96,1.371612238821187e-05,0.0,nan
104,97,9.917940184849086e-06,0.0,nan
104,98,1.0403937489159303e-05,0.0,nan
104,99,1.4003747429621841e-05,0.0,nan
105,0,9.109130980712301e-06,0.0,nan
105,1,8.012930104763411e-06,0.0,nan
105,2,1.209222503472969e-05,0.0,nan
105,3,4.3742195426436646e-05,0.0,nan
105,4,1.1231894153001967e-05,0.0,nan
105,5,7.268316869897641e-06,0.0,nan
105,6,2.133178743740068e-05,0.0,nan
105,7,2.9480007881544305e-06,0.0,nan
105,8,9.722446617340708e-06,0.0,nan
105,9,1.7970620737523068e-05,0.0,nan
105,10,8.728313974780056e-06,0.0,nan
105,11,0.13894797832816375,1.0,nan
105,12,1.2012298677510312e-05,0.0,nan
105,13,1.5501793118016964e-05,0.0,nan
105,14,6.222228861262628e-06,0.0,nan
105,15,1.580325195768111e-05,0.0,nan
105,16,1.1918549644663115e-05,0.0,nan
105,17,7.5137627581727665e-06,0.0,nan
105,18,1.548331846699477e-05,0.0,nan
105,19,1.1387017775289798e-05,0.0,nan
105,20,1.2137834527604828e-05,0.0,nan
105,21,0.11197744134431811,1.0,nan
105,22,1.3541035417175179e-05,0.0,nan
105,23,8.602121543594579e-06,0.0,nan
105,24,1.806058275059268e-05,0.0,nan
105,25,1.5039603691313025e-05,0.0,nan
105,26,5.164487716504329e-06,0.0,nan
105,27,0.20393602318843673,1.0,nan
105,28,1.1235412582449176e-05,0.0,nan
105,29,5.982812498755528e-06,0.0,nan
105,30,1.2870378332272422e-05,0.0,nan
105,31,1.5921238341267355e-05,0.0,nan
105,32,5.334971930067802e-05,0.0,nan
105,33,4.138373407712177e-06,0.0,nan
105,34,9.966759156991023e-06,0.0,nan
105,35,1.0258084030869064e-05,0.0,nan
105,36,2.253754593855534e-05,0.0,nan
105,37,7.183104391351748e-06,0.0,nan
105,38,3.2244842726546666e-05,0.0,nan
105,39,9.595829153056668e-06,0.0,nan
105,40,1.1926583923456074e-05,0.0,nan
105,41,1.2056754318854925e-05,0.0,nan
105,42,1.3002982338011504e-05,0.0,nan
105,43,6.393499594455375e-06,0.0,nan
105,44,4.853166297160601e-06,0.0,nan
105,45,6.1592219382044255e-06,0.0,nan
105,46,1.37319139854173e-05,0.0,nan
105,47,2.63745831151406e-05,0.0,nan
105,48,2.102052780400236e-05,0.0,nan
105,49,1.909385626792561e-05,0.0,nan
105,50,1.6208355443263355e-05,0.0,nan
105,51,1.4893399117261077e-05,0.0,nan
105,52,1.7022998433571125e-05,0.0,nan
105,53,5.845597093595296e-06,0.0,nan
105,54,6.336779060069947e-06,0.0,nan
105,55,3.5259207220200847e-05,0.0,nan
105,56,5.04651354438876e-06,0.0,nan
105,57,1.6583918609631267e-05,0.0,nan
105,58,1.1198924682847014e-05,0.0,nan
105,59,6.237701292545724e-06,0.0,nan
105,60,9.61838449507369e-06,0.0,nan
105,61,2.2424161694661635e-05,0.0,nan
105,62,2.477799540577387e-05,0.0,nan
105,63,2.0186059935592713e-05,0.0,nan
105,64,1.1451687902085186e-05,0.0,nan
105,65,1.1946717092135565e-05,0.0,nan
105,66,1.2899561810012696e-05,0.0,nan
105,67,1.6506522219632813e-05,0.0,nan
105,68,3.321319284521902e-06,0.0,nan
105,69,8.054576570638296e-06,0.0,nan
105,70,9.670214395385621e-06,0.0,nan
105,71,1.1624111542889751e-05,0.0,nan
105,72,1.2488523070677792e-05,0.0,nan
105,73,4.062020917679975e-06,0.0,nan
105,74,1.6399823503808585e-05,0.0,nan
105,75,1.0691444872527901e-05,0.0,nan
105,76,3.133082831024819e-05,0.0,nan
105,77,1.5406074575272303e-05,0.0,nan
105,78,1.2202439137080614e-05,0.0,nan
105,79,1.619577891330893e-05,0.0,nan
105,80,1.4279144796804028e-05,0.0,nan
105,81,6.988832462796719e-06,0.0,nan
105,82,6.259249790706802e-06,0.0,nan
105,83,1.3224934182172656e-05,0.0,nan
105,84,6.017240972321843e-06,0.0,nan
105,85,1.201317337503486e-05,0.0,nan
105,86,1.6066670532215806e-05,0.0,nan
105,87,1.0997495166030293e-05,0.0,nan
105,88,6.810887798567967e-06,0.0,nan
105,89,9.662046262838012e-06,0.0,nan
105,90,8.961373137448868e-06,0.0,nan
105,91,2.475429867020131e-05,0.0,nan
105,92,7.79264809669505e-06,0.0,nan
105,93,1.1984321211762171e-05,0.0,nan
105,94,7.042571542816902e-06,0.0,nan
105,95,4.965299461425108e-06,0.0,nan
105,96,1.26917025418007e-05,0.0,nan
105,97,1.2570332469308133e-05,0.0,nan
105,98,9.068201546397791e-06,0.0,nan
105,99,1.130604324159583e-05,0.0,nan
106,0,1.2977099324125128e-05,0.0,nan
106,1,9.245637028968648e-06,0.0,nan
106,2,1.935283333893355e-05,0.0,nan
106,3,1.1746381231770836e-05,0.0,nan
106,4,2.157002205671354e-06,0.0,nan
106,5,1.4475465902246795e-05,0.0,nan
106,6,6.238572705539502e-06,0.0,nan
106,7,9.128053095701514e-06,0.0,nan
106,8,1.6441746258090398e-05,0.0,nan
106,9,1.059220328917076e-05,0.0,nan
106,10,2.17164886799607e-05,0.0,nan
106,11,0.12202963020900981,1.0,nan
106,12,1.2973087896685874e-05,0.0,nan
106,13,7.741750613898015e-06,0.0,nan
106,14,1.4269451092653386e-05,0.0,nan
106,15,3.489053418777908e-05,0.0,nan
106,16,9.863233486824276e-06,0.0,nan
106,17,1.4499297162863663e-05,0.0,nan
106,18,4.507914931135995e-06,0.0,nan
106,19,7.136648245707014e-06,0.0,nan
106,20,1.9188604466268e-05,0.0,nan
106,21,0.15140699543871572,1.0,nan
106,22,2.3104518441112033e-05,0.0,nan
106,23,1.710283827950721e-05,0.0,nan
106,24,2.445109617270245e-06,0.0,nan
106,25,1.8920940676752328e-05,0.0,nan
106,26,6.465923694484243e-06,0.0,nan
106,27,0.17633998007243024,1.0,nan
106,28,2.5408765409972705e-05,0.0,nan
106,29,4.6082497021342245e-06,0.0,nan
106,30,1.329591372724906e-05,0.0,nan
106,31,1.541029286389541e-05,0.0,nan
106,32,9.00069505080215e-06,0.0,nan
106,33,2.3666816329351135e-05,0.0,nan
106,34,1.777158624468409e-05,0.0,nan
106,35,6.589116942117327e-06,0.0,nan
106,36,1.5763888963719793e-05,0.0,nan
106,37,1.5943886830586027e-05,0.0,nan
106,38,1.4743848916327234e-05,0.0,nan
106,39,1.1535954083876611e-05,0.0,nan
106,40,2.2880407174568623e-05,0.0,nan
106,41,1.7268635209744055e-05,0.0,nan
106,42,7.785982297769114e-06,0.0,nan
106,43,2.374769367986495e-05,0.0,nan
106,44,2.509408418513058e-05,0.0,nan
106,45,1.3132384035175794e-05,0.0,nan
106,46,4.725816719443898e-06,0.0,nan
106,47,8.06595904563384e-06,0.0,nan
106,48,5.9598871952973405e-06,0.0,nan
106,49,4.490845867737442e-06,0.0,nan
106,50,9.281862276325864e-06,0.0,nan
106,51,5.885014465797621e-06,0.0,nan
106,52,8.534225168419287e-06,0.0,nan
106,53,2.78907027994081e-05,0.0,nan
106,54,8.108542160822162e-06,0.0,nan
106,55,1.8342766734569957e-05,0.0,nan
106,56,2.1550801984740338e-05,0.0,nan
106,57,1.4681996588361413e-05,0.0,nan
106,58,1.1780796145828184e-05,0.0,nan
106,59,7.776881412384206e-06,0.0,nan
106,60,1.729864066708907e-05,0.0,nan
106,61,8.415524409317735e-06,0.0,nan
106,62,1.21697671358756e-05,0.0,nan
106,63,1.7821887985496116e-05,0.0,nan
106,64,6.374028910271648e-06,0.0,nan
106,65,1.138949092248004e-05,0.0,nan
106,66,6.159969354100503e-06,0.0,nan
106,67,1.0318245474172344e-05,0.0,nan
106,68,1.0225497860783823e-05,0.0,nan
106,69,8.930863861811095e-06,0.0,nan
106,70,2.0190003396821966e-05,0.0,nan
106,71,7.905192287585577e-06,0.0,nan
106,72,4.504813621626334e-06,0.0,nan
106,73,4.110156263635034e-06,0.0,nan
106,74,6.757970907997293e-06,0.0,nan
106,75,3.085068746818015e-05,0.0,nan
106,76,5.212642935120767e-06,0.0,nan
106,77,8.683704743058664e-06,0.0,nan
106,78,7.829020333438969e-06,0.0,nan
106,79,1.1680881682497685e-05,0.0,nan
106,80,8.163822351776434e-06,0.0,nan
106,81,8.764175391070373e-06,0.0,nan
106,82,1.3926969964108566e-05,0.0,nan
106,83,9.430605046801082e-06,0.0,nan
106,84,2.8109237782015287e-06,0.0,nan
106,85,2.1951642025361152e-05,0.0,nan
106,86,3.050034924130616e-05,0.0,nan
106,87,7.35374237493557e-06,0.0,nan
106,88,4.328141800234083e-06,0.0,nan
106,89,1.1068580733288746e-05,0.0,nan
106,90,1.352628011559837e-05,0.0,nan
106,91,2.9118573907424332e-05,0.0,nan
106,92,9.34830582564848e-06,0.0,nan
106,93,9.378411372029693e-06,0.0,nan
106,94,1.587523929612833e-05,0.0,nan
106,95,1.1777152612980436e-05,0.0,nan
106,96,5.237765145904583e-06,0.0,nan
106,97,4.065636307835301e-06,0.0,nan
106,98,2.3500544957289505e-05,0.0,nan
106,99,1.4161905233041469e-05,0.0,nan
107,0,3.3191363736250386e-06,0.0,nan
107,1,1.879015166441232e-06,0.0,nan
107,2,9.822100251952537e-06,0.0,nan
107,3,4.93698167565569e-06,0.0,nan
107,4,1.0296208233021434e-05,0.0,nan
107,5,1.450755197442703e-05,0.0,nan
107,6,9.878745103905913e-06,0.0,nan
107,7,2.582920849620931e-06,0.0,nan
107,8,2.4438809107656876e-05,0.0,nan
107,9,7.877612566632028e-06,0.0,nan
107,10,3.495441209601746e-06,0.0,nan
107,11,0.18334912137925483,1.0,nan
107,12,3.1370939015252263e-06,0.0,nan
107,13,1.4672933306386918e-05,0.0,nan
107,14,3.330639371240016e-06,0.0,nan
107,15,7.753140655398419e-06,0.0,nan
107,16,1.172835435361775e-05,0.0,nan
107,17,5.433862639741938e-06,0.0,nan
107,18,3.7137758641240484e-06,0.0,nan
107,19,1.2059378114982278e-05,0.0,nan
107,20,2.2312784762292096e-05,0.0,nan
107,21,0.07988649605661613,1.0,nan
107,22,4.673473732935721e-06,0.0,nan
107,23,7.446345808159434e-06,0.0,nan
107,24,7.463099699310786e-06,0.0,nan
107,25,1.2416971191285946e-05,0.0,nan
107,26,2.9333944498737537e-06,0.0,nan
107,27,0.1698520374357515,1.0,nan
107,28,1.5551788967752106e-05,0.0,nan
107,29,3.145935378683715e-06,0.0,nan
107,30,1.971737034080409e-05,0.0,nan
107,31,1.850119743223851e-05,0.0,nan
107,32,6.473616166674724e-06,0.0,nan
107,33,2.816032326888033e-06,0.0,nan
107,34,1.2350078524798518e-05,0.0,nan
107,35,3.579631879031167e-06,0.0,nan
107,36,7.653297193566414e-06,0.0,nan
107,37,3.097678330050043e-05,0.0,nan
107,38,8.293115763896526e-06,0.0,nan
107,39,5.359537800205859e-06,0.0,nan
107,40,5.305207713537588e-06,0.0,nan
107,41,3.065345990458657e-06,0.0,nan
107,42,4.438474148978391e-06,0.0,nan
107,43,4.10096339189741e-06,0.0,nan
107,44,5.980908472868947e-06,0.0,nan
107,45,2.782352972141939e-06,0.0,nan
107,46,6.0156961502075405e-06,0.0,nan
107,47,9.37507488028286e-06,0.0,nan
107,48,4.583855261433146e-06,0.0,nan
107,49,1.5980593756709387e-05,0.0,nan
107,50,8.91324801865127e-06,0.0,nan
107,51,1.079220547150941e-05,0.0,nan
107,52,5.133783926189604e-06,0.0,nan
107,53,1.2302682390331333e-05,0.0,nan
107,54,7.953730254167452e-06,0.0,nan
107,55,5.416092472345921e-06,0.0,nan
107,56,5.3512774422807435e-05,0.0,nan
107,57,9.467270522400368e-06,0.0,nan
107,58,1.4899901753524893e-05,0.0,nan
107,59,5.136402261709826e-06,0.0,nan
107,60,4.9754562191539395e-06,0.0,nan
107,61,2.852005220095333e-06,0.0,nan
107,62,5.210554369541637e-06,0.0,nan
107,63,7.4940568382058674e-06,0.0,nan
107,64,5.168467178537907e-06,0.0,nan
107,65,2.537493549649674e-06,0.0,nan
107,66,8.502595579034347e-06,0.0,nan
107,67,1.0773626337268364e-06,0.0,nan
107,68,2.6368647800266224e-05,0.0,nan
107,69,5.39265223625113e-06,0.0,nan
107,70,4.48029045498613e-06,0.0,nan
107,71,1.6419098639112232e-05,0.0,nan
107,72,4.9768268388965815e-06,0.0,nan
107,73,1.3640611377964004e-06,0.0,nan
107,74,2.1353104196046353e-06,0.0,nan
107,75,6.701412321567572e-06,0.0,nan
107,76,1.4629384951703885e-05,0.0,nan
107,77,6.662502989948125e-06,0.0,nan
107,78,1.1032113937848077e-05,0.0,nan
107,79,6.107942331177021e-06,0.0,nan
107,80,0.0017886833549316207,0.0,nan
107,81,8.832509125896315e-06,0.0,nan
107,82,6.357327178657549e-06,0.0,nan
107,83,2.3429221947461632e-05,0.0,nan
107,84,2.5777867058362195e-05,0.0,nan
107,85,1.4865103634353243e-05,0.0,nan
107,86,1.2344157783545756e-05,0.0,nan
107,87,7.074869907032896e-06,0.0,nan
107,88,5.050792752947174e-06,0.0,nan
107,89,6.3738257192113945e-06,0.0,nan
107,90,9.610104432785696e-06,0.0,nan
107,91,2.0013161522038555e-05,0.0,nan
107,92,8.53652540323634e-06,0.0,nan
107,93,6.3260400357692556e-06,0.0,nan
107,94,8.373023974358722e-06,0.0,nan
107,95,1.8550696683703257e-06,0.0,nan
107,96,7.985060376917747e-06,0.0,nan
107,97,8.017504951387894e-06,0.0,nan
107,98,1.6264326410702122e-06,0.0,nan
107,99,4.583482299023734e-06,0.0,nan
108,0,1.3061314667601943e-05,0.0,nan
108,1,1.342427512435744e-05,0.0,nan
108,2,9.205871782111409e-06,0.0,nan
108,3,1.2985449163689283e-05,0.0,nan
108,4,5.92584477349824e-06,0.0,nan
108,5,1.694042330405998e-05,0.0,nan
108,6,1.2974781333195725e-05,0.0,nan
108,7,1.692654875441534e-05,0.0,nan
108,8,1.1974845313303405e-05,0.0,nan
108,9,1.47987214775015e-05,0.0,nan
108,10,1.6068210033803005e-05,0.0,nan
108,11,0.15580610979469645,1.0,nan
108,12,7.281432194480185e-06,0.0,nan
108,13,1.3205702012763313e-05,0.0,nan
108,14,2.3744165106689593e-05,0.0,nan
108,15,4.037024604962047e-06,0.0,nan
108,16,2.455114964784057e-05,0.0,nan
108,17,7.343602148391132e-06,0.0,nan
108,18,1.3568793072869976e-05,0.0,nan
108,19,6.703001112291969e-06,0.0,nan
108,20,1.0386683376065773e-05,0.0,nan
108,21,0.11795598962160689,1.0,nan
108,22,1.1220341962167858e-05,0.0,nan
108,23,1.485150985948053e-05,0.0,nan
108,24,1.7432188294162802e-05,0.0,nan
108,25,3.562026118519536e-06,0.0,nan
108,26,8.317339326777167e-06,0.0,nan
108,27,0.23133080675703147,1.0,nan
108,28,4.304103024939162e-06,0.0,nan
108,29,7.783136110597118e-06,0.0,nan
108,30,1.6469335954138208e-05,0.0,nan
108,31,6.100487915410214e-06,0.0,nan
108,32,1.6909236950304216e-05,0.0,nan
108,33,1.0969597337209243e-05,0.0,nan
108,34,1.0358517215756716e-05,0.0,nan
108,35,5.84333451456029e-06,0.0,nan
108,36,1.1710976528684228e-05,0.0,nan
108,37,8.704871681134622e-06,0.0,nan
108,38,1.4594722334343126e-05,0.0,nan
108,39,2.3167301047353763e-05,0.0,nan
108,40,1.0681159494866097e-05,0.0,nan
108,41,9.422789637879632e-06,0.0,nan
108,42,1.5910621563130628e-05,0.0,nan
108,43,1.172118110033755e-05,0.0,nan
108,44,1.6765282532833263e-05,0.0,nan
108,45,4.819024640352495e-06,0.0,nan
108,46,4.461585893814528e-05,0.0,nan
108,47,1.206647158617192e-05,0.0,nan
108,48,1.5782555401130305e-05,0.0,nan
108,49,9.623331499309749e-06,0.0,nan
108,50,9.945439159216818e-06,0.0,nan
108,51,6.0459000126150895e-06,0.0,nan
108,52,2.606424682990109e-05,0.0,nan
108,53,1.208421153022691e-05,0.0,nan
108,54,2.1166746570273796e-05,0.0,nan
108,55,6.7855585182887505e-06,0.0,nan
108,56,9.522828141018446e-06,0.0,nan
108,57,1.200877850420906e-05,0.0,nan
108,58,5.005317225794275e-06,0.0,nan
108,59,3.3349821614243184e-06,0.0,nan
108,60,1.5159328325838202e-05,0.0,nan
108,61,8.611458595223092e-06,0.0,nan
108,62,3.339981623195197e-06,0.0,nan
108,63,1.3268083540691994e-05,0.0,nan
108,64,9.489901148501445e-06,0.0,nan
108,65,5.318656077181339e-06,0.0,nan
108,66,8.060261265115701e-06,0.0,nan
108,67,4.993112603961584e-06,0.0,nan
108,68,2.8124016757303475e-05,0.0,nan
108,69,1.3398578552750568e-05,0.0,nan
108,70,1.159761714141961e-05,0.0,nan
108,71,1.4903760090538564e-05,0.0,nan
108,72,1.0837485452272119e-05,0.0,nan
108,73,1.4944502199085314e-05,0.0,nan
108,74,1.3933906592646207e-05,0.0,nan
108,75,7.784704974231964e-06,0.0,nan
108,76,2.328975574690354e-05,0.0,nan
108,77,1.574494349971995e-05,0.0,nan
108,78,1.1112097602334226e-05,0.0,nan
108,79,7.699267237609515e-06,0.0,nan
108,80,1.754934806004285e-05,0.0,nan
108,81,3.0869174623093206e-05,0.0,nan
108,82,9.456068700773507e-06,0.0,nan
108,83,2.2559543236901374e-05,0.0,nan
108,84,2.9187039383985233e-05,0.0,nan
108,85,2.3145950502448216e-05,0.0,nan
108,86,1.7040682371232645e-05,0.0,nan
108,87,5.329549225218287e-06,0.0,nan
108,88,9.36664648426122e-06,0.0,nan
108,89,1.5165982037441739e-05,0.0,nan
108,90,9.589288730087679e-06,0.0,nan
108,91,3.933355679195571e-06,0.0,nan
108,92,1.7388357485231653e-05,0.0,nan
108,93,1.615036440496375e-05,0.0,nan
108,94,1.4428076178717824e-05,0.0,nan
108,95,6.246676847868435e-06,0.0,nan
108,96,2.53588934822861e-05,0.0,nan
108,97,1.8315673835294905e-05,0.0,nan
108,98,7.335310730963094e-06,0.0,nan
108,99,1.3620912899350018e-05,0.0,nan
109,0,1.4756686042365656e-05,0.0,nan
109,1,6.201900693893682e-06,0.0,nan
109,2,7.341361530459126e-06,0.0,nan
109,3,1.5020631777042979e-05,0.0,nan
109,4,8.152800370041635e-06,0.0,nan
109,5,8.956730294506804e-06,0.0,nan
109,6,5.152633127684351e-06,0.0,nan
109,7,2.128078994334017e-05,0.0,nan
109,8,1.5828844292995873e-05,0.0,nan
109,9,1.2553512244433516e-05,0.0,nan
109,10,1.832753726780764e-05,0.0,nan
109,11,0.2066824867784865,1.0,nan
109,12,8.351746330047248e-06,0.0,nan
109,13,7.496544745347326e-06,0.0,nan
109,14,1.8941778599477907e-05,0.0,nan
109,15,7.41723559306243e-06,0.0,nan
109,16,1.0655898032602222e-05,0.0,nan
109,17,4.832128188912169e-06,0.0,nan
109,18,1.5735246012915786e-05,0.0,nan
109,19,5.800054929539191e-06,0.0,nan
109,20,6.518158896679593e-05,0.0,nan
109,21,0.14249451243275918,1.0,nan
109,22,1.609853619571136e-05,0.0,nan
109,23,1.55585734943339e-05,0.0,nan
109,24,2.0697450705651747e-05,0.0,nan
109,25,1.6973755168648587e-05,0.0,nan
109,26,3.535434613714275e-05,0.0,nan
109,27,0.3359543733253936,1.0,nan
109,28,9.873050981431782e-06,0.0,nan
109,29,1.392738973865308e-05,0.0,nan
109,30,9.3896695698363e-06,0.0,nan
109,31,1.0152832729268892e-05,0.0,nan
109,32,4.840585028811252e-06,0.0,nan
109,33,8.520898369937748e-06,0.0,nan
109,34,2.160036392260901e-05,0.0,nan
109,35,9.15272823399867e-06,0.0,nan
109,36,1.2043543151557208e-05,0.0,nan
109,37,3.22149728514441e-05,0.0,nan
109,38,8.46717527584824e-06,0.0,nan
109,39,1.7884297835461663e-05,0.0,nan
109,40,5.127153670995312e-06,0.0,nan
109,41,1.4188397510845484e-05,0.0,nan
109,42,7.267868258832591e-06,0.0,nan
109,43,8.855898041794182e-06,0.0,nan
109,44,9.24305372420278e-06,0.0,nan
109,45,9.141005951639793e-06,0.0,nan
109,46,1.4494969406448395e-05,0.0,nan
109,47,1.2326518941650546e-05,0.0,nan
109,48,2.8005405640600618e-05,0.0,nan
109,49,8.716447868077791e-06,0.0,nan
109,50,1.294436218222169e-05,0.0,nan
109,51,2.0565310692891218e-05,0.0,nan
109,52,2.5301423343791317e-06,0.0,nan
109,53,3.2607055836035104e-05,0.0,nan
109,54,2.6848140464549197e-05,0.0,nan
109,55,4.199405422267491e-05,0.0,nan
109,56,2.316145135438945e-05,0.0,nan
109,57,2.0661182002679418e-05,0.0,nan
109,58,1.0798001789183951e-05,0.0,nan
109,59,7.180554347179709e-06,0.0,nan
109,60,9.950937905415689e-06,0.0,nan
109,61,1.539613527189486e-05,0.0,nan
109,62,1.86029851614538e-05,0.0,nan
109,63,7.3028871713834545e-06,0.0,nan
109,64,1.583190393937418e-05,0.0,nan
109,65,2.0894081911447643e-05,0.0,nan
109,66,1.160775027057649e-05,0.0,nan
109,67,7.954433112637706e-06,0.0,nan
109,68,9.39105175076902e-06,0.0,nan
109,69,1.8971104151010263e-05,0.0,nan
109,70,2.834689051667834e-05,0.0,nan
109,71,1.4205094257178767e-05,0.0,nan
109,72,9.563338245942533e-06,0.0,nan
109,73,1.8608294662528375e-05,0.0,nan
109,74,1.8662169556935768e-05,0.0,nan
109,75,1.2458259220319809e-05,0.0,nan
109,76,7.125417143683845e-06,0.0,nan
109,77,1.594423938297182e-05,0.0,nan
109,78,1.1800578621003378e-05,0.0,nan
109,79,9.7049400266277e-06,0.0,nan
109,80,1.3124674745897974e-05,0.0,nan
109,81,6.8497573487762785e-06,0.0,nan
109,82,1.8484141436028106e-05,0.0,nan
109,83,1.1969415562166055e-05,0.0,nan
109,84,1.7564762856608696e-05,0.0,nan
109,85,2.0278614211074564e-05,0.0,nan
109,86,8.081900550787722e-06,0.0,nan
109,87,1.376570286084949e-05,0.0,nan
109,88,3.1378958954089154e-05,0.0,nan
109,89,2.630693943579975e-05,0.0,nan
109,90,1.0291003451832807e-05,0.0,nan
109,91,6.83042517288422e-06,0.0,nan
109,92,6.345142476671533e-06,0.0,nan
109,93,6.970324859552095e-06,0.0,nan
109,94,7.884425034781443e-06,0.0,nan
109,95,1.2971593696045225e-05,0.0,nan
109,96,9.409595407494742e-06,0.0,nan
109,97,1.1151396471996396e-05,0.0,nan
109,98,2.7021741886070475e-05,0.0,nan
109,99,4.737308073725214e-05,0.0,nan
110,0,5.3015009074150495e-06,0.0,nan
110,1,2.9879890298857e-05,0.0,nan
110,2,1.0255203443275392e-05,0.0,nan
110,3,1.4503607591625761e-05,0.0,nan
110,4,5.005224056910231e-06,0.0,nan
110,5,1.8621760191339426e-05,0.0,nan
110,6,9.207017877361455e-06,0.0,nan
110,7,1.3645162484365906e-05,0.0,nan
110,8,9.079843383524597e-06,0.0,nan
110,9,3.3573526282519727e-06,0.0,nan
110,10,8.330935160871956e-06,0.0,nan
110,11,0.22094644550443215,1.0,nan
110,12,1.9235501151884952e-05,0.0,nan
110,13,1.0127701605093923e-05,0.0,nan
110,14,6.458398579051132e-06,0.0,nan
110,15,8.019999215031904e-06,0.0,nan
110,16,1.1582299211677809e-05,0.0,nan
110,17,1.237687095849104e-05,0.0,nan
110,18,6.650563890746749e-06,0.0,nan
110,19,1.3424875206630258e-05,0.0,nan
110,20,1.6174051237309634e-05,0.0,nan
110,21,0.12778229311108835,1.0,nan
110,22,1.2127876246635927e-05,0.0,nan
110,23,1.7489777083103524e-05,0.0,nan
110,24,4.79302009368264e-06,0.0,nan
110,25,7.434380487955724e-06,0.0,nan
110,26,3.4938228837375484e-06,0.0,nan
110,27,0.2199554502166442,1.0,nan
110,28,8.124162645457128e-06,0.0,nan
110,29,5.127047300906117e-06,0.0,nan
110,30,1.4676542147799523e-05,0.0,nan
110,31,1.8946235277438114e-05,0.0,nan
110,32,1.5693755553604308e-05,0.0,nan
110,33,7.416373544326145e-06,0.0,nan
110,34,1.3003402036818798e-05,0.0,nan
110,35,7.174358347859225e-06,0.0,nan
110,36,7.885286974980617e-06,0.0,nan
110,37,6.442874023382302e-05,0.0,nan
110,38,1.6126892368980286e-05,0.0,nan
110,39,1.1171275916798102e-05,0.0,nan
110,40,7.19871557040762e-06,0.0,nan
110,41,7.903454884482033e-06,0.0,nan
110,42,3.9518917717484655e-06,0.0,nan
110,43,1.5843268306759128e-05,0.0,nan
110,44,5.592707875922641e-06,0.0,nan
110,45,1.4201707303721887e-05,0.0,nan
110,46,1.27458128099976e-05,0.0,nan
110,47,3.832330271467027e-06,0.0,nan
110,48,1.19981667785812e-05,0.0,nan
110,49,1.375450110168703e-05,0.0,nan
110,50,1.211953369058141e-05,0.0,nan
110,51,2.0213288978699563e-05,0.0,nan
110,52,4.235804631570053e-06,0.0,nan
110,53,5.1752859746294196e-06,0.0,nan
110,54,1.4103336056117125e-05,0.0,nan
110,55,2.5849604375763617e-05,0.0,nan
110,56,1.5014037037030043e-05,0.0,nan
110,57,1.3343262813329456e-05,0.0,nan
110,58,1.163972237960804e-05,0.0,nan
110,59,2.0322903052034674e-05,0.0,nan
110,60,1.599794289765933e-05,0.0,nan
110,61,1.5101036901198722e-05,0.0,nan
110,62,6.8073748812637145e-06,0.0,nan
110,63,5.279787483980094e-06,0.0,nan
110,64,4.63707058726203e-06,0.0,nan
110,65,9.810114432615557e-06,0.0,nan
110,66,7.198169179253187e-06,0.0,nan
110,67,5.564649477972498e-06,0.0,nan
110,68,6.478171110703304e-06,0.0,nan
110,69,9.618272466620653e-06,0.0,nan
110,70,6.715527081934936e-06,0.0,nan
110,71,1.5118480732313928e-05,0.0,nan
110,72,2.8673143779592515e-05,0.0,nan
110,73,7.209786035473696e-06,0.0,nan
110,74,8.916205330981094e-06,0.0,nan
110,75,1.676674490221826e-05,0.0,nan
110,76,1.760479068220015e-05,0.0,nan
110,77,1.6042308962723793e-05,0.0,nan
110,78,1.051212597622048e-05,0.0,nan
110,79,4.860930628095523e-06,0.0,nan
110,80,2.9618005856232457e-05,0.0,nan
110,81,6.008926939571314e-06,0.0,nan
110,82,9.584427230947844e-06,0.0,nan
110,83,7.988947043496747e-06,0.0,nan
110,84,6.944172949560592e-06,0.0,nan
110,85,2.1334599404162687e-05,0.0,nan
110,86,7.188286297547565e-06,0.0,nan
110,87,5.698169762402357e-06,0.0,nan
110,88,5.491275657371667e-06,0.0,nan
110,89,2.214734753899882e-05,0.0,nan
110,90,2.8838648414353456e-06,0.0,nan
110,91,7.395781939708729e-06,0.0,nan
110,92,9.16177737847915e-06,0.0,nan
110,93,7.77043315341977e-06,0.0,nan
110,94,7.290193898994718e-06,0.0,nan
110,95,3.2894735453204415e-06,0.0,nan
110,96,5.309829905976382e-06,0.0,nan
110,97,1.6540433048609786e-05,0.0,nan
110,98,9.205930681483153e-06,0.0,nan
110,99,7.189079131237131e-06,0.0,nan
111,0,1.5626169376345674e-05,0.0,nan
111,1,1.0706548997188532e-05,0.0,nan
111,2,8.799277750906254e-06,0.0,nan
111,3,8.268233160021719e-06,0.0,nan
111,4,7.055753560942467e-06,0.0,nan
111,5,1.13009170395947e-05,0.0,nan
111,6,1.4074436952855132e-05,0.0,nan
111,7,1.781992490705912e-05,0.0,nan
111,8,7.461003344177825e-06,0.0,nan
111,9,1.3818075814250997e-05,0.0,nan
111,10,6.765737615685326e-06,0.0,nan
111,11,0.14068010136587306,1.0,nan
111,12,1.168557501550253e-05,0.0,nan
111,13,5.0628776080904635e-06,0.0,nan
111,14,9.283659346649818e-06,0.0,nan
111,15,2.072584479328949e-05,0.0,nan
111,16,9.544807793663022e-06,0.0,nan
111,17,1.4178516953492009e-05,0.0,nan
111,18,4.477841970998499e-06,0.0,nan
111,19,7.294499684029666e-06,0.0,nan
111,20,1.5424350726268076e-05,0.0,nan
111,21,0.11629900009095936,1.0,nan
111,22,6.025845645317484e-06,0.0,nan
111,23,1.1343614176310603e-05,0.0,nan
111,24,1.3506157367633362e-05,0.0,nan
111,25,9.634413494987378e-06,0.0,nan
111,26,1.399311229094322e-05,0.0,nan
111,27,0.2721737087413001,1.0,nan
111,28,7.3297740046782166e-06,0.0,nan
111,29,8.294726239473492e-06,0.0,nan
111,30,1.0014289224644339e-05,0.0,nan
111,31,9.428656511077627e-06,0.0,nan
111,32,7.759578969990522e-06,0.0,nan
111,33,1.4715107086355695e-05,0.0,nan
111,34,8.93474823569924e-06,0.0,nan
111,35,4.767494709747963e-06,0.0,nan
111,36,2.1568021890710213e-05,0.0,nan
111,37,3.2711914028825974e-05,0.0,nan
111,38,5.865041898906352e-06,0.0,nan
111,39,1.4748352675897985e-05,0.0,nan
111,40,1.1132543620090886e-05,0.0,nan
111,41,2.8101784629795246e-05,0.0,nan
111,42,1.5784850096822668e-05,0.0,nan
111,43,2.5440341144871982e-05,0.0,nan
111,44,3.818449332225895e-06,0.0,nan
111,45,1.2016676429480618e-05,0.0,nan
111,46,8.87541241649483e-06,0.0,nan
111,47,1.2436019565496929e-05,0.0,nan
111,48,1.1627558405260519e-05,0.0,nan
111,49,1.4819395240818989e-05,0.0,nan
111,50,3.856321980558802e-06,0.0,nan
111,51,1.5596292445713456e-05,0.0,nan
111,52,4.667832550095563e-06,0.0,nan
111,53,8.030759112499039e-06,0.0,nan
111,54,1.2081994882755478e-05,0.0,nan
111,55,1.6949517821373003e-05,0.0,nan
111,56,2.225300973302979e-05,0.0,nan
111,57,1.055738947127048e-05,0.0,nan
111,58,7.734695049051233e-06,0.0,nan
111,59,1.6463999307102574e-05,0.0,nan
111,60,5.945940149505811e-05,0.0,nan
111,61,7.5141005944019426e-06,0.0,nan
111,62,1.6436220041170991e-06,0.0,nan
111,63,2.5206319808591937e-05,0.0,nan
111,64,8.622138063748683e-06,0.0,nan
111,65,6.45902885688549e-05,0.0,nan
111,66,1.496383562733809e-05,0.0,nan
111,67,1.3122108909469172e-05,0.0,nan
111,68,1.794424786561929e-05,0.0,nan
111,69,2.2781898219393233e-05,0.0,nan
111,70,1.2678070140758547e-05,0.0,nan
111,71,9.151238861357415e-06,0.0,nan
111,72,4.931987854217432e-06,0.0,nan
111,73,4.467476536169212e-06,0.0,nan
111,74,1.8905419127227868e-05,0.0,nan
111,75,1.357508051641512e-05,0.0,nan
111,76,1.8324930401554014e-05,0.0,nan
111,77,1.3524249556019497e-05,0.0,nan
111,78,9.482284458579393e-06,0.0,nan
111,79,3.0200562114461886e-05,0.0,nan
111,80,1.8662203048483902e-05,0.0,nan
111,81,3.7494156610548378e-06,0.0,nan
111,82,7.413397648051145e-06,0.0,nan
111,83,1.862500410267293e-05,0.0,nan
111,84,3.4931240673048004e-06,0.0,nan
111,85,1.7250453125058402e-05,0.0,nan
111,86,1.4822499188342963e-05,0.0,nan
111,87,8.892042906279985e-06,0.0,nan
111,88,3.366580666387296e-05,0.0,nan
111,89,1.3083092413692489e-05,0.0,nan
111,90,1.4648344848711675e-05,0.0,nan
111,91,3.385671410164427e-05,0.0,nan
111,92,1.6384978774217963e-05,0.0,nan
111,93,8.722104847597339e-06,0.0,nan
111,94,5.207007878803024e-06,0.0,nan
111,95,6.673980047703582e-06,0.0,nan
111,96,5.676094933322194e-06,0.0,nan
111,97,1.348231021071007e-05,0.0,nan
111,98,1.6390479747691955e-05,0.0,nan
111,99,1.4216266348678892e-05,0.0,nan
112,0,6.507385992911534e-06,0.0,nan
112,1,1.3329497055965097e-05,0.0,nan
112,2,1.0154384889001338e-05,0.0,nan
112,3,1.3682734631118145e-05,0.0,nan
112,4,9.53225463829561e-06,0.0,nan
112,5,5.660465827424408e-06,0.0,nan
112,6,9.232866575090946e-06,0.0,nan
112,7,2.1236503921564044e-05,0.0,nan
112,8,2.0061755381106593e-05,0.0,nan
112,9,2.174244186191893e-05,0.0,nan
112,10,2.1436899374700625e-05,0.0,nan
112,11,0.17930139128404599,1.0,nan
112,12,2.9654410960901293e-05,0.0,nan
112,13,0.00014488626168150708,0.0,nan
112,14,9.513795006025091e-06,0.0,nan
112,15,1.0974004946647845e-05,0.0,nan
112,16,1.2076796146163231e-05,0.0,nan
112,17,1.888103253455961e-05,0.0,nan
112,18,1.4710386447744114e-05,0.0,nan
112,19,6.439156552186508e-06,0.0,nan
112,20,6.855201206398134e-06,0.0,nan
112,21,0.0839364674632492,1.0,nan
112,22,1.4191959163340878e-05,0.0,nan
112,23,1.8750844789843994e-05,0.0,nan
112,24,1.0645294737021592e-05,0.0,nan
112,25,3.3870070831567865e-05,0.0,nan
112,26,1.3904724315554547e-05,0.0,nan
112,27,0.22863149078948558,1.0,nan
112,28,2.058154023599425e-05,0.0,nan
112,29,1.1631683364648391e-05,0.0,nan
112,30,1.2244094535353846e-05,0.0,nan
112,31,6.325908552156356e-06,0.0,nan
112,32,6.5665673844805e-06,0.0,nan
112,33,6.406277625132797e-06,0.0,nan
112,34,3.0687480961161203e-05,0.0,nan
112,35,3.8147468774702055e-06,0.0,nan
112,36,6.221730256324479e-06,0.0,nan
112,37,5.0327163456596526e-05,0.0,nan
112,38,2.7061034642353287e-05,0.0,nan
112,39,6.592850886911527e-06,0.0,nan
112,40,1.8546414323439583e-05,0.0,nan
112,41,6.21274049247891e-06,0.0,nan
112,42,7.243957503317829e-06,0.0,nan
112,43,2.4708512984229003e-05,0.0,nan
112,44,6.588048567589127e-06,0.0,nan
112,45,8.636559413694057e-06,0.0,nan
112,46,1.389211641694455e-05,0.0,nan
112,47,1.269774189532853e-05,0.0,nan
112,48,8.902961369975808e-06,0.0,nan
112,49,2.2588693903133796e-05,0.0,nan
112,50,1.0104036962023523e-05,0.0,nan
112,51,1.666815948248482e-05,0.0,nan
112,52,2.1740520269181705e-05,0.0,nan
112,53,8.085110920192124e-06,0.0,nan
112,54,1.1723197671252968e-05,0.0,nan
112,55,8.07395438579637e-06,0.0,nan
112,56,3.820322962664237e-06,0.0,nan
112,57,9.982223635787047e-06,0.0,nan
112,58,1.7792843885369822e-05,0.0,nan
112,59,8.811700279087523e-06,0.0,nan
112,60,5.9439243348619716e-06,0.0,nan
112,61,2.0519225200948114e-05,0.0,nan
112,62,2.2831508748374712e-05,0.0,nan
112,63,1.3063755139406633e-05,0.0,nan
112,64,1.4971736400030049e-05,0.0,nan
112,65,1.3345998819960207e-05,0.0,nan
112,66,6.922543238652915e-06,0.0,nan
112,67,8.460288539723293e-06,0.0,nan
112,68,1.5536632894417828e-05,0.0,nan
112,69,5.370551666640873e-06,0.0,nan
112,70,1.6084508624823523e-05,0.0,nan
112,71,8.140066755151164e-06,0.0,nan
112,72,1.431930971040676e-05,0.0,nan
112,73,1.8846591815815506e-05,0.0,nan
112,74,2.60009297720763e-05,0.0,nan
112,75,2.2676230180245413e-05,0.0,nan
112,76,1.6349701397160582e-05,0.0,nan
112,77,1.1018771741995987e-05,0.0,nan
112,78,1.8805336055468857e-05,0.0,nan
112,79,2.3087827842524272e-05,0.0,nan
112,80,9.292020810925018e-05,0.0,nan
112,81,3.455416253251855e-05,0.0,nan
112,82,1.5873853724520635e-05,0.0,nan
112,83,1.2148158381056432e-05,0.0,nan
112,84,6.282398427103719e-06,0.0,nan
112,85,9.766970885232334e-06,0.0,nan
112,86,5.998410482378824e-06,0.0,nan
112,87,1.0160917249373824e-05,0.0,nan
112,88,1.9834680486446272e-05,0.0,nan
112,89,1.823149362259829e-05,0.0,nan
112,90,2.183728054636314e-05,0.0,nan
112,91,9.063020066722167e-06,0.0,nan
112,92,3.654654318824955e-05,0.0,nan
112,93,1.4921755675715272e-05,0.0,nan
112,94,8.394484538078009e-06,0.0,nan
112,95,1.1384551029586046e-05,0.0,nan
112,96,7.992701936847884e-06,0.0,nan
112,97,8.6766802891172e-06,0.0,nan
112,98,2.957246115055708e-05,0.0,nan
112,99,2.9314232071522214e-05,0.0,nan
113,0,1.3376028290991357e-05,0.0,nan
113,1,1.3541677403643082e-05,0.0,nan
113,2,3.178818102828427e-05,0.0,nan
113,3,8.077543763560018e-06,0.0,nan
113,4,9.11106782405079e-06,0.0,nan
113,5,2.9482417551790775e-05,0.0,nan
113,6,7.950304586004178e-06,0.0,nan
113,7,1.5543298400966202e-05,0.0,nan
113,8,8.761494673252204e-05,0.0,nan
113,9,9.357176184970203e-06,0.0,nan
113,10,3.142614844455432e-05,0.0,nan
113,11,0.15661690120553562,1.0,nan
113,12,1.7497530316229463e-05,0.0,nan
113,13,2.0065799481344135e-05,0.0,nan
113,14,2.370129770785625e-05,0.0,nan
113,15,2.93800722480407e-05,0.0,nan
113,16,3.19771937888607e-05,0.0,nan
113,17,1.3407904572696589e-05,0.0,nan
113,18,3.646116900227371e-05,0.0,nan
113,19,2.536664608657533e-05,0.0,nan
113,20,1.3468601549042983e-05,0.0,nan
113,21,0.1348793515729334,1.0,nan
113,22,1.8526988481935714e-05,0.0,nan
113,23,1.9193477035903205e-05,0.0,nan
113,24,2.619558257848444e-05,0.0,nan
113,25,2.12625624559656e-05,0.0,nan
113,26,1.7561770587674545e-05,0.0,nan
113,27,0.16302962905699264,1.0,nan
113,28,2.905882789539225e-05,0.0,nan
113,29,3.805905494261978e-06,0.0,nan
113,30,7.2226025135641225e-06,0.0,nan
113,31,2.1281331327844116e-05,0.0,nan
113,32,1.6934453508972967e-05,0.0,nan
113,33,9.725334550668882e-06,0.0,nan
113,34,3.9581862845939296e-05,0.0,nan
113,35,1.1461721965825727e-05,0.0,nan
113,36,2.4119054169201213e-05,0.0,nan
113,37,1.3485760516780191e-05,0.0,nan
113,38,2.5840290089834844e-05,0.0,nan
113,39,2.5035375914252e-06,0.0,nan
113,40,1.998668697358193e-05,0.0,nan
113,41,2.7849078659207884e-05,0.0,nan
113,42,2.0955187315442652e-05,0.0,nan
113,43,2.3322256110653533e-05,0.0,nan
113,44,3.663037152985829e-05,0.0,nan
113,45,1.6059772399628452e-05,0.0,nan
113,46,2.5727491056722445e-05,0.0,nan
113,47,2.1113663853570015e-05,0.0,nan
113,48,1.690987706151178e-05,0.0,nan
113,49,2.816254256577912e-05,0.0,nan
113,50,7.87765184956964e-06,0.0,nan
113,51,5.268218970977293e-06,0.0,nan
113,52,2.8038463353502815e-05,0.0,nan
113,53,4.762012359578895e-05,0.0,nan
113,54,3.9619520678919686e-05,0.0,nan
113,55,1.611506174109276e-05,0.0,nan
113,56,1.277715046457567e-05,0.0,nan
113,57,1.5996008133859208e-05,0.0,nan
113,58,9.53934366517865e-06,0.0,nan
113,59,1.4989310484722129e-05,0.0,nan
113,60,1.8348685858271958e-05,0.0,nan
113,61,1.1058546256627708e-05,0.0,nan
113,62,1.474292364650861e-05,0.0,nan
113,63,1.0611918306307312e-05,0.0,nan
113,64,7.172424094192756e-06,0.0,nan
113,65,2.954487115600138e-06,0.0,nan
113,66,1.2390309705932763e-05,0.0,nan
113,67,4.2187996998959025e-05,0.0,nan
113,68,1.080338978484727e-05,0.0,nan
113,69,1.1971478785916856e-05,0.0,nan
113,70,7.63696267292596e-06,0.0,nan
113,71,1.6956861145675945e-05,0.0,nan
113,72,1.0956022508540751e-05,0.0,nan
113,73,4.58975117273578e-06,0.0,nan
113,74,4.210267940307896e-05,0.0,nan
113,75,1.181033364071862e-05,0.0,nan
113,76,1.3413005591424105e-05,0.0,nan
113,77,3.826145236535281e-06,0.0,nan
113,78,1.4348294959432274e-05,0.0,nan
113,79,7.530501910449658e-06,0.0,nan
113,80,6.416376176373171e-05,0.0,nan
113,81,1.6750822519799118e-05,0.0,nan
113,82,3.3089858161022835e-05,0.0,nan
113,83,2.938891048956675e-05,0.0,nan
113,84,1.984305966720055e-05,0.0,nan
113,85,4.950155342667416e-06,0.0,nan
113,86,1.5689845333877762e-05,0.0,nan
113,87,1.8628214480947497e-05,0.0,nan
113,88,5.473835917967505e-05,0.0,nan
113,89,5.545017468223652e-06,0.0,nan
113,90,9.81076710494603e-05,0.0,nan
113,91,1.0428920104462008e-05,0.0,nan
113,92,2.5813720366042816e-05,0.0,nan
113,93,2.9570748977234565e-05,0.0,nan
113,94,5.313612534493347e-06,0.0,nan
113,95,1.3349602143943177e-05,0.0,nan
113,96,1.2625913866447413e-05,0.0,nan
113,97,3.8593672286014715e-05,0.0,nan
113,98,4.099001186607459e-05,0.0,nan
113,99,6.0343538789600305e-06,0.0,nan
114,0,4.601438313748175e-05,0.0,nan
114,1,6.825700276940888e-06,0.0,nan
114,2,1.1844120480527682e-05,0.0,nan
114,3,1.1917744782695252e-05,0.0,nan
114,4,1.5747500405731168e-05,0.0,nan
114,5,3.323646846479742e-05,0.0,nan
114,6,1.2825934698314406e-05,0.0,nan
114,7,2.4274033287812948e-05,0.0,nan
114,8,7.828624815598559e-06,0.0,nan
114,9,7.506002885570745e-05,0.0,nan
114,10,2.0770950862768615e-05,0.0,nan
114,11,0.06219727847761032,1.0,nan
114,12,1.9173616666363956e-05,0.0,nan
114,13,5.67205826928228e-06,0.0,nan
114,14,1.2338924238839998e-05,0.0,nan
114,15,3.572384133309625e-05,0.0,nan
114,16,1.8432965564887264e-05,0.0,nan
114,17,7.567155371624682e-06,0.0,nan
114,18,2.8976812848562082e-05,0.0,nan
114,19,1.6723072915674853e-05,0.0,nan
114,20,2.222949100832165e-05,0.0,nan
114,21,0.8522786986880602,1.0,nan
114,22,1.3522730405641125e-05,0.0,nan
114,23,2.149390847515939e-05,0.0,nan
114,24,1.4070395422172022e-05,0.0,nan
114,25,9.346907941114251e-06,0.0,nan
114,26,1.3422424334707066e-05,0.0,nan
114,27,4.940447549861142e-05,0.0,nan
114,28,1.605848300801314e-05,0.0,nan
114,29,3.804839087596355e-05,0.0,nan
114,30,8.810358766366069e-06,0.0,nan
114,31,2.2213362655667634e-05,0.0,nan
114,32,1.760953117504791e-05,0.0,nan
114,33,1.297218102128979e-05,0.0,nan
114,34,1.5007068904019965e-05,0.0,nan
114,35,1.0880618095355582e-05,0.0,nan
114,36,2.044572858269271e-05,0.0,nan
114,37,1.342838551293306e-05,0.0,nan
114,38,1.1814711988982917e-05,0.0,nan
114,39,1.4267756613388718e-05,0.0,nan
114,40,2.3377230127709643e-05,0.0,nan
114,41,3.1275959570508474e-06,0.0,nan
114,42,1.585268545346668e-05,0.0,nan
114,43,2.4099660525378883e-05,0.0,nan
114,44,4.802952247024059e-06,0.0,nan
114,45,1.1945830278701055e-05,0.0,nan
114,46,7.900016507504233e-06,0.0,nan
114,47,3.970456862304909e-05,0.0,nan
114,48,3.2812251206661555e-05,0.0,nan
114,49,1.3995700263866911e-05,0.0,nan
114,50,6.2274199672776455e-06,0.0,nan
114,51,9.852317759905533e-06,0.0,nan
114,52,7.870416477260978e-05,0.0,nan
114,53,1.9972772549262956e-05,0.0,nan
114,54,1.1479026495227158e-05,0.0,nan
114,55,8.428010269886383e-06,0.0,nan
114,56,1.045309905010061e-05,0.0,nan
114,57,1.5555798545440177e-05,0.0,nan
114,58,1.5338923749008636e-05,0.0,nan
114,59,7.993268179352363e-06,0.0,nan
114,60,2.3785759262936082e-05,0.0,nan
114,61,1.983272717788654e-05,0.0,nan
114,62,8.095866162450848e-06,0.0,nan
114,63,1.944650061668972e-05,0.0,nan
114,64,9.985164553746487e-06,0.0,nan
114,65,3.748727188830675e-05,0.0,nan
114,66,1.4163605676640565e-05,0.0,nan
114,67,9.816258320107704e-06,0.0,nan
114,68,2.2279768258142502e-05,0.0,nan
114,69,2.090456920619257e-05,0.0,nan
114,70,1.0864261904248395e-05,0.0,nan
114,71,4.294842009170472e-05,0.0,nan
114,72,1.2879758730853085e-05,0.0,nan
114,73,2.273118532610766e-05,0.0,nan
114,74,2.784125897908448e-05,0.0,nan
114,75,4.552946489968228e-06,0.0,nan
114,76,1.7402990570850542e-05,0.0,nan
114,77,2.3533514239268372e-05,0.0,nan
114,78,1.7539559552306958e-05,0.0,nan
114,79,1.2279799286487113e-05,0.0,nan
114,80,8.596424322616355e-05,0.0,nan
114,81,6.284773963520732e-06,0.0,nan
114,82,1.9838539889941593e-05,0.0,nan
114,83,2.241476032083167e-05,0.0,nan
114,84,1.3316818604236306e-05,0.0,nan
114,85,1.37721227738664e-05,0.0,nan
114,86,2.2219548608265585e-05,0.0,nan
114,87,8.907769637647753e-06,0.0,nan
114,88,9.576588807545914e-06,0.0,nan
114,89,3.264653607272067e-05,0.0,nan
114,90,1.2805977352396346e-05,0.0,nan
114,91,7.142305338482009e-06,0.0,nan
114,92,1.3722890392621722e-05,0.0,nan
114,93,8.783967168260654e-06,0.0,nan
114,94,1.2319965396693144e-05,0.0,nan
114,95,1.3764886270733742e-05,0.0,nan
114,96,2.48227019316635e-05,0.0,nan
114,97,7.505079110056881e-06,0.0,nan
114,98,1.658258113123078e-05,0.0,nan
114,99,1.292628714302913e-05,0.0,nan
115,0,4.932935399935001e-06,0.0,nan
115,1,7.4285726085791e-06,0.0,nan
115,2,5.655293613286419e-06,0.0,nan
115,3,8.453558652933868e-06,0.0,nan
115,4,7.995669665354755e-06,0.0,nan
115,5,1.501650557955698e-05,0.0,nan
115,6,4.50102314803072e-06,0.0,nan
115,7,1.5390863339299065e-05,0.0,nan
115,8,1.1532254064045014e-05,0.0,nan
115,9,4.991222927519611e-06,0.0,nan
115,10,1.9391672684677185e-05,0.0,nan
115,11,0.1916364959856953,1.0,nan
115,12,2.269018925320003e-06,0.0,nan
115,13,9.787900511753437e-05,0.0,nan
115,14,2.1679634882610175e-05,0.0,nan
115,15,3.062152580307e-05,0.0,nan
115,16,9.427072042675529e-06,0.0,nan
115,17,1.3717532713686396e-05,0.0,nan
115,18,5.169124376310789e-06,0.0,nan
115,19,4.534119007680735e-06,0.0,nan
115,20,8.06290062581399e-06,0.0,nan
115,21,0.13511211260723832,1.0,nan
115,22,5.332814101009525e-06,0.0,nan
115,23,1.3865161307230809e-05,0.0,nan
115,24,1.4292543631519846e-05,0.0,nan
115,25,2.38290395922354e-05,0.0,nan
115,26,6.320941859630968e-06,0.0,nan
115,27,0.15783195118964824,1.0,nan
115,28,8.613093710943746e-06,0.0,nan
115,29,8.400890024864971e-06,0.0,nan
115,30,1.6602885749813093e-05,0.0,nan
115,31,6.427579323290707e-06,0.0,nan
115,32,8.21449055365757e-06,0.0,nan
115,33,1.0123546963475384e-05,0.0,nan
115,34,1.7076245799483768e-05,0.0,nan
115,35,1.1099216455874173e-05,0.0,nan
115,36,1.747494487497242e-05,0.0,nan
115,37,2.0942974741793703e-05,0.0,nan
115,38,1.2122375659204976e-05,0.0,nan
115,39,1.292457541575103e-05,0.0,nan
115,40,4.1303340362019446e-05,0.0,nan
115,41,8.697280163200434e-06,0.0,nan
115,42,1.254322625940616e-06,0.0,nan
115,43,1.408209620976491e-05,0.0,nan
115,44,4.445008426110574e-06,0.0,nan
115,45,1.0996234448441351e-05,0.0,nan
115,46,1.889673862859833e-05,0.0,nan
115,47,4.829232213327935e-06,0.0,nan
115,48,1.3351491614037383e-05,0.0,nan
115,49,2.2525501757978406e-05,0.0,nan
115,50,9.516706987689998e-06,0.0,nan
115,51,5.125762577718234e-06,0.0,nan
115,52,1.2954572544888173e-05,0.0,nan
115,53,1.0166016037663758e-05,0.0,nan
115,54,4.992502826148899e-06,0.0,nan
115,55,1.1417181954029567e-05,0.0,nan
115,56,1.1336045042560821e-05,0.0,nan
115,57,7.791819131510279e-06,0.0,nan
115,58,7.6205716280682034e-06,0.0,nan
115,59,3.257982456841355e-05,0.0,nan
115,60,1.2049121166445193e-05,0.0,nan
115,61,1.3069061985834686e-05,0.0,nan
115,62,2.5991384680500645e-05,0.0,nan
115,63,1.0823591504834646e-05,0.0,nan
115,64,5.281649887241487e-06,0.0,nan
115,65,3.226913726490624e-06,0.0,nan
115,66,2.088001822813379e-05,0.0,nan
115,67,8.414601009345979e-06,0.0,nan
115,68,2.1939277065672618e-05,0.0,nan
115,69,1.7305601224051387e-05,0.0,nan
115,70,7.968750526981347e-06,0.0,nan
115,71,8.801704951487707e-06,0.0,nan
115,72,1.6703980080140694e-05,0.0,nan
115,73,7.730841468943982e-06,0.0,nan
115,74,5.386299733941974e-06,0.0,nan
115,75,5.9578386505510375e-06,0.0,nan
115,76,5.35014031238967e-06,0.0,nan
115,77,2.2875341695307737e-05,0.0,nan
115,78,3.060985714748106e-06,0.0,nan
115,79,1.7046649926528613e-05,0.0,nan
115,80,1.58967537154427e-05,0.0,nan
115,81,7.443808811631151e-06,0.0,nan
115,82,4.93552046677553e-06,0.0,nan
115,83,1.155309403237347e-05,0.0,nan
115,84,2.4153131026803093e-05,0.0,nan
115,85,9.569338921624526e-06,0.0,nan
115,86,2.8793029389177744e-05,0.0,nan
115,87,6.143369751168833e-06,0.0,nan
115,88,2.3906787550627534e-05,0.0,nan
115,89,8.464192199345583e-06,0.0,nan
115,90,9.902690951518709e-06,0.0,nan
115,91,2.5074407447627457e-05,0.0,nan
115,92,6.6191602258530605e-06,0.0,nan
115,93,1.2146204789930944e-05,0.0,nan
115,94,1.5883931944810064e-05,0.0,nan
115,95,5.561180334675674e-06,0.0,nan
115,96,1.0325396984500801e-05,0.0,nan
115,97,4.692319844554774e-06,0.0,nan
115,98,1.6584465418964374e-05,0.0,nan
115,99,8.626031090123763e-06,0.0,nan
116,0,1.856219956233845e-05,0.0,nan
116,1,2.177432516603529e-05,0.0,nan
116,2,8.77119442821202e-06,0.0,nan
116,3,2.4918313672133678e-05,0.0,nan
116,4,2.2377507561967193e-05,0.0,nan
116,5,1.5209562590895903e-05,0.0,nan
116,6,8.303824209468807e-06,0.0,nan
116,7,4.5008080074675386e-06,0.0,nan
116,8,6.430451431244385e-06,0.0,nan
116,9,9.693304874266481e-06,0.0,nan
116,10,5.164400802856291e-06,0.0,nan
116,11,0.16481400044179056,1.0,nan
116,12,1.0010174692904003e-05,0.0,nan
116,13,6.3040621354454156e-06,0.0,nan
116,14,1.4637129165324316e-05,0.0,nan
116,15,8.798466728058495e-06,0.0,nan
116,16,2.076364640160003e-05,0.0,nan
116,17,1.7461561823162203e-06,0.0,nan
116,18,6.736757350464975e-06,0.0,nan
116,19,1.3543557575614788e-05,0.0,nan
116,20,2.7122560008859952e-05,0.0,nan
116,21,0.11440820920114572,1.0,nan
116,22,5.7671972946496245e-06,0.0,nan
116,23,7.767499951247357e-06,0.0,nan
116,24,5.002234074960755e-06,0.0,nan
116,25,6.460759671896643e-06,0.0,nan
116,26,5.590259773703801e-06,0.0,nan
116,27,0.28323916518563114,1.0,nan
116,28,1.1910829330905376e-05,0.0,nan
116,29,1.0640611086051124e-05,0.0,nan
116,30,5.443201292980472e-05,0.0,nan
116,31,1.5475346951805857e-05,0.0,nan
116,32,1.514516880659367e-05,0.0,nan
116,33,1.683516107777833e-05,0.0,nan
116,34,9.860738491572761e-06,0.0,nan
116,35,9.502276855461165e-06,0.0,nan
116,36,6.974779177944255e-06,0.0,nan
116,37,3.341810197928881e-05,0.0,nan
116,38,1.0180742996717712e-05,0.0,nan
116,39,1.082224235656673e-05,0.0,nan
116,40,1.4618654288141661e-05,0.0,nan
116,41,1.14419113911461e-05,0.0,nan
116,42,9.808984611191629e-06,0.0,nan
116,43,1.0679533187531306e-05,0.0,nan
116,44,5.8539954755357585e-06,0.0,nan
116,45,2.9746898670837283e-05,0.0,nan
116,46,6.674701103591901e-06,0.0,nan
116,47,8.44815022344027e-06,0.0,nan
116,48,8.917518291485194e-06,0.0,nan
116,49,2.4306192955128777e-05,0.0,nan
116,50,2.0584042003457436e-05,0.0,nan
116,51,2.4980631129792835e-06,0.0,nan
116,52,1.6029129969466442e-05,0.0,nan
116,53,4.195356407652405e-06,0.0,nan
116,54,1.6460719662663645e-05,0.0,nan
116,55,1.0112299361676255e-05,0.0,nan
116,56,1.7637706721152476e-05,0.0,nan
116,57,2.65562076889685e-06,0.0,nan
116,58,1.9441320503454575e-06,0.0,nan
116,59,4.414282299094684e-06,0.0,nan
116,60,7.394384763889492e-06,0.0,nan
116,61,1.0297547893838332e-05,0.0,nan
116,62,2.2542327678453045e-05,0.0,nan
116,63,1.3745537437118132e-05,0.0,nan
116,64,1.0296454725963685e-05,0.0,nan
116,65,7.880294313628216e-06,0.0,nan
116,66,1.0808200821218933e-05,0.0,nan
116,67,5.88304298865256e-06,0.0,nan
116,68,5.91917697644554e-06,0.0,nan
116,69,6.1160505468658385e-06,0.0,nan
116,70,1.227732463192808e-05,0.0,nan
116,71,6.028610664732074e-06,0.0,nan
116,72,6.878986022619805e-06,0.0,nan
116,73,1.4707953059841807e-05,0.0,nan
116,74,1.1478458326522277e-05,0.0,nan
116,75,1.010782954132382e-05,0.0,nan
116,76,8.577395552746285e-06,0.0,nan
116,77,7.974631016683823e-06,0.0,nan
116,78,8.217050908633286e-06,0.0,nan
116,79,1.121715836222569e-05,0.0,nan
116,80,1.5575653323777973e-05,0.0,nan
116,81,1.4368294783245088e-05,0.0,nan
116,82,8.534246460540434e-06,0.0,nan
116,83,3.6362454412659895e-06,0.0,nan
116,84,1.4238473670549715e-05,0.0,nan
116,85,1.128086955797464e-05,0.0,nan
116,86,7.674011968772092e-06,0.0,nan
116,87,1.803711037967224e-05,0.0,nan
116,88,5.40979970607044e-06,0.0,nan
116,89,5.13908962334093e-06,0.0,nan
116,90,2.1990135015371677e-05,0.0,nan
116,91,7.817917283206958e-06,0.0,nan
116,92,8.446007251123769e-06,0.0,nan
116,93,2.8774184657780363e-06,0.0,nan
116,94,5.795405404542064e-06,0.0,nan
116,95,1.7652982273987738e-05,0.0,nan
116,96,8.796904723903369e-06,0.0,nan
116,97,1.2307659458517703e-05,0.0,nan
116,98,3.6423739834782765e-05,0.0,nan
116,99,1.441158554852833e-05,0.0,nan
117,0,1.2975215101371746e-05,0.0,nan
117,1,8.77900686797619e-06,0.0,nan
117,2,1.930651659314479e-05,0.0,nan
117,3,5.855788160837357e-06,0.0,nan
117,4,1.460125632225185e-05,0.0,nan
117,5,1.8467670945025014e-05,0.0,nan
117,6,5.697305783846462e-06,0.0,nan
117,7,1.5660461543637492e-05,0.0,nan
117,8,1.1879150959062002e-05,0.0,nan
117,9,1.567569440774859e-05,0.0,nan
117,10,7.943821697216613e-06,0.0,nan
117,11,0.05007781079838035,1.0,nan
117,12,5.508210268630372e-06,0.0,nan
117,13,7.215148370383543e-06,0.0,nan
117,14,9.01040266274945e-06,0.0,nan
117,15,1.64830888872591e-05,0.0,nan
117,16,8.595603151746589e-06,0.0,nan
117,17,2.3423275535244024e-05,0.0,nan
117,18,1.1366871023068431e-05,0.0,nan
117,19,6.723253437438031e-06,0.0,nan
117,20,4.129198212110768e-06,0.0,nan
117,21,1.1567321265446004,1.0,nan
117,22,1.4815770028999981e-05,0.0,nan
117,23,1.6906212888473326e-05,0.0,nan
117,24,7.033182590305343e-06,0.0,nan
117,25,1.3914506790538869e-05,0.0,nan
117,26,1.5303965292111637e-05,0.0,nan
117,27,1.625044207076935e-05,0.0625,nan
117,28,4.948086099005117e-06,0.0,nan
117,29,1.0574273541051864e-05,0.0,nan
117,30,9.585016007885803e-06,0.0,nan
117,31,1.555504811868609e-05,0.0,nan
117,32,1.4333650563839194e-05,0.0,nan
117,33,4.2401898305594714e-06,0.0,nan
117,34,5.969745936191755e-06,0.0,nan
117,35,1.1557980760891223e-05,0.0,nan
117,36,4.229568712552888e-06,0.0,nan
117,37,1.5238986719222654e-05,0.0,nan
117,38,1.7267034500256976e-05,0.0,nan
117,39,6.985484818531721e-06,0.0,nan
117,40,9.19741257532409e-06,0.0,nan
117,41,1.1694551664235828e-05,0.0,nan
117,42,1.4068504830338162e-05,0.0,nan
117,43,5.645147118712129e-06,0.0,nan
117,44,1.0085832514807898e-05,0.0,nan
117,45,4.7420991888348474e-06,0.0,nan
117,46,2.2410708020556575e-05,0.0,nan
117,47,7.935029330686898e-06,0.0,nan
117,48,1.1604674651077075e-05,0.0,nan
117,49,3.434965978904284e-06,0.0,nan
117,50,9.687994895829353e-06,0.0,nan
117,51,5.044391005288165e-06,0.0,nan
117,52,9.944737651672678e-06,0.0,nan
117,53,6.881931223922054e-06,0.0,nan
117,54,1.2997939987149096e-05,0.0,nan
117,55,4.458173651941784e-05,0.0,nan
117,56,1.3270427685276691e-05,0.0,nan
117,57,5.01899279724589e-05,0.0,nan
117,58,1.5115136190051664e-05,0.0,nan
117,59,1.1978934604656971e-05,0.0,nan
117,60,4.841241069563692e-05,0.0,nan
117,61,1.1337132635293306e-05,0.0,nan
117,62,9.327515036676033e-06,0.0,nan
117,63,7.453237758195034e-06,0.0,nan
117,64,4.994665848921645e-06,0.0,nan
117,65,2.2483261909827916e-05,0.0,nan
117,66,2.4757510414963076e-05,0.0,nan
117,67,3.227251492118122e-05,0.0,nan
117,68,1.4064930196964192e-05,0.0,nan
117,69,1.1328265324740422e-05,0.0,nan
117,70,5.253205847194769e-06,0.0,nan
117,71,4.6823516646637895e-06,0.0,nan
117,72,1.5672508643799675e-05,0.0,nan
117,73,1.9798897858909704e-05,0.0,nan
117,74,8.208897065906126e-06,0.0,nan
117,75,1.8853202131506954e-05,0.0,nan
117,76,6.054001786819433e-06,0.0,nan
117,77,7.288924858627715e-06,0.0,nan
117,78,1.1859787750691829e-05,0.0,nan
117,79,1.1064750707240186e-05,0.0,nan
117,80,1.746214623843319e-05,0.0,nan
117,81,7.805963019078274e-06,0.0,nan
117,82,1.5129339098779523e-05,0.0,nan
117,83,8.730957045760498e-06,0.0,nan
117,84,1.3351218277108138e-05,0.0,nan
117,85,9.090516563281464e-06,0.0,nan
117,86,9.22666652262355e-06,0.0,nan
117,87,1.563209984471348e-05,0.0,nan
117,88,9.648131693838888e-06,0.0,nan
117,89,1.0134598634416065e-05,0.0,nan
117,90,1.1378146764592041e-05,0.0,nan
117,91,6.866741665873312e-06,0.0,nan
117,92,1.4509392150827794e-05,0.0,nan
117,93,9.799415177199447e-06,0.0,nan
117,94,1.1750040119759992e-05,0.0,nan
117,95,4.7421595386934604e-06,0.0,nan
117,96,1.397554929800477e-05,0.0,nan
117,97,1.2853540864005229e-05,0.0,nan
117,98,1.3013040318060535e-05,0.0,nan
117,99,8.140662479818612e-06,0.0,nan
118,0,1.2875980938052904e-05,0.0,nan
118,1,6.418234771200339e-06,0.0,nan
118,2,1.1039309330682997e-05,0.0,nan
118,3,1.9059944011991251e-06,0.0,nan
118,4,3.9935016244473985e-06,0.0,nan
118,5,4.380090178144349e-06,0.0,nan
118,6,1.7650777518484812e-05,0.0,nan
118,7,7.423912206770144e-06,0.0,nan
118,8,1.4423940321385866e-05,0.0,nan
118,9,5.704631695923162e-06,0.0,nan
118,10,2.683541871347051e-05,0.0,nan
118,11,0.15222905902305078,1.0,nan
118,12,1.1061587284285728e-05,0.0,nan
118,13,4.571776157233116e-06,0.0,nan
118,14,6.050350189480656e-06,0.0,nan
118,15,6.982542396345777e-06,0.0,nan
118,16,9.679185116027311e-06,0.0,nan
118,17,6.918151555873454e-05,0.0,nan
118,18,1.0673367965963198e-05,0.0,nan
118,19,2.1536470765063378e-05,0.0,nan
118,20,1.7900404010592018e-05,0.0,nan
118,21,0.18945377282348075,1.0,nan
118,22,1.3432958441150242e-06,0.0,nan
118,23,5.118774811699374e-06,0.0,nan
118,24,8.701203059225539e-06,0.0,nan
118,25,2.8544356825703255e-05,0.0,nan
118,26,1.4112279319902978e-05,0.0,nan
118,27,0.26011847974866564,1.0,nan
118,28,9.632093628907389e-06,0.0,nan
118,29,1.892715711940517e-05,0.0,nan
118,30,2.1410983856725422e-05,0.0,nan
118,31,7.362191037814598e-06,0.0,nan
118,32,6.400939733506815e-06,0.0,nan
118,33,9.163466900831637e-06,0.0,nan
118,34,1.222838929296982e-05,0.0,nan
118,35,8.644989332410026e-06,0.0,nan
118,36,7.397362759483914e-06,0.0,nan
118,37,3.325755019337397e-06,0.0,nan
118,38,1.5393141364860227e-05,0.0,nan
118,39,2.9900573515239993e-05,0.0,nan
118,40,9.88137693781038e-06,0.0,nan
118,41,4.727013032062048e-06,0.0,nan
118,42,1.3492131432706719e-05,0.0,nan
118,43,9.14348218723394e-06,0.0,nan
118,44,1.1823712843336486e-05,0.0,nan
118,45,3.818409561655568e-05,0.0,nan
118,46,1.4166696911593954e-05,0.0,nan
118,47,8.846604417378001e-05,0.0,nan
118,48,1.444813119124236e-05,0.0,nan
118,49,5.737223375092513e-06,0.0,nan
118,50,1.3675687871289297e-05,0.0,nan
118,51,7.0915859319142026e-06,0.0,nan
118,52,2.4995540181816526e-06,0.0,nan
118,53,3.2705077132775386e-06,0.0,nan
118,54,3.236015612223235e-05,0.0,nan
118,55,1.3289959349156064e-06,0.0,nan
118,56,3.886135505997689e-05,0.0,nan
118,57,6.301697058545712e-06,0.0,nan
118,58,3.707453283453743e-06,0.0,nan
118,59,3.326326280507775e-06,0.0,nan
118,60,8.301333591771462e-06,0.0,nan
118,61,1.880134146953971e-05,0.0,nan
118,62,3.661195504272738e-06,0.0,nan
118,63,1.4285639966265605e-05,0.0,nan
118,64,1.2228222336011815e-05,0.0,nan
118,65,4.055203089350617e-06,0.0,nan
118,66,1.1988926606584211e-05,0.0,nan
118,67,2.6061462209811617e-05,0.0,nan
118,68,1.9081518415716516e-05,0.0,nan
118,69,1.0119318846552924e-05,0.0,nan
118,70,1.446852853960698e-05,0.0,nan
118,71,9.731571775423305e-06,0.0,nan
118,72,2.9056092978302027e-05,0.0,nan
118,73,1.6999731598239385e-05,0.0,nan
118,74,8.108974833203986e-06,0.0,nan
118,75,2.3966971601499343e-05,0.0,nan
118,76,1.7753225743031565e-05,0.0,nan
118,77,2.0400860341812747e-05,0.0,nan
118,78,9.93785592845028e-06,0.0,nan
118,79,2.0271571291869678e-06,0.0,nan
118,80,7.590925795849627e-06,0.0,nan
118,81,5.5260692535749995e-05,0.0,nan
118,82,4.58470993417405e-06,0.0,nan
118,83,3.5599246657172226e-06,0.0,nan
118,84,1.680638107211996e-05,0.0,nan
118,85,1.4018065081591343e-05,0.0,nan
118,86,6.9183167151314825e-06,0.0,nan
118,87,5.342000135539833e-06,0.0,nan
118,88,6.251407915124278e-06,0.0,nan
118,89,4.228783244860901e-06,0.0,nan
118,90,7.192476656889115e-06,0.0,nan
118,91,6.019974393401036e-06,0.0,nan
118,92,1.4798052793566378e-05,0.0,nan
118,93,1.4123847884825145e-05,0.0,nan
118,94,2.728183044722654e-06,0.0,nan
118,95,4.405983885906062e-06,0.0,nan
118,96,2.4293408595751044e-05,0.0,nan
118,97,3.143415639846545e-05,0.0,nan
118,98,1.0759593374284471e-05,0.0,nan
118,99,2.667123435986156e-05,0.0,nan
119,0,6.495152064795179e-06,0.0,nan
119,1,7.218456245984494e-06,0.0,nan
119,2,5.819181442716638e-06,0.0,nan
119,3,9.225457385848042e-06,0.0,nan
119,4,9.012359593515064e-06,0.0,nan
119,5,7.81643703458729e-06,0.0,nan
119,6,1.6014400915301164e-05,0.0,nan
119,7,8.285381075303287e-06,0.0,nan
119,8,1.2621350031096391e-05,0.0,nan
119,9,1.2470772796556587e-06,0.0,nan
119,10,1.3149550070235388e-05,0.0,nan
119,11,0.15949373659424348,1.0,nan
119,12,2.9779313170261935e-06,0.0,nan
119,13,1.4069383025835157e-05,0.0,nan
119,14,8.293598368899998e-06,0.0,nan
119,15,6.984399632289625e-06,0.0,nan
119,16,1.1226815835043276e-05,0.0,nan
119,17,5.453277666549621e-06,0.0,nan
119,18,2.0558277281251313e-05,0.0,nan
119,19,5.8961408115905405e-06,0.0,nan
119,20,9.405733041661323e-06,0.0,nan
119,21,0.1272249209486115,1.0,nan
119,22,4.655160701655403e-06,0.0,nan
119,23,4.233442819615261e-06,0.0,nan
119,24,1.2092977369904834e-05,0.0,nan
119,25,4.008627568051663e-06,0.0,nan
119,26,2.7254821258037956e-06,0.0,nan
119,27,0.17277757386220347,1.0,nan
119,28,1.251157590116547e-05,0.0,nan
119,29,2.6924316507248214e-06,0.0,nan
119,30,9.952107069334795e-06,0.0,nan
119,31,1.4841071677027705e-05,0.0,nan
119,32,9.509756039148412e-06,0.0,nan
119,33,1.036146048687749e-06,0.0,nan
119,34,1.2694182871949115e-05,0.0,nan
119,35,7.16193290912654e-06,0.0,nan
119,36,8.73545652390893e-06,0.0,nan
119,37,3.2909173392820006e-05,0.0,nan
119,38,1.2402937133997628e-05,0.0,nan
119,39,3.853809203266656e-06,0.0,nan
119,40,3.6700846461692772e-06,0.0,nan
119,41,8.085233245405564e-06,0.0,nan
119,42,4.620731290495736e-06,0.0,nan
119,43,1.8267877017659328e-05,0.0,nan
119,44,8.346078112729763e-06,0.0,nan
119,45,9.18005593963724e-06,0.0,nan
119,46,8.140496340015236e-06,0.0,nan
119,47,7.98808461846148e-06,0.0,nan
119,48,6.9600653883465626e-06,0.0,nan
119,49,4.742061873652806e-06,0.0,nan
119,50,7.393630535816907e-06,0.0,nan
119,51,4.61504882523377e-06,0.0,nan
119,52,1.2168102806655583e-05,0.0,nan
119,53,1.4593045438860805e-05,0.0,nan
119,54,1.011395714048461e-05,0.0,nan
119,55,4.690329459305778e-06,0.0,nan
119,56,7.555775847640803e-06,0.0,nan
119,57,2.892006880591639e-06,0.0,nan
119,58,9.296093481964717e-06,0.0,nan
119,59,1.1564995035805914e-05,0.0,nan
119,60,1.241171137593622e-05,0.0,nan
119,61,8.815187163448796e-06,0.0,nan
119,62,2.3154674313531406e-05,0.0,nan
119,63,5.196926292985133e-06,0.0,nan
119,64,1.0775758415438894e-05,0.0,nan
119,65,1.0092286495131602e-05,0.0,nan
119,66,2.6352755785788417e-06,0.0,nan
119,67,2.9021954336757188e-05,0.0,nan
119,68,1.639111542989251e-05,0.0,nan
119,69,1.613071321349525e-05,0.0,nan
119,70,8.179315101881515e-06,0.0,nan
119,71,1.2178724125232711e-05,0.0,nan
119,72,9.563483302387694e-06,0.0,nan
119,73,1.1665866426471946e-05,0.0,nan
119,74,1.2573076591454763e-05,0.0,nan
119,75,1.1113630698859236e-05,0.0,nan
119,76,1.0287160980366017e-05,0.0,nan
119,77,5.197354562899555e-06,0.0,nan
119,78,1.7057153013559013e-05,0.0,nan
119,79,8.114594421090289e-06,0.0,nan
119,80,5.117385390753128e-06,0.0,nan
119,81,5.617569537292478e-06,0.0,nan
119,82,1.5376630306897265e-05,0.0,nan
119,83,1.0483749200353423e-05,0.0,nan
119,84,2.365053547928994e-06,0.0,nan
119,85,8.269465855835853e-06,0.0,nan
119,86,1.296240442708787e-05,0.0,nan
119,87,9.67964693936616e-06,0.0,nan
119,88,7.3334365955700056e-06,0.0,nan
119,89,4.601046777860975e-06,0.0,nan
119,90,1.1507437327836607e-05,0.0,nan
119,91,9.961316914391078e-06,0.0,nan
119,92,1.2964470939427019e-05,0.0,nan
119,93,9.195940353582829e-06,0.0,nan
119,94,5.985840719554501e-06,0.0,nan
119,95,1.4272438985493523e-05,0.0,nan
119,96,3.7078692821163466e-06,0.0,nan
119,97,7.028324292507391e-06,0.0,nan
119,98,1.0277103245113261e-05,0.0,nan
119,99,7.290653528458178e-06,0.0,nan
120,0,1.0272531192763494e-05,0.0,nan
120,1,1.0024297184500832e-05,0.0,nan
120,2,1.1676170821156361e-05,0.0,nan
120,3,1.0600127267667684e-05,0.0,nan
120,4,4.998753359055893e-06,0.0,nan
120,5,7.886094846316055e-06,0.0,nan
120,6,1.4122831489040023e-05,0.0,nan
120,7,2.735456495039573e-06,0.0,nan
120,8,7.2141812422243695e-06,0.0,nan
120,9,3.207657555610039e-05,0.0,nan
120,10,7.292272992416447e-06,0.0,nan
120,11,0.14832071018431142,1.0,nan
120,12,7.928703756681483e-06,0.0,nan
120,13,8.735469866481086e-06,0.0,nan
120,14,8.218704030959343e-06,0.0,nan
120,15,5.152995705023158e-06,0.0,nan
120,16,5.773339819585058e-06,0.0,nan
120,17,2.1703894516422738e-05,0.0,nan
120,18,1.2686278715921158e-05,0.0,nan
120,19,5.13124186884065e-06,0.0,nan
120,20,2.5968822212065115e-05,0.0,nan
120,21,0.14796047444063926,1.0,nan
120,22,2.3803617474021454e-05,0.0,nan
120,23,1.2517929182955691e-05,0.0,nan
120,24,1.9284038725445055e-05,0.0,nan
120,25,2.0430876220549404e-05,0.0,nan
120,26,1.5546657566554284e-05,0.0,nan
120,27,0.36508534884655675,1.0,nan
120,28,7.378747050395215e-06,0.0,nan
120,29,9.211868660872253e-06,0.0,nan
120,30,6.511730447501424e-06,0.0,nan
120,31,4.862850603238605e-06,0.0,nan
120,32,4.90544699661522e-06,0.0,nan
120,33,2.040257910287187e-05,0.0,nan
120,34,7.515439953755393e-06,0.0,nan
120,35,1.0416490302050473e-06,0.0,nan
120,36,6.75843681228517e-06,0.0,nan
120,37,7.888799846081355e-06,0.0,nan
120,38,1.1981525532381014e-05,0.0,nan
120,39,3.174594370254374e-05,0.0,nan
120,40,1.2161400890230362e-05,0.0,nan
120,41,1.6720466835982126e-05,0.0,nan
120,42,8.283336801932155e-06,0.0,nan
120,43,4.17881647921994e-06,0.0,nan
120,44,1.1222208224305195e-05,0.0,nan
120,45,2.1964924887913908e-05,0.0,nan
120,46,1.2745284754196785e-06,0.0,nan
120,47,6.404644755177552e-06,0.0,nan
120,48,5.551347517548662e-06,0.0,nan
120,49,1.0300977973014067e-05,0.0,nan
120,50,9.873783410102006e-06,0.0,nan
120,51,1.1653559207163037e-05,0.0,nan
120,52,4.867312117229886e-06,0.0,nan
120,53,2.0246651740630667e-05,0.0,nan
120,54,9.582742482399853e-06,0.0,nan
120,55,6.2836074063704035e-06,0.0,nan
120,56,1.0242797664315684e-05,0.0,nan
120,57,4.198807195824366e-06,0.0,nan
120,58,6.746895214551304e-05,0.0,nan
120,59,5.322073731504256e-06,0.0,nan
120,60,7.526428079479297e-06,0.0,nan
120,61,4.808611432377724e-06,0.0,nan
120,62,3.583761653824568e-05,0.0,nan
120,63,1.0881017789879737e-05,0.0,nan
120,64,2.400383033986471e-05,0.0,nan
120,65,8.31651519855206e-06,0.0,nan
120,66,2.2273750347142813e-05,0.0,nan
120,67,2.0000931613276643e-05,0.0,nan
120,68,4.086390368600357e-06,0.0,nan
120,69,1.1364810792229727e-05,0.0,nan
120,70,1.0816984775041843e-05,0.0,nan
120,71,3.981748868164992e-06,0.0,nan
120,72,8.04827852271748e-06,0.0,nan
120,73,1.2176670065887335e-05,0.0,nan
120,74,1.0012905300254854e-05,0.0,nan
120,75,1.0306267196118744e-05,0.0,nan
120,76,2.0013134534205038e-05,0.0,nan
120,77,1.3899084326139787e-05,0.0,nan
120,78,7.2159659124979716e-06,0.0,nan
120,79,1.4120632232632838e-05,0.0,nan
120,80,2.373971483839062e-05,0.0,nan
120,81,1.216073174230404e-05,0.0,nan
120,82,3.7162298411585165e-06,0.0,nan
120,83,4.824354677668538e-06,0.0,nan
120,84,7.219420364108091e-06,0.0,nan
120,85,1.5534119924138786e-05,0.0,nan
120,86,9.964879577244388e-06,0.0,nan
120,87,3.91126104252839e-06,0.0,nan
120,88,1.2512052136396825e-05,0.0,nan
120,89,3.759258556509596e-06,0.0,nan
120,90,1.1338546402185727e-05,0.0,nan
120,91,1.900200484122908e-05,0.0,nan
120,92,3.2788193942345695e-05,0.0,nan
120,93,3.597281390683375e-06,0.0,nan
120,94,1.1538910579693797e-05,0.0,nan
120,95,9.720347334008396e-06,0.0,nan
120,96,7.409215923036084e-06,0.0,nan
120,97,1.0638118953808745e-05,0.0,nan
120,98,5.92581500044313e-06,0.0,nan
120,99,1.4750974872290898e-05,0.0,nan
121,0,1.0933193531622983e-06,0.0,nan
121,1,4.46509346378205e-06,0.0,nan
121,2,1.7221009981621635e-05,0.0,nan
121,3,5.583949396708509e-06,0.0,nan
121,4,9.662495857147541e-06,0.0,nan
121,5,1.5132192437818837e-05,0.0,nan
121,6,8.062103322053897e-06,0.0,nan
121,7,1.046582198391792e-05,0.0,nan
121,8,3.700010939155196e-06,0.0,nan
121,9,7.700859813265959e-06,0.0,nan
121,10,3.5960728844827237e-06,0.0,nan
121,11,0.17835347710132987,1.0,nan
121,12,5.270066605354535e-06,0.0,nan
121,13,6.082489853704539e-06,0.0,nan
121,14,3.913815662893574e-06,0.0,nan
121,15,8.192054605073864e-06,0.0,nan
121,16,9.461899436267398e-06,0.0,nan
121,17,9.037682318774645e-06,0.0,nan
121,18,3.2526498903173256e-05,0.0,nan
121,19,3.952920874044394e-06,0.0,nan
121,20,2.361567765336289e-05,0.0,nan
121,21,0.18963792177470018,1.0,nan
121,22,4.7237099115919924e-06,0.0,nan
121,23,1.9457661873838584e-05,0.0,nan
121,24,2.923106536253898e-06,0.0,nan
121,25,1.4115070177811108e-06,0.0,nan
121,26,1.0039363079111647e-05,0.0,nan
121,27,0.20736572191899752,1.0,nan
121,28,3.7584094575241315e-06,0.0,nan
121,29,6.928169374758447e-06,0.0,nan
121,30,1.559064429598851e-05,0.0,nan
121,31,2.772159171683616e-06,0.0,nan
121,32,5.029503863260811e-06,0.0,nan
121,33,9.194763294370832e-06,0.0,nan
121,34,1.1752090080447034e-05,0.0,nan
121,35,1.2641062484289417e-05,0.0,nan
121,36,4.465053887138713e-06,0.0,nan
121,37,1.1664947061871348e-05,0.0,nan
121,38,9.493164811377072e-06,0.0,nan
121,39,2.886882649262051e-06,0.0,nan
121,40,5.417028130633936e-06,0.0,nan
121,41,4.830486197039258e-06,0.0,nan
121,42,1.243261318374472e-05,0.0,nan
121,43,1.1797811776728172e-05,0.0,nan
121,44,1.0061774145327677e-05,0.0,nan
121,45,1.5378341410057913e-05,0.0,nan
121,46,1.2260136554927133e-05,0.0,nan
121,47,4.538774151219949e-06,0.0,nan
121,48,4.986286820397029e-06,0.0,nan
121,49,7.344185877454158e-06,0.0,nan
121,50,1.0110803334637628e-05,0.0,nan
121,51,5.100247321633218e-06,0.0,nan
121,52,2.0258909929520724e-05,0.0,nan
121,53,1.001647685454548e-05,0.0,nan
121,54,4.05583591084794e-06,0.0,nan
121,55,3.7148210899748555e-06,0.0,nan
121,56,6.446143393487787e-06,0.0,nan
121,57,6.060108605965097e-06,0.0,nan
121,58,1.1435515502305996e-05,0.0,nan
121,59,7.007346890130731e-06,0.0,nan
121,60,3.990904963840447e-06,0.0,nan
121,61,3.424729369031623e-06,0.0,nan
121,62,4.229750959739067e-06,0.0,nan
121,63,3.1109027224462657e-06,0.0,nan
121,64,6.099178605521554e-06,0.0,nan
121,65,1.1655166461907739e-05,0.0,nan
121,66,1.1520173727360216e-05,0.0,nan
121,67,6.8325093066904325e-06,0.0,nan
121,68,5.585211171609824e-06,0.0,nan
121,69,4.902806928269746e-06,0.0,nan
121,70,6.132679097410685e-06,0.0,nan
121,71,3.1336253367651706e-06,0.0,nan
121,72,2.9064959173962e-06,0.0,nan
121,73,1.1819724626491347e-05,0.0,nan
121,74,8.483269812737431e-06,0.0,nan
121,75,1.0016837462969757e-05,0.0,nan
121,76,2.5222617295333322e-05,0.0,nan
121,77,9.612965562927745e-06,0.0,nan
121,78,7.644728521837346e-06,0.0,nan
121,79,5.803706410497582e-06,0.0,nan
121,80,1.7957274979982196e-05,0.0,nan
121,81,4.883862776118787e-06,0.0,nan
121,82,2.631821488734347e-06,0.0,nan
121,83,3.6739395016797475e-06,0.0,nan
121,84,8.657468329929229e-06,0.0,nan
121,85,2.298026887913513e-06,0.0,nan
121,86,7.867128221009135e-06,0.0,nan
121,87,5.126908386738783e-06,0.0,nan
121,88,6.050197769844939e-06,0.0,nan
121,89,4.647499307451918e-06,0.0,nan
121,90,8.190911777872851e-06,0.0,nan
121,91,4.325760880366528e-06,0.0,nan
121,92,1.122794784948464e-05,0.0,nan
121,93,7.114973911227156e-06,0.0,nan
121,94,3.972690755876989e-06,0.0,nan
121,95,6.2268766537161235e-06,0.0,nan
121,96,4.523403368691609e-06,0.0,nan
121,97,5.419226071419629e-06,0.0,nan
121,98,2.194560481368267e-05,0.0,nan
121,99,5.139825603153515e-06,0.0,nan
122,0,9.677749053979151e-06,0.0,nan
122,1,8.165959645295544e-06,0.0,nan
122,2,9.074779816458603e-06,0.0,nan
122,3,8.641335073011666e-06,0.0,nan
122,4,3.7499857767543707e-06,0.0,nan
122,5,9.168173454818052e-06,0.0,nan
122,6,5.131696186094175e-06,0.0,nan
122,7,5.458678320799089e-06,0.0,nan
122,8,8.202926406264527e-06,0.0,nan
122,9,7.94826917726008e-06,0.0,nan
122,10,2.200382809700202e-05,0.0,nan
122,11,0.17487694804213577,1.0,nan
122,12,1.0647575354060884e-05,0.0,nan
122,13,3.536985649213432e-06,0.0,nan
122,14,7.924970438697461e-06,0.0,nan
122,15,1.5755300722367578e-05,0.0,nan
122,16,4.361967430989289e-06,0.0,nan
122,17,1.3724707292816546e-06,0.0,nan
122,18,8.375896194047047e-06,0.0,nan
122,19,8.17587628564467e-06,0.0,nan
122,20,9.02653774364393e-06,0.0,nan
122,21,0.16893391208866138,1.0,nan
122,22,1.0986336439334774e-05,0.0,nan
122,23,2.2828728346952326e-05,0.0,nan
122,24,1.1498693961204349e-05,0.0,nan
122,25,9.627846181941175e-06,0.0,nan
122,26,6.21524689984792e-06,0.0,nan
122,27,0.19077208340419477,1.0,nan
122,28,1.1618882552872339e-05,0.0,nan
122,29,7.75146193379041e-06,0.0,nan
122,30,7.027564829377223e-06,0.0,nan
122,31,8.708198722796918e-06,0.0,nan
122,32,9.823061745667936e-06,0.0,nan
122,33,8.815402492491104e-06,0.0,nan
122,34,9.685374897548284e-06,0.0,nan
122,35,6.679424500160781e-06,0.0,nan
122,36,1.0197462030806439e-05,0.0,nan
122,37,8.567633085859303e-06,0.0,nan
122,38,1.116710046380843e-05,0.0,nan
122,39,8.01867516195502e-06,0.0,nan
122,40,1.9158328417427715e-05,0.0,nan
122,41,4.956477079688873e-06,0.0,nan
122,42,1.718229364974902e-05,0.0,nan
122,43,9.43915004715702e-06,0.0,nan
122,44,1.213691001280482e-05,0.0,nan
122,45,1.3672286530664884e-05,0.0,nan
122,46,8.364253762157437e-06,0.0,nan
122,47,1.587129600762649e-05,0.0,nan
122,48,4.164011510480143e-06,0.0,nan
122,49,4.83939750938557e-06,0.0,nan
122,50,6.734813153592476e-06,0.0,nan
122,51,7.46424283164045e-06,0.0,nan
122,52,5.368484643638621e-06,0.0,nan
122,53,1.1367679781951949e-05,0.0,nan
122,54,4.066592460655097e-06,0.0,nan
122,55,6.150540222752974e-06,0.0,nan
122,56,1.9190407324350123e-05,0.0,nan
122,57,2.615030707655033e-05,0.0,nan
122,58,4.363920502318951e-06,0.0,nan
122,59,9.554604607857547e-06,0.0,nan
122,60,1.4795184538233391e-05,0.0,nan
122,61,5.06362435166298e-06,0.0,nan
122,62,8.030088370030443e-06,0.0,nan
122,63,1.2923441562230873e-05,0.0,nan
122,64,3.6274575843725114e-06,0.0,nan
122,65,1.5748523288394345e-05,0.0,nan
122,66,5.331027244828166e-06,0.0,nan
122,67,1.0786400441260912e-05,0.0,nan
122,68,1.3270531307786226e-05,0.0,nan
122,69,6.541621209973575e-06,0.0,nan
122,70,2.3092111377610438e-05,0.0,nan
122,71,7.674615385874086e-06,0.0,nan
122,72,6.884553335904559e-06,0.0,nan
122,73,1.2910295185772112e-05,0.0,nan
122,74,6.415200585060526e-06,0.0,nan
122,75,1.421993291767103e-05,0.0,nan
122,76,7.578397518898229e-06,0.0,nan
122,77,1.16244051316932e-05,0.0,nan
122,78,1.53130722095303e-05,0.0,nan
122,79,5.897804794273519e-06,0.0,nan
122,80,9.868376562828165e-06,0.0,nan
122,81,1.0071207010371382e-05,0.0,nan
122,82,7.290245094395672e-06,0.0,nan
122,83,1.7257491352640057e-05,0.0,nan
122,84,8.658214119074067e-06,0.0,nan
122,85,1.6195213369007246e-05,0.0,nan
122,86,7.839656310105477e-06,0.0,nan
122,87,9.456083116772946e-06,0.0,nan
122,88,4.677451746544635e-06,0.0,nan
122,89,8.042545071830546e-06,0.0,nan
122,90,5.678619736557651e-06,0.0,nan
122,91,1.0425260132471007e-05,0.0,nan
122,92,1.1091917751069022e-05,0.0,nan
122,93,1.066800949136645e-05,0.0,nan
122,94,8.414652784997016e-06,0.0,nan
122,95,1.078382694382693e-05,0.0,nan
122,96,1.2886142198019335e-05,0.0,nan
122,97,5.0599194495043854e-06,0.0,nan
122,98,1.3322258007360176e-05,0.0,nan
122,99,1.2936185953983022e-05,0.0,nan
123,0,1.838050947429872e-05,0.0,nan
123,1,5.736649555368478e-06,0.0,nan
123,2,4.450614727840441e-06,0.0,nan
123,3,9.025389608261058e-06,0.0,nan
123,4,8.50897768702484e-07,0.0,nan
123,5,7.156507368721049e-06,0.0,nan
123,6,8.19543577521121e-06,0.0,nan
123,7,1.369536564908346e-05,0.0,nan
123,8,8.768895465123425e-06,0.0,nan
123,9,5.825852097934405e-06,0.0,nan
123,10,1.1974646033592285e-05,0.0,nan
123,11,0.16325229938359803,1.0,nan
123,12,7.282113277832265e-06,0.0,nan
123,13,1.27572225745023e-05,0.0,nan
123,14,1.1748764358699117e-05,0.0,nan
123,15,7.875879399066093e-06,0.0,nan
123,16,1.172051025044698e-05,0.0,nan
123,17,1.987393055122004e-05,0.0,nan
123,18,4.88484412677678e-06,0.0,nan
123,19,9.74773054325929e-06,0.0,nan
123,20,1.7456448454860842e-05,0.0,nan
123,21,0.2544811245426784,1.0,nan
123,22,1.8152997413824278e-05,0.0,nan
123,23,1.441742592985761e-05,0.0,nan
123,24,8.27476709007947e-06,0.0,nan
123,25,6.6375888904140915e-06,0.0,nan
123,26,6.851671779399823e-06,0.0,nan
123,27,0.2009112157080315,1.0,nan
123,28,7.621576071597266e-06,0.0,nan
123,29,1.2903959906610736e-05,0.0,nan
123,30,3.173892236538984e-05,0.0,nan
123,31,2.91342921473249e-06,0.0,nan
123,32,8.337468095724801e-06,0.0,nan
123,33,1.0578464172979593e-05,0.0,nan
123,34,1.578870219812878e-05,0.0,nan
123,35,2.9641559464400052e-06,0.0,nan
123,36,1.3532369673333811e-05,0.0,nan
123,37,6.405117591531963e-06,0.0,nan
123,38,7.997897542515697e-06,0.0,nan
123,39,1.2255284321501944e-05,0.0,nan
123,40,7.302781911770368e-06,0.0,nan
123,41,3.5302399664810283e-06,0.0,nan
123,42,5.253646934166084e-06,0.0,nan
123,43,9.648662181450462e-06,0.0,nan
123,44,1.541536730799279e-05,0.0,nan
123,45,4.895072676867208e-06,0.0,nan
123,46,6.917612057934791e-06,0.0,nan
123,47,9.354599992616475e-06,0.0,nan
123,48,8.843066222470031e-06,0.0,nan
123,49,1.195930421253004e-05,0.0,nan
123,50,5.239534689720497e-06,0.0,nan
123,51,9.68423807982892e-06,0.0,nan
123,52,1.0335162502608075e-05,0.0,nan
123,53,2.3980123684486637e-06,0.0,nan
123,54,3.3338928217136944e-06,0.0,nan
123,55,7.104786281174079e-06,0.0,nan
123,56,8.222354913383452e-06,0.0,nan
123,57,7.861744801038462e-06,0.0,nan
123,58,1.3444846938341062e-05,0.0,nan
123,59,1.186005600933833e-05,0.0,nan
123,60,1.1338073165650454e-05,0.0,nan
123,61,7.281252818813975e-06,0.0,nan
123,62,2.875374092377669e-06,0.0,nan
123,63,3.5342112437697202e-06,0.0,nan
123,64,6.533374795376509e-06,0.0,nan
123,65,8.780850471648513e-06,0.0,nan
123,66,7.3769437645361596e-06,0.0,nan
123,67,3.5529959500899215e-06,0.0,nan
123,68,4.135831567404757e-06,0.0,nan
123,69,1.3146095905239636e-05,0.0,nan
123,70,6.657498086255032e-06,0.0,nan
123,71,3.3363334689511944e-05,0.0,nan
123,72,8.335708237146571e-06,0.0,nan
123,73,7.777628853522512e-06,0.0,nan
123,74,1.5605013632059508e-05,0.0,nan
123,75,5.795019968103269e-06,0.0,nan
123,76,5.139975550168074e-06,0.0,nan
123,77,9.637045236803906e-06,0.0,nan
123,78,1.0565479783151418e-05,0.0,nan
123,79,1.170523442310812e-05,0.0,nan
123,80,5.8023158488146935e-06,0.0,nan
123,81,6.422541102311567e-06,0.0,nan
123,82,3.154640543496572e-06,0.0,nan
123,83,9.77151713570868e-06,0.0,nan
123,84,2.6444028831982574e-06,0.0,nan
123,85,1.2452976331763177e-05,0.0,nan
123,86,1.4629828311620142e-05,0.0,nan
123,87,4.144293045409858e-06,0.0,nan
123,88,1.1730237838131183e-05,0.0,nan
123,89,2.37747120313265e-06,0.0,nan
123,90,5.282925911365091e-06,0.0,nan
123,91,1.2157975471863321e-05,0.0,nan
123,92,1.0274006553173389e-05,0.0,nan
123,93,1.288677304493151e-05,0.0,nan
123,94,7.55024686658638e-06,0.0,nan
123,95,5.5334989434148514e-05,0.0,nan
123,96,4.14176548892714e-06,0.0,nan
123,97,7.616396580776511e-06,0.0,nan
123,98,8.707873168626744e-06,0.0,nan
123,99,9.014815195286656e-06,0.0,nan
124,0,5.123119520536178e-06,0.0,nan
124,1,1.6158414344824e-05,0.0,nan
124,2,3.001845881265715e-06,0.0,nan
124,3,1.44901575517336e-05,0.0,nan
124,4,1.7543603599181018e-05,0.0,nan
124,5,6.183801034714025e-06,0.0,nan
124,6,1.0906055345727611e-05,0.0,nan
124,7,7.116604375389793e-06,0.0,nan
124,8,7.5409199344007006e-06,0.0,nan
124,9,1.4916682934829633e-05,0.0,nan
124,10,6.015059448746745e-06,0.0,nan
124,11,0.17907514213925557,1.0,nan
124,12,4.682720718328532e-06,0.0,nan
124,13,6.0698606211311684e-06,0.0,nan
124,14,3.847715268069291e-06,0.0,nan
124,15,8.091795098527549e-06,0.0,nan
124,16,6.782916340375199e-06,0.0,nan
124,17,7.570643038154749e-06,0.0,nan
124,18,6.243114716386898e-06,0.0,nan
124,19,4.709154170269714e-06,0.0,nan
124,20,8.799641594778895e-06,0.0,nan
124,21,0.15655517130365282,1.0,nan
124,22,6.528377450381946e-06,0.0,nan
124,23,9.024036540390056e-06,0.0,nan
124,24,1.4700082738441588e-05,0.0,nan
124,25,9.0546934393467e-06,0.0,nan
124,26,5.834853672385351e-06,0.0,nan
124,27,0.17260481232217845,1.0,nan
124,28,1.5611638197124965e-05,0.0,nan
124,29,2.116162214815007e-05,0.0,nan
124,30,5.443825158833773e-06,0.0,nan
124,31,4.520886019314788e-06,0.0,nan
124,32,3.2162420282581585e-06,0.0,nan
124,33,1.3787397688098375e-06,0.0,nan
124,34,1.0612088044017555e-05,0.0,nan
124,35,7.973041028175367e-06,0.0,nan
124,36,1.146518168976626e-05,0.0,nan
124,37,4.122864942381473e-06,0.0,nan
124,38,4.609928343946728e-06,0.0,nan
124,39,1.970924033211103e-06,0.0,nan
124,40,4.5115181241581334e-06,0.0,nan
124,41,2.164613638222879e-05,0.0,nan
124,42,7.037110665039587e-06,0.0,nan
124,43,4.45063529084363e-06,0.0,nan
124,44,5.377418818606439e-06,0.0,nan
124,45,2.549486443576181e-06,0.0,nan
124,46,4.616261381187967e-06,0.0,nan
124,47,3.6069381827850004e-06,0.0,nan
124,48,5.53803330460686e-06,0.0,nan
124,49,2.2227505004465216e-05,0.0,nan
124,50,7.4507018092123645e-06,0.0,nan
124,51,7.4419056265501595e-06,0.0,nan
124,52,4.791848515657507e-06,0.0,nan
124,53,2.557467740262437e-06,0.0,nan
124,54,7.286176477807496e-06,0.0,nan
124,55,1.0244902835426336e-05,0.0,nan
124,56,9.588813711893985e-06,0.0,nan
124,57,1.6954513433565165e-06,0.0,nan
124,58,3.7822837201392992e-06,0.0,nan
124,59,5.302206779328816e-06,0.0,nan
124,60,1.3055321633596417e-05,0.0,nan
124,61,7.000224636843944e-06,0.0,nan
124,62,1.145633364898378e-05,0.0,nan
124,63,7.787730902789432e-06,0.0,nan
124,64,5.130637316020252e-06,0.0,nan
124,65,3.510279649335205e-06,0.0,nan
124,66,4.260315691356768e-06,0.0,nan
124,67,5.358226328492418e-06,0.0,nan
124,68,4.915673367153162e-06,0.0,nan
124,69,4.638715981610177e-06,0.0,nan
124,70,2.707036529278187e-06,0.0,nan
124,71,5.602039195215065e-06,0.0,nan
124,72,8.123685440731524e-06,0.0,nan
124,73,6.070249541990126e-06,0.0,nan
124,74,7.67760043967068e-06,0.0,nan
124,75,4.752537617849262e-06,0.0,nan
124,76,2.0551353717222884e-06,0.0,nan
124,77,8.408406555104911e-06,0.0,nan
124,78,1.6121217738007e-05,0.0,nan
124,79,8.203658015302434e-06,0.0,nan
124,80,4.716850162556731e-06,0.0,nan
124,81,7.2617159340928076e-06,0.0,nan
124,82,6.826418259660752e-06,0.0,nan
124,83,6.81770009476523e-06,0.0,nan
124,84,8.235637914514088e-06,0.0,nan
124,85,1.0887862562551627e-05,0.0,nan
124,86,4.2758855762219965e-06,0.0,nan
124,87,6.7375855817709005e-06,0.0,nan
124,88,5.606976917297617e-06,0.0,nan
124,89,1.0804577424897702e-05,0.0,nan
124,90,2.2597806447378017e-06,0.0,nan
124,91,2.001832755154584e-05,0.0,nan
124,92,7.623318280433147e-06,0.0,nan
124,93,7.472373800126903e-06,0.0,nan
124,94,3.9530768856834686e-06,0.0,nan
124,95,1.1888365617502608e-05,0.0,nan
124,96,2.466682584296529e-06,0.0,nan
124,97,1.843561209966209e-05,0.0,nan
124,98,8.294341073778547e-06,0.0,nan
124,99,5.057280900303261e-06,0.0,nan
125,0,6.486143410697743e-06,0.0,2.1862944617608703e-07
125,1,8.240155974540062e-06,0.0,1.3844839884201696e-06
125,2,1.3558758812215971e-05,0.0,3.8937350905458675e-06
125,3,8.985850756811898e-06,0.0,1.1491517856336673e-06
125,4,8.726662296604313e-06,0.0,7.095150998750386e-08
125,5,1.3608006456185927e-06,0.0,1.8243930127563746e-08
125,6,1.0018114378682283e-05,0.0,8.828509889002424e-07
125,7,8.451721502781773e-06,0.0,2.093710131889434e-07
125,8,1.0690405760246931e-05,0.0,1.407448447603867e-06
125,9,7.817695693266077e-06,0.0,6.000291621593107e-07
125,10,1.0223886892480457e-05,0.0,4.824676792833007e-07
125,11,0.14481468295002978,1.0,0.3336624089837553
125,12,7.579942228747888e-06,0.0,1.7894467755895562e-08
125,13,6.989536993011589e-06,0.0,3.112293126130484e-07
125,14,6.368597501439956e-06,0.0,7.28647307126868e-08
125,15,3.028805381789691e-06,0.0,1.1756324610609972e-07
125,16,2.6665778890896645e-05,0.0,3.842780873794606e-06
125,17,7.760765856391473e-06,0.0,2.9216890576022395e-06
125,18,1.0816048886608037e-05,0.0,1.9730285497379508e-07
125,19,6.097549100859484e-06,0.0,6.620905484338312e-07
125,20,1.7820511036829284e-05,0.0,6.4829393908595785e-06
125,21,0.12535485359943102,1.0,0.36763823500415693
125,22,1.3949057361804686e-05,0.0,1.1671640192640185e-06
125,23,3.209494033015e-05,0.0,4.646851040804363e-06
125,24,3.871050514399524e-06,0.0,5.543457239545562e-08
125,25,1.4572031173053812e-05,0.0,5.320071831007732e-07
125,26,7.149986353307997e-06,0.0,7.777730763944045e-09
125,27,0.29527617418407925,1.0,0.2986021997055163
125,28,1.1340279003985793e-05,0.0,2.443780131919061e-06
125,29,5.0565403489323775e-06,0.0,2.1572348095626997e-07
125,30,6.550851223438013e-06,0.0,7.111555639070389e-10
125,31,1.4378794179466433e-05,0.0,5.006273722229588e-07
125,32,1.0769260465009663e-05,0.0,6.325654112073353e-06
125,33,1.6293511797080042e-05,0.0,1.6686865565894807e-07
125,34,2.111468548759487e-05,0.0,1.1531900039891853e-06
125,35,9.197282434231232e-06,0.0,5.8373643188932505e-08
125,36,1.1973667246605038e-05,0.0,8.242099699620565e-08
125,37,6.412642671933922e-06,0.0,2.5117083518916673e-06
125,38,3.814438401073524e-05,0.0,5.1446136556220745e-06
125,39,2.8197607186233483e-05,0.0,2.784339545266535e-06
125,40,1.0111328964267775e-05,0.0,4.7290782223286355e-08
125,41,9.248276646984228e-06,0.0,2.704889713580694e-10
125,42,5.981123734701064e-06,0.0,1.8174272716000585e-08
125,43,1.312566526936368e-05,0.0,1.581977316605464e-06
125,44,9.548541955387232e-06,0.0,1.7212511652897008e-07
125,45,7.585133052274183e-06,0.0,2.2425171254446436e-07
125,46,8.53243154234587e-06,0.0,4.892606056471319e-08
125,47,7.580136981338275e-06,0.0,3.0006840428967065e-07
125,48,2.74846982492443e-06,0.0,1.0767056310795812e-07
125,49,1.5795998662164067e-05,0.0,1.3215215151926425e-07
125,50,2.017323042979675e-05,0.0,3.1007122628044086e-06
125,51,1.1075883424341874e-05,0.0,6.592020149513215e-08
125,52,1.888277576259877e-05,0.0,1.6867824854013324e-07
125,53,7.157508328915601e-06,0.0,3.0690386861380966e-07
125,54,1.0303687511961086e-05,0.0,2.1158396848111735e-06
125,55,1.0239673309730474e-05,0.0,1.345522097365316e-07
125,56,7.3070500463480214e-06,0.0,3.7201545910319684e-08
125,57,4.334042797333127e-06,0.0,3.730746888616129e-08
125,58,8.923760158708412e-06,0.0,1.8742322468180888e-06
125,59,1.141034773015947e-05,0.0,3.7028023803949175e-08
125,60,7.624805327846556e-06,0.0,4.1536329659000146e-07
125,61,8.24778752488357e-06,0.0,2.265866828533696e-07
125,62,1.2979085879687228e-05,0.0,1.9642447727493683e-06
125,63,1.3423997828972208e-05,0.0,9.700604068410734e-08
125,64,1.0085994360525664e-05,0.0,1.6285897856389597e-07
125,65,2.235099118698394e-06,0.0,2.7960362850256505e-07
125,66,6.036665580156451e-06,0.0,1.858355890763794e-07
125,67,7.180660801540423e-06,0.0,5.165742415729797e-09
125,68,1.2292398955123525e-05,0.0,2.4248873891236715e-08
125,69,1.2124563955177517e-05,0.0,7.146063453340914e-07
125,70,1.0072642038510886e-05,0.0,5.792948793043726e-07
125,71,1.0481634456458792e-05,0.0,4.2133645585887884e-06
125,72,7.775841048203366e-06,0.0,2.722223396965683e-08
125,73,9.445715293245284e-06,0.0,3.4898754631232487e-06
125,74,5.434209784046562e-05,0.0,1.3398407596350242e-06
125,75,1.7885808826720453e-05,0.0,7.99290498463926e-08
125,76,2.871528703779966e-05,0.0,3.131289674999206e-06
125,77,4.725414288652049e-06,0.0,2.518794597622085e-07
125,78,8.257695098629902e-06,0.0,2.574384148506814e-07
125,79,2.0875775508620523e-05,0.0,1.0598115786751034e-08
125,80,1.406503436967135e-05,0.0,4.096849745952532e-06
125,81,1.789228854963242e-05,0.0,3.3324339530427633e-07
125,82,6.5964718664558135e-06,0.0,3.0160534583425744e-08
125,83,6.20665513549337e-06,0.0,2.691535468372503e-07
125,84,7.5093436918179065e-06,0.0,1.9644298948284938e-07
125,85,7.388949150253115e-06,0.0,9.095889742067857e-08
125,86,5.8507880200262116e-06,0.0,1.065294694552484e-06
125,87,1.1368907398243948e-05,0.0,3.5326641987886367e-07
125,88,6.873464027598051e-06,0.0,8.690322197027482e-10
125,89,7.82168800869361e-06,0.0,2.6616527817686115e-08
125,90,5.580051599736146e-06,0.0,4.1704579450962085e-08
125,91,6.71541720878651e-06,0.0,2.9577377335916567e-07
125,92,2.7185657750385833e-05,0.0,5.1787185021253275e-06
125,93,1.0436543824444418e-05,0.0,1.1196189531191068e-07
125,94,2.1620633500731534e-05,0.0,1.273769340342106e-07
125,95,8.904957081899695e-06,0.0,1.4764123710831585e-08
125,96,6.5650585784664716e-06,0.0,3.739856328765798e-07
125,97,2.3048384629778263e-05,0.0,1.6216551632118687e-06
125,98,1.359624385065702e-05,0.0,1.8959016364667094e-06
125,99,1.3980677133478078e-05,0.0,3.2311017931648476e-07
126,0,7.917608370092244e-06,0.0,nan
126,1,7.379073496075845e-06,0.0,nan
126,2,7.904297929724512e-06,0.0,nan
126,3,4.616117372921247e-06,0.0,nan
126,4,2.1259139802203215e-06,0.0,nan
126,5,4.742857589653186e-06,0.0,nan
126,6,6.664165005813887e-06,0.0,nan
126,7,3.5703448537020365e-05,0.0,nan
126,8,1.6219573371658642e-05,0.0,nan
126,9,7.517634453567512e-06,0.0,nan
126,10,1.0719966509091873e-05,0.0,nan
126,11,0.20630196086037728,1.0,nan
126,12,5.083065709500021e-06,0.0,nan
126,13,9.699442580956116e-06,0.0,nan
126,14,4.62784618896475e-06,0.0,nan
126,15,5.071563159702554e-06,0.0,nan
126,16,1.450904386828197e-06,0.0,nan
126,17,5.8612858605194515e-06,0.0,nan
126,18,5.907850714950151e-06,0.0,nan
126,19,9.1004593197916e-06,0.0,nan
126,20,7.4382003045359606e-06,0.0,nan
126,21,0.1406656610221653,1.0,nan
126,22,2.3449160088011253e-06,0.0,nan
126,23,7.369401929100625e-06,0.0,nan
126,24,6.173759695299393e-06,0.0,nan
126,25,3.917799880964313e-06,0.0,nan
126,26,1.947680514066414e-06,0.0,nan
126,27,0.19944166728475726,1.0,nan
126,28,1.1327056204062836e-05,0.0,nan
126,29,2.2644099097144047e-05,0.0,nan
126,30,4.4703316572341624e-06,0.0,nan
126,31,2.072804657558287e-05,0.0,nan
126,32,4.843377944263339e-06,0.0,nan
126,33,8.841905024515118e-06,0.0,nan
126,34,1.2156253661284572e-05,0.0,nan
126,35,4.653922523919715e-06,0.0,nan
126,36,4.646311929383515e-06,0.0,nan
126,37,1.1468886839348777e-05,0.0,nan
126,38,4.873121621505956e-06,0.0,nan
126,39,5.732535107914529e-06,0.0,nan
126,40,5.5304829120168285e-06,0.0,nan
126,41,5.757824428006115e-06,0.0,nan
126,42,8.902675969346e-06,0.0,nan
126,43,5.239251461091082e-06,0.0,nan
126,44,7.4585744000373435e-06,0.0,nan
126,45,3.076093833487931e-06,0.0,nan
126,46,2.8744786603722907e-06,0.0,nan
126,47,1.752567580361784e-06,0.0,nan
126,48,4.833151215745141e-06,0.0,nan
126,49,7.612127783308744e-06,0.0,nan
126,50,5.633419196257253e-06,0.0,nan
126,51,5.116575357083442e-06,0.0,nan
126,52,5.994542104965552e-06,0.0,nan
126,53,7.0267364287496974e-06,0.0,nan
126,54,2.005740503280742e-05,0.0,nan
126,55,5.091306973846522e-06,0.0,nan
126,56,4.658096973463986e-06,0.0,nan
126,57,9.584065311534303e-06,0.0,nan
126,58,5.042999746695639e-06,0.0,nan
126,59,5.283271951985979e-06,0.0,nan
126,60,2.8643387813594916e-06,0.0,nan
126,61,4.731787406936041e-06,0.0,nan
126,62,5.873293817254087e-06,0.0,nan
126,63,1.9661831714732915e-06,0.0,nan
126,64,4.2807972393951845e-06,0.0,nan
126,65,3.5892100851982022e-06,0.0,nan
126,66,6.345880283888981e-06,0.0,nan
126,67,7.78942440697515e-06,0.0,nan
126,68,8.397579509144278e-06,0.0,nan
126,69,4.3990485454771675e-06,0.0,nan
126,70,3.065200258676537e-06,0.0,nan
126,71,3.4862939264109374e-06,0.0,nan
126,72,5.696927473863516e-06,0.0,nan
126,73,5.163581018058623e-06,0.0,nan
126,74,6.972082478421057e-06,0.0,nan
126,75,6.089219877361894e-06,0.0,nan
126,76,1.5539923636336246e-05,0.0,nan
126,77,1.3054524885236028e-05,0.0,nan
126,78,4.601590205103822e-06,0.0,nan
126,79,1.047232632311758e-05,0.0,nan
126,80,1.0042330834723996e-05,0.0,nan
126,81,6.666171314227714e-06,0.0,nan
126,82,4.18729711984468e-06,0.0,nan
126,83,3.7039551626964544e-06,0.0,nan
126,84,4.154758681143732e-06,0.0,nan
126,85,1.0931130788087782e-05,0.0,nan
126,86,5.309304809071234e-06,0.0,nan
126,87,6.147926623489635e-06,0.0,nan
126,88,3.8545740534239715e-06,0.0,nan
126,89,3.3829290193088068e-06,0.0,nan
126,90,9.188346810020325e-06,0.0,nan
126,91,1.781650308134445e-05,0.0,nan
126,92,5.433581720367661e-06,0.0,nan
126,93,4.94382688434961e-06,0.0,nan
126,94,7.835916450305215e-06,0.0,nan
126,95,5.2971344047852075e-06,0.0,nan
126,96,5.948499270577758e-06,0.0,nan
126,97,3.4982038805866164e-06,0.0,nan
126,98,4.367955944734296e-06,0.0,nan
126,99,4.46902445451247e-06,0.0,nan
127,0,1.2337140923075103e-05,0.0,nan
127,1,1.5641807743319806e-05,0.0,nan
127,2,7.296541247756613e-06,0.0,nan
127,3,1.1456630728978876e-05,0.0,nan
127,4,9.181979452877072e-06,0.0,nan
127,5,1.134643367426753e-05,0.0,nan
127,6,1.753012828525789e-05,0.0,nan
127,7,9.437790713391456e-06,0.0,nan
127,8,7.072241595548383e-06,0.0,nan
127,9,3.087537514354774e-05,0.0,nan
127,10,6.034612128742112e-06,0.0,nan
127,11,0.22024261112696186,1.0,nan
127,12,1.2361210412130101e-05,0.0,nan
127,13,2.861939571614896e-06,0.0,nan
127,14,9.373410562081643e-06,0.0,nan
127,15,7.4022145743424315e-06,0.0,nan
127,16,1.7240423001585335e-05,0.0,nan
127,17,1.0798891190896974e-05,0.0,nan
127,18,6.980913573192705e-06,0.0,nan
127,19,7.936724008374175e-06,0.0,nan
127,20,1.1427968463422158e-05,0.0,nan
127,21,0.14304371904370583,1.0,nan
127,22,7.750732234084813e-06,0.0,nan
127,23,9.010160981467394e-06,0.0,nan
127,24,9.504091788325563e-06,0.0,nan
127,25,1.5534995622770494e-05,0.0,nan
127,26,1.6026555275338068e-05,0.0,nan
127,27,0.3057029856444319,1.0,nan
127,28,1.3485406754181261e-05,0.0,nan
127,29,1.0663878375069206e-05,0.0,nan
127,30,1.046409343815521e-05,0.0,nan
127,31,7.1865738483087765e-06,0.0,nan
127,32,5.904245591340542e-06,0.0,nan
127,33,9.25643582101445e-06,0.0,nan
127,34,1.1655172075465431e-05,0.0,nan
127,35,7.838722801921186e-06,0.0,nan
127,36,1.5325553458389348e-05,0.0,nan
127,37,1.482408097988168e-05,0.0,nan
127,38,1.3909634357119434e-05,0.0,nan
127,39,1.560030093995027e-05,0.0,nan
127,40,1.9503191890360616e-05,0.0,nan
127,41,6.4344414263772675e-06,0.0,nan
127,42,2.1525135546507817e-05,0.0,nan
127,43,7.715773860416887e-06,0.0,nan
127,44,6.241579591897114e-06,0.0,nan
127,45,1.1968408981764082e-05,0.0,nan
127,46,1.0443557961395004e-05,0.0,nan
127,47,1.4025363759753082e-05,0.0,nan
127,48,8.14771775557866e-06,0.0,nan
127,49,7.397888965237431e-06,0.0,nan
127,50,1.603455897072065e-05,0.0,nan
127,51,2.4416187720781578e-05,0.0,nan
127,52,1.5845027878697667e-05,0.0,nan
127,53,3.964207599487366e-06,0.0,nan
127,54,1.711837117221999e-05,0.0,nan
127,55,9.68766013241513e-06,0.0,nan
127,56,9.223198516826338e-06,0.0,nan
127,57,2.308062249794222e-05,0.0,nan
127,58,1.659616412876801e-05,0.0,nan
127,59,6.629592924052259e-06,0.0,nan
127,60,1.0668887225294951e-05,0.0,nan
127,61,1.0323111549380907e-05,0.0,nan
127,62,2.1187849119565864e-05,0.0,nan
127,63,1.3963555208944358e-05,0.0,nan
127,64,1.6764902397132314e-05,0.0,nan
127,65,5.956494483515553e-06,0.0,nan
127,66,1.0522751740732142e-05,0.0,nan
127,67,1.5271971927140173e-05,0.0,nan
127,68,9.400301034701525e-06,0.0,nan
127,69,1.491272634586658e-05,0.0,nan
127,70,1.3873179714516158e-05,0.0,nan
127,71,6.924779597275079e-06,0.0,nan
127,72,7.641208121993308e-06,0.0,nan
127,73,1.3100107521804589e-05,0.0,nan
127,74,3.6724085708998295e-06,0.0,nan
127,75,1.1101663861635742e-05,0.0,nan
127,76,1.2133634738907238e-05,0.0,nan
127,77,7.039497210302952e-06,0.0,nan
127,78,1.4231778684634766e-05,0.0,nan
127,79,1.4317922020922768e-05,0.0,nan
127,80,9.276131613675405e-06,0.0,nan
127,81,1.0720701119106032e-05,0.0,nan
127,82,1.4440327509523442e-05,0.0,nan
127,83,1.6935676857846565e-05,0.0,nan
127,84,1.8782655488368212e-05,0.0,nan
127,85,1.5668627329556818e-05,0.0,nan
127,86,1.1037159961120978e-05,0.0,nan
127,87,1.1095703603229876e-05,0.0,nan
127,88,1.3152297756823142e-05,0.0,nan
127,89,9.645963955575596e-06,0.0,nan
127,90,1.456578608366241e-05,0.0,nan
127,91,1.3935778841505745e-05,0.0,nan
127,92,1.589756706542324e-05,0.0,nan
127,93,7.008932400198894e-06,0.0,nan
127,94,8.471757392708792e-06,0.0,nan
127,95,1.2663098578413809e-05,0.0,nan
127,96,7.173619459492628e-06,0.0,nan
127,97,1.9545252781468046e-05,0.0,nan
127,98,1.4734625820495715e-05,0.0,nan
127,99,1.9709158783863784e-05,0.0,nan
128,0,1.5206245530110208e-05,0.0,nan
128,1,5.960040746254927e-06,0.0,nan
128,2,6.939120817522442e-06,0.0,nan
128,3,2.9590778348484595e-05,0.0,nan
128,4,1.501202017854291e-05,0.0,nan
128,5,1.5503782905122653e-05,0.0,nan
128,6,7.266474243552729e-06,0.0,nan
128,7,3.8116264306467118e-06,0.0,nan
128,8,1.1179629984332045e-05,0.0,nan
128,9,2.0497407144936794e-05,0.0,nan
128,10,7.035145266344375e-06,0.0,nan
128,11,0.22702735199854376,1.0,nan
128,12,6.1065241586888195e-06,0.0,nan
128,13,1.0352314526181177e-05,0.0,nan
128,14,8.228062667760937e-06,0.0,nan
128,15,1.3456270162705752e-05,0.0,nan
128,16,6.6292195677154704e-06,0.0,nan
128,17,8.775438280556128e-06,0.0,nan
128,18,1.974881515882072e-05,0.0,nan
128,19,1.2705081395162597e-05,0.0,nan
128,20,4.851226200301943e-06,0.0,nan
128,21,0.11961467651887234,1.0,nan
128,22,8.409903724368472e-06,0.0,nan
128,23,5.282861942882191e-06,0.0,nan
128,24,1.642491250284721e-06,0.0,nan
128,25,5.7275372933022615e-06,0.0,nan
128,26,8.428777591195816e-06,0.0,nan
128,27,0.1725985468629105,1.0,nan
128,28,3.250394327544287e-05,0.0,nan
128,29,6.590190230871845e-06,0.0,nan
128,30,8.141917126703697e-06,0.0,nan
128,31,5.208554101766074e-06,0.0,nan
128,32,7.4774614591643575e-06,0.0,nan
128,33,1.1983010411223716e-05,0.0,nan
128,34,7.646486372963352e-06,0.0,nan
128,35,6.121447840913976e-06,0.0,nan
128,36,7.051581458333966e-06,0.0,nan
128,37,2.8982874383683616e-05,0.0,nan
128,38,8.487243723854479e-06,0.0,nan
128,39,1.0687269335572082e-05,0.0,nan
128,40,3.448256395500267e-06,0.0,nan
128,41,5.016606308459179e-06,0.0,nan
128,42,9.449284701381686e-06,0.0,nan
128,43,2.1071671143759764e-05,0.0,nan
128,44,2.607116277905218e-06,0.0,nan
128,45,1.2926768552715445e-05,0.0,nan
128,46,6.401294661759509e-06,0.0,nan
128,47,1.5020589857977578e-05,0.0,nan
128,48,1.5161188998722586e-05,0.0,nan
128,49,1.269554096222595e-05,0.0,nan
128,50,2.1017699271929213e-06,0.0,nan
128,51,8.041433908718719e-06,0.0,nan
128,52,1.233644522400537e-05,0.0,nan
128,53,2.0706679519632506e-05,0.0,nan
128,54,8.418132984415956e-06,0.0,nan
128,55,1.6513898257339823e-05,0.0,nan
128,56,4.653313720405681e-06,0.0,nan
128,57,4.624725700609338e-06,0.0,nan
128,58,1.058998578470589e-05,0.0,nan
128,59,7.620357006826731e-06,0.0,nan
128,60,4.453310247660226e-06,0.0,nan
128,61,7.44845526564579e-06,0.0,nan
128,62,4.841394170970213e-06,0.0,nan
128,63,9.491921297356067e-06,0.0,nan
128,64,5.226175134463338e-06,0.0,nan
128,65,1.3472686889826321e-05,0.0,nan
128,66,2.805994329442403e-05,0.0,nan
128,67,2.4542607396526748e-05,0.0,nan
128,68,1.1709257250152925e-05,0.0,nan
128,69,1.2829679735107212e-05,0.0,nan
128,70,8.230096450235532e-06,0.0,nan
128,71,5.068621704801595e-06,0.0,nan
128,72,4.839469369488184e-06,0.0,nan
128,73,8.75904147079818e-06,0.0,nan
128,74,1.4110352686850525e-05,0.0,nan
128,75,7.504450699803972e-06,0.0,nan
128,76,1.1176197166527042e-05,0.0,nan
128,77,1.121625745123485e-05,0.0,nan
128,78,4.5185546091408084e-06,0.0,nan
128,79,1.7345002643190047e-05,0.0,nan
128,80,1.2979548068919152e-05,0.0,nan
128,81,9.617901930449363e-06,0.0,nan
128,82,2.7880620139444137e-05,0.0,nan
128,83,9.726436963352428e-06,0.0,nan
128,84,1.0609175615605655e-05,0.0,nan
128,85,5.246045555244079e-06,0.0,nan
128,86,1.7361739109837622e-05,0.0,nan
128,87,1.2264956623677625e-05,0.0,nan
128,88,9.554164469642846e-06,0.0,nan
128,89,2.1138851156856815e-05,0.0,nan
128,90,9.70713423293261e-06,0.0,nan
128,91,5.067886208675118e-06,0.0,nan
128,92,1.1142389705633448e-05,0.0,nan
128,93,1.5453830601098174e-05,0.0,nan
128,94,5.922179016488819e-06,0.0,nan
128,95,1.3026180725314902e-05,0.0,nan
128,96,1.0812394149871504e-05,0.0,nan
128,97,6.806285156413498e-06,0.0,nan
128,98,5.279019760816346e-06,0.0,nan
128,99,5.739533253520038e-06,0.0,nan
129,0,9.825357064833906e-06,0.0,nan
129,1,2.5459850510309632e-06,0.0,nan
129,2,8.9899030540033e-06,0.0,nan
129,3,1.432684391010731e-05,0.0,nan
129,4,6.127880576790995e-06,0.0,nan
129,5,4.387538742256543e-06,0.0,nan
129,6,5.649949518562796e-06,0.0,nan
129,7,5.013894266254066e-06,0.0,nan
129,8,1.7702131225126273e-05,0.0,nan
129,9,9.894740859312885e-06,0.0,nan
129,10,1.2096925772088202e-05,0.0,nan
129,11,0.20733994397572575,1.0,nan
129,12,1.3203681782199389e-05,0.0,nan
129,13,4.107099575689521e-06,0.0,nan
129,14,6.947591907981809e-06,0.0,nan
129,15,8.711127675578326e-06,0.0,nan
129,16,6.611839217153542e-06,0.0,nan
129,17,9.848368044330636e-06,0.0,nan
129,18,4.402690070906807e-06,0.0,nan
129,19,1.742162727269909e-05,0.0,nan
129,20,1.2432490918431534e-05,0.0,nan
129,21,0.1728976185170327,1.0,nan
129,22,1.7116288821007878e-05,0.0,nan
129,23,1.0462266693916421e-05,0.0,nan
129,24,6.23206426001442e-06,0.0,nan
129,25,1.0092100184670582e-05,0.0,nan
129,26,4.9055486366375826e-06,0.0,nan
129,27,0.24973678525677967,1.0,nan
129,28,3.6854571900976496e-05,0.0,nan
129,29,3.116520425828393e-05,0.0,nan
129,30,2.230833512787403e-05,0.0,nan
129,31,6.523028851652318e-06,0.0,nan
129,32,1.2234221555785955e-05,0.0,nan
129,33,7.663804966065646e-06,0.0,nan
129,34,1.1682443689237187e-05,0.0,nan
129,35,8.15983316516749e-06,0.0,nan
129,36,8.716250280215782e-06,0.0,nan
129,37,3.659210843462648e-06,0.0,nan
129,38,6.8218898669928346e-06,0.0,nan
129,39,2.4051468818811567e-06,0.0,nan
129,40,4.242493570600565e-06,0.0,nan
129,41,1.3467558678939768e-05,0.0,nan
129,42,4.507468944383189e-06,0.0,nan
129,43,2.742934198690209e-05,0.0,nan
129,44,5.822998732325407e-06,0.0,nan
129,45,1.364731066765281e-05,0.0,nan
129,46,1.9498051719395844e-05,0.0,nan
129,47,5.532032781159107e-06,0.0,nan
129,48,1.247898607040449e-05,0.0,nan
129,49,8.89714312117861e-06,0.0,nan
129,50,1.1723238902810013e-05,0.0,nan
129,51,3.551587225168372e-06,0.0,nan
129,52,1.4823782906524844e-05,0.0,nan
129,53,1.3618095653168794e-05,0.0,nan
129,54,4.206537771255114e-06,0.0,nan
129,55,1.581143593143867e-05,0.0,nan
129,56,7.247074732753684e-06,0.0,nan
129,57,1.2493814480994778e-05,0.0,nan
129,58,1.3136601031970617e-05,0.0,nan
129,59,2.0407747641159502e-05,0.0,nan
129,60,6.6109455563223835e-06,0.0,nan
129,61,1.5006672798605532e-05,0.0,nan
129,62,6.445056217789591e-06,0.0,nan
129,63,3.427084143770993e-05,0.0,nan
129,64,5.021734186875551e-06,0.0,nan
129,65,0.0001034654391817601,0.0,nan
129,66,7.087007654064415e-06,0.0,nan
129,67,1.4778248256318531e-05,0.0,nan
129,68,7.3773399534386225e-06,0.0,nan
129,69,8.700948300568665e-06,0.0,nan
129,70,9.763622284022608e-06,0.0,nan
129,71,8.614001085440005e-06,0.0,nan
129,72,3.5369457013734344e-06,0.0,nan
129,73,1.0746156006121314e-05,0.0,nan
129,74,1.511985356572827e-05,0.0,nan
129,75,7.19251451217665e-06,0.0,nan
129,76,1.1936610945284886e-05,0.0,nan
129,77,5.2401414527334704e-06,0.0,nan
129,78,1.7470705996817113e-05,0.0,nan
129,79,7.017010918140183e-06,0.0,nan
129,80,1.549304133038165e-05,0.0,nan
129,81,5.632133460248257e-06,0.0,nan
129,82,8.464066104097003e-06,0.0,nan
129,83,1.1019999248350545e-05,0.0,nan
129,84,1.7746042704511276e-05,0.0,nan
129,85,2.476645683429183e-05,0.0,nan
129,86,1.2229093713418818e-05,0.0,nan
129,87,5.838160708434325e-06,0.0,nan
129,88,1.411314346360599e-05,0.0,nan
129,89,7.028722830839804e-06,0.0,nan
129,90,5.5765486519555805e-06,0.0,nan
129,91,9.087361596269487e-06,0.0,nan
129,92,1.0641153749840738e-05,0.0,nan
129,93,4.859834722894589e-06,0.0,nan
129,94,9.922331523459588e-06,0.0,nan
129,95,1.2865672601102838e-05,0.0,nan
129,96,1.0360891694123363e-05,0.0,nan
129,97,8.119839448407858e-06,0.0,nan
129,98,9.996104497015178e-06,0.0,nan
129,99,9.750603641831507e-06,0.0,nan
130,0,7.261925097379342e-07,0.0,nan
130,1,5.797257012632734e-06,0.0,nan
130,2,1.179581643264879e-05,0.0,nan
130,3,1.46476530376716e-05,0.0,nan
130,4,6.438715266321477e-06,0.0,nan
130,5,3.3405860995721336e-05,0.0,nan
130,6,4.51781799571969e-06,0.0,nan
130,7,8.544746551496297e-06,0.0,nan
130,8,2.664139038275279e-06,0.0,nan
130,9,1.1032251084711994e-05,0.0,nan
130,10,8.181493908714083e-06,0.0,nan
130,11,0.14344991887880643,1.0,nan
130,12,4.482777591680804e-06,0.0,nan
130,13,1.0786455289254382e-05,0.0,nan
130,14,5.6976517518606495e-06,0.0,nan
130,15,9.873791247173122e-06,0.0,nan
130,16,1.8809076422042345e-05,0.0,nan
130,17,7.195931334863656e-06,0.0,nan
130,18,4.220788955272499e-06,0.0,nan
130,19,1.0437994132216616e-05,0.0,nan
130,20,1.5893926149129e-05,0.0,nan
130,21,0.21990114811181105,1.0,nan
130,22,1.6743906786722826e-05,0.0,nan
130,23,8.871534328404356e-06,0.0,nan
130,24,6.599156851796063e-06,0.0,nan
130,25,7.6539996605255e-06,0.0,nan
130,26,8.948179258008163e-06,0.0,nan
130,27,0.19939180031155546,1.0,nan
130,28,9.511211290955188e-07,0.0,nan
130,29,6.958588586770668e-06,0.0,nan
130,30,4.456385486139931e-06,0.0,nan
130,31,5.337467680848561e-06,0.0,nan
130,32,4.368138086421251e-06,0.0,nan
130,33,4.929774961422544e-06,0.0,nan
130,34,9.022745074467736e-06,0.0,nan
130,35,3.4871795932716894e-06,0.0,nan
130,36,7.18369242973089e-06,0.0,nan
130,37,1.193377375259258e-05,0.0,nan
130,38,1.3247790148096834e-05,0.0,nan
130,39,3.938744699177404e-05,0.0,nan
130,40,2.2342528062655826e-06,0.0,nan
130,41,1.6289273846111175e-06,0.0,nan
130,42,1.6697413983793365e-05,0.0,nan
130,43,4.412098780893776e-06,0.0,nan
130,44,4.539353814565711e-06,0.0,nan
130,45,1.881517260010462e-06,0.0,nan
130,46,9.636765166245591e-06,0.0,nan
130,47,6.487533272500356e-06,0.0,nan
130,48,1.631501395324721e-05,0.0,nan
130,49,3.419776733527079e-06,0.0,nan
130,50,2.7498282295634346e-06,0.0,nan
130,51,5.9917086585521024e-06,0.0,nan
130,52,1.970167626610968e-05,0.0,nan
130,53,3.4945451301903158e-06,0.0,nan
130,54,1.2649548324468389e-05,0.0,nan
130,55,4.08760415733779e-06,0.0,nan
130,56,4.9975209131624795e-06,0.0,nan
130,57,8.33150461189981e-06,0.0,nan
130,58,7.754131600054154e-06,0.0,nan
130,59,4.5856998102464094e-06,0.0,nan
130,60,6.733719347728133e-06,0.0,nan
130,61,4.049820922957789e-06,0.0,nan
130,62,5.1993370954046165e-06,0.0,nan
130,63,1.8152706539549087e-05,0.0,nan
130,64,2.4166759234122998e-05,0.0,nan
130,65,8.316849715960303e-06,0.0,nan
130,66,1.2672957604033074e-05,0.0,nan
130,67,6.037795000233249e-06,0.0,nan
130,68,1.0365242062193637e-05,0.0,nan
130,69,2.8470274865541747e-06,0.0,nan
130,70,1.224848769148685e-05,0.0,nan
130,71,2.0329739502333522e-05,0.0,nan
130,72,8.359806753309796e-06,0.0,nan
130,73,8.650848601114126e-06,0.0,nan
130,74,3.0478145845502426e-06,0.0,nan
130,75,5.185944557704668e-06,0.0,nan
130,76,7.19510349957425e-06,0.0,nan
130,77,3.945725257436876e-06,0.0,nan
130,78,7.469192911046096e-06,0.0,nan
130,79,1.0983240245465618e-05,0.0,nan
130,80,5.390848113614843e-06,0.0,nan
130,81,8.888078147961237e-06,0.0,nan
130,82,5.783410403194082e-06,0.0,nan
130,83,1.8508684279466405e-06,0.0,nan
130,84,6.2266369899096186e-06,0.0,nan
130,85,9.352159998100317e-06,0.0,nan
130,86,4.596425956747594e-06,0.0,nan
130,87,5.307630240779902e-06,0.0,nan
130,88,4.9512570108901936e-06,0.0,nan
130,89,4.6186957049145745e-06,0.0,nan
130,90,1.0541995280642596e-05,0.0,nan
130,91,3.119436865051484e-06,0.0,nan
130,92,9.121119937671915e-06,0.0,nan
130,93,1.1287603966434176e-05,0.0,nan
130,94,3.950145149985228e-06,0.0,nan
130,95,5.199752903243562e-06,0.0,nan
130,96,5.366175685286124e-06,0.0,nan
130,97,9.606723577593156e-06,0.0,nan
130,98,3.440491498653578e-06,0.0,nan
130,99,4.845730132273141e-06,0.0,nan
131,0,1.0572794973645245e-05,0.0,nan
131,1,2.256866895810588e-05,0.0,nan
131,2,4.916858149699691e-06,0.0,nan
131,3,1.6393112233797865e-05,0.0,nan
131,4,1.0457308491371312e-05,0.0,nan
131,5,1.0784977255111766e-05,0.0,nan
131,6,6.5677217753158575e-06,0.0,nan
131,7,2.0442124919471958e-05,0.0,nan
131,8,9.775684211553107e-06,0.0,nan
131,9,1.3285068165365412e-05,0.0,nan
131,10,6.92012047153944e-06,0.0,nan
131,11,0.16741133392268767,1.0,nan
131,12,2.2700479524557306e-05,0.0,nan
131,13,1.4906820562863713e-05,0.0,nan
131,14,6.481595479225658e-06,0.0,nan
131,15,5.308576018806197e-06,0.0,nan
131,16,1.2375634656734068e-05,0.0,nan
131,17,2.4919554264473222e-05,0.0,nan
131,18,8.524454576832199e-06,0.0,nan
131,19,1.1211144735053354e-05,0.0,nan
131,20,2.2876668693153342e-05,0.0,nan
131,21,0.10642505278334016,1.0,nan
131,22,1.4148990196333359e-05,0.0,nan
131,23,8.048056846649392e-06,0.0,nan
131,24,7.062961812515885e-06,0.0,nan
131,25,6.042815441318135e-06,0.0,nan
131,26,1.6853271856647036e-05,0.0,nan
131,27,0.1923076217776456,1.0,nan
131,28,5.821623012326835e-06,0.0,nan
131,29,6.6634772979603905e-06,0.0,nan
131,30,3.6377872831539117e-06,0.0,nan
131,31,4.103542342221841e-06,0.0,nan
131,32,6.553118304560652e-06,0.0,nan
131,33,1.9208357706889e-05,0.0,nan
131,34,8.19180185510071e-06,0.0,nan
131,35,1.6893089804082813e-05,0.0,nan
131,36,1.2537284239035583e-05,0.0,nan
131,37,5.886014254948366e-06,0.0,nan
131,38,1.163817316716105e-05,0.0,nan
131,39,1.5542806861282944e-05,0.0,nan
131,40,1.5356747204224147e-05,0.0,nan
131,41,1.892264437322948e-05,0.0,nan
131,42,7.277688824039261e-06,0.0,nan
131,43,8.4469674308913e-06,0.0,nan
131,44,1.2273574634034982e-05,0.0,nan
131,45,1.1380669595050257e-05,0.0,nan
131,46,1.3150138339607932e-05,0.0,nan
131,47,6.217584287775172e-06,0.0,nan
131,48,4.470203510373077e-06,0.0,nan
131,49,3.4543712886540775e-06,0.0,nan
131,50,6.469990517057111e-06,0.0,nan
131,51,1.616346117868182e-06,0.0,nan
131,52,1.0822455907049852e-05,0.0,nan
131,53,1.2461313990175484e-05,0.0,nan
131,54,4.182722485993241e-06,0.0,nan
131,55,2.096555591586811e-05,0.0,nan
131,56,3.2778640908342126e-06,0.0,nan
131,57,4.402425222405399e-06,0.0,nan
131,58,1.7117139879503453e-05,0.0,nan
131,59,9.555652412686008e-06,0.0,nan
131,60,1.0109746543806538e-05,0.0,nan
131,61,2.1640484791506793e-06,0.0,nan
131,62,2.232716411661365e-05,0.0,nan
131,63,2.2516323836562285e-05,0.0,nan
131,64,1.105837124889488e-05,0.0,nan
131,65,8.50458349190957e-06,0.0,nan
131,66,8.362110211441955e-06,0.0,nan
131,67,2.1220198992754475e-05,0.0,nan
131,68,7.399227955280403e-06,0.0,nan
131,69,1.1237437187068781e-05,0.0,nan
131,70,5.8980794576405626e-06,0.0,nan
131,71,1.2589570966010898e-05,0.0,nan
131,72,8.370432002746777e-06,0.0,nan
131,73,3.989168051363666e-06,0.0,nan
131,74,1.587146222052269e-05,0.0,nan
131,75,6.26276397628228e-06,0.0,nan
131,76,9.334559160911047e-06,0.0,nan
131,77,8.25746504305305e-06,0.0,nan
131,78,1.7555193896945795e-05,0.0,nan
131,79,7.6134556288345456e-06,0.0,nan
131,80,3.898698677895716e-06,0.0,nan
131,81,5.348680567314024e-06,0.0,nan
131,82,6.723875765212232e-06,0.0,nan
131,83,1.490862473134903e-05,0.0,nan
131,84,1.0093524453500386e-05,0.0,nan
131,85,1.5130130574952095e-05,0.0,nan
131,86,9.320470747747585e-06,0.0,nan
131,87,7.779626164082862e-06,0.0,nan
131,88,5.535540710288215e-06,0.0,nan
131,89,7.530730974630139e-06,0.0,nan
131,90,6.092208212944397e-06,0.0,nan
131,91,6.400912568955034e-06,0.0,nan
131,92,1.3049999489356854e-05,0.0,nan
131,93,8.263035319184957e-06,0.0,nan
131,94,1.3207327106868428e-05,0.0,nan
131,95,1.8168820997001685e-05,0.0,nan
131,96,1.416656808578648e-05,0.0,nan
131,97,5.556526128442188e-06,0.0,nan
131,98,1.6505314419714032e-05,0.0,nan
131,99,3.172517288223763e-06,0.0,nan
132,0,2.9968793220177557e-06,0.0,nan
132,1,6.95266030306242e-06,0.0,nan
132,2,1.277553290812923e-05,0.0,nan
132,3,1.5843243653332025e-05,0.0,nan
132,4,1.504937819555155e-05,0.0,nan
132,5,6.093354327463382e-06,0.0,nan
132,6,1.562490898507264e-06,0.0,nan
132,7,2.9168535487411868e-05,0.0,nan
132,8,1.1263234594815894e-05,0.0,nan
132,9,4.2317368811909576e-06,0.0,nan
132,10,7.322306204633243e-06,0.0,nan
132,11,0.2395341256895558,1.0,nan
132,12,5.09466474262521e-06,0.0,nan
132,13,1.0017507081030491e-05,0.0,nan
132,14,6.02026089981224e-06,0.0,nan
132,15,1.3126013459565029e-05,0.0,nan
132,16,4.438571311048201e-06,0.0,nan
132,17,3.069765706646699e-06,0.0,nan
132,18,7.234986999307915e-06,0.0,nan
132,19,8.659147386302938e-06,0.0,nan
132,20,5.621793628217487e-05,0.0,nan
132,21,0.2138009740456951,1.0,nan
132,22,6.614897322201106e-06,0.0,nan
132,23,3.6319791025032662e-06,0.0,nan
132,24,7.828574439801655e-06,0.0,nan
132,25,7.69062479947251e-06,0.0,nan
132,26,3.229807816744861e-06,0.0,nan
132,27,0.3213144023689254,1.0,nan
132,28,7.0797211420600275e-06,0.0,nan
132,29,1.038550854418541e-05,0.0,nan
132,30,3.687575900891235e-06,0.0,nan
132,31,5.338552160885461e-06,0.0,nan
132,32,5.965783302165363e-06,0.0,nan
132,33,6.456822497076927e-06,0.0,nan
132,34,8.73128960553683e-06,0.0,nan
132,35,4.054936280506251e-06,0.0,nan
132,36,4.3080345688076045e-06,0.0,nan
132,37,5.7982905744683134e-06,0.0,nan
132,38,8.091271587701778e-06,0.0,nan
132,39,2.0203278131192827e-05,0.0,nan
132,40,1.323667609678565e-05,0.0,nan
132,41,6.303544462860766e-06,0.0,nan
132,42,1.064313489932735e-05,0.0,nan
132,43,6.379264270001662e-06,0.0,nan
132,44,8.513833958952317e-06,0.0,nan
132,45,6.364405563506125e-06,0.0,nan
132,46,4.728197829113179e-06,0.0,nan
132,47,4.734899644624884e-06,0.0,nan
132,48,1.950838604480653e-06,0.0,nan
132,49,7.844549228326032e-06,0.0,nan
132,50,3.5884276549092975e-06,0.0,nan
132,51,4.762822988792557e-06,0.0,nan
132,52,9.710431283872651e-06,0.0,nan
132,53,2.979655206323408e-06,0.0,nan
132,54,1.429438526468325e-05,0.0,nan
132,55,8.798641024686934e-06,0.0,nan
132,56,5.543476465907152e-06,0.0,nan
132,57,5.0702755906614245e-06,0.0,nan
132,58,3.835500389403401e-06,0.0,nan
132,59,4.4673189463439076e-06,0.0,nan
132,60,1.1150259975814707e-05,0.0,nan
132,61,1.6015815825929248e-05,0.0,nan
132,62,3.6987293462293793e-06,0.0,nan
132,63,4.5173529737814105e-06,0.0,nan
132,64,2.368378130372566e-06,0.0,nan
132,65,8.383706340628654e-06,0.0,nan
132,66,8.704660707683097e-06,0.0,nan
132,67,6.816228864968337e-06,0.0,nan
132,68,7.090264625962393e-06,0.0,nan
132,69,1.3544929919025497e-05,0.0,nan
132,70,4.077137398846604e-06,0.0,nan
132,71,1.0964481563037733e-05,0.0,nan
132,72,6.784019798959569e-06,0.0,nan
132,73,4.206315136955209e-06,0.0,nan
132,74,9.726470598042295e-06,0.0,nan
132,75,3.3446161638047004e-06,0.0,nan
132,76,1.3726768744787263e-05,0.0,nan
132,77,1.4152569231873476e-05,0.0,nan
132,78,6.642373533094621e-06,0.0,nan
132,79,3.7953950179976677e-06,0.0,nan
132,80,1.1876257238658334e-05,0.0,nan
132,81,5.796893617605042e-06,0.0,nan
132,82,3.830358620663915e-06,0.0,nan
132,83,7.599527638322441e-06,0.0,nan
132,84,8.705180891917675e-06,0.0,nan
132,85,1.0207735150036025e-05,0.0,nan
132,86,1.2255456899546443e-05,0.0,nan
132,87,2.1107126220526797e-06,0.0,nan
132,88,1.0348329864242839e-05,0.0,nan
132,89,6.0574750762783315e-06,0.0,nan
132,90,9.447314158759868e-06,0.0,nan
132,91,1.6536975245219759e-06,0.0,nan
132,92,1.5276281706567105e-05,0.0,nan
132,93,2.1028606456029173e-05,0.0,nan
132,94,4.68650646594546e-06,0.0,nan
132,95,6.023704022736515e-06,0.0,nan
132,96,1.2073037402803024e-05,0.0,nan
132,97,4.283631480206999e-06,0.0,nan
132,98,6.8741506102502664e-06,0.0,nan
132,99,5.792263310744515e-06,0.0,nan
133,0,3.4918317747040246e-06,0.0,nan
133,1,9.6876468030807e-06,0.0,nan
133,2,7.343911247241615e-06,0.0,nan
133,3,4.6862893510471725e-06,0.0,nan
133,4,2.4041460412443213e-05,0.0,nan
133,5,6.685742255626228e-06,0.0,nan
133,6,1.0789461612444973e-05,0.0,nan
133,7,2.2074707537169792e-06,0.0,nan
133,8,3.087226306906344e-05,0.0,nan
133,9,2.6489877544670046e-06,0.0,nan
133,10,4.443438187708748e-06,0.0,nan
133,11,0.1538316501093089,1.0,nan
133,12,1.3675441264173884e-05,0.0,nan
133,13,1.0324765303555911e-05,0.0,nan
133,14,2.1260154533409496e-05,0.0,nan
133,15,6.092724235043237e-06,0.0,nan
133,16,3.228624294067145e-06,0.0,nan
133,17,1.6283862498587538e-05,0.0,nan
133,18,7.599980451341025e-06,0.0,nan
133,19,4.787365906068657e-06,0.0,nan
133,20,7.696594364786647e-06,0.0,nan
133,21,0.19146727785634754,1.0,nan
133,22,2.083184588308829e-05,0.0,nan
133,23,4.0808813670489255e-06,0.0,nan
133,24,8.269140985573324e-06,0.0,nan
133,25,9.67576902876645e-06,0.0,nan
133,26,1.7045546897338185e-06,0.0,nan
133,27,0.27833694532311365,1.0,nan
133,28,6.738021345123881e-06,0.0,nan
133,29,2.6718972787339306e-06,0.0,nan
133,30,1.647519027315458e-05,0.0,nan
133,31,1.2213512014501467e-05,0.0,nan
133,32,1.0024935008877014e-05,0.0,nan
133,33,1.5092800378276079e-05,0.0,nan
133,34,9.224975392097134e-06,0.0,nan
133,35,1.0842779094977494e-05,0.0,nan
133,36,2.092406384705779e-06,0.0,nan
133,37,5.5692610995739756e-06,0.0,nan
133,38,9.294604018316827e-06,0.0,nan
133,39,2.8462117348731507e-06,0.0,nan
133,40,1.0205952532513092e-05,0.0,nan
133,41,8.5748251400273e-06,0.0,nan
133,42,8.287828951853233e-06,0.0,nan
133,43,6.810066118108341e-06,0.0,nan
133,44,1.6440819530142098e-05,0.0,nan
133,45,9.175687499746198e-06,0.0,nan
133,46,6.0036063494020345e-06,0.0,nan
133,47,8.904879845434245e-06,0.0,nan
133,48,7.511932230860233e-06,0.0,nan
133,49,5.7812620657053395e-06,0.0,nan
133,50,9.844544214941926e-06,0.0,nan
133,51,2.1978901822348262e-05,0.0,nan
133,52,6.187682800706889e-06,0.0,nan
133,53,2.6802505766645074e-06,0.0,nan
133,54,3.1870013861802587e-05,0.0,nan
133,55,1.084345228907999e-05,0.0,nan
133,56,3.4756182000226973e-06,0.0,nan
133,57,4.5559170789616985e-06,0.0,nan
133,58,8.028674072675314e-06,0.0,nan
133,59,1.4350605316605859e-05,0.0,nan
133,60,1.0019306505669116e-05,0.0,nan
133,61,5.3352780288893955e-06,0.0,nan
133,62,5.334556538835182e-06,0.0,nan
133,63,1.2605335572476862e-05,0.0,nan
133,64,1.0780147649668542e-05,0.0,nan
133,65,5.503020347135125e-06,0.0,nan
133,66,2.0835036225806093e-05,0.0,nan
133,67,1.3877632371207949e-05,0.0,nan
133,68,8.859051356769478e-06,0.0,nan
133,69,4.693378745418638e-06,0.0,nan
133,70,3.020977643277258e-05,0.0,nan
133,71,2.946229006618367e-06,0.0,nan
133,72,1.2056317196459983e-06,0.0,nan
133,73,1.4561796335374273e-05,0.0,nan
133,74,4.609546910163372e-06,0.0,nan
133,75,1.0323110237343643e-05,0.0,nan
133,76,1.0323916081935013e-05,0.0,nan
133,77,3.933061829819626e-06,0.0,nan
133,78,9.922640779251272e-06,0.0,nan
133,79,1.4762124380998047e-05,0.0,nan
133,80,1.0782295407880537e-05,0.0,nan
133,81,1.143702196936281e-05,0.0,nan
133,82,1.507216844510253e-05,0.0,nan
133,83,8.386079700207299e-06,0.0,nan
133,84,1.3944244401741193e-05,0.0,nan
133,85,2.067793804277427e-06,0.0,nan
133,86,1.2644233418542054e-05,0.0,nan
133,87,6.615008653914757e-06,0.0,nan
133,88,1.6774989211633185e-05,0.0,nan
133,89,5.609901678907804e-06,0.0,nan
133,90,1.832928516426084e-05,0.0,nan
133,91,1.1564217027795823e-05,0.0,nan
133,92,2.2240322338276734e-05,0.0,nan
133,93,1.0300648720279124e-05,0.0,nan
133,94,8.37249572431163e-06,0.0,nan
133,95,3.219525012197298e-05,0.0,nan
133,96,5.5580085272474015e-06,0.0,nan
133,97,2.009797938845303e-05,0.0,nan
133,98,6.106684636054162e-06,0.0,nan
133,99,5.62845041548402e-06,0.0,nan
134,0,2.4819882478688317e-05,0.0,nan
134,1,1.2872066072320649e-05,0.0,nan
134,2,1.8563868791992414e-05,0.0,nan
134,3,2.8855368837300356e-05,0.0,nan
134,4,2.0333691606666234e-05,0.0,nan
134,5,5.5988410090644e-06,0.0,nan
134,6,2.2524377386632127e-05,0.0,nan
134,7,8.485735901473027e-06,0.0,nan
134,8,4.255403146445494e-05,0.0,nan
134,9,3.229640938518181e-05,0.0,nan
134,10,2.9707737946753595e-05,0.0,nan
134,11,0.17955128765784462,1.0,nan
134,12,9.830659410508079e-06,0.0,nan
134,13,1.181162085663975e-05,0.0,nan
134,14,1.137076068170408e-05,0.0,nan
134,15,1.5253405876624303e-05,0.0,nan
134,16,1.660544955670215e-05,0.0,nan
134,17,1.3426614605167105e-05,0.0,nan
134,18,3.865215512983037e-05,0.0,nan
134,19,2.7784026003994636e-05,0.0,nan
134,20,1.7907606593225085e-05,0.0,nan
134,21,0.14165950709754638,1.0,nan
134,22,5.960193216932568e-06,0.0,nan
134,23,1.689934651676039e-05,0.0,nan
134,24,7.209421209715237e-06,0.0,nan
134,25,9.219852290576633e-06,0.0,nan
134,26,1.2173629231027014e-05,0.0,nan
134,27,0.36423525692397707,1.0,nan
134,28,3.1858579309121526e-05,0.0,nan
134,29,2.2097699634914302e-05,0.0,nan
134,30,9.552295397340402e-06,0.0,nan
134,31,1.2145341362502477e-05,0.0,nan
134,32,1.0097347161112617e-05,0.0,nan
134,33,1.0102185400812466e-05,0.0,nan
134,34,1.9055231419836364e-05,0.0,nan
134,35,1.4369969891416017e-05,0.0,nan
134,36,9.351746299189645e-06,0.0,nan
134,37,1.989578200708164e-05,0.0,nan
134,38,1.6321698267659075e-05,0.0,nan
134,39,3.2879310152233955e-05,0.0,nan
134,40,1.4137854145722867e-05,0.0,nan
134,41,1.72558036268782e-05,0.0,nan
134,42,1.8991114164818155e-05,0.0,nan
134,43,1.3465422366616708e-05,0.0,nan
134,44,1.959625545408677e-06,0.0,nan
134,45,3.4871720978265376e-05,0.0,nan
134,46,1.9513881977076714e-05,0.0,nan
134,47,2.1614210578894254e-05,0.0,nan
134,48,2.320779008071048e-05,0.0,nan
134,49,1.284585746453501e-05,0.0,nan
134,50,3.8053388003486014e-06,0.0,nan
134,51,1.2040023206873306e-05,0.0,nan
134,52,1.862340248640819e-05,0.0,nan
134,53,2.8079283087179112e-05,0.0,nan
134,54,1.7640633302846156e-05,0.0,nan
134,55,4.367823466924836e-05,0.0,nan
134,56,1.348719647581953e-05,0.0,nan
134,57,1.1301960298512366e-05,0.0,nan
134,58,3.0847587605913876e-05,0.0,nan
134,59,6.180153785965569e-06,0.0,nan
134,60,1.805181157116437e-05,0.0,nan
134,61,1.2145132631400664e-05,0.0,nan
134,62,6.671121240792284e-06,0.0,nan
134,63,2.1990178393196575e-05,0.0,nan
134,64,1.4700806791872776e-05,0.0,nan
134,65,8.287717016755669e-06,0.0,nan
134,66,1.4865456341523049e-05,0.0,nan
134,67,1.4857824363727007e-05,0.0,nan
134,68,1.0463484121386247e-05,0.0,nan
134,69,1.853117792741904e-05,0.0,nan
134,70,2.0596879824958356e-05,0.0,nan
134,71,3.568487056534169e-05,0.0,nan
134,72,1.8768508730788887e-05,0.0,nan
134,73,1.64533225278279e-05,0.0,nan
134,74,1.0640576398115503e-05,0.0,nan
134,75,2.639073919423462e-05,0.0,nan
134,76,2.0038622462979795e-05,0.0,nan
134,77,2.076849707437974e-05,0.0,nan
134,78,6.360991775438876e-06,0.0,nan
134,79,9.602347728862196e-06,0.0,nan
134,80,8.034851493836425e-06,0.0,nan
134,81,2.1746710585630313e-05,0.0,nan
134,82,1.3844197156838688e-05,0.0,nan
134,83,1.901044328015226e-05,0.0,nan
134,84,2.032858671885386e-05,0.0,nan
134,85,4.925917234625028e-05,0.0,nan
134,86,1.7284414469149003e-05,0.0,nan
134,87,5.423988499251173e-06,0.0,nan
134,88,2.1569943842538007e-05,0.0,nan
134,89,9.426240537879476e-06,0.0,nan
134,90,1.725874609719533e-05,0.0,nan
134,91,7.900288458596379e-06,0.0,nan
134,92,1.8270783019070603e-05,0.0,nan
134,93,2.950048956559215e-05,0.0,nan
134,94,5.855954493628831e-06,0.0,nan
134,95,6.681994078782263e-05,0.0,nan
134,96,1.2778109861447026e-05,0.0,nan
134,97,2.775254452293133e-05,0.0,nan
134,98,4.713438632690745e-05,0.0,nan
134,99,2.5093467833211e-06,0.0,nan
135,0,1.0546640655742738e-05,0.0,nan
135,1,9.293762041246715e-06,0.0,nan
135,2,1.3285235219958073e-05,0.0,nan
135,3,1.1701564335251681e-05,0.0,nan
135,4,2.118071361434864e-05,0.0,nan
135,5,3.400522730599171e-06,0.0,nan
135,6,1.9113133249262872e-05,0.0,nan
135,7,6.001657973198281e-06,0.0,nan
135,8,1.9148211925332684e-05,0.0,nan
135,9,1.404369273600735e-05,0.0,nan
135,10,1.4103206253505957e-05,0.0,nan
135,11,0.15583950345135228,1.0,nan
135,12,8.63302403410013e-06,0.0,nan
135,13,4.1455802386871995e-05,0.0,nan
135,14,8.376281502000659e-06,0.0,nan
135,15,1.896255108540017e-05,0.0,nan
135,16,8.980981598143638e-06,0.0,nan
135,17,1.392817158395275e-05,0.0,nan
135,18,1.717581100122739e-05,0.0,nan
135,19,2.5409432411006883e-05,0.0,nan
135,20,5.666995154446071e-05,0.0,nan
135,21,0.2033040781791302,1.0,nan
135,22,2.7939431936469832e-05,0.0,nan
135,23,9.21508916668995e-06,0.0,nan
135,24,1.6107598122692047e-05,0.0,nan
135,25,1.303022330151158e-05,0.0,nan
135,26,2.775305632140971e-05,0.0,nan
135,27,0.1993454189227798,1.0,nan
135,28,7.991272730789187e-06,0.0,nan
135,29,1.2278365448077487e-05,0.0,nan
135,30,8.934566096880658e-06,0.0,nan
135,31,9.202797842431383e-06,0.0,nan
135,32,1.4265769041231634e-05,0.0,nan
135,33,1.5625678704401366e-05,0.0,nan
135,34,1.1100496180715918e-05,0.0,nan
135,35,1.6448919863357776e-05,0.0,nan
135,36,1.0213698036056508e-05,0.0,nan
135,37,2.3998908440139285e-05,0.0,nan
135,38,7.906207913717738e-05,0.0,nan
135,39,3.704685857935748e-05,0.0,nan
135,40,3.6248578730960414e-05,0.0,nan
135,41,1.98884543346655e-05,0.0,nan
135,42,1.033989640604438e-05,0.0,nan
135,43,1.6942097045783608e-05,0.0,nan
135,44,3.624911713047196e-05,0.0,nan
135,45,8.030635687484903e-06,0.0,nan
135,46,1.598757705508766e-05,0.0,nan
135,47,9.618477034244287e-06,0.0,nan
135,48,2.545133174427039e-05,0.0,nan
135,49,5.86501449298888e-06,0.0,nan
135,50,6.44006063456252e-06,0.0,nan
135,51,2.6991451641056866e-05,0.0,nan
135,52,2.0507397383737433e-05,0.0,nan
135,53,2.1446479805006603e-05,0.0,nan
135,54,1.9166913855840816e-05,0.0,nan
135,55,2.9705161600099507e-05,0.0,nan
135,56,2.5481589897785247e-06,0.0,nan
135,57,1.539746032666654e-05,0.0,nan
135,58,2.151095313318999e-05,0.0,nan
135,59,1.4048266147938803e-05,0.0,nan
135,60,1.5380129276996828e-05,0.0,nan
135,61,1.0277971799266164e-05,0.0,nan
135,62,9.327731343140921e-06,0.0,nan
135,63,1.0443166284277226e-05,0.0,nan
135,64,1.2688285529841783e-05,0.0,nan
135,65,2.5775717976295447e-06,0.0,nan
135,66,8.597440265286402e-06,0.0,nan
135,67,1.2768860024815302e-05,0.0,nan
135,68,5.569667541829897e-06,0.0,nan
135,69,6.776322166428283e-06,0.0,nan
135,70,9.390396109407097e-06,0.0,nan
135,71,8.666246037966159e-06,0.0,nan
135,72,1.2340922418953347e-05,0.0,nan
135,73,2.2429346077032542e-05,0.0,nan
135,74,5.1894257537189194e-05,0.0,nan
135,75,1.3957643234529067e-05,0.0,nan
135,76,1.1752012892418273e-05,0.0,nan
135,77,7.044655234031674e-06,0.0,nan
135,78,1.0219482555428406e-05,0.0,nan
135,79,1.4205085911478752e-05,0.0,nan
135,80,1.3094909893546881e-05,0.0,nan
135,81,1.5178651006635173e-05,0.0,nan
135,82,5.680852184154985e-06,0.0,nan
135,83,1.5117629334058808e-05,0.0,nan
135,84,7.267114016325937e-06,0.0,nan
135,85,2.3594352127114727e-05,0.0,nan
135,86,3.151698262847089e-05,0.0,nan
135,87,3.11877595376316e-05,0.0,nan
135,88,8.964112356695605e-06,0.0,nan
135,89,2.8555273129770808e-05,0.0,nan
135,90,1.6004237787293336e-05,0.0,nan
135,91,7.4659956319982005e-06,0.0,nan
135,92,1.0281242079632916e-05,0.0,nan
135,93,1.4216873722100243e-05,0.0,nan
135,94,2.019927065607112e-05,0.0,nan
135,95,5.867640729921188e-06,0.0,nan
135,96,1.7177901711899574e-05,0.0,nan
135,97,1.3080479259673582e-05,0.0,nan
135,98,2.3112149991541273e-05,0.0,nan
135,99,1.8104871267290443e-05,0.0,nan
136,0,2.1056993645386132e-05,0.0,nan
136,1,1.3485948708499306e-05,0.0,nan
136,2,6.878879367718078e-06,0.0,nan
136,3,7.573389542000302e-06,0.0,nan
136,4,6.916384329114591e-06,0.0,nan
136,5,2.0616255686013066e-05,0.0,nan
136,6,2.6073855852415528e-05,0.0,nan
136,7,1.364774055807152e-05,0.0,nan
136,8,4.179506704224879e-06,0.0,nan
136,9,7.162651984835465e-06,0.0,nan
136,10,1.5117939385178837e-05,0.0,nan
136,11,0.37395196076753406,1.0,nan
136,12,1.0720820278724854e-05,0.0,nan
136,13,4.5869258830424135e-06,0.0,nan
136,14,2.0749655429266976e-05,0.0,nan
136,15,1.5853187542176988e-05,0.0,nan
136,16,6.264322985545072e-06,0.0,nan
136,17,2.2369974438416823e-05,0.0,nan
136,18,5.977089829812375e-06,0.0,nan
136,19,2.448415611379246e-05,0.0,nan
136,20,6.309994057578117e-06,0.0,nan
136,21,0.1804083923339464,1.0,nan
136,22,2.0963969900796734e-05,0.0,nan
136,23,7.177051388394218e-06,0.0,nan
136,24,1.2866060836979767e-05,0.0,nan
136,25,1.1216411647247995e-05,0.0,nan
136,26,1.2434120039370333e-05,0.0,nan
136,27,0.2653880749132419,1.0,nan
136,28,3.4680387719583015e-05,0.0,nan
136,29,1.956474625336391e-05,0.0,nan
136,30,9.141895827447424e-06,0.0,nan
136,31,1.3702200798243508e-05,0.0,nan
136,32,1.5918798427606608e-05,0.0,nan
136,33,8.547953569235151e-06,0.0,nan
136,34,1.9631597877256826e-05,0.0,nan
136,35,4.139648357876244e-06,0.0,nan
136,36,7.13143405564274e-06,0.0,nan
136,37,2.5875692420988295e-05,0.0,nan
136,38,2.440970841459507e-05,0.0,nan
136,39,1.708264621994852e-05,0.0,nan
136,40,1.0800583734969502e-05,0.0,nan
136,41,2.432322698822161e-06,0.0,nan
136,42,1.9813276989601508e-05,0.0,nan
136,43,5.7161798493093395e-06,0.0,nan
136,44,1.2330876799449216e-05,0.0,nan
136,45,1.145022951389451e-05,0.0,nan
136,46,7.656444078141914e-06,0.0,nan
136,47,1.5161367650135432e-05,0.0,nan
136,48,4.241379691319013e-06,0.0,nan
136,49,3.4294359441419565e-06,0.0,nan
136,50,2.5076320068928716e-06,0.0,nan
136,51,1.090218297745882e-05,0.0,nan
136,52,1.578338776243799e-05,0.0,nan
136,53,9.058698600923807e-06,0.0,nan
136,54,1.5379467125727093e-05,0.0,nan
136,55,1.966603502740586e-05,0.0,nan
136,56,2.1735909507116377e-05,0.0,nan
136,57,1.3612786831064399e-05,0.0,nan
136,58,2.1625820594945066e-05,0.0,nan
136,59,9.633611771915723e-06,0.0,nan
136,60,1.07624629793242e-05,0.0,nan
136,61,3.0129216690901797e-05,0.0,nan
136,62,6.3662353889905374e-06,0.0,nan
136,63,6.6740323870337685e-06,0.0,nan
136,64,3.6081774633076853e-06,0.0,nan
136,65,3.828976138045088e-06,0.0,nan
136,66,1.9048463096677018e-05,0.0,nan
136,67,9.001473137337015e-06,0.0,nan
136,68,1.1658617542979924e-05,0.0,nan
136,69,7.5379452258501216e-06,0.0,nan
136,70,2.1475421119661414e-05,0.0,nan
136,71,4.60025717390958e-06,0.0,nan
136,72,1.1243556189748855e-05,0.0,nan
136,73,5.325975668475037e-06,0.0,nan
136,74,1.3437385801146327e-05,0.0,nan
136,75,1.1284845175331372e-05,0.0,nan
136,76,8.212607111722539e-06,0.0,nan
136,77,8.360131556163798e-06,0.0,nan
136,78,3.546010291217603e-05,0.0,nan
136,79,1.741668556642713e-05,0.0,nan
136,80,1.141670161961514e-05,0.0,nan
136,81,1.3429115344214003e-05,0.0,nan
136,82,6.185427531198658e-06,0.0,nan
136,83,9.734094492881793e-06,0.0,nan
136,84,1.2656606376930261e-05,0.0,nan
136,85,8.036323438525883e-06,0.0,nan
136,86,4.678840528249624e-06,0.0,nan
136,87,1.6656552926459783e-05,0.0,nan
136,88,1.13949610553059e-05,0.0,nan
136,89,9.414472790232354e-06,0.0,nan
136,90,1.4884842387913597e-05,0.0,nan
136,91,6.915022078694171e-06,0.0,nan
136,92,8.24013023571956e-06,0.0,nan
136,93,1.2182553165502529e-05,0.0,nan
136,94,4.786492381093469e-06,0.0,nan
136,95,3.680466544151645e-05,0.0,nan
136,96,2.029108753830868e-05,0.0,nan
136,97,1.9187864823543553e-05,0.0,nan
136,98,2.307951491101986e-05,0.0,nan
136,99,3.803298492243621e-06,0.0,nan
137,0,8.191172970735045e-06,0.0,nan
137,1,6.3091021515048386e-06,0.0,nan
137,2,1.477914620610045e-05,0.0,nan
137,3,3.5846427081799595e-05,0.0,nan
137,4,8.093661578520632e-06,0.0,nan
137,5,1.3815024303001046e-05,0.0,nan
137,6,1.1498477563048372e-05,0.0,nan
137,7,1.2346605479286976e-05,0.0,nan
137,8,7.793860263090945e-06,0.0,nan
137,9,2.5391693711478565e-06,0.0,nan
137,10,6.070461639033475e-06,0.0,nan
137,11,0.1853257914991765,1.0,nan
137,12,1.6440661633782652e-05,0.0,nan
137,13,1.3826046661442498e-05,0.0,nan
137,14,6.244548276166781e-06,0.0,nan
137,15,1.3464318236579787e-05,0.0,nan
137,16,2.281166554754471e-05,0.0,nan
137,17,1.0635457870063862e-05,0.0,nan
137,18,7.986302574363928e-06,0.0,nan
137,19,3.263209273725286e-05,0.0,nan
137,20,2.0356478620922148e-05,0.0,nan
137,21,0.10530774337458493,1.0,nan
137,22,1.5120590577310675e-05,0.0,nan
137,23,2.4640400353577894e-05,0.0,nan
137,24,1.0436051209685551e-05,0.0,nan
137,25,3.183333159927618e-06,0.0,nan
137,26,1.0658208096587878e-05,0.0,nan
137,27,0.3635800333085636,1.0,nan
137,28,2.308481156293345e-05,0.0,nan
137,29,1.0091452416177968e-05,0.0,nan
137,30,1.4345115637532325e-05,0.0,nan
137,31,1.5484846787429675e-05,0.0,nan
137,32,1.1057776410559731e-05,0.0,nan
137,33,3.5016187197291407e-06,0.0,nan
137,34,2.0044763308164156e-05,0.0,nan
137,35,1.4061571342399005e-05,0.0,nan
137,36,1.142587436185033e-05,0.0,nan
137,37,1.9579504662976305e-05,0.0,nan
137,38,4.0382514520436565e-06,0.0,nan
137,39,6.0938424377922304e-06,0.0,nan
137,40,8.067290453885098e-06,0.0,nan
137,41,5.401288793435983e-06,0.0,nan
137,42,8.20511758901398e-06,0.0,nan
137,43,1.0635935161826844e-05,0.0,nan
137,44,1.129647064247136e-05,0.0,nan
137,45,6.877914816727546e-06,0.0,nan
137,46,9.858805448101335e-06,0.0,nan
137,47,5.712804100566089e-06,0.0,nan
137,48,1.3900829580158903e-05,0.0,nan
137,49,6.988295415341496e-06,0.0,nan
137,50,6.276357865065492e-06,0.0,nan
137,51,1.0145416006360782e-05,0.0,nan
137,52,1.909069930543674e-05,0.0,nan
137,53,6.016109107523075e-06,0.0,nan
137,54,2.635990860757466e-05,0.0,nan
137,55,8.75202804271287e-06,0.0,nan
137,56,3.7591062813571908e-06,0.0,nan
137,57,5.714910659034799e-06,0.0,nan
137,58,7.134117452967138e-06,0.0,nan
137,59,2.453533842019314e-06,0.0,nan
137,60,9.419646582843391e-06,0.0,nan
137,61,1.079556243150021e-05,0.0,nan
137,62,1.5156264251050304e-05,0.0,nan
137,63,9.945814641873648e-06,0.0,nan
137,64,4.795555269551033e-06,0.0,nan
137,65,1.0761247168140555e-05,0.0,nan
137,66,8.773155035127613e-06,0.0,nan
137,67,1.3288545884701007e-05,0.0,nan
137,68,4.868391831672724e-06,0.0,nan
137,69,6.522402359667734e-06,0.0,nan
137,70,8.413067227641784e-06,0.0,nan
137,71,2.1823415540836983e-06,0.0,nan
137,72,1.2816084041806406e-05,0.0,nan
137,73,1.6411800649672594e-05,0.0,nan
137,74,5.2713678484077205e-06,0.0,nan
137,75,9.513113351129737e-06,0.0,nan
137,76,1.386446747585108e-05,0.0,nan
137,77,5.00572319022786e-06,0.0,nan
137,78,1.1813865823541979e-05,0.0,nan
137,79,6.045806058277964e-06,0.0,nan
137,80,1.9450718735249212e-05,0.0,nan
137,81,8.717278601610308e-06,0.0,nan
137,82,1.1774508225771945e-05,0.0,nan
137,83,1.0549481366038569e-05,0.0,nan
137,84,7.568527536575016e-06,0.0,nan
137,85,1.6664234157067313e-05,0.0,nan
137,86,1.1333088176494895e-05,0.0,nan
137,87,1.0760717832431617e-05,0.0,nan
137,88,1.1476821503342989e-05,0.0,nan
137,89,7.953849814232595e-06,0.0,nan
137,90,1.3384281821107842e-05,0.0,nan
137,91,1.1439841936921504e-05,0.0,nan
137,92,5.231592763283864e-06,0.0,nan
137,93,8.1404837677693e-06,0.0,nan
137,94,9.1378720301667e-06,0.0,nan
137,95,8.143387752115484e-06,0.0,nan
137,96,2.1265337732290167e-05,0.0,nan
137,97,5.307325720499929e-06,0.0,nan
137,98,1.584135506735435e-05,0.0,nan
137,99,7.718762301612689e-06,0.0,nan
138,0,4.0283030325311405e-06,0.0,nan
138,1,6.111406323130229e-06,0.0,nan
138,2,7.795719879672277e-06,0.0,nan
138,3,2.564096182431365e-05,0.0,nan
138,4,9.021050231564643e-06,0.0,nan
138,5,1.9712803968306077e-05,0.0,nan
138,6,3.2866530205957205e-06,0.0,nan
138,7,6.232603298399617e-06,0.0,nan
138,8,3.508983868950871e-06,0.0,nan
138,9,7.860762054498451e-06,0.0,nan
138,10,4.25913705221653e-06,0.0,nan
138,11,0.1893270235079605,1.0,nan
138,12,7.7164077428981e-06,0.0,nan
138,13,7.987124984817538e-06,0.0,nan
138,14,3.6328656677626257e-06,0.0,nan
138,15,9.625537481117339e-06,0.0,nan
138,16,1.0260919349181527e-05,0.0,nan
138,17,4.028982466817726e-06,0.0,nan
138,18,4.725131518306647e-06,0.0,nan
138,19,4.951452062290073e-06,0.0,nan
138,20,6.313754515218468e-06,0.0,nan
138,21,0.14069681523122157,1.0,nan
138,22,1.4426050858108625e-05,0.0,nan
138,23,1.5410681375350714e-05,0.0,nan
138,24,8.777189631795461e-06,0.0,nan
138,25,4.00419407981847e-06,0.0,nan
138,26,6.720345226472616e-06,0.0,nan
138,27,0.26310533754556065,1.0,nan
138,28,4.315582752446625e-06,0.0,nan
138,29,4.305771583841927e-06,0.0,nan
138,30,1.1946419026389723e-05,0.0,nan
138,31,6.649100023698861e-06,0.0,nan
138,32,6.859941939252871e-06,0.0,nan
138,33,6.041449273517082e-06,0.0,nan
138,34,8.044195038507466e-06,0.0,nan
138,35,1.2294318033637861e-05,0.0,nan
138,36,1.1413466667514274e-05,0.0,nan
138,37,2.8838414045960377e-06,0.0,nan
138,38,7.092681681871977e-06,0.0,nan
138,39,9.452015754708038e-06,0.0,nan
138,40,1.0499813577609837e-05,0.0,nan
138,41,7.148519029523181e-06,0.0,nan
138,42,1.2375255853159737e-05,0.0,nan
138,43,8.73573590987139e-06,0.0,nan
138,44,6.521570669801975e-06,0.0,nan
138,45,1.631460480246069e-05,0.0,nan
138,46,8.77534736647272e-06,0.0,nan
138,47,1.7146887897713207e-05,0.0,nan
138,48,7.251981360162625e-06,0.0,nan
138,49,1.4498767458576669e-05,0.0,nan
138,50,1.1187070942734212e-05,0.0,nan
138,51,6.935337791941871e-06,0.0,nan
138,52,1.4342862593716523e-05,0.0,nan
138,53,1.6997449400357583e-06,0.0,nan
138,54,1.1919202454064183e-05,0.0,nan
138,55,1.0456754379475242e-05,0.0,nan
138,56,1.8457138892863275e-05,0.0,nan
138,57,8.395892396094097e-06,0.0,nan
138,58,1.1490728725456455e-05,0.0,nan
138,59,8.389107853511147e-06,0.0,nan
138,60,1.4712537909671914e-05,0.0,nan
138,61,6.473284654475758e-06,0.0,nan
138,62,8.248722558496749e-06,0.0,nan
138,63,9.767034998433969e-06,0.0,nan
138,64,6.685952824767646e-06,0.0,nan
138,65,3.484132007789041e-06,0.0,nan
138,66,7.593817306322682e-06,0.0,nan
138,67,1.0363526096928929e-05,0.0,nan
138,68,3.847932635205255e-06,0.0,nan
138,69,1.98523619061284e-05,0.0,nan
138,70,7.95179591486196e-06,0.0,nan
138,71,1.795579195764718e-05,0.0,nan
138,72,1.941614506233714e-06,0.0,nan
138,73,1.8786007030967503e-05,0.0,nan
138,74,6.368571641199546e-06,0.0,nan
138,75,1.2321383978127703e-05,0.0,nan
138,76,1.9630827280172636e-05,0.0,nan
138,77,1.0741274661400846e-05,0.0,nan
138,78,7.405283243160654e-06,0.0,nan
138,79,1.944557512857937e-05,0.0,nan
138,80,7.2469879849996436e-06,0.0,nan
138,81,8.636286600812734e-06,0.0,nan
138,82,8.93652104549903e-06,0.0,nan
138,83,8.522066370397873e-06,0.0,nan
138,84,2.4864563148731177e-06,0.0,nan
138,85,5.308616514525167e-06,0.0,nan
138,86,1.4231963385880524e-05,0.0,nan
138,87,1.1849571412755482e-05,0.0,nan
138,88,7.852400100797207e-06,0.0,nan
138,89,1.0759350217079583e-05,0.0,nan
138,90,1.3494472403074629e-05,0.0,nan
138,91,6.301065487164969e-06,0.0,nan
138,92,6.17595819606472e-06,0.0,nan
138,93,2.1801140096163603e-05,0.0,nan
138,94,1.9907894305406845e-06,0.0,nan
138,95,1.173014234720244e-05,0.0,nan
138,96,5.390420765895514e-06,0.0,nan
138,97,7.66129682546213e-06,0.0,nan
138,98,1.499809282115077e-05,0.0,nan
138,99,1.1720977489815723e-05,0.0,nan
139,0,6.412253136662072e-06,0.0,nan
139,1,1.4855527661796893e-05,0.0,nan
139,2,1.4741620659585863e-05,0.0,nan
139,3,6.753575329372283e-06,0.0,nan
139,4,1.8553224853339985e-05,0.0,nan
139,5,7.117808209280322e-06,0.0,nan
139,6,1.2821440775439752e-05,0.0,nan
139,7,1.808485565916803e-05,0.0,nan
139,8,6.092946036201786e-06,0.0,nan
139,9,1.9172978010162976e-06,0.0,nan
139,10,1.9382229126267762e-05,0.0,nan
139,11,0.1734646018150663,1.0,nan
139,12,2.706785787723134e-05,0.0,nan
139,13,3.2729431253747935e-06,0.0,nan
139,14,8.990924391984647e-06,0.0,nan
139,15,2.466665694306245e-05,0.0,nan
139,16,7.5452625885469315e-06,0.0,nan
139,17,9.944751117099241e-06,0.0,nan
139,18,1.4527997591313152e-05,0.0,nan
139,19,6.316773192300413e-06,0.0,nan
139,20,1.547207004290186e-05,0.0,nan
139,21,0.2158926090522879,1.0,nan
139,22,1.4647595984648874e-05,0.0,nan
139,23,3.8134122573485635e-06,0.0,nan
139,24,1.4163422882269734e-05,0.0,nan
139,25,1.6901648132911096e-05,0.0,nan
139,26,2.0252221304557452e-05,0.0,nan
139,27,0.2358193823872187,1.0,nan
139,28,1.9555162067037855e-05,0.0,nan
139,29,1.124776530179617e-05,0.0,nan
139,30,8.225370735241445e-06,0.0,nan
139,31,7.1720748669809484e-06,0.0,nan
139,32,8.140460975866664e-06,0.0,nan
139,33,2.134178972505738e-05,0.0,nan
139,34,7.376949267484951e-06,0.0,nan
139,35,7.815191734030971e-06,0.0,nan
139,36,1.2120765742941545e-05,0.0,nan
139,37,1.155948990687755e-05,0.0,nan
139,38,8.771821370951724e-06,0.0,nan
139,39,3.4402303630943796e-06,0.0,nan
139,40,4.532205125450716e-06,0.0,nan
139,41,2.6393547152105824e-06,0.0,nan
139,42,5.406966371212311e-06,0.0,nan
139,43,1.8277536251937974e-05,0.0,nan
139,44,2.456170174313235e-05,0.0,nan
139,45,6.9995918848548626e-06,0.0,nan
139,46,1.2979591137221029e-05,0.0,nan
139,47,6.121846683648098e-06,0.0,nan
139,48,1.1519789881961975e-05,0.0,nan
139,49,8.577953869436277e-06,0.0,nan
139,50,6.294003380630629e-06,0.0,nan
139,51,1.389236463056196e-05,0.0,nan
139,52,6.864342165185937e-06,0.0,nan
139,53,8.877035682638832e-06,0.0,nan
139,54,6.848283592799678e-06,0.0,nan
139,55,1.311606525992901e-05,0.0,nan
139,56,3.806878294278313e-06,0.0,nan
139,57,1.9046778956611785e-05,0.0,nan
139,58,3.918470796445113e-06,0.0,nan
139,59,9.297695768492062e-06,0.0,nan
139,60,1.0130734264198346e-05,0.0,nan
139,61,4.1162349296489946e-06,0.0,nan
139,62,8.886816126938405e-06,0.0,nan
139,63,9.706595815219155e-06,0.0,nan
139,64,9.580549154330228e-06,0.0,nan
139,65,1.1194280497510056e-05,0.0,nan
139,66,1.8604670335172143e-05,0.0,nan
139,67,5.428112241640139e-06,0.0,nan
139,68,2.7409989873252873e-05,0.0,nan
139,69,8.133459993975148e-06,0.0,nan
139,70,8.62075583628962e-06,0.0,nan
139,71,1.523324741248858e-05,0.0,nan
139,72,1.3484854694819566e-05,0.0,nan
139,73,7.724454614775672e-06,0.0,nan
139,74,1.302163052434012e-05,0.0,nan
139,75,1.031890121441481e-05,0.0,nan
139,76,9.071187955728559e-06,0.0,nan
139,77,9.543279239710666e-06,0.0,nan
139,78,1.3722853745485903e-05,0.0,nan
139,79,7.676782861198755e-06,0.0,nan
139,80,9.402295334655605e-06,0.0,nan
139,81,5.368605086343071e-06,0.0,nan
139,82,8.618971167558535e-06,0.0,nan
139,83,5.503348425230973e-06,0.0,nan
139,84,1.6696352237880672e-05,0.0,nan
139,85,8.742205228345249e-06,0.0,nan
139,86,2.813196376516196e-05,0.0,nan
139,87,1.2350303106055228e-05,0.0,nan
139,88,1.195460564384915e-05,0.0,nan
139,89,5.387640513928855e-06,0.0,nan
139,90,8.23938433234644e-06,0.0,nan
139,91,8.310110666063908e-06,0.0,nan
139,92,7.422124429343964e-06,0.0,nan
139,93,8.817904005672253e-06,0.0,nan
139,94,1.0257699423557777e-05,0.0,nan
139,95,4.955027193020941e-06,0.0,nan
139,96,3.3272335094893915e-06,0.0,nan
139,97,9.794220892295776e-06,0.0,nan
139,98,1.2359423733532994e-05,0.0,nan
139,99,1.6395275565758656e-05,0.0,nan
140,0,1.2943933726869941e-05,0.0,nan
140,1,6.00326965858577e-06,0.0,nan
140,2,5.581528047219547e-06,0.0,nan
140,3,3.894042203783361e-06,0.0,nan
140,4,1.2200404509948946e-05,0.0,nan
140,5,1.1325443330114375e-05,0.0,nan
140,6,5.610448825892651e-06,0.0,nan
140,7,9.352682087470558e-06,0.0,nan
140,8,1.0177852218271334e-05,0.0,nan
140,9,6.478345517140549e-06,0.0,nan
140,10,5.379291383156277e-06,0.0,nan
140,11,0.15211016562957413,1.0,nan
140,12,3.122525744465943e-06,0.0,nan
140,13,1.1941721988733149e-05,0.0,nan
140,14,6.4077438758433014e-06,0.0,nan
140,15,1.266907329254256e-05,0.0,nan
140,16,1.6611569239132685e-05,0.0,nan
140,17,4.506781438419656e-06,0.0,nan
140,18,1.1539483119638956e-05,0.0,nan
140,19,1.1624544935543175e-05,0.0,nan
140,20,1.745898210032818e-05,0.0,nan
140,21,0.1828118821126876,1.0,nan
140,22,3.4095860771417647e-06,0.0,nan
140,23,5.141742839596008e-06,0.0,nan
140,24,8.921363738958819e-06,0.0,nan
140,25,7.1123683206896595e-06,0.0,nan
140,26,5.211405310622559e-06,0.0,nan
140,27,0.2991821201304796,1.0,nan
140,28,5.604424329627238e-06,0.0,nan
140,29,8.550830247544123e-06,0.0,nan
140,30,1.0535706488345971e-05,0.0,nan
140,31,7.418255943687743e-07,0.0,nan
140,32,8.838673392698244e-06,0.0,nan
140,33,8.426125603712214e-06,0.0,nan
140,34,1.004757688383045e-05,0.0,nan
140,35,1.9472717426227407e-05,0.0,nan
140,36,8.356595110862119e-06,0.0,nan
140,37,1.3754576646859468e-05,0.0,nan
140,38,1.1257641427629717e-05,0.0,nan
140,39,1.6903414914780922e-05,0.0,nan
140,40,1.4387866892393888e-05,0.0,nan
140,41,7.2808473012010214e-06,0.0,nan
140,42,7.646903198273516e-06,0.0,nan
140,43,4.395095530466208e-06,0.0,nan
140,44,3.927466790197387e-06,0.0,nan
140,45,7.85878394108074e-06,0.0,nan
140,46,1.1201318240260953e-05,0.0,nan
140,47,6.287451224687761e-06,0.0,nan
140,48,1.1813030502265786e-05,0.0,nan
140,49,6.733041088586197e-06,0.0,nan
140,50,9.23680021569268e-06,0.0,nan
140,51,7.842964739171234e-06,0.0,nan
140,52,1.3068288719053632e-05,0.0,nan
140,53,7.904616495756521e-06,0.0,nan
140,54,3.6399357002156754e-05,0.0,nan
140,55,5.0150611753747654e-06,0.0,nan
140,56,7.778477725853755e-06,0.0,nan
140,57,7.44530821920569e-06,0.0,nan
140,58,2.3666645825342505e-05,0.0,nan
140,59,1.1227567370534456e-05,0.0,nan
140,60,2.591825466068427e-06,0.0,nan
140,61,4.451256827383563e-06,0.0,nan
140,62,1.798824430728789e-05,0.0,nan
140,63,9.43993011974545e-06,0.0,nan
140,64,1.0513364862254048e-05,0.0,nan
140,65,7.836699426459501e-06,0.0,nan
140,66,3.118130141207693e-06,0.0,nan
140,67,2.788913902010913e-06,0.0,nan
140,68,5.057367122774261e-06,0.0,nan
140,69,4.647851789483006e-06,0.0,nan
140,70,4.613699429326896e-06,0.0,nan
140,71,9.9955725528464e-06,0.0,nan
140,72,9.513876636811489e-06,0.0,nan
140,73,6.116101122763111e-06,0.0,nan
140,74,1.0306019243769792e-05,0.0,nan
140,75,4.407523239547207e-06,0.0,nan
140,76,5.816915245770084e-06,0.0,nan
140,77,7.56812938642327e-06,0.0,nan
140,78,7.1224911273475636e-06,0.0,nan
140,79,3.3635768474279497e-06,0.0,nan
140,80,4.387584401305818e-06,0.0,nan
140,81,2.6563993294689684e-06,0.0,nan
140,82,6.623924423926888e-06,0.0,nan
140,83,4.334479262649321e-06,0.0,nan
140,84,1.208129810665717e-05,0.0,nan
140,85,4.811486809083038e-06,0.0,nan
140,86,4.9444751780311905e-06,0.0,nan
140,87,4.148636989149439e-06,0.0,nan
140,88,5.8425887893406416e-06,0.0,nan
140,89,8.416626667834472e-06,0.0,nan
140,90,1.7804569616599637e-05,0.0,nan
140,91,2.604060692816158e-05,0.0,nan
140,92,6.752230226411163e-06,0.0,nan
140,93,6.324685691284717e-06,0.0,nan
140,94,7.0251171268142896e-06,0.0,nan
140,95,1.1165462786536332e-05,0.0,nan
140,96,5.738822623413048e-06,0.0,nan
140,97,6.5951932932872705e-06,0.0,nan
140,98,1.0506100270860043e-05,0.0,nan
140,99,4.982942258993068e-06,0.0,nan
141,0,1.6333254934606077e-05,0.0,nan
141,1,1.9218755887285433e-06,0.0,nan
141,2,9.494589852377441e-06,0.0,nan
141,3,1.1212280871943115e-05,0.0,nan
141,4,4.252804968263266e-06,0.0,nan
141,5,6.921403831979811e-06,0.0,nan
141,6,8.052113559641046e-06,0.0,nan
141,7,1.1530461871081088e-05,0.0,nan
141,8,9.24549646431707e-06,0.0,nan
141,9,2.0556065661558016e-05,0.0,nan
141,10,1.1822958411864712e-05,0.0,nan
141,11,0.2524735761481942,1.0,nan
141,12,9.078894008736334e-06,0.0,nan
141,13,7.455831319702707e-06,0.0,nan
141,14,1.0130620429972493e-05,0.0,nan
141,15,1.1739805587351253e-05,0.0,nan
141,16,1.3426419855007064e-05,0.0,nan
141,17,2.313024647975908e-05,0.0,nan
141,18,3.0641470387834715e-05,0.0,nan
141,19,9.756704741691314e-06,0.0,nan
141,20,8.183529948190082e-06,0.0,nan
141,21,0.12526020345032035,1.0,nan
141,22,1.6051490629072887e-05,0.0,nan
141,23,1.3589297575763077e-05,0.0,nan
141,24,1.1790471667155652e-05,0.0,nan
141,25,8.33955460167277e-06,0.0,nan
141,26,4.563232270029154e-06,0.0,nan
141,27,0.18489036899969336,1.0,nan
141,28,1.2247520689513753e-05,0.0,nan
141,29,6.810702978222133e-06,0.0,nan
141,30,1.1321873307729794e-05,0.0,nan
141,31,1.2117973101501314e-05,0.0,nan
141,32,9.051511832134383e-06,0.0,nan
141,33,1.501923705851002e-05,0.0,nan
141,34,4.474501874345716e-06,0.0,nan
141,35,2.9288483499681703e-05,0.0,nan
141,36,8.856491713331657e-06,0.0,nan
141,37,5.335267942766787e-06,0.0,nan
141,38,7.530181801798321e-06,0.0,nan
141,39,1.7808872203656023e-05,0.0,nan
141,40,1.2289306333939478e-05,0.0,nan
141,41,5.545848359620104e-06,0.0,nan
141,42,8.16427208967783e-06,0.0,nan
141,43,1.459298959592633e-05,0.0,nan
141,44,9.667449028845903e-06,0.0,nan
141,45,1.0737592277319758e-05,0.0,nan
141,46,2.715358546302586e-05,0.0,nan
141,47,7.847991156120934e-06,0.0,nan
141,48,1.3165479119239242e-05,0.0,nan
141,49,2.084899832064939e-05,0.0,nan
141,50,6.477354816004817e-06,0.0,nan
141,51,1.2824228378679357e-05,0.0,nan
141,52,3.8751641115980334e-05,0.0,nan
141,53,4.233990418159722e-06,0.0,nan
141,54,1.8970491780147505e-05,0.0,nan
141,55,1.733859126393894e-05,0.0,nan
141,56,1.2814011570930967e-05,0.0,nan
141,57,9.03935871952101e-06,0.0,nan
141,58,9.255659971967354e-06,0.0,nan
141,59,7.4990766993965175e-06,0.0,nan
141,60,8.766484059934367e-06,0.0,nan
141,61,5.836902918934412e-06,0.0,nan
141,62,1.8863097318916535e-05,0.0,nan
141,63,7.066538428087968e-06,0.0,nan
141,64,7.770625085382224e-06,0.0,nan
141,65,7.235059309449113e-06,0.0,nan
141,66,3.3992516448225564e-05,0.0,nan
141,67,9.984233697953812e-06,0.0,nan
141,68,6.482255618460247e-06,0.0,nan
141,69,1.4461614431915528e-05,0.0,nan
141,70,1.2394573521860706e-05,0.0,nan
141,71,1.8449901757928646e-05,0.0,nan
141,72,9.994711815835265e-06,0.0,nan
141,73,1.0417495839499763e-05,0.0,nan
141,74,1.1984837549149593e-05,0.0,nan
141,75,2.2416447069565372e-05,0.0,nan
141,76,3.0750543936051394e-05,0.0,nan
141,77,7.63311871924921e-06,0.0,nan
141,78,1.4524314100818485e-05,0.0,nan
141,79,1.3825440471109057e-05,0.0,nan
141,80,5.087409138645264e-06,0.0,nan
141,81,2.0094073180693236e-05,0.0,nan
141,82,9.485698446131333e-06,0.0,nan
141,83,1.189507606762899e-05,0.0,nan
141,84,1.0420579099852312e-05,0.0,nan
141,85,2.01568312333766e-05,0.0,nan
141,86,1.8580768233437445e-05,0.0,nan
141,87,5.853016266235388e-06,0.0,nan
141,88,1.2703164309754811e-05,0.0,nan
141,89,1.3608241315433316e-05,0.0,nan
141,90,1.0347917229116418e-05,0.0,nan
141,91,1.3366990755981285e-05,0.0,nan
141,92,8.38470781629837e-06,0.0,nan
141,93,1.6464883344725404e-05,0.0,nan
141,94,4.639706104827888e-06,0.0,nan
141,95,2.0050755516275897e-05,0.0,nan
141,96,4.5537163494446335e-05,0.0,nan
141,97,3.774118877787421e-06,0.0,nan
141,98,1.8688193165833445e-05,0.0,nan
141,99,6.70808198586703e-06,0.0,nan
142,0,6.936797724146994e-06,0.0,nan
142,1,9.64687222599596e-06,0.0,nan
142,2,6.1614149305102515e-06,0.0,nan
142,3,9.006450771180309e-06,0.0,nan
142,4,9.600653308339804e-06,0.0,nan
142,5,2.494519722348713e-06,0.0,nan
142,6,4.456336239700687e-06,0.0,nan
142,7,9.999025319661903e-06,0.0,nan
142,8,6.0688944213748345e-06,0.0,nan
142,9,2.5476876088184418e-05,0.0,nan
142,10,1.0944625653392219e-05,0.0,nan
142,11,0.1726120194176725,1.0,nan
142,12,1.5349836403468202e-05,0.0,nan
142,13,9.419635819198384e-06,0.0,nan
142,14,1.0527288611342464e-05,0.0,nan
142,15,1.3446332354419959e-05,0.0,nan
142,16,4.430796904309172e-06,0.0,nan
142,17,6.494366994868561e-06,0.0,nan
142,18,1.1746567687428386e-05,0.0,nan
142,19,8.766393935195408e-06,0.0,nan
142,20,4.574703254099878e-05,0.0,nan
142,21,0.11213070750763365,1.0,nan
142,22,2.5988635202604033e-05,0.0,nan
142,23,1.1313740755513144e-05,0.0,nan
142,24,6.15619790187918e-06,0.0,nan
142,25,1.7220551340181112e-05,0.0,nan
142,26,1.1929358400614173e-05,0.0,nan
142,27,0.28069397287485154,1.0,nan
142,28,6.185814072712727e-05,0.0,nan
142,29,2.905772284429799e-06,0.0,nan
142,30,1.1788359666273833e-05,0.0,nan
142,31,1.4075335181721435e-05,0.0,nan
142,32,6.177684930169291e-06,0.0,nan
142,33,2.406536611382802e-06,0.0,nan
142,34,5.941234057012227e-06,0.0,nan
142,35,2.1164091081402568e-05,0.0,nan
142,36,1.2972125047948718e-05,0.0,nan
142,37,9.735027156932965e-06,0.0,nan
142,38,6.779856746599243e-06,0.0,nan
142,39,1.399518300261095e-05,0.0,nan
142,40,7.743727871043616e-06,0.0,nan
142,41,1.243071319885344e-05,0.0,nan
142,42,8.016446856344078e-06,0.0,nan
142,43,1.6339741480469984e-05,0.0,nan
142,44,9.338765965220447e-06,0.0,nan
142,45,4.096195310620173e-06,0.0,nan
142,46,4.976043534368245e-06,0.0,nan
142,47,4.0735019092172395e-06,0.0,nan
142,48,1.0410837576011281e-05,0.0,nan
142,49,1.3006841150712992e-05,0.0,nan
142,50,1.1011599862088313e-05,0.0,nan
142,51,1.1041743883834991e-05,0.0,nan
142,52,7.415174801525952e-06,0.0,nan
142,53,1.154869898424941e-05,0.0,nan
142,54,1.6120994662944408e-05,0.0,nan
142,55,6.3025811813935855e-06,0.0,nan
142,56,6.451290914820919e-06,0.0,nan
142,57,1.2177875075767987e-05,0.0,nan
142,58,1.6258271297456335e-05,0.0,nan
142,59,1.032128989257874e-05,0.0,nan
142,60,1.9153460145979596e-05,0.0,nan
142,61,1.1670873216228365e-05,0.0,nan
142,62,9.269465949922403e-06,0.0,nan
142,63,1.16539078170145e-05,0.0,nan
142,64,8.584818711679998e-06,0.0,nan
142,65,1.2053802155565995e-05,0.0,nan
142,66,2.2061337995213646e-05,0.0,nan
142,67,1.0527526524425353e-05,0.0,nan
142,68,1.0413964027826378e-05,0.0,nan
142,69,9.318968668536304e-06,0.0,nan
142,70,9.227717845588336e-06,0.0,nan
142,71,1.4154619823320042e-05,0.0,nan
142,72,4.096886950567479e-05,0.0,nan
142,73,1.1696202328147583e-05,0.0,nan
142,74,1.0440412642878243e-05,0.0,nan
142,75,1.3130353602199318e-05,0.0,nan
142,76,9.987124343059106e-06,0.0,nan
142,77,6.374857732473452e-06,0.0,nan
142,78,2.6030491618795677e-05,0.0,nan
142,79,7.5162019663401505e-06,0.0,nan
142,80,5.761759992132714e-06,0.0,nan
142,81,9.601545685048141e-06,0.0,nan
142,82,1.2682841287104766e-05,0.0,nan
142,83,8.787567120102076e-06,0.0,nan
142,84,1.4115789444082147e-05,0.0,nan
142,85,2.8253846500396404e-06,0.0,nan
142,86,1.2601023191033875e-05,0.0,nan
142,87,8.672505029740125e-06,0.0,nan
142,88,6.474919663913891e-06,0.0,nan
142,89,4.487131059815548e-06,0.0,nan
142,90,1.1651652371904023e-05,0.0,nan
142,91,1.0464295040578333e-05,0.0,nan
142,92,1.8027887216876144e-05,0.0,nan
142,93,1.5534151267068384e-05,0.0,nan
142,94,1.0923562379407325e-05,0.0,nan
142,95,1.950643809026644e-05,0.0,nan
142,96,6.0631289078603e-06,0.0,nan
142,97,1.433282425568204e-05,0.0,nan
142,98,1.8154878737733765e-05,0.0,nan
142,99,8.821372731586209e-06,0.0,nan
143,0,1.6019247896195728e-05,0.0,nan
143,1,8.378252743195086e-06,0.0,nan
143,2,4.684149373105781e-06,0.0,nan
143,3,8.626198406772238e-06,0.0,nan
143,4,1.0384260446422346e-05,0.0,nan
143,5,4.0368377953890546e-05,0.0,nan
143,6,7.61680297770973e-06,0.0,nan
143,7,3.824821740849016e-06,0.0,nan
143,8,6.5263771700234695e-06,0.0,nan
143,9,8.971859879660767e-06,0.0,nan
143,10,3.092768093015674e-06,0.0,nan
143,11,0.22563000786005333,1.0,nan
143,12,5.700436121450678e-06,0.0,nan
143,13,1.168956054809457e-05,0.0,nan
143,14,3.1504689515163304e-06,0.0,nan
143,15,1.4462807576614735e-05,0.0,nan
143,16,4.117333872903896e-06,0.0,nan
143,17,2.0286912032885876e-06,0.0,nan
143,18,1.1280380811701433e-05,0.0,nan
143,19,1.7187173186914327e-05,0.0,nan
143,20,8.96580589284348e-05,0.0,nan
143,21,0.1944017616700841,1.0,nan
143,22,7.031603384869307e-06,0.0,nan
143,23,6.910943585229112e-06,0.0,nan
143,24,1.0903978754201456e-05,0.0,nan
143,25,5.378051579652626e-06,0.0,nan
143,26,1.1267899634467507e-05,0.0,nan
143,27,0.402899274525392,1.0,nan
143,28,6.698455348355988e-06,0.0,nan
143,29,4.793827813410488e-06,0.0,nan
143,30,1.6853751381039273e-05,0.0,nan
143,31,5.989338391689356e-06,0.0,nan
143,32,1.1901862465970791e-05,0.0,nan
143,33,6.673393403537957e-06,0.0,nan
143,34,8.481188705355728e-06,0.0,nan
143,35,1.3777829376500688e-05,0.0,nan
143,36,1.1046923856047902e-05,0.0,nan
143,37,4.160176996331649e-06,0.0,nan
143,38,4.153714539765341e-06,0.0,nan
143,39,1.1843814146352411e-05,0.0,nan
143,40,2.8743265061210367e-06,0.0,nan
143,41,5.21867665013646e-06,0.0,nan
143,42,4.902551620240103e-06,0.0,nan
143,43,1.5634424729931198e-05,0.0,nan
143,44,5.145029850623916e-06,0.0,nan
143,45,9.25029101763479e-06,0.0,nan
143,46,1.5394353397998614e-05,0.0,nan
143,47,4.5375903062905195e-05,0.0,nan
143,48,1.0989286731214438e-05,0.0,nan
143,49,9.073182426661575e-06,0.0,nan
143,50,9.355631842515896e-06,0.0,nan
143,51,6.234226756544476e-06,0.0,nan
143,52,2.5134916017991507e-06,0.0,nan
143,53,3.0360090275305023e-06,0.0,nan
143,54,6.996261905257224e-06,0.0,nan
143,55,1.2117791326423511e-05,0.0,nan
143,56,7.910975890888838e-06,0.0,nan
143,57,1.3665524604000327e-05,0.0,nan
143,58,7.946486857940615e-06,0.0,nan
143,59,1.9770697606988488e-05,0.0,nan
143,60,1.4109933606356808e-05,0.0,nan
143,61,7.081365045402003e-06,0.0,nan
143,62,7.755365172588235e-06,0.0,nan
143,63,5.341391484324272e-06,0.0,nan
143,64,8.673292277593834e-06,0.0,nan
143,65,1.0077933740992436e-05,0.0,nan
143,66,9.929103356823894e-06,0.0,nan
143,67,8.761884808814859e-06,0.0,nan
143,68,6.795945778889477e-06,0.0,nan
143,69,8.162621599924247e-06,0.0,nan
143,70,8.402706564794013e-06,0.0,nan
143,71,7.0610747975426135e-06,0.0,nan
143,72,1.0414549346257318e-05,0.0,nan
143,73,6.096075521046064e-06,0.0,nan
143,74,1.950607530886818e-05,0.0,nan
143,75,5.995705400278278e-06,0.0,nan
143,76,1.2994710768893101e-05,0.0,nan
143,77,3.839732018404272e-06,0.0,nan
143,78,7.241987487551789e-06,0.0,nan
143,79,2.6073201561320713e-06,0.0,nan
143,80,1.1690559897080726e-06,0.0,nan
143,81,2.216372868818331e-05,0.0,nan
143,82,1.6782307584037345e-05,0.0,nan
143,83,5.134895236590277e-06,0.0,nan
143,84,3.203234975498807e-05,0.0,nan
143,85,2.129139980691496e-06,0.0,nan
143,86,1.6934118537289726e-05,0.0,nan
143,87,8.332415939655373e-06,0.0,nan
143,88,4.706647570240375e-06,0.0,nan
143,89,4.104149754735331e-06,0.0,nan
143,90,1.4846398710655064e-05,0.0,nan
143,91,3.116393216285558e-06,0.0,nan
143,92,5.205254740546701e-06,0.0,nan
143,93,9.312050707471618e-06,0.0,nan
143,94,3.5565124398212307e-06,0.0,nan
143,95,8.642762390412855e-06,0.0,nan
143,96,1.0422605445438172e-05,0.0,nan
143,97,6.0563618993340165e-06,0.0,nan
143,98,1.2976549443345648e-05,0.0,nan
143,99,5.576443454611961e-06,0.0,nan
144,0,1.4154755460080681e-05,0.0,nan
144,1,1.3389672282579016e-05,0.0,nan
144,2,4.8018994592580126e-06,0.0,nan
144,3,1.206601939199327e-05,0.0,nan
144,4,5.846617181690245e-06,0.0,nan
144,5,9.51762895190606e-06,0.0,nan
144,6,8.096533124279676e-06,0.0,nan
144,7,8.595632047443134e-06,0.0,nan
144,8,1.0471109415574666e-05,0.0,nan
144,9,1.4159692464130396e-05,0.0,nan
144,10,4.852841803689532e-06,0.0,nan
144,11,0.20867346872231513,1.0,nan
144,12,1.8077368869553442e-05,0.0,nan
144,13,1.603817155396897e-05,0.0,nan
144,14,8.212547500400636e-06,0.0,nan
144,15,1.1109246251691445e-05,0.0,nan
144,16,3.47602631528536e-06,0.0,nan
144,17,1.2662034913694767e-05,0.0,nan
144,18,3.4708129107225703e-06,0.0,nan
144,19,6.713312539152767e-06,0.0,nan
144,20,1.5533081298500452e-05,0.0,nan
144,21,0.12403547936972037,1.0,nan
144,22,2.8339087900493744e-06,0.0,nan
144,23,4.81034410813958e-06,0.0,nan
144,24,7.876019903169918e-06,0.0,nan
144,25,7.310273340346679e-06,0.0,nan
144,26,5.584591093861196e-06,0.0,nan
144,27,0.26965859218199645,1.0,nan
144,28,1.0512390519056783e-05,0.0,nan
144,29,1.488233535621309e-05,0.0,nan
144,30,5.206546041127918e-06,0.0,nan
144,31,6.628958082318137e-06,0.0,nan
144,32,7.11846353659009e-06,0.0,nan
144,33,4.910777655047349e-06,0.0,nan
144,34,1.0502576674610512e-05,0.0,nan
144,35,1.0193411086622468e-05,0.0,nan
144,36,6.495723972350859e-06,0.0,nan
144,37,6.905089907354792e-06,0.0,nan
144,38,2.0574877618069393e-05,0.0,nan
144,39,2.566996874328554e-06,0.0,nan
144,40,4.218363679664018e-06,0.0,nan
144,41,9.261793809293808e-06,0.0,nan
144,42,4.9497013289733145e-06,0.0,nan
144,43,4.6719331503739586e-06,0.0,nan
144,44,5.508126456513933e-06,0.0,nan
144,45,6.963063008372489e-06,0.0,nan
144,46,8.355806808487546e-06,0.0,nan
144,47,3.5931061814624256e-06,0.0,nan
144,48,7.788515720657439e-06,0.0,nan
144,49,1.4285905057465468e-05,0.0,nan
144,50,8.451701238688836e-06,0.0,nan
144,51,6.337865441338853e-06,0.0,nan
144,52,8.675371592697966e-06,0.0,nan
144,53,1.6086390254663178e-05,0.0,nan
144,54,3.768294177509311e-06,0.0,nan
144,55,3.661758073478112e-06,0.0,nan
144,56,1.981177380392394e-05,0.0,nan
144,57,6.842314646292595e-06,0.0,nan
144,58,5.208552946227043e-06,0.0,nan
144,59,1.1554125416431988e-05,0.0,nan
144,60,5.455958813464088e-06,0.0,nan
144,61,1.4734429288505827e-05,0.0,nan
144,62,1.7560633917285548e-05,0.0,nan
144,63,3.196740756437239e-06,0.0,nan
144,64,1.1417085519329632e-05,0.0,nan
144,65,5.007488598127445e-06,0.0,nan
144,66,4.136865937621297e-06,0.0,nan
144,67,6.56798263014835e-06,0.0,nan
144,68,3.100172334332382e-06,0.0,nan
144,69,7.2585230780259685e-06,0.0,nan
144,70,8.37320772435829e-06,0.0,nan
144,71,4.459889446935335e-06,0.0,nan
144,72,1.1504656815322363e-05,0.0,nan
144,73,1.206211823723038e-05,0.0,nan
144,74,5.029811970949641e-06,0.0,nan
144,75,1.0504442663636784e-05,0.0,nan
144,76,5.482829879514781e-06,0.0,nan
144,77,1.5422279489233944e-05,0.0,nan
144,78,4.5306740277272655e-06,0.0,nan
144,79,5.900644260552045e-06,0.0,nan
144,80,8.704540115051659e-06,0.0,nan
144,81,5.746174954502746e-06,0.0,nan
144,82,8.833914418567055e-06,0.0,nan
144,83,1.34665024153558e-05,0.0,nan
144,84,6.452607705709687e-06,0.0,nan
144,85,1.086144143262701e-05,0.0,nan
144,86,5.558644671644491e-06,0.0,nan
144,87,1.0803076807005988e-05,0.0,nan
144,88,1.4777902215259053e-05,0.0,nan
144,89,9.205347967761471e-06,0.0,nan
144,90,1.4019039332878085e-06,0.0,nan
144,91,5.917511764582979e-06,0.0,nan
144,92,8.966721088075503e-06,0.0,nan
144,93,4.679390980059251e-06,0.0,nan
144,94,5.917376254438763e-06,0.0,nan
144,95,2.7871419577756217e-06,0.0,nan
144,96,3.3978594943379487e-06,0.0,nan
144,97,1.5764411617086133e-05,0.0,nan
144,98,5.2437590790172845e-06,0.0,nan
144,99,1.1454436844971454e-05,0.0,nan
145,0,1.9415317619017736e-06,0.0,nan
145,1,1.3949669043885094e-05,0.0,nan
145,2,9.147370720788092e-06,0.0,nan
145,3,6.375990937250131e-06,0.0,nan
145,4,6.471318782692366e-06,0.0,nan
145,5,3.5291469851830805e-06,0.0,nan
145,6,1.140552719666435e-05,0.0,nan
145,7,1.4283280903065255e-05,0.0,nan
145,8,1.2327224105415907e-05,0.0,nan
145,9,9.064662811328561e-06,0.0,nan
145,10,6.5425535135807996e-06,0.0,nan
145,11,0.12082118318186172,1.0,nan
145,12,6.081516663755145e-06,0.0,nan
145,13,3.623865421049319e-06,0.0,nan
145,14,7.910720635715252e-06,0.0,nan
145,15,1.1140378947723666e-05,0.0,nan
145,16,1.1374685001095075e-05,0.0,nan
145,17,6.6776909529628035e-06,0.0,nan
145,18,7.646668393707461e-06,0.0,nan
145,19,1.3557304605204984e-05,0.0,nan
145,20,1.4244634487857881e-05,0.0,nan
145,21,1.2799923744173387,1.0,nan
145,22,2.4145879219283357e-05,0.0,nan
145,23,8.076157360065115e-06,0.0,nan
145,24,1.4595085819476032e-05,0.0,nan
145,25,6.929441763988386e-06,0.0,nan
145,26,1.3953365525674412e-05,0.0,nan
145,27,1.0391613121115833e-05,0.0,nan
145,28,9.07991148359415e-06,0.0,nan
145,29,1.0650694394183299e-05,0.0,nan
145,30,1.0734186262639931e-05,0.0,nan
145,31,1.0259450905181998e-05,0.0,nan
145,32,1.9176660159452725e-05,0.0,nan
145,33,1.0750003182931566e-05,0.0,nan
145,34,8.97970372830648e-06,0.0,nan
145,35,1.1140388651153208e-05,0.0,nan
145,36,1.3608591647813867e-05,0.0,nan
145,37,5.147683931223162e-06,0.0,nan
145,38,6.789188483070593e-06,0.0,nan
145,39,5.146449440812269e-06,0.0,nan
145,40,1.6991644709963083e-05,0.0,nan
145,41,7.317930614369806e-06,0.0,nan
145,42,4.3639856942435805e-06,0.0,nan
145,43,9.457931905977043e-06,0.0,nan
145,44,2.6052947907816124e-05,0.0,nan
145,45,1.0376173075801046e-05,0.0,nan
145,46,7.1016211265112256e-06,0.0,nan
145,47,2.2675428294461354e-05,0.0,nan
145,48,5.043278018865593e-06,0.0,nan
145,49,3.7592827058487812e-06,0.0,nan
145,50,7.5004605917237535e-06,0.0,nan
145,51,1.3552242622326545e-05,0.0,nan
145,52,1.3361717630891912e-05,0.0,nan
145,53,8.834425232781427e-06,0.0,nan
145,54,1.298978116925537e-05,0.0,nan
145,55,1.70317875987793e-05,0.0,nan
145,56,7.682844892580376e-06,0.0,nan
145,57,7.686720746649372e-06,0.0,nan
145,58,5.721242359440027e-06,0.0,nan
145,59,1.832787952211195e-05,0.0,nan
145,60,3.100337427368899e-05,0.0,nan
145,61,1.7015190455645116e-05,0.0,nan
145,62,5.982436964301054e-06,0.0,nan
145,63,1.1941397316167938e-05,0.0,nan
145,64,1.7223224506587367e-05,0.0,nan
145,65,2.6232532576156745e-06,0.0,nan
145,66,1.4267079610921285e-05,0.0,nan
145,67,2.9734007247395003e-06,0.0,nan
145,68,5.70994018014475e-06,0.0,nan
145,69,1.8761739103580563e-05,0.0,nan
145,70,1.4029276158197461e-05,0.0,nan
145,71,4.598105219831905e-05,0.0,nan
145,72,1.3322518649142147e-05,0.0,nan
145,73,2.8030770166532865e-05,0.0,nan
145,74,1.9974855038649694e-05,0.0,nan
145,75,4.543217860089556e-06,0.0,nan
145,76,1.0711540623173737e-05,0.0,nan
145,77,1.0208423024737414e-05,0.0,nan
145,78,1.886079360823017e-05,0.0,nan
145,79,8.743311022694311e-06,0.0,nan
145,80,1.437878743799431e-05,0.0,nan
145,81,5.804804548343499e-06,0.0,nan
145,82,5.696953844546521e-06,0.0,nan
145,83,1.1595187371303613e-05,0.0,nan
145,84,9.180154342140065e-06,0.0,nan
145,85,1.1393014195715872e-05,0.0,nan
145,86,4.929456321293791e-05,0.0,nan
145,87,3.784207908394644e-06,0.0,nan
145,88,9.037279790375701e-06,0.0,nan
145,89,2.0177578006349787e-05,0.0,nan
145,90,6.465930770816386e-06,0.0,nan
145,91,1.0786358215166308e-05,0.0,nan
145,92,1.585994732230525e-05,0.0,nan
145,93,1.0793993523690625e-05,0.0,nan
145,94,6.46059652192596e-06,0.0,nan
145,95,5.151351264209397e-06,0.0,nan
145,96,4.693775847488549e-06,0.0,nan
145,97,7.946692853117193e-06,0.0,nan
145,98,1.617131652021217e-05,0.0,nan
145,99,1.683543079171111e-05,0.0,nan
146,0,9.361554883054717e-06,0.0,nan
146,1,6.290759603946962e-06,0.0,nan
146,2,1.1090573186848168e-05,0.0,nan
146,3,8.081916692371482e-06,0.0,nan
146,4,1.3833386412619575e-05,0.0,nan
146,5,6.101809805851971e-06,0.0,nan
146,6,4.562039597263955e-06,0.0,nan
146,7,6.566627626313762e-06,0.0,nan
146,8,7.680285510177945e-06,0.0,nan
146,9,1.060344530832921e-05,0.0,nan
146,10,7.5264293792255475e-06,0.0,nan
146,11,0.20160668220242944,1.0,nan
146,12,3.643437107956294e-06,0.0,nan
146,13,6.244582708097629e-06,0.0,nan
146,14,6.490830482461973e-06,0.0,nan
146,15,1.1006186606162627e-05,0.0,nan
146,16,6.846365640193653e-06,0.0,nan
146,17,5.746259709889578e-06,0.0,nan
146,18,6.216962856664572e-06,0.0,nan
146,19,1.1084547547083887e-05,0.0,nan
146,20,9.94964191630843e-06,0.0,nan
146,21,0.21602051489700055,1.0,nan
146,22,3.618958097843413e-06,0.0,nan
146,23,6.195052500405638e-06,0.0,nan
146,24,3.930059866244991e-06,0.0,nan
146,25,1.8590172881938464e-05,0.0,nan
146,26,1.0421091224318661e-05,0.0,nan
146,27,0.21751362880188874,1.0,nan
146,28,7.773254092723895e-06,0.0,nan
146,29,1.0755520033186536e-05,0.0,nan
146,30,2.193295307999854e-06,0.0,nan
146,31,4.3413917640834554e-06,0.0,nan
146,32,3.691755921047154e-06,0.0,nan
146,33,1.0327922210092787e-05,0.0,nan
146,34,8.790811801414301e-06,0.0,nan
146,35,7.901877626062265e-06,0.0,nan
146,36,1.889246565645296e-05,0.0,nan
146,37,1.2293923735062665e-06,0.0,nan
146,38,4.8415773635877745e-06,0.0,nan
146,39,7.262728586433863e-06,0.0,nan
146,40,1.0716645143059265e-05,0.0,nan
146,41,2.1611742667401325e-06,0.0,nan
146,42,5.8709005641373836e-06,0.0,nan
146,43,9.76146874219462e-06,0.0,nan
146,44,1.3879638927521583e-05,0.0,nan
146,45,4.87665837463898e-06,0.0,nan
146,46,4.383304596293665e-06,0.0,nan
146,47,1.4055743578826479e-05,0.0,nan
146,48,9.753426112643483e-06,0.0,nan
146,49,3.8228132875298205e-06,0.0,nan
146,50,4.427369311074491e-06,0.0,nan
146,51,6.111621338752007e-06,0.0,nan
146,52,4.362384960741483e-06,0.0,nan
146,53,8.919240094894175e-06,0.0,nan
146,54,8.940322208609981e-06,0.0,nan
146,55,5.735147316454298e-06,0.0,nan
146,56,4.413695621287916e-06,0.0,nan
146,57,4.233509500176805e-06,0.0,nan
146,58,1.353943290247259e-05,0.0,nan
146,59,3.7769537559507505e-06,0.0,nan
146,60,5.828055503067116e-06,0.0,nan
146,61,7.028917682456157e-06,0.0,nan
146,62,8.905699889374943e-06,0.0,nan
146,63,4.717731164398775e-06,0.0,nan
146,64,1.671949102740413e-05,0.0,nan
146,65,7.182339074720201e-06,0.0,nan
146,66,1.3431956462365147e-06,0.0,nan
146,67,1.0854395107331743e-05,0.0,nan
146,68,9.91524184193686e-06,0.0,nan
146,69,5.440086686617817e-06,0.0,nan
146,70,5.920387732036186e-06,0.0,nan
146,71,1.0952874563929188e-05,0.0,nan
146,72,5.1850994654500055e-06,0.0,nan
146,73,2.5944315425263873e-06,0.0,nan
146,74,1.1717957508660755e-05,0.0,nan
146,75,7.422547677465202e-06,0.0,nan
146,76,6.264028021303102e-06,0.0,nan
146,77,1.4822191657763697e-05,0.0,nan
146,78,3.81909753093556e-06,0.0,nan
146,79,9.031088141634337e-06,0.0,nan
146,80,4.197061570776068e-06,0.0,nan
146,81,1.1146194040305485e-05,0.0,nan
146,82,6.232009308827336e-06,0.0,nan
146,83,1.5138421820792327e-05,0.0,nan
146,84,1.1777857101507448e-05,0.0,nan
146,85,4.175454242310417e-06,0.0,nan
146,86,1.260327433096691e-05,0.0,nan
146,87,6.4009348979035655e-06,0.0,nan
146,88,2.02427590108885e-05,0.0,nan
146,89,7.318926406423098e-06,0.0,nan
146,90,6.351659018349002e-06,0.0,nan
146,91,5.9245240817715185e-06,0.0,nan
146,92,9.661129167191131e-06,0.0,nan
146,93,5.755716225579993e-06,0.0,nan
146,94,3.470019611981281e-06,0.0,nan
146,95,8.11316741207618e-06,0.0,nan
146,96,1.0508448027825763e-06,0.0,nan
146,97,8.259823650834782e-06,0.0,nan
146,98,1.547587785793829e-05,0.0,nan
146,99,8.67115011531964e-06,0.0,nan
147,0,3.0404846615442145e-06,0.0,nan
147,1,5.270556789048329e-06,0.0,nan
147,2,1.4376023362770224e-05,0.0,nan
147,3,5.084278263318035e-06,0.0,nan
147,4,7.671425166381173e-06,0.0,nan
147,5,1.5463841281957573e-06,0.0,nan
147,6,5.3827565425428935e-06,0.0,nan
147,7,1.4736986777181187e-06,0.0,nan
147,8,8.429218721363976e-06,0.0,nan
147,9,4.643525867152803e-06,0.0,nan
147,10,5.567374175917148e-06,0.0,nan
147,11,0.18373925488911608,1.0,nan
147,12,6.965510923928738e-06,0.0,nan
147,13,7.669706374003739e-06,0.0,nan
147,14,1.929770517133133e-06,0.0,nan
147,15,7.076367448141057e-06,0.0,nan
147,16,3.2502905256017367e-06,0.0,nan
147,17,8.138330042499399e-06,0.0,nan
147,18,2.3144647022195472e-06,0.0,nan
147,19,1.6720446040205146e-06,0.0,nan
147,20,1.2991816030858556e-05,0.0,nan
147,21,0.2549958033424824,1.0,nan
147,22,6.424052271057415e-06,0.0,nan
147,23,3.997331706753832e-06,0.0,nan
147,24,3.6680174148410403e-06,0.0,nan
147,25,2.252215749791812e-06,0.0,nan
147,26,6.23075047695795e-06,0.0,nan
147,27,0.21138317645828633,1.0,nan
147,28,5.499870379159505e-06,0.0,nan
147,29,1.0666181092589081e-05,0.0,nan
147,30,3.2047287490303255e-06,0.0,nan
147,31,5.654695871661669e-06,0.0,nan
147,32,6.1146607467138275e-06,0.0,nan
147,33,6.3357462689290705e-06,0.0,nan
147,34,2.8756035227493657e-06,0.0,nan
147,35,6.912126367316734e-06,0.0,nan
147,36,2.8532832575796043e-06,0.0,nan
147,37,7.968728575950022e-06,0.0,nan
147,38,1.9194249661157648e-06,0.0,nan
147,39,4.765520567873053e-06,0.0,nan
147,40,1.978749368764863e-06,0.0,nan
147,41,5.487663144952522e-06,0.0,nan
147,42,3.769584575130845e-06,0.0,nan
147,43,2.8326082974003634e-06,0.0,nan
147,44,5.868227960578963e-06,0.0,nan
147,45,7.099200786910071e-06,0.0,nan
147,46,4.6247559950564995e-06,0.0,nan
147,47,8.999475032174012e-06,0.0,nan
147,48,6.191001631554591e-06,0.0,nan
147,49,6.938848818465845e-06,0.0,nan
147,50,4.619884086175942e-06,0.0,nan
147,51,4.92387182426941e-06,0.0,nan
147,52,4.014189962736421e-06,0.0,nan
147,53,4.230070879473996e-06,0.0,nan
147,54,4.812708740332335e-06,0.0,nan
147,55,7.02907267725181e-06,0.0,nan
147,56,9.538591783122315e-06,0.0,nan
147,57,6.789381478604031e-06,0.0,nan
147,58,2.0474978610733363e-05,0.0,nan
147,59,1.0682556802240652e-05,0.0,nan
147,60,5.9295399832285155e-06,0.0,nan
147,61,3.794365752405224e-06,0.0,nan
147,62,5.027926822004797e-06,0.0,nan
147,63,3.7163027671173504e-06,0.0,nan
147,64,7.707861287707115e-06,0.0,nan
147,65,2.0102100855000547e-06,0.0,nan
147,66,1.4746701814670055e-05,0.0,nan
147,67,1.4163623414640274e-05,0.0,nan
147,68,1.3159158640301594e-06,0.0,nan
147,69,4.504396654349921e-06,0.0,nan
147,70,5.5764765115201264e-06,0.0,nan
147,71,6.144564448496045e-06,0.0,nan
147,72,1.993831444977662e-06,0.0,nan
147,73,4.131387834494095e-06,0.0,nan
147,74,6.576281146730125e-06,0.0,nan
147,75,5.539483183241504e-06,0.0,nan
147,76,3.0606165206937765e-06,0.0,nan
147,77,3.0123603580509276e-06,0.0,nan
147,78,1.0718364036302316e-05,0.0,nan
147,79,8.841050073006106e-06,0.0,nan
147,80,3.836013139761197e-06,0.0,nan
147,81,7.4793403085266705e-06,0.0,nan
147,82,9.926433953578691e-06,0.0,nan
147,83,5.726180352735785e-06,0.0,nan
147,84,4.177681171742964e-06,0.0,nan
147,85,1.1999605886883824e-05,0.0,nan
147,86,7.578975670029421e-06,0.0,nan
147,87,4.180050409087117e-06,0.0,nan
147,88,2.3871609298503726e-06,0.0,nan
147,89,6.776373393535452e-06,0.0,nan
147,90,3.2904954860841117e-06,0.0,nan
147,91,3.783325624726411e-06,0.0,nan
147,92,2.3263326628087464e-06,0.0,nan
147,93,6.8841711334228984e-06,0.0,nan
147,94,1.9065333938985035e-06,0.0,nan
147,95,2.341582489698886e-06,0.0,nan
147,96,6.560826519990124e-06,0.0,nan
147,97,4.026257422548035e-06,0.0,nan
147,98,1.1758905632907218e-05,0.0,nan
147,99,3.7237079083257273e-06,0.0,nan
148,0,7.458252457421117e-06,0.0,nan
148,1,1.1346291251570146e-05,0.0,nan
148,2,1.2019122123772772e-05,0.0,nan
148,3,8.730901470889896e-06,0.0,nan
148,4,7.450897734141354e-06,0.0,nan
148,5,1.2894920534266091e-05,0.0,nan
148,6,9.180678571959687e-06,0.0,nan
148,7,1.0560790467572434e-05,0.0,nan
148,8,2.2426708477200821e-07,0.0,nan
148,9,1.0591167358157484e-05,0.0,nan
148,10,1.3866427109996732e-05,0.0,nan
148,11,0.24329085242732576,1.0,nan
148,12,2.3450665580116863e-05,0.0,nan
148,13,1.9784262888687414e-05,0.0,nan
148,14,2.0085870040876172e-05,0.0,nan
148,15,1.7039494252577455e-05,0.0,nan
148,16,8.279619422198544e-06,0.0,nan
148,17,2.833151322826972e-05,0.0,nan
148,18,1.1984199891124068e-05,0.0,nan
148,19,1.590161090868485e-05,0.0,nan
148,20,1.9093603701941222e-05,0.0,nan
148,21,0.14133603563934571,1.0,nan
148,22,1.7912848087991172e-05,0.0,nan
148,23,2.3648471275149677e-05,0.0,nan
148,24,1.5314289391021657e-05,0.0,nan
148,25,7.2371044971988006e-06,0.0,nan
148,26,6.5568363304931484e-06,0.0,nan
148,27,0.31361154903086047,1.0,nan
148,28,1.8420672889726838e-05,0.0,nan
148,29,1.291877200478833e-05,0.0,nan
148,30,5.95119349426427e-06,0.0,nan
148,31,8.542966585021597e-06,0.0,nan
148,32,1.7314930531785534e-05,0.0,nan
148,33,3.5154674194076966e-06,0.0,nan
148,34,2.2441388327429987e-05,0.0,nan
148,35,7.474745973233853e-06,0.0,nan
148,36,3.263040108708224e-06,0.0,nan
148,37,2.1246615558174087e-05,0.0,nan
148,38,8.464325904641716e-06,0.0,nan
148,39,8.416134935257089e-06,0.0,nan
148,40,7.213243385426949e-06,0.0,nan
148,41,5.911117121964899e-06,0.0,nan
148,42,8.260742120822208e-06,0.0,nan
148,43,8.249126375044027e-06,0.0,nan
148,44,3.2713938927190285e-06,0.0,nan
148,45,9.273738179519343e-06,0.0,nan
148,46,5.452910333434163e-06,0.0,nan
148,47,1.0101962814469469e-05,0.0,nan
148,48,1.933510335844434e-05,0.0,nan
148,49,4.543538152486873e-06,0.0,nan
148,50,1.0444316160367648e-05,0.0,nan
148,51,7.826378014376622e-06,0.0,nan
148,52,1.277066843098423e-05,0.0,nan
148,53,2.2793160767459116e-05,0.0,nan
148,54,1.2306041721521763e-05,0.0,nan
148,55,1.691209450630892e-05,0.0,nan
148,56,1.0273765611906172e-05,0.0,nan
148,57,1.1866487691141771e-05,0.0,nan
148,58,7.023325002380554e-06,0.0,nan
148,59,1.4975307410673929e-05,0.0,nan
148,60,2.2129134383513118e-05,0.0,nan
148,61,1.2523979240257385e-05,0.0,nan
148,62,1.235407242331368e-05,0.0,nan
148,63,2.4557327383981e-05,0.0,nan
148,64,2.1688719390255868e-05,0.0,nan
148,65,1.9961649217162493e-05,0.0,nan
148,66,9.262444342269897e-06,0.0,nan
148,67,1.1551777036301225e-05,0.0,nan
148,68,1.6112376588540236e-05,0.0,nan
148,69,1.2955143660780304e-05,0.0,nan
148,70,9.967909477902881e-06,0.0,nan
148,71,1.4644256606045512e-05,0.0,nan
148,72,5.741932727772093e-06,0.0,nan
148,73,5.325397913387565e-06,0.0,nan
148,74,1.284418295532296e-05,0.0,nan
148,75,8.750695663570145e-06,0.0,nan
148,76,3.207832956279651e-06,0.0,nan
148,77,1.738869017860804e-05,0.0,nan
148,78,5.650310791733698e-06,0.0,nan
148,79,5.14257312909814e-06,0.0,nan
148,80,7.774514591883493e-06,0.0,nan
148,81,9.355755763943751e-06,0.0,nan
148,82,6.956250677994173e-06,0.0,nan
148,83,1.3589623095397359e-05,0.0,nan
148,84,1.312016282372072e-05,0.0,nan
148,85,1.1614428238769645e-05,0.0,nan
148,86,8.176487298095739e-06,0.0,nan
148,87,1.4507549477950425e-05,0.0,nan
148,88,2.7729052434417385e-05,0.0,nan
148,89,6.222652875661955e-06,0.0,nan
148,90,3.486882678147593e-06,0.0,nan
148,91,1.0640571992856656e-05,0.0,nan
148,92,7.1442819608973435e-06,0.0,nan
148,93,2.8239464298150174e-05,0.0,nan
148,94,4.404000085368931e-06,0.0,nan
148,95,1.841556167764748e-05,0.0,nan
148,96,7.849628117792737e-06,0.0,nan
148,97,1.2362499429416512e-05,0.0,nan
148,98,6.0740993484397056e-06,0.0,nan
148,99,1.3385173731700665e-05,0.0,nan
149,0,8.23781122901412e-06,0.0,nan
149,1,9.702380261660716e-06,0.0,nan
149,2,5.617960555236042e-06,0.0,nan
149,3,1.6507924924799053e-05,0.0,nan
149,4,6.429429150521726e-06,0.0,nan
149,5,4.409717127594102e-06,0.0,nan
149,6,8.465776381432596e-06,0.0,nan
149,7,8.442495224215968e-06,0.0,nan
149,8,1.2181957148979614e-05,0.0,nan
149,9,1.0456497166521259e-05,0.0,nan
149,10,4.684869790269529e-06,0.0,nan
149,11,0.24987338502744588,1.0,nan
149,12,1.8595376702346563e-05,0.0,nan
149,13,3.952039233359051e-06,0.0,nan
149,14,7.513119553751191e-06,0.0,nan
149,15,1.1858116216664826e-05,0.0,nan
149,16,5.4256092829200487e-05,0.0,nan
149,17,1.1634792898745199e-05,0.0,nan
149,18,1.783389133800814e-06,0.0,nan
149,19,8.328997477373137e-06,0.0,nan
149,20,1.0234872329102647e-05,0.0,nan
149,21,0.12965465511842805,1.0,nan
149,22,8.968719266083111e-06,0.0,nan
149,23,3.7987471578675705e-06,0.0,nan
149,24,6.025854788680702e-06,0.0,nan
149,25,6.730720689684713e-06,0.0,nan
149,26,6.583579531802469e-06,0.0,nan
149,27,0.20585199057987064,1.0,nan
149,28,8.49187618099587e-06,0.0,nan
149,29,4.876889712795893e-06,0.0,nan
149,30,1.535275966991197e-05,0.0,nan
149,31,6.002639667225185e-06,0.0,nan
149,32,8.552096558857873e-06,0.0,nan
149,33,1.3951248074338953e-05,0.0,nan
149,34,6.259126331326384e-06,0.0,nan
149,35,5.438304833797049e-06,0.0,nan
149,36,8.177477240308529e-06,0.0,nan
149,37,5.885751950393748e-06,0.0,nan
149,38,5.594894669225409e-06,0.0,nan
149,39,1.3478982289192276e-05,0.0,nan
149,40,9.41393713758378e-06,0.0,nan
149,41,1.0995844870133454e-05,0.0,nan
149,42,1.3157319614157128e-05,0.0,nan
149,43,3.9106523713078836e-06,0.0,nan
149,44,6.157110243734314e-06,0.0,nan
149,45,2.921197056260391e-06,0.0,nan
149,46,2.5401115906259124e-06,0.0,nan
149,47,5.8524189512288775e-06,0.0,nan
149,48,5.450817937015517e-06,0.0,nan
149,49,1.1115232150071445e-05,0.0,nan
149,50,3.777718263848521e-06,0.0,nan
149,51,6.69804250739582e-06,0.0,nan
149,52,6.303958512607226e-06,0.0,nan
149,53,4.8374090937307475e-06,0.0,nan
149,54,1.7071310779166995e-05,0.0,nan
149,55,6.531964767626357e-06,0.0,nan
149,56,1.0993173819263619e-05,0.0,nan
149,57,9.934450459351369e-06,0.0,nan
149,58,5.442544646551527e-06,0.0,nan
149,59,2.2213189774443643e-05,0.0,nan
149,60,5.470250575042742e-06,0.0,nan
149,61,7.784278381034721e-06,0.0,nan
149,62,2.507283553818169e-05,0.0,nan
149,63,6.941209150853485e-06,0.0,nan
149,64,4.009996965518333e-06,0.0,nan
149,65,1.0875289947821696e-05,0.0,nan
149,66,3.7268795712280284e-06,0.0,nan
149,67,1.1171650197651608e-05,0.0,nan
149,68,3.661766483551966e-05,0.0,nan
149,69,6.847568942745703e-06,0.0,nan
149,70,5.4648134608293536e-06,0.0,nan
149,71,9.697718271034832e-06,0.0,nan
149,72,4.099154166703952e-06,0.0,nan
149,73,8.144799652541715e-06,0.0,nan
149,74,6.623773023369426e-06,0.0,nan
149,75,7.053320240982109e-06,0.0,nan
149,76,1.4984747147610745e-05,0.0,nan
149,77,1.0191392905706986e-05,0.0,nan
149,78,5.51932892690165e-06,0.0,nan
149,79,8.095815259854232e-06,0.0,nan
149,80,7.728784829727724e-06,0.0,nan
149,81,7.468015706601174e-06,0.0,nan
149,82,6.573426352741887e-06,0.0,nan
149,83,1.6177224757606784e-05,0.0,nan
149,84,5.231073525483721e-06,0.0,nan
149,85,1.227212972420404e-06,0.0,nan
149,86,9.621283969214691e-06,0.0,nan
149,87,1.962475193458304e-06,0.0,nan
149,88,5.887990259840507e-06,0.0,nan
149,89,9.999285891250429e-06,0.0,nan
149,90,4.1270422305524575e-06,0.0,nan
149,91,4.48478382811726e-06,0.0,nan
149,92,4.265961022687699e-06,0.0,nan
149,93,6.385681131002007e-06,0.0,nan
149,94,6.531134009031716e-06,0.0,nan
149,95,1.8739023551889593e-05,0.0,nan
149,96,1.9626667291845794e-05,0.0,nan
149,97,2.3257811477123925e-05,0.0,nan
149,98,4.171295840064412e-06,0.0,nan
149,99,1.1460065431026437e-05,0.0,nan
150,0,6.49957921798472e-06,0.0,4.424978594595558e-06
150,1,1.9142728917493517e-05,0.0,4.188176224106159e-06
150,2,1.1116406230334503e-05,0.0,4.461050790771435e-06
150,3,2.1513295711770096e-05,0.0,4.126067732554214e-06
150,4,1.4749996307399527e-05,0.0,3.7163070490399816e-06
150,5,6.280397573159188e-06,0.0,1.471906762222451e-06
150,6,4.07645966702416e-06,0.0,4.97602527094987e-06
150,7,1.8976430812926985e-05,0.0,5.5978022956637845e-06
150,8,2.3997546043070854e-05,0.0,1.0426674497910542e-05
150,9,1.5239304963673246e-05,0.0,7.213204857707012e-06
150,10,1.6278925307399098e-05,0.0,3.03823057437393e-06
150,11,0.14808020822319445,1.0,0.8575994313164518
150,12,6.7242537134032735e-06,0.0,1.049475739603961e-06
150,13,4.542972555901019e-06,0.0,2.8633100376051827e-06
150,14,1.609461901894204e-05,0.0,5.894527605886533e-06
150,15,1.7761009494195416e-05,0.0,6.64649400236105e-06
150,16,1.4429066836312196e-05,0.0,9.260954948402644e-06
150,17,2.414872518356685e-05,0.0,4.207403864249622e-07
150,18,2.460341101279501e-05,0.0,3.177857759526773e-05
150,19,6.208708674374712e-06,0.0,7.197005755201465e-06
150,20,1.2824525992616002e-05,0.0,8.908252258608664e-06
150,21,1.1915675422291359,1.0,0.1415201000811546
150,22,9.07916618706277e-06,0.0,1.0885509708189311e-05
150,23,8.478326165685664e-06,0.0,1.001403138246675e-06
150,24,6.934968426508072e-06,0.0,1.0310806144427284e-06
150,25,8.076114215184967e-06,0.0,3.4387367842926133e-06
150,26,1.2173076949126379e-05,0.0,8.981057286158022e-07
150,27,1.4360308353169219e-05,0.0,1.3350916673155086e-06
150,28,3.6345095298981267e-06,0.0,2.378039112383657e-06
150,29,1.9242234229435262e-05,0.0,2.9773928374493906e-06
150,30,1.8389679192081608e-05,0.0,1.5695420674411333e-07
150,31,5.936150083327848e-06,0.0,6.890311911894426e-07
150,32,1.801614189283241e-05,0.0,3.1866642228960174e-05
150,33,9.750564977739378e-06,0.0,3.1228243302136797e-07
150,34,3.317788291565797e-05,0.0,4.21213947454873e-05
150,35,1.1650630525706406e-05,0.0,1.4078740225199413e-06
150,36,1.7663457332118996e-05,0.0,1.4438731013270913e-06
150,37,3.9420335820353575e-06,0.0,2.356162829632987e-06
150,38,9.697634907273818e-06,0.0,3.425581749531888e-08
150,39,1.1243138364760812e-05,0.0,3.7149611371796912e-06
150,40,1.6305719575808418e-05,0.0,2.9079258708592685e-06
150,41,1.121958187224697e-05,0.0,1.855094159544399e-08
150,42,1.2085057654035382e-05,0.0,6.265267688308989e-06
150,43,1.5884111241553172e-05,0.0,2.5066004741001676e-05
150,44,1.3578589060932681e-05,0.0,1.360652823875789e-05
150,45,1.0367328651014522e-05,0.0,6.39635431790387e-06
150,46,6.374750190752572e-06,0.0,2.0207891922275117e-06
150,47,1.4721094615318307e-05,0.0,2.3623194898809467e-05
150,48,5.5119304408085675e-06,0.0,2.9978286936215135e-06
150,49,5.229991680462088e-06,0.0,3.883772951355159e-07
150,50,6.461075460853594e-06,0.0,1.3532928963067918e-07
150,51,9.174168886877736e-06,0.0,5.660305277835108e-07
150,52,1.1927462908722916e-05,0.0,2.2203999985612086e-06
150,53,1.603630850309346e-05,0.0,7.655457713396646e-07
150,54,1.6264782174700835e-05,0.0,4.0765866566306424e-05
150,55,1.4930249597514673e-05,0.0,7.135192293773982e-06
150,56,1.259390773738769e-05,0.0,5.248722169173751e-06
150,57,1.979344145296591e-05,0.0,2.823577715317173e-07
150,58,3.455892248739504e-05,0.0,0.00010587721803907477
150,59,1.2748728177428295e-05,0.0,3.5556414623885947e-06
150,60,1.7408456166867236e-05,0.0,3.238799828802388e-05
150,61,2.0351332362924548e-05,0.0,3.4741498899565517e-06
150,62,1.2487022862115771e-05,0.0,9.547653965386554e-06
150,63,9.135936683632555e-06,0.0,1.3307881851251964e-06
150,64,8.868318795571273e-06,0.0,3.3642534529366596e-07
150,65,2.2661883071540746e-05,0.0,3.322915129515536e-05
150,66,1.7267981798759272e-05,0.0,7.695376048421504e-06
150,67,1.9522854107938137e-05,0.0,8.356415196826387e-06
150,68,7.496642453671808e-06,0.0,1.7366345541558238e-06
150,69,1.413507271057936e-05,0.0,7.6280415764990215e-06
150,70,1.2178833036523662e-05,0.0,9.013214564522984e-07
150,71,1.9333633821798475e-05,0.0,8.473676309700362e-05
150,72,5.0521929510790545e-06,0.0,5.330937559178226e-07
150,73,2.0141507940694736e-05,0.0,4.331953256409814e-05
150,74,1.457354537318882e-05,0.0,6.169253496912339e-07
150,75,4.6081936759630055e-06,0.0,1.6359881411714418e-07
150,76,1.0949523625913574e-05,0.0,3.5149517683829383e-06
150,77,2.501299103636202e-05,0.0,4.832330937269472e-06
150,78,1.5752596089659974e-05,0.0,1.9273398207723198e-06
150,79,3.1059348699034173e-06,0.0,3.442615756385193e-08
150,80,2.7265236463267235e-05,0.0,5.956697612222737e-05
150,81,1.0473818926681275e-05,0.0,4.155041238603515e-06
150,82,1.954605729537045e-05,0.0,9.461029319530637e-08
150,83,2.5748923165032413e-05,0.0,2.364723228663794e-05
150,84,3.115230410467244e-06,0.0,1.221372029886081e-07
150,85,1.6227323674756176e-05,0.0,1.839605518002243e-07
150,86,1.5969181783761278e-05,0.0,3.293720952307338e-05
150,87,6.051874148878876e-06,0.0,4.6597590233658724e-06
150,88,8.571222973143733e-06,0.0,4.897318255334365e-07
150,89,1.106637752248858e-05,0.0,4.328551527243135e-06
150,90,1.9373603673431815e-05,0.0,3.237053870602783e-06
150,91,9.912719909381677e-06,0.0,3.7702537974104223e-07
150,92,3.876554112126424e-05,0.0,3.913221608416816e-06
150,93,1.2211654443221287e-05,0.0,2.079332023660966e-06
150,94,2.087271834438689e-05,0.0,8.775224953466942e-08
150,95,8.821101523685645e-06,0.0,1.4276150148805396e-06
150,96,9.380270280015594e-06,0.0,3.207966416720919e-08
150,97,1.227099696031514e-05,0.0,2.3416457453500753e-06
150,98,1.170812017910027e-05,0.0,3.4623132106478092e-06
150,99,6.869817561870047e-06,0.0,1.4707559141751642e-06
151,0,5.943345289642443e-06,0.0,nan
151,1,8.809901285148805e-06,0.0,nan
151,2,1.3220264914136555e-05,0.0,nan
151,3,4.31157633357166e-06,0.0,nan
151,4,2.260265825468151e-06,0.0,nan
151,5,1.3293221414171257e-05,0.0,nan
151,6,6.944568287176464e-06,0.0,nan
151,7,6.561231678903328e-06,0.0,nan
151,8,5.625300536177072e-06,0.0,nan
151,9,1.0893491958048506e-05,0.0,nan
151,10,5.886261109702509e-06,0.0,nan
151,11,0.2501321625336448,1.0,nan
151,12,6.399163405911741e-06,0.0,nan
151,13,1.965594032919065e-05,0.0,nan
151,14,1.6394737690200638e-06,0.0,nan
151,15,3.771044822235997e-06,0.0,nan
151,16,1.770361802233105e-05,0.0,nan
151,17,7.947964015744768e-06,0.0,nan
151,18,7.974438551392741e-06,0.0,nan
151,19,4.655571423452537e-06,0.0,nan
151,20,6.137705642344041e-06,0.0,nan
151,21,0.2461142805818191,1.0,nan
151,22,1.9871272327131237e-05,0.0,nan
151,23,3.091534169316213e-06,0.0,nan
151,24,4.347361952964863e-06,0.0,nan
151,25,1.9692237851675263e-05,0.0,nan
151,26,5.34841598283633e-06,0.0,nan
151,27,0.3943794582145266,1.0,nan
151,28,7.054013127726642e-06,0.0,nan
151,29,7.25052221969902e-07,0.0,nan
151,30,2.940025561170786e-06,0.0,nan
151,31,2.4367409627910636e-06,0.0,nan
151,32,4.292561291451367e-06,0.0,nan
151,33,2.064675398950346e-05,0.0,nan
151,34,1.1064884655232319e-05,0.0,nan
151,35,8.831169708570934e-06,0.0,nan
151,36,1.7636986268452655e-05,0.0,nan
151,37,5.873730301247263e-06,0.0,nan
151,38,2.0331872027024482e-05,0.0,nan
151,39,3.620222589193025e-06,0.0,nan
151,40,6.640340658781427e-06,0.0,nan
151,41,9.023962691654162e-06,0.0,nan
151,42,5.923525461540628e-06,0.0,nan
151,43,5.247445999877899e-06,0.0,nan
151,44,3.304785756435601e-06,0.0,nan
151,45,4.318964836200623e-06,0.0,nan
151,46,5.647610091819729e-06,0.0,nan
151,47,9.955065306083046e-06,0.0,nan
151,48,1.7143140235793716e-05,0.0,nan
151,49,3.7317050385893774e-06,0.0,nan
151,50,7.702859162513306e-06,0.0,nan
151,51,1.4830727540091072e-06,0.0,nan
151,52,1.860804015520699e-05,0.0,nan
151,53,1.2676472834234435e-05,0.0,nan
151,54,5.776237358430896e-06,0.0,nan
151,55,2.5026393789580517e-06,0.0,nan
151,56,4.2705327555237395e-06,0.0,nan
151,57,5.907378912397572e-06,0.0,nan
151,58,1.5651109397635417e-05,0.0,nan
151,59,6.002085506302347e-06,0.0,nan
151,60,9.253563992305052e-06,0.0,nan
151,61,3.156946916623033e-06,0.0,nan
151,62,5.306304215232686e-06,0.0,nan
151,63,8.046906173056702e-06,0.0,nan
151,64,4.1836863204197664e-06,0.0,nan
151,65,1.4632372118881395e-05,0.0,nan
151,66,1.4806596427535564e-05,0.0,nan
151,67,1.1889561166071435e-05,0.0,nan
151,68,1.923755626347584e-05,0.0,nan
151,69,6.1182205315141085e-06,0.0,nan
151,70,4.081960564816797e-06,0.0,nan
151,71,8.448691776592567e-06,0.0,nan
151,72,5.654501916737716e-06,0.0,nan
151,73,3.0728846247179044e-06,0.0,nan
151,74,3.661418325326845e-06,0.0,nan
151,75,9.332949590968981e-06,0.0,nan
151,76,5.5352418111477184e-06,0.0,nan
151,77,6.41183491882238e-06,0.0,nan
151,78,1.0747410317886023e-05,0.0,nan
151,79,4.146094927678012e-06,0.0,nan
151,80,6.136127631641226e-06,0.0,nan
151,81,9.440584368532423e-06,0.0,nan
151,82,5.147692037216789e-06,0.0,nan
151,83,4.274401946484175e-06,0.0,nan
151,84,6.2526217828750305e-06,0.0,nan
151,85,1.165858614415121e-05,0.0,nan
151,86,3.1071571328284092e-06,0.0,nan
151,87,6.359377684051763e-06,0.0,nan
151,88,1.0212557018114377e-05,0.0,nan
151,89,9.450336074429038e-06,0.0,nan
151,90,2.519828938815931e-06,0.0,nan
151,91,7.870240096822494e-06,0.0,nan
151,92,6.7729605663991385e-06,0.0,nan
151,93,5.461578712336662e-06,0.0,nan
151,94,1.324027310222578e-05,0.0,nan
151,95,5.6409276719203956e-05,0.0,nan
151,96,8.416490745413635e-06,0.0,nan
151,97,8.149114355112366e-06,0.0,nan
151,98,7.160363363644543e-06,0.0,nan
151,99,2.113530507356548e-06,0.0,nan
152,0,3.4086213638122143e-06,0.0,nan
152,1,1.0466272028633004e-05,0.0,nan
152,2,8.997241430280167e-06,0.0,nan
152,3,3.2703816379606995e-06,0.0,nan
152,4,8.724767052702097e-06,0.0,nan
152,5,1.3275349399554832e-05,0.0,nan
152,6,1.064702713837331e-05,0.0,nan
152,7,9.680786120984266e-06,0.0,nan
152,8,9.336827483217103e-06,0.0,nan
152,9,7.989835644352476e-06,0.0,nan
152,10,7.50298241117259e-06,0.0,nan
152,11,0.19523624062797384,1.0,nan
152,12,5.339146433789815e-06,0.0,nan
152,13,4.2985812101444945e-06,0.0,nan
152,14,1.0256008516493778e-05,0.0,nan
152,15,8.05101477978636e-06,0.0,nan
152,16,1.1635357322797656e-05,0.0,nan
152,17,1.5292944358539734e-05,0.0,nan
152,18,1.0761763911811902e-05,0.0,nan
152,19,1.2088013291783693e-05,0.0,nan
152,20,7.518598378957081e-06,0.0,nan
152,21,0.1848953588607471,1.0,nan
152,22,2.730595882055377e-06,0.0,nan
152,23,6.652389740036346e-06,0.0,nan
152,24,4.423404540285181e-06,0.0,nan
152,25,8.885393743082013e-06,0.0,nan
152,26,8.973947324346812e-06,0.0,nan
152,27,0.27642404286644573,1.0,nan
152,28,7.152917747714655e-06,0.0,nan
152,29,9.982609294800245e-06,0.0,nan
152,30,1.4512693635836171e-05,0.0,nan
152,31,1.9059788691845985e-05,0.0,nan
152,32,1.5422951140555523e-05,0.0,nan
152,33,5.81500907632371e-06,0.0,nan
152,34,1.3445074915927148e-05,0.0,nan
152,35,5.6504140832456e-06,0.0,nan
152,36,1.63227278979228e-05,0.0,nan
152,37,1.1690085434345855e-05,0.0,nan
152,38,1.7215943228509814e-05,0.0,nan
152,39,1.1998948694379327e-05,0.0,nan
152,40,6.017067385133806e-06,0.0,nan
152,41,7.176721363562774e-06,0.0,nan
152,42,2.452235106436583e-05,0.0,nan
152,43,8.877584745722188e-06,0.0,nan
152,44,7.4267477717645185e-06,0.0,nan
152,45,1.002843414252877e-05,0.0,nan
152,46,8.364404032312564e-06,0.0,nan
152,47,1.0825176751406406e-05,0.0,nan
152,48,8.070611957064957e-06,0.0,nan
152,49,1.2328412441981063e-05,0.0,nan
152,50,2.9976959368777444e-06,0.0,nan
152,51,1.3116309400931078e-05,0.0,nan
152,52,1.3525836624041644e-05,0.0,nan
152,53,7.70029140126887e-06,0.0,nan
152,54,1.6852715887543914e-05,0.0,nan
152,55,5.000763958088435e-06,0.0,nan
152,56,2.5101454351058983e-06,0.0,nan
152,57,1.103668342062887e-05,0.0,nan
152,58,5.23911515388499e-06,0.0,nan
152,59,6.618058130201907e-06,0.0,nan
152,60,4.58089982167494e-06,0.0,nan
152,61,1.911342528869468e-05,0.0,nan
152,62,1.0013095923273531e-05,0.0,nan
152,63,6.670269393891294e-06,0.0,nan
152,64,9.071062058027267e-06,0.0,nan
152,65,1.2679539809934225e-05,0.0,nan
152,66,5.02695196926508e-06,0.0,nan
152,67,1.2398425240401247e-05,0.0,nan
152,68,1.2408679509546742e-05,0.0,nan
152,69,3.878708684692372e-06,0.0,nan
152,70,1.2137045198094729e-05,0.0,nan
152,71,5.839408300210051e-06,0.0,nan
152,72,9.68457748191294e-06,0.0,nan
152,73,5.638385845160167e-06,0.0,nan
152,74,9.074246057650063e-06,0.0,nan
152,75,4.237056018666406e-05,0.0,nan
152,76,7.090946577537505e-06,0.0,nan
152,77,1.381698330508356e-05,0.0,nan
152,78,4.696765677268342e-06,0.0,nan
152,79,5.807047653470323e-06,0.0,nan
152,80,6.586793257663357e-06,0.0,nan
152,81,1.1673469041894927e-05,0.0,nan
152,82,5.233165649201227e-06,0.0,nan
152,83,1.0044058784095439e-05,0.0,nan
152,84,3.865986280633689e-06,0.0,nan
152,85,1.264355108830792e-05,0.0,nan
152,86,1.815370395822586e-05,0.0,nan
152,87,7.174695988891239e-06,0.0,nan
152,88,5.968501171297112e-06,0.0,nan
152,89,9.07595114036457e-06,0.0,nan
152,90,7.409296779393921e-06,0.0,nan
152,91,7.176247192410285e-06,0.0,nan
152,92,7.577352135809676e-06,0.0,nan
152,93,5.0482862138252145e-06,0.0,nan
152,94,1.3604280047897661e-05,0.0,nan
152,95,7.574027036359462e-06,0.0,nan
152,96,1.101406628482545e-05,0.0,nan
152,97,5.1564446977425626e-06,0.0,nan
152,98,5.944799920894242e-06,0.0,nan
152,99,3.1284877901634424e-06,0.0,nan
153,0,1.9318208476991543e-05,0.0,nan
153,1,1.54115897109586e-05,0.0,nan
153,2,2.3273286727736666e-05,0.0,nan
153,3,4.593126683712873e-06,0.0,nan
153,4,1.3405150884740267e-05,0.0,nan
153,5,9.883824923152387e-06,0.0,nan
153,6,2.4163216905852216e-06,0.0,nan
153,7,5.808935600630358e-06,0.0,nan
153,8,9.706581607250257e-06,0.0,nan
153,9,1.1114691377532101e-05,0.0,nan
153,10,3.374148450707812e-06,0.0,nan
153,11,0.1817846572027908,1.0,nan
153,12,1.4654361401440664e-05,0.0,nan
153,13,1.710728386698142e-05,0.0,nan
153,14,1.4374195100509128e-05,0.0,nan
153,15,1.8157425534834463e-05,0.0,nan
153,16,2.1230167371787503e-05,0.0,nan
153,17,5.588352843592719e-06,0.0,nan
153,18,9.293858778704647e-06,0.0,nan
153,19,1.1051308634800608e-05,0.0,nan
153,20,1.0705084555275062e-05,0.0,nan
153,21,0.19771800352658098,1.0,nan
153,22,6.823439838352511e-06,0.0,nan
153,23,2.0140650068210142e-05,0.0,nan
153,24,7.837528436136181e-06,0.0,nan
153,25,5.035196046377293e-06,0.0,nan
153,26,4.3787512250850576e-05,0.0,nan
153,27,0.2153768552716463,1.0,nan
153,28,1.2234138585847122e-05,0.0,nan
153,29,4.361851045420732e-06,0.0,nan
153,30,7.357162136477282e-06,0.0,nan
153,31,5.233781153291236e-06,0.0,nan
153,32,1.710623550311159e-06,0.0,nan
153,33,9.041480895217816e-06,0.0,nan
153,34,8.3194774722469e-06,0.0,nan
153,35,1.3353158254458431e-05,0.0,nan
153,36,7.767734496949764e-06,0.0,nan
153,37,1.0120975391791585e-05,0.0,nan
153,38,2.0168466978140368e-05,0.0,nan
153,39,2.0520126250656055e-05,0.0,nan
153,40,2.1506021706241145e-06,0.0,nan
153,41,1.6921861716923718e-05,0.0,nan
153,42,9.562394972092472e-06,0.0,nan
153,43,7.657859400818716e-06,0.0,nan
153,44,1.6019794055677097e-05,0.0,nan
153,45,9.37149364505713e-07,0.0,nan
153,46,1.4121725160670968e-05,0.0,nan
153,47,5.247175395866259e-06,0.0,nan
153,48,9.636004461108136e-06,0.0,nan
153,49,8.300466943513828e-06,0.0,nan
153,50,9.44598745653855e-06,0.0,nan
153,51,9.48449508546893e-06,0.0,nan
153,52,5.706128223494295e-07,0.0,nan
153,53,9.558723717879647e-06,0.0,nan
153,54,4.26089071657874e-05,0.0,nan
153,55,4.159974976179071e-06,0.0,nan
153,56,2.834356712684076e-05,0.0,nan
153,57,9.519997010322923e-06,0.0,nan
153,58,1.3079945874504646e-05,0.0,nan
153,59,7.5127072133408985e-06,0.0,nan
153,60,2.1161658492510983e-05,0.0,nan
153,61,3.5717764115941533e-06,0.0,nan
153,62,6.854625182448408e-06,0.0,nan
153,63,4.4608156035371185e-06,0.0,nan
153,64,7.673423312850995e-06,0.0,nan
153,65,9.840038528644543e-06,0.0,nan
153,66,9.551227511594032e-06,0.0,nan
153,67,7.91955438300534e-06,0.0,nan
153,68,1.2469005918709564e-05,0.0,nan
153,69,1.0792928894804185e-05,0.0,nan
153,70,1.4462322352566254e-05,0.0,nan
153,71,7.49456351331602e-06,0.0,nan
153,72,1.1513188471354307e-05,0.0,nan
153,73,6.0093479685828075e-06,0.0,nan
153,74,9.384521558763763e-07,0.0,nan
153,75,9.839594384532185e-06,0.0,nan
153,76,1.9001286963035283e-06,0.0,nan
153,77,6.892160919658744e-06,0.0,nan
153,78,4.197042360949554e-06,0.0,nan
153,79,1.4554736056219017e-05,0.0,nan
153,80,3.3657705097318903e-05,0.0,nan
153,81,7.299678058645609e-06,0.0,nan
153,82,1.1576790469593623e-05,0.0,nan
153,83,8.33203837776896e-06,0.0,nan
153,84,1.742307538375963e-05,0.0,nan
153,85,5.247869249706388e-06,0.0,nan
153,86,9.073033993571561e-06,0.0,nan
153,87,1.044645670778024e-05,0.0,nan
153,88,2.839888461768642e-06,0.0,nan
153,89,1.1306828572158021e-05,0.0,nan
153,90,5.4558150638863925e-06,0.0,nan
153,91,6.566597493917731e-06,0.0,nan
153,92,4.009103304214819e-06,0.0,nan
153,93,7.0763700248959536e-06,0.0,nan
153,94,1.1283343501380555e-05,0.0,nan
153,95,7.169690316066993e-06,0.0,nan
153,96,5.196367396617402e-06,0.0,nan
153,97,1.9071792202227233e-05,0.0,nan
153,98,8.58939352643916e-06,0.0,nan
153,99,8.970963011917924e-06,0.0,nan
154,0,1.1662313435078645e-05,0.0,nan
154,1,1.1736272315453458e-05,0.0,nan
154,2,7.797056173058989e-06,0.0,nan
154,3,2.5304470184940512e-05,0.0,nan
154,4,7.135153985450701e-06,0.0,nan
154,5,1.3712343448362327e-05,0.0,nan
154,6,3.1733364643994716e-06,0.0,nan
154,7,4.9665589394810735e-06,0.0,nan
154,8,7.778773393193369e-06,0.0,nan
154,9,1.5498986511430217e-05,0.0,nan
154,10,6.530211926459817e-06,0.0,nan
154,11,0.1354843291577718,1.0,nan
154,12,2.9167349604558062e-05,0.0,nan
154,13,2.6481212953082275e-05,0.0,nan
154,14,4.999817734278558e-06,0.0,nan
154,15,1.6413230378979945e-05,0.0,nan
154,16,5.514938821044676e-06,0.0,nan
154,17,1.1246079967208677e-05,0.0,nan
154,18,4.567603734905698e-06,0.0,nan
154,19,4.916109928996666e-06,0.0,nan
154,20,1.487308771583444e-05,0.0,nan
154,21,0.21762954323197564,1.0,nan
154,22,1.181281959111673e-05,0.0,nan
154,23,5.42484319925219e-06,0.0,nan
154,24,1.1749474497903777e-05,0.0,nan
154,25,6.594459820472088e-06,0.0,nan
154,26,7.711318814106149e-06,0.0,nan
154,27,0.24496612445027022,1.0,nan
154,28,7.575943287879486e-06,0.0,nan
154,29,2.436207914029944e-06,0.0,nan
154,30,1.7219195509462155e-05,0.0,nan
154,31,1.5781477826022168e-05,0.0,nan
154,32,1.1780151203672605e-05,0.0,nan
154,33,0.0002560074004223226,0.0,nan
154,34,1.1324467794438518e-05,0.0,nan
154,35,6.835677143335883e-06,0.0,nan
154,36,1.5165336554151528e-05,0.0,nan
154,37,5.599564377453776e-06,0.0,nan
154,38,1.380550667860304e-05,0.0,nan
154,39,7.63188263926981e-06,0.0,nan
154,40,1.0462053074636277e-05,0.0,nan
154,41,8.719323951406906e-06,0.0,nan
154,42,1.2773241136865746e-06,0.0,nan
154,43,1.0878702457151325e-05,0.0,nan
154,44,1.2457745024186588e-05,0.0,nan
154,45,2.4641036736396535e-05,0.0,nan
154,46,1.8371468703944272e-05,0.0,nan
154,47,1.119092760908118e-05,0.0,nan
154,48,7.898028079037899e-06,0.0,nan
154,49,1.228725976945723e-05,0.0,nan
154,50,1.5155212450954547e-05,0.0,nan
154,51,9.413074877303606e-06,0.0,nan
154,52,1.046052350209603e-05,0.0,nan
154,53,1.608289918173123e-05,0.0,nan
154,54,1.2328189755700173e-05,0.0,nan
154,55,4.887288688232841e-06,0.0,nan
154,56,5.536646995086578e-06,0.0,nan
154,57,7.4096178789993e-06,0.0,nan
154,58,1.0073074981720443e-05,0.0,nan
154,59,7.886537072721898e-06,0.0,nan
154,60,2.38830070863095e-05,0.0,nan
154,61,5.9408232509035955e-06,0.0,nan
154,62,5.751705859982426e-06,0.0,nan
154,63,1.3885960315822312e-05,0.0,nan
154,64,1.1177926269664216e-05,0.0,nan
154,65,1.6967902005462478e-05,0.0,nan
154,66,5.01320993414345e-06,0.0,nan
154,67,2.766988361794514e-05,0.0,nan
154,68,1.8460760299120065e-05,0.0,nan
154,69,8.817252022550732e-06,0.0,nan
154,70,2.66615477891812e-05,0.0,nan
154,71,1.3832436646511272e-05,0.0,nan
154,72,1.2215872616216323e-05,0.0,nan
154,73,3.233194086065177e-05,0.0,nan
154,74,1.2490784136623445e-05,0.0,nan
154,75,1.0284431182943342e-05,0.0,nan
154,76,4.85335895037874e-06,0.0,nan
154,77,1.1095253216780732e-05,0.0,nan
154,78,8.206347919516441e-06,0.0,nan
154,79,7.772543121352579e-06,0.0,nan
154,80,5.7280253629646176e-06,0.0,nan
154,81,8.539861951752556e-06,0.0,nan
154,82,4.660057008789225e-05,0.0,nan
154,83,2.5463621658738318e-05,0.0,nan
154,84,6.4006857940863765e-06,0.0,nan
154,85,1.3088766295125306e-05,0.0,nan
154,86,2.062751228453933e-05,0.0,nan
154,87,1.2317055921282112e-05,0.0,nan
154,88,1.0334384531293466e-05,0.0,nan
154,89,1.2302313592093148e-05,0.0,nan
154,90,1.4370597096328964e-05,0.0,nan
154,91,1.9009080730031933e-05,0.0,nan
154,92,1.6972032787402116e-05,0.0,nan
154,93,1.537307207399389e-05,0.0,nan
154,94,2.065638116627713e-05,0.0,nan
154,95,1.5207735650755123e-05,0.0,nan
154,96,1.1304595598620804e-05,0.0,nan
154,97,9.855334476980605e-06,0.0,nan
154,98,7.360606423788581e-06,0.0,nan
154,99,8.414568155285606e-06,0.0,nan
155,0,4.011019856880492e-06,0.0,nan
155,1,1.197718489166544e-05,0.0,nan
155,2,1.1438658340274761e-05,0.0,nan
155,3,1.9354213416334387e-05,0.0,nan
155,4,9.06506306383117e-06,0.0,nan
155,5,3.096315083556122e-05,0.0,nan
155,6,8.746939815401992e-06,0.0,nan
155,7,3.3701958590283575e-05,0.0,nan
155,8,1.3050778201398014e-05,0.0,nan
155,9,1.985022017771472e-05,0.0,nan
155,10,3.763993629920436e-06,0.0,nan
155,11,0.22641109625240466,1.0,nan
155,12,1.0891278627737911e-05,0.0,nan
155,13,2.807629670656791e-05,0.0,nan
155,14,1.3505880060751789e-05,0.0,nan
155,15,3.4880762496948315e-06,0.0,nan
155,16,1.1766009987629739e-05,0.0,nan
155,17,1.8915794789596656e-05,0.0,nan
155,18,1.2135861649037478e-05,0.0,nan
155,19,1.5351499496060245e-05,0.0,nan
155,20,2.6166610973507816e-05,0.0,nan
155,21,0.2289874356862449,1.0,nan
155,22,2.9927573512989852e-05,0.0,nan
155,23,1.724463534982435e-05,0.0,nan
155,24,1.7061291119778882e-05,0.0,nan
155,25,2.5024202306826903e-05,0.0,nan
155,26,7.77631265753986e-06,0.0,nan
155,27,0.27855694755629656,1.0,nan
155,28,1.1075331975016414e-05,0.0,nan
155,29,2.0839186509043535e-05,0.0,nan
155,30,4.9347211010128916e-06,0.0,nan
155,31,1.4392349253930044e-05,0.0,nan
155,32,2.212702078742951e-05,0.0,nan
155,33,2.813239243967646e-05,0.0,nan
155,34,2.0969745659664424e-05,0.0,nan
155,35,1.5883543257516253e-05,0.0,nan
155,36,2.1747099288248288e-05,0.0,nan
155,37,1.4895702816097892e-05,0.0,nan
155,38,3.3637883629513354e-05,0.0,nan
155,39,2.226996620778793e-05,0.0,nan
155,40,1.3761548391887489e-05,0.0,nan
155,41,2.258669052976667e-05,0.0,nan
155,42,6.732756103966126e-06,0.0,nan
155,43,2.1158219652480527e-05,0.0,nan
155,44,1.033084566947826e-05,0.0,nan
155,45,1.2991279934026495e-05,0.0,nan
155,46,1.9632742866705607e-05,0.0,nan
155,47,2.3020453805687686e-05,0.0,nan
155,48,1.1432410813772608e-05,0.0,nan
155,49,1.2008650572541172e-05,0.0,nan
155,50,1.5359966891423907e-05,0.0,nan
155,51,6.567112779957443e-06,0.0,nan
155,52,2.343822553972227e-05,0.0,nan
155,53,1.7392174984798656e-05,0.0,nan
155,54,1.1669406620506173e-05,0.0,nan
155,55,6.508616233316407e-06,0.0,nan
155,56,2.6624101676969105e-05,0.0,nan
155,57,1.3913391601234374e-05,0.0,nan
155,58,5.465705003205367e-06,0.0,nan
155,59,2.1411474051322816e-05,0.0,nan
155,60,1.635266491774445e-05,0.0,nan
155,61,4.624184046023838e-06,0.0,nan
155,62,9.213055716450145e-06,0.0,nan
155,63,1.9691588724307296e-05,0.0,nan
155,64,1.0676136128744672e-05,0.0,nan
155,65,2.9032579756356633e-05,0.0,nan
155,66,1.3229854600430981e-05,0.0,nan
155,67,2.7389365221428327e-05,0.0,nan
155,68,1.3566014367897265e-05,0.0,nan
155,69,8.234192846353313e-06,0.0,nan
155,70,1.2859898072802599e-05,0.0,nan
155,71,5.212309036043475e-06,0.0,nan
155,72,8.36893143054442e-06,0.0,nan
155,73,7.843964048058372e-06,0.0,nan
155,74,1.295160655586642e-05,0.0,nan
155,75,6.522326048459657e-06,0.0,nan
155,76,1.6958836760479342e-05,0.0,nan
155,77,6.5058616344752314e-06,0.0,nan
155,78,4.428946655384605e-05,0.0,nan
155,79,1.0179081542563231e-05,0.0,nan
155,80,1.5701135914482754e-05,0.0,nan
155,81,7.917127458646082e-06,0.0,nan
155,82,3.4314869499901425e-05,0.0,nan
155,83,1.7632599891777702e-05,0.0,nan
155,84,6.13879982125269e-06,0.0,nan
155,85,1.4091312561977153e-05,0.0,nan
155,86,1.0953982279731612e-05,0.0,nan
155,87,2.9950268489274517e-05,0.0,nan
155,88,6.420277758184334e-06,0.0,nan
155,89,1.400799674014062e-05,0.0,nan
155,90,1.3335496865330255e-05,0.0,nan
155,91,2.124363147370243e-05,0.0,nan
155,92,1.7518919427685442e-05,0.0,nan
155,93,3.594817161252012e-05,0.0,nan
155,94,1.748204710152405e-05,0.0,nan
155,95,1.1986609018694989e-05,0.0,nan
155,96,1.0645357034944897e-05,0.0,nan
155,97,1.873633084621297e-05,0.0,nan
155,98,1.953321414902944e-05,0.0,nan
155,99,9.402704244563276e-06,0.0,nan
156,0,6.079190969282055e-06,0.0,nan
156,1,7.544474681566864e-06,0.0,nan
156,2,4.0492147138495635e-06,0.0,nan
156,3,2.9984651184064302e-05,0.0,nan
156,4,7.294351885551928e-06,0.0,nan
156,5,1.579917892825889e-06,0.0,nan
156,6,8.978234721524055e-06,0.0,nan
156,7,6.899385703363518e-06,0.0,nan
156,8,6.456074517786358e-06,0.0,nan
156,9,5.222485891021633e-06,0.0,nan
156,10,7.782368766632035e-06,0.0,nan
156,11,0.14223709113053176,1.0,nan
156,12,8.464614609883362e-06,0.0,nan
156,13,5.5431706078697746e-05,0.0,nan
156,14,8.780800734089319e-06,0.0,nan
156,15,1.3289306774946084e-05,0.0,nan
156,16,7.000928455702358e-06,0.0,nan
156,17,1.881846782306112e-05,0.0,nan
156,18,1.1118829588380934e-05,0.0,nan
156,19,7.657167143928521e-06,0.0,nan
156,20,1.3009652377719873e-05,0.0,nan
156,21,0.3109315233936427,1.0,nan
156,22,9.064756016710711e-06,0.0,nan
156,23,1.3485752576901587e-05,0.0,nan
156,24,2.4490019237821396e-05,0.0,nan
156,25,8.067315905435131e-06,0.0,nan
156,26,1.3957477809211486e-05,0.0,nan
156,27,0.2621840655202339,1.0,nan
156,28,3.3323952146267216e-06,0.0,nan
156,29,8.141441381081751e-06,0.0,nan
156,30,9.470100382340421e-06,0.0,nan
156,31,1.4221507048698924e-05,0.0,nan
156,32,1.9667500593876715e-05,0.0,nan
156,33,1.1542745693802509e-05,0.0,nan
156,34,1.7771737708382242e-05,0.0,nan
156,35,7.735227396636387e-06,0.0,nan
156,36,6.4730606710707155e-06,0.0,nan
156,37,4.871331944719272e-06,0.0,nan
156,38,1.8847683262319788e-05,0.0,nan
156,39,1.0583444471145544e-05,0.0,nan
156,40,1.077518173023398e-05,0.0,nan
156,41,1.4138973256548662e-05,0.0,nan
156,42,1.2876164545522776e-05,0.0,nan
156,43,8.23385349151731e-06,0.0,nan
156,44,6.870450189457883e-06,0.0,nan
156,45,1.0894184544141298e-05,0.0,nan
156,46,5.006545803675343e-06,0.0,nan
156,47,3.230989286080931e-06,0.0,nan
156,48,1.1517451889474934e-05,0.0,nan
156,49,5.43352095699905e-06,0.0,nan
156,50,1.86132807132825e-05,0.0,nan
156,51,1.261306242207356e-05,0.0,nan
156,52,2.0031189573318047e-05,0.0,nan
156,53,3.0705360432030954e-05,0.0,nan
156,54,2.6267548586263795e-05,0.0,nan
156,55,1.567014567921248e-05,0.0,nan
156,56,1.3207976836620131e-05,0.0,nan
156,57,6.590869277118045e-06,0.0,nan
156,58,2.0916225196377755e-05,0.0,nan
156,59,1.0504829602172313e-05,0.0,nan
156,60,3.320554585693443e-06,0.0,nan
156,61,7.089065063290485e-06,0.0,nan
156,62,5.605187343140243e-06,0.0,nan
156,63,5.496055022453502e-06,0.0,nan
156,64,7.585985277308625e-06,0.0,nan
156,65,3.4385238706035226e-06,0.0,nan
156,66,7.502390703894614e-06,0.0,nan
156,67,3.4918826766333645e-06,0.0,nan
156,68,1.0409302374939752e-05,0.0,nan
156,69,6.340865769109287e-06,0.0,nan
156,70,1.545945710075599e-05,0.0,nan
156,71,7.676488040068056e-06,0.0,nan
156,72,7.3093556930879e-06,0.0,nan
156,73,1.1486855561376692e-05,0.0,nan
156,74,1.389968929916263e-05,0.0,nan
156,75,9.913417174346105e-06,0.0,nan
156,76,1.3133733753708832e-05,0.0,nan
156,77,5.051275937331943e-06,0.0,nan
156,78,3.273925554974179e-05,0.0,nan
156,79,1.261900226251241e-05,0.0,nan
156,80,5.727166478626523e-06,0.0,nan
156,81,1.0021855793579984e-05,0.0,nan
156,82,8.559395042031473e-06,0.0,nan
156,83,1.4866281781325578e-05,0.0,nan
156,84,5.03961346298907e-06,0.0,nan
156,85,1.2261040898474504e-05,0.0,nan
156,86,1.6189629810378116e-05,0.0,nan
156,87,8.68665647555033e-06,0.0,nan
156,88,1.3476717127535737e-05,0.0,nan
156,89,8.895145215147269e-06,0.0,nan
156,90,6.4522955337173995e-06,0.0,nan
156,91,1.2230401606362193e-05,0.0,nan
156,92,1.33811061182407e-05,0.0,nan
156,93,1.7952540122938874e-05,0.0,nan
156,94,7.2565353282633884e-06,0.0,nan
156,95,8.014178551173312e-06,0.0,nan
156,96,6.644902636802096e-06,0.0,nan
156,97,5.2811828739334044e-06,0.0,nan
156,98,7.542288470532775e-06,0.0,nan
156,99,5.3096049904807755e-06,0.0,nan
157,0,5.7246705616810685e-06,0.0,nan
157,1,1.3732070654703144e-05,0.0,nan
157,2,6.799034875288806e-06,0.0,nan
157,3,2.3471994606052777e-05,0.0,nan
157,4,1.8835734282733248e-05,0.0,nan
157,5,7.545536197636933e-06,0.0,nan
157,6,1.1156035201382255e-05,0.0,nan
157,7,2.0650602827928013e-06,0.0,nan
157,8,1.1632059697012444e-05,0.0,nan
157,9,5.015798145842268e-06,0.0,nan
157,10,4.796247185798049e-06,0.0,nan
157,11,0.203007257124302,1.0,nan
157,12,1.3095736923041028e-05,0.0,nan
157,13,3.1144879766092378e-06,0.0,nan
157,14,7.491706691900361e-06,0.0,nan
157,15,9.124812228035399e-06,0.0,nan
157,16,1.4054616654960535e-05,0.0,nan
157,17,2.5383164258782402e-05,0.0,nan
157,18,1.0100755882195692e-05,0.0,nan
157,19,5.793295516487825e-06,0.0,nan
157,20,9.873177242564176e-06,0.0,nan
157,21,0.30634565916946244,1.0,nan
157,22,1.0879026612025538e-05,0.0,nan
157,23,1.1284340371666144e-05,0.0,nan
157,24,1.0561633301617517e-05,0.0,nan
157,25,9.546886296470688e-06,0.0,nan
157,26,9.833713372358295e-06,0.0,nan
157,27,0.30070735241651547,1.0,nan
157,28,1.2368531690069285e-05,0.0,nan
157,29,1.1467009741420756e-05,0.0,nan
157,30,8.880843630667745e-06,0.0,nan
157,31,1.3168439113362776e-05,0.0,nan
157,32,2.165711863247017e-05,0.0,nan
157,33,9.618704469734682e-06,0.0,nan
157,34,3.118480756750744e-05,0.0,nan
157,35,1.5908325718053587e-05,0.0,nan
157,36,1.4878864936229835e-05,0.0,nan
157,37,6.337110000093731e-06,0.0,nan
157,38,6.627281925122737e-06,0.0,nan
157,39,1.5224407793331226e-05,0.0,nan
157,40,5.31596288524813e-06,0.0,nan
157,41,3.930967974814779e-06,0.0,nan
157,42,1.9312007941860352e-05,0.0,nan
157,43,7.628241008160449e-06,0.0,nan
157,44,1.7990220892919606e-05,0.0,nan
157,45,8.998567928142161e-06,0.0,nan
157,46,1.112009723669748e-05,0.0,nan
157,47,1.1369783566162088e-05,0.0,nan
157,48,4.9235766178089935e-06,0.0,nan
157,49,1.0157831503278972e-05,0.0,nan
157,50,9.092297026649713e-06,0.0,nan
157,51,8.820963680153087e-06,0.0,nan
157,52,5.5668214753767635e-06,0.0,nan
157,53,1.6339629755536605e-05,0.0,nan
157,54,1.2283403577027189e-05,0.0,nan
157,55,1.6323533860156853e-05,0.0,nan
157,56,4.835285672481281e-06,0.0,nan
157,57,1.0446546134736777e-05,0.0,nan
157,58,1.128454017624489e-05,0.0,nan
157,59,1.671334243564729e-05,0.0,nan
157,60,3.3512283678277023e-06,0.0,nan
157,61,1.898858027476172e-05,0.0,nan
157,62,1.2843335605162866e-05,0.0,nan
157,63,8.766412825096702e-06,0.0,nan
157,64,1.6646457631882126e-05,0.0,nan
157,65,8.716647869791283e-06,0.0,nan
157,66,1.135473918951635e-05,0.0,nan
157,67,5.573826931886692e-06,0.0,nan
157,68,2.6457510877053905e-05,0.0,nan
157,69,1.2181088645942889e-05,0.0,nan
157,70,6.46783262877429e-06,0.0,nan
157,71,8.041056774527877e-06,0.0,nan
157,72,1.396434967074724e-05,0.0,nan
157,73,4.53222644938161e-06,0.0,nan
157,74,1.0437234308212706e-05,0.0,nan
157,75,1.5326947065369946e-05,0.0,nan
157,76,1.5411778933917477e-05,0.0,nan
157,77,6.503833656316903e-06,0.0,nan
157,78,8.759888744972376e-06,0.0,nan
157,79,1.1300465766211536e-05,0.0,nan
157,80,7.588491283538483e-06,0.0,nan
157,81,7.579373416535462e-06,0.0,nan
157,82,1.3644300112423692e-05,0.0,nan
157,83,9.286337932262979e-06,0.0,nan
157,84,7.675686758364886e-06,0.0,nan
157,85,5.731349261036577e-06,0.0,nan
157,86,8.940813505367808e-06,0.0,nan
157,87,9.369153340782642e-06,0.0,nan
157,88,1.1045165604913277e-05,0.0,nan
157,89,1.5748276077796914e-05,0.0,nan
157,90,1.082195932757709e-05,0.0,nan
157,91,1.3962668652996144e-05,0.0,nan
157,92,2.0488851994525736e-05,0.0,nan
157,93,1.3848150159116154e-05,0.0,nan
157,94,6.894056200650751e-06,0.0,nan
157,95,5.373790709295265e-06,0.0,nan
157,96,8.288635922057359e-06,0.0,nan
157,97,6.508088172870426e-06,0.0,nan
157,98,1.5891450399955417e-05,0.0,nan
157,99,3.0471679736753186e-06,0.0,nan
158,0,7.1368588910009795e-06,0.0,nan
158,1,1.1548946928585548e-05,0.0,nan
158,2,8.12823551713386e-06,0.0,nan
158,3,9.179160544731966e-06,0.0,nan
158,4,5.0038616902521e-06,0.0,nan
158,5,1.385364106604997e-05,0.0,nan
158,6,4.376247460238622e-06,0.0,nan
158,7,1.235928170107189e-05,0.0,nan
158,8,1.2071846933777437e-05,0.0,nan
158,9,6.55442678571566e-06,0.0,nan
158,10,7.65384063994049e-06,0.0,nan
158,11,0.2925366215186497,1.0,nan
158,12,1.2017351252709192e-05,0.0,nan
158,13,5.257304886568072e-06,0.0,nan
158,14,7.272967929010593e-06,0.0,nan
158,15,3.8332237597063275e-06,0.0,nan
158,16,4.960364615183479e-06,0.0,nan
158,17,5.178605716945427e-06,0.0,nan
158,18,6.527147711428696e-06,0.0,nan
158,19,1.0025137273637595e-05,0.0,nan
158,20,1.7458253486030365e-05,0.0,nan
158,21,0.1895027141404098,1.0,nan
158,22,1.1143625031013726e-05,0.0,nan
158,23,9.040388068194246e-06,0.0,nan
158,24,1.4624745661059551e-05,0.0,nan
158,25,4.878145948842488e-06,0.0,nan
158,26,7.2444540372398584e-06,0.0,nan
158,27,0.2581556378766818,1.0,nan
158,28,8.131800914393462e-06,0.0,nan
158,29,4.606973397341026e-06,0.0,nan
158,30,1.1432570200678007e-05,0.0,nan
158,31,4.149046865980506e-06,0.0,nan
158,32,2.481241578965305e-05,0.0,nan
158,33,1.1511194975331126e-05,0.0,nan
158,34,7.0679389748755905e-06,0.0,nan
158,35,9.701757056836095e-06,0.0,nan
158,36,9.124539574601165e-06,0.0,nan
158,37,4.494438981614881e-06,0.0,nan
158,38,6.235681188346379e-06,0.0,nan
158,39,3.111737137488183e-06,0.0,nan
158,40,1.752393334186151e-05,0.0,nan
158,41,1.213285986662742e-05,0.0,nan
158,42,2.0141532727756383e-06,0.0,nan
158,43,5.262250416886004e-06,0.0,nan
158,44,7.133251097291754e-06,0.0,nan
158,45,8.785880846628264e-06,0.0,nan
158,46,3.2244569767164205e-06,0.0,nan
158,47,1.228994299049402e-05,0.0,nan
158,48,6.8900740108721024e-06,0.0,nan
158,49,1.5887017577221147e-06,0.0,nan
158,50,1.2131421361102002e-05,0.0,nan
158,51,6.64071627486369e-06,0.0,nan
158,52,2.1273997308916973e-05,0.0,nan
158,53,3.5953394019856543e-06,0.0,nan
158,54,5.777657601523835e-06,0.0,nan
158,55,1.9839986509412247e-06,0.0,nan
158,56,1.2300051633558754e-05,0.0,nan
158,57,1.3904934085032305e-05,0.0,nan
158,58,4.528149570659792e-06,0.0,nan
158,59,1.559476550283442e-05,0.0,nan
158,60,3.537534732530068e-06,0.0,nan
158,61,2.9942401941253532e-06,0.0,nan
158,62,9.43492686794708e-06,0.0,nan
158,63,1.2201282002995558e-05,0.0,nan
158,64,4.944724516220974e-06,0.0,nan
158,65,2.4682754996777044e-05,0.0,nan
158,66,5.048808883936045e-06,0.0,nan
158,67,4.036856816152623e-06,0.0,nan
158,68,3.3488747979038208e-06,0.0,nan
158,69,3.935790538131366e-06,0.0,nan
158,70,4.77403602157996e-06,0.0,nan
158,71,7.202234649656849e-06,0.0,nan
158,72,1.2496588220855417e-05,0.0,nan
158,73,8.923945915510048e-06,0.0,nan
158,74,9.394461633496127e-06,0.0,nan
158,75,8.846785965542764e-06,0.0,nan
158,76,5.240166402978555e-06,0.0,nan
158,77,7.0207789725464e-06,0.0,nan
158,78,3.0370250116476406e-06,0.0,nan
158,79,7.554059703189548e-06,0.0,nan
158,80,7.245615120598927e-06,0.0,nan
158,81,5.194663881589345e-06,0.0,nan
158,82,6.53345136663468e-06,0.0,nan
158,83,1.2092859794096095e-05,0.0,nan
158,84,6.940346447050055e-06,0.0,nan
158,85,9.448608819422206e-06,0.0,nan
158,86,2.6982134319297647e-06,0.0,nan
158,87,9.593101512404757e-06,0.0,nan
158,88,5.863505549272688e-06,0.0,nan
158,89,1.5767372246361493e-06,0.0,nan
158,90,5.9541784333379286e-06,0.0,nan
158,91,4.546374289338054e-06,0.0,nan
158,92,1.2185989110197545e-05,0.0,nan
158,93,7.421455072520639e-06,0.0,nan
158,94,6.950640127512208e-06,0.0,nan
158,95,2.1943791801893193e-05,0.0,nan
158,96,9.470129678579113e-06,0.0,nan
158,97,1.2461594615668453e-06,0.0,nan
158,98,5.612413696198189e-06,0.0,nan
158,99,3.1292763044955417e-06,0.0,nan
159,0,1.6555716956302588e-05,0.0,nan
159,1,1.0358303255499513e-05,0.0,nan
159,2,8.49563886884908e-06,0.0,nan
159,3,5.496728611858563e-06,0.0,nan
159,4,4.17079927499226e-06,0.0,nan
159,5,1.5680584896625168e-05,0.0,nan
159,6,1.4962003214734993e-05,0.0,nan
159,7,3.098113696812964e-05,0.0,nan
159,8,1.2463840293791957e-05,0.0,nan
159,9,4.913833477515039e-06,0.0,nan
159,10,2.340213215831461e-05,0.0,nan
159,11,0.19094304289262629,1.0,nan
159,12,2.4981327144905936e-05,0.0,nan
159,13,1.2821955085091416e-05,0.0,nan
159,14,1.0145263488797176e-05,0.0,nan
159,15,1.0746196261178104e-05,0.0,nan
159,16,1.7646053107680586e-05,0.0,nan
159,17,1.6563485179779992e-05,0.0,nan
159,18,1.190570405646213e-05,0.0,nan
159,19,2.2394567758367307e-05,0.0,nan
159,20,1.9589105826274544e-05,0.0,nan
159,21,0.11791643272163548,1.0,nan
159,22,1.0891232970350884e-05,0.0,nan
159,23,2.3322995745113857e-05,0.0,nan
159,24,4.225472107875105e-06,0.0,nan
159,25,1.4884300441505874e-05,0.0,nan
159,26,8.457433157707131e-06,0.0,nan
159,27,0.24298197645005232,1.0,nan
159,28,6.178391256791302e-06,0.0,nan
159,29,6.40465379237203e-06,0.0,nan
159,30,1.3917496557666735e-05,0.0,nan
159,31,1.3760024240517329e-05,0.0,nan
159,32,2.009126870896737e-05,0.0,nan
159,33,1.2176671434243516e-05,0.0,nan
159,34,5.1903289826201674e-05,0.0,nan
159,35,8.99469104434698e-06,0.0,nan
159,36,6.805244170000596e-06,0.0,nan
159,37,1.4183801762181077e-05,0.0,nan
159,38,8.131513244310786e-06,0.0,nan
159,39,4.382891032554583e-06,0.0,nan
159,40,1.1220851998924006e-05,0.0,nan
159,41,4.228982057455337e-06,0.0,nan
159,42,1.5598487141812344e-05,0.0,nan
159,43,6.779922539539995e-06,0.0,nan
159,44,1.2639928733568094e-05,0.0,nan
159,45,1.0449597846162823e-05,0.0,nan
159,46,1.002497380468153e-05,0.0,nan
159,47,7.167868264119687e-06,0.0,nan
159,48,1.938605317903603e-05,0.0,nan
159,49,2.2545531009084084e-05,0.0,nan
159,50,1.4144168120774012e-05,0.0,nan
159,51,6.774572838566218e-06,0.0,nan
159,52,1.1693168584915918e-05,0.0,nan
159,53,1.053717819401544e-05,0.0,nan
159,54,1.2026548134576055e-05,0.0,nan
159,55,3.959254848721706e-06,0.0,nan
159,56,1.2562534855172524e-05,0.0,nan
159,57,1.5069224705203728e-05,0.0,nan
159,58,1.0941738528614019e-05,0.0,nan
159,59,1.4150971779698925e-05,0.0,nan
159,60,2.017787914300527e-05,0.0,nan
159,61,1.3197642602576385e-05,0.0,nan
159,62,5.741026319771454e-05,0.0,nan
159,63,7.761449541741457e-06,0.0,nan
159,64,7.468306243555993e-06,0.0,nan
159,65,1.3270768798383923e-05,0.0,nan
159,66,9.322500028558183e-06,0.0,nan
159,67,8.87095332966661e-06,0.0,nan
159,68,5.566986697578886e-06,0.0,nan
159,69,8.468606137142161e-06,0.0,nan
159,70,7.809075304307858e-06,0.0,nan
159,71,5.997161992751704e-06,0.0,nan
159,72,1.0550803509235378e-05,0.0,nan
159,73,2.103154516488771e-05,0.0,nan
159,74,5.257177562238352e-06,0.0,nan
159,75,2.184674607319246e-06,0.0,nan
159,76,1.8525948596504484e-05,0.0,nan
159,77,9.58466945496355e-06,0.0,nan
159,78,2.8987353894023382e-05,0.0,nan
159,79,1.1111836272193461e-05,0.0,nan
159,80,1.5301166253976706e-05,0.0,nan
159,81,1.6083596564299365e-05,0.0,nan
159,82,5.006878531086603e-06,0.0,nan
159,83,2.1901583832641872e-05,0.0,nan
159,84,1.5819921263949725e-05,0.0,nan
159,85,1.1673833697066682e-05,0.0,nan
159,86,1.0958514834992711e-05,0.0,nan
159,87,3.0027566554665265e-06,0.0,nan
159,88,4.655167730944489e-06,0.0,nan
159,89,1.0980540878858063e-05,0.0,nan
159,90,1.0112852778976857e-05,0.0,nan
159,91,1.604945228641694e-05,0.0,nan
159,92,5.4790219833630106e-06,0.0,nan
159,93,8.476074945571416e-06,0.0,nan
159,94,1.390144529687022e-05,0.0,nan
159,95,2.4016865265120308e-05,0.0,nan
159,96,9.41743037242426e-06,0.0,nan
159,97,3.783564102722713e-05,0.0,nan
159,98,1.1604181101166835e-05,0.0,nan
159,99,1.1646737393209675e-05,0.0,nan
160,0,1.1685594358224866e-05,0.0,nan
160,1,7.870816260829864e-06,0.0,nan
160,2,9.47369530738455e-06,0.0,nan
160,3,1.7127409388663168e-05,0.0,nan
160,4,1.4536683402666127e-05,0.0,nan
160,5,6.972697374033643e-06,0.0,nan
160,6,7.888956738954533e-06,0.0,nan
160,7,2.5533347513957276e-06,0.0,nan
160,8,6.735145513470711e-06,0.0,nan
160,9,5.993435084745392e-06,0.0,nan
160,10,5.9935404458382665e-06,0.0,nan
160,11,0.24330279952510553,1.0,nan
160,12,6.690334530776425e-06,0.0,nan
160,13,9.075271963632357e-06,0.0,nan
160,14,5.763106069749507e-06,0.0,nan
160,15,5.145277347567232e-06,0.0,nan
160,16,1.1511132362637617e-05,0.0,nan
160,17,8.906828262537216e-06,0.0,nan
160,18,2.3030379437385254e-05,0.0,nan
160,19,8.022196780667016e-06,0.0,nan
160,20,5.935916947300173e-06,0.0,nan
160,21,0.20832474811522944,1.0,nan
160,22,2.1833437169582006e-06,0.0,nan
160,23,6.823774408357053e-06,0.0,nan
160,24,1.647045770669287e-05,0.0,nan
160,25,9.564471226728396e-06,0.0,nan
160,26,1.2426522263453842e-05,0.0,nan
160,27,0.2912008201595001,1.0,nan
160,28,1.1734705201685004e-05,0.0,nan
160,29,7.980944755189064e-06,0.0,nan
160,30,8.041550159599582e-06,0.0,nan
160,31,4.23828509052848e-06,0.0,nan
160,32,5.430919826524255e-06,0.0,nan
160,33,7.17808070875275e-06,0.0,nan
160,34,1.2876636195452622e-05,0.0,nan
160,35,3.326934833408164e-05,0.0,nan
160,36,1.9318971627641422e-05,0.0,nan
160,37,1.6042795873714737e-05,0.0,nan
160,38,1.751781862957193e-05,0.0,nan
160,39,1.4721155763123635e-05,0.0,nan
160,40,9.232275288102995e-06,0.0,nan
160,41,1.0184280015152934e-05,0.0,nan
160,42,3.3203891969123678e-06,0.0,nan
160,43,2.015111070578865e-05,0.0,nan
160,44,1.3484717852401738e-05,0.0,nan
160,45,1.0787386782756299e-05,0.0,nan
160,46,6.064387247977337e-06,0.0,nan
160,47,6.588758787539544e-06,0.0,nan
160,48,6.737648345071864e-06,0.0,nan
160,49,1.3202669735866792e-05,0.0,nan
160,50,8.232739314635705e-07,0.0,nan
160,51,3.7496294027453447e-06,0.0,nan
160,52,1.1252507557322912e-05,0.0,nan
160,53,1.1524228051057605e-05,0.0,nan
160,54,2.6270833760700994e-05,0.0,nan
160,55,1.575564812104076e-05,0.0,nan
160,56,6.438131856342886e-06,0.0,nan
160,57,6.8069693269607904e-06,0.0,nan
160,58,1.673078432267665e-05,0.0,nan
160,59,8.292564420507803e-06,0.0,nan
160,60,1.4172658875040674e-05,0.0,nan
160,61,2.1374090968432133e-06,0.0,nan
160,62,3.095719995367952e-05,0.0,nan
160,63,1.1932945232362774e-05,0.0,nan
160,64,8.715673176946971e-06,0.0,nan
160,65,6.2901040767330554e-06,0.0,nan
160,66,9.11766388672956e-06,0.0,nan
160,67,5.5925060892926115e-06,0.0,nan
160,68,7.5626615689765265e-06,0.0,nan
160,69,1.322017804424923e-05,0.0,nan
160,70,1.3281835628546238e-05,0.0,nan
160,71,3.831561908272699e-05,0.0,nan
160,72,5.396134698717216e-06,0.0,nan
160,73,1.0978541989561838e-05,0.0,nan
160,74,1.3409128963649445e-05,0.0,nan
160,75,4.808543225915138e-06,0.0,nan
160,76,4.538846898861183e-06,0.0,nan
160,77,7.185933712141423e-06,0.0,nan
160,78,5.772894004335291e-06,0.0,nan
160,79,5.875144304055735e-06,0.0,nan
160,80,3.3396680580874633e-06,0.0,nan
160,81,6.815019589261417e-06,0.0,nan
160,82,1.733873206207944e-05,0.0,nan
160,83,9.273770162004252e-06,0.0,nan
160,84,8.973266858813967e-06,0.0,nan
160,85,5.254379588615956e-06,0.0,nan
160,86,6.635466515696181e-06,0.0,nan
160,87,5.754379476001508e-06,0.0,nan
160,88,8.297695913757607e-06,0.0,nan
160,89,1.5505041735953765e-05,0.0,nan
160,90,2.0663977956991723e-05,0.0,nan
160,91,6.358813164422553e-06,0.0,nan
160,92,9.345845155773981e-06,0.0,nan
160,93,8.193662990315787e-06,0.0,nan
160,94,4.862484562125063e-07,0.0,nan
160,95,7.0796845474799925e-06,0.0,nan
160,96,1.3007895589490795e-05,0.0,nan
160,97,1.2727458792522757e-05,0.0,nan
160,98,1.324367758637478e-05,0.0,nan
160,99,4.787144701657866e-06,0.0,nan
161,0,1.1927947277153956e-05,0.0,nan
161,1,1.7458279758098375e-05,0.0,nan
161,2,1.3672747695175241e-05,0.0,nan
161,3,1.0096749783937031e-05,0.0,nan
161,4,1.4309409984672678e-05,0.0,nan
161,5,8.62866879890917e-06,0.0,nan
161,6,6.504050681009966e-06,0.0,nan
161,7,1.6505625012410153e-05,0.0,nan
161,8,5.734038270477739e-06,0.0,nan
161,9,3.550200526897692e-06,0.0,nan
161,10,7.163407312169699e-06,0.0,nan
161,11,0.2193439550114229,1.0,nan
161,12,1.410005120760641e-05,0.0,nan
161,13,7.866430941314943e-06,0.0,nan
161,14,6.932817756823192e-06,0.0,nan
161,15,6.847439513739909e-06,0.0,nan
161,16,7.903248367543893e-06,0.0,nan
161,17,1.569387115468729e-05,0.0,nan
161,18,6.016736810690581e-05,0.0,nan
161,19,9.62338437265011e-07,0.0,nan
161,20,2.1374397743580848e-05,0.0,nan
161,21,0.1936663808861989,1.0,nan
161,22,6.836378266922788e-06,0.0,nan
161,23,1.3250714177154764e-05,0.0,nan
161,24,2.999048412968926e-06,0.0,nan
161,25,9.67815990468286e-06,0.0,nan
161,26,6.538431696074174e-06,0.0,nan
161,27,0.4222928911117907,1.0,nan
161,28,1.190509287881123e-05,0.0,nan
161,29,2.565865872682669e-06,0.0,nan
161,30,3.6791196289631634e-06,0.0,nan
161,31,1.2863477813118724e-05,0.0,nan
161,32,6.102315846504458e-06,0.0,nan
161,33,7.567918336288448e-06,0.0,nan
161,34,8.05721353946611e-06,0.0,nan
161,35,1.9982216530561594e-05,0.0,nan
161,36,7.813532442887182e-06,0.0,nan
161,37,1.1064586383975248e-05,0.0,nan
161,38,1.3648383764378483e-05,0.0,nan
161,39,2.275996083039212e-05,0.0,nan
161,40,3.339893621864822e-06,0.0,nan
161,41,1.1122810424136087e-05,0.0,nan
161,42,4.698023051271568e-06,0.0,nan
161,43,7.761040139856271e-06,0.0,nan
161,44,6.085884533322715e-06,0.0,nan
161,45,5.360670001851785e-06,0.0,nan
161,46,6.581182648799057e-06,0.0,nan
161,47,2.8481568697343854e-06,0.0,nan
161,48,7.737772006559812e-06,0.0,nan
161,49,1.872987026580132e-05,0.0,nan
161,50,6.901047839576241e-06,0.0,nan
161,51,5.487297841809396e-06,0.0,nan
161,52,5.8082504111167836e-06,0.0,nan
161,53,8.499403818722443e-06,0.0,nan
161,54,8.160377818372025e-06,0.0,nan
161,55,1.4057420668330703e-05,0.0,nan
161,56,7.78574215538604e-06,0.0,nan
161,57,3.469232736354047e-06,0.0,nan
161,58,3.797009413627688e-06,0.0,nan
161,59,6.04612036162301e-06,0.0,nan
161,60,1.5279750289227713e-05,0.0,nan
161,61,2.625477104919007e-06,0.0,nan
161,62,5.446374438433957e-06,0.0,nan
161,63,3.0057250286651983e-05,0.0,nan
161,64,1.037716431597104e-05,0.0,nan
161,65,3.367138260084532e-05,0.0,nan
161,66,4.230535887480274e-06,0.0,nan
161,67,5.2167478506750235e-06,0.0,nan
161,68,2.8521578022593018e-06,0.0,nan
161,69,1.4594294203258296e-05,0.0,nan
161,70,4.48055042897847e-05,0.0,nan
161,71,1.955631737836995e-05,0.0,nan
161,72,7.6155726732818314e-06,0.0,nan
161,73,7.736057687038828e-06,0.0,nan
161,74,6.2980577428955155e-06,0.0,nan
161,75,3.2329313461680047e-06,0.0,nan
161,76,2.6207733139529557e-06,0.0,nan
161,77,9.025571009148863e-06,0.0,nan
161,78,7.048989063031819e-06,0.0,nan
161,79,8.399241150505516e-06,0.0,nan
161,80,1.8984919286585385e-05,0.0,nan
161,81,2.161266901738256e-05,0.0,nan
161,82,4.506966009469076e-06,0.0,nan
161,83,6.8773549871528e-06,0.0,nan
161,84,9.308677065592854e-06,0.0,nan
161,85,6.348235311186799e-06,0.0,nan
161,86,3.761837107491211e-05,0.0,nan
161,87,1.5738354674178614e-05,0.0,nan
161,88,4.113234865522749e-06,0.0,nan
161,89,1.5407944126893547e-05,0.0,nan
161,90,1.1246113928141173e-05,0.0,nan
161,91,1.811731747469093e-05,0.0,nan
161,92,1.3685610375407435e-05,0.0,nan
161,93,1.2448534533085983e-05,0.0,nan
161,94,6.825398475731568e-06,0.0,nan
161,95,1.4247634147839145e-05,0.0,nan
161,96,5.034482191036502e-06,0.0,nan
161,97,7.0163656221296455e-06,0.0,nan
161,98,1.1459975911905504e-05,0.0,nan
161,99,1.4080735816186138e-05,0.0,nan
162,0,0.0010452708734669657,0.0,nan
162,1,0.000564292957893585,0.0,nan
162,2,2.7119602338938908e-05,0.0,nan
162,3,0.0038527521627965316,0.0,nan
162,4,0.00017089383948658287,0.0,nan
162,5,0.0007342124916414519,0.0,nan
162,6,0.00013115842637564175,0.0,nan
162,7,0.0011222291997835176,0.0,nan
162,8,0.001494301730834232,0.0,nan
162,9,0.0014034509430105634,0.0,nan
162,10,0.0005314224947006142,0.0,nan
162,11,0.004958430779279476,0.0,nan
162,12,0.002533977876027639,0.0,nan
162,13,0.0014880150604899276,0.0,nan
162,14,0.0002965401698016897,0.0,nan
162,15,4.067748338426409e-06,0.0,nan
162,16,0.0004240869249052446,0.0,nan
162,17,0.00037487834065208373,0.0,nan
162,18,0.00330867178819724,0.0,nan
162,19,0.002125268836943006,0.0,nan
162,20,0.00014317123698461855,0.0,nan
162,21,405961066.9963425,1.0,nan
162,22,0.0005318050861606236,0.0,nan
162,23,0.0006034860684727296,0.0,nan
162,24,0.0006272948183208722,0.0,nan
162,25,3.496436894210313e-05,0.0,nan
162,26,0.0013916252792868945,0.0,nan
162,27,0.00010320463268838108,0.0,nan
162,28,0.00033678877145818995,0.0,nan
162,29,0.00040405957327449294,0.0,nan
162,30,0.00672988578364087,0.0,nan
162,31,0.0002222071671090401,0.0,nan
162,32,0.0005110019855643121,0.0,nan
162,33,0.00028245981176401006,0.0,nan
162,34,0.0002914472712049667,0.0,nan
162,35,0.006458588420604838,0.0,nan
162,36,0.00018977382652980035,0.0,nan
162,37,0.0007477306401648963,0.0,nan
162,38,5.360840003866129e-05,0.0,nan
162,39,0.0001678560993910201,0.0,nan
162,40,0.00023215959144367557,0.0,nan
162,41,0.00029946061397422333,0.0,nan
162,42,0.001237576524771445,0.0,nan
162,43,0.00045393245459522983,0.0,nan
162,44,0.000440509846108218,0.0,nan
162,45,0.0020194481588173023,0.0,nan
162,46,0.0006543710901291764,0.0,nan
162,47,0.0003154649536160916,0.0,nan
162,48,0.00010070927823035439,0.0,nan
162,49,0.001596320171593711,0.0,nan
162,50,2.2595983853444565e-05,0.0,nan
162,51,0.00036073357611654175,0.0,nan
162,52,0.0014852213962092834,0.0,nan
162,53,0.0026185254956583174,0.0,nan
162,54,0.002251885291931108,0.0,nan
162,55,0.0035450520531826978,0.0,nan
162,56,0.0027910094426343754,0.0,nan
162,57,0.00027645579950779823,0.0,nan
162,58,0.008682044277578804,0.0,nan
162,59,0.0031055853716916524,0.0,nan
162,60,0.00017369044375573062,0.0,nan
162,61,0.002634818315076874,0.0,nan
162,62,0.0005045380140551142,0.0,nan
162,63,9.380457662152037e-05,0.0,nan
162,64,0.00041175967071729164,0.0,nan
162,65,0.01114927843946853,0.0,nan
162,66,0.000921930817020688,0.0,nan
162,67,0.00019963569146496537,0.0,nan
162,68,0.00020868530184835557,0.0,nan
162,69,0.00020250071767792755,0.0,nan
162,70,0.0008886178027593609,0.0,nan
162,71,0.00021829101671868418,0.0,nan
162,72,6.517842971672724e-05,0.0,nan
162,73,0.0035970014520515514,0.0,nan
162,74,0.0005615082706051361,0.0,nan
162,75,0.00012382068606690003,0.0,nan
162,76,0.0029216071705382286,0.0,nan
162,77,0.0001854272274109655,0.0,nan
162,78,0.0006887688817493181,0.0,nan
162,79,0.0007898792594984299,0.0,nan
162,80,0.0009338638900394726,0.0,nan
162,81,0.00012825617588184553,0.0,nan
162,82,0.0002603627279518466,0.0,nan
162,83,0.00018271758941606445,0.0,nan
162,84,9.422694853853574e-05,0.0,nan
162,85,0.00016029766156910993,0.0,nan
162,86,0.001657448842565977,0.0,nan
162,87,0.0010793451386626374,0.0,nan
162,88,0.001112383061545291,0.0,nan
162,89,0.00029652436332890613,0.0,nan
162,90,0.0002082820143519644,0.0,nan
162,91,0.005482446987041338,0.0,nan
162,92,0.0007764921727178606,0.0,nan
162,93,0.0008914757055618122,0.0,nan
162,94,0.0003472204921391133,0.0,nan
162,95,0.006134831204389161,0.0,nan
162,96,0.00010107778725926488,0.0,nan
162,97,0.00017157505793835006,0.0,nan
162,98,0.001912940269016851,0.0,nan
162,99,0.000726238943776232,0.0,nan
163,0,5.573148796750405e-06,0.0,nan
163,1,1.173876047541156e-05,0.0,nan
163,2,7.195160519497906e-06,0.0,nan
163,3,2.3376317289343217e-05,0.0,nan
163,4,1.765027662517051e-05,0.0,nan
163,5,1.0256822020590907e-05,0.0,nan
163,6,6.6348872970146534e-06,0.0,nan
163,7,1.4872915110851831e-05,0.0,nan
163,8,1.4986649145635103e-05,0.0,nan
163,9,1.0558080433497063e-05,0.0,nan
163,10,4.858285256931007e-06,0.0,nan
163,11,0.20661915063180458,1.0,nan
163,12,5.336710822802638e-06,0.0,nan
163,13,1.2273077483967748e-05,0.0,nan
163,14,8.811648185934623e-06,0.0,nan
163,15,1.2842670071672827e-05,0.0,nan
163,16,3.10314623731968e-05,0.0,nan
163,17,1.1627262073775471e-05,0.0,nan
163,18,3.8623373378475984e-06,0.0,nan
163,19,2.343120627611461e-05,0.0,nan
163,20,2.709523640392148e-05,0.0,nan
163,21,0.19951455797082887,1.0,nan
163,22,1.1203959971933523e-05,0.0,nan
163,23,3.971235183545676e-06,0.0,nan
163,24,4.046472460368142e-06,0.0,nan
163,25,1.2658491286069985e-05,0.0,nan
163,26,7.776737005999422e-06,0.0,nan
163,27,0.2628668369629024,1.0,nan
163,28,9.65567551065642e-06,0.0,nan
163,29,7.827299050161406e-06,0.0,nan
163,30,6.477965592746437e-06,0.0,nan
163,31,1.3545183658514422e-05,0.0,nan
163,32,1.5120970429217372e-05,0.0,nan
163,33,1.9153483525163896e-05,0.0,nan
163,34,1.0045041428842878e-05,0.0,nan
163,35,7.889507261015536e-06,0.0,nan
163,36,1.816710731843205e-05,0.0,nan
163,37,1.20432874131069e-05,0.0,nan
163,38,6.967379971415214e-06,0.0,nan
163,39,9.93184248270699e-06,0.0,nan
163,40,8.523768652676156e-06,0.0,nan
163,41,1.2653636009535086e-05,0.0,nan
163,42,1.532535619139791e-05,0.0,nan
163,43,9.552186315186843e-06,0.0,nan
163,44,1.6079735523245164e-05,0.0,nan
163,45,2.0622198192406595e-05,0.0,nan
163,46,5.086036872168108e-06,0.0,nan
163,47,1.3300581391006706e-05,0.0,nan
163,48,1.0650118718410607e-05,0.0,nan
163,49,1.2769741220655404e-05,0.0,nan
163,50,1.66455106638463e-05,0.0,nan
163,51,7.377947239713535e-06,0.0,nan
163,52,1.3880148439150304e-05,0.0,nan
163,53,1.0644659034551041e-05,0.0,nan
163,54,1.163532373372768e-05,0.0,nan
163,55,1.4181552526644414e-05,0.0,nan
163,56,1.3655940014292948e-05,0.0,nan
163,57,4.897144879782634e-06,0.0,nan
163,58,3.0010416995399506e-05,0.0,nan
163,59,3.872209956352103e-06,0.0,nan
163,60,9.888174077383473e-06,0.0,nan
163,61,1.226284917499446e-05,0.0,nan
163,62,2.044120872057141e-05,0.0,nan
163,63,2.1910088762592036e-05,0.0,nan
163,64,1.1748981152981218e-05,0.0,nan
163,65,7.831440768651448e-06,0.0,nan
163,66,6.734190040556039e-06,0.0,nan
163,67,6.592571790341785e-06,0.0,nan
163,68,1.3205519431793384e-05,0.0,nan
163,69,1.6872638417619568e-05,0.0,nan
163,70,1.0535427161823637e-05,0.0,nan
163,71,1.1297326578919405e-05,0.0,nan
163,72,1.035031604735201e-05,0.0,nan
163,73,1.2841226685022581e-05,0.0,nan
163,74,5.74897916139127e-06,0.0,nan
163,75,1.583481252359463e-05,0.0,nan
163,76,1.7572321270422497e-05,0.0,nan
163,77,3.833099848548162e-06,0.0,nan
163,78,1.8025061192049177e-05,0.0,nan
163,79,6.1159937990212474e-06,0.0,nan
163,80,2.1970596511146005e-05,0.0,nan
163,81,1.1367156291603858e-05,0.0,nan
163,82,1.5660981692974228e-05,0.0,nan
163,83,9.878712871856719e-06,0.0,nan
163,84,6.418707705774696e-06,0.0,nan
163,85,8.254278845234577e-06,0.0,nan
163,86,1.1388811454784683e-05,0.0,nan
163,87,8.338287139480772e-06,0.0,nan
163,88,1.2607639982877312e-05,0.0,nan
163,89,7.053154520629171e-06,0.0,nan
163,90,1.3640088946043686e-05,0.0,nan
163,91,2.1609476277997184e-05,0.0,nan
163,92,1.4322898305953636e-05,0.0,nan
163,93,1.15346479783196e-05,0.0,nan
163,94,7.07417861679019e-06,0.0,nan
163,95,6.350616051733909e-06,0.0,nan
163,96,1.835193467574064e-05,0.0,nan
163,97,1.5648117908221093e-05,0.0,nan
163,98,0.00013906464671675537,0.0,nan
163,99,1.4668221514986752e-05,0.0,nan
164,0,9.03775378355846e-06,0.0,nan
164,1,1.320227033852746e-06,0.0,nan
164,2,5.6914512460423805e-06,0.0,nan
164,3,4.21152695260797e-06,0.0,nan
164,4,1.2234849712711524e-05,0.0,nan
164,5,3.5739934775205186e-06,0.0,nan
164,6,3.538221151040963e-06,0.0,nan
164,7,6.387349800071462e-06,0.0,nan
164,8,2.233834188309003e-06,0.0,nan
164,9,1.7307919554488946e-06,0.0,nan
164,10,1.601691480379104e-05,0.0,nan
164,11,0.2020116297364361,1.0,nan
164,12,1.8401952504875616e-06,0.0,nan
164,13,7.650497917338832e-06,0.0,nan
164,14,4.019092682477877e-06,0.0,nan
164,15,1.920223144502312e-05,0.0,nan
164,16,5.115379234982906e-06,0.0,nan
164,17,9.271274501724604e-06,0.0,nan
164,18,4.782862901968428e-06,0.0,nan
164,19,6.269158090619002e-06,0.0,nan
164,20,8.008583592572757e-06,0.0,nan
164,21,0.12578124885451433,1.0,nan
164,22,9.199885767538709e-06,0.0,nan
164,23,4.492471857818903e-06,0.0,nan
164,24,9.372995557605876e-07,0.0,nan
164,25,2.3201109131390795e-06,0.0,nan
164,26,4.174322239991868e-06,0.0,nan
164,27,0.77268762491896,1.0,nan
164,28,1.4866972919490597e-06,0.0,nan
164,29,5.920241061144476e-06,0.0,nan
164,30,2.7843758146198897e-06,0.0,nan
164,31,5.168497165730084e-06,0.0,nan
164,32,1.3113858523539648e-05,0.0,nan
164,33,3.4920708392008643e-06,0.0,nan
164,34,1.222007078681899e-05,0.0,nan
164,35,4.933640375723144e-06,0.0,nan
164,36,2.968888351841807e-06,0.0,nan
164,37,4.910804651782422e-06,0.0,nan
164,38,2.180322774738371e-06,0.0,nan
164,39,2.8429826340919946e-06,0.0,nan
164,40,1.0016137970791402e-06,0.0,nan
164,41,8.085262555851571e-06,0.0,nan
164,42,4.152099213183528e-06,0.0,nan
164,43,5.395193510134857e-06,0.0,nan
164,44,2.5134967451207286e-06,0.0,nan
164,45,4.665248922153756e-06,0.0,nan
164,46,4.060067369352896e-06,0.0,nan
164,47,8.257045997498974e-06,0.0,nan
164,48,3.7736568190280717e-06,0.0,nan
164,49,1.556196580313083e-06,0.0,nan
164,50,2.1101171885364184e-06,0.0,nan
164,51,7.304531538783982e-06,0.0,nan
164,52,3.2283752341261347e-06,0.0,nan
164,53,3.6775201777151344e-06,0.0,nan
164,54,8.251930436408017e-06,0.0,nan
164,55,4.416581239749841e-06,0.0,nan
164,56,8.674424219220507e-06,0.0,nan
164,57,7.1333074588136875e-06,0.0,nan
164,58,5.8349569043697955e-06,0.0,nan
164,59,3.21059799538231e-06,0.0,nan
164,60,6.76755038519424e-06,0.0,nan
164,61,4.2758590456768805e-06,0.0,nan
164,62,2.756734848039634e-06,0.0,nan
164,63,2.3001960868306273e-05,0.0,nan
164,64,3.1851464682996474e-06,0.0,nan
164,65,7.567908232191888e-06,0.0,nan
164,66,9.116605684126333e-06,0.0,nan
164,67,6.898428873761141e-06,0.0,nan
164,68,4.34376137929364e-06,0.0,nan
164,69,1.61051520324692e-05,0.0,nan
164,70,4.409363903841676e-06,0.0,nan
164,71,9.040553332646058e-06,0.0,nan
164,72,4.739944138284948e-06,0.0,nan
164,73,3.798638677324167e-06,0.0,nan
164,74,5.0209368312852315e-06,0.0,nan
164,75,1.024835187245865e-05,0.0,nan
164,76,1.201605049946109e-05,0.0,nan
164,77,5.934613574302661e-06,0.0,nan
164,78,1.403659776513283e-06,0.0,nan
164,79,8.732354867116458e-06,0.0,nan
164,80,6.218843954810609e-06,0.0,nan
164,81,3.1887819861284394e-06,0.0,nan
164,82,2.683960235251035e-06,0.0,nan
164,83,1.1125119711339003e-05,0.0,nan
164,84,4.318886223323573e-06,0.0,nan
164,85,5.788008077724317e-06,0.0,nan
164,86,1.2268220892485553e-06,0.0,nan
164,87,4.223292973581527e-06,0.0,nan
164,88,1.0238730586946876e-05,0.0,nan
164,89,2.0385023138836013e-06,0.0,nan
164,90,3.974315928773276e-06,0.0,nan
164,91,3.689474857220398e-06,0.0,nan
164,92,4.6209899427693215e-06,0.0,nan
164,93,3.925379120417733e-06,0.0,nan
164,94,8.377038163130789e-06,0.0,nan
164,95,2.084505836820231e-06,0.0,nan
164,96,2.098104324867361e-05,0.0,nan
164,97,1.769908965097575e-05,0.0,nan
164,98,4.1994453698749636e-06,0.0,nan
164,99,1.5292615147728749e-06,0.0,nan
165,0,1.3594591814233859e-05,0.0,nan
165,1,5.461711939975841e-06,0.0,nan
165,2,2.7416498006713467e-05,0.0,nan
165,3,1.0763312738266409e-05,0.0,nan
165,4,1.5914187338257317e-05,0.0,nan
165,5,4.043596992884398e-06,0.0,nan
165,6,1.7603183976356834e-05,0.0,nan
165,7,8.320415555738774e-06,0.0,nan
165,8,5.531205385905757e-06,0.0,nan
165,9,5.290663822326102e-06,0.0,nan
165,10,8.26881452859284e-06,0.0,nan
165,11,0.20259370247339042,1.0,nan
165,12,2.3909747428924977e-05,0.0,nan
165,13,1.4911708071018038e-05,0.0,nan
165,14,9.477854147310282e-06,0.0,nan
165,15,2.0101561132324955e-05,0.0,nan
165,16,6.50194292635889e-06,0.0,nan
165,17,4.9722278855407135e-06,0.0,nan
165,18,2.294073795263107e-05,0.0,nan
165,19,1.0253553684454718e-05,0.0,nan
165,20,5.442490045443719e-06,0.0,nan
165,21,0.1786516908770636,1.0,nan
165,22,7.502085591662815e-06,0.0,nan
165,23,7.055246349334328e-06,0.0,nan
165,24,7.48051858154717e-06,0.0,nan
165,25,5.690717455063798e-06,0.0,nan
165,26,8.986185929073334e-06,0.0,nan
165,27,0.35083374519371757,1.0,nan
165,28,8.959714295588115e-06,0.0,nan
165,29,4.322730430155915e-06,0.0,nan
165,30,3.3665251409683476e-06,0.0,nan
165,31,7.256084892854058e-06,0.0,nan
165,32,2.484133324338554e-05,0.0,nan
165,33,7.837577119879551e-06,0.0,nan
165,34,7.44100215996584e-06,0.0,nan
165,35,3.198874107894538e-06,0.0,nan
165,36,6.563059028952404e-06,0.0,nan
165,37,7.209542835814217e-06,0.0,nan
165,38,7.88051178601193e-06,0.0,nan
165,39,5.210035631240404e-06,0.0,nan
165,40,6.41987489576517e-06,0.0,nan
165,41,1.0308917098316592e-05,0.0,nan
165,42,1.267640323747032e-05,0.0,nan
165,43,6.238740113366486e-06,0.0,nan
165,44,7.159106889119572e-06,0.0,nan
165,45,9.635972738406526e-06,0.0,nan
165,46,6.290917590305773e-06,0.0,nan
165,47,1.1250221932173979e-05,0.0,nan
165,48,1.3000788725830569e-05,0.0,nan
165,49,1.4824438684103101e-05,0.0,nan
165,50,2.926547809479363e-06,0.0,nan
165,51,1.2096882576401133e-05,0.0,nan
165,52,7.08739140063731e-06,0.0,nan
165,53,2.144270506893798e-06,0.0,nan
165,54,2.220252163009501e-06,0.0,nan
165,55,5.010636651496924e-06,0.0,nan
165,56,9.675435254887816e-06,0.0,nan
165,57,7.049851712484726e-06,0.0,nan
165,58,6.04851055487608e-06,0.0,nan
165,59,5.609113878068035e-06,0.0,nan
165,60,3.7015406394888116e-05,0.0,nan
165,61,7.146033076562294e-06,0.0,nan
165,62,9.723446574318028e-06,0.0,nan
165,63,8.523590316467613e-06,0.0,nan
165,64,2.560518555265795e-05,0.0,nan
165,65,1.1091966630358702e-05,0.0,nan
165,66,4.622227609452e-06,0.0,nan
165,67,8.070655074369932e-06,0.0,nan
165,68,6.3218116487497505e-06,0.0,nan
165,69,4.605470969744427e-06,0.0,nan
165,70,8.252270129384615e-06,0.0,nan
165,71,1.1430868036161436e-05,0.0,nan
165,72,2.622966936836199e-06,0.0,nan
165,73,1.2815882309692395e-06,0.0,nan
165,74,3.7645043430310703e-06,0.0,nan
165,75,2.269779858660029e-05,0.0,nan
165,76,1.1790251293489837e-05,0.0,nan
165,77,1.2337398708021482e-05,0.0,nan
165,78,7.456583443315106e-06,0.0,nan
165,79,7.117323815744494e-06,0.0,nan
165,80,9.241154481984552e-06,0.0,nan
165,81,4.82956306649483e-06,0.0,nan
165,82,5.198460281208282e-06,0.0,nan
165,83,8.821651014017535e-06,0.0,nan
165,84,1.356238022366035e-05,0.0,nan
165,85,5.129972990121892e-06,0.0,nan
165,86,6.9935997284162685e-06,0.0,nan
165,87,1.1169648603035625e-05,0.0,nan
165,88,2.975764882335291e-06,0.0,nan
165,89,2.5417707707618864e-05,0.0,nan
165,90,9.1118074883217e-06,0.0,nan
165,91,4.838838217362232e-05,0.0,nan
165,92,9.438445429816558e-06,0.0,nan
165,93,3.631863036007269e-06,0.0,nan
165,94,3.602445420102749e-06,0.0,nan
165,95,4.00924801667754e-06,0.0,nan
165,96,1.0481822828667105e-05,0.0,nan
165,97,7.347534115110219e-06,0.0,nan
165,98,1.3532106738565466e-05,0.0,nan
165,99,6.884028711421987e-06,0.0,nan
166,0,9.066042988517352e-06,0.0,nan
166,1,2.404768041892788e-05,0.0,nan
166,2,1.2295333071534098e-05,0.0,nan
166,3,1.1060962415117228e-05,0.0,nan
166,4,5.446033101056251e-06,0.0,nan
166,5,1.0273391279439215e-05,0.0,nan
166,6,9.657409732204429e-06,0.0,nan
166,7,8.790348769072153e-06,0.0,nan
166,8,3.593622412145582e-06,0.0,nan
166,9,1.0325041289072733e-05,0.0,nan
166,10,5.75057673406047e-06,0.0,nan
166,11,0.25849521642788664,1.0,nan
166,12,1.0750544062133104e-05,0.0,nan
166,13,5.6673947590914096e-06,0.0,nan
166,14,5.544708065772322e-06,0.0,nan
166,15,4.9067222519215866e-06,0.0,nan
166,16,4.382910212467623e-06,0.0,nan
166,17,1.9483107430627694e-05,0.0,nan
166,18,4.722409378832486e-06,0.0,nan
166,19,8.767813623933664e-06,0.0,nan
166,20,8.374165404076676e-06,0.0,nan
166,21,0.1877460449918843,1.0,nan
166,22,7.061118791102368e-06,0.0,nan
166,23,5.481287643840033e-06,0.0,nan
166,24,1.0557546080069084e-05,0.0,nan
166,25,9.309270149841413e-06,0.0,nan
166,26,3.006195435195035e-06,0.0,nan
166,27,0.27306540187599104,1.0,nan
166,28,4.025099011176184e-05,0.0,nan
166,29,6.216791881626886e-06,0.0,nan
166,30,4.65447183471945e-06,0.0,nan
166,31,8.8622877418512e-06,0.0,nan
166,32,4.774436964970318e-06,0.0,nan
166,33,1.75705634457137e-05,0.0,nan
166,34,6.134912498974687e-06,0.0,nan
166,35,1.4202261118158997e-05,0.0,nan
166,36,4.2884914675046175e-06,0.0,nan
166,37,8.768234488755661e-06,0.0,nan
166,38,7.4021507418048126e-06,0.0,nan
166,39,6.418923277823042e-06,0.0,nan
166,40,2.9245803203885803e-06,0.0,nan
166,41,8.621632615175797e-06,0.0,nan
166,42,7.041379732380517e-06,0.0,nan
166,43,1.199644767073706e-06,0.0,nan
166,44,6.032186130366893e-06,0.0,nan
166,45,2.9232721086661865e-05,0.0,nan
166,46,1.4224443191982015e-05,0.0,nan
166,47,5.451248309823492e-06,0.0,nan
166,48,4.379455287243732e-06,0.0,nan
166,49,1.563788994352469e-05,0.0,nan
166,50,1.0851656529363e-05,0.0,nan
166,51,5.538468234579641e-06,0.0,nan
166,52,3.993286252777984e-06,0.0,nan
166,53,1.6205358170268047e-05,0.0,nan
166,54,8.982878806377248e-06,0.0,nan
166,55,8.235946554541506e-06,0.0,nan
166,56,9.160475725992396e-06,0.0,nan
166,57,3.4302874265191947e-06,0.0,nan
166,58,2.3008158661493443e-05,0.0,nan
166,59,1.120034198060324e-05,0.0,nan
166,60,1.2114576655706651e-05,0.0,nan
166,61,7.55941983972911e-06,0.0,nan
166,62,8.335011448504668e-06,0.0,nan
166,63,6.7693206932946626e-06,0.0,nan
166,64,8.998628869944715e-06,0.0,nan
166,65,7.513935798305263e-06,0.0,nan
166,66,2.3647793443807576e-06,0.0,nan
166,67,1.6263609790404335e-05,0.0,nan
166,68,9.087489329214592e-06,0.0,nan
166,69,6.2105489171576044e-06,0.0,nan
166,70,4.9273014951340365e-06,0.0,nan
166,71,1.7195950078176028e-05,0.0,nan
166,72,1.6064236509798746e-05,0.0,nan
166,73,2.182196703021743e-05,0.0,nan
166,74,1.3816940308600465e-05,0.0,nan
166,75,7.07249838338176e-06,0.0,nan
166,76,8.351410115329889e-06,0.0,nan
166,77,9.71483502702855e-06,0.0,nan
166,78,4.862621415621932e-06,0.0,nan
166,79,6.299011021253056e-06,0.0,nan
166,80,1.1253280984133681e-05,0.0,nan
166,81,2.386897557421233e-06,0.0,nan
166,82,8.231002469298696e-06,0.0,nan
166,83,5.55281761962095e-06,0.0,nan
166,84,5.001534307085216e-06,0.0,nan
166,85,7.03334926257204e-06,0.0,nan
166,86,1.4584237475243174e-05,0.0,nan
166,87,9.235006984534838e-06,0.0,nan
166,88,8.112258714619785e-06,0.0,nan
166,89,1.8131780838223842e-06,0.0,nan
166,90,1.0739389268617327e-05,0.0,nan
166,91,6.101130413590439e-06,0.0,nan
166,92,9.954353322780216e-06,0.0,nan
166,93,4.842288041481404e-06,0.0,nan
166,94,4.427143747431317e-06,0.0,nan
166,95,5.842962966084308e-06,0.0,nan
166,96,1.3025903178621002e-05,0.0,nan
166,97,6.2478783631286435e-06,0.0,nan
166,98,1.4943645656525576e-05,0.0,nan
166,99,3.0669432432773267e-06,0.0,nan
167,0,1.4210990621005476e-05,0.0,nan
167,1,3.7102261156789922e-06,0.0,nan
167,2,1.0155592712363975e-05,0.0,nan
167,3,2.2122577174589707e-05,0.0,nan
167,4,1.87316250966797e-05,0.0,nan
167,5,1.5537790844396925e-05,0.0,nan
167,6,8.035734112849952e-06,0.0,nan
167,7,1.4578029756724169e-05,0.0,nan
167,8,3.0100488205224872e-06,0.0,nan
167,9,7.446404082046726e-06,0.0,nan
167,10,2.888247859521633e-06,0.0,nan
167,11,0.19729358262945912,1.0,nan
167,12,1.4013492727131461e-05,0.0,nan
167,13,1.1375592909779162e-05,0.0,nan
167,14,5.3345189412067975e-06,0.0,nan
167,15,1.3948085915555206e-05,0.0,nan
167,16,5.497513122601689e-06,0.0,nan
167,17,1.9097209644722318e-05,0.0,nan
167,18,6.4292494484624e-06,0.0,nan
167,19,1.4700046527587936e-05,0.0,nan
167,20,1.3764328782094292e-05,0.0,nan
167,21,0.2493617985998944,1.0,nan
167,22,2.0301235315416625e-05,0.0,nan
167,23,4.572994030704606e-06,0.0,nan
167,24,8.580859437360782e-06,0.0,nan
167,25,1.1346114778365126e-05,0.0,nan
167,26,1.8891841282569625e-05,0.0,nan
167,27,0.3828382705171194,1.0,nan
167,28,7.4687625057367656e-06,0.0,nan
167,29,7.205631632144949e-06,0.0,nan
167,30,4.470852771146746e-06,0.0,nan
167,31,1.073824371888245e-05,0.0,nan
167,32,2.118917650743887e-05,0.0,nan
167,33,4.441805688181843e-06,0.0,nan
167,34,1.4758828858837939e-05,0.0,nan
167,35,7.985871574749688e-06,0.0,nan
167,36,1.5146580643633986e-05,0.0,nan
167,37,1.0823247715813656e-05,0.0,nan
167,38,1.4305255009253895e-05,0.0,nan
167,39,3.403819549247351e-06,0.0,nan
167,40,6.145455727737709e-06,0.0,nan
167,41,1.3748584073933742e-05,0.0,nan
167,42,1.2333995038478437e-05,0.0,nan
167,43,1.2784496240674812e-05,0.0,nan
167,44,8.171314499857692e-06,0.0,nan
167,45,1.4805356317706143e-05,0.0,nan
167,46,1.5158601992759403e-05,0.0,nan
167,47,1.3016908530703017e-05,0.0,nan
167,48,2.434282247011465e-06,0.0,nan
167,49,1.1872085418042486e-05,0.0,nan
167,50,5.905875253799013e-06,0.0,nan
167,51,6.719635555575507e-06,0.0,nan
167,52,7.028963113059387e-06,0.0,nan
167,53,9.685224216845772e-06,0.0,nan
167,54,2.016849831324491e-05,0.0,nan
167,55,5.307986002556263e-06,0.0,nan
167,56,5.172250626338004e-06,0.0,nan
167,57,6.158412771691613e-06,0.0,nan
167,58,2.1123206136757343e-05,0.0,nan
167,59,4.671600847288669e-06,0.0,nan
167,60,1.4217858368374392e-05,0.0,nan
167,61,7.49249509654999e-06,0.0,nan
167,62,1.2358075367394e-06,0.0,nan
167,63,1.537180566524548e-06,0.0,nan
167,64,9.388663424281588e-06,0.0,nan
167,65,6.1560562740106335e-06,0.0,nan
167,66,1.4415959270035947e-05,0.0,nan
167,67,8.691640117212635e-06,0.0,nan
167,68,1.820637500668369e-05,0.0,nan
167,69,1.4989947784693776e-05,0.0,nan
167,70,3.331133413399237e-05,0.0,nan
167,71,6.99806410404886e-06,0.0,nan
167,72,1.8727194491982853e-06,0.0,nan
167,73,9.693592728288762e-06,0.0,nan
167,74,4.205777369846458e-06,0.0,nan
167,75,1.1699208838237892e-05,0.0,nan
167,76,1.5120697328872906e-05,0.0,nan
167,77,4.334194762189823e-06,0.0,nan
167,78,1.1870609196648595e-05,0.0,nan
167,79,7.608878793623098e-06,0.0,nan
167,80,6.352058117180188e-06,0.0,nan
167,81,1.8518125906570923e-05,0.0,nan
167,82,1.949525666434859e-05,0.0,nan
167,83,1.619778543791611e-05,0.0,nan
167,84,1.4591900837789053e-05,0.0,nan
167,85,2.0123605997395477e-05,0.0,nan
167,86,1.747079954759758e-05,0.0,nan
167,87,1.4470550357360073e-05,0.0,nan
167,88,8.883797243567278e-06,0.0,nan
167,89,6.515723425706722e-06,0.0,nan
167,90,6.541352687082803e-06,0.0,nan
167,91,4.694951700628501e-06,0.0,nan
167,92,2.051113209263083e-05,0.0,nan
167,93,2.1493846534912128e-05,0.0,nan
167,94,5.989062576611123e-06,0.0,nan
167,95,7.848758171254434e-06,0.0,nan
167,96,9.759032098961092e-06,0.0,nan
167,97,2.1321449608955523e-05,0.0,nan
167,98,4.436122709286058e-05,0.0,nan
167,99,5.467897275376419e-06,0.0,nan
168,0,3.5818716183930306e-06,0.0,nan
168,1,5.414430035477769e-06,0.0,nan
168,2,6.7649561374052155e-06,0.0,nan
168,3,1.7754438808486868e-05,0.0,nan
168,4,6.909220457152962e-06,0.0,nan
168,5,6.464916533787284e-06,0.0,nan
168,6,8.491896633612108e-06,0.0,nan
168,7,1.0319972305332138e-05,0.0,nan
168,8,2.5859345504612576e-06,0.0,nan
168,9,1.018027261124223e-05,0.0,nan
168,10,8.73202693327815e-06,0.0,nan
168,11,0.2273146513816696,1.0,nan
168,12,4.6234745138044095e-06,0.0,nan
168,13,8.22385299671535e-06,0.0,nan
168,14,3.0853577770933762e-06,0.0,nan
168,15,7.277395195999513e-06,0.0,nan
168,16,7.235539451509532e-06,0.0,nan
168,17,6.7132095291514e-06,0.0,nan
168,18,1.4591775349384682e-05,0.0,nan
168,19,6.284771814570453e-06,0.0,nan
168,20,3.715667641125574e-06,0.0,nan
168,21,0.24273274183120597,1.0,nan
168,22,1.1764310115165333e-05,0.0,nan
168,23,6.043918608243476e-06,0.0,nan
168,24,5.559910703532432e-06,0.0,nan
168,25,6.871825181357407e-06,0.0,nan
168,26,5.917778755560776e-06,0.0,nan
168,27,0.20953765108879524,1.0,nan
168,28,6.204350943166998e-06,0.0,nan
168,29,6.153600272081038e-06,0.0,nan
168,30,6.110453118597543e-06,0.0,nan
168,31,2.2385585525245056e-05,0.0,nan
168,32,6.915231340466335e-06,0.0,nan
168,33,4.022658266691791e-06,0.0,nan
168,34,1.0238488138252261e-05,0.0,nan
168,35,7.555999326402242e-06,0.0,nan
168,36,9.886965293975784e-06,0.0,nan
168,37,2.464147492336976e-05,0.0,nan
168,38,2.4190713683586377e-06,0.0,nan
168,39,8.295065271114266e-06,0.0,nan
168,40,1.4739658357503681e-05,0.0,nan
168,41,1.3200894327329738e-05,0.0,nan
168,42,2.721648331557978e-06,0.0,nan
168,43,1.1152657396777617e-05,0.0,nan
168,44,2.7821865526985063e-06,0.0,nan
168,45,2.3033588659703442e-05,0.0,nan
168,46,2.6089641630055616e-05,0.0,nan
168,47,2.852730454839005e-06,0.0,nan
168,48,7.278363168884427e-06,0.0,nan
168,49,5.071202887893661e-06,0.0,nan
168,50,1.0453104541239204e-05,0.0,nan
168,51,6.547535313331194e-06,0.0,nan
168,52,8.482393365639688e-06,0.0,nan
168,53,6.653508334879532e-07,0.0,nan
168,54,6.651871607867295e-06,0.0,nan
168,55,5.894394289130155e-06,0.0,nan
168,56,6.217098565722677e-06,0.0,nan
168,57,5.115660479660502e-06,0.0,nan
168,58,5.065097024938805e-06,0.0,nan
168,59,5.85319993083096e-06,0.0,nan
168,60,4.792668821731458e-06,0.0,nan
168,61,5.190947858512939e-06,0.0,nan
168,62,1.2962528614968212e-05,0.0,nan
168,63,4.1776234217917655e-06,0.0,nan
168,64,7.100330961532561e-06,0.0,nan
168,65,2.4979847112618193e-05,0.0,nan
168,66,5.118535649979156e-06,0.0,nan
168,67,4.185297698494583e-06,0.0,nan
168,68,1.4211709411994961e-05,0.0,nan
168,69,9.801615703299632e-06,0.0,nan
168,70,4.781925556316458e-06,0.0,nan
168,71,8.02760728675178e-06,0.0,nan
168,72,4.741191600927897e-06,0.0,nan
168,73,2.5410176182837836e-06,0.0,nan
168,74,6.125396426075101e-06,0.0,nan
168,75,5.767189211050012e-06,0.0,nan
168,76,2.1364250502400225e-06,0.0,nan
168,77,4.103025315812774e-06,0.0,nan
168,78,4.6231376426854595e-06,0.0,nan
168,79,1.6539441821637095e-05,0.0,nan
168,80,1.1741876308346076e-05,0.0,nan
168,81,5.1355272432377275e-06,0.0,nan
168,82,5.460414268246332e-06,0.0,nan
168,83,3.2633676148510394e-06,0.0,nan
168,84,1.1252902513330552e-05,0.0,nan
168,85,9.5512080325971e-06,0.0,nan
168,86,1.1024598974596916e-05,0.0,nan
168,87,6.050542286895103e-06,0.0,nan
168,88,7.276684790904804e-06,0.0,nan
168,89,3.7103552755683427e-06,0.0,nan
168,90,6.200835170192833e-06,0.0,nan
168,91,7.54988961982159e-06,0.0,nan
168,92,1.1685716040058712e-05,0.0,nan
168,93,5.3252861473158e-06,0.0,nan
168,94,1.1456378031848816e-05,0.0,nan
168,95,3.5597919157636225e-05,0.0,nan
168,96,5.038351842105348e-06,0.0,nan
168,97,6.014186990987846e-06,0.0,nan
168,98,5.985536896844232e-06,0.0,nan
168,99,4.438106606246896e-06,0.0,nan
169,0,5.0164567379093655e-06,0.0,nan
169,1,3.8112431682782977e-06,0.0,nan
169,2,8.01755209619736e-06,0.0,nan
169,3,6.928532438254962e-06,0.0,nan
169,4,9.010373674768622e-06,0.0,nan
169,5,2.0513070188564787e-05,0.0,nan
169,6,1.4735487244412359e-05,0.0,nan
169,7,1.1997162572770649e-05,0.0,nan
169,8,8.739673246830076e-06,0.0,nan
169,9,1.2695422382949864e-05,0.0,nan
169,10,5.103568757599712e-06,0.0,nan
169,11,0.27436203300649553,1.0,nan
169,12,1.7429752492411e-05,0.0,nan
169,13,1.1360897072255712e-05,0.0,nan
169,14,5.048324705588798e-06,0.0,nan
169,15,7.198736664956161e-06,0.0,nan
169,16,5.01201055143823e-06,0.0,nan
169,17,4.787302050808836e-06,0.0,nan
169,18,9.735699784080442e-06,0.0,nan
169,19,1.1269556531982293e-05,0.0,nan
169,20,1.0403105371515379e-05,0.0,nan
169,21,0.16550963332459506,1.0,nan
169,22,1.3538765148582367e-05,0.0,nan
169,23,1.6445300798543357e-05,0.0,nan
169,24,7.943585443700586e-06,0.0,nan
169,25,5.812115622587316e-06,0.0,nan
169,26,7.524754446784281e-06,0.0,nan
169,27,0.3273448322714671,1.0,nan
169,28,3.356905614295888e-05,0.0,nan
169,29,9.460916235987414e-06,0.0,nan
169,30,1.2241001179290964e-05,0.0,nan
169,31,1.2425103448166429e-05,0.0,nan
169,32,1.9680486319730168e-05,0.0,nan
169,33,7.112836762670311e-06,0.0,nan
169,34,1.261958791610583e-05,0.0,nan
169,35,5.943260513416835e-06,0.0,nan
169,36,1.3473512720429086e-05,0.0,nan
169,37,1.248689815351552e-05,0.0,nan
169,38,6.138379012999865e-06,0.0,nan
169,39,5.2983922789617035e-06,0.0,nan
169,40,5.804582621559203e-06,0.0,nan
169,41,4.879211464323802e-06,0.0,nan
169,42,6.322372441287571e-06,0.0,nan
169,43,1.5887394469992453e-05,0.0,nan
169,44,2.0252885726938098e-05,0.0,nan
169,45,1.1014298319486227e-05,0.0,nan
169,46,7.437066150029807e-06,0.0,nan
169,47,1.0293042856499882e-05,0.0,nan
169,48,9.112202560321625e-06,0.0,nan
169,49,7.133268419527811e-06,0.0,nan
169,50,7.4959553049189295e-06,0.0,nan
169,51,5.135182863972771e-06,0.0,nan
169,52,2.5454875478757946e-06,0.0,nan
169,53,1.8898729451837388e-05,0.0,nan
169,54,1.6874917111401234e-05,0.0,nan
169,55,9.3579917128249e-06,0.0,nan
169,56,4.194622414324728e-06,0.0,nan
169,57,1.0772638813248077e-05,0.0,nan
169,58,6.796787738391268e-06,0.0,nan
169,59,1.0414787616093414e-05,0.0,nan
169,60,1.0323499432992303e-05,0.0,nan
169,61,1.0778061194412994e-05,0.0,nan
169,62,2.245063301434177e-06,0.0,nan
169,63,5.0023737342685725e-06,0.0,nan
169,64,6.354980395130981e-06,0.0,nan
169,65,7.399626314918997e-06,0.0,nan
169,66,1.227130627841859e-05,0.0,nan
169,67,3.2495931734647626e-06,0.0,nan
169,68,8.293186073496406e-06,0.0,nan
169,69,1.0500370817626806e-05,0.0,nan
169,70,1.3402114584915944e-05,0.0,nan
169,71,9.049146619733692e-06,0.0,nan
169,72,5.874772550603741e-06,0.0,nan
169,73,2.1765776099270044e-05,0.0,nan
169,74,1.0760262618264658e-05,0.0,nan
169,75,9.008260159292664e-06,0.0,nan
169,76,1.2346032580975473e-05,0.0,nan
169,77,1.1664651933534177e-05,0.0,nan
169,78,6.49399862268301e-06,0.0,nan
169,79,2.626340225063669e-06,0.0,nan
169,80,6.561356803231558e-06,0.0,nan
169,81,2.460443744879063e-05,0.0,nan
169,82,5.4728851060920984e-06,0.0,nan
169,83,4.502207623075002e-06,0.0,nan
169,84,1.0588882704631191e-05,0.0,nan
169,85,7.491469463995431e-06,0.0,nan
169,86,1.338015161709658e-05,0.0,nan
169,87,7.571603917599396e-06,0.0,nan
169,88,1.1504357364320812e-05,0.0,nan
169,89,1.978523018410915e-05,0.0,nan
169,90,1.3433145250577965e-05,0.0,nan
169,91,9.587602805286171e-06,0.0,nan
169,92,3.7000482253314754e-06,0.0,nan
169,93,2.237417135334636e-05,0.0,nan
169,94,5.878149001207407e-06,0.0,nan
169,95,7.940901751669804e-06,0.0,nan
169,96,6.445061259441406e-06,0.0,nan
169,97,6.664925224553228e-06,0.0,nan
169,98,1.3687188169940351e-05,0.0,nan
169,99,4.562208089696685e-06,0.0,nan
170,0,7.841148563370932e-06,0.0,nan
170,1,4.96122828977223e-06,0.0,nan
170,2,7.967439175063808e-06,0.0,nan
170,3,1.1285861089070762e-05,0.0,nan
170,4,1.3348121236759098e-05,0.0,nan
170,5,1.5121227733008278e-05,0.0,nan
170,6,1.286429227588045e-05,0.0,nan
170,7,1.35360754348796e-05,0.0,nan
170,8,1.3428309616726279e-05,0.0,nan
170,9,9.478974494903407e-06,0.0,nan
170,10,9.322587736065154e-06,0.0,nan
170,11,0.2839406759684007,1.0,nan
170,12,8.696124632377728e-06,0.0,nan
170,13,4.619208963431834e-05,0.0,nan
170,14,6.130914282287488e-06,0.0,nan
170,15,1.0854976598655627e-05,0.0,nan
170,16,1.1682914124750336e-05,0.0,nan
170,17,8.185246307466356e-06,0.0,nan
170,18,9.652368876780617e-06,0.0,nan
170,19,1.2670642566490226e-05,0.0,nan
170,20,5.4335618392347926e-06,0.0,nan
170,21,0.2404342058548759,1.0,nan
170,22,6.034104248044779e-06,0.0,nan
170,23,9.240679447275365e-06,0.0,nan
170,24,3.9777821476908485e-06,0.0,nan
170,25,3.299741402611652e-05,0.0,nan
170,26,1.8010840999582334e-05,0.0,nan
170,27,0.33022423564583225,1.0,nan
170,28,5.6057774241064475e-06,0.0,nan
170,29,4.378830713374732e-06,0.0,nan
170,30,1.3991092583044306e-05,0.0,nan
170,31,1.0446976324732336e-05,0.0,nan
170,32,2.110438191320484e-05,0.0,nan
170,33,1.1370245913656512e-05,0.0,nan
170,34,1.4302763228284026e-05,0.0,nan
170,35,1.493803351013501e-05,0.0,nan
170,36,4.878582326664289e-06,0.0,nan
170,37,1.0754730057721432e-05,0.0,nan
170,38,9.820391822269646e-06,0.0,nan
170,39,9.213859436052762e-06,0.0,nan
170,40,5.747785453804379e-07,0.0,nan
170,41,7.319133332706545e-06,0.0,nan
170,42,4.671423925822232e-06,0.0,nan
170,43,1.4018867751467323e-05,0.0,nan
170,44,1.0082227417323623e-05,0.0,nan
170,45,2.0787114312819528e-05,0.0,nan
170,46,1.4665579529328958e-05,0.0,nan
170,47,2.605449136266655e-06,0.0,nan
170,48,1.4028118539862234e-05,0.0,nan
170,49,2.0449588666686577e-05,0.0,nan
170,50,2.497499864861464e-05,0.0,nan
170,51,5.3475306066601905e-06,0.0,nan
170,52,1.0578282530348095e-05,0.0,nan
170,53,7.722230501070396e-06,0.0,nan
170,54,1.008128198486907e-05,0.0,nan
170,55,9.800958468070603e-06,0.0,nan
170,56,9.059900551345061e-06,0.0,nan
170,57,3.0854011104534186e-06,0.0,nan
170,58,8.305109909290224e-06,0.0,nan
170,59,1.299449756106932e-05,0.0,nan
170,60,8.258290074542634e-06,0.0,nan
170,61,9.198241527028646e-06,0.0,nan
170,62,2.7317037348026e-05,0.0,nan
170,63,1.114347122636937e-05,0.0,nan
170,64,4.191366816698663e-06,0.0,nan
170,65,1.3907558065876928e-05,0.0,nan
170,66,1.0178247003673393e-05,0.0,nan
170,67,3.1592349228513056e-05,0.0,nan
170,68,1.5069446411967988e-05,0.0,nan
170,69,4.951064154165567e-06,0.0,nan
170,70,9.704016060889042e-06,0.0,nan
170,71,9.346367267528047e-06,0.0,nan
170,72,5.900980744296528e-06,0.0,nan
170,73,4.8461947500822385e-06,0.0,nan
170,74,7.494522816807472e-06,0.0,nan
170,75,9.878395641078319e-06,0.0,nan
170,76,2.035531629568766e-05,0.0,nan
170,77,1.1192178170157089e-05,0.0,nan
170,78,8.033305962443602e-06,0.0,nan
170,79,4.60324277540311e-06,0.0,nan
170,80,7.257409488739016e-06,0.0,nan
170,81,6.908798402824055e-06,0.0,nan
170,82,6.175066076071976e-06,0.0,nan
170,83,6.567245411836723e-06,0.0,nan
170,84,7.816936976283053e-06,0.0,nan
170,85,9.050200539451669e-06,0.0,nan
170,86,3.944008586488479e-06,0.0,nan
170,87,6.333619090178765e-06,0.0,nan
170,88,5.85676810115523e-06,0.0,nan
170,89,3.283758963727665e-06,0.0,nan
170,90,1.7176051830850585e-05,0.0,nan
170,91,3.1712506288324386e-05,0.0,nan
170,92,2.9327129879603305e-06,0.0,nan
170,93,2.8959580047035755e-05,0.0,nan
170,94,8.973329162122913e-06,0.0,nan
170,95,2.113138244080568e-05,0.0,nan
170,96,7.016187169463563e-06,0.0,nan
170,97,2.2589335392643864e-05,0.0,nan
170,98,6.9176507674129655e-06,0.0,nan
170,99,5.587877177797757e-06,0.0,nan
171,0,9.029916375490712e-06,0.0,nan
171,1,6.8475822611655714e-06,0.0,nan
171,2,2.0101574332272868e-06,0.0,nan
171,3,1.195931916437695e-05,0.0,nan
171,4,4.8322135031235555e-06,0.0,nan
171,5,1.9484053519852502e-05,0.0,nan
171,6,4.329413843297005e-06,0.0,nan
171,7,9.283254941280232e-06,0.0,nan
171,8,1.185093334962443e-05,0.0,nan
171,9,4.184124276806295e-06,0.0,nan
171,10,5.280603128759675e-06,0.0,nan
171,11,0.23666770285648608,1.0,nan
171,12,4.348037904830952e-06,0.0,nan
171,13,8.58835807152893e-06,0.0,nan
171,14,9.045546901721107e-06,0.0,nan
171,15,6.9655522425237815e-06,0.0,nan
171,16,1.852916438099967e-05,0.0,nan
171,17,3.7048398283917728e-06,0.0,nan
171,18,4.529883861554087e-06,0.0,nan
171,19,5.317588517634381e-06,0.0,nan
171,20,5.0220485895955365e-06,0.0,nan
171,21,0.2599316754719294,1.0,nan
171,22,1.660364608651446e-05,0.0,nan
171,23,1.1504764994646924e-05,0.0,nan
171,24,9.177530632453662e-06,0.0,nan
171,25,3.246364057195377e-06,0.0,nan
171,26,6.368645108760267e-06,0.0,nan
171,27,0.34903630762100374,1.0,nan
171,28,4.409633952573908e-06,0.0,nan
171,29,1.3286439126128446e-05,0.0,nan
171,30,5.955292184638741e-06,0.0,nan
171,31,2.074303357810525e-05,0.0,nan
171,32,5.913274050239093e-06,0.0,nan
171,33,1.2486458197662763e-05,0.0,nan
171,34,7.476016410959925e-06,0.0,nan
171,35,5.699701146929932e-06,0.0,nan
171,36,9.30499395780582e-06,0.0,nan
171,37,1.1018865521857476e-05,0.0,nan
171,38,8.128480631112588e-06,0.0,nan
171,39,9.677013938351408e-06,0.0,nan
171,40,4.6480612363072375e-06,0.0,nan
171,41,6.957769037720673e-06,0.0,nan
171,42,8.161946611617896e-06,0.0,nan
171,43,1.3376041648881333e-05,0.0,nan
171,44,4.11169251470422e-06,0.0,nan
171,45,4.276444038298257e-07,0.0,nan
171,46,1.9657489595492208e-05,0.0,nan
171,47,3.149516450683041e-06,0.0,nan
171,48,6.0378646972400665e-06,0.0,nan
171,49,7.96928934203074e-06,0.0,nan
171,50,7.691449722555467e-06,0.0,nan
171,51,2.8832524198072837e-06,0.0,nan
171,52,1.5226520552361913e-05,0.0,nan
171,53,8.359646959652496e-06,0.0,nan
171,54,2.644464365481216e-05,0.0,nan
171,55,1.0435401289528748e-05,0.0,nan
171,56,7.642903275572678e-06,0.0,nan
171,57,9.392022384735993e-06,0.0,nan
171,58,3.5056082576803215e-05,0.0,nan
171,59,1.3787479579842192e-05,0.0,nan
171,60,1.5124452461209014e-05,0.0,nan
171,61,5.034419508931394e-06,0.0,nan
171,62,6.6510569125891e-06,0.0,nan
171,63,4.445103972259327e-06,0.0,nan
171,64,9.470502062883611e-06,0.0,nan
171,65,1.7417476591597766e-05,0.0,nan
171,66,8.56711586020649e-06,0.0,nan
171,67,7.558405679929636e-06,0.0,nan
171,68,7.373912768506215e-06,0.0,nan
171,69,6.2400837037458486e-06,0.0,nan
171,70,7.352065152710682e-06,0.0,nan
171,71,7.842897824348247e-06,0.0,nan
171,72,1.0864612655199314e-05,0.0,nan
171,73,2.025594419886285e-06,0.0,nan
171,74,1.041238791425595e-05,0.0,nan
171,75,5.161055137965167e-06,0.0,nan
171,76,7.391632931491377e-06,0.0,nan
171,77,3.7600928211819955e-06,0.0,nan
171,78,5.368454142413574e-06,0.0,nan
171,79,1.9288073756151096e-06,0.0,nan
171,80,9.020616465585786e-06,0.0,nan
171,81,6.621957404715391e-06,0.0,nan
171,82,1.2517960270652006e-05,0.0,nan
171,83,5.23166140951446e-06,0.0,nan
171,84,4.776036010588012e-06,0.0,nan
171,85,9.47465960272681e-06,0.0,nan
171,86,3.948616268664299e-06,0.0,nan
171,87,7.814580791566821e-06,0.0,nan
171,88,6.02194417011233e-06,0.0,nan
171,89,1.0295029694117639e-05,0.0,nan
171,90,9.111869509068999e-06,0.0,nan
171,91,6.894703525115446e-06,0.0,nan
171,92,6.481824712478535e-06,0.0,nan
171,93,1.0657260995238628e-05,0.0,nan
171,94,6.252174015150213e-06,0.0,nan
171,95,4.22587287697886e-06,0.0,nan
171,96,8.105525755313842e-06,0.0,nan
171,97,9.241367097611442e-06,0.0,nan
171,98,3.309770027097562e-05,0.0,nan
171,99,9.16818273648202e-06,0.0,nan
172,0,3.880084784877706e-06,0.0,nan
172,1,7.994206298001128e-06,0.0,nan
172,2,8.009307914004641e-06,0.0,nan
172,3,4.735085383362223e-06,0.0,nan
172,4,1.697159834817166e-06,0.0,nan
172,5,8.754156116872625e-06,0.0,nan
172,6,8.32334156255711e-06,0.0,nan
172,7,9.985382678257414e-06,0.0,nan
172,8,6.415212900576499e-06,0.0,nan
172,9,9.99351907964293e-06,0.0,nan
172,10,6.178166776525554e-06,0.0,nan
172,11,0.1707020295838784,1.0,nan
172,12,7.391772614621668e-06,0.0,nan
172,13,4.510166989503718e-06,0.0,nan
172,14,1.1148476578619602e-05,0.0,nan
172,15,3.963829269343084e-06,0.0,nan
172,16,2.2510849199590335e-06,0.0,nan
172,17,8.955696051399884e-06,0.0,nan
172,18,1.3468794701589693e-05,0.0,nan
172,19,4.340790649154923e-06,0.0,nan
172,20,3.996675498636084e-06,0.0,nan
172,21,0.23499659807757028,1.0,nan
172,22,3.6613173614239567e-06,0.0,nan
172,23,9.445995586285835e-06,0.0,nan
172,24,3.4413832669346414e-06,0.0,nan
172,25,9.210370959993543e-06,0.0,nan
172,26,5.6280458740200056e-06,0.0,nan
172,27,0.34315328467592054,1.0,nan
172,28,5.425602865521145e-06,0.0,nan
172,29,1.2255998612412038e-05,0.0,nan
172,30,4.874576481440761e-06,0.0,nan
172,31,4.704500083039846e-06,0.0,nan
172,32,1.1386279163743231e-05,0.0,nan
172,33,3.851383662045406e-06,0.0,nan
172,34,2.090372862527661e-05,0.0,nan
172,35,1.4502919844964965e-05,0.0,nan
172,36,8.125181124961322e-06,0.0,nan
172,37,8.90526873407738e-06,0.0,nan
172,38,5.77674931760216e-06,0.0,nan
172,39,3.845799295466419e-06,0.0,nan
172,40,5.6791981796777e-06,0.0,nan
172,41,6.373985567475563e-06,0.0,nan
172,42,9.201704945426207e-06,0.0,nan
172,43,2.3732166560703824e-06,0.0,nan
172,44,3.0903267685228052e-06,0.0,nan
172,45,3.650527853527801e-06,0.0,nan
172,46,8.291359757652272e-06,0.0,nan
172,47,1.2297623919365263e-06,0.0,nan
172,48,2.1121764945044246e-06,0.0,nan
172,49,5.1481729601400055e-06,0.0,nan
172,50,3.722218442749992e-06,0.0,nan
172,51,4.976561148626401e-06,0.0,nan
172,52,6.888171085061204e-06,0.0,nan
172,53,3.30881151516395e-06,0.0,nan
172,54,2.5842778308280003e-06,0.0,nan
172,55,3.6465728896528385e-06,0.0,nan
172,56,5.800927726337179e-06,0.0,nan
172,57,7.1100206712554175e-06,0.0,nan
172,58,3.820219504412476e-06,0.0,nan
172,59,1.3341383078134057e-05,0.0,nan
172,60,1.3784348101854666e-05,0.0,nan
172,61,4.606711363402185e-06,0.0,nan
172,62,1.6302169234628475e-05,0.0,nan
172,63,5.194981786217364e-06,0.0,nan
172,64,8.298908581636898e-06,0.0,nan
172,65,6.736827497753143e-06,0.0,nan
172,66,1.1358575133347667e-05,0.0,nan
172,67,8.172978523917909e-06,0.0,nan
172,68,8.202525167287799e-06,0.0,nan
172,69,4.49758173182103e-06,0.0,nan
172,70,4.420422098023472e-06,0.0,nan
172,71,9.672684835143833e-06,0.0,nan
172,72,1.241460103073988e-05,0.0,nan
172,73,8.216815730624677e-06,0.0,nan
172,74,9.606602158153924e-06,0.0,nan
172,75,6.040438608263659e-06,0.0,nan
172,76,1.461636753177644e-06,0.0,nan
172,77,1.829203004714788e-06,0.0,nan
172,78,6.656774577735994e-06,0.0,nan
172,79,6.3864811041962014e-06,0.0,nan
172,80,4.33497766329044e-06,0.0,nan
172,81,7.140625235119106e-06,0.0,nan
172,82,2.797065731664145e-06,0.0,nan
172,83,4.567253991783921e-06,0.0,nan
172,84,5.4848081709194045e-06,0.0,nan
172,85,1.2592465489886954e-06,0.0,nan
172,86,7.759005694236505e-06,0.0,nan
172,87,1.8166256126815124e-06,0.0,nan
172,88,5.174776661794585e-06,0.0,nan
172,89,5.240841998007054e-06,0.0,nan
172,90,4.4644843862524015e-06,0.0,nan
172,91,5.063271732931497e-06,0.0,nan
172,92,3.5993561905597434e-06,0.0,nan
172,93,3.299645604757224e-06,0.0,nan
172,94,5.177666419347503e-06,0.0,nan
172,95,3.4018124731152727e-06,0.0,nan
172,96,4.604817729319356e-06,0.0,nan
172,97,1.170996160004054e-06,0.0,nan
172,98,4.421190112695335e-06,0.0,nan
172,99,2.222604203397045e-06,0.0,nan
173,0,6.835130492170683e-06,0.0,nan
173,1,1.360229387502902e-05,0.0,nan
173,2,1.4060216437960271e-05,0.0,nan
173,3,3.099893369469294e-05,0.0,nan
173,4,1.7528137343070197e-05,0.0,nan
173,5,6.025643901509561e-06,0.0,nan
173,6,5.909581322434577e-06,0.0,nan
173,7,2.2333554932615645e-05,0.0,nan
173,8,9.4484722599861e-06,0.0,nan
173,9,5.985172239598162e-06,0.0,nan
173,10,1.6109171530558676e-05,0.0,nan
173,11,0.24234937249229538,1.0,nan
173,12,3.4078941015110663e-06,0.0,nan
173,13,2.4818684764531995e-05,0.0,nan
173,14,3.153805766648813e-06,0.0,nan
173,15,7.746216721472896e-06,0.0,nan
173,16,2.2843909543782316e-05,0.0,nan
173,17,1.1452910354339156e-05,0.0,nan
173,18,1.5795770553489404e-05,0.0,nan
173,19,6.12155107041731e-06,0.0,nan
173,20,2.2648859055823212e-05,0.0,nan
173,21,0.1595999518468833,1.0,nan
173,22,8.725788913216327e-06,0.0,nan
173,23,6.9952248019337226e-06,0.0,nan
173,24,3.841795807959286e-06,0.0,nan
173,25,1.6699839889517493e-05,0.0,nan
173,26,1.6108525813324104e-05,0.0,nan
173,27,0.21620479098183565,1.0,nan
173,28,3.229067588047112e-06,0.0,nan
173,29,1.2434780275622199e-05,0.0,nan
173,30,4.2886443689628265e-06,0.0,nan
173,31,8.17791800837307e-06,0.0,nan
173,32,1.928559983564016e-05,0.0,nan
173,33,9.493230178447736e-06,0.0,nan
173,34,5.189134510534683e-06,0.0,nan
173,35,2.635150416317338e-05,0.0,nan
173,36,2.4754713993187694e-06,0.0,nan
173,37,7.239647692781134e-06,0.0,nan
173,38,9.94852516996335e-06,0.0,nan
173,39,1.2931610823280631e-05,0.0,nan
173,40,3.540790014386719e-06,0.0,nan
173,41,1.561137665387528e-05,0.0,nan
173,42,2.056192389630185e-06,0.0,nan
173,43,5.790216956306055e-06,0.0,nan
173,44,1.517479229587708e-05,0.0,nan
173,45,5.4282526255769e-06,0.0,nan
173,46,7.784466521339441e-06,0.0,nan
173,47,8.915920727086889e-06,0.0,nan
173,48,4.185272833793298e-06,0.0,nan
173,49,6.224437159253833e-06,0.0,nan
173,50,6.705964600032455e-06,0.0,nan
173,51,7.767275274587264e-06,0.0,nan
173,52,4.91398995634991e-06,0.0,nan
173,53,6.443420422952898e-06,0.0,nan
173,54,2.425738042559714e-05,0.0,nan
173,55,5.031534698195785e-06,0.0,nan
173,56,1.6746718746791835e-05,0.0,nan
173,57,8.534754511187856e-06,0.0,nan
173,58,2.6971773784925382e-05,0.0,nan
173,59,1.0069892040502654e-05,0.0,nan
173,60,1.689473134258059e-05,0.0,nan
173,61,2.100464284413526e-05,0.0,nan
173,62,3.923574716870695e-06,0.0,nan
173,63,2.2926859571143027e-05,0.0,nan
173,64,8.10866596401515e-06,0.0,nan
173,65,8.881532904752475e-06,0.0,nan
173,66,6.049377725270413e-06,0.0,nan
173,67,1.6284419702151128e-05,0.0,nan
173,68,6.876436986438378e-06,0.0,nan
173,69,1.7959841163224742e-05,0.0,nan
173,70,6.746868286052655e-06,0.0,nan
173,71,2.6079154092635416e-05,0.0,nan
173,72,4.0419433011798205e-06,0.0,nan
173,73,1.0384813431984308e-05,0.0,nan
173,74,9.585328029904476e-06,0.0,nan
173,75,6.443888200382398e-06,0.0,nan
173,76,1.0665821642856082e-05,0.0,nan
173,77,2.216421736020507e-05,0.0,nan
173,78,1.9498814390318202e-05,0.0,nan
173,79,1.089813192706632e-05,0.0,nan
173,80,7.507953852294826e-06,0.0,nan
173,81,1.1753174360426563e-05,0.0,nan
173,82,1.8133506235402435e-05,0.0,nan
173,83,1.601763507882833e-05,0.0,nan
173,84,1.373939753497097e-05,0.0,nan
173,85,3.709981235236969e-05,0.0,nan
173,86,1.7333909984997777e-05,0.0,nan
173,87,7.765657834570216e-06,0.0,nan
173,88,9.120344087542219e-06,0.0,nan
173,89,4.762777428775174e-06,0.0,nan
173,90,1.9649192952949707e-05,0.0,nan
173,91,1.4085259845668669e-05,0.0,nan
173,92,1.1480447699734827e-05,0.0,nan
173,93,8.07714610496043e-06,0.0,nan
173,94,5.644463339292554e-06,0.0,nan
173,95,4.702967703329149e-06,0.0,nan
173,96,8.166750775389052e-06,0.0,nan
173,97,3.0552500821641396e-05,0.0,nan
173,98,1.2913814615374925e-05,0.0,nan
173,99,8.28923641597669e-06,0.0,nan
174,0,8.572906011596356e-06,0.0,nan
174,1,1.781673701581434e-05,0.0,nan
174,2,5.519738712602248e-06,0.0,nan
174,3,1.6044048439961593e-05,0.0,nan
174,4,9.908479747877286e-06,0.0,nan
174,5,1.0448536794842682e-05,0.0,nan
174,6,7.754750933933968e-06,0.0,nan
174,7,1.1249637650652107e-05,0.0,nan
174,8,8.060377233438266e-06,0.0,nan
174,9,5.601834052677912e-06,0.0,nan
174,10,9.959847498164863e-06,0.0,nan
174,11,0.20630186842716372,1.0,nan
174,12,7.990868715446166e-06,0.0,nan
174,13,1.7331266518614623e-06,0.0,nan
174,14,6.638556809727416e-06,0.0,nan
174,15,2.443659940838499e-05,0.0,nan
174,16,5.921303443366707e-06,0.0,nan
174,17,6.335365885058717e-06,0.0,nan
174,18,9.009869729972127e-06,0.0,nan
174,19,1.763859642400337e-05,0.0,nan
174,20,6.291423887997565e-06,0.0,nan
174,21,0.18677914128084025,1.0,nan
174,22,3.518209034395123e-06,0.0,nan
174,23,1.055788689556677e-05,0.0,nan
174,24,3.484232275572174e-06,0.0,nan
174,25,7.262529993105248e-06,0.0,nan
174,26,2.525826079942661e-05,0.0,nan
174,27,0.3646220852632599,1.0,nan
174,28,8.399789506929565e-06,0.0,nan
174,29,8.885626894986425e-06,0.0,nan
174,30,3.06820783518154e-06,0.0,nan
174,31,1.2254291858982242e-05,0.0,nan
174,32,1.1708021582053038e-05,0.0,nan
174,33,1.1157469512494037e-05,0.0,nan
174,34,9.982409551678267e-06,0.0,nan
174,35,3.4733585829386865e-06,0.0,nan
174,36,6.638700274860153e-07,0.0,nan
174,37,2.014199429658328e-06,0.0,nan
174,38,1.4185269863217168e-05,0.0,nan
174,39,1.6705017478122746e-05,0.0,nan
174,40,5.121165804246265e-06,0.0,nan
174,41,9.158410294042081e-06,0.0,nan
174,42,5.041789789252125e-06,0.0,nan
174,43,1.5288046806245103e-06,0.0,nan
174,44,7.803681129530693e-06,0.0,nan
174,45,3.3468706587436832e-06,0.0,nan
174,46,1.555192941919583e-06,0.0,nan
174,47,6.5955307208716006e-06,0.0,nan
174,48,4.28949649140487e-06,0.0,nan
174,49,7.288766242421303e-06,0.0,nan
174,50,1.164620324282821e-05,0.0,nan
174,51,5.164173092994046e-06,0.0,nan
174,52,6.522758309319645e-06,0.0,nan
174,53,8.232596446172095e-06,0.0,nan
174,54,5.230159266786194e-06,0.0,nan
174,55,1.1248682015678072e-05,0.0,nan
174,56,2.1264156622937247e-05,0.0,nan
174,57,7.351025445942728e-06,0.0,nan
174,58,1.246133245029934e-05,0.0,nan
174,59,1.2900764143750289e-05,0.0,nan
174,60,1.0164984655657706e-05,0.0,nan
174,61,3.3198599325853892e-06,0.0,nan
174,62,2.015696890431741e-05,0.0,nan
174,63,1.1005230933564298e-05,0.0,nan
174,64,2.225637269378096e-05,0.0,nan
174,65,3.256757501907251e-06,0.0,nan
174,66,4.211545483184963e-06,0.0,nan
174,67,4.420280962845491e-06,0.0,nan
174,68,9.964728578939668e-06,0.0,nan
174,69,1.2686761959148016e-05,0.0,nan
174,70,4.252917208190684e-06,0.0,nan
174,71,6.04705099088335e-06,0.0,nan
174,72,5.936571830512043e-06,0.0,nan
174,73,6.533527301988584e-06,0.0,nan
174,74,4.2038516094045165e-06,0.0,nan
174,75,9.466202889490031e-06,0.0,nan
174,76,1.2664431705171415e-05,0.0,nan
174,77,1.2543106070556127e-05,0.0,nan
174,78,4.9153552190512335e-06,0.0,nan
174,79,7.547664911272074e-06,0.0,nan
174,80,1.0177597494289118e-05,0.0,nan
174,81,7.2894840222713225e-06,0.0,nan
174,82,1.0114141559940197e-05,0.0,nan
174,83,4.237793826957643e-06,0.0,nan
174,84,2.762994456518553e-06,0.0,nan
174,85,5.218130823519352e-06,0.0,nan
174,86,2.3509517324288514e-05,0.0,nan
174,87,1.142132448925444e-05,0.0,nan
174,88,4.451490907619384e-06,0.0,nan
174,89,6.501719348860893e-06,0.0,nan
174,90,9.686877790316491e-06,0.0,nan
174,91,2.75609898666469e-06,0.0,nan
174,92,1.1713478805298945e-05,0.0,nan
174,93,7.231463078961889e-06,0.0,nan
174,94,4.502849320286093e-06,0.0,nan
174,95,5.7029286951124475e-06,0.0,nan
174,96,1.2590195565255762e-05,0.0,nan
174,97,1.1691182278147873e-05,0.0,nan
174,98,5.11802224182005e-06,0.0,nan
174,99,9.377249508756919e-06,0.0,nan
175,0,7.543339859047254e-06,0.0,9.649017832275195e-08
175,1,1.0509632643297074e-05,0.0,1.5040045615056959e-06
175,2,1.2865920264377328e-05,0.0,3.433466102616544e-06
175,3,2.2207436080755727e-05,0.0,5.822386956518171e-06
175,4,1.84762806189272e-05,0.0,1.0893749424239032e-08
175,5,3.560517087883794e-06,0.0,1.0466242902500811e-07
175,6,4.856905237448065e-06,0.0,1.5613930753963346e-07
175,7,2.222720456935625e-05,0.0,1.0633734528209874e-06
175,8,8.563477102402344e-06,0.0,2.7268558327115964e-08
175,9,3.4242643169083955e-06,0.0,2.51957674098147e-07
175,10,5.868010638017975e-06,0.0,3.0915484599588717e-07
175,11,0.20058236302478805,1.0,0.3399525020208778
175,12,5.286579619497878e-06,0.0,4.4823209510121627e-07
175,13,3.952173784344346e-06,0.0,4.5511516257561195e-08
175,14,1.6672939521709877e-05,0.0,1.9006654632407492e-08
175,15,4.84899395110396e-06,0.0,4.800854816027865e-07
175,16,7.175178869030734e-06,0.0,5.261514852509871e-07
175,17,3.085595394670056e-06,0.0,1.3954796788890593e-06
175,18,5.822122944653425e-06,0.0,1.2527010004177985e-07
175,19,1.861441046449398e-05,0.0,7.875388427692432e-06
175,20,7.253200115228536e-06,0.0,4.068044542455104e-07
175,21,0.14026953245680512,1.0,0.3558839989798694
175,22,8.054132004403042e-06,0.0,1.3338074605199342e-07
175,23,3.4878679539466163e-06,0.0,7.546484238160316e-09
175,24,7.519905413711579e-06,0.0,4.79766715458644e-09
175,25,8.535756934009772e-06,0.0,1.3946505910998474e-06
175,26,5.014195193130548e-06,0.0,1.3262261685884327e-08
175,27,0.2935623152884116,1.0,0.30408905568768235
175,28,8.738644314485012e-06,0.0,4.18045563569508e-06
175,29,4.315891473704659e-06,0.0,7.003596242904245e-08
175,30,1.20923453777013e-05,0.0,6.474675985666117e-09
175,31,9.468416710108041e-06,0.0,6.951440650393466e-08
175,32,6.633214483848639e-06,0.0,1.9894362192951534e-06
175,33,6.800932452156788e-06,0.0,8.687389052108537e-09
175,34,2.318489246279234e-06,0.0,2.070058028760034e-07
175,35,4.94540750326897e-06,0.0,7.858805050665266e-09
175,36,1.7703367074721604e-06,0.0,5.789402181653041e-08
175,37,1.112042952459024e-05,0.0,1.9819260405947675e-06
175,38,1.1234179640913974e-05,0.0,2.3314771636722107e-06
175,39,2.0377220419704673e-05,0.0,9.302289020429665e-07
175,40,1.361786412294615e-05,0.0,2.5334000182283207e-07
175,41,2.3621522070596243e-05,0.0,2.3473546208667437e-07
175,42,1.2662062071689683e-05,0.0,2.2439862070186926e-07
175,43,3.9998875297888126e-06,0.0,3.1290098571816745e-07
175,44,9.547803408208285e-06,0.0,2.2598340108649592e-08
175,45,5.283542344454858e-06,0.0,3.9694752684474695e-07
175,46,5.212489102609679e-06,0.0,6.057525730856945e-08
175,47,5.785533761201042e-06,0.0,1.082629103122155e-07
175,48,6.090209001783109e-06,0.0,8.267732944647213e-08
175,49,5.589255849557159e-06,0.0,6.238931583317836e-08
175,50,4.062817210494527e-06,0.0,8.743667610485856e-08
175,51,9.314512502336587e-06,0.0,6.78186549757146e-07
175,52,3.302257288290672e-06,0.0,3.0727814431405026e-08
175,53,1.414257824249536e-05,0.0,9.465282863976921e-07
175,54,6.492373909780479e-06,0.0,1.3394946094103484e-06
175,55,1.6751503350152881e-06,0.0,3.3233413056261647e-09
175,56,8.269082252168623e-06,0.0,1.4744996421027502e-07
175,57,5.8495563629503606e-06,0.0,2.2727172540127107e-07
175,58,1.7704355292123936e-05,0.0,7.454704762603162e-06
175,59,1.5183640366527874e-05,0.0,9.954136080804815e-08
175,60,1.2922886246981116e-05,0.0,1.2614982593837536e-06
175,61,2.836114005510282e-06,0.0,1.2592472662335477e-08
175,62,3.454556494837865e-05,0.0,7.067213187648092e-06
175,63,7.274154386325911e-06,0.0,1.0698080886493664e-07
175,64,2.9064504092009065e-06,0.0,1.4531467303144573e-09
175,65,2.1053853830969035e-05,0.0,1.5349796479044811e-06
175,66,3.19636705992048e-06,0.0,6.7691222062955684e-09
175,67,8.514391897582647e-06,0.0,5.778339203416871e-08
175,68,2.9474741942571545e-06,0.0,4.177837729075003e-08
175,69,6.961310335787465e-06,0.0,3.225354592749909e-07
175,70,7.096476785118314e-06,0.0,6.462584491808576e-07
175,71,2.3739852780314675e-06,0.0,1.449367265217672e-07
175,72,1.2983954127720846e-05,0.0,8.484619700269332e-08
175,73,7.191537905067321e-06,0.0,5.917145062219499e-07
175,74,6.896338865345392e-06,0.0,1.4734130732692983e-07
175,75,5.888175707350113e-06,0.0,4.63564814251555e-09
175,76,7.987714237535239e-05,0.0,1.346522296390996e-06
175,77,1.162878400318694e-05,0.0,7.612342740265297e-07
175,78,4.466677298572908e-06,0.0,1.362902024321972e-07
175,79,4.9772865496176e-06,0.0,2.8096483636671475e-08
175,80,6.372388859865666e-06,0.0,2.425455283263367e-07
175,81,1.0680975436899189e-05,0.0,1.0187897786197898e-07
175,82,8.577004237284847e-06,0.0,1.8446488914518604e-09
175,83,8.07933102382844e-06,0.0,3.000255596695917e-07
175,84,5.124526709983105e-06,0.0,1.1568088985054074e-08
175,85,8.890044355986787e-06,0.0,6.821746825038802e-08
175,86,1.2597180604856279e-05,0.0,2.363560918993007e-06
175,87,2.019818132608704e-06,0.0,1.3365953315136573e-08
175,88,4.661834351665016e-06,0.0,3.807978751388376e-07
175,89,9.990601558816372e-06,0.0,4.8297034782186265e-08
175,90,7.268654215712357e-06,0.0,8.454747091103635e-09
175,91,1.3995604173140439e-05,0.0,6.211535601877621e-07
175,92,5.8835587423690424e-06,0.0,9.254550250590612e-07
175,93,8.650950958795386e-06,0.0,2.7301534287277966e-07
175,94,6.016875913834517e-06,0.0,1.342493286188848e-08
175,95,2.5714528169472877e-05,0.0,2.9963343824845562e-06
175,96,6.096089300180839e-06,0.0,1.052464685072379e-07
175,97,4.1194166563351245e-06,0.0,8.538610967736085e-08
175,98,7.93453802643444e-06,0.0,1.254618782729681e-06
175,99,6.999139830306515e-06,0.0,5.2808874119465487e-08
176,0,1.6363810125012422e-05,0.0,nan
176,1,1.695083318549049e-05,0.0,nan
176,2,3.308853944670697e-05,0.0,nan
176,3,1.1897541143794305e-05,0.0,nan
176,4,5.431193307173246e-06,0.0,nan
176,5,8.091818466864015e-06,0.0,nan
176,6,6.923350390859543e-06,0.0,nan
176,7,7.375258336812738e-06,0.0,nan
176,8,4.370290564983193e-06,0.0,nan
176,9,1.013263712759908e-05,0.0,nan
176,10,4.709519533944556e-06,0.0,nan
176,11,0.24224038293931227,1.0,nan
176,12,3.0470116743931296e-06,0.0,nan
176,13,9.79069955459331e-06,0.0,nan
176,14,5.171478189882334e-06,0.0,nan
176,15,7.4562068842053655e-06,0.0,nan
176,16,1.088934601290719e-05,0.0,nan
176,17,1.0197759649168755e-05,0.0,nan
176,18,1.6939157257164398e-05,0.0,nan
176,19,3.1087663004580753e-06,0.0,nan
176,20,1.7480508857926077e-05,0.0,nan
176,21,0.34626531061662424,1.0,nan
176,22,1.0068923951132547e-05,0.0,nan
176,23,4.682798968456474e-06,0.0,nan
176,24,3.4656361173464483e-06,0.0,nan
176,25,5.2853292016242205e-06,0.0,nan
176,26,5.713130582925079e-06,0.0,nan
176,27,0.251407078277296,1.0,nan
176,28,1.1465028424147306e-05,0.0,nan
176,29,1.641503248820154e-05,0.0,nan
176,30,5.082938718125995e-06,0.0,nan
176,31,6.449034821920726e-06,0.0,nan
176,32,7.132160294264585e-06,0.0,nan
176,33,7.988357469376713e-06,0.0,nan
176,34,1.2883248972108733e-05,0.0,nan
176,35,1.3534410110913368e-05,0.0,nan
176,36,5.878273024902049e-06,0.0,nan
176,37,1.1560281891632762e-05,0.0,nan
176,38,1.1822979665460997e-05,0.0,nan
176,39,9.34435806469742e-06,0.0,nan
176,40,5.3519534181254794e-06,0.0,nan
176,41,5.669877023326654e-06,0.0,nan
176,42,2.502548183088476e-06,0.0,nan
176,43,7.159362053343206e-06,0.0,nan
176,44,1.824160157327121e-05,0.0,nan
176,45,3.3068589439396004e-06,0.0,nan
176,46,1.198785218131248e-05,0.0,nan
176,47,7.586479186338729e-06,0.0,nan
176,48,5.03559980348014e-06,0.0,nan
176,49,4.954902576196483e-06,0.0,nan
176,50,9.087076047293518e-06,0.0,nan
176,51,6.4545891307194894e-06,0.0,nan
176,52,2.4909076671786817e-06,0.0,nan
176,53,1.264258727477935e-05,0.0,nan
176,54,1.1344822852145486e-05,0.0,nan
176,55,3.4087100006089446e-06,0.0,nan
176,56,2.4408475642759394e-06,0.0,nan
176,57,7.033051422333669e-06,0.0,nan
176,58,8.964519675914224e-06,0.0,nan
176,59,7.406189749629673e-06,0.0,nan
176,60,2.9848893023110503e-06,0.0,nan
176,61,4.813077906448641e-06,0.0,nan
176,62,4.324920777580666e-06,0.0,nan
176,63,8.557184369387866e-06,0.0,nan
176,64,3.169814843738909e-06,0.0,nan
176,65,1.0293026806679558e-05,0.0,nan
176,66,8.901862868993779e-06,0.0,nan
176,67,2.5005004271405033e-06,0.0,nan
176,68,2.6604902786185482e-06,0.0,nan
176,69,2.1521666605269017e-05,0.0,nan
176,70,6.304782869229917e-06,0.0,nan
176,71,3.860489256185335e-06,0.0,nan
176,72,4.880657801046713e-06,0.0,nan
176,73,6.133870906882727e-06,0.0,nan
176,74,6.878642755486572e-06,0.0,nan
176,75,3.121688238108587e-06,0.0,nan
176,76,1.1676643089920335e-06,0.0,nan
176,77,9.134658994647123e-06,0.0,nan
176,78,2.5780134292697174e-06,0.0,nan
176,79,6.061408567745486e-06,0.0,nan
176,80,8.318173241363723e-06,0.0,nan
176,81,7.533641264281709e-06,0.0,nan
176,82,8.454533200589367e-06,0.0,nan
176,83,5.9694252419134e-06,0.0,nan
176,84,4.897223974407189e-06,0.0,nan
176,85,2.7313235719851803e-06,0.0,nan
176,86,7.4816357750919915e-06,0.0,nan
176,87,7.163785074919451e-06,0.0,nan
176,88,7.749280803714126e-06,0.0,nan
176,89,6.21005435667394e-06,0.0,nan
176,90,2.867420385715963e-06,0.0,nan
176,91,2.0683725865378283e-05,0.0,nan
176,92,6.839692355265709e-06,0.0,nan
176,93,7.122531847773227e-06,0.0,nan
176,94,1.0678954753912806e-05,0.0,nan
176,95,9.659692074669762e-06,0.0,nan
176,96,9.94633970317777e-06,0.0,nan
176,97,1.984957608656039e-05,0.0,nan
176,98,1.7069511120730164e-06,0.0,nan
176,99,5.074432649055129e-06,0.0,nan
177,0,6.962299506867651e-06,0.0,nan
177,1,1.1059423177376969e-05,0.0,nan
177,2,6.66095410682096e-06,0.0,nan
177,3,6.224898183931397e-06,0.0,nan
177,4,8.206674445149315e-06,0.0,nan
177,5,5.181745337600336e-06,0.0,nan
177,6,4.3292365923700955e-06,0.0,nan
177,7,8.260191655193213e-06,0.0,nan
177,8,1.2281750723353199e-05,0.0,nan
177,9,1.0209091632459523e-05,0.0,nan
177,10,8.565067197851538e-06,0.0,nan
177,11,0.13781364023159548,1.0,nan
177,12,5.404317398533918e-06,0.0,nan
177,13,7.633932729962786e-06,0.0,nan
177,14,6.948124949774339e-06,0.0,nan
177,15,6.090475761433372e-06,0.0,nan
177,16,3.511603079145582e-06,0.0,nan
177,17,5.517803884288275e-06,0.0,nan
177,18,3.3162669084461205e-06,0.0,nan
177,19,5.909134778751532e-06,0.0,nan
177,20,1.017240786805212e-05,0.0,nan
177,21,0.23931327717357212,1.0,nan
177,22,9.278626806526331e-06,0.0,nan
177,23,1.4996688253643537e-05,0.0,nan
177,24,1.1236311774658728e-05,0.0,nan
177,25,2.628281387316488e-06,0.0,nan
177,26,6.453075548397077e-06,0.0,nan
177,27,0.31743372719301666,1.0,nan
177,28,4.550463516651596e-06,0.0,nan
177,29,8.795325129019827e-06,0.0,nan
177,30,1.1964681964397438e-05,0.0,nan
177,31,1.0755096370546281e-05,0.0,nan
177,32,2.5758362729362707e-06,0.0,nan
177,33,9.44994929915862e-06,0.0,nan
177,34,6.099103140681639e-06,0.0,nan
177,35,5.533970036240023e-06,0.0,nan
177,36,1.8292436109640076e-06,0.0,nan
177,37,5.858096058945161e-06,0.0,nan
177,38,6.0066199640557155e-06,0.0,nan
177,39,4.349229528898246e-06,0.0,nan
177,40,9.969735137094342e-06,0.0,nan
177,41,8.210953967885458e-06,0.0,nan
177,42,7.392893832215862e-06,0.0,nan
177,43,9.191038051779215e-06,0.0,nan
177,44,3.3064742192075834e-06,0.0,nan
177,45,2.0187631823587442e-05,0.0,nan
177,46,8.069628528540358e-06,0.0,nan
177,47,5.9160061073981944e-06,0.0,nan
177,48,5.677350880094008e-06,0.0,nan
177,49,1.3345357945240066e-05,0.0,nan
177,50,4.036552019392762e-06,0.0,nan
177,51,4.598197226867454e-06,0.0,nan
177,52,5.326116545478551e-06,0.0,nan
177,53,1.866442146306479e-05,0.0,nan
177,54,3.081737395677211e-05,0.0,nan
177,55,5.281075236412428e-06,0.0,nan
177,56,4.4545228378343885e-06,0.0,nan
177,57,8.276065196817705e-06,0.0,nan
177,58,7.405143184195726e-06,0.0,nan
177,59,1.3059697946462589e-05,0.0,nan
177,60,2.3157841481694616e-05,0.0,nan
177,61,8.045949920057739e-06,0.0,nan
177,62,9.322981300980957e-06,0.0,nan
177,63,5.112651008699254e-06,0.0,nan
177,64,1.2100200835238178e-05,0.0,nan
177,65,7.56442782804502e-06,0.0,nan
177,66,8.347309959794539e-06,0.0,nan
177,67,4.358614903150641e-06,0.0,nan
177,68,7.6178061004143014e-06,0.0,nan
177,69,8.857897736128634e-06,0.0,nan
177,70,2.4935570153118523e-06,0.0,nan
177,71,1.3847263910446805e-05,0.0,nan
177,72,4.4585649099987785e-06,0.0,nan
177,73,3.869177380793921e-06,0.0,nan
177,74,8.78037276288028e-06,0.0,nan
177,75,1.6184830943592073e-06,0.0,nan
177,76,7.747409057090411e-06,0.0,nan
177,77,1.272141287328537e-05,0.0,nan
177,78,1.271459492467103e-05,0.0,nan
177,79,3.928321723484558e-06,0.0,nan
177,80,1.1724479982573027e-05,0.0,nan
177,81,6.362065426884945e-06,0.0,nan
177,82,9.606798575213466e-06,0.0,nan
177,83,1.494085508893547e-05,0.0,nan
177,84,6.679097350642877e-06,0.0,nan
177,85,1.1680856633146298e-05,0.0,nan
177,86,6.793507375526144e-06,0.0,nan
177,87,4.487059631856862e-06,0.0,nan
177,88,5.22152577941508e-06,0.0,nan
177,89,9.777607267475785e-06,0.0,nan
177,90,7.632184898050232e-06,0.0,nan
177,91,1.0234062138643671e-05,0.0,nan
177,92,1.1046573826707643e-05,0.0,nan
177,93,3.7011646750081714e-05,0.0,nan
177,94,1.3039325494655851e-05,0.0,nan
177,95,8.604025962522062e-06,0.0,nan
177,96,9.068741191315177e-06,0.0,nan
177,97,3.257534704150358e-06,0.0,nan
177,98,5.618397193061555e-06,0.0,nan
177,99,9.289811792949076e-06,0.0,nan
178,0,9.371489001211652e-06,0.0,nan
178,1,9.323432518881308e-06,0.0,nan
178,2,4.570469990947289e-06,0.0,nan
178,3,7.601577953991193e-06,0.0,nan
178,4,1.4274002507654246e-05,0.0,nan
178,5,1.2731676508548256e-05,0.0,nan
178,6,3.0427205429906646e-06,0.0,nan
178,7,9.805205783429473e-06,0.0,nan
178,8,7.144970664034801e-06,0.0,nan
178,9,2.9282653647990398e-06,0.0,nan
178,10,8.07100461171309e-06,0.0,nan
178,11,0.2805590954859578,1.0,nan
178,12,5.7462081731565444e-06,0.0,nan
178,13,4.669353098881761e-06,0.0,nan
178,14,2.257661876159048e-06,0.0,nan
178,15,4.4751090620696486e-05,0.0,nan
178,16,4.131049910443554e-06,0.0,nan
178,17,4.654889264537727e-06,0.0,nan
178,18,5.99674909758667e-06,0.0,nan
178,19,2.61465872179448e-06,0.0,nan
178,20,6.600839699070755e-06,0.0,nan
178,21,0.24365771040493772,1.0,nan
178,22,1.3504020877314229e-05,0.0,nan
178,23,4.654028315130053e-06,0.0,nan
178,24,6.293444241437739e-06,0.0,nan
178,25,7.04192221741901e-06,0.0,nan
178,26,6.358535689809892e-06,0.0,nan
178,27,0.2992081713382707,1.0,nan
178,28,1.53012205954491e-05,0.0,nan
178,29,1.0028750844731236e-05,0.0,nan
178,30,9.022039488825397e-06,0.0,nan
178,31,6.0320031295547674e-06,0.0,nan
178,32,1.6889370771227353e-05,0.0,nan
178,33,3.5114834053804474e-06,0.0,nan
178,34,9.662837688155875e-06,0.0,nan
178,35,8.046535215372361e-06,0.0,nan
178,36,3.4395205829476615e-06,0.0,nan
178,37,6.453428228522613e-06,0.0,nan
178,38,9.988181047874051e-06,0.0,nan
178,39,7.617235441312808e-06,0.0,nan
178,40,1.9238845344584108e-06,0.0,nan
178,41,1.1560923778598485e-05,0.0,nan
178,42,4.152933678359881e-06,0.0,nan
178,43,6.124028901839246e-06,0.0,nan
178,44,2.527676839908675e-06,0.0,nan
178,45,6.466770650397211e-06,0.0,nan
178,46,5.887730721647624e-06,0.0,nan
178,47,5.1105193728362595e-06,0.0,nan
178,48,2.0598813252035804e-06,0.0,nan
178,49,5.280293712184319e-06,0.0,nan
178,50,1.106186714171532e-06,0.0,nan
178,51,6.1010546583153e-06,0.0,nan
178,52,6.739680260403456e-06,0.0,nan
178,53,2.8807017845883465e-06,0.0,nan
178,54,9.40879279882593e-06,0.0,nan
178,55,1.8264983678296109e-06,0.0,nan
178,56,3.180564963255147e-05,0.0,nan
178,57,4.7564421359390546e-06,0.0,nan
178,58,4.139112589144854e-06,0.0,nan
178,59,2.351593417821647e-06,0.0,nan
178,60,1.0298810624003334e-05,0.0,nan
178,61,1.479749149396964e-06,0.0,nan
178,62,4.683717529545394e-06,0.0,nan
178,63,9.15537814054036e-06,0.0,nan
178,64,1.041080257947297e-05,0.0,nan
178,65,1.1879620398261425e-06,0.0,nan
178,66,8.904498521162303e-06,0.0,nan
178,67,6.168407660819075e-06,0.0,nan
178,68,1.0885942035927196e-05,0.0,nan
178,69,6.4689809583576436e-06,0.0,nan
178,70,1.2366433554879674e-05,0.0,nan
178,71,3.8118795504688116e-06,0.0,nan
178,72,2.7771216892239876e-06,0.0,nan
178,73,5.419311955874695e-06,0.0,nan
178,74,6.0065687900892755e-06,0.0,nan
178,75,8.390312382710205e-06,0.0,nan
178,76,9.679501749921959e-06,0.0,nan
178,77,9.232274510263386e-06,0.0,nan
178,78,7.0459741055758845e-06,0.0,nan
178,79,4.811647425641428e-06,0.0,nan
178,80,1.246267101163814e-05,0.0,nan
178,81,6.502516375797427e-06,0.0,nan
178,82,2.136695229556321e-06,0.0,nan
178,83,2.4083516794962057e-06,0.0,nan
178,84,6.965383650657097e-06,0.0,nan
178,85,3.470977861876504e-06,0.0,nan
178,86,7.284396524523867e-06,0.0,nan
178,87,1.398430040251534e-05,0.0,nan
178,88,6.578748329310823e-06,0.0,nan
178,89,3.217375856833657e-06,0.0,nan
178,90,4.997013984165493e-06,0.0,nan
178,91,7.879551806737443e-06,0.0,nan
178,92,8.512967753470899e-06,0.0,nan
178,93,5.300576583092224e-06,0.0,nan
178,94,1.5437467672693879e-06,0.0,nan
178,95,5.029578439837494e-06,0.0,nan
178,96,1.0961109028763237e-05,0.0,nan
178,97,8.470654211394325e-06,0.0,nan
178,98,8.64596804835483e-06,0.0,nan
178,99,8.8405329079416e-06,0.0,nan
179,0,8.199778074113374e-06,0.0,nan
179,1,7.265618877811398e-06,0.0,nan
179,2,7.296826482778447e-06,0.0,nan
179,3,1.7390356098792964e-05,0.0,nan
179,4,4.660827364842029e-06,0.0,nan
179,5,7.963834824786817e-06,0.0,nan
179,6,1.261141905708781e-05,0.0,nan
179,7,1.0978443212032273e-05,0.0,nan
179,8,9.118093084282696e-06,0.0,nan
179,9,3.6872817913937275e-06,0.0,nan
179,10,1.4006673442120887e-05,0.0,nan
179,11,0.1922373770681756,1.0,nan
179,12,6.113436211923208e-06,0.0,nan
179,13,9.941995904174071e-06,0.0,nan
179,14,4.779902606354909e-06,0.0,nan
179,15,9.676465344244414e-06,0.0,nan
179,16,5.5081107321723486e-06,0.0,nan
179,17,1.4077175045871211e-05,0.0,nan
179,18,1.0528441120169785e-05,0.0,nan
179,19,3.9666482310159475e-06,0.0,nan
179,20,1.0037342599268213e-05,0.0,nan
179,21,0.2626944338918708,1.0,nan
179,22,2.114850817105287e-05,0.0,nan
179,23,1.2513700438370082e-05,0.0,nan
179,24,6.031874219761683e-06,0.0,nan
179,25,5.77348730880019e-06,0.0,nan
179,26,1.3701899050056844e-05,0.0,nan
179,27,0.3899492009017411,1.0,nan
179,28,4.197026603107208e-06,0.0,nan
179,29,2.983825723903999e-06,0.0,nan
179,30,6.4786935777377735e-06,0.0,nan
179,31,8.593434264381173e-06,0.0,nan
179,32,7.806746009089531e-06,0.0,nan
179,33,4.829890158388346e-06,0.0,nan
179,34,1.4204041755917454e-05,0.0,nan
179,35,3.0421945939928463e-06,0.0,nan
179,36,1.349645989786743e-05,0.0,nan
179,37,8.828732806353387e-06,0.0,nan
179,38,9.657626569325655e-06,0.0,nan
179,39,5.5935975424309906e-06,0.0,nan
179,40,2.229976930940264e-05,0.0,nan
179,41,2.1889594956152006e-05,0.0,nan
179,42,9.386361755231624e-06,0.0,nan
179,43,6.171507004542562e-06,0.0,nan
179,44,3.717795269332435e-06,0.0,nan
179,45,7.093562909547041e-06,0.0,nan
179,46,6.080024505824002e-06,0.0,nan
179,47,1.2782085065177942e-05,0.0,nan
179,48,2.4161370261491154e-06,0.0,nan
179,49,1.5886432480291193e-05,0.0,nan
179,50,4.47674290664864e-06,0.0,nan
179,51,5.400936570708683e-06,0.0,nan
179,52,1.07957580078104e-05,0.0,nan
179,53,5.9771580975181335e-06,0.0,nan
179,54,1.0139045868554847e-05,0.0,nan
179,55,2.5621196813704722e-05,0.0,nan
179,56,5.6210314317839945e-06,0.0,nan
179,57,9.006104359028605e-06,0.0,nan
179,58,9.566102331364527e-06,0.0,nan
179,59,8.296404370203801e-06,0.0,nan
179,60,7.665079430490794e-06,0.0,nan
179,61,1.406608462664861e-05,0.0,nan
179,62,5.8120341573992e-06,0.0,nan
179,63,1.0562278599765182e-05,0.0,nan
179,64,8.455824653176945e-06,0.0,nan
179,65,6.041460301736108e-06,0.0,nan
179,66,8.47663033508929e-06,0.0,nan
179,67,5.65643971170347e-06,0.0,nan
179,68,1.987664676957381e-05,0.0,nan
179,69,6.5587812450567904e-06,0.0,nan
179,70,8.034276269391293e-06,0.0,nan
179,71,1.1616391169675434e-05,0.0,nan
179,72,3.8118637478976137e-06,0.0,nan
179,73,6.688625105437151e-06,0.0,nan
179,74,8.082020492583684e-06,0.0,nan
179,75,7.626899836413251e-06,0.0,nan
179,76,6.818409279923261e-06,0.0,nan
179,77,2.6923230645814685e-06,0.0,nan
179,78,9.919591725243685e-06,0.0,nan
179,79,5.4599739430884415e-06,0.0,nan
179,80,2.4563821405071953e-05,0.0,nan
179,81,3.7094851713592194e-06,0.0,nan
179,82,1.237119086189433e-05,0.0,nan
179,83,6.8404301765391695e-06,0.0,nan
179,84,1.5317300744549082e-05,0.0,nan
179,85,8.758544960849304e-06,0.0,nan
179,86,6.975822301467733e-06,0.0,nan
179,87,6.712046803213396e-06,0.0,nan
179,88,3.9928736208583e-06,0.0,nan
179,89,7.2167996226478334e-06,0.0,nan
179,90,5.034478292352933e-06,0.0,nan
179,91,1.0294516583759473e-05,0.0,nan
179,92,4.371602025245705e-06,0.0,nan
179,93,1.0243607632101637e-05,0.0,nan
179,94,9.749522695870427e-06,0.0,nan
179,95,1.70809901547137e-05,0.0,nan
179,96,6.6468317322330424e-06,0.0,nan
179,97,5.608150740056835e-06,0.0,nan
179,98,3.854517115182128e-05,0.0,nan
179,99,1.2729761499042523e-05,0.0,nan
180,0,1.0841578452982674e-05,0.0,nan
180,1,1.7289057373051453e-05,0.0,nan
180,2,7.690522485996772e-06,0.0,nan
180,3,1.0322626128760815e-05,0.0,nan
180,4,1.0190607306987044e-05,0.0,nan
180,5,2.4798334677060434e-05,0.0,nan
180,6,5.679777307843108e-06,0.0,nan
180,7,9.824076995641016e-06,0.0,nan
180,8,5.3582519865720065e-06,0.0,nan
180,9,8.233501308876495e-06,0.0,nan
180,10,5.764524208511996e-06,0.0,nan
180,11,0.21527485703099924,1.0,nan
180,12,9.379089355363579e-06,0.0,nan
180,13,1.681064760740202e-05,0.0,nan
180,14,1.653510050023786e-05,0.0,nan
180,15,1.1960210336687587e-05,0.0,nan
180,16,1.1098087896257802e-05,0.0,nan
180,17,7.337333752016362e-06,0.0,nan
180,18,1.0394228903605891e-05,0.0,nan
180,19,2.1831898058415286e-05,0.0,nan
180,20,1.2105145987802193e-05,0.0,nan
180,21,0.2843245787428433,1.0,nan
180,22,8.579034290744798e-06,0.0,nan
180,23,6.169447335557517e-06,0.0,nan
180,24,8.89832085847085e-06,0.0,nan
180,25,2.9696982352960165e-05,0.0,nan
180,26,6.35786154836489e-06,0.0,nan
180,27,0.250402209917008,1.0,nan
180,28,1.1024641290608136e-05,0.0,nan
180,29,4.570540347124594e-06,0.0,nan
180,30,8.53885364390046e-06,0.0,nan
180,31,1.5136109948721853e-05,0.0,nan
180,32,6.179670712401808e-06,0.0,nan
180,33,1.1829742828986322e-05,0.0,nan
180,34,1.7144442922553727e-05,0.0,nan
180,35,1.1601598573593895e-05,0.0,nan
180,36,1.07941260381153e-05,0.0,nan
180,37,8.665289241825428e-06,0.0,nan
180,38,1.1928928809362936e-05,0.0,nan
180,39,7.936195464648909e-06,0.0,nan
180,40,1.688314317659663e-05,0.0,nan
180,41,1.9847577693309193e-05,0.0,nan
180,42,8.618218797780798e-06,0.0,nan
180,43,3.5456796118688195e-06,0.0,nan
180,44,5.6273115018477694e-06,0.0,nan
180,45,1.9099503234245666e-06,0.0,nan
180,46,1.5678502816745144e-05,0.0,nan
180,47,5.728363781407697e-06,0.0,nan
180,48,4.705531889911591e-06,0.0,nan
180,49,5.652460405910305e-06,0.0,nan
180,50,1.805525296161721e-05,0.0,nan
180,51,1.1735321159627326e-05,0.0,nan
180,52,1.0782842052300135e-05,0.0,nan
180,53,1.0260537129484343e-05,0.0,nan
180,54,1.0448431447421017e-05,0.0,nan
180,55,2.301514917386509e-05,0.0,nan
180,56,3.5127084911392398e-06,0.0,nan
180,57,8.343338997791626e-06,0.0,nan
180,58,3.9358661812198244e-06,0.0,nan
180,59,9.569474843955964e-06,0.0,nan
180,60,7.593434649817104e-06,0.0,nan
180,61,8.389011175256738e-06,0.0,nan
180,62,7.997888164414339e-06,0.0,nan
180,63,1.0464412630415076e-05,0.0,nan
180,64,1.5925420914465308e-05,0.0,nan
180,65,1.0522766217058456e-05,0.0,nan
180,66,5.025686495402641e-06,0.0,nan
180,67,1.1618819318163163e-05,0.0,nan
180,68,1.7011084995643374e-05,0.0,nan
180,69,7.691911752090356e-06,0.0,nan
180,70,1.5808081077654117e-05,0.0,nan
180,71,1.1611124200951362e-05,0.0,nan
180,72,6.095643660448075e-06,0.0,nan
180,73,3.4724031415288046e-06,0.0,nan
180,74,5.845041822380675e-06,0.0,nan
180,75,1.6603601210615868e-05,0.0,nan
180,76,8.341630107279124e-06,0.0,nan
180,77,1.9116360723214585e-05,0.0,nan
180,78,9.837839448094455e-06,0.0,nan
180,79,1.020067376974864e-05,0.0,nan
180,80,1.8090168445067205e-05,0.0,nan
180,81,6.286271445491737e-06,0.0,nan
180,82,8.981942565060153e-06,0.0,nan
180,83,6.823716779846291e-06,0.0,nan
180,84,7.469744175216493e-06,0.0,nan
180,85,4.867702244093653e-06,0.0,nan
180,86,8.829769095595681e-06,0.0,nan
180,87,1.9174110168381812e-05,0.0,nan
180,88,5.736797006235769e-06,0.0,nan
180,89,8.636503781993982e-06,0.0,nan
180,90,2.2295397983568233e-05,0.0,nan
180,91,5.006529949744338e-06,0.0,nan
180,92,9.781608512414238e-06,0.0,nan
180,93,6.871194118693836e-06,0.0,nan
180,94,1.0553083660120275e-05,0.0,nan
180,95,1.4784374486890492e-05,0.0,nan
180,96,9.322222683346172e-06,0.0,nan
180,97,2.3604849839536837e-05,0.0,nan
180,98,5.968347879193611e-06,0.0,nan
180,99,1.874835829358473e-05,0.0,nan
181,0,6.350635364802883e-06,0.0,nan
181,1,7.355945742586756e-06,0.0,nan
181,2,6.306678340253501e-06,0.0,nan
181,3,1.3035652671009485e-05,0.0,nan
181,4,3.618041624484317e-06,0.0,nan
181,5,3.849225970403869e-06,0.0,nan
181,6,1.0051664238159968e-05,0.0,nan
181,7,5.695099003375736e-06,0.0,nan
181,8,7.392774221375236e-06,0.0,nan
181,9,2.8262040042124078e-06,0.0,nan
181,10,5.509109113279477e-06,0.0,nan
181,11,0.1809727734502281,1.0,nan
181,12,2.433773366104422e-06,0.0,nan
181,13,1.0497873755376916e-05,0.0,nan
181,14,4.39129616686676e-06,0.0,nan
181,15,1.390061378734535e-05,0.0,nan
181,16,1.0473657362805623e-05,0.0,nan
181,17,1.1682364794841067e-05,0.0,nan
181,18,1.5617965179544567e-05,0.0,nan
181,19,5.505065435606777e-06,0.0,nan
181,20,5.316510642060103e-06,0.0,nan
181,21,0.33600784913248805,1.0,nan
181,22,9.803847203893603e-06,0.0,nan
181,23,3.8116890613804265e-06,0.0,nan
181,24,5.718203390133791e-06,0.0,nan
181,25,6.03074566637934e-06,0.0,nan
181,26,3.7300990412546235e-06,0.0,nan
181,27,0.4820736976697011,1.0,nan
181,28,8.798240613651341e-06,0.0,nan
181,29,1.5820537882951907e-06,0.0,nan
181,30,5.048627517300094e-06,0.0,nan
181,31,5.062032511084699e-06,0.0,nan
181,32,4.160394332637486e-06,0.0,nan
181,33,4.557842918728278e-06,0.0,nan
181,34,2.7593552893814415e-06,0.0,nan
181,35,6.480210910797069e-06,0.0,nan
181,36,3.534134811614995e-06,0.0,nan
181,37,2.7157599930624356e-06,0.0,nan
181,38,6.932448244926161e-06,0.0,nan
181,39,7.099733829561786e-06,0.0,nan
181,40,1.0011596845241103e-05,0.0,nan
181,41,3.6753968862946467e-06,0.0,nan
181,42,3.625915855483322e-06,0.0,nan
181,43,4.327715647437453e-06,0.0,nan
181,44,4.675167111790502e-06,0.0,nan
181,45,7.116822928128923e-06,0.0,nan
181,46,2.458394767101668e-06,0.0,nan
181,47,9.741085754691607e-06,0.0,nan
181,48,7.953322317653441e-06,0.0,nan
181,49,4.196115725457851e-06,0.0,nan
181,50,1.5520479190435864e-05,0.0,nan
181,51,5.437783405277868e-06,0.0,nan
181,52,5.429217552210199e-06,0.0,nan
181,53,3.426224529634549e-06,0.0,nan
181,54,4.266387883418843e-06,0.0,nan
181,55,4.370064690184893e-06,0.0,nan
181,56,3.980956055802984e-06,0.0,nan
181,57,5.303870437345301e-06,0.0,nan
181,58,5.227168920272881e-05,0.0,nan
181,59,1.187541939061259e-05,0.0,nan
181,60,8.06562543292186e-06,0.0,nan
181,61,4.68732976618398e-06,0.0,nan
181,62,1.1053908628127817e-05,0.0,nan
181,63,8.03249950319018e-06,0.0,nan
181,64,4.826374358601123e-06,0.0,nan
181,65,3.072735999867672e-06,0.0,nan
181,66,5.205616929572607e-06,0.0,nan
181,67,3.235108621294165e-06,0.0,nan
181,68,2.9981808297849003e-06,0.0,nan
181,69,7.972762141105271e-06,0.0,nan
181,70,5.079185721467166e-06,0.0,nan
181,71,4.7438922950979205e-06,0.0,nan
181,72,7.262622178459367e-06,0.0,nan
181,73,3.048274045077321e-06,0.0,nan
181,74,2.746048544929328e-06,0.0,nan
181,75,2.614932844587776e-06,0.0,nan
181,76,4.096371475207658e-06,0.0,nan
181,77,4.228069338448453e-06,0.0,nan
181,78,5.8678439236046334e-06,0.0,nan
181,79,9.906412614993616e-06,0.0,nan
181,80,1.0040446765527628e-05,0.0,nan
181,81,5.980015442109443e-06,0.0,nan
181,82,4.807295794564754e-06,0.0,nan
181,83,6.88862436057274e-06,0.0,nan
181,84,4.145645896824981e-06,0.0,nan
181,85,4.542556269765731e-06,0.0,nan
181,86,1.5287116169313502e-05,0.0,nan
181,87,4.7339826207719375e-06,0.0,nan
181,88,6.610833306582238e-06,0.0,nan
181,89,2.6083366575820433e-06,0.0,nan
181,90,4.180895330128628e-06,0.0,nan
181,91,4.06327820178499e-06,0.0,nan
181,92,7.041514210656381e-06,0.0,nan
181,93,8.931419403094946e-06,0.0,nan
181,94,2.6071245264613825e-06,0.0,nan
181,95,3.113244624753847e-06,0.0,nan
181,96,6.468586083872171e-06,0.0,nan
181,97,7.034884109966444e-06,0.0,nan
181,98,1.0993670741828063e-05,0.0,nan
181,99,2.64630609577179e-06,0.0,nan
182,0,2.06770608028044e-05,0.0,nan
182,1,7.201313736267298e-06,0.0,nan
182,2,3.843123362435774e-06,0.0,nan
182,3,1.3300677000197264e-05,0.0,nan
182,4,1.231986289098073e-05,0.0,nan
182,5,6.437193232559799e-06,0.0,nan
182,6,6.618172813227776e-06,0.0,nan
182,7,2.0434604597231113e-05,0.0,nan
182,8,1.5573396869777335e-05,0.0,nan
182,9,1.721456372812051e-06,0.0,nan
182,10,1.9045057747450816e-06,0.0,nan
182,11,0.23488249583868404,1.0,nan
182,12,1.0623828647990164e-05,0.0,nan
182,13,1.7581478406502713e-05,0.0,nan
182,14,7.069737865474127e-06,0.0,nan
182,15,4.539483012681397e-06,0.0,nan
182,16,1.3141232384412847e-05,0.0,nan
182,17,2.7985970246870005e-06,0.0,nan
182,18,2.107045307836211e-06,0.0,nan
182,19,3.848671352370069e-06,0.0,nan
182,20,2.9996527709374163e-05,0.0,nan
182,21,0.18094462567304975,1.0,nan
182,22,5.715375397940108e-06,0.0,nan
182,23,7.483034386281433e-06,0.0,nan
182,24,3.925231202389843e-06,0.0,nan
182,25,1.1213682264389752e-05,0.0,nan
182,26,8.282318136775377e-06,0.0,nan
182,27,0.31176859869590756,1.0,nan
182,28,8.370786777101024e-06,0.0,nan
182,29,1.0431525535126517e-05,0.0,nan
182,30,5.748861365738223e-06,0.0,nan
182,31,1.5227702371773046e-05,0.0,nan
182,32,1.1883910810760015e-05,0.0,nan
182,33,4.188795431485745e-06,0.0,nan
182,34,8.33760404794814e-06,0.0,nan
182,35,1.5064250274112312e-05,0.0,nan
182,36,2.853315418954821e-06,0.0,nan
182,37,5.342501928190348e-06,0.0,nan
182,38,1.1222820953193052e-05,0.0,nan
182,39,1.0440292930735334e-06,0.0,nan
182,40,9.87228784581333e-06,0.0,nan
182,41,3.3790759617776604e-06,0.0,nan
182,42,1.0281729070723757e-05,0.0,nan
182,43,1.1165211730765937e-05,0.0,nan
182,44,1.3262269380404294e-05,0.0,nan
182,45,3.424265106956135e-06,0.0,nan
182,46,5.5856306848088015e-06,0.0,nan
182,47,4.645364796837527e-06,0.0,nan
182,48,4.031326140656424e-06,0.0,nan
182,49,1.6361719545265247e-05,0.0,nan
182,50,9.71074567770307e-06,0.0,nan
182,51,9.124001311781453e-06,0.0,nan
182,52,1.0481372034036594e-05,0.0,nan
182,53,1.3505217362906747e-05,0.0,nan
182,54,4.388577315679873e-06,0.0,nan
182,55,6.004831683391466e-06,0.0,nan
182,56,1.0024920798324508e-05,0.0,nan
182,57,1.1806207263760149e-05,0.0,nan
182,58,2.6963115976916756e-05,0.0,nan
182,59,6.895594728883229e-06,0.0,nan
182,60,1.1081265103079088e-05,0.0,nan
182,61,2.6181353047122723e-06,0.0,nan
182,62,8.435567186960626e-06,0.0,nan
182,63,1.0698989398594074e-05,0.0,nan
182,64,9.717436434832567e-06,0.0,nan
182,65,1.3364679892743507e-05,0.0,nan
182,66,8.143903210547986e-06,0.0,nan
182,67,3.160071765477739e-06,0.0,nan
182,68,8.974161144839318e-06,0.0,nan
182,69,5.358052402550075e-06,0.0,nan
182,70,5.117744022679968e-06,0.0,nan
182,71,4.725804601027926e-06,0.0,nan
182,72,9.520293278453859e-06,0.0,nan
182,73,3.004762037486061e-06,0.0,nan
182,74,9.530089252555579e-06,0.0,nan
182,75,5.909914122505114e-06,0.0,nan
182,76,2.642579286412834e-06,0.0,nan
182,77,1.002546683628762e-05,0.0,nan
182,78,1.8199118973250813e-05,0.0,nan
182,79,3.901814280802622e-06,0.0,nan
182,80,2.2124914201207165e-05,0.0,nan
182,81,1.3526188454813418e-05,0.0,nan
182,82,9.036131914093994e-06,0.0,nan
182,83,4.974045996010205e-06,0.0,nan
182,84,5.604765648034476e-06,0.0,nan
182,85,2.8695316866069328e-05,0.0,nan
182,86,1.3351323620741819e-05,0.0,nan
182,87,5.172007379017586e-06,0.0,nan
182,88,5.504969977561522e-06,0.0,nan
182,89,1.3470410719926255e-05,0.0,nan
182,90,1.3367604921088043e-05,0.0,nan
182,91,4.673932485837512e-06,0.0,nan
182,92,4.377139503596848e-06,0.0,nan
182,93,1.0017601388728315e-05,0.0,nan
182,94,1.4028021558071406e-05,0.0,nan
182,95,1.9232346598268032e-05,0.0,nan
182,96,1.0391495082116978e-05,0.0,nan
182,97,7.944740728118227e-06,0.0,nan
182,98,3.5380461548737066e-06,0.0,nan
182,99,3.276611086556432e-06,0.0,nan
183,0,1.3831637771644883e-05,0.0,nan
183,1,5.5405581947099175e-06,0.0,nan
183,2,9.66894441477103e-06,0.0,nan
183,3,2.665054639802339e-06,0.0,nan
183,4,8.633498867110673e-06,0.0,nan
183,5,1.249700960077738e-05,0.0,nan
183,6,4.922262067367008e-06,0.0,nan
183,7,3.878005005964862e-05,0.0,nan
183,8,9.777376792798727e-06,0.0,nan
183,9,8.446905945405855e-06,0.0,nan
183,10,8.661824029318919e-06,0.0,nan
183,11,0.21929246584083917,1.0,nan
183,12,1.059854915991073e-05,0.0,nan
183,13,1.188147938535931e-05,0.0,nan
183,14,9.26147054776149e-06,0.0,nan
183,15,2.38871858828239e-06,0.0,nan
183,16,1.1065049672273273e-05,0.0,nan
183,17,1.470099362862776e-05,0.0,nan
183,18,5.77220187490563e-06,0.0,nan
183,19,9.972657551821561e-06,0.0,nan
183,20,1.6495740817210965e-05,0.0,nan
183,21,0.175286739985214,1.0,nan
183,22,1.497553536840014e-05,0.0,nan
183,23,1.1508831683352702e-05,0.0,nan
183,24,3.757213353614704e-05,0.0,nan
183,25,4.350789120818637e-06,0.0,nan
183,26,2.856115197119845e-05,0.0,nan
183,27,0.20801703025537854,1.0,nan
183,28,8.949667274038946e-06,0.0,nan
183,29,1.0488940192019936e-05,0.0,nan
183,30,4.038062189331781e-06,0.0,nan
183,31,5.103837421024816e-06,0.0,nan
183,32,3.0940111621088205e-05,0.0,nan
183,33,1.376901624514131e-05,0.0,nan
183,34,1.3456804224704037e-05,0.0,nan
183,35,1.0177141492223426e-05,0.0,nan
183,36,9.660190939842275e-06,0.0,nan
183,37,9.386222307945254e-06,0.0,nan
183,38,1.5346566444792505e-05,0.0,nan
183,39,1.5615534063078536e-05,0.0,nan
183,40,1.0175753428014195e-05,0.0,nan
183,41,7.113692665036828e-06,0.0,nan
183,42,8.906905791436606e-06,0.0,nan
183,43,1.3373238040492928e-05,0.0,nan
183,44,9.447375278422578e-06,0.0,nan
183,45,6.455320824169971e-06,0.0,nan
183,46,7.992623132383821e-06,0.0,nan
183,47,4.500153921669724e-06,0.0,nan
183,48,6.512617118846784e-06,0.0,nan
183,49,3.240235913318886e-06,0.0,nan
183,50,1.3578290977971848e-05,0.0,nan
183,51,1.4908084840382502e-05,0.0,nan
183,52,6.292952840245929e-06,0.0,nan
183,53,1.838760516312382e-05,0.0,nan
183,54,1.4167146124982044e-05,0.0,nan
183,55,3.2459027306741595e-06,0.0,nan
183,56,9.901650195437749e-06,0.0,nan
183,57,1.4390195016654317e-05,0.0,nan
183,58,4.9697359463717915e-05,0.0,nan
183,59,2.9927759995449342e-06,0.0,nan
183,60,7.753116475326119e-06,0.0,nan
183,61,4.349561146749865e-06,0.0,nan
183,62,3.67673911579499e-05,0.0,nan
183,63,8.526998043288125e-06,0.0,nan
183,64,1.484334267007019e-05,0.0,nan
183,65,9.48529908018342e-06,0.0,nan
183,66,9.465043753538409e-06,0.0,nan
183,67,3.432334324197075e-05,0.0,nan
183,68,3.875727737144069e-06,0.0,nan
183,69,9.955985687304065e-06,0.0,nan
183,70,1.1090113922227243e-05,0.0,nan
183,71,9.100807672514021e-06,0.0,nan
183,72,6.59772009800114e-06,0.0,nan
183,73,8.293887265821734e-06,0.0,nan
183,74,1.7995119548071247e-05,0.0,nan
183,75,1.0189551690905662e-05,0.0,nan
183,76,6.7297669513112156e-06,0.0,nan
183,77,6.461969723814465e-06,0.0,nan
183,78,1.6304866358820064e-05,0.0,nan
183,79,1.5372861689824042e-05,0.0,nan
183,80,4.937268418162054e-06,0.0,nan
183,81,1.8853688688133015e-05,0.0,nan
183,82,1.8933856196289733e-05,0.0,nan
183,83,1.700121236946672e-05,0.0,nan
183,84,4.344958260498017e-06,0.0,nan
183,85,6.010353983926326e-06,0.0,nan
183,86,4.994608726608701e-06,0.0,nan
183,87,7.272116625873466e-06,0.0,nan
183,88,1.0341229179306309e-05,0.0,nan
183,89,2.7420476565217212e-05,0.0,nan
183,90,4.465253484965593e-06,0.0,nan
183,91,8.551861744267429e-06,0.0,nan
183,92,1.2196080395444542e-05,0.0,nan
183,93,1.2822192578042238e-06,0.0,nan
183,94,1.4221469857612678e-05,0.0,nan
183,95,1.6438129635488854e-05,0.0,nan
183,96,7.687668877524456e-06,0.0,nan
183,97,1.1443304738142107e-05,0.0,nan
183,98,1.1437542785464425e-05,0.0,nan
183,99,5.153207670691244e-06,0.0,nan
184,0,1.980502581237601e-05,0.0,nan
184,1,3.9597022761472266e-05,0.0,nan
184,2,5.2148728454178976e-06,0.0,nan
184,3,4.159993891866116e-06,0.0,nan
184,4,9.512842200269509e-06,0.0,nan
184,5,1.4312149922729252e-05,0.0,nan
184,6,1.1180355053132584e-05,0.0,nan
184,7,8.832521356846588e-06,0.0,nan
184,8,8.986762401270774e-06,0.0,nan
184,9,1.439680469341937e-05,0.0,nan
184,10,6.14984559833723e-06,0.0,nan
184,11,0.35895940782740643,1.0,nan
184,12,5.043852519622592e-06,0.0,nan
184,13,2.170012651121652e-05,0.0,nan
184,14,7.265373826237021e-06,0.0,nan
184,15,1.3590282351785007e-05,0.0,nan
184,16,8.424879001759019e-06,0.0,nan
184,17,1.1783855764653434e-05,0.0,nan
184,18,7.907087505917094e-06,0.0,nan
184,19,1.6142304933609622e-05,0.0,nan
184,20,3.6534427473504135e-06,0.0,nan
184,21,0.22030645244458197,1.0,nan
184,22,1.4479201656124036e-05,0.0,nan
184,23,2.7940898242042624e-06,0.0,nan
184,24,1.6674830180807443e-05,0.0,nan
184,25,8.940713997357185e-06,0.0,nan
184,26,1.2613255396155372e-05,0.0,nan
184,27,0.25366964461882324,1.0,nan
184,28,1.7249224554801488e-05,0.0,nan
184,29,1.1213925445115634e-05,0.0,nan
184,30,8.92144669014175e-06,0.0,nan
184,31,1.8021052914813562e-05,0.0,nan
184,32,4.7943701704648283e-05,0.0,nan
184,33,8.565567247833398e-06,0.0,nan
184,34,8.570044394496655e-06,0.0,nan
184,35,1.4215859955801776e-05,0.0,nan
184,36,9.580943205555341e-06,0.0,nan
184,37,8.342935875329631e-06,0.0,nan
184,38,1.3505490532627786e-05,0.0,nan
184,39,4.79104780348551e-06,0.0,nan
184,40,4.765835612023746e-06,0.0,nan
184,41,5.9465940722253875e-06,0.0,nan
184,42,1.457917145219614e-05,0.0,nan
184,43,9.687886730457379e-06,0.0,nan
184,44,1.0859624136909922e-05,0.0,nan
184,45,2.801878836952686e-06,0.0,nan
184,46,6.634588879165813e-06,0.0,nan
184,47,3.5757791642184912e-06,0.0,nan
184,48,7.105045960076105e-06,0.0,nan
184,49,6.052916354481299e-06,0.0,nan
184,50,1.6613766744303098e-05,0.0,nan
184,51,3.6935718608857286e-05,0.0,nan
184,52,8.762912987796965e-06,0.0,nan
184,53,1.0311475981481314e-05,0.0,nan
184,54,8.806961428440388e-06,0.0,nan
184,55,6.429815169748718e-06,0.0,nan
184,56,1.140986781905324e-05,0.0,nan
184,57,9.492293908527881e-06,0.0,nan
184,58,2.8420455444475915e-05,0.0,nan
184,59,3.4021969498816436e-06,0.0,nan
184,60,2.066371773664038e-05,0.0,nan
184,61,1.301357586836028e-05,0.0,nan
184,62,8.493022664925622e-06,0.0,nan
184,63,1.0642653424058396e-05,0.0,nan
184,64,8.094764351067502e-06,0.0,nan
184,65,9.104440798747746e-06,0.0,nan
184,66,8.770987278507027e-06,0.0,nan
184,67,1.0388473046473162e-05,0.0,nan
184,68,1.1000673786047596e-05,0.0,nan
184,69,9.192246155980843e-06,0.0,nan
184,70,4.188158787766055e-06,0.0,nan
184,71,1.0550335266005099e-05,0.0,nan
184,72,3.9028982286750694e-06,0.0,nan
184,73,9.011997892090915e-06,0.0,nan
184,74,7.330723224932416e-06,0.0,nan
184,75,1.4617732087296926e-06,0.0,nan
184,76,7.493603336825976e-06,0.0,nan
184,77,6.715459469278069e-06,0.0,nan
184,78,9.202062208988379e-06,0.0,nan
184,79,1.0346648901936378e-05,0.0,nan
184,80,6.3707543140475085e-06,0.0,nan
184,81,4.011541735645616e-06,0.0,nan
184,82,5.646951167368267e-06,0.0,nan
184,83,1.310085391505609e-05,0.0,nan
184,84,4.136474049087803e-06,0.0,nan
184,85,1.1594126903173545e-05,0.0,nan
184,86,8.21964061193325e-06,0.0,nan
184,87,7.236829386190886e-06,0.0,nan
184,88,7.636961498237163e-06,0.0,nan
184,89,1.2497190401403102e-05,0.0,nan
184,90,1.1953446485864864e-05,0.0,nan
184,91,7.566284664974281e-06,0.0,nan
184,92,1.4036807140029752e-05,0.0,nan
184,93,8.293333756133984e-06,0.0,nan
184,94,1.6731517325502375e-05,0.0,nan
184,95,5.862247000937047e-06,0.0,nan
184,96,8.358885824393387e-06,0.0,nan
184,97,5.630174895815112e-06,0.0,nan
184,98,1.7245091925963405e-05,0.0,nan
184,99,1.484389264820403e-05,0.0,nan
185,0,8.222761006434098e-06,0.0,nan
185,1,8.358673038383137e-06,0.0,nan
185,2,1.8709794448443283e-05,0.0,nan
185,3,5.466365141259503e-06,0.0,nan
185,4,4.944589184971191e-06,0.0,nan
185,5,7.56617349364505e-06,0.0,nan
185,6,7.315511575432112e-06,0.0,nan
185,7,1.4456049198145515e-05,0.0,nan
185,8,1.358640630593065e-05,0.0,nan
185,9,1.9387524846537608e-06,0.0,nan
185,10,5.921971224175907e-06,0.0,nan
185,11,0.34173075592748625,1.0,nan
185,12,1.0256587696791912e-05,0.0,nan
185,13,1.7375491706006405e-05,0.0,nan
185,14,1.410826863210118e-05,0.0,nan
185,15,9.238912739319677e-06,0.0,nan
185,16,1.032646806291074e-05,0.0,nan
185,17,6.407266770038637e-06,0.0,nan
185,18,7.105016536635515e-06,0.0,nan
185,19,4.495487721613098e-06,0.0,nan
185,20,4.429613467911711e-06,0.0,nan
185,21,0.19628585028610468,1.0,nan
185,22,2.8517544084217375e-05,0.0,nan
185,23,4.411030000384032e-06,0.0,nan
185,24,4.587136616426514e-06,0.0,nan
185,25,8.421126202564312e-06,0.0,nan
185,26,4.6235465123288775e-06,0.0,nan
185,27,0.7020328900837551,1.0,nan
185,28,8.194632779404309e-06,0.0,nan
185,29,4.354199497474929e-06,0.0,nan
185,30,1.750004225793995e-05,0.0,nan
185,31,1.0424668413560351e-05,0.0,nan
185,32,7.786362572449304e-06,0.0,nan
185,33,6.989216236788848e-06,0.0,nan
185,34,7.992803653301282e-06,0.0,nan
185,35,1.2295280126270255e-05,0.0,nan
185,36,7.013855195720377e-06,0.0,nan
185,37,2.2246378923546996e-05,0.0,nan
185,38,1.699978529350808e-05,0.0,nan
185,39,8.123134942003196e-06,0.0,nan
185,40,1.9114905539111666e-05,0.0,nan
185,41,8.094954444216482e-06,0.0,nan
185,42,9.106362443194923e-06,0.0,nan
185,43,1.1751327471028616e-05,0.0,nan
185,44,3.00572709300299e-06,0.0,nan
185,45,1.1853228782428837e-05,0.0,nan
185,46,1.0180475323369065e-05,0.0,nan
185,47,1.1827800745168466e-05,0.0,nan
185,48,1.1539427074783548e-05,0.0,nan
185,49,7.852368165067055e-06,0.0,nan
185,50,1.8877113463206796e-05,0.0,nan
185,51,8.188923268593855e-06,0.0,nan
185,52,1.2718601738868564e-05,0.0,nan
185,53,1.9440520953221266e-05,0.0,nan
185,54,1.7042258323831215e-05,0.0,nan
185,55,1.0314333431116349e-05,0.0,nan
185,56,4.611281174637089e-06,0.0,nan
185,57,4.682075444762787e-06,0.0,nan
185,58,6.608269068052605e-06,0.0,nan
185,59,5.663854687008184e-06,0.0,nan
185,60,7.157480656171817e-06,0.0,nan
185,61,1.2261706209787177e-05,0.0,nan
185,62,1.1195720573476618e-05,0.0,nan
185,63,9.332770835361688e-06,0.0,nan
185,64,8.656386812020616e-06,0.0,nan
185,65,5.587921577302429e-06,0.0,nan
185,66,1.040924684904623e-05,0.0,nan
185,67,7.598736348885183e-06,0.0,nan
185,68,9.869181744681255e-06,0.0,nan
185,69,1.3101079649627953e-05,0.0,nan
185,70,1.7556692006173344e-05,0.0,nan
185,71,8.694118125857401e-06,0.0,nan
185,72,8.315504805148355e-06,0.0,nan
185,73,5.196073907567467e-05,0.0,nan
185,74,7.87928886713943e-06,0.0,nan
185,75,1.0583785996043952e-05,0.0,nan
185,76,7.5015975088171125e-06,0.0,nan
185,77,3.459540494214861e-05,0.0,nan
185,78,3.1729212881256453e-05,0.0,nan
185,79,2.5327313532338904e-06,0.0,nan
185,80,6.106011856601075e-06,0.0,nan
185,81,8.980803003478799e-06,0.0,nan
185,82,8.15945077321167e-06,0.0,nan
185,83,1.3907282665416614e-05,0.0,nan
185,84,5.625884104811578e-06,0.0,nan
185,85,1.0699948388509276e-05,0.0,nan
185,86,9.585853954301915e-06,0.0,nan
185,87,2.6736536048971592e-05,0.0,nan
185,88,9.32027171946866e-06,0.0,nan
185,89,1.4061898924828471e-05,0.0,nan
185,90,5.313533536254224e-06,0.0,nan
185,91,7.878770190439152e-06,0.0,nan
185,92,6.083250839380457e-06,0.0,nan
185,93,6.468266300949073e-06,0.0,nan
185,94,1.4919646697227874e-05,0.0,nan
185,95,7.344481568377895e-06,0.0,nan
185,96,5.197781924349033e-06,0.0,nan
185,97,1.6401474787126462e-05,0.0,nan
185,98,5.218919017874949e-06,0.0,nan
185,99,8.385051587201401e-06,0.0,nan
186,0,6.140335273483976e-06,0.0,nan
186,1,4.023497942340701e-06,0.0,nan
186,2,5.369452839005419e-06,0.0,nan
186,3,5.111309343959706e-06,0.0,nan
186,4,9.490738295698808e-06,0.0,nan
186,5,6.564622755722333e-06,0.0,nan
186,6,1.3108335229987338e-05,0.0,nan
186,7,2.534327296880707e-06,0.0,nan
186,8,5.143561974995193e-06,0.0,nan
186,9,7.832831103565913e-06,0.0,nan
186,10,8.314509256258796e-06,0.0,nan
186,11,0.27374448075661867,1.0,nan
186,12,7.277456600219441e-06,0.0,nan
186,13,8.350818439148315e-06,0.0,nan
186,14,6.830479654116641e-06,0.0,nan
186,15,6.936696085384621e-06,0.0,nan
186,16,3.765417798601135e-06,0.0,nan
186,17,2.4472490207687053e-06,0.0,nan
186,18,7.229993160010248e-06,0.0,nan
186,19,2.7554024783645264e-06,0.0,nan
186,20,6.773613835671081e-06,0.0,nan
186,21,0.2447134974466228,1.0,nan
186,22,2.3010015106898003e-05,0.0,nan
186,23,7.625853479517803e-06,0.0,nan
186,24,2.8955550569550774e-06,0.0,nan
186,25,3.407577085884598e-06,0.0,nan
186,26,7.044306529143811e-06,0.0,nan
186,27,0.2943242923316959,1.0,nan
186,28,5.2326554153273025e-06,0.0,nan
186,29,1.0646105714294699e-05,0.0,nan
186,30,6.355113596539295e-06,0.0,nan
186,31,1.1750994075508283e-05,0.0,nan
186,32,3.3390103503048245e-06,0.0,nan
186,33,2.225719679781673e-06,0.0,nan
186,34,2.5736303093451193e-06,0.0,nan
186,35,4.778148672539555e-06,0.0,nan
186,36,8.494132770365976e-06,0.0,nan
186,37,3.8143197395026037e-06,0.0,nan
186,38,6.928557912662433e-06,0.0,nan
186,39,7.142106322372633e-06,0.0,nan
186,40,4.135992603265947e-06,0.0,nan
186,41,3.933221282768729e-06,0.0,nan
186,42,2.1007163334189402e-05,0.0,nan
186,43,2.508416601831201e-05,0.0,nan
186,44,8.262918375453606e-06,0.0,nan
186,45,3.1952615045023463e-06,0.0,nan
186,46,1.5907618909902293e-05,0.0,nan
186,47,9.288315668961709e-06,0.0,nan
186,48,1.3496698571073828e-05,0.0,nan
186,49,3.810908269598273e-06,0.0,nan
186,50,5.802160993956347e-06,0.0,nan
186,51,6.748713619903159e-06,0.0,nan
186,52,5.940919878894428e-06,0.0,nan
186,53,1.7501927946932823e-05,0.0,nan
186,54,7.353058156809743e-06,0.0,nan
186,55,8.621986717508106e-06,0.0,nan
186,56,7.702280018436042e-06,0.0,nan
186,57,3.1033855464806176e-06,0.0,nan
186,58,2.015763374660961e-05,0.0,nan
186,59,1.0527636530336377e-05,0.0,nan
186,60,7.222572634344612e-06,0.0,nan
186,61,6.263228190006633e-06,0.0,nan
186,62,1.3283709700267629e-05,0.0,nan
186,63,3.089803228727315e-06,0.0,nan
186,64,3.0203902790195393e-06,0.0,nan
186,65,1.462131640034121e-05,0.0,nan
186,66,8.574366196151202e-06,0.0,nan
186,67,8.00168463313699e-06,0.0,nan
186,68,3.44200932753839e-06,0.0,nan
186,69,1.8504710537974477e-05,0.0,nan
186,70,6.558315181804292e-06,0.0,nan
186,71,2.5692182717917715e-06,0.0,nan
186,72,5.897690434337765e-06,0.0,nan
186,73,5.581869293354637e-06,0.0,nan
186,74,1.0286285057990795e-05,0.0,nan
186,75,9.76124749443684e-06,0.0,nan
186,76,6.068555229323452e-06,0.0,nan
186,77,8.724818342504236e-06,0.0,nan
186,78,1.57438572938746e-06,0.0,nan
186,79,2.7375850220284484e-06,0.0,nan
186,80,7.652596397438546e-06,0.0,nan
186,81,7.0945431298424595e-06,0.0,nan
186,82,1.0398913217626846e-05,0.0,nan
186,83,5.97721372456963e-06,0.0,nan
186,84,1.4299290427850473e-05,0.0,nan
186,85,6.314696374764698e-06,0.0,nan
186,86,1.7846151564820337e-05,0.0,nan
186,87,9.356516722202457e-06,0.0,nan
186,88,3.4397319890300804e-06,0.0,nan
186,89,6.356876070772143e-06,0.0,nan
186,90,2.8577458453500596e-06,0.0,nan
186,91,9.271132950138066e-06,0.0,nan
186,92,9.975174616656684e-06,0.0,nan
186,93,6.2615902952157515e-06,0.0,nan
186,94,2.935326703363613e-06,0.0,nan
186,95,2.4448768132037327e-05,0.0,nan
186,96,3.1520829268212026e-06,0.0,nan
186,97,5.883478649968933e-06,0.0,nan
186,98,6.496655711512101e-06,0.0,nan
186,99,1.1403631290692412e-05,0.0,nan
187,0,1.1542192743029483e-05,0.0,nan
187,1,2.838292623994324e-06,0.0,nan
187,2,1.7827338631122557e-05,0.0,nan
187,3,2.8217708115718593e-05,0.0,nan
187,4,1.9383584936340027e-05,0.0,nan
187,5,1.7419899072683758e-05,0.0,nan
187,6,1.8707341256821005e-05,0.0,nan
187,7,1.7568078037345214e-05,0.0,nan
187,8,2.8336356413088114e-05,0.0,nan
187,9,1.864869300924963e-05,0.0,nan
187,10,3.80543425256023e-06,0.0,nan
187,11,0.33646720531095564,1.0,nan
187,12,1.8277333380680105e-05,0.0,nan
187,13,7.242251727599658e-06,0.0,nan
187,14,1.4251183460969425e-05,0.0,nan
187,15,1.1323192347253922e-05,0.0,nan
187,16,8.322337312660958e-06,0.0,nan
187,17,8.395210229244806e-06,0.0,nan
187,18,4.64002345775614e-06,0.0,nan
187,19,4.852179520388473e-06,0.0,nan
187,20,2.9528969665830587e-05,0.0,nan
187,21,0.20073620039860912,1.0,nan
187,22,1.8329776595520242e-05,0.0,nan
187,23,8.68382094844442e-06,0.0,nan
187,24,4.4327379108906456e-05,0.0,nan
187,25,8.846158996038421e-06,0.0,nan
187,26,1.1875810900826878e-05,0.0,nan
187,27,0.3257995150348376,1.0,nan
187,28,6.920208840580127e-06,0.0,nan
187,29,3.0082237660674277e-05,0.0,nan
187,30,4.525434013222036e-06,0.0,nan
187,31,1.0283032541892114e-05,0.0,nan
187,32,1.0926967377074084e-05,0.0,nan
187,33,2.410644392754232e-05,0.0,nan
187,34,9.429221379599674e-06,0.0,nan
187,35,9.290158851827145e-06,0.0,nan
187,36,1.1625562266152155e-05,0.0,nan
187,37,9.86956023155189e-06,0.0,nan
187,38,4.697089601176698e-06,0.0,nan
187,39,1.8854839090639818e-05,0.0,nan
187,40,5.804261745702752e-06,0.0,nan
187,41,1.217790940275227e-05,0.0,nan
187,42,6.050374238852459e-06,0.0,nan
187,43,6.353027759323113e-06,0.0,nan
187,44,1.3421536806967193e-05,0.0,nan
187,45,7.964873728920178e-06,0.0,nan
187,46,4.567201772920965e-06,0.0,nan
187,47,1.5088404549985415e-05,0.0,nan
187,48,1.0159981124275457e-05,0.0,nan
187,49,1.082112524911506e-05,0.0,nan
187,50,1.0581016409483458e-05,0.0,nan
187,51,3.536299634236243e-06,0.0,nan
187,52,2.0504673750408585e-05,0.0,nan
187,53,1.0632082366614274e-05,0.0,nan
187,54,1.4007971074750965e-05,0.0,nan
187,55,2.522349426601325e-05,0.0,nan
187,56,1.7679213394678953e-05,0.0,nan
187,57,4.525862825980254e-06,0.0,nan
187,58,3.1255135244840946e-05,0.0,nan
187,59,1.4757001810167885e-05,0.0,nan
187,60,1.3608417959328757e-05,0.0,nan
187,61,1.5854910373943962e-05,0.0,nan
187,62,9.033659466983925e-06,0.0,nan
187,63,1.2859535437060341e-05,0.0,nan
187,64,8.510639571129074e-06,0.0,nan
187,65,1.1938072428821794e-05,0.0,nan
187,66,1.651701464249923e-05,0.0,nan
187,67,3.1770162293829035e-06,0.0,nan
187,68,2.4074864558237217e-05,0.0,nan
187,69,1.293982154636919e-05,0.0,nan
187,70,6.901378497636208e-06,0.0,nan
187,71,1.9273178181026997e-05,0.0,nan
187,72,1.0444994809219619e-05,0.0,nan
187,73,8.930042182436317e-06,0.0,nan
187,74,1.2947011247766476e-05,0.0,nan
187,75,7.633680951656549e-06,0.0,nan
187,76,4.680204463236225e-06,0.0,nan
187,77,1.0391843074001442e-05,0.0,nan
187,78,1.1283953739028749e-05,0.0,nan
187,79,1.0057560780456179e-05,0.0,nan
187,80,6.096505976131376e-06,0.0,nan
187,81,1.7071462319074005e-05,0.0,nan
187,82,2.8153010150505456e-05,0.0,nan
187,83,4.999288497530677e-06,0.0,nan
187,84,8.173556535983842e-06,0.0,nan
187,85,1.3218219570878604e-05,0.0,nan
187,86,8.058002392093501e-06,0.0,nan
187,87,2.270983542115492e-05,0.0,nan
187,88,1.6027424431052984e-05,0.0,nan
187,89,2.373644012457571e-05,0.0,nan
187,90,1.469361105847644e-05,0.0,nan
187,91,1.5096175766649928e-05,0.0,nan
187,92,2.4062804865768212e-05,0.0,nan
187,93,7.357518067367445e-06,0.0,nan
187,94,1.0877654992241716e-05,0.0,nan
187,95,4.417325744560655e-06,0.0,nan
187,96,1.6515939333848782e-05,0.0,nan
187,97,1.8818609028255035e-05,0.0,nan
187,98,1.0155888486124219e-05,0.0,nan
187,99,7.0108471457465936e-06,0.0,nan
188,0,1.392626809959701e-05,0.0,nan
188,1,7.454595243717057e-06,0.0,nan
188,2,6.378787011823131e-06,0.0,nan
188,3,1.9244731676422836e-05,0.0,nan
188,4,1.3224712317346812e-06,0.0,nan
188,5,8.096503936085054e-06,0.0,nan
188,6,3.352101060997189e-05,0.0,nan
188,7,1.2136402260067497e-05,0.0,nan
188,8,9.074009694605482e-06,0.0,nan
188,9,5.427262934405396e-06,0.0,nan
188,10,1.0994867459504762e-05,0.0,nan
188,11,0.28785208921265026,1.0,nan
188,12,1.0691212401386565e-05,0.0,nan
188,13,9.70015778364926e-06,0.0,nan
188,14,7.956765550445808e-06,0.0,nan
188,15,3.262536876329755e-05,0.0,nan
188,16,7.390269943367513e-06,0.0,nan
188,17,4.279099208191401e-06,0.0,nan
188,18,5.274428874870185e-06,0.0,nan
188,19,1.1844299857638113e-05,0.0,nan
188,20,1.1840052072378776e-05,0.0,nan
188,21,0.24718093391278623,1.0,nan
188,22,3.1604565051969974e-05,0.0,nan
188,23,8.159368982692263e-06,0.0,nan
188,24,1.0178387725741555e-05,0.0,nan
188,25,2.588833091174327e-06,0.0,nan
188,26,4.211335848066782e-06,0.0,nan
188,27,0.26359519699344064,1.0,nan
188,28,2.2915980175084557e-05,0.0,nan
188,29,1.2004274944215646e-05,0.0,nan
188,30,1.4735070100222087e-05,0.0,nan
188,31,1.3704725408405792e-05,0.0,nan
188,32,1.7016042564226725e-05,0.0,nan
188,33,1.034598004586904e-05,0.0,nan
188,34,4.498761020932722e-06,0.0,nan
188,35,6.583821909290466e-06,0.0,nan
188,36,5.831045648780777e-05,0.0,nan
188,37,8.723740068533116e-06,0.0,nan
188,38,2.0517838072395657e-06,0.0,nan
188,39,9.85842018721473e-06,0.0,nan
188,40,8.698084296738586e-06,0.0,nan
188,41,9.3938235200965e-06,0.0,nan
188,42,6.23467407095913e-06,0.0,nan
188,43,4.700180453036562e-06,0.0,nan
188,44,4.6405466462993235e-06,0.0,nan
188,45,9.767866148609048e-06,0.0,nan
188,46,4.04491446798894e-06,0.0,nan
188,47,1.3543424595250265e-05,0.0,nan
188,48,5.054561942216341e-06,0.0,nan
188,49,3.6090395928940028e-06,0.0,nan
188,50,9.72550240487976e-06,0.0,nan
188,51,9.586773814065516e-06,0.0,nan
188,52,1.9002475230752413e-05,0.0,nan
188,53,6.086246804771665e-06,0.0,nan
188,54,1.0207502432657669e-05,0.0,nan
188,55,6.445298074459663e-06,0.0,nan
188,56,7.3519648909540695e-06,0.0,nan
188,57,5.2664860939343796e-06,0.0,nan
188,58,7.252513587502653e-06,0.0,nan
188,59,6.043597446050128e-06,0.0,nan
188,60,7.5753208788832765e-06,0.0,nan
188,61,1.6948059397177207e-05,0.0,nan
188,62,9.345507836942108e-06,0.0,nan
188,63,1.1575255757502652e-05,0.0,nan
188,64,1.3803671328186912e-05,0.0,nan
188,65,9.693018333843121e-06,0.0,nan
188,66,2.3657614313525993e-06,0.0,nan
188,67,2.8535713837010393e-06,0.0,nan
188,68,9.162013614962383e-06,0.0,nan
188,69,9.159655173533163e-06,0.0,nan
188,70,3.5150459993716886e-06,0.0,nan
188,71,1.1911336014382881e-05,0.0,nan
188,72,1.3602346150584792e-05,0.0,nan
188,73,1.0523145562732e-05,0.0,nan
188,74,3.826643005989539e-06,0.0,nan
188,75,5.76190279534562e-06,0.0,nan
188,76,1.123214104071914e-05,0.0,nan
188,77,4.294804777825465e-06,0.0,nan
188,78,5.6901281184481885e-06,0.0,nan
188,79,1.0125075312584633e-05,0.0,nan
188,80,4.7281912987645255e-06,0.0,nan
188,81,8.944480550675703e-06,0.0,nan
188,82,3.122593147390499e-06,0.0,nan
188,83,6.6414652196218924e-06,0.0,nan
188,84,3.2367399983545573e-06,0.0,nan
188,85,1.2153496254461756e-05,0.0,nan
188,86,8.188554330774295e-06,0.0,nan
188,87,9.894460418145528e-06,0.0,nan
188,88,7.759701545470349e-06,0.0,nan
188,89,7.559968329825788e-06,0.0,nan
188,90,4.839417893219555e-06,0.0,nan
188,91,4.274807163653313e-06,0.0,nan
188,92,1.595935222017131e-05,0.0,nan
188,93,9.539171247356056e-06,0.0,nan
188,94,5.354801898578903e-06,0.0,nan
188,95,1.513458087286618e-05,0.0,nan
188,96,1.23082373957422e-05,0.0,nan
188,97,4.096199612488237e-06,0.0,nan
188,98,1.1244919881180166e-05,0.0,nan
188,99,7.766579465776974e-06,0.0,nan
189,0,7.907757367254177e-06,0.0,nan
189,1,2.742752882451744e-05,0.0,nan
189,2,3.800258148409677e-06,0.0,nan
189,3,5.490368806256184e-06,0.0,nan
189,4,6.2125238076355744e-06,0.0,nan
189,5,5.466946161957979e-06,0.0,nan
189,6,5.088871935004002e-06,0.0,nan
189,7,7.681354663323048e-06,0.0,nan
189,8,5.040659851586971e-06,0.0,nan
189,9,8.25705177482206e-06,0.0,nan
189,10,5.889469121406286e-06,0.0,nan
189,11,0.20270987146169347,1.0,nan
189,12,9.501991970139855e-06,0.0,nan
189,13,3.1360644177471935e-06,0.0,nan
189,14,1.067219655211382e-05,0.0,nan
189,15,6.138981948571936e-06,0.0,nan
189,16,9.061647075375316e-06,0.0,nan
189,17,2.5350309764018926e-06,0.0,nan
189,18,1.6922352923050506e-05,0.0,nan
189,19,8.855482096362155e-06,0.0,nan
189,20,6.824865106023759e-06,0.0,nan
189,21,0.43747012453912915,1.0,nan
189,22,8.232331441618652e-06,0.0,nan
189,23,4.208767928794842e-06,0.0,nan
189,24,6.916506688123243e-06,0.0,nan
189,25,5.351019410839665e-06,0.0,nan
189,26,5.594831931295087e-06,0.0,nan
189,27,0.3327546900248379,1.0,nan
189,28,1.0389085934567217e-05,0.0,nan
189,29,3.6066345536635764e-06,0.0,nan
189,30,3.4851577811544558e-06,0.0,nan
189,31,3.729906722021997e-06,0.0,nan
189,32,1.4722314500278295e-05,0.0,nan
189,33,3.1066884585939095e-06,0.0,nan
189,34,2.017538797591893e-06,0.0,nan
189,35,1.0089395327011433e-05,0.0,nan
189,36,5.579362998647604e-06,0.0,nan
189,37,1.800640556359267e-05,0.0,nan
189,38,2.57090869320408e-06,0.0,nan
189,39,1.0549396429836237e-05,0.0,nan
189,40,6.184276373894946e-06,0.0,nan
189,41,1.2097907963096675e-05,0.0,nan
189,42,6.657709366221184e-06,0.0,nan
189,43,3.18766190698042e-06,0.0,nan
189,44,1.5220018330827436e-05,0.0,nan
189,45,1.8432068897743477e-06,0.0,nan
189,46,8.840835486317332e-06,0.0,nan
189,47,1.3635965985416088e-05,0.0,nan
189,48,7.907789241156947e-06,0.0,nan
189,49,5.351264618710104e-06,0.0,nan
189,50,1.4423199482169468e-05,0.0,nan
189,51,5.019197666315648e-06,0.0,nan
189,52,1.118039049721665e-05,0.0,nan
189,53,8.952410616173755e-06,0.0,nan
189,54,4.464118936917895e-06,0.0,nan
189,55,1.1043517252274449e-05,0.0,nan
189,56,3.317751155245874e-06,0.0,nan
189,57,5.091635271203596e-06,0.0,nan
189,58,2.2680090817121516e-05,0.0,nan
189,59,3.952122080162076e-06,0.0,nan
189,60,3.732808600231958e-06,0.0,nan
189,61,1.2283618134405387e-05,0.0,nan
189,62,1.0445994630316256e-05,0.0,nan
189,63,9.416184878594394e-06,0.0,nan
189,64,7.677751821623032e-06,0.0,nan
189,65,8.36630295608458e-06,0.0,nan
189,66,2.955297613960334e-06,0.0,nan
189,67,5.164963880523055e-06,0.0,nan
189,68,7.485003470477823e-06,0.0,nan
189,69,6.859000028045447e-06,0.0,nan
189,70,6.39035122267898e-06,0.0,nan
189,71,2.792379123924907e-06,0.0,nan
189,72,1.0664205004392483e-05,0.0,nan
189,73,4.947235334045535e-06,0.0,nan
189,74,2.1081457392019235e-05,0.0,nan
189,75,1.3949215189328672e-05,0.0,nan
189,76,6.598129624721142e-06,0.0,nan
189,77,2.973232561374609e-05,0.0,nan
189,78,9.666877880815204e-06,0.0,nan
189,79,2.3538853875082657e-05,0.0,nan
189,80,7.787701362147418e-06,0.0,nan
189,81,3.1987043153760746e-06,0.0,nan
189,82,4.775749012189656e-06,0.0,nan
189,83,3.470718534230106e-06,0.0,nan
189,84,4.750691403408402e-06,0.0,nan
189,85,4.218430876251922e-06,0.0,nan
189,86,1.2865855708301455e-05,0.0,nan
189,87,1.0192154930437563e-06,0.0,nan
189,88,1.0179633621047334e-05,0.0,nan
189,89,7.744909034240278e-06,0.0,nan
189,90,6.988268305215151e-06,0.0,nan
189,91,8.667210607819237e-06,0.0,nan
189,92,5.869788133774717e-06,0.0,nan
189,93,5.247159552221892e-06,0.0,nan
189,94,8.766729161614641e-06,0.0,nan
189,95,3.3731747229647203e-06,0.0,nan
189,96,1.211483443380782e-05,0.0,nan
189,97,1.2910137008414115e-05,0.0,nan
189,98,5.102780149162815e-06,0.0,nan
189,99,7.858309207713162e-06,0.0,nan
190,0,6.053469054930401e-06,0.0,nan
190,1,1.4052053111668164e-05,0.0,nan
190,2,8.95049234574381e-06,0.0,nan
190,3,1.1754272571338475e-05,0.0,nan
190,4,3.5519729568462602e-06,0.0,nan
190,5,1.0260432143330355e-05,0.0,nan
190,6,1.1508501279684226e-05,0.0,nan
190,7,3.788615902596899e-06,0.0,nan
190,8,8.279939795742927e-06,0.0,nan
190,9,1.1964524995803926e-05,0.0,nan
190,10,9.129995975826111e-06,0.0,nan
190,11,0.3091208706509273,1.0,nan
190,12,9.65774794319701e-06,0.0,nan
190,13,1.7654954290196248e-06,0.0,nan
190,14,8.365382804859641e-06,0.0,nan
190,15,9.616841065612122e-06,0.0,nan
190,16,8.153092891697943e-06,0.0,nan
190,17,7.0401394194475685e-06,0.0,nan
190,18,1.1535277982188794e-05,0.0,nan
190,19,7.538050224747335e-06,0.0,nan
190,20,1.0190677571548201e-05,0.0,nan
190,21,0.2875597706623103,1.0,nan
190,22,1.8548655437136775e-05,0.0,nan
190,23,7.876688037389241e-06,0.0,nan
190,24,1.549123442486267e-05,0.0,nan
190,25,1.9132619783614238e-06,0.0,nan
190,26,1.7262604328534822e-06,0.0,nan
190,27,0.2692109151254017,1.0,nan
190,28,1.6889783864426324e-05,0.0,nan
190,29,1.5391109275760128e-05,0.0,nan
190,30,2.956129721065966e-06,0.0,nan
190,31,1.2295820821999336e-05,0.0,nan
190,32,1.4839933490469509e-05,0.0,nan
190,33,4.173920998678164e-06,0.0,nan
190,34,1.1298816805128814e-05,0.0,nan
190,35,7.0308506624984466e-06,0.0,nan
190,36,1.833719383173293e-05,0.0,nan
190,37,1.3482713553748515e-05,0.0,nan
190,38,6.147422040109505e-06,0.0,nan
190,39,9.559650367438286e-06,0.0,nan
190,40,1.2138197348591519e-05,0.0,nan
190,41,7.456822626748823e-06,0.0,nan
190,42,1.026948570770553e-05,0.0,nan
190,43,1.1942803841733828e-05,0.0,nan
190,44,1.3458538770917959e-05,0.0,nan
190,45,4.861273003301518e-06,0.0,nan
190,46,8.741383307793315e-06,0.0,nan
190,47,9.248986720308569e-06,0.0,nan
190,48,1.1830187255181369e-05,0.0,nan
190,49,2.8451824184567696e-05,0.0,nan
190,50,7.531804333435078e-06,0.0,nan
190,51,1.0342690731392826e-05,0.0,nan
190,52,6.013838645123985e-06,0.0,nan
190,53,7.145425626238259e-06,0.0,nan
190,54,7.63794237176422e-06,0.0,nan
190,55,9.403918068483006e-06,0.0,nan
190,56,5.814979591861867e-06,0.0,nan
190,57,4.409604184304506e-06,0.0,nan
190,58,1.3092323600554147e-05,0.0,nan
190,59,8.119251604337606e-06,0.0,nan
190,60,1.0507725474011626e-05,0.0,nan
190,61,1.0585050233215512e-05,0.0,nan
190,62,1.1715479786018642e-05,0.0,nan
190,63,7.692974022190559e-06,0.0,nan
190,64,4.58482822874144e-06,0.0,nan
190,65,9.752855997338008e-06,0.0,nan
190,66,1.2426256304064695e-05,0.0,nan
190,67,9.021808739591406e-06,0.0,nan
190,68,1.3997113395369292e-05,0.0,nan
190,69,1.775249499062043e-05,0.0,nan
190,70,1.3772858894240208e-05,0.0,nan
190,71,1.3069793252025227e-05,0.0,nan
190,72,8.066841741190879e-06,0.0,nan
190,73,4.36815028755368e-06,0.0,nan
190,74,9.100406569516451e-06,0.0,nan
190,75,1.0576986449008398e-05,0.0,nan
190,76,2.076733890416056e-05,0.0,nan
190,77,5.132380035041194e-06,0.0,nan
190,78,1.269174022858882e-05,0.0,nan
190,79,5.962875127424625e-06,0.0,nan
190,80,7.962444181957067e-06,0.0,nan
190,81,1.3779852191965384e-06,0.0,nan
190,82,1.55807505773805e-05,0.0,nan
190,83,1.6597292365153738e-05,0.0,nan
190,84,2.5073123109021067e-06,0.0,nan
190,85,2.8725620285539042e-06,0.0,nan
190,86,1.8986759707417645e-05,0.0,nan
190,87,6.658857410853874e-06,0.0,nan
190,88,7.110280464401266e-06,0.0,nan
190,89,5.86142437379567e-06,0.0,nan
190,90,8.699638991040067e-06,0.0,nan
190,91,7.86381064922885e-06,0.0,nan
190,92,2.388372541595664e-06,0.0,nan
190,93,1.1184361029559935e-05,0.0,nan
190,94,1.5836892287188532e-05,0.0,nan
190,95,8.550132806914677e-06,0.0,nan
190,96,6.431133033061677e-06,0.0,nan
190,97,1.1721883411330665e-05,0.0,nan
190,98,6.762978967858877e-06,0.0,nan
190,99,1.3215937805938964e-05,0.0,nan
191,0,4.2212475365610775e-05,0.0,nan
191,1,5.0354625120269965e-06,0.0,nan
191,2,6.021506883223693e-06,0.0,nan
191,3,8.335565532256938e-06,0.0,nan
191,4,9.150737860877597e-06,0.0,nan
191,5,2.133736294149764e-05,0.0,nan
191,6,5.1516967297249844e-06,0.0,nan
191,7,2.0498091314114218e-05,0.0,nan
191,8,3.5693236172808036e-06,0.0,nan
191,9,9.489997843089085e-06,0.0,nan
191,10,1.0622559312099806e-05,0.0,nan
191,11,0.23999797168308262,1.0,nan
191,12,1.0751498714351113e-05,0.0,nan
191,13,1.3465241899620994e-05,0.0,nan
191,14,1.1612513933033483e-05,0.0,nan
191,15,6.415231425202212e-06,0.0,nan
191,16,2.379403279726056e-05,0.0,nan
191,17,1.5917884970835237e-05,0.0,nan
191,18,1.1275626249001603e-05,0.0,nan
191,19,9.835126602662053e-06,0.0,nan
191,20,1.9575543028232608e-05,0.0,nan
191,21,0.26424690452616006,1.0,nan
191,22,1.3773580970245086e-05,0.0,nan
191,23,2.30362980556191e-05,0.0,nan
191,24,8.3880493717576e-06,0.0,nan
191,25,1.4509834505405479e-05,0.0,nan
191,26,1.0759536491467526e-05,0.0,nan
191,27,0.2941875626484838,1.0,nan
191,28,1.527189616453299e-05,0.0,nan
191,29,3.6336515746835432e-06,0.0,nan
191,30,8.314696206979093e-06,0.0,nan
191,31,4.545040884061613e-06,0.0,nan
191,32,2.9821319883191194e-06,0.0,nan
191,33,3.139044509256266e-05,0.0,nan
191,34,5.040934932483859e-06,0.0,nan
191,35,1.0325684146241354e-05,0.0,nan
191,36,4.435515791176121e-06,0.0,nan
191,37,1.5968314026354836e-05,0.0,nan
191,38,1.270668389623749e-05,0.0,nan
191,39,7.640360309027109e-06,0.0,nan
191,40,7.411168559119124e-06,0.0,nan
191,41,6.546130265251575e-06,0.0,nan
191,42,5.4528595422523336e-06,0.0,nan
191,43,1.6808891352182323e-05,0.0,nan
191,44,4.006437867533744e-06,0.0,nan
191,45,7.396436082270459e-06,0.0,nan
191,46,7.876238166737175e-06,0.0,nan
191,47,7.005694530228967e-06,0.0,nan
191,48,5.110090590414962e-06,0.0,nan
191,49,1.5617098529022384e-05,0.0,nan
191,50,4.291066329456863e-06,0.0,nan
191,51,1.2385324855258868e-05,0.0,nan
191,52,1.1386982064749196e-05,0.0,nan
191,53,1.3285151363908416e-05,0.0,nan
191,54,3.616779337977276e-06,0.0,nan
191,55,8.831526408823101e-06,0.0,nan
191,56,2.4164212776164995e-05,0.0,nan
191,57,1.3875215612095337e-05,0.0,nan
191,58,8.813375301019295e-06,0.0,nan
191,59,8.450475911099988e-06,0.0,nan
191,60,1.2340862023458081e-05,0.0,nan
191,61,3.123178034128311e-05,0.0,nan
191,62,3.7000705072515122e-06,0.0,nan
191,63,1.6916420851038018e-05,0.0,nan
191,64,2.659548797976514e-06,0.0,nan
191,65,5.443721064129362e-06,0.0,nan
191,66,3.6720620479168276e-05,0.0,nan
191,67,7.089788172594723e-06,0.0,nan
191,68,1.086855306418622e-05,0.0,nan
191,69,1.2551194007863183e-05,0.0,nan
191,70,5.712014840355616e-06,0.0,nan
191,71,5.200576495071997e-06,0.0,nan
191,72,4.173059882703631e-06,0.0,nan
191,73,1.94739031650649e-05,0.0,nan
191,74,7.259316927752714e-06,0.0,nan
191,75,8.309638485500129e-06,0.0,nan
191,76,1.0744969026412627e-05,0.0,nan
191,77,7.201453085526123e-06,0.0,nan
191,78,5.919005986342841e-06,0.0,nan
191,79,9.230393004175625e-06,0.0,nan
191,80,1.1833267849994958e-05,0.0,nan
191,81,1.1975012613255116e-05,0.0,nan
191,82,4.749434219661787e-06,0.0,nan
191,83,1.4421172330054276e-05,0.0,nan
191,84,6.945736517281097e-06,0.0,nan
191,85,3.9118814697241575e-06,0.0,nan
191,86,1.5015201347787892e-05,0.0,nan
191,87,1.857322478748331e-05,0.0,nan
191,88,1.6353840747391226e-05,0.0,nan
191,89,8.911974611529776e-06,0.0,nan
191,90,1.2267046688309682e-05,0.0,nan
191,91,1.5897840146309043e-05,0.0,nan
191,92,2.7163103650751004e-05,0.0,nan
191,93,2.5159235217641257e-05,0.0,nan
191,94,1.4574703694386832e-06,0.0,nan
191,95,1.1563474900487395e-05,0.0,nan
191,96,6.856360131050539e-06,0.0,nan
191,97,5.234583441953036e-06,0.0,nan
191,98,3.099924693241654e-05,0.0,nan
191,99,6.375881795819263e-06,0.0,nan
192,0,4.280180283004447e-06,0.0,nan
192,1,1.983353785833742e-05,0.0,nan
192,2,5.05603213197825e-06,0.0,nan
192,3,2.0769074361615292e-05,0.0,nan
192,4,3.0967219724113426e-05,0.0,nan
192,5,1.6023179542800012e-05,0.0,nan
192,6,1.3422271938975947e-05,0.0,nan
192,7,8.106813049137309e-06,0.0,nan
192,8,9.222241684996683e-06,0.0,nan
192,9,2.0544663743275042e-05,0.0,nan
192,10,5.528508312765931e-06,0.0,nan
192,11,0.19127886358970952,1.0,nan
192,12,6.443372695442108e-06,0.0,nan
192,13,7.522463997473561e-06,0.0,nan
192,14,1.399189673306999e-05,0.0,nan
192,15,6.515657080319403e-06,0.0,nan
192,16,6.69067512416696e-06,0.0,nan
192,17,1.583185558679324e-05,0.0,nan
192,18,1.5897784144015183e-05,0.0,nan
192,19,1.4474149039638223e-05,0.0,nan
192,20,2.550101867077914e-05,0.0,nan
192,21,0.23215538027687116,1.0,nan
192,22,1.2826849509295491e-05,0.0,nan
192,23,1.2772948919992617e-05,0.0,nan
192,24,2.4107624633855454e-05,0.0,nan
192,25,2.2279775758803632e-05,0.0,nan
192,26,5.8223602642621035e-06,0.0,nan
192,27,0.4091517983689501,1.0,nan
192,28,2.339587927556404e-05,0.0,nan
192,29,1.2994398720963157e-05,0.0,nan
192,30,2.1182290516553724e-05,0.0,nan
192,31,1.019217471232677e-05,0.0,nan
192,32,1.602391472702254e-05,0.0,nan
192,33,7.743696128268399e-06,0.0,nan
192,34,9.22525337410449e-06,0.0,nan
192,35,1.0774864097490388e-05,0.0,nan
192,36,2.0583808516553386e-05,0.0,nan
192,37,2.2129650806337774e-06,0.0,nan
192,38,5.984072366331322e-06,0.0,nan
192,39,1.1045212636743147e-05,0.0,nan
192,40,9.902004865687152e-06,0.0,nan
192,41,8.665434470774044e-06,0.0,nan
192,42,2.1504819472244066e-05,0.0,nan
192,43,8.567219092308126e-06,0.0,nan
192,44,5.397135885002197e-06,0.0,nan
192,45,1.791274343211794e-05,0.0,nan
192,46,1.3380828939810444e-05,0.0,nan
192,47,1.5223921088204967e-05,0.0,nan
192,48,1.3121900224731733e-05,0.0,nan
192,49,8.351734026474465e-06,0.0,nan
192,50,8.296822746261988e-06,0.0,nan
192,51,5.839977677251443e-06,0.0,nan
192,52,6.740703823632757e-06,0.0,nan
192,53,6.024110909937728e-06,0.0,nan
192,54,1.1464636203438957e-05,0.0,nan
192,55,9.525046833800528e-06,0.0,nan
192,56,1.2904571755045067e-05,0.0,nan
192,57,1.378029320139112e-05,0.0,nan
192,58,1.5364858632746084e-05,0.0,nan
192,59,5.959321567653575e-06,0.0,nan
192,60,5.3617532578827636e-06,0.0,nan
192,61,1.6500904338323635e-05,0.0,nan
192,62,1.2379445980363447e-05,0.0,nan
192,63,6.804350471505364e-06,0.0,nan
192,64,1.122530153223355e-05,0.0,nan
192,65,6.26542807843645e-06,0.0,nan
192,66,1.5332416436631823e-05,0.0,nan
192,67,8.465072879490543e-06,0.0,nan
192,68,9.683104081069127e-06,0.0,nan
192,69,1.0525467296090354e-05,0.0,nan
192,70,1.2663323627601545e-05,0.0,nan
192,71,7.989946243123432e-06,0.0,nan
192,72,5.997256237662395e-06,0.0,nan
192,73,3.55339691261421e-05,0.0,nan
192,74,2.0226275078758653e-05,0.0,nan
192,75,2.2209223694350126e-05,0.0,nan
192,76,1.3963420336109779e-05,0.0,nan
192,77,2.8469890414658257e-05,0.0,nan
192,78,7.636108781924547e-06,0.0,nan
192,79,7.252870199104463e-06,0.0,nan
192,80,1.1553751028120195e-05,0.0,nan
192,81,1.074810919405636e-05,0.0,nan
192,82,2.585884100305327e-06,0.0,nan
192,83,1.1940854640071992e-05,0.0,nan
192,84,1.2720423358363823e-05,0.0,nan
192,85,7.0964759186964405e-06,0.0,nan
192,86,6.888413493951741e-06,0.0,nan
192,87,5.148692700786644e-06,0.0,nan
192,88,1.106387312013618e-05,0.0,nan
192,89,1.4232361699089793e-05,0.0,nan
192,90,4.289752682333729e-06,0.0,nan
192,91,1.4132484093109504e-05,0.0,nan
192,92,1.3889739182171508e-05,0.0,nan
192,93,1.807272147845093e-05,0.0,nan
192,94,2.357607016904651e-06,0.0,nan
192,95,9.844951326902155e-06,0.0,nan
192,96,1.3430464640073297e-05,0.0,nan
192,97,9.467940509398212e-06,0.0,nan
192,98,2.0635181846960638e-05,0.0,nan
192,99,7.605625456718428e-06,0.0,nan
193,0,1.0063103489035384e-05,0.0,nan
193,1,2.847793473271465e-05,0.0,nan
193,2,1.993296438550023e-06,0.0,nan
193,3,1.0487561145709038e-05,0.0,nan
193,4,8.413676664849453e-06,0.0,nan
193,5,1.1347001304486889e-05,0.0,nan
193,6,2.682298146559502e-06,0.0,nan
193,7,6.365689570361462e-06,0.0,nan
193,8,6.344148664786599e-06,0.0,nan
193,9,2.288389318540286e-05,0.0,nan
193,10,9.247817106174848e-06,0.0,nan
193,11,0.302928830165916,1.0,nan
193,12,5.700808719098461e-06,0.0,nan
193,13,7.693791555539846e-06,0.0,nan
193,14,1.0044777684551438e-05,0.0,nan
193,15,1.0091664981569115e-05,0.0,nan
193,16,6.704901166422083e-06,0.0,nan
193,17,7.272105871715243e-06,0.0,nan
193,18,1.4492010675470967e-05,0.0,nan
193,19,2.0007338387146723e-05,0.0,nan
193,20,9.535950594842904e-06,0.0,nan
193,21,0.1643889582391852,1.0,nan
193,22,4.688607212943988e-06,0.0,nan
193,23,4.964417015739162e-06,0.0,nan
193,24,1.2846195726663455e-05,0.0,nan
193,25,3.105502841322926e-06,0.0,nan
193,26,1.7891120294059417e-05,0.0,nan
193,27,0.6803845743847867,1.0,nan
193,28,1.5141423761331045e-05,0.0,nan
193,29,4.872219753380234e-06,0.0,nan
193,30,7.826014579133225e-06,0.0,nan
193,31,1.4434935432469419e-05,0.0,nan
193,32,2.7128560376520023e-06,0.0,nan
193,33,3.2079565578323614e-06,0.0,nan
193,34,6.0337569777882775e-06,0.0,nan
193,35,7.998911227442364e-06,0.0,nan
193,36,3.0499626216362846e-06,0.0,nan
193,37,9.57399686071733e-06,0.0,nan
193,38,3.86535518023002e-06,0.0,nan
193,39,1.06842850945523e-05,0.0,nan
193,40,7.451836760127004e-06,0.0,nan
193,41,7.798005930227237e-06,0.0,nan
193,42,9.075654404571792e-06,0.0,nan
193,43,8.820665726625004e-06,0.0,nan
193,44,8.887540421543983e-06,0.0,nan
193,45,3.561065196586068e-06,0.0,nan
193,46,9.791637603119494e-06,0.0,nan
193,47,6.722186631953158e-06,0.0,nan
193,48,6.4658847580782e-06,0.0,nan
193,49,1.0768722798932053e-05,0.0,nan
193,50,8.433865372076446e-06,0.0,nan
193,51,1.5256200515693579e-05,0.0,nan
193,52,9.421706965985826e-06,0.0,nan
193,53,1.5176411399100313e-05,0.0,nan
193,54,1.123432227738669e-05,0.0,nan
193,55,6.202639976816708e-06,0.0,nan
193,56,7.487928850427808e-06,0.0,nan
193,57,7.449924191986596e-06,0.0,nan
193,58,1.8517219893381484e-05,0.0,nan
193,59,3.71348867879766e-06,0.0,nan
193,60,2.294458745579058e-05,0.0,nan
193,61,8.554457416091417e-06,0.0,nan
193,62,1.0556692211839218e-05,0.0,nan
193,63,6.299366990947304e-06,0.0,nan
193,64,6.840626441798543e-06,0.0,nan
193,65,5.614148709060349e-06,0.0,nan
193,66,5.496225598654349e-06,0.0,nan
193,67,2.4937480068882334e-05,0.0,nan
193,68,1.129805053747308e-05,0.0,nan
193,69,9.890926576084236e-06,0.0,nan
193,70,3.6732654385395746e-06,0.0,nan
193,71,1.2724219755287852e-05,0.0,nan
193,72,1.6524196546832824e-06,0.0,nan
193,73,7.419544077284602e-06,0.0,nan
193,74,4.584145695476546e-06,0.0,nan
193,75,8.676936822032202e-06,0.0,nan
193,76,9.927681987813817e-06,0.0,nan
193,77,5.0515496937155146e-06,0.0,nan
193,78,6.9539863744495625e-06,0.0,nan
193,79,1.4127709909073914e-05,0.0,nan
193,80,7.2193296799806315e-06,0.0,nan
193,81,4.3218254666091655e-06,0.0,nan
193,82,5.274314638258318e-06,0.0,nan
193,83,9.348223482025545e-06,0.0,nan
193,84,8.202069145814478e-06,0.0,nan
193,85,4.676509066588363e-06,0.0,nan
193,86,5.043997673814448e-06,0.0,nan
193,87,5.038218321480902e-06,0.0,nan
193,88,1.156401100346404e-05,0.0,nan
193,89,5.676013327776393e-06,0.0,nan
193,90,3.706856528081248e-06,0.0,nan
193,91,8.856702091935335e-06,0.0,nan
193,92,1.0463196973165736e-05,0.0,nan
193,93,1.3150515781098337e-05,0.0,nan
193,94,6.127173784852631e-06,0.0,nan
193,95,8.29250029572723e-06,0.0,nan
193,96,2.3203588575206742e-05,0.0,nan
193,97,8.21783829522697e-06,0.0,nan
193,98,7.312878231180985e-06,0.0,nan
193,99,7.1682659270631965e-06,0.0,nan
194,0,7.270604285444837e-06,0.0,nan
194,1,9.976111193910132e-06,0.0,nan
194,2,3.991874925154052e-06,0.0,nan
194,3,1.1365321754996318e-05,0.0,nan
194,4,2.317250192922817e-06,0.0,nan
194,5,7.389294095260551e-06,0.0,nan
194,6,8.39742246046486e-06,0.0,nan
194,7,5.189604098119835e-06,0.0,nan
194,8,4.685471060485825e-06,0.0,nan
194,9,4.208822771420542e-06,0.0,nan
194,10,1.6911182804693906e-05,0.0,nan
194,11,0.29569994460689436,1.0,nan
194,12,1.114632351073517e-05,0.0,nan
194,13,5.267296162905676e-06,0.0,nan
194,14,9.746105805056427e-06,0.0,nan
194,15,6.734587044741133e-06,0.0,nan
194,16,1.0220170219223428e-05,0.0,nan
194,17,3.4564572292166533e-06,0.0,nan
194,18,8.870307750436737e-06,0.0,nan
194,19,9.82462923143998e-06,0.0,nan
194,20,8.01530761651617e-06,0.0,nan
194,21,0.1626422201513097,1.0,nan
194,22,2.3593835603125216e-05,0.0,nan
194,23,8.313109379691305e-06,0.0,nan
194,24,6.915759185617755e-06,0.0,nan
194,25,1.0334657655335188e-05,0.0,nan
194,26,3.209393705755025e-05,0.0,nan
194,27,0.34100348313076145,1.0,nan
194,28,9.801281337523175e-06,0.0,nan
194,29,3.874000413734237e-06,0.0,nan
194,30,4.740987308130965e-06,0.0,nan
194,31,6.852543660977635e-06,0.0,nan
194,32,1.6594716784562698e-05,0.0,nan
194,33,1.9481021035697576e-05,0.0,nan
194,34,7.650646806869393e-06,0.0,nan
194,35,6.107607367351369e-06,0.0,nan
194,36,8.145029323250375e-06,0.0,nan
194,37,5.40980740122005e-06,0.0,nan
194,38,7.779320857495112e-06,0.0,nan
194,39,6.438915669769633e-06,0.0,nan
194,40,5.824256588332667e-06,0.0,nan
194,41,1.1253984148219486e-05,0.0,nan
194,42,1.0001704883570703e-05,0.0,nan
194,43,9.171114375117983e-06,0.0,nan
194,44,7.182947309731103e-06,0.0,nan
194,45,9.568086383046165e-06,0.0,nan
194,46,1.0254775771573391e-05,0.0,nan
194,47,7.116626105099331e-06,0.0,nan
194,48,3.5040339338125934e-06,0.0,nan
194,49,9.13779999652477e-06,0.0,nan
194,50,5.189912649338643e-06,0.0,nan
194,51,1.379949355856538e-05,0.0,nan
194,52,4.668431520498201e-06,0.0,nan
194,53,7.795725269822348e-06,0.0,nan
194,54,1.2971440043497527e-05,0.0,nan
194,55,2.6980610516946304e-06,0.0,nan
194,56,6.732052685217816e-06,0.0,nan
194,57,8.871288346501353e-06,0.0,nan
194,58,8.354156367558147e-06,0.0,nan
194,59,7.166443803810871e-06,0.0,nan
194,60,3.197820914455833e-06,0.0,nan
194,61,5.1291736892140415e-06,0.0,nan
194,62,9.464971595836656e-06,0.0,nan
194,63,3.455402786424054e-06,0.0,nan
194,64,1.1046470497096167e-05,0.0,nan
194,65,7.123604171867427e-06,0.0,nan
194,66,6.405311302067566e-06,0.0,nan
194,67,1.4740113275919157e-05,0.0,nan
194,68,5.543027990917682e-06,0.0,nan
194,69,3.995110984246492e-06,0.0,nan
194,70,6.740449143819999e-06,0.0,nan
194,71,1.3965159379350474e-05,0.0,nan
194,72,1.0271633943714811e-05,0.0,nan
194,73,7.917413903679198e-06,0.0,nan
194,74,5.9271057981773285e-06,0.0,nan
194,75,9.789953037555287e-06,0.0,nan
194,76,5.087375406245243e-06,0.0,nan
194,77,1.0538101874491436e-05,0.0,nan
194,78,2.367372337863644e-05,0.0,nan
194,79,4.5288213879032195e-06,0.0,nan
194,80,6.3371805196669675e-06,0.0,nan
194,81,9.380413822769734e-06,0.0,nan
194,82,7.160368264571765e-06,0.0,nan
194,83,1.348221281387703e-05,0.0,nan
194,84,1.0997855063976594e-05,0.0,nan
194,85,2.8197804732028363e-06,0.0,nan
194,86,5.738471273975824e-06,0.0,nan
194,87,8.549997788575625e-06,0.0,nan
194,88,5.2389342178762165e-06,0.0,nan
194,89,1.024182497456675e-05,0.0,nan
194,90,6.168078094647315e-06,0.0,nan
194,91,3.5334111863913843e-06,0.0,nan
194,92,1.2413635606082569e-05,0.0,nan
194,93,4.093633253551133e-06,0.0,nan
194,94,1.4412537945832045e-05,0.0,nan
194,95,3.3412743611558585e-06,0.0,nan
194,96,4.2347139215792285e-06,0.0,nan
194,97,1.5272984454168604e-05,0.0,nan
194,98,6.524353268144175e-06,0.0,nan
194,99,1.7811710082395842e-06,0.0,nan
195,0,7.807201150057787e-06,0.0,nan
195,1,3.5681382759304303e-06,0.0,nan
195,2,1.7267039478869713e-05,0.0,nan
195,3,7.879442007334498e-06,0.0,nan
195,4,9.607814123012558e-06,0.0,nan
195,5,3.9864019553197525e-06,0.0,nan
195,6,1.370323214721672e-05,0.0,nan
195,7,5.666553703513912e-06,0.0,nan
195,8,1.4267071533138234e-06,0.0,nan
195,9,9.690010788221818e-06,0.0,nan
195,10,3.320363472789129e-06,0.0,nan
195,11,0.29849690518839117,1.0,nan
195,12,1.177506112513344e-05,0.0,nan
195,13,5.375311209636855e-06,0.0,nan
195,14,7.930491952469225e-06,0.0,nan
195,15,4.901912388453371e-06,0.0,nan
195,16,8.854120211885937e-06,0.0,nan
195,17,5.433457601998647e-06,0.0,nan
195,18,1.2961096006146428e-05,0.0,nan
195,19,4.614295592582592e-06,0.0,nan
195,20,8.416726197126124e-06,0.0,nan
195,21,0.3124188756777757,1.0,nan
195,22,4.704620042979101e-06,0.0,nan
195,23,5.038578257522257e-06,0.0,nan
195,24,4.690119712427773e-06,0.0,nan
195,25,6.108510505690304e-06,0.0,nan
195,26,4.139388271814561e-06,0.0,nan
195,27,0.24373852639013277,1.0,nan
195,28,2.717301386056962e-06,0.0,nan
195,29,4.052465929813189e-06,0.0,nan
195,30,2.3874649402198756e-05,0.0,nan
195,31,6.409970082139704e-06,0.0,nan
195,32,2.891328672374818e-06,0.0,nan
195,33,4.344093623819708e-06,0.0,nan
195,34,9.564064039657263e-06,0.0,nan
195,35,5.436873219044385e-06,0.0,nan
195,36,1.2052255907711057e-05,0.0,nan
195,37,2.682040159440864e-06,0.0,nan
195,38,7.79534049621421e-06,0.0,nan
195,39,4.297781896775736e-06,0.0,nan
195,40,1.9455882911434372e-05,0.0,nan
195,41,2.364928073115379e-06,0.0,nan
195,42,7.623350874800951e-06,0.0,nan
195,43,1.2714665253750542e-05,0.0,nan
195,44,6.110875464875106e-06,0.0,nan
195,45,1.2383341569370939e-05,0.0,nan
195,46,5.22307242832338e-06,0.0,nan
195,47,7.380491588492768e-06,0.0,nan
195,48,5.83746364662233e-06,0.0,nan
195,49,6.612423888921164e-06,0.0,nan
195,50,8.646836581016004e-06,0.0,nan
195,51,3.4568783008530447e-06,0.0,nan
195,52,1.1422011773595662e-05,0.0,nan
195,53,6.158472173699013e-06,0.0,nan
195,54,3.05592734751729e-06,0.0,nan
195,55,5.538520781114133e-06,0.0,nan
195,56,8.66356250119144e-06,0.0,nan
195,57,1.3138109703426568e-05,0.0,nan
195,58,5.952944264592421e-06,0.0,nan
195,59,8.824911557980668e-06,0.0,nan
195,60,1.2696818088747348e-05,0.0,nan
195,61,5.94263729074939e-06,0.0,nan
195,62,1.237172183159792e-05,0.0,nan
195,63,2.372396700099581e-05,0.0,nan
195,64,9.012003047184329e-06,0.0,nan
195,65,3.588960755129457e-06,0.0,nan
195,66,1.0976075415010646e-05,0.0,nan
195,67,8.770257405486112e-06,0.0,nan
195,68,3.619357032402535e-06,0.0,nan
195,69,5.3048016534494e-06,0.0,nan
195,70,1.2724995131527964e-05,0.0,nan
195,71,4.853923577860238e-06,0.0,nan
195,72,3.7627893815930104e-06,0.0,nan
195,73,1.9760378558641413e-06,0.0,nan
195,74,7.598971374439654e-06,0.0,nan
195,75,9.880251083337608e-06,0.0,nan
195,76,1.7725474682798362e-05,0.0,nan
195,77,3.4127667845430806e-06,0.0,nan
195,78,9.090650305228357e-06,0.0,nan
195,79,3.3084926492935398e-06,0.0,nan
195,80,1.2509955160261602e-05,0.0,nan
195,81,9.944025625212654e-06,0.0,nan
195,82,7.6030406062940255e-06,0.0,nan
195,83,3.321651052890659e-06,0.0,nan
195,84,4.497171515447962e-06,0.0,nan
195,85,2.213019667700485e-05,0.0,nan
195,86,8.248570927238418e-06,0.0,nan
195,87,8.479245183811304e-06,0.0,nan
195,88,1.0641250043377336e-05,0.0,nan
195,89,2.9302391132170613e-06,0.0,nan
195,90,2.019296245711162e-05,0.0,nan
195,91,1.5521136395006284e-05,0.0,nan
195,92,1.3380013489974482e-05,0.0,nan
195,93,5.9912024599674235e-06,0.0,nan
195,94,3.3455373776526744e-06,0.0,nan
195,95,8.747781750122542e-06,0.0,nan
195,96,1.4554702629892643e-05,0.0,nan
195,97,1.7823845458314694e-06,0.0,nan
195,98,8.042544142318618e-06,0.0,nan
195,99,6.3689757978037094e-06,0.0,nan
196,0,1.798860692846146e-06,0.0,nan
196,1,2.1697880398953184e-06,0.0,nan
196,2,2.9437670802661982e-05,0.0,nan
196,3,1.8896879858419468e-06,0.0,nan
196,4,3.391287212881423e-06,0.0,nan
196,5,8.972233133707568e-06,0.0,nan
196,6,5.260943414300211e-06,0.0,nan
196,7,4.570830065775472e-06,0.0,nan
196,8,4.634196844591651e-06,0.0,nan
196,9,1.7860384623345953e-06,0.0,nan
196,10,1.9453969989773337e-06,0.0,nan
196,11,0.33157193288282794,1.0,nan
196,12,5.324346472592966e-06,0.0,nan
196,13,2.131161369217157e-06,0.0,nan
196,14,2.5977534572222695e-06,0.0,nan
196,15,8.38075392913207e-06,0.0,nan
196,16,4.25272832419892e-06,0.0,nan
196,17,1.0675543758328327e-05,0.0,nan
196,18,6.712080787317015e-06,0.0,nan
196,19,4.126976849774863e-06,0.0,nan
196,20,9.066003768839678e-06,0.0,nan
196,21,0.30072128200168846,1.0,nan
196,22,4.4768299178751325e-06,0.0,nan
196,23,2.834332547108687e-06,0.0,nan
196,24,6.3403322723179095e-06,0.0,nan
196,25,4.658967724374506e-06,0.0,nan
196,26,3.851330584180472e-06,0.0,nan
196,27,0.40329328415058185,1.0,nan
196,28,5.546839325593616e-06,0.0,nan
196,29,4.3714271635787155e-06,0.0,nan
196,30,1.3176702598052765e-05,0.0,nan
196,31,2.0820703018245803e-06,0.0,nan
196,32,5.4772130877168054e-06,0.0,nan
196,33,1.0982674154084124e-05,0.0,nan
196,34,2.641254661698074e-06,0.0,nan
196,35,6.858244791592283e-06,0.0,nan
196,36,3.7506429188052642e-06,0.0,nan
196,37,3.0944738373363285e-06,0.0,nan
196,38,2.200321306562706e-06,0.0,nan
196,39,4.554735413973676e-06,0.0,nan
196,40,9.286841749301266e-07,0.0,nan
196,41,7.082526614632608e-06,0.0,nan
196,42,5.195812772678083e-06,0.0,nan
196,43,4.983101063468871e-06,0.0,nan
196,44,6.093017037183373e-06,0.0,nan
196,45,6.8003348144997005e-06,0.0,nan
196,46,1.916414290936406e-06,0.0,nan
196,47,5.357924327267062e-06,0.0,nan
196,48,2.616027029411019e-06,0.0,nan
196,49,5.9897069081218335e-06,0.0,nan
196,50,1.402332150380762e-05,0.0,nan
196,51,2.4129583183204853e-06,0.0,nan
196,52,2.487432441170663e-06,0.0,nan
196,53,6.4305368544583945e-06,0.0,nan
196,54,4.959263823183747e-06,0.0,nan
196,55,2.2356683183968782e-06,0.0,nan
196,56,1.8197401232609032e-06,0.0,nan
196,57,1.0430527829399464e-06,0.0,nan
196,58,1.074850805152918e-05,0.0,nan
196,59,1.0243404897203075e-05,0.0,nan
196,60,2.7278425844088957e-06,0.0,nan
196,61,7.4501441283809395e-06,0.0,nan
196,62,3.5596830865931673e-06,0.0,nan
196,63,1.5256828683591913e-06,0.0,nan
196,64,3.55515388026773e-06,0.0,nan
196,65,3.204991079448972e-06,0.0,nan
196,66,2.6406138440116226e-06,0.0,nan
196,67,3.5599219007873186e-06,0.0,nan
196,68,7.583007077836533e-06,0.0,nan
196,69,3.0556777105732207e-06,0.0,nan
196,70,2.661391731644679e-06,0.0,nan
196,71,5.051081658688315e-06,0.0,nan
196,72,4.777545635043614e-06,0.0,nan
196,73,3.5458217022897117e-06,0.0,nan
196,74,2.610607303627747e-06,0.0,nan
196,75,5.264773875288422e-06,0.0,nan
196,76,4.9708094962669344e-06,0.0,nan
196,77,4.359917474267259e-06,0.0,nan
196,78,2.93061965974912e-06,0.0,nan
196,79,5.319312949591192e-06,0.0,nan
196,80,2.6094990973117303e-06,0.0,nan
196,81,2.7127914689486003e-06,0.0,nan
196,82,1.4696266657157288e-06,0.0,nan
196,83,3.1174750830245137e-06,0.0,nan
196,84,7.620957977652345e-07,0.0,nan
196,85,6.670831032077972e-06,0.0,nan
196,86,1.7400600955474368e-06,0.0,nan
196,87,7.209509356445147e-06,0.0,nan
196,88,2.3325331986702792e-06,0.0,nan
196,89,1.9041658149664932e-06,0.0,nan
196,90,1.2471969080540355e-05,0.0,nan
196,91,1.8596773742544064e-06,0.0,nan
196,92,5.210959688591287e-06,0.0,nan
196,93,3.2547592243749354e-06,0.0,nan
196,94,3.3775282224710206e-06,0.0,nan
196,95,6.070505824242782e-06,0.0,nan
196,96,1.4324238068939679e-06,0.0,nan
196,97,5.862930447167375e-06,0.0,nan
196,98,5.5289546590269745e-06,0.0,nan
196,99,4.296816988220917e-06,0.0,nan
197,0,1.0510385415254076e-05,0.0,nan
197,1,5.752515201769252e-06,0.0,nan
197,2,9.35025787559049e-06,0.0,nan
197,3,1.005697425727682e-05,0.0,nan
197,4,7.7858629450458e-06,0.0,nan
197,5,4.879163309712627e-06,0.0,nan
197,6,7.738550273274744e-06,0.0,nan
197,7,7.337927152917709e-06,0.0,nan
197,8,9.635709302333965e-06,0.0,nan
197,9,1.1482575154792383e-05,0.0,nan
197,10,1.7951925645897034e-05,0.0,nan
197,11,0.2318236869679031,1.0,nan
197,12,3.524769188431804e-06,0.0,nan
197,13,5.468945316635345e-06,0.0,nan
197,14,2.5018866680665524e-05,0.0,nan
197,15,2.664427847723947e-05,0.0,nan
197,16,7.522459320373037e-06,0.0,nan
197,17,1.8706017196640786e-05,0.0,nan
197,18,1.0129993190372217e-05,0.0,nan
197,19,8.648198159893641e-06,0.0,nan
197,20,6.013761231868793e-06,0.0,nan
197,21,0.3316041842458253,1.0,nan
197,22,5.6342764169497226e-06,0.0,nan
197,23,2.337491079006824e-05,0.0,nan
197,24,2.33116152387342e-05,0.0,nan
197,25,3.4535907265043936e-06,0.0,nan
197,26,5.132598185236494e-06,0.0,nan
197,27,0.3363988862733717,1.0,nan
197,28,9.463334505917175e-06,0.0,nan
197,29,2.51297579074064e-06,0.0,nan
197,30,4.37983026106071e-06,0.0,nan
197,31,6.486671201228158e-06,0.0,nan
197,32,1.6318716483380362e-05,0.0,nan
197,33,1.728002359440459e-05,0.0,nan
197,34,2.0119470486687934e-05,0.0,nan
197,35,8.555471693088304e-06,0.0,nan
197,36,4.247597909195594e-06,0.0,nan
197,37,1.1956575993935953e-05,0.0,nan
197,38,8.031158201847018e-06,0.0,nan
197,39,5.868853794739109e-06,0.0,nan
197,40,5.407799010096934e-06,0.0,nan
197,41,6.2264837249330824e-06,0.0,nan
197,42,2.5051183815436885e-05,0.0,nan
197,43,7.38704925948021e-06,0.0,nan
197,44,5.777785952396712e-06,0.0,nan
197,45,4.460479905017065e-06,0.0,nan
197,46,6.74082030279233e-06,0.0,nan
197,47,1.0731232038422147e-05,0.0,nan
197,48,1.2532783447503596e-05,0.0,nan
197,49,2.09274446704469e-05,0.0,nan
197,50,5.92691067600123e-06,0.0,nan
197,51,9.636076639660125e-06,0.0,nan
197,52,2.3585803049104135e-05,0.0,nan
197,53,2.884056275408031e-05,0.0,nan
197,54,1.5280766104226416e-05,0.0,nan
197,55,7.361313481907566e-06,0.0,nan
197,56,9.244104091116353e-06,0.0,nan
197,57,8.698744369694684e-06,0.0,nan
197,58,1.2842158210929143e-05,0.0,nan
197,59,5.6570892597101276e-06,0.0,nan
197,60,4.191280518271168e-06,0.0,nan
197,61,8.504221231007714e-06,0.0,nan
197,62,1.0624838964792114e-05,0.0,nan
197,63,9.624647061437191e-06,0.0,nan
197,64,3.4923347561066396e-06,0.0,nan
197,65,1.0152663493010927e-05,0.0,nan
197,66,1.3448959904140794e-05,0.0,nan
197,67,1.0476784940889047e-05,0.0,nan
197,68,2.7953335016580133e-05,0.0,nan
197,69,7.841118533800436e-06,0.0,nan
197,70,7.202948166943123e-06,0.0,nan
197,71,1.5547802068619548e-05,0.0,nan
197,72,6.752803230750107e-06,0.0,nan
197,73,6.3006782830303905e-06,0.0,nan
197,74,3.5039729662750682e-06,0.0,nan
197,75,1.303341780662018e-05,0.0,nan
197,76,8.342365863862429e-06,0.0,nan
197,77,5.059627472611788e-06,0.0,nan
197,78,1.5231440883024435e-05,0.0,nan
197,79,1.066840523503134e-05,0.0,nan
197,80,5.240496767393121e-06,0.0,nan
197,81,1.1148091516005629e-05,0.0,nan
197,82,8.857882256953023e-06,0.0,nan
197,83,2.4917511839950488e-05,0.0,nan
197,84,9.243007511085977e-06,0.0,nan
197,85,5.547696987048263e-06,0.0,nan
197,86,1.2944128448620489e-05,0.0,nan
197,87,2.1373321649080655e-05,0.0,nan
197,88,5.530644165573275e-06,0.0,nan
197,89,1.2887171594727192e-05,0.0,nan
197,90,1.2970905536766187e-05,0.0,nan
197,91,5.82227807759484e-06,0.0,nan
197,92,1.2158599846300143e-05,0.0,nan
197,93,9.046139309940133e-06,0.0,nan
197,94,1.1264968695018555e-05,0.0,nan
197,95,8.055235602568386e-06,0.0,nan
197,96,6.196719909311775e-06,0.0,nan
197,97,4.649028405546821e-06,0.0,nan
197,98,2.9868967912155572e-05,0.0,nan
197,99,3.831964394449082e-06,0.0,nan
198,0,6.058896637968395e-06,0.0,nan
198,1,1.954222915852726e-05,0.0,nan
198,2,1.0393878697285412e-05,0.0,nan
198,3,2.8472259089517813e-05,0.0,nan
198,4,9.394623131285556e-06,0.0,nan
198,5,6.901591286208029e-06,0.0,nan
198,6,4.9340014138542755e-06,0.0,nan
198,7,5.2914981323176285e-06,0.0,nan
198,8,6.945225114206457e-06,0.0,nan
198,9,4.3207460703457e-06,0.0,nan
198,10,9.00391507847631e-06,0.0,nan
198,11,0.1595300434573278,1.0,nan
198,12,3.7240017572215836e-06,0.0,nan
198,13,4.864801039168459e-06,0.0,nan
198,14,1.662673868273465e-05,0.0,nan
198,15,3.770473088133053e-06,0.0,nan
198,16,5.440516063105355e-06,0.0,nan
198,17,4.539934886848315e-06,0.0,nan
198,18,7.944217468839835e-06,0.0,nan
198,19,5.544795512445227e-06,0.0,nan
198,20,5.916404035650472e-06,0.0,nan
198,21,0.1898026314226416,1.0,nan
198,22,6.797663888669146e-06,0.0,nan
198,23,2.5247750709954902e-06,0.0,nan
198,24,9.32499933240637e-06,0.0,nan
198,25,1.3510385012599372e-05,0.0,nan
198,26,4.232067273605534e-06,0.0,nan
198,27,0.3142626310911757,1.0,nan
198,28,8.712165234201776e-06,0.0,nan
198,29,2.597461905158652e-05,0.0,nan
198,30,7.580588152246565e-06,0.0,nan
198,31,5.046613246909761e-06,0.0,nan
198,32,6.839266635545962e-06,0.0,nan
198,33,7.3414279231857004e-06,0.0,nan
198,34,9.577216771359384e-06,0.0,nan
198,35,4.884529713322937e-06,0.0,nan
198,36,9.375538681227438e-06,0.0,nan
198,37,1.4038424821377763e-05,0.0,nan
198,38,1.1613807132345437e-05,0.0,nan
198,39,5.811011447324316e-06,0.0,nan
198,40,3.694934977702819e-06,0.0,nan
198,41,4.874163849065344e-06,0.0,nan
198,42,3.899167155499732e-06,0.0,nan
198,43,2.9863993537423007e-06,0.0,nan
198,44,1.9260086243097172e-05,0.0,nan
198,45,7.764320135059689e-06,0.0,nan
198,46,5.326310487880843e-06,0.0,nan
198,47,1.105962959831372e-05,0.0,nan
198,48,1.2170243344970897e-05,0.0,nan
198,49,8.936533138722796e-06,0.0,nan
198,50,8.197087085087845e-06,0.0,nan
198,51,1.002053381323737e-05,0.0,nan
198,52,1.0301468474441215e-05,0.0,nan
198,53,6.212816220841345e-06,0.0,nan
198,54,3.2885120119752017e-06,0.0,nan
198,55,1.2017014310523824e-05,0.0,nan
198,56,5.56987456488514e-06,0.0,nan
198,57,1.0356978549525566e-05,0.0,nan
198,58,3.9961492320990255e-05,0.0,nan
198,59,7.552886033067704e-06,0.0,nan
198,60,1.5933130473022006e-05,0.0,nan
198,61,1.134988756267532e-05,0.0,nan
198,62,4.5566619658351354e-06,0.0,nan
198,63,2.1638657762924638e-05,0.0,nan
198,64,1.2898497120643406e-05,0.0,nan
198,65,3.394732967724828e-06,0.0,nan
198,66,1.2002474191550885e-05,0.0,nan
198,67,5.969698902232928e-06,0.0,nan
198,68,1.2007245495392161e-05,0.0,nan
198,69,1.1115210110128487e-05,0.0,nan
198,70,1.1085265563902476e-05,0.0,nan
198,71,1.2710231875141967e-05,0.0,nan
198,72,1.936387519649126e-06,0.0,nan
198,73,7.131596255046598e-06,0.0,nan
198,74,6.292052356978161e-06,0.0,nan
198,75,8.302583979101512e-06,0.0,nan
198,76,8.58482605421638e-06,0.0,nan
198,77,4.752695754276223e-06,0.0,nan
198,78,4.39937974889296e-06,0.0,nan
198,79,9.456260476411996e-06,0.0,nan
198,80,8.673686348608498e-06,0.0,nan
198,81,3.686092419738824e-06,0.0,nan
198,82,2.2623256125100677e-06,0.0,nan
198,83,1.1371259528226011e-05,0.0,nan
198,84,1.1220281978339593e-05,0.0,nan
198,85,4.207852156416398e-06,0.0,nan
198,86,8.168842745207671e-06,0.0,nan
198,87,3.4951459559741225e-05,0.0,nan
198,88,9.760330775856458e-06,0.0,nan
198,89,1.1258005918524163e-05,0.0,nan
198,90,5.2412418518505e-06,0.0,nan
198,91,1.1308731361225963e-05,0.0,nan
198,92,7.177746565927147e-06,0.0,nan
198,93,5.893524896066991e-06,0.0,nan
198,94,5.313709586319803e-06,0.0,nan
198,95,3.634348507175729e-06,0.0,nan
198,96,6.944691147079157e-06,0.0,nan
198,97,8.24850957128848e-06,0.0,nan
198,98,6.8840859873900815e-06,0.0,nan
198,99,1.944479676786278e-06,0.0,nan
199,0,7.2388876018134604e-06,0.0,3.666903855592201e-08
199,1,1.2427282363204505e-05,0.0,4.663718729549297e-07
199,2,4.112173403286002e-06,0.0,1.881741274524844e-07
199,3,6.4147111732583785e-06,0.0,1.267030403349766e-06
199,4,6.5114853336077795e-06,0.0,1.96515197376098e-08
199,5,2.862140626259607e-06,0.0,2.924732920185591e-08
199,6,1.039555344780321e-05,0.0,2.147296201823393e-06
199,7,4.77819412351122e-06,0.0,1.3274581421388224e-08
199,8,4.7994618095468015e-06,0.0,1.8604271501940597e-07
199,9,3.6136237357421845e-06,0.0,8.110277191053503e-08
199,10,7.728201887566655e-06,0.0,1.0855633196209908e-06
199,11,0.3706911024789884,1.0,0.3355444697411002
199,12,8.655283353012628e-06,0.0,8.897333056722971e-08
199,13,3.39203984807043e-05,0.0,5.947736740651744e-06
199,14,2.994433988915601e-06,0.0,2.4624163286700207e-07
199,15,6.9725326005551575e-06,0.0,1.7832547904338715e-06
199,16,7.48282240556612e-06,0.0,2.2947545312139807e-07
199,17,4.111208031229088e-06,0.0,5.665246049987651e-07
199,18,2.4562239801074042e-06,0.0,4.904661491255332e-07
199,19,5.771871163614148e-06,0.0,2.1167395156784395e-07
199,20,5.784169591140411e-06,0.0,8.182972460184072e-08
199,21,0.32540271723147246,1.0,0.3562075131246884
199,22,5.7119347066926856e-06,0.0,3.8665254381678746e-07
199,23,2.4763540732194684e-05,0.0,6.177823319499819e-08
199,24,8.90953545168092e-06,0.0,1.7498170781342919e-07
199,25,6.072752556927116e-06,0.0,3.2154314540822004e-07
199,26,2.502097571522954e-06,0.0,7.85393722299149e-08
199,27,0.4100366514529402,1.0,0.308180761183704
199,28,7.019284618302271e-06,0.0,5.825663267345697e-07
199,29,7.41063420858367e-06,0.0,3.6862504737592145e-07
199,30,8.051258021376517e-06,0.0,9.912889194077057e-10
199,31,6.599006037755911e-06,0.0,2.7100219731243743e-07
199,32,4.555239918279774e-05,0.0,2.4047244804693713e-05
199,33,6.203242314204859e-06,0.0,3.9596951517133417e-10
199,34,1.4996974452649573e-05,0.0,1.1089760247645412e-06
199,35,1.9134781007743767e-06,0.0,8.608619509151705e-09
199,36,5.630333861842725e-06,0.0,8.417254779026842e-08
199,37,4.71842118785081e-06,0.0,7.603998474921859e-07
199,38,6.884613102029654e-06,0.0,2.804407607906775e-07
199,39,1.00991062996042e-06,0.0,7.575689424116924e-09
199,40,3.552569504323421e-06,0.0,1.1065725330900352e-07
199,41,1.4009157913858826e-05,0.0,2.531404534467795e-07
199,42,1.7087142845943913e-05,0.0,8.575401661429492e-07
199,43,7.823396710920905e-06,0.0,8.451314414554367e-07
199,44,1.6108810570988025e-05,0.0,5.353007564662036e-07
199,45,3.14808754958324e-06,0.0,3.154420241872033e-07
199,46,6.410959953071084e-06,0.0,1.4828440724460616e-08
199,47,1.4907984884064841e-05,0.0,2.2223719684922406e-06
199,48,4.866259178297832e-06,0.0,6.756778808390307e-08
199,49,7.302588133830662e-06,0.0,5.903326782242295e-09
199,50,4.9951747207517255e-06,0.0,8.313878206691803e-08
199,51,3.7646173842758184e-06,0.0,5.9232696188013356e-08
199,52,1.1486143443997145e-05,0.0,1.4835182435742859e-06
199,53,7.848678463039412e-06,0.0,5.169611827921325e-07
199,54,3.474505312955453e-06,0.0,1.787968546508349e-07
199,55,1.1481655925529829e-05,0.0,3.1740443363074685e-07
199,56,4.840399677489525e-06,0.0,1.7941108726545593e-07
199,57,6.004334275339087e-06,0.0,6.088255280743865e-08
199,58,1.1779480318644965e-05,0.0,2.726201720269518e-06
199,59,1.2576090980943827e-05,0.0,1.3181075884911465e-07
199,60,7.259137848820349e-06,0.0,1.1163236333173283e-06
199,61,6.798024056787354e-06,0.0,6.661073543855281e-08
199,62,3.496339688271634e-06,0.0,2.906120043489319e-07
199,63,8.413411999715508e-06,0.0,3.249461603484978e-07
199,64,5.457000385870131e-06,0.0,1.1740578816378204e-07
199,65,2.9474859156789583e-06,0.0,1.8235492559086344e-07
199,66,2.5245176931905967e-06,0.0,1.8057870437475246e-08
199,67,2.9308851278274124e-06,0.0,1.7188157336997734e-08
199,68,1.275759516566593e-05,0.0,1.0585762172807295e-07
199,69,5.967940437065896e-06,0.0,4.878712074847469e-07
199,70,5.57562946434457e-06,0.0,1.672128687037542e-07
199,71,3.931499460563318e-06,0.0,9.245946708530929e-08
199,72,4.770547623241135e-06,0.0,3.9735009069590134e-08
199,73,7.938667288920337e-06,0.0,9.803989552272097e-07
199,74,5.911224111210443e-06,0.0,2.5332942134486224e-08
199,75,8.909809720567688e-06,0.0,1.731420693825082e-08
199,76,3.9444621535770695e-06,0.0,3.336476076492762e-07
199,77,9.784617922222577e-06,0.0,9.533489558324884e-07
199,78,4.133738231684008e-06,0.0,7.113511815805353e-08
199,79,2.6849475723143374e-06,0.0,3.682378104089477e-09
199,80,6.168961907345643e-06,0.0,3.3457414488563765e-07
199,81,1.5766747521887884e-06,0.0,1.8736164762975316e-08
199,82,5.704844325694401e-06,0.0,1.6567093119886474e-09
199,83,5.998435643673546e-06,0.0,6.365997200361215e-07
199,84,8.917807700457325e-06,0.0,1.2563943421187068e-06
199,85,1.2612646340688308e-05,0.0,4.506606998241829e-07
199,86,6.10091895713995e-06,0.0,8.173392057584478e-07
199,87,6.391343826682438e-06,0.0,1.7116994310785233e-07
199,88,8.204097637589357e-06,0.0,4.3722042126948325e-07
199,89,2.136422905899684e-06,0.0,2.0436618500253437e-08
199,90,2.6993543293673626e-06,0.0,9.653284998665958e-09
199,91,7.84247788774452e-06,0.0,1.3839160361975402e-07
199,92,8.473884300048926e-06,0.0,1.2393303028545855e-07
199,93,5.862266827369104e-06,0.0,3.462397853806125e-09
199,94,7.181602837992684e-06,0.0,5.4675161606574e-08
199,95,6.668871443256435e-06,0.0,7.55605522674189e-07
199,96,1.935819935932408e-05,0.0,2.1603207655132615e-08
199,97,1.647948589618432e-05,0.0,1.5033998205438469e-06
199,98,1.2573534022652955e-05,0.0,3.316497509909492e-07
199,99,3.2959139969315334e-06,0.0,8.095682758278826e-08
