t,method,family,seed,y,f,best_obs,best_f,regret,acq_value,fit_wall_s,acq_wall_s,fit_calls,nuts_attempts,status,reason,r_hat_max,r_hat_median,frac_r_hat_below_1_05,n_eff_min,divergences,num_steps_mean,r_hat_max_native,n_eff_min_native,r_hat_max_ell,n_eff_min_ell,r_hat_max_global,n_eff_min_global,y_mean,y_std,sobol_computed,x_0,x_1,x_2,x_3,x_4,x_5,x_6,x_7,x_8,x_9,x_10,x_11,x_12,x_13,x_14,x_15,x_16,x_17,x_18,x_19,x_20,x_21,x_22,x_23,x_24,x_25,x_26,x_27,x_28,x_29,x_30,x_31,x_32,x_33,x_34,x_35,x_36,x_37,x_38,x_39,x_40,x_41,x_42,x_43,x_44,x_45,x_46,x_47,x_48,x_49,x_50,x_51,x_52,x_53,x_54,x_55,x_56,x_57,x_58,x_59,x_60,x_61,x_62,x_63,x_64,x_65,x_66,x_67,x_68,x_69,x_70,x_71,x_72,x_73,x_74,x_75,x_76,x_77,x_78,x_79,x_80,x_81,x_82,x_83,x_84,x_85,x_86,x_87,x_88,x_89,x_90,x_91,x_92,x_93,x_94,x_95,x_96,x_97,x_98,x_99
20,dsp_map,anti_aligned,9,2.8928794863608798,2.903296674479238,2.8928794863608798,2.903296674479238,1.1008789859696728,-2.1783148497190172,0.9123359080404043,2.4999031042680144,1,0,ok,,nan,nan,nan,nan,nan,nan,nan,nan,nan,nan,nan,nan,-0.025920909091013456,1.1175620390337915,0,0.8234402252465196,0.6035337736015314,0.3329529857821314,0.2825827257614201,0.5453480922997195,0.590550707507416,0.617042209610764,0.40050718904491733,0.45263787990881316,0.5113698491163854,0.405840155061564,0.9207457361583273,0.0766440622031161,0.40006854809688297,0.41337160119782423,0.8892498458382649,0.742717494309428,0.9131452657716407,0.270932278040095,0.5785672214225931,0.4449457351173994,0.7141857913457823,0.35926568094033645,0.8532094924234244,0.5332055540752156,0.30928057003636794,0.8594254649744892,0.7596382917619549,0.09924736849876051,0.40960112962423195,0.6757177517314157,0.06807915331118494,0.3165611079338416,0.3416492404136362,0.3873373630750206,0.42490647857539277,0.2670229633883322,0.042054496078368094,0.34201121178289395,0.6837158182467064,0.8422720715733938,0.7075506309882408,0.45982441610928043,0.4447309353466208,0.6866102185508177,0.42911694397885314,0.46164518391975445,0.7565444564305556,0.37063087141305556,0.16854891506748426,0.06480258145183361,0.40763171747975924,0.10740479889194941,0.9206666114943459,0.4699087553927401,0.6635952375331723,0.6638485933244701,0.7635299007410442,0.10598222493840369,0.894388071202476,0.7400904468207762,0.7552459126830018,0.49999948733545474,0.23657216136427378,0.6594930110455938,0.0,0.4206175787446571,0.33703029493576125,0.29943098125837464,0.1633264798097791,0.35401206908137967,0.06723932438166967,0.443375164296039,0.8222208415240696,0.12941191434381014,0.7282703179764152,0.22044572239368987,0.4411019684037208,0.247563895778187,0.17380299163708782,0.23914810049628335,0.5612903039276148,0.2660450409068168,0.534675581193689,0.7124050108292433,0.18874311012997663,0.25291920719825595,0.33143526240936727,0.6748233736224649,0.6702491969399339,0.26500240252731766,0.29604887570563204,0.5509521592821907,0.7309682697707097,0.436133173189001,0.8318521701866822,0.7676626666929778,0.8482432046690515,0.8201636131776416,0.7869615278408282
21,dsp_map,anti_aligned,9,2.5149424318960634,2.580500076366686,2.8928794863608798,2.903296674479238,1.1008789859696728,-2.793991132499907,0.2646980946883559,3.607540449127555,1,0,ok,,nan,nan,nan,nan,nan,nan,nan,nan,nan,nan,nan,nan,0.11306958593050527,1.2553240609584326,0,0.773311640233219,0.6478685521521247,0.39826614169131513,0.1680062213701321,0.4238993728541682,0.4628584928520929,0.7075833675820696,0.4595431380869357,0.4366710387861283,0.49170772914461003,0.4247191126027123,0.8431685037723945,0.1054913402568311,0.5006148505842464,0.386674311564444,0.7849423297883136,0.806312944303465,0.8466657916032588,0.23531784678079767,0.5997601348054248,0.39142792446096875,0.7945979056238816,0.33590720832690113,0.8086725357391065,0.4497890728544302,0.38948371674619636,0.7996818425334271,0.6698334478364337,0.1557885848825156,0.4248030892760846,0.7163382666495034,0.13439606946336397,0.2154992927816377,0.2995292361429111,0.3957018938229103,0.5769181786599159,0.18858401339067857,0.10108936423068757,0.30540417483424714,0.6393179525920866,0.8031463049150905,0.6653877026551813,0.5326915701558569,0.36010627366798054,0.6088012234362257,0.4511392574150412,0.5080606958915295,0.8316054256527953,0.48754931803103885,0.21907824402113102,0.10145271257353299,0.3682033951053687,0.17321796533521094,0.8918101742859659,0.3650519339935792,0.5683311857507016,0.6888738582072347,0.7701578132732073,0.1830075448618963,0.8037399290215038,0.7036892773295079,0.6307835415959586,0.41106807315399096,0.20165173929619795,0.7272769155291906,0.0,0.4461130122660914,0.37979059130323084,0.30994986153162596,0.1095161783307107,0.29627968827613765,0.07966034240014416,0.387625330884132,0.7054794993290804,0.19439518948208437,0.7795291337751403,0.2829372972895319,0.5935743909137234,0.2623415970248574,0.16462965115985828,0.3138648752466269,0.6284726744769025,0.2619945166679098,0.6381386023868051,0.7833297991304853,0.26072912446250296,0.3567486633440684,0.4145101900759105,0.5855403339539065,0.6389366598511325,0.37480100172044645,0.2228239610279663,0.49052263235383947,0.8145272716799188,0.4842631927763749,0.8166590227064533,0.8603456100430856,0.7365198597507577,0.8052310936445726,0.806448479109832
22,dsp_map,anti_aligned,9,2.5167233973042524,2.4227111121799716,2.8928794863608798,2.903296674479238,1.1008789859696728,-2.7740044764186846,0.4374713650904596,3.711389326956123,1,0,ok,,nan,nan,nan,nan,nan,nan,nan,nan,nan,nan,nan,nan,0.2222456243834852,1.3245818322028513,0,0.7989678043205692,0.5395738814832398,0.28049356877742326,0.4713788542231524,0.5725058113831182,0.694540346744814,0.6701987586407486,0.36030686694996883,0.48791886698917186,0.5666833342437083,0.38832554326646,0.9172712628163499,0.04848889861672112,0.22337379941032942,0.31987002451920743,0.9922390587048765,0.774101944713089,1.0,0.2089013449735507,0.6082100663198267,0.42598632097775757,0.6891706674762884,0.34486478975265444,1.0,0.7181771232479757,0.23620859176445214,0.9577926104850653,0.886108398793516,0.0,0.4428239263372773,0.6536498018065898,0.0,0.36920867305134064,0.3239817816271018,0.3318542671243745,0.3116616384369178,0.2689256271834414,0.0,0.40463430519151067,0.8350444352662391,0.886011924639613,0.7922829218956451,0.464136531422616,0.6059402222863123,0.7517598600347997,0.464857851605925,0.45847404565328564,0.7155491351435642,0.2760607631015886,0.11540217556836044,0.07865820042335468,0.5788648258052563,0.16429340195928446,0.9608499899838575,0.6285402940288145,0.6655511558087462,0.5403280435507258,0.7559315919042761,0.06381202554829157,0.9769156170855693,0.7317345237283701,0.8865668808474263,0.6121441169592896,0.17120626660978971,0.6613279271574604,0.0,0.3744858496502295,0.27395809682289207,0.22676987914328017,0.10597938963297102,0.3891730428128275,0.13054585793576223,0.42276574940948347,0.9545044011640115,0.06305045557025252,0.7258358245455689,0.025983482187811855,0.3444975645097485,0.27923075500299077,0.17455402766347103,0.2525700484002355,0.490836107264712,0.4124098338466831,0.49848174339535783,0.6759074872450819,0.11837288490527897,0.15044390522333978,0.21846277340083822,0.6925476692021015,0.6288335493584194,0.08467928772779992,0.3825746066710342,0.5751553999409761,0.663871516530841,0.46371262360974247,0.797186572844369,0.7291281692443122,0.9568793319807226,0.7676918138408421,0.7709319553127262
23,dsp_map,anti_aligned,9,2.7572830350385877,2.819625189265093,2.8928794863608798,2.903296674479238,1.1008789859696728,-2.7296783000588247,0.3964615501463413,3.2595126647502184,1,0,ok,,nan,nan,nan,nan,nan,nan,nan,nan,nan,nan,nan,nan,0.32200552755395334,1.3773810377798281,0,0.867324246872129,0.671307848473337,0.30124785127758785,0.15176891015046057,0.6498715152064599,0.6433489842629321,0.5315087293197172,0.4398708393148734,0.42827702351076957,0.49685832255336393,0.31977505890349894,1.0,0.059275658284046316,0.46241429952393165,0.5143424802296823,0.8537246589452816,0.6445732111602082,0.942526323302509,0.3055263022915046,0.5001472818538343,0.4638130409632291,0.6737905742062004,0.3083077935036162,0.7444215502811788,0.35754331322192323,0.2508778388375918,0.8820773759401619,0.7342578400563511,0.08574204285655174,0.4320733679838044,0.731806824798598,0.010612003445468482,0.36022053692971695,0.3278256022948845,0.3839853954931831,0.37684867165339053,0.2849366689258676,0.00253812819275208,0.2775900910993158,0.5462881282743702,0.8241902133021366,0.6468798093155925,0.32508010533862647,0.3545871670325677,0.7280772877302176,0.3857195810625562,0.46434921398366,0.7537671355896889,0.3550724772044721,0.10444314670471111,0.0,0.21843791228095866,0.0,0.8912921870154104,0.40559596042534246,0.7692179916021149,0.814170872911012,0.8232714357465575,0.048909860946379224,0.9289010755690045,0.8098069656565783,0.7398065509408502,0.47618717967973256,0.29931846763668385,0.5992340879919357,0.0,0.5182853347580085,0.37045203940433236,0.30983933874432346,0.23353926198816075,0.36191775464197845,0.0,0.4717531959405979,0.8726449623219205,0.15840212540758894,0.7011956184582974,0.34421958036844535,0.4156827598408988,0.21308696227942303,0.11623984001732163,0.16694741979656338,0.5458814766092079,0.03143018209244753,0.5014242709029436,0.7639603315963468,0.1578734352412485,0.23096810088299607,0.3160040254106913,0.7397797027165748,0.6834643185095394,0.34354809381365914,0.16902383671856624,0.564983684281897,0.7650511543884363,0.3681648986536504,0.9108462391238218,0.7222766217759886,0.861593770854364,0.9548919654184896,0.8282822206780611
24,dsp_map,anti_aligned,9,1.726971672869862,1.7465548295164954,2.8928794863608798,2.903296674479238,1.1008789859696728,-3.079553411154542,0.6202127379365265,4.137963304761797,1,0,ok,,nan,nan,nan,nan,nan,nan,nan,nan,nan,nan,nan,nan,0.4234754236991464,1.4335064122793806,0,0.8251557494733773,0.6947220713918687,0.28197696844470904,0.20012750867368712,0.47629608182704564,0.5841895610336711,0.6571352986160078,0.3466122023154042,0.4867581304434287,0.4990531902083225,0.44526689920494394,1.0,0.11525274694472104,0.3458246679551751,0.41423489154525944,0.9319892741166885,0.7882513963796103,0.6759463382877529,0.2438122858149658,0.45742035876595155,0.3996587466059096,0.6724357991586519,0.31770994175332434,0.7864281966360258,0.49087135834045054,0.2704546813706672,0.7275401918134929,0.7629042046005939,0.2725822282616899,0.446154691981273,0.7724663603960097,0.27609869649520696,0.25748272510231185,0.2944985289744898,0.4073779903531804,0.4114886147140279,0.22765865262429738,0.141370587251476,0.2544361392937213,0.6578699828958645,0.9241131878012588,0.7109453418349581,0.5401118365624497,0.36281600533826547,0.7306016357265681,0.46908063242867687,0.4792993043718916,0.7595327162419204,0.3731679631793655,0.17284862302876855,0.0,0.38588320308148016,0.0,0.8880224522464472,0.4834870456220448,0.6075435530034066,0.7355988939747634,0.7688171268690199,0.02938607472457392,0.8385699457978893,0.6467269064614516,0.6995444553622925,0.5545333712558129,0.16890759697277813,0.6717860003921842,0.0,0.3655761252556127,0.32657913424590185,0.43777204730423663,0.1764459345869667,0.3314055436685917,0.1059029728211792,0.4784166736089217,0.8080203562908125,0.11151070265065238,0.7901463356992143,0.2223723848433456,0.4860550689779536,0.3197450218754237,0.23387926068366624,0.27753276459135573,0.5872895268134181,0.1721177435214816,0.5909761968767631,0.6711780572411443,0.17027687275127373,0.269397163712051,0.440271335514451,0.7068798983588992,0.700579339220327,0.2549842505429718,0.24058477293997707,0.5190573239823708,0.784577503464945,0.4799822039931262,0.9255747397517894,0.7224979158759999,0.9107697211875828,0.7047890087098319,0.8369684503971103
25,dsp_map,anti_aligned,9,3.0808794459053255,3.025208867785925,3.0808794459053255,3.025208867785925,0.9789667926629857,-2.800685326929824,0.8309256071224809,3.606385346967727,1,0,ok,,nan,nan,nan,nan,nan,nan,nan,nan,nan,nan,nan,nan,0.475615273665975,1.4275813614620283,1,0.6999343255525886,0.675590272736382,0.3424048143374518,0.29026359688709275,0.5725218191770705,0.5845737917104682,0.6712205743663808,0.47498318030630327,0.4048407793056121,0.506575349586317,0.26600401937418455,0.8526292527886824,0.005744190320662934,0.5385616166082733,0.42196297006603284,0.8206735985660736,0.7368382411881751,0.9333800990118338,0.16726935174198831,0.5729410415137828,0.4600673793888622,0.7154135496977045,0.3480114449769053,0.7846505253060332,0.5154652128987294,0.28999467575519017,0.9074106797671319,0.7652439002397553,0.04237478733114317,0.4386158777111396,0.7420846112111715,0.024856425757958732,0.46019780659426446,0.2754501068726307,0.3784574259793039,0.47663782270030386,0.30181753555067703,0.0042864214437032064,0.26081783278346016,0.5654243773152937,0.7361232943896688,0.6145230757018155,0.3093500406860242,0.4725104460783855,0.6821187388149834,0.42029687034036145,0.3980915490000903,0.7079495680839126,0.39476230322189715,0.13627972057326473,0.0,0.40356705074134464,0.03741213539860005,0.9720156080588137,0.29744070068679007,0.5904871830358587,0.6454773962906365,0.7480148680491009,0.19028787717737197,0.9348571177132288,0.8849659640474008,0.7293255473887824,0.46199228923161656,0.28904501954909995,0.599562001061245,0.0,0.48107184119256885,0.43018916327854684,0.2194772446934129,0.14753524216893935,0.47202529516026526,0.12566197812113875,0.4309193237875015,0.8430036790272217,0.15364128615518205,0.7120137689609858,0.2974417099082261,0.3611940445634674,0.16079771545140276,0.16271997561651635,0.2714783198148408,0.4883191148989388,0.32928909664369604,0.526803305818247,0.8263989347650468,0.1926260710008446,0.29523880425404786,0.31522840142366304,0.563925270346032,0.561487700317501,0.41314973344986033,0.2256191240707901,0.6801567298585882,0.6053438518831786,0.4520889990139374,0.8253553774738075,0.817239364732234,0.8172091953034377,0.995281024401994,0.749744623482458
26,dsp_map,anti_aligned,9,2.570519195248966,2.6319425634146394,3.0808794459053255,3.025208867785925,0.9789667926629857,-3.170701853886121,0.3903970248065889,5.031884886790067,1,0,ok,,nan,nan,nan,nan,nan,nan,nan,nan,nan,nan,nan,nan,0.5758177418290269,1.4868146268077127,0,0.7813252470683418,0.6515711070610863,0.37111959402108396,0.30369408369768947,0.7394884282696115,0.48830814161174035,0.634038683374481,0.49029451210978486,0.424532520851712,0.4286881806167018,0.3062921693657472,0.935472315642939,0.0,0.402519273881014,0.4543723270175542,0.84954750005159,0.6478816048059679,1.0,0.3562290647130792,0.4551664516518766,0.3311742856897092,0.8211861188519756,0.3536700250764955,0.7968510088238471,0.6277813003738908,0.3256630084624525,0.978208571934494,0.7148538751469704,0.0,0.41145532853619565,0.7074986988851631,0.0,0.4905219694823812,0.38590563414417234,0.3325908166393653,0.47524151786019375,0.41029642528220117,0.0,0.2611648480309264,0.543535735192653,0.7676465184745611,0.5499241413276349,0.25098013585984214,0.4608229466438765,0.63086367904037,0.4333841084865838,0.3196116180155324,0.8453651551817382,0.4174792257962484,0.19547516585995622,0.0,0.4701706689262358,0.0,1.0,0.4579047840095756,0.7016150642033155,0.6535820616721246,0.9433195985869497,0.17568896887713834,0.8834777174357722,0.8595345686330029,0.7285590400759083,0.38537269831662113,0.18924298841008322,0.6192990699439723,0.0,0.5302231409943597,0.42509795393665384,0.14442883146098542,0.1738540438224418,0.4888897293998922,0.15148545747194175,0.525164704949817,0.7680979005601735,0.2294234345567126,0.7056302318944573,0.3339376789731525,0.3387006196418766,0.14347619092070601,0.14094998708155676,0.2902038768139367,0.5947475533176835,0.2119112170633424,0.5716010296686591,0.623161561781942,0.20807482787061185,0.32260241152493635,0.22693352526176466,0.668321712183299,0.587433737703812,0.34551113186223675,0.3331281911804536,0.5960326066093982,0.6904278350605488,0.44441730581257677,0.8411618785444357,0.8566449526268609,0.7816502236459124,1.0,0.7904889894626779
27,dsp_map,anti_aligned,9,2.355220958112427,2.3550037937205777,3.0808794459053255,3.025208867785925,0.9789667926629857,-2.723295927838953,0.603679162915796,3.6941660190932453,1,0,ok,,nan,nan,nan,nan,nan,nan,nan,nan,nan,nan,nan,nan,0.6496955734371729,1.506867375605267,0,0.6648031270276857,0.6676891975281765,0.3192625737342102,0.2529866534672239,0.39255217540868365,0.6581504153521901,0.6774991515386437,0.44077768771144143,0.3923831670526073,0.577378614598599,0.281476698400077,0.7682772054856576,0.009022464436726286,0.6703324951098819,0.39503553222159193,0.8098501568523322,0.8282994628138989,0.9053654423248308,0.031188392340485108,0.7212531580093307,0.6041671564385401,0.6330982427741129,0.3630471833801675,0.8014149839658845,0.38718318241972716,0.28140698676715237,0.8385361513909465,0.8042337440948885,0.06422929809996061,0.4334951650388157,0.7401139034120353,0.018219485835086743,0.3737642135843444,0.1993935909381585,0.4415278377440686,0.4860040448083608,0.18063377853524798,0.0,0.2933104756515885,0.6292262970944396,0.7375269477794435,0.7074243843881604,0.40632668319380144,0.4554321262186945,0.7198017836328978,0.39554396639571965,0.4944350208838857,0.5987199358177766,0.3843482300286615,0.09934245293131058,0.019502268357243193,0.3096879607802227,0.14067670585856704,0.9563765115303319,0.16263765631657523,0.5058096238364831,0.6494074768574407,0.5519834765191435,0.1884740090790106,0.9837544060759494,0.8942401680000482,0.7267120963397599,0.5168110035071113,0.3949497495646168,0.6069973178107814,0.0,0.41439240967006846,0.4120533538987149,0.30328905435115394,0.12102655828930581,0.40674656877913157,0.04730780208297324,0.3452633615981396,0.891999753486634,0.07380952316707122,0.7228914275111227,0.24802637638117633,0.4207075910681821,0.16789701322867312,0.17592680722946058,0.23226952282323898,0.4145949444466794,0.43285908898787706,0.48031686765678616,1.0,0.1944806801456923,0.26319476087889654,0.40465984632878804,0.4967540196664322,0.575679548110371,0.4576930059669795,0.14413820605452277,0.7325375572376236,0.5636265625012944,0.4462281561624745,0.8054727544968685,0.7830452336427559,0.8484720941846379,0.9718299466328184,0.7044761801752838
28,dsp_map,anti_aligned,9,2.7428313036115255,2.5406390897630784,3.0808794459053255,3.025208867785925,0.9789667926629857,-3.132037190888779,0.8825814202427864,4.304610911756754,1,0,ok,,nan,nan,nan,nan,nan,nan,nan,nan,nan,nan,nan,nan,0.7106071943184319,1.513185633134042,0,0.7681729458161431,0.5996485663428451,0.4403059531739408,0.30407112054218605,0.5842890879168137,0.6385078972906283,0.6535447812416597,0.5554276785319815,0.3992559701478974,0.5750271944030788,0.25238567843951737,0.9111116107031563,0.09108267075105658,0.507483283748894,0.37570619537504113,0.7248842752615253,0.703210488575867,0.8836320944925447,0.1410100052016909,0.6161096344445108,0.4122703330332365,0.7248174824753608,0.3348258907912747,0.7460988854233369,0.5269983609577022,0.2714307927435986,0.9270401428742763,0.6998702410973088,0.10837307364916678,0.5115572948128829,0.678922488364629,0.019986925467459966,0.3944731910570757,0.28579326766802643,0.32648902792430606,0.4915122141354263,0.2869780760823321,0.0,0.3562311257785539,0.5050963686688235,0.6444753489499302,0.6650387180777018,0.3464635532271062,0.5315114718537388,0.6610270344087649,0.3931078328393474,0.43933722320682844,0.7483853612000246,0.39548072314460875,0.08151750368502084,0.09058813833338664,0.42328076027923084,0.007095342761790338,0.8435422026424585,0.35058451602233753,0.7205885203722864,0.6465662729746569,0.8453100149417614,0.2266909332602745,0.9352785167903448,0.799405382135542,0.8023625704085973,0.5092903811352646,0.1856226608770144,0.6718091303183608,0.0,0.5789976153728209,0.3402149924779133,0.18479768684773684,0.09745908658410758,0.3986291352056451,0.1309791580261706,0.3118023981367009,0.9003860625393041,0.19518808831151882,0.6822489099682051,0.365880009083524,0.3947567956899186,0.2618777119409402,0.12421032974717659,0.23000870052668893,0.5511395514155987,0.2402756567849534,0.5120702332318693,0.9465613216328558,0.1416006974958129,0.28740359922122355,0.2937023971028596,0.5196664067594492,0.5832091017215948,0.36646375961637095,0.18395465561581115,0.5467398741357269,0.7044460946106132,0.4117612083201218,0.7558663105901359,0.8408365215939387,0.7007822200190144,0.9577727422614848,0.8317342586360115
29,dsp_map,anti_aligned,9,2.6075656093218162,2.5807237721100047,3.0808794459053255,3.025208867785925,0.9789667926629857,-2.975945722328805,1.1184050678275526,3.8280624500475824,1,0,ok,,nan,nan,nan,nan,nan,nan,nan,nan,nan,nan,nan,nan,0.7806838877423317,1.532408343139334,0,0.7013367017487696,0.686785295422823,0.3554001846477163,0.21309177218634587,0.5664008921127552,0.5048882476329968,0.6612510809102777,0.5108696035262004,0.3380757070144876,0.5075294656483834,0.23588794504049576,0.7884405569010099,0.03398872636066381,0.48384762436607487,0.43786101410356243,0.7728706273262773,0.7374748092659965,1.0,0.2582256604063077,0.5561072881738643,0.45634189272014836,0.7676150546821321,0.299869619959751,0.8350372571109166,0.4083299454956657,0.3541809306410387,0.9100511202224503,0.7765388595935616,0.0,0.4568505591226705,0.7522981495943885,0.0,0.41034176757598506,0.2611434217829648,0.3242906225673203,0.3965537012975367,0.2797309302547733,0.008490127905988638,0.2340784082257528,0.6080994135678731,0.8169410346327138,0.6227463324478085,0.32515559183461723,0.37487619620605556,0.6700663240862479,0.3920572434811513,0.4867573390202439,0.7181270915234924,0.4236021772368976,0.2378492018877187,0.05796595655002212,0.3018252368941212,0.20403381644888494,0.948957538121856,0.38187418633355663,0.5259277358125052,0.6661088553353355,0.7885935132025971,0.09098033062364373,0.856621364733307,0.8290772116641795,0.6034452419714614,0.41285513146850644,0.34612039663213834,0.5881555992977207,0.0,0.554189600927988,0.4493808783765028,0.22302048939515384,0.20420544891097148,0.479372762190587,0.14655652077508868,0.4170182603176516,0.7769325923415217,0.25955571216741663,0.7505505908895892,0.2565751815899318,0.4923108301066614,0.19801277836948575,0.03713268511236268,0.3153651806911018,0.5292488450385793,0.25509881497445774,0.5592429421869758,0.720471147418297,0.32808314686526585,0.243921297480778,0.26899564748153487,0.6592749266797381,0.5255927666628003,0.43125118099932663,0.18383622799912516,0.5977583873750911,0.6982044905646255,0.518403823851563,0.8275680652119358,0.8053732893535365,0.7961068087987263,0.9615566038944916,0.8163359404990013
30,dsp_map,anti_aligned,9,2.6509379193650418,2.749675635254045,3.0808794459053255,3.025208867785925,0.9789667926629857,-3.5739930651010416,0.6503135631792247,4.2929219040088356,1,0,ok,,nan,nan,nan,nan,nan,nan,nan,nan,nan,nan,nan,nan,0.8415799451283145,1.5419277058718268,0,0.6519964820503541,0.7450053384490121,0.23405920636528857,0.3091153532550873,0.7833952204677097,0.6599332241609972,0.7340481388056788,0.40482726108700723,0.5167599479075138,0.43485514527858754,0.2351049015904558,1.0,0.04726135761112571,0.4320040956649975,0.5301035156112934,0.9154627811312378,0.6515854877823962,1.0,0.11372816167222499,0.42926196317913734,0.32961778736097164,0.627727940656815,0.24277583782258153,0.7740124577926377,0.5967902826125087,0.1806016227365437,0.981091553958148,0.7622588587345979,0.07983002581003822,0.40303592008573536,0.8325045946205539,0.0807655276832442,0.5250903312104632,0.2851710531380832,0.358151399386494,0.48629772854448355,0.26706812912204003,0.044923653629264336,0.2183910104678187,0.5035353810042377,0.688687636238416,0.5189025095550659,0.23268676215247333,0.49711767179039906,0.7221231976018936,0.5516713470526103,0.36914372261055667,0.7687722083077485,0.3459579211786434,0.0,0.0,0.4882284994483424,0.0,0.9316135165407345,0.3280157647026563,0.6544042010373581,0.7597485274349355,0.7946170868297847,0.23820487562819742,0.965512232326609,0.9473632969124317,0.7986954237620956,0.4739160325828745,0.22679038450441324,0.4862921230809407,0.0,0.4162436701635613,0.47622632965134293,0.1763198633853436,0.17333015331724766,0.4320061658168965,0.15605172372433163,0.5047262244878064,0.9344906140421253,0.051713568199974566,0.624582027680523,0.24685856121239574,0.28687566486188143,0.20232527537135422,0.26802687811127485,0.2918406557379865,0.35306874947455896,0.22104162608499955,0.5654606970271034,0.7790939502772115,0.03076597972490539,0.3481985421621124,0.2901049810244943,0.5407444060567427,0.5275284868009795,0.3165094033593921,0.23178074176065475,0.6720359346387996,0.6073441478414744,0.34441176254653927,0.9088909687901606,0.7922278648818146,0.9212366042974836,0.9917974031255242,0.7408304600740337
31,dsp_map,anti_aligned,9,2.4270811249194337,2.4177877577386955,3.0808794459053255,3.025208867785925,0.9789667926629857,-3.9779052227182854,0.7857705228962004,5.659844982903451,1,0,ok,,nan,nan,nan,nan,nan,nan,nan,nan,nan,nan,nan,nan,0.8999463313940154,1.5501758703197712,0,0.8998653252031242,0.7555442177184901,0.2734422198289669,0.3177456832224527,0.45850252983170575,0.5961445072548517,0.6371496777775933,0.4875248408253094,0.4337700628540566,0.4842682420587887,0.37844502843294836,1.0,0.0,0.4017606786135149,0.3197060612024289,0.9324436587405592,0.7130918801254381,0.44372798899902555,0.20391955434982278,0.4371640655409317,0.41074934626510584,0.7515463245394821,0.4171535091442044,0.6881399573101215,0.6171663244562688,0.222605435531916,0.8079021173891624,0.7161199790362988,0.0,0.49558913187302606,0.8247075137407287,0.0407335985776589,0.4381501523940514,0.22106002626051985,0.38452484193884395,0.5034187542930223,0.4496733138332035,0.0,0.17738676035570927,0.6459242451720836,0.8935730749393823,0.6062886710783405,0.29422702548707796,0.5146239900569617,0.745851723360869,0.41966072253904546,0.2279800799565905,0.8001711619016865,0.4033018172082623,0.09195760274888154,0.0,0.444184253242261,0.0,1.0,0.43665568252743153,0.7331138257682895,0.6382563816593566,0.8174411227759304,0.08484933075662061,0.9771695189087016,0.8141249226606715,0.8289705512101829,0.525024795317945,0.10302725500425014,0.7998409163048898,0.0,0.530012081293095,0.34471767148023286,0.26871153969392636,0.0692599377397096,0.528650247316742,0.11636382114337725,0.48988787368324044,0.8221963353658727,0.19407910726374425,0.8252168799192864,0.4182525400971297,0.2055298554214864,0.03712870779332191,0.16970841331169995,0.22224272387254712,0.721354510207429,0.21987434447996693,0.5592264864383373,0.9846216519822452,0.10431589836540117,0.3162932893935426,0.35157775388062995,0.7548653546921699,0.7153015317782488,0.3081019507871022,0.2132490113165699,0.7448199793135617,0.6091071198733803,0.4446972944025315,0.9236558536990884,0.7921605560820505,0.928304408735895,1.0,0.8324850164794357
32,dsp_map,anti_aligned,9,2.5118699124848956,2.5051605375741115,3.0808794459053255,3.025208867785925,0.9789667926629857,-4.112701304013147,0.5971144018694758,5.664567889645696,1,0,ok,,nan,nan,nan,nan,nan,nan,nan,nan,nan,nan,nan,nan,0.9476692936916847,1.548725921705408,0,0.7080875033401267,0.5162363458991888,0.4092203687873731,0.1563104553999043,0.5853375213088792,0.7088572529354202,0.6449509609355659,0.4997281143344878,0.5519927076353962,0.4959376244336362,0.2749403947287093,0.9172716857977841,0.0,0.5969900750938553,0.27119751985840257,0.8038746188910586,0.8182769360956171,1.0,0.3045214690199658,0.5661947255215108,0.3403036024194188,0.8344775692039499,0.30859862792792464,0.7979440540125292,0.39215396780160433,0.2463802899080472,0.9631570558707281,0.8347637485827972,0.20045044410692023,0.6054296124930146,0.6289294882365559,0.03479281215771217,0.4704623979934903,0.4386560890359958,0.43613794788413146,0.46841540116742175,0.20217510067682712,0.0,0.39064623435923096,0.36630720998795296,0.6684105868602375,0.698077818056156,0.38861979045467515,0.49323289015215727,0.6103674846352695,0.33031521898402305,0.5116092019155601,0.7683291163276722,0.2754184799617212,0.08215267208630632,0.0,0.3443884733717632,0.0,1.0,0.2756181294444248,0.837746438783321,0.6552306186914132,1.0,0.2489274840394675,0.8927541974984682,0.7581133937878025,0.8335633764101447,0.48663194897688733,0.07377231232200719,0.6663009870270502,0.0,0.4374553947123613,0.39085319922875944,0.3404097164092182,0.06480127797070295,0.308264141547329,0.0,0.49446555251331015,0.9516229119414166,0.055505956561537326,0.8082339513427995,0.22497137279801854,0.4118180941508358,0.3775624426256638,0.273421074298277,0.16622760431158523,0.4562110843339772,0.20208730960281357,0.5439597572437662,0.38878688056187916,0.03513654153208058,0.21656055069427654,0.32305985784686514,0.45978053478752917,0.6191881685867796,0.3964071608781491,0.27055079171968266,0.5541825919503698,0.7631532069899432,0.5984442594105152,0.8551072458912603,0.7943064159080021,0.7319251079732344,1.0,0.5995618543224085
33,dsp_map,anti_aligned,9,3.1548087926484403,3.1349338345585553,3.1548087926484403,3.1349338345585553,0.8692418258903554,-4.295057356706694,0.4499404211528599,7.0308127659372985,1,0,ok,,nan,nan,nan,nan,nan,nan,nan,nan,nan,nan,nan,nan,0.9950693124429941,1.5484718157253872,0,0.8372959189654763,0.5366801050659586,0.5298064819071345,0.3476733433189023,0.7343402413360488,0.48855332494761133,0.5972141069581113,0.20769092125431765,0.39047775586342576,0.6423244729766158,0.37537882939056927,0.9002087541191901,0.0,0.417611954503029,0.6524581547637334,0.7370236617164181,0.7326627137639821,1.0,0.1749448872787932,0.6796039640261167,0.3691673951057409,0.6921767521847398,0.2621429567001458,0.64757074167577,0.6691844185481292,0.3094871089390512,1.0,0.7858231427373997,0.09531341761462056,0.2880473030480745,0.5887434692245952,0.04499317060147321,0.2104329376504903,0.42242891664973087,0.3589971077544351,0.39808788561858793,0.1167801227283506,0.0,0.43712000688409075,0.6759252481811883,0.6708684818195652,0.4900190785745252,0.3608649439745823,0.3771023972840934,0.7343881054504545,0.5423050460697149,0.4312543544574836,0.7679072038902373,0.4630707004034791,0.0,0.0,0.4692593933546366,0.0,1.0,0.3706596230695051,0.5569868607381064,0.728241333112407,1.0,0.0470258652418017,1.0,0.8386392305871506,0.725383145288912,0.49707914289614763,0.28555492328689674,0.5116505045385368,0.0,0.35031112886951354,0.35257221455953613,0.08041381882253822,0.14421219139276617,0.28391615904725653,0.0,0.3716197956390117,0.9119186411072,0.09528751877067831,0.6621165947067299,0.40389189104338813,0.5142543783984409,0.12495642482694728,0.1294408558109444,0.31406954614939925,0.6803261136845179,0.1477681052607369,0.5303794290957379,1.0,0.15998806683522895,0.1571342363301116,0.22837947783676113,0.5212326831690745,0.5527371721014912,0.3024532930647577,0.39357707114540186,0.44382599437727016,0.8399359296296297,0.21913427298792604,0.7397150875459594,0.7802854649744233,0.7976242928423941,0.8960952885713764,0.96684435659217
34,dsp_map,anti_aligned,9,3.005191229162538,2.972265946972128,3.1548087926484403,3.1349338345585553,0.8692418258903554,-3.6195649331412594,0.4556994750164449,6.755959226284176,1,0,ok,,nan,nan,nan,nan,nan,nan,nan,nan,nan,nan,nan,nan,1.0585910618608012,1.5685655493386745,0,0.7702859463597075,0.5526137857026953,0.4927506254256574,0.29329533153236115,0.823467207198302,0.4568420447087111,0.5099534824435654,0.17076196769024118,0.4316200080619719,0.7164035615807869,0.4347118818712418,0.9050725989297433,0.0,0.4285841485951798,0.6327006023160251,0.7849714521248381,0.7420424067736031,1.0,0.18920053193577668,0.5960515004052277,0.4532485948337158,0.6909458557508457,0.365839264576482,0.9580315398440278,0.7346927372416754,0.18553675327261154,1.0,0.8025145148468332,0.07613515612935581,0.26610056939724225,0.5761042348918608,0.0545018724652799,0.17413577473080813,0.4516054473330237,0.4225215309048096,0.3306934291378803,0.1735293467098127,0.0,0.41840930791415776,0.5442703312808514,0.7109108772420276,0.7792290838447755,0.26856622862702184,0.2694052763441453,0.8071599121926368,0.43669420876821,0.4259596355477374,0.7348475885393897,0.529215843760118,0.13649187162043017,0.0,0.47402978962838865,0.0,1.0,0.34795231336164323,0.5092754933638094,0.8269279897844937,0.9352901602411,0.0,1.0,0.9764456937727778,0.6967204095531149,0.5541752407610168,0.19356375745243265,0.583023669378382,0.0,0.34143057571811175,0.1659169639901799,0.03929668295506452,0.10288091497237552,0.28744276502426724,0.0,0.389738736665836,0.9878197543516694,0.1253155581584246,0.6103498713173201,0.4067197380943166,0.4851086308974284,0.09248846335068561,0.12207547486599524,0.3421326605128587,0.5821970915142869,0.0670049244010568,0.3807426943254498,1.0,0.2276780250512286,0.14669163913120012,0.1810486377011145,0.5270210281111658,0.49883580654219256,0.3350046369482667,0.33703781138129035,0.4064693853473573,0.851459306898471,0.22448670287867278,0.7451494023827817,0.7923495607604427,0.7471253322271841,0.8426559372033978,1.0
35,dsp_map,anti_aligned,9,2.8209498782601767,2.9220432473027045,3.1548087926484403,3.1349338345585553,0.8692418258903554,-3.6293015228003127,0.617835165001452,7.0871570580638945,1,0,ok,,nan,nan,nan,nan,nan,nan,nan,nan,nan,nan,nan,nan,1.1142082094979937,1.57964296029104,0,0.8209735656265554,0.5135148635176671,0.5686678047244459,0.35639045283139037,0.7725304852164031,0.4706739797035042,0.6235660254683275,0.2331267247896811,0.3667615032470189,0.7135543570053134,0.352946524298802,0.9311977879973535,0.0,0.40612033675255815,0.6774587630026698,0.827064116010568,0.6735818263738395,1.0,0.26505872886173326,0.7118414628292452,0.4171351130961174,0.6407612201824299,0.2453136880610566,0.43578171583217734,0.566297115079516,0.24343051134509572,1.0,0.9128199779327276,0.15301915706276956,0.2682242748216948,0.5795019458891097,0.05108826289384169,0.24919512445160577,0.4531101749562347,0.3633158812314006,0.3159238995990128,0.15585613125750328,0.0,0.44686234987361434,0.7060852557907801,0.7010310696482481,0.5413871497634871,0.4683293411353347,0.32776979634466974,0.8497808770104727,0.5509881065108198,0.3984336523100981,0.791384764565841,0.5004098797939683,0.0914151350174821,0.0,0.3591839670310413,0.0,1.0,0.3895010546843199,0.5977200056272667,0.7233559243897011,1.0,0.0,1.0,0.7884254125848513,0.719635799341468,0.6128356409238979,0.38313045272720764,0.4026319944496131,0.0,0.3489869684073547,0.27292330167411216,0.18543548170129467,0.24431867388596765,0.27690444390800234,0.31528555293394095,0.44015385591096395,1.0,0.12289954778179295,0.6178055457419552,0.33732594960707474,0.5242472686051076,0.191385888701175,0.21295568545465934,0.3315454241316013,0.675161458399525,0.19785239222865786,0.49351162569404877,1.0,0.23911283660191684,0.0772860653350259,0.3335087849657838,0.6233332992899232,0.5372642345105826,0.2833995041369361,0.44036454236923644,0.4868140141571064,0.809425479491857,0.21755157515809423,0.7821432210750906,0.8035170641483937,0.8302338512838952,1.0,0.9395609140131805
36,dsp_map,anti_aligned,9,2.7206052651112653,2.701789116562238,3.1548087926484403,3.1349338345585553,0.8692418258903554,-3.5937527618149288,0.8915701741352677,6.416880211792886,1,0,ok,,nan,nan,nan,nan,nan,nan,nan,nan,nan,nan,nan,nan,1.1616177002969432,1.5826012977965547,0,0.9487091883305963,0.6124440528623072,0.4989073506506545,0.3446681235257314,0.7018925428241319,0.5333870572674985,0.5386988519797713,0.21039136467308178,0.3061279884873049,0.552401883741115,0.34212144683448176,0.9288570402717137,0.0,0.4471021505154928,0.6684852040885376,0.6379764006676418,0.7749025822063076,1.0,0.07361439366786142,0.657387149520612,0.3892033982916175,0.6931104159596034,0.276726347385022,0.9758165650725802,0.7524876934973382,0.4485146477168637,1.0,0.6398232449707194,0.07138066795976361,0.24583040494036812,0.613364603186954,0.05434581728348387,0.18746142384221132,0.34154405436606344,0.3260949198359827,0.41177726306826745,0.1444777644928942,0.0,0.3506515262386248,0.6472860995714058,0.6956797427117559,0.5010332643423024,0.28322777756768674,0.44624430714289987,0.611234694591607,0.4952896880949556,0.4601026989171834,0.7025369355607979,0.3437432348897395,0.0,0.0,0.5621894688475336,0.0,1.0,0.3516861791772411,0.49663357361661636,0.7066119288555656,1.0,0.0,1.0,0.8637624169831795,0.7323005580777119,0.35707757236683885,0.3201181715389428,0.5648521328738615,0.0,0.3883546741985813,0.44947930828891897,0.019570820225655608,0.13125220470680196,0.377404939029218,0.0,0.260866546783424,0.7891567849106839,0.04033228804375879,0.6793421246531988,0.4589582842452959,0.4909328786058319,0.08808405341450404,0.0,0.2154270328978534,0.6436280496076654,0.13158475215350765,0.5592955026358023,0.8124072816953507,0.12215623521921233,0.21901653792079043,0.11738640347223793,0.4779756888544959,0.6491038875319884,0.3506743047291762,0.3033734412810477,0.4271703684547082,0.8460080682448952,0.20404213394044074,0.7434648776068646,0.767305301441503,0.7561739391117247,0.8043605602560157,1.0
37,dsp_map,anti_aligned,9,2.6521200628443444,2.585963465569084,3.1548087926484403,3.1349338345585553,0.8692418258903554,-3.62828489890384,0.46884091291576624,3.422377425711602,1,0,ok,,nan,nan,nan,nan,nan,nan,nan,nan,nan,nan,nan,nan,1.203752499345979,1.5814065056814224,0,0.6243308849544309,0.4659948914260214,0.40138577022672073,0.31031741949133973,0.7377364085404629,0.44973550756333197,0.5955887728827844,0.2429897129191262,0.5814561743014715,0.5942264695275141,0.4683201133230834,0.790642158554068,0.0,0.378560854009161,0.5661748150690872,0.8274066846955009,0.7066398074416226,1.0,0.2651701116250052,0.6042024525557823,0.3493859005075126,0.767544240309253,0.3653738724164996,0.5016273314498921,0.6508731156224425,0.17893378271392785,0.9113057669537933,0.777668407832034,0.018699927280090657,0.40278207839078606,0.5744325829446557,0.03402226798921809,0.2674657523326035,0.5063222519462335,0.39680704922191157,0.5146096472422441,0.10899195956653851,0.0,0.5449281046674816,0.652191009772085,0.6186434633939151,0.44124185336075755,0.2715786933440516,0.3253514081792741,0.7131184359362961,0.527308342336646,0.4462852639194649,0.7849762077584813,0.6009219261613797,0.0,0.0,0.4518641311861423,0.0,0.9533677190551629,0.4229443085408785,0.6042751992293747,0.7908608456980143,0.7805651391249281,0.2692097451645356,0.9687122306471354,0.919694318160528,0.685367157788195,0.5147319393931901,0.09892647343963883,0.6193947736830087,0.0,0.3375897773293311,0.32872046485355505,0.05304075726281867,0.06404368628720998,0.19206693186197213,0.0,0.49494246151719534,0.886758678906686,0.20684280481430412,0.666028202405773,0.3904471699853348,0.49218174667429687,0.07944188247277055,0.1641526702531166,0.44060783827171196,0.6775014854550157,0.11681628605309191,0.4767846025396813,1.0,0.16361404624953718,0.265164929629536,0.2729432757053014,0.4955369174435778,0.42802688642728626,0.25542738090241224,0.4336593750592725,0.44295564170249,0.7788190838497304,0.3098761242508754,0.6527022024038688,0.7622330700701245,0.8180301004667516,0.799033726865858,0.9431948123912305
38,dsp_map,anti_aligned,9,3.212132561234401,3.163557407320434,3.212132561234401,3.163557407320434,0.8406182531284769,-3.9522169348443525,0.43986557703465223,4.616025996860117,1,0,ok,,nan,nan,nan,nan,nan,nan,nan,nan,nan,nan,nan,nan,1.241867435227515,1.5775888164337926,0,0.8420820667617118,0.6884212335107432,0.6290887279330094,0.36450695027896374,0.7405293076287404,0.4424522589782572,0.6854903497400054,0.2666840935844426,0.3699066090766384,0.7424533396166256,0.4386528887967018,0.947663030597868,0.011469794802919518,0.4596640252402721,0.5521980365534918,0.7049515732966747,0.6770139479832559,1.0,0.22525586567525951,0.5795253325982129,0.3169573849497223,0.6322329190280459,0.17902001484807537,1.0,0.6997656197242708,0.3287641372064327,1.0,0.7893819281877773,0.13954026701010344,0.2408390603858549,0.6882282516868751,0.03723440071718512,0.19416539071680283,0.34925931210198957,0.5232039293920691,0.3694119097600999,0.2702615589585083,0.021745784667196417,0.24640789387679057,0.5611485833186783,0.8058479962927552,0.8751058773181553,0.45433842822466686,0.37085773434133273,0.8614921444155518,0.5919521603607016,0.32879124961114903,0.9013424695519585,0.5140847616250935,0.0,0.0,0.50192666191664,0.0,0.952508899106317,0.31995491767464473,0.5505239863169716,0.7032535544429613,1.0,0.0,0.8178135802115782,0.8016200340301463,0.7340219145590723,0.5343532241817522,0.29648544746126265,0.5250255404953237,0.0,0.4069491497802964,0.184607239520058,0.14879708990301632,0.157745708600862,0.37106641371004084,0.0,0.3650877593931932,1.0,0.13478784855409126,0.6030598723164379,0.2950163462848335,0.49148890360314895,0.22325294070946605,0.44338865439175185,0.3575630846187075,0.5226263252541287,0.21234362017665473,0.5722474089571726,1.0,0.24980652588888977,0.14224659593663203,0.17476569965627986,0.6550850996726679,0.5159622503670453,0.3851225741322545,0.34225750855530807,0.47216548778032424,0.9482582808842912,0.18042508099205154,0.8849577276386025,0.7882546922920861,0.7355105265593287,1.0,0.6545432487171352
39,dsp_map,anti_aligned,9,3.225413057940996,3.139050741869094,3.225413057940996,3.163557407320434,0.8406182531284769,-3.6980888079762533,0.39505969081074,8.69341820385307,1,0,ok,,nan,nan,nan,nan,nan,nan,nan,nan,nan,nan,nan,nan,1.2923870538430762,1.5880668269380838,0,0.8191814002549999,0.692163400584739,0.5695751218618166,0.3508874674948508,0.7551257933816142,0.42197267380553233,0.6910537878025342,0.20856359797141158,0.4192525973932393,0.7357505653043124,0.3838490275644768,0.9987202396528823,0.0,0.41289159741688625,0.5414339662878704,0.7016672941098796,0.7145784291151498,1.0,0.20510854886095597,0.509838476760132,0.3339552988585838,0.6471645207913873,0.16371709496638942,1.0,0.7379208236105687,0.2473324598453342,1.0,0.7172106669771807,0.30985500991680537,0.2622341779477789,0.7267030903492873,0.027448621304624377,0.23294058038130938,0.3730958031020955,0.4692155187668462,0.3475064461901951,0.32619198834029983,0.15281712034582504,0.24597090850789086,0.5150846652117111,0.7830206111941136,0.851477780957067,0.5351844937937152,0.36670036780667353,0.8328449782770827,0.5844801991555382,0.31547398434999274,0.9062732193452978,0.4881473561823191,0.0,0.0,0.5808435709095454,0.0,1.0,0.341127969256793,0.48280291231783734,0.6519719838864371,1.0,0.0,1.0,0.7754240477288357,0.6856107039473271,0.5874377654339998,0.2888012361283687,0.5089152308912616,0.0,0.350003475188665,0.13996691505532557,0.26209384649950085,0.19523432146122424,0.4069070928605873,0.0,0.4272625061266075,1.0,0.11497192638521726,0.5901627148056258,0.33504060509390166,0.5104287520087593,0.3824248411578518,0.22621362202192632,0.3881030823263967,0.5326758778205553,0.2483170535129572,0.5954185025804104,1.0,0.3357684289531975,0.23683651903648215,0.348686616606636,0.6017254219605723,0.5462178256539884,0.38743879297504946,0.3617405153582728,0.4932481323645058,0.8297885954944215,0.2197501776011381,0.9035533856109361,0.7894505968749561,0.6416396149608524,1.0,0.878212814873736
40,dsp_map,anti_aligned,9,3.092859942175672,3.2096375861266107,3.225413057940996,3.2096375861266107,0.7945380743223001,-3.525380685899549,0.41890050610527396,8.890758199151605,1,0,ok,,nan,nan,nan,nan,nan,nan,nan,nan,nan,nan,nan,nan,1.3407127039455244,1.5968677811596703,0,0.821321576272681,0.7018492873956195,0.6715010398202946,0.39306524918845664,0.6634136921207203,0.47374482766150044,0.7574615056259537,0.2781786219008864,0.40764408339580777,0.7367312839228918,0.5100978615200298,0.9356052496028381,0.0,0.4668056362527105,0.5411861970323603,0.7319342047481575,0.6247392233265859,1.0,0.3033013193712874,0.4869622342113263,0.2912992290709758,0.5378320861819499,0.1710643310746303,1.0,0.6821215709461149,0.3282764765005272,1.0,0.8715762124447786,0.03377435680648842,0.27387498653739634,0.6986883140475816,0.043744261285436965,0.26651810570286716,0.3968699985655538,0.5278155735946081,0.3595108762030617,0.31257399712869904,0.0,0.22944187120969511,0.48605339897550365,0.7184706067913107,0.9347580368553611,0.5167760258876887,0.3757682072817387,0.8743135689143745,0.6331084898619942,0.3438845718897648,0.8569992672668624,0.4917048844636887,0.0,0.0,0.5234613330160743,0.0,1.0,0.33293208845946864,0.5751550873763485,0.6762574054301373,1.0,0.0,1.0,0.6791455310865636,0.723432926147707,0.5964405186153016,0.3077270283029099,0.4850896105946829,0.0,0.36612010777891923,0.20721138202717437,0.27231363226609845,0.26338590040525167,0.3740893590443011,0.0,0.4478823133538827,1.0,0.10813526320406494,0.5692510670748689,0.32370299242991524,0.4762291322070313,0.2806628832806484,0.0381408768304485,0.4120572355225794,0.5037653372565999,0.2652301429615839,0.6109404446006169,1.0,0.2558734737328056,0.1718991773353214,0.21205140897770344,0.571874837121023,0.5529729644006621,0.4045789532908062,0.3805897937707902,0.4642489449518891,0.8688816337827722,0.29154313809705273,0.9199082668552148,0.800892107252041,0.6646686129988297,1.0,0.8640568849503629
41,dsp_map,anti_aligned,9,3.077222380646684,3.0954778515013435,3.225413057940996,3.2096375861266107,0.7945380743223001,-2.3669998487730597,2.340412062127143,3.705172766931355,1,0,ok,,nan,nan,nan,nan,nan,nan,nan,nan,nan,nan,nan,nan,1.3834480024389426,1.6002637726891953,0,0.7358113460968494,0.6772872792772097,0.4886183849535385,0.35746524593443807,0.7038242843131828,0.4499332413832143,0.7315646881057406,0.29475236712950637,0.38234565645566065,0.6113591132424853,0.2765277768808877,0.8622799546248945,0.0,0.43404644023249084,0.5294272913461316,0.6895798138479086,0.7609470620154537,1.0,0.14736474192628618,0.5893167434054215,0.31802181052913103,0.726476011972105,0.16507854851366982,0.8764654658421566,0.6713674350104856,0.3435640845488015,1.0,0.7320102351157786,0.18241031401067107,0.3192227425439069,0.7350744599177712,0.019083225629498032,0.31330813787176487,0.3097400948279088,0.38586233968607103,0.4115170385954918,0.22840861499609194,0.11006733692904079,0.26152875755022703,0.6304881128824267,0.7570845504258122,0.5886207887646774,0.41086918652987053,0.43714867127572593,0.721043550601569,0.581559431000004,0.3857812351584671,0.8386048097790467,0.44173770412735097,0.03244733419248647,0.0,0.5449039797798929,0.08279668534185175,1.0,0.33583565743961685,0.44323866669906625,0.611995245409892,0.9856248053010253,0.0762027390730243,0.9001666074840023,0.8362335807309362,0.6668610282280345,0.4512482999053994,0.3286787556862572,0.49816928329954424,0.006865690131479417,0.3989517461091606,0.3754263418377207,0.14264226660995133,0.15111536358302852,0.4391699820095373,0.0,0.38930661604582306,0.8890706140587078,0.13581055779550855,0.6754769107031818,0.26991541993830975,0.5086534274938544,0.26293193507968526,0.2862075325292265,0.37961011443070763,0.5273471643021082,0.31456224033430147,0.6398361867958494,0.906903121850309,0.27357885609737215,0.23898916487859653,0.25864209107402353,0.5601481395509936,0.48492680950383443,0.38924531915839256,0.33743637926974385,0.5537543998562442,0.778562893852059,0.3025493589768566,0.8316586073228421,0.7894400668310787,0.7538374836181306,1.0,0.7564745830312537
42,dsp_map,anti_aligned,9,3.0071351733660197,3.146214467702334,3.225413057940996,3.2096375861266107,0.7945380743223001,-3.5657069116984386,0.5904473997652531,8.745053114835173,1,0,ok,,nan,nan,nan,nan,nan,nan,nan,nan,nan,nan,nan,nan,1.423775963824841,1.602046124759506,0,0.8469950888616966,0.6347745504666944,0.5360195116521893,0.3031436966744804,0.7358327924560508,0.43332801216976174,0.6173418023113948,0.2056911571384356,0.36479800579756017,0.7295927999448878,0.27564923259644564,1.0,0.0,0.39613939417407706,0.5650590947241634,0.7289314500965066,0.7513620643910214,1.0,0.16919953182898353,0.5678777182979412,0.405288465196512,0.6563030929024919,0.17125709907827924,1.0,0.6966770784249757,0.2202239469463773,1.0,0.7295332771531797,0.0,0.3363093403759201,0.7064432421361675,0.04637500503841507,0.26483303503484734,0.37771769965283686,0.3884088969965614,0.33204431195002787,0.3298756840353904,0.0,0.278666552864942,0.508223634811662,0.822183628234194,0.811990622769417,0.5445915537190389,0.3528419856167443,0.813843076133641,0.4802742168764452,0.3132990057259584,0.8376778786529074,0.4756952604500437,0.0,0.0,0.5189961530249285,0.0,1.0,0.36196009160019693,0.5054182706645776,0.6579843032302483,1.0,0.0,0.875782709000237,0.7709779821655409,0.6830006696655485,0.6274070291749655,0.24893009346685827,0.511301482546162,0.0,0.38453719193246483,0.12089957873024461,0.28031401099511727,0.16329036623621995,0.4200345066252342,0.0,0.3859855584629381,1.0,0.11432949148000747,0.6393635360448544,0.36912807570988077,0.4954593180683545,0.38566230252154426,0.7278570658071521,0.3301638169408305,0.644289439256095,0.2066417645394044,0.5360528243126095,1.0,0.3168657496509131,0.18693022841191295,0.38021358430090946,0.6596119568959756,0.5573785901233366,0.3590604954565341,0.34845218218262863,0.4900253441149395,0.7813745132014012,0.2207474569255585,0.8740935781453699,0.7978045040091051,0.6871972148199063,1.0,0.7729927798710821
43,dsp_map,anti_aligned,9,3.0848650258184027,3.1588605847848537,3.225413057940996,3.2096375861266107,0.7945380743223001,-3.505987874784264,2.456208819989115,6.468387376982719,1,0,ok,,nan,nan,nan,nan,nan,nan,nan,nan,nan,nan,nan,nan,1.460598271023473,1.6011906794430035,0,0.8540552318280674,0.7043841233838704,0.6087411624955529,0.3880363106550158,0.7810777904159745,0.4763325779250136,0.6748009491243568,0.31218311638608437,0.3696569167446352,0.7062965381885241,0.4472269442377833,1.0,0.0,0.45649161276713834,0.5012881343692084,0.6744715571291615,0.6820216187711425,1.0,0.1984598364374267,0.5556550023908866,0.2943464163154339,0.6731077650603705,0.22396212923017178,0.8731024528891637,0.7417338205562521,0.36248580312701956,1.0,0.712117213184255,0.6139641684658254,0.22854122165256274,0.6892127864090833,0.037639534938601386,0.20230951514474438,0.32230332569293196,0.533868901434311,0.3843300869737522,0.2797796592855694,0.04240157901846821,0.2475342985458289,0.542181493766963,0.7889820880656507,0.8112639558209347,0.4245049764449455,0.4298394800588052,0.816120811110664,0.5955086712127802,0.32502392639430194,0.9135082962876253,0.4723934892268073,0.0,0.0,0.5682727153933471,0.0,1.0,0.3195491563643254,0.5637414762626541,0.6874629426340148,0.7388601678394895,0.1133427535221942,0.9443379236698519,0.806561204737753,0.7671525963915956,0.4935041369122997,0.2815596310867604,0.5489384204537392,0.0,0.4270583627441995,0.2277638413748437,0.13972461310271245,0.15833891174517487,0.39717022552079323,0.0,0.34274141170577294,0.9739446309459817,0.1379154118649802,0.5952008660845446,0.2942387410134029,0.4670434888893586,0.2639792754800944,0.0,0.32713817075289997,0.4513845694242902,0.1861080986334821,0.5821587398704912,0.9108258038337456,0.22464294673868693,0.20420240422756364,0.1930130438341164,0.6097879184741776,0.5360278474054843,0.3867149361341239,0.31072734941690455,0.4791337071535871,0.9803686068551972,0.18869617525772753,0.8662473063012495,0.7830760244143186,0.7125876516233757,1.0,0.8650625509402663
44,dsp_map,anti_aligned,9,2.955467692439755,2.895016714764706,3.225413057940996,3.2096375861266107,0.7945380743223001,-3.634873617074886,1.3870109720155597,5.775708506349474,1,0,ok,,nan,nan,nan,nan,nan,nan,nan,nan,nan,nan,nan,nan,1.4975134245415398,1.6012933755911742,0,0.8426906855954548,0.6957955834403127,0.5491600792811229,0.3619380822456953,0.7145141890311164,0.47239214424460807,0.7030191904156479,0.26884583742520557,0.48797823983200833,0.6965049460924917,0.43921505436358077,1.0,0.0,0.4770867841191311,0.5842088282207314,0.7021230848143016,0.6530339799793116,1.0,0.23360990870299847,0.5601153653118879,0.3307630726963722,0.6589814692159864,0.20819681684926172,1.0,0.66985879152263,0.2271690083690146,1.0,0.7131436110134416,0.012804032714389815,0.2065659128921609,0.6926715243226235,0.02920216486375671,0.1747690590920019,0.36388997044722016,0.4627506728618043,0.3984979198266585,0.2750280923857964,0.5348704635378807,0.27891152584623813,0.6362186156281495,0.6850989906692911,0.8402014009777831,0.38777839610496967,0.38806770194968737,0.812824223005616,0.6166597742591419,0.38354966311145405,0.9406185455408561,0.4760665294918842,0.0,0.0,0.4866556289191772,0.0,0.9672283047960333,0.3327045920149452,0.5670626396271656,0.6905498402971545,1.0,0.0,0.9237810742031498,0.8911086758328519,0.7356896314816421,0.48190596604978925,0.37148557564333967,0.581896762875528,0.0,0.3810441395347137,0.1977356525180133,0.10430607089409129,0.15912242691904904,0.3309794246030636,0.0,0.4446739032443068,0.9636568444979198,0.13165648556907808,0.5737815345040124,0.3685646034775616,0.5050360342892657,0.159218585916644,0.02118151514963767,0.3475660359750056,0.5433592310923643,0.3077508065362354,0.5956549777406861,1.0,0.2827492395306951,0.23546054801427585,0.21818864042312494,0.5735206720016416,0.6031522932944966,0.3906458063036885,0.33932029324318413,0.5170790127735673,0.794698028912834,0.1868085951470669,0.8954036659992738,0.7906895139933491,0.6569964821567522,0.9120940950320012,0.565744880334528
45,dsp_map,anti_aligned,9,2.9722221727386446,2.952861376718366,3.225413057940996,3.2096375861266107,0.7945380743223001,-3.573865130537315,0.31934086000546813,3.8978545870631933,1,0,ok,,nan,nan,nan,nan,nan,nan,nan,nan,nan,nan,nan,nan,1.5299124082726112,1.597919308893163,0,0.8101471497192893,0.6752255990862526,0.5661717249036634,0.3461380158498204,0.7493609803967687,0.4278822210981244,0.6928217732162386,0.2145136909642906,0.3685437038585466,0.6884201403837251,0.4628597222175026,0.8635834099048666,0.06025406735364292,0.4480977818897869,0.5131625736739048,0.8067950791831716,0.7650489034328508,1.0,0.2349464418146716,0.5661431864472355,0.33025722395746016,0.6899373245170238,0.23609344982814406,0.9655560598726175,0.7103944728219275,0.34966293729752573,1.0,0.8583622582213577,0.6016215503503263,0.22308851822360948,0.693336587831996,0.03055663517805899,0.23863623001955972,0.3718346541066746,0.5419271615189325,0.35153982363973996,0.22191102001810437,0.0,0.25214635031313637,0.582542199486678,0.861447432358204,0.7390422453485052,0.4994320651380607,0.35058952789483117,0.8505803674954366,0.588102095176254,0.3126831610986825,0.8675671981246209,0.4848331756012307,0.2348464635079004,0.0,0.5346281871957446,0.0,0.8584798847961944,0.2984409212559251,0.49046825221612733,0.6896387591811121,1.0,0.0,1.0,0.7831026422806776,0.7166545726360978,0.5458106061250388,0.278511154017306,0.47938611453281443,0.0,0.30054480793128524,0.2617257606177391,0.24232022352965993,0.1876962067555658,0.3840874848657124,0.0,0.4418684076760298,0.9930503225714066,0.06576584258334038,0.665455383258025,0.22166479366487316,0.48177347904738255,0.25939419775565464,0.2937566740441461,0.3619229640137161,0.4795027055614848,0.2036107136113313,0.5806431633210878,1.0,0.23798772496439477,0.15171085721509095,0.29317518708258733,0.616377197763991,0.52227625693292,0.3682488839881501,0.3861883427995823,0.5302415646566219,0.9412544348039872,0.2769012381275559,0.9002900406120783,0.8059740717313512,0.8171467663737747,1.0,1.0
46,dsp_map,anti_aligned,9,2.992144228217961,2.868984768366756,3.225413057940996,3.2096375861266107,0.7945380743223001,-3.7982074183610206,1.3023738176561892,9.023928964976221,1,0,ok,,nan,nan,nan,nan,nan,nan,nan,nan,nan,nan,nan,nan,1.561266968369699,1.594389686740582,0,0.67905524810217,0.6500922658660794,0.5599335507572486,0.342663790967878,0.7256890407447665,0.4303046823597328,0.665953138240296,0.2791932334037986,0.3412269742752013,0.6290234857715643,0.44516351455695047,1.0,0.0,0.4482780751646391,0.5528103728151573,0.7570949498711739,0.6574152364807037,1.0,0.18828096998697108,0.5571565782905802,0.38512060382886726,0.5597498166035435,0.2177569826706842,0.9101490990464673,0.742312222509754,0.4634669555986143,1.0,0.7030903672317377,0.07785340702513671,0.3414542262502665,0.6980547977488879,0.03361577578407535,0.32390974137914924,0.384554555871804,0.5821805680503757,0.5291613178535927,0.3211921565568299,0.0,0.2717160005505286,0.43358692660280845,0.8518011385473974,0.8468229060041071,0.4927311729403494,0.3697870717006159,0.7545261286488109,0.5524278916338595,0.3212122756725828,0.7587974051535509,0.5734672253486816,0.0,0.0,0.5770470325429201,0.0,1.0,0.31858400293341754,0.5041162588093372,0.7185353931658397,1.0,0.0,1.0,0.7936548622235797,0.6680395050686128,0.5035846893781405,0.20294215407122335,0.4653774298295445,0.0,0.3893126118844349,0.24652639350509936,0.22607051920793006,0.15209146159515527,0.38635029502644636,0.0,0.320150664152102,0.6774923107284078,0.13329291912202407,0.5366298737072656,0.22687735069575848,0.45204060107951594,0.30727212940160376,0.17716216811104024,0.4173662231776511,0.436309391071223,0.258353596714903,0.5376383542339728,0.8677853743316468,0.23717089730869517,0.3109910392360167,0.19240285642584948,0.6737217509386161,0.38807655167149485,0.36339125782801146,0.38936090094005044,0.4192572713312391,0.9033423691710455,0.2105014361044834,0.7716010464518804,0.7735580628171497,0.7661551151573569,1.0,1.0
47,dsp_map,anti_aligned,9,2.95178221354857,2.9720822187666514,3.225413057940996,3.2096375861266107,0.7945380743223001,-3.784046728503336,1.0867346627637744,6.33045095577836,1,0,ok,,nan,nan,nan,nan,nan,nan,nan,nan,nan,nan,nan,nan,1.5917111653877472,1.5907943793070543,0,0.8576327838306841,0.7332746362862107,0.48184475591557296,0.4363859800350393,0.7244552968659725,0.48467768147046153,0.6525697975223852,0.25444522796572816,0.45635715721374226,0.6674095352525133,0.5322833853569452,0.6954699778014035,0.0,0.41987884406385617,0.5372299753253894,0.675804315960445,0.6701333696264498,1.0,0.24495113910126412,0.4560579731532709,0.3100444340936575,0.5994423878220796,0.29202894903619525,0.9935531422251478,0.7432947285613651,0.2698042308761669,1.0,0.7778765788840452,0.384822861607337,0.1518559687085481,0.6889679608118546,0.03397037683104966,0.21620188206813912,0.32628375120570124,0.39048315762702707,0.28250301479603784,0.2287998160397792,0.0,0.2645612026009042,0.5979761568356066,0.6348490667419138,0.7313585872059011,0.3906155496336464,0.414176683659376,0.7959922482309615,0.6107849581888202,0.41175738073534746,0.8221607310414859,0.43198774655993993,0.0,0.0,0.6040177025498092,0.0,1.0,0.38553816696048265,0.4726600658852946,0.7122889296716046,1.0,0.0,0.8452540513990033,0.7177079848634058,0.7055729873346581,0.5399402076184112,0.35872623046941937,0.570768733493439,0.0,0.37437273362953094,0.3475385834307083,0.17939777836562434,0.34224497042566865,0.4178609770045469,0.0,0.4508003277500264,1.0,0.1383040940156646,0.5955795953810106,0.4079544684361443,0.4871442459908626,0.2450597707780868,0.3938232651489025,0.38974761343119485,0.4392277450510619,0.09565512534846381,0.5720822770299478,0.8943530660345869,0.26289241846419553,0.20953001836998228,0.27097404222150434,0.41236643966363923,0.6357901572610658,0.3925286493113776,0.24544833527373952,0.5354827780839673,0.8106951575592217,0.30390434392200516,0.8652161375391402,0.7843153740492408,0.6645772447213099,1.0,0.8679372366840694
48,dsp_map,anti_aligned,9,3.20360340948788,3.1770042955742617,3.225413057940996,3.2096375861266107,0.7945380743223001,-3.7407932095670438,1.1405700230970979,6.323911887127906,1,0,ok,,nan,nan,nan,nan,nan,nan,nan,nan,nan,nan,nan,nan,1.6200459788910975,1.5860768784342902,0,0.8089070623192721,0.6809065463272815,0.7005840726965544,0.3174313567713288,0.7516539503746137,0.44723278320161974,0.77081596951887,0.2742938179177506,0.35559313804100795,0.7433975737196326,0.22488160109706412,0.9580513898582732,0.05242482358329843,0.4617947526214347,0.5732867578330701,0.7075818994293135,0.7378424524659545,1.0,0.23219834969240719,0.5421307496103265,0.2788898201745891,0.7819588404365516,0.1116333922274974,1.0,0.6576591729186423,0.2544551195696973,0.8916733847091823,0.8318252877883971,0.21503572374660732,0.37396040532776376,0.7289875156422708,0.04189286842934494,0.29579364931706054,0.39230020192607684,0.47352153145326775,0.3174926521423951,0.33610095839909027,0.0,0.20662411940952724,0.554363878518688,0.7871072864259301,0.7366319531956697,0.3557314358545867,0.36599804771116706,0.8567288489029687,0.5818578558057265,0.3029537669891886,0.9268828849320919,0.42867999430357173,0.0,0.0,0.4514581759498261,0.0,0.9911426339275707,0.29830851483926624,0.5391443377672098,0.5824073883875208,1.0,0.16279302533812554,1.0,0.9231325683709328,0.7045762884532769,0.5031280711549514,0.32049321068766123,0.4649071622136975,0.0,0.3881326775001445,0.17835721828226628,0.13537971740280771,0.06449834832566054,0.44339215453366737,0.0,0.46967563936853163,1.0,0.13164527137825155,0.6966614106257915,0.3401442008364314,0.4745999737019729,0.1772634864116638,0.0,0.3507511648550575,0.6740591090878284,0.4117414318388168,0.6478898485649397,1.0,0.3124382697168214,0.12758760100737646,0.1837116964847557,0.6793167144958904,0.5014665746543959,0.4468883673908814,0.4624179682411523,0.5103191658526812,0.8219844049223448,0.29480401583745,0.9495493446521408,0.7838731467558667,0.6941957170198768,0.832162573277003,0.8613647675390328
49,dsp_map,anti_aligned,9,3.198523412977199,3.167147824415087,3.225413057940996,3.2096375861266107,0.7945380743223001,-3.6974927415284755,1.0588155193254352,8.400618245825171,1,0,ok,,nan,nan,nan,nan,nan,nan,nan,nan,nan,nan,nan,nan,1.6523634774747054,1.585696209726853,0,0.8437263473055758,0.6344661179703979,0.5727153125256701,0.35709942627807284,0.7156204355857088,0.38941389157352213,0.7039016466230869,0.23099110696890368,0.43550333921019757,0.7508447863583129,0.30395506043704607,1.0,0.0,0.4633146603095702,0.45763476878575365,0.6527612922184847,0.7434687552614659,1.0,0.24910788007640713,0.6421593878467445,0.31695657732012,0.7542122603919904,0.02251369140337811,0.998407577524197,0.6399402196181783,0.259652574851564,1.0,0.7594981359351685,0.12432646868721955,0.3272325560247256,0.709424245929304,0.045599027681085355,0.334580315875738,0.3628371603549025,0.4340951903809397,0.41111530688407905,0.2984004802625744,0.0,0.28272265465302554,0.6118518172868987,0.7985182527817567,0.6963353155222914,0.436776706279971,0.42585828173991563,0.8393707743958224,0.5919426982216632,0.22996605932016811,0.9862370740728856,0.5122758829634637,0.31235762451063603,0.0,0.47247581090880214,0.0,0.9907255581103278,0.26993833044118437,0.5700215784425715,0.5769841673603378,1.0,0.0,1.0,0.8786811760135911,0.754171699435958,0.5237954421574171,0.3293750128042795,0.5392410852479114,0.0,0.4274429705393342,0.22146685597292873,0.1160393969643879,0.09368708717189314,0.41526290940226074,0.0,0.4566512743574689,1.0,0.12903427926952468,0.6739166618825092,0.3373165450488035,0.45973010043145185,0.2010063167386816,0.0,0.37705190489719964,0.6664399427074625,0.20291053847164922,0.6582335943488615,1.0,0.2805478515453654,0.14143886260032668,0.22029950921071853,0.6586699911133904,0.4533686589329839,0.39678227108750674,0.3438927242672408,0.654413124663475,0.8070367375355271,0.20496909328969293,0.909665425271717,0.7844346059069217,0.7213085977352542,1.0,0.7790633412619835
50,dsp_map,anti_aligned,9,3.2037858151845597,3.201800570066309,3.225413057940996,3.2096375861266107,0.7945380743223001,-3.618671020881207,1.4996190452948213,9.737993304152042,1,0,ok,,nan,nan,nan,nan,nan,nan,nan,nan,nan,nan,nan,nan,1.6832866761847551,1.584613450295013,1,0.841268433293122,0.7061816170367692,0.5918910454220542,0.3153190082473897,0.7144423531961109,0.41231250449344936,0.7120720973849729,0.24062629457464882,0.3943902853435351,0.7217016237251993,0.32567066751067963,1.0,0.0,0.4614255431626533,0.5327110176664286,0.7313841490363997,0.7672008030882566,1.0,0.22097777909027308,0.5575114939543325,0.3251943358767382,0.7753309692247958,0.17934642759922634,0.5878409196959837,0.6999701243424101,0.2479340030888972,1.0,0.7772801254503984,0.11320654383808607,0.27500219366220263,0.7281666113422874,0.03820557421570174,0.2075174876433334,0.35431428312748936,0.4833474820527575,0.33708471954883823,0.32259355756343994,0.0,0.2000869950519344,0.6156555373433672,0.8489302948252886,0.837522321223098,0.4141108755363602,0.35770535586530144,0.8363213910687349,0.5514668079665624,0.3148800720772235,0.9479617314830704,0.45963121297090975,0.0,0.0,0.49391217967188317,0.0,0.9515683661780835,0.31831178218826306,0.493700239283666,0.6165318631349626,1.0,0.0,1.0,0.9075054313954714,0.6965811522189604,0.4929804268782497,0.30431289041483645,0.5649585998100266,0.08179387632612864,0.36887900631809795,0.14776123120146092,0.14244401734452197,0.07291410206342262,0.42824392480683743,0.0,0.4494465855446873,1.0,0.12644954340417647,0.6979476929807829,0.3018832768033902,0.4960159329914634,0.18531798681332493,0.0,0.3361394921298186,0.6159186383901766,0.365420333910611,0.6104065475051738,1.0,0.3353103136008075,0.15441133790303177,0.22337542798261384,0.6819647590346077,0.5625269728042694,0.4219038225938484,0.3954488983456785,0.5386444456582267,0.8268663913761568,0.2544032634264773,0.9472158716031063,0.8015686919925382,0.7074799449907382,1.0,0.6675566053291434
51,dsp_map,anti_aligned,9,3.2441568144386714,3.2119857673222025,3.2441568144386714,3.2119857673222025,0.7921898931267082,-3.5962853625155597,1.1683593462221324,8.239779577590525,1,0,ok,,nan,nan,nan,nan,nan,nan,nan,nan,nan,nan,nan,nan,1.7131003847925945,1.5831005520702637,0,0.8301009867991459,0.6737182429693627,0.6104296210621426,0.32077780530437144,0.7155010064222506,0.4365635575410554,0.7464480632306434,0.2873752493759915,0.3480516699172167,0.7161826517106868,0.30733117444563846,1.0,0.0,0.42988341559394216,0.5802385674923393,0.7870722341692703,0.7440946776720525,1.0,0.16374561784555958,0.6075418296745003,0.3439881889812073,0.6952987452788806,0.18728026642231002,1.0,0.623424212084553,0.270302192571514,0.9086858223044163,0.7985570721738874,0.31762231745145003,0.32083163862219244,0.7336484232922625,0.035231572693488006,0.26040300523865334,0.3329520123595111,0.45180228958904756,0.3946175425777097,0.24732497266818745,0.0,0.2565486027041871,0.6238283711640396,0.8138339384434548,0.6870299335945954,0.4449782339287696,0.34775784691587375,0.8820145573842633,0.6029219317583798,0.273337601782639,0.8979869730037366,0.506736088616159,0.011616002800577905,0.0,0.4182078906501375,0.0,1.0,0.2887032397456092,0.5376551303629418,0.6759391949348641,1.0,0.0,1.0,0.8578303933217345,0.7295572439295209,0.5687022158786105,0.318821818764374,0.47541631650353094,0.0,0.3777405530021468,0.23102825036583663,0.19542631583959152,0.1168282098314939,0.3791956196880252,0.0,0.41696025605380554,1.0,0.12933525278235092,0.6652604074733272,0.3460469105460433,0.468091378227266,0.17712347710474663,0.0,0.3557231775869034,0.6735658671836249,0.277125715454574,0.611512970233199,1.0,0.23144693975883068,0.17341063621592134,0.3474224762703382,0.6954634603239422,0.5090544938493646,0.36322349383847,0.3745604065071141,0.5459837212171792,0.8741757950019963,0.2419856331975864,0.9048071197438242,0.8109288170672495,0.8282601403755198,0.7874522928390698,0.471823358203229
52,dsp_map,anti_aligned,9,3.232404864964643,3.0273307683540445,3.2441568144386714,3.2119857673222025,0.7921898931267082,-3.581877298578232,0.9933919138275087,7.338249035179615,1,0,ok,,nan,nan,nan,nan,nan,nan,nan,nan,nan,nan,nan,nan,1.7425437776704036,1.5818418521494801,0,0.8278969117261828,0.663939117201769,0.5319691036018849,0.2857065983509216,0.7219739205712398,0.4372597847063977,0.7301567735693911,0.2817668207923402,0.4036886013571393,0.7196697842636909,0.31043194670747787,1.0,0.0,0.44305027856475626,0.533374861641549,0.7575823048836483,0.7130074457217075,1.0,0.2152155017904923,0.6483791273013167,0.3518572429984601,0.7273727017909897,0.09243677261788932,1.0,0.5600345600452653,0.2451467565786048,0.8862582728087289,0.7791276788808817,0.22176717810886362,0.2858925899510291,0.7330595091268687,0.024247171879159573,0.2154260657405389,0.3298322587590381,0.43527318742783183,0.38875906498687446,0.23672687636495057,0.0,0.27497183378157314,0.6728522766281172,0.8355566080484459,0.7412703262538334,0.49140298941268395,0.3563906427333028,0.851411881879781,0.5860343740581181,0.35870881826190965,0.9749514799874304,0.5024496600017773,0.0,0.0,0.3933434196449877,0.0,0.9748678812263246,0.32774679465588985,0.5719914925511166,0.6718939493359529,1.0,0.24881236349527575,0.9175798686867032,0.8712634549990633,0.7168484631506422,0.5176098933124809,0.35764231330904445,0.5126462185490676,0.0,0.41343835850838534,0.18353166290623232,0.1610260606122194,0.11759603011249664,0.32920365718696665,0.0,0.4125167753955615,1.0,0.12299402091964992,0.6439520207250645,0.23484967987727146,0.5466807252772702,0.2470170207512147,0.0,0.33491762732097946,0.5849055687005245,0.26236611672752086,0.6223628608086779,1.0,0.3055295513825962,0.16297024794834572,0.27439178176542506,0.7091440254258259,0.5161810744967142,0.3493327006870121,0.32099218483238856,0.547593826872602,0.8536495845535949,0.19363156567610557,0.9200584422258067,0.8192796496269666,0.7598929781081487,0.847848868161586,0.9593633069205548
53,dsp_map,anti_aligned,9,3.1396820985632576,3.159390699604712,3.2441568144386714,3.2119857673222025,0.7921898931267082,-3.5113614129638457,2.668788750655949,6.820414113812149,1,0,ok,,nan,nan,nan,nan,nan,nan,nan,nan,nan,nan,nan,nan,1.7706543642231252,1.5799058650092066,0,0.8467739182797471,0.6925313385710679,0.6466911108200015,0.29555129058268725,0.6940949774293024,0.45020559907560953,0.7397563060972148,0.26152067131334883,0.3877952078664001,0.7331093794893122,0.3407578609283062,1.0,0.0,0.5132266185624871,0.6119808486586122,0.7639737908033631,0.7066294914509451,1.0,0.17810361145808923,0.6170620658307389,0.30448502488444895,0.7443936399090757,0.20146950099849037,1.0,0.6192938376165816,0.2251628383089046,1.0,0.779704562851772,0.28686278260016307,0.2834546951436257,0.7297731621807304,0.027140300060336093,0.14970494315460073,0.3619583041828713,0.5431835162145937,0.4243922816804175,0.2666961267381708,0.0,0.24684797447073367,0.648926247861858,0.7946705704647674,0.6502000505615729,0.4518263564209135,0.3375736002726574,0.8728534193968983,0.6148579486293507,0.3030134103547164,0.9768787196219719,0.5112165102816595,0.11671065786863218,0.0,0.4062459056429804,0.0,1.0,0.27045122130019644,0.5874298535953834,0.6768780191014117,0.9787179478798311,0.05474693713287806,0.9210898931684064,0.8918022126494135,0.7250022787572953,0.5206678307974848,0.3020441367126183,0.5186367024714897,0.0,0.3518576183124194,0.15372482294072332,0.1836643396528034,0.049497609380054715,0.3301189380954164,0.05598203518387823,0.4367728547771106,1.0,0.12493877495006853,0.6906022039517454,0.36806661222044473,0.5033834494797703,0.15076952104318794,0.16376408116307292,0.3051614798261612,0.6895684199641611,0.38672520438502433,0.6147590950948884,1.0,0.2624361472463674,0.1766794165578922,0.33040709385302164,0.6982699114938847,0.5893868129458623,0.412307735672234,0.4442527235755237,0.5185321804123624,0.8594698746995529,0.1495331026720615,0.9307473508956174,0.7988175342371765,0.761981736134452,1.0,0.8812088283169373
54,dsp_map,anti_aligned,9,3.05149678058899,3.1925135558771998,3.2441568144386714,3.2119857673222025,0.7921898931267082,-1.8837909379206197,16.378166375216097,8.865739034023136,1,0,ok,,nan,nan,nan,nan,nan,nan,nan,nan,nan,nan,nan,nan,1.7960067296738684,1.5760532256672704,0,0.8241117616428232,0.5924804637701826,0.6345398460736111,0.2555863697593519,0.8303010908093648,0.21995450390440652,0.8196458690080616,0.14044074254055444,0.3584944042835557,0.7030526340654613,0.4147048742239898,1.0,0.02425879352402919,0.4310669824309725,0.47944047992535804,0.6304302197911958,0.7947360097947526,1.0,0.4024512973146171,0.5958532245651167,0.09795842756858511,0.8106580339426036,0.0,0.9953437206018146,0.6490649073767633,0.25741878743384966,0.7393875450357095,0.8092108152450986,0.28669578956846536,0.36951622540128765,0.6952106796676173,0.02052359230374897,0.18816921250304902,0.44525477663790897,0.47013157977848774,0.32453802243918123,0.2953753092045438,0.0,0.3204155518909074,0.7077458341305957,0.9067180771331907,0.5997579285226555,0.4674985806241511,0.26389100014233846,0.7792128987635029,0.733308364042957,0.39307657324588896,0.9492218119534914,0.585666140715851,0.0011054185647004242,0.0,0.4547414199798522,0.0,0.9960187831670213,0.42471171348637826,0.5291964430387984,0.6498844193062925,1.0,0.1656031770532112,1.0,0.8154075691835301,0.7036050794055027,0.3477710586311632,0.26929901758277297,0.4840460826445643,0.0029458564393994137,0.3791170682394344,0.18763979023921373,0.0,0.091611471677234,0.2491512172075549,0.0,0.4684585970600802,0.99897235714436,0.1376956185152307,0.6961036253122348,0.32637329807798054,0.506405133724112,0.24036577000355083,0.0,0.3732632475124366,0.674736667965632,0.0,0.7922727188169283,0.8827873057918854,0.31220910690902853,0.10786708438671726,0.18274128665982856,0.6748015029160511,0.29765414665858136,0.3338403236064095,0.3934544239150673,0.38236210109185076,0.8231650712853827,0.29799043898660976,0.940018345831287,0.8309139528757398,0.716295770907606,0.5067958336480431,0.9102358212631892
55,dsp_map,anti_aligned,9,1.9871706379498952,1.9482232083682045,3.2441568144386714,3.2119857673222025,0.7921898931267082,-2.2637485280880827,7.242343503050506,8.898305871058255,1,0,ok,,nan,nan,nan,nan,nan,nan,nan,nan,nan,nan,nan,nan,1.8188338215086888,1.5706429469176113,0,0.7863010239555275,0.9129334980340719,1.0,0.09769240752917951,0.695375027724476,0.42587125222430866,1.0,0.2634452060354195,0.37919629182117653,0.8346890134664584,0.0,1.0,0.0,0.5050078338033588,0.6471504190828533,0.4422809969395672,0.9573022676595606,1.0,0.0,0.7738715041853463,0.33253799868624007,0.7566989007725108,0.0,0.5999136015764825,0.5602452212216855,0.25289771146623286,0.5534270162675111,0.7766970106509788,0.2396122351058126,0.32202995044592403,0.9254646972003044,0.058815765077452856,0.36392993554647085,0.13623684384177964,0.49108577000038206,0.35176561738611745,0.3075577010822443,0.0,0.0,0.0690241452566444,0.968415288151519,0.968160744959718,0.45056562318789045,0.32118612970883015,0.8871014844878203,0.6638024528722141,0.18067952149330566,0.9408541325521927,0.4181531549138291,0.0,0.0,0.4896942552499709,0.0,0.9969693838099214,0.0,0.4753541867123225,0.6151312007506448,1.0,0.004433431948590611,1.0,1.0,0.6962553462055753,0.2512679317180539,0.5166354423196755,0.14224525425689624,0.0,0.37668462439008515,0.15592883925973017,0.1275835937115784,0.0,0.5440217185538024,0.0,0.2732281279517355,0.9991345138169851,0.0,0.6972135963979785,0.2964403388327447,0.5000181620986931,0.20534062334082426,0.0,0.33349475290496305,0.6096028753378394,0.4681351558742861,0.6998502370160933,0.9530725705363301,0.3340633604406843,0.15867870089647268,0.22331679205164395,0.6095057828248447,0.16915695824584479,0.56848179731845,0.2210879745815964,0.47777740340736896,0.8739061242337739,0.13914104962631244,0.9655046836493674,0.932457535437722,0.7011085968301182,0.530805862033017,0.7054316681172428
56,dsp_map,anti_aligned,9,3.218324183916032,3.1640478298069965,3.2441568144386714,3.2119857673222025,0.7921898931267082,-3.3979826057563116,1.9233427816070616,6.44060432119295,1,0,ok,,nan,nan,nan,nan,nan,nan,nan,nan,nan,nan,nan,nan,1.821839836087996,1.556715813416279,0,0.8572604650748508,0.5698184928778639,0.5446101094333456,0.37331499636295656,0.750244200086473,0.3741160037158844,0.6734318430116087,0.2616469436587916,0.26072564793968117,0.7112175209281983,0.3188308451048875,1.0,0.017483835373926587,0.4684867448046838,0.4811772091369598,0.7742524693504154,0.7334101545287137,1.0,0.26448558493324403,0.5653282600084581,0.3330099829524083,0.6995785433166668,0.0703660227171733,0.9840922008780477,0.642159496612689,0.3593761954159602,0.8761932009939176,0.8253465133278225,0.23439589866485672,0.36718000933424166,0.6599079314763502,0.025701856600163844,0.32868487288506215,0.42238907034597417,0.4040159061067027,0.3573342682870849,0.27811421976425715,0.0,0.30166069370914705,0.6974013031999307,0.7796006263222657,0.7022792939858886,0.4594601564606486,0.3698187365662987,0.8390887921655962,0.5439691119381204,0.2962361583594822,0.868071942527884,0.5023206285447203,0.0,0.0,0.4217719691633609,0.0,0.9465189583106035,0.3152625394248126,0.5018595637374548,0.6036550285908476,1.0,0.2513771137608117,1.0,0.8052786914432151,0.721892744526255,0.6322643404168953,0.29817730230257333,0.5452704410936927,0.0,0.4208467620308446,0.264661757951967,0.18650330633569115,0.17306656238005214,0.3991952577180977,0.0,0.4409586614850306,1.0,0.124103054783289,0.6535264998980975,0.34064652562418235,0.4670083364220965,0.25510669930277874,0.005688034061285683,0.36986921486089197,0.6547689082663767,0.14063702116371296,0.650678293482669,1.0,0.258131151627353,0.12012907918316444,0.2683494382183848,0.6760239313581449,0.5312067409033527,0.37949037084179804,0.37911416433552453,0.5864499165735765,0.8559243581756858,0.3529937442312634,0.925228296754066,0.8044513104068899,0.7468645194971415,0.908048957335145,0.5062957637428972
57,dsp_map,anti_aligned,9,3.15561616824744,2.9675045212982023,3.2441568144386714,3.2119857673222025,0.7921898931267082,-3.674893624734359,2.023554264102131,9.102938228752464,1,0,ok,,nan,nan,nan,nan,nan,nan,nan,nan,nan,nan,nan,nan,1.8463395614884879,1.5538539861189857,0,0.8291590252631065,0.6329262390780052,0.5637020479237862,0.3657334540953968,0.7521877713272275,0.41491685379575177,0.6919195545883046,0.2693302357597378,0.4083458259109909,0.6960705728023265,0.34897752736587323,1.0,0.0,0.46625061477218604,0.4912682622623484,0.7336458153552515,0.7450686045597542,1.0,0.27523035644678173,0.6602559956807049,0.3338953643388974,0.7249940625622342,0.1675012749596197,0.9316886426182426,0.6223946029226912,0.2951873143896083,1.0,0.8453400941690177,0.190388486212967,0.24228042995430185,0.6643082835916024,0.03214225475916089,0.3172065588516129,0.37438878763727257,0.4494544284846081,0.3500323900155344,0.2664637968285799,0.014422358492376287,0.2894219698605023,0.6292312451007956,0.8234019841693547,0.6651866127923594,0.5057680027379197,0.4104217490463777,0.8132903046932,0.5603104650356031,0.2869632416321144,0.9163155950856925,0.4517524065794205,0.0,0.0,0.46294825595562056,0.0,0.9525121569761216,0.3055133696497431,0.5485280948376572,0.6091008798302886,1.0,0.0,1.0,0.7927885156343725,0.7378529954115676,0.5105687375019732,0.3655802230666204,0.4582792514660481,0.0,0.3765085138720103,0.268445358035585,0.19243048853710554,0.18537217164362177,0.41924170758843504,0.0,0.48181045734769035,1.0,0.12834270402179795,0.681789477309425,0.2463755949877799,0.48314541950207035,0.25037646041396694,0.0,0.3273445502435829,0.5621227045252494,0.27562520985890826,0.5877744154974116,1.0,0.27871492780555196,0.09364932732085732,0.2800418183850626,0.6582464114753621,0.5106231070008611,0.38761203502966307,0.37847675845120066,0.6258753876146925,0.8282323004962311,0.22390625546917073,0.8927901602404034,0.801741881157301,0.7811963954468835,0.399745647538684,0.6565321851203597
58,dsp_map,anti_aligned,9,2.791589621351707,2.7764757993530034,3.2441568144386714,3.2119857673222025,0.7921898931267082,-3.581432472050742,2.012351136188954,6.497941100969911,1,0,ok,,nan,nan,nan,nan,nan,nan,nan,nan,nan,nan,nan,nan,1.8689132960877801,1.5497997420718492,0,0.8165166948419488,0.6170640684367278,0.5877359429861908,0.3169572814671912,0.702056720361517,0.4234533040056855,0.7423764732702246,0.2671149293496374,0.3574579604011507,0.7250918877327591,0.312098448841067,1.0,0.05017361825655084,0.3547145452973438,0.5438180219543884,0.7484963141392184,0.728998648009892,1.0,0.2957517757010783,0.5801195856635912,0.3967922801182977,0.7141196465699742,0.09473032489239712,0.8829430409048701,0.614734294007953,0.2883265877568301,0.9044469598260564,0.7592927639543477,0.3742644277127083,0.39760487784201665,0.7190772040653363,0.03383724691584233,0.30622390735551774,0.3671308501832637,0.3881903466651133,0.3338249552036294,0.3089189160273654,0.0,0.30306005083480825,0.6552873656281226,0.8147499409344965,0.8860003063613553,0.34256182921887157,0.3421958278975191,0.8764156776513343,0.6188271857743666,0.35291325664421747,0.8685694686793013,0.5314093321998277,0.0,0.0,0.41786151802201354,0.0,0.9645438400997564,0.39482145665939367,0.5580202084979706,0.6259654494113631,1.0,0.038493071515548656,1.0,0.9380372608387146,0.7255210980915151,0.5251177271463784,0.4035899748862243,0.5292040956071379,0.0,0.4338179746246562,0.21067823070561473,0.09702630470970337,0.15105722507695882,0.3551843779941353,0.0,0.39952288604830233,1.0,0.12333538763404375,0.5823679594589645,0.31564500224123465,0.45646812804603,0.15437601873642243,0.07016516850189608,0.4166880973431664,0.6611186409147896,0.18963256541862444,0.6645739447543718,1.0,0.3255950374973694,0.2306073493970407,0.20656808493775908,0.6928676332827818,0.4158370884428505,0.29746025872809534,0.34788432407158815,0.4867909488830925,0.7971207856285105,0.39988449124800607,0.8792966943084207,0.8057351759835093,0.7447530929279526,1.0,0.6329657402545653
59,dsp_map,anti_aligned,9,3.0536952343167156,3.1159446943292965,3.2441568144386714,3.2119857673222025,0.7921898931267082,-2.0802470466292347,2.621514272876084,4.430373142007738,1,0,ok,,nan,nan,nan,nan,nan,nan,nan,nan,nan,nan,nan,nan,1.8845518778719144,1.541218416326071,0,0.80437140885388,0.7078563416272241,0.5115591864466759,0.29726321323260696,0.7548613764779396,0.44221714627693154,0.730153864102074,0.28268212788036035,0.47681138214332386,0.747607776069038,0.27433454250771655,0.8672486012099494,0.0,0.43477674614757916,0.44966993228508195,0.6950807473127378,0.7809496823586853,1.0,0.1348157890779935,0.6355298234423615,0.2726239747749218,0.7462665095826599,0.045645308562959064,1.0,0.5718323721512915,0.21712233097931186,0.7954552552824286,0.8650100573583442,0.0656850320866195,0.25547497822428616,0.749917040896595,0.02969715795955157,0.27115504269333296,0.2830568787668234,0.3921490350813048,0.36416469422442493,0.12442107297447985,0.0,0.23452877216367232,0.5546443020789061,0.8169797597135342,0.6381820133929699,0.537135576145906,0.3962338763464389,0.8491211175378999,0.5404533062327347,0.3077666334956028,1.0,0.44115303036678594,0.0,0.0,0.4491135670563789,0.0,1.0,0.24700300347650384,0.5114752974330925,0.6856165209922457,1.0,0.32050353438261087,0.9022218644589639,0.7712963749578763,0.7034714899569902,0.565641824916227,0.25300662822948883,0.48262214036346984,0.0,0.4068541833483468,0.25436035976067073,0.19809742039278436,0.11247388915720313,0.4075334353602835,0.0,0.44916999462769386,1.0,0.13877588643402244,0.7496211481299953,0.197806382573438,0.5950959236111455,0.3285313248396312,0.0,0.365986788696615,0.533169122909568,0.1846009389368103,0.5934122203578787,1.0,0.23681326591548424,0.03463578464324098,0.2634594726413815,0.6216776625202032,0.49802092096457234,0.41188714926597997,0.23447069414027613,0.6383500747693545,0.9689881609639972,0.14122575970882098,0.9383643858039777,0.8034191776883404,0.788048310915597,0.6539236792028781,0.8923155344862861
60,dsp_map,anti_aligned,9,2.9521108813123744,2.812816239275542,3.2441568144386714,3.2119857673222025,0.7921898931267082,-2.8248189945224964,2.284162099007517,4.281675730831921,1,0,ok,,nan,nan,nan,nan,nan,nan,nan,nan,nan,nan,nan,nan,1.9040376004793278,1.5356324038612608,0,0.8065553854665742,0.6495050584613693,0.5116810806312662,0.3908327027295209,0.7805796934945334,0.39062687966633514,0.7700770001916322,0.2462643176148292,0.2642733241617636,0.6627800989329035,0.347407419014435,1.0,0.0,0.486916839484884,0.4824670651614557,0.8162093261693818,0.7370544826090278,1.0,0.14722386488923736,0.5043366109233203,0.1548664181154538,0.702844216224868,0.17016335752702968,1.0,0.7697391232973833,0.24580032442539132,1.0,0.8282847991376938,0.09085855093590463,0.3701288614558159,0.7247777013478509,0.025023671286179865,0.1907676266144525,0.3839399012778179,0.5025053823496375,0.3711722844756349,0.33361128760230546,0.0,0.24067224285888997,0.7740344108747953,0.8458188451236783,0.5412951094139565,0.5239560059417424,0.39368319359607046,0.7882161199677381,0.6097461522134672,0.3529151111488845,0.888504970205487,0.461901368686278,0.09899635349739687,0.0,0.5346339700276935,0.025596518763523115,0.9939143852477569,0.3993827608385376,0.4700448684607072,0.6182251142505728,0.9772776284957788,0.08859257765984123,1.0,0.7604208818153889,0.7379167085401404,0.5655171760372982,0.1217557957957225,0.5527207294581223,0.017746783331180554,0.3564527321892281,0.1655172739821341,0.16765031865020907,0.04515739037039141,0.37327129590040836,0.0,0.43403970457431135,1.0,0.13201313018887523,0.7281207468493083,0.3075003445242838,0.42978181726396475,0.3142198761437467,0.0,0.281766700449192,0.5966541453584839,0.3209470665003292,0.6567104841720983,1.0,0.20603893674578785,0.12011802067360987,0.30838202843348766,0.6999693328063101,0.5682208492874251,0.3673448977660987,0.4586229775177558,0.4890806883425852,0.7648753110057674,0.23392654082096825,0.9638862517279821,0.7902185667416944,0.7846355247114765,0.8529879959294875,0.7988645841995792
61,dsp_map,anti_aligned,9,3.221341448518705,3.1992403940941636,3.2441568144386714,3.2119857673222025,0.7921898931267082,-3.2206750792208494,1.5430388846434653,5.162138110026717,1,0,ok,,nan,nan,nan,nan,nan,nan,nan,nan,nan,nan,nan,nan,1.9212191296733123,1.5287971425523337,0,0.775280918914383,0.6317451934114058,0.567158310842303,0.33142812288474205,0.7184365578041126,0.44842318806534737,0.7103548766793614,0.3081938650217233,0.327882010611127,0.6862862232312126,0.31206500519118396,1.0,0.0,0.5076497346475612,0.4949982548658765,0.7448601009519383,0.7073891406902504,1.0,0.2327446718086362,0.5965724080721294,0.30685521035758645,0.742387540085458,0.1400082379885907,1.0,0.6238864262825696,0.3210646591497748,1.0,0.8273635017456278,0.2608224269389963,0.36190251757481035,0.6956332779987079,0.04074886315820301,0.2813301022037912,0.376927084621632,0.48294135875593186,0.3954272328623571,0.28200944507243536,0.0,0.27202026940243734,0.627072771142622,0.7935883212283176,0.6476371262058995,0.4342977200295909,0.3957256782712015,0.7978345849491737,0.5468078467864355,0.36190227466935715,0.9346497600302596,0.48246970150507423,0.0,0.0,0.44830692041795955,0.0,0.8947675596019999,0.31872125389513273,0.5575033430401859,0.6235191613699028,1.0,0.09820770024003829,1.0,0.8385916801345689,0.7103391438526253,0.5147408015540935,0.2691811353207463,0.5228938755202431,0.0047015534943685225,0.4247649959651596,0.2445981878540435,0.16005109050122415,0.10362211966072996,0.38714574454390593,0.0,0.4091290649124202,1.0,0.13641352722884822,0.6846089291359481,0.26311707920712774,0.48410810726511344,0.24378032280836812,0.0,0.32898026460881735,0.5653211039317783,0.2925043563837318,0.6124033284097662,1.0,0.27076595765376155,0.14790956950577386,0.20882981303515727,0.6533638540775581,0.5060819141623032,0.4064380864849699,0.39277271335696856,0.5315013143698355,0.826639004487561,0.28310099765646,0.8852779486165108,0.8030300520338886,0.7367556973431907,0.6847660444733287,1.0
62,dsp_map,anti_aligned,9,3.262387269656787,3.200949864840501,3.262387269656787,3.2119857673222025,0.7921898931267082,-3.2293054845521305,0.8935345667414367,5.5773421581834555,1,0,ok,,nan,nan,nan,nan,nan,nan,nan,nan,nan,nan,nan,nan,1.9421888444933992,1.5252367227023582,0,0.8008855382462587,0.6354000172323525,0.5745615476753803,0.32471876262728344,0.7661037062684796,0.40855926111387286,0.7329365077559442,0.3019600465977032,0.39171309265274423,0.6616243023624901,0.38656023763763214,1.0,0.0,0.4831343364562039,0.47964627205000865,0.746738646897321,0.7741556002565178,1.0,0.23583455639002682,0.607451481357283,0.2768037971545893,0.7240562613587097,0.21457981640697835,1.0,0.6447860675580637,0.31455428843946565,1.0,0.7975601182768378,0.23410611087578936,0.2874481292651233,0.6646947462130715,0.03550940831794651,0.2548995750776628,0.38072226277323057,0.4910995981855494,0.38996257990209093,0.2469799390400066,0.0,0.2862915012372042,0.6126376695968274,0.8224876567930451,0.7380086792623791,0.48300112461983524,0.37319416174665926,0.7782545436015729,0.5712755613269189,0.34435333746869873,0.8231658197233916,0.4560055178677606,0.07475696672186428,0.0,0.46356552785080557,0.0,1.0,0.30385025510765284,0.5255816731219191,0.6601844537694704,0.8360133626480901,0.22714698880307693,1.0,0.8099832360782478,0.7397879143950826,0.47713053358267205,0.27593925035359435,0.5067502529788424,0.027612617382862012,0.36475113185770713,0.2470783521864778,0.1642728883193498,0.11941608003690242,0.35877899987850564,0.0,0.4479311710477454,1.0,0.13407843231727434,0.6738348094875143,0.2566324994127857,0.4899650431324586,0.2549476800187086,0.0,0.3184486779304267,0.5314553997032269,0.26553368198828375,0.6081636898339507,0.975160758518972,0.22502777450907843,0.14287709014305,0.2733826721513846,0.6457087396580895,0.49978935831755605,0.3881021172534,0.36521970784419794,0.5198767580271735,0.8926201679328643,0.2685432776416342,0.8988430442256619,0.8064848943657293,0.7732607170799239,0.9865805338272632,0.7650637948257024
63,dsp_map,anti_aligned,9,3.177874452605612,3.1843624315212415,3.262387269656787,3.2119857673222025,0.7921898931267082,-3.7951803077572355,1.9622503179125488,8.923711876850575,1,0,ok,,nan,nan,nan,nan,nan,nan,nan,nan,nan,nan,nan,nan,1.963144375051548,1.522053626074398,0,0.8393063896058294,0.6793003608831447,0.6275176212774474,0.35251205556119974,0.7778706217886071,0.41965307123524803,0.7192847113703387,0.2808337502328327,0.3543681345945933,0.7239483936024522,0.3771719442975999,1.0,0.0,0.47026829303922724,0.534295276798491,0.7333879307616427,0.7399152119206135,1.0,0.2284315079380114,0.57454724160523,0.26030140810715957,0.7991249666565474,0.1815008352379371,0.783568971549669,0.6896915942456624,0.3167617460070952,1.0,0.7590311159454805,0.22674261790351244,0.2884202554078154,0.7162291689199471,0.032315500513822426,0.22736284407523685,0.36081562244091847,0.5374462426274433,0.3738897539759493,0.2736892771648395,0.0,0.2406486240580332,0.6262035793818798,0.8293391412460432,0.706955969207486,0.4483276443170042,0.39337920309978386,0.8739266552677246,0.6299934878439717,0.2733120812513224,0.5637131693665921,0.5187711850228764,0.3308728471254222,0.0,0.5043511235852597,0.0,1.0,0.2927546399780227,0.5829176865160552,0.6235717777620985,1.0,0.46018679195028217,1.0,0.8314133366393474,0.7556009262943773,0.544581477839947,0.28388890373285847,0.5465110599651246,0.0,0.3788401212560976,0.203345840449898,0.19005974847055535,0.10116546001781514,0.3850337583300898,0.0,0.40633205299268615,1.0,0.1328020134921383,0.6867143215408743,0.30240438134855047,0.4780184305683768,0.25534331188896736,0.0,0.3472957619570429,0.6104399428842974,0.2793212644358418,0.6563244379732232,1.0,0.2618478715321687,0.18079185060958347,0.32716130138659894,0.6783622523729773,0.5504005269389152,0.3927111358104264,0.41542267755378176,0.5349540729210561,0.9379227547944604,0.24782044063083955,0.9215471209639222,0.8021139797305962,0.7680918831388999,0.5654905929370991,0.8888556410419249
64,dsp_map,anti_aligned,9,3.0910515573300885,3.167395261943914,3.262387269656787,3.2119857673222025,0.7921898931267082,-3.7074021301073428,2.0181553312577307,9.35265025915578,1,0,ok,,nan,nan,nan,nan,nan,nan,nan,nan,nan,nan,nan,nan,1.9821245325133305,1.5176116595754627,0,0.8200290114355878,0.6219863011415007,0.5858403390596066,0.32962896997015567,0.6732843817990378,0.3506448914958727,0.7002108408309828,0.22434180320277522,0.41863719280820644,0.6302369943556578,0.3131416653085576,1.0,0.0,0.49430051665287594,0.5124721718350622,0.7201588836311434,0.7506486630538711,1.0,0.24990663645221542,0.6285970505679016,0.3235181385988173,0.5691791297113696,0.1805614170068563,1.0,0.6777373869533968,0.25365155788396626,1.0,0.7999365494566928,0.26460823082297474,0.2694333139790904,0.6594192489923455,0.02663491357567102,0.2628059029184151,0.40563526509481596,0.43245180727132226,0.444497752362292,0.3434454689168444,0.0,0.26122563038914953,0.5788350782248215,0.8051368465267643,0.7740453071428133,0.5104298192361604,0.34831531941769917,0.7119490137274336,0.5180628695279307,0.2893635261749186,1.0,0.44924839370969954,0.0,0.0,0.44171462281044566,0.0,1.0,0.32157665035948546,0.4502504143085564,0.6757300577157337,1.0,0.4153190068727677,1.0,0.8252635381821394,0.6990775836529195,0.43711422872108946,0.27790139393797103,0.4719327085338628,0.0,0.37273001204588535,0.24360643370742188,0.12009984332416301,0.1372401389051999,0.40674550721244296,0.0,0.49619867000562723,1.0,0.13094155293772283,0.6447004782466437,0.35076365841354734,0.43267082151599184,0.1604247453281162,0.0,0.30610446694218135,0.6098742757711717,0.25695046063112553,0.5612472853989133,1.0,0.21362622857059102,0.11444114851003975,0.20902117017923194,0.6725054678083497,0.46536736272279905,0.4007958571124244,0.3964906434803861,0.5396366435428175,0.7546508885661634,0.194079494484491,0.9018894955763292,0.801903627214308,0.7637897895533748,0.8048847527730296,0.6188978632860114
65,dsp_map,anti_aligned,9,3.2871561284563127,3.1938108327040684,3.2871561284563127,3.2119857673222025,0.7921898931267082,-3.4483225404041264,1.8136415830813348,5.71410585520789,1,0,ok,,nan,nan,nan,nan,nan,nan,nan,nan,nan,nan,nan,nan,1.999184948279742,1.512064762268682,0,0.8148975153880386,0.6229999942977505,0.5599995918978784,0.34327210284600734,0.8558155467351136,0.4611295658051404,0.7527711211287036,0.34226114607635977,0.2967398579748963,0.743027305409219,0.49116995197639046,1.0,0.0,0.48992574772089875,0.4548506377416798,0.7950960667897348,0.7616985774883595,1.0,0.18460018791686866,0.5757288794607086,0.2951182312085406,0.8839843325438176,0.24372846307842783,1.0,0.6371013308484641,0.38765996340521874,0.8379012220867043,0.7933875624891574,0.18355619099460607,0.35311861199655076,0.6545911990801963,0.03608610870955217,0.30457978560109167,0.3978594183997563,0.5590895986885785,0.34809463791772816,0.2161599593089821,0.0,0.3572000463090418,0.6708344841933744,0.8208977452957166,0.5658255979431049,0.4328707733098615,0.387043103034755,0.8597951323903804,0.6078411478506075,0.3595498372751009,1.0,0.47326676965103537,0.0,0.0,0.49804721434387744,0.0,1.0,0.26139482666343045,0.5878676354904787,0.5944487834289353,0.9826616263847205,0.0,1.0,0.8351866628575618,0.7640845653592738,0.5612257980675212,0.28480527826690655,0.5188977797417911,0.0,0.33516697108820953,0.19453570558055522,0.22907092955425123,0.07655776504248347,0.32832114151303626,0.0,0.43151127793410493,1.0,0.13455751092794843,0.6873562561194058,0.2766837993892949,0.5206921362855561,0.29926010652650487,0.0,0.33421736372929023,0.5528820086463466,0.33597084984294806,0.6406228806157684,1.0,0.30122882727861416,0.2060808142405889,0.3340322959315083,0.6176678601535472,0.5538657325783982,0.40678177429945156,0.37022097303173584,0.5416977083626192,0.9096186896826672,0.30213814313852994,0.8743664109291086,0.8014637952029076,0.7010526744664688,1.0,0.805728166338113
66,dsp_map,anti_aligned,9,3.151472576972719,3.1894519861190194,3.2871561284563127,3.2119857673222025,0.7921898931267082,-3.578215954268154,1.16507817665115,8.203717549331486,1,0,ok,,nan,nan,nan,nan,nan,nan,nan,nan,nan,nan,nan,nan,2.018699663130902,1.5087915358687187,0,0.7427865427332366,0.6409193131760376,0.5382375074638873,0.35969352546784283,0.8301067715978603,0.4710213847989593,0.6701109085380248,0.27499451807383146,0.3314451543033586,0.7502967595190053,0.33606921447369204,1.0,0.0,0.49048391829102184,0.548695465427236,0.7575291794930276,0.6921702146799841,1.0,0.22505308210344732,0.5859363967686194,0.2863758367696052,0.8657022366488922,0.1416919929782036,1.0,0.6494877446178722,0.2875285535890395,0.9421537100664881,0.8342458194818695,0.20128647240569048,0.3065403224690607,0.7097770272434655,0.030755354280023572,0.23454568386882893,0.37515997783666444,0.5122756142843634,0.3232583910554118,0.2028896100083181,0.0,0.29300438501677767,0.6745808403269654,0.7669816108329787,0.543557324341322,0.4223925521947034,0.40778964981283355,0.8916628157284435,0.5974899267269174,0.37651674635652455,1.0,0.5404241942783136,0.0,0.0,0.5047386519044307,0.0,1.0,0.3160788948986883,0.5941519074401982,0.6190007992812131,0.6991001285537227,0.0,1.0,0.8469410238753068,0.7112478121628626,0.6071988013176525,0.2799806410297521,0.5395947578247249,0.05208522227993137,0.395856458764341,0.21726353245955635,0.19325292000548938,0.12561778483961022,0.3623361983556574,0.0,0.3768033404708979,1.0,0.13048349411009064,0.6956801945427903,0.21242957999772266,0.5455192246688222,0.3386096115136486,0.0,0.36895190142897194,0.5233898769604581,0.27553754047838314,0.6154919650396982,0.7381712910601174,0.3312213633360865,0.15656822159360437,0.31273965700746065,0.6066627488048393,0.5521317764437754,0.39236876168258655,0.42145021553350726,0.5429213241895658,0.8961446299377429,0.2646974045827052,0.8705082600316143,0.8063407651520677,0.7376436691139397,1.0,0.6504023254285072
67,dsp_map,anti_aligned,9,3.1319503042974195,3.1831402425723057,3.2871561284563127,3.2119857673222025,0.7921898931267082,-3.6519367606134674,2.8474505683407187,6.70446661580354,1,0,ok,,nan,nan,nan,nan,nan,nan,nan,nan,nan,nan,nan,nan,2.0356067215464515,1.503775586282778,0,0.901845594007783,0.5972663940805553,0.5839882073368526,0.31638571197520315,0.827391897865605,0.42512627527194147,0.8956593947756946,0.3990169004390536,0.3640118350207094,0.7150302897850348,0.47276509191638505,1.0,0.0,0.4371444959867347,0.3885882845238433,0.8136699727849827,0.8061243624935157,1.0,0.14417584767447592,0.5537270513002744,0.2445134233245697,0.7719117048211191,0.17867695465253927,1.0,0.5974076125585034,0.3879909758022026,0.8711221655971659,0.7562948848038984,0.19108330818761757,0.40154469998488634,0.6208136345931231,0.034102275687992144,0.3392765947664751,0.4301719990568907,0.4735322213452514,0.4092258203916948,0.21111665623258788,0.0,0.3811235894254354,0.6735711370237528,0.7984338139043443,0.8032369920334749,0.46511631836896494,0.3566253705661396,0.8054097559097682,0.6173457131629897,0.33937894384464096,0.778230837557044,0.3773241960553869,0.0,0.0,0.42098915233139683,0.0,0.8794588461098392,0.2451979683078095,0.5403622308823351,0.6054776385848268,1.0,0.0,0.9044417400679909,0.835811100238606,0.7959216975760459,0.5290509992597968,0.2788585540037739,0.5164096680297425,0.0,0.3188216606884797,0.1814585088235792,0.19107002714266408,0.015908074987504642,0.2801238374316933,0.0,0.540603486719197,1.0,0.13599317940010863,0.6436569150777849,0.3356675296704363,0.5280162163869779,0.2480698898546309,0.0,0.3356070520496157,0.6206580195950903,0.3816762772091665,0.7092568994806863,1.0,0.19790195557355364,0.19603570235454315,0.27018046360336345,0.6677890353696467,0.5543218223413294,0.3881933995310786,0.3226839713297424,0.5354609866965226,0.9334465501241638,0.30893767820381507,0.9596157199211834,0.7999773207582238,0.6619519500701597,0.9294302737490193,1.0
68,dsp_map,anti_aligned,9,3.1443432881602207,3.186792133175566,3.2871561284563127,3.2119857673222025,0.7921898931267082,-3.7622921963960216,1.4212542101740837,8.666283868718892,1,0,ok,,nan,nan,nan,nan,nan,nan,nan,nan,nan,nan,nan,nan,2.051729421292789,1.4984999419239975,0,0.7674334221399806,0.6865587313451876,0.6424065711285359,0.3494310923726078,0.7860715717379356,0.42638156158190305,0.6224052470139599,0.29317862208413425,0.311351537737377,0.6746431269870512,0.4449880130632241,1.0,0.0,0.5215830897185875,0.47452019512604476,0.7337861383076488,0.8296496951837252,1.0,0.28677602523270246,0.5508717501070166,0.3224768622144029,0.8401881169743344,0.2651452820548132,1.0,0.6692776265962229,0.3040464862296022,0.8889433011441317,0.7502961132604125,0.13860716532963435,0.25239658789887787,0.7479940394349366,0.035809589978150556,0.21703938148631827,0.29804677210721264,0.5465603972874893,0.37485744024132417,0.27283625223447877,0.0,0.19410433592648238,0.6227267240358623,0.8328353930205094,0.47327685565565575,0.47283956024983537,0.4064130407364412,0.8478405754066275,0.5916774828429542,0.3030257082019993,1.0,0.4671744107471158,0.0,0.0,0.46483199220591825,0.0,1.0,0.2620996690737297,0.5481099757222819,0.6399757235675205,1.0,0.0,1.0,0.8518841902449963,0.8028066880244837,0.5146507830642246,0.2804679039533774,0.5233535685194263,0.0,0.36935413592275324,0.25103448308905524,0.19524327058426963,0.17740232104678147,0.40859654503699755,0.0,0.32991329114131757,1.0,0.13775456518657245,0.7022450521006938,0.26927523226982314,0.45313352785884925,0.22584344487579966,0.0,0.2920426852525278,0.5790214209468367,0.1588556792327238,0.599509721862668,1.0,0.2749058421558353,0.1957928516425584,0.42722234757418326,0.6155608996913715,0.48902965598826836,0.40738583282200574,0.33034327663044044,0.5202699397137852,0.9940981805217504,0.38043635271123755,0.8978173603563177,0.7996408486429782,0.866555336336034,0.9959716792771404,1.0
69,dsp_map,anti_aligned,9,3.255366646098421,3.19993679882914,3.2871561284563127,3.2119857673222025,0.7921898931267082,-3.776062855743228,1.3984014922752976,7.529708377085626,1,0,ok,,nan,nan,nan,nan,nan,nan,nan,nan,nan,nan,nan,nan,2.067564404870578,1.4933215807497655,0,0.8546543714112542,0.6547369983542672,0.3988137488753625,0.2719074109907322,0.7599589485497664,0.45609004000943476,0.779954605523503,0.3242633251744058,0.2924557767615588,0.695417858387385,0.4256357523593199,1.0,0.0,0.4866263617410923,0.4970691208411476,0.7680546657124536,0.6967274937256112,1.0,0.14867133013887754,0.6501825137354874,0.2532642199757906,0.8687506324853098,0.26589001351953157,1.0,0.6007331573248427,0.4680024748496907,1.0,0.8684810261684731,0.2267227873878496,0.4228073081833686,0.639961509192688,0.034585527741385534,0.3656137870002025,0.40197051267930267,0.5701536987142619,0.3011987537583091,0.20523198419371838,0.0,0.38411706995119316,0.6389729534828869,0.9498116934372968,0.7102109793567682,0.3462696527248244,0.3586229664096235,0.8123728312343919,0.5822169170426724,0.38898981324443654,1.0,0.5749647598501225,0.0,0.0,0.5522883388052142,0.0,0.9936662896334658,0.3293038063635534,0.627039078453818,0.6209626099387683,1.0,0.0,1.0,0.7281872768312233,0.6425362748549828,0.47762944643602084,0.2789905011708676,0.5645647125643748,0.0,0.395628620511353,0.30621976690921,0.2523392627489467,0.043237680546109346,0.3674321159280976,0.0,0.47468789475210255,1.0,0.13405438316105014,0.7992153326246086,0.2781540759772434,0.48620069033801744,0.3254273746465143,0.0,0.3459097836955976,0.4921783705005579,0.308131425307859,0.661152354702238,1.0,0.273784758233961,0.15479504769645175,0.20570444167761476,0.6673269013840749,0.5794593805926359,0.4128431983308589,0.37937733594942197,0.6000147188435927,0.7317812274199462,0.21532623479209362,0.834495629232278,0.8065753849544138,0.7013779050713367,0.9661071463973737,0.8551101303966921
70,dsp_map,anti_aligned,9,3.1574024411092094,3.1838677382725247,3.2871561284563127,3.2119857673222025,0.7921898931267082,-3.5680490838701164,2.223347798921168,7.292910407297313,1,0,ok,,nan,nan,nan,nan,nan,nan,nan,nan,nan,nan,nan,nan,2.08453300831669,1.4893016749126688,0,0.789474538120129,0.6224817358270504,0.5051155516913707,0.3072442194565642,0.8162144809803743,0.47927984837916543,0.7821154286369946,0.3333022158854203,0.30210247231159476,0.7210457868730741,0.42438597069595324,1.0,0.0,0.502472939503036,0.4841822537762036,0.7929604810544417,0.6741677528515961,1.0,0.15523576656750487,0.6047809066683458,0.3047142938855448,0.806595772223116,0.17494002294269795,1.0,0.5852347518193574,0.3616773230817253,1.0,0.8519974564150837,0.20670368687548735,0.3936805301433676,0.6598139719226702,0.025837314729128306,0.35257974942447384,0.41838755302616804,0.5139465822850109,0.37971259663434664,0.24798600565960938,0.0,0.3780946197211207,0.637270420079779,0.8063019683549769,0.4529933062993605,0.45587258101405953,0.37269909926016276,0.7919962338331223,0.5679869993129405,0.41171816221125174,0.7087792818403391,0.4560721480281188,0.2554996626960057,0.0,0.47972832636547275,0.0,0.9606268058760931,0.29613165597610025,0.589145357891184,0.6092623578780427,1.0,0.0,1.0,0.8119975317836767,0.6903300121408108,0.5087482526742431,0.2796369638227632,0.4355701808190663,0.07343857214870114,0.36115914995374176,0.1984074749267979,0.22313926833146408,0.07228146607486143,0.3294933847713495,0.0,0.47138944515094194,1.0,0.13433476901613955,0.6827850393389665,0.27808877403651416,0.5432601876748793,0.3070191211372102,0.0,0.3194990122249573,0.5411267259624943,0.40046675100318935,0.611810472822857,1.0,0.3322237460675744,0.18531600784996963,0.22578376487321553,0.6182921505582988,0.5306090844147504,0.42456432000869,0.37627694435382036,0.538580447535544,0.7526488162958251,0.19542043203970788,0.8511223191848345,0.8116697168046978,0.6330946105220329,0.9733077112657142,0.7945881732529848
71,dsp_map,anti_aligned,9,2.9298300879611383,3.086589599501828,3.2871561284563127,3.2119857673222025,0.7921898931267082,-2.390212465386794,2.71500657312572,4.362334941979498,1,0,ok,,nan,nan,nan,nan,nan,nan,nan,nan,nan,nan,nan,nan,2.099643845398275,1.484170942222871,0,0.826169369367501,0.581438774125587,0.46828074384645496,0.3070250052649554,0.6801530920642126,0.4640817713384236,0.7365438337542236,0.3177415540952072,0.3807456527826057,0.7060304652061913,0.37660780029100815,0.9220899759490238,0.0,0.4535471869800581,0.3885922950477158,0.7488837407437433,0.7818926352746389,1.0,0.19474001535902052,0.6746106302142393,0.32547026974963117,0.7571652122306489,0.18961492739665378,0.7591536021953098,0.596067907533728,0.3269020296796264,0.8246268927414774,0.8140167507207205,0.27003236735545577,0.4066574966438561,0.6456969224004344,0.010504239611615186,0.28117936881202027,0.362895777688019,0.46601290741572576,0.35791850057945923,0.21479096343822549,0.0,0.37897645412889897,0.6701293836544863,0.8697714709424914,0.8452437316367294,0.45583102143547966,0.4032452836612423,0.7932854776852726,0.5386359839829157,0.40478472631542867,1.0,0.4942056302956312,0.0,0.0,0.46753276320086656,0.0,0.9838894569053372,0.35366847237445376,0.5845288395537662,0.623573024134697,1.0,0.0,1.0,0.7853619438509,0.7497082429809453,0.5229226574890822,0.2573006900929087,0.6089132691307962,0.0,0.4168175183460162,0.22805073753077254,0.1753382986720458,0.05838520587219277,0.3217358872049509,0.0,0.40464869203286974,1.0,0.11831822301711334,0.7088242369075224,0.22553015630713522,0.4826397760108916,0.3039963656045595,0.06527304076485635,0.3188267380677108,0.5209304875974935,0.2216207823319685,0.615928818967756,1.0,0.2254496519689151,0.13620432718284586,0.23015132734746638,0.6509839303064497,0.5012623131466751,0.330155073209692,0.3053814369309875,0.5485898817668714,0.8101419166547971,0.3052397211226884,0.8515573221409862,0.7979790266172682,0.7469306358869848,1.0,1.0
72,dsp_map,anti_aligned,9,3.2949243510553625,3.256436453776855,3.2949243510553625,3.256436453776855,0.7477392066720556,-3.26551603453641,2.401552487164736,5.4813297460787,1,0,ok,,nan,nan,nan,nan,nan,nan,nan,nan,nan,nan,nan,nan,2.111174209878315,1.4770270310606062,0,0.8337255630356146,0.7261600134676273,0.612283372846976,0.29750028682050156,0.8050493819271588,0.41310381123754725,0.7446031982754907,0.2647195796385607,0.3225428449521514,0.7115814143261958,0.5032399291077749,1.0,0.0,0.4624302398244479,0.6447045173157209,0.7630857473956346,0.6855759080704484,1.0,0.22628523760324365,0.5251458487704033,0.25417835124172083,0.8311466043788103,0.24062182263889595,1.0,0.6772718887869503,0.46722643767057653,1.0,0.8293606744750424,0.0,0.27535104602514715,0.6834766909217853,0.05742277091976143,0.28042847467462817,0.42648777798994203,0.6001935147467963,0.33963671698563935,0.22109448134070897,0.0,0.2549886752641181,0.5399460324000169,0.8682224018289147,0.6584427557762134,0.4217084690218477,0.30478453898057106,0.8614556750775177,0.6307741107033917,0.3286647728260257,0.9771824783152039,0.5410665331832205,0.0,0.0,0.5569780784959639,0.0,0.8843308302071448,0.27914314556722075,0.5616972161098401,0.6550411636924273,1.0,0.2841440102686671,0.9957744752681125,0.749719101938742,0.6201808912099301,0.5048156034151382,0.3011600788143183,0.4634870949943212,0.0,0.3050225382180486,0.25035532470521593,0.2862691601253225,0.1343577148518618,0.38649161772302426,0.0,0.46956879511635874,1.0,0.13798143173546618,0.7230819186535395,0.3103247418336216,0.575617619528413,0.2645845564682575,0.0,0.41392572546348255,0.591568954315318,0.3823512157585976,0.6556521134082579,1.0,0.34259471519376344,0.19817448779459534,0.2529830018220261,0.6512717294103127,0.6022196042328599,0.46080134920281135,0.4656538477116256,0.4860534374171638,0.9484352161291216,0.21808937188213673,0.8832703253601822,0.8019926417193854,0.6908956199279167,1.0,0.4153419191254328
73,dsp_map,anti_aligned,9,3.3308814782050575,3.261355169984432,3.3308814782050575,3.261355169984432,0.7428204904644788,-3.686895240099635,3.7986862412653863,8.072491290979087,1,0,ok,,nan,nan,nan,nan,nan,nan,nan,nan,nan,nan,nan,nan,2.127389965236904,1.4733147150933266,0,0.8776427554565039,0.6613086918278684,0.686346845037932,0.3255242817410875,0.7970345518249838,0.41462002345884924,0.7932270005095728,0.2724517968049293,0.26192997759783493,0.7452599790731491,0.29760816824159275,1.0,0.0,0.452236140184532,0.5025567727945679,0.7791330849710116,0.6606675775344358,1.0,0.2191381404830515,0.5520224064784002,0.2666515192835638,0.8354383709698661,0.29552370526236876,1.0,0.6913472976325103,0.4482522457904941,1.0,0.8620809590688355,0.0,0.25436837359186903,0.7246498224329893,0.05738374700820313,0.14561094310774303,0.4189203034440147,0.629751308217461,0.3589857409736799,0.23531102329193276,0.006914069861715725,0.2870322393564533,0.6005831610424255,0.8021328132158112,0.6544686431287823,0.3841522953974587,0.31472029637736465,0.8713125039006183,0.6290184271928201,0.26109304770436603,0.8081108452748986,0.5525308714190946,0.0,0.0,0.5062701847119968,0.0,1.0,0.31124225440860426,0.4887479349950126,0.6766269734994581,1.0,0.03775685162604663,0.922283646727726,0.8332588101250125,0.6066866133796038,0.5203048235497122,0.30283305880373945,0.4866208029565732,0.0,0.3631930327277087,0.324535292428747,0.285091282579751,0.13478586746047433,0.3933876794622812,0.0,0.5624052959504067,1.0,0.13955583802438123,0.6992535761344213,0.3108796324611506,0.5262145717616783,0.3228559372265077,0.0,0.3759296908901699,0.48044696903152556,0.24022104032980365,0.6559904617695481,1.0,0.29663844565443176,0.1979511522161935,0.27930708813686345,0.6724797488949579,0.6024143379110163,0.44620752225115223,0.5451882985437789,0.539166300170561,0.9425464899804674,0.17966613975099935,0.9180284652770943,0.8048746645089544,0.6723106540301098,1.0,0.6404958508506565
74,dsp_map,anti_aligned,9,3.2620591466860844,3.260728504888333,3.3308814782050575,3.261355169984432,0.7428204904644788,-3.813371287874049,1.0990118458867073,10.10558823402971,1,0,ok,,nan,nan,nan,nan,nan,nan,nan,nan,nan,nan,nan,nan,2.143653364060798,1.4699086439170772,0,0.898198676981977,0.7346915343613086,0.712836541395192,0.33495285299289745,0.7570081385510313,0.4055483879477293,0.7372161745076711,0.3112617939955009,0.35696147902667696,0.7000737980759072,0.5804797746500878,1.0,0.0,0.41730636712724845,0.5041191148459518,0.8243624447462355,0.6038196633519818,1.0,0.2178180398198964,0.5215095588362324,0.2443087608247822,0.7761449014134308,0.2976680706791389,1.0,0.6812158813678193,0.3970513547389654,1.0,0.7568154107076863,0.06873068283463916,0.2718680457238813,0.6226352547494368,0.05168331683767835,0.18261493666528472,0.42862613441999203,0.5416603907032173,0.2631248039102875,0.23324881957863497,0.08150120944991221,0.25859751022555477,0.6042976129299497,0.8785676170232402,0.6522779271170984,0.36053344260559916,0.3356515366357799,0.843179128679434,0.6469113186009071,0.2481932799064266,0.7655278466661377,0.5358943826830755,0.0,0.0,0.5548514430024365,0.0,1.0,0.21119417367508134,0.5122097006997662,0.7063009069067756,1.0,0.0,0.8886926907394472,0.7958453341323152,0.6624395622404222,0.487059675690691,0.2922250634859985,0.41252743467573816,0.0,0.3792965030367323,0.19723408052007088,0.26872158830848264,0.17872585837794128,0.4250195263305535,0.0,0.507783451433287,1.0,0.13460017447734468,0.7023501252955047,0.2880327965187554,0.5921825487581331,0.22416897797327817,0.0,0.43901972727936694,0.4121273330803773,0.2517013100453514,0.6172896048590544,1.0,0.32969199180967507,0.09311626543993393,0.24694906429104366,0.6836605147180072,0.5708303421671176,0.4716259307242334,0.42370704866366277,0.5968895389261781,0.9176024811688613,0.23554993182093997,0.9306475811031405,0.8107765026979106,0.6716252135405646,1.0,0.6990750333556237
75,dsp_map,anti_aligned,9,3.26592095629353,3.2585051799617397,3.3308814782050575,3.261355169984432,0.7428204904644788,-3.815750957097612,2.3950820360332727,9.138649598695338,1,0,ok,,nan,nan,nan,nan,nan,nan,nan,nan,nan,nan,nan,nan,2.1585654411624686,1.4657006466967561,1,0.8167048793442223,0.6420109071659817,0.5371881567131384,0.31984285403068563,0.8864431931269414,0.3113078043153337,0.6904864664242305,0.2579205566589254,0.29219763932160037,0.6141312632840912,0.18519811236150083,1.0,0.0,0.5656435442414074,0.7398845719150025,0.7715345492751678,0.6547122845167754,1.0,0.19011419406595326,0.5797451109738421,0.13877880696495895,0.848467667449846,0.14636441994089275,1.0,0.677655866350335,0.4734691732732623,1.0,0.7607865134623472,0.032671144564461484,0.23738480621846209,0.6248879250258648,0.05707183065300076,0.24037575032371714,0.51201732439726,0.5742788035731323,0.3825049054199771,0.17763569815099686,0.0,0.23728997452624728,0.682176639471805,0.796979917385998,0.6427716701997637,0.39366934892778216,0.30657201932791034,0.8047346872722582,0.6132962758469659,0.2476006978147449,0.9635398907455122,0.6052828941436855,0.0,0.0,0.5036273934102414,0.0,1.0,0.22444833698583494,0.48043218740692684,0.6469800363333104,1.0,0.017428097582121358,1.0,0.8186046564008027,0.569737671259291,0.5469167578554378,0.30733390059937366,0.5355239788133666,0.0,0.358626976552629,0.3952688933798182,0.24139544594862994,0.0967913665112461,0.4218304175528408,0.0,0.5345323024845947,1.0,0.1412132780853499,0.7422149500067154,0.29083059787535026,0.5541692692539744,0.3523766323238211,0.0,0.40196267091930915,0.5421994627493442,0.35656770233165397,0.7346134326202866,1.0,0.23150082123448498,0.16005520320871097,0.3765296304825502,0.7253724989922429,0.693756845659263,0.49735179606605745,0.6341894415288899,0.6122599828666202,0.9923171328331801,0.17923999370873203,0.9505218638444256,0.8035773416534958,0.7711257703779083,0.8014176583070447,0.6091664796372519
76,dsp_map,anti_aligned,9,3.164871146029586,3.250596247847476,3.3308814782050575,3.261355169984432,0.7428204904644788,-3.973039451033788,1.8822568552568555,8.379845310002565,1,0,ok,,nan,nan,nan,nan,nan,nan,nan,nan,nan,nan,nan,nan,2.1731359084668247,1.4614834770439604,0,0.7800347008702663,0.7156264190645146,0.5909977792521878,0.37613293421703364,0.8751707913444551,0.41020531414194594,0.829003514598686,0.2099047260951824,0.18158192234743314,0.6921362627826801,0.42189189626814416,1.0,0.0,0.5053959911430267,0.528010222241314,0.7915901613732487,0.7528997833534774,1.0,0.3032680732635096,0.5227809334204208,0.3176248125423781,0.87840506332114,0.30375769291943433,1.0,0.7058971315172593,0.48987364423322227,1.0,0.9181650782625128,0.029871588438985814,0.22065746343910322,0.8980572322616588,0.05406418940785894,0.18518651013951815,0.33224602689159105,0.5340705176092551,0.495598674061841,0.19064462695534942,0.0,0.2775476258481548,0.6717214108942623,0.7223058737156182,0.68920958693419,0.3868488029120166,0.4358903712829017,0.8662957513955186,0.6823907928516083,0.3157318091663634,0.8576888585650846,0.580001850870132,0.0,0.0,0.4622048176686111,0.0,1.0,0.2957513285323015,0.5318272304693671,0.6700131421174018,1.0,0.02355142318771778,0.9451879909900002,0.7683897803166528,0.6176727880369726,0.5058358815124181,0.29717712481978564,0.4452849593881927,0.0,0.28442682906032496,0.40759215294920137,0.29985827564972817,0.2420655683426664,0.3604274598806538,0.0,0.47195436030166765,1.0,0.14008374880020794,0.7935360938240634,0.3653773607392437,0.6222675801210634,0.2616294817122235,0.0,0.3779600068336077,0.6430162465992069,0.3613787688829999,0.6232741707978018,1.0,0.34179072745585304,0.1596139658659602,0.21484017204078493,0.6551934446572553,0.6182567728713106,0.4765828154084701,0.5132301473179839,0.5949515658701122,0.7083804121422772,0.09481601825888734,0.9339481102042283,0.8056197440649904,0.7206630370835089,0.9815802604119594,0.6682064738570805
77,dsp_map,anti_aligned,9,3.3118627783109136,3.2642542852969574,3.3308814782050575,3.2642542852969574,0.7399213751519533,-3.7546288399215983,3.603210466913879,7.646407167892903,1,0,ok,,nan,nan,nan,nan,nan,nan,nan,nan,nan,nan,nan,nan,2.1860155868767306,1.4562973242056014,0,0.8617972332808321,0.6621446302933007,0.5420017011435115,0.31214868527422684,0.7844453367489391,0.39149209403988905,0.7327386841565505,0.2763142609286796,0.35669592612630385,0.7930346261894268,0.3253606472884644,1.0,0.0,0.5052008466610701,0.6411993554468184,0.7343148017486542,0.6670037703040976,1.0,0.13404308329863873,0.5516935848092313,0.19777562185963773,0.727772490544031,0.1538823622287626,1.0,0.6926714422679985,0.412117291809398,1.0,0.930979664472971,0.0,0.23145997759348313,0.5795442914312163,0.05603752452876113,0.30196677912911807,0.4665795925312185,0.7205558722206937,0.2749919870156362,0.25102852799714215,0.032409729952001996,0.24069237752149444,0.5408627518704444,0.8839770029819429,0.6354579028698939,0.49933122365615207,0.1910895814435205,0.9139661120471113,0.5706360230120938,0.32766940878644324,0.8841998644182646,0.5076401845072196,0.0,0.0,0.5736299294431647,0.0,1.0,0.34342699423678713,0.47481083281525427,0.6332150423937314,1.0,0.07966903669152531,0.7974086998951346,0.7890225258497472,0.6257260385255581,0.5973735522509981,0.31019409017570454,0.5862456904074964,0.0,0.33052915552786427,0.23463965260727865,0.20760530503925628,0.026936479388100145,0.39342740702262236,0.0,0.5585189007971259,1.0,0.14119867821252013,0.6133304308132566,0.253041210563166,0.40104154167660244,0.3138607348820149,0.0,0.3726594044040708,0.49617891857370694,0.2961795237133944,0.6916817107738114,1.0,0.24592284309440665,0.24133069209251207,0.29162665757267436,0.6072080482688189,0.59971142190784,0.41811579147538347,0.46181230592039946,0.4394850987867019,1.0,0.26118851105797375,0.8858968898894111,0.807281059705126,0.7181417313173201,1.0,0.6107829936323956
78,dsp_map,anti_aligned,9,3.4133277164757696,3.2489454704088723,3.4133277164757696,3.2642542852969574,0.7399213751519533,-3.8742016506768433,2.993760640732944,8.845137531869113,1,0,ok,,nan,nan,nan,nan,nan,nan,nan,nan,nan,nan,nan,nan,2.200449525228451,1.452464870130419,0,0.8812392759754812,0.6296238707087555,0.6251849509770496,0.2391929167743894,0.7800241236255246,0.4381091107277993,0.8197150204158102,0.3678101353109184,0.31902610349901145,0.7870308864537083,0.33912623759465155,1.0,0.0,0.4575146272950744,0.7049457306990035,0.7072644002260662,0.5961066522136195,1.0,0.1905967802244923,0.6040462424724133,0.2329626655211285,0.9455935292152072,0.35392079447678143,1.0,0.6901873984782044,0.36005842860801784,1.0,0.8224672797546463,0.0,0.28333885993129887,0.6766595341410365,0.054345724642281906,0.30094794175782585,0.38727962182448344,0.5030766545981165,0.3046863109324446,0.2603739935279761,0.0,0.22749870211246312,0.5213971797391512,0.7950657792571314,0.6470079987209446,0.3723807900199905,0.20315440027725104,0.8851231462767626,0.566863851374236,0.3253530802848223,0.9013392751027952,0.45262166888152305,0.0,0.0,0.5936768653869786,0.0,0.8973948271333803,0.36907933844941826,0.4445453565911235,0.6309108889334711,1.0,0.14157554700862832,1.0,0.7815358272279377,0.7304791212012424,0.49791242503397937,0.29677909988068024,0.4979764739485356,0.0,0.3638177939393216,0.16591306519907542,0.19954898872133062,0.03147400629072926,0.37780898506084737,0.0,0.5291628252656295,1.0,0.13788852159038067,0.601335772038448,0.23559801770011343,0.4257567424000097,0.3984394904719429,0.0,0.3993422258884491,0.49885417199091764,0.12620826416698708,0.7557204229535043,1.0,0.2817794922093463,0.2136640619344995,0.37806187996464535,0.6672960078858824,0.5947435591687584,0.4756251384935473,0.537938680994266,0.5360128357454864,1.0,0.21378958127663936,0.8823722600416101,0.8029984392987072,0.6918586052769763,0.9431140729591319,0.5183854939744073
79,dsp_map,anti_aligned,9,3.0865923958348245,3.2570737241421877,3.4133277164757696,3.2642542852969574,0.7399213751519533,-4.289701389903291,2.9436006913892925,10.159937188960612,1,0,ok,,nan,nan,nan,nan,nan,nan,nan,nan,nan,nan,nan,nan,2.2158024137252528,1.4495982850007187,0,0.9545055950957902,0.6192832867496808,0.5087122954190603,0.1442801869902044,0.8222386572511605,0.48681385093773494,0.8442503588543488,0.48986453723455564,0.3237072442588229,0.8108744333147768,0.32337920771670725,1.0,0.0,0.401506351984583,0.657374291790317,0.6507717373310541,0.536315245155248,1.0,0.24213953646274164,0.6062018980403178,0.24018192766612587,0.6589309340721093,0.3935844365833224,1.0,0.6880877093216352,0.39699115950859215,1.0,0.759765357142373,0.0,0.35095759796114284,0.6833218493778913,0.05671383509337278,0.38093274328869825,0.25210017587484757,0.766780949290854,0.3227019835264806,0.21539169412684397,0.0,0.2599118741977053,0.5973610204224382,0.7412182282879644,0.6357022836450373,0.3409618385378767,0.18059257650681626,0.9281182754963059,0.4772230550245908,0.3001796913008701,0.9466024490283537,0.422977584233903,0.0,0.0,0.5594828811604107,0.0,0.960676180474949,0.4599296285343725,0.3825866782199493,0.6089326168781809,1.0,0.1811926883054394,1.0,0.7871686558998171,0.7674312710295862,0.4417225647821303,0.29737055328261147,0.46555851308290264,0.0,0.3091886919655555,0.021448498928653022,0.15169937974691622,0.0007596331194160848,0.4434864143458427,0.0,0.4664885459213782,1.0,0.13867696791501258,0.697501951239345,0.15594390047143236,0.4921872029346825,0.414570917737563,0.0,0.4184655556292132,0.5537658043094359,0.04779700663011264,0.8087164701938337,1.0,0.33786128429028905,0.14056689763499658,0.465001122047494,0.623972161859686,0.5919795632305862,0.47434107057441977,0.7390882959265703,0.5710603189678347,1.0,0.23494422087043831,0.8885608684658798,0.8041933088271297,0.6978587578751081,0.9469453583017304,0.4493786916868707
80,dsp_map,anti_aligned,9,3.40933148178656,3.247502283689574,3.4133277164757696,3.2642542852969574,0.7399213751519533,-3.6248660906023082,2.847632178105414,5.779229420237243,1,0,ok,,nan,nan,nan,nan,nan,nan,nan,nan,nan,nan,nan,nan,2.2266872885016227,1.4437549852524996,0,0.7952157661780361,0.6188111621341632,0.8393403072395458,0.336845620622937,0.7596594592405805,0.38948272890215857,0.80440138295143,0.24601996935609674,0.26580626446336775,0.7931543585368359,0.31155838975059647,1.0,0.0,0.5255838460036109,0.7904311662284217,0.7849430710838097,0.653097447894994,1.0,0.13868032501487865,0.6348550009972933,0.1936956109363102,1.0,0.34177064088955,1.0,0.6871866976044261,0.3298887931802455,1.0,0.9287961978626594,0.0,0.2174821765848287,0.6449338335015125,0.0564683916342767,0.16916567810902813,0.5674743513896894,0.2566479447119693,0.2234671206839768,0.3229413506936669,0.0,0.1877308902511292,0.43801558260485907,0.9077447131852638,0.6477493518504404,0.4294969772958224,0.2044378687904869,0.868854328624981,0.6780173444009232,0.3605158444307204,0.8869427893590075,0.4920563466336323,0.0,0.0,0.6330938102393293,0.0,0.8386957526255882,0.2849760929678228,0.5356689992271285,0.6362735661893282,1.0,0.12675571995356508,1.0,0.764174206249865,0.6907890492962473,0.5725119702196744,0.2995430573093856,0.5067148070773175,0.0,0.4291758565624883,0.2880712319279653,0.2829516385741838,0.03592445113345009,0.2947848737309107,0.0,0.5922984107530603,1.0,0.1403894256078698,0.49869066969153786,0.26316058080921706,0.3467703070321021,0.4472130864813478,0.0,0.35452111154832844,0.4048411609637061,0.25932077053864466,0.7047711846482853,1.0,0.2336455353229072,0.2692813615681337,0.3155954749824404,0.7738092095482257,0.5986285824023146,0.4744704865033773,0.38909581812340077,0.4454557371478275,1.0,0.1955317875655213,0.8730607068068685,0.8008495539899236,0.7001701290772032,1.0,0.5726163439486148
81,dsp_map,anti_aligned,9,3.241609238600931,3.2404682858277924,3.4133277164757696,3.2642542852969574,0.7399213751519533,-3.6540198680745317,5.071406537201256,7.013351402711123,1,0,ok,,nan,nan,nan,nan,nan,nan,nan,nan,nan,nan,nan,nan,2.241287834097733,1.4407459343402644,0,0.8741197142668167,0.6420829310209318,0.7264799849037127,0.3498401196393441,0.6953525653424657,0.37075753819831986,0.7703390117970238,0.2258183371802366,0.2668875037409492,0.7650228277175265,0.2781802832851548,1.0,0.0,0.45708777853605553,0.6845683512646736,0.7968536829022111,0.5932749925273251,1.0,0.047171358730348625,0.5839069613476168,0.20375622936713914,1.0,0.2443790063580805,1.0,0.6854986704366314,0.3078689427489034,1.0,0.8946967001694581,0.0,0.27635767861281213,0.6176603781870539,0.05474196609671019,0.19932102934444665,0.5155059977846335,0.3726574273697391,0.2334741090860984,0.31311889314272523,0.0,0.23174886594206467,0.5359648405178592,0.881432005764905,0.376121053356263,0.44654972069850096,0.1910358516661646,0.8498417011491657,0.6566900846335069,0.28112969411967004,0.9906048398710542,0.5111300434461867,0.0,0.0,0.5904077424304495,0.0,0.7992338122214726,0.30284597718611256,0.4237533787689461,0.6924477477681849,1.0,0.31494015390539515,0.9314958248097694,0.7730793380389711,0.6283090080378225,0.5970822254467921,0.29535925240470956,0.4472437920227565,0.0,0.4343755798598971,0.31091781134406715,0.2627566894646472,0.09028887212561496,0.37716961229659257,0.0,0.6093268618409434,0.9163200987869907,0.13912140881217783,0.5355710967696498,0.3859032039824186,0.33893344170382506,0.33944269274420685,0.0,0.374590823274083,0.448972275350906,0.141910473848997,0.680504849004342,1.0,0.20026370768374543,0.23792368831545743,0.35076539894679193,0.6977285041851272,0.5484108538664609,0.42881025663385264,0.3795170931954561,0.4937875973181625,1.0,0.1930980572911943,0.8756444280988565,0.7989450037793514,0.7202552803390614,0.7370042957835167,0.46012212643980493
82,dsp_map,anti_aligned,9,3.336088350449347,3.250755511117728,3.4133277164757696,3.2642542852969574,0.7399213751519533,-3.9106131149449808,3.446650616824627,8.690892503596842,1,0,ok,,nan,nan,nan,nan,nan,nan,nan,nan,nan,nan,nan,nan,2.2534868756160646,1.4361368259034721,0,0.8345321108912658,0.6963480304417863,0.7250473142749206,0.3450379559350354,0.7716305922087713,0.4523756701275353,0.8238817436385146,0.33367057862812816,0.2683085870525562,0.7311977050402622,0.3514119729268626,1.0,0.0,0.5452489268213611,0.8123364653483555,0.8063617766624248,0.6449849836712506,1.0,0.17135412050103657,0.608466115956754,0.2014064888504576,1.0,0.1272410937513278,1.0,0.6813659507491646,0.24009000758478324,1.0,0.9166026406636388,0.0,0.1527823850497313,0.5412170583870474,0.055888676635455624,0.22868601761739354,0.49873705918268785,0.23238864105209586,0.3262966440396857,0.36627751702079864,0.0,0.2369488350412796,0.5187072645781596,0.8827270293959172,0.6734371949118868,0.5029440250536108,0.19286345140924036,0.8379118904354679,0.639187625815816,0.4043975472162705,0.7839072288180351,0.4402401853765845,0.0,0.0,0.6294844121739467,0.0,1.0,0.2646023535825895,0.6084162760940721,0.5798439061416838,1.0,0.0,1.0,0.7398594835399542,0.5993604944969779,0.556861828748074,0.29508809895726346,0.46635867021965965,0.0,0.4132641763277018,0.30500629357411035,0.20939477439552906,0.018547705488761695,0.33309057203381454,0.0,0.5311493592652868,1.0,0.13855553371831694,0.5416838457023441,0.20899811886684247,0.41767327052385017,0.29764854499827587,0.0362559124988463,0.3626104886432303,0.4152128048302668,0.059559009197843515,0.6810594491747392,1.0,0.3280231839262757,0.30956658748029453,0.3315948446295898,0.7029554845712458,0.6234956339850687,0.45548170657243103,0.43991368506318984,0.5004234005447772,1.0,0.23472834449608507,0.8938946541039974,0.8020109970886588,0.6543528960011241,1.0,0.489424804305332
83,dsp_map,anti_aligned,9,3.5203966844146684,3.26058529033098,3.5203966844146684,3.2642542852969574,0.7399213751519533,-3.836505839326958,3.460880985017866,8.245482974220067,1,0,ok,,nan,nan,nan,nan,nan,nan,nan,nan,nan,nan,nan,nan,2.2665302668791165,1.4323373842871883,0,0.7461367816389858,0.5740252449200137,0.7282027888869572,0.2935007424686203,0.7799714993408347,0.34138144637910334,0.7315969256470667,0.21316330318572266,0.39137585164518235,0.7592361611236473,0.3511413852975744,1.0,0.0,0.4769683079382798,0.7470316248289516,0.7295106672868099,0.6253015458494308,1.0,0.18649602272709243,0.5654452379596316,0.20980515571109626,1.0,0.3263117338900602,1.0,0.6573625326917268,0.41153942856233505,1.0,0.8211721725060543,0.0,0.286198199583138,0.7586658648789879,0.05476973339934629,0.22123469143655136,0.5665642934288959,0.37383918634703506,0.251236401398027,0.2586887611234136,0.0,0.13738305002581946,0.4472756248607978,0.8191385395352034,0.6575602719684459,0.4101791214052433,0.2723654546728222,0.8326397638462293,0.6222626773924558,0.36349224165297206,0.8500628224730393,0.47661253415879307,0.0,0.0,0.5746239398387737,0.0,1.0,0.35002583328855885,0.4704668220557647,0.6977062903759896,1.0,0.006541859391572979,1.0,0.8084574331341919,0.7759483270717419,0.5326128298391577,0.2980395254366027,0.5655445595422072,0.0,0.4067313889013389,0.2105062388128382,0.2687017044170221,0.0549964252625192,0.28636275597347216,0.0,0.5968175702093618,1.0,0.13730716768418302,0.4845381485192521,0.2735243073806666,0.3923703705236132,0.5151339530325847,0.0,0.396141076384454,0.4767801532801943,0.3848019234182662,0.7275860113682319,1.0,0.19021934572127625,0.19293934322653025,0.22407880026079896,0.7692123482425628,0.6045277582155555,0.4731463118017982,0.33167009657583824,0.40247470063682866,1.0,0.16810108304002658,0.8919420399074435,0.8078070908010899,0.7159713555516634,1.0,0.4784150717927402
84,dsp_map,anti_aligned,9,3.3887478956296917,3.2696421538992464,3.5203966844146684,3.2696421538992464,0.7345335065496643,-4.320547467440761,2.4917817739769816,8.910382515750825,1,0,ok,,nan,nan,nan,nan,nan,nan,nan,nan,nan,nan,nan,nan,2.2814572480402537,1.4302658190085948,0,0.654036051034901,0.48594064253468905,0.8368044999212867,0.36802015968708546,0.7814699314885558,0.32159631782197934,0.6965432209307606,0.1322733318842786,0.4787678423265294,0.6451665915555408,0.5192103394599874,1.0,0.0,0.4519073215677329,0.8331972559193851,0.7391351289286464,0.5588820959122182,1.0,0.019319119664574134,0.4976831415611559,0.2749321807087974,1.0,0.3563291052026301,1.0,0.6513530129759362,0.4798185513615626,1.0,0.821457416987742,0.0,0.3321485841147823,0.8818833166928536,0.054925829412109405,0.30255679490816917,0.5678513167553917,0.4334418069715329,0.1780112525224699,0.3517121031812302,0.0,0.11274425362080183,0.4825389072042381,0.7233860362468395,0.6671843791171299,0.46164446323059827,0.30879838893356565,0.7176407607137072,0.641390206852477,0.43935812941640523,0.778899126161808,0.47098031714812577,0.0,0.0,0.5174852979445379,0.0,1.0,0.365987727816008,0.473327421333566,0.720915551955806,1.0,0.0,1.0,0.8746631472827175,0.7986605920989234,0.48797043878538227,0.3030767039041898,0.6686408574614575,0.0,0.38105237852932466,0.18047098966187158,0.2922105066269137,0.0,0.3088560585919615,0.0,0.6911588249795079,1.0,0.13656053419159048,0.5588185875906262,0.28020063681694474,0.36486073619987264,0.5261300778534894,0.0,0.4160258850021615,0.4890901864033259,0.13254592890716344,0.6972826306134382,1.0,0.2633577217364245,0.12383521270948296,0.23010489306238635,0.7313670300371928,0.6038484005504189,0.5375953235736909,0.277012213332876,0.36858721940987155,1.0,0.14534154726352294,0.9674376585387524,0.8104697719742759,0.8287170114940419,1.0,0.4581637842720325
85,dsp_map,anti_aligned,9,3.49605006826571,3.303811321084608,3.5203966844146684,3.303811321084608,0.7003643393643029,-3.111385520629991,2.54807843407616,5.6419808068312705,1,0,ok,,nan,nan,nan,nan,nan,nan,nan,nan,nan,nan,nan,nan,2.294484196835424,1.4268316783275456,0,0.7991675318777675,0.6853049798884361,0.345204563565597,0.21650318747198333,0.7915176311991566,0.33879981264141,0.6522967619372595,0.21169202555004657,0.4564571624903515,0.7220069849057671,0.3830559626221438,0.9860848113655195,0.0,0.4955263065313723,0.7408385404400055,0.7686110744828843,0.6014079566756476,1.0,0.2236575527590754,0.533796362211592,0.2488113805331508,1.0,0.31437128297914985,1.0,0.6424784212105514,0.26744128536053907,0.8760367815632808,0.843712537517388,0.1257252981748015,0.16117963412270458,0.7107252011713084,0.05968524347785222,0.27829069873779194,0.5110957487326571,0.311607031951641,0.24749480945684796,0.26303727087796214,0.04416380931048687,0.10560960373616236,0.4413554967514666,0.9069385844187973,0.6691216528823966,0.4208154520218436,0.18719451466364614,0.8263799178276335,0.4992309147139094,0.39774302078131535,0.9545555779242942,0.42409723906138913,0.0,0.0,0.6016590677987996,0.018601659980549662,1.0,0.41200267442624106,0.3987134239969961,0.800250828173577,1.0,0.1017660717228297,1.0,0.758841930342403,0.7351601146647855,0.5141412018994201,0.30828047992885355,0.5578372994242929,0.0,0.4023337738509497,0.20588041115079372,0.22129600390867357,0.138802590078478,0.31581735343142614,0.0,0.6299354757350367,0.999898172008726,0.12922919807578523,0.4167677635976929,0.2671326355976823,0.33033523921627284,0.46791392897296646,0.0,0.3462481597731097,0.35359610499877536,0.29417967395933503,0.6394457495768302,1.0,0.1566612484472065,0.19852782150770107,0.1965124557440146,0.745803595543644,0.6508037098780283,0.4354568727805066,0.16231165155302404,0.4960244308262243,1.0,0.09300817850138617,0.8918964832679016,0.8170818478391262,0.7128251953992304,0.9677095984803941,0.5167155192581556
86,dsp_map,anti_aligned,9,3.2579157750305736,3.2943333193304136,3.5203966844146684,3.303811321084608,0.7003643393643029,-3.842674536208892,2.204015051946044,8.284773956984282,1,0,ok,,nan,nan,nan,nan,nan,nan,nan,nan,nan,nan,nan,nan,2.308455893014846,1.4243485123716797,0,0.8638779196438805,0.5823730314489646,0.6870232042650076,0.27191254915631025,0.8024434262390522,0.3677480695590875,0.6293088215002197,0.1729323132566183,0.4473950432567158,0.7455214885346436,0.37469630464230924,1.0,0.0,0.4433255004576875,0.7249588511526335,0.74979713786283,0.5963321265791508,1.0,0.17203313448971494,0.5805352094810905,0.25963627955445795,1.0,0.3507099833431174,1.0,0.6412335438566718,0.4138668539771271,0.9809533090745445,0.8916018674978339,0.1047186561457658,0.19193689088537313,0.7098990018547313,0.05877494008321599,0.31454473263079796,0.5243742991990586,0.2802511099411235,0.17919145942457376,0.22680914747665523,0.034444637709710416,0.13271354564040305,0.3203608504505989,0.8858701520322095,0.6562732219710709,0.4161210521062244,0.17469808587869504,0.8168735742677955,0.5740720784938882,0.3803160951460657,0.9555069437340883,0.43866578925343824,0.0,0.0,0.5486898671792632,0.01046677753365431,1.0,0.3457822979558555,0.5006415955641927,0.7332637686424279,1.0,0.05541271166534566,1.0,0.8050396205038733,0.7926591615454045,0.529244121866237,0.30455444012240446,0.6340073731098281,0.0018852551267068362,0.4400114321758973,0.2523917750252025,0.19487970219338407,0.21321303183781148,0.29226004972818914,0.011287577378381201,0.6338196514205584,0.8890515169482883,0.12810257283674004,0.486083997848591,0.18960802431069623,0.422153541164321,0.4640948011185821,0.0,0.3251675859439472,0.4547303760397753,0.290863560718518,0.7176963421586569,1.0,0.21796321847549308,0.25655338725980104,0.1900198477242243,0.7032000447376681,0.5867706933188238,0.45050509812283646,0.21089057661120886,0.4841809960816166,0.9745844341600435,0.19169244946328676,0.9317321468377102,0.8145763821675749,0.7540426301801306,0.8948764606363975,0.53001188363894
87,dsp_map,anti_aligned,9,3.2851031216767743,3.2835955446599643,3.5203966844146684,3.303811321084608,0.7003643393643029,-2.907987800146216,3.71266562724486,5.3575124577619135,1,0,ok,,nan,nan,nan,nan,nan,nan,nan,nan,nan,nan,nan,nan,2.319369224992038,1.419750743788564,0,0.6729276170510814,0.6774308233177846,0.3270097441139391,0.24445746757823442,0.7590866834531307,0.305698394630936,0.7447239505025767,0.2753564492322236,0.3404197982694981,0.73539536045517,0.42017640597832895,1.0,0.0,0.5540990786687092,0.7263040789285429,0.7711288858921551,0.6736994108439659,1.0,0.25920426315304784,0.5190999665418177,0.23522943910624666,1.0,0.3374871272452237,1.0,0.6578400364108846,0.25795214761465696,0.9014719252916126,0.7615288344301651,0.0,0.2583143138098815,0.7197343528590278,0.058349327124690334,0.15602289675674585,0.5755186597623039,0.39151027917722164,0.30937616978760285,0.3128197152702377,0.0,0.14610569398145273,0.6239594570592066,0.859571467976092,0.6596502928245779,0.4171836403686655,0.308123304469704,0.8387123397622095,0.5170759629742747,0.3876486967315428,0.7958610862328386,0.45159267189868246,0.0,0.0,0.6512034203959357,5.06164539566843e-05,1.0,0.41040684348687373,0.34215372346587286,0.7703938525162467,1.0,0.040816516554787886,0.9999569715946568,0.7239810622060303,0.7054371630314284,0.5331988031497141,0.31478392876575834,0.4497164026123872,0.0,0.3581543050206476,0.17049006288281038,0.3559422553291342,0.0,0.31827902914909934,0.0,0.5790740006277231,1.0,0.1353867294595691,0.3965166023049645,0.410381537561336,0.2575119598357356,0.5273974650503831,0.0,0.41203587859390806,0.3243122479532499,0.3274336124742819,0.5901590946202251,1.0,0.11375465188492791,0.10254570761067527,0.2621035929391985,0.821876313470075,0.6967930236078395,0.4578249703226745,0.24384404376078106,0.4111603430597755,1.0,0.0911670576900047,0.8074373475481467,0.8099493594340691,0.6494079287184965,1.0,0.6095031685070713
88,dsp_map,anti_aligned,9,3.154778694242195,3.231407168196786,3.5203966844146684,3.303811321084608,0.7003643393643029,-4.453250447376756,1.812066557817161,9.117204097099602,1,0,ok,,nan,nan,nan,nan,nan,nan,nan,nan,nan,nan,nan,nan,2.3303434738180004,1.4153672143796678,0,0.7614999688270913,0.7098462206571955,0.6730532018456481,0.36070079483836526,0.7470918318942362,0.3680930759267695,0.6602800741186279,0.0,0.3763275841639742,0.6858091322514132,0.28059319274282246,1.0,0.0,0.4715445039861957,0.7742361797846707,0.8509851899859551,0.49354524210361383,1.0,0.263398969328627,0.5288238170462015,0.19145084205043428,1.0,0.2979121738642692,1.0,0.6775772786360698,0.2741869809774031,1.0,0.738150578336261,0.02008203197140886,0.2810683346027657,0.7701779580295366,0.048811611782299716,0.21944695687563506,0.5181990328642102,0.45414862151264407,0.2765728561304151,0.2577641902366654,0.0,0.10735605539361366,0.4876649791860501,0.8954038046944,0.6587042532171999,0.44139215176306357,0.240358684545717,0.7462213708373646,0.6219565448838297,0.4229845966936439,0.6968920451963947,0.5185210253289518,0.0,0.0,0.5970866359521131,0.04135458720272304,0.7843469180645875,0.39035788991299225,0.4282733430829741,0.7683353733106322,1.0,0.0,0.9955375306878991,0.7540479654093334,0.7824713316545502,0.45925175375987937,0.2933461132148879,0.5952246610906421,0.0,0.36691343794662423,0.4365108687169876,0.1404508894757862,0.0,0.18264837827719374,0.0,0.5645859375604668,1.0,0.1404058554914678,0.42079209481319463,0.23847053112212793,0.4044245764510959,0.5159731294255628,0.0,0.4284045560637322,0.406911330282896,0.686223552770257,0.7078059602778175,1.0,0.23026840572198523,0.256257913761543,0.23181269268639695,0.6723267123140998,0.5765102906998971,0.38883966530766434,0.2732966071491136,0.6041444025208043,1.0,0.017691468765951582,0.9360568143196873,0.8042614473000352,0.6987837486180498,1.0,0.25820389914592173
89,dsp_map,anti_aligned,9,3.3419871327825295,3.255035419562534,3.5203966844146684,3.303811321084608,0.7003643393643029,-4.048699756788999,3.5360316410660744,6.468497134745121,1,0,ok,,nan,nan,nan,nan,nan,nan,nan,nan,nan,nan,nan,nan,2.3396067909014184,1.4100733878559084,0,0.7082388301102486,0.5208825266378497,0.3786510332995116,0.22558539804041505,0.7556970649772848,0.23620981473337183,0.8044791185998311,0.417722403356487,0.5818861075478258,0.7204329436547005,0.5143536602460625,1.0,0.0,0.5175616657804826,0.7589991340446479,0.59225668959976,0.6416444202320927,1.0,0.06620967069320467,0.597990156369617,0.1773958663302723,1.0,0.28239041496489303,1.0,0.7125561494815095,0.5244639764888147,0.9770197530645442,0.9235680175906377,0.03863517746353116,0.1096189452980267,0.758716347625184,0.055398719361655586,0.22204265255503328,0.5753897246339963,0.2252820128527346,0.38319376676015116,0.2751219468509761,0.0,0.1358725570378398,0.4890632324423941,0.7431915557989356,0.6386678295205868,0.4069762532465773,0.284689390413958,0.8794153644798536,0.6941069522839012,0.30179213704161756,0.9101845743596075,0.5385481883842657,0.0,0.0,0.6119451430538685,0.04994203826838822,1.0,0.39103558743349776,0.45574520081671016,0.6905317712287273,1.0,0.021279283130500763,1.0,0.853498972372678,0.647571758151506,0.5636782136811427,0.3004864050147331,0.5672669083747657,0.009529243506551441,0.4581621242931078,0.0,0.3159242923688788,0.1175332033203875,0.43703344780201336,0.0,0.6762201416500854,1.0,0.13733216470508483,0.5125652406017418,0.2766914424631115,0.4105260051217386,0.37177114697329156,0.0,0.3474198182527101,0.49003382808094764,0.19745736594274124,0.7621148415894342,1.0,0.12569651647242008,0.24934466599001917,0.08366915454166594,0.8930092823384431,0.6528470198359955,0.5294366619598412,0.4098702766029231,0.22008954906561423,1.0,0.1707010549284831,0.8417369365813315,0.8038874490002655,0.7677947257209973,1.0,0.5335622686042092
90,dsp_map,anti_aligned,9,3.2570889134001124,3.25861721743913,3.5203966844146684,3.303811321084608,0.7003643393643029,-4.653691208349899,3.337438818998635,9.44416951900348,1,0,ok,,nan,nan,nan,nan,nan,nan,nan,nan,nan,nan,nan,nan,2.350744350255653,1.406148884335615,0,0.7237099742196653,0.6314295176856585,0.9227189199953413,0.2991983472991172,0.7621680719438888,0.42368878402791393,0.878781282995212,0.2834628215967692,0.2900331185717811,0.7376347428677718,0.23793414609774308,1.0,0.0,0.4262432634045132,0.9587163603465922,0.7966436278858241,0.7133816519535499,1.0,0.04222970348885952,0.5623959290041031,0.2217078876372317,1.0,0.16486304113697614,1.0,0.6137638175295487,0.46539339606013536,1.0,0.8331022433229931,0.0,0.2986756392825596,0.7276945154470529,0.05611738369613035,0.27891816648621104,0.5870927682696508,0.4464826761271519,0.32668771400550856,0.28664142564756023,0.05434062887596319,0.11561155821750291,0.4593835931412711,0.8971704628445638,0.6501392944951171,0.4217409272551051,0.23647482176787746,0.7806317694917969,0.5198443548931564,0.3869243501634697,1.0,0.3070061487194925,0.0,0.0,0.6526839318152774,0.0,1.0,0.2989593004867083,0.5036326946971132,0.6557674690933473,1.0,0.06844041735617612,1.0,0.8431651129581454,0.6960062218130088,0.4268699198846616,0.2954676601607935,0.5611398676372352,0.042925298640968085,0.3538174582322129,0.0,0.26449827659343367,0.2538986422935265,0.2741536819062759,0.0,0.6883679778541475,1.0,0.14387108008129593,0.4925911558881822,0.25890472290463623,0.2043121239279725,0.4476075190114545,0.0065773261264987105,0.5106732290861321,0.44775469287342406,0.0,0.7117846655289191,1.0,0.11925518516982249,0.1694569741309342,0.19396280022376558,0.8063268744610443,0.6868431742186577,0.4822109824080633,0.2792832420884856,0.4037442161188672,1.0,0.07878994437257755,0.8560714334111621,0.8094351711461432,0.7723518458798679,1.0,0.6196528233342172
91,dsp_map,anti_aligned,9,3.1692443001587356,3.2699167107310885,3.5203966844146684,3.303811321084608,0.7003643393643029,-4.745445538570762,3.220976245123893,8.501607983838767,1,0,ok,,nan,nan,nan,nan,nan,nan,nan,nan,nan,nan,nan,nan,2.360704180619878,1.401589972615824,0,0.7506984276185935,0.5633394304464964,0.6146821604753897,0.19061020058418457,0.791105651384974,0.30226908099975835,0.7463155026416978,0.3476966331877511,0.467431083488966,0.8543045710197898,0.6246235313822017,1.0,0.0,0.5155633243033887,0.7496009305566357,0.675832897331926,0.6318643671790137,1.0,0.07892101562113078,0.5565267636472108,0.23271955930691893,1.0,0.36708250169885576,1.0,0.6868441978194161,0.3607914891946809,1.0,0.815070645785998,0.008587451944304485,0.2781255740500209,0.7088378143216443,0.05676003431154916,0.2728592107384558,0.5724654308130777,0.34890624814399296,0.18231276159695028,0.36279705563400183,0.07142297432514434,0.10201172273933283,0.43177123593959743,0.8558142347479555,0.6601584319779993,0.4419465808135223,0.21611539819153627,0.9261345165905743,0.5868051691032723,0.3473141142439372,1.0,0.41047538318034577,0.0,0.0,0.5806513781154957,0.0,1.0,0.357931897912771,0.4187481314182558,0.6607996729059495,1.0,0.18222929219114986,1.0,0.873850778155658,0.8367336112189306,0.583238805894153,0.3017764723370693,0.477517231440311,0.1355857227458919,0.35322368840387103,0.632127068665392,0.3211842446847071,0.0,0.3946727989034009,0.0,0.5736731203372266,1.0,0.13715741815025964,0.460078155590277,0.30916460730180034,0.41204293658391056,0.4285642830700913,0.044237278107157184,0.33677233680483,0.572108533258499,0.0,0.7039042974115228,1.0,0.2565604331984848,0.1230161481175307,0.2287508785827057,0.8756534823824452,0.6300272948363169,0.550114418647513,0.3300739287856285,0.21826487844926135,1.0,0.19736481695379204,0.8868163246829015,0.8088431347818607,0.6512691057805727,1.0,0.6860967873431545
92,dsp_map,anti_aligned,9,3.3532981720242576,3.2605007137238227,3.5203966844146684,3.303811321084608,0.7003643393643029,-4.54850156527451,2.397098614834249,9.542439472861588,1,0,ok,,nan,nan,nan,nan,nan,nan,nan,nan,nan,nan,nan,nan,2.3694926601800828,1.3964706536490534,0,0.8440433567491363,0.5208848511664104,0.549322544807662,0.32702204478194363,0.852859307417215,0.29600007478640983,0.7304360420635955,0.29671069924453836,0.3226481912572556,0.6086205062908248,0.42351234007550387,1.0,0.0,0.4649384871155292,0.8056257094356721,0.6180672362564371,0.6792923666384962,1.0,0.1964410745931793,0.5251467897240941,0.3208182543970958,1.0,0.4078419299740894,1.0,0.6648144734254394,0.4385587148826913,1.0,0.9368769611440249,0.0,0.12346410377168571,0.8302339815981551,0.05658940524647691,0.17295983099564644,0.44325993364906224,0.1679068764600234,0.24022730847989898,0.33259611320917115,0.0007799791860395381,0.17068473983307111,0.45601985367699877,0.6786430428096683,0.6509439504308038,0.4158721312136198,0.21503175342544567,0.768334139921702,0.6665560469492631,0.3668950372911919,0.922133526302761,0.5255582670869372,0.0,0.0,0.537853110953021,0.0,1.0,0.29098145074648746,0.48503642446288153,0.8056291314724214,1.0,0.12178607150185754,0.9941201142120815,0.6771732263943284,0.5788487698807762,0.5117631195970794,0.3016415942986591,0.5809053870236358,0.0,0.5863927971053465,0.0,0.2934235007798359,0.0,0.34573375096852377,0.0,0.6611894072737178,1.0,0.13726303920585195,0.5770808334450502,0.3546944756851267,0.2833902939849042,0.49830659828749607,0.0,0.3801739830882191,0.27151615664734247,0.6403891455362056,0.6324557522394619,1.0,0.23365259919321216,0.19704049701894083,0.3143293409686007,0.7096007666366347,0.528340385378017,0.563757406655756,0.2810239450805461,0.48861289584734663,1.0,0.2741520613222396,0.9353687867543442,0.8045439536844584,0.8928430895603938,1.0,0.4830832548467826
93,dsp_map,anti_aligned,9,3.1578700671716624,3.272753698596326,3.5203966844146684,3.303811321084608,0.7003643393643029,-4.767958574218528,6.100295763928443,10.48234745906666,1,0,ok,,nan,nan,nan,nan,nan,nan,nan,nan,nan,nan,nan,nan,2.3800712140708806,1.392643700829497,0,0.6836428629633201,0.6431040242012033,0.5465151301282475,0.3082494348585282,0.8275266687533062,0.43046090363669526,0.7267971785329437,0.1584345991172148,0.3001308141456472,0.5126199605002739,0.29848119318384775,1.0,0.0,0.6258334921306575,0.5477840828883824,0.7933555474007384,0.5977975687224741,1.0,0.0970117856005075,0.6372786119004196,0.12167055345462574,1.0,0.2304221086798228,1.0,0.7766806365863748,0.3831637482134341,1.0,0.9292641745807229,0.04183785666092205,0.26563246344802194,0.7252229433034929,0.060082382961231334,0.2996491152247576,0.5191023548851578,0.08012712992760518,0.2581286703682405,0.25496079272707234,0.05417283578015107,0.12264328566643809,0.30667191367306346,0.8621384757596825,0.6638362081679371,0.3687466218182024,0.35652242532378203,0.7529731678641316,0.7203028885992743,0.4483589242268724,0.9538315603055635,0.5667857723238805,0.0,0.0,0.48209434146799784,0.0,1.0,0.5000194192361445,0.3593208036624824,0.7831130348425501,1.0,0.11732853796286763,0.8838634902204482,0.7342520150816438,0.7714446248307889,0.5599039935141598,0.3098732970555343,0.5045687953285157,0.0,0.37656541591094994,0.136969936669465,0.3537935313265265,0.0,0.4252081373036506,0.0,0.5968466473417074,1.0,0.1405066889147724,0.5256077568892287,0.3048864006572901,0.44006590958276726,0.3814484323258481,0.0,0.31895714335047176,0.38989061492251326,0.09421799318402926,0.7319253422969341,1.0,0.16259198764363178,0.19348753798833876,0.3056223210356116,0.7891765292257922,0.6099297544932379,0.45664045843272233,0.49784386204979103,0.41479950157308476,1.0,0.21844838495485658,0.8709615475018078,0.8056385071990683,0.79685496354949,1.0,0.5218606068003354
94,dsp_map,anti_aligned,9,3.2575868365710154,3.2660517744834787,3.5203966844146684,3.303811321084608,0.7003643393643029,-4.305821134291641,4.413967055734247,7.782682186923921,1,0,ok,,nan,nan,nan,nan,nan,nan,nan,nan,nan,nan,nan,nan,2.3883456699549312,1.3875126512644447,0,0.7021598225450242,0.5364154491701478,0.6016655852072865,0.3116571025359214,0.7632099672666914,0.13769738924955688,0.7192910312030988,0.3302580347717239,0.4858132658042517,0.8182288089631763,0.290720117014369,1.0,0.0,0.39491904808999057,0.9502898257897352,0.6812975525910616,0.6407209692739847,1.0,0.2740856615826952,0.4446755789940431,0.23544272106650635,1.0,0.5793343308295765,1.0,0.5523690024258,0.4402195656464506,1.0,0.8959179154344685,0.0581203137455574,0.1702805962744117,0.800839517585544,0.059153397996598654,0.23181410919444823,0.5825020294349982,0.42275419371901085,0.25458131430354697,0.3038778412866481,0.0,0.18407097570396067,0.6544602274339761,0.7143896619978299,0.6555122608605369,0.4216590377419706,0.2197687197142743,0.8173759595439575,0.5778452750828506,0.24782612996099554,0.8378933729533751,0.47380209972993553,0.0,0.0,0.6755376909249743,0.0,1.0,0.21300587125955414,0.539103107952903,0.6263406014865216,1.0,0.08123084068888795,1.0,0.7778787824622199,0.5605672258251003,0.5313602223644815,0.2979137541111722,0.45385895489216993,0.0,0.4937671201187199,0.16708807567247053,0.23427440089065002,0.0,0.3714891326783066,0.0,0.6147911117794861,1.0,0.1354643777941453,0.5830283934587109,0.26475149300732714,0.41746062556043745,0.649552929112029,0.0,0.28270238232456685,0.472359510533727,0.21389703503216922,0.6737729279126234,1.0,0.13926079525850757,0.2494076522518972,0.14186600587877374,0.702394694749414,0.572619731861534,0.5066830017211762,0.18174877479346982,0.4512326453915122,1.0,0.18610244357925465,0.9527338838985909,0.8036233935799763,0.7163588886049819,1.0,0.47599166710748825
95,dsp_map,anti_aligned,9,3.15959028407257,3.2705548684306627,3.5203966844146684,3.303811321084608,0.7003643393643029,-3.1312320130294715,7.492287668399513,5.82829049276188,1,0,ok,,nan,nan,nan,nan,nan,nan,nan,nan,nan,nan,nan,nan,2.397495576971943,1.3830386618916357,0,0.9023939940947382,0.5545105643283489,0.8106794702079864,0.24993108334500524,0.7992906505923434,0.3496254615554144,0.6874187046257516,0.2761097478990256,0.3166822591494701,0.6392842642626685,0.3925743551120767,0.9919578347638948,0.0,0.5051856421779416,0.8843249027140003,0.7890187779404021,0.6427055358769155,0.9943069824766922,0.19609031068954635,0.5998632900714574,0.2297615419713147,0.9647903762008676,0.3425703577846113,1.0,0.5905755703284058,0.45598039073825203,0.842013735629078,0.7529496339673083,0.09215127008424054,0.19316840394096838,0.613025083673596,0.05562908866186316,0.1840955403390946,0.6024635766365559,0.36193729791322854,0.24102980741522995,0.27865364996580966,0.06930317856311816,0.17138891774594225,0.5285606589929467,0.8824112945892447,0.6463800711015064,0.41808635740884326,0.16816257278442986,0.7278240948168045,0.5344911969956022,0.3780128911254437,0.9853045576448239,0.38670286337056115,0.0,0.0,0.5387545110501593,0.0,1.0,0.2741769442966148,0.5304118466012471,0.7236972956122759,1.0,0.13820809361092318,0.8897367631302127,0.7917460657958132,0.7292017466608067,0.41519316762003233,0.3277524390942218,0.6126680224613826,0.0,0.4146704521206118,0.15186785409196152,0.26138348915894877,0.2792877667324226,0.26130067842006505,0.0,0.6755387685918184,1.0,0.12441255208472646,0.5391102386715556,0.27103944958351744,0.3270106760121604,0.4413300182371791,0.0,0.36650426187886437,0.40549467646639964,0.0,0.7217986563991251,1.0,0.17691480732357173,0.16344593525129916,0.35018526411117384,0.8059872561071724,0.744110121084278,0.5107760982264505,0.3405138754093911,0.4892425379531062,0.9006814340603916,0.184577897969548,0.9346222637199219,0.8122374310395925,0.7851981946901543,1.0,0.6323948359229756
96,dsp_map,anti_aligned,9,3.231159005649883,3.2575920460771353,3.5203966844146684,3.303811321084608,0.7003643393643029,-3.2283013465260217,3.744022256694734,5.395715818274766,1,0,ok,,nan,nan,nan,nan,nan,nan,nan,nan,nan,nan,nan,nan,2.405434063504241,1.3779905085217077,0,0.8453838031118378,0.6232276832357811,0.6084453363263647,0.35808612855486494,0.7910370039259436,0.43225979366811434,0.8978932724925608,0.2942458916042852,0.34910620546614973,0.7809568257888281,0.5592672907422238,1.0,0.0,0.4879431984285989,0.8362529000918252,0.6685786636260517,0.6432915027849161,1.0,0.148077211742811,0.451910298418733,0.23048625165755984,1.0,0.27664096028115037,1.0,0.6638201639530121,0.28892676014738283,1.0,0.9316912511389103,0.0,0.22748407834409123,0.8190057624705323,0.05638567116199369,0.2448959790896629,0.4342316452109348,0.404641693973902,0.22817066366958502,0.35481255298466335,0.0,0.16185112754326622,0.5726151602496033,0.6635653130325613,0.6668211976509334,0.44879379130955965,0.22197343984022322,0.872072919271594,0.6425737595881343,0.480734466020995,0.8011231790682966,0.3791231878840487,0.0,0.0,0.6287468709012974,0.0,1.0,0.37900042097942194,0.5155966572787184,0.6879563901699866,1.0,0.0,1.0,0.6773199069866664,0.7409862729504606,0.5347634687800339,0.3034815709902459,0.6909111689453866,0.0,0.3983137542144462,0.021275496869008308,0.24777576717195568,0.11069670718698581,0.23483371093746047,0.0,0.7051349486044778,1.0,0.14288034062236124,0.518894937982442,0.3993671945451794,0.18455858354466217,0.46651592555712956,0.03380464144776396,0.4770612537722816,0.39483968311866274,0.3448625301369192,0.7262005781421653,1.0,0.25226924066949946,0.16560430717806196,0.33565264372701703,0.596566540455725,0.6971059283508179,0.5393529468346064,0.24473718311794568,0.48978777366060094,1.0,0.1908474295838371,0.9542803356280433,0.8065550542029544,0.723702568195176,1.0,0.7686345030158045
97,dsp_map,anti_aligned,9,3.2836406124329067,3.2676697636548284,3.5203966844146684,3.303811321084608,0.7003643393643029,-4.709435467441086,3.777030386030674,10.213259181007743,1,0,ok,,nan,nan,nan,nan,nan,nan,nan,nan,nan,nan,nan,nan,2.4139466917737837,1.3734040236523153,0,0.7544843870490584,0.6366335725292708,0.6229061720504325,0.24338093211439493,0.8266895920380485,0.3989647938156583,0.6972601322603521,0.288747735068186,0.45864604251056923,0.7944936069575603,0.39662093438202833,1.0,0.0,0.38857084734227676,0.517221488367983,0.6272813478830432,0.7132108267139429,1.0,0.2369609413186311,0.6277662176030488,0.3180152149122969,1.0,0.0,1.0,0.6775951568172335,0.40697110966254835,1.0,0.8209671092389776,0.0,0.11322429566168044,0.7395698134863286,0.05773303916751329,0.12682133903714016,0.5690232982815616,0.39474774310152383,0.328682764175568,0.3124378261839334,0.0,0.1806640338053428,0.36349743228095477,0.8215111795108135,0.611419729140241,0.47088800449329293,0.2588393714010947,0.8886757124673385,0.5105091978461018,0.2964556991539525,0.7272895620571372,0.4888446008981953,0.0,0.0,0.607892274454275,0.0,1.0,0.34280428162826587,0.5561866707033821,0.7080850342797682,1.0,0.0,1.0,0.9403634194815953,0.5095637399234786,0.4926545213005601,0.29062076491988453,0.6834559241040691,0.0,0.5467575485038043,0.15804975176674776,0.3195424603900049,0.0,0.4016250906961179,0.0,0.7008207452490988,1.0,0.1377443977548148,0.49520176331218513,0.15177480262355997,0.33936517860391724,0.40513583874777137,0.0,0.47324548073807776,0.2717740499936349,0.5884825634363886,0.5940269129855419,1.0,0.23264667061380764,0.2215730666899706,0.22453521154449146,0.8486929488108577,0.5943999533876073,0.5045004029652186,0.2964237230144544,0.2335134041283449,1.0,0.14076357708865653,0.8562268999841116,0.8068532933228268,0.6697245798735932,0.9770473472445237,0.08547659093324296
98,dsp_map,anti_aligned,9,3.189610451170117,3.2613189427229954,3.5203966844146684,3.303811321084608,0.7003643393643029,-4.692773214943546,2.84670900227502,7.899175019003451,1,0,ok,,nan,nan,nan,nan,nan,nan,nan,nan,nan,nan,nan,nan,2.4228211195356115,1.3691714866344056,0,0.8738139446815661,0.45011616178904146,0.3009917327245044,0.2213486436747285,0.8027319824495581,0.28615094772574545,0.761248201447654,0.349510562689717,0.6166772187132004,0.6970249191467472,0.2607274139379548,1.0,0.0,0.5256668923911357,0.8681732503301189,0.6254980207357792,0.7379725787282349,1.0,0.0,0.5128876435836472,0.2982413066137792,1.0,0.19148988111805235,1.0,0.6914220659505165,0.3646073824940181,1.0,0.8389135521335511,0.0,0.20689206600636914,0.6649146584710518,0.05350821454302783,0.05627714750364991,0.47570777519117874,0.4804016625479135,0.2965961837702108,0.30502794672363154,0.0,0.16330641905175944,0.48388752901383236,1.0,0.6390016770058915,0.4646818297439129,0.3079067389655094,0.8256766916139162,0.7352977994325169,0.36178273835411556,0.8567335919427007,0.5105898988902922,0.0,0.0,0.6179505713929584,0.0,1.0,0.326460566752461,0.45268292455218423,0.7667838565386803,1.0,0.0,1.0,0.8747770139303424,0.7630560158990272,0.6005791181690335,0.2948765200920576,0.48048160703651904,0.0,0.4003099502514736,0.11845195030025667,0.28601243590808584,0.07460921372904011,0.2664853848028374,0.0,0.6149169755328071,1.0,0.13971246349881483,0.49553476191834533,0.33018185944919926,0.3815080227582825,0.48734545086119446,0.0,0.41449807429454705,0.29093112148888345,0.34217508667987134,0.6441555536404713,1.0,0.4610582454642771,0.25723082217048104,0.0,0.7972945211745475,0.5313297477742299,0.38685746985821773,0.4169534482647336,0.5465011731229118,1.0,0.18874475463845608,0.7415027491476537,0.8113207008231652,0.7783473837572511,0.9077642862136088,0.33119328689923444
99,dsp_map,anti_aligned,9,3.5245555901522465,3.2779801989318615,3.5245555901522465,3.303811321084608,0.7003643393643029,-4.814910966588773,2.855225165374577,9.58198244171217,1,0,ok,,nan,nan,nan,nan,nan,nan,nan,nan,nan,nan,nan,nan,2.4305664663197986,1.3643950881176077,0,0.6063103050602505,0.7298191580457658,0.6670502368715592,0.3363520580157987,0.8208454905157397,0.33398167782436733,0.7232629544178988,0.24558433011649164,0.34489663010835525,0.7656107616088453,0.584041701208686,1.0,0.0,0.42461782785126945,0.6014952203639904,0.7285981206184042,0.5689665338984178,1.0,0.0,0.5976495228699374,0.21434989229915702,1.0,0.5326378971923059,1.0,0.6462966659403758,0.1322609800992858,1.0,0.7986464252295278,0.0,0.13785884986182673,0.8033593760382137,0.05629503182740461,0.31623023301517417,0.4959095488239473,0.33392643857926385,0.3342704738553889,0.3402451123344423,0.004512741805172241,0.3014828562868457,0.6001832707848092,0.8739411329675401,0.6490032348136623,0.46077996294347096,0.15630511245159853,0.8944701464531023,0.547936628590154,0.27857799839131747,0.9500787063139743,0.5789508408682258,0.0,0.0,0.5613786371635255,0.0,1.0,0.3474987577912524,0.5388087025643764,0.687344600626967,1.0,0.0,1.0,0.722305664836642,0.558232332733746,0.49494656209150895,0.3146654506101981,0.5673865526653071,0.0,0.43813984439024,0.02907490404201443,0.24366980153998222,0.04494869705405887,0.38966981442998305,0.0,0.6017945703198923,1.0,0.13753625850487228,0.536789982244745,0.3016789600449587,0.32352898798389007,0.43650917830843927,0.0,0.3749300886212915,0.49437072134616716,0.4448306773247253,0.6345509593363484,0.9564293283560059,0.006665935546014967,0.2328745518540453,0.07203796575048652,0.5807265688532741,0.5634390677866865,0.5378819328815765,0.3391706290323604,0.3280932596760431,1.0,0.2066948327715731,1.0,0.8110511233791222,0.7254850003235631,0.9354780912512479,0.5522586299080201
100,dsp_map,anti_aligned,9,3.360279574177817,3.274355792873206,3.5245555901522465,3.303811321084608,0.7003643393643029,-3.399477851165065,5.124896123073995,6.1312939040362835,1,0,ok,,nan,nan,nan,nan,nan,nan,nan,nan,nan,nan,nan,nan,2.441506357558123,1.3619128671559688,1,0.6160117370361936,0.7213541032206068,0.6636136503460831,0.34583275830620414,0.8090319137402684,0.31541227617439044,0.7259273789829582,0.17169958866883867,0.32321634540018646,0.746553402068245,0.5293969793882445,0.9889253604649934,0.0,0.4187211099888924,0.5985287777856186,0.7192630726736103,0.6005008047598233,1.0,0.25483552161586975,0.5857632235010052,0.19094137016540894,1.0,0.45700634056829603,1.0,0.6667833863514839,0.30775780301248773,0.9875971528789393,0.886632931464703,0.0,0.16584166826785657,0.7986539256496196,0.06104448742685585,0.29145088806880765,0.5694263650930458,0.3347031550206789,0.2874186710057302,0.3233946660045911,0.0,0.2706084328788421,0.5385172627223366,0.7830440540362723,0.6522464496276812,0.35422561471693065,0.24798473761285914,0.829978485523275,0.569671697896541,0.3330699749495801,0.9633728727712378,0.5607211908521409,0.0,0.0,0.6356413322370275,0.0,1.0,0.41321007984763236,0.5517839703561415,0.7155539711820466,1.0,0.0,1.0,0.7369355560482427,0.5589480859626454,0.4022682918960504,0.3270245898308469,0.5356567444636703,0.0,0.4514036064739435,0.11072882917539403,0.22227733882444348,0.06752382314940023,0.3845406473417029,0.0,0.6244486981753818,1.0,0.13510957196290202,0.5287849219207172,0.32845768557726757,0.29315887389415535,0.4109220460573951,0.0,0.3506115639619527,0.42733054523295616,0.17899970276717106,0.6189244669923588,1.0,0.0,0.1903783875569808,0.1391977667664129,0.6484418678191415,0.5504970104232836,0.48374143994842395,0.2204370264113807,0.283557146076416,1.0,0.12085255157229688,0.9122379604532379,0.8116932050216454,0.6834487400432299,1.0,0.6835369934769966
101,dsp_map,anti_aligned,9,3.0452844053892743,3.253061220107136,3.5245555901522465,3.303811321084608,0.7003643393643029,-4.161697275358124,2.063373942859471,9.52433180436492,1,0,ok,,nan,nan,nan,nan,nan,nan,nan,nan,nan,nan,nan,nan,2.45060312207911,1.3582037210397806,0,0.6368144086624433,0.686769173263689,0.6795833361184929,0.3332794012228998,0.802964926046625,0.34284186727207827,0.753297580262498,0.28519546578024524,0.28464474371640236,0.7818170046474249,0.5761834471006114,1.0,0.0,0.44036800908080587,0.6928398657948346,0.7937968452683001,0.5443579467711305,1.0,0.0,0.6691582284191373,0.260234100718751,1.0,0.43811118799917886,1.0,0.6730092719167252,0.20994639323897277,1.0,0.7829848992914905,0.0,0.20540653725201083,0.738581270440314,0.053497994822426724,0.418902373101476,0.4576006397647353,0.2378137765792986,0.31959842279859946,0.2764867389687387,0.0,0.25114989870468923,0.5756473953895254,0.9477587173139065,0.6462310987228299,0.5742539092552212,0.0656003400460929,0.9076211104921147,0.5103107418187253,0.29280525336290325,0.8303900279618498,0.5371337896141,0.0,0.0,0.5057109359112788,0.0,1.0,0.2724009742318818,0.3268853145865044,0.6843846007508746,1.0,0.0,1.0,0.7511535343518584,0.5891642407224618,0.637343024177277,0.29457963585450175,0.5687041690300664,0.0,0.40896901577823735,0.04030819597227912,0.24715052796168216,0.07930264188230615,0.41724109692440925,0.0,0.5499567867710176,1.0,0.1413884968666816,0.4804216463163076,0.23474122975618752,0.3912965829546481,0.40662762807409264,0.0,0.40830175304209754,0.5556798342015461,0.6951942862242595,0.6696403910271643,0.7787117733245166,0.0,0.21698477002682579,0.08714880959502823,0.6591754851920961,0.5580132812761971,0.5820757718359246,0.3527077730327753,0.3334911942356154,1.0,0.18510022001784465,1.0,0.8084158834344646,0.8070737413400066,1.0,0.5482785243297673
102,dsp_map,anti_aligned,9,3.2923055369966425,3.2776272507739055,3.5245555901522465,3.303811321084608,0.7003643393643029,-3.6883745117348754,4.343162961304188,6.206074891146272,1,0,ok,,nan,nan,nan,nan,nan,nan,nan,nan,nan,nan,nan,nan,2.4564333307390136,1.3527989533875886,0,0.6481981489029259,0.7447275621746546,0.5174268993004778,0.26449272396224405,0.8208959668372525,0.3827283887123725,0.6421116043577738,0.25125830190049125,0.45386759916177616,0.7228408109112091,0.41149735951609406,1.0,0.0,0.41292297603500533,0.652282942076967,0.767501831868634,0.6035225300351845,1.0,0.0,0.5636023774582707,0.2672320752644,0.951850935537957,0.4965583026401323,1.0,0.6285801879634922,0.05484318582386471,1.0,0.8469348333045744,0.03445401503192046,0.05492000112875781,0.7784588774534685,0.05121799400531815,0.31952186245327424,0.49303675783469364,0.2160144628211478,0.33991161656839264,0.29472104607096905,0.0,0.22249729569029852,0.4665945287650341,0.8340402098979337,0.6497708990659324,0.42589586915610017,0.21842729437647,0.8680281782203985,0.44626320689063154,0.2738306842183122,0.9325505654063089,0.4554003790215588,0.0,0.0,0.5955570012035774,0.0,1.0,0.3970514246257685,0.5478310405364228,0.7163046146287301,1.0,0.03178379354609142,1.0,0.6813526116240589,0.6255956996700364,0.49601955006610543,0.3041476386596821,0.4592176290940261,0.0,0.38895539315915845,0.06305048975786737,0.3013901808845685,0.03756279112512168,0.4140343914244264,0.0,0.6505981733879496,1.0,0.13494066840698474,0.5407064113084822,0.24559247641058138,0.37109046721617417,0.4895579710212892,0.0,0.39713675252694147,0.454939561138088,0.1297868842296277,0.5647540819054453,1.0,0.1179881873739367,0.1684386412613758,0.19660492089913897,0.614152580117203,0.6567157968297352,0.48561465636941337,0.3541638691383882,0.5124590714144768,0.9380247660022387,0.16999788721231557,0.9563673705002045,0.8188162225326294,0.7031037394127824,0.9440200473660666,0.5713392450308784
103,dsp_map,anti_aligned,9,3.280677077066257,3.266642067730095,3.5245555901522465,3.303811321084608,0.7003643393643029,-4.198683018665874,2.2769570238888264,7.518512618727982,1,0,ok,,nan,nan,nan,nan,nan,nan,nan,nan,nan,nan,nan,nan,2.4645485948774373,1.3487085871583195,0,0.6640429021297288,0.7262986086940353,0.4759611541559764,0.30552303392553604,0.8012304304682606,0.3324371610293188,0.866239135006521,0.24963678383329782,0.4439758132494474,0.7838164818275023,0.5614466192141379,1.0,0.0,0.5055361566848998,0.7087989785570682,0.704999156317292,0.5572818632264913,1.0,0.0,0.5732605877629122,0.1328093089142933,1.0,0.26654592964091134,1.0,0.6180595318362477,0.23221180678079534,1.0,0.8666681099838317,0.0,0.3032974829523525,0.7723918086715598,0.057143354995187606,0.27562842408066385,0.5093236688351261,0.445171987579443,0.2022216324655485,0.402404677522435,0.04679628089700255,0.27431007574082145,0.6671735759572286,0.7102604594403186,0.6754293089583212,0.42640638838471645,0.2345462050270901,0.8541102527484243,0.6825445848955141,0.4242094151740418,1.0,0.6239392793262517,0.0,0.0,0.6653959539118626,0.0,1.0,0.34751380085513045,0.587726766225645,0.6922900039008862,1.0,0.0944492252532311,1.0,0.8270324738071145,0.4967158347133507,0.476398191451535,0.2988127368736656,0.6153017436206842,0.0,0.49263875835102544,0.028412602829789836,0.20897870262822968,0.027638901165724643,0.36579654856802524,0.0,0.6075595194466092,1.0,0.13152236978382642,0.575653942384554,0.32338369838508435,0.304581963598933,0.4217436110553877,0.0,0.2514161491863975,0.30507190779110066,0.3269578247702392,0.6742209096270422,1.0,0.12256694009390183,0.27466973321350246,0.4488481462596402,0.7008804526201373,0.5356618020188048,0.4965926121358555,0.12845824488652363,0.30390661880144726,1.0,0.04448771756524089,0.9101251769871902,0.8052294380358329,0.6459613737954627,0.7350571008715079,0.31357994447961
104,dsp_map,anti_aligned,9,3.219143507010776,3.2516624676362857,3.5245555901522465,3.303811321084608,0.7003643393643029,-3.996970158909332,5.573827432934195,7.474580493289977,1,0,ok,,nan,nan,nan,nan,nan,nan,nan,nan,nan,nan,nan,nan,2.472395984129253,1.3445695303710927,0,0.7401942213111675,0.6332241974686615,0.7235616940200998,0.34951250330324535,0.8278340416692658,0.38959492002171175,0.6857544278929637,0.2978280781265145,0.12787995203833444,0.6340086348229683,0.4107768792583274,1.0,0.0,0.337506191081886,0.6617209706154937,0.7423270120273466,0.4887608415645055,1.0,0.25887553046613915,0.5733439017502537,0.2634458068350123,1.0,0.3454252458641121,1.0,0.6890684998254906,0.43753279278786095,0.8853460488514583,0.781014319145839,0.0,0.142608963951325,0.7926698054730601,0.05365527071497294,0.2475406422338858,0.49742839136422906,0.282484489006855,0.3529352294775923,0.36490154166958877,0.0,0.25086589938650783,0.5007009210855029,0.8704573651602784,0.6284321961028936,0.42506951904750384,0.0989009417328418,0.7801933051272766,0.5747855629711519,0.3679020064903362,0.9208636864509397,0.5087747458978861,0.0,0.0,0.4750509148122269,0.0,1.0,0.3725024115793129,0.5514217120296302,0.7355703907937998,1.0,0.0,1.0,0.7972815973928207,0.5656340697215877,0.4564714341161175,0.29486349974263554,0.6143787836105349,0.0,0.5727081816410224,0.14386254353916983,0.19121513836357637,0.0,0.3546365786305962,0.0,0.562322659955343,1.0,0.13210805919018367,0.5006260791568887,0.2413516276862816,0.3266427530920778,0.42715268839903403,0.0,0.44461273651351446,0.46577351279268253,0.32975811736242316,0.6648950189799719,1.0,0.08836975823537813,0.2664015621156843,0.028851365871537478,0.7324309910094791,0.5876833577109029,0.5172272244101407,0.40252112945224877,0.1869268753900465,1.0,0.21175626221032995,1.0,0.8027513798149181,0.8172199097920133,0.9775560069759193,0.43032207669533706
105,dsp_map,anti_aligned,9,3.3362270159669016,3.2529910169024365,3.5245555901522465,3.303811321084608,0.7003643393643029,-4.562387940633576,5.055103656835854,8.438359956257045,1,0,ok,,nan,nan,nan,nan,nan,nan,nan,nan,nan,nan,nan,nan,2.4795078652995532,1.3401155322317628,0,0.7555052074007725,0.6507973840552088,1.0,0.24914469032193054,0.7789289831916228,0.32451709143968105,0.7104310515191132,0.08618253003954478,0.4279779630127137,0.8354466779460902,0.6232274335331771,1.0,0.0,0.547222088209647,0.8050094159587909,0.6686133160450927,0.7052026612954952,1.0,0.047179606009201194,0.584778273408177,0.25695022564931613,1.0,0.35262857389463514,1.0,0.6095305240859937,0.3180741396987251,0.9507749899005796,0.8593109449397703,0.0,0.23799127409575868,0.8054995182719263,0.05756760782183033,0.20444188790270718,0.6023937971906551,0.3570477534960582,0.3898359153622545,0.27807041495285034,0.0,0.10666686633148646,0.49490251588892525,0.7456423026467451,0.6158831870721173,0.40147407251211725,0.32584411689672577,0.9380851444382257,0.44351970106281874,0.18226900719334377,0.7675072452815641,0.5917274655016918,0.0,0.0,0.6593240630968047,0.0,0.9624702986436194,0.46557372425502597,0.5363596820517472,0.7064986716935479,1.0,0.044597848054707234,1.0,0.6039967766414492,0.5549883517522353,0.35987297569436594,0.3017662590925746,0.6036803374260479,0.0,0.40354934030800355,0.13190776495872866,0.31945841867331226,0.0,0.3426114369759819,0.0,0.663571291076621,1.0,0.14124675487998362,0.47733083716793256,0.22704308899724596,0.2828494356084613,0.32728123655004987,0.0,0.33793824053186766,0.4273221731445039,0.3485149684786397,0.7881364526630149,1.0,0.036497602383638375,0.1955720467096014,0.1264151234889697,0.6820265151235346,0.529157269506972,0.5005623004652427,0.43021292774473835,0.5574775152621178,1.0,0.3369536413663154,1.0,0.8020659714993027,0.66193821031211,1.0,0.49254106625268507
106,dsp_map,anti_aligned,9,3.037562606008519,3.2506168799913566,3.5245555901522465,3.303811321084608,0.7003643393643029,-4.597652013738163,8.513021495193243,9.850068702362478,1,0,ok,,nan,nan,nan,nan,nan,nan,nan,nan,nan,nan,nan,nan,2.4875901214379246,1.3363480073348593,0,0.6446759752311232,0.5786744350305181,1.0,0.31483590859518507,0.7169818022638865,0.11508817670074524,0.6635537231334769,0.32653557617533624,0.38356031931504314,0.6972370848306542,0.3803292329797459,1.0,0.0,0.48458444418964836,0.45292315612794487,0.5848780607021917,0.6325718551369336,1.0,0.05425290893528811,0.5813978251319244,0.24269924194370315,1.0,0.539384460096553,1.0,0.7134165313771675,0.414074354747602,0.9515978783516668,1.0,0.0,0.0,0.8629287296344833,0.058577130229215686,0.27255095910736377,0.48064235586936943,0.3511558452426441,0.48201949690883455,0.367382494586245,0.0,0.2702750809482211,0.5086521676099421,0.8688238152415572,0.6278664953110681,0.40543710922293846,0.14970623002111644,0.8372766508380765,0.723477623311019,0.3157354971644542,0.8209465420497598,0.5818939671138368,0.0,0.0,0.5993312011197247,0.0,0.8854786197471263,0.3423376458962429,0.6120856822048271,0.6276490711946527,1.0,0.03586078490607926,1.0,0.6978849852530203,0.7108722652929116,0.5164770611131324,0.3053449366838698,0.534203689181289,0.0,0.48676752298146914,0.09210761299141552,0.21335005390612088,0.0,0.3181282833648517,0.0,0.7115879868446395,1.0,0.13844574846020796,0.6208975624817212,0.2986504621735711,0.2815814671156722,0.5930858333362533,0.0,0.4851161143921338,0.5239921329608476,0.332228212871244,0.5881884496206174,1.0,0.29852759829164593,0.23650087868780129,0.07980088181118723,0.756898063215614,0.5983680975555761,0.5164800448073268,0.3391649894678614,0.4469575537689146,1.0,0.03352565129553251,0.7574562784363464,0.7964745490527037,0.8237382550612333,1.0,0.4195843182594201
107,dsp_map,anti_aligned,9,3.1551458421333103,3.2878515360465537,3.5245555901522465,3.303811321084608,0.7003643393643029,-3.2241906489939174,24.313724210951477,8.935268455184996,1,0,ok,,nan,nan,nan,nan,nan,nan,nan,nan,nan,nan,nan,nan,2.4927300512002666,1.3311410275345534,0,0.9106047481871951,0.8636985918761969,0.5736942157834732,0.5615849276796949,0.8314414511918536,0.22182407162539355,0.7660129273403414,0.0,0.31096124126806324,0.874774176119172,0.30983070663264334,1.0,0.0,0.4582813526610031,0.9326761177630253,0.7995769480123879,0.679230259053016,1.0,0.04138980438561202,0.5779247688427602,0.0,1.0,0.31005316481327894,1.0,0.8932889096926501,0.312085393810071,1.0,0.8452756668728392,0.0,0.2818630859767971,0.8273036710414513,0.06249095063378658,0.10760547382386262,0.9131339738819545,0.3320341112770712,0.27388328967951175,0.30245417435933486,0.0,0.0,0.2259496744036295,0.590205200306205,0.1870154649140757,0.39799970747094854,0.19215337147292,0.8545309479476688,0.6702160076816961,0.12261360977445458,1.0,0.6130538565453715,0.0,0.0,0.5850253083354677,0.1835910678451602,1.0,0.200311070653324,0.5163998605036563,0.5703362972683901,1.0,0.0,1.0,0.6801168779826162,0.559620379825104,0.44458181516823814,0.303545880893535,1.0,0.0,0.44004642199361477,0.07050754915640954,0.35017652374623415,0.07002614493908105,0.4325536311069194,0.0,0.660472170404879,0.9987646796343793,0.15444626715455637,0.5271267131002791,0.2725739070722334,0.2866497185933696,0.5278516787484339,0.0,0.33303477191694686,0.4269032805757251,0.6443216076459687,0.9845554777055888,1.0,0.0,0.6324265188993663,0.13931652779849016,0.664598852926602,0.9307839595846864,0.6183250780319093,0.17859298510943838,0.34025830554365855,1.0,0.49301941620192385,0.9756984358739186,0.8245911668528473,0.6289142114585663,0.9229297903725616,0.6830598934230117
108,dsp_map,anti_aligned,9,3.480974126596188,3.2597387843334125,3.5245555901522465,3.303811321084608,0.7003643393643029,-3.9623289386970293,5.197257900610566,6.832679335027933,1,0,ok,,nan,nan,nan,nan,nan,nan,nan,nan,nan,nan,nan,nan,2.498863530745943,1.3264821561085989,0,0.6654545136786363,0.7858855758947133,0.1637366607448138,0.3919502343249038,0.7434532708688006,0.5914038182118285,0.8631104930418985,0.14119417181480615,0.4387998698881217,0.8181990236435246,0.4463165811996159,1.0,0.0,0.41596740347459477,0.8743067121222644,0.8093112068098651,0.6762645858462863,1.0,0.3532769910006453,0.5959875863575178,0.18803718455909962,1.0,0.3016584194144614,1.0,0.6346037246720825,0.2217569345880602,1.0,0.8061490027348481,0.0,0.3426917385714371,0.7456065212226208,0.05885559301908394,0.2510524600355406,0.6278456890796441,0.4896942344530517,0.14465878897603007,0.268768852868911,0.0,0.16992764031079274,0.3719683218991069,0.798871314763945,0.6022387745001216,0.4164707363149431,0.3600018416093477,0.8198577731422738,0.49635379379996447,0.3227729062530258,0.9219580286293776,0.4484017033882181,0.0,0.0,0.6479269906767313,0.0,1.0,0.2567568177887746,0.5188629068457392,0.6902802026917132,1.0,0.14607592760834243,1.0,0.8531804064592569,0.5479308137649527,0.4469813984511779,0.28853559131706435,0.6985282385820035,0.0,0.3504899940454737,0.0,0.38966531756481504,0.011169526989392132,0.4176898039032345,0.0,0.6178309086254296,1.0,0.146626070978124,0.5568566096904538,0.3518903717426754,0.2993774603720336,0.34987506410567937,0.0,0.35703023357284397,0.3788377947524983,0.40514631993995937,0.6857753713887105,1.0,0.0,0.24556014277464902,0.1660475620380857,0.5508174696533414,0.6686635781430125,0.5472347486759831,0.21504772168893901,0.28752510842458073,1.0,0.2496596112625422,0.9751173131330819,0.8075387191448968,0.6269476540223063,1.0,0.4538575501306635
109,dsp_map,anti_aligned,9,3.269544220147126,3.2646955955934933,3.5245555901522465,3.303811321084608,0.7003643393643029,-4.333674716079975,3.358286959119141,9.888280185870826,1,0,ok,,nan,nan,nan,nan,nan,nan,nan,nan,nan,nan,nan,nan,2.5078737196986975,1.3236993704803153,0,0.6754449764924879,0.7638077365879702,0.1017241977902733,0.44542915679594347,0.7453537603909602,0.44602585865393035,0.7424875598507105,0.19951643998462304,0.35471625049836175,0.8545946002273088,0.4261060066108597,1.0,0.0,0.4272403536533146,0.7820023635183081,0.7608955623480074,0.701900317619526,1.0,0.0873728829069018,0.5606959752981858,0.23130388815688646,1.0,0.3526476366338658,1.0,0.7452816253247537,0.3676847915736103,1.0,0.7722062584896436,0.0,0.5234224656159469,0.7026579227557372,0.058783189285366154,0.1283877506551437,0.5833186126461187,0.3639639563006472,0.2150643363159677,0.23932535997016965,0.0,0.13108194313531008,0.3775297418954214,0.7560249353389982,0.6018308054748094,0.4193673402052951,0.30254098486572967,0.9166185546352211,0.5438290658889311,0.333559602938726,0.9072883090076156,0.4100656137824311,0.0,0.0,0.7319128280841748,0.0,1.0,0.32546791530975805,0.5513012851540813,0.6653308143219593,1.0,0.07990910451093926,1.0,0.815267025714749,0.5466520636265297,0.46170326110009696,0.2943584107033095,0.6279993635770684,0.0,0.38417079187180375,0.0,0.2538081622300055,0.029407982920828156,0.41826479466189587,0.0,0.6938982657417605,1.0,0.14518577457707652,0.577869242791674,0.21118213909123124,0.33911916574101714,0.27709220374078447,0.0,0.35425240333910124,0.37564555537305083,0.4935283418382918,0.6011811985137561,1.0,0.0,0.2012049543587582,0.2252966961870904,0.6102631251688945,0.6823533998010947,0.504414875606878,0.29534523489917375,0.32283472889124426,1.0,0.16928850820260158,1.0,0.8098774309078693,0.7309172339377784,0.973429392558615,0.5228423683044509
110,dsp_map,anti_aligned,9,3.250308637956901,3.2676665186353535,3.5245555901522465,3.303811321084608,0.7003643393643029,-3.7538050603169273,4.094383536372334,6.169627492316067,1,0,ok,,nan,nan,nan,nan,nan,nan,nan,nan,nan,nan,nan,nan,2.5147979969755014,1.3196504030344993,0,0.7494909693705885,0.7498605647963149,0.6932207525162402,0.2669346765462434,0.7814884530393186,0.5662015615520235,0.9027932102100841,0.15461153216825413,0.48968763108589825,0.7423150988912104,0.4357968864252071,1.0,0.0,0.41734077495825583,0.819663742769025,0.8287135452253225,0.6606516815814624,1.0,0.24062621412270124,0.6187752342320608,0.1550642582514724,1.0,0.11989686606069931,1.0,0.5564483827738775,0.14783814630083167,1.0,0.8787395209902341,0.0,0.10299576297316242,0.7614872404249549,0.057606702004192836,0.39059023253304115,0.6536043191763139,0.5462575934188314,0.18325707290054144,0.3378478065542659,0.0,0.21490343627559055,0.5046202120656642,0.8103077407858705,0.5913696383452395,0.407322577347425,0.36019068753506606,0.7435287614393477,0.46196065193042335,0.3226316447517076,0.923472324757465,0.5224017448235415,0.0,0.0,0.5286306394101163,0.05182592618775285,1.0,0.2966921978022602,0.4985017752194191,0.6668186021473309,1.0,0.09720447260589027,1.0,0.8449774967501053,0.5704925147275535,0.45251366542328547,0.28083690552868584,0.7455530101876802,0.0,0.3933797257109087,0.0,0.41276166803621556,0.015654080619953818,0.3978145455584073,0.0,0.5018522617502001,1.0,0.14246877058702606,0.5267496189459783,0.38596220816365584,0.29307837144402543,0.43724766943326654,0.0,0.355043485164887,0.425417384017476,0.45576419517848876,0.7911241411399703,1.0,0.048580841473296846,0.30825317319962015,0.19123897372416226,0.6728196490852557,0.6418584184329884,0.509087421939602,0.17048676434873078,0.3033368500561417,1.0,0.3565013035439422,0.8743085694474036,0.8075649355013023,0.5387465045021922,0.9319860192870142,0.4751544165313389
111,dsp_map,anti_aligned,9,3.4033224768753048,3.273202451046001,3.5245555901522465,3.303811321084608,0.7003643393643029,-3.5417852863462165,8.43844859674573,5.797204983886331,1,0,ok,,nan,nan,nan,nan,nan,nan,nan,nan,nan,nan,nan,nan,2.5214242189663247,1.3155295331292562,0,0.6403191548609691,0.7775054463535689,0.12040243228297516,0.29942121685856954,0.8382262265998096,0.4469841264414448,0.8044698500320258,0.3312516077035079,0.39526290963531363,0.7564975902044498,0.5321620000011692,1.0,0.0,0.43901620818960996,0.6653438505099101,0.7155104250829037,0.6543850138278847,1.0,0.4080648231953601,0.5770525656943549,0.21407108918540596,1.0,0.642939799158324,0.9382795832972552,0.6404240727281996,0.20110474854917876,1.0,0.7790345540087357,0.09831056689199576,0.27692094285735136,0.8596618600899969,0.05341098455728596,0.3543193576012423,0.4136360191707809,0.21730250750953986,0.27076941443874336,0.26466051685190994,0.0,0.18566175017460967,0.3549375989309978,0.9001067590163329,0.5970642772080164,0.43732581451201324,0.2200006061016213,0.8741676115548875,0.5570319088329085,0.30923859758212763,0.8561465074403901,0.4149704229300172,0.0,0.0,0.5955108985565839,0.0,1.0,0.3020459029673655,0.5050070514283148,0.7218371365214282,1.0,0.0,1.0,0.7382203040144639,0.658602416140666,0.46307092336960004,0.30218339862080895,0.5408148305781973,0.0,0.39522125523727836,0.2288883621096018,0.32427340552891415,0.007556854057235811,0.4465397638768049,0.0,0.6374760590449082,1.0,0.13965153852124,0.5725689785316247,0.2917990321928932,0.3492166159787463,0.45757611145399313,0.0,0.26467456813612333,0.4367743768856381,0.25229467263127364,0.6678062321476042,1.0,0.03397780778300152,0.28062884801778704,0.09065772302944168,0.5434632808693763,0.6150729368199688,0.5794724220682749,0.20712622922755883,0.3598687176714151,1.0,0.2037395355337623,1.0,0.8165955498896897,0.771666352609435,1.0,0.4667721041802728
112,dsp_map,anti_aligned,9,3.361836081190309,3.2527871674700446,3.5245555901522465,3.303811321084608,0.7003643393643029,-4.494488745338843,5.674364469945431,9.870266545098275,1,0,ok,,nan,nan,nan,nan,nan,nan,nan,nan,nan,nan,nan,nan,2.5292983105547973,1.3122683235019603,0,0.5635867991110622,0.6699035989524217,0.0,0.40238885823932247,0.7689115528458321,0.4007336912121068,0.7221051538036997,0.22331643883983004,0.30102520224594626,0.8809499527394996,0.4085292345151903,1.0,0.0,0.49556933933218095,0.8123387232214248,0.732145914303699,0.586917254992963,1.0,0.18687549201252865,0.5811992636985817,0.12716624774569704,1.0,0.4453361674116211,1.0,0.5538528073021638,0.2923936016860346,1.0,0.8291886766668999,0.05595934701501451,0.23213615647320018,0.66530454585615,0.05349122940432822,0.14996731946697503,0.7419929137957666,0.25918500312017445,0.24291874397456095,0.17491220465382903,0.0,0.14179830228993184,0.3487065097316173,0.6899687852727537,0.6189295061240607,0.42636748517463,0.3908680205030059,0.901078104160547,0.5017343888379102,0.2162433455340067,0.960003920533287,0.48386191627780284,0.0,0.0,0.592619610902819,0.01950226408260758,1.0,0.25891372774567883,0.515858709179984,0.7510423822778806,1.0,0.13918984562540515,1.0,0.7418972325885618,0.6913604749092,0.38970123511684895,0.30684602298607566,0.5418907039231667,0.0,0.4102050918882569,0.11009974347786468,0.3325790576552429,0.0,0.34042464734198447,0.0,0.6529516899267926,1.0,0.14292669712993541,0.4082928562164147,0.3566471284468972,0.3699120731198947,0.4726531289642073,0.0,0.31672898088909057,0.41469723041344037,0.3444047774988176,0.8053611703350455,1.0,0.2575374790981721,0.11207241145470309,0.284037743007749,0.5870447185099636,0.5871604663294966,0.5415823505803932,0.3584572358194523,0.3516514180665564,1.0,0.29111027641218645,1.0,0.8072087920367824,0.6495067334915909,1.0,0.4825071660175029
113,dsp_map,anti_aligned,9,3.275928634414002,3.27278865650476,3.5245555901522465,3.303811321084608,0.7003643393643029,-4.527486618213707,4.680313100107014,9.968918096274137,1,0,ok,,nan,nan,nan,nan,nan,nan,nan,nan,nan,nan,nan,nan,2.5366659014453767,1.3087735881280047,0,0.8448668079917301,0.6592955614005239,0.3021189917134832,0.32144058632173156,0.7721481295178871,0.5224908784316803,0.7707507260157529,0.020125786809971954,0.5041935054965373,0.6941036868849902,0.4674577280025766,1.0,0.0,0.5120244174404511,0.6569784898607298,0.7831904848738387,0.6714416365163394,1.0,0.3649178793272255,0.5835701773428306,0.16524422174379133,1.0,0.49081798620818207,1.0,0.6657190521082478,0.3546788351299212,1.0,0.7671659549318554,0.0,0.26803935747959823,0.8598270130123301,0.054923066242047174,0.2506513796554079,0.5139393230893597,0.37356018267452185,0.22717053710241783,0.27864790801352,0.0,0.12840697440353666,0.45008457114760125,0.61259111939522,0.6199426096685474,0.4133856950115133,0.16854504983860824,0.7686647376080333,0.5359471647974176,0.2977903254624194,0.9472596086671797,0.3550235022350307,0.0,0.0,0.6596259532448934,0.0,1.0,0.29723934593483964,0.5173882609687821,0.6184017965822666,1.0,0.08164460746169452,1.0,0.6509252676855485,0.5098114065892468,0.6961848023285003,0.31017542929987024,0.49818857226549856,0.0,0.4480838954945599,0.0937663227370298,0.38776392736081616,0.07058848967431512,0.3606885385135842,0.0,0.6640786413635332,1.0,0.14233084828588474,0.4895170766109254,0.1668503210542683,0.3493787365334506,0.4190501789308973,0.0,0.35417965126681517,0.41831192923073035,0.29596020332307266,0.534423661411058,1.0,0.0,0.25505954578158896,0.1450746128918973,0.5708856323271506,0.673172869295776,0.611004595603805,0.30135742072383165,0.34358044798805015,1.0,0.19395273963754264,1.0,0.8139002823616843,0.5770631697059948,1.0,0.6281577518565205
114,dsp_map,anti_aligned,9,3.162880727059855,3.2854672939312852,3.5245555901522465,3.303811321084608,0.7003643393643029,-4.456220655961685,7.229671259876341,10.011516598053277,1,0,ok,,nan,nan,nan,nan,nan,nan,nan,nan,nan,nan,nan,nan,2.5431506622608913,1.304842848335819,0,0.7649279993136503,0.545322433804444,0.4853332681820938,0.3355923315690212,0.7913691555685815,0.42750351036275086,0.6445316718289796,0.15698317564972175,0.32660460387187173,0.9279605403916004,0.47317469804463635,1.0,0.0,0.5005393994830958,0.9261859660143439,0.6210725169884396,0.6612737289228254,1.0,0.2593572481389098,0.5755727202224233,0.2715580103070675,1.0,0.5958344617980417,1.0,0.6447818442886181,0.3336012859982334,1.0,0.8612330537877222,0.06082601188929488,0.27164857252951163,0.8072341283762821,0.053617029802020724,0.39016631380746486,0.585245669812994,0.2141870532031773,0.17165765615932255,0.29882606984844845,0.0,0.15458064378578362,0.5554975347869352,0.8972824711724405,0.5959879425084611,0.4664435720859429,0.36858081842544765,0.8479216096204252,0.5082390553615811,0.35976074331985186,0.9592458194878866,0.578790765497745,0.0,0.0,0.6350686243115717,0.0,1.0,0.4432961157123389,0.5061955836567849,0.8050436645689111,1.0,0.019811879983730327,1.0,0.8300180137108177,0.5456035790827688,0.4975459470833334,0.3048449519491634,0.5703276372627306,0.0,0.4227540236152206,0.11713458758460128,0.2887763724113412,0.030785309260182695,0.47561002701456445,0.0,0.5758414230323818,1.0,0.1376693167951736,0.47987660115471353,0.36114942958701723,0.4494279550520321,0.3604957614543005,0.0,0.4148836109134629,0.2871462361970998,0.29094502517800186,0.7492862924440299,1.0,0.0,0.23207850634871974,0.1391767598471511,0.5595315188652027,0.669433519672014,0.4038667884877226,0.3263219396178269,0.37958213272173114,1.0,0.2421089431145371,1.0,0.8202110148123061,0.6231732265252139,1.0,0.5116597193447321
115,dsp_map,anti_aligned,9,3.156821700968135,3.265248682713155,3.5245555901522465,3.303811321084608,0.7003643393643029,-3.788595506634895,3.4129218719899654,6.330097273923457,1,0,ok,,nan,nan,nan,nan,nan,nan,nan,nan,nan,nan,nan,nan,2.5485396193460996,1.3004307632932863,0,0.4908307279917593,0.8818047811120209,0.3425379598900048,0.33947732445706635,0.8006366122673035,0.3731674981346736,0.8073833771556942,0.4277580307615501,0.4332342304266855,0.6972381320320302,0.44982002853704534,1.0,0.0,0.34494659032534875,0.6898070230546883,0.7779094769311969,0.627868328765674,1.0,0.20751996141512807,0.5671731642271488,0.2929815836726009,0.9781265629254974,0.0,1.0,0.6616665425176134,0.13926256744753548,1.0,0.8463239114971125,0.0,0.27702390649247577,0.6046813923780805,0.05986266514721796,0.1649529438682246,0.5265576397239475,0.3621372227158391,0.3380348408440024,0.2322435872347971,0.0,0.30611812995576404,0.2755282711417458,0.862111055322274,0.5875966063560176,0.4112387467476942,0.25043649384771305,0.963989504274303,0.506785637724039,0.3147036878910094,0.768326491020007,0.49695534924553264,0.0,0.0,0.6556810908109612,0.0,1.0,0.27383303138543225,0.5413168115384547,0.620287449069504,1.0,0.054776298213084794,1.0,0.7624863025561085,0.6173538679956949,0.37778337089093295,0.2906805828667499,0.787840068442119,0.0,0.36758774162293617,0.10581591571497384,0.3205377434733317,0.0,0.37670036369126647,0.0,0.7223327810967706,1.0,0.14255699867219693,0.6799357242197638,0.3250278266940737,0.22456000915476224,0.4621259870523553,0.0,0.3374272668269547,0.5487574557955083,0.3339391933281224,0.6666887855593329,1.0,0.1833119604322367,0.22936001705612727,0.19648250462260292,0.6316072586914384,0.5954621485646097,0.5912921752464201,0.2547212577933898,0.45221767486184,1.0,0.24238606226469844,0.927593200377066,0.8061620931715865,0.8414992495838254,1.0,0.4623504198716416
116,dsp_map,anti_aligned,9,3.2946608779371465,3.264369017962495,3.5245555901522465,3.303811321084608,0.7003643393643029,-4.0441573189639435,4.752484309952706,7.9779657600447536,1,0,ok,,nan,nan,nan,nan,nan,nan,nan,nan,nan,nan,nan,nan,2.5537834303945655,1.296033860170805,0,0.7902843533044637,0.6533649988293936,0.0,0.34314011629992885,0.8226543057687327,0.48747113080651927,0.7993966528078427,0.028078641920193124,0.32611600038523486,0.7256732101983191,0.3931379141296205,1.0,0.0,0.5349414926027475,0.696516941734057,0.7845450899426035,0.6825435902111953,1.0,0.07709007271861208,0.597638089434675,0.026053021288251384,1.0,0.43933166456460204,1.0,0.6040318373253065,0.42201024298455425,1.0,0.7749830977128995,0.0,0.2858466504104073,0.8844584697056378,0.059360402301510636,0.15580241243836665,0.6083462713246641,0.44104922504553884,0.25461668041311675,0.24373836331038734,0.0,0.009521837091027809,0.42839768231905884,0.6590074614115277,0.6004897507997596,0.35367727537921423,0.32221008219593056,0.8450818454518294,0.5748885312797647,0.12415758745760688,0.9889754982554192,0.4679426677544928,0.0045010442289906225,0.0,0.5307484101645977,0.03371595683176277,1.0,0.34899044744016877,0.524288690983302,0.7474562418517166,1.0,0.20356952096573774,1.0,0.6723513712431776,0.6479873838130309,0.4898401451902073,0.3049233630968683,0.4827771942713918,0.0,0.48249981705035233,0.19130161058249437,0.3599217289397013,0.0,0.35189027182187965,0.0,0.5801786569210279,1.0,0.14619286458922548,0.39622411924137796,0.2158008466038254,0.24241819052788924,0.3577037103570228,0.0,0.23518672345783545,0.40272793476346,0.24925863209389412,0.7741569281758894,0.9587727871742567,0.08478233347781748,0.1950830243401701,0.19945232626356454,0.6900200673746165,0.5073700364179091,0.5202789071567783,0.4107480205682533,0.27141422080789007,1.0,0.371961290810752,0.9615722815443196,0.808224099725353,0.7378316613042332,1.0,0.19833600489352585
117,dsp_map,anti_aligned,9,3.2896486548113,3.241006449052568,3.5245555901522465,3.303811321084608,0.7003643393643029,-5.147508814102058,3.627741030883044,10.358045880682766,1,0,ok,,nan,nan,nan,nan,nan,nan,nan,nan,nan,nan,nan,nan,2.5601157162709978,1.2922842853689553,0,0.7806276197606821,0.8614538085124913,0.4675595344163861,0.2094432622458351,0.8581024292461191,0.40351074381800756,0.905739561520868,0.2529866295169999,0.48136589240747446,0.7100124080095439,0.28117229862788756,1.0,0.0,0.5207174474648937,0.6977658986032358,0.78164114871906,0.641092075795445,1.0,0.38790710938609513,0.5388723333320244,0.1408654275233769,1.0,0.817544628121039,1.0,0.6168438518375632,0.23846434322825827,1.0,0.8725507226264944,0.0,0.3236860136016509,0.5926357917130651,0.05619998132232562,0.14743755426956634,0.6590689148651547,0.43388257756882187,0.32971942955678435,0.2868028543330297,0.0,0.12699756470838816,0.25774815237594567,0.674731473492524,0.5195164563350211,0.44701047009246464,0.3832135833318203,0.8655626323871405,0.5573583105211611,0.3943216398632501,1.0,0.45761381916617827,0.03232267436586366,0.0,0.4944938820921813,0.0,1.0,0.3087880730522038,0.5134462003515483,0.6466779952494627,1.0,0.12302816868722197,1.0,0.8713816667262918,0.6549087796646805,0.42532872340907774,0.3047099198931776,0.6530048723628352,0.0,0.4624931994785786,0.1500122157568988,0.2773630984264116,0.0,0.35175172522598086,0.0,0.5658769548723348,1.0,0.14170082343350887,0.5233162554495342,0.24023611909464376,0.41102964006775156,0.3365808443319776,0.0,0.3635880110218015,0.3580746006970284,0.37872557155679554,0.7725311177245318,1.0,0.0,0.1904576087177411,0.28033749433603145,0.9583984419360888,0.5531033713192871,0.5058741241288914,0.12439876077578631,0.44852219815665584,1.0,0.24883002440728294,1.0,0.7973613733164125,0.5530881509787909,0.8643281050647155,0.34523696686149385
118,dsp_map,anti_aligned,9,3.1854388813861703,3.253270596510563,3.5245555901522465,3.303811321084608,0.7003643393643029,-5.399611070897058,2.430556993931532,9.888676838949323,1,0,ok,,nan,nan,nan,nan,nan,nan,nan,nan,nan,nan,nan,nan,2.5662981988010003,1.2885333696228118,0,0.6176195877374298,0.8731933799055553,0.3829523754693168,0.35830535279297826,0.7961772412280926,0.495270352046027,0.8352313965915477,0.17956416723114127,0.38527364066476133,0.8187412769092125,0.41340762035151557,1.0,0.0,0.43643949044678687,0.891249586543047,0.7805980318331259,0.7273064373540342,1.0,0.20665067560761932,0.5960732700803371,0.2659381369064625,1.0,0.26225353390480827,1.0,0.6022812480764764,0.4285188646012309,1.0,0.754029672321225,0.0,0.02726499651836278,0.9382528548084664,0.06054963078643395,0.24793036475077934,0.46050202489924563,0.4239440917571387,0.18549609533517725,0.40161701230099356,0.0,0.27031843558382923,0.4130556375208619,0.7000066901441102,0.5587120878359585,0.40921867900044134,0.29126474354008264,0.6518661085983807,0.5750524924139074,0.3130662369954873,0.9418629515511152,0.6765280424098705,0.0,0.0,0.6128155546869818,0.0,1.0,0.22135566765685835,0.4458732721196028,0.7551127696746412,1.0,0.07540714043906216,1.0,0.6766390007687131,0.8382406163358487,0.491866370113633,0.29272952566775623,0.3584510818182054,0.0,0.40206456792204515,0.16959995874559167,0.273677150708967,0.0,0.2691737162845671,0.0,0.6637680169350093,1.0,0.1480594203695837,0.6363883546104541,0.12224512567099563,0.4257626511908343,0.19989089702435972,0.0,0.2535140165999411,0.23181342393769003,0.5163448608027084,0.7295423065502601,1.0,0.16134269809529958,0.21863610519341437,0.26701625033627807,0.8471388979022624,0.7122413413479339,0.4724487603667909,0.38741630755767253,0.24736564401294636,1.0,0.31667264420676194,1.0,0.8044524683739898,0.7197563236618651,0.8902745571201656,0.8140659346277077
119,dsp_map,anti_aligned,9,2.9554729623562697,3.270111848258096,3.5245555901522465,3.303811321084608,0.7003643393643029,-3.6536035049299045,9.084254055283964,7.670618237927556,1,0,ok,,nan,nan,nan,nan,nan,nan,nan,nan,nan,nan,nan,nan,2.571501061679867,1.284352064181404,0,0.6268575992148352,0.6810917295111608,0.6830200269634746,0.35326988945081855,0.8799456690039438,0.45972109741616257,0.7136276190411739,0.26832313495689464,0.29509368266124747,0.6101632251964809,0.5126964911282882,1.0,0.0,0.4718780943084389,0.6901972493891217,0.8717154487310947,0.6533181179029102,1.0,0.20573047030068056,0.5877277809397031,0.15969682927342055,1.0,0.15308985098526925,1.0,0.7198191054550882,0.2847532304404225,1.0,0.8027199676441656,0.0,0.23660416419484617,0.6423682220533101,0.061239339738764186,0.19420443298213028,0.5890668064319101,0.18565850537165107,0.3347200020062386,0.19115519440166337,0.015007923960286685,0.07330485937707482,0.3989448703300695,0.9161683407398516,0.5928770329822183,0.4127731517006754,0.2323279267541959,0.9041590418251096,0.5855264341302935,0.3370280675694685,0.6472728534262513,0.3448539291733508,0.0,0.0,0.6037682776499738,0.0,1.0,0.3506338918053894,0.5338296549802778,0.6977368423285316,1.0,0.042406071458875136,1.0,0.8582366666512241,0.5390453305731842,0.41751279435477595,0.3081172992864105,0.6131728480559505,0.0,0.3751962376499251,0.03633944223530075,0.30917493402710516,0.05040550060407918,0.4134545019157845,0.0,0.5528963345062123,1.0,0.14171896746169882,0.40581235061077636,0.16049973771680473,0.332679975824145,0.4026492419499053,0.0,0.3419791836274973,0.4121117502936198,0.16263226995078509,0.6665281006707812,1.0,0.06080762186427149,0.3564673367027417,0.2523331904013275,0.5992801602475757,0.5443753879582761,0.5121812451057471,0.35559726656681084,0.30754116938859544,1.0,0.30396492455318036,0.8842934883874345,0.8040490633738042,0.8308573059969556,1.0,0.47577686957160426
120,dsp_map,anti_aligned,9,3.1521064905101355,3.2223195878909308,3.5245555901522465,3.303811321084608,0.7003643393643029,-3.544791102033435,7.349974831566215,6.304355018306524,1,0,ok,,nan,nan,nan,nan,nan,nan,nan,nan,nan,nan,nan,nan,2.5747008275188374,1.2794656194013678,0,0.9249233996477573,0.550717643084685,0.09188171679203376,0.3526926543663337,0.7768956281113499,0.5546642538786737,0.7995393498377618,0.12200842548154911,0.4860435887517779,0.7502054050763348,0.4554944075484285,1.0,0.0,0.4954400274112206,0.74813424182603,0.7267755647147104,0.6582319514750232,0.9543999600778575,0.5353578088485644,0.7045302017028208,0.2314231730426932,1.0,0.335993203188676,1.0,0.7584607735751623,0.2614761697291629,1.0,0.8222703239598862,0.05599048325602765,0.06129258420476925,0.8681962268116424,0.06177377157876813,0.19508497813771483,0.5779280898886812,0.13939899482986978,0.26319649254034083,0.33849019469189545,0.0,0.13765932869715083,0.4821918623441707,0.609195730845855,0.5749797052591837,0.36942926321400316,0.3714882269227994,0.7479100322744366,0.606843711573127,0.24843913574520912,1.0,0.4920122820557803,0.011786592613496303,0.0,0.5703696199257295,0.09357055795333104,1.0,0.38397171070303193,0.4747830738936752,0.7479456262928205,0.7519223528819691,0.0,1.0,0.8263970803233015,0.6565536562753084,0.5354547345443325,0.29558372743281425,0.5860263789990164,0.0,0.4408261301410136,0.1670903695185873,0.3813614092622288,0.0,0.40120693696123316,0.0,0.6980456853907102,0.9157930068829422,0.1366802090711867,0.4624545853214046,0.2963580592163649,0.39013840548390044,0.29587009216629095,0.0,0.3899887296061235,0.2984174905672444,0.6514589190561189,0.7059484790984042,1.0,0.12579337536914123,0.2721877352618497,0.3395835578066774,0.7247595509197552,0.7702720933997296,0.5127687873738828,0.5388392314359681,0.4145406258427551,1.0,0.2063210872601955,1.0,0.8092357451053469,0.6121866019870527,0.9830502634580531,0.3630732368342262
121,dsp_map,anti_aligned,9,3.239613853734606,3.276835949457495,3.5245555901522465,3.303811321084608,0.7003643393643029,-4.422208695517611,4.937019620090723,9.378143372945487,1,0,ok,,nan,nan,nan,nan,nan,nan,nan,nan,nan,nan,nan,nan,2.579472775146865,1.275239450850571,0,0.7891268792192673,0.7706456921726237,0.12366731571124356,0.42057157913312015,0.7731768614449468,0.38020365604549317,0.9539485775198319,0.26202686464395447,0.5571817053201217,0.749561174404144,0.4333933075606634,1.0,0.0,0.40599264607343816,0.7818937085318792,0.7291048225007201,0.5682495160651686,1.0,0.0,0.5801919985288324,0.11127479695341842,1.0,0.5977094736336733,1.0,0.6179520916431857,0.3133382346552602,1.0,0.8819666074805911,0.0547823737905494,0.20358070764085875,0.7248196660918927,0.0620338927405794,0.13863219851729325,0.5475067640958353,0.5340632883220882,0.2013833498294703,0.23559250953739663,0.0,0.2512464230704677,0.4750700458359685,0.7400963183188788,0.6128978201424328,0.41447108978084557,0.40306270246056686,0.8374890404901874,0.641809068558065,0.2005743003069955,0.8936956304970657,0.5417782992123277,0.0,0.028675587117730862,0.6299735557829756,0.2999284742662233,1.0,0.16609594920624776,0.5013177557576032,0.6283986400745548,1.0,0.0,1.0,0.6607668886313812,0.6947083931608213,0.5104537096007631,0.30485812028226406,0.6817055601407616,0.0,0.48024789755809294,0.10422053857337793,0.3408777732043435,0.0,0.3572975169321717,0.0,0.6344586297846757,1.0,0.13843289964837294,0.6460596684340856,0.36691834291436937,0.3023727138983804,0.5252158503930442,0.0,0.2840815008528994,0.41254602683365216,0.43131485015568216,0.7611832563291426,1.0,0.2784502803799857,0.11209943443684228,0.0,0.6785629382361384,0.5931117422410858,0.6025511940931363,0.1584141494731679,0.5407783725830391,1.0,0.1763921892985851,1.0,0.8050938740802535,0.6897158875746191,1.0,0.3725714781865466
122,dsp_map,anti_aligned,9,3.173453564129037,3.23220659891926,3.5245555901522465,3.303811321084608,0.7003643393643029,-4.4451063585193324,6.604410961270332,9.937776695936918,1,0,ok,,nan,nan,nan,nan,nan,nan,nan,nan,nan,nan,nan,nan,2.5848837675943055,1.271396317475249,0,0.8193734724314682,0.7287660508025884,0.314241318688668,0.18709714799467816,0.774452807141564,0.4605814899081907,0.7187470408143396,0.1089121255062668,0.4057446137773565,0.7734870090065415,0.5000918234219323,1.0,0.0,0.4458491228218384,0.7258940269602366,0.7332926542273299,0.655721541495669,1.0,0.1430612413575298,0.5638110237705308,0.14178779066667388,1.0,0.2811475660973319,1.0,0.579249422248006,0.2853884995437945,1.0,0.7370071989740489,0.0011656246986370704,0.19327497794423337,0.8667400856330345,0.04862608217331673,0.18605161567717635,0.506732948048909,0.3947601925568974,0.049750071349820055,0.2334854750692639,0.0,0.06685032754073911,0.4941315116426332,0.5658416096897781,0.5933347343995593,0.3494443991000515,0.30857952747576967,0.8560307460133185,0.5743721511331511,0.36946653384666706,0.8597057457056929,0.5066212894491887,0.46757517882577637,0.0,0.6717158072300543,0.0,1.0,0.41584488825931487,0.5289474258822995,0.7418792626531487,1.0,0.6242249027965961,1.0,0.7269648082182721,0.6651712142561346,0.5134027607780509,0.2966858331950588,0.6774615397749997,0.0,0.47552252280142215,0.29103029495082994,0.38943046069955595,0.0,0.3133016739900158,0.0,0.6033529528523308,1.0,0.1390698003649952,0.6039101209761063,0.2918092992235581,0.36879646948532224,0.45861897865463613,0.0,0.3277580265016267,0.4059913891404558,0.6209335732680723,0.7709046500510738,1.0,0.10662384533260465,0.15789271316594228,0.23346976727626834,0.8599126283477806,0.7157179940439754,0.5155109220959598,0.18321411384717304,0.38887956419764336,1.0,0.2011642195868061,0.8244427943823353,0.8042889378339948,0.6927052282946925,0.7311328415573354,0.7854318046796241
123,dsp_map,anti_aligned,9,3.5206549497032373,3.2812785239283895,3.5245555901522465,3.303811321084608,0.7003643393643029,-4.859822814247535,3.8537076846696436,10.36567779025063,1,0,ok,,nan,nan,nan,nan,nan,nan,nan,nan,nan,nan,nan,nan,2.5896688878913356,1.267320092750127,0,0.7642828270250314,0.8081866616814458,0.0,0.4114135541667034,0.7776351832890026,0.3318060143555775,0.8210707799477336,0.05666290726586346,0.5267472783211349,0.7414377104414356,0.32649622172523246,1.0,0.0,0.5634623875907087,0.7885633034775449,0.7182865295761073,0.6385997044964742,1.0,0.0,0.48625602899932147,0.13119873684722871,1.0,0.5496388623480595,1.0,0.6171890150252817,0.445928520360535,1.0,0.9647459588009224,0.0,0.34226057705338236,0.877173170029771,0.061993605440165994,0.29692182923202026,0.6788050908140216,0.38939216983437924,0.4258349764239125,0.32387302892644293,0.0,0.08814242343487463,0.4089861209977182,1.0,0.609174102980013,0.41441947967804116,0.25982578876312,0.7721950022063488,0.5021774772881549,0.19314944151134003,0.9278294472569861,0.5653110996379529,0.013015795381283996,0.0,0.3527331274638918,0.0,1.0,0.14273798198103807,0.44592071205069667,0.7053513461630321,0.9801115221445998,0.0,1.0,0.7723898005067271,0.5298855267431009,0.4371557430477249,0.28391251203418444,0.6244176884116559,0.0,0.43113573832415336,0.17740986829650618,0.23815169897659666,0.067741893102316,0.4634729520542273,0.0,0.6529309408618208,1.0,0.14142189242323527,0.5141216049673869,0.32427101527309704,0.41671960610959363,0.35646382127814336,0.0,0.32812311752511464,0.4938757212291265,0.3875404260871978,0.7460513767559039,1.0,0.08987156583969304,0.21885100504065627,0.38794390133304946,0.476814666020301,0.611282030154132,0.6148944634555725,0.26702160417206433,0.3676825623332707,1.0,0.26016932773464746,0.8231831911137385,0.8080430637693733,0.5251994681523269,1.0,0.45809055126078846
124,dsp_map,anti_aligned,9,3.258639080959191,3.2834839941866365,3.5245555901522465,3.303811321084608,0.7003643393643029,-4.049811205965684,2.6316323620267212,8.611308129038662,1,0,ok,,nan,nan,nan,nan,nan,nan,nan,nan,nan,nan,nan,nan,2.5971768400027218,1.2649431709776373,0,0.7624753626797325,0.7197754817022655,0.2739102143897377,0.4365535069800859,0.77340184614809,0.2773783067344477,0.8246650199760499,0.20463127884192436,0.5158243762842261,0.755207046784578,0.32440653578895007,1.0,0.0,0.6004661745365478,0.7217494235057967,0.7242869705028216,0.6676835982786713,1.0,0.0,0.5548869378165718,0.16495760288736763,1.0,0.4001819355883388,1.0,0.668389347582119,0.3833752726808004,1.0,1.0,0.05392901024076065,0.3492487201687182,0.7909232960334314,0.060501179950609774,0.26770720771709616,0.7151428884380467,0.4456215058698283,0.4778650871842813,0.2783796280351878,0.0,0.19975520648794695,0.4005437350556933,1.0,0.5934438071727876,0.40713199737737565,0.24680218561034808,0.7511148546787284,0.5475982742743565,0.25186043144657294,0.9725672972111272,0.5595428165712928,0.0,0.0,0.2987786973936905,0.0,1.0,0.14641076257312424,0.4417283940044576,0.7502396065118027,1.0,0.0,1.0,0.7229762998128932,0.583379339244538,0.45100431514143097,0.2917414468984186,0.5754757550145031,0.0,0.369599476953227,0.1397834695760849,0.25995380583993943,0.0,0.43904556338236295,0.0,0.635205857300051,1.0,0.1386395355175027,0.5213582691108051,0.3429401096284669,0.4243300347750254,0.42601027288905574,0.0,0.33805092640513174,0.36666685617187433,0.36294049368641573,0.6412406588082761,0.939316507840194,0.0977800100763098,0.24208429718638294,0.27698131052619873,0.4492795054605147,0.6785627721820046,0.5835713026786128,0.2737291666571728,0.37823891812857297,1.0,0.27537336494140224,1.0,0.8117804617575455,0.5736490818760179,1.0,0.25494395973596035
125,dsp_map,anti_aligned,9,3.237874673964835,3.279429970610669,3.5245555901522465,3.303811321084608,0.7003643393643029,-4.037295394521056,3.6387756187468767,6.162425008136779,1,0,ok,,nan,nan,nan,nan,nan,nan,nan,nan,nan,nan,nan,nan,2.6024685379303736,1.2612505033891037,1,0.7951333510199743,0.8431401025131313,0.0,0.25448030999687765,0.7820826184275677,0.4310451911877536,0.7684600898540621,0.0,0.41049904307154833,0.7301792640030975,0.2714523752644028,1.0,0.0,0.5164615239493902,0.7394941163513369,0.7254086192623013,0.6332237250091783,1.0,0.0,0.4781501211373442,0.11265728071459258,1.0,0.7441976961564095,1.0,0.5295027198736721,0.4482734582976542,1.0,0.8594381067048498,0.0,0.2878490239712143,0.8989720760799388,0.06238151926860784,0.3506463159180968,0.5377951236548827,0.36184113771279297,0.27020775791314233,0.3624035132155117,0.0,0.0,0.44892907103182894,0.8961803090760981,0.6291086441492331,0.4332849374530619,0.28708797189057844,0.8327439290114842,0.4773244486102837,0.12333090718623502,0.8877391656903134,0.5664679075421666,0.0,0.0,0.584920470826195,0.0,1.0,0.2085104524653416,0.46768534378250487,0.6441114606387854,0.9347366293650768,0.0,1.0,0.9152274606176426,0.49944763969981903,0.4467524824110404,0.28185733339446273,0.6449114494826793,0.0,0.5080600813303989,0.19150679172936313,0.24914736413248034,0.11205519071001575,0.4456040543958761,0.0,0.6927390685062622,1.0,0.14328549438748403,0.5533317336883515,0.3470736720900144,0.3663404297162197,0.2562277693755338,0.0,0.30717817944124,0.6332185789269019,0.4239866514621254,0.8998334303491229,1.0,0.16467029824906393,0.22860621281065402,0.3380723511355674,0.6879209499403589,0.48075212560152525,0.5803430504747407,0.29607509564651036,0.4907242355480342,1.0,0.14627020836846794,0.6057212910383905,0.8078705783616381,0.5391897243947841,1.0,0.7208176409991671
126,dsp_map,anti_aligned,9,3.341676953710254,3.270452417446231,3.5245555901522465,3.303811321084608,0.7003643393643029,-4.961539636744275,4.7551997900009155,10.210854338016361,1,0,ok,,nan,nan,nan,nan,nan,nan,nan,nan,nan,nan,nan,nan,2.607511443771917,1.2575001678872795,0,0.7227947005590638,0.6724390193994735,0.0,0.32064433035897655,0.7762755458163735,0.2994421707323134,0.9994712594928736,0.0,0.5370545024502328,0.8156809797006106,0.24162909604149313,1.0,0.0,0.5593478842162692,0.9580676603367745,0.7163784651877663,0.6352520373365218,1.0,0.09941469160282826,0.5344027940042494,0.10010496870936686,1.0,0.5483414617085264,1.0,0.6489703846121071,0.3188232028574709,1.0,0.603577664955015,0.0,0.09650994400492317,0.6721385447234483,0.06033390456861535,0.3191586959683644,0.6730970848575057,0.5039758313677705,0.3259466746738061,0.3225686055701989,0.0,0.0930145187023209,0.2621194210842466,1.0,0.5241332261948197,0.4154307236765503,0.3169628993733091,0.8126862136995934,0.6073547746021337,0.3867327326909557,0.8638519658011045,0.5272167011955211,0.0,0.0,0.37942177913621766,0.0,1.0,0.4263136096078979,0.5685533683830056,0.6030856119755083,1.0,0.009551133299820274,1.0,0.6542188235156157,0.44124716044696555,0.566217176945624,0.2787637869160717,0.5909915709564971,0.0,0.4122333370792406,0.23649559775780013,0.270694570903809,0.1457362638601669,0.4930942510862786,0.0,0.6446389340459927,1.0,0.14174378882052147,0.5507261279036241,0.299576260964466,0.3788326273158684,0.34419719115004266,0.0,0.3556674085003757,0.5365812888423143,0.47834005819943476,0.6002561952410301,1.0,0.08178781578306747,0.05220488123301792,0.43833671266488106,0.6697196140370852,0.48557252613156693,0.5411955497108972,0.2111569161953101,0.3990108723998105,1.0,0.24534239995471346,0.8913456326888514,0.8051080877272419,0.5968015916163715,1.0,0.5358925901813799
127,dsp_map,anti_aligned,9,2.3844602312199936,2.414471788028727,3.5245555901522465,3.303811321084608,0.7003643393643029,-2.7855343044902954,9.852875045035034,10.002370858099312,1,0,ok,,nan,nan,nan,nan,nan,nan,nan,nan,nan,nan,nan,nan,2.613292274558833,1.2542193217993554,0,0.3945345078687877,0.3042033636248947,0.604211380681367,0.3177991820028725,0.8188279271066944,0.0,1.0,0.0,0.55876677273182,0.7279080174486457,0.0,1.0,0.0,0.6460084961581538,1.0,0.7150453207345676,0.31239167917474003,1.0,1.0,0.5712161489003751,0.0,1.0,0.5660303387764001,1.0,0.5620469007120518,0.3806872758978741,0.6265858566004217,0.9116973616136766,0.0,0.2683423908248789,0.5656510579249446,0.0669853299912219,0.2960549124597899,1.0,0.37744048584166195,0.43927295522161625,0.18607609883044735,0.0,0.0,0.7740033800198913,1.0,1.0,0.4214489792478041,0.7179382155346162,1.0,0.1436582263916585,0.0,0.8815011956721709,0.44958373866046053,0.012770175017091196,0.0,0.39936616814939957,0.0,1.0,0.05011914407909739,0.3669859649383141,0.7238526466631107,1.0,0.0,1.0,0.4770902960923003,0.5024372639948855,0.3190291186427942,0.2984982251580927,1.0,0.0,0.917336618985694,0.05849530623162984,1.0,0.1108596720413804,1.0,0.0,0.7848484972709995,1.0,0.8642958113043876,0.5127685339126076,0.28442204658113024,0.42947101117017916,1.0,0.0,0.4446355037127827,0.4260468710879373,1.0,0.7743150116427143,1.0,0.08842238952121288,0.0,0.38802439826626933,0.578113754510029,0.5691234597103231,0.817485964644763,0.0,1.0,0.9994323166709237,0.0,0.9391973544988764,1.0,0.3737879804511507,1.0,0.1185833807549828
128,dsp_map,anti_aligned,9,2.9631551852119564,2.833685510140403,3.5245555901522465,3.303811321084608,0.7003643393643029,-4.200197225846219,3.785823659040034,8.783893174026161,1,0,ok,,nan,nan,nan,nan,nan,nan,nan,nan,nan,nan,nan,nan,2.6115045242202486,1.2494728595388604,0,0.6829531026627103,0.7532795289213803,0.12340611444651904,0.36399737377023594,0.789356221395044,0.4518395891582345,0.7444586078064648,0.0,0.49731871029483277,0.7266684572914153,0.3794329374765544,1.0,0.0,0.6134474076522121,0.8399253951397927,0.7172302161139826,0.5940147291428902,1.0,0.015714881010120044,0.5868344275833101,0.10629164183304178,1.0,0.6515346444782084,1.0,0.6235254000797966,0.25058384033916786,1.0,0.8279441281456716,0.02745485592880144,0.3617309074211838,0.7677436146741391,0.06558959964158706,0.2589030945210062,0.5688352017850393,0.3453544619589464,0.3547131012164798,0.2860783053209774,0.0,0.0940434365573709,0.5073985256363598,0.8174213075317922,0.5685918302306048,0.43199052659105724,0.3387891347416298,0.8615015486338293,0.555821715614767,0.14367627279861825,0.8842377134594049,0.5882511226938855,0.0,0.0,0.5792161044134098,0.0,1.0,0.042365352693522686,0.4701569977061267,0.6598191150219093,0.9244756778740801,0.0,1.0,0.9164849224165443,0.6972328876017195,0.5428221528273743,0.28173450380473475,0.6864828637864044,0.0,0.49694533436814275,0.0,0.2825944397248235,0.08535095010380252,0.39714652142657747,0.0,0.5661575969936805,1.0,0.26571521816008786,0.5114333529446922,0.31733197740694685,0.408461204698368,0.23844243887828978,0.0,0.4459996187383905,0.5324460103955273,0.4098953827150713,0.8534892706207031,0.99011738499163,0.02437893751336961,0.3062108415598961,0.0,0.6424124695760883,0.5723553631126619,0.6301222416803423,0.3745638770623758,0.5472569917136234,0.8881967897804427,0.216898948413728,0.873456336489817,0.8075511581808885,0.6215687329269328,1.0,0.4942162361529069
129,dsp_map,anti_aligned,9,3.1086877206775627,2.9820541119919164,3.5245555901522465,3.303811321084608,0.7003643393643029,-3.972277033619762,5.165738427080214,7.014384801965207,1,0,ok,,nan,nan,nan,nan,nan,nan,nan,nan,nan,nan,nan,nan,2.6142304983364633,1.2450025690875888,0,0.7674375039795192,0.8485053837256141,0.716234754620484,0.49229933177019025,0.7890235923824721,0.22157273236581562,0.9318333429438859,0.2764507263514641,0.6480064630188341,0.8300915170283926,0.43070327832796235,1.0,0.0,0.40358676581825687,0.8339905566302641,0.7226320268734432,0.5815073022415943,1.0,0.24492209111157226,0.48987918949043296,0.15584494505552268,1.0,0.3546564551665553,1.0,0.6627669448124748,0.5267203044117802,1.0,1.0,0.0,0.32845299795723737,0.8428321254019889,0.0609762885023405,0.3110542365154623,0.6949191047272169,0.32937924937029617,0.4121849888492792,0.2516220306498451,0.0,0.13627230571473362,0.4494431744343791,1.0,0.6281695940131269,0.41655310772357657,0.3770922374726609,0.8419368278607835,0.4603666566718842,0.14713897053135588,1.0,0.5810932165158363,0.0012588033480806172,0.0,0.3454093448384269,0.0,1.0,0.3306909644003298,0.3155946790556394,0.6937952331317462,1.0,0.05479613334483833,1.0,0.5448690488751408,0.5673296420928138,0.42843095976529066,0.2902082371537861,0.5034092848607314,0.0,0.350836371124908,0.04131386658825864,0.23353229723672425,0.0,0.5621567122499759,0.0,0.62940703309328,1.0,0.05794681684370862,0.4943614396276426,0.2753564226743467,0.4436448467537481,0.5558932063034082,0.0,0.25593491135266205,0.4662483411163337,0.4603857276113221,0.7052961873548313,1.0,0.2018491263457857,0.0,0.4125890388568845,0.4606368364074017,0.6127539958372057,0.5433994514959005,0.26170357314128834,0.37797153425525193,1.0,0.25351315623850607,0.8421321984698668,0.8083058021072199,0.5369118273623381,1.0,0.41075287436650443
130,dsp_map,anti_aligned,9,3.223007796234934,3.2270081865239173,3.5245555901522465,3.303811321084608,0.7003643393643029,-4.056042614939538,7.728825767990202,7.532928762026131,1,0,ok,,nan,nan,nan,nan,nan,nan,nan,nan,nan,nan,nan,nan,2.6180340154313946,1.2409570050374683,0,0.7271953559780517,0.5385778999064803,0.0,0.19754923264969346,0.7711225527044684,0.4304799959723447,0.8976768031697521,0.12862484579071087,0.2937936508682132,0.780316787370933,0.2599670226627184,1.0,0.0,0.45084035198992406,0.5262726485057608,0.7103639841249584,0.6289181751708831,0.984864166409366,0.09671607438942881,0.5355186900231103,0.2080036260895057,1.0,0.3757485827547158,1.0,0.6476195933442294,0.26369109605103236,1.0,0.764298380324671,0.06875244406358869,0.20411898633356698,0.9991804816993111,0.059992311192634304,0.24316949666101736,0.6230738853666611,0.6358503209094051,0.38549583634883455,0.3629237417842943,0.0,0.2632303298807305,0.4515260026726543,1.0,0.595583794151524,0.3607145549211513,0.2817696527411298,0.8011617235041271,0.5707796291292834,0.28698922964134976,0.9279237383802921,0.4725758946019489,0.0,0.0,0.4529857151093183,0.0,1.0,0.32165944948875086,0.5827951016347688,0.7656697602816013,1.0,0.0,1.0,0.754018102284533,0.7083073124265968,0.4277722392263516,0.2928569212650096,0.6805730036228741,0.0,0.5044565746882493,0.11669062885905235,0.5349354061494997,0.0682605178237652,0.34842267140868904,0.0,0.7823814909223239,1.0,0.16037528532737064,0.5905150261999982,0.3509687729503329,0.24929860775697568,0.4578774748561103,0.0,0.3484035300098881,0.422568952629534,0.29809137790865603,0.7921423032379786,1.0,0.18562511747560173,0.22392486734525885,0.33342662905566695,0.7174625671115656,0.6464750245775198,0.5254187692365201,0.2631874881179079,0.3289634074443978,1.0,0.22008493708431187,0.9821291724223097,0.8009316706050885,0.6140710933122506,1.0,0.10741944799903891
131,dsp_map,anti_aligned,9,2.8953886944534024,2.8409721232283296,3.5245555901522465,3.303811321084608,0.7003643393643029,-4.682433499602107,3.137946086935699,8.72195037920028,1,0,ok,,nan,nan,nan,nan,nan,nan,nan,nan,nan,nan,nan,nan,2.6226521358955437,1.2373323216475152,0,0.8417415692497375,0.734453154673462,0.0,0.4691157961375897,0.802092152601898,0.28612167216911694,0.7994569279625859,0.21877102225239028,0.5612600531485463,0.8107038757477532,0.3486141596689061,1.0,0.0,0.5121400002619292,0.7844022865817083,0.7266212222403093,0.7399302210297022,1.0,0.0,0.5664625763542769,0.23308536790689566,1.0,0.38936252844284613,1.0,0.5102813000168436,0.36956799450024025,1.0,1.0,0.03696228955355307,0.2142255713984731,0.6964880886476437,0.05931603423481757,0.3160287910639879,0.5838455085027235,0.5645438649058001,0.18677004084526996,0.4027025259204743,0.02023490212059063,0.0,0.2071100685285822,0.7173817814396873,0.7093804828761855,0.4190246772864386,0.2991469114417454,0.7630387754005944,0.5094983284796888,0.19161717212979484,0.9017587268227304,0.5157949483595412,0.0,0.0,0.4205579469230462,0.0,1.0,0.3604612520804701,0.5216050122571336,0.6291364535196119,1.0,0.0,1.0,0.7788778218640344,0.35292783401390415,0.4589062228572599,0.28458270331224367,0.4345194653195095,0.0,0.3384449153925939,0.32364996143463426,0.13504214402355894,0.0350829936506411,0.4397226735690089,0.0,0.5735046715985636,1.0,0.25917460788395774,0.5177110183684732,0.4019496729221197,0.3338602077937075,0.4989807937300711,0.0,0.36116191557275246,0.423127988992267,0.5437419229194668,0.41338993965427623,1.0,0.04106091042482796,0.21725655045585648,0.3448040704093507,0.7910833076453607,0.4934128866991618,0.6152479249533361,0.3308864942265541,0.4320767688655603,1.0,0.2281313536292411,1.0,0.8097949063847527,0.6869718354792873,1.0,0.6889168927728082
132,dsp_map,anti_aligned,9,3.361824189618235,3.252407276417292,3.5245555901522465,3.303811321084608,0.7003643393643029,-4.847482107894858,7.869963756296784,11.345424129161984,1,0,ok,,nan,nan,nan,nan,nan,nan,nan,nan,nan,nan,nan,nan,2.6247183219452244,1.2328633788045928,0,0.6681480593268414,0.9750740023535567,0.5502556207576067,0.09764163568090935,0.7726789615969684,0.3883937096563715,0.7797275339969115,0.0,0.49709520228447723,0.687611526174172,0.39800862854057034,1.0,0.0,0.6043770645683314,0.9958671965387239,0.7122270030391692,0.6309887555168654,1.0,0.35581296558706177,0.48336924762947797,0.031056958627654407,1.0,0.35188586109032843,1.0,0.6732213690051893,0.7379452598438611,1.0,0.8689390534663752,0.0,0.39032459593604935,0.511914363319187,0.04791469827655413,0.14587864262786007,0.6289987787901776,0.43652768028834976,0.39266886748274443,0.33052647729874135,0.0,0.20968722295206932,0.5904147744158974,0.8175462807374378,0.5263486014209384,0.4031679986041259,0.16528711526706413,0.9545815597520335,0.46847529399653115,0.36166494723183384,0.9130791111762832,0.547752326739683,0.0,0.0,0.49250621648504356,0.0,0.9598163162169056,0.0853128777919539,0.5062428331231426,0.7595105036902517,1.0,0.0,1.0,0.6893933708927414,0.99151485388192,0.5222822216107268,0.28913983909225777,0.5200745494825627,0.0,0.517972606541276,0.20151616458221616,0.43136284233790834,0.045079746860229274,0.5345570449321715,0.0,0.5504045319818722,1.0,0.13622884370556929,0.4687862052063457,0.2831185396417982,0.30901687014641055,0.3782118614927973,0.0,0.2582272021421527,0.5181411881784386,0.41075718323240445,0.6647400771624918,1.0,0.018762794901015283,0.007248714877940451,0.47075245719383635,0.35743459476544054,0.6419711613709573,0.39479251846935515,0.1449272340465596,0.2135900085011374,1.0,0.06405461116691692,0.8759589065621363,0.812767815708504,0.44900042472096613,1.0,0.4674807447920082
133,dsp_map,anti_aligned,9,3.216733551088571,3.261888498150022,3.5245555901522465,3.303811321084608,0.7003643393643029,-4.862462769350065,9.38902309909463,10.015714366920292,1,0,ok,,nan,nan,nan,nan,nan,nan,nan,nan,nan,nan,nan,nan,2.6302604713262245,1.229869234856532,0,0.6055566888309776,0.7200585550585322,0.6991844576727562,0.37591689322312916,0.7692106991741885,0.3489274558495942,0.7434389601841904,0.0,0.4807663164149321,0.7410300443232357,0.3490756818734822,1.0,0.0,0.6672995333351136,0.7110881883459209,0.7095838821803077,0.46353106614591066,1.0,0.4125333032359211,0.39801148316583473,0.19759022716367103,1.0,0.3623267698347632,1.0,0.7072946559959465,0.17970607546797215,1.0,0.860259055050638,0.0,0.4096147161875024,0.7988390685370986,0.048593881491214845,0.28935300306325046,0.7143459252338827,0.5677976079671317,0.44510535004565915,0.17253878273572643,0.0,0.2356426032137688,0.34332888424474894,1.0,0.5300267168971107,0.36719750089040676,0.3612324574956671,0.8550055127945699,0.5074194681368789,0.3430886607867534,0.922536114685906,0.4041591685832298,0.0,0.03211398211763294,0.7301928601375879,0.0,0.9721646945825833,0.07526718281526475,0.5005167561611437,0.7090850562385853,1.0,0.0,1.0,0.5247436458927605,0.5821098915069979,0.5722833946584501,0.2959265785148958,0.5139587662058417,0.0,0.46651761625968097,0.03439298071559281,0.3198048674057192,0.06731137231639524,0.23962250817278952,0.0,0.5392122444573983,1.0,0.13239417236035853,0.5481636998469426,0.3124840182557062,0.386511747707603,0.22310584590029678,0.0,0.16996175598649266,0.4931601638922978,0.4108742296015076,0.7695994661748716,1.0,0.0,0.08182265859739028,0.6293882154751866,0.8488263373854976,0.7281191616201212,0.7127358734765452,0.12331215373267118,0.25973687895985575,1.0,0.2040645046108158,0.7690632754192128,0.8158324449376062,0.5818443512550735,1.0,0.251409014069731
134,dsp_map,anti_aligned,9,3.341676944577801,3.2658994839734294,3.5245555901522465,3.303811321084608,0.7003643393643029,-5.142361810144029,6.65183320781216,9.870785017963499,1,0,ok,,nan,nan,nan,nan,nan,nan,nan,nan,nan,nan,nan,nan,2.63463713610057,1.2263107590248485,0,0.5796790248878448,0.9646064433619412,0.3080225403637671,0.08118433898225062,0.7789753646121531,0.24413583099251923,0.8111251279967088,0.25080707259188395,0.23048309861121286,0.7872966936216931,0.6749598624237316,1.0,0.0,0.6325267132604908,1.0,0.7246697632506377,0.6344963918406049,1.0,0.2548977881502245,0.6363504900039826,0.0,1.0,0.4413183316657259,1.0,0.4906813675406012,0.49884981049627286,1.0,0.8987363352989762,0.0,0.3224101559321552,0.6549323179262106,0.053547611524248195,0.0,0.5712455112078773,0.5781407605862872,0.2848308587559443,0.28472475819733956,0.0,0.0,0.5653327547612016,0.8891058812462309,0.5881157154696567,0.42378459400321433,0.3832004179349719,0.7182271932202404,0.5700827568033304,0.3305567297570824,0.953027024720424,0.5298958186079653,0.0,0.0,0.41285046634380335,0.0,1.0,0.4432597298471982,0.500113023276495,0.567692279968272,1.0,0.04976954474164887,1.0,0.728960668425967,0.9116381394994616,0.6070864809671468,0.28698196713299756,0.5641058890568789,0.0,0.5960602324386447,0.14479514860584772,0.2765853676061177,0.06142017733720635,0.5614313196502235,0.0,0.6332672024240297,1.0,0.1295196035215278,0.5063429431002808,0.2999712589044635,0.44512863782247597,0.3285795820244016,0.0,0.44915739612491423,0.561836470034943,0.3452597166463431,0.5059529882101983,1.0,0.0744849890044943,0.5652825271422726,0.19687847089579977,0.33432675164072295,0.6362327702981543,0.5500528755963439,0.13875786210654867,0.7031227775964275,1.0,0.17972667063812134,0.8557899509147906,0.8076486350600193,0.4385449625835319,0.9757574938198139,0.2548011194803461
135,dsp_map,anti_aligned,9,3.2356839159288553,3.265324061732659,3.5245555901522465,3.303811321084608,0.7003643393643029,-5.107637932612356,6.979247124865651,10.006411569193006,1,0,ok,,nan,nan,nan,nan,nan,nan,nan,nan,nan,nan,nan,nan,2.6398744680152166,1.223263711916642,0,0.7132595295328539,0.7490625835900239,0.27263772574195105,0.2314172240780935,0.7647183722191304,0.41532231349609955,0.7561655596139243,0.6505374981888522,0.315073594252935,0.698021509363117,0.47696130801318903,1.0,0.0,0.6659059905169995,0.9080073502324116,0.7291113031695631,0.7513563617045493,1.0,0.14749646849525114,0.5653609404957746,0.0,1.0,0.4838793681309638,1.0,0.8125192349245065,0.2491775657828852,1.0,0.7363596728020049,0.0,0.2652295747088412,0.8958022259150367,0.054218747884990016,0.11950158037955305,0.669815448668631,0.46706127710180995,0.3681765122529097,0.29882299171578347,0.0,4.9687619163839855e-05,0.5090457904698219,0.7382674949863323,0.5106582683866853,0.4160968936072087,0.16140652689651347,0.7710952720801204,0.2820738668413331,0.48436040424723653,0.9456279378705854,0.6898425772996919,0.0,0.0,0.5118385210806936,0.0,1.0,0.14767454928475363,0.5093790325872777,0.6843504402908093,1.0,0.03088662513367009,1.0,0.6917970555929305,0.6851553600979785,0.6111259867642402,0.2941835068163119,0.7243805168347163,0.0,0.2260779236285888,0.1903155624072887,0.3058911449249201,0.09707926034908661,0.6100446084822752,0.0,0.5992035810169164,1.0,0.1312436596190472,0.5156066040651597,0.2829692598458457,0.4523698778473774,0.4219219713954427,0.0,0.3652637692974092,0.4887938297909515,0.39591220117773207,0.8809097034411065,1.0,0.1923947174654877,0.04565118733589788,0.1495906801724384,0.41183622915351586,0.48584385170815275,0.4112133577066032,0.0,0.32060916531165357,1.0,0.005463201681102665,0.8798819995190932,0.8084113015156269,0.4363156055948547,1.0,0.29819809515612583
136,dsp_map,anti_aligned,9,3.3952805670282062,3.256313515354094,3.5245555901522465,3.303811321084608,0.7003643393643029,-5.0476440707549095,7.025125490967184,10.449357916135341,1,0,ok,,nan,nan,nan,nan,nan,nan,nan,nan,nan,nan,nan,nan,2.6442554198381107,1.2198206334701283,0,0.718573737740155,0.8431814190215794,0.2843477404730427,0.3349649371663305,0.7752566136162252,0.39722450402742115,0.8174663002579559,0.09284257718536518,0.629672322090497,0.953825487751664,0.35819972764923,1.0,0.0,0.7339603615827047,0.6886882679428948,0.7342458531781775,0.6425915682390559,1.0,0.33256904747743915,0.4423459970005108,0.0,1.0,0.44219349960059473,1.0,0.4393623840228503,0.7572005023609292,1.0,0.6890290655903704,0.0,0.28937950953431746,0.4489866605320157,0.05280337997221715,0.2747313430957782,0.49634727685866864,0.29401336504427805,0.3546887629809909,0.45639085756332287,0.0,0.0951259397641767,0.5450792681327465,0.8168874946945235,0.5630125087735375,0.45356092987260704,0.24370758345177,0.9542695645112569,0.7823950858234029,0.27370242437885306,0.9161839791721511,0.6356917800043029,0.0,0.0,0.4287524612389305,0.0,1.0,0.4097963413839412,0.4910427014629584,0.676869810004754,1.0,0.10101928735191971,1.0,0.8960980483531464,0.6556916851379372,0.24908744347048536,0.29114127311050064,0.6470071630908191,0.0,0.49030512982059227,0.12621480998247242,0.43609935742239486,0.04424830162599284,0.27077212148469315,0.0,0.5488163074454631,1.0,0.1311512209870993,0.6858317456081559,0.2606095103401193,0.2892840322926848,0.4583115808603387,0.0,0.3803731070269145,0.5160215362832751,0.27566406942376953,0.4694697090430658,1.0,0.08911264799887053,0.18016432449298717,0.1053890660704712,0.340106937021048,0.7090567943542005,0.5339974027712598,0.26575097244421564,0.560647752271832,1.0,0.1569755680318107,0.833972099236372,0.8057105265498663,0.5180777363461252,0.9430688844183606,0.2805876718219662
137,dsp_map,anti_aligned,9,3.169261619340617,3.2506283620727165,3.5245555901522465,3.303811321084608,0.7003643393643029,-4.3022072022773346,8.661864758003503,9.370783551130444,1,0,ok,,nan,nan,nan,nan,nan,nan,nan,nan,nan,nan,nan,nan,2.6497373552190604,1.2170408203080147,0,0.7590794627708816,0.9999089134482995,0.1946064542377333,0.34992858963696394,0.7900251540975358,0.48772360696548855,0.7609439973990171,0.0,0.5813390608590505,0.8177692353176446,0.41021006439665125,1.0,0.0,0.4704672532976956,1.0,0.7157976948887276,0.730049391349268,1.0,0.1472829768148574,0.6248084217834435,0.19245886369693951,1.0,0.4245500241157071,1.0,0.4539056914884456,0.5745571716181029,1.0,0.8118033729374824,0.0,0.20925691954563697,0.7046723280082648,0.04989691918612178,0.002326069916634678,0.5642650194026891,0.3863874147430099,0.21901451359801927,0.375380079243687,0.0,0.23806220732338143,0.6009157256295018,0.70697373803155,0.5333661441434845,0.4471773073771374,0.1663529317933859,0.7350151372313792,0.556968605259829,0.3029442074933513,0.8648866414060338,0.554852649021593,0.0,0.005151205401894251,0.4030786420967655,0.0,1.0,0.26853689988371665,0.40570046029813756,0.6941499266327772,1.0,0.08504048974668554,1.0,0.810067154204714,0.684525810897867,0.3837684953415776,0.2856786727514033,0.6651747995745417,0.0,0.5557487129728157,0.3214904099382062,0.17226196374368216,0.10994926087630515,0.061319530599521666,0.0,0.5619376349652558,1.0,0.13457946735984758,0.44330192932783175,0.27987434081057866,0.24078698117313754,0.3145167534756518,0.0,0.5299263549706194,0.531433357676504,0.29312192960670536,0.4284531829305448,1.0,0.09366935865972725,0.09465438462561993,0.5587835546629063,0.3880856173472779,0.7166540117058401,0.6057943772256827,0.38427238699957644,0.27939931578448857,1.0,0.21089602363242912,0.9319756012985695,0.8064168596136064,0.44015428323613764,0.8816182991648968,0.44122664947988255
138,dsp_map,anti_aligned,9,3.2776787808410206,3.2704424354513333,3.5245555901522465,3.303811321084608,0.7003643393643029,-4.811825947818981,5.004308837000281,9.857345729134977,1,0,ok,,nan,nan,nan,nan,nan,nan,nan,nan,nan,nan,nan,nan,2.6535020237996516,1.2134235753714848,0,0.6773536924270288,1.0,0.5777199045658074,0.1042971062600043,0.7569608590972665,0.15333127230198598,1.0,0.0,0.4073634531762847,0.812065592203956,0.4449965501543374,1.0,0.0,0.6850736681500171,0.7254052705889167,0.7373108865405036,0.6207435669680746,1.0,0.37252864827125304,0.46769203620461397,0.1914992918456323,1.0,0.433943736702179,1.0,0.608473107992852,0.7390398126304965,1.0,0.7449467958202206,0.0,0.3046944221214088,0.4409206701866574,0.05738972698264613,0.4509305251389156,0.42600107711055096,0.4577909527205062,0.3532684445855617,0.24957237970112398,0.0,0.16166281374906993,0.560348058188679,0.7725209909304793,0.5746497338852792,0.5118957545861169,0.31424459369037994,1.0,0.8995157829853005,0.32193486060809,0.968515680460153,0.44320848287066067,0.0,0.0,0.35708391568897474,0.0,1.0,0.3501963492858208,0.5149501208424349,0.6788971239687036,1.0,0.027831657737267736,1.0,0.9084530423377813,0.70037962732185,0.40981377666926977,0.2911311492315539,0.5415196992927761,0.0,0.4387058793030231,0.06629742401291815,0.2506901452178169,0.01627335125695929,0.7520407820585957,0.0,0.6087301967773844,1.0,0.13468537477002263,0.4065667183684511,0.40175469534521907,0.409437496775274,0.5299867842736503,0.0,0.19715837405658082,0.18109218912142674,0.4139054560627501,0.7136352038004476,1.0,0.11120329673814311,0.15025859168082986,0.034632991050661165,0.45363382632529003,0.7219382699874893,0.5021398539676033,0.5047250203207849,0.635603169370355,1.0,0.19528089035144633,0.7519337510228155,0.8072598450567078,0.5626850753391998,1.0,0.16494768220454933
139,dsp_map,anti_aligned,9,3.318671788219858,3.2544834424188847,3.5245555901522465,3.303811321084608,0.7003643393643029,-4.8965935996000916,4.200404664967209,9.766513211186975,1,0,ok,,nan,nan,nan,nan,nan,nan,nan,nan,nan,nan,nan,nan,2.657992504066136,1.2102010906139091,0,0.8389098680920143,0.7366851549091364,0.3617821528732275,0.49181204997666694,0.7678873694668593,0.44202940066014695,0.9445315232520446,0.0,0.5225986806432932,0.7993479599214574,0.5145196027071067,1.0,0.0,0.6625047852038165,0.747914985399255,0.7223024865077926,0.45991186637603315,1.0,0.3115649628830367,0.5238664873190432,0.0,1.0,0.4556343110657091,1.0,0.48557000489508995,0.3855743303931562,1.0,0.929046483416106,0.0,0.33634929606402353,0.25538830722294864,0.05176857832613382,0.2169912306473861,0.7615519585976379,0.40836574798704117,0.4661664625026868,0.45997693243029186,0.0,0.0,0.6936980197444422,0.8887976670554794,0.6404629516650819,0.3307754174021071,0.3940025610959175,1.0,0.40701984671114977,0.2858691017675887,0.904155825216206,0.5328252636349129,0.0,0.0,0.5297509272704599,0.0,0.9947121858026234,0.3487021004563106,0.496489834158001,0.6793981333396485,1.0,0.1211299318141573,1.0,0.8265404778251407,0.8033997527087787,0.43618028060197467,0.28934559630860635,0.36442376842542523,0.0,0.35024010519111626,0.15539273541540571,0.4503916955171428,0.059783889123659895,0.5609654815134001,0.0,0.6263357374263149,1.0,0.13272997322945,0.780560080240818,0.2527568748204066,0.4436896312836986,0.4757364643504972,0.0,0.3583807610787255,0.43986570703124706,0.5573588281936579,0.613272604863276,1.0,0.17809437300387326,0.6381990115762878,0.1959471806881677,0.469908280888645,0.6483593179230057,0.32093119486541516,0.0,0.35331311249099934,1.0,0.16787840192828904,0.865931208363353,0.8063036725773738,0.7632690601164959,1.0,0.39630814616720367
140,dsp_map,anti_aligned,9,3.2083735849906776,3.265208339660828,3.5245555901522465,3.303811321084608,0.7003643393643029,-5.019873480711607,3.8761389330029488,9.769478552043438,1,0,ok,,nan,nan,nan,nan,nan,nan,nan,nan,nan,nan,nan,nan,2.6627116418100916,1.2071540550327262,0,0.5989546063884698,0.18735800866582175,0.27883193253482996,0.06626367231751551,0.7785475824568299,0.36925014763592656,0.866608321356115,0.032366641181688395,0.5688716841637634,0.8093597789656212,0.473615574295035,1.0,0.0,0.5077947573097777,0.7735484837589515,0.7397828046298519,0.5827185651691189,1.0,0.1929688394642629,0.486954880440078,0.0,1.0,0.4046202083017622,1.0,0.6113927807884085,0.7193331843145265,1.0,1.0,0.0,0.37579204166955166,0.5397971259461909,0.05551855253386052,0.19967827727355797,0.35531480970944096,0.367038514667861,0.43397666988833844,0.3308445707582187,0.0,0.026864882178847194,0.3249663359237108,0.9837497655831752,0.5355560242727073,0.5005278670721023,0.24430229537265505,0.9163778987887115,0.7230068426506717,0.1825395895576308,0.9360657405773725,0.6674343871349888,0.0,0.0,0.6163997169670931,0.0,1.0,0.4341666323856118,0.5007772988195043,0.5899734227993418,1.0,0.0906247001715355,1.0,0.7436433657897892,0.7927969569347393,0.3185617189673573,0.2985417545305538,0.4378916319237327,0.0,0.5680477770211136,0.14600570235901278,0.29840848159830424,0.0,0.6063183506318905,0.0,0.5210667585831413,1.0,0.13173630344534804,0.7075926350866698,0.33576511280852683,0.21401237525927255,0.36944889091012845,0.0,0.35729179905922154,0.4517459114455878,0.4625179234713752,0.6519080262625482,1.0,0.1191967341864304,0.21114447980804643,0.2228958446322436,0.559735335057726,0.7443535351487847,0.5219914655730875,0.0,0.6412688570565412,1.0,0.13107482718996158,0.9226785560136441,0.8068085607240139,0.38950577817445314,1.0,0.5597449562563805
141,dsp_map,anti_aligned,9,3.217644307537641,3.2774729607224904,3.5245555901522465,3.303811321084608,0.7003643393643029,-5.076551818996337,7.231620321981609,10.184462300967425,1,0,ok,,nan,nan,nan,nan,nan,nan,nan,nan,nan,nan,nan,nan,2.666581584669528,1.2037369798156337,0,0.8507738428914744,1.0,0.22408249102559633,0.2620391198656987,0.7664029217722326,0.18389786358783938,0.7891772852261818,0.17885631905819263,0.3956863793983026,0.9841376712581679,0.39953313123786843,1.0,0.0,0.6771653284108607,0.9258327267896632,0.7267708558214183,0.6074305654612373,1.0,0.21892783037473632,0.3741872982501717,0.0,1.0,0.4232173801367677,1.0,0.6623155173159422,0.5141263468267515,1.0,1.0,0.0,0.30504243616302273,0.44226222237451007,0.05625702710511677,0.3655308026992802,0.5939822618631404,0.39491199789769377,0.3658409559135088,0.44619006495112606,0.0,0.3678952814911859,0.5540249921005511,0.903163680850638,0.5806845127541165,0.3682394728312849,0.4354030519983992,0.6860647979167926,0.6477113193098994,0.30692168211677523,0.965048829576693,0.440219213260305,0.0,0.0,0.5356332320969153,0.0,0.9419516600786592,0.301914875965374,0.5022594174825555,0.7832713816442742,1.0,0.07697960361358655,1.0,0.8100128964212758,0.6896840959936708,0.46014740558120776,0.2999379887858065,0.8592570322574578,0.0,0.4609155036333053,0.036657105796250686,0.7127427036170844,0.0,0.383074300773009,0.0,0.5762400111927984,1.0,0.1320896387438467,0.37961508392381776,0.18836342096445238,0.5392712808450744,0.4247200079710083,0.0,0.30850506892407376,0.6150679821472058,0.4042765263111632,0.5204509940929316,1.0,0.0,0.3554547096991466,0.185456558967363,0.5516306495622347,0.4656060475523078,0.4740979828181986,0.4164292531082982,0.6522250490575294,1.0,0.03326968010045265,0.8981506072295687,0.8117478538661042,0.7308209013642991,1.0,0.5114347190303342
142,dsp_map,anti_aligned,9,3.224247711283121,3.273400965341348,3.5245555901522465,3.303811321084608,0.7003643393643029,-5.079577817643932,5.309609935153276,9.686638929881155,1,0,ok,,nan,nan,nan,nan,nan,nan,nan,nan,nan,nan,nan,nan,2.6704623080700083,1.200375805707305,0,0.7499629582051116,1.0,0.5733895295295871,0.37615182948205955,0.7759921588100164,0.31958846223028026,0.7001185977549562,0.259974516196427,0.5301533955546112,0.7781585654702808,0.3053155610985934,1.0,0.0,0.6117149440296966,0.82613124350571,0.7228721042585367,0.48124034032605006,1.0,0.30432867792805435,0.653799515755373,0.0,1.0,0.4205102277880993,1.0,0.6950952890571402,0.6208339247991317,1.0,0.6571678576182696,0.0,0.33433828200746407,0.9933955915266391,0.05717674583994374,0.31749634910439384,1.0,0.4809785710772281,0.35003408356560717,0.26500537343088454,0.0,0.0,0.6167733606031429,0.8615345396021983,0.6838604354798905,0.4846666915349359,0.29502744168090955,1.0,0.6541986542686543,0.5151032348098094,0.9270214425891964,0.4584530348106354,0.0,0.0,0.39313322684357094,0.0,0.9184992679986981,0.3226728651776666,0.5017569282646566,0.6559512345430677,1.0,0.060734786507644314,1.0,0.9246685909821657,0.6400927302746429,0.520328460699326,0.2890200090480466,0.31694267953932115,0.0,0.5549575009193951,0.11523755964872774,0.4069971239779484,0.04551609520717546,0.2731437211986425,0.0,0.6333218611995687,1.0,0.13419988840046398,0.8709310934864969,0.3685491108927253,0.2780628184857711,0.42429190530239586,0.0,0.2800695517708189,0.4506277618143194,0.3333811624956452,0.5795856192556413,1.0,0.035621680231000055,0.24784156589788595,0.1632647388110736,0.40834730018013377,0.5855169891661696,0.33228846819243263,0.262671219785043,0.6467224689776401,1.0,0.43062140520764225,0.797648511015221,0.808250847347123,0.5033609522050835,1.0,0.3993755830755495
143,dsp_map,anti_aligned,9,3.2695124250691703,3.2690861333456835,3.5245555901522465,3.303811321084608,0.7003643393643029,-5.1116274305572915,3.4068368347361684,10.743437064811587,1,0,ok,,nan,nan,nan,nan,nan,nan,nan,nan,nan,nan,nan,nan,2.6743349332673025,1.1970611691645978,0,0.6929148404508867,0.8848245707924182,0.6516639378415514,0.37202955854779585,0.7760427585204777,0.476871585294796,0.8614599733066494,0.14307088757270864,0.45245626795870414,0.6952349182176932,0.03349790890166379,1.0,0.0,0.6727432913845423,0.767272537513106,0.7250058167848142,0.777410762997077,1.0,0.36408755166650064,0.47516825747501656,0.29116734012351253,1.0,0.4268767594230909,1.0,0.48427145679031436,0.3130175578486978,1.0,0.7484096830303589,0.0,0.37076899456911283,0.2149602826352484,0.05413614727916345,0.2556169689343977,0.6647178144241599,0.4973041608697694,0.2612220295304136,0.4045818859306578,0.0,0.02321710032849687,0.6985166383774505,0.9044848316457653,0.6088189690757877,0.3915409505720056,0.322445414668761,1.0,0.7885231326554728,0.14550798812595475,0.9212959569613061,0.6046068933326239,0.0,0.0,0.47278669587388694,0.0,0.9502622256634038,0.5113627934574629,0.5153647257236296,0.7605421480772508,1.0,0.060230673875952205,1.0,0.5991395916550253,0.7986210444901081,0.5187998681889173,0.2872123066927615,0.5861907157993524,0.0,0.43886420312189894,0.13817686575277563,0.26857545092486834,0.01582811601098119,0.4043445117872556,0.0,0.7059354175911322,1.0,0.13329284876392822,0.45632139438223507,0.2892053141419524,0.6314221345115345,0.44046629912097024,0.0,0.3400255279818408,0.4922616114413569,0.2513431867227882,0.7328045626876023,1.0,0.07296996777269321,0.3155224607729946,0.14424615979265284,0.34772603281729747,0.5989510206359986,0.7195617322855812,0.0761271509771424,0.07678184187082313,1.0,0.1521447635631623,0.8280383105648884,0.80929428500058,0.5863542738831218,0.9144882773517967,0.32767996188907783
144,dsp_map,anti_aligned,9,3.177382723513138,3.274192373453498,3.5245555901522465,3.303811321084608,0.7003643393643029,-5.272496707208786,6.207445251289755,9.984243513084948,1,0,ok,,nan,nan,nan,nan,nan,nan,nan,nan,nan,nan,nan,nan,2.678468110293704,1.1939209580377523,0,0.7326261862061997,0.8276550665945772,0.6038512020123716,0.473051743921282,0.7687252923740362,0.20040427186264978,1.0,0.0,0.4491958601707478,0.6647450849175711,0.590322648387916,1.0,0.0,0.8209372356241751,0.5460668669055135,0.7223745826254464,0.6289061871485351,1.0,0.32933530398119587,0.43064901290394686,0.0,1.0,0.4815063063833196,1.0,0.19936092822280893,0.5532765345575992,1.0,0.7245140066994213,0.0,0.289882343218842,0.8026232186602453,0.056262147258060814,0.0762291506477415,0.38148478021600624,0.36163751661536225,0.17813723639947748,0.2974865069714229,0.0,0.31549059439493693,0.23856159951671976,0.9551672485680508,0.5821615357318126,0.3850394611267217,0.337637740669307,1.0,0.32606085408564434,0.30148080114372666,0.9244389080633905,0.547500193122694,0.0,0.0,0.4330857616963525,0.0,1.0,0.0,0.5055121138017492,0.48362479312434464,1.0,0.06088455894326034,1.0,0.8003331615448385,0.5124460140620329,0.5886047913847168,0.28663780734557176,0.6066984258809481,0.0,0.2814241372642067,0.10535140544854396,0.29432501823497054,0.03504202103109651,0.4972553064251744,0.0,0.5857272500113654,1.0,0.13319227024297117,0.4093404433138503,0.2808750799491539,0.2991056153071537,0.43940201622671865,0.0,0.3619774250166141,0.5052676881532314,0.3115069985427812,0.7112952212937134,1.0,0.14711157244118575,0.4314356505326187,0.17308636759329132,0.5357625461952815,0.7490415530034734,0.22398018656406962,0.4206971786784856,0.31524166286802124,1.0,0.07851059574354721,0.9287549860062605,0.8085178461695202,0.6190284736485013,0.9102230662640824,0.25827302369500654
145,dsp_map,anti_aligned,9,3.239531796904219,3.2538110703098932,3.5245555901522465,3.303811321084608,0.7003643393643029,-5.060825707277218,7.4107559667900205,9.892227471806109,1,0,ok,,nan,nan,nan,nan,nan,nan,nan,nan,nan,nan,nan,nan,2.6819089007297,1.1905130847306864,0,0.7672508048792843,0.75516550815486,0.3341411119471211,0.0,0.7689803465472808,0.5751828902679705,0.7464787047592852,0.0,0.7035377117898046,0.9795862473438209,0.7515824068611443,1.0,0.0,0.5293513394599715,0.771914541623447,0.7327543078571039,0.6120844354745643,1.0,0.47502364023907584,0.5286127334894936,0.0,1.0,0.4118878325744156,1.0,0.6605740997473529,0.6175983999071596,1.0,0.8680487600883565,0.0,0.5234138052575448,0.46242063826807456,0.05214707401107067,0.16121751661473666,0.5654808160009673,0.37828628790317215,0.44756212258209666,0.30290071108915056,0.0,0.0,0.7293690426824255,0.9825263728034667,0.548221190696483,0.46008323211563446,0.3581609192960218,0.6674150793106359,0.6778782670591287,0.30539677619977096,0.8754346943427189,0.7346777213577789,0.0,0.0,0.48966020620727824,0.0,1.0,0.16354591560472964,0.5202883510526521,0.8373042863903245,1.0,0.17694354589813924,1.0,0.9005723764317504,0.8767905288984023,0.5368256037136997,0.29447750438328824,0.6044766055305445,0.0,0.4183817135345609,0.14223837283174603,0.16815253446197842,0.07218202021924394,0.5461278826838974,0.0,0.6389908275395264,1.0,0.13298773789245105,0.5128032342858162,0.3360513356085112,0.29541630472892905,0.6895329672238938,0.0,0.31008847361071823,0.44065038323667066,0.292399285249048,0.6166963146764782,1.0,0.16906175259594217,0.20525128652677704,0.2929385302334686,0.7470962262598418,0.5920037390111256,0.5888576268155905,0.33259000703547187,0.5455284530310093,1.0,0.273920876265891,0.8991559972702886,0.8062647212689146,0.6933264258744066,0.936395048255269,0.4822494835559935
146,dsp_map,anti_aligned,9,3.2661928915320804,3.26407679308174,3.5245555901522465,3.303811321084608,0.7003643393643029,-5.263917381943279,7.665344182867557,10.450074180960655,1,0,ok,,nan,nan,nan,nan,nan,nan,nan,nan,nan,nan,nan,nan,2.6857282356350054,1.1873200433462032,0,0.5867352786221035,0.727010001227079,0.2726128179112494,0.4864092295592038,0.7710430899223064,0.09219041341463247,0.8430456192340743,0.0,0.468117239482719,0.7534222222027286,0.468368612245296,1.0,0.0,0.3872821141786308,0.931051232887278,0.7228171537676691,0.6236500582015443,1.0,0.2039562371596466,0.5616246341242778,0.0,1.0,0.4448880956531207,1.0,0.5911730475162534,0.2905711978185252,1.0,0.9845972309221858,0.0,0.43447479152175783,0.43354381902983496,0.052763684362585175,0.23043416861313235,0.3870377887067781,0.4322458545390293,0.3938071330248658,0.37756813698061215,0.0,0.0,0.6026349128802568,0.778964870985803,0.6053683657460985,0.42740109243806457,0.05273253826010179,0.8377594800909304,0.47012484564116996,0.14229768872541007,0.9057620803699733,0.46117384779266063,0.02006194275023573,0.0,0.3184031923964172,0.0,0.9714482649756903,0.6496822740427144,0.5172980735247024,0.5091206056147948,1.0,0.0378630551430835,1.0,1.0,1.0,0.4293865077626503,0.28620035872091765,0.5549359959024696,0.0,0.3414312727106426,0.2713898557757575,0.5602092098070562,0.09693111240829619,0.3454192674450993,0.0,0.5343503571718896,1.0,0.13248684473706318,0.5975144702350372,0.32699577609804603,0.5284996630774588,0.28139131608801377,0.0,0.28879000203759553,0.09666469186873049,0.3939120237545125,0.8496490164961203,1.0,0.12020460596992937,0.0,0.1668896811578084,0.458196475340345,0.6511652001103818,0.5822760496094121,0.18872338923963347,0.5488067413095825,1.0,0.19818896205586617,0.8050237101746104,0.808124185207005,0.5440672470444746,1.0,0.4139979783799234
147,dsp_map,anti_aligned,9,3.151884280841393,3.240461786750658,3.5245555901522465,3.303811321084608,0.7003643393643029,-4.841260882833,9.388277176301926,10.430023087654263,1,0,ok,,nan,nan,nan,nan,nan,nan,nan,nan,nan,nan,nan,nan,2.6896769747907676,1.184236211187939,0,0.8890020376022199,0.7122292714195063,0.2894811784422945,0.4564935325950392,0.7898768613019633,0.28805506551232607,0.8255354491478746,0.0,0.36136196889151573,0.8262462241710002,0.6191158690803787,1.0,0.0,0.7477303666221864,0.9127832385293576,0.7971435166851585,0.593544589878371,1.0,0.30671098931302687,0.5204963929304888,0.32982751537641414,1.0,0.30828715618212216,1.0,0.5865201289690812,0.4235370157829911,1.0,0.8070383588710016,0.0,0.35606321120418216,0.9053949050297466,0.04958103724474627,0.28600936965417906,0.6934992718742795,0.5845002383331546,0.3363001168020568,0.4330567865207205,0.0,0.2678415366467925,0.266265612155493,0.6870066772485928,0.6189133156306719,0.45845371405427315,0.3406118451732033,0.9373093581874457,0.5441180761029037,0.2827011110334726,0.8784919562970073,0.5474458485625755,0.0,0.0,0.4466179633237829,0.0,1.0,0.3709009075080331,0.5033077005232177,0.8796960266918853,1.0,0.365403924316886,1.0,0.8052218792024755,0.9142389623708943,0.33469940131993187,0.2900704113373174,0.6456041369238842,0.0,0.5607559570019851,0.22114254145688098,0.2583052994263313,0.0,0.6430336404490117,0.0,0.6048705147181369,1.0,0.13837762597229905,0.5603322535331013,0.27423546772663854,0.37301277494434126,0.3737322304259541,0.0,0.2334458820376882,0.3780466146149189,0.27832030688842074,0.5469424430239028,1.0,0.3052384214206306,0.12705854618918158,0.22462226579827635,0.1906989131301332,0.7526863640433763,0.5102367929325414,0.11149117945288335,0.44663933887540297,1.0,0.059465241462059885,0.8185737355662194,0.805633502047957,0.5737145883274485,0.7821954023614062,0.5957538754259748
148,dsp_map,anti_aligned,9,2.3161689844616853,2.4373652569076087,3.5245555901522465,3.303811321084608,0.7003643393643029,-2.474620805707846,15.449982794001698,8.636106125079095,1,0,ok,,nan,nan,nan,nan,nan,nan,nan,nan,nan,nan,nan,nan,2.692799997128948,1.1808358711547937,0,0.6945232929824073,0.32427216129818565,1.0,0.21689330189368883,0.8758147045494299,0.0,1.0,1.0,0.3754177944742318,0.7622452464660411,0.9340976087181362,1.0,0.0,0.5398504242357844,1.0,0.7133685958552102,0.05534441657673423,1.0,0.3515389494190736,0.5422563022195344,0.0,1.0,0.610652004688849,1.0,0.9369359343132277,0.2456984839144163,1.0,1.0,0.0,0.2754379709269544,1.0,0.05270208537063371,0.0,1.0,0.4308723709110709,0.20937470744101172,0.21843623319164582,0.0,0.0,1.0,1.0,0.31851432002211144,0.6180649599607041,0.0,1.0,0.5209228857043905,0.3456636012295752,1.0,0.8794160238888855,0.0,0.0,0.6515420150549979,0.1272254809064947,1.0,1.0,0.4993329333252106,0.2691061589249221,1.0,0.09958430863197085,1.0,0.8343837925410548,0.5053379714143735,0.7531634453008466,0.3086059537726461,0.16387671855299157,0.0,0.43235647961673357,0.0,1.0,0.03209766331317312,0.0,0.0,1.0,1.0,0.0,0.5797970822501302,0.22943627717204954,0.3087102329711946,0.20884225701382225,0.0,0.26013274018717525,0.3824493192867178,0.22649973022160472,1.0,1.0,0.1319351406911903,0.4235735360250899,0.4488138570245035,0.2484392356590145,0.9809243249436808,0.19906871880721053,0.012198339539530928,0.6021406390872668,1.0,0.0,0.8638644523307403,0.8704157077748844,0.5522411898980814,1.0,0.09576260090235018
149,dsp_map,anti_aligned,9,3.2117291253857503,3.2759926953726315,3.5245555901522465,3.303811321084608,0.7003643393643029,-5.224641928710847,6.771760130766779,9.837827841285616,1,0,ok,,nan,nan,nan,nan,nan,nan,nan,nan,nan,nan,nan,nan,2.690272272211718,1.177268352744763,0,0.5566811685834715,0.7449437823610807,0.19806099394257864,0.0,0.7652264164330809,0.3520476622878698,0.813516659541028,0.0,0.3813668419849271,0.8019231672677684,0.2299340646978304,1.0,0.0,0.47818238982839045,0.7083040539058368,0.7170382538251212,0.6304772860741022,1.0,0.021003491174572675,0.5541594718597668,0.0,1.0,0.46072329277078755,1.0,0.6979717296244593,0.5047483718930869,1.0,0.9592857182779875,0.0,0.2001817557602343,0.39348291576200645,0.05405378675739095,0.29882429375527203,0.5513205497201028,0.36110841609565686,0.19055350487201111,0.35848082364618183,0.0,0.05691858388253002,0.8363648164715524,0.7138157591435612,0.597732976726155,0.37921237995387397,0.27289847062639794,0.9338383949619695,0.8471355903346364,0.30334479274990495,1.0,0.33660010257276374,0.0921780781258193,0.0,0.2871462132218058,0.0,0.9590550057480506,0.0,0.4941447461047648,0.7524950696383734,1.0,0.0,1.0,0.3405830183606684,0.4449655267571729,0.04418727335762804,0.2813801387036342,0.5496182790934914,0.0,0.18984987337091738,0.20680984897938584,0.3601914661006698,0.11477535856357862,0.4208375953037467,0.0,0.5705098777418514,1.0,0.13290158524747792,0.6132271336310361,0.24110978144355016,0.42507989219295045,0.3751931450232517,0.0,0.4377804868602025,0.5306258968269918,0.4232213003766222,0.6733243488798055,1.0,0.09002548017995125,0.546891507391734,0.13061281566049532,0.7874906565972262,0.6156214280035531,0.42527050546475265,0.04335602311993774,0.49774426002332517,1.0,0.29343659415307,0.8233474545869286,0.811213720438341,0.5538832321324818,1.0,0.19361539657934904
150,dsp_map,anti_aligned,9,3.606174204932345,3.317999112481614,3.606174204932345,3.317999112481614,0.6861765479672965,-3.6943200024917253,38.265271972864866,9.818661474157125,1,0,ok,,nan,nan,nan,nan,nan,nan,nan,nan,nan,nan,nan,nan,2.6937486512328777,1.1741046513544924,1,0.47695327234352597,0.6086115185356881,0.1765511603840308,0.0,0.8386869809065061,0.2453373645045409,1.0,0.0,0.3586319234236158,0.8533907550419311,0.2633971276297595,1.0,0.0,0.39663349562661654,1.0,0.7151279833392754,0.8491714543176525,1.0,0.07565582175046445,0.6016373406445612,0.0,1.0,0.7708495304665735,1.0,0.5635544211850265,0.3142315675122518,1.0,1.0,0.0,0.18437300233065868,0.0,0.05875406982631608,0.1537330148602172,1.0,0.5130998831861722,0.3018148076304803,0.276055663183779,0.0,0.0,0.43325538176884604,0.8260596459143168,0.0,0.0,0.0,0.8505569430775275,1.0,0.631098953219882,0.9557530267453377,0.5608019089890215,0.0,0.0,0.6630137448915941,0.0,0.9982218959386019,0.0,0.49558178826746396,0.304204882186333,1.0,0.0,1.0,0.8237551075186251,0.6946268287391915,0.3652342529596687,0.30568516044611743,0.06554179953286554,0.0,0.7431578489733256,0.15072415659839772,0.1328777812385422,0.0,0.41314878140170325,0.0,0.886085525066261,1.0,0.1431856126743471,0.646275311824781,0.3445674503477511,0.31609879991846523,0.6102463749619116,0.0,0.29732812858974234,0.40046656786285384,0.39744608697771816,0.8825239030303631,1.0,0.27233877535518297,0.37797431862123504,0.0,0.85303735836248,0.390487807224177,0.7216796532790761,0.2568854798863302,0.3977777683660022,1.0,0.21539591987307202,1.0,0.8328905612349564,0.28220297655824744,0.7339942229351181,0.3319711561960252
151,dsp_map,anti_aligned,9,3.3939292584035408,3.285132004682833,3.606174204932345,3.317999112481614,0.6861765479672965,-3.6806063659917765,8.529563320335,7.18137584021315,1,0,ok,,nan,nan,nan,nan,nan,nan,nan,nan,nan,nan,nan,nan,2.6997912045686356,1.1725482151958606,0,0.6913874781138588,0.6621865621424269,0.007186846927243684,0.1863912021082665,0.7857507871762418,0.3633498896503598,1.0,0.0,0.611269156789874,0.7624545645197812,0.49456527344493,1.0,0.0,0.4967104412683594,0.9604214342034506,0.725090355609488,0.8853168613956213,1.0,0.040776837437500636,0.3971913881763302,0.0,1.0,0.6657686602088889,1.0,0.5558864608172824,0.4011728504959105,1.0,1.0,0.0,0.12617124421998935,0.10910006311063185,0.05381427582970002,0.162575372718316,0.9031025588795183,0.4445992131506484,0.46825994004040783,0.15805966980449476,0.0,0.0,0.4466191531928767,0.8243498195933244,0.1897973320410353,0.0,0.18665845485225044,0.9181996394263544,1.0,0.7435975538180117,1.0,0.5086104321409379,0.1846183441268568,0.0002496702381864905,0.7268572009135372,0.0,1.0,0.12081539549773648,0.5025862353715747,0.3774524575871278,1.0,0.0,1.0,0.7938218163492078,0.6475962840507461,0.5126936253843719,0.2937516063580772,0.2520966794711796,0.0,0.7895867702539875,0.19077125586956112,0.23364931801813293,0.08373576794457037,0.4151844548651778,0.0,0.7390634888104006,1.0,0.13417078805863825,0.6631440483524661,0.3405721630723475,0.41988138152028237,0.5686585684274452,0.0,0.2897505339771372,0.45103899655058466,0.529502638940667,0.8083008412910982,1.0,0.11942026661610974,0.3280089783860788,0.034468555934921555,0.5937821201932948,0.5279897109453229,0.7133545038408855,0.3904284488956317,0.3805481968777298,1.0,0.312106191267771,1.0,0.8196278237114972,0.3183537166522739,0.8431311149715774,0.31460294824866214
152,dsp_map,anti_aligned,9,3.2199692444188694,3.288317797099906,3.606174204932345,3.317999112481614,0.6861765479672965,-4.414447834839166,4.281164670363069,10.464939734898508,1,0,ok,,nan,nan,nan,nan,nan,nan,nan,nan,nan,nan,nan,nan,2.704357902291234,1.1700312765160574,0,0.49372763343747156,0.8423327979276296,0.33261310513985454,0.17851520516326996,0.8091435464901594,0.35390908832516677,0.8078576135770704,0.0,0.277020781238106,0.9160815956779743,0.20764282177046223,1.0,0.0,0.5664084267124906,0.9077878819403719,0.7131222477214174,0.8432475309683258,1.0,0.3820557769172352,0.6087961377676825,0.011004657857416772,1.0,0.5613444099163414,1.0,0.5256259355739233,0.27143925314957307,1.0,0.982545098393811,0.0,0.3306477689797681,0.0,0.054546060540449415,0.3302994138513532,1.0,0.4699836649256036,0.27545326695672356,0.29491125703408905,0.0,0.0,0.48017186592196764,0.8039812863114583,0.2070912181800659,0.0,0.0,0.7675965161570031,0.8467186272885975,0.5054283364588366,0.8834736442865035,0.5721817520587064,0.0,0.043356783529981714,0.6003097409244275,0.0,1.0,0.09107141890537045,0.5014870945590879,0.17031668715067572,1.0,0.0,0.9039714529696804,0.9066084122504032,0.6132743500292542,0.3198114701294389,0.28793588969647244,0.10281665649213592,0.0,0.5259532786866213,0.026507699649185736,0.3146252337798951,0.0895200672615305,0.48543080727337634,0.0,0.8248134719436009,1.0,0.1354238669027494,0.5233746361795841,0.31878097938479266,0.35983880802915846,0.4728523254415403,0.0,0.31275317919016915,0.4583755736766315,0.45060454512127907,0.6838173759919958,1.0,0.4091939323891981,0.1759719412786624,0.06990703615215799,0.8238709614310545,0.48714882386966757,0.5768373705636815,0.208932701447498,0.5138594378149107,1.0,0.12853031690413472,1.0,0.8193799686049462,0.4928431659810899,0.8752438731023435,0.12790076718265103
153,dsp_map,anti_aligned,9,3.2854348665993403,3.3131860980154055,3.606174204932345,3.317999112481614,0.6861765479672965,-4.31319341626089,9.658750690054148,8.526266562286764,1,0,ok,,nan,nan,nan,nan,nan,nan,nan,nan,nan,nan,nan,nan,2.70772791106331,1.1669412618619601,0,0.5347215033548143,0.6242305264570378,0.17693484024386036,0.0,0.8127235896134826,0.08083843730206049,1.0,0.0,0.5189326676338664,0.8172732118070393,0.2374891783931479,1.0,0.0,0.42670266720963584,0.9399375630932316,0.7227859213544372,0.7136006374031633,1.0,0.07662413958459746,0.6082984170578389,0.0,1.0,0.7425328126314276,1.0,0.6373855117331044,0.7499650050206407,1.0,0.8912203085210048,0.0,0.16638082326531892,0.12344066780606226,0.057570634988315314,0.0,0.6148532626757555,0.4682762781998531,0.2697291477594067,0.36511956585487615,0.0,0.031608424315148445,0.42877987107653975,0.8256982358906626,0.0,0.3133229537939989,0.37263138677923563,0.9632526953190845,0.7633879597411148,0.5089521413991498,1.0,0.3983684491903675,0.0,0.0,0.5886218374652094,0.0,1.0,0.019778339689613036,0.5342944424612747,0.8374036079214099,1.0,0.0,1.0,0.7448450597166713,0.7711734643503119,0.643192162652725,0.3090042703298278,0.351293844558715,0.0,0.6149919371880577,0.21441394200284042,0.07856986052730443,0.0,0.3326530084367521,0.0,0.8482442229644758,1.0,0.13665896622296983,0.911680526390712,0.3531670816771959,0.3203257047390492,0.6571499791097295,0.0,0.32218255983373034,0.28802750461513643,0.4125711112595795,0.9299762799521234,1.0,0.0,0.6589956114626613,0.08631753050286407,0.6123192811711059,0.3561391448234677,0.8272301896643086,0.379469151924937,0.3061610450329581,1.0,0.25016793166861323,0.9849881626274679,0.8267502948866094,0.04582264795687756,0.8389005497238742,0.5619596661109544
154,dsp_map,anti_aligned,9,3.201006694208186,3.362072461665388,3.606174204932345,3.362072461665388,0.6421031987835226,-4.500676538123819,29.856338041834533,8.25758835207671,1,0,ok,,nan,nan,nan,nan,nan,nan,nan,nan,nan,nan,nan,nan,2.711479254930427,1.1640715049508528,0,0.8029253253177767,0.3710526908507698,0.3198412053912233,0.42741284387478157,0.8769369202882833,1.0,1.0,0.0,0.3813569028810973,0.7551768855020279,0.024166130043346338,1.0,0.0,0.43045069677920994,1.0,0.6994780831380909,0.7672078497496425,1.0,0.0,0.6491718678463612,0.0,1.0,1.0,1.0,0.06520304371777896,0.311385433686541,1.0,1.0,0.0,0.16559858063923713,0.0,0.0682577022926684,0.14754630841147248,1.0,0.3415891414007291,0.2717438066445007,0.20300017538425522,0.0,0.0,0.4555115514385731,0.8523753740384592,1.0,0.0,0.0,0.5230675467731873,1.0,0.44056367829304427,1.0,0.0,0.0007105165110044213,0.0,0.7072871258417305,0.0,0.9896811406166983,0.24643105935408993,0.4570336384394462,0.30919578417861054,1.0,0.0,1.0,0.2190997127851394,0.6858046978873346,0.0,0.31449912008142183,1.0,0.0,0.9664177228121829,0.1481653504256541,0.0,0.0,1.0,0.0,0.9874891632707764,1.0,0.15346832882113373,0.6371142439696325,0.3348082641216314,0.32361337936691514,1.0,0.0,0.33657214200436003,0.3746964518854884,0.40796446107358686,1.0,1.0,0.1856568395671399,0.0,0.0,1.0,0.3327287272237043,0.8990577058176755,0.0983330163929815,0.325104579796992,1.0,0.931996917585466,0.9067279725840922,0.8519484450951333,1.0,0.7355294487001507,0.30254692313690856
155,dsp_map,anti_aligned,9,3.370760019121624,3.355165123762852,3.606174204932345,3.362072461665388,0.6421031987835226,-4.5273971530954595,31.398764471989125,9.434717886149883,1,0,ok,,nan,nan,nan,nan,nan,nan,nan,nan,nan,nan,nan,nan,2.7146374964741544,1.160972093349823,0,0.4176431579367986,0.5871325633128329,0.7137493978619996,0.2525670580849523,0.8414510307685034,0.8522807781099759,1.0,0.0,0.635359538069818,0.4267880894176479,1.0,1.0,0.0,0.4654775317560654,1.0,0.7018594372569251,0.7421699645042683,1.0,0.0,0.4542990567046012,0.0,1.0,1.0,1.0,0.8293612195906205,0.39851518025431465,0.9944359809267533,1.0,0.0,0.08294505656694279,0.0,0.0682558172814317,0.865117952651205,1.0,0.40957405199133246,0.4498166894367024,0.04863894068486037,0.0,0.0,0.7169510179101285,1.0,0.4070736950338456,0.24774827511091316,0.0,1.0,0.0,1.0,1.0,1.0,0.18454719353637195,0.023221180717683126,0.7543287996787479,0.0,0.9806857214347688,0.20675272452547386,0.43158553234161495,0.16424052828347094,1.0,0.0,1.0,1.0,0.6385264215327763,0.0,0.31178238920036727,0.0,0.0,1.0,0.1711540345770244,0.0,0.0,0.0,0.0,0.898330720214436,1.0,0.152962879929955,0.6504568166856697,0.29227414734520674,0.4840187928922106,1.0,0.0,0.32712330550382424,0.4138589628245681,0.3874346252253693,0.8592296736478534,1.0,0.40301273708964575,0.19558584185634245,0.03433331310927881,0.9339071636932129,0.0,0.6008131152609665,0.05198256362949321,0.0,1.0,0.0,1.0,0.8479850683680175,0.6035767857110738,0.8578164713189769,0.011529901831929718
156,dsp_map,anti_aligned,9,3.411757115247633,3.2768188445295556,3.606174204932345,3.362072461665388,0.6421031987835226,-4.548829381205961,2.456227851100266,11.01406615274027,1,0,ok,,nan,nan,nan,nan,nan,nan,nan,nan,nan,nan,nan,nan,2.718843410080869,1.158429109880044,0,0.6034513490986658,0.6548372204016852,0.3665771461668844,0.34546756497539527,0.8049596066272007,0.9093621472492509,1.0,0.0,0.35480433103030146,0.7345544358642075,0.5702296415126951,1.0,0.0,0.21598719013436457,0.9848791495216387,0.7219617182990427,0.7564334839331034,1.0,0.0,0.39471311259514524,0.0,1.0,0.6331558385281454,1.0,0.5512700531949114,0.19943975332746539,1.0,0.9920258569313043,0.02028448410302329,0.10614469378421083,0.04621699922536729,0.0548940705076145,0.1031658183138918,1.0,0.5165853372457037,0.34659430994824636,0.16416257527411598,0.0,0.0,0.5267303208463091,0.9846564814405261,0.3498796306628593,0.3779477245765606,0.21895348566077377,1.0,0.2958524212669282,0.7239755137464471,1.0,0.5351412146299123,0.0,0.0,0.6999442045678202,0.0,1.0,0.0720925238346509,0.48711565335962637,0.3167946186522764,1.0,0.0,1.0,0.7062265896070878,0.7768209193982651,0.13839607423709407,0.2974288544122698,0.33985766552554686,0.0,1.0,0.30498125525293496,0.15043210525182818,0.0,0.45277550817692025,0.0,0.7567965695816596,1.0,0.145598792131959,0.6262944932750862,0.3341266189256492,0.6741182635467549,0.7532593166383765,0.0,0.31102078348389356,0.21050042716394554,0.20875584773309264,0.6296317914244692,1.0,0.0,0.012491091938991646,0.1278329426354885,0.6894345661322266,0.14490513318868598,0.6177222370137976,0.5472832834185829,0.4441071341331002,1.0,0.09175729830812292,0.8831392979558749,0.8217520023914131,0.4802350063887947,0.8423073217872824,0.1484353440130632
157,dsp_map,anti_aligned,9,3.329363659055299,3.3065405603877864,3.606174204932345,3.362072461665388,0.6421031987835226,-4.772901864275441,11.395277591887861,10.525717065203935,1,0,ok,,nan,nan,nan,nan,nan,nan,nan,nan,nan,nan,nan,nan,2.723256873171103,1.1560489478487095,0,0.9044535875173109,0.6216917911560205,0.4606176542399375,0.0,0.7986905379773648,0.3324259518987186,1.0,0.01452417892531113,0.5142320360107921,0.6668923773139174,0.5875437737350281,1.0,0.0,0.43906898196565997,1.0,0.720972395790334,0.6806692847200493,1.0,0.0,0.5777874488305665,0.032952396867276225,1.0,0.8674576647410484,1.0,0.6371691548792022,0.24061363461798943,1.0,0.8288218188785059,0.0,0.012792657435883918,0.21552525367468925,0.05961058909363941,0.15253747124802428,0.811881115131331,0.5245310049251181,0.4546409078506926,0.07207865215910282,0.0,0.0,0.4781515343065941,0.8329648644337296,0.48044781086589844,0.34273200291344375,0.10114871186920027,0.9684583606966769,1.0,0.9362845800667098,1.0,0.6805874140541616,0.11032457879295844,0.0,0.9026088222851592,0.0,0.9289210400170428,0.1578866210498821,0.38032254379402275,0.45461781203474744,1.0,0.0,1.0,1.0,0.826324854337388,0.0,0.29830284783602173,0.0,0.0,1.0,0.3105340920893521,0.2356012581296439,0.0,0.38475724653319443,0.0,0.8965193851309123,1.0,0.14359145743027943,0.5571832673392805,0.32494738563031444,0.6341499902676219,0.7228187589412686,0.0,0.33373511865380345,0.5952961734302712,0.35860982584879986,0.9604145092458417,1.0,0.0,0.23014608639986012,0.2534577547492678,0.3824214502580766,0.4435175641875025,0.6330886245669543,0.014514187632127112,0.1489672584494503,1.0,0.37565478978667566,1.0,0.828429707314152,0.7992398563567035,0.9249711775587366,0.3773080624263979
158,dsp_map,anti_aligned,9,3.2453561697344484,3.306892855261239,3.606174204932345,3.362072461665388,0.6421031987835226,-4.955883827618825,1.8777557802386582,9.939208447933197,1,0,ok,,nan,nan,nan,nan,nan,nan,nan,nan,nan,nan,nan,nan,2.727092992069104,1.1533867576229315,0,0.46457784142489233,0.8683201338199793,0.2177587206241068,0.39131470677581165,0.8003773069478194,0.7052663565978988,1.0,0.0,0.41278292535787586,0.7126415930632609,0.8284575566910759,1.0,0.0,0.6233914633458945,1.0,0.7190227999521643,0.9122549518600253,1.0,0.0,0.4345343366728181,0.1454366285463212,1.0,0.6352170852687782,1.0,0.7891569359762249,0.5258811225779083,1.0,1.0,0.0,0.1491910066469742,0.14751238892630042,0.06188848193310677,0.31592909053224566,1.0,0.41072121148372415,0.32118982115994155,0.0,0.0,0.17140378198203943,0.548509500964769,1.0,0.28245349821396815,0.17465743528104627,0.14043728047001067,0.9732416785342921,0.6233824642008664,0.3911004193185457,1.0,0.07680430800810664,0.0,0.0,0.5487254977202967,0.0,0.9715392548228201,0.4133322525932041,0.5267316849558513,0.5930571622144252,1.0,0.0,1.0,0.9003987762803798,0.61138604899611,0.3816363130832124,0.29419764592614833,0.0,0.0,1.0,0.27822771849551386,0.06584593251593723,0.0,0.42410830255924137,0.0,0.6221254417708043,1.0,0.1463198884005144,0.7319665996851888,0.22307010689585724,0.30867623782090886,0.9399417069973152,0.0,0.37580015069206874,0.509336246132528,0.2625792906357615,0.9404754378452601,1.0,0.21672630435819357,0.0,0.149515053567903,1.0,0.1704269360163318,0.6003384761281996,0.03684840235070075,0.253910850247353,1.0,0.1369620388927906,1.0,0.8278567897785124,0.36529992748762674,0.7786854815702828,0.3730966208576658
159,dsp_map,anti_aligned,9,3.239155162008828,3.244028757111546,3.606174204932345,3.362072461665388,0.6421031987835226,-3.3051208865609123,47.818205271847546,8.543161330744624,1,0,ok,,nan,nan,nan,nan,nan,nan,nan,nan,nan,nan,nan,nan,2.7303525089097667,1.1504838124588292,0,0.8077945956809054,0.8050536949672626,0.0,0.41336650658375296,0.8123049175490857,0.23831691806855343,1.0,0.0,0.48480368457900513,0.580611027424883,0.30259408000579513,1.0,0.0,0.4979108607927091,0.7027811370273119,0.7199435595737181,0.7307786303396959,1.0,0.0,0.6309873212676577,0.0,1.0,1.0,1.0,0.5528033898283482,0.3560936145180398,1.0,0.7231003414141502,0.10278951361065292,0.15930447471109846,0.21358347449723994,0.05845497800356418,0.389802510917999,1.0,0.3890385589619203,0.5611757997894854,0.3024716403842854,0.0,0.08448793536336983,0.47347110381805274,0.8297462961545786,0.6443533662400844,0.4163362392537482,0.26229851906647245,1.0,0.014858298024128181,0.34287544794531266,0.9656667405005444,0.7548999102578149,0.0,0.0,1.0,0.0,1.0,0.12601854458996528,0.3970179518213225,0.7002555970613009,1.0,0.08306148998517665,1.0,0.732069369108644,0.46230961314975794,0.40171764433696255,0.3453584919891901,0.5950216509020426,0.0,0.3656102450445047,0.0,0.07800448766714425,0.05331006732868662,0.30651414714659175,0.0,0.6545631288413685,0.9481456119978331,0.13541062414043217,0.60222386091935,0.23540834597269972,1.0,0.7184655627675743,0.0,0.3503225093462267,0.2728917245031371,0.3891403894048679,1.0,1.0,0.13361327956012875,0.21990697594786116,0.0,1.0,0.26245194822886386,0.7745910162489117,0.9313525895637067,0.4416400715931044,1.0,0.041977989603004695,0.8713693913141144,0.8420524562234251,0.6987071790816469,1.0,0.5662447663760783
160,dsp_map,anti_aligned,9,3.4456943478963282,3.3145311209044324,3.606174204932345,3.362072461665388,0.6421031987835226,-4.86324501134569,8.622603415045887,10.16087264334783,1,0,ok,,nan,nan,nan,nan,nan,nan,nan,nan,nan,nan,nan,nan,2.7335325254916363,1.1475836831495272,0,0.6457036348783637,0.5689246027920013,0.6437439947496892,0.010113766612291604,0.8062477317955368,0.8868246719915285,1.0,0.03044761665395189,0.47189761117953427,0.6463003926447676,0.3853979691520095,1.0,0.0,0.28520202723236465,1.0,0.7172162864097207,0.6816822911376053,1.0,0.0,0.26803609702911857,0.0,1.0,0.8902661754467749,1.0,0.5703362297406152,0.39791755103563714,1.0,0.8414112149037368,0.0,0.1751657498659935,0.4526326611241326,0.06004453704478387,0.529209146013016,1.0,0.37922912381393703,0.5257853534562837,0.0,0.0,0.0,0.5782276176361887,0.8377912873027774,0.3157419226503127,0.15310644982065436,0.0542999328337195,0.986663477178172,0.7456307216518756,0.5512629370158388,1.0,0.7176375126168172,0.13913759686913546,0.0,0.6000179691970523,0.0,1.0,0.2518715234409264,0.39531181698133117,0.2784493333592755,1.0,0.0,1.0,0.6295120699166462,0.8990557989618922,0.5375165945339021,0.3029009479355409,0.8314876106590288,0.0,0.7412041175881418,0.28390551540114195,0.17378976217177503,0.0,0.1676149290188752,0.0,0.7956527779215851,1.0,0.14302810203172037,0.6321725191842191,0.31153370280706194,0.3311654718047659,0.3950554237849998,0.0,0.1572032452013479,0.11450647690516433,0.39293662174273786,0.3882923456615865,1.0,0.4208368150078098,0.5743759218880912,0.02530322057661069,0.7771853990763791,0.2813149101564317,0.694146435933097,0.337626523077426,0.17846263149408834,1.0,0.17508488852434978,1.0,0.8302778673825242,0.41765104645836376,0.6848838887155815,0.3777862156897499
161,dsp_map,anti_aligned,9,3.2086885149383693,3.3281196523354546,3.606174204932345,3.362072461665388,0.6421031987835226,-5.09940929348914,8.499466447159648,10.402993131894618,1,0,ok,,nan,nan,nan,nan,nan,nan,nan,nan,nan,nan,nan,nan,2.737955890848187,1.1453816361531153,0,0.2838674287045089,0.5570487365544153,0.5279962203892008,0.46412334225200663,0.8186891151578997,1.0,1.0,0.08847300308947521,0.8529706968912107,0.6314470589276894,0.27751999277301126,1.0,0.0,0.2673448810439812,0.8569604243551835,0.7171129080131302,0.6949215410267595,1.0,0.007568918334412368,0.41947960102628473,0.0,1.0,0.9167594737394105,1.0,0.6815451147290059,0.5884453369207903,1.0,1.0,0.0,0.268235119856262,0.30729452621293646,0.06296068925790292,0.2029403038591707,1.0,0.5998967758047908,0.31574103103989526,0.2985702223415004,0.0,0.0,0.5843445459598997,0.8382660914986598,0.16975440691420185,0.248363769057115,0.0007650288891713816,0.9952405839333761,0.20600950171714003,1.0,1.0,0.752499533083917,0.1450975621006753,0.0,0.5555780881714976,0.0,1.0,0.2408832255925255,0.5326184136543246,0.47742694400492275,1.0,0.03833359564032771,1.0,0.5573839352218918,0.6454072269341614,0.5428834115646798,0.3048975112937632,0.22733685669453252,0.0,1.0,0.27559883066421414,0.22604725153209473,0.0,0.3356845642414787,0.0,0.739560046052399,1.0,0.14170935254458664,0.2927382845415652,0.30214474572333183,0.38197521977263393,0.43527147875458166,0.0,0.1617352468488692,0.4906458157060025,0.44750447290766426,0.7208742713701002,1.0,0.33316076456153904,0.3704224242947786,0.0,0.7686212544942214,0.6221972169853893,0.725377966917811,0.36446550439473546,0.8424091482616907,1.0,0.31537600918010295,0.9972434682056578,0.8316685972316245,0.5553990078789681,0.8208038067012452,0.38461710192561754
162,dsp_map,anti_aligned,9,3.5384379985884227,3.318411469759249,3.606174204932345,3.362072461665388,0.6421031987835226,-5.051218880884667,9.179421589244157,10.224384114146233,1,0,ok,,nan,nan,nan,nan,nan,nan,nan,nan,nan,nan,nan,nan,2.740861647787016,1.1424361430978438,0,0.8641769032047771,0.5964888702248761,0.18145320560230277,0.0,0.8170020237702089,0.20456168016084203,1.0,0.04558705260168122,0.3803697692878279,0.6634283486160428,0.399554574304607,1.0,0.0,0.4140355452118203,1.0,0.7199966806870531,0.6874599489922841,1.0,0.0,0.2887501404480363,0.20441094847757574,1.0,0.6207609116056979,1.0,0.3880142965068692,0.019133779802824,1.0,0.9983137843526256,0.0,0.1661169948017785,0.0,0.06483511154312428,0.6246609128354094,1.0,0.21290996400753123,0.3555565255967746,0.0344154524520336,0.0,0.0,0.5791763754081766,0.8486888287489667,0.595891182064901,0.33626264242512377,0.31459488522122553,0.6899199442204699,0.712965336054936,0.6406987155196399,1.0,0.9410836555954115,0.01734345186897087,0.0,0.6129729755559334,0.0,0.8417119999161875,0.11171367981108872,0.4752407724374397,0.15088522389364697,1.0,0.0,1.0,0.6295825806822274,1.0,0.218085715581675,0.3047613986917973,0.4568161009626294,0.0,0.7162106822711413,0.17505185727838213,0.10147984730901637,0.0,0.4232148549883475,0.0,0.6946477486472484,1.0,0.14321869574061902,0.8315378093018314,0.24403549322696494,0.13937507780443956,0.6728046279223944,0.0,0.3005842859480042,0.2609029509428538,0.3720586944465645,0.6178055858747098,1.0,0.0,0.17435427122582922,0.0,0.7959221011760784,0.17078659913431576,0.5952313463665725,0.5527197976525712,0.0,1.0,0.0,0.9613846539470745,0.825713949112358,0.2587483280772668,1.0,0.3637559880893211
163,dsp_map,anti_aligned,9,3.24047245025531,3.3170182954536345,3.606174204932345,3.362072461665388,0.6421031987835226,-4.689347698909762,8.578141459729522,10.655938500072807,1,0,ok,,nan,nan,nan,nan,nan,nan,nan,nan,nan,nan,nan,nan,2.74575475423365,1.1406278560041314,0,0.7696163941950058,0.5926709503614913,0.0567389019072942,0.0,0.8143530477128142,0.4682650630786191,1.0,0.09780883176524087,0.3603897765162455,0.5959403697932287,0.7274964625228841,1.0,0.0,0.5714702948855821,1.0,0.7209619834120911,0.6597234543083915,1.0,0.0,0.4044620615468786,0.2646450075362454,1.0,0.683040100782725,1.0,0.6073300057208425,0.1882960664998598,1.0,1.0,0.0,0.15310460988433683,0.16308391502409728,0.062335404752914866,0.5548203908287529,0.9125019211657549,0.3441446791005188,0.43784868731991283,0.21483873820175828,0.0,0.0,0.5182079454157719,0.8492460359759479,0.27981680059250763,0.12993459373620453,0.23072670392282552,0.7758569238751173,1.0,0.17258866515139584,1.0,0.7621993379268983,0.0254628940642598,0.0,0.7854328415196143,0.0,1.0,0.02764308386514519,0.477909649124548,0.059743383942047944,1.0,0.025264737682979745,1.0,0.649247479420465,1.0,0.36383229334671796,0.30879289808845867,0.7815810928357478,0.0,0.7217497715155816,0.17600331095940966,0.0829108644586336,0.0,0.0,0.0,0.8766313238753223,1.0,0.14117446777504372,0.8485316579820705,0.3597304838071778,0.5010240077069771,0.8393862145505531,0.0,0.27535710962495047,0.2580250539116108,0.3978613739850517,0.4938637118372963,1.0,0.0,0.0,0.05529649176078743,0.697214300989094,0.29465156107892654,0.3432170182681951,0.3590795840385885,0.0,1.0,0.3073559710508438,0.9700139919980062,0.825385694417502,0.1625435877181717,0.9312300694128596,0.1965882601710958
164,dsp_map,anti_aligned,9,3.13037509437472,3.295110523101739,3.606174204932345,3.362072461665388,0.6421031987835226,-3.8651463508042427,1.8628855841234326,7.459407434333116,1,0,ok,,nan,nan,nan,nan,nan,nan,nan,nan,nan,nan,nan,nan,2.7487713255508552,1.1377970100262211,0,0.8147720013126108,0.6465381741909084,0.4447630082266582,0.12115111181443579,0.8315837934381269,0.09701682366213873,0.9640054217995847,0.0,0.4073388383333477,0.8247358308658967,0.2186232456448188,1.0,0.0,0.26933802237750565,0.9998987440421752,0.7207880928359208,0.749923028410555,1.0,0.08717672424487093,0.42998252846073365,0.0,0.9947277608760102,0.7443206597084839,1.0,0.29608837761782614,0.2503623853701633,1.0,0.927831644551085,0.039156906855058224,0.20017055324057798,0.18026208751057496,0.05875813288842138,0.49862017293333855,0.8558572531460964,0.32270891595118123,0.42192389519683654,0.0,0.0,0.002905830893062793,0.5619757301180104,0.9319064424140832,0.6495308686891991,0.2697301462644075,0.37176594551858305,0.9148013682211805,0.39973730676041286,0.9553833578801345,1.0,0.9012792130709909,0.0,0.0,0.5761325596974979,0.0,0.9709272504506093,0.17435812467381326,0.47945172199480146,0.20077064432401007,1.0,0.0,1.0,0.6749534964149264,0.7490775190000332,0.2633971986056211,0.2943074451908708,0.3991401328159932,0.0,0.5691486510623861,0.2627497147943875,0.23643557785524677,0.0,0.6180006278363114,0.0,0.7392994210975037,1.0,0.148128388354782,0.7052912016802897,0.26165216877024006,0.0,0.4605516215101438,0.0,0.3223626732612918,0.13586061320334097,0.2846207711670272,0.7260289712899564,1.0,0.3104296581649613,0.3316511619716252,0.11021768880599457,0.6814605418408474,0.08432284411652308,0.9361248496363355,0.31787237989891476,0.0,1.0,0.0,0.9045093103195707,0.8277088952669526,0.5217523885435847,0.8126890292283588,0.2558373526470011
165,dsp_map,anti_aligned,9,3.3113230375411202,3.333454251509497,3.606174204932345,3.362072461665388,0.6421031987835226,-4.1207220355983605,9.764911965001374,7.824771163053811,1,0,ok,,nan,nan,nan,nan,nan,nan,nan,nan,nan,nan,nan,nan,2.7510840756649393,1.13473049207198,0,0.6395985196731212,0.5657614998445917,0.5937368884615425,0.27325840527204653,0.8281681305192617,0.5066143135602007,1.0,0.0,0.5801187980272977,0.613590409496125,0.24825724115942405,1.0,0.0,0.49826729852761287,1.0,0.7026269359358562,0.8121965249106293,1.0,0.13548654521889228,0.3740499475479021,0.0,1.0,0.7937265608785918,1.0,0.08721806740888947,0.20073989902247907,1.0,0.7729730054494179,0.0,0.19835868349147748,0.0,0.05980756645419994,0.012347747683270825,1.0,0.32902819412510126,0.33481879800814335,0.034237657218102284,0.0,0.0612640784249022,0.464261354055838,0.8542006189303508,0.5965208522622909,0.3074946677522886,0.009715517407435507,0.8238816942521703,0.6782128406130878,0.5665430196756067,1.0,0.6708685582279889,0.1380067871473254,0.0,0.6603619678155248,0.0,0.7732263385007043,0.10702300261494911,0.4512630195168423,0.4423033568568922,1.0,0.0,1.0,0.5974893433858548,0.9546929095686494,0.49335498485934176,0.3150809067186591,0.44223779156718485,0.0,0.7290554080877941,0.06061526643661705,0.0,0.0,0.4698715061919708,0.0,0.7861291043492169,1.0,0.14291001159365793,0.9239934770422669,0.4409696074010022,0.38505960144828816,0.6036325190922313,0.0,0.29080054625108653,0.3099786906443193,0.3908425934327471,0.9621282970551452,1.0,0.0,0.8591625290752214,0.0,0.712175172609041,0.2684927006616971,0.5603348800168526,0.5979088537653227,0.0,1.0,0.034553530089819914,0.862410933000528,0.8377775063220224,0.2865213334170613,0.9852714832922045,0.3702778992856145
166,dsp_map,anti_aligned,9,3.3086744195179856,3.3336143948768187,3.606174204932345,3.362072461665388,0.6421031987835226,-5.084177424564352,6.685588593129069,10.138129975181073,1,0,ok,,nan,nan,nan,nan,nan,nan,nan,nan,nan,nan,nan,nan,2.7544590091702177,1.1321377840797768,0,0.8359724016738477,0.5532078204315201,0.31626265000108783,0.025314287539037094,0.8017579102182232,0.636477846003708,1.0,0.0,0.22276819605408626,0.3821785266013494,0.18637041461057607,1.0,0.0,0.3729549396575062,1.0,0.7050241807692836,0.6530720005610974,1.0,0.059377405754049165,0.13108713206834852,0.0,1.0,0.800973640633417,1.0,0.4113652917167322,0.16262896813723482,1.0,1.0,0.0,0.1430145653071159,0.0,0.0634374965633993,0.19765548954580536,1.0,0.3553312584031149,0.2866408957505958,0.1629546631134659,0.0,0.14152671928633206,0.63333269675912,0.8674331349690074,0.4860863712151069,0.24961044652817788,0.45202227946160856,1.0,0.616856988366128,0.6643070601427099,1.0,0.8072013362062249,0.0,0.0,0.7562432159437955,0.0,0.9842074135523042,0.03396128384897531,0.4994178300332253,0.44497824901750554,1.0,0.0,1.0,1.0,0.7774037976632069,0.5576089313847822,0.30741306635341653,0.2700810413129219,0.0,0.32780174005112606,0.1460519344387111,0.05592753292707197,0.011955018503756205,0.2801412985583687,0.0,0.7803394038720937,1.0,0.14386060492986086,0.6103134162122625,0.12194329292965522,0.3169813376371718,0.741877447915979,0.0,0.2537232831289608,0.4137562328010754,0.5307632434894529,0.4776093019875892,1.0,0.0,0.04268362032475186,0.0,0.5137502193921997,0.37566185218177484,0.5914391859243113,0.20928639742679814,0.20257788292791526,1.0,0.8980785905232263,0.953799806300613,0.834770289305624,0.11861093447400996,0.6764122246047398,0.2348751967722061
167,dsp_map,anti_aligned,9,3.3944270015005213,3.3221027338163545,3.606174204932345,3.362072461665388,0.6421031987835226,-5.2277039569275345,14.458973100408912,10.285353886894882,1,0,ok,,nan,nan,nan,nan,nan,nan,nan,nan,nan,nan,nan,nan,2.757777664322001,1.1295526250928885,0,0.8913292566232168,0.5435728304851848,0.30628203772095314,0.0,0.8092653743315822,0.3651692577360462,1.0,0.0,0.529321148220622,0.7630920253810318,0.43057302452668106,1.0,0.0,0.3959517901612156,1.0,0.7157418530544004,0.7034346174384075,1.0,0.05285230941452726,0.3327099673433433,0.0,1.0,0.6912556821982054,1.0,0.8116871648468234,0.27321307023283287,1.0,0.8791366113225657,0.0,0.17155813611301937,0.0,0.0634201986647099,0.47311389461184405,1.0,0.3010893635951727,0.20207931687045738,0.3107926321305986,0.0,0.0,0.5539308230000014,0.8455303425163821,0.34959842544074493,0.0333980381893904,0.5141343642559763,0.9241525453001008,0.192697538899716,0.4653201931195999,1.0,0.6140610905996304,0.12155886747194415,0.0,0.35980168807919893,0.0,0.9123574309050084,0.0,0.43586873102528095,0.10633175621778337,1.0,0.0,1.0,0.5743521392962724,0.7190216532872671,0.3392091501701514,0.309447581884766,0.23588924973197323,0.0,1.0,0.217052428216232,0.020455085912007655,0.0,0.08266784188003423,0.0,0.6588232191967781,1.0,0.1435356940950063,0.636444469505768,0.2790465263752222,0.39450863736935854,0.6018366830858689,0.0,0.35041579833940084,0.19014440086381368,0.38023292205259557,1.0,1.0,0.0,0.27085664654956476,0.0,0.32210776841241173,0.5654644510730515,0.5838403636600561,0.4495075317445213,0.027170941988895518,1.0,0.0,0.9445797200075178,0.8283180233560764,0.9438367017491667,0.8336787172833219,0.4150288612278545
168,dsp_map,anti_aligned,9,3.3347779320631963,3.319612546311402,3.606174204932345,3.362072461665388,0.6421031987835226,-5.487819320758579,8.526023321785033,10.4854466188699,1,0,ok,,nan,nan,nan,nan,nan,nan,nan,nan,nan,nan,nan,nan,2.761567243709968,1.1272501173102984,0,0.8696570028116465,0.5859424798955919,0.5176525161990059,0.2143300633720784,0.8068833281639101,0.04130416803504755,1.0,0.02365373879126103,0.49218629590464047,0.4974978689251983,0.5154259353005235,1.0,0.0,0.09001096802373414,1.0,0.711735029185212,0.7243924036296899,1.0,0.05100734962832713,0.917425607701868,0.0,1.0,0.8378927136129216,1.0,0.3601746893320695,0.09841453576041494,1.0,0.9030798289547921,0.0,0.2657645044252418,0.0,0.06400823738135267,1.0,1.0,0.3768586888951484,0.384036921421396,0.26715981001230665,0.0,0.0,0.6593548907580301,0.8749963517475067,0.0,0.21031943623697,0.4389023204230101,1.0,0.9748565758715899,0.608700711456593,0.9967610913094569,0.3981261124335697,0.0,0.0,0.8331922063780289,0.0,0.9531849838024282,0.03168812731972827,0.4534630919155119,0.5144433974449223,1.0,0.0,1.0,0.597613263943164,0.7736299286697169,0.3115021487505763,0.3052917409000333,0.8034742390816212,0.0,1.0,0.22940579716471932,0.15648415070096494,0.0,0.47624929951507966,0.0,0.6193401436212257,1.0,0.1427504730622006,0.6130124710929348,0.26883408184213814,0.3636774015884553,0.5924860546122083,0.0,0.2544842627664659,0.3902844624813221,0.3762924669488141,0.6007712749015246,1.0,0.391385826789847,0.2159669112579702,0.0,0.9270673512408918,0.5600678060924287,0.5642406491233658,0.4767175539958131,0.021260472358071377,1.0,0.0,1.0,0.8267714057281237,0.19556278154948006,1.0,0.4162015337619366
169,dsp_map,anti_aligned,9,3.2740952872235605,3.307933548874242,3.606174204932345,3.362072461665388,0.6421031987835226,-5.560318022583336,15.089454642962664,10.161546774208546,1,0,ok,,nan,nan,nan,nan,nan,nan,nan,nan,nan,nan,nan,nan,2.7649590229309933,1.1247695917140137,0,0.875020971282875,0.5760811091701978,0.19235631898027428,0.0,0.808675937358191,0.2806058461098294,1.0,0.0,0.5307860997129962,0.7667789763822533,0.017226526444236133,1.0,0.0,0.8787362694843651,0.9427710642147711,0.7177525127689,0.5907655192115254,1.0,0.03086190154945688,0.3641060406801083,0.0,1.0,0.4974562480930719,1.0,0.7020407197180258,0.6089461941550628,1.0,1.0,0.0,0.14033765556690952,0.6906384574892825,0.061215291847706604,0.2819744951048311,0.8887932851191712,0.20883753855715712,0.045383817953361,0.03899659748226407,0.0,0.0,0.7704619510024888,0.8539210724911814,0.0,0.16721547456873861,0.0,0.8703660236253659,0.048626315642529394,0.667957770892126,1.0,0.4592309822957235,0.01343714180391733,0.0,0.8520127023402717,0.0,1.0,0.19180471411777622,0.5328560288630785,0.11865038819310467,1.0,0.0,1.0,0.7096277216870143,1.0,0.0,0.3061949782456889,0.5035912760576554,0.0,0.7966706119762615,0.17491451227673985,0.07950537083939282,0.03793766472280576,0.6107283777215106,0.0,0.680584729833495,1.0,0.14073556274601928,0.6037906051969469,0.3986313866614355,0.6822228644419349,0.6021849994965324,0.0,0.43910032901095214,0.2493081765874218,0.3822096882526044,0.41888572901336724,1.0,0.02474526755875836,0.41143083035456735,0.0,1.0,0.10747694381187274,0.588253462926377,0.5109353527889535,0.0033283455669045154,1.0,0.37061274971389907,1.0,0.8225872988904066,0.36311320234292455,0.8906700279551589,0.44945693865703035
170,dsp_map,anti_aligned,9,3.179052179025833,3.3124307212464714,3.606174204932345,3.362072461665388,0.6421031987835226,-5.654886823559122,11.758046979084611,10.029971193987876,1,0,ok,,nan,nan,nan,nan,nan,nan,nan,nan,nan,nan,nan,nan,2.7679539421327144,1.1221322039517805,0,0.9806352929785215,0.6028032685983364,0.03210136340693774,0.1995903568071971,0.8046758061887009,1.0,0.9867649078928568,0.0,0.3936422613394416,0.7136695930464894,0.4997834622953144,1.0,0.0,0.20969561447073548,1.0,0.7096238912389427,0.5772108080389794,1.0,0.0,0.7055651135226548,0.22485220750300453,1.0,0.5074107424264009,1.0,0.4673895481674409,1.0,1.0,0.824837899396833,0.0,0.0,0.0,0.06150992488085659,0.2133699336766557,0.8740113628644549,0.29461244248617835,0.7271850824295214,0.3226709714561784,0.0,0.0,0.46048880941259346,0.8595120796029577,0.4828685072830688,0.07172506378146905,0.30597971932213447,0.9533181894678886,1.0,0.6332466920637155,1.0,0.9365514246037306,0.030852722304492458,0.0,0.5071344297700339,0.0,0.8639287906154298,0.22386194410003038,0.454586520199467,0.0,1.0,0.0,1.0,0.5746524899333573,0.7028625380285147,0.4952209743177005,0.30347332296396884,0.30046063043155086,0.0,0.5258997670557899,0.10011809289174937,0.09539736837986408,0.0,0.17584546980936847,0.0,0.6897002597106843,1.0,0.14330457160723614,0.5077085460526752,0.360303193035286,0.47188437397025546,0.7854279785799443,0.0,0.1615742954338945,0.29348071684921334,0.3385263889510538,1.0,1.0,0.0,0.40934110554477654,0.0,0.9895020744040484,0.21763097123505654,0.5863128389421441,0.009835636779824021,0.3838938869218847,1.0,0.0,1.0,0.8273634618691186,0.3224570636640593,0.8284613360025509,0.45876637626666583
171,dsp_map,anti_aligned,9,3.269897353714306,3.297973083449487,3.606174204932345,3.362072461665388,0.6421031987835226,-5.3845370588776,14.826537745073438,11.644623357336968,1,0,ok,,nan,nan,nan,nan,nan,nan,nan,nan,nan,nan,nan,nan,2.7703580253893993,1.119285302410223,0,0.5116438586115665,0.5351766472249493,0.8109323515257228,0.0,0.8085821828767709,0.5907702193226737,1.0,0.0,0.4300496069106211,0.8259457634112645,0.4243956143867518,1.0,0.0,0.49090899396448057,0.8508761758708284,0.7147697006467295,0.705394259051479,1.0,0.0,0.17525330130240194,0.0,1.0,0.8326056133701681,1.0,0.7435259862326837,0.0,1.0,1.0,0.0,0.23082348552992474,0.0,0.06008197027653345,0.7224718220202986,1.0,0.4522515760840144,0.30510342221599923,0.03000206985766001,0.0,0.0,0.4844562819545299,0.8307664398764311,0.7640483528111582,0.4317459261713305,0.092195374869018,0.2715770558657166,0.7194655306701285,0.4799999147023112,0.978891006441301,0.5328932490543176,0.38483899120044507,0.0,0.7146550672114775,0.0,1.0,0.0,0.4076310743196477,0.5962690616794784,1.0,0.0,1.0,0.971970236717294,0.45342609949807894,0.20527844625170433,0.3107538673336741,0.5018230295371272,0.0,0.9470018118289099,0.37267601863921446,0.1446166428053135,0.1270204561021397,0.29588862805898936,0.0,0.873193172210311,1.0,0.14271664484685773,0.8051625044232854,0.17400238092421852,0.32408044299303007,0.6147242380407258,0.0,0.2658758746564993,0.34667447743680824,0.38493498431284223,0.726677914124153,1.0,0.25396668980616277,0.2751475662067359,0.0,0.23211383778435446,0.41495604048546775,0.5748948289291012,0.8426615865031528,0.14661549715715888,1.0,0.021085654573143632,1.0,0.8196580836317935,0.3854416717713974,0.8256670080670779,0.32331370811827387
172,dsp_map,anti_aligned,9,3.2770946883414385,3.315552802914405,3.606174204932345,3.362072461665388,0.6421031987835226,-5.663289702999094,12.790232354775071,10.107623662799597,1,0,ok,,nan,nan,nan,nan,nan,nan,nan,nan,nan,nan,nan,nan,2.773262323809893,1.1166728464453948,0,0.6494903932569746,0.5827999542392179,0.14246402561281876,0.0,0.802613475816778,0.12465046499932107,1.0,0.0014094644416286185,0.3319341637303354,0.7741222629038607,0.697387642639164,1.0,0.0,0.4522059839797568,1.0,0.7190107538084474,0.8086997723708729,1.0,0.12826402478622206,0.15053859205144446,0.0,1.0,0.6898405345256293,1.0,0.38958617345774255,0.044703474629331226,1.0,0.9261470611709981,0.0,0.09333351470533158,0.006232775137503053,0.05972925475234904,1.0,1.0,0.40217239762158485,0.2953410010809023,0.21670996301589354,0.0,0.0,0.4547080070850688,0.8397561884908066,0.23914679468633243,0.1712252865985802,0.0,1.0,0.5058432505543515,0.6433802041807415,1.0,0.8758333108997752,0.0,0.0,0.5230606451528901,0.0,0.8322692019609721,0.04169645859574796,0.45046471336324834,0.6739432594093012,1.0,0.0,1.0,0.6729243779675302,1.0,0.7661870483377479,0.3021441639866885,0.5909474073527019,0.0,1.0,0.10556196566900912,0.0,0.0,0.30772174681471276,0.0,0.9106323240485688,1.0,0.13882848248716323,0.9672545901195596,0.2996373312490969,0.545988833269773,0.402652812238024,0.0,0.45443904994923656,0.2679741036488637,0.3538238590556203,0.48943503952668344,1.0,0.0,0.08417957845184584,0.0,1.0,0.4805464349725439,0.585895776122688,0.21392050509176722,0.4036109051180078,1.0,0.4085879477328615,0.8928672659925444,0.8284243615828116,1.0,1.0,0.23511624174736503
173,dsp_map,anti_aligned,9,3.2052579589871297,3.3140549792822083,3.606174204932345,3.362072461665388,0.6421031987835226,-4.567096653403567,59.134203623980284,9.946215150412172,1,0,ok,,nan,nan,nan,nan,nan,nan,nan,nan,nan,nan,nan,nan,2.7761746496164337,1.1140957037936063,0,1.0,0.36285250344816666,0.838691190416559,0.47307490937669866,0.8498844308679423,0.1482856271232825,1.0,0.0,0.38313202234691407,0.45209674922088217,0.8171156602550066,1.0,0.0,0.3668579240519219,1.0,0.7233595529533569,0.7281240980526821,1.0,0.0,0.05824027857586956,0.09383807250755864,1.0,0.9524019292353758,1.0,0.6410826680054497,0.004536441673479633,0.9243226191266182,1.0,0.0,0.09115653894835604,0.9569003246991793,0.06459290887393178,0.0,1.0,0.20221458458598154,0.3054682850269747,0.0,0.0,0.0,1.0,0.8781017097829646,0.0,0.0,0.0,0.823181140953623,1.0,0.4721309990217815,1.0,0.8816232614004891,0.017284432015948578,0.0,0.6289620706985463,0.048018997432737257,0.8298837207987485,0.06100511906146329,0.4672913699938391,0.4705407939454511,1.0,0.0,1.0,0.7068800083414126,1.0,0.0,0.30405488024554933,0.0,0.0,1.0,0.1263260906481755,0.341035189559443,0.0,0.041543672704211686,0.0,1.0,1.0,0.14903160215561936,0.8310803269446211,0.23231380770594262,0.09371715617897437,0.7367157118369368,0.0,0.3102124842326334,0.24349362537894803,0.4253758136366534,1.0,1.0,0.0,0.0,0.0,0.7765037911005531,0.40474366344561263,1.0,0.16512994743774753,4.264059577253356e-06,1.0,0.0,0.9874399846380584,0.8293200823281499,0.7851266025333431,0.84334631117588,0.3045963770777146
174,dsp_map,anti_aligned,9,3.3308106846419547,3.314899751057905,3.606174204932345,3.362072461665388,0.6421031987835226,-5.661624000979279,12.094123730901629,9.209737828932703,1,0,ok,,nan,nan,nan,nan,nan,nan,nan,nan,nan,nan,nan,nan,2.7786406456473,1.1113630763130522,0,0.7495070655264674,0.6280180806901013,0.2741944252111557,0.0,0.7995821743143133,0.91852766389967,1.0,0.0,0.5234335619077589,0.5235346052444256,0.6629957991370933,1.0,0.0,0.40257565574800025,1.0,0.7126608897438176,0.7513809866939797,1.0,0.016299250174451645,0.2359123928741318,0.0,1.0,1.0,1.0,0.5238208180715596,0.0,1.0,1.0,0.0,0.30957315470829316,0.893055958101234,0.06025610665050229,0.3248505317392512,1.0,0.589560836425237,0.44984627393065063,0.1588469002936715,0.0,0.026810421957483316,0.563230689266234,0.8313741921509293,0.036707754623970024,0.7502505208717866,0.15030901544286263,0.9787434195405067,1.0,0.5284418737377568,1.0,0.29713617040208573,0.0,0.0,0.5795020890144765,0.0,1.0,0.2190549215613437,0.5635209020819092,0.2337016435006059,1.0,0.0,1.0,0.49779409140036346,1.0,0.0,0.3042194092111789,0.0,0.0,0.6804525693387858,0.20761553007572728,0.05736925408813547,0.016603957636338828,0.0,0.0,0.6792301218059481,1.0,0.1402688867860466,0.4743963508609326,0.2944770351220296,0.210578766301718,0.6004485328270839,0.0,0.3350684871673976,0.23017872036564382,0.40646999636035586,0.5453077034170801,1.0,0.20418952753749803,0.42516641617386475,0.0,0.9042493753688561,0.6830451258857118,0.6005565483828429,0.7351099055214664,0.0,1.0,0.0,0.8101058919803927,0.8276428831988398,0.7037939799029601,0.7922682687781404,0.0743886583126067
175,dsp_map,anti_aligned,9,1.9897927613189248,2.0328447611225973,3.606174204932345,3.362072461665388,0.6421031987835226,-3.1926616788380375,50.40315759787336,8.900435402989388,1,0,ok,,nan,nan,nan,nan,nan,nan,nan,nan,nan,nan,nan,nan,2.7817959030129837,1.1089645155203909,1,0.7426264820534154,0.5511015643365559,0.6517334204778963,0.0,0.9313046079947994,0.8410679860021336,1.0,0.051392641982143085,0.0,1.0,0.40542662715974864,1.0,0.0,0.30389988868302337,0.725883980762717,0.7191121908901817,0.47060100252404974,1.0,0.0726678833755571,0.1990280810254514,0.0,1.0,1.0,1.0,0.6864201619995797,0.35115923185993814,0.9228915572757208,0.8291211498739842,0.0,0.17417591325266116,0.0,0.06001770932878477,0.5459168796177015,0.7417136956985415,0.6978375197777644,0.21735363803802546,0.2917500639896941,0.0,0.8159351049645359,0.5449951490826367,0.8401615461061006,0.3657401167512967,0.2946465689008929,0.0,1.0,0.182355727369531,0.5134730835521475,1.0,0.9144219484856277,0.005949909469031133,0.0,0.5010545775696504,0.0,0.9252556406922934,0.14034230106601334,0.6838112496133448,0.38373069219139727,1.0,0.07087271448502833,1.0,0.0,1.0,0.3457714229824104,0.3984105899833117,0.8814917449990624,0.0,1.0,0.2841225793043268,0.2434311571760234,0.31228148868724565,0.0,0.0,1.0,1.0,0.0,0.6795283709585821,0.30596060099598843,0.37384447327883813,0.7325950162678325,0.11761459170044693,0.3060720972707751,0.5973505241619099,0.43713099946807593,0.48144031603551507,0.9277709288136926,0.4040156987192666,0.518001472249273,0.19552072855168418,0.3409697523951949,0.28393481452909725,0.5489546955073699,0.48454795678734763,0.0,1.0,0.0,1.0,0.8586297439115818,0.331810289160004,1.0,0.18526258019880856
176,dsp_map,anti_aligned,9,2.5320488650365296,2.514919707612272,3.606174204932345,3.362072461665388,0.6421031987835226,-2.0763296089328285,31.648262994363904,9.527760652359575,1,0,ok,,nan,nan,nan,nan,nan,nan,nan,nan,nan,nan,nan,nan,2.7772958851624483,1.1074107466286773,0,0.0,1.0,0.7624281657086518,0.0,0.8026439164734384,0.14626358327422764,1.0,0.0,0.12753626111922053,1.0,0.9128149510245217,1.0,0.0,0.7932890301439172,1.0,0.0,0.8365992026094671,1.0,0.1355162520653207,0.5000441943632954,0.03725255083498015,1.0,0.46466579926396484,1.0,1.0,1.0,0.8793513556132536,1.0,0.2872371484966357,0.16073146975464808,0.0,0.059539508112072016,0.23170052691108858,1.0,0.0,1.0,0.8352292285831961,0.0,0.20693501422442823,1.0,0.9488359464808829,0.37259541730756335,0.008015954652391367,0.0,1.0,0.8453302627571367,1.0,1.0,0.5960350149607341,0.0,0.0,0.18986633067733144,0.0,1.0,0.0,0.38077095439729886,0.1741735332580718,1.0,0.49963635622479863,1.0,0.9447268822641386,1.0,0.24639712843652997,1.0,0.0,0.0,1.0,0.20191183762622064,0.02096119590579514,0.0,0.8646549560277195,0.0,0.055546133436773434,1.0,0.0,1.0,0.0,0.35868952154377554,1.0,0.0,0.28181678869452387,0.10927982521638491,0.0,0.8152281001116177,1.0,0.4711122994865579,0.0,0.06283423810971642,0.9350363575178916,0.6384723515603337,1.0,0.0,0.0,1.0,0.0,0.4301053651144026,1.0,0.11387100502621524,0.2475700905094659,0.0
177,dsp_map,anti_aligned,9,2.7009964996308065,2.80682610670331,3.606174204932345,3.362072461665388,0.6421031987835226,-3.715324931288487,8.16553992871195,7.861303593032062,1,0,ok,,nan,nan,nan,nan,nan,nan,nan,nan,nan,nan,nan,nan,2.775910308777556,1.104431016841437,0,0.509716834681759,0.6283978979043452,0.4892760904626601,0.14793737080702501,0.8111183314163616,0.4492962108034499,1.0,0.0,0.5508063094035998,0.7538093472638846,0.9206741362253149,0.9999168643383773,0.0,0.5492921682635888,0.934512288913454,0.39334174990362986,0.5590616616583489,1.0,0.01749321783007718,0.4901632943369095,0.14663317168695722,1.0,0.7408930244353641,1.0,0.4752025140881492,0.16914978369076822,0.9657148872744401,0.8624620620378527,0.0,0.3449051782197302,0.1629427131289821,0.06165411316802601,0.12317868049200342,0.9715266004779182,0.5534716597327723,0.3746448486098321,0.05320071535975381,0.0,0.08483035605268477,0.8162141160117798,0.8456256471825258,0.9694961334653797,0.08275373707880378,0.03351762277708789,0.8800295633262452,0.769184036289141,0.6275853826189584,1.0,0.2783234026713313,0.04890526989501379,0.00496400064294758,0.2460153742782246,0.0,1.0,0.0,0.44070564459719824,0.2664355704528731,0.978414895099187,0.09998740610571719,1.0,0.7317195444256807,0.6809358565676285,0.06768248552449463,0.5520339918694086,0.5447090300285747,0.0,0.6349874415262022,0.22057441644955225,0.2319506563833112,0.0,0.22105092359721568,0.0,0.7345727184477971,1.0,0.14870447429635744,0.6634218610363277,0.2615503321959286,0.38536292301859393,0.5261269805322814,0.0,0.3260378033100589,0.22053023781929043,0.4911980106976127,0.5651446710229009,1.0,0.14330163195719306,0.0,0.05712014627306934,0.8498831800733573,0.512299102480683,0.6267075085828372,0.20063353342291176,0.21489346340287124,1.0,0.3162162110041171,0.7155134517132264,0.8547743005632881,0.3698523791915975,0.768010650915279,0.388040730222328
178,dsp_map,anti_aligned,9,3.4503399318146535,3.302195180022749,3.606174204932345,3.362072461665388,0.6421031987835226,-5.158093163530442,6.849562920164317,10.304263512138277,1,0,ok,,nan,nan,nan,nan,nan,nan,nan,nan,nan,nan,nan,nan,2.7754894446812264,1.1013385464419487,0,0.23021599790344702,0.5888908267650005,0.24491449592281783,0.18151518566530353,0.8034268361858619,0.0,1.0,0.08322893435560048,0.8021335904262745,0.6401555232677357,0.7510812523094735,1.0,0.0,0.44154712770530763,0.4909042086994916,0.718043764719728,0.6952704965190251,1.0,0.0,0.41177971375825717,0.13299636484056857,1.0,0.9636368225292143,1.0,0.42231405491412777,0.0,1.0,1.0,0.0,0.09241404846689169,0.22856872543984377,0.06220586965087125,0.0,1.0,0.44477208469211843,0.38529982278605257,0.21019513422796038,0.0,0.07448599533129922,0.7758893910138931,1.0,0.21906882772232128,0.0,0.16878842830594337,0.8461565397208298,1.0,0.5401206781816933,1.0,0.31491905537661247,0.0,0.0,0.9868229343467265,0.0,1.0,0.28891711179265567,0.4980285354089875,0.10024901130238287,1.0,0.0,1.0,0.8714137155751356,0.9328895194676612,0.2738804060067974,0.3029416026323626,0.6413926336700283,0.0,0.6587914123733107,0.13555686042353432,0.12928942490921502,0.0,0.32136435969161514,0.0,0.4272848062363166,1.0,0.14841353427701467,0.7767625456229488,0.20639601558346898,0.33984320851939465,0.38439247362085655,0.0,0.2294834906183277,0.4837640307868847,0.529030408182285,0.9530751674984506,1.0,0.05913469198022754,0.19192786639839068,0.07054543996306016,0.15510127811269048,0.1605938807271374,0.5642418518046413,0.5428420978908792,0.09666280772541841,1.0,0.21882070924475872,0.8809303406439245,0.8261233175819911,0.9798798868504632,0.8394025236880452,0.0
179,dsp_map,anti_aligned,9,3.2931638184278946,3.3053930061823373,3.606174204932345,3.362072461665388,0.6421031987835226,-5.355925436905505,11.276944112032652,9.39635573187843,1,0,ok,,nan,nan,nan,nan,nan,nan,nan,nan,nan,nan,nan,nan,2.7792595591344855,1.0994091166333735,0,0.1841197833048993,0.5911787506971424,0.3558447852806071,0.0,0.8151643825585145,0.21451266881439474,1.0,0.0,0.7087884959392303,0.46364199947218415,0.6953161604463101,1.0,0.0,0.512445337151656,1.0,0.7077656833583656,0.7196620665961697,1.0,0.0,0.49146057586976477,0.0,1.0,0.778447182659153,1.0,0.6695437309030386,0.0,1.0,1.0,0.0,0.05634389954759018,0.45752781017138083,0.059210439517592646,0.0,1.0,0.41883922758459274,0.26801605129166695,0.18460363589337425,0.0,0.060500120569681244,0.8554866283313437,1.0,0.7061134637280203,0.0,0.4376214184852896,1.0,1.0,0.5019761822868389,1.0,0.6092923071283183,0.0,0.0,0.6666475503869586,0.0,0.6429627905969785,0.2604339807975259,0.2835920933670155,0.05739030331683273,1.0,0.0,1.0,0.9290075347659394,0.7955196170931993,0.0,0.30441946442791296,0.6247424176247549,0.0,0.7730172180253971,0.15338392862037534,0.047632945782545434,0.0,0.628352733728251,0.0,0.6223316248470087,1.0,0.14846744089573394,0.7242098750711828,0.06582133389875491,0.4376415387964953,0.5460451373733711,0.0,0.09542364702800087,0.5063886357029416,0.36081344997556763,0.6560938331314229,1.0,0.0,0.34194469148226003,0.0,0.7325106196460276,0.6118732573161212,0.6065236911391666,0.4591935013813911,0.39749240254199536,1.0,0.0569245115777668,0.9502521626266888,0.8311218951582683,0.49520448164184827,1.0,0.4530413656350727
180,dsp_map,anti_aligned,9,3.2460421020803847,3.292262721858047,3.606174204932345,3.362072461665388,0.6421031987835226,-5.308792869954067,11.788764672819525,11.229911940172315,1,0,ok,,nan,nan,nan,nan,nan,nan,nan,nan,nan,nan,nan,nan,2.782114582797227,1.0970161626626265,0,0.7388906562303952,0.6398459807553935,0.7378228964094293,0.1300751604591737,0.8001405550744863,0.0,1.0,0.3287217343497387,0.5841154167829544,0.8648668677089453,0.6015387805560516,1.0,0.0,0.4786849772426687,0.1761492221281217,0.720914288145238,0.6934523477033799,1.0,0.0,0.5392449495454882,0.0,1.0,1.0,1.0,0.4464671032548622,0.0,1.0,1.0,0.0,0.31478862361549403,0.05126068517291459,0.057772729361750645,0.0,1.0,0.3079073961901762,0.41173417200492934,0.0,0.0,0.09565432708410251,0.7942757385806596,0.9535692568070853,0.0,0.0,0.2804314554481742,0.6871540694880108,0.5147172901970275,0.534461625210143,1.0,0.5084748650078842,0.0,0.0,0.8250158777537367,0.0,1.0,0.8121287138707375,0.461521952543345,0.369937198062398,1.0,0.0,1.0,0.7077025065573248,0.8023916754537577,0.2908523313129519,0.3059292811353969,0.0,0.0,0.8121362688913109,0.24305933172147143,0.12889539365599248,0.0,0.12481374300219522,0.0,0.7508728978073089,1.0,0.14668983390318246,0.7536102116596197,0.34231422572673603,0.3090895763844423,0.6488138639421008,0.0,0.16979280467809815,0.5278405894283722,0.5390712094110179,0.5832853325159488,1.0,0.02969777419102779,0.12468702838598608,0.0,0.6595769705043673,0.46152543596470963,0.5738444373839692,0.34824721763235217,0.0,1.0,0.14716938644706495,0.5758056705852523,0.8242733662915305,0.4165841481431711,0.8608284450866583,0.24881061892941547
181,dsp_map,anti_aligned,9,3.398761069911986,3.286918041803335,3.606174204932345,3.362072461665388,0.6421031987835226,-5.480449966296492,10.908574752975255,9.070357050281018,1,0,ok,,nan,nan,nan,nan,nan,nan,nan,nan,nan,nan,nan,nan,2.7846777182628797,1.0945218755838462,0,0.6376035421387864,0.5954181338744317,0.19086997017167434,0.4573963058125624,0.7968620786236027,0.0,1.0,0.08029403692126137,0.7318296712291186,0.37840170306393167,0.7204694781203601,1.0,0.0,0.31583399446279464,1.0,0.7163877476839187,0.7126976648013305,1.0,0.20071913603565486,0.3664029283006313,0.07320628886684756,1.0,0.8329884200211596,1.0,0.5399585913695479,0.19625296319666974,1.0,1.0,0.0,0.17202637345442728,0.16691899264006244,0.06044000108719661,0.9110717125861172,1.0,0.469874858114309,0.24821844636012125,0.0,0.0,0.058703818769201506,0.6677449888319703,1.0,0.5318797562804359,0.0,0.0,0.9350933487921685,1.0,0.44523316116515244,1.0,0.5309182092864142,0.0,0.0,0.9842952839025245,0.0,1.0,0.0,0.6262683258923449,0.41071721054562094,1.0,0.0,1.0,0.7504186432891348,1.0,0.13961717079886007,0.3022308152900252,0.17511500517283496,0.0,0.5817790614988606,0.159442963475923,0.4800166647176155,0.0,0.29576700281302387,0.0,0.49175776129334803,1.0,0.14674294889313647,0.5285232276765646,0.4202445629517678,0.3012853991769756,0.47255799523175357,0.0,0.44083296372070613,0.27923951911633266,0.3783998360207937,1.0,1.0,0.0,0.45050400513643263,0.10080547394870931,0.05906574695306142,0.006304580345939653,0.5758352498722956,0.6648648678332069,0.4411094141322889,1.0,0.2130908422287548,0.9409745390091345,0.8194223033200065,0.7163825467424121,0.27153878242949153,0.4429063655783191
182,dsp_map,anti_aligned,9,3.4221545192375316,3.3172621412111587,3.606174204932345,3.362072461665388,0.6421031987835226,-5.685107924254213,8.898248139303178,9.198588856030256,1,0,ok,,nan,nan,nan,nan,nan,nan,nan,nan,nan,nan,nan,nan,2.7880518026125998,1.092454311750076,0,0.6271468177631518,0.6422063668963975,0.5001785691277175,0.0,0.8086590983322808,0.188886768465005,0.6997454301482919,0.0,0.7735042891496123,0.4210989763915996,0.6961255790328126,1.0,0.0,0.4165096226131525,1.0,0.7141577701769708,0.6796666601451233,1.0,0.01056760031280837,0.10415120373159965,0.012298549371533631,1.0,0.6683793880507124,1.0,0.2866586331084279,0.0,1.0,1.0,0.0,0.2436122782533816,0.10429827850226744,0.06552316953949651,0.0,1.0,0.36986925037173024,0.49051468530070297,0.4130215727439594,0.0,0.0644686058792341,0.7091917016887347,0.9123034350159944,0.12731158265583994,0.4316387806877647,0.1515945916068723,0.8479774123382474,1.0,0.5162689964908921,1.0,0.04099082622531626,0.0,0.0,0.7987743091768836,0.0,1.0,0.0,0.4907608568976843,0.1275113129809629,1.0,0.0,1.0,0.7536513345001832,0.3133279023370864,0.34858672722154677,0.3072987569102807,0.2744180612952032,0.0,0.7841324034870837,0.11800381253352099,0.36355397836787967,0.0,0.4501009414956508,0.0,0.6474120602269486,1.0,0.14795762550087496,0.7835758500712069,0.39559165556574,0.49441285274617297,0.2818313723846083,0.0,0.4077137396668941,0.03036820027073548,0.34291407963451637,1.0,1.0,0.6188410732372859,0.0,0.0,0.11675539481374196,0.0,0.5827878358611392,0.22514323709348474,0.0,1.0,0.4242694633699122,1.0,0.8276879803804174,0.750743099233866,1.0,0.5120846217601545
183,dsp_map,anti_aligned,9,3.2505955228048147,3.3221231534247404,3.606174204932345,3.362072461665388,0.6421031987835226,-5.424892912830858,14.080974266398698,10.667796049732715,1,0,ok,,nan,nan,nan,nan,nan,nan,nan,nan,nan,nan,nan,nan,2.791516844779949,1.0904677847586353,0,0.6418616922615477,0.5749860289697518,0.5480596809698112,0.19628903598028508,0.814971021006859,0.39241388254608345,1.0,0.0,0.5862402204905495,0.6367805822913708,0.604239806686302,0.48923899087660866,0.0,0.4396491444784468,1.0,0.7134187563317294,0.6855565994064143,1.0,0.008627644412798941,0.31840935442277285,0.26968436609860547,1.0,0.8431606178572083,1.0,0.5512334426373311,0.05595557245911835,1.0,1.0,0.0,0.21432917008397312,0.060144503495466725,0.06436686107811523,0.13010304363287217,1.0,0.32542536577954306,0.3951916672480289,0.43559305482930116,0.0,0.0011552177572192765,0.8007656807578342,0.8585627197575156,0.5709733375379444,0.17934575051173446,0.0,0.9268731793440673,1.0,0.5663416259157371,0.9756441222702151,0.0479084317957884,0.27981066933990684,0.0,0.6517295462038981,0.0,1.0,0.0,0.5512098221579325,0.40943261750584586,1.0,0.0,1.0,0.7527745143776541,0.940246253915309,0.08412716430660512,0.29753040220387317,0.33724385875689344,0.0,0.6882792554002553,0.05708008105711148,0.21295677608602684,0.0,0.2986934019162646,0.0,0.31258393111265137,1.0,0.14542415910476297,0.7412216057403858,0.2538352132835501,0.3011643036857684,0.37797535832369106,0.0,0.356611743816121,0.5403241422599516,0.4007440143450023,1.0,1.0,0.1960035406492921,0.09896722017213808,0.0,0.7173422513470626,0.07299645610017033,0.5922585226019376,0.4884402036898882,0.17187846184893266,1.0,0.44547647277967983,0.9157799985077036,0.8318120219105719,0.6671729072399896,0.7372140776360504,0.021297022755384636
184,dsp_map,anti_aligned,9,3.151110311432374,3.299397264873158,3.606174204932345,3.362072461665388,0.6421031987835226,-5.79554936311295,8.443162270821631,10.636061379685998,1,0,ok,,nan,nan,nan,nan,nan,nan,nan,nan,nan,nan,nan,nan,2.794011837595302,1.0880241513732583,0,0.46107240606755573,0.5489254328057515,0.010542245659741658,0.9647739919434332,0.8060012299002196,0.27065610598195877,0.5110091033403974,0.09625957897515575,0.7739460418573845,0.673917786677498,0.3843609036182842,1.0,0.0,0.5172337932880033,0.7704579664409785,0.7196097580996517,0.6943772512893921,1.0,0.03075283176712504,0.20356877700275253,0.0,1.0,0.7572868331842696,1.0,0.5147387176259602,0.0,1.0,1.0,0.0,0.0,0.0,0.060201062122225715,0.9915317946661715,0.7022377508186538,0.5698012266981686,0.566453077030421,0.0,0.015063921400108038,0.07449246418625902,0.75407326401658,0.9152696659425933,0.14094614232153196,0.4712237491252604,0.4251845985613929,0.9853815917236788,1.0,0.5171612146461375,0.9884978583542307,0.22910519081921715,0.0,0.0,0.7062935164535391,0.0,1.0,0.0,0.5032072549081095,0.0,1.0,0.0,1.0,0.8583820921171291,1.0,0.2989602369692586,0.3071071997839335,0.45934599380462326,0.0,0.7693109063746725,0.16190853981944298,0.03813328681100543,0.0,0.4430126338711304,0.0,1.0,1.0,0.14474121221800249,0.49693475682727617,0.30019217160454637,0.358947404520647,0.26873754894018226,0.0,0.3815189049409713,0.31967928508239213,0.36385079662930137,1.0,1.0,0.0,0.24019977218585126,0.0,0.2217494818315499,0.019871298446101984,0.5630135392307991,0.3946392520288386,0.0,1.0,0.2970935505441176,1.0,0.8225262757268276,0.5920969328269455,1.0,0.27010062856555306
185,dsp_map,anti_aligned,9,3.2068297929383416,3.2904660963344994,3.606174204932345,3.362072461665388,0.6421031987835226,-5.338720967290465,7.718985110986978,9.167750358115882,1,0,ok,,nan,nan,nan,nan,nan,nan,nan,nan,nan,nan,nan,nan,2.7959420996160427,1.0853954216735966,0,0.5668411575505206,0.6545280628018134,0.6172874498020373,0.0,0.798869907936085,0.6660966612385123,1.0,0.0,0.648389603301683,0.416009504601816,0.5276216322707713,1.0,0.0,0.20283744697150075,1.0,0.7107269294769809,0.7177600567347653,1.0,0.0,0.39612849481920953,0.0,1.0,0.6148212506374465,1.0,0.2204204736392824,0.2658733573375916,1.0,1.0,0.0,0.3079129909756759,0.8059295321843778,0.062408637698694244,0.3214439943166581,1.0,0.2539395085162515,0.24168900753907144,0.2743724980751676,0.0,0.07594351067774398,0.5195435365447331,0.9077133161059692,0.0,0.0,0.0,0.7635012234519297,1.0,0.48541688326163296,0.9977893974006992,0.6744824945755054,0.08047578875957184,0.0,1.0,0.0,1.0,0.11531081904314866,0.5343269593455153,0.4144084092815108,1.0,0.0,1.0,0.8560640559211136,0.6577529382558168,0.3796599986557547,0.303833824362023,0.33716338581449484,0.0,0.5186517917055952,0.25114675092214567,0.23578017542399,0.0,0.4570130024267278,0.0,0.31485771395379647,1.0,0.14966044927672587,0.896459632343422,0.3662464518099778,0.5508620405133287,0.8642407887756282,0.0,0.42000870646032146,0.11352106800914141,0.38010124102350085,0.9209287764836802,1.0,0.09204984633040961,0.0,0.032762370773467026,0.0,0.3278949066043404,0.595179979364448,0.3327523733830437,0.3570906846417811,1.0,0.0,0.9537624781164846,0.8209253082608893,1.0,1.0,0.2612268165842409
186,dsp_map,anti_aligned,9,3.35300176047906,3.308231545659544,3.606174204932345,3.362072461665388,0.6421031987835226,-5.163927641718866,11.06925755366683,9.069944929797202,1,0,ok,,nan,nan,nan,nan,nan,nan,nan,nan,nan,nan,nan,nan,2.7981511732360556,1.0828906878294275,0,0.4297540342992326,0.6107356085478451,0.0,0.0,0.8119464385633463,0.0,1.0,0.0,0.2698221750933649,0.4467416676544653,0.831258880067683,1.0,0.0,0.4678558830783975,0.6421642800737279,0.7046739003873461,0.7392482132326429,1.0,0.12254319837510384,0.42570236926745325,0.4994162151146653,1.0,1.0,1.0,0.5378836571909373,0.3505360822246501,1.0,1.0,0.0,0.06522577832733856,0.0,0.06085697413117669,0.0,1.0,0.43779178289408305,0.3131762232803649,0.0,0.0,0.009453812048747769,0.6649845293866458,0.9484938461207603,0.19228269681637222,0.3903087256088603,0.0,0.7569441737932208,0.5345532854540362,0.4957986750635311,1.0,0.6869365856521592,0.0,0.0,0.8606986279153457,0.0,1.0,0.0,0.4907298987358451,0.25968055221152664,1.0,0.0,1.0,0.8069754022035217,0.7400717321397124,0.15763128984975194,0.3080708747023152,0.9584899611612074,0.0,0.9156945124906543,0.0,0.7013660000389067,0.0,0.0,0.0,0.6832517184228987,1.0,0.1487542755117819,0.7412836074583329,0.4012762486353958,0.2653565167889688,0.48960957327771015,0.0,0.300188410098782,0.40346012552549476,0.3579554176290741,0.959688895806596,1.0,0.6285969909505014,0.28937183347986756,0.0,0.30020257422426516,0.3414560338055016,0.6077876276794488,0.3940180292109375,0.0,1.0,0.5288423373292324,0.9244990442522876,0.8295545347495173,0.806718978852965,0.43308897845534616,0.5895898858948105
187,dsp_map,anti_aligned,9,3.4599947586041644,3.3115319991900076,3.606174204932345,3.362072461665388,0.6421031987835226,-5.7425597687864816,14.424048321787268,11.19527197163552,1,0,ok,,nan,nan,nan,nan,nan,nan,nan,nan,nan,nan,nan,nan,2.8011182886758568,1.0807492198260922,0,0.5073076228189147,0.562165874755127,0.4008689633949322,0.0,0.82505841333597,0.0,1.0,0.0,0.31565197583642046,0.6457879387289986,0.9450111649737801,1.0,0.0,0.40564015184312857,0.5919957824556611,0.7051879774787128,0.7484680097936115,1.0,0.06347532078355306,0.26053999670342143,0.0,1.0,0.910063862327522,1.0,0.4822367654425168,0.15434584673094223,1.0,1.0,0.0,0.23694347329340898,0.5241847322826773,0.068068300494864,0.22752171693102696,1.0,0.34652199211907825,0.3587976406950403,0.40758832720813676,0.0,0.017887320153030815,0.6936483942286075,0.9543660304814222,0.8953366623204094,0.0,0.0,0.9566473744742072,1.0,0.6344490171431741,1.0,0.0,0.0,0.0,0.8003547350840365,0.2786040882835159,1.0,0.0,0.5827494303014736,0.3577114636426155,1.0,0.00440376276784479,1.0,0.7381118571094019,1.0,0.19406125744706168,0.30340244470211647,0.12705105046188728,0.0,0.8497573991541192,0.0,0.0,0.0,0.0,0.0,0.7247902727619683,1.0,0.15157773728613858,0.5840105192990231,0.25996423461859375,0.6476685758147372,0.4203612424364852,0.0,0.297339035635619,0.17277383149253367,0.4124034446198572,0.8311599064489558,1.0,0.15708535192285192,0.30519491811619026,0.4933890274507172,0.2434302682153933,0.057365427073123046,0.6049632691799263,0.5106547134500823,0.20088593070499344,1.0,0.17112408398861703,0.9135033579024456,0.8266162582048606,0.17500176440447918,0.7543969370072761,0.48499050625818013
188,dsp_map,anti_aligned,9,3.2102855568619173,3.30662843059267,3.606174204932345,3.362072461665388,0.6421031987835226,-5.528478125537392,18.3853316209279,9.412153874989599,1,0,ok,,nan,nan,nan,nan,nan,nan,nan,nan,nan,nan,nan,nan,2.8046229507499443,1.078935988143687,0,1.0,0.6105692144324406,0.8277599600490845,0.0,0.8263811662385374,0.21237049269759578,1.0,0.0,0.5282114628432951,0.5466568451112189,1.0,1.0,0.0,0.34335669018487136,0.8877993629663156,0.7048202389724519,0.7126394131962634,1.0,0.0,0.6153262410107883,0.0,1.0,1.0,1.0,0.6193469958413633,0.20544451515142476,1.0,1.0,0.0,0.037525257354446985,0.0,0.06155060221429735,0.0,1.0,0.38371682881124175,0.29570674528414015,0.20648036206838288,0.0,0.04715387011802276,0.6388757582364663,1.0,0.5611073977865414,0.0,0.012090222384885317,0.8169678278872478,0.6803193001407202,0.37437270255009486,1.0,0.0,0.0,0.0,1.0,0.0,1.0,0.0,0.5982461464687381,0.4189803670288731,1.0,0.0,1.0,0.846962021897968,1.0,0.322112266811146,0.30611537990415383,0.0,0.0,0.6534578457136824,0.038783409149047626,0.0,0.0,0.07490563771918883,0.0,0.7186076672154995,1.0,0.14806187572777296,0.7220844346324558,0.531867092324933,0.27303019983269305,0.10746110958072423,0.0,0.2702469939910903,0.555931186388082,0.41268742510302475,0.46298790739564755,1.0,0.0,0.07055079210360456,0.0,0.3064429761562177,0.0,0.6083835659543546,0.4518295192808097,0.19755482044089945,1.0,0.0,0.9107360162979928,0.8277323353756673,0.9086781239664093,1.0,0.14963395008962566
189,dsp_map,anti_aligned,9,3.3725428941152025,3.2955147229497,3.606174204932345,3.362072461665388,0.6421031987835226,-5.053347108237151,5.529878192115575,8.962357661221176,1,0,ok,,nan,nan,nan,nan,nan,nan,nan,nan,nan,nan,nan,nan,2.8067693137452454,1.0764802294598055,0,0.47465025455325954,0.5729815662695427,0.0,0.05376117507393036,0.7900379482183507,0.0,0.9268523728769791,0.11368631758933997,0.6579727043796616,0.582049365281616,0.83082986242453,1.0,0.0,0.4332689993299126,1.0,0.7160153965631045,0.7105650178880739,1.0,0.14429730732405555,0.10607001102834787,0.024515890776039374,1.0,0.8444255601408057,1.0,0.6504485759196164,0.0,1.0,1.0,0.0,0.3267870774987265,0.2809409669279346,0.06577821049735505,0.07866900434591756,0.8843716355653238,0.3763640024611183,0.4847371718817079,0.3893612201349658,0.0,0.04655429362288457,0.5809431778435235,0.8899452551146974,0.621247506203732,0.0,0.0,1.0,1.0,0.6295958393102428,0.9233644130485567,0.6538890020212912,0.0,0.0,0.4933267220521967,0.0,1.0,0.16538732260319217,0.5481364068660368,0.3556525067436533,1.0,0.0,1.0,0.6818461124975472,0.5454987156831141,0.052783201404834446,0.3020660935676412,0.3805265093412683,0.0,1.0,0.05797772259380043,0.32846219739902643,0.0,0.41517493994839644,0.0,0.6741110196075426,1.0,0.15052495198300253,0.6611383553634558,0.1623030311983693,0.5991635166074184,0.6843618503275397,0.0,0.3621911272941945,0.177247093231457,0.4237795766049987,1.0,1.0,0.41334621427482676,0.5124229951231607,0.37583845318882875,0.7262225615781077,0.1721255282820504,0.5733226308467717,0.9121009404028249,0.0,1.0,0.712002446084807,0.9127798234385637,0.8207925884216121,0.25483218917360934,0.3245550958865338,0.3921968117550153
190,dsp_map,anti_aligned,9,3.3397333089831327,3.3323680223401366,3.606174204932345,3.362072461665388,0.6421031987835226,-4.96471277605581,11.79156468482688,10.099567005876452,1,0,ok,,nan,nan,nan,nan,nan,nan,nan,nan,nan,nan,nan,nan,2.809747069431403,1.0744238244500595,0,0.5195419414122024,0.5730402230124677,0.0,0.054505060137548,0.8255939365798362,0.48172270498905184,1.0,0.0,0.3959281630144748,0.3102104805369372,0.6200752544834168,1.0,0.0,0.5221437958899222,0.8219645484311259,0.6938622346458836,0.7060331768560749,1.0,0.2342423878827904,0.22639348910994883,0.13564515615146533,1.0,0.35801665977087843,1.0,0.5260347750855676,0.0,1.0,1.0,0.0,0.035399231425902324,0.26067194542252214,0.0658867710744709,0.30407963882826916,1.0,0.4181673345735174,0.25150006207336745,0.0,0.0,0.023898371840514264,0.7392419951574015,0.9087670520613124,0.1801087754467007,0.0,0.0,0.8740761103868201,1.0,0.5025919329928753,0.9501714833580545,0.23597572086372445,0.0,0.0,0.915732587539691,0.0,1.0,0.0,0.294410413298182,0.37386397344791206,1.0,0.0,1.0,0.8228556157465592,1.0,0.23457113010471176,0.3168901828963823,0.02461582241235934,0.0,0.8281395048256557,0.0,0.3558987676144714,0.0,0.3381257511031805,0.0,0.6908506647148901,1.0,0.1519215349694194,0.7509755361999222,0.27022313904356793,0.27599192198224853,0.5530293573092734,0.0,0.1840910628859515,0.0,0.31792174962381264,0.9095077956993521,1.0,0.0,0.6436956604494121,0.4459863996136254,0.1253471472632384,0.0,0.6134689606091877,0.4870099472087191,0.47563684372497,1.0,0.38287091991892075,1.0,0.8382859339665983,0.27487960199628075,1.0,0.49584487569211777
191,dsp_map,anti_aligned,9,3.251070971411548,3.320011557402778,3.606174204932345,3.362072461665388,0.6421031987835226,-5.65205622429328,10.728018645197153,11.312616148032248,1,0,ok,,nan,nan,nan,nan,nan,nan,nan,nan,nan,nan,nan,nan,2.8125218664971188,1.0722898631652593,0,0.09056502041042665,0.6093564303648935,0.0,0.09750431750067215,0.8321257148920139,0.0,1.0,0.0,0.5026998842625473,0.855938635658128,0.10062295459276639,1.0,0.0,0.44690831507556994,0.7337399143562235,0.7115792501965341,0.7181539688427817,1.0,0.0,0.17294706340345875,0.025034945689187117,1.0,0.7623544656422686,1.0,0.5355589827506482,0.0,1.0,1.0,0.0,0.20154582067364646,0.5398030138949779,0.06735762512686545,0.6551246058498915,1.0,0.35194762151644066,0.4999113536305813,0.0,0.0,0.01690964349428897,0.7925115297703166,0.93274683464393,1.0,0.5453963009224735,0.0887616255150318,0.8369617897938978,1.0,0.612505991803816,1.0,0.2211298420409753,0.0,0.0,0.9799014336589777,0.0,1.0,0.0,0.661773503165743,0.09311352316882196,1.0,0.0,1.0,0.7328265143638848,1.0,0.49022606870033125,0.30758833444211003,0.1058120611501795,0.0,1.0,0.09133988482434495,0.2207684943525792,0.0,0.06018430878407421,0.0,0.6399187630250746,1.0,0.14874506979069574,0.6794603787878407,0.25465449229148673,0.7120170815635983,0.6061138654735362,0.0,0.41997044508928844,0.2190398822131946,0.27712817292083497,1.0,1.0,0.4647549299585401,0.1782862886724058,0.1298318437330632,0.4790582613196138,0.836869764213894,0.5964509775172222,0.0,0.0,1.0,0.41965049357116035,1.0,0.8275161180863898,0.24476541788791426,0.49642261384877867,0.20567023536397278
192,dsp_map,anti_aligned,9,3.519433601573426,3.3098127654080605,3.606174204932345,3.362072461665388,0.6421031987835226,-5.009077785619391,1.9821856641210616,9.437074858229607,1,0,ok,,nan,nan,nan,nan,nan,nan,nan,nan,nan,nan,nan,nan,2.814805976418548,1.0699595587096367,0,0.3552965873782375,0.4787430491316721,0.24800448605004263,0.0,0.8103883703366898,0.01771243506021211,1.0,0.02193275530506698,0.466586679453113,0.49422603643254187,0.6392077866799597,1.0,0.0,0.53753326119556,0.6637991812879922,0.7097663056985664,0.6978905634163295,1.0,0.1755388254657634,0.34341317233144736,0.29345025887754933,1.0,0.6423767755475147,1.0,0.3913836263191361,0.0,1.0,1.0,0.0563464238519945,0.3468542836764792,0.0,0.05967407681184545,0.268650450588688,1.0,0.4290584531472504,0.39815515418774433,0.3122546012362194,0.0,0.038860358550978025,0.6136540606998966,0.9672426079211516,0.37782842078855294,0.3504269713196601,0.0,1.0,0.7683429395278767,0.5627387529580072,1.0,0.46463606860395584,0.0,0.0,0.5086120839567047,0.4008901024066306,0.9788233428483355,0.20691328702669518,0.4647918757615301,0.3672398288057991,1.0,0.0,1.0,0.7336556746866615,0.5408915905283798,0.03501660710630289,0.2875052539775762,0.38049307692036016,0.0,0.8535745186325737,0.2988409778994076,0.21118660464958908,0.0,0.1327760495808837,0.0,0.6651106729634102,1.0,0.14369432814586458,0.515042324550904,0.12488844057453741,0.5011877304533476,0.44717214094472824,0.0,0.28940977332822126,0.48028794193102525,0.46302300866659457,0.86175591803875,1.0,0.018906482323647666,0.3141616228480297,0.07481854301209216,0.6883224804186199,0.0,0.5260030444318499,0.36615841567541846,0.4621838452722456,1.0,0.4450082532776699,0.9605652706475071,0.8283546483092932,0.6017341980289,0.8600903205213908,0.8371656987625691
193,dsp_map,anti_aligned,9,3.1945578774857015,3.094669061883323,3.606174204932345,3.362072461665388,0.6421031987835226,-3.1964904099447518,60.96785650169477,15.094068511854857,1,0,ok,,nan,nan,nan,nan,nan,nan,nan,nan,nan,nan,nan,nan,2.8184568967561385,1.0683824181619093,0,0.1651840872855734,0.5264371559446291,1.0,0.0,0.801265382379154,0.0,1.0,0.6962875167680129,0.48525527521699635,0.0,0.46041834923168945,1.0,0.0,0.48266535705890096,0.695458198901096,0.7282443402729638,0.8651111676555856,1.0,0.05560622188206896,0.33111429474786475,0.5023352049470582,1.0,1.0,1.0,0.10791680906816521,0.18903992190523397,1.0,1.0,0.0,0.22532430385084923,0.9100720198500294,0.059185356715422854,0.0,1.0,0.29994511035573335,0.507431939112646,0.3316224617793748,0.0,0.0,0.5712118675050692,1.0,0.0,0.0,0.5067433106360245,0.8859793665092618,1.0,0.570757239319737,1.0,0.8493627697377708,0.0,0.0,1.0,0.48794091389463734,1.0,0.0,0.21286924058062273,0.3347639123597112,1.0,0.0,1.0,0.8534518280880883,0.4014194975015617,0.01322947294719059,0.1890424671311263,0.0,0.0,1.0,0.2595769419169062,0.0,0.4749901592196833,0.8608012749604178,0.0,0.654966195045754,0.9667085660233015,0.15182031175613936,0.4451555954946559,0.2626424392529994,1.0,0.49631256897050535,0.0,0.36872355682830016,0.024693352241566855,0.4259156452288408,1.0,1.0,0.1507603122209464,0.2714273555114364,0.0,0.42604864251166635,0.0,0.5593011495628291,0.4570545089537833,0.0,1.0,0.6333961889500851,0.8976656773184746,0.8657483214815085,0.888088849275176,1.0,0.8111734317252165
194,dsp_map,anti_aligned,9,3.191915926736664,3.305656881337453,3.606174204932345,3.362072461665388,0.6421031987835226,-5.318211661257097,8.48445229884237,9.419479329138994,1,0,ok,,nan,nan,nan,nan,nan,nan,nan,nan,nan,nan,nan,nan,2.8203955616052596,1.0659655952780291,0,0.34672155826036405,0.527643228944113,0.47186858986032065,0.06343237645269247,0.807735194030355,0.3500700450997398,1.0,0.0,0.48145168250583853,0.6371460066228818,0.6356717081944087,1.0,0.0,0.5688649382337185,0.9168841095635657,0.7120974068718243,0.7249722768477163,1.0,0.11234971450757134,0.3755588011456971,0.2971491594709561,1.0,0.8762900698607455,1.0,0.34385876361526635,0.0,1.0,1.0,0.0,0.31291950768185506,0.2461087733254092,0.06269823675841012,0.35072310737831924,1.0,0.4267345661228503,0.47044862643658475,0.4197835984212201,0.0,0.0405749427358402,0.6630228745603884,0.9153694232859669,0.14328856534446785,0.015223934411563488,0.10640493879490219,1.0,0.8882612289653197,0.6598812075803818,1.0,0.41806900551952403,0.0,0.0,0.564820092640216,0.9871129180491204,1.0,0.00790716108960515,0.48429872714126815,0.41661757145266387,1.0,0.0,1.0,0.8076296191225876,0.5941103277686645,0.1838275065195057,0.30000423796635056,0.7091421716526704,0.0,0.7674475101638345,0.2672011935104566,0.31197750560847426,0.0,0.3014272144832595,0.0,0.6989177041438166,1.0,0.14834737206669507,0.6406341138342548,0.2342748940797906,0.40449363141509287,0.5900911188070418,0.0,0.3573652589957866,0.24408536023197988,0.4126374123682804,0.8758973025343572,1.0,0.0,0.18014327424100124,0.02512458495537736,0.5524506890061311,0.025185293545847955,0.5835841321427515,0.5582440263513812,0.0,1.0,0.1688828085010383,0.8985900043869618,0.8281239600240448,0.6395647123748145,0.5162077582042114,0.6287108975783581
195,dsp_map,anti_aligned,9,3.31812526311092,3.3154993072744054,3.606174204932345,3.362072461665388,0.6421031987835226,-4.748379010466784,13.371420148294419,9.84469489287585,1,0,ok,,nan,nan,nan,nan,nan,nan,nan,nan,nan,nan,nan,nan,2.822300794246959,1.0635599478248912,0,0.524424151918797,0.5558879157675123,0.35215663892831456,0.10251010227850761,0.7845195567185469,0.06794949945529791,1.0,0.0,0.48283229025421387,0.6018618663716461,1.0,1.0,0.0,0.4289905653067938,0.7956900511407653,0.7189568786365258,0.7083679377169123,1.0,0.0,0.09587347859264578,0.4811359960558054,1.0,0.8471424359165248,1.0,0.14889621566056696,0.28198295024706466,1.0,0.9511619221696739,0.0,0.5084495298439062,0.41983940218610427,0.06782272002619105,0.3218922836081909,1.0,0.28695268848393707,0.35018731858850805,0.3704666741258395,0.0,0.07953253683559386,0.6061205513821267,0.9864632936252313,0.11779388677644739,0.004111465747887325,0.16607024932997355,0.8766726564992364,0.8429699286479355,0.5097885229998246,1.0,0.5476837583501181,0.0,0.0,0.6771187435209598,0.02869473590331031,1.0,0.07290815715196113,0.48624514022567006,0.1418351020341316,1.0,0.0,1.0,0.91369789146822,0.4228362223007966,0.0,0.2891524652176339,0.5002126604296283,0.0,0.7355873543210819,0.5740013680231917,0.0,0.0,0.0,0.0,0.7011802021201787,1.0,0.1473443239968736,0.5260660785928539,0.2381843619609685,0.8688236121886139,0.5117857682482837,0.0,0.3210149875310384,0.33232418043716055,0.4070677079442057,1.0,1.0,0.0,0.4676957457403428,0.0,1.0,0.0,0.579653017904757,0.16597103203120384,0.3301441583795895,1.0,0.2778302328786232,0.9258393312854917,0.8249681428764243,0.5829313740890578,0.8936946124029425,0.6577123048410068
196,dsp_map,anti_aligned,9,3.374129579375032,3.3133796414476455,3.606174204932345,3.362072461665388,0.6421031987835226,-5.23542330617169,18.267006488051265,10.563962270040065,1,0,ok,,nan,nan,nan,nan,nan,nan,nan,nan,nan,nan,nan,nan,2.8248305109248366,1.0614313144524898,0,0.3057695939583559,0.5714635539278949,0.7437716988153958,0.030609543537223366,0.7944578457299178,0.12757387090817157,1.0,0.0,0.6001717541568341,0.18681855212990356,0.3970468959036233,1.0,0.0,0.5565017276486851,0.5246199479895612,0.70709670416766,0.7021564567727617,1.0,0.04486359094152815,0.587966695166734,0.0,1.0,0.8883431292973973,1.0,0.5176459109092849,0.07327160164225602,1.0,1.0,0.0,0.21239036897568833,0.0,0.0631803051943888,0.0,1.0,0.44348211806932336,0.39922796599923016,0.22851852477346601,0.0,0.045179955955585153,0.7045101746266061,0.8481160346865826,0.49468104605907204,0.20764958040970322,0.0,1.0,1.0,0.5419611675007623,1.0,1.0,0.0,0.0,0.4963191159879066,0.11384475968887743,1.0,0.20106264791213396,0.34313372439148687,0.3288071474558804,1.0,0.0,1.0,0.708088143372305,0.9510395382838902,0.0373382760614716,0.2870673721313542,0.6297970725713053,0.0,0.9880003296097393,0.11825243986871883,0.0,0.0,0.1961810843133631,0.0,0.6695229296949529,1.0,0.1493045451833901,0.4244800082966831,0.17194616454033063,0.20562426582616689,0.507894301733765,0.0,0.3464974057164339,0.0,0.4085752483949749,0.874601280753619,1.0,0.03227002041006953,0.0,0.28772409437907553,0.509281735639021,0.026794750113852028,0.5836301041299939,0.42890678500700113,0.5284547218176934,1.0,0.4595255991014172,0.9542840748166745,0.8306096964631391,0.5700336763835775,1.0,0.6938308908653875
197,dsp_map,anti_aligned,9,3.339461501924698,3.33547172973326,3.606174204932345,3.362072461665388,0.6421031987835226,-4.090705784181723,128.24278342491016,5.973209550138563,1,0,ok,fit_gpytorch_mll failed; Adam fallback,nan,nan,nan,nan,nan,nan,nan,nan,nan,nan,nan,nan,2.8276188310692536,1.059453309755711,0,0.5247191866940377,0.5637536316254985,0.33083006479745686,0.0,0.8059458288616533,0.2345947340437479,1.0,0.1607691430272381,0.4436346712491229,0.36541753612383415,0.6477985434886063,1.0,0.0,0.4039283421459398,0.6607033212100311,0.7079526404428131,0.7317150480757558,1.0,0.026654692490610823,0.2814739910916027,0.027967338854505905,1.0,0.656039233934027,1.0,0.3943347124326273,0.30213616606067534,1.0,1.0,0.0,0.16433050956564646,0.307104193613152,0.06478987938060217,0.4558080267697369,1.0,0.432453048246478,0.46864832512351756,0.4444531280415937,0.0,0.006676863572736855,0.5934336334306219,0.8936241856923454,0.3699344564917365,0.4615319477909272,0.09332245211049643,0.8671828086020595,0.5977781923295153,0.539144543594508,1.0,0.5171809387686188,0.0,0.0,0.6995905848573643,0.14652832130631763,0.9321416108982095,0.18282109536991664,0.5450932259456875,0.3730298665752772,1.0,0.0,1.0,0.6791365417667607,0.8507760950386444,0.04013772660527343,0.29044483383579445,0.2162594341428573,0.0,0.9645643509300558,0.07708201345959104,0.1506762333029046,0.010265919068601989,0.40756242169157253,0.0,0.6821134479685586,1.0,0.14850133608584526,0.5424629404374266,0.23669553153694578,0.548433551559998,0.5572984189501934,0.0,0.17700970242049793,0.5020787468831313,0.4919574416946051,0.940236915080399,1.0,0.29591527581579663,0.26534850437317997,0.009667009906666853,0.547802741205118,0.14352538864292752,0.5908677435903649,0.43984251153786763,0.16690585196513252,1.0,0.43878056255072556,0.9818834190312223,0.8402352694885156,0.5781024547922123,0.6659380172473347,0.4765722682950657
198,dsp_map,anti_aligned,9,3.3301914174224305,3.285773600904998,3.606174204932345,3.362072461665388,0.6421031987835226,-5.649511153588442,13.255000776145607,10.815838538110256,1,0,ok,,nan,nan,nan,nan,nan,nan,nan,nan,nan,nan,nan,nan,2.830203895063473,1.0573972212572327,0,0.12663328773942667,0.5011070904076982,0.15608070430515839,0.13742126703832913,0.8135726602145594,0.0,1.0,0.0,0.38590188776411954,0.6501328034845559,0.7436336658089213,1.0,0.0,0.460912392718759,1.0,0.7048794886315204,0.6558553029754751,1.0,0.3816431477350428,0.4218146413629901,0.46786545352741654,1.0,0.609264898558149,1.0,0.4967549638160042,0.0193917400586557,1.0,1.0,0.0,0.20929114247048788,0.436000353064661,0.05736261300018001,0.052423270557152214,1.0,0.41120024441051495,0.4487639849018542,0.1195468335994284,0.0,0.047288005035563095,0.6785953284166675,0.8922298766187265,0.08901930457382888,0.0,0.0,1.0,1.0,0.8292502912685292,1.0,0.0,0.14112256715044885,0.0,0.6323925659272094,0.116197280794049,0.39194550727788724,0.1332336080036715,0.23046279463941813,0.3889987705376625,1.0,0.0,1.0,0.6658241029760825,0.18495589064925647,0.4282937630461381,0.2888270358093577,0.5531948716812691,0.0,0.7290835423349219,0.11732818234149675,0.09699456314665839,0.0,0.10871362442197549,0.0,0.659197179621986,1.0,0.14866096100428208,0.46809461719325185,0.09343221483350422,0.3967085199660785,0.5520669667548662,0.0,0.33781378227525855,0.3054855847519517,0.3765798744689064,0.40965721614594663,1.0,0.2711091081321498,0.2996119920350696,0.07350353423602031,0.11609671984751394,0.07172615602094194,0.5918935172744586,0.7767684616521113,0.1925553085453503,1.0,0.41797537875393276,0.8003876256435624,0.8244605040832449,0.44730036130951506,0.8072322579701169,0.5272146360483227
199,dsp_map,anti_aligned,9,3.28799735653538,3.273389282075812,3.606174204932345,3.362072461665388,0.6421031987835226,-6.056421215208329,16.71648712689057,9.46085697086528,1,0,ok,,nan,nan,nan,nan,nan,nan,nan,nan,nan,nan,nan,nan,2.83271639517583,1.0553294520995222,1,0.3647349052501692,0.5591420941664748,0.9024382363248963,0.06675416517213748,0.8025143206373946,0.0,1.0,0.0,0.7067966638070736,0.4405254254668215,0.708581946403567,1.0,0.0,0.18142422263914101,1.0,0.7109782183864307,0.75110223629194,1.0,0.0,0.11812651997798973,0.6224204850891741,1.0,1.0,1.0,0.6791442582981012,0.24039964944698122,1.0,0.6925846972804491,0.14413264757722125,0.24741124208160406,0.0,0.05764305374962754,0.17208578873366756,1.0,0.36524811959364883,0.28939180356888206,0.24912394909340932,0.0,0.07292459622282495,0.7115147080057963,0.9105207514977811,0.28456863064929794,0.25171860018619874,0.05024067336472147,0.942216045642649,1.0,0.5874513101305966,1.0,0.514791037972338,0.0,0.0,0.6633004583309816,0.19158205294532732,1.0,0.2165521681733726,0.2706056138710791,0.0,1.0,0.0,1.0,0.7025839113216983,0.9324570858290169,0.41043324858070046,0.29287530735313194,0.32608327510218627,0.0,0.7330800843936534,0.13279450496407547,0.4720628161377583,0.0,1.0,0.0,0.6832836683700605,1.0,0.15119724410487106,0.7823823094094357,0.112770573870849,0.524852020257951,0.5223794954447216,0.0,0.3426925366644767,0.5127761917192457,0.3982831383977416,0.6340370200236247,1.0,0.0,0.5340569128860806,0.9956967720068044,0.623862654962226,0.2002228637147514,0.5670104379397047,0.5134786361433438,0.4979265665567252,1.0,0.2362426545638299,0.8622558162654195,0.8213085541836054,0.44619892818358076,1.0,0.13614103138741598
