t,method,family,seed,y,f,best_obs,best_f,regret,acq_value,fit_wall_s,acq_wall_s,fit_calls,nuts_attempts,status,reason,r_hat_max,r_hat_median,frac_r_hat_below_1_05,n_eff_min,divergences,num_steps_mean,r_hat_max_native,n_eff_min_native,r_hat_max_ell,n_eff_min_ell,r_hat_max_global,n_eff_min_global,y_mean,y_std,sobol_computed,x_0,x_1,x_2,x_3,x_4,x_5,x_6,x_7,x_8,x_9,x_10,x_11,x_12,x_13,x_14,x_15,x_16,x_17,x_18,x_19,x_20,x_21,x_22,x_23,x_24,x_25,x_26,x_27,x_28,x_29,x_30,x_31,x_32,x_33,x_34,x_35,x_36,x_37,x_38,x_39,x_40,x_41,x_42,x_43,x_44,x_45,x_46,x_47,x_48,x_49,x_50,x_51,x_52,x_53,x_54,x_55,x_56,x_57,x_58,x_59,x_60,x_61,x_62,x_63,x_64,x_65,x_66,x_67,x_68,x_69,x_70,x_71,x_72,x_73,x_74,x_75,x_76,x_77,x_78,x_79,x_80,x_81,x_82,x_83,x_84,x_85,x_86,x_87,x_88,x_89,x_90,x_91,x_92,x_93,x_94,x_95,x_96,x_97,x_98,x_99
20,additive/lengthscale,aligned10,6,3.2364787456069735,3.3133355310905515,3.2364787456069735,3.3133355310905515,1.5276926334020136,1.194407519261278,39.46906724199653,107.70925481221639,1,1,ok,,1.0275594748957555,0.9978850585537777,1.0,70.93965526305972,0,62.375,1.0275594748957555,70.93965526305972,nan,nan,1.000511125906541,179.63228135802484,0.04654961239021917,1.2673584234097293,0,1.0,1.0,0.0,0.0,1.0,1.0,0.0,0.0,0.0,0.0,1.0,0.0,0.0,1.0,0.0,1.0,0.0,0.0,1.0,0.0,1.0,1.0,0.0,0.0,1.0,1.0,1.0,1.0,0.0,1.0,0.0,0.0,0.0,1.0,0.0,1.0,1.0,1.0,1.0,1.0,0.0,1.0,1.0,0.0,0.0,1.0,0.0,0.0,0.0,0.0,0.0,0.0,1.0,0.0,0.0,0.0,1.0,1.0,0.0,0.0,1.0,1.0,1.0,1.0,1.0,1.0,0.0,1.0,1.0,1.0,1.0,1.0,0.0,0.0,1.0,0.0,0.0,1.0,0.0,1.0,0.0,1.0,0.12227323335477251,1.0,0.03238579810562153,1.0,0.0,0.0,1.0,0.0,1.0,0.0,0.5699891008753232,1.0,1.0,1.0,0.0,0.0,0.7640529971927134,0.0
21,additive/lengthscale,aligned10,6,3.3265087626773786,3.3133355310905515,3.3265087626773786,3.3133355310905515,1.5276926334020136,0.3505588079823103,26.137560561066493,119.40799117414281,1,1,excluded,r_hat_max 1.130 > 1.1,1.130393791504354,1.0090864688650378,0.9326923076923077,27.496591353811095,0,62.625,1.130393791504354,27.496591353811095,nan,nan,1.024711077642209,226.90347637223886,0.19845099968625507,1.411096174407637,0,1.0,0.0,0.0,0.0,1.0,1.0,0.0,1.0,1.0,1.0,1.0,0.0,0.0,1.0,0.0,1.0,0.0,0.0,1.0,0.0,1.0,1.0,1.0,0.0,0.0,1.0,0.0,1.0,1.0,1.0,0.0,1.0,0.0,1.0,0.0,1.0,1.0,1.0,1.0,1.0,0.0,0.0,1.0,0.0,0.0,1.0,0.0,0.0,0.0,1.0,1.0,0.0,0.0,1.0,0.0,0.0,0.0,1.0,0.0,1.0,1.0,0.0,0.0,1.0,1.0,1.0,1.0,1.0,1.0,1.0,0.5666306913129411,1.0,1.0,0.0,0.0,0.0,1.0,0.0,0.3016694993979493,1.0,0.0,1.0,0.0,1.0,1.0,0.634727056157518,0.0,1.0,1.0,0.0,1.0,1.0,0.0,0.0,0.0,1.0,1.0,0.0,1.0,0.0
22,additive/lengthscale,aligned10,6,3.2817629272930513,3.3133355310905515,3.3265087626773786,3.3133355310905515,1.5276926334020136,-0.3730343436068293,26.04647923912853,117.68996034702286,1,1,ok,,1.0902358758730866,1.0011314548904378,0.9134615384615384,25.96647043172996,0,63.0,1.0902358758730866,25.96647043172996,nan,nan,1.0605589735250855,101.70110005308,0.3406354434585789,1.5248699631216796,0,1.0,0.0,0.0,1.0,0.0,1.0,0.0,0.2245390739918777,1.0,0.0,1.0,0.0,0.0,1.0,0.0,1.0,0.0,0.0,1.0,0.0,1.0,1.0,1.0,0.0,0.3600879126404625,1.0,0.0,1.0,1.0,1.0,1.0,0.6260533960896064,1.0,1.0,0.0,1.0,1.0,1.0,0.0,1.0,0.0,0.0,0.0,0.0,0.0,1.0,0.0,0.0,0.0,1.0,0.0,0.0,0.0,0.0,0.0,0.0,1.0,1.0,0.0,1.0,0.0,0.0,1.0,1.0,0.0,1.0,1.0,1.0,1.0,0.6126176578222318,0.0,1.0,1.0,0.0,0.0,0.0,0.0,1.0,1.0,1.0,0.0,0.6439265034836578,1.0,1.0,1.0,1.0,0.0,0.0,1.0,0.0,1.0,0.0,1.0,1.0,0.8113850219590898,1.0,1.0,0.0,0.0,0.0
23,additive/lengthscale,aligned10,6,3.2853978663612478,3.3133355310905515,3.3265087626773786,3.3133355310905515,1.5276926334020136,-0.933288015325312,26.090852464782074,114.40842118789442,1,1,ok,,1.0275535342561146,0.999293594046935,1.0,48.181419847886815,0,62.5,1.0275535342561146,48.181419847886815,nan,nan,1.0025728552247317,77.70732796236739,0.468510551451382,1.6074440794793807,0,1.0,0.0,0.0,1.0,0.0,1.0,0.0,1.0,1.0,0.0,1.0,0.0,0.0,1.0,0.0,1.0,0.0,0.0,0.0,0.0,1.0,1.0,0.0,0.0,1.0,1.0,0.0,1.0,0.0,1.0,0.0,1.0,1.0,1.0,0.0,1.0,1.0,1.0,1.0,1.0,0.09308653195796295,0.0,0.5059097588457926,0.0,0.0,1.0,0.0,0.0,0.0,1.0,1.0,1.0,0.0,1.0,0.0,0.0,0.0,1.0,0.0,1.0,1.0,0.0,1.0,1.0,1.0,1.0,1.0,1.0,1.0,1.0,1.0,1.0,0.0,0.0,0.0,0.0,0.0,0.0,0.0,1.0,0.0,1.0,0.0,1.0,0.0,1.0,0.0,1.0,1.0,0.0,1.0,0.0,1.0,1.0,0.0,1.0,1.0,0.0,1.0,0.2591480763780771
24,additive/lengthscale,aligned10,6,3.3458069549224314,3.3133355310905515,3.3458069549224314,3.3133355310905515,1.5276926334020136,-0.8560665096416891,26.24561852007173,118.17240535095334,1,1,ok,,1.0480618075112793,0.9996133087035163,1.0,24.039720824105995,0,62.375,1.0480618075112793,24.039720824105995,nan,nan,1.0126672395134158,51.572703680318696,0.5858808562392931,1.6712444714595938,0,1.0,0.0,0.0,0.0,0.0,1.0,0.0,0.0,1.0,1.0,1.0,0.0,0.0,1.0,0.0,1.0,0.0,0.0,1.0,0.0,1.0,1.0,0.0,0.0,0.0,1.0,0.0,1.0,0.0,1.0,1.0,1.0,1.0,1.0,0.0,1.0,0.0,1.0,1.0,0.0,0.0,0.0,1.0,1.0,0.0,1.0,0.0,0.0,0.0,0.0,0.0,0.0,0.0,1.0,0.0,0.0,0.0,1.0,0.0,0.0,1.0,1.0,0.0,1.0,1.0,1.0,1.0,1.0,1.0,0.7871499416534139,0.0,1.0,0.0,0.0,1.0,0.0,1.0,0.0,0.0,1.0,0.0,1.0,1.0,1.0,0.4380772984433199,1.0,0.0,0.0,1.0,0.0,1.0,1.0,1.0,1.0,1.0,1.0,1.0,0.0,1.0,0.0
25,additive/lengthscale,aligned10,6,1.6387598260757992,1.5205807423023157,3.3458069549224314,3.3133355310905515,1.5276926334020136,-1.031404194787984,26.629921808140352,122.46235978999175,1,1,ok,,1.067147726739144,1.0016341266400521,0.9807692307692307,43.90066442506291,0,62.75,1.067147726739144,43.90066442506291,nan,nan,1.0475181259398674,62.22083292847849,0.6962779001866185,1.7244813526229479,1,0.0,0.0,0.0,1.0,1.0,1.0,0.2570585713251827,0.0,1.0,0.0,1.0,1.0,0.0,1.0,0.0,1.0,0.0,0.0,1.0,0.0,1.0,1.0,0.0,0.0,0.0,1.0,0.4782304815072303,0.7985358831070362,0.0,1.0,0.0,1.0,0.0,0.0,0.0,1.0,0.0,1.0,1.0,1.0,0.0,0.0,1.0,0.0,0.0,1.0,0.0,0.0,1.0,0.0,1.0,0.0,0.0,0.0,0.0,1.0,1.0,1.0,0.0,0.0,0.0,1.0,1.0,1.0,1.0,1.0,0.5378699372220082,0.0,1.0,1.0,1.0,1.0,0.0,0.0,0.0,1.0,0.0,1.0,0.0,1.0,0.0,1.0,0.0,1.0,1.0,1.0,0.0,0.0,0.0,1.0,1.0,1.0,0.0,0.0,0.6546631458901694,1.0,1.0,1.0,0.5617990059780519,0.0
26,additive/lengthscale,aligned10,6,3.2358576102838175,3.3133355310905515,3.3458069549224314,3.3133355310905515,1.5276926334020136,-0.8326822991619149,26.40047627990134,109.72202849993482,1,1,ok,,1.082287664053005,1.002301576872099,0.9615384615384616,26.376341243259883,0,62.875,1.082287664053005,26.376341243259883,nan,nan,1.0344457231734479,55.849186267470614,0.7325272050285101,1.7006786683171635,0,1.0,0.0,0.0,0.0,0.0,1.0,0.0,1.0,1.0,1.0,1.0,0.0,0.0,1.0,0.0,1.0,0.0,0.0,1.0,0.0,1.0,1.0,0.0,0.0,1.0,1.0,1.0,1.0,1.0,1.0,1.0,0.0,1.0,1.0,0.0,1.0,1.0,1.0,1.0,0.0,0.1532411355972545,0.34589671102709235,0.0,0.3316456760450786,0.0,1.0,0.0,0.0,0.0,1.0,0.0,0.0,0.0,1.0,0.0,0.0,0.0,1.0,0.0,1.0,1.0,1.0,0.0,1.0,0.0,1.0,1.0,1.0,1.0,0.5463720728422544,0.4663079554215629,1.0,0.0,0.0,1.0,0.0,1.0,0.0,1.0,1.0,0.0,0.8569881971865531,1.0,1.0,0.0,1.0,0.0,1.0,1.0,0.0,1.0,0.0,1.0,1.0,1.0,0.7191887341054607,1.0,0.0,0.5321286712713272,0.0
27,additive/lengthscale,aligned10,6,3.343985491626475,3.3133355310905515,3.3458069549224314,3.3133355310905515,1.5276926334020136,-1.1298017531717843,26.429822272853926,107.92722775996663,1,1,excluded,r_hat_max 1.171 > 1.1,1.1712501121661278,1.0037583889973527,0.9423076923076923,18.808786360295002,0,62.875,1.1712501121661278,18.808786360295002,nan,nan,1.0101646475235722,81.28078282249044,0.8252431459638919,1.7345569477906215,0,1.0,0.0,0.0,0.0,0.0,1.0,0.0,1.0,0.0,0.0,1.0,0.0,0.0,1.0,0.0,0.0,0.0,0.0,0.0,0.0,1.0,1.0,1.0,0.0,0.0,1.0,0.0,1.0,1.0,1.0,1.0,1.0,0.0,1.0,0.0,1.0,1.0,1.0,1.0,1.0,0.01847333404680386,1.0,1.0,0.0,0.0,1.0,0.0,0.0,0.0,1.0,1.0,1.0,0.0,1.0,0.0,0.0,0.0,1.0,0.0,1.0,1.0,0.0,1.0,1.0,1.0,1.0,1.0,1.0,0.0,0.5048556687334631,0.0,1.0,0.0,0.0,0.0,0.0,1.0,0.0,0.0,1.0,0.0,1.0,0.0,1.0,0.0,1.0,0.0,0.34644096866327084,1.0,0.0,1.0,0.0,0.7656325717911425,1.0,0.0,1.0,1.0,0.0,1.0,0.0
28,additive/lengthscale,aligned10,6,2.431213534960882,2.5413954993909638,3.3458069549224314,3.3133355310905515,1.5276926334020136,-1.180962688839612,26.765990056097507,128.02724264003336,1,1,ok,,1.0878684364195568,0.999874012087604,0.9807692307692307,29.766356236561343,1,62.6484375,1.0878684364195568,29.766356236561343,nan,nan,1.0245692012009067,110.30460192369283,0.9151982297375556,1.7662719017305597,0,1.0,0.0,0.0,0.0,0.0,1.0,0.0,1.0,1.0,1.0,1.0,0.0,0.0,1.0,0.0,1.0,0.0,0.0,1.0,0.0,1.0,0.0,1.0,0.19376892309075683,1.0,1.0,1.0,1.0,1.0,1.0,1.0,0.0,0.0,1.0,0.0,1.0,0.0,1.0,1.0,1.0,0.0,1.0,1.0,1.0,0.0,1.0,0.0,0.0,0.0,0.0,0.0,1.0,1.0,1.0,0.0,0.0,1.0,0.0,0.24943607952707403,1.0,0.0,0.0,0.0,1.0,1.0,1.0,0.0,1.0,1.0,1.0,0.0,1.0,1.0,0.0,1.0,0.0,1.0,0.0,0.0,1.0,1.0,1.0,0.0,1.0,0.0,1.0,0.0,1.0,1.0,0.0,1.0,0.0,1.0,1.0,0.0,1.0,1.0,0.0,1.0,0.0
29,additive/lengthscale,aligned10,6,3.1508470229077723,3.2732834244599864,3.3458069549224314,3.3133355310905515,1.5276926334020136,-1.3805194520802084,26.96726832422428,107.92472324916162,1,1,excluded,r_hat_max 1.173 > 1.1; n_eff_min 14.1 < 16.0,1.172650169962966,1.0048800793536063,0.8557692307692307,14.053784919499893,0,63.0,1.172650169962966,14.053784919499893,nan,nan,1.0146057025157544,73.5165863815877,0.9674746195728428,1.7574581042946766,0,1.0,0.0,0.0,0.0,0.0,1.0,0.0,0.0,0.0,1.0,1.0,0.0,0.0,1.0,0.0,1.0,0.0,0.0,0.0,0.0,1.0,1.0,0.0,0.0,0.510881135756982,1.0,0.0,1.0,0.0,0.6913457990889605,0.0,1.0,1.0,1.0,0.0,0.9147433270543179,1.0,1.0,1.0,0.0,0.24231626988812288,0.0,1.0,0.0,0.0,1.0,0.0,0.0,0.0,1.0,0.0,0.0,0.0,1.0,0.0,0.0,0.0,1.0,0.0,1.0,1.0,0.0,1.0,1.0,1.0,1.0,1.0,1.0,1.0,1.0,0.0,1.0,0.0,0.0,0.0,0.0,0.0,0.0,0.48273964157670646,1.0,0.0,1.0,0.0,1.0,0.0,0.0,0.0,0.0,1.0,0.0,1.0,0.0,1.0,1.0,1.0,1.0,1.0,0.0,1.0,0.0
30,additive/lengthscale,aligned10,6,3.2377162312172727,3.3133355310905515,3.3458069549224314,3.3133355310905515,1.5276926334020136,-1.140993991421114,26.98170746001415,133.52504994207993,1,1,ok,,1.060035350392015,0.9995116962210555,0.9807692307692307,41.472630109276544,1,62.765625,1.060035350392015,41.472630109276544,nan,nan,1.0117735543173991,60.51570699232278,1.040253699684007,1.7718100150107312,0,1.0,1.0,0.0,0.0,0.0,1.0,0.0,0.549661488999843,1.0,0.0,1.0,0.0,0.0,1.0,0.3631736591728624,1.0,0.0,0.0,1.0,0.0,1.0,1.0,1.0,0.0,0.0,1.0,0.0,1.0,1.0,1.0,0.0,1.0,0.0,1.0,0.42187221380652323,1.0,1.0,1.0,0.6182686739060173,0.15161663299599387,0.0,0.0,0.0,0.0,0.0,1.0,0.0,0.0,0.2669706793385635,1.0,0.0,0.0,0.0,1.0,0.0,0.0,0.0,1.0,0.0,1.0,1.0,1.0,1.0,1.0,1.0,1.0,1.0,1.0,0.0,1.0,0.0,1.0,0.0,0.0,0.0,0.0,1.0,0.0,0.0,1.0,0.0,1.0,1.0,1.0,1.0,1.0,0.0,0.0,1.0,0.0,1.0,0.0,1.0,1.0,0.0,0.8478461999943627,1.0,0.0,1.0,0.0
31,additive/lengthscale,aligned10,6,3.1463598174631073,3.3133355310905515,3.3458069549224314,3.3133355310905515,1.5276926334020136,-1.5666755335864069,27.270184931810945,118.60042422800325,1,1,ok,,1.0591715701199949,1.000099936648169,0.9903846153846154,24.306233761887192,0,63.0,1.0591715701199949,24.306233761887192,nan,nan,1.0005169126567408,49.5124890834638,1.1111395877979835,1.785717479127607,0,1.0,1.0,0.0,0.0,0.0,1.0,0.0,0.6196253021414969,1.0,0.0,1.0,0.0,0.0,1.0,0.0,1.0,0.0,0.0,0.0,0.0,1.0,1.0,0.0,0.0,1.0,1.0,0.0,1.0,0.0,1.0,1.0,0.0,1.0,1.0,0.0,1.0,1.0,1.0,1.0,1.0,0.0,0.0,1.0,0.0,0.0,1.0,0.0,0.0,0.0,1.0,1.0,0.0,0.0,1.0,0.0,0.0,0.3204224244464016,1.0,0.0,0.0,1.0,0.0,1.0,0.0,1.0,1.0,1.0,1.0,1.0,1.0,1.0,1.0,0.0,0.0,0.0,0.0,0.20071800677929869,0.0,1.0,1.0,0.0,0.656269835686944,0.0,1.0,0.0,1.0,0.0,1.0,1.0,0.0,1.0,1.0,1.0,1.0,0.0,1.0,0.770914337851757,0.0,1.0,0.0
32,additive/lengthscale,aligned10,6,3.3250553169694537,3.3133355310905515,3.3458069549224314,3.3133355310905515,1.5276926334020136,-1.5695684964793017,26.46467915782705,121.67273621819913,1,1,ok,,1.0843770608469285,1.0014916795763356,0.9615384615384616,24.76720287306313,0,63.0,1.0843770608469285,24.76720287306313,nan,nan,1.081390873707584,47.0443434137581,1.1747402199750185,1.7929120382698076,0,1.0,0.475905190818336,0.0,0.0,1.0,1.0,0.0,1.0,0.0,1.0,1.0,0.0,0.0,1.0,0.0,1.0,0.0,0.0,1.0,0.0,1.0,1.0,0.0,0.0,0.0,1.0,0.0,1.0,1.0,1.0,0.0,1.0,1.0,1.0,0.0,1.0,1.0,1.0,0.0,0.0,0.0,1.0,1.0,0.0,0.0,1.0,0.0,0.0,0.0,1.0,0.0,0.0,0.0,0.0,0.2597887748245626,0.0,0.0,1.0,0.0,1.0,1.0,1.0,0.0,1.0,0.0,1.0,1.0,1.0,0.0,1.0,1.0,1.0,1.0,0.0,1.0,0.0,0.0,1.0,0.0,1.0,0.0,1.0,1.0,0.0,0.0,1.0,0.0,1.0,1.0,0.0,1.0,0.0,0.0,1.0,0.0,1.0,1.0,0.0,0.0,0.0
33,additive/lengthscale,aligned10,6,3.390708487610316,3.3133355310905515,3.390708487610316,3.3133355310905515,1.5276926334020136,-1.477992253429044,28.861458369065076,122.65590551914647,1,1,ok,,1.066243147053769,0.9984574056076774,0.9807692307692307,40.28865295124872,0,63.0,1.066243147053769,40.28865295124872,nan,nan,1.006754330411174,86.5973520553048,1.2399012835203045,1.8036059223275385,0,1.0,0.0,0.0,1.0,1.0,0.0,0.0,0.4379333806257745,1.0,0.0,1.0,0.0,1.0,1.0,0.0,0.5960385782479688,0.0,0.0,1.0,0.0,1.0,1.0,0.0,0.0,1.0,1.0,0.0,1.0,1.0,1.0,0.0,1.0,0.0,1.0,0.198092250792312,1.0,1.0,1.0,1.0,0.0,0.2473615628228728,1.0,1.0,0.0,0.0,1.0,0.0,0.0,0.0,1.0,1.0,1.0,0.0,0.0,0.0,0.0,0.4074943017496299,1.0,0.0,1.0,1.0,1.0,0.0,1.0,0.0,0.7982916925017725,1.0,1.0,1.0,0.0,0.0,1.0,1.0,0.0,1.0,0.0,0.0,1.0,0.0,1.0,0.0,1.0,1.0,1.0,1.0,1.0,0.0,0.0,1.0,0.0,1.0,0.0,0.0,1.0,1.0,1.0,1.0,0.0,0.0,0.0
34,additive/lengthscale,aligned10,6,3.225327715833775,3.3133355310905515,3.390708487610316,3.3133355310905515,1.5276926334020136,-1.6095974922972358,29.226123505970463,136.41024936689064,1,1,ok,,1.0964625655856415,1.0018716222627762,0.9423076923076923,22.920547790427722,0,62.875,1.0964625655856415,22.920547790427722,nan,nan,1.0237499459073374,56.996236549146595,1.3031603189347167,1.8136632275500453,0,1.0,0.0,0.0,1.0,1.0,0.0,0.0,0.0,0.6324740855205795,0.0,1.0,0.0,1.0,1.0,0.0,1.0,0.0,0.0,1.0,0.0,1.0,1.0,0.0,0.0,1.0,1.0,0.0,1.0,1.0,1.0,1.0,1.0,1.0,1.0,0.0,1.0,1.0,1.0,0.0,0.0,0.0,1.0,1.0,0.0,0.0,1.0,0.0,0.0,0.0,1.0,1.0,0.4096550360245839,0.0,0.0,0.11367410480861788,0.0,0.0,1.0,0.0,1.0,1.0,1.0,0.0,1.0,1.0,1.0,1.0,1.0,1.0,0.0,1.0,1.0,0.0,0.16722477822759088,1.0,0.0,1.0,1.0,0.0,1.0,0.0,1.0,1.0,1.0,0.0,1.0,0.0,0.0,1.0,0.0,1.0,0.0,0.0,0.7937124818530826,1.0,1.0,1.0,0.0,0.0,0.0
35,additive/lengthscale,aligned10,6,3.209328783012756,3.3133355310905515,3.390708487610316,3.3133355310905515,1.5276926334020136,-2.0463701086002275,28.711934936000034,104.85047975485213,1,1,ok,,1.0405000361423549,0.9998629808787035,1.0,42.362379325957335,1,62.828125,1.0405000361423549,42.362379325957335,nan,nan,1.0234585382928256,72.15175434952468,1.358079387417547,1.8160230501973447,0,1.0,0.0,0.0,1.0,1.0,1.0,0.0,1.0,1.0,0.0,1.0,0.0,0.0,1.0,0.0,1.0,0.0,0.0,1.0,0.0,1.0,1.0,0.0,0.0,1.0,1.0,0.0,1.0,1.0,1.0,0.0,1.0,0.0,1.0,0.4183176376291793,1.0,1.0,1.0,1.0,0.0,0.2247297790886438,1.0,1.0,0.0,0.0,1.0,0.0,0.0,0.0,1.0,1.0,1.0,0.0,1.0,0.0,0.0,0.0,1.0,0.0,1.0,1.0,1.0,1.0,1.0,0.0,1.0,1.0,1.0,1.0,1.0,0.0,1.0,0.0,0.0,1.0,0.0,0.0,1.0,0.0,1.0,0.0,1.0,1.0,1.0,1.0,1.0,0.0,0.0,1.0,0.0,1.0,1.0,0.5415540019152222,1.0,1.0,1.0,1.0,0.0,0.0,0.0
36,additive/lengthscale,aligned10,6,3.2814202641187653,3.3133355310905515,3.390708487610316,3.3133355310905515,1.5276926334020136,-1.5127931446976681,29.157001834129915,143.4274285810534,1,1,ok,,1.0840777929359902,0.9998118745635989,0.9807692307692307,34.34952122941392,0,62.875,1.0840777929359902,34.34952122941392,nan,nan,1.0124552534367537,64.85439100722898,1.409502981739636,1.8162829609035307,0,1.0,0.0,0.0,0.0,1.0,0.0,0.42046531152115135,0.0,1.0,0.0,0.6423161425474185,0.0,0.0,1.0,0.0,0.0,0.0,0.0,1.0,0.0,1.0,1.0,0.0,0.0,0.0,1.0,0.0,1.0,1.0,1.0,1.0,1.0,0.38572034690902657,1.0,0.14187598241746666,1.0,1.0,1.0,1.0,1.0,0.23326974373955744,0.0,1.0,0.0,0.0,1.0,0.0,0.09916300422966318,0.0,0.0,1.0,0.0,1.0,1.0,0.0,0.0,0.46002333954645275,1.0,0.0,1.0,1.0,0.0,0.0,1.0,1.0,1.0,1.0,1.0,1.0,1.0,0.0,1.0,1.0,0.0,1.0,0.0,0.0,0.0,0.0,1.0,0.0,1.0,1.0,0.0,1.0,1.0,0.0,0.0,1.0,0.0,1.0,0.0,0.0,1.0,1.0,0.5839000031096684,1.0,0.0,0.0,0.0
37,additive/lengthscale,aligned10,6,3.322773358181916,3.2458774810329363,3.390708487610316,3.3133355310905515,1.5276926334020136,-1.8616000245371782,29.044942311011255,168.19712717295624,1,1,excluded,n_eff_min 11.7 < 16.0,1.0565628403032885,0.9997631635984543,0.9903846153846154,11.692173753327472,1,62.9609375,1.0565628403032885,11.692173753327472,nan,nan,1.0429625066486146,20.177720886393143,1.4600953407228559,1.817104811769733,0,1.0,0.0,0.0,1.0,0.0,0.0,0.0,0.692596608074224,1.0,0.6534410714017851,1.0,0.0,0.0,1.0,0.0,1.0,0.0,0.0,1.0,0.0,1.0,1.0,0.0,0.0,1.0,0.5314808348803642,0.0,0.8276487021186804,1.0,1.0,1.0,1.0,0.0,1.0,0.0,1.0,1.0,1.0,1.0,1.0,0.0,0.0,1.0,0.0,0.0,1.0,0.0,0.0,0.0,1.0,0.0,1.0,0.0,0.0,0.0,0.0,0.0,1.0,0.0,1.0,1.0,1.0,0.0,1.0,0.0,1.0,1.0,1.0,1.0,1.0,0.0,1.0,1.0,0.0,1.0,0.0,0.0,1.0,0.0,1.0,0.0,1.0,1.0,0.0,0.0,1.0,0.0,0.49573616025163836,1.0,0.0,1.0,0.0,0.0,1.0,1.0,1.0,1.0,0.0,0.0,0.0
38,additive/lengthscale,aligned10,6,3.1646650254467867,3.292885982064159,3.390708487610316,3.3133355310905515,1.5276926334020136,-1.928179280980701,28.973200978944078,200.13407553895377,1,1,excluded,r_hat_max 1.166 > 1.1; n_eff_min 7.7 < 16.0,1.1657173478563208,1.0010015032377517,0.9807692307692307,7.727084152934764,0,62.875,1.1657173478563208,7.727084152934764,nan,nan,1.0379609768728328,21.228525990251626,1.509113183287568,1.8176579141295448,0,1.0,0.0,0.0,0.0,0.0,1.0,0.0,1.0,1.0,1.0,1.0,0.0,1.0,1.0,0.0,0.0,0.0,0.0,1.0,0.0,1.0,1.0,1.0,0.0,1.0,1.0,0.0,0.9698428053819,0.3265390933899341,1.0,1.0,1.0,0.0,1.0,0.0,1.0,1.0,1.0,1.0,1.0,0.09159196539988067,1.0,1.0,0.0,0.05374995389530112,1.0,0.0,0.0,0.0,0.0,0.0,1.0,0.0,1.0,0.0,0.0,0.0,1.0,0.0,1.0,1.0,0.0,0.0,1.0,0.0,1.0,0.6700279351858843,1.0,0.0,0.0,1.0,1.0,0.0,0.0,0.0,0.0,0.0,1.0,0.5816714984598339,1.0,0.0,0.0,1.0,1.0,0.0,1.0,0.0,0.0,1.0,0.0,1.0,0.0,0.0,0.9070745054328684,1.0,1.0,1.0,0.0,0.0,0.0
39,additive/lengthscale,aligned10,6,3.1565431680594367,3.3133355310905515,3.390708487610316,3.3133355310905515,1.5276926334020136,-2.4057544774672355,29.643634427106008,115.42767190909944,1,1,excluded,r_hat_max 1.341 > 1.1; n_eff_min 6.0 < 16.0,1.3409245897307915,1.0102815020643314,0.7884615384615384,6.045129964788136,0,63.0,1.3409245897307915,6.045129964788136,nan,nan,1.1463295543509675,10.445315781311159,1.5515632305224196,1.8131855009580307,0,1.0,0.0,0.0,0.0,1.0,1.0,0.0,0.0,1.0,1.0,1.0,0.0,1.0,1.0,0.0,0.0,0.0,0.0,1.0,0.0,1.0,1.0,0.0,0.0,0.0,1.0,0.0,1.0,1.0,1.0,0.0,0.0,0.0,1.0,0.0,1.0,1.0,1.0,1.0,1.0,0.0,0.0,1.0,1.0,0.0,1.0,0.0,0.0,0.0,1.0,1.0,1.0,0.0,0.0,0.0,0.0,0.0,1.0,0.0,0.0,1.0,1.0,0.0,1.0,0.0,1.0,1.0,1.0,0.0,0.9999999999999999,0.0,0.0,1.0,0.0,1.0,0.0,0.0,0.0,0.0,1.0,0.0,1.0,1.0,1.0,0.0,1.0,0.0,1.0,1.0,0.0,1.0,0.0,1.0,1.0,0.0,1.0,1.0,0.0,0.0,0.0
40,additive/lengthscale,aligned10,6,3.2466055558843467,3.240788851686184,3.390708487610316,3.3133355310905515,1.5276926334020136,-1.6642105577307589,29.27409991202876,234.81339802406728,1,1,excluded,r_hat_max 1.631 > 1.1; n_eff_min 4.4 < 16.0,1.6313043307762414,1.0039694832970083,0.9038461538461539,4.3889366480299605,0,63.0,1.6313043307762414,4.3889366480299605,nan,nan,1.4071944592703143,8.850498159611575,1.5916877289608449,1.807827331075838,0,1.0,0.0,0.0,1.0,0.0,0.0,1.0,1.0,0.0,0.0,1.0,0.0,0.0,1.0,0.0,0.7467116177665157,0.0,0.0,1.0,0.0,1.0,1.0,0.0,0.0,0.0,1.0,0.0,0.8480779957835484,0.0,0.5698682383991616,0.0,1.0,1.0,1.0,0.0,1.0,1.0,1.0,1.0,1.0,0.09854686345334765,1.0,1.0,0.0,0.0,1.0,0.0,0.0,0.0,0.0,1.0,0.0,0.0,0.0,0.0,0.019272535755306016,1.0,1.0,0.0,0.0,1.0,1.0,0.0,1.0,0.0,1.0,1.0,1.0,1.0,0.0,0.0,1.0,1.0,0.0,1.0,1.0,1.0,0.47121552660198013,0.0,1.0,0.0,1.0,0.0,0.0,1.0,1.0,0.0,0.0,1.0,0.0,0.8658688581594284,0.0,0.0,1.0,1.0,1.0,1.0,0.0,1.0,0.0
41,additive/lengthscale,aligned10,6,3.3405688801402764,3.3199883789385645,3.390708487610316,3.3199883789385645,1.5210397855540005,-1.7131016862963533,28.62610207311809,248.42766685900278,1,1,excluded,r_hat_max 1.182 > 1.1; n_eff_min 9.4 < 16.0,1.181932528353729,1.0068844030658006,0.9038461538461539,9.433382018608585,0,63.0,1.181932528353729,9.433382018608585,nan,nan,1.0814907646565404,20.935715863274822,1.6320515783980036,1.8038004629742028,0,1.0,0.49561951094877754,0.12881053210561838,0.0,1.0,0.0,0.0,1.0,0.0,0.0,1.0,0.0,0.0,1.0,0.0,1.0,0.0,0.0,1.0,0.0,1.0,1.0,0.0,0.0,0.0,0.0,0.0,1.0,1.0,1.0,1.0,1.0,0.0,1.0,0.17191364247628887,0.9725302615365842,1.0,1.0,1.0,1.0,0.06935928456830649,0.0,1.0,0.0,0.07425714311357139,1.0,0.0,0.0,0.0,1.0,1.0,0.0,0.0,0.0,0.0,0.0,0.0,1.0,0.0,0.0,1.0,1.0,0.0,1.0,0.0,1.0,1.0,1.0,1.0,0.0,0.0,1.0,1.0,0.0,1.0,0.0,0.0,0.40479434742776493,0.4853947074348827,1.0,0.0,0.7981972926513098,1.0,1.0,1.0,1.0,0.0,0.0,1.0,0.0,1.0,0.0,0.0,1.0,1.0,1.0,1.0,0.0,1.0,0.0
42,additive/lengthscale,aligned10,6,3.1209518010487796,3.2860905768009836,3.390708487610316,3.3199883789385645,1.5210397855540005,-1.8599113356205057,30.051253187004477,187.26448309398256,1,1,excluded,r_hat_max 1.274 > 1.1; n_eff_min 7.8 < 16.0,1.2741681404893002,1.0042975474453635,0.9230769230769231,7.849995445961044,1,62.8515625,1.2741681404893002,7.849995445961044,nan,nan,1.1353529876757897,10.456292782054833,1.6727305617728196,1.8011310675365408,0,1.0,0.0,0.15345399273941296,0.0,0.0,0.0,0.0,0.6001221033996891,0.0,0.0,1.0,0.0,0.0,1.0,0.13790995539971154,0.0,0.0,0.0,1.0,0.0,1.0,1.0,0.0,0.0,0.0,1.0,0.0,1.0,0.0,1.0,0.0,1.0,1.0,0.9715361146236373,0.0,0.9881039202576607,1.0,1.0,1.0,0.0,0.0,1.0,0.0,0.0,0.0,1.0,0.0,0.0,0.0,1.0,0.0,0.0,0.0,1.0,0.0,0.0,0.0,1.0,0.0,1.0,1.0,1.0,0.0,1.0,0.0,1.0,1.0,1.0,1.0,1.0,0.0,1.0,1.0,0.0,1.0,0.0,1.0,1.0,0.0,1.0,0.0,1.0,1.0,0.0,1.0,1.0,0.0,0.0,1.0,0.0,0.910771071753681,0.0,1.0,1.0,0.0,1.0,1.0,0.0,0.0,0.0
43,additive/lengthscale,aligned10,6,3.446888967413163,3.401968445932739,3.446888967413163,3.401968445932739,1.4390597185598262,-1.6550189186541617,29.86652658181265,255.28113991301507,1,1,excluded,r_hat_max 2.349 > 1.1; n_eff_min 3.7 < 16.0,2.3491281549608374,1.005732445714223,0.875,3.706195520559038,0,63.0,2.3491281549608374,3.706195520559038,nan,nan,1.2563464527406898,23.037907846302023,1.7064101254769117,1.7933964168394936,0,1.0,0.0,0.03948082482182307,0.0,0.0,0.14052921786876144,0.0,1.0,1.0,1.0,1.0,0.0,0.2929530624244366,0.8636290656835404,0.0,1.0,0.0,0.0,1.0,0.0,1.0,1.0,0.0,0.0,0.26330535334581495,1.0,0.0,1.0,1.0,1.0,0.0,1.0,0.0,1.0,0.0,1.0,1.0,0.8754817334164251,1.0,1.0,0.3807571395933596,1.0,0.6019667086588523,0.0,0.0,1.0,0.0,0.0,0.0,1.0,1.0,0.0,0.0,0.0,0.0,0.0,1.0,1.0,0.0,1.0,1.0,1.0,0.0,0.7825487305160161,1.0,0.8365273688345154,1.0,1.0,1.0,0.1358119024095474,0.3966621328426411,1.0,1.0,0.0,1.0,0.0,0.0,1.0,0.0,0.952460964481757,0.0,1.0,1.0,1.0,0.0,1.0,0.0,0.0,1.0,0.0,1.0,0.0,0.32680805904295135,1.0,1.0,1.0,1.0,0.24318350131031524,1.0,0.0
44,additive/lengthscale,aligned10,6,3.383903445842157,3.310745798664734,3.446888967413163,3.401968445932739,1.4390597185598262,-1.8007513911832795,30.08419964206405,179.0362032840494,1,1,excluded,r_hat_max 1.371 > 1.1; n_eff_min 5.2 < 16.0,1.3712158875510407,1.0108010895459514,0.8557692307692307,5.193887359470301,0,63.0,1.3712158875510407,5.193887359470301,nan,nan,1.1383679707039633,7.594792666758016,1.7459664627936446,1.7917745144775223,0,1.0,0.0,0.0,1.0,0.0,0.0,0.0,0.0,1.0,0.0,1.0,0.034545106396823184,0.0,1.0,0.0,1.0,0.0,0.0,1.0,0.0,1.0,1.0,0.0,0.0,0.0,1.0,0.0,1.0,1.0,1.0,0.0,1.0,0.0,1.0,0.0,1.0,1.0,1.0,1.0,0.0,0.29721858027415105,1.0,1.0,0.0,0.0,1.0,0.0,0.0,0.0,1.0,1.0,0.0,0.0,0.0,0.0,0.0,1.0,0.8381525016844669,1.0,0.0,1.0,1.0,0.0,1.0,1.0,1.0,1.0,1.0,0.0,0.0,0.5236401955459541,1.0,1.0,0.0,0.0,0.0,0.0,0.0,0.0,1.0,0.0,1.0,1.0,1.0,0.0,1.0,0.0,1.0,1.0,0.0,1.0,0.0,0.0,1.0,1.0,1.0,1.0,0.0,1.0,0.0
45,additive/lengthscale,aligned10,6,2.555588103412827,2.4959691063609277,3.446888967413163,3.401968445932739,1.4390597185598262,-2.1113050377102462,30.1434953850694,183.03240657318383,1,1,excluded,r_hat_max 1.181 > 1.1; n_eff_min 11.2 < 16.0,1.1809565321576798,1.0093452505894138,0.8846153846153846,11.193222279874405,0,63.0,1.1809565321576798,11.193222279874405,nan,nan,1.035737948795253,47.85811387429184,1.7823650624169447,1.7881292460132425,0,1.0,0.0,0.0,1.0,0.0,1.0,0.0,0.0,1.0,1.0,1.0,0.0,0.0,1.0,0.0,1.0,0.0,0.0,1.0,0.0,1.0,1.0,0.0,0.0,0.0,1.0,0.0,1.0,1.0,1.0,1.0,1.0,0.0,1.0,0.0,1.0,1.0,1.0,0.0,1.0,0.29412350193734926,0.0,1.0,0.0,0.0,0.0,0.0,0.0,0.0,1.0,1.0,0.0,0.0,0.0,0.0,1.0,1.0,0.08991765396392164,0.0,0.0,1.0,1.0,0.0,1.0,0.0,1.0,1.0,1.0,0.0,1.0,1.0,1.0,0.0,0.0,1.0,0.0,0.0,0.0,0.0,1.0,0.0,1.0,0.0,1.0,1.0,1.0,0.0,0.0,1.0,0.0,1.0,0.0,0.0,1.0,1.0,1.0,1.0,0.0,1.0,0.0
46,additive/lengthscale,aligned10,6,3.1823796156324278,3.3169523387029862,3.446888967413163,3.401968445932739,1.4390597185598262,-1.7513593883214742,29.772057285066694,164.75034969695844,1,1,excluded,r_hat_max 1.212 > 1.1; n_eff_min 7.7 < 16.0,1.2120358554673523,1.0015907158132786,0.9519230769230769,7.657889446064852,0,62.875,1.2120358554673523,7.657889446064852,nan,nan,1.0837777461766533,31.29884413233325,1.7991742589603335,1.7721772143278762,0,1.0,0.0,0.0,0.0,1.0,1.0,0.0,1.0,1.0,0.0,1.0,0.0,0.0,1.0,0.0,1.0,0.0,0.0,0.0,0.0,1.0,1.0,0.0,0.0,0.0,1.0,0.0,0.6804936835277086,1.0,1.0,0.0,1.0,1.0,1.0,0.0,1.0,1.0,1.0,1.0,1.0,0.11463828322749638,0.0,0.5679810252961243,0.0,0.015406841990431982,1.0,0.0,0.0,0.0,0.0,1.0,0.0,0.0,1.0,0.0,0.0,1.0,1.0,0.0,1.0,1.0,1.0,1.0,0.0,1.0,1.0,1.0,0.38291211787833457,1.0,0.0,0.0,1.0,1.0,0.0,0.0,0.0,0.0,1.0,0.0,1.0,0.0,1.0,1.0,1.0,0.0,1.0,0.0,1.0,1.0,0.0,1.0,0.0,0.5280007781706642,1.0,1.0,1.0,1.0,0.0,1.0,0.0
47,additive/lengthscale,aligned10,6,3.131542718725926,3.1012394778736043,3.446888967413163,3.401968445932739,1.4390597185598262,-2.3491155737946254,30.0843149619177,259.89597366400994,1,1,excluded,r_hat_max 1.499 > 1.1; n_eff_min 5.1 < 16.0,1.4988230659664723,0.999231674619282,0.9326923076923077,5.144783877568322,0,62.875,1.4988230659664723,5.144783877568322,nan,nan,1.3344988301876648,6.596248960209105,1.8286041601661227,1.7645486741081204,0,1.0,0.0,0.0,0.0,0.0,0.0,1.0,0.6540973558561375,1.0,0.23358432875728072,1.0,0.0,0.0,1.0,0.0,1.0,0.0,0.0,1.0,0.0,1.0,0.8419351019679568,0.0,0.0,0.0,1.0,0.0,1.0,0.0,1.0,0.0,1.0,1.0,1.0,0.0,1.0,1.0,0.9095089964915773,1.0,1.0,0.4363297885405906,0.0,0.5664911282817905,0.0,0.1149614167098546,1.0,0.0,0.0,0.0,1.0,1.0,0.0,0.0,0.0,0.0,0.0,0.0,1.0,1.0,1.0,1.0,1.0,1.0,1.0,1.0,1.0,1.0,1.0,1.0,0.565203375925481,0.0,0.0,1.0,0.0,1.0,0.0,1.0,1.0,1.0,1.0,0.0,1.0,1.0,1.0,0.0,1.0,0.0,1.0,1.0,0.0,1.0,0.0,0.0,1.0,1.0,0.9134552998205443,1.0,0.0,0.9984209821080168,0.0
48,additive/lengthscale,aligned10,6,3.4314396627349795,3.3133355310905515,3.446888967413163,3.401968445932739,1.4390597185598262,-0.08751835117798334,28.715385453077033,158.13753488706425,1,1,excluded,r_hat_max 1.322 > 1.1; n_eff_min 6.2 < 16.0,1.3217049001641807,1.0168471575158118,0.7692307692307693,6.2410047976595235,0,63.0,1.2835962912412497,10.734649626150349,nan,nan,1.3217049001641807,6.2410047976595235,1.855748713469452,1.7559600074767638,0,1.0,1.0,0.0,0.0,1.0,0.0,0.0,1.0,0.0,1.0,0.0,0.0,0.0,1.0,0.0,1.0,0.0,0.0,0.0,0.0,1.0,1.0,1.0,0.0,1.0,1.0,0.0,1.0,1.0,1.0,0.0,0.0,0.0,1.0,0.0,1.0,1.0,1.0,1.0,1.0,0.0,1.0,0.0,0.0,0.0,1.0,0.0,0.0,0.0,1.0,1.0,0.0,0.0,0.0,0.0,0.0,1.0,1.0,1.0,1.0,1.0,0.0,0.0,0.7558312542873739,1.0,1.0,1.0,1.0,0.0,0.0,0.0,1.0,1.0,0.0,0.0,0.0,0.0,0.0,0.0,1.0,0.0,1.0,1.0,0.0,0.1715077188391396,1.0,0.0,1.0,1.0,0.0,1.0,0.0,0.0,1.0,1.0,1.0,0.0,0.0,1.0,0.0
49,additive/lengthscale,aligned10,6,2.4838081643866174,2.345939322771036,3.446888967413163,3.401968445932739,1.4390597185598262,-1.1284683506867164,30.577598673989996,252.38721635588445,1,1,excluded,r_hat_max 1.513 > 1.1; n_eff_min 3.8 < 16.0,1.5128197378140367,1.004448585255862,0.8461538461538461,3.7525189986753875,0,63.0,1.5128197378140367,3.7525189986753875,nan,nan,1.0951299216058727,10.907083588992847,1.887905671617728,1.752171357504281,0,0.0,1.0,0.0,1.0,1.0,0.0,0.0,1.0,1.0,0.0,0.0,0.0,0.0,0.9157960494617002,0.0,1.0,0.0,0.0,1.0,0.0,1.0,1.0,1.0,0.0,0.2651067665090389,0.0,0.0,1.0,1.0,1.0,1.0,1.0,0.0,1.0,0.0,1.0,0.0,1.0,1.0,0.0,0.0,1.0,1.0,0.0,0.0,0.5643160281579178,0.0,0.0,0.0,0.0,0.0,1.0,0.0,0.0,0.0,1.0,1.0,1.0,1.0,0.0,0.0,0.0,0.0,1.0,1.0,1.0,0.0,0.0,0.0,0.0,0.0,1.0,1.0,0.0,0.0,0.0,0.0,0.0,0.0,1.0,0.0,1.0,1.0,0.0,1.0,1.0,0.0,1.0,1.0,1.0,1.0,0.0,0.0,0.0,1.0,1.0,1.0,0.24422833949230485,1.0,0.0
50,additive/lengthscale,aligned10,6,3.3147786700465893,3.335021876500626,3.446888967413163,3.401968445932739,1.4390597185598262,-1.961589131768597,30.31114402692765,141.04909809003584,1,1,excluded,r_hat_max 1.259 > 1.1; n_eff_min 7.6 < 16.0,1.2593500156146404,1.0109303631691893,0.8076923076923077,7.6270193237598,0,63.0,1.2593500156146404,7.6270193237598,nan,nan,1.033084860868005,15.157429153080459,1.8998237214731057,1.7365662476400476,1,1.0,1.0,0.0,1.0,0.0,0.0,1.0,1.0,1.0,1.0,1.0,0.0,0.0,1.0,1.0,1.0,1.0,1.0,1.0,0.0,1.0,1.0,1.0,1.0,1.0,0.0,0.0,0.6181524760351965,1.0,1.0,1.0,1.0,0.0,1.0,0.0,1.0,1.0,1.0,1.0,1.0,0.2373282720690746,1.0,0.0,1.0,0.0,1.0,1.0,0.0,0.0,0.0,0.0,0.0,0.0,0.0,0.3516115503342063,0.0,1.0,1.0,1.0,0.0,1.0,1.0,1.0,1.0,1.0,0.0,0.0,1.0,1.0,0.0,0.0,1.0,1.0,0.0,1.0,0.0,0.0,0.0,0.0,1.0,0.04143267697795438,0.5382650398560138,0.0,0.0,0.0,0.0,0.0,0.8443175991843439,1.0,0.0,1.0,0.0,1.0,1.0,1.0,1.0,1.0,0.0,1.0,0.0
51,additive/lengthscale,aligned10,6,3.3809120191306956,3.42623038993517,3.446888967413163,3.42623038993517,1.4147977745573952,-1.6784042079775139,30.56318246689625,140.49114167294465,1,1,excluded,r_hat_max 1.248 > 1.1; n_eff_min 7.1 < 16.0; divergences 10 > 5,1.2479533546969614,1.0015102613198779,0.9038461538461539,7.103527013435602,10,61.14453125,1.2479533546969614,7.103527013435602,nan,nan,1.1476749900946428,9.821055846906935,1.9275679361510172,1.7306122531861012,0,1.0,1.0,0.0,1.0,0.0,0.0,0.0,1.0,0.0,1.0,1.0,0.0,0.0,1.0,0.0,1.0,0.0,0.0,1.0,0.0,1.0,1.0,0.0,0.0,0.0,1.0,0.0,1.0,1.0,1.0,0.0,1.0,0.0,1.0,0.0,1.0,1.0,1.0,1.0,1.0,0.01489168822350939,1.0,0.0,0.0,0.0,1.0,0.0,0.0,0.0,0.0,1.0,0.0,0.0,0.0,0.0,0.0,0.0,1.0,1.0,1.0,1.0,0.0,1.0,1.0,1.0,0.0,1.0,1.0,1.0,0.0,0.0,1.0,1.0,0.0,0.0,0.0,0.0,0.0,0.0,0.8640023834698538,0.0,1.0,1.0,0.0,0.0,0.0,0.0,0.0,1.0,0.0,1.0,1.0,1.0,1.0,1.0,1.0,1.0,0.0,0.0,0.0
52,additive/lengthscale,aligned10,6,4.074103537287872,4.012794151514154,4.074103537287872,4.012794151514154,0.8282340129784114,-2.022383809204955,30.584412063937634,180.03752234508283,1,1,excluded,r_hat_max 1.146 > 1.1,1.1458175975475957,1.0045487082880964,0.875,18.566795803411093,0,63.0,1.1458175975475957,18.566795803411093,nan,nan,1.0465006264521868,84.67202603739604,1.9555168608237032,1.7254739980543417,0,1.0,0.0,0.0,0.0,0.0,1.0,1.0,1.0,0.0,1.0,1.0,0.0,0.0,1.0,0.0,1.0,0.0,0.0,1.0,0.0,0.0,1.0,1.0,0.0,0.0,0.0,0.0,1.0,1.0,0.0,1.0,1.0,0.0,1.0,0.0,1.0,0.0,1.0,1.0,0.0,1.0,1.0,1.0,0.0,0.0,1.0,0.0,0.0,0.0,1.0,0.0,0.0,0.0,0.0,0.0,0.0,1.0,1.0,1.0,1.0,0.0,0.0,0.0,1.0,1.0,0.0,1.0,1.0,1.0,0.0,0.0,1.0,1.0,0.0,1.0,0.0,0.0,0.0,0.0,1.0,0.18864664945502765,1.0,0.0,1.0,1.0,1.0,0.0,0.0,1.0,0.0,1.0,0.0,0.0,1.0,1.0,1.0,1.0,0.0,1.0,0.0
53,additive/lengthscale,aligned10,6,3.859596404955904,4.012879678677752,4.074103537287872,4.012879678677752,0.8281484858148129,-2.15896063156259,29.93145556980744,226.04604819510132,1,1,excluded,r_hat_max 1.131 > 1.1; n_eff_min 11.9 < 16.0,1.130642841976333,1.0032939114509545,0.9230769230769231,11.873460893577356,0,63.0,1.130642841976333,11.873460893577356,nan,nan,1.0104194949825211,29.600516499645984,1.995490194341895,1.7332555771208653,0,1.0,1.0,0.0,1.0,1.0,1.0,0.0,1.0,0.0,1.0,0.0,0.0,0.0,0.8664618717135554,0.0,1.0,0.0,0.0,1.0,1.0,0.0,1.0,1.0,0.0,0.0,1.0,1.0,1.0,1.0,0.0,1.0,1.0,0.0,1.0,0.0,1.0,0.0,1.0,1.0,0.0,0.0,0.0,1.0,0.0,0.0,1.0,0.0,0.0,1.0,1.0,0.0,1.0,0.0,0.0,0.0,0.0,1.0,1.0,1.0,1.0,0.0,0.0,0.0,1.0,1.0,0.0,1.0,1.0,1.0,0.0,0.0,1.0,1.0,0.0,0.0,0.0,0.0,0.0,0.0,1.0,0.18775632632299596,1.0,0.0,0.0,1.0,1.0,0.13773325018043042,0.0,1.0,0.0,1.0,0.0,0.0,1.0,0.0,0.0,0.0,0.0,1.0,0.0
54,additive/lengthscale,aligned10,6,3.245974198540098,3.3133355310905515,4.074103537287872,4.012879678677752,0.8281484858148129,-3.271964994513967,30.58965147100389,165.63659181888215,1,1,ok,,1.040994280053858,0.9988111879242396,1.0,39.075496692054344,0,63.0,1.040994280053858,39.075496692054344,nan,nan,1.001560298235358,203.60461437862125,2.030010679723636,1.735425081778435,0,1.0,1.0,0.0,0.0,1.0,1.0,1.0,1.0,0.0,1.0,1.0,0.0,0.0,1.0,0.0,1.0,0.0,0.0,1.0,0.0,0.0,1.0,1.0,0.0,0.0,0.0,0.0,1.0,1.0,0.0,1.0,1.0,0.0,1.0,0.0,1.0,0.0,0.8940702865844915,1.0,0.0,1.0,0.0,1.0,0.0,0.0,0.0,0.0,0.0,0.0,1.0,0.0,1.0,0.0,0.0,0.0,0.0,1.0,1.0,1.0,1.0,0.0,0.0,0.0,1.0,1.0,0.0,1.0,1.0,1.0,0.0,0.0,1.0,1.0,0.0,1.0,0.0,0.0,0.0,1.0,1.0,0.0,1.0,0.0,1.0,0.0,0.0,0.0,0.0,1.0,0.0,1.0,0.0,0.0,1.0,0.0,0.0,0.0,0.0,1.0,0.0
55,additive/lengthscale,aligned10,6,4.161683349948741,4.0527477076442,4.161683349948741,4.0527477076442,0.7882804568483648,-1.9416856191469953,30.723347720922902,159.50959331402555,1,1,excluded,r_hat_max 1.138 > 1.1; n_eff_min 6.8 < 16.0,1.1381677308644298,1.0040775936135513,0.9615384615384616,6.843171499278884,0,62.875,1.1381677308644298,6.843171499278884,nan,nan,1.0138822770287796,17.21303309331005,2.0521191073384806,1.7272337096104204,0,1.0,0.0,0.03897308228323653,1.0,0.028713331177952592,1.0,0.0,1.0,0.0,1.0,0.0,0.0,0.0,1.0,0.0,1.0,0.0,0.0,0.0,0.0,0.0,1.0,1.0,0.0,0.0,0.0,0.0,1.0,1.0,0.0,1.0,1.0,0.0,1.0,0.0,1.0,0.0,1.0,0.7956084411669371,1.0,1.0,1.0,1.0,0.0,0.0,1.0,0.0,0.0,0.0,1.0,0.0,0.0,0.0,0.0,1.0,0.0,1.0,1.0,0.0,1.0,1.0,0.0,0.0,1.0,1.0,0.0,1.0,1.0,1.0,0.0,1.0,1.0,1.0,0.0,1.0,0.0,0.0,0.0,0.0,1.0,0.1781738148189188,1.0,0.0,1.0,1.0,1.0,0.0,1.0,1.0,0.0,1.0,1.0,0.0,1.0,1.0,1.0,0.9740433719211282,0.0,1.0,0.0
56,additive/lengthscale,aligned10,6,3.5220159212875877,3.5149054696625734,4.161683349948741,4.0527477076442,0.7882804568483648,-3.0442348889823396,30.574939286103472,183.95136482897215,1,1,excluded,n_eff_min 6.5 < 16.0,1.0909261109032764,1.0011868340921621,0.9230769230769231,6.4927820134910865,0,63.0,1.0909261109032764,6.4927820134910865,nan,nan,1.063524936531106,13.361371592822849,2.0897898973850926,1.734391042581291,0,1.0,0.0,0.0,0.0,0.0,1.0,0.0,1.0,0.0,1.0,0.0,0.0,0.0,1.0,0.0,1.0,0.0,0.0,0.0,0.0,0.0,1.0,1.0,0.0,0.0,0.0,0.0,1.0,1.0,0.0,1.0,1.0,0.0,1.0,0.0,1.0,0.0,1.0,0.0,1.0,1.0,1.0,1.0,0.0,0.0,1.0,0.0,0.0,0.0,1.0,0.0,0.0,1.0,0.0,1.0,0.0,0.0,1.0,1.0,1.0,1.0,0.0,0.0,1.0,1.0,0.0,1.0,1.0,1.0,0.0,0.0,1.0,1.0,0.0,1.0,0.0,0.0,0.0,0.0,0.0,0.21765230794336157,1.0,0.0,1.0,1.0,1.0,1.0,1.0,1.0,0.0,1.0,0.0,1.0,1.0,1.0,1.0,1.0,0.0,1.0,0.0
57,additive/lengthscale,aligned10,6,4.097865602309808,4.092079690696853,4.161683349948741,4.092079690696853,0.7489484737957124,-2.308568681470472,31.010132515104488,185.8466483738739,1,1,excluded,r_hat_max 1.459 > 1.1; n_eff_min 6.2 < 16.0,1.459111932482962,1.0128616478977408,0.8076923076923077,6.190830780569704,0,63.0,1.459111932482962,6.190830780569704,nan,nan,1.1943444027814054,8.657790003511465,2.114916669734259,1.7293623828894056,0,1.0,0.0,0.0,1.0,0.0,1.0,1.0,1.0,0.0,1.0,0.0,0.0,0.0,0.0,1.0,0.0,0.14588282005636063,0.0,1.0,1.0,0.0,1.0,1.0,0.0,0.0,1.0,1.0,1.0,1.0,0.0,0.6209238015120673,1.0,0.0,0.5536155157774748,0.42259311861703686,1.0,0.0,1.0,1.0,0.0,1.0,0.0,1.0,0.0,0.02571836126458117,1.0,0.0,0.0,0.0,1.0,0.0,0.0,0.0,0.0,1.0,0.0,1.0,1.0,0.0,1.0,1.0,0.0,0.0,1.0,1.0,0.0,1.0,1.0,1.0,0.0,1.0,1.0,1.0,0.0,1.0,0.0,0.0,0.0,0.0,0.9134751813820938,0.16789736494181093,1.0,0.0,0.0,1.0,1.0,0.0,1.0,1.0,0.0,1.0,0.5800261961563151,1.0,1.0,1.0,1.0,1.0,0.0,1.0,1.0
58,additive/lengthscale,aligned10,6,3.599655244009181,3.5652450116139596,4.161683349948741,4.092079690696853,0.7489484737957124,-1.6145519962529233,30.83951037703082,157.452899672091,1,1,excluded,r_hat_max 1.255 > 1.1; n_eff_min 6.2 < 16.0,1.2547291390720745,1.0038439155415535,0.9038461538461539,6.208386269375261,1,62.8359375,1.2547291390720745,6.208386269375261,nan,nan,1.0549103848207142,39.903960113112966,2.1491054444338378,1.7337117059491798,0,1.0,0.0,0.0,1.0,0.0,1.0,1.0,1.0,0.0,1.0,0.0,0.0,0.0,1.0,1.0,1.0,0.0,0.0,1.0,1.0,0.0,1.0,1.0,0.0,0.0,1.0,1.0,1.0,1.0,0.0,1.0,1.0,0.0,1.0,0.0,0.7696904586678317,0.0,1.0,1.0,0.0,1.0,1.0,1.0,0.0,0.0,1.0,0.0,0.0,0.0,1.0,0.0,0.0,0.296229046716886,0.0,1.0,0.0,1.0,1.0,0.0,1.0,1.0,0.0,0.0,1.0,1.0,0.0,1.0,1.0,1.0,0.0,1.0,1.0,1.0,0.0,1.0,0.0,0.0,0.0,0.0,1.0,0.15673525156270857,1.0,0.0,0.0,1.0,0.9630859506649752,0.0,1.0,1.0,0.0,1.0,0.0,0.0,1.0,1.0,1.0,1.0,0.0,1.0,0.0
59,additive/lengthscale,aligned10,6,3.995640230121258,4.000184064301867,4.161683349948741,4.092079690696853,0.7489484737957124,-2.132202238248547,31.257663807831705,229.55788151803426,1,1,excluded,r_hat_max 1.738 > 1.1; n_eff_min 4.1 < 16.0,1.7379908549248722,1.0212232221949904,0.75,4.138070987459745,0,63.0,1.7379908549248722,4.138070987459745,nan,nan,1.1478494748718422,11.532217655817517,2.1736910342571485,1.7291238905367894,0,1.0,0.0,0.0,0.0,0.0,1.0,0.0,1.0,0.0,1.0,0.0,0.0,0.0,0.0,1.0,1.0,0.0,0.0,0.0,1.0,0.0,1.0,1.0,0.0,0.0,1.0,0.0,1.0,1.0,0.0,1.0,1.0,0.0,1.0,0.3358389736443307,1.0,0.0,0.9564073932404515,1.0,0.0,0.0,1.0,1.0,0.0,0.0,1.0,0.0,0.0,0.0,1.0,0.0,0.0,0.0,0.0,1.0,0.0,1.0,1.0,0.0,1.0,1.0,0.0,0.0,1.0,1.0,0.0,1.0,1.0,1.0,0.0,1.0,1.0,1.0,0.0,1.0,0.0,0.0,0.0,0.0,1.0,0.2144307336411661,1.0,0.0,1.0,1.0,1.0,0.0,1.0,1.0,0.0,1.0,1.0,0.0,1.0,1.0,1.0,1.0,0.0,1.0,0.0
60,additive/lengthscale,aligned10,6,2.3918686193662126,2.330007397922086,4.161683349948741,4.092079690696853,0.7489484737957124,-2.7146837938548014,30.848891231929883,192.48355149081908,1,1,excluded,r_hat_max 1.310 > 1.1; n_eff_min 9.9 < 16.0,1.309698902236427,1.0087961546262743,0.8269230769230769,9.912500223718807,0,63.0,1.309698902236427,9.912500223718807,nan,nan,1.004379105659139,37.03430564308999,2.204056854188217,1.7304453674886926,0,1.0,0.42079471051282225,1.0,1.0,0.0,1.0,1.0,1.0,0.0,1.0,0.0,0.0,1.0,1.0,1.0,0.0,0.0,0.0,1.0,1.0,0.0,1.0,1.0,0.0,0.0,0.0,0.0,1.0,1.0,0.0,1.0,1.0,0.0,1.0,0.0,0.992136446564983,1.0,1.0,1.0,0.0,1.0,0.0,1.0,0.0,0.0,1.0,0.0,1.0,1.0,1.0,0.0,0.0,0.0,0.0,1.0,0.0,1.0,1.0,0.0,1.0,1.0,0.0,0.0,0.0,1.0,0.0,0.0,1.0,1.0,0.0,1.0,1.0,0.0,1.0,0.0,0.0,0.0,0.0,0.0,1.0,0.0,1.0,0.0,0.0,1.0,1.0,0.0,1.0,1.0,0.0,1.0,1.0,0.0,1.0,1.0,1.0,1.0,0.0,1.0,1.0
61,additive/lengthscale,aligned10,6,3.984025468774711,4.010022059141756,4.161683349948741,4.092079690696853,0.7489484737957124,-0.598370228360126,31.322921484941617,201.05675683706068,1,1,excluded,r_hat_max 1.270 > 1.1; n_eff_min 9.4 < 16.0,1.2701153577129798,1.008276427066956,0.8365384615384616,9.352546883996132,0,63.0,1.2701153577129798,9.352546883996132,nan,nan,1.144494167020357,34.000153482293,2.2071357355845778,1.7163684747152332,0,1.0,0.0,0.0,1.0,1.0,1.0,0.0,1.0,0.0,0.0,0.0,0.0,0.0,0.0,0.0,0.0,1.0,0.0,1.0,0.0,0.0,1.0,1.0,0.0,0.0,0.0,0.0,1.0,1.0,0.0,0.7880934580122755,1.0,0.0,1.0,0.0,1.0,0.0,1.0,1.0,0.0,0.0,0.0,1.0,0.0,0.0,1.0,0.0,0.0,0.0,1.0,0.0,0.0,0.0,0.0,0.3473770938337597,0.0,1.0,1.0,0.22174216962085638,1.0,0.5210397967733301,1.0,0.0,1.0,0.6057715804237295,0.0,0.0,1.0,1.0,0.0,1.0,1.0,1.0,0.0,1.0,0.0,0.0,0.0,0.0,1.0,0.19885275267293484,1.0,0.0,0.0,1.0,1.0,0.0,1.0,1.0,0.0,1.0,0.2754297795383695,1.0,1.0,1.0,1.0,1.0,0.0,0.0,0.0
62,additive/lengthscale,aligned10,6,3.9096891714717787,3.9976011074720788,4.161683349948741,4.092079690696853,0.7489484737957124,-1.540396492407465,30.85546485800296,245.73347225389443,1,1,excluded,r_hat_max 2.002 > 1.1; n_eff_min 3.6 < 16.0,2.0021713437114297,1.0089186548508506,0.8076923076923077,3.606618119640441,2,62.95703125,2.0021713437114297,3.606618119640441,nan,nan,1.2172047976218754,14.511433641834238,2.235795247410225,1.7171223937268465,0,1.0,1.0,0.0,1.0,0.0,0.0,0.0,1.0,0.0,1.0,1.0,0.04301594241456186,0.0,0.0,0.0,1.0,0.0,0.0,0.0,0.0,0.0,1.0,1.0,0.0,1.0,0.0,0.501017970829536,1.0,1.0,0.0,0.0,1.0,0.0,1.0,0.0,1.0,0.0,1.0,0.0,1.0,0.0,1.0,1.0,0.0,0.04700016785613806,1.0,0.0,0.0,0.0,1.0,1.0,0.0,0.0,0.0,0.0,0.03852890672440508,1.0,1.0,0.0,1.0,1.0,0.0,0.0,1.0,1.0,0.0,1.0,1.0,0.0,0.0,0.0,1.0,1.0,0.0,1.0,0.37939296872685513,0.0,0.0,0.0,1.0,0.157022639388609,1.0,0.0,1.0,0.39482795750138056,1.0,0.0,0.0,1.0,0.0,1.0,0.0,0.0,1.0,1.0,1.0,1.0,0.0,1.0,1.0
63,additive/lengthscale,aligned10,6,3.337308142141673,3.3133355310905515,4.161683349948741,4.092079690696853,0.7489484737957124,-1.3630788325001624,31.400941154919565,184.32648725504987,1,1,excluded,r_hat_max 1.378 > 1.1; n_eff_min 6.7 < 16.0,1.3782098020515154,1.0085038809645954,0.7884615384615384,6.688617414884954,0,63.0,1.3782098020515154,6.688617414884954,nan,nan,1.0669538038238426,24.910005282412065,2.262364992236599,1.7162390751196273,0,1.0,0.0,0.0,1.0,0.0,1.0,0.0,0.0,0.0,1.0,0.0,0.0,0.0,0.0,0.0,0.0,0.0,0.0,0.0,0.0,0.0,1.0,1.0,0.0,1.0,1.0,0.0,1.0,1.0,0.0,1.0,1.0,0.443353113440599,1.0,0.3841688125677012,1.0,0.0,1.0,1.0,1.0,0.0,0.0,0.6016798547949395,0.0,0.0,1.0,1.0,0.0,0.0,1.0,0.3652909174059365,0.0,0.0,0.0,0.0,0.0,1.0,1.0,0.0,1.0,1.0,1.0,0.0,1.0,1.0,0.0,1.0,1.0,1.0,0.0,1.0,1.0,1.0,0.0,1.0,0.0,0.0,0.0,0.0,1.0,0.0,0.8967891273160563,0.0,0.0,0.0,1.0,0.0,0.0,1.0,0.0,1.0,1.0,0.0,1.0,0.0,1.0,0.0,0.0,1.0,0.0
64,additive/lengthscale,aligned10,6,3.864763116800789,3.973327183985674,4.161683349948741,4.092079690696853,0.7489484737957124,-0.8621072271148134,30.772192977834493,240.1603962141089,1,1,excluded,r_hat_max 1.678 > 1.1; n_eff_min 3.6 < 16.0,1.6776876604023,1.0071457212229018,0.8365384615384616,3.596726027685853,0,63.0,1.6776876604023,3.596726027685853,nan,nan,1.0948100840064128,25.40366011065764,2.2791609789538656,1.7079889102008015,0,1.0,0.0,0.0,1.0,0.0,0.0,1.0,1.0,0.0,1.0,0.0,0.0,0.0,1.0,0.0,1.0,0.0,0.0,1.0,0.0,1.0,1.0,0.8554254440124138,0.0,0.0,1.0,0.0,0.9466349605580258,1.0,1.0,0.0,1.0,0.0,0.9652714306568357,0.0,1.0,1.0,1.0,1.0,0.7345536675655737,1.0,0.0,1.0,0.0,0.0,1.0,0.0,0.0,0.0,1.0,0.0,0.0,0.0,0.0,0.33719698956483996,0.0,1.0,1.0,0.0,0.0,1.0,0.0,0.0,1.0,1.0,1.0,1.0,1.0,1.0,0.0,1.0,1.0,1.0,0.0,1.0,0.0,0.0,0.0,0.0,1.0,0.17226752912664117,1.0,0.0,0.0,1.0,1.0,0.0,0.0,1.0,0.0,1.0,0.38190049786164176,1.0,1.0,1.0,1.0,1.0,0.0,1.0,0.0
65,additive/lengthscale,aligned10,6,3.994593075851917,4.120027917192474,4.161683349948741,4.120027917192474,0.7210002473000907,-1.7421772477669222,36.1051155149471,210.1531484639272,1,1,excluded,r_hat_max 2.550 > 1.1; n_eff_min 3.3 < 16.0,2.550037727314685,1.0033045872562494,0.8653846153846154,3.257254476186789,0,62.875,2.550037727314685,3.257254476186789,nan,nan,1.2262859631281298,9.350906654599276,2.3035548579976646,1.705998136279952,0,1.0,0.0,0.0,1.0,0.0,0.0,0.0,1.0,1.0,1.0,1.0,0.0,0.0,1.0,1.0,1.0,0.15253007354690568,0.0,0.0,0.0,1.0,1.0,1.0,0.0,1.0,0.0,0.0,1.0,1.0,1.0,1.0,1.0,0.0,1.0,0.0,1.0,0.0,1.0,0.0,1.0,0.0,1.0,0.7536511388748862,0.0,0.0,1.0,0.0,0.0,0.0,0.0,0.3596885659976564,0.0,0.0,0.0,1.0,0.0,1.0,1.0,0.0,1.0,1.0,0.0,0.0,1.0,1.0,0.0,1.0,1.0,1.0,0.0,0.0,1.0,1.0,0.0,1.0,0.0,0.0,0.0,0.0,0.8235074195238495,0.20093143708809122,1.0,0.0,1.0,1.0,1.0,0.0947240090523361,1.0,1.0,0.5080337672306309,1.0,0.0,0.0,1.0,1.0,1.0,1.0,0.0,1.0,1.0
66,additive/lengthscale,aligned10,6,4.297016324932382,4.0732995793593965,4.297016324932382,4.120027917192474,0.7210002473000907,-2.2053345385789385,35.15598262893036,246.89540443499573,1,1,excluded,r_hat_max 2.359 > 1.1; n_eff_min 3.1 < 16.0,2.3586798807156693,1.0078015755327914,0.8365384615384616,3.141302645800499,0,63.0,2.3586798807156693,3.141302645800499,nan,nan,1.137965082838177,30.99132076930224,2.3291766491772745,1.705580011051704,0,1.0,1.0,0.0,1.0,0.0,1.0,0.0,1.0,0.0,1.0,1.0,0.0,0.0,1.0,0.0,1.0,0.0,0.0,0.0,0.0,0.0,1.0,0.0,0.13132796218286572,0.0,0.0,1.0,1.0,1.0,0.0,1.0,1.0,0.0,1.0,0.0,1.0,0.0,1.0,0.0,0.0,1.0,1.0,1.0,0.0,0.0,1.0,0.0,0.0,0.0,1.0,0.0,0.0,0.0,0.0,0.0,0.19582069661492527,0.5272529760364821,1.0,0.0,1.0,0.0,0.0,0.0,1.0,1.0,0.0,1.0,1.0,0.0,0.0,1.0,1.0,1.0,0.0,0.0,0.0,0.0,0.0,0.0,0.9231760876035509,0.1747071211585308,1.0,0.0,0.5270404392803599,1.0,1.0,0.0,1.0,1.0,0.0,1.0,0.0,0.0,1.0,1.0,1.0,0.0,0.0,1.0,0.0
67,additive/lengthscale,aligned10,6,4.087292949053177,4.077113257573563,4.297016324932382,4.120027917192474,0.7210002473000907,-2.3044602741377664,37.87713069608435,216.87372197397053,1,1,excluded,r_hat_max 1.477 > 1.1; n_eff_min 5.6 < 16.0,1.4768295928800765,1.001286431881947,0.9134615384615384,5.641873981089817,0,62.875,1.4768295928800765,5.641873981089817,nan,nan,1.1414748853677557,18.46544879764751,2.358547390606455,1.7095377989723834,0,1.0,1.0,0.0,1.0,0.0,0.0,0.0,1.0,1.0,1.0,1.0,0.0,0.0,0.0,0.0,1.0,0.0,0.0,0.0,0.0,0.0,1.0,0.0,0.0,0.0,0.0,1.0,1.0,1.0,0.0,1.0,1.0,0.0,1.0,0.0,1.0,0.0,1.0,0.0,0.0,0.0,1.0,1.0,0.0,0.0,1.0,0.0,0.0,0.0,0.0,1.0,0.0,0.0,0.0,0.0,0.0,1.0,1.0,0.0,1.0,0.0,0.0,0.0,1.0,1.0,0.0,1.0,1.0,0.0,0.0,1.0,1.0,1.0,0.0,0.0,0.0,1.0,0.0,0.0,0.9349039638720623,0.17734429751553146,1.0,1.0,1.0,1.0,1.0,0.0,1.0,1.0,0.0,0.9778254903643018,0.0,0.0,1.0,1.0,1.0,0.0,0.0,1.0,0.0
68,additive/lengthscale,aligned10,6,4.051931219276316,3.9967652566144354,4.297016324932382,4.120027917192474,0.7210002473000907,-2.7407622392524895,35.43164857616648,174.64326338795945,1,1,excluded,r_hat_max 1.176 > 1.1; n_eff_min 13.8 < 16.0,1.1756018948234346,1.0047634281769238,0.9038461538461539,13.810776093338017,0,63.0,1.1756018948234346,13.810776093338017,nan,nan,1.0907738106542284,28.070118140878645,2.3839701194071417,1.7096328181034843,0,1.0,0.0,0.0,1.0,0.0,0.0,0.0,1.0,0.0,1.0,0.0,0.0,0.0,0.0,0.0,1.0,0.0,0.0,1.0,0.0,1.0,1.0,0.0,0.0,0.0,0.0,0.0,1.0,1.0,1.0,1.0,1.0,0.0,1.0,1.0,1.0,0.0,1.0,1.0,0.0,0.0,1.0,1.0,0.0,0.0,1.0,0.0,0.0,0.0,1.0,1.0,0.0,0.0,0.0,0.0,0.2030319922753865,1.0,0.0,0.0,1.0,0.0,0.0,0.0,1.0,1.0,0.0,0.0,1.0,0.0,0.0,1.0,1.0,1.0,0.0,1.0,0.0,0.0,0.0,0.0,1.0,0.18021043585581903,1.0,0.0,1.0,1.0,1.0,0.0,1.0,1.0,0.0,1.0,1.0,0.0,1.0,1.0,1.0,1.0,0.0,1.0,1.0
69,additive/lengthscale,aligned10,6,4.023536123263076,4.002549136913825,4.297016324932382,4.120027917192474,0.7210002473000907,-3.012550680427349,36.58377668587491,201.563742517028,1,1,excluded,r_hat_max 1.184 > 1.1; n_eff_min 14.9 < 16.0,1.1843002519396488,1.0063295636876526,0.8461538461538461,14.880044912059596,0,63.0,1.1843002519396488,14.880044912059596,nan,nan,1.0561356660361707,71.17924544195817,2.4081434686806085,1.7088651686982401,0,1.0,1.0,0.0,1.0,0.0,0.0,0.0,1.0,0.0,1.0,1.0,0.0,0.0,0.0,0.0,1.0,0.0,0.0,0.0,1.0,0.0,1.0,0.0,0.0,0.0,0.0,1.0,1.0,1.0,0.0,1.0,1.0,0.0,1.0,0.19224191166349047,1.0,0.0,1.0,0.0,1.0,1.0,1.0,1.0,0.0,0.0,1.0,0.0,0.0,0.0,1.0,1.0,0.0,0.0,0.0,1.0,0.18111948002270628,1.0,1.0,0.0,1.0,1.0,0.0,0.0,1.0,1.0,0.0,1.0,1.0,1.0,0.0,1.0,1.0,0.0,0.0,0.0,0.0,0.0,0.0,0.0,1.0,0.1838936106727785,1.0,0.0,0.0,1.0,1.0,0.0,1.0,1.0,0.0,0.7788386150396588,1.0,0.0,1.0,1.0,1.0,1.0,0.0,1.0,1.0
70,additive/lengthscale,aligned10,6,3.923153261329388,4.103222344980111,4.297016324932382,4.120027917192474,0.7210002473000907,-2.0533066873464145,35.506568033015355,203.85446369205602,1,1,excluded,r_hat_max 1.202 > 1.1,1.2015561509190806,1.0070944097717065,0.8846153846153846,18.71680840028912,0,63.0,1.2015561509190806,18.71680840028912,nan,nan,1.0107845735867,45.25040355771074,2.431220506603215,1.7074099278541492,0,1.0,0.0,0.0,0.0,0.0,1.0,0.0,0.0,0.0,0.0,0.0,0.0,0.0,1.0,0.0,1.0,0.0,0.0,0.0,0.0,1.0,1.0,0.0,0.0,0.0,0.0,0.0,1.0,1.0,1.0,1.0,1.0,0.0,1.0,1.0,1.0,0.0,0.8565956101246475,1.0,1.0,1.0,1.0,1.0,1.0,0.0,1.0,0.0,0.0,0.0,1.0,0.0,0.0,0.0,0.0,0.0,0.0,1.0,0.0,0.0,1.0,1.0,0.0,0.0,1.0,1.0,0.0,0.0,1.0,0.0,0.0,0.0,1.0,1.0,0.0,0.0,0.0,0.0,0.0,0.0,0.9054313312672337,0.1797046055303418,1.0,0.0,0.0,1.0,1.0,0.0,1.0,1.0,0.0,0.8235625431289996,0.0,0.0,1.0,1.0,1.0,1.0,0.0,1.0,1.0
71,additive/lengthscale,aligned10,6,4.080824541086155,3.9522407228078524,4.297016324932382,4.120027917192474,0.7210002473000907,-2.401659475993187,38.35350228310563,203.20465597696602,1,1,excluded,r_hat_max 2.537 > 1.1; n_eff_min 3.2 < 16.0,2.5367257978844555,1.0150239898447966,0.7307692307692307,3.226773424793799,0,63.0,2.5367257978844555,3.226773424793799,nan,nan,1.067182828720988,21.79633888690986,2.4522336439937247,1.7044346445194827,0,1.0,1.0,0.0,1.0,0.0,1.0,0.0,1.0,1.0,0.0,1.0,0.0,0.2311435651861778,1.0,0.0,1.0,0.0,0.0,1.0,0.0,0.0,1.0,0.0,0.0,0.0,1.0,1.0,1.0,1.0,0.0,1.0,0.0,0.0,1.0,0.0,1.0,0.0,1.0,1.0,0.0,1.0,1.0,1.0,1.0,0.0,1.0,0.0,0.0,0.0,1.0,1.0,0.0,0.0,1.0,0.0,0.0,1.0,1.0,0.1687688224209317,1.0,1.0,0.0,0.0,1.0,1.0,0.0,0.0,1.0,1.0,0.0,0.0,1.0,1.0,0.0,0.0,0.0,0.0,0.0,0.0,1.0,0.2582518160240872,1.0,0.0,0.0,0.0,1.0,0.0,1.0,1.0,0.0,1.0,1.0,0.0,1.0,1.0,0.0,0.0,0.0,1.0,1.0
72,additive/lengthscale,aligned10,6,3.926345476051242,3.9744097018688436,4.297016324932382,4.120027917192474,0.7210002473000907,-1.8599900091699584,34.88240676699206,210.83161669201218,1,1,excluded,r_hat_max 1.420 > 1.1; n_eff_min 6.0 < 16.0,1.4202394906633133,1.0148848151142364,0.7403846153846154,5.982973192115552,0,63.0,1.4202394906633133,5.982973192115552,nan,nan,1.016667700273697,31.536037590919673,2.4748529620088977,1.7032541981486438,0,1.0,1.0,0.0,1.0,0.0,0.0,0.0,1.0,0.0,1.0,0.0,0.0,0.0,1.0,0.0,1.0,1.0,0.0,1.0,0.0,0.0,1.0,0.0,0.0,0.0,0.0,1.0,0.8315480353768367,1.0,0.0,1.0,0.0,0.0,1.0,0.0,1.0,0.0,1.0,0.0,0.0,1.0,1.0,1.0,0.0,0.0,1.0,0.0,0.0,0.0,1.0,0.0,0.0,0.0,1.0,1.0,0.0,0.0,1.0,0.0,1.0,0.0,0.1623356545477267,0.0,1.0,1.0,0.0,0.0,1.0,0.0,0.0,0.0,1.0,1.0,0.0,1.0,0.0,0.0,0.0,0.0,0.9635220110063152,0.2039380493163227,1.0,0.0,1.0,1.0,1.0,0.0,1.0,1.0,0.28424581924152625,1.0,1.0,0.0,1.0,1.0,1.0,0.0,0.0,1.0,1.0
73,additive/lengthscale,aligned10,6,4.167953698383678,4.054599517162222,4.297016324932382,4.120027917192474,0.7210002473000907,-1.4607495801958537,38.01842051721178,156.79356373799965,1,1,excluded,r_hat_max 1.414 > 1.1; n_eff_min 5.3 < 16.0,1.4137777950687829,1.0062223374826829,0.8269230769230769,5.290626522749249,0,63.0,1.4137777950687829,5.290626522749249,nan,nan,1.1232518690570854,12.465570248008934,2.494736421105368,1.6999410142831979,0,1.0,1.0,0.07533710589464691,1.0,0.0,0.0,1.0,1.0,1.0,1.0,1.0,0.0,0.0,0.0,0.0,0.0,0.0,0.0,1.0,0.0,1.0,1.0,0.0,0.1857144931462914,0.0,0.0,1.0,1.0,1.0,1.0,1.0,1.0,0.0,1.0,0.0,1.0,0.0,1.0,1.0,0.0,1.0,1.0,1.0,1.0,0.0,1.0,0.0,0.0,0.0,0.0,1.0,0.0,0.0,0.0,0.0,0.0,1.0,1.0,0.0,1.0,0.0,0.0,0.0,1.0,1.0,0.0,0.0,1.0,1.0,0.0,0.0,1.0,1.0,0.0,0.0,0.0,1.0,0.0,0.0,1.0,0.20314962338834872,1.0,0.0,0.0,0.0,1.0,0.0,1.0,1.0,0.0,1.0,1.0,0.0,1.0,1.0,1.0,0.0,0.0,1.0,1.0
74,additive/lengthscale,aligned10,6,3.979417315838439,4.012785217232398,4.297016324932382,4.120027917192474,0.7210002473000907,-2.4799917210795828,34.49205557606183,181.8413526250515,1,1,excluded,r_hat_max 3.476 > 1.1; n_eff_min 3.7 < 16.0,3.475745272755215,1.0125261481273138,0.8173076923076923,3.6901329935224902,0,63.0,3.475745272755215,3.6901329935224902,nan,nan,1.392883786668062,10.343688500742251,2.5173474653929127,1.6994322695333057,0,1.0,1.0,0.0,1.0,0.0,1.0,0.0,1.0,1.0,1.0,1.0,0.0,0.0,0.0,1.0,1.0,0.0,0.0,1.0,0.0,1.0,1.0,0.0,0.1639889271404743,0.0,1.0,1.0,1.0,1.0,0.0,1.0,0.0,0.0,0.6751872310514055,0.0,1.0,0.0,1.0,1.0,0.0,1.0,1.0,0.0,0.0,0.0,1.0,0.0,0.0,0.0,1.0,1.0,0.0,0.0,0.0,0.0,0.0,1.0,1.0,0.0,1.0,1.0,0.0,0.0,1.0,0.8293404481787922,0.0,0.0,1.0,1.0,0.0,1.0,1.0,0.0,0.0,0.0,0.0,0.0,0.0,0.0,1.0,0.1887284076218964,1.0,0.0,0.0,1.0,1.0,0.0,1.0,1.0,0.0,1.0,1.0,0.0,1.0,1.0,1.0,0.0,0.0,1.0,0.0
75,additive/lengthscale,aligned10,6,4.130726393881526,4.00947117137654,4.297016324932382,4.120027917192474,0.7210002473000907,-1.9023680650401205,38.16440426395275,195.9606779469177,1,1,excluded,r_hat_max 1.223 > 1.1; n_eff_min 6.6 < 16.0,1.2225242342862706,1.0066596282482765,0.8365384615384616,6.583845383975734,0,63.0,1.2225242342862706,6.583845383975734,nan,nan,1.0052101140870515,45.83184776543291,2.53684173006552,1.6963738940734754,1,1.0,1.0,0.0,1.0,0.0278976873854732,1.0,0.0,1.0,0.0,0.0,1.0,0.0,0.0,1.0,0.0,0.0,0.0,0.0,0.0,1.0,0.0,1.0,0.0,1.0,0.0,0.0,1.0,1.0,1.0,1.0,1.0,1.0,0.0,1.0,1.0,1.0,0.0,1.0,1.0,0.0,0.0,1.0,1.0,1.0,0.0,1.0,0.0,0.0,0.0,1.0,0.0,0.0,0.0,0.0,0.0,0.0192576603276927,0.653066591321122,1.0,0.0,1.0,0.0,0.0,0.0,1.0,1.0,0.0,1.0,1.0,1.0,0.0,1.0,1.0,1.0,0.0,0.0,0.0,0.0,0.0,0.0,1.0,0.20616111316853766,1.0,0.0,0.0,1.0,1.0,0.0,0.0,1.0,0.0,1.0,0.0,1.0,1.0,1.0,1.0,0.0,0.0,1.0,1.0
76,additive/lengthscale,aligned10,6,4.138790036370073,4.143337586860294,4.297016324932382,4.143337586860294,0.6976905776322706,-2.5095022370768785,34.26205327594653,284.8655696939677,1,1,excluded,r_hat_max 1.139 > 1.1; n_eff_min 9.2 < 16.0,1.1392972693307595,1.005781736641945,0.8653846153846154,9.195230240014348,0,63.0,1.1392972693307595,9.195230240014348,nan,nan,1.0350108974169563,25.983681088714707,2.557813896694678,1.6949358404401142,0,0.9057192346726913,1.0,0.03493647073776778,1.0,1.0,1.0,0.0,1.0,1.0,1.0,1.0,0.0,0.0,1.0,0.0,0.0,0.0,0.0,1.0,0.0,0.0,1.0,1.0,0.0,0.0,0.0,1.0,1.0,1.0,1.0,1.0,0.767201987623115,0.0,1.0,0.0,1.0,0.0,1.0,1.0,0.0,1.0,1.0,1.0,1.0,0.0,1.0,0.0,0.0,0.0,1.0,1.0,0.0,0.0,0.0,0.0,0.12471988602969698,1.0,1.0,0.0,1.0,0.0,0.0,0.0,1.0,1.0,0.5686870574606968,1.0,1.0,1.0,0.0,0.4327553212526981,1.0,1.0,0.0,0.0,0.0,0.0,0.0,0.0,0.8490299973580769,0.2311758794354981,1.0,1.0,0.0,0.0,1.0,0.0,1.0,1.0,0.0,1.0,0.12284547800690537,0.0,1.0,1.0,0.8314183566605854,0.0,0.0,1.0,1.0
77,additive/lengthscale,aligned10,6,4.015452213373166,4.0129843534302285,4.297016324932382,4.143337586860294,0.6976905776322706,-1.5937687748889828,37.92500784317963,211.68311632890254,1,1,excluded,r_hat_max 1.316 > 1.1; n_eff_min 7.2 < 16.0,1.3164470256958447,1.008386738934411,0.9038461538461539,7.194063894164176,0,63.0,1.3164470256958447,7.194063894164176,nan,nan,1.0332277572555497,40.74228025607689,2.5783460543528,1.6933805233055343,0,1.0,1.0,0.0,1.0,0.0,0.9481479319280137,0.0,1.0,0.0,0.0,1.0,0.0,0.401579811383366,1.0,0.0,0.0,0.0,0.0,1.0,0.0,0.0,1.0,0.0,0.10877745964685524,0.0,0.0,0.0,1.0,1.0,1.0,1.0,1.0,0.0,1.0,0.0,1.0,0.0,1.0,1.0,0.0,1.0,1.0,1.0,1.0,0.0,1.0,0.0,0.0,0.0,1.0,1.0,0.0,0.0,0.0,0.0,0.0,1.0,1.0,0.0,1.0,0.0,0.0,0.0,1.0,1.0,0.0,1.0,1.0,1.0,0.0,1.0,1.0,1.0,0.0,0.0,0.0,0.0,0.0,0.0,1.0,0.18609582943511951,1.0,0.058870601211594625,0.0,1.0,1.0,0.0,1.0,1.0,0.0,1.0,1.0,0.0,1.0,1.0,0.0,0.0,0.0,1.0,1.0
78,additive/lengthscale,aligned10,6,4.228457715494645,4.120106814023653,4.297016324932382,4.143337586860294,0.6976905776322706,-3.3143600734666605,35.978462683968246,187.06048897909932,1,1,ok,,1.096143810645781,1.0025282969250364,0.9326923076923077,19.382755225617267,0,63.0,1.096143810645781,19.382755225617267,nan,nan,1.003370520474914,57.57534019503298,2.5967704922889583,1.6902404289064543,0,1.0,1.0,0.09298113075209483,1.0,0.0,1.0,0.0,1.0,0.0,1.0,1.0,0.0,0.0,1.0,0.0,1.0,0.0,0.0,1.0,0.0,1.0,1.0,1.0,0.10714337053462902,0.0,0.0,1.0,1.0,1.0,1.0,1.0,1.0,0.0,1.0,1.0,1.0,0.0,1.0,1.0,0.0,1.0,1.0,1.0,0.0,0.0,1.0,0.0,0.0,0.0,1.0,1.0,0.0,0.0,0.0,0.0,0.08624273106031771,1.0,1.0,0.0,1.0,0.0,0.0,0.0,1.0,1.0,0.0,1.0,1.0,1.0,0.0,0.0,1.0,1.0,0.0,0.0,0.0,0.0,0.0,0.0,0.9261319737028931,0.2146224534953413,1.0,0.0,0.0,0.0,1.0,0.0,1.0,1.0,0.0,1.0,0.0,0.0,1.0,1.0,1.0,0.0,0.0,1.0,0.0
79,additive/lengthscale,aligned10,6,2.935565025935841,3.00963478700561,4.297016324932382,4.143337586860294,0.6976905776322706,-3.5699664071849906,38.08173432899639,201.24997705686837,1,1,excluded,r_hat_max 1.133 > 1.1,1.1331247328601852,1.0022561322331045,0.9134615384615384,27.85349872910417,0,63.0,1.1331247328601852,27.85349872910417,nan,nan,1.0117071821531192,111.77992686537102,2.6174247609371313,1.6893856762032078,0,1.0,1.0,1.0,1.0,0.0,1.0,1.0,1.0,0.0,1.0,1.0,0.0,0.0,1.0,0.0,1.0,0.0,0.0,1.0,0.0,0.0,1.0,1.0,0.0,0.0,0.0,1.0,1.0,1.0,0.0,1.0,1.0,0.0,1.0,1.0,0.9724282692928675,0.0,1.0,0.0,0.0,1.0,1.0,1.0,0.0,0.0,1.0,0.0,0.0,0.0,1.0,1.0,0.0,0.0,0.0,0.0,0.09475639670720173,1.0,1.0,0.0,1.0,1.0,0.0,0.0,0.6207516625621106,1.0,0.0,1.0,1.0,0.0,0.0,1.0,1.0,1.0,0.0,0.0,0.0,0.0,0.0,0.0,1.0,0.23169275185925184,1.0,0.0,0.0,0.0,1.0,0.0,1.0,1.0,0.0,1.0,0.0,1.0,1.0,1.0,1.0,0.0,0.0,1.0,0.0
80,additive/lengthscale,aligned10,6,4.033260729383145,4.010305082317652,4.297016324932382,4.143337586860294,0.6976905776322706,-2.7276695271011686,33.948167338036,190.40613573486917,1,1,excluded,r_hat_max 2.421 > 1.1; n_eff_min 3.4 < 16.0,2.4211914194153303,1.017322428650401,0.7596153846153846,3.4354966075264777,0,63.0,2.4211914194153303,3.4354966075264777,nan,nan,1.2518604783851621,10.873491779720851,2.621401514249615,1.6791658685815771,0,1.0,1.0,0.06351978822777893,1.0,0.0,1.0,0.0,1.0,1.0,1.0,1.0,0.0,0.0,1.0,0.0,0.0,0.0,0.0,0.0,0.0,1.0,1.0,1.0,0.0,0.0,0.0,1.0,1.0,1.0,0.9644192761974759,1.0,1.0,0.0,0.5845980118498304,0.0,1.0,0.0,1.0,0.0,0.0,0.0,1.0,1.0,0.0,0.08607766302701102,1.0,0.0,1.0,0.0,1.0,0.0,0.0,0.0,0.0,0.0,0.20613175937414102,1.0,1.0,0.0,1.0,0.0,0.0,0.0,1.0,1.0,0.0,1.0,1.0,1.0,0.0,0.0,1.0,1.0,0.0,0.0,0.0,0.0,0.0,0.0,1.0,0.2379204635747761,1.0,0.0,0.0,1.0,1.0,0.0,1.0,1.0,0.0,1.0,0.0,1.0,1.0,1.0,1.0,0.0,0.0,1.0,1.0
81,additive/lengthscale,aligned10,6,4.1398600908222605,4.01318598058018,4.297016324932382,4.143337586860294,0.6976905776322706,-2.5586054320085623,38.623881257139146,147.0663952101022,1,1,excluded,r_hat_max 1.102 > 1.1,1.1016768634469372,1.0043751410316024,0.9519230769230769,22.61399996638955,0,62.875,1.1016768634469372,22.61399996638955,nan,nan,1.0079223228317207,104.49245079983844,2.6388318749302764,1.6760350712496088,0,1.0,1.0,0.0,1.0,0.02230367123457318,1.0,0.0,1.0,0.0,1.0,1.0,0.0,0.0,0.0,0.0,0.0,0.0,0.0,0.0,0.0,1.0,1.0,0.0,0.0,0.0,0.0,1.0,1.0,1.0,0.0,1.0,1.0,0.0,1.0,1.0,1.0,1.0,1.0,1.0,0.0,1.0,1.0,1.0,0.0,0.0,1.0,0.0,0.0,0.0,1.0,0.0,0.0,0.0,0.0,0.0,0.08300977196406745,1.0,1.0,0.0,1.0,0.0,0.0,0.0,1.0,1.0,0.0,0.0,1.0,1.0,0.0,0.0,1.0,1.0,0.0,0.0,0.0,1.0,0.0,0.0,1.0,0.20690807340148873,1.0,0.0,0.0,0.0,1.0,0.0,1.0,1.0,0.0,1.0,1.0,0.0,1.0,1.0,1.0,0.0,0.0,1.0,1.0
82,additive/lengthscale,aligned10,6,4.21598561216712,3.9887831473245443,4.297016324932382,4.143337586860294,0.6976905776322706,-0.9453498146192711,36.345042750937864,164.31068532611243,1,1,excluded,r_hat_max 1.307 > 1.1; n_eff_min 7.8 < 16.0,1.3069583080474867,1.0074075214471667,0.8653846153846154,7.763565407605464,0,63.0,1.3069583080474867,7.763565407605464,nan,nan,1.03421865999485,89.14240274756655,2.6571370970753003,1.673910957996707,0,1.0,1.0,0.0,1.0,1.0,0.0,1.0,1.0,1.0,1.0,1.0,0.0,0.0,0.0,1.0,1.0,0.2080063856849313,0.0,0.0,0.0,0.0,1.0,1.0,0.0,0.0,0.0,1.0,1.0,1.0,0.0,1.0,1.0,0.0,1.0,1.0,1.0,0.0,1.0,0.7861074499490871,0.0,1.0,1.0,1.0,1.0,0.0,1.0,0.07394833242181474,0.0,0.0,1.0,0.0,0.0,0.0,0.0,0.0,0.0,1.0,1.0,0.0,0.0,0.0,0.0,0.0,1.0,1.0,0.0,0.0,1.0,1.0,0.0,1.0,0.0,1.0,0.0,1.0,0.0,0.0,0.0,0.0,0.8790505480381673,0.288825001182126,1.0,0.0,0.0,1.0,1.0,0.0,1.0,1.0,0.0,1.0,0.0,1.0,1.0,1.0,1.0,0.0,0.0,1.0,0.0
83,additive/lengthscale,aligned10,6,4.040649781239244,4.158013530510642,4.297016324932382,4.158013530510642,0.683014633981923,-2.4083989306719014,38.86417821398936,231.7315065888688,1,1,excluded,r_hat_max 3.816 > 1.1; n_eff_min 3.3 < 16.0,3.8164095029532965,1.0120153314568912,0.8365384615384616,3.253645924206971,0,63.0,3.8164095029532965,3.253645924206971,nan,nan,1.025878969585214,27.96647109648794,2.675918404486045,1.6724663228714682,0,1.0,1.0,0.05785938498237773,1.0,0.0,0.0,0.0,1.0,0.0,1.0,1.0,0.0,0.0,1.0,0.0,0.0,0.0,0.0,0.0,0.0,0.0,1.0,1.0,1.0,0.0,0.0,1.0,1.0,1.0,0.0,0.6528364299435341,1.0,0.0,1.0,0.0,1.0,0.0,1.0,1.0,0.0,1.0,1.0,1.0,1.0,0.0,1.0,0.061635502158726964,0.0,0.0,1.0,1.0,0.0,0.0,0.0,0.0,0.11157261886222591,1.0,1.0,0.0,1.0,0.0,0.0,0.0,1.0,1.0,0.0,0.0,1.0,1.0,0.0,1.0,1.0,1.0,0.0,0.0,0.0,0.0,0.0,0.0,0.8927391233247931,0.20859236015852403,1.0,0.0,0.0,1.0,1.0,0.0,1.0,1.0,0.0,1.0,0.0,0.0,1.0,1.0,1.0,0.0,0.0,1.0,1.0
84,additive/lengthscale,aligned10,6,3.8994135921555175,3.9551778136508604,4.297016324932382,4.158013530510642,0.683014633981923,-3.4027198558964553,36.32893071509898,166.81902461103164,1,1,ok,,1.0788036726921075,1.0009081677296106,0.9711538461538461,18.0002557123794,0,62.875,1.0788036726921075,18.0002557123794,nan,nan,0.9997756811608446,97.90243224350472,2.69216520659025,1.6690574689264341,0,1.0,0.0,0.0,1.0,0.0,1.0,0.0,1.0,0.0,1.0,1.0,0.0,0.0,0.010869902067743138,0.0,1.0,0.0,0.0,0.0,0.0,0.0,1.0,0.0,0.0,0.0,0.0,1.0,1.0,1.0,1.0,1.0,1.0,0.0,1.0,1.0,1.0,0.0,1.0,1.0,0.0,1.0,1.0,1.0,0.0,0.0,1.0,0.0,0.0,0.0,1.0,0.0,0.0,0.0,0.0,0.0,0.0,1.0,1.0,0.0,1.0,0.0,0.0,0.0,1.0,1.0,0.0,1.0,1.0,1.0,0.0,1.0,0.0,1.0,1.0,0.0,0.0,0.0,0.0,0.0,1.0,0.25650045401703525,1.0,1.0,0.0,1.0,1.0,0.0,1.0,1.0,0.0,1.0,0.0,0.0,1.0,1.0,1.0,1.0,0.0,1.0,0.0
85,additive/lengthscale,aligned10,6,3.987101888878207,3.9988405261442117,4.297016324932382,4.158013530510642,0.683014633981923,-3.210552853244423,38.8121270861011,220.7306550820358,1,1,excluded,r_hat_max 1.109 > 1.1; n_eff_min 9.4 < 16.0,1.1092965401289232,1.001702235516671,0.9519230769230769,9.432523874216763,0,63.0,1.1092965401289232,9.432523874216763,nan,nan,1.0205988432154172,59.73968513597624,2.7063681287733705,1.6643088666761052,0,1.0,1.0,0.0,1.0,1.0,0.0,1.0,1.0,1.0,1.0,1.0,0.0,0.0,1.0,1.0,1.0,0.0,0.0,1.0,0.0,0.0,1.0,1.0,0.0,0.0,0.0,1.0,1.0,1.0,0.0,1.0,1.0,0.0,1.0,1.0,0.9893970370793601,0.0,1.0,1.0,0.0,1.0,1.0,1.0,0.9795844670023183,0.0,1.0,0.0,0.0,0.0,1.0,0.0,0.0,0.0,0.0,0.0,0.0,0.7619424295122362,1.0,0.0,1.0,0.0,0.0,0.0,0.0,0.0,0.0,0.0,1.0,0.649746820733274,0.0,0.0,1.0,1.0,0.0,0.0,0.0,0.0,0.0,0.0,1.0,0.2189401224741007,1.0,0.0,0.5131849127900964,0.0,1.0,0.0,1.0,1.0,0.0,1.0,0.0,1.0,1.0,1.0,1.0,0.0,0.0065939836684802975,1.0,1.0
86,additive/lengthscale,aligned10,6,3.9476611738320884,3.9092925103074574,4.297016324932382,4.158013530510642,0.683014633981923,-2.932292032309792,36.36098832497373,210.30867001484148,1,1,excluded,r_hat_max 1.738 > 1.1; n_eff_min 3.5 < 16.0,1.7382085412189052,1.0046842966173446,0.8461538461538461,3.476350951657438,0,63.0,1.7382085412189052,3.476350951657438,nan,nan,1.071365145265239,18.929403794525268,2.721260381797846,1.6602911844195853,0,1.0,1.0,0.0,1.0,0.0,1.0,1.0,1.0,1.0,0.49689431699753156,1.0,0.0,0.0,0.6557850481301132,1.0,0.0,0.0,0.0,0.0,1.0,1.0,1.0,0.0,0.0,0.0,0.0,1.0,1.0,1.0,0.0,1.0,1.0,0.0,1.0,0.0,1.0,0.0,1.0,1.0,0.0,1.0,1.0,1.0,1.0,0.06728239658503424,1.0,0.0,0.0,0.0,1.0,0.0,0.0,0.0,0.0,0.0,0.1545471044465476,1.0,1.0,0.0,1.0,0.0,0.0,0.0,1.0,1.0,0.0,0.0,1.0,1.0,0.0,0.0,1.0,0.9040168735591276,0.0,1.0,0.0,0.0,0.0,0.0,1.0,0.276822893562267,1.0,0.0,0.0,1.0,1.0,0.0,1.0,1.0,0.0,1.0,1.0,0.0,1.0,1.0,1.0,0.0,0.0,1.0,0.0
87,additive/lengthscale,aligned10,6,3.9811252652987044,4.022402244809733,4.297016324932382,4.158013530510642,0.683014633981923,-2.8681281156882337,39.20177636900917,221.9564038880635,1,1,excluded,r_hat_max 1.566 > 1.1; n_eff_min 4.4 < 16.0,1.5663503116812376,1.0068053300577917,0.7980769230769231,4.357210694774198,0,63.0,1.5663503116812376,4.357210694774198,nan,nan,1.1818504343591723,10.260996353355557,2.7353569426258253,1.6558899303215864,0,1.0,1.0,0.054748547375983135,1.0,0.0,0.0,0.0,1.0,1.0,1.0,1.0,0.15380899047972593,0.0,0.0,0.0,0.0,0.0,0.0,0.0,0.0,0.0,1.0,1.0,0.0,0.0,0.0,1.0,1.0,1.0,0.0,1.0,1.0,0.0,1.0,1.0,1.0,0.0,1.0,0.0,0.0,1.0,1.0,1.0,1.0,0.0,1.0,0.0,1.0,0.0,1.0,1.0,0.0,0.0,0.0,0.0,0.0,1.0,1.0,0.0,1.0,0.0,0.0,0.0,1.0,1.0,0.0,0.0,1.0,1.0,0.0,0.0,1.0,1.0,0.0,0.0,0.0,0.13125768218449485,0.0,0.0,0.7959739473833872,0.20180573700496357,1.0,0.0,1.0,1.0,1.0,0.0,1.0,1.0,0.0,1.0,1.0,0.0,1.0,1.0,1.0,0.0,0.0,1.0,1.0
88,additive/lengthscale,aligned10,6,4.048525509912235,4.0842203891111915,4.297016324932382,4.158013530510642,0.683014633981923,-3.2927840629486944,36.26145724300295,199.1741221230477,1,1,excluded,r_hat_max 1.226 > 1.1; n_eff_min 10.3 < 16.0,1.225641305630604,1.005162533414943,0.8365384615384616,10.25407622349212,0,63.0,1.225641305630604,10.25407622349212,nan,nan,1.0027783584382033,165.66700858416502,2.7495134008380173,1.6517408866487397,0,1.0,1.0,0.0,1.0,1.0,1.0,0.0,1.0,1.0,1.0,1.0,0.0,1.0,0.0,0.0,0.0,0.0,0.0,0.0,0.0,1.0,1.0,0.999824211300355,0.0,0.0,0.0,1.0,1.0,1.0,0.0,1.0,1.0,0.0,1.0,0.0,1.0,0.0,1.0,1.0,0.0,0.0,1.0,1.0,0.0,0.0,1.0,0.0,0.0,0.0,1.0,0.0,0.0,0.0,0.0,1.0,0.0,1.0,1.0,0.0,1.0,0.0,0.0,0.0,0.7644376429657751,1.0,0.0,1.0,1.0,1.0,0.0,0.0,1.0,1.0,0.0,1.0,0.0,0.0,0.0,0.0,0.9210865689888806,0.20549529690773158,1.0,0.0,0.0,0.0,1.0,0.0,1.0,1.0,0.0,1.0,1.0,0.0,1.0,1.0,1.0,0.0,0.0,1.0,1.0
89,additive/lengthscale,aligned10,6,4.08142794504266,3.9245664529049344,4.297016324932382,4.158013530510642,0.683014633981923,-2.1073434041196255,38.94564220891334,211.20155340898782,1,1,excluded,r_hat_max 1.814 > 1.1; n_eff_min 3.9 < 16.0,1.8139375703621932,1.0074449466444997,0.8653846153846154,3.8919098068049998,0,62.875,1.8139375703621932,3.8919098068049998,nan,nan,1.0608745756650866,41.670481250922606,2.764109042513008,1.6481323878026317,0,0.9310907316763606,1.0,0.1855782191862015,1.0,1.0,0.0,0.0,1.0,0.0,1.0,1.0,0.0,0.0,0.0,1.0,1.0,0.0,0.0,0.0,0.0,0.0,1.0,0.0,0.0,0.0,0.0,1.0,1.0,1.0,0.0,1.0,1.0,0.0,1.0,0.091637550537057,1.0,0.0,1.0,0.5743888688813915,0.0,1.0,1.0,1.0,0.0,0.0,0.9270512477888936,0.0,0.0,0.0,1.0,0.0,0.0,0.0,0.0,0.0,0.0,1.0,1.0,0.0,1.0,0.0,0.0,0.0,1.0,1.0,0.0,0.0,1.0,1.0,0.0,0.0,1.0,1.0,0.0,0.0,0.0,0.0,1.0,0.0,1.0,0.175274737986812,1.0,0.0,0.0,0.0,1.0,0.0,1.0,1.0,0.0,1.0,0.0,1.0,1.0,1.0,1.0,0.0,0.0,1.0,1.0
90,additive/lengthscale,aligned10,6,3.7245160290611694,3.6854383934560633,4.297016324932382,4.158013530510642,0.683014633981923,-3.8958494863601767,34.03327324311249,220.66124058701098,1,1,excluded,r_hat_max 1.154 > 1.1,1.1543811723772603,1.003056517174828,0.9038461538461539,16.47803852557363,0,63.0,1.1543811723772603,16.47803852557363,nan,nan,0.997945255698429,76.28571415678047,2.778745919207782,1.6447571262248022,0,1.0,1.0,0.10595960540781812,1.0,0.0,1.0,1.0,1.0,1.0,1.0,1.0,0.0,0.16239065606542186,1.0,1.0,1.0,0.0,0.0,0.0,0.0,0.0,1.0,0.0,0.0,0.0,0.0,0.0,1.0,1.0,0.0,1.0,1.0,0.0,1.0,0.0,0.7988385874910995,0.0,1.0,0.0,0.0,0.0,1.0,1.0,0.0,0.0,1.0,0.0,0.0,0.0,1.0,0.0,0.0,0.0,0.0,0.0,0.07104530463433077,1.0,0.0,0.0,0.0,0.0,0.0,0.0,1.0,1.0,0.0,1.0,1.0,0.0,0.0,1.0,0.0,1.0,0.0,0.0,0.0,0.0,0.0,0.0,1.0,0.21952681016381045,1.0,0.0,0.0,1.0,1.0,0.0,1.0,1.0,0.0,1.0,0.0,0.0,1.0,1.0,1.0,0.0,0.0,1.0,1.0
91,additive/lengthscale,aligned10,6,4.087042625471297,4.174450739172769,4.297016324932382,4.174450739172769,0.6665774253197956,-3.4665470377778194,36.55399262299761,183.92964629712515,1,1,excluded,r_hat_max 1.163 > 1.1; n_eff_min 15.1 < 16.0,1.1633979223646136,1.0051915547225398,0.9326923076923077,15.083761544883004,0,63.0,1.1633979223646136,15.083761544883004,nan,nan,1.039592275694514,60.637732010065804,2.789138997338039,1.6386639962330793,0,1.0,1.0,0.08968222928667856,1.0,0.0,1.0,0.0,1.0,1.0,1.0,1.0,0.0,0.0,0.0,1.0,1.0,0.0,0.0,0.0,0.0,0.0,1.0,0.0,0.0,0.0,0.0,1.0,1.0,1.0,0.0,1.0,1.0,0.0,1.0,1.0,1.0,0.0,1.0,1.0,0.0,1.0,1.0,1.0,1.0,0.0,1.0,0.0,1.0,0.0,1.0,0.0,0.0,0.0,0.0,0.0,0.039354723419752095,1.0,1.0,0.0,1.0,0.0,0.0,0.0,1.0,1.0,0.0,1.0,1.0,0.0,0.0,0.0,1.0,1.0,0.0,0.0,0.0,0.0,0.0,0.0,0.8586922910423566,0.19237135819215243,1.0,0.0,0.0,1.0,1.0,0.0,1.0,1.0,0.0,1.0,1.0,1.0,1.0,1.0,1.0,0.0,0.0,1.0,0.0
92,additive/lengthscale,aligned10,6,3.380439934690732,3.245356586782874,4.297016324932382,4.174450739172769,0.6665774253197956,-3.784308505743189,33.8949301620014,208.58134189411066,1,1,excluded,r_hat_max 1.768 > 1.1; n_eff_min 4.7 < 16.0,1.7677615865099268,1.0060276898351008,0.8653846153846154,4.6877148103098865,0,63.0,1.7677615865099268,4.6877148103098865,nan,nan,1.0878967788227316,38.78629049531962,2.8032466454699225,1.635280974003657,0,1.0,1.0,0.008410584318650613,1.0,1.0,0.0,1.0,1.0,0.0,1.0,1.0,1.0,0.0,1.0,1.0,1.0,0.0,0.0,0.0,0.0,0.0,1.0,1.0,0.0,0.0,0.0,0.5749483780508515,1.0,1.0,0.0,1.0,1.0,0.0,1.0,1.0,1.0,0.0,1.0,1.0,0.0,1.0,1.0,1.0,1.0,0.0,1.0,0.0,0.0,0.0,1.0,0.0,0.0,0.0,0.0,1.0,0.0,1.0,1.0,0.0,0.0,0.0,0.0,0.0,1.0,1.0,0.0,1.0,1.0,1.0,0.0,1.0,1.0,1.0,0.0,0.0,0.0,0.0,0.0,0.0,1.0,0.19106731831978357,1.0,0.0,1.0,0.0,0.0,0.0,1.0,1.0,0.0,1.0,0.0,1.0,1.0,1.0,1.0,0.0,0.4644868633871391,1.0,1.0
93,additive/lengthscale,aligned10,6,4.092576576645735,4.059360008851245,4.297016324932382,4.174450739172769,0.6665774253197956,-1.6798042256179586,38.60250002797693,208.0674048208166,1,1,excluded,r_hat_max 1.226 > 1.1; n_eff_min 9.5 < 16.0,1.2260918879917213,1.0048616117196532,0.9038461538461539,9.495204271130337,0,63.0,1.2260918879917213,9.495204271130337,nan,nan,1.0129611907176734,72.2758568403445,2.8094530249239096,1.6275544200632772,0,1.0,0.6474026995902867,0.04178100643290136,1.0,1.0,0.0,0.0,1.0,1.0,1.0,1.0,0.0,0.0,1.0,0.0,1.0,0.2853306112795477,0.0,0.0,1.0,0.0,1.0,1.0,0.12701516561204698,0.0,0.0,1.0,1.0,1.0,1.0,1.0,1.0,0.0,1.0,1.0,1.0,1.0,1.0,1.0,0.0,1.0,1.0,1.0,0.0,0.0,1.0,0.0,0.0,1.0,1.0,0.0,0.0,0.0,0.0,1.0,0.02422911943065607,0.0,0.0,0.14670808509584018,1.0,0.0,0.0,0.0,1.0,1.0,0.0,1.0,1.0,1.0,0.0,0.7666498862343856,0.0,1.0,0.0,1.0,0.0,0.0,0.0,0.0,1.0,0.18195085953355036,1.0,0.0,1.0,0.0,1.0,0.0,0.0,1.0,0.0,1.0,0.0,0.0,1.0,1.0,1.0,0.0,0.0,1.0,1.0
94,additive/lengthscale,aligned10,6,4.117132619837354,4.124486438322431,4.297016324932382,4.174450739172769,0.6665774253197956,-1.6871638987305526,34.61396088800393,219.4712306880392,1,1,excluded,r_hat_max 1.224 > 1.1; n_eff_min 13.0 < 16.0,1.2243435526824142,1.0049677066628493,0.8365384615384616,12.981181646282684,0,62.9375,1.2243435526824142,12.981181646282684,nan,nan,1.0430101769728684,33.456873621023355,2.823103275474142,1.6242173119523382,0,1.0,1.0,0.07690365729420023,1.0,0.0,1.0,0.0,1.0,0.0,1.0,1.0,0.0,0.0,0.0,0.0,1.0,0.0,0.0,1.0,0.0,0.6291454245428492,1.0,0.0,0.0,0.0,0.0,1.0,1.0,1.0,1.0,1.0,1.0,0.0,1.0,1.0,1.0,0.0,1.0,1.0,0.0,1.0,1.0,1.0,0.0,0.0,1.0,0.0,0.0,1.0,1.0,1.0,0.0,0.0,0.0,0.0,0.0,1.0,1.0,0.0,1.0,0.0,0.0,0.0,1.0,1.0,0.0,1.0,1.0,1.0,0.0,1.0,1.0,1.0,0.0,0.0,0.0,1.0,0.0,0.0,0.8899023963196083,0.24011157035352768,1.0,0.0,0.0,0.0,1.0,0.0,1.0,1.0,0.0,1.0,0.0,0.0,1.0,1.0,1.0,0.0,0.0,0.0,1.0
95,additive/lengthscale,aligned10,6,3.6780830311267603,3.748592289901107,4.297016324932382,4.174450739172769,0.6665774253197956,-0.7534538873336731,38.579549635061994,195.94972359389067,1,1,excluded,r_hat_max 2.895 > 1.1; n_eff_min 3.0 < 16.0,2.8945718205711337,1.0110407448091199,0.7596153846153846,3.00917412538736,0,63.0,2.8945718205711337,3.00917412538736,nan,nan,1.2382620084264655,14.739241301402139,2.836724636993755,1.6210346984449884,0,1.0,0.0,0.027160538548273393,1.0,1.0,0.0,0.0,1.0,0.0,1.0,1.0,0.0,0.0,1.0,0.0,1.0,0.7795322791383767,1.0,1.0,0.0,0.0,1.0,0.0,1.0,0.0,0.0,1.0,1.0,0.0,1.0,1.0,1.0,0.0,1.0,0.0,1.0,1.0,1.0,1.0,0.0,1.0,1.0,1.0,0.0,0.0,1.0,0.0,0.0,0.0,0.0,0.0,0.0,0.0,0.0,1.0,0.0,1.0,1.0,0.0,1.0,1.0,0.0,0.0,1.0,1.0,0.0,0.0,1.0,1.0,0.0,0.0,1.0,1.0,0.0,1.0,0.0,0.0,1.0,0.0,1.0,0.1850113072473851,1.0,0.0,0.0,0.0,0.8028443712940535,0.0,1.0,1.0,0.0,1.0,0.0,1.0,1.0,1.0,0.5446256833968235,1.0,0.0,1.0,0.0
96,additive/lengthscale,aligned10,6,4.107017504229176,4.132374174721751,4.297016324932382,4.174450739172769,0.6665774253197956,-2.2416551220015277,32.39875764702447,247.82680666586384,1,1,excluded,r_hat_max 1.554 > 1.1; n_eff_min 3.8 < 16.0,1.5536643454223924,1.0106917395700836,0.7980769230769231,3.820981915074266,0,63.0,1.5536643454223924,3.820981915074266,nan,nan,1.0410906489390492,31.525434001773515,2.84548878693264,1.6148306543202586,0,1.0,0.6077697821512262,0.01347167962245819,1.0,0.0,0.22713980137961315,0.0,1.0,0.22695376995044364,1.0,1.0,0.0,0.0,0.3121029839514502,0.0,1.0,0.0,0.0,0.0,0.0,0.0,1.0,0.19559291878880664,0.22858743378630442,0.0,0.0,1.0,1.0,1.0,0.9872664208073664,1.0,1.0,0.0,1.0,0.22995954544168523,1.0,0.0,1.0,1.0,0.0,1.0,1.0,1.0,1.0,0.0,1.0,0.0,0.0,0.0,1.0,0.0,0.0,0.0,0.0,0.0,0.06555396596473724,1.0,0.3860725486089807,0.0,1.0,0.0,0.0,0.0,1.0,1.0,0.0,0.6615173534266561,1.0,1.0,0.0,1.0,1.0,1.0,0.0,1.0,0.0,0.0,0.0,0.0,0.8873549117299011,0.207927725223133,1.0,0.0,0.0,1.0,1.0,0.0,1.0,0.8030798203926699,0.0,1.0,0.17430996252442957,0.2649798638440312,1.0,1.0,1.0,0.0,0.0,1.0,1.0
97,additive/lengthscale,aligned10,6,4.096183068050982,4.1333124960406815,4.297016324932382,4.174450739172769,0.6665774253197956,-3.308210457036523,39.678713036933914,201.46989645180292,1,1,excluded,r_hat_max 2.182 > 1.1; n_eff_min 3.3 < 16.0,2.1816718279285543,1.00063239696513,0.8653846153846154,3.2719845292985976,0,63.0,2.1816718279285543,3.2719845292985976,nan,nan,1.0740449641451915,32.472278633184416,2.858494237626419,1.6115310642774971,0,1.0,1.0,0.05089634843258217,1.0,0.04549279022999396,0.0,0.0,1.0,0.0,1.0,1.0,0.0,0.0,0.0,1.0,1.0,0.0,0.0,0.0,0.0,1.0,1.0,1.0,0.0,0.0,0.0,1.0,1.0,1.0,0.0,1.0,1.0,0.0,1.0,1.0,1.0,0.0,1.0,1.0,0.0,1.0,1.0,1.0,1.0,0.0,1.0,0.0,0.0,1.0,1.0,1.0,0.0,0.0,0.0,0.0,0.048417679214432914,0.5706622014159286,1.0,0.0,1.0,0.0,0.0,0.0,1.0,1.0,0.0,1.0,1.0,1.0,0.0,1.0,0.0,1.0,0.0,0.0,0.0,0.0,0.0,0.0,0.9331448543398803,0.18691498420790764,1.0,0.0,1.0,0.0,1.0,0.0,1.0,1.0,0.0,1.0,0.0,0.0,1.0,1.0,1.0,0.0,0.0,1.0,1.0
98,additive/lengthscale,aligned10,6,4.04376568946644,4.074626076845597,4.297016324932382,4.174450739172769,0.6665774253197956,-3.075701216151446,35.46682889806107,187.86572210583836,1,1,excluded,r_hat_max 1.194 > 1.1; n_eff_min 6.6 < 16.0,1.1944654053510795,1.0016847267262525,0.9230769230769231,6.606566285448311,0,63.0,1.1944654053510795,6.606566285448311,nan,nan,1.0301974219189307,22.424885062653647,2.871123715487894,1.6081056870696913,0,1.0,1.0,0.05345812736792655,1.0,0.0,1.0,0.0,1.0,1.0,1.0,0.9436966332979776,0.0,0.0,0.0,0.0,1.0,0.0,0.0,1.0,0.0,0.0,1.0,0.0,0.0,0.0,0.0,1.0,1.0,1.0,1.0,1.0,1.0,0.0,1.0,0.0,0.9012272565071099,0.0,1.0,0.0,0.0,1.0,1.0,1.0,0.0,0.0,1.0,0.0,0.0,0.0,1.0,0.0,0.0,0.0,0.0,0.0,0.062452846742742284,0.0,1.0,0.0,1.0,0.0,0.0,0.0,1.0,1.0,0.0,0.0,1.0,1.0,0.0,1.0,0.7284266834609439,1.0,0.0,0.0,0.0,1.0,0.0,0.0,0.8988938310984226,0.22519810627475012,1.0,0.0,1.0,1.0,1.0,0.0,1.0,1.0,0.0,1.0,0.0,1.0,1.0,1.0,1.0,0.0,0.04435374837939826,1.0,1.0
99,additive/lengthscale,aligned10,6,4.056033050122746,4.03071603014286,4.297016324932382,4.174450739172769,0.6665774253197956,-3.1781743828019584,37.58699274691753,245.15028819418512,1,1,excluded,r_hat_max 1.680 > 1.1; n_eff_min 4.9 < 16.0,1.6802370043331714,1.0152831607405544,0.7307692307692307,4.9346977381488015,0,63.0,1.6802370043331714,4.9346977381488015,nan,nan,1.1200302050175952,18.575299068755832,2.88296858391192,1.6042543870113235,0,1.0,0.828447806458553,0.12630734252625647,1.0,0.0,1.0,0.0,1.0,1.0,1.0,0.0,0.0,0.0,0.0,0.0,0.44633025353739236,0.2251956941588312,0.0,0.0,0.0,0.0,0.963703492370244,1.0,0.12924776574948105,0.0,0.0,0.0,1.0,1.0,1.0,1.0,1.0,0.0,1.0,1.0,1.0,0.0,1.0,1.0,0.0,1.0,1.0,1.0,1.0,0.0,1.0,0.0,0.0,0.0,1.0,1.0,0.0,0.0,0.0,0.0,0.0,1.0,1.0,1.0,1.0,0.0,0.0,0.0,1.0,1.0,0.0,1.0,1.0,1.0,0.0,1.0,1.0,1.0,0.0,0.0,0.0,1.0,0.0,0.0,0.8708063099357745,0.23947597016350622,1.0,0.0,1.0,1.0,1.0,0.0,0.780950853152973,0.0,0.0,0.8809168135929328,0.0,1.0,1.0,1.0,1.0,0.0,0.0,1.0,1.0
100,additive/lengthscale,aligned10,6,3.9871837155428738,3.9104441864330113,4.297016324932382,4.174450739172769,0.6665774253197956,-2.0510174756070416,34.3962785191834,215.573877297109,1,1,excluded,n_eff_min 11.0 < 16.0,1.0423691781673532,1.0013361857279204,1.0,10.992955578626463,0,63.0,1.0423691781673532,10.992955578626463,nan,nan,0.9990477597581733,33.763903011922395,2.8946992285740283,1.6004746206226774,1,1.0,1.0,0.058396079696355345,1.0,1.0,1.0,0.0,1.0,1.0,1.0,1.0,0.0,0.0,0.0,1.0,1.0,0.0,0.2302038205529896,1.0,0.0,0.0,1.0,1.0,0.0,0.0,0.0,1.0,1.0,1.0,1.0,1.0,1.0,0.0,1.0,1.0,1.0,0.0,1.0,0.0,0.0,1.0,1.0,1.0,0.0,0.0,1.0,0.0,0.0,0.0,1.0,0.0,0.0,0.0,0.0,0.0,0.037557995799853854,1.0,1.0,0.0,1.0,0.0,0.0,0.0,1.0,1.0,0.0,0.0,1.0,1.0,0.0,1.0,1.0,1.0,0.0,0.0,0.0,1.0,0.0,0.0,1.0,0.20075891113604247,1.0,0.0,1.0,0.0,1.0,0.0,1.0,1.0,0.0,1.0,0.0,1.0,1.0,1.0,1.0,0.0,0.0,1.0,1.0
101,additive/lengthscale,aligned10,6,3.9504018592888333,3.945748630503516,4.297016324932382,4.174450739172769,0.6665774253197956,-3.8279809079424885,36.13830748293549,174.84760946896859,1,1,excluded,r_hat_max 1.185 > 1.1; n_eff_min 14.3 < 16.0,1.1852024711088056,1.0025745922397653,0.9423076923076923,14.33984594227918,0,63.0,1.1852024711088056,14.33984594227918,nan,nan,1.027350658290648,60.14533535807451,2.9055159066628287,1.5962009551983398,0,1.0,1.0,0.13657929910268524,1.0,0.0,1.0,1.0,1.0,0.0,1.0,1.0,0.0,0.0,0.0,0.0,0.0,0.0,0.0,1.0,1.0,1.0,1.0,0.0,0.0,0.0,0.0,1.0,1.0,1.0,0.0,1.0,0.728464865653049,0.0,1.0,0.0,1.0,0.0,0.0,1.0,0.0,1.0,0.0,1.0,0.0,0.0,1.0,0.0,0.0,0.0,1.0,1.0,0.0,0.0,0.0,0.0,0.05183415913421673,0.0,0.0,0.0,1.0,1.0,0.0,0.0,1.0,1.0,0.0,1.0,1.0,0.0,0.0,1.0,1.0,1.0,0.0,0.0,0.0,0.0,0.0,0.0,1.0,0.26292243045414126,1.0,0.0,0.4010568957163968,1.0,1.0,0.0,1.0,1.0,1.0,1.0,0.0,0.0,1.0,1.0,1.0,0.0,0.0,1.0,1.0
102,additive/lengthscale,aligned10,6,4.154860622014847,4.041311521097578,4.297016324932382,4.174450739172769,0.6665774253197956,-2.3454812339277775,35.33664361992851,212.23927408317104,1,1,excluded,r_hat_max 1.181 > 1.1; n_eff_min 6.9 < 16.0,1.1807992204473072,0.9988828277136292,0.9711538461538461,6.942283009715237,0,62.3125,1.1807992204473072,6.942283009715237,nan,nan,1.0078822274849908,150.66685422493478,2.9157598865905343,1.5916900910613512,0,1.0,1.0,0.0,1.0,0.0,0.0,0.0,1.0,0.04285148178038391,1.0,1.0,0.0,0.0,0.0,0.0,1.0,0.0,0.0,0.0,0.8524321412034911,0.0,1.0,1.0,0.0,0.0,0.0,1.0,1.0,1.0,0.0,1.0,1.0,0.0,1.0,0.0,1.0,0.0,1.0,1.0,0.0,1.0,1.0,1.0,1.0,0.0,1.0,0.0,0.10796685881115194,1.0,1.0,1.0,0.0,0.0,0.0,0.0,0.0,1.0,1.0,0.0,1.0,0.0,0.0,0.0,1.0,1.0,0.0,1.0,1.0,1.0,0.0,1.0,1.0,1.0,0.0,0.0,0.0,0.0,0.0,0.0,0.9566028284230554,0.2176518369835768,1.0,0.0,1.0,1.0,1.0,0.0,1.0,1.0,0.0,1.0,0.0,0.0,1.0,1.0,1.0,0.0,0.0,1.0,1.0
103,additive/lengthscale,aligned10,6,3.9769313457962765,3.94516004522188,4.297016324932382,4.174450739172769,0.6665774253197956,-3.795540133900361,37.882489945041016,225.69696498895064,1,1,excluded,r_hat_max 1.348 > 1.1; n_eff_min 10.6 < 16.0,1.3479134506300026,1.0111526438994407,0.7596153846153846,10.612559532216835,0,63.0,1.3479134506300026,10.612559532216835,nan,nan,1.3421380997409236,15.633295553747088,2.927789990817955,1.5885975784111817,0,1.0,1.0,0.0412992116606173,1.0,0.0,1.0,0.0,1.0,1.0,0.0,1.0,0.0,0.0,1.0,0.0,0.0,0.0,0.0,1.0,1.0,0.0,1.0,0.0,0.0,0.0,0.0,1.0,1.0,1.0,1.0,1.0,1.0,0.0,1.0,0.0,1.0,0.0,1.0,1.0,0.0,1.0,1.0,1.0,1.0,0.0,1.0,0.0,0.0,1.0,1.0,1.0,0.0,1.0,0.0,1.0,0.08149551271304195,1.0,1.0,1.0,1.0,0.0,0.0,0.0,1.0,1.0,0.0,1.0,1.0,1.0,1.0,0.0,1.0,1.0,0.0,0.0,0.0,1.0,0.0,0.0,0.9797423191397515,0.2909336963112356,1.0,0.0,0.8736035768763193,0.0,1.0,0.0,1.0,0.0,0.0,1.0,0.0,0.0,1.0,1.0,1.0,0.0,0.0,1.0,1.0
104,additive/lengthscale,aligned10,6,2.850167076397603,2.972209404209777,4.297016324932382,4.174450739172769,0.6665774253197956,-3.809167254531494,34.691417342983186,166.3223621279467,1,1,excluded,r_hat_max 1.211 > 1.1,1.2112924971911356,1.004862411980343,0.8942307692307693,16.39700733896555,0,63.0,1.2112924971911356,16.39700733896555,nan,nan,1.0178917950877948,131.84830126036925,2.9378778884619767,1.5842532436569627,0,1.0,1.0,0.0,1.0,0.0,0.0,0.0,1.0,1.0,1.0,1.0,0.0,0.0,0.0,0.0,1.0,0.0,0.0,0.0,0.0,0.0,1.0,0.0,0.0,0.0,0.0,1.0,1.0,1.0,1.0,1.0,1.0,0.0,1.0,0.0,1.0,0.0,1.0,1.0,0.0,1.0,1.0,1.0,0.0,0.024780284065308463,1.0,0.0,0.0,1.0,1.0,1.0,0.0,0.0,0.0,0.0,0.04156871683705966,0.0,1.0,0.0,1.0,0.0,0.0,0.0,1.0,1.0,0.0,0.0,1.0,1.0,0.0,1.0,1.0,1.0,0.0,0.0,0.0,0.0,0.0,0.0,1.0,0.5411611922463252,1.0,0.0,0.0,0.0,1.0,0.0,0.0,1.0,0.0,1.0,0.0,0.0,1.0,1.0,1.0,0.0,0.0,1.0,1.0
105,additive/lengthscale,aligned10,6,3.9235289582054094,4.08299066403257,4.297016324932382,4.174450739172769,0.6665774253197956,-4.024627555639583,40.62590418290347,221.5815602899529,1,1,excluded,r_hat_max 1.251 > 1.1; n_eff_min 5.0 < 16.0,1.2509853534179467,1.0021836239119937,0.9423076923076923,4.950955148219127,0,63.0,1.2509853534179467,4.950955148219127,nan,nan,1.0831197802734691,8.655568786778286,2.937042547394697,1.5767141459135858,0,1.0,1.0,0.0,1.0,0.020035700228860507,0.0,0.0,1.0,1.0,1.0,1.0,0.019172204242400088,0.0,0.0,0.0,0.0,0.0,0.0,0.0,0.006216263284635043,0.0,1.0,0.10569512133079349,0.0,0.0,0.0,0.0,1.0,1.0,1.0,1.0,1.0,0.0,1.0,1.0,1.0,0.0,1.0,0.4399174852163521,0.0,1.0,1.0,1.0,1.0,0.0,1.0,0.0,1.0,1.0,1.0,1.0,0.0,0.0,0.0,0.0,0.12104764566712455,0.0,1.0,0.0,1.0,0.0,0.0,0.0,1.0,1.0,0.0,1.0,1.0,1.0,0.0,1.0,1.0,1.0,0.0,1.0,0.0,0.0,0.0,0.0,0.9255437734216131,0.21077279074015431,1.0,0.0,0.0,0.8313960067150327,1.0,0.0,1.0,1.0,0.0,1.0,0.0,0.0,1.0,1.0,1.0,0.0,0.0,1.0,1.0
106,additive/lengthscale,aligned10,6,4.200199338840312,4.169507403559103,4.297016324932382,4.174450739172769,0.6665774253197956,-4.225307146953792,35.47060422413051,184.20766869792715,1,1,ok,,1.0490842978015091,0.998891224078672,1.0,39.86181376808047,0,62.75,1.0490842978015091,39.86181376808047,nan,nan,1.0202872539316896,145.81626136944996,2.946349022968383,1.5721540985283,0,1.0,1.0,0.06592640746880421,1.0,0.0,0.0,1.0,1.0,0.0,0.0,1.0,0.0,0.0,1.0,0.0,1.0,0.0,0.0,0.0,1.0,1.0,1.0,0.0,0.0,0.0,0.0,1.0,1.0,1.0,0.0,1.0,1.0,0.0,1.0,0.0,1.0,0.0,1.0,1.0,0.0,1.0,1.0,1.0,0.0,0.0,1.0,0.0,0.0,0.0,1.0,1.0,0.0,0.0,0.0,0.0,0.0,1.0,1.0,0.0,1.0,0.0,0.0,0.0,1.0,1.0,0.0,0.0,1.0,1.0,0.36593676459089,1.0,0.0,1.0,0.0,0.0,0.0,0.0,0.0,0.0,0.8396291771536436,0.2060452841770714,1.0,0.0,1.0,0.0,1.0,0.0,1.0,0.0,0.0,1.0,1.0,0.0,1.0,1.0,1.0,0.0,0.0,1.0,0.0
107,additive/lengthscale,aligned10,6,4.240530330828564,4.152558859137532,4.297016324932382,4.174450739172769,0.6665774253197956,-4.611305268459229,40.45639718417078,178.94247008184902,1,1,excluded,r_hat_max 1.170 > 1.1; n_eff_min 10.7 < 16.0,1.1699932712210428,1.0039174811156386,0.9038461538461539,10.658510644025268,0,63.0,1.1699932712210428,10.658510644025268,nan,nan,1.0290806033525066,114.75907742229855,2.9580672502195227,1.5694344172068102,0,1.0,1.0,0.0979005622832451,1.0,0.0,1.0,0.0,1.0,0.0,1.0,1.0,0.0,0.0,1.0,0.0,1.0,0.17510779564131418,0.0,1.0,1.0,0.0,1.0,0.0,0.0,0.0,0.0,1.0,1.0,1.0,0.0,1.0,1.0,0.0,1.0,0.26936785717652023,1.0,1.0,1.0,1.0,0.0,1.0,1.0,1.0,0.0,0.0,1.0,0.0,0.0,0.0,1.0,0.0,0.0,0.0,0.0,0.0,0.0,1.0,1.0,0.0,1.0,0.0,0.0,0.0,1.0,1.0,0.0,0.0,1.0,0.0,0.0,1.0,0.0,1.0,0.0,0.0,0.0,0.0,0.0,0.0,0.830198562768127,0.2105133221749266,1.0,0.0,0.44117490327008274,1.0,1.0,0.0,1.0,1.0,0.0,1.0,1.0,0.0,1.0,1.0,1.0,0.0,0.0,0.0,0.0
108,additive/lengthscale,aligned10,6,3.6858444180829433,3.7520712251311794,4.297016324932382,4.174450739172769,0.6665774253197956,-4.720329767092918,35.71455693198368,191.8467275169678,1,1,excluded,r_hat_max 1.356 > 1.1; n_eff_min 6.1 < 16.0,1.3564612626870851,1.0191511310364734,0.7307692307692307,6.103229390456343,0,63.0,1.3564612626870851,6.103229390456343,nan,nan,1.0345855185358896,26.105965248102994,2.96994190837331,1.5669733519655287,0,1.0,1.0,0.060021428086366305,1.0,0.0,0.0,0.0,1.0,0.0,1.0,1.0,0.0,0.0,0.0,0.0,0.0,0.0,0.0,0.0,1.0,1.0,1.0,1.0,0.0,0.0,0.0,1.0,1.0,1.0,0.0,1.0,1.0,0.0,1.0,0.0,1.0,0.0,1.0,1.0,0.0,1.0,0.0,1.0,0.0,0.0,0.021105644752567904,0.0,0.0,0.0,1.0,1.0,0.0,0.0,0.0,0.0,0.21303492626302237,1.0,1.0,0.0,1.0,0.0,0.0,0.0,1.0,1.0,1.0,0.0,1.0,1.0,0.0,0.0,0.0,1.0,0.0,0.0,0.0,1.0,0.0,0.0,0.5235732256851047,0.22307306022934356,1.0,0.0,1.0,0.0,1.0,0.0,1.0,1.0,0.0,1.0,1.0,0.0,1.0,1.0,1.0,0.0,0.0,1.0,0.0
109,additive/lengthscale,aligned10,6,3.9944309594257983,4.165248343308371,4.297016324932382,4.174450739172769,0.6665774253197956,-5.101049990631498,41.073623060947284,158.76036774995737,1,1,excluded,r_hat_max 1.371 > 1.1; n_eff_min 5.0 < 16.0,1.3708484383384354,1.0002060052672068,0.9423076923076923,4.997594253939066,0,62.875,1.3708484383384354,4.997594253939066,nan,nan,1.1555226068795268,8.592421160848343,2.9765098213064256,1.5612615661090894,0,1.0,1.0,0.07570101074276601,1.0,0.0,1.0,1.0,1.0,0.0,0.0,1.0,0.0,0.0,1.0,0.0,1.0,0.0,0.0,0.0,1.0,0.0,1.0,1.0,0.0,1.0,0.0,1.0,1.0,1.0,0.0,1.0,1.0,0.0,1.0,0.0,1.0,1.0,1.0,1.0,0.0,1.0,1.0,1.0,0.0,0.0,1.0,0.0,0.0,0.0,1.0,1.0,0.0,0.0,0.0,0.0,0.0,1.0,1.0,1.0,1.0,0.0,0.0,0.0,1.0,1.0,0.0,0.0,1.0,1.0,0.0,1.0,0.0,1.0,0.0,0.0,0.0,1.0,0.0,0.0,0.8718206133144087,0.2021838566956918,1.0,0.0,1.0,0.0,1.0,0.0,1.0,1.0,0.0,1.0,1.0,1.0,1.0,1.0,1.0,0.0,0.0,1.0,0.0
110,additive/lengthscale,aligned10,6,3.9933809465169223,4.013827822089273,4.297016324932382,4.174450739172769,0.6665774253197956,-3.7631730468779656,36.72692282986827,210.31193922599778,1,1,excluded,r_hat_max 2.854 > 1.1; n_eff_min 3.0 < 16.0,2.8544804136721296,1.0049413441445614,0.9038461538461539,2.9825751354358268,0,63.0,2.8544804136721296,2.9825751354358268,nan,nan,1.032801084200008,36.55446445932012,2.9857636498347837,1.557148765757431,0,1.0,1.0,0.11480233456966875,1.0,0.0,1.0,0.0,1.0,1.0,1.0,1.0,0.0,0.0,1.0,1.0,1.0,0.0,0.0,1.0,1.0,1.0,1.0,1.0,0.0,0.0,1.0,1.0,1.0,1.0,0.0,0.7569601309815266,1.0,0.0,1.0,0.07284405730062023,1.0,0.0,1.0,1.0,1.0,1.0,1.0,1.0,1.0,0.0,1.0,0.0,0.0,0.0,1.0,0.0,0.0,0.0,0.0,0.0,0.19078864606983056,1.0,1.0,0.0,1.0,0.0,0.0,0.0,1.0,1.0,0.0,1.0,1.0,0.0,0.42345378165129344,1.0,0.0,1.0,0.0,0.0,0.0,0.0,0.0,0.0,1.0,0.20647604740685968,1.0,0.0,1.0,1.0,1.0,0.0,1.0,1.0,0.0,1.0,1.0,0.0,1.0,1.0,1.0,0.0,0.0,0.0,1.0
111,additive/lengthscale,aligned10,6,4.124368363829392,4.100265263381519,4.297016324932382,4.174450739172769,0.6665774253197956,-5.118251416898028,41.01851106900722,167.5085452508647,1,1,excluded,r_hat_max 1.357 > 1.1; n_eff_min 8.9 < 16.0,1.3573425788383506,1.0091323133040686,0.7788461538461539,8.861933714390684,0,63.0,1.3573425788383506,8.861933714390684,nan,nan,0.9969935810619711,137.29800819110923,2.9948412831382267,1.5530397293179345,0,1.0,1.0,0.0,1.0,1.0,0.0,0.0,1.0,0.0,1.0,1.0,0.0,0.0,1.0,0.0,1.0,0.0,0.0,0.0,1.0,1.0,1.0,0.0,0.0,0.0,0.0,1.0,1.0,1.0,0.0,1.0,1.0,0.0,1.0,0.0,1.0,0.0,1.0,1.0,0.0,1.0,1.0,1.0,0.0,0.0,1.0,0.0,0.0,0.0,1.0,0.0,0.0,0.0,0.0,0.0,0.0,1.0,1.0,0.0,1.0,0.0,0.0,0.0,1.0,1.0,0.0,1.0,1.0,1.0,0.0,1.0,0.0,1.0,0.0,0.0,0.0,1.0,0.0,0.0,0.8229195362694997,0.22713037365843755,1.0,0.0,0.0,0.0,1.0,0.0,1.0,0.0,0.0,1.0,1.0,0.0,1.0,1.0,1.0,0.0,0.0,1.0,1.0
112,additive/lengthscale,aligned10,6,4.135158673731439,4.146090985552431,4.297016324932382,4.174450739172769,0.6665774253197956,-1.9594812893350573,33.650020747911185,176.94129162398167,1,1,ok,,1.0468395698573307,0.9997587426115608,1.0,28.889146549358497,0,62.0625,1.0468395698573307,28.889146549358497,nan,nan,1.0124920790216503,83.85808008238617,3.0049263463586837,1.5497376983334845,0,1.0,1.0,0.047769664587020005,1.0,0.0,0.0,0.0,1.0,0.0,1.0,1.0,0.0,0.0,1.0,0.0,1.0,0.18602851236701434,0.0,1.0,1.0,1.0,1.0,0.0,0.0,0.0,0.0,1.0,1.0,1.0,0.0,1.0,1.0,0.0,1.0,0.0,1.0,0.0,1.0,1.0,0.0,1.0,1.0,1.0,1.0,0.0,1.0,0.0,0.0,0.0,1.0,1.0,0.0,0.0,0.0,0.0,0.0,1.0,1.0,0.0,1.0,0.0,0.0,0.0,1.0,1.0,0.0,1.0,1.0,1.0,0.0,1.0,1.0,1.0,0.0,0.0,0.0,0.0,0.0,0.0,0.905376459517365,0.1980323318319083,1.0,0.0,0.46048966743609654,1.0,1.0,0.0,1.0,0.0,0.0,1.0,0.0,0.0,1.0,1.0,1.0,0.9835998891319886,0.0,0.0,1.0
113,additive/lengthscale,aligned10,6,4.046439932104303,4.117100563129777,4.297016324932382,4.174450739172769,0.6665774253197956,-5.776209449274798,41.464955111034214,156.1415098370053,1,1,excluded,r_hat_max 1.115 > 1.1,1.1148360341177261,0.9987793874557219,0.9807692307692307,23.184410689498556,0,62.5,1.1148360341177261,23.184410689498556,nan,nan,1.0121088562004115,234.2350723520002,3.014928402353133,1.546492053929675,0,1.0,1.0,0.0,1.0,0.0,0.0,0.0,1.0,0.0,1.0,0.0,0.0,0.0,0.0,1.0,1.0,0.0,0.0,0.0,0.0,1.0,1.0,0.0,0.0,0.0,0.0,1.0,1.0,1.0,0.0,1.0,1.0,0.0,1.0,0.0,1.0,0.0,1.0,1.0,0.0,1.0,1.0,1.0,0.0,0.0,1.0,0.0,0.0,0.0,1.0,1.0,0.0,0.0,0.0,0.0,0.04262057774282495,0.6033641235731182,1.0,0.0,1.0,0.0,0.0,0.0,1.0,1.0,0.0,0.0,1.0,1.0,0.0,1.0,0.0,1.0,0.0,0.0,0.0,0.0,0.0,0.0,0.8362756421806724,0.22046566800268325,1.0,0.0,1.0,0.0,1.0,0.0,1.0,1.0,0.0,1.0,0.0,0.0,1.0,1.0,1.0,0.0,0.0,1.0,1.0
114,additive/lengthscale,aligned10,6,3.9900750920187,4.0792537051655255,4.297016324932382,4.174450739172769,0.6665774253197956,-4.908404117656647,39.71742885699496,212.83208144595847,1,1,excluded,r_hat_max 1.120 > 1.1; n_eff_min 14.9 < 16.0,1.1195879922720362,1.003569241926161,0.8653846153846154,14.94910967918338,0,63.0,1.1195879922720362,14.94910967918338,nan,nan,1.0050647515989577,198.68458413961775,3.023976749105336,1.542695691462379,0,1.0,1.0,0.03242045263177983,1.0,0.0,0.0,0.0,1.0,0.0,1.0,1.0,0.0,0.0,1.0,0.0,0.0,0.0,0.10063834708205169,1.0,1.0,0.0,1.0,0.0,0.0,0.0,0.0,1.0,1.0,1.0,1.0,1.0,1.0,0.0,1.0,0.0,1.0,0.0,1.0,0.6047476243880001,0.0,0.0,1.0,1.0,0.0,0.0,1.0,0.0,0.0,0.0,1.0,0.0,0.0,0.0,0.0,0.0,0.0,1.0,1.0,0.0,1.0,0.0,0.0,0.0,1.0,1.0,1.0,0.0,1.0,1.0,0.0,0.0,0.0,1.0,0.0,0.0,0.0,0.0,0.0,0.0,0.9281670301563089,0.1613902002960252,1.0,0.0,1.0,1.0,1.0,0.0,1.0,0.0,0.0,1.0,1.0,0.0,1.0,1.0,1.0,0.0,0.0,0.0,0.0
115,additive/lengthscale,aligned10,6,3.9022071831433687,3.8787160375001513,4.297016324932382,4.174450739172769,0.6665774253197956,-3.214957658352208,38.484179138205945,199.3268234410789,1,1,excluded,r_hat_max 1.378 > 1.1; n_eff_min 7.5 < 16.0,1.3779568785413498,1.008430655684967,0.8942307692307693,7.501672132799496,0,63.0,1.3779568785413498,7.501672132799496,nan,nan,1.0329808718620523,89.06367164598598,3.0323776042611046,1.5385904603889489,0,1.0,1.0,0.07387253225319416,1.0,0.0,1.0,0.0,1.0,1.0,1.0,1.0,0.2469337276788732,0.0,1.0,0.0,1.0,0.0,0.0,0.0,0.0,0.0,1.0,1.0,0.0,0.0,0.22468341212714882,1.0,1.0,1.0,0.0,1.0,1.0,0.0,1.0,0.0,1.0,0.0,1.0,0.0,0.0,1.0,1.0,0.0,1.0,0.0,1.0,0.0,0.0,0.0,1.0,0.0,0.0,0.0,0.0,0.0,0.0,1.0,1.0,0.0,0.0,0.0,0.0,0.0,1.0,1.0,0.0,0.0,1.0,1.0,0.0,1.0,1.0,1.0,0.0,0.0,0.0,0.0,0.0,0.0,0.9023476911312117,0.22168803470984288,1.0,0.0,0.0,0.0,1.0,0.0,1.0,0.0,0.0,1.0,1.0,0.0,1.0,1.0,1.0,0.0,0.0,1.0,1.0
116,additive/lengthscale,aligned10,6,4.119673399130567,4.165500056524181,4.297016324932382,4.174450739172769,0.6665774253197956,-6.37661959867823,39.62573552504182,147.31490441900678,1,1,excluded,r_hat_max 1.271 > 1.1; n_eff_min 9.5 < 16.0,1.271138303886105,1.0208022689346798,0.7211538461538461,9.47990030466177,0,63.0,1.271138303886105,9.47990030466177,nan,nan,1.059794965366186,51.77569784003112,3.039876135113538,1.5340532591020577,0,1.0,1.0,0.0907291558320742,1.0,0.0,1.0,0.0,1.0,0.0,1.0,1.0,0.0,0.0,1.0,0.0,1.0,0.0,0.0,1.0,1.0,0.0,1.0,0.0,0.0,0.0,0.0,1.0,1.0,1.0,0.0,1.0,1.0,0.0,1.0,1.0,1.0,0.0,1.0,1.0,0.0,1.0,1.0,1.0,0.0,0.2589133820256055,1.0,0.0,0.0,0.0,1.0,1.0,0.0,0.0,0.0,0.0,0.09130063342878915,1.0,1.0,0.0,1.0,0.0,0.0,0.0,1.0,1.0,0.0,1.0,1.0,0.0,0.0,1.0,1.0,1.0,0.0,0.0,0.0,0.0,0.0,0.0,0.8120854391128948,0.1914372886076216,1.0,0.0,0.0,1.0,1.0,0.0,1.0,1.0,0.0,1.0,1.0,0.0,1.0,1.0,1.0,0.0,0.0,0.0,0.0
117,additive/lengthscale,aligned10,6,3.9637713138584587,4.1174951727263105,4.297016324932382,4.174450739172769,0.6665774253197956,-1.2560573283142986,41.54493339010514,191.2152046400588,1,1,excluded,r_hat_max 1.158 > 1.1,1.157867864054189,1.0059227803085018,0.8653846153846154,18.786928451517227,0,63.0,1.157867864054189,18.786928451517227,nan,nan,1.0102706596219715,71.08812636503892,3.049105171558128,1.5307141711990626,0,1.0,1.0,0.033663380496704844,1.0,1.0,1.0,0.0,1.0,0.7813896748130563,1.0,1.0,0.0,0.0,0.0,0.0,1.0,0.12156239504272102,0.0,0.0,1.0,0.0,1.0,0.0,0.0,0.0,0.0,1.0,1.0,1.0,0.0,1.0,1.0,0.0,1.0,1.0,1.0,0.0,1.0,1.0,0.0,1.0,1.0,1.0,1.0,0.0,1.0,0.0,0.0,0.0,1.0,0.0,0.0,0.0,0.0,1.0,0.0,1.0,1.0,0.0,1.0,0.0,0.0,0.0,1.0,1.0,0.0,1.0,1.0,1.0,0.0,1.0,1.0,1.0,0.0,0.2188739529226525,0.0,0.0,0.0,0.0,0.9231840686813622,0.20788141868480395,1.0,0.0,1.0,1.0,1.0,0.0,1.0,1.0,0.0,1.0,0.0,0.0,1.0,1.0,1.0,0.0,0.0,1.0,0.0
118,additive/lengthscale,aligned10,6,3.9827282728041844,4.099466355095039,4.297016324932382,4.174450739172769,0.6665774253197956,-1.845045515122579,39.53609628393315,202.70371164684184,1,1,excluded,r_hat_max 1.203 > 1.1; n_eff_min 10.0 < 16.0,1.2028000627140993,1.0082080621438902,0.8269230769230769,9.958379609150452,0,63.0,1.2028000627140993,9.958379609150452,nan,nan,1.0132058644623545,100.55819749119142,3.056856579543724,1.5265186143886582,0,1.0,1.0,0.052035511518724986,1.0,0.0,1.0,0.0,1.0,1.0,1.0,1.0,0.0,0.0,1.0,0.0,1.0,0.0,0.0,1.0,0.0,0.0,1.0,1.0,0.0,0.0,0.0,0.3231643499739354,1.0,1.0,0.0,1.0,1.0,0.0,1.0,0.0,1.0,0.0,1.0,1.0,0.0,0.41768459649128703,1.0,1.0,0.0,0.0,1.0,0.0,0.0,0.0,1.0,1.0,0.0,0.0,0.0,0.0,0.03074855551629911,1.0,1.0,0.0,1.0,0.0,0.0,0.0,1.0,1.0,0.0,1.0,1.0,0.0,0.0,1.0,1.0,1.0,0.0,1.0,0.09805519283230675,0.0,0.0,0.0,0.9629840100577941,0.19832737830267072,1.0,0.0,0.0,1.0,1.0,0.0,1.0,0.2630616637608047,0.0,1.0,0.0,1.0,1.0,1.0,1.0,0.0,0.0,1.0,1.0
119,additive/lengthscale,aligned10,6,4.159202204158922,4.042137683223457,4.297016324932382,4.174450739172769,0.6665774253197956,-5.3426458442878335,41.43853604095057,192.7712983940728,1,1,excluded,r_hat_max 1.189 > 1.1; n_eff_min 6.5 < 16.0,1.189178046155996,1.0017512224076364,0.9326923076923077,6.460775893792845,0,62.6875,1.1784387404636965,6.460775893792845,nan,nan,1.189178046155996,9.639878998415577,3.064637013940871,1.522438905115403,0,1.0,1.0,0.08741620635258639,1.0,0.0,0.0,0.0,1.0,0.0,1.0,1.0,0.0,0.0,1.0,0.0,1.0,0.0,0.0,0.0,0.0,1.0,1.0,1.0,0.0720000599331497,0.0,0.0,1.0,1.0,1.0,0.0,1.0,1.0,0.0,1.0,0.0,1.0,0.0,1.0,0.0,0.0,0.0,1.0,1.0,0.0,0.0,1.0,0.0,0.0,0.0,1.0,1.0,0.0,0.0,0.0,0.0,0.0,1.0,1.0,0.0,1.0,0.0,0.0,0.0,1.0,1.0,0.0,1.0,1.0,1.0,0.0,1.0,1.0,1.0,0.0,0.0,0.0,0.0,0.0,0.0,0.838913511977974,0.2879443574427021,1.0,0.0,0.0034987922001114375,0.0,1.0,0.0,1.0,1.0,0.0,1.0,1.0,0.0,1.0,1.0,1.0,0.0,0.0,1.0,1.0
120,additive/lengthscale,aligned10,6,4.125090786547769,4.143616757740134,4.297016324932382,4.174450739172769,0.6665774253197956,-3.927104735218723,36.635379947023466,182.36155699193478,1,1,excluded,n_eff_min 14.9 < 16.0,1.0970861812366235,1.0005729304649829,0.9711538461538461,14.908575950554576,0,63.0,1.0970861812366235,14.908575950554576,nan,nan,1.0536130832844675,93.86104307756949,3.073758390526021,1.5193438692727683,0,1.0,0.0,0.05890019704568031,1.0,0.0,0.0,1.0,1.0,0.0,0.0,1.0,0.0,0.0,1.0,0.0,1.0,0.0,0.0,0.0,1.0,0.0,1.0,0.0,0.14376949050700727,0.0,0.0,1.0,1.0,1.0,0.0,1.0,1.0,0.0,1.0,1.0,1.0,0.0,1.0,1.0,0.0,0.0,1.0,1.0,1.0,0.0,1.0,0.0,0.0,0.0,1.0,0.0,0.0,0.0,0.0,0.0,0.04304122604306629,1.0,1.0,0.0,0.0,0.0,0.0,0.0,1.0,1.0,0.0,1.0,1.0,0.0,0.0,1.0,1.0,1.0,0.0,0.0,0.0,0.0,0.0,0.0,0.8362047868250736,0.243100017569784,1.0,1.0,1.0,1.0,1.0,0.0,1.0,1.0,0.0,1.0,1.0,0.0,1.0,1.0,1.0,0.0,0.0,1.0,1.0
121,additive/lengthscale,aligned10,6,3.3774508082032098,3.2650983670529072,4.297016324932382,4.174450739172769,0.6665774253197956,-2.2790408489919383,38.72099644015543,212.85998814413324,1,1,ok,,1.0694724208237931,0.9992096202225076,0.9711538461538461,55.27757905603392,0,61.8125,1.0694724208237931,55.27757905603392,nan,nan,1.0122298478536311,221.2181606978368,3.082447088013804,1.5160432958704069,0,0.0,1.0,0.09070680561994271,1.0,0.0,0.0,1.0,1.0,0.0,1.0,0.0,0.0,0.0,1.0,0.0,1.0,1.0,0.0,1.0,0.0,1.0,1.0,0.0,0.0,0.0,0.0,1.0,0.0,1.0,0.0,1.0,1.0,0.0,1.0,0.0,1.0,0.0,0.0,0.0,0.0,1.0,1.0,1.0,0.0,0.0,1.0,0.0,0.0,0.0,1.0,0.0,0.0,0.0,1.0,0.0,0.0,1.0,0.0,0.0,0.0,0.0,0.0,0.0,1.0,1.0,0.0,1.0,1.0,0.0,0.0,1.0,1.0,1.0,0.0,0.0,0.0,1.0,0.0,0.0,0.9148612447206323,0.23313467667063645,1.0,0.0,1.0,1.0,1.0,0.0,1.0,1.0,0.3479619666680387,1.0,1.0,0.0,1.0,1.0,1.0,0.0,0.0,1.0,1.0
122,additive/lengthscale,aligned10,6,3.939690787185069,4.084885691629515,4.297016324932382,4.174450739172769,0.6665774253197956,-4.485596734343816,35.76959087699652,143.88267966196872,1,1,excluded,r_hat_max 1.145 > 1.1; n_eff_min 15.7 < 16.0,1.1447590904087432,1.0064863186553263,0.875,15.695694850952718,0,62.875,1.1447590904087432,15.695694850952718,nan,nan,1.014747616089022,92.48391360514135,3.084865151294045,1.510051497674257,0,1.0,1.0,0.004386540269748775,1.0,0.0,0.0,0.0,1.0,0.0,1.0,1.0,0.0,0.0,1.0,0.0,0.0,0.0,0.0,1.0,0.0,1.0,1.0,0.0,0.16388277386396005,0.0,0.0,1.0,1.0,1.0,0.0,1.0,1.0,0.0,1.0,1.0,1.0,1.0,1.0,0.2667806782918487,1.0,1.0,1.0,1.0,0.0,0.0,1.0,1.0,0.0,0.0,1.0,0.0,0.0,0.0,0.0,0.0,0.0,1.0,1.0,0.0,1.0,0.0,1.0,0.0,1.0,1.0,0.0,0.0,1.0,1.0,0.0,1.0,1.0,1.0,0.0,0.0,0.0,0.0,0.0,0.0,0.8608130485886226,0.2498867583210583,1.0,0.0,0.0,0.0,1.0,1.0,1.0,1.0,0.0,1.0,1.0,0.0,1.0,1.0,1.0,0.0,0.0,1.0,1.0
123,additive/lengthscale,aligned10,6,4.185112242801948,4.137435311650521,4.297016324932382,4.174450739172769,0.6665774253197956,-3.6760901685025695,41.4832050180994,221.3324784229044,1,1,excluded,r_hat_max 1.289 > 1.1; n_eff_min 11.1 < 16.0,1.2892557373141598,1.0104116454401988,0.8076923076923077,11.131157763300584,0,63.0,1.2892557373141598,11.131157763300584,nan,nan,1.1328081875732579,22.787882895764312,3.091814953211858,1.505858370470243,0,1.0,1.0,0.02259156833956026,1.0,0.0,1.0,0.0,1.0,0.0,1.0,1.0,0.0,0.0,1.0,0.0,1.0,0.0,0.0,0.0,1.0,0.0,1.0,0.0,0.08880161555456427,0.0,0.0,1.0,1.0,1.0,0.0,1.0,1.0,0.0,0.0,0.0,1.0,0.0,1.0,1.0,0.0,0.0,1.0,1.0,1.0,0.0,1.0,0.0,0.0,0.0,1.0,1.0,0.0,0.0,0.0,0.0,0.0,1.0,1.0,0.26576155690784736,1.0,0.0,0.0,0.0,1.0,1.0,0.47467631212404726,0.0,1.0,1.0,1.0,0.0,0.0,1.0,0.0,0.0,0.0,0.0,0.0,0.0,0.8826219256110017,0.20726878105664662,1.0,0.0,0.0,1.0,1.0,0.0,1.0,1.0,0.0,1.0,0.0,0.0,1.0,1.0,1.0,0.0,0.0,1.0,1.0
124,additive/lengthscale,aligned10,6,4.027603623534982,4.0688216395865116,4.297016324932382,4.174450739172769,0.6665774253197956,-3.9149389897655675,36.709452452138066,215.5769419861026,1,1,excluded,r_hat_max 1.191 > 1.1; n_eff_min 7.4 < 16.0,1.1908277212141007,1.0081682775148169,0.8653846153846154,7.383779707995422,0,62.875,1.1908277212141007,7.383779707995422,nan,nan,1.042665778882127,20.299649479631572,3.1006318668375847,1.5029584255331025,0,1.0,1.0,0.0048410797830383805,1.0,0.0,1.0,0.0,1.0,0.0,1.0,1.0,0.0,0.0,1.0,0.0,1.0,0.0,0.0,0.879102071604219,1.0,0.0,1.0,1.0,0.0,0.0,0.0,1.0,1.0,1.0,1.0,1.0,1.0,0.0,0.0,0.0,1.0,1.0,1.0,1.0,0.0,1.0,1.0,1.0,1.0,0.0,1.0,0.0,0.0,0.0,1.0,1.0,0.0,0.0,0.0,0.0,0.0,1.0,1.0,0.0,1.0,0.0,0.0,0.0,1.0,1.0,0.0,1.0,1.0,1.0,1.0,6.187160968044127e-05,1.0,1.0,0.0,0.0,0.0,0.0,0.0,0.0,0.9483569090639963,0.17246323462609972,1.0,0.0,1.0,0.0,1.0,0.0,1.0,1.0,0.0,1.0,1.0,0.0,1.0,1.0,1.0,0.0,0.0,0.0,1.0
125,additive/lengthscale,aligned10,6,4.1611646121592445,4.101422220078834,4.297016324932382,4.174450739172769,0.6665774253197956,-4.491986792348278,41.96229529497214,219.10935775213875,1,1,excluded,r_hat_max 1.542 > 1.1; n_eff_min 8.2 < 16.0,1.5416969606753546,1.0106256785601173,0.8461538461538461,8.24670144268001,0,63.0,1.5416969606753546,8.24670144268001,nan,nan,1.0846736367800973,43.180926249431536,3.1080476408911637,1.4992105175881065,1,1.0,1.0,0.08015356658961749,1.0,0.0,0.0,0.0,1.0,0.0,0.0,0.0,0.0,0.0,0.0,0.0,1.0,1.0,0.0,0.0,0.0,1.0,1.0,0.0,1.0,0.0,0.0,1.0,0.9150392038288865,1.0,0.0,1.0,1.0,0.0,0.0,0.0,1.0,0.0,0.0,1.0,0.0,1.0,1.0,1.0,1.0,0.0,1.0,0.0,0.0,0.0,1.0,1.0,0.0,0.0,0.0,0.0,0.0,1.0,1.0,0.0,1.0,0.0,0.0,0.0,1.0,1.0,0.0,1.0,1.0,1.0,0.0,0.0,1.0,1.0,0.0,1.0,0.0,0.0,0.0,0.0,0.8769862173447271,0.20031873110119935,1.0,1.0,1.0,0.0,1.0,0.0,1.0,1.0,0.0,0.8775887488692463,1.0,0.0,1.0,1.0,1.0,0.0,0.0,0.0,1.0
126,additive/lengthscale,aligned10,6,3.9704454087867,4.035571778829446,4.297016324932382,4.174450739172769,0.6665774253197956,-3.515915424303245,40.154347446979955,265.7604145258665,1,1,excluded,r_hat_max 1.161 > 1.1; n_eff_min 5.7 < 16.0,1.1614110214167872,1.0116159550881343,0.8076923076923077,5.719219315899947,0,63.0,1.1614110214167872,5.719219315899947,nan,nan,1.0197863561493,25.225554411543744,3.116405712091704,1.4961704430703793,0,1.0,0.6543383350625543,0.09623812326560466,1.0,0.0,0.0,1.0,1.0,0.0,1.0,1.0,0.0,0.0,0.0,0.0,1.0,0.0,0.0,0.0,0.0,0.0,0.9276491883578356,0.0,0.0,0.0,0.0,1.0,1.0,1.0,1.0,1.0,1.0,0.0,0.0,0.0,1.0,0.0,1.0,1.0,0.0,0.0,1.0,1.0,1.0,0.33865763880306454,1.0,0.0,0.0,0.0,1.0,0.0,0.0,0.0,0.0,0.0,0.0,1.0,1.0,0.0,1.0,0.0,0.0,0.0,1.0,1.0,0.2933098309410843,0.0,1.0,1.0,0.0,1.0,1.0,1.0,0.0,0.0,0.0,0.0,0.0,0.0,0.8884490975172902,0.1825081504470621,1.0,1.0,0.0,0.0,1.0,0.0,1.0,1.0,0.0,0.8851172470234527,1.0,0.0,1.0,1.0,1.0,0.0,0.029565290758446838,1.0,1.0
127,additive/lengthscale,aligned10,6,4.097488389393993,4.156571244968212,4.297016324932382,4.174450739172769,0.6665774253197956,-5.082486792308828,40.3439159351401,184.7694311970845,1,1,excluded,r_hat_max 1.161 > 1.1; n_eff_min 15.4 < 16.0,1.1611135881778858,1.0053869983118673,0.8461538461538461,15.417975724738982,0,63.0,1.1611135881778858,15.417975724738982,nan,nan,1.0351842066056407,99.41362867524767,3.1231304341129245,1.4921788644300424,0,1.0,1.0,0.026481530154414908,1.0,0.0,1.0,0.0,1.0,0.0,1.0,0.0,0.0,0.0,0.0,0.0,1.0,0.0,0.0,0.0,0.0,1.0,1.0,0.0,0.0,0.0,0.0,1.0,1.0,1.0,0.0,1.0,1.0,0.0,1.0,0.0,1.0,0.0,1.0,1.0,0.0,1.0,1.0,1.0,1.0,0.0,1.0,0.0,0.0,0.5479309655088809,1.0,1.0,0.0,0.0,0.0,0.0,0.0,1.0,1.0,0.0,1.0,0.0,0.0,0.0,1.0,1.0,0.0,1.0,1.0,1.0,0.0,0.0,0.0,1.0,0.0,0.0,0.0,0.0,0.0,0.0,0.8343028155310694,0.19497242832211706,1.0,0.0,0.0,1.0,1.0,0.0,1.0,1.0,0.0,1.0,0.0,0.0,1.0,1.0,1.0,0.0,0.0,1.0,0.0
128,additive/lengthscale,aligned10,6,4.218301927583643,4.164459226819873,4.297016324932382,4.174450739172769,0.6665774253197956,-4.899366088741994,38.311989712994546,183.49863781989552,1,1,excluded,r_hat_max 3.543 > 1.1; n_eff_min 3.1 < 16.0,3.5432361986280907,1.0112601440174522,0.75,3.0639901969246806,0,63.0,3.5432361986280907,3.0639901969246806,nan,nan,1.1999887341343258,16.309440812026914,3.1307426056385577,1.4888121114339423,0,1.0,1.0,0.07844296585610058,1.0,0.0,0.0,0.0,1.0,1.0,0.0,0.0,0.0,0.0,1.0,0.0,1.0,0.0,0.0,0.0,0.0,1.0,1.0,0.0,0.27882994772950376,0.0,0.0,1.0,1.0,1.0,0.0,1.0,1.0,0.0,1.0,0.0,1.0,0.0,0.0,0.0,0.0,1.0,1.0,1.0,0.0,0.0,1.0,0.0,0.0,0.0,1.0,1.0,0.0,0.0,0.0,0.0,0.0,1.0,1.0,0.0,0.0,0.0,0.0,0.0,1.0,1.0,0.0,1.0,1.0,1.0,0.0,0.24206019139389143,0.0,1.0,0.0,0.0,0.0,0.0,0.0,0.0,0.8559609164529874,0.20975382284939387,1.0,0.0,0.0,0.5327312238364341,1.0,0.0,1.0,0.0,0.0,1.0,0.6179566021898801,0.0,1.0,1.0,1.0,0.0,0.0,0.0,1.0
129,additive/lengthscale,aligned10,6,4.06100648746907,4.051963010465328,4.297016324932382,4.174450739172769,0.6665774253197956,-4.291763254790986,43.14317504293285,227.84382637497038,1,1,excluded,r_hat_max 1.124 > 1.1; n_eff_min 7.3 < 16.0,1.1241754333822438,1.0057233393922163,0.9326923076923077,7.295693648481685,0,63.0,1.1241754333822438,7.295693648481685,nan,nan,1.1234447116962007,23.502372144688394,3.139173298056737,1.4860944308476252,0,1.0,0.0,0.03912081994368307,1.0,0.0,1.0,0.0,1.0,0.0,0.0,1.0,0.0,0.0,1.0,0.0,1.0,1.0,0.0,0.0,0.0,1.0,1.0,0.0,1.0,0.0,0.6358149185829348,1.0,1.0,1.0,0.0,1.0,1.0,0.0,1.0,1.0,1.0,0.0,0.0,1.0,1.0,1.0,1.0,1.0,0.0,0.0,1.0,0.0,0.0,0.0,1.0,1.0,0.0,0.0,0.0,0.0,0.0,1.0,1.0,0.0,1.0,0.0,0.0,0.0,1.0,1.0,0.0,1.0,1.0,1.0,0.0,1.0,0.0,1.0,0.0,0.0,0.2138040725339368,0.0,0.0,0.0,1.0,0.17515776978711745,1.0,1.0,0.0,1.0,1.0,0.0,1.0,0.0,0.0,1.0,1.0,0.0,1.0,1.0,1.0,0.0,1.0,1.0,1.0
130,additive/lengthscale,aligned10,6,3.673577109809611,3.810421281468635,4.297016324932382,4.174450739172769,0.6665774253197956,-5.240565903572731,43.32528145285323,194.261394581059,1,1,excluded,r_hat_max 1.265 > 1.1; n_eff_min 13.9 < 16.0,1.2652790627979746,1.0042571184508398,0.8942307692307693,13.924776795535895,0,63.0,1.2652790627979746,13.924776795535895,nan,nan,1.0199468643660883,66.0553177971532,3.146264322590678,1.4825568571052303,0,1.0,0.0,0.07980794952670715,1.0,0.0,0.0,0.0,1.0,0.0,1.0,1.0,0.1836978220645669,0.0,1.0,0.0,1.0,0.0,0.0,0.0,0.0,0.0,1.0,1.0,1.0,0.0,0.0,1.0,1.0,1.0,0.0,1.0,1.0,0.0,1.0,0.0,1.0,0.0,1.0,1.0,0.0,1.0,1.0,1.0,0.0,0.0,1.0,0.0,0.0,0.0,1.0,1.0,0.0,0.0,0.0,0.0,0.0,1.0,1.0,0.0,1.0,0.0,0.0,0.0,1.0,1.0,0.0,1.0,1.0,1.0,0.0,0.0,0.0,1.0,0.0,0.0,0.0,0.0,0.0,0.0,0.8729841332248458,0.3100365347648281,1.0,1.0,0.43956299398768967,0.0,1.0,0.0,1.0,1.0,0.0,1.0,1.0,0.0,1.0,1.0,1.0,0.0,0.0,0.0,1.0
131,additive/lengthscale,aligned10,6,4.206719420959352,4.225438368732438,4.297016324932382,4.225438368732438,0.6155897957601271,-2.789688663383817,45.923793732887134,215.44025177811272,1,1,excluded,r_hat_max 1.293 > 1.1; n_eff_min 5.0 < 16.0,1.2928401765159065,1.0051628798737182,0.8461538461538461,4.988436900272304,0,63.0,1.2928401765159065,4.988436900272304,nan,nan,1.0077314800119692,41.05885393833054,3.150289611042731,1.4776003464482887,0,1.0,1.0,0.07425983290346692,0.4877650782112727,0.0,0.0,0.0,1.0,1.0,0.0,1.0,0.0,0.0,1.0,0.0,1.0,0.0,0.0,0.0,0.0,0.0,1.0,0.0,0.0,0.0,0.0,1.0,0.6314946832620391,1.0,0.0,1.0,1.0,0.0,1.0,1.0,1.0,0.0,1.0,0.0,0.0,1.0,1.0,1.0,1.0,0.0,1.0,0.0,0.0,0.0,1.0,1.0,0.0,0.0,0.0,0.0,0.03134597720748745,1.0,1.0,0.0,1.0,0.0,0.0,0.0,0.5953277772046527,1.0,0.0,0.0,1.0,1.0,1.0,1.0,1.0,1.0,0.0,0.0,0.0,0.0,0.0,0.0,0.8546996059401136,0.1953420676814246,1.0,0.0,0.0,1.0,1.0,0.0,1.0,0.0,0.0,0.9934398621085881,1.0,0.0,1.0,1.0,1.0,0.0,0.0,1.0,1.0
132,additive/lengthscale,aligned10,6,4.447025087395763,4.190532385581835,4.447025087395763,4.225438368732438,0.6155897957601271,-4.225403054929035,42.39881150005385,193.83902894612402,1,1,excluded,r_hat_max 1.572 > 1.1; n_eff_min 5.0 < 16.0,1.5719457052950034,1.0097826515923916,0.8653846153846154,5.00546450910834,0,63.0,1.5719457052950034,5.00546450910834,nan,nan,1.2229056001505585,12.384383267549493,3.158292867178463,1.4748401396316777,0,1.0,1.0,0.08098050986009736,1.0,0.0,0.0,0.0,1.0,0.0,1.0,0.0,0.0,0.0,1.0,0.0,1.0,0.0,0.0,0.0,0.0,0.0,1.0,0.0,0.0,0.0,0.0,1.0,0.5822940447754027,1.0,0.0,1.0,1.0,0.0,1.0,1.0,1.0,0.0,0.0,0.5596137315639051,0.0,1.0,1.0,1.0,0.0,0.0,1.0,0.0,0.0,0.0,1.0,1.0,0.0,0.0,0.0,0.0,0.0,1.0,1.0,0.0,1.0,0.0,0.0,0.0,1.0,1.0,0.0,0.0,1.0,1.0,0.0,0.0,1.0,1.0,0.0,1.0,0.0,0.0,0.0,0.0,0.9229963303532186,0.20997512408329885,1.0,0.0,0.0,1.0,1.0,0.0,1.0,1.0,0.0,1.0,1.0,0.0,1.0,1.0,1.0,0.0,0.0,0.554128121852963,1.0
133,additive/lengthscale,aligned10,6,4.153863517779858,4.225072731963976,4.447025087395763,4.225438368732438,0.6155897957601271,-3.331461685920539,46.311942488886416,188.6680623171851,1,1,excluded,r_hat_max 1.906 > 1.1; n_eff_min 5.0 < 16.0,1.9061128667795286,1.0150171813108093,0.6923076923076923,4.959702026696362,0,63.0,1.9061128667795286,4.959702026696362,nan,nan,1.0674615688243634,63.85658741755743,3.167982583119947,1.4734966775966878,0,1.0,1.0,0.08006478243021178,1.0,0.0,0.0,0.0,1.0,0.0,1.0,0.0,0.0,0.0,1.0,0.0,1.0,1.0,0.0,0.0,0.0,1.0,1.0,0.0,0.0,0.0,0.0,1.0,0.5536460941253136,1.0,1.0,1.0,1.0,0.0,1.0,1.0,1.0,0.0,0.0,0.0,0.0,1.0,1.0,1.0,0.8099646441901456,0.0,0.9466740278498021,0.0,0.0,0.0,1.0,1.0,0.0,0.0,0.0,0.0,0.0,1.0,1.0,0.0,1.0,0.0,0.0,0.0,1.0,1.0,0.0,0.0,1.0,1.0,0.0,0.0,0.0,1.0,0.0,1.0,0.0,1.0,0.0,0.0,0.8498341869106868,0.21394645299177364,1.0,1.0,0.0,1.0,1.0,0.0,0.3397785222503872,1.0,0.0,1.0,1.0,0.0,1.0,1.0,1.0,0.0,0.0,1.0,0.0
134,additive/lengthscale,aligned10,6,4.1608553796397345,4.233499168124648,4.447025087395763,4.233499168124648,0.6075289963679174,-5.777142091334396,44.07412000698969,211.3410433868412,1,1,excluded,r_hat_max 1.169 > 1.1,1.1689102173271924,1.0066852603334213,0.875,18.765689397147177,0,63.0,1.1689102173271924,18.765689397147177,nan,nan,1.0287661137140196,74.72501973885976,3.1753399035278567,1.4704383162334829,0,1.0,0.0,0.07881118141718445,1.0,0.0659970823361882,0.0,0.0,1.0,0.0,1.0,0.0,0.0,0.0,1.0,0.0,1.0,0.0,0.0,1.0,0.0,0.0,1.0,0.0,1.0,0.0,0.0,1.0,0.5883557582622371,1.0,0.0,1.0,1.0,0.0,1.0,0.0,1.0,0.0,0.0,1.0,0.0,1.0,1.0,1.0,0.0,0.0,1.0,0.0,0.0,0.0,1.0,0.0,0.0,0.0,0.0,0.0,0.0,0.5517670175891906,1.0,0.0,0.0,0.0,0.0,0.0,1.0,1.0,0.0,1.0,1.0,1.0,0.0,0.0,1.0,1.0,0.0,0.0,0.0,0.0,0.0,0.0,0.8727588555758461,0.18127838911484803,1.0,0.0,1.0,0.0,1.0,0.0,1.0,1.0,0.0,1.0,1.0,0.0,1.0,1.0,1.0,0.0,0.0,1.0,1.0
135,additive/lengthscale,aligned10,6,4.267113247045464,4.207276084303556,4.447025087395763,4.233499168124648,0.6075289963679174,-4.605898672730532,47.145719283027574,229.17735349014401,1,1,excluded,r_hat_max 2.222 > 1.1; n_eff_min 3.3 < 16.0,2.221625818829776,1.007000558487944,0.8365384615384616,3.3059007949849573,0,63.0,2.221625818829776,3.3059007949849573,nan,nan,1.2051432174936392,14.405842004850454,3.1826400181657224,1.467417361381392,0,1.0,1.0,0.05548239877125338,1.0,0.0,0.0,0.0,1.0,0.0,0.0,1.0,0.0,0.0,1.0,0.0,0.0,0.271258725499689,0.0,0.0,0.0,1.0,1.0,0.0,0.09370876766753969,0.0,0.0,1.0,0.6000697508252442,1.0,0.0,1.0,1.0,0.0,1.0,1.0,1.0,0.0,0.0,0.7227153888819517,0.0,1.0,0.0,1.0,1.0,0.0,0.9505810595794172,0.0,0.0,0.0,1.0,1.0,0.0,0.0,0.0,0.0,0.0,1.0,1.0,1.0,1.0,0.0,0.0,0.0,1.0,1.0,0.0,1.0,1.0,0.0,0.0,1.0,1.0,1.0,0.0,1.0,0.0,1.0,0.0,0.0,0.897830692719456,0.2122108877253639,1.0,0.0,1.0,1.0,1.0,0.0,0.0,1.0,0.0,1.0,1.0,0.0,1.0,1.0,1.0,0.0,0.0,0.0,1.0
136,additive/lengthscale,aligned10,6,4.250981918175067,4.227455336886586,4.447025087395763,4.233499168124648,0.6075289963679174,-6.037330431233771,41.18908430309966,183.68303900188766,1,1,excluded,r_hat_max 1.417 > 1.1; n_eff_min 5.5 < 16.0,1.4166106208359235,1.0074205229388364,0.8653846153846154,5.495214315727531,0,63.0,1.4166106208359235,5.495214315727531,nan,nan,1.0814310842287416,16.59760007860032,3.190614086025132,1.4649452552166315,0,1.0,1.0,0.03709101626143738,1.0,0.16008820958837197,0.27751878366974353,0.0,1.0,1.0,0.0,0.0,0.0,0.0,1.0,0.0,1.0,0.0,0.0,0.0,0.0,0.0,1.0,0.0,0.10990990984741061,0.0,1.0,1.0,0.5793116962010975,1.0,0.0,1.0,1.0,0.0,1.0,0.0,1.0,0.0,0.0,0.0,0.0,1.0,1.0,1.0,0.0,0.11839051256732083,1.0,0.0,0.0,0.0,1.0,1.0,0.0,0.0,0.0,0.0,0.0,1.0,1.0,0.0,0.0,0.0,0.0,0.0,1.0,1.0,0.0,1.0,1.0,1.0,0.0,0.0,0.0,1.0,0.0,1.0,0.0,0.0,0.0,0.0,0.8567422745282118,0.20344714600090216,1.0,0.0,0.0,1.0,1.0,0.0,1.0,0.0,0.0,1.0,1.0,0.0,1.0,1.0,1.0,0.0,0.0,0.0,1.0
137,additive/lengthscale,aligned10,6,4.032701445013549,4.071151866008091,4.447025087395763,4.233499168124648,0.6075289963679174,-6.399562020268702,46.89438885287382,176.85048729088157,1,1,excluded,r_hat_max 1.542 > 1.1; n_eff_min 4.5 < 16.0,1.5421500973352906,1.0053138459855862,0.8653846153846154,4.502830751337045,0,63.0,1.5421500973352906,4.502830751337045,nan,nan,1.0927635222549998,34.30171054554109,3.198353997208708,1.4623772229777645,0,1.0,1.0,0.05920836615135936,1.0,0.0,0.0,0.0,1.0,1.0,0.0,0.0,0.0,0.0,1.0,0.0,1.0,0.0,0.0,0.0,0.0,1.0,1.0,0.0,0.0,0.0,0.0,1.0,0.6333733982996732,1.0,0.0,1.0,1.0,0.0,1.0,1.0,1.0,0.0,0.0,0.0,0.0,1.0,1.0,1.0,1.0,0.0,1.0,0.3278451052705238,0.0,0.0,1.0,1.0,0.0,0.0,0.0,0.0,0.0,1.0,1.0,0.0,1.0,0.0,0.0,0.0,1.0,1.0,0.0,0.0,1.0,0.0,1.0,1.0,1.0,0.0,0.0,1.0,0.0,0.0,0.0,0.0,1.0,0.23947908691566142,1.0,0.0,0.0,0.5007219809646907,1.0,0.0,1.0,1.0,0.0,0.8997841646384894,1.0,0.0,1.0,1.0,1.0,0.0,0.0,0.0,1.0
138,additive/lengthscale,aligned10,6,4.37029758197714,4.198916895306172,4.447025087395763,4.233499168124648,0.6075289963679174,-6.002556767527777,43.91782751795836,180.29724229616113,1,1,excluded,r_hat_max 1.205 > 1.1; n_eff_min 9.9 < 16.0,1.205056330852266,1.0085162647766739,0.8653846153846154,9.90312336310869,0,62.875,1.205056330852266,9.90312336310869,nan,nan,1.0336488365998449,74.10346208317125,3.2043999932072937,1.4587865954707195,0,0.0,1.0,0.07248578795964454,1.0,0.0,0.0,0.0,1.0,0.0,1.0,1.0,0.0,0.0,1.0,0.0,0.0,1.0,0.0,0.0,0.0,0.0,1.0,0.0,0.14527833097175868,0.0,0.0,1.0,0.5885022587144454,1.0,0.0,1.0,1.0,0.0,0.0,1.0,1.0,0.0,0.0,1.0,1.0,1.0,1.0,1.0,1.0,0.0,1.0,0.0,0.0,0.0,1.0,1.0,0.0,0.0,1.0,0.0,0.0,1.0,1.0,0.0,1.0,0.4184445673696388,0.0,0.0,1.0,1.0,0.0,1.0,1.0,0.0,0.0,0.0,1.0,1.0,0.0,1.0,0.0,0.0,0.0,0.0,0.9058690460292359,0.21893586767059647,1.0,0.0,1.0,1.0,1.0,0.0,1.0,0.0,0.0,1.0,1.0,0.0,1.0,1.0,1.0,0.0,0.0,1.0,1.0
139,additive/lengthscale,aligned10,6,4.087735868360385,4.228706341262181,4.447025087395763,4.233499168124648,0.6075289963679174,-6.44335728408014,47.383188103092834,171.2377025729511,1,1,excluded,r_hat_max 1.199 > 1.1,1.1991350674903998,1.0025655786150556,0.8942307692307693,19.209611531245738,0,63.0,1.1991350674903998,19.209611531245738,nan,nan,1.0143934929248577,159.639978639928,3.2127877456444867,1.4568656303549274,0,0.0,1.0,0.05551493718254952,1.0,0.0,0.0,0.0,1.0,0.0,1.0,1.0,0.0,0.0,1.0,0.0,1.0,1.0,0.0,0.0,0.0,0.0,1.0,0.0,0.0,0.0,0.0,1.0,0.5766190159129647,1.0,0.0,1.0,1.0,0.0,0.0,1.0,1.0,0.0,0.0,0.0,0.0,1.0,1.0,1.0,0.0,0.0,1.0,0.0,0.0,0.0,1.0,1.0,0.0,0.0,0.0,0.0,0.0,1.0,1.0,1.0,1.0,1.0,0.0,0.0,1.0,1.0,0.0,0.0,1.0,1.0,0.0,0.0,1.0,1.0,0.0,1.0,0.0,0.0,0.0,0.0,0.8664554135376372,0.210681845004655,1.0,0.0,0.0,1.0,0.9922989305917501,0.0,1.0,0.0,0.0,1.0,1.0,0.0,1.0,1.0,1.0,0.0,0.0,1.0,1.0
140,additive/lengthscale,aligned10,6,4.297730308498207,4.173663693193388,4.447025087395763,4.233499168124648,0.6075289963679174,-6.404614694962604,43.38037056103349,171.88756899302825,1,1,excluded,r_hat_max 1.471 > 1.1; n_eff_min 4.2 < 16.0,1.4705147668915282,1.0014451361748908,0.875,4.244719221522104,0,62.875,1.4705147668915282,4.244719221522104,nan,nan,1.1579395279519116,12.60693341806699,3.2190373750924572,1.45352196341533,0,1.0,1.0,0.1013666908754642,1.0,0.0,0.0,0.0,1.0,0.0,1.0,1.0,0.0,1.0,0.0,0.0,1.0,1.0,0.0,1.0,0.0,0.0,1.0,0.0,0.15351952864960744,0.0,0.0,1.0,0.6590543339582642,1.0,0.0,1.0,1.0,0.0,1.0,1.0,1.0,1.0,0.0,1.0,0.0,0.0,1.0,1.0,1.0,0.0,1.0,0.0,0.0,0.0,1.0,0.0,0.0,0.0,0.0,0.0,0.16240047082650796,1.0,1.0,1.0,1.0,1.0,0.0,0.0,1.0,1.0,0.0,0.0,1.0,1.0,0.0,0.0,1.0,1.0,0.0,1.0,0.0,0.0,0.0,0.0,0.8228633964136638,0.20655016008549354,1.0,0.0,1.0,1.0,1.0,0.0,1.0,0.0,0.0,1.0,0.0,1.0,1.0,1.0,1.0,1.0,0.0,1.0,1.0
141,additive/lengthscale,aligned10,6,4.329558379635671,4.167356680446737,4.447025087395763,4.233499168124648,0.6075289963679174,-6.815334125990287,47.1845886670053,170.34362882492132,1,1,excluded,r_hat_max 1.858 > 1.1; n_eff_min 4.3 < 16.0,1.8576778744726976,1.0014931467374852,0.9038461538461539,4.292072006430641,0,63.0,1.8576778744726976,4.292072006430641,nan,nan,1.105582464967694,46.37244405843756,3.226687679584697,1.4511843533230795,0,1.0,1.0,0.10777055555677426,1.0,0.0,0.0,0.0,1.0,0.0,0.0,0.0,0.0,1.0,1.0,0.0,0.0,0.33286479518292195,0.0,0.0,0.0,0.0,1.0,0.0,0.0,0.0,1.0,1.0,0.6676154357730357,1.0,0.0,1.0,1.0,0.0,1.0,1.0,1.0,0.0,0.0,1.0,0.0,1.0,1.0,0.0,1.0,0.0,1.0,0.0,0.0,0.0,1.0,1.0,0.0,0.0,1.0,0.0,0.18088982923115313,1.0,1.0,1.0,1.0,0.0,0.0,0.0,1.0,0.0,0.0,1.0,1.0,1.0,0.0,0.0,1.0,1.0,0.0,1.0,0.0,1.0,0.0,0.0,0.8590160494056405,0.191777219697157,1.0,0.0,1.0,1.0,0.0,0.0,1.0,0.0,0.0,1.0,1.0,0.0,1.0,1.0,1.0,0.0,0.0,1.0,1.0
142,additive/lengthscale,aligned10,6,4.048816663015702,4.132242996185365,4.447025087395763,4.233499168124648,0.6075289963679174,-5.363160467764837,44.36861703405157,195.88652287214063,1,1,excluded,r_hat_max 1.342 > 1.1; n_eff_min 5.6 < 16.0,1.342390987119009,1.0070659197241874,0.7980769230769231,5.622832171019804,0,63.0,1.342390987119009,5.622832171019804,nan,nan,1.0642367632622332,15.602359804244207,3.2344543746554786,1.4490033922677568,0,1.0,1.0,0.11325264214370105,1.0,0.0,0.0,0.0,1.0,0.0,1.0,0.0,0.0,1.0,1.0,0.0,0.0,0.0,0.0,0.0,0.0,0.0,1.0,0.0,0.0,0.0,1.0,1.0,0.6980370580894076,1.0,0.0,1.0,1.0,0.0,1.0,1.0,1.0,1.0,0.0,1.0,0.0,0.0,1.0,1.0,1.0,0.0,1.0,0.0900052998285078,0.0,0.0,1.0,0.0,0.0,1.0,0.0,0.0,0.0,1.0,1.0,1.0,1.0,0.4399186417558077,0.0,0.0,1.0,1.0,0.0,1.0,1.0,1.0,0.0,0.0,1.0,1.0,0.3277454247791869,1.0,0.0,1.0,0.0,0.0,0.8718013986216079,0.21593512208775126,1.0,0.0,1.0,1.0,1.0,0.0,1.0,0.0,0.0,1.0,1.0,0.0,1.0,1.0,1.0,1.0,0.0,1.0,1.0
143,additive/lengthscale,aligned10,6,4.145713207613098,4.206745059712009,4.447025087395763,4.233499168124648,0.6075289963679174,-5.876160145493147,43.82671773806214,165.89496766682714,1,1,excluded,r_hat_max 1.118 > 1.1,1.1183118942268508,1.0024399073258812,0.9230769230769231,35.19066567287086,0,62.875,1.1183118942268508,35.19066567287086,nan,nan,1.002651368150934,119.8369743849353,3.240149215832823,1.4455218677896435,0,1.0,1.0,0.08335617071545431,1.0,0.0,1.0,0.0,1.0,0.0,0.0,0.0,0.0,0.0,1.0,0.0,1.0,0.0,0.0,0.0,0.0,0.0,1.0,0.0,0.1781409918867315,0.0,0.0,1.0,0.6055464193111113,1.0,0.0,1.0,1.0,0.0,1.0,1.0,1.0,1.0,0.0,0.0,0.0,1.0,1.0,1.0,1.0,0.0,1.0,0.0,0.0,0.0,1.0,1.0,0.0,0.0,0.0,0.0,0.20702201839412773,1.0,1.0,0.0,0.0,0.0,0.0,0.0,1.0,0.0,0.0,1.0,1.0,1.0,0.0,0.0,0.0,1.0,0.0,1.0,0.0,0.0,0.0,0.0,0.8703974162783743,0.2008314484039022,1.0,1.0,1.0,1.0,1.0,0.0,1.0,0.0,1.0,1.0,1.0,0.0,1.0,1.0,1.0,0.0,0.0,1.0,1.0
144,additive/lengthscale,aligned10,6,4.250244928109061,4.2413030970010706,4.447025087395763,4.2413030970010706,0.5997250674914945,-5.948603518186546,42.013207596959546,167.93490970809944,1,1,excluded,r_hat_max 1.116 > 1.1; n_eff_min 8.4 < 16.0,1.1157015564841537,1.0027650957792034,0.9326923076923077,8.416904747598727,0,62.875,1.1157015564841537,8.416904747598727,nan,nan,1.0445921252919663,89.02728117885802,3.2464378546646304,1.4424555587830374,0,1.0,1.0,0.08222479364172773,1.0,0.0,0.0,0.0,1.0,0.0,1.0,0.0,0.0,1.0,1.0,0.0,1.0,0.2644771359684233,0.0,0.0,0.0,0.0,1.0,0.0,0.3329994355687606,0.0,0.0,1.0,0.587216870692518,1.0,0.0,1.0,1.0,0.0,1.0,1.0,1.0,0.0,0.0,1.0,1.0,1.0,1.0,1.0,0.0,0.0,1.0,0.0,0.0,0.0,1.0,1.0,0.0,0.0,0.0,0.0,0.11568894981519644,1.0,1.0,0.0,0.0,0.0,0.0,0.0,1.0,0.0,0.0,1.0,1.0,1.0,0.0,0.0,1.0,1.0,0.0,1.0,0.0,1.0,0.0,0.0,0.8635437504135247,0.19096388216956586,1.0,0.0,1.0,1.0,1.0,0.0,1.0,0.0,0.0,1.0,1.0,0.0,1.0,1.0,1.0,0.0849669807850047,0.0,1.0,1.0
145,additive/lengthscale,aligned10,6,3.9476107490381462,4.117019507544579,4.447025087395763,4.2413030970010706,0.5997250674914945,-6.915608826470384,47.74198432615958,159.27671038499102,1,1,excluded,n_eff_min 11.0 < 16.0,1.052104715275805,0.9988450227937615,0.9903846153846154,11.009333418764292,0,63.0,1.052104715275805,11.009333418764292,nan,nan,0.9989065128296236,63.6027567426033,3.2533606620676956,1.4398714432626794,0,1.0,1.0,0.07204296086178365,1.0,0.0,0.0,0.0,1.0,0.0,1.0,1.0,0.0,1.0,1.0,0.0,1.0,1.0,0.0,1.0,0.0,0.0,1.0,0.0,0.0,0.0,1.0,1.0,0.6268538413332783,1.0,0.0,1.0,1.0,0.0,1.0,0.0,1.0,0.0,0.0,1.0,1.0,1.0,1.0,1.0,1.0,0.0,1.0,0.0,0.0,0.0,1.0,1.0,0.0,0.0,1.0,0.0,0.0,1.0,1.0,0.0,1.0,0.0,0.0,0.0,1.0,1.0,0.0,1.0,1.0,0.0,0.0,0.0,1.0,1.0,0.0,1.0,0.0,1.0,0.0,0.0,0.8630743934916824,0.27927947921255103,1.0,0.0,1.0,1.0,1.0,0.0,0.0,0.9999987956208407,0.0,1.0,1.0,0.0,1.0,1.0,1.0,0.0,0.0,0.0,1.0
146,additive/lengthscale,aligned10,6,4.207288501008823,4.189278956612011,4.447025087395763,4.2413030970010706,0.5997250674914945,-6.288169463619969,44.634022772079334,169.47237725183368,1,1,excluded,r_hat_max 1.374 > 1.1; n_eff_min 5.2 < 16.0,1.3735456928716474,1.00168203231375,0.9326923076923077,5.181252626312417,0,63.0,1.3735456928716474,5.181252626312417,nan,nan,1.049110857310091,24.582767697639518,3.258115799649685,1.4360738882607254,0,1.0,1.0,0.0,1.0,0.0,0.0,0.0,1.0,0.0,0.0,0.0,0.0,1.0,1.0,0.0,1.0,0.0,0.0,0.0,0.0,0.0,1.0,1.0,0.14348706693642732,0.0,0.0,1.0,0.6001534700973483,1.0,0.0,1.0,1.0,0.0,1.0,1.0,1.0,0.0,0.0,1.0,1.0,1.0,1.0,1.0,0.0,0.0,1.0,0.0,0.0,0.0,1.0,1.0,0.0,0.0,0.0,0.0,0.06543763599294236,1.0,1.0,0.0,0.0,0.0,0.0,0.0,1.0,0.0,0.0,1.0,1.0,1.0,1.0,0.5040958674911437,1.0,1.0,0.0,1.0,0.0,1.0,0.0,0.0,0.8189106163698966,0.19737308324879008,1.0,0.0,0.0,1.0,1.0,0.0,1.0,0.0,0.0,1.0,1.0,0.0,1.0,1.0,1.0,0.0,0.0,1.0,1.0
147,additive/lengthscale,aligned10,6,4.368958161444082,4.228505707344153,4.447025087395763,4.2413030970010706,0.5997250674914945,-6.5354671791007615,47.24065885110758,202.1243000458926,1,1,excluded,r_hat_max 1.221 > 1.1,1.2207155891526689,1.0103573627141333,0.8269230769230769,16.063674019101278,0,63.0,1.2207155891526689,16.063674019101278,nan,nan,1.0106281803942911,103.16891392541599,3.2645727568017877,1.433305961804006,0,0.0,1.0,0.09421368652489218,1.0,0.0,0.0,0.0,1.0,0.0,0.0,1.0,0.0,0.0,0.0,0.0,1.0,0.4284827401304118,0.0,0.0,0.0,0.0,1.0,0.0,1.0,0.0,0.0,1.0,0.5649038420408704,1.0,0.0,1.0,1.0,0.0,1.0,1.0,1.0,1.0,0.0,1.0,0.0,0.0,1.0,1.0,1.0,0.0,1.0,0.0,0.0,0.0,1.0,1.0,0.0,0.0,1.0,0.0,0.10218443355539754,1.0,1.0,1.0,0.0,0.0,0.0,0.0,1.0,1.0,0.0,0.0,1.0,1.0,0.0,0.0,1.0,1.0,0.0,1.0,0.0,0.0,0.0,0.0,0.8177186200523938,0.2007813756773754,1.0,0.0,0.0,0.0,0.0,0.0,1.0,0.0,0.0,1.0,0.0,1.0,0.0,1.0,1.0,1.0,0.0,1.0,1.0
148,additive/lengthscale,aligned10,6,4.276871175986157,4.216305621335822,4.447025087395763,4.2413030970010706,0.5997250674914945,-6.233478972303402,44.37835216592066,196.8096571250353,1,1,excluded,r_hat_max 1.225 > 1.1; n_eff_min 12.9 < 16.0,1.2251861901415577,1.0045856309833971,0.8269230769230769,12.916978624370426,0,63.0,1.2251861901415577,12.916978624370426,nan,nan,1.045259811784008,33.62245007396188,3.272034820346668,1.4313177287384016,0,0.0,1.0,0.09670067898945756,1.0,0.0,0.0,0.49856163920544194,1.0,0.0,0.0,0.0,0.0,0.0,0.0,0.0,0.0,1.0,0.0,0.0,0.0,0.0,1.0,0.0,1.0,0.0,0.0,1.0,0.5823155622403907,1.0,0.0,1.0,1.0,0.0,1.0,1.0,1.0,1.0,0.0,1.0,0.0,1.0,1.0,1.0,1.0,0.0,1.0,0.0,0.0,0.0,1.0,1.0,0.0,0.0,1.0,0.0,0.03350698836937836,1.0,1.0,1.0,0.0,0.0,0.0,0.0,1.0,1.0,0.0,0.0,1.0,1.0,0.0,0.0,1.0,1.0,0.0,1.0,0.0,0.0,0.0,0.0,0.808625126816618,0.2077872279243327,1.0,0.0,1.0,0.0,0.0,0.0,1.0,0.0,0.0,1.0,0.0,0.0,0.0,1.0,1.0,1.0,0.0,1.0,1.0
149,additive/lengthscale,aligned10,6,4.283411540586661,4.183507319578995,4.447025087395763,4.2413030970010706,0.5997250674914945,-5.994961882948658,47.925915480125695,172.99153508618474,1,1,excluded,r_hat_max 1.475 > 1.1; n_eff_min 6.4 < 16.0,1.4747749320191454,1.003275679879708,0.9326923076923077,6.401053067968618,0,62.875,1.4747749320191454,6.401053067968618,nan,nan,1.0292907138780008,36.673509979870474,3.2787786885053225,1.4288638768974005,0,1.0,1.0,0.14417906037076794,1.0,0.0,0.0,0.0,1.0,1.0,0.0,0.0,0.0,0.0,0.0,0.0,0.0,0.0,0.0,0.0,0.0,0.00029620731189951505,1.0,0.0,0.0,0.0,0.0,1.0,0.5579386853166359,1.0,0.0,1.0,1.0,0.0,0.0,1.0,1.0,0.0,0.0,1.0,0.0,1.0,1.0,0.0,1.0,0.0,1.0,0.0,0.0,0.0,1.0,1.0,0.0,0.0,1.0,0.0,0.09568979349556503,1.0,1.0,1.0,1.0,0.0,0.0,0.0,1.0,0.0,0.0,1.0,1.0,1.0,0.0,1.0,1.0,1.0,0.0,1.0,0.0,0.0,0.0,0.0,0.8411333372957246,0.18961684768869258,1.0,0.0,1.0,0.9995798666270891,0.0,0.0,1.0,0.0,0.0,1.0,0.0,0.0,0.0,1.0,1.0,1.0,1.0,1.0,1.0
150,additive/lengthscale,aligned10,6,4.1037613630488305,4.201952555658064,4.447025087395763,4.2413030970010706,0.5997250674914945,-6.938503184074106,45.033668550197035,172.6474416470155,1,1,ok,,1.080485216754702,1.0000272435058037,0.9711538461538461,16.692668999626523,0,63.0,1.080485216754702,16.692668999626523,nan,nan,1.0050197116363977,101.49948114468815,3.2854762408525313,1.4264377621964508,1,1.0,1.0,0.08510280821949522,1.0,0.0,0.0,0.0,1.0,0.0,0.0,0.0,0.0,1.0,1.0,1.0,1.0,0.0,0.0,0.0,0.0,0.0,1.0,0.0,1.0,0.0,0.0,1.0,0.580553889253493,1.0,0.0,1.0,1.0,0.0,0.0,1.0,1.0,0.0,0.0,1.0,0.0,1.0,1.0,0.0,0.0,0.0,1.0,0.0,0.0,0.0,1.0,1.0,0.0,0.0,0.0,0.0,0.1046045632448421,1.0,1.0,1.0,0.0,0.0,0.0,0.0,1.0,0.0,0.0,1.0,1.0,1.0,0.33258268111510897,0.0,0.0,1.0,0.0,1.0,0.0,0.0,0.0,0.0,0.7851629004718271,0.21042626071119797,1.0,0.0,0.0,0.0,0.0,0.0,1.0,0.0,0.0,1.0,1.0,1.0,1.0,1.0,1.0,0.0,0.0,1.0,1.0
151,additive/lengthscale,aligned10,6,4.227608716712897,4.177402016105026,4.447025087395763,4.2413030970010706,0.5997250674914945,-6.980774030863751,48.236396693158895,150.00678117596544,1,1,excluded,r_hat_max 1.414 > 1.1; n_eff_min 5.9 < 16.0,1.4143555062257942,1.0032200360454573,0.8365384615384616,5.875302244975014,0,63.0,1.4143555062257942,5.875302244975014,nan,nan,1.00433391332554,78.15902811750225,3.290895347622043,1.4232549663372847,0,0.0,1.0,0.14577610433203017,1.0,0.0,0.0,0.0,1.0,0.0,0.4541907735846605,1.0,0.0,0.0,0.0,0.0,0.0,0.0,0.0,0.0,0.0,0.0,1.0,1.0,0.0,0.0,0.0,1.0,0.5685306522064426,1.0,0.0,1.0,1.0,0.0,0.0,1.0,1.0,0.0,0.0,1.0,1.0,0.0,1.0,1.0,1.0,0.0,1.0,0.0,0.0,0.0,1.0,1.0,0.0,0.0,1.0,0.0,0.12286376827844643,1.0,1.0,0.0,1.0,0.0,0.0,0.0,1.0,1.0,0.0,1.0,1.0,1.0,0.0,0.0,1.0,1.0,0.0,1.0,0.0,0.0,0.0,0.0,0.8301705987844559,0.19314307927432353,1.0,0.0,1.0,1.0,1.0,0.0,1.0,0.0,0.0,1.0,0.0,0.0,1.0,1.0,1.0,0.0,0.0,1.0,1.0
152,additive/lengthscale,aligned10,6,4.2678686276326205,4.207021013113806,4.447025087395763,4.2413030970010706,0.5997250674914945,-5.128156406799551,42.95670103095472,230.8099006980192,1,1,excluded,r_hat_max 1.636 > 1.1; n_eff_min 7.5 < 16.0,1.6358973589105088,1.0094124795367736,0.9038461538461539,7.5061968820004195,0,63.0,1.6358973589105088,7.5061968820004195,nan,nan,1.1828000583786165,16.62735875778556,3.2970579355765883,1.4205853105625201,0,0.0,1.0,0.1002502483845303,1.0,0.0,0.0,0.0,1.0,0.0,0.0,0.0,0.0,0.0,0.0,0.0,1.0,0.44712072513341444,0.0,0.0,1.0,0.0,1.0,0.0,0.09788585532931852,0.0,0.0,1.0,0.5767486369018519,1.0,0.0,1.0,1.0,0.0,1.0,1.0,1.0,0.0,0.0,1.0,0.0,1.0,1.0,0.0,1.0,0.0,1.0,0.0,0.0,0.0,1.0,0.0,0.0,0.0,1.0,0.0,0.05681132579873693,1.0,1.0,1.0,1.0,0.0,0.0,0.0,1.0,1.0,0.0,0.0,1.0,1.0,0.0,0.0,1.0,1.0,0.0,1.0,0.0,0.0,0.0,0.0,0.903802121548078,0.20438583180194383,1.0,0.0,1.0,0.0,0.0,0.0,1.0,0.0,0.0,1.0,0.5131096047406428,0.0,0.0,1.0,1.0,1.0,0.0,1.0,1.0
153,additive/lengthscale,aligned10,6,4.301534128409592,4.240681330293752,4.447025087395763,4.2413030970010706,0.5997250674914945,-7.011997608762787,48.32820024387911,180.89583838288672,1,1,excluded,r_hat_max 2.314 > 1.1; n_eff_min 3.3 < 16.0,2.3138955896022493,1.0197694571245295,0.7019230769230769,3.27279256193458,0,63.0,2.3138955896022493,3.27279256193458,nan,nan,1.4074879910905245,6.989046124935453,3.303403103498523,1.4180946260729148,0,1.0,1.0,0.0716707592167723,1.0,0.0,0.0,0.0,1.0,0.0,0.0,1.0,0.0,0.0,0.0,0.0,0.0,0.0,0.0,0.0,0.0,1.0,1.0,1.0,1.0,0.0,0.0,1.0,0.5756504741141834,1.0,0.0,1.0,1.0,0.0,1.0,1.0,1.0,1.0,0.0,1.0,1.0,0.0,1.0,1.0,1.0,0.0,1.0,0.0,0.0,0.0,1.0,1.0,0.0,0.0,1.0,0.0,0.0,1.0,1.0,1.0,1.0,0.0,0.0,0.0,1.0,1.0,0.0,0.0,1.0,1.0,0.0,0.0,1.0,1.0,0.0,1.0,0.0,0.0,1.0,0.0,0.8583579858793094,0.1879099762194257,1.0,0.0,1.0,0.0,1.0,0.0,1.0,0.0,0.0,1.0,1.0,1.0,1.0,1.0,1.0,1.0,0.0,1.0,1.0
154,additive/lengthscale,aligned10,6,4.372077357197373,4.217978774031942,4.447025087395763,4.2413030970010706,0.5997250674914945,-2.3382378895117633,43.906875716988,200.7654294851236,1,1,ok,,1.087621706740377,1.0001051422942862,0.9807692307692307,16.699407888667725,0,63.0,1.087621706740377,16.699407888667725,nan,nan,1.0026619459382933,113.12770892990314,3.309884473790153,1.415754648625534,0,1.0,1.0,0.08699612916513884,1.0,0.0,0.0,0.0,1.0,0.0,0.0,1.0,0.0,0.0,0.0,0.0,0.0,0.0,0.0,0.0,0.0,0.0,1.0,0.0,0.0,0.0,0.0,1.0,0.5908811724499403,1.0,0.0,1.0,1.0,0.0,1.0,1.0,1.0,0.7277055584068524,0.0,0.0,0.0,1.0,1.0,1.0,1.0,0.0,1.0,0.0,0.0,0.0,1.0,1.0,0.0,0.0,1.0,0.0,0.0,1.0,1.0,0.0,0.0,0.0,0.0,0.0,1.0,1.0,0.0,1.0,1.0,1.0,0.0,1.0,1.0,1.0,0.0,1.0,0.0,0.0,0.0,0.0,0.8853162833576149,0.2046104881070853,1.0,0.0,1.0,1.0,0.0,0.0,1.0,0.0,0.0,1.0,0.0,0.0,0.0,1.0,1.0,1.0,0.0,1.0,1.0
155,additive/lengthscale,aligned10,6,4.252615698368494,4.19506295276599,4.447025087395763,4.2413030970010706,0.5997250674914945,-6.774778534828993,45.89086998812854,189.21738767297938,1,1,excluded,r_hat_max 1.559 > 1.1; n_eff_min 4.1 < 16.0,1.5590064617789126,1.0193959226125235,0.7019230769230769,4.050220887027985,0,63.0,1.5590064617789126,4.050220887027985,nan,nan,1.1640402734165762,13.809907048936774,3.316737331102458,1.4137404135756286,0,0.0,1.0,0.09608246750186682,1.0,0.0,0.0,0.0,1.0,0.0,0.0,1.0,0.0,0.0,0.0,0.0,0.0,0.0,0.0,0.0,0.0,1.0,1.0,1.0,0.0,0.0,0.0,1.0,0.6580034182105727,1.0,0.0,1.0,1.0,0.0,0.0,1.0,1.0,0.0,0.0,1.0,1.0,1.0,1.0,1.0,1.0,0.0,1.0,0.0,0.0,0.0,1.0,1.0,0.0,0.0,1.0,0.0,0.0,1.0,1.0,1.0,0.0,0.0,0.0,0.0,1.0,1.0,0.0,0.0,1.0,1.0,0.0,0.0,1.0,1.0,0.0,1.0,0.0,0.0,0.0,0.0,0.8374983391155633,0.19405413821348727,1.0,1.0,0.6163367451933538,1.0,1.0,0.0,1.0,0.0,0.0,1.0,0.0,0.0,0.0,1.0,1.0,0.0,0.0,0.4559900435933139,1.0
156,additive/lengthscale,aligned10,6,4.178783595759903,4.205388204630062,4.447025087395763,4.2413030970010706,0.5997250674914945,-7.152456986757839,42.92083011590876,186.6643422699999,1,1,excluded,r_hat_max 1.185 > 1.1; n_eff_min 10.8 < 16.0,1.1853555316698419,1.0050676960297606,0.9230769230769231,10.847978974146663,0,63.0,1.1853555316698419,10.847978974146663,nan,nan,1.1458487798925916,14.415483295857827,3.322736551405445,1.4111798507678346,0,1.0,1.0,0.0849282596641299,1.0,0.0,0.0,0.0,1.0,0.0,1.0,0.0,0.0,0.0,0.0,0.0,0.0,0.0,0.0,0.0,0.0,0.0,1.0,0.0,0.0,0.0,1.0,1.0,0.5102732488132871,1.0,0.0,1.0,1.0,0.0,1.0,1.0,1.0,1.0,0.0,1.0,0.0,1.0,1.0,1.0,0.0,0.0,1.0,0.0,0.0,0.0,1.0,1.0,0.0,0.0,1.0,0.0,0.029768283091130835,1.0,1.0,1.0,1.0,0.0,0.0,0.0,1.0,1.0,0.0,0.0,1.0,1.0,0.0,0.4389416854268766,1.0,1.0,0.0,1.0,0.0,0.0,0.0,0.0,0.9036070182283616,0.19525489547478075,1.0,0.0,0.0,1.0,0.0,0.0,1.0,0.0,0.0,1.0,0.0,0.0,1.0,1.0,1.0,1.0,0.0,0.0,0.0
157,additive/lengthscale,aligned10,6,4.107435796526949,4.224839350789925,4.447025087395763,4.2413030970010706,0.5997250674914945,-7.202460450052596,47.67704856488854,206.45100839994848,1,1,excluded,r_hat_max 1.132 > 1.1; n_eff_min 15.2 < 16.0,1.1319489500674322,1.002508777938941,0.9230769230769231,15.158469342335081,0,63.0,1.1319489500674322,15.158469342335081,nan,nan,1.0213215750854547,67.08665333787216,3.328189080350379,1.4083260290193564,0,0.0,1.0,0.07929236381304967,1.0,0.0,0.0,0.0,1.0,0.0,0.0,1.0,0.0,0.0,0.0,0.0,0.0,0.0,0.0,0.0,0.0,0.0,1.0,0.0,1.0,0.0,0.0,1.0,0.6026093716472194,1.0,0.0,1.0,1.0,0.0,1.0,1.0,1.0,1.0,0.0,1.0,0.0,0.0,0.0,0.0,1.0,0.1281876701842458,1.0,0.0,0.0,0.0,1.0,1.0,1.0,0.0,1.0,0.0,0.0,1.0,1.0,1.0,0.0,0.0,0.0,0.0,1.0,0.0,0.0,1.0,1.0,1.0,0.0,0.0,1.0,1.0,0.0,1.0,0.0,0.0,0.0,0.0,0.8356074890350683,0.2102557159132348,1.0,0.0,1.0,0.0,0.0,0.0,1.0,0.0,0.0,0.8908669488127621,0.0,0.0,0.0,1.0,1.0,1.0,1.0,1.0,1.0
158,additive/lengthscale,aligned10,6,4.040931386361388,4.163262170723062,4.447025087395763,4.2413030970010706,0.5997250674914945,-6.693385490742502,42.88129138597287,204.39624861604534,1,1,excluded,r_hat_max 1.460 > 1.1; n_eff_min 6.1 < 16.0,1.4600695081552002,1.0144197582962216,0.8076923076923077,6.068170458597786,0,63.0,1.4600695081552002,6.068170458597786,nan,nan,1.086975698332979,40.3024808698782,3.3331210215920026,1.4052217003241139,0,1.0,1.0,0.12868050221724298,1.0,0.0,0.0,0.0,1.0,0.0,0.0,1.0,0.0,0.0,0.0,0.0,0.0,0.0,0.0,0.0,1.0,0.0,1.0,1.0,0.0,0.0,0.0,1.0,0.6515384188224748,1.0,0.0,0.0,0.0,0.0,1.0,1.0,1.0,0.0,0.0,1.0,0.0,1.0,1.0,1.0,1.0,0.09895279862558978,1.0,0.0,0.0,0.0,1.0,1.0,0.0,0.0,1.0,0.0,0.0,1.0,1.0,0.0,0.0,0.0,0.0,0.0,1.0,1.0,0.0,1.0,1.0,1.0,0.0,1.0,1.0,1.0,0.0,1.0,0.0,0.0,0.0,0.0,0.8234966125857185,0.19054463898746013,1.0,0.0,0.0,1.0,0.0,0.0,1.0,0.0,0.0,1.0,1.0,0.0,0.0,1.0,1.0,1.0,0.0,1.0,1.0
159,additive/lengthscale,aligned10,6,4.228586804077636,4.21310446957538,4.447025087395763,4.2413030970010706,0.5997250674914945,-5.495966258619832,47.72033450589515,190.40020271600224,1,1,excluded,r_hat_max 1.229 > 1.1; n_eff_min 8.4 < 16.0,1.2289925392533096,1.0057589330202024,0.8653846153846154,8.425979736684166,0,62.75,1.2289925392533096,8.425979736684166,nan,nan,1.072005686521853,24.177314688190336,3.337572659106275,1.4019129627678437,0,0.0,1.0,0.0702156602637012,1.0,0.0,1.0,0.0,1.0,0.0,0.0,1.0,0.0,0.0,1.0,0.0,0.0,0.0,0.0,0.0,0.0,0.0,1.0,0.0,0.0,0.0,0.0,1.0,0.6045468415421558,1.0,0.0,1.0,1.0,0.0,1.0,1.0,1.0,1.0,0.0,1.0,0.0,1.0,1.0,1.0,1.0,0.0,1.0,0.0,0.0,0.0,1.0,1.0,0.032524197451044824,0.0,1.0,0.0,0.11417145949287699,1.0,1.0,0.0,0.5142376048519279,0.0,0.0,0.0,1.0,1.0,0.0,0.0,1.0,1.0,0.0,0.0,0.0,1.0,0.0,0.0,0.0,0.0,0.0,0.0,0.9086493200895855,0.19630966712928596,1.0,0.0,1.0,1.0,1.0,0.0,1.0,0.0,0.0,1.0,0.0,0.0,1.0,1.0,1.0,1.0,0.0,1.0,1.0
160,additive/lengthscale,aligned10,6,4.163135370489671,4.13768020112222,4.447025087395763,4.2413030970010706,0.5997250674914945,-5.773764766480363,42.92884938698262,190.71083894185722,1,1,excluded,r_hat_max 1.369 > 1.1; n_eff_min 12.7 < 16.0,1.3692564515145773,0.999638287085157,0.9134615384615384,12.703836769425061,0,63.0,1.3692564515145773,12.703836769425061,nan,nan,1.059324374814636,41.232589656851424,3.343141497512346,1.3992881609183778,0,0.0,1.0,0.07796907017004685,1.0,0.0,0.0,0.0,1.0,0.0,0.0,0.0,0.0,0.0,0.0,0.0,0.057065223989046183,0.0,0.0,0.0,0.0,1.0,0.9565553414831531,1.0,0.0,0.0,0.0,1.0,0.552350104613392,1.0,0.0,1.0,1.0,0.0,1.0,1.0,1.0,0.0,0.0,1.0,1.0,1.0,1.0,1.0,1.0,0.0,1.0,0.0,0.0,0.0,1.0,1.0,0.0,0.0,0.0,0.0,0.17802338844904106,1.0,1.0,0.0,1.0,0.0,0.0,0.0,1.0,1.0,1.0,0.0,1.0,1.0,0.0,0.0,1.0,1.0,0.0,0.0,0.0,0.0,0.0,0.0,0.8696067347954293,0.2098022766882813,1.0,0.0,1.0,1.0,1.0,0.0,1.0,0.0,0.0,1.0,0.0,1.0,0.0,1.0,1.0,0.0,0.0,1.0,1.0
161,additive/lengthscale,aligned10,6,4.806993626084913,4.7411458901706744,4.806993626084913,4.7411458901706744,0.09988227432189056,-7.092906156378286,48.88255825894885,203.462754082866,1,1,excluded,r_hat_max 1.500 > 1.1; n_eff_min 7.2 < 16.0,1.4995499632410723,1.0021567045701048,0.9134615384615384,7.232274038588619,0,62.875,1.4995499632410723,7.232274038588619,nan,nan,1.073869396817502,31.616126178039146,3.348234627158168,1.396422649501196,0,1.0,1.0,0.09450489692441005,0.6528613828563457,0.0,0.0,0.0,1.0,0.0,0.0,0.0,0.0,0.0,0.0,0.0,1.0,0.0,0.0,0.0,0.0,0.0,1.0,0.0,0.0,0.0,0.0,1.0,0.5530242528785669,1.0,0.0,1.0,1.0,0.0,0.0,1.0,1.0,1.0,0.0,1.0,0.0,0.0,1.0,1.0,1.0,0.0,1.0,0.0,0.0,0.0,1.0,1.0,0.0,0.0,1.0,0.0,0.16704582504050824,1.0,1.0,1.0,0.0,0.0,0.0,0.0,1.0,1.0,0.0,1.0,0.7214013417477141,0.0,0.0,0.0,1.0,1.0,0.0,1.0,0.0,0.0,1.0,0.0,0.8262637838013953,0.2057595273538673,1.0,0.0,0.0,0.0,1.0,0.0,1.0,0.0,0.0,1.0,1.0,0.0,0.0,1.0,1.0,0.0,0.0,1.0,1.0
162,additive/lengthscale,aligned10,6,4.9051107164578545,4.793528088805216,4.9051107164578545,4.793528088805216,0.04750007568734915,-4.801145331928609,46.14804000989534,170.09872898785397,1,1,excluded,r_hat_max 1.145 > 1.1,1.1452543264357764,1.004780453983172,0.9038461538461539,16.70101895567308,0,63.0,1.1452543264357764,16.70101895567308,nan,nan,1.0196352932747295,106.65407387905316,3.3572393123367283,1.396786949947,0,1.0,1.0,0.08222759585111372,1.0,0.0,0.0,0.0,1.0,0.0,0.0,0.0,0.0,0.0,0.0,0.0,1.0,0.0,0.0,0.0,0.0,1.0,1.0,0.0,0.0,0.0,0.0,1.0,0.585156376797554,1.0,0.0,1.0,1.0,0.0,0.0,1.0,1.0,0.0,0.0,0.0,0.0,0.0,1.0,1.0,1.0,0.0,1.0,0.0,0.0,0.0,1.0,0.0,0.0,0.0,1.0,0.0,0.08467413310980237,1.0,1.0,1.0,0.0,0.0,0.0,0.0,1.0,1.0,0.0,1.0,0.8052460105223767,1.0,0.0,0.361768489027306,1.0,1.0,0.0,1.0,0.0,0.0,1.0,0.0,0.8961331334467922,0.20352291190629568,1.0,0.0,1.0,1.0,1.0,0.0,1.0,0.0,0.0,1.0,1.0,0.0,0.0,1.0,1.0,0.0,0.0,1.0,1.0
163,additive/lengthscale,aligned10,6,4.626011373362423,4.805012084259307,4.9051107164578545,4.805012084259307,0.03601608023325831,-4.14588407126635,49.535559048876166,210.06220428203233,1,1,excluded,r_hat_max 1.526 > 1.1; n_eff_min 4.4 < 16.0,1.5263238755195092,1.003631453526967,0.8846153846153846,4.378642994508591,0,63.0,1.5263238755195092,4.378642994508591,nan,nan,1.071219779358623,60.88692089864041,3.3667354559202933,1.3977313784081435,0,1.0,1.0,0.08550378339681097,1.0,0.0,0.0,0.0,1.0,0.0,0.0,0.0,0.0,0.0,0.0,0.0,1.0,1.0,0.0,0.0,0.0,1.0,1.0,0.0,0.11561463751870699,0.0,0.0,1.0,0.5751570885073,1.0,0.0,1.0,1.0,0.0,1.0,1.0,1.0,0.0,0.0,0.6576875871475449,0.0,1.0,1.0,1.0,1.0,0.0,1.0,0.0,0.0,0.0,1.0,0.0,0.0,0.0,1.0,0.0,0.12096619222781563,1.0,1.0,1.0,0.0,0.0,0.0,0.0,1.0,1.0,0.0,0.0,0.806854441220526,1.0,0.0,0.0,1.0,1.0,0.0,1.0,0.0,0.0,1.0,0.0,0.8728764950194442,0.19629349705269822,1.0,0.0,1.0,1.0,1.0,0.0,1.0,0.0,0.0,1.0,0.0,0.0,0.0,1.0,1.0,1.0,0.0,0.5678236050734453,1.0
164,additive/lengthscale,aligned10,6,4.8490200041157365,4.789224593017094,4.9051107164578545,4.805012084259307,0.03601608023325831,-5.777505703383008,46.64427818800323,185.36817378504202,1,1,excluded,r_hat_max 1.307 > 1.1; n_eff_min 6.7 < 16.0,1.306791775086883,1.0108836112621065,0.8365384615384616,6.669656569262032,0,63.0,1.306791775086883,6.669656569262032,nan,nan,1.1138656451126565,27.38226887559475,3.3744139676120133,1.3969076179796942,0,1.0,1.0,0.06566449710595056,1.0,0.0,0.0,0.0,1.0,0.0,1.0,0.0,0.0,0.0,1.0,0.0,1.0,0.0,0.0,0.0,0.0,0.0,1.0,0.0,0.0,0.0,0.0,1.0,0.5485507990083317,1.0,0.0,1.0,1.0,0.0,0.0,1.0,1.0,1.0,0.0,1.0,0.0,0.0,1.0,1.0,1.0,0.0,1.0,0.0,1.0,0.0,1.0,1.0,0.0,0.0,1.0,0.0,0.179585452866843,1.0,1.0,1.0,0.0,0.0,0.0,0.0,1.0,1.0,0.0,1.0,0.764396731294286,1.0,0.0,1.0,1.0,1.0,0.0,1.0,0.0,0.0,1.0,0.0,0.8878150546189615,0.20650787428078804,1.0,0.0,1.0,0.0,1.0,0.0,1.0,0.0,0.0,1.0,1.0,0.0,0.0,1.0,1.0,0.0,0.0,1.0,1.0
165,additive/lengthscale,aligned10,6,4.880896453748392,4.6870356866958875,4.9051107164578545,4.805012084259307,0.03601608023325831,-4.033796049675986,49.327669776044786,158.6155356990639,1,1,excluded,r_hat_max 2.662 > 1.1; n_eff_min 3.2 < 16.0,2.6616452434981257,1.0038634549229373,0.8557692307692307,3.1512418940031224,0,62.75,2.6616452434981257,3.1512418940031224,nan,nan,1.4445637457525913,7.4649220091085216,3.3833509738938545,1.3973629512229033,0,1.0,1.0,0.07793568968769557,1.0,1.0,0.0,0.0,1.0,0.0,0.0,0.0,0.0,0.0,1.0,0.0,1.0,0.0,0.0,0.0,0.0,0.0,1.0,0.0,0.0,0.0,0.0,1.0,0.5779335656496928,1.0,0.0,1.0,1.0,0.0,0.0,1.0,1.0,1.0,0.0,1.0,0.0,0.0,1.0,0.0,1.0,0.0,1.0,0.0,0.0,0.0,1.0,1.0,0.0,0.0,1.0,0.0,0.0,1.0,1.0,1.0,0.0,0.0,0.0,0.0,1.0,1.0,0.0,1.0,0.7460238305135697,1.0,0.0,1.0,1.0,1.0,0.0,0.9792286231808378,0.0,0.0,1.0,0.0,1.0,0.20191544252395255,1.0,0.0,1.0,1.0,1.0,0.0,1.0,0.0,0.0,1.0,1.0,0.0,0.0,1.0,1.0,0.0,0.0,1.0,1.0
166,additive/lengthscale,aligned10,6,4.800339481385357,4.777427919785603,4.9051107164578545,4.805012084259307,0.03601608023325831,-4.490296386424273,46.018246973864734,186.80270900693722,1,1,excluded,r_hat_max 1.155 > 1.1; n_eff_min 14.2 < 16.0,1.155485573663453,1.0012865159435802,0.9711538461538461,14.15713125287134,0,62.75,1.155485573663453,14.15713125287134,nan,nan,1.020694665627852,48.685881607922205,3.3923723322062314,1.3979588464761261,0,1.0,1.0,0.08069417966545213,1.0,0.0,0.0,0.0,1.0,0.0,0.0,0.2261072517017838,0.0,0.0,1.0,0.0,1.0,0.0,0.038602224458320476,0.0,0.0,0.0,1.0,0.0,0.0,0.0,0.0,1.0,0.5730346732414812,1.0,0.0,1.0,1.0,0.0,0.0,1.0,1.0,1.0,0.0,1.0,0.0,0.0,1.0,1.0,1.0,0.0,1.0,0.0,0.0,0.0,1.0,1.0,0.0,0.0,1.0,0.0,0.11505589772761432,1.0,1.0,1.0,0.35128581705897066,0.0,0.0,0.0,1.0,1.0,0.0,1.0,0.729342447374398,1.0,0.0,1.0,1.0,1.0,0.0,1.0,0.0,0.09443413181382797,1.0,0.0,0.8814880172379086,0.19703777664256822,1.0,0.0,1.0,1.0,1.0,0.0,1.0,0.0,0.0,1.0,1.0,0.0,0.0,1.0,1.0,0.0,0.0,1.0,1.0
167,additive/lengthscale,aligned10,6,4.7778669366871185,4.667611486620745,4.9051107164578545,4.805012084259307,0.03601608023325831,-4.034595994198423,51.15972019103356,175.5532763930969,1,1,excluded,r_hat_max 1.175 > 1.1; n_eff_min 11.2 < 16.0,1.174540578259976,1.002107636061191,0.8942307692307693,11.21344333365901,0,63.0,1.174540578259976,11.21344333365901,nan,nan,1.0487585972914406,51.713846937829445,3.40080327321928,1.3979935674733313,0,1.0,1.0,0.07913087803711506,1.0,0.0,0.0,0.0,1.0,0.0,0.0,0.0,0.0,0.0,1.0,0.0,1.0,0.0,0.0,0.0,0.0,0.0,1.0,0.0,0.0,0.0,0.0,1.0,1.0,1.0,0.0,1.0,1.0,0.0,0.0,0.8576486615701948,1.0,1.0,0.49645632079836916,1.0,1.0,0.0,1.0,0.6835338460686974,1.0,0.0,1.0,1.0,0.0,1.0,0.0,1.0,0.0,1.0,1.0,0.0,0.10829966392685755,1.0,1.0,1.0,0.0,0.0,0.0,0.0,1.0,1.0,0.0,1.0,0.7653750955898627,1.0,0.0,1.0,1.0,1.0,0.0,1.0,0.0,0.0,1.0,0.0,0.9723956364730046,0.205689162807465,1.0,0.0,1.0,1.0,1.0,0.0,1.0,0.0,0.0,1.0,1.0,1.0,0.0,1.0,1.0,0.0,0.0,1.0,0.0
168,additive/lengthscale,aligned10,6,4.5493374689769475,4.580717479691034,4.9051107164578545,4.805012084259307,0.03601608023325831,-4.836874795358289,47.01189789106138,182.78807037882507,1,1,excluded,r_hat_max 1.156 > 1.1; n_eff_min 12.2 < 16.0,1.1558666755869569,1.0067767034213992,0.875,12.233605488542366,0,62.625,1.1558666755869569,12.233605488542366,nan,nan,1.0625906956794726,24.952028037403323,3.4090000807399212,1.3978458794691624,0,1.0,1.0,0.0920517974367539,1.0,1.0,0.0,0.0,1.0,0.0,0.0,0.0,0.0,0.0,1.0,0.0,0.0,0.0,0.0,1.0,0.0,1.0,1.0,0.0,0.0,0.0,0.0,1.0,0.5824554781009506,1.0,0.0,1.0,1.0,0.0,0.0,1.0,1.0,1.0,0.0,0.0,0.0,0.0,1.0,1.0,1.0,0.0,1.0,0.0,0.0,1.0,1.0,0.0,0.0,0.0,1.0,0.0,0.09090621893878156,1.0,1.0,1.0,0.0,0.0,0.0,0.0,1.0,1.0,0.0,1.0,0.6913043811733146,1.0,0.0,1.0,1.0,1.0,0.0,1.0,0.0,0.0,0.0,0.0,1.0,0.20468240457467737,1.0,0.0,1.0,0.0,1.0,0.0,1.0,0.0,0.0,1.0,1.0,0.0,0.0,1.0,1.0,0.0,0.0,1.0,0.0
169,additive/lengthscale,aligned10,6,4.855134713815858,4.80800016581786,4.9051107164578545,4.80800016581786,0.033027998674705294,-4.351811338606859,49.46557810110971,137.99357169889845,1,1,excluded,r_hat_max 2.032 > 1.1; n_eff_min 3.5 < 16.0,2.0321317772417102,0.9989465303106415,0.9230769230769231,3.5288342473055243,0,62.5625,2.0321317772417102,3.5288342473055243,nan,nan,1.0358989631442128,98.7437273664038,3.4157476392501995,1.3964455218265661,0,1.0,1.0,0.07570486372023488,1.0,0.0,0.0,0.0,1.0,0.0,0.0,0.0,0.0,0.0,0.0,0.0,1.0,0.0,0.0,0.0,0.0,0.0,1.0,0.0,0.0,0.0,0.0,1.0,0.5885184642430715,1.0,0.0,1.0,1.0,0.0,0.0,1.0,1.0,1.0,0.0,1.0,0.0,0.0,1.0,0.0,1.0,0.0,1.0,0.0,0.0,0.0,1.0,1.0,0.0,0.0,1.0,0.0,0.14563843803167442,1.0,1.0,1.0,0.0,0.0,0.0,0.0,1.0,1.0,0.0,0.0,0.7828600436068871,1.0,0.0,1.0,1.0,1.0,0.0,1.0,0.0,0.1471877132120547,1.0,0.0,0.8794706956827792,0.20282052666461114,1.0,0.0,0.567068936154897,1.0,1.0,0.0,1.0,0.0,0.0,1.0,1.0,0.0,0.0,1.0,1.0,0.0,0.0,1.0,1.0
170,additive/lengthscale,aligned10,6,4.786038405098965,4.81606247522733,4.9051107164578545,4.81606247522733,0.024965689265235014,-5.302468705754949,46.42482966789976,140.45079322182573,1,1,excluded,r_hat_max 1.234 > 1.1,1.2342383413677673,1.0006716244197305,0.9038461538461539,22.84500437086617,0,63.0,1.2342383413677673,22.84500437086617,nan,nan,1.0523931782699552,47.08991068235324,3.4242146220417626,1.3966763152158064,0,1.0,1.0,0.08292708343275204,1.0,1.0,0.0,0.0,1.0,0.0,0.0,0.0,0.0,0.0,0.0,0.0,1.0,0.0,0.0,0.0,0.0,0.0,1.0,0.0,0.0,0.0,0.0,1.0,0.581171953466276,1.0,0.0,1.0,1.0,0.0,0.0,1.0,1.0,1.0,0.0,0.48692711263518496,0.0,0.0,1.0,0.0,1.0,0.0,1.0,0.0,0.0,0.0,1.0,1.0,0.0,0.0,1.0,0.0,0.11176759503510976,1.0,1.0,1.0,0.0,0.0,0.0,0.0,1.0,1.0,0.0,0.0,0.7671897089209683,1.0,0.0,0.45915430743958185,1.0,1.0,0.0,1.0,0.0,0.0,1.0,0.0,0.8761775392252851,0.20111284078797928,1.0,0.0,0.0,1.0,1.0,0.0,1.0,0.0,0.0,1.0,1.0,0.0,0.0,1.0,1.0,0.0,0.0,1.0,1.0
171,additive/lengthscale,aligned10,6,4.808604077246499,4.7514018509876195,4.9051107164578545,4.81606247522733,0.024965689265235014,-5.353030024939521,49.7037703350652,173.14237445197068,1,1,excluded,r_hat_max 1.227 > 1.1; n_eff_min 5.4 < 16.0,1.2274381224373248,1.0042913991607034,0.9230769230769231,5.377026298870569,0,63.0,1.2274381224373248,5.377026298870569,nan,nan,1.008191230847502,34.419335958114665,3.432178503814027,1.396452319156604,0,1.0,0.4515612618112897,0.08476065250363143,1.0,0.0,0.0,0.0,1.0,0.0,1.0,0.0,0.0,0.0,1.0,0.0,1.0,0.0,0.09438993796749151,0.0,0.0,0.0,1.0,0.0,0.0,0.0,0.0,1.0,0.5823730226097085,1.0,0.0,1.0,1.0,0.0,0.0,1.0,1.0,1.0,0.0,0.746592384815954,0.0,0.0,1.0,1.0,1.0,0.0,1.0,0.0,0.0,0.0,0.0,1.0,0.0,0.0,1.0,0.0,0.16748301982959105,1.0,1.0,1.0,0.0,0.0,0.0,0.0,1.0,1.0,0.0,1.0,0.7956210387797075,1.0,0.0,1.0,1.0,1.0,0.0,1.0,0.0,0.0,1.0,0.0,0.9081618306830667,0.2011226327298081,1.0,0.0,1.0,0.0,1.0,0.0,1.0,0.0,0.0,1.0,1.0,1.0,0.0,1.0,1.0,0.0,0.0,1.0,1.0
172,additive/lengthscale,aligned10,6,4.620845641649045,4.660263239670772,4.9051107164578545,4.81606247522733,0.024965689265235014,-6.05317715991415,46.91963585908525,155.72958041797392,1,1,excluded,r_hat_max 1.467 > 1.1; n_eff_min 6.1 < 16.0,1.466634731032552,0.9999693500873827,0.9423076923076923,6.079289081194706,0,63.0,1.466634731032552,6.079289081194706,nan,nan,1.0395672022774816,51.9419684004791,3.440180978078169,1.3963137832319483,0,1.0,1.0,0.08085075070828496,1.0,0.0,0.0,0.0,1.0,0.0,0.0,0.0,0.0,0.0,0.0,0.0,1.0,0.0,0.0,0.0,0.0,0.0,1.0,0.0,0.11223233013552432,0.0,0.0,1.0,0.5711420002516515,1.0,0.0,1.0,1.0,0.0,0.0,1.0,1.0,1.0,0.0,1.0,0.0,0.0,1.0,0.0,1.0,0.0,1.0,0.0,0.0,0.0,1.0,1.0,0.0,0.0,1.0,0.0,0.15706617680171858,1.0,1.0,1.0,0.0,0.0,0.0,0.0,1.0,1.0,0.0,0.0,0.8642487151440714,1.0,0.0,1.0,1.0,1.0,0.0,1.0,0.0,0.0,1.0,0.0,0.913116953209676,0.2007871259901722,1.0,0.0,1.0,1.0,1.0,0.0,1.0,0.0,0.0,1.0,1.0,1.0,0.0,1.0,1.0,0.0,0.0,1.0,1.0
173,additive/lengthscale,aligned10,6,4.455927173592268,4.522777752603306,4.9051107164578545,4.81606247522733,0.024965689265235014,-5.33395322514108,49.37370080407709,165.7675484691281,1,1,excluded,r_hat_max 1.224 > 1.1; n_eff_min 9.4 < 16.0,1.2237041020200894,1.0020148124403736,0.9615384615384616,9.43692187947531,0,62.875,1.2237041020200894,9.43692187947531,nan,nan,1.026447179173504,36.22954828471459,3.4470056293126827,1.3951463482127677,0,1.0,1.0,0.07123916386976718,1.0,0.0,0.0,1.0,1.0,1.0,0.0,0.0,0.0,0.0,1.0,0.0,1.0,0.0,0.0,0.0,0.0,1.0,1.0,0.0,0.0,0.0,0.0,1.0,0.5371426916376214,1.0,1.0,1.0,1.0,0.0,0.0,1.0,1.0,1.0,0.0,1.0,0.0,0.0,1.0,1.0,1.0,0.0,1.0,0.0,0.0,0.0,0.0,1.0,0.0,0.0,1.0,0.0,0.39529027398996236,1.0,1.0,0.0,0.0,0.0,0.0,0.0,1.0,1.0,0.0,0.0,0.7581411917913348,1.0,0.0,1.0,1.0,1.0,0.0,1.0,0.0,0.0,1.0,0.0,1.0,0.19547230441067273,1.0,0.0,1.0,1.0,1.0,0.0,1.0,0.0,1.0,1.0,1.0,0.0,1.0,1.0,1.0,0.0,0.0,1.0,1.0
174,additive/lengthscale,aligned10,6,4.833139470354609,4.824858560038261,4.9051107164578545,4.824858560038261,0.016169604454304043,-6.125727498241149,46.748310858150944,157.10619504889473,1,1,excluded,r_hat_max 1.339 > 1.1; n_eff_min 11.6 < 16.0,1.3391418314041479,1.0062399416336432,0.8461538461538461,11.624533295580981,0,62.875,1.3391418314041479,11.624533295580981,nan,nan,1.02652610203138,36.55216771308582,3.45280402899245,1.3932205293444084,0,1.0,1.0,0.08273128244788328,1.0,0.0,0.0,0.0,1.0,0.0,1.0,0.0,0.0,0.0,1.0,0.0,1.0,0.0,0.0,0.0,0.0,0.0,1.0,0.0,0.0,0.0,0.0,1.0,0.5814391922283013,1.0,0.0,1.0,1.0,0.0,0.0,1.0,1.0,1.0,0.0,0.0,0.0,0.0,1.0,1.0,1.0,0.0,1.0,0.0,0.0,0.0,1.0,1.0,0.0,0.0,1.0,0.0,0.07173145953969969,1.0,1.0,1.0,0.0,0.0,0.0,0.0,1.0,1.0,0.0,0.0,0.7681608657372121,1.0,0.0,0.0,1.0,1.0,0.0,1.0,0.0,0.0,1.0,0.0,0.8347375630291304,0.19966667343927305,0.0,0.0,1.0,1.0,1.0,0.0,1.0,0.0,0.0,1.0,1.0,1.0,0.0,1.0,1.0,0.0,0.0,1.0,1.0
175,additive/lengthscale,aligned10,6,4.822424975362728,4.825302937685668,4.9051107164578545,4.825302937685668,0.015725226806896586,-5.414313058016058,49.678869649069384,150.90989901311696,1,1,excluded,r_hat_max 1.494 > 1.1; n_eff_min 7.2 < 16.0,1.4943725950237798,1.0184792622325776,0.7019230769230769,7.248819033680772,0,63.0,1.4943725950237798,7.248819033680772,nan,nan,1.0532020162075773,64.99480059000614,3.4606916600859483,1.3931249097995935,1,1.0,1.0,0.06740980825485295,1.0,0.0,0.0,0.0,1.0,0.0,0.0,0.0,0.0,0.0,1.0,0.0,1.0,0.0,0.01962062511152812,0.0,0.0,0.0,1.0,0.0,0.0,0.0,0.0,1.0,0.5730076791287457,1.0,0.0,1.0,1.0,0.0,0.0,1.0,1.0,1.0,0.0,1.0,0.0,0.0,1.0,0.0,1.0,0.0,1.0,0.0,0.0,0.0,1.0,1.0,0.0,0.0,1.0,0.0,0.07748529085122537,1.0,1.0,1.0,0.0,0.0,0.0,0.0,1.0,1.0,0.0,1.0,0.767193962877121,1.0,0.0,0.0,1.0,1.0,0.0,1.0,0.0,0.0,1.0,0.0,0.8734484501965768,0.19860055028337875,1.0,0.0,0.0,1.0,1.0,0.0,1.0,0.0,0.0,1.0,1.0,1.0,0.0,1.0,1.0,0.0,0.0,1.0,1.0
176,additive/lengthscale,aligned10,6,4.733059885267662,4.820454280313596,4.9051107164578545,4.825302937685668,0.015725226806896586,-4.6176213382287035,43.91344426013529,184.27754870406352,1,1,excluded,r_hat_max 1.103 > 1.1; n_eff_min 14.5 < 16.0,1.103000178769081,1.0015273719073416,0.9903846153846154,14.495561817648802,0,62.75,1.103000178769081,14.495561817648802,nan,nan,1.0190079960103466,26.298073219239907,3.4684287811954757,1.392927058778436,0,1.0,1.0,0.07238811013522803,1.0,0.0,0.0,0.0,1.0,0.0,0.0,0.0,0.0,0.0,1.0,0.0,0.558605231548877,0.0,0.0,0.0,0.0,0.0,1.0,0.0,0.07963041770930905,0.0,0.40137734903194583,1.0,0.5663678212147883,1.0,0.0,1.0,1.0,0.0,0.0,1.0,1.0,1.0,0.0,1.0,0.0,0.0,1.0,1.0,1.0,0.0,1.0,0.0,0.0,0.0,1.0,1.0,0.0,0.0,1.0,0.0,0.09916236535334051,1.0,1.0,1.0,0.0,0.0,0.0,0.0,1.0,1.0,0.0,1.0,0.763378250822171,1.0,0.0,1.0,1.0,1.0,0.0,1.0,0.0,0.3901091079277041,1.0,0.0,0.8720751475759778,0.1990330600031985,1.0,0.0,1.0,1.0,1.0,0.0,1.0,0.0,0.0,1.0,1.0,1.0,0.0,1.0,1.0,0.0,0.0,1.0,1.0
177,additive/lengthscale,aligned10,6,4.709233753471494,4.773009124841778,4.9051107164578545,4.825302937685668,0.015725226806896586,-6.439767364374653,50.92739290907048,152.4713658480905,1,1,excluded,r_hat_max 1.193 > 1.1,1.1925961193352914,1.0035844096874347,0.8653846153846154,16.972547209647136,0,62.875,1.1925961193352914,16.972547209647136,nan,nan,1.0511580717087092,48.95657698287678,3.475573589693059,1.392217098451174,0,1.0,1.0,0.08204335601966398,1.0,0.17848429950533223,0.0,0.0,1.0,0.0,0.0,0.0,0.0,0.0,0.0,0.0,1.0,0.0,0.09270677149677664,0.0,0.0,0.0,1.0,0.0,0.0,0.0,0.0,1.0,0.5906000261193136,1.0,0.0,1.0,1.0,0.0,0.0,1.0,1.0,1.0,0.0,1.0,0.0,0.0,1.0,0.0,1.0,0.0,1.0,1.0,0.0,0.0,1.0,1.0,0.0,0.0,1.0,0.0,0.09520251380503288,1.0,1.0,1.0,0.0,0.0,0.0,0.0,1.0,1.0,0.0,0.0,0.7634897420463016,1.0,0.0,1.0,1.0,1.0,0.0,1.0,0.0,0.0,1.0,0.0,0.9018228621377761,0.2042998793944552,1.0,0.0,0.0,1.0,1.0,0.0,1.0,0.0,0.0,1.0,1.0,0.0,0.0,1.0,1.0,0.0,0.0,1.0,1.0
178,additive/lengthscale,aligned10,6,3.8803828665613405,4.028945988793528,4.9051107164578545,4.825302937685668,0.015725226806896586,-5.506477071575494,47.8627639929764,139.98153915419243,1,1,excluded,r_hat_max 1.124 > 1.1; n_eff_min 10.3 < 16.0,1.1235712660643717,0.9997813721906602,0.9615384615384616,10.292225540235949,0,62.6875,1.1235712660643717,10.292225540235949,nan,nan,0.9984449812609835,95.16850472766005,3.4825042647704656,1.3913595380500123,0,0.0,1.0,0.08303698745080905,1.0,0.0,0.0,0.0,1.0,0.0,0.0,0.0,0.0,0.0,1.0,0.0,1.0,0.0,0.0,0.0,0.0,0.0,1.0,0.0,0.0,0.0,0.0,1.0,1.0,1.0,0.0,1.0,1.0,1.0,0.0,1.0,0.0,0.0,0.0,0.0,0.0,0.0,1.0,1.0,1.0,0.0,1.0,0.0,0.0,0.0,1.0,1.0,0.0,0.0,1.0,0.0,0.0,1.0,0.0,1.0,0.0,0.0,0.0,0.0,1.0,1.0,0.0,1.0,0.766898752280816,1.0,0.0,0.48077507619315313,1.0,1.0,0.0,1.0,0.0,0.0,1.0,0.0,0.8719582386379898,0.20620694133567766,1.0,0.0,1.0,1.0,1.0,0.0,1.0,0.0,0.0,1.0,1.0,0.0,0.0,1.0,1.0,1.0,1.0,1.0,1.0
179,additive/lengthscale,aligned10,6,4.599815141083021,4.705333775655546,4.9051107164578545,4.825302937685668,0.015725226806896586,-6.224510814599528,51.033666152041405,177.063225771999,1,1,excluded,r_hat_max 1.126 > 1.1,1.1262459863266105,1.0016880909463515,0.9711538461538461,17.91208974438231,0,62.875,1.1262459863266105,17.91208974438231,nan,nan,1.0579657067324326,49.81921532242421,3.4847270502553305,1.3877845086469276,0,1.0,1.0,0.0824111421542138,1.0,0.0,0.0,0.0,1.0,0.0,1.0,0.4498810744999675,0.0,0.0,1.0,0.0,1.0,0.0,0.17604946948179398,0.0,0.0,0.0,1.0,0.0,0.0,0.0,0.0,1.0,0.5857136530218369,1.0,0.0,1.0,1.0,0.0,0.0,1.0,1.0,1.0,0.0,1.0,0.0,0.0,1.0,0.0,1.0,0.0,1.0,0.0,0.0,0.0,1.0,1.0,0.0,0.0,1.0,0.0,0.13428334768813063,1.0,1.0,1.0,0.0,0.0,0.0,0.0,1.0,1.0,0.0,1.0,0.7563783754731941,1.0,0.0,0.0,1.0,1.0,0.0,1.0,0.0,0.0,1.0,0.0,0.8730550450136932,0.20663090516475346,0.0,0.0,0.0,1.0,1.0,0.0,1.0,0.0,0.0,1.0,1.0,1.0,0.0,1.0,1.0,0.0,0.0,1.0,0.0
180,additive/lengthscale,aligned10,6,4.784453231953134,4.792607264736121,4.9051107164578545,4.825302937685668,0.015725226806896586,-7.289220686131765,47.76733767497353,148.3481695628725,1,1,excluded,n_eff_min 15.4 < 16.0,1.0735521122882494,1.000475372940164,0.9711538461538461,15.38880740982675,0,62.75,1.0735521122882494,15.38880740982675,nan,nan,1.0442402944158449,29.732605934843793,3.4909219840932626,1.3864038600121582,0,1.0,1.0,0.08826950012242801,1.0,0.0,0.0,0.0,1.0,0.0,1.0,0.0,0.0,0.0,1.0,0.0,1.0,0.0,0.0,0.0,0.0,0.0,1.0,0.0,0.0,0.0,0.0,1.0,0.56167562845715,1.0,0.0,1.0,1.0,0.0,0.0,1.0,1.0,1.0,0.0,1.0,0.0,0.0,1.0,1.0,1.0,0.0,1.0,1.0,1.0,0.0,0.0,1.0,0.0,0.0,1.0,0.0,0.08452359919621427,1.0,1.0,1.0,0.0,0.0,0.0,0.0,1.0,1.0,0.0,1.0,0.7823453084623486,1.0,0.0,1.0,1.0,1.0,0.0,1.0,0.0,0.0,1.0,0.0,0.9113333760022984,0.20160620808442473,1.0,0.0,1.0,0.0,1.0,0.0,1.0,0.0,0.0,1.0,1.0,0.0,0.0,1.0,1.0,0.0,0.0,1.0,1.0
181,additive/lengthscale,aligned10,6,4.452434117565706,4.540152130689095,4.9051107164578545,4.825302937685668,0.015725226806896586,-6.294878551298538,51.05394886084832,185.1949854469858,1,1,excluded,r_hat_max 1.162 > 1.1; n_eff_min 12.7 < 16.0,1.1623587011463064,1.0000467641635389,0.9615384615384616,12.73481290099402,0,62.875,1.1623587011463064,12.73481290099402,nan,nan,1.0310736279935493,77.8429552971692,3.4980685655731514,1.3858894228388416,0,1.0,1.0,0.08564365346840667,1.0,0.0,0.0,0.0,1.0,0.0,1.0,0.0,0.0,0.0,1.0,0.0,1.0,0.41137160278886115,0.035833720968346576,0.0,0.0,0.0,1.0,0.0,0.0,0.0,0.0,1.0,0.5681308936861247,1.0,0.0,1.0,1.0,0.0,0.0,1.0,1.0,0.0,0.0,0.0,0.0,1.0,1.0,1.0,0.0,0.0,1.0,0.0,0.0,0.0,1.0,1.0,0.0,0.0,1.0,0.0,0.0016546933708518055,1.0,1.0,1.0,0.0,0.0,0.0,0.0,1.0,1.0,0.0,0.001431031396025178,0.7590050259955345,1.0,0.0,0.0,1.0,1.0,0.0,1.0,0.0,0.0,1.0,0.0,0.8355308974658004,0.07064960811600852,1.0,0.0,1.0,1.0,1.0,0.0,1.0,0.0,0.0,1.0,1.0,1.0,0.0,1.0,1.0,0.0,0.0,1.0,1.0
182,additive/lengthscale,aligned10,6,4.517777865548084,4.601534767053073,4.9051107164578545,4.825302937685668,0.015725226806896586,-5.663490898888691,47.93033601902425,220.72059169993736,1,1,excluded,r_hat_max 1.127 > 1.1; n_eff_min 13.8 < 16.0,1.127030819753749,1.0017401855367534,0.9519230769230769,13.780109472006464,0,63.0,1.127030819753749,13.780109472006464,nan,nan,1.042099478021648,26.057729962848384,3.5033123323423414,1.3838761601548615,0,1.0,1.0,0.08553728801913146,1.0,0.0,0.0,1.0,1.0,0.0,1.0,0.0,0.0,0.0,1.0,0.0,1.0,0.0,0.0,0.0,0.0,0.0,1.0,0.0,0.0,0.0,0.0,1.0,0.5720079486122135,1.0,0.0,1.0,1.0,0.0,0.0,1.0,0.8520093566348534,1.0,0.0,1.0,0.0,0.0,1.0,0.0,1.0,0.0,1.0,0.0,0.0,0.0,1.0,1.0,0.0,0.0,1.0,0.0,0.05568959496850706,1.0,1.0,1.0,0.0,1.0,0.0,0.0,1.0,1.0,0.0,1.0,0.7574599646488863,1.0,0.0,0.0,1.0,1.0,0.0,1.0,0.0,0.0,1.0,0.0,0.8957125773125674,0.20255533211508606,1.0,0.0,1.0,1.0,1.0,0.0,1.0,0.0,0.0,1.0,1.0,0.0,0.0,1.0,1.0,0.0,0.0,1.0,1.0
183,additive/lengthscale,aligned10,6,4.836968205142394,4.765608699066777,4.9051107164578545,4.825302937685668,0.015725226806896586,-6.677927776365804,51.85753635899164,193.03856074204668,1,1,excluded,r_hat_max 1.107 > 1.1,1.1073250518808868,1.003648732241551,0.9423076923076923,25.76917811603605,0,62.625,1.1073250518808868,25.76917811603605,nan,nan,1.018899667477319,83.12039766636366,3.508855859846198,1.3821147253154005,0,1.0,1.0,0.1197743771298587,1.0,0.0,0.0,0.0,1.0,1.0,0.0,0.0,0.0,0.0,1.0,0.0,1.0,0.0,0.0,0.0,0.0,0.0,1.0,0.0,1.0,0.0,0.0,1.0,0.5563709404305048,1.0,0.0,1.0,1.0,0.0,0.0,1.0,1.0,1.0,0.0,1.0,0.0,0.0,1.0,1.0,1.0,0.0,1.0,0.0,0.0,0.0,1.0,1.0,0.0,0.0,0.0,0.0,0.0,1.0,1.0,0.0,0.0,0.0,0.0,0.0,1.0,1.0,0.0,0.0,0.7890959970364916,1.0,0.0,1.0,1.0,1.0,0.0,1.0,0.0,0.0,0.0,0.0,0.9021442785883802,0.1904516087217139,1.0,0.0,1.0,0.0,1.0,0.0,1.0,0.0,0.0,1.0,0.0,0.0,0.0,1.0,1.0,1.0,0.0,1.0,0.0
184,additive/lengthscale,aligned10,6,4.966056472465422,4.813888334375584,4.966056472465422,4.825302937685668,0.015725226806896586,-6.187406919967939,48.1466408430133,158.543888553977,1,1,excluded,r_hat_max 1.189 > 1.1; n_eff_min 10.8 < 16.0,1.1887200768261768,1.0072062855217752,0.8557692307692307,10.824904464858493,0,62.75,1.1887200768261768,10.824904464858493,nan,nan,1.0062107048025069,110.39357920159549,3.516073861722808,1.3818080860231092,0,1.0,1.0,0.07753951925265458,1.0,0.0,0.0,0.0,1.0,0.0,0.0,0.0,0.0,0.0,1.0,0.0,1.0,0.0,0.0,0.0,0.0,0.0,1.0,0.0,0.0,0.0,0.0,1.0,0.5264993898495008,1.0,0.0,1.0,1.0,0.0,0.0,0.5246599319870172,1.0,0.0,0.0,1.0,0.0,0.0,1.0,1.0,1.0,0.0,1.0,0.0,0.0,0.0,1.0,1.0,0.0,0.0,1.0,0.0,0.0,1.0,1.0,1.0,0.0,0.0,0.0,0.0,1.0,1.0,0.0,1.0,0.7804048285576,1.0,0.0,1.0,1.0,1.0,0.0,1.0,1.0,0.0,1.0,0.0,0.8568474931864178,0.19307712727407483,1.0,0.0,1.0,0.0,1.0,0.0,1.0,0.0,0.0,1.0,0.0,0.0,0.0,1.0,1.0,0.0,0.0,1.0,1.0
185,additive/lengthscale,aligned10,6,4.757223852756411,4.7749255559587,4.966056472465422,4.825302937685668,0.015725226806896586,-8.499848887429563,52.47054287302308,133.75803751708008,1,1,excluded,r_hat_max 1.127 > 1.1,1.126972480712135,1.0064042865010774,0.9423076923076923,22.83361476756651,0,63.0,1.126972480712135,22.83361476756651,nan,nan,1.027560213052611,183.84243465557103,3.5239116055646598,1.382163413722998,0,1.0,1.0,0.09176907655658138,1.0,0.0,0.0,0.0,1.0,0.0,0.0,0.0,0.0,0.0,1.0,0.0,1.0,0.0,0.0,0.0,0.0,0.0,1.0,0.0,0.0,0.0,0.0,1.0,0.4655141342234574,1.0,0.0,1.0,1.0,0.0,0.0,0.0,1.0,0.0,0.0,1.0,0.0,0.0,1.0,1.0,1.0,0.0,1.0,1.0,0.0,0.0,1.0,1.0,0.0,0.0,1.0,0.0,0.09759955645566325,1.0,1.0,1.0,0.0,0.0,0.0,0.0,1.0,1.0,0.0,1.0,0.7906084620206834,1.0,0.0,1.0,1.0,1.0,0.0,1.0,1.0,1.0,1.0,0.0,0.8360116625715602,0.1974345601109816,1.0,0.0,1.0,0.0,1.0,0.0,1.0,0.0,0.0,1.0,0.0,0.0,0.0,1.0,1.0,0.0,0.0,1.0,1.0
186,additive/lengthscale,aligned10,6,4.717216406136519,4.711086105881505,4.966056472465422,4.825302937685668,0.015725226806896586,-4.681805613165151,48.1488868589513,165.04305992508307,1,1,ok,,1.0554353333458306,1.0023705180133127,0.9903846153846154,33.22652016822368,0,62.75,1.0554353333458306,33.22652016822368,nan,nan,1.020227679263797,71.36754352561651,3.5305423165710668,1.3813901099577064,0,1.0,1.0,0.0785947639622998,1.0,0.0,0.0,0.0,1.0,0.0,0.0,0.0,0.0,0.0,1.0,0.0,1.0,0.2785083257467333,0.0,0.0,0.0,0.0,1.0,0.0,0.0,0.0,0.0,1.0,0.5638923023190016,1.0,0.0,1.0,1.0,0.0,0.0,0.43120333628150664,1.0,1.0,0.0,1.0,1.0,0.0,1.0,1.0,1.0,0.0,1.0,0.0,0.0,0.41356809124903704,1.0,1.0,0.0,0.0,1.0,0.0,0.07177152472613181,1.0,1.0,1.0,0.0,0.0,0.0,0.0,1.0,1.0,0.0,0.0,0.7845776744478055,1.0,0.0,1.0,1.0,1.0,0.0,0.0,1.0,0.0,0.0,0.0,1.0,0.2004282472313313,1.0,0.0,0.0,0.0,1.0,0.0,1.0,0.0,0.0,1.0,1.0,0.0,0.0,1.0,1.0,0.0,0.0,1.0,0.0
187,additive/lengthscale,aligned10,6,3.968448944145791,3.919331154866363,4.966056472465422,4.825302937685668,0.015725226806896586,-4.553212274599625,51.53171991300769,186.02485310891643,1,1,excluded,r_hat_max 1.235 > 1.1; n_eff_min 11.6 < 16.0,1.23455655355532,1.0153157979693894,0.8269230769230769,11.634515737869137,0,63.0,1.23455655355532,11.634515737869137,nan,nan,1.0328765793586523,57.174553142855196,3.5368881673174055,1.380407308746336,0,1.0,1.0,0.10362836930437459,1.0,0.0,0.0,0.0,1.0,0.0,0.0,0.0,0.0,0.0,1.0,0.6414614274720244,1.0,0.0,0.0,0.0,0.0,0.0,1.0,0.0,0.0,0.0,0.0,1.0,0.672591227179506,1.0,0.0,1.0,1.0,0.0,0.0,1.0,0.3237765918801278,0.0,0.0,1.0,1.0,0.0,1.0,1.0,1.0,0.0,1.0,0.0,0.0,0.0,0.0,1.0,0.0,0.0,0.0,0.0,0.004644153374139129,1.0,1.0,1.0,0.0,0.0,0.0,0.0,1.0,1.0,0.0,1.0,0.7694590998551061,1.0,0.0,1.0,1.0,1.0,0.0,1.0,0.0,0.0,1.0,0.0,1.0,0.19743455553179245,1.0,0.0,1.0,0.0,1.0,0.0,1.0,0.0,0.0,1.0,0.0,0.0,0.0,1.0,1.0,0.0,0.0,0.0,1.0
188,additive/lengthscale,aligned10,6,4.72292430547184,4.777532054464097,4.966056472465422,4.825302937685668,0.015725226806896586,-9.437623144593626,48.2062954811845,155.2479190020822,1,1,excluded,r_hat_max 1.232 > 1.1; n_eff_min 7.2 < 16.0,1.2318850087059583,1.0043614845974602,0.9038461538461539,7.193810166678254,0,63.0,1.2318850087059583,7.193810166678254,nan,nan,1.0131547006153712,47.501127927083864,3.5391837033643654,1.3770889456090658,0,1.0,1.0,0.10724593130685717,1.0,0.0,0.0,0.0,1.0,1.0,0.0,0.0,0.0,0.0,1.0,0.0,1.0,0.0,0.0,0.0,0.0,0.0,1.0,0.0,0.0,0.0,0.0,1.0,0.5472589296757073,1.0,0.0,1.0,1.0,0.0,0.0,1.0,1.0,0.0,0.0,1.0,0.0,0.0,1.0,1.0,1.0,0.0,1.0,0.0,0.0,0.0,1.0,1.0,0.0,0.0,1.0,0.0,0.07570591505659471,1.0,1.0,1.0,0.0,0.0,0.0,0.0,1.0,1.0,0.0,1.0,0.81429165485259,1.0,0.0,1.0,1.0,1.0,0.0,1.0,1.0,0.0,1.0,0.0,0.8772024757766403,0.19956000665750057,0.0,0.0,1.0,0.0,1.0,0.0,1.0,0.0,0.0,1.0,1.0,0.0,0.0,1.0,1.0,0.0,0.0,1.0,1.0
189,additive/lengthscale,aligned10,6,4.894986669593879,4.807623444013268,4.966056472465422,4.825302937685668,0.015725226806896586,-9.871873351981755,51.12637699092738,191.5724376309663,1,1,excluded,n_eff_min 13.3 < 16.0,1.074387982016912,1.0000544737255943,0.9807692307692307,13.338763604248644,0,62.75,1.074387982016912,13.338763604248644,nan,nan,1.0001078302645208,89.6361742613697,3.5454468811532944,1.3761231739534687,0,1.0,1.0,0.09417273956521989,1.0,0.0,0.0,0.0,1.0,0.0,1.0,0.0,0.0,0.0,1.0,0.0,1.0,0.0,0.0,0.0,0.0,0.0,1.0,0.0,0.219396428454595,0.0,0.0,1.0,0.5551951325452292,1.0,0.0,1.0,1.0,0.0,0.0,1.0,1.0,1.0,0.0,1.0,0.0,0.0,1.0,1.0,1.0,0.0,1.0,1.0,0.0,0.0,0.0,1.0,0.0,0.0,1.0,0.0,0.0,1.0,1.0,1.0,0.0,0.0,0.0,0.0,1.0,1.0,0.0,1.0,0.7696367097125035,1.0,0.0,1.0,1.0,1.0,0.0,1.0,1.0,0.0,1.0,0.0,0.8263722875414454,0.19826772927105832,1.0,0.0,1.0,1.0,1.0,0.0,1.0,0.0,0.0,1.0,0.0,0.0,0.0,1.0,1.0,0.0,0.0,1.0,1.0
190,additive/lengthscale,aligned10,6,4.769368969737832,4.806975955026326,4.966056472465422,4.825302937685668,0.015725226806896586,-9.526702018885402,48.06551185087301,131.54722934402525,1,1,excluded,n_eff_min 13.6 < 16.0,1.058339816359623,1.0001459043542598,0.9903846153846154,13.553373906311165,0,63.0,1.058339816359623,13.553373906311165,nan,nan,1.0263007021082693,59.81066752965886,3.552549722145087,1.3759662732318603,0,1.0,1.0,0.09216306887196883,1.0,0.0,1.0,0.0,1.0,0.0,1.0,0.0,0.0,0.0,1.0,0.0,1.0,0.0,0.0,0.0,0.0,1.0,1.0,0.0,0.0,0.0,0.0,1.0,0.5340287745027213,1.0,0.0,1.0,1.0,0.0,0.0,1.0,1.0,0.0,0.0,1.0,0.0,0.0,1.0,1.0,1.0,0.0,1.0,0.0,0.0,0.0,1.0,1.0,0.0,1.0,1.0,0.0,0.0,1.0,1.0,1.0,0.0,0.0,0.0,0.0,1.0,1.0,0.0,1.0,0.7767210105592585,1.0,0.0,1.0,1.0,1.0,0.0,1.0,1.0,0.0,1.0,0.0,0.8239626982689399,0.18187036216969044,1.0,0.0,1.0,1.0,1.0,0.0,1.0,0.0,0.0,1.0,0.0,0.0,0.0,1.0,1.0,0.0,0.0,1.0,1.0
191,additive/lengthscale,aligned10,6,4.863274959817437,4.801801278401188,4.966056472465422,4.825302937685668,0.015725226806896586,-7.232700398792341,51.86314705014229,199.84516464802437,1,1,ok,,1.0743035508186412,0.9996946345210268,0.9903846153846154,31.74052265878437,0,62.375,1.0743035508186412,31.74052265878437,nan,nan,1.0049518540199645,152.2976337213465,3.558920503546096,1.3751662482180536,0,1.0,0.0,0.10454823083230146,1.0,0.0,0.0,0.0,1.0,0.0,0.4748115637351026,0.0,0.0,0.0,1.0,0.0,1.0,0.0,0.0,0.0,0.2713372562190368,0.0,1.0,0.0,1.0,0.0,0.0,1.0,0.5614439939056288,1.0,0.0,1.0,1.0,0.0,0.0,0.5035311028288001,1.0,1.0,1.0,0.0,0.0,0.0,1.0,1.0,1.0,0.0,1.0,0.0,0.0,0.0,0.0,1.0,0.0,0.0,1.0,0.0,0.0,1.0,1.0,1.0,0.0,0.0,0.0,0.0,1.0,1.0,0.0,1.0,0.7813244449833724,1.0,0.0,1.0,1.0,1.0,0.0,1.0,0.0,1.0,1.0,0.0,0.8672474213846673,0.1969016208240728,1.0,0.0,1.0,0.48926708098238797,1.0,0.0,1.0,0.0,0.0,1.0,0.0,0.0,0.0,1.0,1.0,0.0,0.0,1.0,1.0
192,additive/lengthscale,aligned10,6,4.416257534111906,4.547357377711186,4.966056472465422,4.825302937685668,0.015725226806896586,-7.134290559888115,45.17566609987989,124.84985772194341,1,1,excluded,r_hat_max 1.294 > 1.1; n_eff_min 6.4 < 16.0,1.2938522615883286,1.0027870765894096,0.9326923076923077,6.368211500657277,0,62.75,1.2938522615883286,6.368211500657277,nan,nan,1.0622651706464958,28.23055025139617,3.5657140163391756,1.3747901005592746,0,1.0,1.0,0.0862663407987529,1.0,0.0,0.0,0.0,1.0,0.0,0.0,0.0,0.0,0.0,1.0,0.0,1.0,0.0,0.0,0.0,0.0,0.0,1.0,0.0,0.04378305728861116,0.0,0.0,1.0,0.5784638347074447,1.0,0.0,1.0,1.0,0.0,0.0,1.0,1.0,0.0,0.0,1.0,0.0,0.0,1.0,1.0,1.0,0.0,1.0,0.0,0.0,0.0,1.0,1.0,0.0,0.0,1.0,0.0,0.08116739082645522,1.0,1.0,1.0,0.0,0.0,0.0,0.0,1.0,1.0,0.0,1.0,0.6180591641275897,1.0,0.0,1.0,1.0,1.0,0.0,1.0,1.0,0.0,1.0,0.0,0.8679067923973827,0.19684976690265912,1.0,0.0,1.0,1.0,1.0,0.0,1.0,0.0,0.0,1.0,0.0,0.0,0.0,1.0,1.0,0.0,0.0,1.0,1.0
193,additive/lengthscale,aligned10,6,4.6619513186366275,4.801833191440207,4.966056472465422,4.825302937685668,0.015725226806896586,-8.202487107485755,54.378684115828946,191.1344055798836,1,1,excluded,r_hat_max 1.135 > 1.1,1.1352264560624776,1.0035065755866563,0.9423076923076923,21.14879858116363,0,63.0,1.1352264560624776,26.764779662898516,nan,nan,1.0593601860387953,21.14879858116363,3.570120977571159,1.3725828636946924,0,1.0,1.0,0.0959600914606108,1.0,1.0,0.0,0.0,1.0,0.0,0.0,0.0,0.0,0.0,1.0,0.0,1.0,0.0,0.0,0.0,0.0,0.0,1.0,0.0,0.0,0.0,0.0,1.0,0.5424224771401641,1.0,0.0,1.0,1.0,0.0,0.0,0.44456051314864253,1.0,1.0,0.5220832192934618,0.0,0.0,0.0,1.0,0.0,1.0,0.0,1.0,0.0,0.0,0.0,1.0,1.0,0.0,0.0,1.0,0.0,0.0,1.0,1.0,1.0,0.0,0.0,0.0,0.0,1.0,1.0,0.0,1.0,0.7905891572813281,0.0,0.0,0.0,1.0,1.0,0.0,1.0,0.0,0.0,1.0,0.0,0.8370933707194805,0.2027191224827116,1.0,0.0,1.0,1.0,0.0,0.0,1.0,0.0,0.0,1.0,0.0,0.0,0.0,1.0,1.0,0.0,0.0,1.0,1.0
194,additive/lengthscale,aligned10,6,4.6929790202170665,4.7388217231896625,4.966056472465422,4.825302937685668,0.015725226806896586,-9.721483066490114,49.44575055502355,174.47914455807768,1,1,ok,,1.0654561900996466,1.0019159736492338,0.9903846153846154,27.12638173421638,0,63.0,1.0654561900996466,27.12638173421638,nan,nan,1.008340123922357,77.62668527671046,3.5757489690199495,1.3712715263458126,0,1.0,0.0,0.13089599770668564,1.0,0.0,0.0,0.0,1.0,0.0,0.0,0.0,0.0,0.0,1.0,0.0,1.0,0.0,0.0,0.0,0.0,0.0,1.0,0.0,1.0,0.0,0.0,1.0,0.5714527422848661,1.0,0.0,1.0,1.0,0.0,0.0,1.0,1.0,1.0,1.0,0.0,0.0,0.0,1.0,1.0,1.0,0.0,1.0,1.0,0.0,0.0,0.0,1.0,0.0,0.0,1.0,0.0,0.0,1.0,1.0,1.0,0.0,0.0,0.0,0.0,1.0,1.0,0.0,1.0,0.7679744874460253,1.0,0.0,1.0,1.0,1.0,0.0,1.0,1.0,1.0,0.0,0.0,0.9151180425144265,0.206441850515359,1.0,0.0,1.0,0.0,1.0,0.0,1.0,0.0,0.0,1.0,0.0,0.0,0.0,1.0,1.0,0.0,0.0,1.0,1.0
195,additive/lengthscale,aligned10,6,4.809450892843002,4.760483858190446,4.966056472465422,4.825302937685668,0.015725226806896586,-7.207357511855477,55.46697893412784,174.27329473104328,1,1,excluded,r_hat_max 1.160 > 1.1; n_eff_min 11.1 < 16.0,1.160455997436372,1.0053075014919264,0.8942307692307693,11.125307688824208,0,63.0,1.160455997436372,11.125307688824208,nan,nan,1.01254999381887,44.0943737928171,3.5814783538978836,1.3700769361625547,0,1.0,1.0,0.07838078599449758,1.0,0.0,0.0,0.0,1.0,0.0,0.0,0.0,0.0,0.0,1.0,0.0,1.0,0.0,0.0,0.0,0.0,0.0,1.0,0.0,1.0,0.0,0.0,1.0,0.5004472449402626,1.0,0.0,1.0,1.0,0.0,0.0,1.0,1.0,1.0,0.0,0.759189791817957,0.0,0.0,1.0,1.0,1.0,0.0,1.0,1.0,0.0,0.0,0.0,1.0,0.0,0.0,1.0,0.0,0.08460860812834432,1.0,1.0,1.0,1.0,0.0,0.0,0.0,1.0,1.0,0.0,1.0,0.777066533500426,1.0,0.0,1.0,1.0,1.0,0.0,0.0,0.0,0.0,1.0,0.0,0.9354377610134509,0.20098766155569522,1.0,0.0,0.0,1.0,1.0,0.0,1.0,0.0,0.0,1.0,1.0,0.0,0.0,1.0,1.0,0.0,0.0,1.0,1.0
196,additive/lengthscale,aligned10,6,4.325937175798058,4.527972821004566,4.966056472465422,4.825302937685668,0.015725226806896586,-4.590112676390971,52.13612793688662,168.19285190408118,1,1,excluded,r_hat_max 1.216 > 1.1; n_eff_min 14.5 < 16.0,1.215741794944045,1.0040784308909714,0.9038461538461539,14.519323294592537,0,62.875,1.215741794944045,14.519323294592537,nan,nan,1.044871338057828,77.97405096727118,3.58774351991291,1.3693750087332717,0,1.0,1.0,0.08596797370046069,1.0,0.0,0.00040788137926124445,0.0,1.0,0.0,0.0,0.0,0.0,0.0,0.0,0.0,1.0,0.0,0.0,0.0,0.0,0.0,0.6460445888766031,0.0,0.0,0.0,0.0,1.0,0.5519841652702422,1.0,0.0,1.0,1.0,0.0,0.0,1.0,1.0,0.0,0.0,1.0,0.0,0.0,1.0,1.0,1.0,0.0,1.0,0.0,0.0,0.0,0.0,1.0,0.0,0.0,1.0,0.0,0.03995019426231012,1.0,1.0,1.0,0.0,0.0,0.0,0.0,1.0,1.0,0.0,1.0,0.7734760383493411,1.0,0.0,1.0,1.0,1.0,0.0,1.0,0.0,0.0,1.0,0.0,0.8742081380356614,0.19880506542907234,1.0,0.0,1.0,0.0,1.0,0.0,1.0,0.0,0.0,1.0,0.0,0.0,0.0,1.0,1.0,0.0,0.0,1.0,1.0
197,additive/lengthscale,aligned10,6,4.30847883365472,4.481369705523431,4.966056472465422,4.825302937685668,0.015725226806896586,-6.2905778820682645,55.38102273410186,248.38848079997115,1,1,excluded,r_hat_max 1.189 > 1.1; n_eff_min 15.5 < 16.0,1.18922179572856,1.0099194276590928,0.8846153846153846,15.461265702096478,0,63.0,1.18922179572856,15.461265702096478,nan,nan,1.0260285339243456,95.52416451458659,3.5914906958311086,1.3669020792755397,0,1.0,1.0,0.07029997317906062,1.0,0.5473573884910624,0.0,0.0,1.0,0.09828288512131982,1.0,1.0,0.26440564326896854,0.0,1.0,0.0,1.0,0.0,0.0,0.0,0.0,0.0,1.0,0.0,1.0,0.0,0.0,1.0,0.6710186249075001,1.0,0.0,1.0,1.0,0.0,0.0,1.0,1.0,0.0,0.0,1.0,0.0,0.0,1.0,1.0,1.0,0.0,1.0,0.0,0.0,0.0,0.0,1.0,0.0,0.0,1.0,0.0,0.1451924937887253,1.0,1.0,1.0,0.0,0.0,0.0,1.0,1.0,1.0,0.0,0.0,0.7793015122237104,1.0,0.0,0.432710402650993,0.0,1.0,0.0,1.0,0.0,0.0,1.0,0.0,0.8757920956145507,0.20259190030134006,1.0,0.0,1.0,0.0,1.0,0.0,1.0,0.0,0.0,1.0,0.0,0.0,0.0,1.0,1.0,0.0,0.0,1.0,0.9991928491753651
198,additive/lengthscale,aligned10,6,4.7711734850821,4.780839752803463,4.966056472465422,4.825302937685668,0.015725226806896586,-9.651010663245485,52.247407833114266,120.48563867388293,1,1,excluded,r_hat_max 1.238 > 1.1; n_eff_min 9.1 < 16.0,1.2380206994180958,1.0030580270900016,0.9326923076923077,9.097426977354772,0,63.0,1.2380206994180958,9.097426977354772,nan,nan,1.0508889350065298,78.5611019166791,3.5951118480423387,1.3643929175943743,0,1.0,1.0,0.09493732477990469,1.0,0.0,0.0,0.0,1.0,0.0,1.0,0.0,0.0,0.0,1.0,0.0,1.0,0.0,0.0,0.0,0.0,0.0,1.0,0.0,0.1895293991272415,0.0,0.0,1.0,0.4741092180626833,1.0,0.0,1.0,1.0,0.0,0.0,1.0,1.0,1.0,0.0,0.0,1.0,0.0,1.0,1.0,1.0,0.0,1.0,0.0,0.0,0.0,1.0,1.0,0.0,0.0,0.0,0.0,0.0,1.0,1.0,1.0,0.0,0.0,0.0,0.0,1.0,1.0,0.0,0.0,0.777830268548045,1.0,0.0,0.0,1.0,1.0,0.0,1.0,0.0,0.0,1.0,0.0,0.8514106433113404,0.19398718027150322,0.0,0.0,1.0,1.0,1.0,0.0,1.0,0.0,0.0,1.0,1.0,1.0,0.0,1.0,1.0,0.0,0.0,1.0,1.0
199,additive/lengthscale,aligned10,6,4.912528164652294,4.807470527981565,4.966056472465422,4.825302937685668,0.015725226806896586,-6.262177709219674,56.411709296982735,179.879107468063,1,1,excluded,r_hat_max 1.249 > 1.1; n_eff_min 6.2 < 16.0,1.2490390693124664,1.0045319421976393,0.8942307692307693,6.23012002888283,0,63.0,1.2490390693124664,6.23012002888283,nan,nan,1.0770289220051172,34.50805800961847,3.6010217055149,1.3634987534230154,1,1.0,1.0,0.08388357119771472,1.0,0.0,0.0,0.0,1.0,0.04262437357191452,1.0,0.0,0.0,0.0,1.0,0.0,1.0,0.0,0.0,0.0,0.0,0.0,1.0,0.0,0.2190105941906812,0.0,0.0,1.0,0.5259726148291947,1.0,0.0,1.0,1.0,0.0,0.0,1.0,1.0,1.0,1.0,0.0,0.0,0.0,1.0,1.0,1.0,0.0,1.0,0.0,0.0,0.0,1.0,1.0,0.0,0.0,1.0,0.0,0.06265261888255971,1.0,1.0,1.0,0.0,0.0,0.0,0.0,1.0,1.0,0.0,1.0,0.7797142161284056,1.0,0.0,1.0,1.0,1.0,0.0,1.0,0.0,0.0,1.0,0.0,0.8847478478733225,0.1978995923382738,1.0,0.0,1.0,1.0,1.0,0.0,1.0,0.0,0.0,1.0,1.0,1.0,0.0,1.0,1.0,0.0,0.0,1.0,0.9707971429837832
