t,method,family,seed,y,f,best_obs,best_f,regret,acq_value,fit_wall_s,acq_wall_s,fit_calls,nuts_attempts,status,reason,r_hat_max,r_hat_median,frac_r_hat_below_1_05,n_eff_min,divergences,num_steps_mean,r_hat_max_native,n_eff_min_native,r_hat_max_ell,n_eff_min_ell,r_hat_max_global,n_eff_min_global,y_mean,y_std,sobol_computed,x_0,x_1,x_2,x_3,x_4,x_5,x_6,x_7,x_8,x_9,x_10,x_11,x_12,x_13,x_14,x_15,x_16,x_17,x_18,x_19,x_20,x_21,x_22,x_23,x_24,x_25,x_26,x_27,x_28,x_29,x_30,x_31,x_32,x_33,x_34,x_35,x_36,x_37,x_38,x_39,x_40,x_41,x_42,x_43,x_44,x_45,x_46,x_47,x_48,x_49,x_50,x_51,x_52,x_53,x_54,x_55,x_56,x_57,x_58,x_59,x_60,x_61,x_62,x_63,x_64,x_65,x_66,x_67,x_68,x_69,x_70,x_71,x_72,x_73,x_74,x_75,x_76,x_77,x_78,x_79,x_80,x_81,x_82,x_83,x_84,x_85,x_86,x_87,x_88,x_89,x_90,x_91,x_92,x_93,x_94,x_95,x_96,x_97,x_98,x_99
20,product/amplitude,decoupled,1,0.9955371372963133,1.0449904897197426,1.66940849719751,1.7294152561931742,2.38232953825236,0.1251130618123799,32.378856943920255,117.99906269297935,1,1,excluded,r_hat_max 1.562 > 1.1; n_eff_min 6.1 < 16.0,1.5623528018674204,1.0230197598172062,0.6600985221674877,6.145565132888425,0,63.0,1.412561505115929,6.305173426306672,1.5623528018674204,6.145565132888425,1.1519220577096119,32.96070553304572,0.01867119759775886,1.367272650686939,0,1.0,1.0,0.0,0.0,0.0,0.0,1.0,0.0,0.0,1.0,1.0,1.0,0.0,1.0,1.0,1.0,1.0,1.0,0.0,0.0,0.0,0.0,0.0,0.0,1.0,1.0,1.0,0.0,1.0,1.0,1.0,1.0,1.0,0.0,0.0,1.0,1.0,1.0,0.0,1.0,0.44585782586234723,0.0,1.0,0.0,0.4177934232905613,0.0,0.0,1.0,1.0,1.0,0.0,1.0,0.0,0.0,1.0,0.0,0.0,0.0,0.0,0.0,0.0,1.0,0.0,0.0,0.0,0.0,0.0,0.0,1.0,1.0,1.0,1.0,1.0,0.0,1.0,1.0,1.0,1.0,1.0,1.0,1.0,1.0,1.0,0.0,0.0,1.0,1.0,0.0,0.0,0.0,0.0,1.0,0.0,0.758313118707517,1.0,1.0,1.0,0.35388472401442445,1.0,1.0
21,product/amplitude,decoupled,1,1.9652935430782164,1.873303776584998,1.9652935430782164,1.873303776584998,2.238441017860536,-0.1622741867902886,27.46034844708629,155.60518588288687,1,1,excluded,r_hat_max 1.530 > 1.1; n_eff_min 5.9 < 16.0,1.529564956968559,1.028031363061001,0.6502463054187192,5.86779268477647,0,63.0,1.529564956968559,5.86779268477647,1.458271115669382,6.905514528139292,1.028031363061001,63.87098220973778,0.06518862329769003,1.350441123726829,0,0.0,1.0,0.0,0.0,0.0,0.0,1.0,0.0,1.0,0.0,1.0,0.0,0.0,0.9169269115609285,1.0,1.0,0.0,0.0,0.0,0.0,0.0,0.0,0.0,1.0,0.7827790739512895,1.0,1.0,0.0,0.0,1.0,0.0,0.0,0.0,0.0,1.0,1.0,1.0,1.0,1.0,0.5233246434197424,1.0,0.0,0.8229974998180958,0.0,0.6910442334514256,0.0,0.0,0.0,0.0,0.0,0.0,0.10122692611444287,1.0,0.0,0.0,0.0,0.0,0.0,0.0,0.0,0.0,1.0,0.0,0.0,0.0,0.0,0.0,1.0,0.4751199153742947,1.0,0.7516718449228679,1.0,1.0,0.4797600836884358,1.0,0.0,1.0,1.0,0.0,0.7408101232332143,0.0,0.0,1.0,0.0,0.5091520981008222,1.0,0.0,1.0,0.0772589397613077,0.0,1.0,0.0,1.0,1.0,0.0,1.0,0.4489687093880187,0.0,0.7215399974068474,0.4504244932846969
22,product/amplitude,decoupled,1,-0.16247814215523287,-0.016919578499824645,1.9652935430782164,1.873303776584998,2.238441017860536,-0.5239389332385564,27.14825600106269,118.00266432017088,1,1,excluded,r_hat_max 1.506 > 1.1; n_eff_min 5.4 < 16.0,1.5057955802223608,1.0248343022089264,0.6847290640394089,5.379553676617741,0,63.0,1.5057955802223608,5.379553676617741,1.4732819011489608,6.896836618291515,1.273971134510972,12.597152059637835,0.1515570287422594,1.3774780228535495,0,0.0,1.0,0.0,0.0,0.0,0.0,0.6113234772169996,0.0,1.0,0.0,1.0,0.0,0.0,1.0,1.0,1.0,0.0,0.0,0.0,0.0,1.0,0.0,0.0,1.0,1.0,1.0,0.6732357135409824,0.0,0.0,1.0,1.0,0.0,0.0,0.0,1.0,1.0,1.0,1.0,0.0,1.0,1.0,1.0,1.0,0.0,0.0,0.0,0.0,0.0,0.0,0.0,0.0,0.0,1.0,0.0,0.0,0.0,0.0,0.0,1.0,0.0,1.0,1.0,1.0,1.0,0.0,1.0,0.0,1.0,0.0,1.0,0.7351036870393941,1.0,1.0,1.0,1.0,0.0,1.0,1.0,0.0,0.0,0.0,0.0,1.0,0.0,0.0,1.0,0.0,1.0,0.0,0.0,1.0,1.0,1.0,1.0,0.0,1.0,1.0,0.0,0.6201114257469053,0.0
23,product/amplitude,decoupled,1,0.062406040646243534,0.01566496793482311,1.9652935430782164,1.873303776584998,2.238441017860536,-0.5118014651373954,27.539363572839648,126.08479639096186,1,1,excluded,r_hat_max 1.754 > 1.1; n_eff_min 4.5 < 16.0,1.7536424771201327,1.032173419855435,0.6059113300492611,4.491729878313141,0,63.0,1.4775891376271626,5.271176973035992,1.7536424771201327,4.491729878313141,1.0329553258445738,61.716120666935396,0.13790332565975974,1.348721388403609,0,0.0,1.0,0.5757612850525617,0.0,0.0,0.0,1.0,0.0,1.0,0.0,0.0,0.0,0.0,0.0,1.0,1.0,1.0,1.0,0.0,0.0,0.0,1.0,0.0,1.0,0.0,1.0,1.0,0.0,1.0,1.0,0.0,0.0,0.0,0.0,1.0,1.0,1.0,1.0,1.0,1.0,0.0,0.0,1.0,1.0,1.0,0.0,0.0,1.0,0.0,1.0,0.0,0.8088051231124276,1.0,0.0,0.0,0.0,1.0,0.0,0.0,0.0,0.0,0.4559992431955647,0.0,0.0,0.0,0.0,0.0,1.0,1.0,1.0,1.0,1.0,1.0,0.4694118843665223,0.8059968452144364,0.0,0.20319727104093604,1.0,0.8226465891246604,1.0,0.5085560083961311,0.0,1.0,0.0,1.0,0.0,0.0,1.0,0.0,0.0,0.5167009699499558,0.0,1.0,1.0,0.0,0.8068604976138688,1.0,0.0,1.0,1.0
24,product/amplitude,decoupled,1,2.4044304628123325,2.3888228016018904,2.4044304628123325,2.3888228016018904,1.7229219928436437,-0.6300065399760135,27.606455241097137,146.26893213903531,1,1,excluded,r_hat_max 1.483 > 1.1; n_eff_min 6.4 < 16.0,1.4830603675427083,1.0247356436061865,0.625615763546798,6.401989229561714,0,63.0,1.4830603675427083,6.401989229561714,1.4653529520891302,8.02227043495294,1.1759884407341046,22.605768846647145,0.1347576054508632,1.3204102608669979,0,1.0,1.0,0.9996564879963898,0.0,0.0,0.0,1.0,0.0,0.14717884841614637,1.0,0.0,1.0,1.0,1.0,1.0,1.0,0.0,0.5823088254084754,0.0,0.0,0.0,1.0,0.0,0.0,1.0,0.0,1.0,0.0,0.35273105496017465,0.0,0.0,0.0,0.2609090590216044,0.0,1.0,1.0,0.0,1.0,1.0,0.4629616357313882,1.0,0.44040241707068367,0.14245490862914412,0.0,1.0,0.0,0.0,0.0,1.0,0.0,1.0,1.0,0.0,1.0,1.0,0.0,0.0,0.0,0.0,1.0,0.2557800950019075,1.0,1.0,0.02168203476985361,0.0,1.0,0.0,0.0,1.0,0.0,1.0,0.0,0.0,0.49858943392560445,1.0,0.0,0.7788100943219161,1.0,1.0,1.0,0.0,0.33248509753357147,1.0,0.0,0.0,0.0,1.0,1.0,0.0,1.0,1.0,0.0,1.0,0.0,0.0,1.0,1.0,1.0,0.7549459970134025,0.4681598009774301
25,product/amplitude,decoupled,1,2.2681885210248782,2.3263251217313012,2.4044304628123325,2.3888228016018904,1.7229219928436437,-0.9735779791307517,27.8743366189301,147.25436682300642,1,1,excluded,r_hat_max 1.503 > 1.1; n_eff_min 6.3 < 16.0,1.502764166104764,1.0316680772078612,0.6305418719211823,6.316884219586098,0,63.0,1.502764166104764,6.316884219586098,1.4178783062596971,8.66917086259048,1.0529833518336782,17.53463353100784,0.225544519745322,1.3680490700604875,1,0.6100586245435703,1.0,1.0,1.0,0.0,0.5232433206721012,1.0,0.0,0.0,1.0,1.0,0.571877485807764,1.0,1.0,1.0,1.0,0.0,0.802350665495255,0.0,0.0,0.0,0.7175480666129753,0.13509084325226015,0.0,0.6314867987389584,0.0,1.0,0.0,1.0,0.0,0.0,0.11330865967029585,1.0,0.28871664292107596,1.0,1.0,0.0,1.0,1.0,0.5271773357919164,1.0,0.0,0.0,0.0,0.4971653280341977,0.0,0.0,0.0,1.0,0.0,1.0,1.0,0.0,1.0,1.0,0.0,0.0,0.0,0.0,0.0,0.0,1.0,0.0,0.0,0.0,0.0,0.0,0.0,1.0,0.0,0.772312447645444,0.0,0.0,1.0,1.0,0.0,1.0,1.0,1.0,1.0,0.0,0.0,1.0,0.0,0.0,0.0,1.0,1.0,0.0,1.0,1.0,0.0,1.0,0.0,1.0,0.5858711888514875,0.5657400664435158,1.0,0.5358923228992255,0.45673187614458893
26,product/amplitude,decoupled,1,2.3373533200525816,2.4460969581433982,2.4044304628123325,2.4460969581433982,1.6656478363021359,-1.117911022861217,28.183143737958744,144.41240460798144,1,1,excluded,r_hat_max 1.367 > 1.1; n_eff_min 6.6 < 16.0,1.3669251806226714,1.0283677763727366,0.6206896551724138,6.641174551946112,0,63.0,1.3669251806226714,6.641174551946112,1.3598864953036733,7.01918471393524,1.0360946364372814,44.798107806990764,0.3041077505637665,1.3978124978274094,0,1.0,1.0,1.0,0.0,0.0,0.0,1.0,0.0,0.0,1.0,0.7553628535653484,1.0,1.0,1.0,1.0,1.0,0.0,0.0,0.34658393261090076,0.18098524412278197,0.0,1.0,0.0,0.0,1.0,0.0,0.7959722312543799,0.0,1.0,0.0,0.0,0.0,1.0,0.0,1.0,1.0,0.0,0.2030106271944792,1.0,0.5148542874200603,0.9236339583847203,0.0,0.0,0.0,1.0,0.0,0.0,1.0,1.0,0.0,1.0,1.0,0.0,1.0,1.0,0.0,0.0,0.0,0.2226707772711776,1.0,0.0,1.0,1.0,0.0,0.0,1.0,0.0,0.14613417067494308,1.0,0.0,1.0,0.0,0.0,0.5408009755431976,1.0,0.0,1.0,1.0,1.0,0.8493720007096162,0.0,1.0,1.0,0.0,0.0,0.0,0.8301533442975616,0.0,0.0,1.0,1.0,0.0,1.0,0.0,1.0,1.0,1.0,1.0,0.6393464901917896,0.6818858597156703
27,product/amplitude,decoupled,1,2.3567593027495235,2.43869083674065,2.4044304628123325,2.4460969581433982,1.6656478363021359,-1.1922536771224894,28.391826827079058,230.98484251787886,1,1,excluded,r_hat_max 1.567 > 1.1; n_eff_min 6.1 < 16.0,1.5673849252413359,1.0280859071033517,0.6502463054187192,6.071596546555626,0,63.0,1.5673849252413359,6.071596546555626,1.2766720863477379,8.503519712823993,1.2073499053375958,9.655219710702742,0.3794131420263152,1.4244147264421358,0,1.0,1.0,1.0,0.0,0.0,0.0,1.0,0.0,0.010041280906600737,1.0,1.0,1.0,1.0,1.0,1.0,1.0,0.0,0.5546369623996502,0.0,0.0,0.36951253180000887,1.0,0.0,0.0,1.0,0.0,1.0,0.0,1.0,0.0,0.0,0.18448683820857842,1.0,0.0,1.0,1.0,0.0,1.0,1.0,0.5007311845971173,1.0,0.0,0.0,0.0,0.0,0.0,0.0,0.8876610336042907,1.0,0.0,1.0,1.0,0.0,1.0,1.0,0.0,0.7691971086458718,0.0,0.0,1.0,1.0,1.0,1.0,0.0,1.0,0.0,0.5442911473949558,0.0,1.0,0.0,1.0,0.0,0.0,0.45439430743910963,1.0,0.0,1.0,1.0,1.0,1.0,0.0,1.0,1.0,0.0,0.3117202474838986,0.0,1.0,1.0,0.0,1.0,0.0,0.0,1.0,0.44145393578957937,0.0,0.760576497338361,1.0,1.0,1.0,0.0
28,product/amplitude,decoupled,1,2.4057293753476046,2.196671150333744,2.4057293753476046,2.4460969581433982,1.6656478363021359,-1.3649976414804956,28.062508863862604,166.52270325901918,1,1,excluded,r_hat_max 1.556 > 1.1; n_eff_min 6.7 < 16.0,1.5562049992966625,1.0301924604927861,0.6009852216748769,6.698909432664234,0,63.0,1.4530828003534604,8.817629481686302,1.5562049992966625,6.698909432664234,1.1489613402457404,15.53783857797439,0.45003264776642976,1.4460797508043761,0,1.0,1.0,0.0,0.0,0.0,0.13928764920550776,1.0,0.0,0.0,0.7894015794102758,1.0,1.0,1.0,1.0,0.9448439564293004,1.0,0.0,0.6674514434378832,0.0,0.0,0.0,0.0,0.0,0.0,1.0,1.0,1.0,0.0,1.0,0.0,0.0,0.0,1.0,0.0,1.0,1.0,0.0,1.0,1.0,0.49247474154047854,1.0,1.0,0.0,0.0,1.0,0.0,0.0,0.0,0.9578798270018996,1.0,1.0,1.0,0.0,1.0,1.0,0.0,0.0,0.0,0.0,0.0,0.21166214807699638,1.0,1.0,0.0,0.0,0.4499007065714062,0.0,0.0,1.0,0.0,1.0,0.0,0.0,0.0,1.0,0.0,0.0,1.0,1.0,1.0,0.0,1.0,1.0,0.0,0.0,0.0,0.8166150149224647,1.0,0.0,1.0,0.0,1.0,0.7243170598316101,0.0,0.0,1.0,1.0,1.0,0.6209214413656482,0.6597692511416857
29,product/amplitude,decoupled,1,2.6092805721450993,2.618670175033041,2.6092805721450993,2.618670175033041,1.4930746194124933,-1.4195144394857162,28.364390111994,178.14976008003578,1,1,excluded,r_hat_max 1.505 > 1.1; n_eff_min 7.1 < 16.0,1.5049091747258523,1.0205474320694932,0.6551724137931034,7.131225035451478,0,63.0,1.3545868759665447,10.319435106327857,1.5049091747258523,7.131225035451478,1.1050294625364447,42.162106232529744,0.5174704659588841,1.46505228633466,0,1.0,1.0,0.10776399340628712,0.5026543001081846,0.0,0.0,1.0,0.0,0.11504604521026751,0.0,1.0,1.0,1.0,1.0,1.0,1.0,1.0,1.0,0.0,0.0,0.0,0.5025557222608497,0.0,0.0,1.0,1.0,1.0,0.0,0.6139069326597394,1.0,0.0,0.0,1.0,0.0,0.0,1.0,0.0,0.0,1.0,0.4836774097479331,1.0,0.0,1.0,0.0,1.0,0.09413649280546965,0.12912951522566513,0.0,1.0,1.0,0.0,1.0,1.0,1.0,1.0,0.0,0.0,0.0,0.0,0.0,0.0,1.0,1.0,0.0,0.0,0.4087272805702097,0.0,0.0,1.0,0.0,1.0,1.0,0.0,0.0,1.0,0.0,1.0,1.0,1.0,1.0,0.0,1.0,1.0,0.0,0.0,0.0,1.0,0.9482473122999605,0.0,1.0,0.0,1.0,1.0,0.1676109708332116,0.0,1.0,1.0,1.0,1.0,0.42643929182125584
30,product/amplitude,decoupled,1,2.0499736025180417,2.1353558267760784,2.6092805721450993,2.618670175033041,1.4930746194124933,-1.6092189119429694,28.819180310005322,159.93604466482066,1,1,excluded,r_hat_max 1.301 > 1.1; n_eff_min 6.2 < 16.0,1.3010423443244021,1.0250859872446183,0.6354679802955665,6.157813308996378,0,63.0,1.2909472944594693,8.512653725875085,1.3010423443244021,6.157813308996378,1.011939962256648,27.987978669276107,0.5871974694984246,1.4885651001193816,0,1.0,1.0,0.0,0.5052235423297884,0.0,0.0,1.0,0.0,0.0,0.0,1.0,1.0,0.0,1.0,1.0,0.8788636797395346,1.0,1.0,0.0,0.0,0.0,0.0,0.0,0.0,1.0,1.0,1.0,0.0,1.0,1.0,0.0,0.16022195311144583,1.0,0.25898275645070995,0.0,1.0,0.0,0.0,1.0,0.46947531654136876,1.0,0.0,1.0,0.0,1.0,0.0,0.15134150051677858,0.0,0.885277209058025,1.0,0.0,1.0,0.8423559840197512,0.9926051758398586,1.0,0.0,0.45051126678652564,0.5299400773725802,0.0,0.0,0.0,1.0,1.0,0.0,0.0,0.3813970827769202,0.24129593495065854,0.0,1.0,0.0,1.0,0.9547549465236274,0.0,0.0,1.0,0.0,1.0,1.0,1.0,0.82105722941459,0.0,1.0,1.0,0.0,0.0,0.0,1.0,1.0,0.13456046143556757,1.0,0.0,1.0,1.0,0.0,0.0,1.0,0.9002411456512902,0.48029842932466665,0.0,0.0
31,product/amplitude,decoupled,1,1.0171024690681807,1.186737701579557,2.6092805721450993,2.618670175033041,1.4930746194124933,-1.8543872155659158,28.787617867114022,167.70090948301367,1,1,excluded,r_hat_max 2.052 > 1.1; n_eff_min 4.1 < 16.0,2.0523142796302873,1.0335862975436914,0.5812807881773399,4.1496702954841025,0,63.0,2.0523142796302873,4.1496702954841025,1.5702292670719997,5.525979986273759,1.3907600644997702,12.450055127821658,0.6343837963700251,1.486991688171033,0,1.0,1.0,0.0,0.0,0.0,0.0,1.0,0.0,0.11894085991613924,0.7956205166244624,0.7569333429227192,1.0,1.0,0.0,0.9082591568438929,1.0,0.9288660857746391,0.0,0.0,0.0,0.0,0.6721151099951476,0.0,0.0,1.0,0.0,1.0,0.0,0.3693591218335638,0.0,0.0,0.0,1.0,1.0,0.0,1.0,0.0,1.0,1.0,0.5610742128151288,1.0,0.0,0.0,0.0,1.0,0.0,0.1561379915000736,0.0,1.0,1.0,0.0,1.0,0.754711056969306,1.0,0.957499590007666,0.0,0.0,0.0,0.0,0.0,0.22320683643518113,1.0,1.0,0.0,0.2965067443611086,0.5437633497618489,0.0,0.0,1.0,0.17988298519081958,1.0,1.0,0.0,0.0,1.0,0.0,1.0,1.0,1.0,1.0,0.0,1.0,1.0,0.0,0.0,0.0,1.0,0.934695698000165,0.0,1.0,0.0,0.0,1.0,0.1662330155142519,0.0,1.0,1.0,1.0,1.0,0.0
32,product/amplitude,decoupled,1,2.56307377949277,2.585618876711582,2.6092805721450993,2.618670175033041,1.4930746194124933,-1.7075855190747848,27.68935941508971,187.20692141307518,1,1,excluded,r_hat_max 1.590 > 1.1; n_eff_min 5.5 < 16.0,1.5895061172802165,1.030701101743135,0.5862068965517241,5.522187885148257,0,63.0,1.5895061172802165,5.522187885148257,1.509376913349324,5.553505509973886,1.0288673852275907,40.41620745709631,0.6463437548918425,1.4650871239490626,0,1.0,1.0,1.0,1.0,1.0,0.0,1.0,0.0,0.0,0.0,1.0,1.0,1.0,1.0,1.0,1.0,0.0,0.8114888350651548,0.0,0.0,0.0,0.48452775954081806,0.0,0.0,1.0,1.0,1.0,0.0,1.0,1.0,0.0,0.0,1.0,0.0,1.0,1.0,0.0,0.0,1.0,0.4640694883114441,0.0,1.0,1.0,0.0,0.0,0.0,0.0,0.0,1.0,1.0,0.0,1.0,1.0,0.0,1.0,0.0,0.0,0.0,1.0,0.0,0.0,1.0,1.0,0.0,0.0,0.0,0.0,0.0,1.0,0.0,1.0,0.0,0.10988147415695625,0.0,1.0,0.0,1.0,1.0,1.0,1.0,0.0,1.0,1.0,0.14235490466324408,0.0,0.0,1.0,0.0,0.0,1.0,1.0,1.0,1.0,0.6979740549476663,0.0,1.0,1.0,1.0,1.0,1.0
33,product/amplitude,decoupled,1,2.6143193321742952,2.602275929985667,2.6143193321742952,2.618670175033041,1.4930746194124933,-1.5519292422736544,30.59261805890128,191.09850025782362,1,1,excluded,r_hat_max 1.434 > 1.1; n_eff_min 7.3 < 16.0,1.4341881102992446,1.0264928022814628,0.5960591133004927,7.262158434161395,0,63.0,1.4341881102992446,8.344537112965112,1.4004461656785514,7.262158434161395,1.0062593483563849,56.5606620001487,0.7044264829100524,1.4796589908413909,0,1.0,1.0,1.0,0.41172371087601384,1.0,0.0,1.0,0.0,0.0,1.0,1.0,0.0,0.9727794959522296,1.0,1.0,1.0,1.0,1.0,0.0,0.0,0.0,0.49910052897232376,0.0,0.0,1.0,1.0,0.0,0.0,1.0,1.0,0.0,0.0,1.0,0.0,1.0,1.0,1.0,0.0,1.0,0.47527188837868606,1.0,0.6501515907656735,1.0,0.0,0.0,1.0,0.0,0.0,1.0,0.0,0.0,1.0,1.0,1.0,1.0,0.0,0.0,0.0,0.0,1.0,0.0,1.0,1.0,1.0,0.0,0.0,0.0,0.0,1.0,0.0,1.0,0.0,0.0,1.0,1.0,0.0,0.0,1.0,1.0,1.0,1.0,1.0,1.0,0.0,0.0,0.0,1.0,1.0,0.0,1.0,0.0,1.0,0.0,0.15325396321691415,1.0,1.0,1.0,1.0,1.0,1.0
34,product/amplitude,decoupled,1,2.5704976899511687,2.6091071224526163,2.6143193321742952,2.618670175033041,1.4930746194124933,-1.6044293220137156,30.50398145103827,176.86377157690004,1,1,excluded,r_hat_max 1.366 > 1.1; n_eff_min 6.4 < 16.0,1.3663074039833816,1.0297472074623881,0.6059113300492611,6.4450077748527965,0,63.0,1.3565335428767553,6.928410291616653,1.3663074039833816,6.4450077748527965,1.1001788263397134,44.12288071329199,0.7605998020060596,1.4930259417989318,0,1.0,1.0,1.0,0.2722129280905422,1.0,0.0,1.0,0.0,0.0,0.1760276684969083,1.0,1.0,1.0,1.0,1.0,1.0,0.0,1.0,0.0,0.0,0.22625367860421733,0.4188295578626293,0.0,0.0,1.0,1.0,0.0,0.0,0.6428388723616272,1.0,0.0,0.16546550226203205,1.0,0.0,1.0,1.0,0.14354346557473902,0.0,1.0,0.47999641268001286,1.0,1.0,1.0,0.0,0.0,0.0,0.04680978106339939,1.0,1.0,0.0,1.0,1.0,1.0,0.0,1.0,0.0,0.0,0.0,1.0,0.525472035202771,0.0,1.0,1.0,0.0,0.0,0.0,0.0,0.0,1.0,0.0,1.0,0.0,0.0,1.0,1.0,0.0,0.6271703547147922,1.0,1.0,1.0,1.0,1.0,1.0,0.06193612401049194,0.0,0.0,1.0,0.05277188560836127,0.0,1.0,1.0,1.0,0.0,0.0,0.15439733650416762,0.7459361627602754,0.6403541202404138,1.0,1.0,1.0
35,product/amplitude,decoupled,1,2.36628855657123,2.348395417842626,2.6143193321742952,2.618670175033041,1.4930746194124933,-1.6191685307755999,30.473243614891544,228.34791879402474,1,1,excluded,r_hat_max 1.501 > 1.1; n_eff_min 5.3 < 16.0,1.5011895573800604,1.0301338549461916,0.6206896551724138,5.330205472284425,0,63.0,1.3364538305901335,8.250499312219825,1.5011895573800604,5.330205472284425,1.0347882368022243,40.92921053650101,0.8123111702330627,1.5021169614602239,0,0.9550066583340389,1.0,1.0,0.09751860364497862,1.0,0.0,0.8153450184140612,0.0,0.0,0.0,1.0,1.0,1.0,1.0,1.0,1.0,1.0,1.0,0.0,0.0,0.0,0.0,0.0,0.0,1.0,1.0,1.0,0.0,0.9573957414603742,1.0,0.0,0.0,1.0,0.0,1.0,1.0,0.9477066833852333,1.0,1.0,0.4580839349580153,0.0,0.45819918191952397,1.0,0.4337354021872225,0.5165510225880541,0.21301058134377016,0.0,1.0,1.0,0.0,1.0,0.0,1.0,0.0,1.0,0.0,0.0,0.0,1.0,1.0,0.0,1.0,0.0,1.0,0.0,0.0,0.0,0.0,1.0,0.0,0.6959130919228096,0.0,0.0,1.0,1.0,1.0,1.0,0.9192408314687311,1.0,1.0,1.0,1.0,1.0,0.0,0.0,0.0,1.0,0.9545773293177713,0.0,1.0,0.0,1.0,0.0,0.4040612415990734,1.0,1.0,1.0,1.0,1.0,1.0
36,product/amplitude,decoupled,1,2.2905363022654375,2.525471058845311,2.6143193321742952,2.618670175033041,1.4930746194124933,-1.5261519023670986,29.29262701421976,296.19842084497213,1,1,excluded,r_hat_max 1.524 > 1.1; n_eff_min 5.2 < 16.0,1.5241120000664121,1.0364430783158318,0.5566502463054187,5.1994611794618155,0,63.0,1.343294375295857,7.260701682575836,1.5241120000664121,5.1994611794618155,1.0553926959601527,48.04939119454094,0.8554772087424563,1.5029619319149286,0,0.0,1.0,1.0,1.0,1.0,0.0,1.0,0.0,0.0,1.0,1.0,0.5758206444900111,1.0,1.0,1.0,1.0,0.0,1.0,0.0,0.0,0.0,1.0,0.09033573038103163,0.37637126575356705,1.0,1.0,1.0,0.0,1.0,1.0,0.0,1.0,0.9451152903479972,0.0,1.0,1.0,0.0,0.0,0.0,0.47660774688794394,1.0,0.0,1.0,1.0,0.0,0.0,0.0,1.0,1.0,0.2831024009678337,1.0,0.9644277577357069,0.0,0.23383227288983485,0.0,1.0,0.0,1.0,1.0,0.4433972109704482,0.0,1.0,1.0,1.0,1.0,1.0,0.0,0.0,0.0,0.0,1.0,0.0,1.0,1.0,1.0,1.0,0.0,1.0,1.0,1.0,0.0,0.0,0.0,0.0,0.0,1.0,0.0,0.9599347555515421,1.0,0.15461370477067285,1.0,1.0,1.0,0.0,1.0,1.0,1.0,1.0,0.9582847391399848,1.0
37,product/amplitude,decoupled,1,2.452526986030685,2.4116128617274954,2.6143193321742952,2.618670175033041,1.4930746194124933,-2.0540080952713295,30.62352911592461,218.9184964997694,1,1,excluded,r_hat_max 1.344 > 1.1; n_eff_min 7.8 < 16.0,1.3439748097963127,1.0308214840914842,0.5960591133004927,7.767903777315014,0,63.0,1.3380078564913318,9.162720739143511,1.3439748097963127,7.767903777315014,1.104408138839016,25.218798563589388,0.8942625896484828,1.5006659761641181,0,1.0,1.0,1.0,0.0,1.0,0.5454543578099784,1.0,0.0,0.0,0.0,1.0,0.0,1.0,1.0,1.0,1.0,0.0,1.0,0.0,0.0,0.0,1.0,0.0,0.0,1.0,1.0,0.0,0.0,1.0,1.0,0.0,0.0,1.0,0.0,1.0,1.0,1.0,0.0,1.0,0.4781407995833868,1.0,0.4148364103664746,0.8998315410699584,0.0,0.4904869092294838,0.0,0.0,0.9057196945996686,1.0,0.21949587379549113,1.0,1.0,1.0,0.0,1.0,0.0,0.0,0.0,0.2268709908576932,0.0,0.0,1.0,1.0,0.0,0.0,0.0,0.0,0.0,1.0,0.0,1.0,0.0,0.0,1.0,1.0,0.0,1.0,0.6733943814461162,1.0,1.0,1.0,1.0,1.0,0.0,0.11901817996933588,0.0,0.7266486756396746,0.0,0.0,1.0,1.0,1.0,1.0,0.6202265315372207,0.0,1.0,1.0,1.0,0.7601254582517336,1.0
38,product/amplitude,decoupled,1,2.6971992342562054,2.6572600523254204,2.6971992342562054,2.6572600523254204,1.4544847421201137,-2.0453101255624913,31.951971721136943,214.74160576309077,1,1,excluded,r_hat_max 1.330 > 1.1; n_eff_min 7.6 < 16.0,1.3300430003171357,1.0215817640202756,0.6945812807881774,7.5529519035207215,0,63.0,1.3300430003171357,7.5529519035207215,1.1975831507728352,10.532198841110205,1.057661174797476,88.95073919710661,0.9352695474480144,1.501650215169472,0,1.0,1.0,1.0,1.0,1.0,0.0,1.0,0.0,0.0,0.0,1.0,1.0,1.0,1.0,1.0,1.0,0.0,1.0,0.041998532546443576,0.1300832171103733,0.10908429806307711,0.506466192033908,0.0,0.0,1.0,1.0,0.7908935486228897,0.0,1.0,1.0,1.0,0.0,1.0,0.0,1.0,1.0,0.0,0.0,1.0,0.47453820787562445,0.5019631292685135,0.0,1.0,0.0,0.0,0.18604490063540183,0.0,1.0,1.0,0.0,0.0,1.0,1.0,1.0,1.0,0.0,0.0,0.0,0.0,0.0,0.0,1.0,1.0,0.898840010743898,0.0,0.0,0.0,0.0,1.0,0.0,1.0,0.0,0.14988778313317502,0.8121059378809504,1.0,0.0,0.0,1.0,0.0,1.0,1.0,1.0,0.8993390192479416,0.0,0.0,0.0,1.0,1.0,0.0,1.0,1.0,1.0,0.0,0.1624399318070798,1.0,0.6552213579020556,1.0,1.0,1.0,0.5215866687903926
39,product/amplitude,decoupled,1,2.4240479351061657,2.6382060583831852,2.6971992342562054,2.6572600523254204,1.4544847421201137,-2.0037802708333365,30.149821529863402,206.52179793198593,1,1,excluded,r_hat_max 1.522 > 1.1; n_eff_min 5.2 < 16.0,1.522457980152489,1.0317108942556397,0.5911330049261084,5.213589238994647,0,63.0,1.4404666075438335,5.213589238994647,1.522457980152489,6.065338871543546,1.165884295900955,16.71494985581537,0.9804472317251475,1.5082085172562767,0,1.0,1.0,1.0,1.0,0.22193159387722325,0.0,1.0,0.3114134152868271,0.0,0.0,1.0,0.0,1.0,1.0,1.0,1.0,0.0,0.7137267971569112,0.0,0.0,0.0,0.5076389522565553,0.0,0.0,1.0,1.0,0.6721561538636678,0.0,1.0,1.0,1.0,0.0,1.0,0.0,1.0,1.0,0.9399496319220744,0.4377979384655014,0.7168243101210351,0.4820889089297287,0.6479746720842875,1.0,1.0,0.0,0.0,0.12276654982316769,0.0,1.0,1.0,0.0,0.0,1.0,1.0,1.0,1.0,0.32603558371906527,0.0,0.0,0.0,1.0,0.0,1.0,1.0,0.0,0.0,0.0,0.0,0.5191086175455697,1.0,0.0,1.0,0.5059065910749782,0.043323045310952074,0.7427737952281207,0.7831743298695942,0.0,0.0,1.0,1.0,1.0,0.0,1.0,1.0,0.0,0.0,0.0,1.0,1.0,0.0,0.0,1.0,0.7719896916651088,0.0,0.13928416706224922,1.0,0.6949914930132203,1.0,1.0,1.0,1.0
40,product/amplitude,decoupled,1,2.643670149961515,2.5927306752344688,2.6971992342562054,2.6572600523254204,1.4544847421201137,-2.6867606956854186,30.090437597827986,202.65992276696488,1,1,excluded,r_hat_max 1.491 > 1.1; n_eff_min 6.5 < 16.0,1.4912978208135637,1.0189503866762446,0.6206896551724138,6.510378733390076,0,63.0,1.4912978208135637,6.510378733390076,1.4819499612042182,7.2726579023072695,1.0126518464243417,93.19874055351806,1.016537249309673,1.506194772808972,0,1.0,1.0,1.0,1.0,1.0,0.0,1.0,0.0,0.0,1.0,1.0,1.0,1.0,1.0,1.0,1.0,1.0,1.0,1.0,0.1761800167122691,0.0,0.48913253751579827,0.0,0.0,0.0,0.0,1.0,0.0,1.0,1.0,0.0,0.0,0.0,0.0,1.0,1.0,0.0,0.0,1.0,0.485758560855415,0.0,1.0,1.0,0.0,0.0,1.0,0.0,0.0,1.0,0.0,0.0,1.0,1.0,1.0,1.0,0.0,0.0,0.0,0.0,0.0,0.0,1.0,1.0,1.0,0.0,0.0,0.0,0.0,1.0,0.0,1.0,0.0,0.0,1.0,1.0,0.0,0.0,1.0,1.0,1.0,1.0,0.0,1.0,0.0,1.0,0.0,1.0,0.0,0.0,1.0,0.0,1.0,0.0,0.0,1.0,1.0,1.0,1.0,1.0,1.0
41,product/amplitude,decoupled,1,2.690693920896643,2.4977825786365577,2.6971992342562054,2.6572600523254204,1.4544847421201137,-2.347999988786195,30.178983339108527,245.58925078902394,1,1,excluded,r_hat_max 1.664 > 1.1; n_eff_min 5.0 < 16.0,1.6642402759826218,1.0270609926858194,0.6650246305418719,5.0291454526766595,0,63.0,1.643054110225861,5.0291454526766595,1.6642402759826218,5.140171102627753,1.2246665280896627,11.240392598503794,1.0562234176182546,1.5087379199242448,0,1.0,1.0,1.0,1.0,1.0,0.0,1.0,0.0,0.0,1.0,0.0,1.0,1.0,1.0,0.0,1.0,1.0,1.0,0.3244517254063097,0.0,0.0,0.0,0.0,0.0,1.0,1.0,1.0,1.0,1.0,1.0,0.0,0.0,0.8991765162127268,0.0,0.0,1.0,0.0,0.0,1.0,0.4801227499544312,0.0,1.0,1.0,0.0,0.0,0.0,0.0,0.8642278880950038,1.0,0.0,0.0,1.0,1.0,0.0,0.0,1.0,0.0,0.0,0.0,0.10115221427137142,1.0,1.0,0.0,0.022047127567591317,0.0,1.0,0.0,1.0,0.0,1.0,1.0,1.0,1.0,1.0,0.0,0.0,0.5899217008551945,1.0,0.0,0.0,1.0,0.0,1.0,0.0,1.0,1.0,1.0,0.0,1.0,0.0,1.0,1.0,1.0,0.158676223898331,1.0,1.0,0.0,1.0,1.0,1.0
42,product/amplitude,decoupled,1,2.381725397537683,2.505120239398191,2.6971992342562054,2.6572600523254204,1.4544847421201137,-2.114830808541286,30.251862975070253,217.48940567905083,1,1,excluded,r_hat_max 1.500 > 1.1; n_eff_min 5.4 < 16.0,1.4995938055800122,1.0198567128644809,0.7339901477832512,5.35525642106545,0,63.0,1.470560081229516,5.35525642106545,1.397103056686489,7.265091035953763,1.4995938055800122,5.896673876401809,1.0951393819820257,1.5113521333556053,0,1.0,1.0,1.0,1.0,1.0,0.0,1.0,0.0,0.0,1.0,1.0,1.0,1.0,1.0,1.0,1.0,1.0,0.8114834002112437,0.0,0.0,0.0,0.0,0.0,0.0,1.0,1.0,1.0,1.0,1.0,1.0,1.0,0.09505211511914383,1.0,0.0,1.0,1.0,0.0,0.0,1.0,0.48573023525687226,0.0,0.6130070877130586,1.0,0.0,0.0,0.10468386343973511,0.0,1.0,1.0,0.0,0.0,1.0,1.0,0.0,0.0,0.0,0.0,0.0,0.0,0.048282730758327855,1.0,1.0,0.0,0.0,0.0,0.0,0.0,0.0,0.0,0.0,1.0,0.0,1.0,1.0,1.0,0.0,0.7215282362381826,1.0,0.0,0.0,1.0,0.0,1.0,0.0,1.0,1.0,1.0,0.021638912685738136,1.0,1.0,1.0,1.0,0.0,0.15394693402503196,1.0,1.0,1.0,1.0,1.0,1.0
43,product/amplitude,decoupled,1,2.3944652759520877,2.538984831821213,2.6971992342562054,2.6572600523254204,1.4544847421201137,-2.027367678109783,30.767174509121105,232.40290900086984,1,1,excluded,r_hat_max 1.526 > 1.1; n_eff_min 6.0 < 16.0,1.5256397232355852,1.0215968247901375,0.6502463054187192,6.037189011789314,0,63.0,1.5256397232355852,6.037189011789314,1.3873572865276955,7.443714568928861,1.1595597894887988,12.87216528139735,1.125059986994948,1.5062087746003707,0,1.0,1.0,1.0,1.0,1.0,0.0,1.0,0.0,0.0,1.0,1.0,1.0,1.0,1.0,1.0,1.0,0.0,1.0,0.37144470187678147,1.0,0.2294206055375675,0.5036454628678513,0.0,0.0,0.0,0.0,0.0,0.14460332870926976,1.0,1.0,0.0,0.0,1.0,0.0,1.0,1.0,0.0,0.0,1.0,0.47703565460200487,0.0,1.0,1.0,0.0,0.0,1.0,0.0,0.0,1.0,0.0,0.0,1.0,1.0,0.0,1.0,1.0,0.0,0.0,0.0,0.0,0.0,1.0,0.0,1.0,0.0,0.4132835246705196,0.0,0.0,1.0,0.0,1.0,0.0,1.0,1.0,0.0,0.0,0.0,0.22383607109809955,0.0,1.0,1.0,0.0,1.0,0.0,0.0,0.0,1.0,0.0,0.0,1.0,0.0,1.0,1.0,1.0,1.0,0.0,0.0,1.0,1.0,0.4617367817575774
44,product/amplitude,decoupled,1,1.6968078702927754,1.655280428719064,2.6971992342562054,2.6572600523254204,1.4544847421201137,-2.292693415225733,30.06509682792239,167.31985499616712,1,1,excluded,r_hat_max 1.578 > 1.1; n_eff_min 5.1 < 16.0,1.5779231236416782,1.027649837870435,0.6354679802955665,5.059507129572306,0,63.0,1.5779231236416782,5.059507129572306,1.3600701720620818,7.62743522502349,1.1178066444733321,22.933282318318323,1.1539101071985192,1.5009645142815997,0,1.0,1.0,0.10768315453354907,1.0,1.0,0.0,0.0,0.0,0.0,0.4941016627531882,0.0,1.0,1.0,1.0,0.0,0.0,0.0,1.0,1.0,0.0,0.0,0.43286235360353464,0.0,1.0,0.0,1.0,1.0,0.0,1.0,0.0,0.0,0.0,1.0,0.0,0.0,1.0,0.0,0.0,1.0,0.39336241897130164,0.0,0.0,0.0,0.0,0.0,1.0,0.0,1.0,0.0,0.0,1.0,1.0,0.0,1.0,1.0,1.0,0.0,0.0,0.0,0.0,0.0,0.0,0.0,0.0,1.0,0.0,0.0,1.0,0.0,1.0,1.0,0.0,0.0,1.0,1.0,0.0,1.0,1.0,1.0,1.0,1.0,1.0,1.0,0.0,1.0,1.0,1.0,0.0,1.0,0.0,1.0,1.0,1.0,0.0,1.0,0.8240415544971574,1.0,1.0,1.0,1.0
45,product/amplitude,decoupled,1,2.6748906030449806,2.742537375342217,2.6971992342562054,2.742537375342217,1.3692074191033172,-2.3939380318335908,30.68183748307638,237.38734069396742,1,1,excluded,r_hat_max 1.561 > 1.1; n_eff_min 4.5 < 16.0,1.5606750010058663,1.0255526941118818,0.645320197044335,4.473496249513518,0,63.0,1.5606750010058663,4.473496249513518,1.3543088747660346,7.414891398473981,1.0702680644966664,22.527154101039113,1.1659745019339471,1.4863493313491443,0,1.0,1.0,1.0,1.0,1.0,0.5310604946143471,1.0,0.0,0.0,1.0,1.0,1.0,1.0,1.0,1.0,1.0,0.0,1.0,0.0,0.10811127034371008,0.0,0.3712402831011612,0.0,0.0,0.0,1.0,1.0,0.5913129958314054,0.6611447647090684,1.0,0.0,0.0,1.0,0.0,1.0,1.0,0.0,0.0,1.0,0.4781346940136012,0.49158082565715,0.0,0.8792550030571964,0.0,0.4194622001106728,0.0,0.0,0.862328990070203,1.0,0.0,0.008531375883179164,1.0,1.0,1.0,1.0,0.0,0.0,0.0,0.0,0.5194806012405888,0.0,1.0,1.0,1.0,0.0,1.0,0.0,0.0,1.0,0.0,1.0,0.0,0.0,1.0,1.0,0.0,0.0,1.0,0.0,1.0,1.0,0.0,1.0,0.0,1.0,0.0,1.0,0.0,0.0,1.0,0.0,1.0,1.0,0.6589417361781972,1.0,0.6231674799980429,0.0,1.0,1.0,1.0
46,product/amplitude,decoupled,1,2.260456355231847,2.2741671680907527,2.6971992342562054,2.742537375342217,1.3692074191033172,-2.4107674038028764,30.52992104482837,306.3108578340616,1,1,excluded,r_hat_max 1.512 > 1.1; n_eff_min 6.3 < 16.0,1.511683228633252,1.0328707339148897,0.5911330049261084,6.347131954172117,0,63.0,1.3800735855458035,7.780356093953908,1.511683228633252,6.347131954172117,1.084152171165479,23.458307224056387,1.1987770258711434,1.486481669038018,0,1.0,0.7787631056332041,1.0,1.0,1.0,0.0,1.0,0.0,0.0,1.0,1.0,1.0,1.0,1.0,1.0,1.0,0.0,1.0,0.0,0.0,0.0,0.0,0.0,0.0,1.0,1.0,1.0,0.0,1.0,1.0,0.0,0.0,0.7588318905657395,0.0,1.0,0.6042753818489215,0.0,0.0,1.0,0.4846673810925697,0.4736687059713262,0.0,1.0,0.0,0.3458535860927372,0.0,0.0,0.8833144469522625,1.0,0.0,0.0,1.0,1.0,1.0,1.0,0.0,0.0,0.0,0.0,0.0,0.0,1.0,1.0,1.0,0.0,1.0,0.0,0.0,1.0,0.0,0.7710565421609407,0.0,0.0,1.0,0.7626629841126012,0.0,0.0,1.0,0.0,1.0,1.0,0.8201858383587615,0.5468673977387865,0.0,1.0,0.0,1.0,0.0,0.0,1.0,1.0,1.0,0.0,0.7174058329541041,1.0,1.0,0.0,1.0,1.0,1.0
47,product/amplitude,decoupled,1,2.3696974228923793,2.53737888988616,2.6971992342562054,2.742537375342217,1.3692074191033172,-2.6357744239313337,31.347050153883174,198.1245904439129,1,1,excluded,r_hat_max 1.453 > 1.1; n_eff_min 6.6 < 16.0,1.453174788551896,1.0267993680722305,0.625615763546798,6.578619514337633,0,63.0,1.453174788551896,8.435900911753599,1.331245247379374,6.578619514337633,1.0428636912649498,31.48352212092111,1.221365947772435,1.4785419601806329,0,1.0,1.0,1.0,1.0,1.0,1.0,1.0,0.0,0.0,0.0,1.0,1.0,1.0,1.0,1.0,1.0,0.0,1.0,0.44392132486775476,0.0,0.0,0.4787312175289766,0.0,0.0,1.0,1.0,1.0,0.551031027870479,1.0,1.0,0.0,0.0,1.0,0.0,1.0,1.0,0.0,0.0,1.0,0.47259200958373027,0.6110340680073406,0.0,1.0,0.0,0.0,0.0,0.0,1.0,1.0,0.0,0.0,1.0,1.0,1.0,1.0,0.0,0.0,0.0,1.0,0.0,0.0,1.0,1.0,1.0,0.0,0.0,0.0,0.0,1.0,0.0,1.0,0.0,0.0,1.0,1.0,0.0,0.0,1.0,0.0,1.0,1.0,1.0,1.0,0.24614887608638902,1.0,0.0,1.0,1.0,0.0,1.0,0.0,1.0,1.0,0.0,1.0,1.0,0.0,1.0,1.0,0.634966100049128
48,product/amplitude,decoupled,1,2.6976514798328854,2.6703623134541057,2.6976514798328854,2.742537375342217,1.3692074191033172,-2.167663706277436,29.730838909046724,276.2838327609934,1,1,excluded,r_hat_max 1.606 > 1.1; n_eff_min 4.4 < 16.0,1.605731874250977,1.035962300821439,0.5911330049261084,4.419161139257039,0,63.0,1.5630133624681688,4.419161139257039,1.605731874250977,5.5526062207568945,1.0116119064687386,41.73771029289914,1.2452895201707672,1.472223731881072,0,1.0,1.0,1.0,1.0,1.0,0.17907726027148899,1.0,0.0,0.0,1.0,1.0,0.6303265628367769,1.0,1.0,1.0,1.0,0.0,1.0,0.0,0.16735772683165645,0.3205925382832728,0.5070694734843851,0.0,0.0,0.0,1.0,1.0,0.0,0.765753140167925,1.0,0.4200542859189511,0.0,0.8939923169265693,0.0,0.0,1.0,0.0,0.0,1.0,0.48232339316705436,0.7673614777481245,1.0,1.0,0.0,0.0,0.0,0.0,0.8645368906680081,0.999361739451643,0.0,0.0,0.9156319358196537,0.0,1.0,1.0,0.0,0.0,0.0,0.0,0.5204376157187834,0.0,1.0,1.0,1.0,0.0,1.0,0.0,0.0,1.0,1.0,0.7076912214199688,0.0,0.17558449449973568,0.0,1.0,0.0641169279734077,0.45515024235271345,1.0,0.0,1.0,1.0,0.0,0.870919394692752,0.0,0.0,0.0,1.0,0.0,0.0,1.0,0.0,1.0,0.0,0.19994239694896537,0.1914814838989558,0.6079840139019007,1.0,1.0,1.0,1.0
49,product/amplitude,decoupled,1,2.4756611339473364,2.465723668589978,2.6976514798328854,2.742537375342217,1.3692074191033172,-2.6804235446172195,32.07251547393389,276.10752762807533,1,1,excluded,r_hat_max 1.645 > 1.1; n_eff_min 4.6 < 16.0,1.6449675794104324,1.0319296644304752,0.5960591133004927,4.598998656283332,0,63.0,1.6449675794104324,4.598998656283332,1.6137994539796394,5.631071843276739,1.2492589631841127,10.457655195367595,1.2749295601638717,1.471522587825614,0,1.0,1.0,1.0,1.0,1.0,0.0,1.0,0.0,0.0,1.0,1.0,0.7693720747286077,1.0,1.0,1.0,1.0,1.0,1.0,0.0,0.0,0.0,1.0,0.02891746923011741,0.0,0.0,1.0,1.0,0.0,0.9046021866533798,1.0,0.0,0.0,1.0,0.0,0.0,1.0,0.0,0.0,1.0,0.4840956791931239,0.8924280945657327,1.0,0.8685239643265196,0.0,0.0,0.17796213855495766,0.0,1.0,1.0,0.0,0.0,1.0,0.0,1.0,1.0,0.0,0.0,0.0,0.0,0.5612648360224908,0.0,1.0,1.0,0.9000952307680948,0.0,1.0,0.0,0.0,1.0,1.0,1.0,1.0,0.16263971431324725,0.8137195711788572,1.0,0.0,0.0,1.0,1.0,1.0,1.0,0.0,1.0,0.0,0.0,0.0,1.0,0.0,0.0,1.0,0.0,1.0,0.0,0.6214385546036709,0.16843785753097898,0.0,1.0,1.0,1.0,1.0
50,product/amplitude,decoupled,1,2.693449353253774,2.638929498938762,2.6976514798328854,2.742537375342217,1.3692074191033172,-2.330560154841829,31.506217021960765,228.1652358910069,1,1,excluded,r_hat_max 1.522 > 1.1; n_eff_min 5.4 < 16.0,1.5215766618893185,1.0201127976736428,0.6748768472906403,5.3736670120515395,0,63.0,1.2123023265739132,11.819348645034978,1.5215766618893185,5.3736670120515395,1.0106130991947566,23.594823676062102,1.298944191639541,1.466400209926359,1,0.6230733019718673,1.0,1.0,1.0,1.0,0.0,1.0,0.0,0.0,1.0,1.0,1.0,1.0,1.0,0.0,1.0,0.0,1.0,0.31870136528272064,0.13308564084160263,0.3082150390924769,0.49100895151937735,0.0,0.0,1.0,0.5151463699363648,0.7823726719330739,0.0,0.6619497118250789,1.0,0.0,0.0,1.0,0.0,0.0,1.0,0.0,0.0,1.0,0.47808167023167963,0.0,1.0,1.0,0.0,0.4143660863095514,0.3509643027303508,0.0,0.0,1.0,0.0,0.16476305303925062,1.0,0.0,1.0,1.0,0.0,0.0,0.0,0.0,0.5007536197523073,0.0,1.0,1.0,0.8965618242715058,0.0,0.0,0.0,0.0,1.0,1.0,1.0,0.0,0.15877663213387608,0.0,1.0,0.0,0.6114820575806965,1.0,0.0,1.0,1.0,0.0,0.9019821592834822,0.0,0.0,0.0,1.0,0.0,0.0,0.0,0.5264088494345869,1.0,1.0,0.23555813924935987,0.0,0.7032064670327313,1.0,1.0,1.0,1.0
51,product/amplitude,decoupled,1,2.578012936942821,2.5812879183159914,2.6976514798328854,2.742537375342217,1.3692074191033172,-2.5836773572646248,31.71276164893061,313.54423640691675,1,1,excluded,r_hat_max 1.475 > 1.1; n_eff_min 5.7 < 16.0,1.4750770872011782,1.0465890701060352,0.5123152709359606,5.699221880825597,0,63.0,1.4317409362968576,5.699221880825597,1.4750770872011782,6.315467437624693,1.2143034105631028,22.216280069066983,1.3262874301025651,1.4647692258991456,0,0.0,1.0,1.0,0.4685967216003855,1.0,1.0,1.0,0.0,0.0,1.0,0.0,1.0,1.0,1.0,0.0,1.0,0.0,1.0,0.0,0.21938147577753894,0.0,0.49488441871915806,0.0,0.0,0.3374851010086733,1.0,1.0,0.0,0.7570781871307548,1.0,0.38773176186324343,0.0,1.0,0.0,0.0,1.0,0.14072901746929478,0.0,1.0,0.4777005046560561,0.0,1.0,1.0,0.0,0.0,0.0,0.0,0.0,1.0,0.0,0.08404293246527347,1.0,0.0,1.0,1.0,0.0,0.0,0.0,0.0,0.4300284692757283,0.0,1.0,1.0,0.05851117143185617,0.0,0.0,0.0,0.22842035881821549,0.2706913415346515,1.0,1.0,0.0,0.0,0.0,1.0,1.0,0.5597260480380563,1.0,0.0,1.0,1.0,0.0,0.9052560415084802,0.0,0.0,0.0,1.0,0.0,0.0,0.0,0.3969215344142839,1.0,1.0,0.0,1.0,0.6743585394917302,1.0,1.0,1.0,1.0
52,product/amplitude,decoupled,1,2.5566337282253153,2.7364916820809086,2.6976514798328854,2.742537375342217,1.3692074191033172,-1.9773825136818124,31.867512334138155,300.94148686295375,1,1,excluded,r_hat_max 1.479 > 1.1; n_eff_min 6.6 < 16.0,1.4789102009381148,1.0209940140315932,0.645320197044335,6.595200227733283,0,63.0,1.2448124186583676,9.30131307699417,1.4789102009381148,6.595200227733283,1.0024636636026565,55.32148068991198,1.3503590744648777,1.4607669139309278,0,1.0,1.0,1.0,0.292366572629178,1.0,0.07135378646368815,1.0,0.0,0.0,1.0,1.0,1.0,1.0,1.0,0.0,1.0,0.0,1.0,0.023889837695879407,0.1616850323092079,0.1319183162138565,0.3689623375171771,0.0,0.0,0.8385817188406396,0.0,1.0,0.0,0.0,1.0,0.9246682875814186,0.0,0.0,0.0,1.0,1.0,0.0,0.0,1.0,0.4858062578370311,0.0,1.0,1.0,0.0,0.37203069121908744,0.0,0.0,0.0,1.0,0.0,0.0,1.0,0.0,0.0,1.0,0.0,0.0,0.0,0.0,0.0,0.0,1.0,0.0,1.0,0.0,1.0,0.0,1.0,1.0,1.0,0.7081144634743587,0.0,0.0,0.0,1.0,0.0,0.44414502763489644,1.0,0.0,1.0,1.0,0.0,0.8963209101274743,0.0,0.1601901076853004,0.0,1.0,0.0,0.0,0.0,1.0,1.0,0.5206930092685472,0.20321311550858487,1.0,0.6297313427001621,0.5148639292104527,1.0,1.0,1.0
53,product/amplitude,decoupled,1,1.0985843388403547,1.0205884502641434,2.6976514798328854,2.742537375342217,1.3692074191033172,-2.6450558769142645,32.157414792105556,172.43536440096796,1,1,excluded,r_hat_max 1.426 > 1.1; n_eff_min 6.4 < 16.0,1.4260018461774304,1.0258205573988837,0.6551724137931034,6.440842881687297,0,63.0,1.400094057973016,8.065990073487187,1.4260018461774304,6.440842881687297,1.0829077535528684,20.40228765083905,1.3731189735924334,1.456198997949217,0,1.0,1.0,0.0,0.0,0.0,0.0,1.0,0.0,0.0,1.0,1.0,1.0,0.0,1.0,1.0,1.0,0.0,1.0,0.0,1.0,0.0,1.0,0.0,0.0,1.0,0.0,0.0,0.0,0.0,1.0,0.0,1.0,1.0,0.0,0.0,1.0,1.0,0.0,0.0,0.837701215493293,1.0,0.0,1.0,1.0,0.0,0.0,0.0,1.0,0.9945943426869003,0.0,0.0,0.0,0.0,0.0,1.0,1.0,0.0,0.0,0.0,0.14983835912382285,1.0,1.0,0.0,0.0,1.0,0.0,1.0,1.0,1.0,1.0,0.0,0.0,0.0,1.0,1.0,0.0,0.0,0.0,0.0,1.0,0.0,0.0,0.0,0.0,1.0,1.0,1.0,1.0,0.0,0.0,0.0,1.0,0.0,0.6786164460170556,1.0,1.0,1.0,0.0,1.0,1.0
54,product/amplitude,decoupled,1,2.7411868604607545,2.620194295020656,2.7411868604607545,2.742537375342217,1.3692074191033172,-2.721293997973029,32.298838979098946,256.2972879279405,1,1,excluded,r_hat_max 1.493 > 1.1; n_eff_min 6.7 < 16.0,1.492779925461537,1.0305842946858186,0.6354679802955665,6.736077125214166,0,63.0,1.410857761344114,6.946970852062557,1.492779925461537,6.736077125214166,1.1073090686713731,40.99048462232043,1.3680349988748022,1.4431273665257298,0,1.0,1.0,1.0,1.0,1.0,0.1616737105750336,1.0,0.0,1.0,1.0,1.0,0.6506662765113286,1.0,1.0,1.0,1.0,0.0,1.0,1.0,0.1349425256469837,0.0,0.4890441189152196,0.0,0.0,0.6172191140255385,1.0,1.0,0.6206342182490058,0.7044317748538805,1.0,0.0,0.0,1.0,0.0,0.043581736276263175,1.0,0.0,0.0,1.0,0.4699957763941179,0.0,1.0,1.0,0.0,0.0,0.0,0.0,0.8308740258304221,1.0,0.0,0.0,1.0,0.0,1.0,1.0,0.0,0.0,0.0,0.0,0.5295049816159704,0.0,0.8870054063301218,1.0,1.0,0.0,1.0,0.0,0.0,1.0,0.970292686332129,1.0,0.0,0.15027109713552522,0.23720965776961075,0.0,0.0,0.6116692885182757,1.0,0.0,1.0,1.0,0.0,0.9757052750076998,0.0,0.311431152874569,0.0,0.0,0.0,0.0,1.0,0.0010934221240965882,1.0,0.0,0.0,1.0,1.0,1.0,1.0,1.0,1.0
55,product/amplitude,decoupled,1,2.5303620857232754,2.654211151404641,2.7411868604607545,2.742537375342217,1.3692074191033172,-2.645981917475026,32.21450735279359,281.32087806100026,1,1,excluded,r_hat_max 1.780 > 1.1; n_eff_min 4.2 < 16.0,1.7800137072757314,1.0349925701622573,0.6009852216748769,4.237799448497127,0,63.0,1.7800137072757314,4.237799448497127,1.4982498578711767,6.611558915066524,1.043504518393955,20.663404588111383,1.3930013963581833,1.4416692317943105,0,1.0,1.0,1.0,1.0,1.0,0.557200953792889,1.0,0.0,1.0,1.0,1.0,0.6493939751357686,1.0,1.0,1.0,1.0,0.0,1.0,1.0,0.15554753953490733,0.379806920446245,0.4990828442302053,0.0,0.0,0.6205035859857216,1.0,1.0,1.0,1.0,1.0,0.0,0.0,1.0,0.0,0.0,1.0,0.0,0.0,1.0,0.4791322609863398,0.0,1.0,1.0,0.0,0.41735748347251084,1.0,0.0,0.0,1.0,0.0,1.0,1.0,0.0,1.0,1.0,0.0,0.0,0.0,0.0,1.0,0.0,1.0,1.0,1.0,0.0,0.0,0.0,0.0,1.0,1.0,1.0,0.0,0.16530881809560113,0.0,0.0,0.0,1.0,1.0,1.0,1.0,1.0,0.0,1.0,0.0,0.3079979961174591,0.0,0.0,0.0,0.0,1.0,0.0,1.0,1.0,0.0,1.0,0.6503316370474481,1.0,1.0,0.6128556934233381,0.5957816695245396
56,product/amplitude,decoupled,1,2.540234937963308,2.5824725762944385,2.7411868604607545,2.742537375342217,1.3692074191033172,-2.6558193218103954,31.822413105051965,310.865352619905,1,1,excluded,r_hat_max 1.492 > 1.1; n_eff_min 6.2 < 16.0,1.4923355952919266,1.0264134471073598,0.6108374384236454,6.226515568361567,0,63.0,1.3659673557659346,8.401109112635499,1.4923355952919266,6.226515568361567,1.0500844635413544,32.14097643888134,1.413311408668274,1.4366568899752181,0,1.0,1.0,1.0,1.0,0.0,0.4455234919023171,1.0,0.0,0.0,1.0,1.0,1.0,1.0,1.0,0.0,1.0,0.0,1.0,0.3232310336387133,0.2341967342150724,0.0,0.5206917474756582,0.0,0.0,0.6200294693698212,1.0,1.0,0.0,0.6484704424637054,1.0,0.0,1.0,1.0,0.0,0.0,1.0,0.0,0.0,1.0,0.4723362119115498,0.4966212239254496,0.6809757389582495,1.0,0.0,0.0,0.0,0.07179310152912446,0.8315450365487979,1.0,0.0,0.0,1.0,0.0,1.0,1.0,0.0,0.0,0.0,0.0,0.0,0.052839370927812074,1.0,1.0,0.0,0.0,1.0,0.0,0.0,1.0,1.0,1.0,0.0,0.0,0.0,0.0,0.06313242492423539,0.6317061406049288,1.0,0.0,1.0,1.0,0.0,1.0,0.0,0.0,0.0,0.18250546114720276,0.0,0.0,0.0,0.0,1.0,0.0,0.0,0.21176689815484645,1.0,1.0,1.0,1.0,1.0
57,product/amplitude,decoupled,1,3.0361456640094127,3.154184693816021,3.0361456640094127,3.154184693816021,0.9575601006295131,-2.891695182339056,32.21218358306214,296.74268021900207,1,1,excluded,r_hat_max 1.377 > 1.1; n_eff_min 6.2 < 16.0,1.3774156732869751,1.0420799216068857,0.5862068965517241,6.179947806252863,0,63.0,1.3652272843567264,7.549679065208015,1.3774156732869751,6.179947806252863,1.059667822217565,56.48002402463248,1.4330819969015203,1.4316640164541794,0,1.0,1.0,1.0,1.0,1.0,0.18621592891400687,1.0,0.0,0.0,1.0,0.0,0.5649690445927646,1.0,1.0,1.0,1.0,0.0,1.0,1.0,0.0,0.0,0.5058406514438859,0.0,0.0,1.0,0.3857442393437447,1.0,0.0,0.6891157026139278,1.0,0.0,0.0,1.0,0.0,0.0,1.0,0.0,0.0,1.0,0.4835619950555529,0.0,1.0,1.0,0.0,0.0,0.0,0.0236669606928239,0.858555368510516,1.0,0.0,0.0,1.0,0.0,1.0,1.0,0.0,0.0,0.0,0.01757676253523488,0.4317557062192103,0.0,1.0,1.0,1.0,0.0,0.0,0.0,0.08563569698813779,1.0,1.0,1.0,0.0,0.7478698177831502,0.0,0.0,0.0,0.56420337189667,1.0,0.0,1.0,1.0,0.0,1.0,0.0,0.0,0.0,1.0,0.0,0.0,1.0,0.0,1.0,1.0,0.1939374993501899,1.0,0.83039761944555,0.474597255692306,1.0,1.0,1.0
58,product/amplitude,decoupled,1,3.149543571085599,3.0298286032957042,3.149543571085599,3.154184693816021,0.9575601006295131,-3.2766228900628547,32.33117690309882,313.9971950650215,1,1,excluded,r_hat_max 1.580 > 1.1; n_eff_min 5.2 < 16.0,1.5796360170389545,1.0401731682913886,0.5172413793103449,5.237747919575299,0,63.0,1.5796360170389545,5.237747919575299,1.433105376949066,6.106749791535688,1.0729087411171556,45.028698321737394,1.4607210256447596,1.4345264254641223,0,0.5954235399761687,0.963736584574047,1.0,1.0,1.0,0.0,1.0,0.0,0.0,1.0,0.0,0.5438080400052041,1.0,1.0,1.0,1.0,0.0,1.0,1.0,0.0,0.0,0.47084204938015217,1.0,0.0,1.0,0.5040990931389544,0.8161674390329137,0.0,1.0,1.0,0.0,0.0,0.8870339397059013,0.0,0.13255709944175117,0.877345211772499,0.0,0.0,1.0,0.48849126138890747,0.0,1.0,0.8265857094552007,0.0,0.0,0.0,0.0,0.9232625238591018,1.0,0.5432881901635518,0.0,1.0,0.0,1.0,1.0,0.0,0.0,0.0,0.0,0.4875970045959656,0.0,1.0,0.2942851697621873,0.8518392366525603,0.0,0.0,0.0,0.10761307587086602,1.0,1.0,1.0,0.0,0.7208633097344045,0.8227580944549565,0.0,0.0,0.5685717698073961,1.0,0.0,1.0,1.0,0.0,1.0,0.0,0.0,0.0,1.0,0.0,0.0,1.0,0.0,1.0,1.0,0.20722917856118692,1.0,0.8348566833853412,0.36231430075655613,1.0,1.0,1.0
59,product/amplitude,decoupled,1,3.01514526261334,2.9964937566275114,3.149543571085599,3.154184693816021,0.9575601006295131,-3.286335434411718,33.19752833410166,275.13289573485963,1,1,excluded,r_hat_max 1.509 > 1.1; n_eff_min 6.7 < 16.0,1.5087734887340973,1.0411908135671104,0.5320197044334976,6.701467185009673,0,63.0,1.481361886122908,6.960506419141889,1.5087734887340973,6.701467185009673,1.0896138152192536,28.635425083996495,1.489345136584435,1.4389262259311408,0,1.0,1.0,1.0,0.9237391352110587,1.0,0.1926122648301603,1.0,0.0,0.0,1.0,0.0,0.4775581944024002,1.0,1.0,1.0,1.0,1.0,1.0,1.0,0.0,0.10681575570783283,0.46757577700752034,1.0,0.0,1.0,0.4502372271932213,0.6938878369865736,0.3818350030345641,1.0,1.0,0.0,1.0,0.0,0.0,0.8239138761321558,0.8978479284639124,0.0,0.0,1.0,0.4835438070164741,0.0,1.0,0.8303887792594283,0.0,0.0,0.0,0.0,0.8490184022879337,1.0,1.0,0.21125986049010204,1.0,0.0,1.0,1.0,0.0,1.0,0.0,0.2525311962467146,1.0,0.0,1.0,0.14786941261675543,0.8478537039341328,0.0,0.0,0.0,0.11326491635487554,1.0,1.0,1.0,0.0,1.0,0.6821207586807128,0.0,0.0,0.5335014058357277,1.0,0.0,1.0,0.0,0.0,1.0,0.0,0.0,0.0,0.841408781109465,0.0,0.0,1.0,0.0,1.0,1.0,0.0,1.0,1.0,0.4300125480874327,1.0,0.8289737008627346,1.0
60,product/amplitude,decoupled,1,3.107259911954452,3.1499879429313586,3.149543571085599,3.154184693816021,0.9575601006295131,-3.374403208004379,32.4125392138958,195.0547243100591,1,1,excluded,r_hat_max 1.686 > 1.1; n_eff_min 4.4 < 16.0,1.6856562366197627,1.0290775939575056,0.625615763546798,4.364361610385539,0,63.0,1.6856562366197627,4.364361610385539,1.4094400623100722,6.577127025258534,1.0313091068716165,31.03183941745806,1.5147751386849169,1.4401925638657593,0,0.0,1.0,1.0,1.0,1.0,0.0,1.0,0.0,0.0,1.0,0.0,0.5486502908960326,1.0,1.0,1.0,1.0,0.0,1.0,1.0,0.11155332425630622,0.0,0.5059422322914352,1.0,0.0,1.0,0.43991730681981517,0.7634226420207723,0.09498378606179561,0.6514391182904568,1.0,0.0,0.0,0.0,0.0,0.044957699406319586,1.0,0.0,0.0,1.0,0.49348335066635624,0.0,1.0,1.0,0.0,0.0,0.0,0.0,0.8628312529666454,1.0,1.0,0.0,1.0,0.0,1.0,1.0,0.0,0.0,0.0,0.0,0.5160769746590673,0.0,1.0,0.41299879590354965,1.0,0.0,0.0,0.0,0.09850057894180318,1.0,1.0,1.0,0.0,1.0,1.0,0.0,0.0,0.5469035765784328,1.0,0.0,1.0,0.0,0.0,1.0,0.0,0.0,0.0,1.0,0.0,0.0,1.0,0.0,1.0,1.0,0.1695188654907652,1.0,1.0,0.44702092589738285,1.0,1.0,1.0
61,product/amplitude,decoupled,1,2.9167012344995005,2.97554687713134,3.149543571085599,3.154184693816021,0.9575601006295131,-3.6650818190789844,32.72121030301787,287.06818362278864,1,1,excluded,r_hat_max 1.507 > 1.1; n_eff_min 7.1 < 16.0,1.5065630307419222,1.0353039502522505,0.5714285714285714,7.1269954652482665,0,63.0,1.5065630307419222,7.1269954652482665,1.4134080657586185,7.571660939987573,1.0951598899600905,21.068654697952795,1.540881446443434,1.4425825607328158,0,0.0,0.975463944403282,1.0,1.0,1.0,0.20439779526728774,1.0,0.0,0.0,1.0,0.0,0.543625567402232,1.0,1.0,1.0,1.0,0.0,1.0,1.0,0.0,0.0,0.46197624661796965,1.0,0.0,1.0,0.46519732534083513,0.7862300709182607,0.0,1.0,1.0,0.0,0.0,0.0,0.0,0.0,1.0,0.0,0.0,1.0,0.4887836371313494,0.0,0.0,0.8169760938975326,0.0,0.0,0.0,0.04819069855652081,0.8535767292521181,1.0,1.0,0.0,1.0,0.0,1.0,1.0,0.0,0.0,0.0,0.0,0.5147484070631084,0.0,1.0,0.0,1.0,0.0,0.0,0.0,0.0,1.0,1.0,1.0,0.0,1.0,1.0,0.0,0.0,0.5843059286735508,1.0,0.0,1.0,0.0,0.0,1.0,0.0,0.0,0.0,1.0,0.0,0.0,1.0,0.0,1.0,1.0,0.20393860997195512,1.0,0.8134561459572694,1.0,1.0,1.0,1.0
62,product/amplitude,decoupled,1,3.074070205443483,3.121421287234034,3.149543571085599,3.154184693816021,0.9575601006295131,-3.041788492843846,32.57240177807398,257.04584284778684,1,1,excluded,r_hat_max 1.675 > 1.1; n_eff_min 5.0 < 16.0,1.6747459470053203,1.0406891513747527,0.5615763546798029,5.028549631937714,0,63.0,1.495893874743952,5.593199944871071,1.6747459470053203,5.028549631937714,1.047321856511946,11.339565065646454,1.5630720881862736,1.441359466265322,0,0.5922479921158155,1.0,1.0,1.0,1.0,0.0,1.0,0.0,0.0,1.0,0.0,0.5278941777977332,1.0,1.0,1.0,1.0,0.0,1.0,1.0,0.14190366892554232,0.0,0.4930138203270956,1.0,0.0,1.0,0.5292420435061791,0.6076391035406868,0.0,0.6431061159239683,1.0,0.0,0.0,1.0,0.0,0.15562329411910758,1.0,0.0,0.0,1.0,0.4886843360465437,0.0,1.0,0.8952100161838537,0.0,0.0,0.0,0.0,1.0,1.0,0.5454859478397106,0.0,1.0,0.0,1.0,1.0,0.0,0.0,0.0,0.0,0.46375310947793646,0.0,1.0,1.0,0.8852466320609327,0.0,0.0,0.0,1.0,1.0,1.0,1.0,0.0,1.0,0.7810257478029016,0.0,0.07055584872517104,1.0,1.0,0.26853872491059344,1.0,1.0,0.03343531454883712,1.0,0.0,0.0,0.0,1.0,0.0,0.0,1.0,0.0,1.0,1.0,0.20738548193417083,1.0,1.0,0.39688440611628045,1.0,1.0,1.0
63,product/amplitude,decoupled,1,2.979490870086988,3.132399991994379,3.149543571085599,3.154184693816021,0.9575601006295131,-3.3481491014092963,33.071634077932686,253.02260867110454,1,1,excluded,r_hat_max 1.513 > 1.1; n_eff_min 5.0 < 16.0,1.5130321983017754,1.0308102815490323,0.6157635467980296,5.045576710118838,0,63.0,1.5130321983017754,5.045576710118838,1.400679316783722,7.540689939818022,1.0437217577399076,80.21965465768582,1.5870561852855942,1.4422916964195986,0,0.5976935635135406,1.0,1.0,1.0,1.0,0.0,1.0,0.0,1.0,1.0,0.0,0.5634392304705746,1.0,1.0,1.0,1.0,0.0,1.0,1.0,0.0,0.0,0.5007489428976569,1.0,0.0,1.0,0.44187066478802756,0.7924631915684189,0.0,0.648531569893621,1.0,0.0,0.0,0.7079554286214715,0.0,0.11497062105238054,0.8779652539598891,0.0,0.0,1.0,0.48834176150783565,0.0,1.0,0.0,0.0,0.0,0.0,0.0,0.8356921082811126,1.0,0.5594600668116911,0.0,1.0,0.5902519941966624,1.0,1.0,0.0,0.0,0.0,0.2513299055509378,0.4508329266011418,0.0,1.0,0.3336002374167384,0.8506947214603445,0.0,0.0,0.0,0.0,1.0,0.7090900102155017,1.0,0.0,1.0,0.0,0.0,0.0,0.5740077698839763,1.0,0.0,1.0,1.0,0.0,1.0,0.0,0.0,0.5215414726179962,1.0,0.0,0.0,1.0,0.0,1.0,1.0,0.1699318490029454,1.0,0.8863453421271937,0.3624670426970878,1.0,1.0,1.0
64,product/amplitude,decoupled,1,3.203259401394988,3.123601357219639,3.203259401394988,3.154184693816021,0.9575601006295131,-3.6847572353504585,30.938199750846252,276.6225514570251,1,1,excluded,r_hat_max 1.351 > 1.1; n_eff_min 7.0 < 16.0,1.3507556925016557,1.020229920476694,0.6995073891625616,6.970826638773767,0,63.0,1.3507556925016557,8.166550884889768,1.3085752188850504,6.970826638773767,1.0574467359158586,55.425757137957454,1.608812977235616,1.4413617460258876,0,1.0,1.0,1.0,1.0,1.0,0.0,1.0,0.0,0.0,1.0,0.0,0.0,1.0,1.0,1.0,1.0,0.0,1.0,1.0,0.14037719184347866,0.0,0.48252437423665595,1.0,0.0,1.0,0.4525560649259998,0.0,0.6091478231174402,0.670985827122276,1.0,0.0,0.0,0.9261303117418725,0.0,0.3845408858014246,1.0,0.0,0.0,1.0,0.49663608458396213,0.0,1.0,1.0,0.0,0.0,0.0,0.0,0.8828496864882391,1.0,1.0,0.0,1.0,0.0,1.0,1.0,0.0,0.0,0.0,0.0,0.5294478066229417,0.0,1.0,0.2787618216353508,0.9077130219368797,0.0,0.0,0.0,0.11652330082691074,1.0,0.95167235258749,1.0,0.0,0.759101272758868,0.37913515267712167,0.0,0.0,0.5281146195867905,1.0,0.0,1.0,1.0,0.0,1.0,0.0,0.0,0.17227351083200523,1.0,0.0,0.0,1.0,0.0,1.0,0.7006474567580909,0.0,1.0,1.0,0.39444278710327496,1.0,1.0,1.0
65,product/amplitude,decoupled,1,2.9819117459929396,3.0756279783622595,3.203259401394988,3.154184693816021,0.9575601006295131,-3.6456037650320643,37.9736256969627,267.81511089601554,1,1,excluded,r_hat_max 1.541 > 1.1; n_eff_min 6.2 < 16.0,1.541281347753877,1.0253603154778725,0.6354679802955665,6.167745757283219,0,63.0,1.541281347753877,6.167745757283219,1.3708660226682268,7.196123652778894,1.0944312828101606,21.321116343435882,1.6333429222226832,1.4436314436036752,0,1.0,1.0,1.0,1.0,1.0,0.0,0.6157167900945798,0.0,0.11822777672160745,1.0,0.0,0.0,1.0,1.0,1.0,1.0,0.0,1.0,1.0,0.1092906996384551,0.0,0.4917310821451335,1.0,0.0,1.0,0.5024076572968448,0.0,0.4949413368266896,0.6123967683524829,1.0,0.0,0.0,1.0,0.0,0.11237760264976127,1.0,0.0,0.0,1.0,0.4965826095546745,0.0,1.0,1.0,0.0,0.0,0.0,0.0,0.900393430087792,1.0,1.0,0.0,0.9152630498284092,0.0,1.0,1.0,0.0,0.0,0.0,0.0,0.4933470512491531,0.0,1.0,0.43774423473408475,1.0,0.05858577540034337,0.0,0.0,0.11394684062366105,1.0,1.0,1.0,0.0,0.6376704009889503,0.6126286769910629,0.0,0.0,0.5575893088647162,1.0,0.0,1.0,1.0,0.0,0.8948308807526527,0.017457489628322224,0.0,0.0,1.0,0.0,0.0,1.0,0.5888180581165022,1.0,1.0,0.33034225207142803,1.0,0.7171210420808334,0.44872900048262515,1.0,1.0,1.0
66,product/amplitude,decoupled,1,2.946957579344116,2.931118267864898,3.203259401394988,3.154184693816021,0.9575601006295131,-3.551706229265231,37.28740995191038,201.4437358849682,1,1,excluded,r_hat_max 1.410 > 1.1; n_eff_min 8.7 < 16.0,1.4098047603527164,1.0255218921443077,0.6748768472906403,8.654489331059512,0,63.0,1.3559357899643145,9.272244857772122,1.4098047603527164,8.654489331059512,1.0388350391838062,85.27560062208867,1.6537757831888993,1.4420931030321218,0,1.0,1.0,1.0,1.0,1.0,0.0,1.0,0.0,0.0,0.0,0.0,0.43811891323213636,1.0,1.0,1.0,1.0,0.0,1.0,1.0,0.0,0.0,1.0,1.0,0.0,1.0,0.3866961340534424,0.0,0.6324012148135553,0.6712690204350044,1.0,0.0,0.0,0.9764152714301764,0.0,1.0,1.0,0.0,0.0,1.0,0.4941750183122526,0.0,1.0,1.0,0.0,0.0,0.0,0.0,0.8318921339746533,0.9991854528528021,1.0,0.0,1.0,0.28940686382462727,1.0,1.0,0.0,0.0,0.04536729373158692,0.0,0.5327115299831816,0.0,0.0,0.25270728491203875,0.8407362272663047,0.0,0.0,0.0,1.0,1.0,1.0,1.0,0.0,0.6869114167871636,0.2882296193422966,0.0,0.0,0.5003833802371512,1.0,0.0,1.0,1.0,0.0,1.0,0.0,0.0,0.0,1.0,0.0,0.0,1.0,0.0,1.0,0.7448834761158981,0.0,1.0,1.0,0.38599804570497054,1.0,1.0,1.0
67,product/amplitude,decoupled,1,3.033985703175454,2.9786484995262192,3.203259401394988,3.154184693816021,0.9575601006295131,-3.7206747960729194,39.88328961096704,154.57859617611393,1,1,excluded,r_hat_max 1.478 > 1.1; n_eff_min 6.6 < 16.0,1.4780381048997295,1.0207082220389638,0.6108374384236454,6.558052299339249,0,63.0,1.4780381048997295,6.947425789092273,1.4004345111396619,6.558052299339249,1.06989542618194,24.597214578382513,1.6730770040270369,1.4398543943079045,0,1.0,1.0,1.0,0.49900565043926953,1.0,0.0,1.0,0.0,0.0,1.0,0.0,0.0,1.0,1.0,1.0,1.0,0.0,1.0,1.0,0.12131213231282377,0.0,0.45897071305647724,1.0,0.0,1.0,0.6119565600786985,0.7907076061901719,0.6397780846004695,0.6967264437818254,1.0,0.0,0.0,0.8676107270076133,0.0,1.0,0.8239756261873658,0.0,0.0,1.0,0.48515506992578517,0.3022951620931065,1.0,1.0,0.0,0.0,0.0,0.0,0.8669081246328425,1.0,1.0,0.0,1.0,0.0,1.0,1.0,0.0,0.0,0.0,0.0,0.4790369993645325,0.0,1.0,0.0,0.8626245346883586,0.0,0.0,0.0,0.0934873179507498,1.0,1.0,0.7041759597779533,0.0,0.734262041135963,0.8693401835971221,0.0,0.0,0.6186286279185675,1.0,0.10063617637784587,1.0,1.0,0.0,1.0,0.0,0.0,0.1956672908721186,1.0,0.0,0.0,1.0,0.0,1.0,0.687805062250965,0.2548523541419492,1.0,1.0,0.4375337266337717,1.0,1.0,1.0
68,product/amplitude,decoupled,1,3.2993827429584313,3.2483804570335106,3.2993827429584313,3.2483804570335106,0.8633643374120235,-3.8469351517283776,37.149456423008814,288.6951851861086,1,1,excluded,r_hat_max 1.784 > 1.1; n_eff_min 4.2 < 16.0,1.7841243792197845,1.0333689339997052,0.6108374384236454,4.151447848148673,0,63.0,1.7841243792197845,4.151447848148673,1.4208065285271154,6.853812235363597,1.1376027101451116,23.182877455819604,1.6930903672498077,1.438585607838427,0,0.578484102396564,1.0,1.0,1.0,1.0,0.0,1.0,0.0,0.0,1.0,0.0,1.0,1.0,1.0,1.0,1.0,1.0,1.0,1.0,0.0,0.0,0.4888908652444129,1.0,0.0,1.0,0.44196306267106883,0.0,0.03710439352434215,0.0,1.0,0.0,0.0,1.0,0.11617021751793352,0.5245297730383485,1.0,0.0,0.0,1.0,0.5031548223304347,0.0,1.0,1.0,0.0,0.0,0.0,0.0,0.8993933255085885,1.0,1.0,0.0,1.0,0.0,1.0,1.0,0.0,0.0,0.0,0.0,0.4698669785065037,0.0,1.0,1.0,0.906532794149359,0.0,0.0,0.0611093906265778,0.0,1.0,1.0,1.0,0.0,0.7491468088051823,0.243128457135151,0.0,0.0,0.4946469634307962,1.0,0.0,1.0,1.0,1.0,1.0,0.0,0.0,0.17084907426295184,1.0,0.0,0.0,1.0,0.0,1.0,1.0,0.0,0.0,1.0,0.0,1.0,1.0,1.0
69,product/amplitude,decoupled,1,3.0942192740329353,3.100494119541123,3.2993827429584313,3.2483804570335106,0.8633643374120235,-3.733962924869984,40.96742388093844,243.8037374780979,1,1,excluded,r_hat_max 1.443 > 1.1; n_eff_min 7.8 < 16.0,1.4433297367419295,1.0224595076022984,0.6600985221674877,7.8375441747584755,0,63.0,1.3432473359948744,7.8375441747584755,1.4433297367419295,8.899559639948892,1.035231956310302,50.254968084496234,1.7163699668977588,1.440967483095016,0,0.49129225181884106,1.0,1.0,1.0,1.0,0.0,1.0,0.0,0.0,1.0,0.0,0.0,1.0,1.0,1.0,1.0,1.0,1.0,1.0,0.12155822113273408,0.19462073778069933,0.4803677071035513,1.0,0.0,0.6286074607216267,0.4692907093009308,0.0,0.0,0.6874452900952451,1.0,0.0,0.0,0.8999690295833112,0.0,0.5899115783198811,0.900561837592421,0.0,0.0,1.0,0.49160532154869213,0.0,1.0,1.0,0.0,0.0,0.0,0.0,0.9201947073145397,1.0,1.0,0.008110643941142998,1.0,0.0,1.0,1.0,0.17839388934745062,0.0,0.0,0.0,0.48008386486759025,0.0,1.0,1.0,0.8850619933082302,0.0,0.0,0.0,0.08390659903869807,1.0,1.0,0.7419930057354667,0.0,0.890615921398252,0.23571366329014692,0.0,0.22345456846855447,0.5033479060567742,1.0,0.0,1.0,1.0,0.9600935704841073,1.0,0.0,0.0,0.17478583883329887,1.0,0.0,0.0,1.0,0.0,1.0,1.0,0.0,1.0,1.0,0.0,1.0,1.0,1.0
70,product/amplitude,decoupled,1,3.297646872916408,3.269185464991965,3.2993827429584313,3.269185464991965,0.8425593294535689,-3.465707590076303,37.719104930059984,293.57442902587354,1,1,excluded,r_hat_max 1.400 > 1.1; n_eff_min 7.5 < 16.0,1.3998352085467187,1.0179494075823843,0.7044334975369458,7.54126321204498,0,63.0,1.280175708781218,8.381755732121913,1.3998352085467187,7.54126321204498,1.14332708641443,30.549603698483345,1.7360535284282612,1.439950745972246,0,0.6528303389610267,1.0,1.0,1.0,1.0,0.0,1.0,0.0,0.0,1.0,0.0,1.0,1.0,1.0,1.0,1.0,1.0,1.0,1.0,0.11522155916003972,0.07965230690243133,0.5009530264468446,1.0,0.0,1.0,0.380284631286876,0.6921053030943349,0.0,0.0,1.0,1.0,0.0,1.0,0.09978097363180896,0.38757749469930564,1.0,0.0,0.0,1.0,0.5063501587896221,0.0,1.0,0.8514008318747529,0.0,0.0,0.0,0.0,0.8801301397688339,1.0,1.0,0.0,1.0,0.0,1.0,1.0,0.0,0.1784299244369994,0.0,0.0,0.5101149309547989,0.0,1.0,0.9074620839890599,0.863535329669709,0.0,0.0,0.03518859937165571,0.1482964416765316,1.0,0.9445414195180913,1.0,0.0,0.7401789473855412,1.0,0.0,0.0,1.0,1.0,0.0,1.0,1.0,1.0,1.0,0.0,0.0,0.1676721515127142,1.0,0.0,0.0,1.0,0.0,1.0,1.0,0.0,0.0,1.0,0.0,1.0,0.9887825419084483,1.0
71,product/amplitude,decoupled,1,3.1398319786641635,3.2151149280320768,3.2993827429584313,3.269185464991965,0.8425593294535689,-2.7538092528422027,41.382174239028245,307.30542566790245,1,1,excluded,r_hat_max 1.473 > 1.1; n_eff_min 6.1 < 16.0,1.4730250745785187,1.0263313428895646,0.645320197044335,6.148945069422413,0,63.0,1.302468612167584,8.552589691510368,1.4730250745785187,6.148945069422413,1.007421411666652,74.57232813798365,1.7580478008858407,1.4415675066969906,0,1.0,1.0,0.8351318050175848,1.0,1.0,0.0,1.0,0.0,0.0,0.510216428610562,0.0,0.5631765027546535,1.0,1.0,0.0,1.0,1.0,1.0,1.0,0.0,0.0,0.48454344380972647,1.0,0.0,1.0,0.503583414944368,1.0,0.6475996090091505,0.0,1.0,0.0,0.0,0.9301996585956159,0.047708929028129704,0.39186162194353824,1.0,0.0,0.0,1.0,0.5082541221227002,0.0,1.0,0.7955141474040001,0.0,0.0,0.0,0.0,0.8955543483222563,1.0,1.0,0.0,1.0,0.0,0.0,1.0,0.0,0.0,0.0,0.0,0.0,0.0,1.0,0.32195366116868307,0.8889126309377527,0.0,0.0,0.0,0.16549535286824657,1.0,1.0,1.0,0.0,1.0,1.0,0.0,0.0,0.5188038779707392,1.0,0.0,1.0,0.863658086929096,1.0,1.0,0.0,0.0,0.17867771246276146,1.0,0.0,0.0,1.0,0.0,1.0,1.0,0.0,0.0,1.0,0.0,1.0,0.7588300810555157,0.6153767950886326
72,product/amplitude,decoupled,1,2.7691079508009335,2.7169738551923848,3.2993827429584313,3.269185464991965,0.8425593294535689,-2.913341525883062,37.301132956985384,304.5024650010746,1,1,excluded,r_hat_max 1.775 > 1.1; n_eff_min 4.4 < 16.0,1.7754951241159571,1.0300123152550993,0.6108374384236454,4.445387422223472,0,63.0,1.7754951241159571,4.445387422223472,1.3347731773979195,7.347291647724724,1.0431543238477377,30.160653661594473,1.7772392477994288,1.4406263457364148,0,0.6177844016253284,1.0,1.0,1.0,1.0,0.12158185940718945,1.0,0.0,0.0,1.0,0.0,1.0,0.9603221167329904,1.0,1.0,1.0,1.0,1.0,1.0,0.0875425303137364,0.10335315504631667,0.4949133797416636,1.0,0.0,1.0,0.44847378664562243,0.8309521440015328,0.5821486584407388,0.0,0.7846639967430568,0.0,0.0,0.8827472559493404,0.09491414144894317,0.23249109335868748,1.0,0.0,0.0,1.0,0.5035585330323739,0.0,1.0,0.8405060109849078,0.0,0.0,0.0,0.0,0.8636017228998144,0.9636787758094478,1.0,0.0,1.0,0.0,1.0,0.0,0.0,0.0,0.0,0.0,0.4840376445178528,0.0,0.8935412057850175,0.3470744087404854,0.8894604665747582,0.0,0.0,0.0,0.11036918091292135,1.0,1.0,1.0,0.0,0.7515013513547423,0.0,0.0,0.0,0.5448582572824846,1.0,0.0,1.0,1.0,1.0,1.0,0.0,0.0,1.0,1.0,0.0,0.0,1.0,0.0,1.0,1.0,0.0,0.0,1.0,0.380147262388802,1.0,1.0,1.0
73,product/amplitude,decoupled,1,2.947616269485239,2.9998694358310676,3.2993827429584313,3.269185464991965,0.8425593294535689,-2.1459159995931367,40.37494793091901,292.1460441790987,1,1,excluded,r_hat_max 1.382 > 1.1; n_eff_min 7.8 < 16.0,1.3815848175110321,1.0318839357297378,0.6009852216748769,7.7772789255764065,0,63.0,1.3815848175110321,8.270004561701201,1.2925930599749076,7.7772789255764065,1.1220966491223414,52.38254878026775,1.7908264903062987,1.435362748583475,0,0.6270472815191641,1.0,1.0,0.0358195983890552,1.0,0.0,1.0,0.0,0.0,1.0,0.0,1.0,1.0,0.2562869883391325,1.0,1.0,1.0,1.0,1.0,0.0,0.0,0.46569102721224126,1.0,0.0,1.0,0.5205542269808655,0.43022330049855795,0.6161540671143894,0.0,1.0,1.0,1.0,1.0,0.0,0.43209286374363937,1.0,0.0,0.0,0.0,0.4985182784555892,0.0,1.0,1.0,0.7553771746627148,0.0,0.0,0.0,1.0,1.0,1.0,0.0,1.0,1.0,0.8506449790403764,0.13397426492730868,0.0,0.0,0.6620372029141811,0.0,0.5566326156401836,0.0,1.0,1.0,0.8530931238348844,0.7103673197313798,0.0,0.0,0.0,1.0,1.0,1.0,0.0,1.0,0.5701928898952723,0.0,0.0,0.6097510142398119,1.0,0.0,1.0,0.620893845228508,0.0,1.0,0.0,0.0,0.19922541178866646,1.0,0.8989534656197384,1.0,1.0,1.0,1.0,1.0,0.1540539591350991,0.0,1.0,0.2555354482509928,1.0,1.0,1.0
74,product/amplitude,decoupled,1,3.097291236193944,3.0655184526442483,3.2993827429584313,3.269185464991965,0.8425593294535689,-3.0652853429683136,38.80213864706457,216.799852643162,1,1,excluded,r_hat_max 1.399 > 1.1; n_eff_min 5.4 < 16.0,1.3992953419771947,1.028299054044692,0.645320197044335,5.422230274122486,0,63.0,1.3992953419771947,8.536709396850412,1.3635429808937396,5.422230274122486,1.0190993982074494,46.04190399106901,1.8064587846195277,1.4318741894023308,0,1.0,1.0,1.0,1.0,1.0,0.0,1.0,0.0,0.0,1.0,0.0,1.0,1.0,1.0,1.0,1.0,1.0,1.0,1.0,0.03917855280344774,0.0,0.47145870061921136,1.0,1.0,1.0,1.0,0.0,0.0,0.0,1.0,1.0,0.0,1.0,0.0,0.4825111138696028,1.0,0.0,0.0,1.0,0.49893291016242863,0.0,1.0,1.0,0.0,0.0,0.0,0.0,0.8497538106931501,1.0,1.0,0.0,1.0,0.0,0.0,1.0,0.0,0.0,0.0,0.0,0.5311666608065905,0.0,1.0,0.5833363232946558,1.0,0.0,0.0,0.08764196584876549,0.016416288759144405,0.0,0.9370933435281863,1.0,0.0,0.7743640881674178,0.8238602501750155,0.0,0.0,1.0,1.0,0.0,1.0,1.0,1.0,1.0,0.0,0.0,0.14298792003184085,1.0,0.0,0.0,1.0,0.0,1.0,1.0,0.0,0.0,1.0,0.0,1.0,1.0,1.0
75,product/amplitude,decoupled,1,3.0567675176666538,3.1663771291339486,3.2993827429584313,3.269185464991965,0.8425593294535689,-3.288094183308067,42.85938952607103,283.5928993548732,1,1,excluded,r_hat_max 1.400 > 1.1; n_eff_min 7.4 < 16.0,1.3995515571966475,1.0233115042126677,0.6354679802955665,7.388125290326478,0,63.0,1.3143485938473438,7.388125290326478,1.3995515571966475,8.09468722282165,1.1561695865191064,22.668287803974884,1.8236698839738532,1.4299815623470156,1,1.0,1.0,1.0,1.0,1.0,0.0,1.0,0.0,0.0,0.0,0.0,1.0,1.0,1.0,1.0,1.0,0.0,1.0,1.0,0.0,0.0,0.4927668966333738,1.0,0.0,1.0,0.39003368836995417,0.0,0.0,1.0,1.0,1.0,0.0,0.3203894560783295,0.0,0.3906296612357939,1.0,0.0,0.0,1.0,0.5076245714626801,0.0,1.0,1.0,0.0,0.0,0.0,0.0,1.0,1.0,1.0,0.0,1.0,0.0,1.0,1.0,0.0,1.0,0.0,0.0,0.44043139214914184,1.0,1.0,1.0,0.8492537182705702,0.0,0.0,0.0,0.0,1.0,1.0,1.0,0.0,0.7876763515178621,1.0,0.0,0.0,1.0,1.0,0.0,1.0,1.0,0.0,1.0,0.0,0.0,0.1544217525328602,1.0,0.0,1.0,1.0,0.0,1.0,1.0,0.0,1.0,1.0,0.0,1.0,1.0,1.0
76,product/amplitude,decoupled,1,2.478416820396883,2.414462416918631,3.2993827429584313,3.269185464991965,0.8425593294535689,-4.315523549609935,37.85502565908246,184.1873413049616,1,1,excluded,r_hat_max 1.771 > 1.1; n_eff_min 4.5 < 16.0,1.7714537159077424,1.0380715373317324,0.5615763546798029,4.478961715844306,0,63.0,1.7714537159077424,4.556485761289722,1.6700102250460067,4.478961715844306,1.0247031384068872,22.46402791960786,1.8398948528382322,1.427475080215875,0,1.0,1.0,1.0,1.0,1.0,0.0,1.0,0.0,0.0,1.0,0.0,1.0,0.15403891169582612,1.0,0.0,1.0,1.0,1.0,1.0,0.0,0.0,0.47942467465735467,1.0,0.0,1.0,0.3672398760224498,0.0,0.0,0.0,1.0,0.6896683086121002,1.0,0.23886482033935788,0.0,0.0,1.0,0.0,0.828985522826533,0.22615258938175442,0.4964188036533115,0.0,1.0,1.0,0.0,0.0,0.0,0.2282451231876755,0.9098965110369786,0.0,1.0,0.0,1.0,0.0,1.0,1.0,0.0,0.0,0.0,0.0,0.5284480437123994,0.0,0.0,1.0,0.8408396713685238,1.0,0.0,0.0,1.0,1.0,0.9477904646047165,1.0,0.0,1.0,1.0,0.0,0.0,1.0,1.0,0.0,0.0,0.0,1.0,1.0,0.0,0.0,0.186452523251276,1.0,0.0,0.9027264777825904,1.0,0.0,1.0,0.0,0.15082749896307024,0.0,1.0,0.0,1.0,1.0,1.0
77,product/amplitude,decoupled,1,2.661962924793905,2.93662935907433,3.2993827429584313,3.269185464991965,0.8425593294535689,-4.2276187323620364,42.387142282910645,217.33873969689012,1,1,excluded,r_hat_max 1.571 > 1.1; n_eff_min 5.6 < 16.0,1.5705329301705617,1.0243379983298253,0.6699507389162561,5.572035046677973,0,63.0,1.5705329301705617,5.572035046677973,1.3363874566462155,6.9018051828361076,1.0406522996177965,75.58003614467376,1.8481873459234095,1.4200168433082396,0,0.1981104735759795,1.0,0.13022275506627665,1.0,1.0,0.0,1.0,0.0,0.0,1.0,0.0,0.0,1.0,1.0,1.0,1.0,1.0,1.0,1.0,0.0,0.0,0.0,1.0,0.0,0.0,0.46112057066379186,0.6974063551807654,0.0,0.0,0.0,0.0,0.0,1.0,0.0,0.519965669577854,1.0,0.0,0.0,1.0,0.5013265649836336,0.0,1.0,1.0,0.0,0.0,0.0,0.0,0.9104215167833571,1.0,1.0,0.0,1.0,0.0,1.0,1.0,0.0,1.0,0.0,0.0,0.43663016488338274,0.0,1.0,1.0,1.0,0.0,0.0,0.0,0.13681672312727325,0.4991697566671144,1.0,0.0,0.0,0.7430453693675728,1.0,0.0,0.0,0.5231492745201769,1.0,0.0,1.0,1.0,1.0,1.0,0.0,0.0,0.18517429782204217,1.0,0.0,0.0,1.0,0.0,1.0,0.6708417876280263,0.0,0.0,1.0,0.0,0.0,0.0,1.0
78,product/amplitude,decoupled,1,3.2547598444390764,3.1535058737802935,3.2993827429584313,3.269185464991965,0.8425593294535689,-3.542351709621042,40.004356406861916,301.55562085006386,1,1,excluded,r_hat_max 1.736 > 1.1; n_eff_min 4.8 < 16.0,1.7363816570542991,1.0612897391234293,0.46798029556650245,4.783598586577041,0,63.0,1.5409740914546417,5.18228855262045,1.7363816570542991,4.783598586577041,1.0085678203385526,26.861537412499537,1.8586203661653389,1.4138519120227484,0,0.6245048231084129,1.0,1.0,1.0,1.0,0.0,1.0,0.0,0.0,0.0,0.0,0.5195844737541432,1.0,1.0,1.0,1.0,1.0,1.0,1.0,0.13507986401965427,0.0,0.5037464641542346,1.0,0.0,1.0,1.0,0.0,0.6435321826653514,0.0,1.0,1.0,0.0,1.0,0.0,0.701769640962188,1.0,0.0,0.0,1.0,0.5017154889180865,0.0,1.0,0.8587053067499396,0.0,0.0,0.0,0.0,0.8636480847604803,1.0,1.0,0.0,0.0,0.0,0.2872472798799739,1.0,0.0,0.17792623310530997,0.0,1.0,0.5122791086955393,0.0,1.0,1.0,0.4582199603440989,0.0,0.0,0.05166980849099916,0.0,1.0,0.9494295997399387,1.0,0.0,1.0,1.0,0.0,0.0,0.47858715986902256,1.0,0.0,1.0,1.0,1.0,1.0,0.0,0.0,0.1635748993924577,1.0,1.0,0.0,1.0,0.0,1.0,1.0,0.0,0.0,1.0,0.0,1.0,1.0,1.0
79,product/amplitude,decoupled,1,3.1095356941280716,3.124489334131551,3.2993827429584313,3.269185464991965,0.8425593294535689,-3.278794202118664,43.063143293140456,235.53203929704614,1,1,excluded,r_hat_max 1.395 > 1.1; n_eff_min 7.0 < 16.0,1.394792894032438,1.0217571868018418,0.625615763546798,7.018430386638648,0,63.0,1.2954437081398091,7.018430386638648,1.394792894032438,7.7103797396418665,1.075123008254464,30.34089795882437,1.8762930177890569,1.4135186181664257,0,0.9969643677289942,1.0,1.0,1.0,1.0,0.0,1.0,0.0,0.0,0.0,0.0,0.46662881020131686,1.0,0.7338585009587563,1.0,1.0,1.0,1.0,1.0,0.0,0.3097226179896532,0.5284432040061641,1.0,0.0,1.0,0.4801709015657392,0.0,0.0,0.0,1.0,1.0,0.0,0.9083287092486112,0.14552424437991832,0.6619367312906673,1.0,0.0,0.0,1.0,0.6469311973187578,0.0,1.0,0.9959608172870263,0.0,0.0,0.0,0.0,0.8527465092967361,1.0,1.0,0.0,1.0,0.0,0.20080709255144988,1.0,0.0,0.0,0.0,1.0,0.5543500194963813,0.0,0.999034495051438,0.7489380193641186,0.907504820550099,0.0,0.0,0.04874863597792776,0.0,1.0,1.0,1.0,0.0,1.0,0.8562675336957458,0.0,0.0,1.0,1.0,0.0,1.0,1.0,1.0,0.9854834561379312,0.0,0.0,0.16735102139494704,1.0,1.0,0.0,1.0,0.0,1.0,1.0,0.11530817472230036,1.0,1.0,0.0,1.0,1.0,1.0
80,product/amplitude,decoupled,1,2.9286356687423143,2.8800768629727265,3.2993827429584313,3.269185464991965,0.8425593294535689,-2.5428556577199704,38.33242647792213,280.1246875980869,1,1,excluded,r_hat_max 2.056 > 1.1; n_eff_min 3.5 < 16.0,2.0559159462279983,1.026300287272044,0.6206896551724138,3.5173520168634083,0,63.0,2.0559159462279983,3.5173520168634083,1.5464846187015602,5.7305145133215385,1.026252905815481,58.78809233789569,1.8917085512432945,1.4113231036573275,0,0.6487688095758811,1.0,1.0,1.0,1.0,0.0,1.0,0.0,0.0,1.0,0.0,0.5495821942615311,1.0,0.7163008129748447,1.0,0.0,1.0,1.0,1.0,0.0,0.0,0.2211603763902796,1.0,0.0,1.0,0.47324303559809316,0.0,0.6329499251324061,0.0,1.0,1.0,0.0,0.9211336615074737,0.0,0.588402162129064,1.0,0.0,0.0,1.0,0.5271479984477325,0.0,1.0,0.8383128474687411,0.0,0.0,0.0,0.6003915132037024,0.8706610750633723,1.0,1.0,0.0,0.0,0.0,0.2692207751476381,1.0,0.0,0.17753813417133976,0.0,0.0,0.4965706705320885,0.0,1.0,0.9181253851264819,0.9036366849535852,0.0,0.0,0.40317057670674467,0.0,1.0,1.0,1.0,0.0,1.0,0.8424888620108384,0.0,0.0,0.5081928119938335,1.0,0.0,1.0,1.0,1.0,1.0,0.0,0.0,0.0,1.0,0.9969604854681707,0.0,1.0,0.0,1.0,1.0,0.0,0.0,1.0,0.0,1.0,1.0,1.0
81,product/amplitude,decoupled,1,3.0979069377896917,3.1526666126949627,3.2993827429584313,3.269185464991965,0.8425593294535689,-2.8925774895354706,43.79238652996719,263.35707483487204,1,1,excluded,r_hat_max 1.692 > 1.1; n_eff_min 5.1 < 16.0,1.6921011624176172,1.0365990170210844,0.541871921182266,5.144743079200934,0,63.0,1.575067539355488,5.144743079200934,1.6921011624176172,5.86696726954515,1.1154156740067933,27.951135091221012,1.9045101205951342,1.4072500799363654,0,0.6342173934092057,1.0,1.0,1.0,1.0,0.0,1.0,0.0,0.0,1.0,0.0,0.5213438653092248,1.0,1.0,1.0,1.0,1.0,1.0,1.0,0.0,0.1338194413000236,0.49486406325970816,1.0,0.0,1.0,0.6277100987082429,0.8006170919789302,0.7055405291502647,0.6670368194446666,1.0,1.0,0.0,1.0,0.0,0.7716693549036845,0.947020680803533,0.0,0.0,0.8695510081970451,0.5106689021417028,0.0,1.0,0.8922893724408664,0.18187005602040454,0.0,0.0,0.0,0.8584469486577501,1.0,1.0,0.0,1.0,0.0,1.0,1.0,0.0,0.15669555692350748,0.0,1.0,0.5643460570874095,0.0,1.0,1.0,0.1652459597263636,0.0,0.0,0.042008314251280966,0.0,1.0,1.0,1.0,0.0,0.9452144347219407,0.8380037477673253,0.0,0.0,0.5020627001262118,1.0,0.0,1.0,0.5982723193907943,0.0,1.0,0.0,0.07056769410723376,0.18896361419098767,1.0,1.0,0.0,1.0,0.0,1.0,1.0,0.0,0.0,0.8703212576788435,0.0,1.0,1.0,1.0
82,product/amplitude,decoupled,1,3.1056398643127663,3.0913441467667218,3.2993827429584313,3.269185464991965,0.8425593294535689,-2.9679863444189003,38.978175449883565,334.1473793219775,1,1,excluded,r_hat_max 1.619 > 1.1; n_eff_min 5.0 < 16.0,1.6191657211614556,1.0267921980453938,0.625615763546798,5.015083218350668,0,63.0,1.5954330861654333,5.015083218350668,1.6191657211614556,6.402805843093294,1.1085783399942277,28.34947928418821,1.9190637403170192,1.4047628196029707,0,0.8278666153070983,1.0,1.0,1.0,1.0,0.0,1.0,0.0,0.0,0.0,0.0,0.5654286551338384,1.0,1.0,1.0,1.0,1.0,1.0,1.0,0.16458497629425092,0.0,0.44962820764853056,1.0,0.0,1.0,1.0,0.0,0.0,1.0,1.0,1.0,0.0,0.9126445718242993,0.11298983422643616,0.6887305165035449,1.0,0.10316793736307113,0.0,1.0,0.509910262123999,0.0,1.0,0.8759496067064577,0.0,0.0,0.0,0.0,0.8758279977325323,1.0,1.0,0.0,1.0,0.0,0.0,1.0,0.0,0.2438046013832111,1.0,0.0,0.5193340066620475,0.0,1.0,1.0,0.6495558434897357,0.0,0.0,0.057514009480362574,0.0,1.0,1.0,1.0,0.0,0.7958646325630778,0.8544687914884154,0.0,0.0,0.5100827093455664,1.0,0.0,1.0,1.0,0.0,1.0,0.0,0.0,0.0,0.8889654956428745,1.0,0.0,1.0,0.0,1.0,0.971645215075791,0.0,0.18973912345832653,1.0,0.0,1.0,1.0,1.0
83,product/amplitude,decoupled,1,3.214752344714562,3.174755355781036,3.2993827429584313,3.269185464991965,0.8425593294535689,-3.9155071829643022,44.59353628009558,289.0747652288992,1,1,excluded,r_hat_max 1.716 > 1.1; n_eff_min 4.2 < 16.0,1.716262538617556,1.0465517664503579,0.5073891625615764,4.199310722259058,0,63.0,1.4452192379986548,5.403839358885052,1.716262538617556,4.199310722259058,1.0999153886850472,30.724511883647587,1.933359838196486,1.4022632437470655,0,1.0,0.9337454583753725,1.0,1.0,1.0,0.0,1.0,0.0,0.0,0.47152320524721497,0.0,0.0,1.0,1.0,1.0,1.0,1.0,1.0,1.0,0.14167077597888,0.0,0.493712191707442,1.0,0.0,1.0,0.544362319811715,0.0,0.0,0.0,1.0,1.0,0.0,1.0,0.21391951667289763,0.6793188221224894,1.0,0.0,0.0,1.0,0.5010296252587136,0.0,1.0,0.7741240738272599,0.0,0.0,0.0,0.09689541441515248,0.8583605276630764,1.0,1.0,0.0,0.0,0.0,1.0,1.0,0.0,0.0,0.0,0.0,0.514802689906424,0.0,1.0,1.0,0.595916957060057,0.0,0.0,0.0,0.0,1.0,1.0,1.0,0.0,1.0,1.0,0.0,0.06771999097002555,1.0,1.0,0.0,1.0,1.0,1.0,1.0,0.0,0.0,0.16079798185647834,1.0,1.0,0.0,1.0,0.0,1.0,1.0,0.0,0.0,1.0,0.0,1.0,1.0,1.0
84,product/amplitude,decoupled,1,3.12684082633796,3.0890693703694128,3.2993827429584313,3.269185464991965,0.8425593294535689,-3.6074186459744864,41.61401215521619,290.23896107287146,1,1,excluded,r_hat_max 1.429 > 1.1; n_eff_min 6.9 < 16.0,1.4293435233213356,1.0383466009667923,0.6009852216748769,6.8849180710859805,0,63.0,1.4293435233213356,6.8849180710859805,1.3935296243712865,7.015270847271177,1.073980160752092,35.37689845558005,1.9486145108931296,1.4008025868182943,0,0.8302523863977564,1.0,1.0,1.0,1.0,0.0,1.0,0.0,0.0,1.0,0.0,1.0,1.0,1.0,1.0,1.0,1.0,1.0,1.0,0.0,0.0,0.48769179179210637,1.0,0.0,1.0,0.45783890692162704,0.6579903225812382,0.09731608222742237,0.0,1.0,1.0,0.0,0.934228197543626,0.0,1.0,1.0,0.0,0.0,1.0,0.6304314590167104,0.0,1.0,1.0,0.0,0.0,0.0,0.0,0.906111100682806,1.0,1.0,0.0,0.0,0.0,1.0,1.0,0.0,0.15991419555960018,0.0,0.0,0.4877505489748314,0.0,1.0,1.0,0.6109520477691348,0.0,0.0,0.0,0.0,1.0,1.0,1.0,0.0,1.0,1.0,0.0,0.30610794368724425,1.0,1.0,0.0,1.0,1.0,1.0,1.0,0.0,0.0,0.0,1.0,0.0,0.0,1.0,0.0,1.0,1.0,0.0,0.0,1.0,0.0,1.0,0.6882248899841575,1.0
85,product/amplitude,decoupled,1,3.232766654009598,3.1655061194039797,3.2993827429584313,3.269185464991965,0.8425593294535689,-3.5114551242891956,44.513461720896885,203.72925209999084,1,1,excluded,r_hat_max 1.552 > 1.1; n_eff_min 6.1 < 16.0,1.5524299349097597,1.0356226840444784,0.5763546798029556,6.0653933511770095,0,63.0,1.5524299349097597,6.0653933511770095,1.2944915269649757,7.9585996686283975,1.0659341505731534,31.295450374988974,1.9624759969571866,1.398321295279148,0,0.6206503155128541,1.0,1.0,1.0,1.0,0.0,1.0,0.0,0.0,1.0,0.0,1.0,1.0,1.0,1.0,1.0,1.0,1.0,1.0,0.0,0.0,0.41040102723030214,1.0,0.0,1.0,0.5468797917241671,1.0,0.07263664032024648,0.0,1.0,1.0,0.0,0.8957199397711096,0.13759699048078,1.0,1.0,0.0,0.0,1.0,0.6656359810947433,0.0,1.0,1.0,0.0,0.0,0.0,0.0,0.8884017183839247,1.0,1.0,0.1948171177309334,0.0,0.0,1.0,1.0,0.0,0.15042839928834795,0.0,0.0,0.49402449778732366,0.0,1.0,1.0,0.7104690360448828,0.0,0.0,0.0,0.0,1.0,1.0,1.0,0.0,1.0,1.0,0.0,0.0,0.6359966767113798,1.0,0.0,1.0,1.0,1.0,1.0,0.0,0.0,0.0,1.0,0.0,0.0,1.0,0.0,1.0,1.0,0.0,0.0,1.0,0.0,1.0,1.0,1.0
86,product/amplitude,decoupled,1,3.2189679902024966,3.1495283139706003,3.2993827429584313,3.269185464991965,0.8425593294535689,-4.43769650461195,40.52144067501649,220.6570891449228,1,1,excluded,r_hat_max 1.521 > 1.1; n_eff_min 6.1 < 16.0,1.5208160658540206,1.0274883805427086,0.5960591133004927,6.066989802190589,0,63.0,1.5208160658540206,6.066989802190589,1.477187071399112,6.9524539381303265,1.020368663014749,47.74165268731983,1.9772468185508192,1.3968219032461104,0,1.0,1.0,1.0,1.0,1.0,0.0,1.0,0.0,0.0,1.0,0.0,1.0,1.0,1.0,1.0,1.0,0.8715374538768591,1.0,1.0,0.0,0.0,0.4946197653210284,1.0,0.0,1.0,0.5383471423853874,1.0,0.0,0.0,1.0,1.0,0.0,1.0,0.0,1.0,1.0,0.0,0.0,1.0,0.5916262848530744,0.0,1.0,1.0,0.0,0.0,0.0,0.0,1.0,1.0,1.0,0.0,0.0,0.0,1.0,1.0,0.0,0.0,0.0,0.0,0.4940498597384542,0.0,1.0,1.0,0.8169997628776953,0.0,0.0,0.03571675353475537,0.0,1.0,1.0,1.0,0.0,1.0,1.0,0.0,0.0,0.6002353431108614,1.0,0.0,1.0,1.0,1.0,1.0,0.0,0.0,0.18245045566841386,1.0,0.0,0.0,1.0,0.0,1.0,1.0,0.0,0.0,1.0,0.0,1.0,1.0,1.0
87,product/amplitude,decoupled,1,3.0687578557496975,3.1571440852892314,3.2993827429584313,3.269185464991965,0.8425593294535689,-2.965109892063464,44.883615140104666,328.8817255340982,1,1,excluded,r_hat_max 1.533 > 1.1; n_eff_min 5.2 < 16.0,1.5327799620655034,1.0298775224109993,0.6009852216748769,5.184326499901973,0,63.0,1.5327799620655034,5.184326499901973,1.481173128710421,5.441932374579686,1.0621849669991437,57.64765664443616,1.9915194756962407,1.3950640892250812,0,0.603879782654206,1.0,1.0,1.0,1.0,0.0,1.0,0.0,0.0,1.0,0.0,1.0,1.0,0.9012033528983647,1.0,1.0,1.0,1.0,1.0,0.1424751969712002,0.0,0.42156835802656084,1.0,0.0,1.0,0.43577952647952567,1.0,0.06776473556170755,0.0,1.0,1.0,0.0,1.0,0.0,0.40704444270927087,1.0,0.0,0.0,1.0,0.5502806163322074,0.0,1.0,0.7131647102063271,0.0,0.0,0.0,0.01293736192962747,0.8838005195680665,1.0,1.0,0.2119899108097656,0.0,0.0,0.3373685277444414,1.0,1.0,0.12183760993269765,0.0,0.0,1.0,0.0,1.0,1.0,0.7033016310984963,0.0,0.4031098411541861,0.04313946716992642,0.0,1.0,0.9086616552493795,1.0,0.0,1.0,0.3566271821412022,0.0,0.0,0.5312533556971069,1.0,0.0,1.0,1.0,1.0,1.0,0.0,0.0,0.048510060942340935,1.0,0.0,0.0,1.0,0.0,1.0,0.7374529816071108,0.0,0.0,1.0,0.0,1.0,1.0,1.0
88,product/amplitude,decoupled,1,3.121420857454351,3.124956806466151,3.2993827429584313,3.269185464991965,0.8425593294535689,-2.9718841500420865,41.725910980952904,274.49452836299315,1,1,excluded,r_hat_max 1.731 > 1.1; n_eff_min 4.3 < 16.0,1.7305387841315678,1.0480847651906315,0.5123152709359606,4.309046476012217,0,63.0,1.5225910306185397,4.309046476012217,1.7305387841315678,4.347527645880946,1.0830900589370305,30.081787920758753,2.003760820924121,1.3918063288383207,0,1.0,0.8936598905750274,1.0,1.0,1.0,0.0,1.0,0.0,0.0,1.0,0.0,0.5573737411753094,1.0,1.0,1.0,1.0,1.0,1.0,1.0,0.13223398508698586,0.0,0.503664072730194,1.0,0.0,1.0,1.0,0.0,0.0,0.0,1.0,1.0,0.0,1.0,0.19707862414706256,0.7126935099145404,1.0,0.0,0.0,1.0,0.6317185530599476,0.0,1.0,1.0,0.0,0.0,0.0,0.0,0.8646908556797843,1.0,1.0,0.0,0.0,0.0,1.0,1.0,0.0,0.0,0.0,0.0,0.4961497169941444,0.0,1.0,0.16652398439923893,0.4406329957642722,0.0,0.0,0.0,0.07965898278039354,1.0,1.0,1.0,0.0,1.0,1.0,0.0,0.0,0.0,1.0,0.0,1.0,1.0,1.0,0.9843394322526845,0.0,0.0,0.12418576941827446,1.0,0.0,0.0,1.0,0.0,1.0,1.0,0.0,0.0,1.0,0.0,1.0,1.0,0.5032144529953578
89,product/amplitude,decoupled,1,1.1472924329115533,1.2003157904351025,3.2993827429584313,3.269185464991965,0.8425593294535689,-1.9021491644593989,44.83293846412562,137.95330858882517,1,1,excluded,r_hat_max 1.453 > 1.1; n_eff_min 6.0 < 16.0,1.45296344381028,1.0295981996688708,0.6305418719211823,5.989847082222007,0,63.0,1.3574708367173747,6.846531289286941,1.45296344381028,5.989847082222007,1.036120958785409,55.23018530649559,2.0163187988626627,1.3889698544009645,0,0.6520854316550517,1.0,1.0,1.0,1.0,0.0,1.0,0.0,0.0,1.0,0.0,0.8390194305895944,1.0,1.0,0.0,1.0,1.0,1.0,1.0,0.0,0.0,0.4981410213541185,1.0,0.0,1.0,0.31448491995535954,0.0,0.0,0.0,1.0,1.0,0.0,1.0,1.0,1.0,1.0,0.0,0.0,1.0,1.0,0.0,1.0,1.0,0.0,0.0,0.0,0.0,1.0,1.0,1.0,0.17798798546633776,1.0,0.0,1.0,1.0,0.0,0.0,0.0,0.0,0.47124574276239223,0.0,1.0,0.9820816472826046,0.7854109235223149,0.0,0.0,0.054238906762437714,0.0,1.0,1.0,1.0,0.0,1.0,1.0,0.0,0.0,0.46365399170304095,1.0,0.0,1.0,1.0,1.0,1.0,0.0,0.0,0.0,1.0,0.0,0.0,1.0,0.0,1.0,1.0,0.0,0.0,1.0,0.0,1.0,1.0,1.0
90,product/amplitude,decoupled,1,2.9253035239726493,2.969805667852541,3.2993827429584313,3.269185464991965,0.8425593294535689,-2.8377019773430234,40.16079878411256,284.09486288484186,1,1,excluded,r_hat_max 1.567 > 1.1; n_eff_min 5.8 < 16.0,1.566597713271658,1.0253897113816535,0.6699507389162561,5.7875452661997056,0,63.0,1.4120418357952396,6.918553818448765,1.566597713271658,5.7875452661997056,1.01986163500523,45.46739317274475,2.0066629503520947,1.3842323643267234,0,1.0,1.0,1.0,1.0,1.0,0.0,1.0,0.0,0.0,0.23327311109661633,0.0,0.5550111493257153,1.0,1.0,1.0,1.0,1.0,1.0,1.0,0.1423537753191519,0.0,0.46646334337822964,1.0,0.0,1.0,0.509892931188632,0.0,0.04573434514328471,0.0,1.0,1.0,0.0,0.9114953413096712,0.0,0.0,1.0,0.0,0.0,1.0,0.4679061920721271,0.0,1.0,1.0,0.0,0.0,0.0,0.10741465993527816,0.8809544405541079,1.0,1.0,0.0,0.0,0.0,1.0,1.0,0.0,0.0,0.0,0.0,0.5137522730499943,0.0,1.0,0.9668368944936132,0.7965503855118122,0.0,0.0,0.0,0.0,1.0,0.9473448946748813,1.0,0.0,1.0,1.0,0.0,0.0,0.475593862847228,1.0,0.0,0.0,1.0,1.0,1.0,0.0,0.0,0.1597004850153769,1.0,1.0,0.0,1.0,0.0,1.0,1.0,0.18770474930610673,0.0,0.813571898671522,0.0,1.0,1.0,1.0
91,product/amplitude,decoupled,1,3.0418266595668277,3.0519580729984312,3.2993827429584313,3.269185464991965,0.8425593294535689,-2.0268765209957134,42.56990615115501,260.65337537787855,1,1,excluded,r_hat_max 1.324 > 1.1; n_eff_min 9.3 < 16.0,1.3243146710328766,1.0224907831765009,0.6502463054187192,9.28629105437015,0,63.0,1.3208465277029848,9.50004225584842,1.3243146710328766,9.28629105437015,1.0068702516062935,44.962143060638745,2.0167579017105624,1.3799329428366718,0,0.6003782652144043,1.0,1.0,1.0,1.0,0.0,1.0,0.0,0.0,1.0,0.0,1.0,1.0,1.0,0.6523789520214298,1.0,1.0,1.0,1.0,0.09901110093889193,0.0,0.49168718634303,1.0,0.0,1.0,0.6176496207514202,1.0,0.0,0.0,1.0,1.0,0.0,1.0,0.0,0.8390325490353585,1.0,0.0,0.0,1.0,0.658566841758686,0.0,1.0,1.0,0.0,0.0,0.0,0.0,0.892056205193488,1.0,1.0,0.01248077693271768,1.0,0.0,1.0,1.0,0.0,0.0,0.0,0.0,0.47503000397812983,0.0,1.0,1.0,1.0,0.0,0.0,0.0,0.0,1.0,1.0,1.0,0.0,1.0,1.0,0.0,0.0,0.6738204805361664,1.0,0.0,1.0,1.0,1.0,1.0,0.0,0.0,0.15847530660773435,1.0,0.0,0.0,1.0,0.0,1.0,1.0,0.0,0.0,1.0,0.0,1.0,1.0,1.0
92,product/amplitude,decoupled,1,3.0315966964782453,3.22488923346257,3.2993827429584313,3.269185464991965,0.8425593294535689,-3.1040813915218735,40.382703540846705,203.28660546895117,1,1,excluded,r_hat_max 1.590 > 1.1; n_eff_min 5.8 < 16.0,1.5898968908481992,1.0287908481094432,0.625615763546798,5.802639377401672,0,63.0,1.3300451707686474,8.117417312308316,1.5898968908481992,5.802639377401672,1.050583171464432,44.83384829711884,2.0278999534263913,1.3765224888056777,0,0.5886571229860951,1.0,1.0,1.0,1.0,0.0,1.0,0.0,0.0,1.0,0.0,0.0,0.0,1.0,1.0,1.0,1.0,1.0,1.0,0.10900214361507865,0.0,0.4949518074237033,1.0,1.0,1.0,0.9233722739501402,0.715703800560732,0.0,0.0,1.0,1.0,0.0,0.877102767743963,0.14881934936655314,1.0,0.8523124432615337,0.0,0.0,1.0,0.5424624606457114,0.0,1.0,0.8550248702999383,0.0,0.0,0.0,0.0,1.0,1.0,1.0,0.0,0.0,0.0,1.0,1.0,0.0,0.0,0.0,0.0,0.48981757545540944,0.3790668958322083,1.0,1.0,0.69357428531286,0.0,0.0,0.0,0.13946065657951778,1.0,1.0,1.0,0.0,1.0,1.0,0.0,0.0,0.586513044574923,1.0,0.0,1.0,1.0,1.0,1.0,0.0,0.0,0.2064495214762569,1.0,0.0,0.0,1.0,0.0,1.0,1.0,0.0,0.0,1.0,0.0,1.0,1.0,1.0
93,product/amplitude,decoupled,1,2.9370544263936456,2.890163904192221,3.2993827429584313,3.269185464991965,0.8425593294535689,-2.829593146352244,42.48405841412023,302.6070924720261,1,1,excluded,r_hat_max 1.496 > 1.1; n_eff_min 4.2 < 16.0,1.4955351219643818,1.0225113620772317,0.6157635467980296,4.1707434394996925,0,63.0,1.4954626497406431,4.1707434394996925,1.4955351219643818,5.812085716196878,1.0146175571433738,24.165823688488278,2.038692391523723,1.3730097139516522,0,1.0,1.0,1.0,1.0,1.0,0.0,1.0,0.0,0.0,0.0,0.0,0.21636146370910753,1.0,1.0,1.0,1.0,1.0,1.0,1.0,0.0,1.0,0.410336162170721,1.0,0.0,1.0,0.5450374270490723,1.0,0.037134187971118525,0.0,0.8000712275263434,1.0,0.0,1.0,0.0,1.0,1.0,0.0,0.0,1.0,0.7294782031334849,0.0,1.0,1.0,0.0,0.0,0.0,0.0,1.0,1.0,1.0,0.0,0.0,0.0,1.0,1.0,0.0,0.180605140377634,0.0,0.01743780554250049,0.5259434666855934,0.0,1.0,0.0,0.7463573453016462,0.0,0.0,0.0,0.0,1.0,1.0,1.0,0.0,1.0,0.4164250813248908,0.0,0.0,0.44148097942903763,1.0,0.0,1.0,1.0,1.0,1.0,0.0,0.0,0.16915298361974604,1.0,1.0,0.0,1.0,0.0,1.0,1.0,0.0,0.0,1.0,0.0,1.0,1.0,1.0
94,product/amplitude,decoupled,1,3.370037452289728,3.2201978200592345,3.370037452289728,3.269185464991965,0.8425593294535689,-1.6966323282224955,37.740296483039856,283.10716771916486,1,1,excluded,r_hat_max 1.616 > 1.1; n_eff_min 5.3 < 16.0,1.615754210628055,1.025202215804356,0.6305418719211823,5.25695105607448,0,63.0,1.577430844489719,5.41969474742807,1.615754210628055,5.25695105607448,1.0747075174956437,16.969314434642047,2.0482494344478708,1.368793327885051,0,1.0,1.0,1.0,1.0,1.0,0.0,1.0,0.0,0.0,0.10412362915697922,0.0,0.0,1.0,0.6673374206770121,1.0,1.0,1.0,1.0,1.0,0.0,0.0,0.3910883982448011,1.0,0.0,1.0,0.07661392830872611,0.2962228215179427,0.04731722300137212,0.0,1.0,1.0,0.0,1.0,0.0,0.6561449235938033,1.0,0.0,0.0,1.0,0.6504912570558831,0.0,1.0,1.0,0.0,0.0,0.0,0.0,0.8876423371955465,1.0,1.0,0.19637641350165005,0.0,0.0,0.24281171723049794,1.0,0.0,0.18360146468733032,0.0,0.0,0.5465358412867685,0.0,1.0,1.0,0.9262809473672072,0.0,0.0,0.0,0.0,1.0,1.0,1.0,0.0,1.0,0.43828732536419446,0.0,0.0,0.5093702931360458,1.0,0.0,1.0,1.0,1.0,1.0,0.0,0.0,0.027746275560384448,1.0,1.0,0.0,1.0,0.0,1.0,1.0,0.0,0.0,1.0,0.0,1.0,1.0,1.0
95,product/amplitude,decoupled,1,3.315144893838394,3.4163426817709355,3.370037452289728,3.4163426817709355,0.6954021126745986,-2.9084544835534993,43.81528067798354,194.62588772992603,1,1,excluded,r_hat_max 3.939 > 1.1; n_eff_min 3.1 < 16.0,3.9390160615738523,1.0339559629644235,0.5911330049261084,3.0759261054407854,0,63.0,3.9390160615738523,3.0759261054407854,1.8262478877297696,5.546458720520042,1.285335355801171,11.584351336802134,2.062162992530417,1.368236203020204,0,1.0,0.9671005578195759,0.0,1.0,1.0,0.0,1.0,0.0,0.0,1.0,0.0,0.2690177332138263,1.0,1.0,1.0,1.0,1.0,1.0,1.0,0.0,0.0,0.38765486059019627,1.0,0.0,1.0,0.0,0.3557973657701467,0.07467614433934251,0.0,1.0,1.0,0.0,1.0,0.09888632746600276,0.5217702183682347,1.0,0.0,0.0,0.5027578924044308,0.5400348674549799,0.003767911711966943,1.0,1.0,0.0,0.0,0.12490098313128604,0.0,0.8789810415924243,1.0,0.5181174205861009,0.30619977697642475,0.0,0.0,0.2757116871688251,1.0,0.0,0.18505099742901454,0.0,0.0,0.5014657178851065,0.0,1.0,1.0,0.8713208898123145,0.0,0.0,0.10148974152643399,0.11480147817537506,0.0,1.0,1.0,0.0,1.0,0.3764578920626285,0.0,0.0,1.0,1.0,0.0,1.0,1.0,1.0,1.0,0.0,0.0,0.1620640594398242,1.0,0.0,0.0,1.0,0.0,1.0,1.0,0.0,0.0,1.0,0.402176252156427,1.0,1.0,1.0
96,product/amplitude,decoupled,1,3.29707036985965,3.2779019275007344,3.370037452289728,3.4163426817709355,0.6954021126745986,-3.0608046758388214,38.59019867121242,202.95941222296096,1,1,excluded,r_hat_max 1.631 > 1.1; n_eff_min 5.7 < 16.0,1.6308640453487406,1.0499859228738802,0.5024630541871922,5.747348721933784,0,63.0,1.6222648790430865,5.771639995893423,1.6308640453487406,5.747348721933784,1.058078076378692,37.994725213543305,2.075214887335709,1.3670234127105143,0,1.0,1.0,1.0,1.0,1.0,0.0,1.0,0.0,0.0,0.1082766812808877,0.0,0.0,1.0,1.0,1.0,1.0,1.0,1.0,1.0,0.0,0.0,0.37465136408940014,1.0,0.0,1.0,0.0,0.4279788809582744,0.059466145312064705,0.0,0.9369548944508131,1.0,0.0,1.0,0.0,1.0,1.0,0.0,0.0,1.0,0.6140278952489258,0.0,1.0,0.6958382019257174,0.0,0.0,0.0,0.0,1.0,1.0,0.5131291717504278,1.0,0.0,0.0,0.40849566057802317,1.0,0.0,0.24385995615067613,0.0,0.0,0.5319954912713313,0.0,1.0,0.8650317222222231,0.8930458998296752,0.0,0.0,0.0,0.1257188038116907,1.0,1.0,1.0,0.0,1.0,0.34349465009384117,0.0,0.0,0.38848058864094476,1.0,0.0,1.0,1.0,1.0,1.0,0.0,0.0,0.0,1.0,1.0,0.0,1.0,0.0,1.0,1.0,0.0,0.0,1.0,0.5369330676375302,1.0,1.0,1.0
97,product/amplitude,decoupled,1,3.194344836908169,3.3006556056720746,3.370037452289728,3.4163426817709355,0.6954021126745986,-3.037477500560707,43.38695852714591,294.97059129201807,1,1,excluded,r_hat_max 1.687 > 1.1; n_eff_min 3.9 < 16.0,1.6868096754320268,1.0377123932588792,0.5665024630541872,3.937435840539746,0,63.0,1.6868096754320268,3.937435840539746,1.5525424046989555,5.843916886385227,1.1118921087143656,17.22666732589605,2.0878113356091514,1.3655474670677368,0,1.0,1.0,0.17381077797070163,1.0,1.0,0.0,1.0,0.0,0.0,0.5274957610839975,0.0,0.0,1.0,0.6129536965163187,1.0,1.0,1.0,1.0,1.0,0.0,0.0,0.3898852718177652,1.0,0.0,1.0,0.0,0.4787596087540557,0.03855275726119256,0.0,0.9837083230133019,1.0,0.0,1.0,0.0,0.7002721097091198,1.0,0.0,0.0,0.0,0.5114596592009333,0.0,1.0,1.0,0.0,0.0,0.0,0.0,0.8815426329923252,1.0,1.0,1.0,0.0,0.0,0.30779213123011323,1.0,0.0,0.4805024475288139,0.0,0.0,0.5138194762003192,0.0,1.0,1.0,0.8371858149194056,0.0,0.12664883421502882,0.0,0.138162448020479,0.0,1.0,1.0,0.0,1.0,0.3854406868337817,0.0,0.0,1.0,1.0,0.0,1.0,1.0,1.0,1.0,0.0,0.0,0.17185697045994683,1.0,1.0,0.0,1.0,0.0021672689198812996,1.0,1.0,0.0,0.0,1.0,0.508538109976946,1.0,1.0,0.44125036283349844
98,product/amplitude,decoupled,1,3.2223873528457996,3.1308137421341606,3.370037452289728,3.4163426817709355,0.6954021126745986,-2.1427769125816303,41.986414117971435,328.4158641269896,1,1,excluded,r_hat_max 1.569 > 1.1; n_eff_min 5.4 < 16.0,1.5690984059946755,1.0323503157433085,0.6305418719211823,5.407290104379702,0,63.0,1.5501988273028808,5.407290104379702,1.5690984059946755,6.802836669621584,1.0712696294597222,40.30546519663259,2.099102493785672,1.3631062634388584,0,1.0,1.0,0.0,1.0,1.0,0.0,1.0,0.0,0.0,0.0,0.0,0.0,1.0,1.0,1.0,1.0,0.6111800375492555,1.0,1.0,0.0,0.0,0.4253129056833616,1.0,0.0,0.0,0.0,0.24619485183351564,0.0,0.0,1.0,0.0,1.0,1.0,0.10386450784839811,0.58895586322966,1.0,0.0,0.0,0.5941548511233031,0.6502946571157894,0.0,1.0,1.0,0.0,0.0,0.0,0.0,1.0,1.0,0.9677179484891464,0.19366806299800415,0.0,1.0,0.0,1.0,0.0,0.18980998239634703,0.0,0.0,0.5318342165446014,0.0,1.0,1.0,1.0,0.0,0.0,0.03628053972378885,1.0,0.0,1.0,1.0,0.0,1.0,0.4351284957794972,0.0,0.0,1.0,1.0,0.0,1.0,1.0,0.0,1.0,0.0,0.0,0.16743515416027901,1.0,0.0,0.0,1.0,0.0,1.0,1.0,0.0,0.0,1.0,0.0,1.0,1.0,1.0
99,product/amplitude,decoupled,1,3.0182034453030244,2.9512410179433606,3.370037452289728,3.4163426817709355,0.6954021126745986,-3.541148681414851,43.34659140999429,178.9273476919625,1,1,excluded,r_hat_max 1.401 > 1.1; n_eff_min 6.7 < 16.0,1.401119964191337,1.0271914349260167,0.5862068965517241,6.706070901075916,0,63.0,1.401119964191337,6.706070901075916,1.3784055590995188,8.230683389798884,1.0924439650293922,17.770014219005933,2.11044880549335,1.3608478303008495,0,1.0,1.0,1.0,1.0,1.0,0.0,1.0,0.0,0.0,1.0,0.0,0.0,1.0,1.0,1.0,1.0,1.0,1.0,1.0,0.0,0.0,0.32018840590210845,1.0,0.0,1.0,0.0,0.36727660244683497,0.0,0.0,1.0,1.0,1.0,1.0,0.11001876544294274,0.5016332137073988,1.0,0.0,0.0,1.0,0.5686801090617154,0.3316633619343032,1.0,0.7924765511380364,0.0,0.0,0.19780584190152636,0.0,1.0,1.0,1.0,0.4854012597125477,0.0,0.0,0.2525524977623965,1.0,0.0,0.2085205627507468,0.0,0.0,0.5305342462699016,0.0,1.0,1.0,1.0,0.0,0.0,0.6533973462948081,0.0,1.0,1.0,1.0,0.0,1.0,0.0,0.0,0.0,0.5386359158342412,1.0,0.0,1.0,1.0,1.0,1.0,0.0,0.0,0.0,1.0,1.0,0.0,1.0,0.0,1.0,1.0,0.0,0.0,1.0,0.5520661234855886,1.0,1.0,1.0
100,product/amplitude,decoupled,1,3.3716162257574824,3.323239627899955,3.3716162257574824,3.4163426817709355,0.6954021126745986,-3.243151740542337,40.117233274970204,238.51111178216524,1,1,excluded,r_hat_max 1.730 > 1.1; n_eff_min 5.4 < 16.0,1.7296345042598065,1.0278130965508225,0.625615763546798,5.383331258912801,0,63.0,1.7296345042598065,5.383331258912801,1.471786770472096,7.807621273401151,1.2124671127056195,12.425070747366194,2.1195263518914467,1.357035567726408,1,1.0,1.0,1.0,1.0,1.0,0.0,1.0,0.0,0.0,0.0,0.0,0.0,1.0,0.44532767175699,1.0,1.0,1.0,0.9810994774763494,1.0,0.0,0.0,0.3840844444185368,1.0,0.0,0.0,0.0,0.721004806065896,0.05124878630934574,0.0,1.0,1.0,0.0,1.0,0.09204791464656122,1.0,1.0,0.0,0.0,1.0,0.6528709373054228,0.0,1.0,1.0,0.0,0.0,0.0,0.0,1.0,1.0,0.5355498624621743,0.2453776491961789,0.0,0.0,0.0,1.0,0.0,1.0,0.0,0.0,0.527947263597374,0.0,1.0,0.9278415122218334,0.849022000266143,0.0,0.0,0.07129993796135684,0.15770927305587948,0.0,1.0,1.0,0.0,1.0,0.3970700992246896,0.0,0.0,0.0,1.0,0.0,1.0,1.0,1.0,1.0,0.0,0.0,0.0,1.0,0.8433315997070456,0.0,1.0,0.0,1.0,1.0,0.0,0.0,1.0,0.0,0.7394780043506018,1.0,1.0
101,product/amplitude,decoupled,1,2.928866849447367,2.8872500337530447,3.3716162257574824,3.4163426817709355,0.6954021126745986,-3.050575225896151,43.83102365396917,184.1215494030621,1,1,excluded,r_hat_max 1.425 > 1.1; n_eff_min 6.9 < 16.0,1.4250092316504717,1.0308269535680978,0.6009852216748769,6.929172988596449,0,63.0,1.358047138378316,7.8839807486176445,1.4250092316504717,6.929172988596449,1.0134246485176535,51.08693907360948,2.131923281335665,1.3559796436374263,0,1.0,1.0,0.1848502766912234,1.0,1.0,0.0,1.0,0.0,0.0,0.0,0.0,0.0,1.0,1.0,1.0,1.0,1.0,1.0,1.0,0.0,0.05998639588888823,0.4507560191735807,1.0,0.0,1.0,0.08268002435168638,0.4269369468317304,0.0,0.0,1.0,1.0,0.0,1.0,0.0,0.715505000082271,1.0,0.0,0.0,0.0,0.6520116255898956,0.0,1.0,1.0,0.0,0.0,0.0,0.0,1.0,1.0,0.513212976757208,1.0,0.0,0.0,0.0,1.0,0.0,0.790699461186813,0.0,0.0,0.5444275513809647,0.0,1.0,1.0,0.8017518572705767,0.0,0.0,0.0,0.1387861834060046,0.0,1.0,1.0,0.0,1.0,0.47376148461916073,0.0,0.0,0.42931910424859715,1.0,0.0,1.0,0.5269597601511886,1.0,1.0,0.0,0.0,0.0,1.0,1.0,0.0,1.0,0.0,1.0,1.0,0.0,0.0,1.0,0.0,1.0,1.0,0.9899772094631125
102,product/amplitude,decoupled,1,3.2902894129826925,3.202352850864753,3.3716162257574824,3.4163426817709355,0.6954021126745986,-2.9458064246880062,41.383557996945456,306.06237055710517,1,1,excluded,r_hat_max 1.674 > 1.1; n_eff_min 4.6 < 16.0,1.674306360962478,1.027220034877554,0.5960591133004927,4.61990578267053,0,63.0,1.5429003412846138,5.9067217162215995,1.674306360962478,4.61990578267053,1.0721545073822851,51.450603503886164,2.139736453572054,1.3515990986107191,0,0.46151245435846555,1.0,1.0,0.9361313110220747,1.0,0.0,1.0,0.0,0.0,0.09342183833665595,0.0,0.0,1.0,0.2180257847304564,1.0,1.0,1.0,1.0,1.0,0.0,0.0,0.38449697367977814,1.0,0.0,0.0,0.1544896459514735,0.8254468234944993,0.45687104761838765,0.0,1.0,0.6976719053806901,0.0,1.0,0.4965698160746222,1.0,1.0,0.0,0.0,1.0,0.5845246840114184,0.0,1.0,1.0,0.0,0.0,0.0,0.0,0.8488440004965092,1.0,1.0,0.26245050968620215,0.0,0.0,0.0,0.997213635970138,0.0,0.964019111658265,0.0,0.0,0.5698270397693371,1.0,1.0,0.762575012538715,0.8759907746809278,0.0,0.0,0.0,0.10089352309093513,0.0,1.0,1.0,0.0,0.7478086965031197,0.31600748729256983,0.0,0.044122033482909453,0.0,1.0,0.0,1.0,1.0,1.0,1.0,0.0,0.0,0.17047270307487328,0.9710735958303433,0.8578169642466359,0.0,1.0,0.0,1.0,1.0,0.0,0.0,1.0,0.46682580309994287,1.0,1.0,1.0
103,product/amplitude,decoupled,1,3.2759672200914913,3.3241183750854315,3.3716162257574824,3.4163426817709355,0.6954021126745986,-3.408330918203644,43.98624323005788,273.4888120768592,1,1,excluded,r_hat_max 1.434 > 1.1; n_eff_min 6.7 < 16.0,1.4343211954514063,1.0251422728571038,0.6206896551724138,6.655203418163049,0,63.0,1.4195466318153391,7.304275187182972,1.4343211954514063,6.655203418163049,1.0319549442317053,43.32931223564904,2.150906870653711,1.3497449328951403,0,1.0,1.0,1.0,0.9350122041959896,1.0,0.0,1.0,0.0,0.0,0.0,0.0,0.0,1.0,0.48304540256238676,1.0,1.0,1.0,1.0,1.0,0.0,0.0,0.3859583309399856,1.0,0.0,0.0,0.2848927596139312,0.7568715180824258,0.12599670232009558,0.0,1.0,0.0,0.0,1.0,0.0,1.0,1.0,0.0,0.0,1.0,0.5737538887354382,0.03496266528131659,1.0,1.0,0.0,0.0,0.0,0.0,1.0,1.0,1.0,0.0,0.0,0.0,0.2961516409792782,1.0,0.0,1.0,0.0,0.0,0.5360872653569942,1.0,1.0,0.900862979824484,0.8969579641973199,0.0,0.0,0.0,0.043807155619761985,0.0,1.0,1.0,0.0,1.0,0.41172766545982725,0.0,0.08759893518296787,0.0,1.0,0.0,1.0,1.0,1.0,1.0,0.0,0.0,0.16244933594319455,1.0,1.0,0.0,1.0,0.0,1.0,1.0,0.057368000836773486,0.0,1.0,0.0,0.7221125215187869,0.9624756835639587,1.0
104,product/amplitude,decoupled,1,3.406834530723472,3.340297790443562,3.406834530723472,3.4163426817709355,0.6954021126745986,-3.2546350129185035,42.284437058027834,316.1306162928231,1,1,excluded,r_hat_max 1.400 > 1.1; n_eff_min 6.4 < 16.0,1.3997973208450907,1.0251103749355868,0.6699507389162561,6.388368220579881,0,63.0,1.2763020543672146,6.815432297644083,1.3997973208450907,6.388368220579881,1.14564287750799,24.176166162707382,2.161724758629074,1.3477194503489756,0,0.7463156835003111,1.0,1.0,0.0,1.0,0.0,1.0,0.0,0.0,0.0,0.0,0.0,1.0,0.40828847064707274,1.0,1.0,1.0,1.0,1.0,0.0,0.0,0.3808325071773061,1.0,0.0,0.0,0.0,0.2395335447711588,1.0,0.0,1.0,1.0,0.0,1.0,0.0,1.0,1.0,0.0,0.0,1.0,0.5580567561379289,0.0,1.0,0.22826308543443846,0.0,0.0,0.0,0.0,0.8309747544867803,1.0,0.6141360195461523,0.21761937078139987,0.0,0.0,1.0,1.0,0.0,0.0,0.0,0.0,0.49688596795012896,1.0,1.0,0.8651716554735991,0.8904508041494638,0.0,0.0,0.07706369963924153,0.10099229867422531,0.0,1.0,1.0,0.0,0.918980454630443,0.4238802514970533,0.0,0.0,1.0,1.0,0.0,1.0,1.0,1.0,1.0,0.0,0.0,1.0,1.0,0.8036245008698679,0.0,1.0,0.0,1.0,1.0,0.0,0.06623146759104329,1.0,1.0,1.0,1.0,1.0
105,product/amplitude,decoupled,1,3.30744997007859,3.3907619903702257,3.406834530723472,3.4163426817709355,0.6954021126745986,-2.643537642054388,44.026173477992415,296.3861660908442,1,1,excluded,r_hat_max 1.585 > 1.1; n_eff_min 5.6 < 16.0,1.5851436464643371,1.034977601813454,0.5665024630541872,5.575768769504991,0,63.0,1.4597632505539007,6.349502593598207,1.5851436464643371,5.575768769504991,1.1221260389082472,21.85750551330474,2.1735829469347347,1.3467268827321635,0,0.0,1.0,1.0,0.0,1.0,0.0,1.0,0.0,0.0,0.0,0.0,0.4629703551055842,1.0,0.669611747163439,1.0,1.0,1.0,1.0,1.0,0.0,0.0,0.3799971954964161,1.0,0.0,0.0,0.0,0.39600282428143796,0.14309125809777273,0.0,1.0,1.0,0.04873619483292569,1.0,0.13315449859014,0.6090263189104863,1.0,0.0,0.0,1.0,0.6106881378363216,0.0,1.0,0.0,0.0,0.0,0.0,0.0,0.8770904240091143,1.0,0.5979385090040413,0.21451771513867385,0.0,0.0,1.0,1.0,0.0,0.0,0.0,0.0,0.511233622874425,0.0,1.0,0.8315472235282471,1.0,0.0,0.0,0.07020888206510018,0.1884653441782819,0.0,1.0,1.0,0.0,0.9756504228975559,0.3984298192602717,0.0,0.0,1.0,1.0,0.0,1.0,1.0,1.0,1.0,0.0,0.0,0.16672403775323982,0.0,0.0,0.0,1.0,0.0,1.0,1.0,0.0,0.0,1.0,1.0,1.0,1.0,1.0
106,product/amplitude,decoupled,1,3.535557260483449,3.3962449138305035,3.535557260483449,3.4163426817709355,0.6954021126745986,-2.763458442028632,42.58487653196789,284.1230444670655,1,1,excluded,r_hat_max 1.595 > 1.1; n_eff_min 5.0 < 16.0,1.5945421931817694,1.0419782331663179,0.5467980295566502,5.019609521929809,0,63.0,1.5945421931817694,5.019609521929809,1.463661677928652,6.635920422986897,1.0733088755814495,25.997751952256262,2.184279805643639,1.3448336565494603,0,0.7399921641302725,0.9444887540637297,1.0,1.0,1.0,0.0,1.0,0.0,0.0,0.0,0.0,0.5631799485321755,1.0,0.4550239593470831,1.0,1.0,1.0,1.0,1.0,0.0,0.0,0.3824204997459934,1.0,0.0,0.0,0.0,0.0,0.0,0.0,1.0,0.0,0.0,1.0,0.05378467521375722,1.0,1.0,0.0,0.0,1.0,0.6217021914631372,0.0,1.0,0.8335245107450937,0.0,0.0,0.0,0.0,1.0,1.0,0.9346307975482804,0.22034564039888993,0.07801356893127658,0.0,0.0,1.0,0.0,0.19643761347874902,0.0,0.0,0.5142163082860478,0.0,1.0,0.0,0.869133825992455,0.0,0.0,1.0,0.0,0.20594959575784524,1.0,1.0,0.0,0.7628073492649909,1.0,0.0,0.0,1.0,1.0,0.0,1.0,1.0,1.0,1.0,0.0,0.0,0.0,0.8226821409798681,1.0,0.0,1.0,0.0,1.0,1.0,0.0,0.0,1.0,0.0,1.0,1.0,1.0
107,product/amplitude,decoupled,1,3.3950234346699055,3.20487509976194,3.535557260483449,3.4163426817709355,0.6954021126745986,-3.3733727916346083,45.42019624309614,203.82246610103175,1,1,excluded,r_hat_max 1.411 > 1.1; n_eff_min 5.2 < 16.0,1.4110817146194403,1.0214981652999784,0.6354679802955665,5.1587235487793315,0,63.0,1.4110817146194403,5.1587235487793315,1.3998737407223973,6.88170874716659,1.006020653483355,62.34940947816138,2.1969085669038244,1.3448347275768024,0,1.0,1.0,1.0,1.0,1.0,0.0,1.0,0.1960575288830068,0.0,0.25683977710986766,0.0,0.2966751328852059,1.0,0.0,1.0,1.0,1.0,1.0,1.0,0.0,1.0,0.3783883728385825,1.0,0.0,0.0,0.0,0.0,0.0,0.0,1.0,0.0,0.0,1.0,0.0,1.0,1.0,0.0,0.0,1.0,0.6630337185521931,0.0,1.0,1.0,0.0,0.0,0.0,0.0,0.8561177812441808,1.0,1.0,0.22104385212196112,0.0,0.0,0.7402626393238414,1.0,0.0,1.0,1.0,0.0,0.48507898556411944,0.0,1.0,0.0,0.872312467297656,0.0,0.0,0.12251950245995552,0.0,0.0,1.0,1.0,0.0,1.0,1.0,0.0,0.0,1.0,1.0,0.0,1.0,1.0,1.0,1.0,0.0,0.0,0.0,0.8269829667775994,1.0,0.0,1.0,0.0,1.0,1.0,0.0,0.0,1.0,0.5185651108832277,0.0,1.0,0.7568486111057158
108,product/amplitude,decoupled,1,3.290754534689974,3.314821514835041,3.535557260483449,3.4163426817709355,0.6954021126745986,-2.7591015439503397,42.46738605503924,292.31877000210807,1,1,excluded,r_hat_max 1.364 > 1.1; n_eff_min 8.1 < 16.0,1.3636174198661826,1.0290259953468497,0.6108374384236454,8.055979961872445,0,63.0,1.3636174198661826,8.055979961872445,1.2989084182944273,8.738977169270916,1.066694459580219,27.017264559761045,2.2080022230868432,1.3435039019195316,0,0.7037439160778067,0.9496723048599396,1.0,1.0,1.0,0.0,1.0,0.0,0.0,0.0,0.0,1.0,1.0,0.0,1.0,1.0,0.5964417768823689,1.0,1.0,0.026692146191923692,0.0,0.3849022012399863,1.0,0.0,0.0,0.0,0.22985368527906658,1.0,0.0,1.0,0.0,0.0,0.9000821486480459,0.0,1.0,1.0,0.0,0.0,1.0,0.6102373749598555,0.0,1.0,0.8751336305308743,0.0,0.0,0.0,0.0,0.8740327023669766,1.0,0.9389870817273214,0.2356478989555126,0.0,0.0,0.0,1.0,0.0,0.16470401551639613,1.0,0.0,0.28072759441409273,0.0,1.0,0.2736604487710672,0.8611496564229131,0.0,0.0,1.0,0.0,1.0,1.0,1.0,0.0,0.7365207382604306,1.0,0.0,0.0,1.0,1.0,0.0,1.0,1.0,1.0,1.0,0.0,0.0,1.0,1.0,0.8286180414004242,0.0,0.5758553404941559,0.0,1.0,1.0,0.0,0.0,1.0,0.27524086786539187,1.0,1.0,1.0
109,product/amplitude,decoupled,1,3.558952365168833,3.367763925894361,3.558952365168833,3.4163426817709355,0.6954021126745986,-4.0486676535081525,44.888975758105516,303.84170888806693,1,1,excluded,r_hat_max 1.306 > 1.1; n_eff_min 7.6 < 16.0,1.3063531238543309,1.015295534330684,0.6896551724137931,7.5844906377171535,0,63.0,1.2966981162949789,11.298403057722034,1.3063531238543309,7.5844906377171535,1.0021276498281277,52.56549308890479,2.217935730532744,1.3413053082493083,0,0.742395343003447,1.0,1.0,1.0,1.0,0.0,1.0,0.0,0.0,0.0,0.0,0.5362060423182757,1.0,0.4106558933503041,1.0,1.0,0.8228017692803038,1.0,1.0,0.0,0.0,0.3789768610140621,1.0,0.0,0.0,0.0,0.0,0.0,0.0,1.0,0.0,0.0,1.0,0.11447634071007906,1.0,1.0,0.0,0.0,1.0,0.6435725452773835,0.0,1.0,0.2640302984717202,0.0,0.0,0.0,0.0,1.0,1.0,1.0,0.2366934048529874,0.0,0.0,0.0,1.0,0.0,0.1906120710353835,0.0,0.0,0.5610444944927201,0.0,1.0,0.0,0.894133664225371,0.0,0.0,0.10815796699850141,0.0,0.2050958143180647,0.963062439869463,1.0,0.0,0.7465712094240329,1.0,0.0,0.0,1.0,1.0,0.0,1.0,1.0,0.9224937863935887,1.0,0.0,0.0,0.0,0.7960606136584907,1.0,0.0,1.0,0.0,1.0,1.0,0.0,0.003690971453718022,1.0,1.0,1.0,1.0,1.0
110,product/amplitude,decoupled,1,3.2551102428729983,3.272198700114206,3.558952365168833,3.4163426817709355,0.6954021126745986,-3.344322770867471,43.48669702396728,196.21480666310526,1,1,excluded,r_hat_max 1.536 > 1.1; n_eff_min 6.1 < 16.0,1.5361373833789047,1.0497602026806416,0.5024630541871922,6.1445984337133694,0,63.0,1.4963005145080572,6.1445984337133694,1.5361373833789047,6.443050024071179,1.0005180504064741,54.443067761430626,2.230126790847617,1.341247280986524,0,0.7443656366330708,1.0,1.0,1.0,1.0,0.0,1.0,0.0,0.0,1.0,0.0,0.0,1.0,0.40358165375467536,1.0,1.0,1.0,1.0,1.0,0.0,0.0,0.37875406314389015,1.0,0.0,0.0,0.0,0.0,0.0,0.0,1.0,0.0,0.0,1.0,0.0,1.0,1.0,0.0,0.0,1.0,0.6397855234115222,0.0,1.0,1.0,0.0,0.0,0.0,0.0,1.0,1.0,1.0,0.0,0.0,0.0,0.0,1.0,0.0,0.0,0.0,0.0,0.532054268050515,0.0,1.0,0.0,1.0,0.0,0.0,0.28776028675376314,0.0,0.0,1.0,1.0,0.0,0.8609098920276681,1.0,0.0,0.0,1.0,1.0,0.0,1.0,1.0,0.0,1.0,0.0,0.0,0.0,0.7955081777436516,1.0,0.0,1.0,0.0,1.0,1.0,0.0,0.0,1.0,1.0,1.0,1.0,1.0
111,product/amplitude,decoupled,1,3.225006584928216,3.393863452524579,3.558952365168833,3.4163426817709355,0.6954021126745986,-2.899010417149194,44.6869139559567,337.21133484202437,1,1,excluded,r_hat_max 1.429 > 1.1; n_eff_min 6.4 < 16.0,1.4291612787793049,1.0317300861328251,0.6009852216748769,6.42469544626175,0,63.0,1.364154316449557,6.42469544626175,1.4291612787793049,7.667514493223501,1.021005849034619,32.218017676257595,2.239360876000999,1.3386997720841016,0,0.9509992141608291,1.0,1.0,1.0,1.0,0.0,1.0,0.0,0.0,0.0,0.0,0.5439396608139794,1.0,1.0,1.0,1.0,0.8156569613033595,1.0,1.0,0.0,0.0,0.3873639360422724,1.0,0.0,0.0,0.0,0.0,0.0,0.0,1.0,0.0,1.0,0.9675194515000538,0.11328493228676229,1.0,1.0,0.0,0.0,1.0,0.62276102007328,0.0,1.0,0.2930202299808133,0.0,0.0,0.14633794852298027,0.0,0.8842310324208589,1.0,1.0,0.3299512626124704,0.14749981987382052,0.0,0.22772408166539182,1.0,0.0,0.2442006998954998,0.0,0.0,0.5102396619800824,0.0,1.0,0.0,0.9020915655197479,0.0,0.0,0.06334009242699157,0.0,0.21240845256967386,1.0,1.0,0.0,0.7341284216652966,0.9187585637137285,0.0,0.0,0.6044371703839927,1.0,0.0,1.0,1.0,1.0,1.0,0.0,0.0,0.0,0.8224516228268659,0.8001639380187717,0.0,1.0,0.0,1.0,0.7964026350290728,0.0,0.09463669255111727,1.0,0.0,1.0,1.0,1.0
112,product/amplitude,decoupled,1,3.400461111206014,3.4223280170320427,3.558952365168833,3.4223280170320427,0.6894167774134914,-3.5015231864159757,40.2078658149112,197.12306151213124,1,1,excluded,r_hat_max 1.441 > 1.1; n_eff_min 6.4 < 16.0,1.4412238220052254,1.031012352538836,0.5763546798029556,6.399604052683682,0,63.0,1.361948636201686,8.955049702155627,1.4412238220052254,6.399604052683682,1.1080503848070136,17.013118798934904,2.248161284116421,1.3359313873607583,0,0.7411243256603256,1.0,1.0,1.0,0.0,0.0,1.0,0.0,0.0,0.09370459054404524,0.0,0.493955640746991,1.0,0.3915381618247253,1.0,1.0,1.0,1.0,1.0,0.0,0.0,0.3801135307306778,1.0,0.0,0.0,0.0,0.0,1.0,0.0,1.0,0.0,0.0,1.0,0.12717249254489274,1.0,1.0,0.0,0.0,1.0,0.5296237114723673,0.0,1.0,0.2375123775782863,0.0,0.0,0.0,0.0,1.0,1.0,1.0,0.20860633555617625,0.0,0.0,0.840420109684669,1.0,0.0,0.18472688150460242,0.0,0.0,0.5581705975280546,0.0,1.0,0.2435299728508156,0.5069960159788297,0.0,0.0,0.10973909321281294,1.0,0.0,1.0,1.0,0.0,1.0,1.0,0.0,0.0,1.0,1.0,0.0,1.0,1.0,1.0,1.0,0.0,0.0,0.0,1.0,1.0,1.0,1.0,0.0,1.0,1.0,0.0,0.0,1.0,1.0,0.3542718212150962,1.0,1.0
113,product/amplitude,decoupled,1,3.0359910993236485,3.027313934662487,3.558952365168833,3.4223280170320427,0.6894167774134914,-4.171442086657693,42.31633958593011,172.80180349806324,1,1,excluded,r_hat_max 1.678 > 1.1; n_eff_min 5.1 < 16.0,1.6782679345083602,1.0254921814562878,0.645320197044335,5.123390974647456,0,63.0,1.6782679345083602,5.123390974647456,1.5685527412419078,5.926424746827663,1.2693333541098744,9.225429551974363,2.2583586277189838,1.3343781944186999,0,0.6847922945273234,1.0,1.0,0.0,0.6154891645205622,0.0,1.0,0.0,0.0,0.11337494700172382,0.0,0.0,1.0,0.3597743721357039,1.0,1.0,0.5794570660294636,1.0,1.0,0.0,0.0,0.0,1.0,0.0,0.0,0.0,0.0,1.0,0.0,1.0,0.0,0.0,1.0,0.11248890827810419,1.0,1.0,0.0,0.0,1.0,0.5947013380929959,0.0,1.0,0.0,0.0,0.0,0.0,0.0,1.0,1.0,0.0,0.0,0.0,0.0,1.0,1.0,0.0,0.2041817287381377,1.0,0.0,0.5136566164267246,0.0,1.0,0.28237656802432703,0.0,0.0,1.0,1.0,0.0,0.0,0.9589843041268251,1.0,0.0,1.0,1.0,0.0,0.0,1.0,1.0,1.0,1.0,1.0,0.936952399441311,1.0,0.0,0.0,0.0,0.8197362277813627,1.0,0.0,1.0,0.0,1.0,1.0,0.0,0.0,1.0,0.0,1.0,1.0,0.5208880281852634
114,product/amplitude,decoupled,1,3.208288827164006,3.4016199014034405,3.558952365168833,3.4223280170320427,0.6894167774134914,-2.708149975308578,44.501214699819684,226.34213822102174,1,1,excluded,r_hat_max 1.395 > 1.1; n_eff_min 7.7 < 16.0,1.395050768543817,1.0185596509718,0.6847290640394089,7.683155236113765,0,63.0,1.395050768543817,7.95789700993118,1.3710484787984878,7.683155236113765,1.1740599469870219,34.21406691528265,2.2651799651892,1.3304901863335596,0,0.7590925586684175,1.0,1.0,1.0,1.0,0.0,1.0,1.0,0.0,0.33669384272123404,0.0,1.0,1.0,0.45312889094732356,1.0,1.0,1.0,1.0,1.0,0.0,0.0,0.38001939070426016,1.0,0.0,0.0,0.0,0.0,0.03256477453352137,0.0,1.0,0.0,0.0,1.0,0.0829538167851656,1.0,1.0,0.0,0.0,1.0,0.5930153271647794,0.0,1.0,1.0,0.0,0.0,0.0,0.0,0.9353558652408234,1.0,0.7060740767051582,0.22283463680162738,0.0,0.0,0.0,1.0,0.0,0.0,0.0,0.0,1.0,0.0,1.0,0.0,0.8350760775440127,0.0,0.0,0.0,0.0,0.197022053772662,0.9681910334318904,1.0,0.0,1.0,0.7975177829594744,0.0,0.0,1.0,1.0,0.0,1.0,1.0,1.0,1.0,0.0,0.0,0.08655690949157167,1.0,1.0,0.0,1.0,0.0,1.0,1.0,0.0,0.07318924456424888,1.0,1.0,1.0,1.0,1.0
115,product/amplitude,decoupled,1,3.4620704732701206,3.3509288870736684,3.558952365168833,3.4223280170320427,0.6894167774134914,-3.548846897577527,45.02555654104799,208.27196156303398,1,1,excluded,r_hat_max 1.677 > 1.1; n_eff_min 4.8 < 16.0,1.6770132576931187,1.0286554108478845,0.6009852216748769,4.849198212540097,0,63.0,1.6373416697791061,5.406634524336819,1.6770132576931187,4.849198212540097,1.0315791365402092,77.08397733136121,2.273380911815068,1.3275835892330545,0,1.0,0.9264852579428551,1.0,0.5043962847848309,0.0,0.0,1.0,0.0,0.0,0.0,0.0,0.21187630949977446,1.0,0.44291790948946197,1.0,1.0,1.0,1.0,1.0,0.0,0.0,0.38080474157827765,1.0,0.0,0.0,0.0,0.0,0.05452211167963145,0.0,1.0,0.0,0.0,1.0,0.05081095919591511,1.0,1.0,0.0,0.0,1.0,0.6473385817003018,0.0,1.0,0.0,0.0,0.0,0.0,0.0,1.0,1.0,0.9408412444638258,0.22514086269763892,0.07381558068476461,0.0,0.7474312417313338,1.0,0.0,0.19048650598313863,0.0,0.0,0.47596371499222573,0.0,1.0,1.0,0.9345870992869094,0.0,0.0,0.08084303319226024,0.0,0.24141495315192957,1.0,1.0,0.0,0.7528008707812995,1.0,0.0,0.0,1.0,1.0,0.0,1.0,1.0,1.0,1.0,0.0,0.0,0.1919487170423693,1.0,1.0,0.0,1.0,0.0,1.0,1.0,0.0,0.0,1.0,1.0,0.0,1.0,1.0
116,product/amplitude,decoupled,1,3.1816408229459423,3.100607735218715,3.558952365168833,3.4223280170320427,0.6894167774134914,-3.6310642073886994,43.688052302924916,240.66083364700899,1,1,excluded,r_hat_max 1.532 > 1.1; n_eff_min 5.4 < 16.0,1.5324529395057287,1.0373540475690721,0.5911330049261084,5.394488459336025,0,63.0,1.3419490953324342,7.246479199117126,1.5324529395057287,5.394488459336025,1.0373540475690721,58.861528747629414,2.2836282356207147,1.3264087937462534,0,1.0,0.9404628887902257,1.0,1.0,0.0,0.0,1.0,0.0,0.0,0.0,0.0,0.5544260980887644,1.0,0.2771476913241509,1.0,1.0,1.0,1.0,1.0,0.0,0.0,0.36946320572622027,1.0,0.0,0.0,0.0,0.0,1.0,0.0,1.0,0.0,0.0,1.0,0.08449155221024579,1.0,1.0,0.0,0.0,1.0,0.7180005547522346,0.0,1.0,0.795617574202902,0.0,0.44955056343501476,0.0,0.611340883410673,0.9208457631271578,1.0,1.0,0.2270286656886762,0.0,0.0,1.0,1.0,0.0,0.19622333441795237,0.0,0.0,0.5364255422587485,0.0,1.0,0.0,0.4732155046133215,0.0,0.0,0.10330664172872397,1.0,0.251476382463706,0.9852830673936632,1.0,0.0,1.0,1.0,0.0,0.0,1.0,1.0,0.0,1.0,1.0,1.0,1.0,0.0,0.0,0.12173072680547699,0.8252892648040849,1.0,1.0,1.0,0.0,1.0,1.0,0.0,0.0,1.0,1.0,0.33701965108978704,1.0,1.0
117,product/amplitude,decoupled,1,3.184659118878947,3.202960802270367,3.558952365168833,3.4223280170320427,0.6894167774134914,-3.8640794721374627,42.60601192689501,253.84066114597954,1,1,excluded,r_hat_max 1.426 > 1.1; n_eff_min 6.9 < 16.0,1.4261631674416675,1.0262485986203878,0.625615763546798,6.932482712844438,0,63.0,1.4033038688354476,7.210679016053516,1.4261631674416675,6.932482712844438,1.0538554336556527,25.424772420148592,2.2913035568799045,1.3233127541339516,0,0.7420508922808241,0.8065334750739046,1.0,0.5049130046613909,0.0,0.3209902219344585,1.0,0.0,0.0,0.0,0.0,0.5202640186179404,1.0,0.0,1.0,1.0,1.0,1.0,1.0,0.0,0.0,0.380656011288613,1.0,0.0,0.0,0.0,0.870619822952487,0.0,0.0,0.949513679986488,0.0,0.0,1.0,0.09509044530721042,1.0,1.0,0.0,0.0,1.0,0.6689596335482751,0.0,1.0,0.23827080553983823,0.0,0.0,0.0,0.0,1.0,1.0,1.0,0.21439762542122606,0.0,0.0,0.8449178818881223,1.0,0.0,0.1881085820410551,0.0,0.0,0.5288337301348282,0.0,1.0,0.0,0.8838242994933837,0.0,0.0,0.0,0.0902845810656906,0.17426191410744413,1.0,1.0,0.0,1.0,1.0,0.0,0.07971011219159947,1.0,1.0,0.0,1.0,1.0,1.0,1.0,0.0,0.0,0.0,0.8248292836485801,1.0,0.0,1.0,0.0,1.0,1.0,0.16219882914004508,0.0,1.0,0.505141052931904,0.32731146871052014,0.9459607884776746,1.0
118,product/amplitude,decoupled,1,3.511659295884752,3.3781090091771344,3.558952365168833,3.4223280170320427,0.6894167774134914,-3.2981950237171462,44.102477345149964,279.5826726790983,1,1,excluded,r_hat_max 1.670 > 1.1; n_eff_min 5.2 < 16.0,1.6695867127055004,1.0252114860601516,0.645320197044335,5.224431348085472,0,63.0,1.6695867127055004,5.224431348085472,1.3607963724416878,6.852415231362377,1.007658622868786,79.92269459959951,2.298874366727354,1.3202357526687791,0,1.0,1.0,1.0,0.0,1.0,0.0,1.0,0.0,0.0,0.0,0.0,0.4275784410195652,1.0,0.41551366411738655,1.0,0.0,1.0,1.0,1.0,0.0,0.0,0.3622400719693436,1.0,0.0,0.0,0.5177385976178369,0.19703751441055206,0.0,0.0,1.0,0.0,0.0,1.0,0.10620668604299538,0.9707023200062509,1.0,0.0,0.0,1.0,0.5307528189855716,0.0,1.0,0.0,0.0,0.0,0.0,0.0,1.0,1.0,0.9507788888546724,0.2254284319856289,0.0,0.0,0.0,1.0,0.0,0.1908636645733856,0.0,0.0,0.5279915316872846,0.0,1.0,1.0,0.6713611678109035,0.0,0.0,1.0,0.0,1.0,1.0,1.0,0.0,0.7643398087286434,0.3879160609034633,0.0,0.0,1.0,1.0,0.0,1.0,1.0,0.9191713485291464,1.0,0.0,0.0,0.0,1.0,1.0,0.0,1.0,0.0,1.0,1.0,0.0,0.0,1.0,0.0,1.0,1.0,1.0
119,product/amplitude,decoupled,1,3.0811252644882625,3.0662755528145356,3.558952365168833,3.4223280170320427,0.6894167774134914,-3.4610225449917817,43.6387172548566,319.40997114707716,1,1,excluded,r_hat_max 1.439 > 1.1; n_eff_min 5.9 < 16.0,1.4388684946252055,1.0258225731146942,0.6600985221674877,5.892534623521508,0,63.0,1.3222221461823749,7.209249044170919,1.4388684946252055,5.892534623521508,1.0083827919872481,51.70293036210678,2.309065836720273,1.3193299020186868,0,1.0,0.9795830273284415,1.0,0.0,1.0,0.0,1.0,0.0,0.0,0.0,0.0,0.4172492224065627,1.0,0.3935480703309522,1.0,0.5765753238340161,1.0,1.0,0.0,0.0,1.0,0.37538403694669803,1.0,0.0,0.0,0.6115366452979496,0.25688206580459066,0.05228982274751105,0.32232669657041724,1.0,0.0,0.0,0.0,0.0,0.9675034779612348,1.0,0.0,1.0,1.0,0.5066451434692163,0.0,1.0,0.07906726044037106,0.0,0.4386017256784532,0.0,0.0,0.8951943276549945,1.0,1.0,0.2324441392997942,0.0,0.0,0.23031742864660937,0.8000959649628618,0.0,0.19337071273469172,0.554788334484574,0.0,0.5086047137537913,1.0,1.0,0.3067293893512249,0.49472308022421496,0.0,1.0,1.0,1.0,0.0,1.0,1.0,0.0,0.7545983345535787,0.2587329418587303,0.0,0.0,1.0,1.0,0.0,1.0,1.0,0.9473145061554183,1.0,0.0,0.0,0.027729420613883265,0.7778308473721991,0.6262412399932525,0.0,1.0,0.0,1.0,1.0,0.0,0.0,1.0,1.0,1.0,1.0,1.0
120,product/amplitude,decoupled,1,2.6795882402282403,2.75325601036151,3.558952365168833,3.4223280170320427,0.6894167774134914,-3.4684214985201693,43.567658819956705,238.14112690184265,1,1,excluded,r_hat_max 1.814 > 1.1; n_eff_min 5.3 < 16.0,1.8135405069078474,1.0424853940953145,0.5369458128078818,5.259408560810154,0,63.0,1.8135405069078474,5.259408560810154,1.5772113180999026,5.832695665196432,1.0943397310450778,19.913129190869856,2.315499665285007,1.3156945058121752,0,0.5627779480570538,1.0,0.0,1.0,1.0,0.0,1.0,0.0,0.0,0.0,0.0,0.2691913104282602,1.0,0.40471732115099585,0.0,1.0,1.0,1.0,1.0,0.0,0.0,0.3739623616258831,1.0,0.0,0.0,1.0,0.2202306631481336,0.7628457996810832,0.0,1.0,0.2560625367459047,0.0,1.0,0.12219393199636365,1.0,1.0,1.0,0.0,1.0,0.6465142756673067,0.0,1.0,0.0,0.0,0.3975300828228402,0.0,0.0,0.8896866529217172,0.8326080344645311,1.0,0.23856600722375684,0.0,0.0,0.7504347996251217,0.6992785840303234,0.0,0.21073705536863108,0.0,0.0,0.5255620893415828,0.0,1.0,0.0913863056034124,0.8808546343399778,0.0,0.0,0.10202675830447877,0.0,1.0,1.0,1.0,1.0,0.7319030600230229,0.3917700246575609,0.0,0.0,1.0,1.0,0.0,1.0,1.0,0.9152789417018922,1.0,0.0,0.0,0.016123848610988378,0.7867817477846676,0.0,0.0,1.0,1.0,1.0,0.5021685632828635,0.0,0.0,0.0,0.44476549429733825,0.0,1.0,0.8700156663521267
121,product/amplitude,decoupled,1,2.8746247364873474,2.891859146576351,3.558952365168833,3.4223280170320427,0.6894167774134914,-3.5017772939190337,45.13528834795579,335.092054995941,1,1,excluded,r_hat_max 1.494 > 1.1; n_eff_min 6.0 < 16.0,1.4943420509701053,1.0360733165366574,0.5911330049261084,6.037836359452776,0,63.0,1.4628908758891617,6.037836359452776,1.4943420509701053,6.346507853236462,1.1394592681555398,22.428934375130087,2.3185086617721407,1.3106610182125042,0,1.0,1.0,1.0,1.0,1.0,0.0,1.0,0.0,0.0,0.0,0.0,0.43705390969225383,1.0,0.39582932710114016,0.979458224163503,0.0,1.0,1.0,0.1928231892111311,0.0,0.20500385424454184,0.37314100851181087,1.0,0.0,0.0,1.0,0.4243801965345552,0.3929627961385124,0.0,1.0,0.0,0.0,0.0,0.15591114911154247,1.0,1.0,0.0,1.0,1.0,0.4966800232626566,0.0,1.0,0.17168393273073296,0.0,0.4953406989268232,0.0,0.0,0.9350127679973651,1.0,0.9580025363558559,0.25381945784867815,0.0,0.0,0.7272922810467582,0.025132078280553586,0.0,1.0,0.0,0.0,0.5113400969197542,0.0,1.0,0.279497193297802,0.8695212580351279,0.0,1.0,1.0,0.1229536660486254,0.23063203673005073,1.0,1.0,0.0,0.7732935432655667,0.38417761629340413,1.0,1.0,1.0,1.0,0.0,1.0,1.0,0.919009240505946,1.0,0.0,0.0,0.0,0.8099101891577025,1.0,1.0,0.15937273058711118,0.0,1.0,1.0,0.0,0.0,1.0,1.0,1.0,1.0,1.0
122,product/amplitude,decoupled,1,2.876326746399954,2.8984259082524115,3.558952365168833,3.4223280170320427,0.6894167774134914,-3.018993805002951,43.607555208029225,288.57796160387807,1,1,excluded,r_hat_max 1.467 > 1.1; n_eff_min 7.5 < 16.0,1.466750830235468,1.0273127720015383,0.6600985221674877,7.483249124832782,0,63.0,1.466750830235468,7.483249124832782,1.3864268897454646,7.955477737818597,1.0298663172387104,18.58497553987273,2.323066990253413,1.3062411314088989,0,1.0,0.9710415711603043,0.0,0.0,1.0,0.0,1.0,0.0,0.0,0.0,0.0,0.34094116071847574,1.0,0.40240583979294486,0.0,1.0,0.8493399266131216,1.0,0.0,0.0,0.05867685184344446,0.5123192111225551,1.0,0.0,1.0,0.4946806525523071,0.21665431502159085,5.9903995472889733e-05,0.0,1.0,0.001979349098235731,0.0,1.0,0.09487603418699789,1.0,1.0,0.20785266692014207,1.0,1.0,0.4968138725060723,0.0,1.0,0.3249410698895941,0.45611937274227815,0.0,0.0,0.0,1.0,1.0,0.9985964519106983,0.23112358672643574,0.0,0.0,0.6260454540954069,0.5412277098297787,0.0,0.2568700475222381,0.0,0.0,0.4991637785393655,1.0,1.0,0.031637919476212445,0.8719757815230592,0.0,0.0,0.10510420419394671,0.09555360993118052,1.0,1.0,1.0,0.0,0.7289908504770221,0.44852849421041907,0.0,0.09792792641478071,1.0,1.0,0.0,1.0,1.0,0.0,1.0,0.0,0.0,0.12337652442341274,0.8060436047053812,0.0,0.0,0.168401813837213,0.0,1.0,1.0,0.0,1.0,1.0,1.0,1.0,1.0,1.0
123,product/amplitude,decoupled,1,3.0980664552731363,3.088430154634338,3.558952365168833,3.4223280170320427,0.6894167774134914,-3.252467587984043,46.15701615810394,272.42246620799415,1,1,excluded,r_hat_max 1.454 > 1.1; n_eff_min 6.9 < 16.0,1.4539507622733034,1.022993414104626,0.6551724137931034,6.917925121167093,0,63.0,1.4539507622733034,6.917925121167093,1.4195796849428184,7.60402664594197,1.1215586210569573,19.491981345109117,2.3275650370513525,1.3018687217995324,0,1.0,0.9476598995997163,1.0,1.0,1.0,0.0,1.0,0.0,0.0,0.0949135803557516,0.0,0.38089335491335596,0.9935898025746863,0.3379950195909909,1.0,1.0,0.8755917898148854,1.0,1.0,0.0,0.0,0.37286126400209346,1.0,0.0,0.0,0.0,0.24286636388095123,0.07482587055717899,0.0,1.0,0.0,0.0,1.0,0.11396355821823619,1.0,1.0,0.0,0.0,1.0,0.49949545278739094,0.0,1.0,0.1186539278627975,0.0,0.041902691616292516,0.0,0.0,1.0,1.0,0.9266480284374577,0.22606262405536953,0.0,0.0,0.0,0.7700568802793984,0.0,0.1902461145514383,0.0,0.0,0.5629535907323838,0.0,1.0,1.0,0.5067606047617362,0.0,0.0,0.11279777869772688,0.10736652171272729,0.0,1.0,1.0,0.0,0.7475985914801103,1.0,0.0,0.0,1.0,1.0,0.0,1.0,1.0,0.9282625227923772,1.0,0.0,0.0,0.17737551446028152,0.8208649411948375,1.0,0.0,1.0,0.0,1.0,1.0,0.0,0.0,1.0,1.0,1.0,1.0,1.0
124,product/amplitude,decoupled,1,3.271872426000356,3.267471416437096,3.558952365168833,3.4223280170320427,0.6894167774134914,-3.7545162914807118,41.31861885287799,232.83630500617437,1,1,excluded,r_hat_max 1.360 > 1.1; n_eff_min 8.0 < 16.0,1.3598229512972146,1.0277722713449153,0.645320197044335,8.025222996165528,0,63.0,1.308996594031336,8.025222996165528,1.3598229512972146,10.289885016862943,1.0061928334350343,34.92454685666802,2.3337787581660443,1.2984386762971858,0,1.0,1.0,1.0,0.424642754676342,1.0,0.0,1.0,0.0,0.0,0.0,0.0,1.0,1.0,0.4835067377824348,1.0,0.0,1.0,1.0,1.0,0.0,0.0,0.38459505885201484,1.0,0.0,0.0,0.0,0.0,0.0,0.0,1.0,0.0,0.0,1.0,0.0,1.0,1.0,0.0,0.0,0.5225654912621017,0.6322647602587902,0.0,1.0,0.7305438404381106,0.0,0.0,0.0,0.0,0.8045215884055847,1.0,1.0,0.2240447291555405,0.0757079191107835,0.0,0.0,1.0,0.0,0.1850521035418432,0.0,0.0,0.416948061448071,0.0,1.0,0.0,0.7164367461124925,0.0,0.0,0.12090460351014715,0.0,1.0,1.0,1.0,0.0,1.0,0.38064715639868996,0.0,0.0,1.0,1.0,0.0,1.0,1.0,1.0,1.0,0.0,0.0,0.2292147388173308,1.0,1.0,1.0,1.0,0.0,1.0,1.0,0.0,0.0,1.0,1.0,1.0,1.0,1.0
125,product/amplitude,decoupled,1,3.3845650037058874,3.242638632875938,3.558952365168833,3.4223280170320427,0.6894167774134914,-3.5536975094660446,45.6020395969972,245.1939962131437,1,1,excluded,r_hat_max 1.569 > 1.1; n_eff_min 5.8 < 16.0,1.5692351819626482,1.0471200662362847,0.5172413793103449,5.79689613635643,3,62.7578125,1.5692351819626482,5.875550796340021,1.548019519057824,5.79689613635643,1.02529812179018,48.77342620433518,2.341283507508719,1.2959318225546832,1,1.0,1.0,1.0,0.0,1.0,0.0,1.0,0.0,0.0,1.0,0.0,0.46822748631735683,1.0,0.42513933949920796,1.0,0.0,1.0,1.0,1.0,0.0,0.0,0.36370907865569013,1.0,0.0,0.0,0.3795601230689614,0.0,0.0406880286302547,1.0,1.0,0.0,0.0,1.0,0.0,0.6521802265231414,1.0,0.0,0.0,1.0,0.6197201267429477,0.0,1.0,0.26506032262876955,0.0,0.0,0.0,0.0,1.0,1.0,1.0,0.2153675389289273,0.0,0.0,0.0,1.0,0.0,0.17865953022197123,1.0,0.0,0.5160498087075034,0.0,1.0,1.0,0.878550601392488,0.0,0.0,1.0,0.0,0.0,1.0,1.0,0.0,0.7391458652663717,1.0,0.0,0.0,1.0,1.0,0.0,1.0,1.0,0.902017139277682,1.0,0.0,0.0,0.0,1.0,1.0,0.0,1.0,0.0,1.0,1.0,0.0,0.0,1.0,0.0,1.0,1.0,1.0
126,product/amplitude,decoupled,1,3.4005542606462664,3.4087544680218476,3.558952365168833,3.4223280170320427,0.6894167774134914,-2.8130005647677043,43.4005051869899,331.2736316318624,1,1,excluded,r_hat_max 1.751 > 1.1; n_eff_min 4.6 < 16.0,1.7513948693553172,1.0359746970531547,0.5566502463054187,4.551408090441239,0,63.0,1.6179480317214883,5.708203700041351,1.7513948693553172,4.551408090441239,1.1347934569409754,41.08057723821102,2.3495635193832998,1.294094366747098,0,1.0,1.0,1.0,1.0,1.0,0.0,1.0,0.0,0.0,0.0,0.0,0.0,1.0,0.4097002454893277,1.0,1.0,1.0,1.0,1.0,0.0,0.0,0.3784345311730632,1.0,0.0,0.0,0.567491655460127,0.0,0.7695163400148564,0.0,1.0,0.0,0.0,1.0,0.06604845960921973,1.0,1.0,0.0,0.0,1.0,0.5350472211930953,0.0,1.0,0.0,0.0,0.0,0.0,0.0,1.0,1.0,0.7539516143599457,0.24076285132606615,0.0,0.0,1.0,1.0,0.0,0.17476986147197204,0.0,0.0,0.46798887423381386,0.0,1.0,0.10936690655078203,0.8164164474064076,0.178644476770597,0.0,1.0,1.0,0.20927618102793433,1.0,1.0,0.0,0.7074697555800562,1.0,0.0,0.0,1.0,1.0,0.0,1.0,1.0,1.0,1.0,0.0,0.0,0.005252400698315645,1.0,1.0,0.0,1.0,0.0,1.0,1.0,0.0,0.0,1.0,1.0,1.0,1.0,1.0
127,product/amplitude,decoupled,1,2.947684424077679,3.061241795379371,3.558952365168833,3.4223280170320427,0.6894167774134914,-3.9023724473524393,46.17256050603464,305.7671211650595,1,1,excluded,r_hat_max 1.432 > 1.1; n_eff_min 6.9 < 16.0,1.4318363718239298,1.023726256984273,0.6551724137931034,6.865170175465715,0,63.0,1.3208127502572362,8.05853240594203,1.4318363718239298,6.865170175465715,1.0859311222683703,30.037486368640295,2.35783903703104,1.292332302380802,0,1.0,0.9584501027901726,1.0,1.0,1.0,0.0,1.0,0.0,0.0,0.0,0.0,0.33764211906951763,1.0,0.3905767009660058,1.0,1.0,0.8692617119181067,1.0,1.0,0.0,0.0,0.3699393045338162,1.0,0.0,0.0,0.4985379607464336,0.0,0.04182846804591775,0.0,1.0,0.0,0.0,1.0,0.049277314910950804,1.0,1.0,0.0,0.0,1.0,0.5250687998703286,0.0,1.0,0.34840493948818085,0.0,0.0,0.0,0.0,1.0,1.0,1.0,0.22607869953070725,0.0,0.0,0.0,0.6774699016608805,0.0,0.0,0.0,0.0,0.5809246162289873,0.0,1.0,0.9603572310954034,0.8930582302686296,0.0,0.0,0.10439725010819378,0.0,0.0,1.0,1.0,0.0,0.7730542657274068,1.0,0.0,0.0,1.0,1.0,0.0,1.0,1.0,1.0,1.0,0.0,0.0,0.16378596160441192,0.7928725182262633,1.0,0.0,1.0,0.0,1.0,1.0,0.0,0.0002057522776967259,1.0,1.0,1.0,1.0,1.0
128,product/amplitude,decoupled,1,2.9539583713961757,2.951097661074199,3.558952365168833,3.4223280170320427,0.6894167774134914,-3.8073666166682765,41.76098693907261,317.1332318508066,1,1,excluded,r_hat_max 1.538 > 1.1; n_eff_min 6.0 < 16.0,1.538496623884653,1.0353584547213612,0.5960591133004927,5.999629722854799,0,63.0,1.538496623884653,5.999629722854799,1.3639483503452257,8.4400148938508,1.0370581810021287,26.29497286933404,2.362447204117341,1.288321317239825,0,1.0,1.0,0.9952590956699823,0.9920224270130551,1.0,0.0,1.0,0.0,0.0,0.011319293849097774,0.0,0.36279764751840105,1.0,0.39204739356197754,1.0,1.0,1.0,1.0,1.0,0.0,0.0,0.3738626094513501,1.0,0.0,0.0,0.26184879210838197,0.0,1.0,0.0,1.0,0.0,0.0,1.0,0.11048886783979435,1.0,1.0,0.0,0.0,1.0,0.531755025690696,0.0,1.0,0.0,0.0,0.0,0.0,0.0,1.0,1.0,0.8792226946091224,0.22553536232786756,0.052528448880217425,0.0,0.7268846297141075,0.6357752675189345,0.0,0.21141867831225178,0.0,0.0,0.4985413708241671,0.0,1.0,1.0,0.5762276211194578,0.0,0.0,1.0,1.0,0.0,0.9673373333970413,1.0,0.0,0.7567850993672836,1.0,0.0,0.0,1.0,1.0,0.0,1.0,1.0,1.0,1.0,0.0,0.0,0.15855087172460844,0.8377894015344598,0.9588063770809356,0.0,1.0,0.0,1.0,1.0,0.0,0.0,1.0,1.0,1.0,1.0,1.0
129,product/amplitude,decoupled,1,2.8109065129366053,2.954539864915205,3.558952365168833,3.4223280170320427,0.6894167774134914,-4.280753396044815,49.18770665884949,311.31408907310106,1,1,excluded,r_hat_max 1.435 > 1.1; n_eff_min 6.1 < 16.0,1.4345601293213057,1.034253349951652,0.5566502463054187,6.085088888370801,0,63.0,1.4230365483750178,7.435335170904135,1.4345601293213057,6.085088888370801,1.057075783701698,127.91515431401449,2.367032562003224,1.2843662379374177,0,1.0,1.0,1.0,0.0,1.0,0.0,1.0,0.0,0.0,0.0,0.0,0.3048381446053177,1.0,0.3971833729799195,1.0,0.0,1.0,1.0,1.0,0.0,0.0,0.37199277658289764,1.0,0.0,0.0,0.5894004342245011,0.22343294058457733,0.07062458684827708,0.0,1.0,0.0,0.0,1.0,0.13135506369413974,1.0,1.0,0.0,0.0,1.0,0.5199726009641004,0.0,1.0,0.0,0.0,0.0,0.0,0.0,1.0,1.0,1.0,0.2465883554939735,0.0,0.0,0.0,0.9091285749475071,0.0,0.1889215525116524,0.0,0.0,0.503514603042643,0.09689798901483963,1.0,1.0,0.5853882816860537,0.0,0.0,1.0,0.0,1.0,1.0,1.0,0.0,0.7511193103652423,1.0,0.0,0.0,1.0,1.0,0.0,1.0,1.0,0.9115364481205696,1.0,0.0,0.0,0.0,0.8502557968347377,1.0,0.0,1.0,0.0,1.0,1.0,0.0,0.0,1.0,0.4308513232507165,1.0,1.0,1.0
130,product/amplitude,decoupled,1,3.1527571970590107,3.2582372917592206,3.558952365168833,3.4223280170320427,0.6894167774134914,-4.46624320495109,47.875039282022044,282.92340892204084,1,1,excluded,r_hat_max 1.547 > 1.1; n_eff_min 5.6 < 16.0,1.54699874232316,1.0346626040671612,0.5566502463054187,5.551211292789745,0,63.0,1.33172441544409,6.521334233619022,1.54699874232316,5.551211292789745,1.0300667412822038,46.78633837614531,2.370446977010404,1.2800044296535171,0,1.0,1.0,1.0,1.0,0.0,0.0,1.0,0.0,0.0,0.11502627067383119,0.0,0.25718215679183404,1.0,0.3784943479820243,1.0,1.0,1.0,1.0,1.0,0.0,1.0,0.3736917024957636,1.0,0.0,0.0,1.0,0.0,0.0,0.0,1.0,0.0,0.0,1.0,8.974006813557897e-07,1.0,1.0,0.0,0.0,1.0,0.6402080558406507,0.0,1.0,0.0,0.0,1.0,0.0,0.0,0.8915895602505676,1.0,0.8963911119325702,0.22989804304176448,0.0,0.0,0.39043261592162154,1.0,0.0,0.18604077287285803,0.0,0.0,0.5573074724224739,0.0,1.0,1.0,0.8966233981920617,0.0,0.0,1.0,1.0,0.2438374187946264,1.0,1.0,0.0,0.749978384921417,1.0,0.0,0.0,1.0,1.0,0.0,1.0,1.0,0.4760095647805154,1.0,0.0,0.0,1.0,0.3280751786556536,1.0,0.0,1.0,0.0,1.0,1.0,0.0,0.008114734132223944,1.0,0.24457001499809974,0.0,1.0,1.0
131,product/amplitude,decoupled,1,-0.08101109253919875,-0.06268842789482526,3.558952365168833,3.4223280170320427,0.6894167774134914,-4.457821760966107,50.140747032826766,231.8690175828524,1,1,excluded,r_hat_max 1.519 > 1.1; n_eff_min 5.9 < 16.0,1.519450240459725,1.0204192298248023,0.7093596059113301,5.874073054762155,0,63.0,1.519450240459725,5.874073054762155,1.3510245611431855,6.11763815866935,1.1178364934214124,17.2240109873502,2.376418810751233,1.2769262104400942,0,1.0,1.0,1.0,1.0,0.25151377064899527,0.0,1.0,0.7528817491300042,0.0,0.0,0.0,0.2739447262173287,0.0,0.0,1.0,0.2925366716223476,0.526445972552406,0.0,1.0,0.0,0.0,0.0,0.0,0.0,0.03548597413942013,0.0,0.0,1.0,0.003526018317832126,1.0,0.0,0.0,0.0,0.3706715321021577,1.0,0.0,1.0,0.0,0.5917309714016165,1.0,0.0,1.0,1.0,0.0,0.0,1.0,1.0,0.4783657564931449,0.0,1.0,0.260292755175198,0.0,1.0,0.0,1.0,1.0,0.3340780049990258,1.0,1.0,0.5068132323380573,0.0,0.0,1.0,0.9873869592971616,1.0,0.0,0.07539452132321503,0.5816450043204505,1.0,0.6114402398905365,0.46079260171429637,0.9594349025693241,0.3208646102740406,1.0,1.0,1.0,0.0,0.0,0.0,1.0,1.0,0.0,1.0,0.0,1.0,0.0,1.0,0.0,0.0,1.0,1.0,0.0,0.0,0.0,1.0,0.0,0.0,0.6576474983358537,1.0,0.0
132,product/amplitude,decoupled,1,2.8732748297862813,2.9114114648883556,3.558952365168833,3.4223280170320427,0.6894167774134914,-4.244433307699141,48.84667131607421,271.88833101815544,1,1,excluded,r_hat_max 1.443 > 1.1; n_eff_min 5.5 < 16.0,1.4433769960596725,1.0201138151543527,0.7044334975369458,5.5416802279448065,0,63.0,1.2173371925871368,10.429446039246764,1.4433769960596725,5.5416802279448065,1.0714167243628725,45.31775550921334,2.357801917544487,1.289802732346317,0,1.0,0.9727184283624681,1.0,0.0,1.0,0.0,1.0,0.0,0.0,0.0,0.0,0.4871524970916423,1.0,0.4018769586444356,1.0,0.0,1.0,1.0,1.0,0.0,0.0,0.3710515507206824,1.0,0.0,0.0,0.0,0.0,1.0,0.9581433952821742,1.0,0.0,0.0,1.0,0.0,1.0,1.0,0.0,0.0,1.0,0.5048990813871519,0.0,1.0,0.0,0.0,0.0,0.0,0.0,0.9223379310043114,1.0,0.5424193931164012,0.23023545899415052,0.0,0.0,0.0,0.5787063021207334,0.0,0.1928155762428209,0.0,0.0,0.5060508896251416,0.0,1.0,0.24281289838481807,0.7850531631910437,0.0,0.0,1.0,0.0,0.0,1.0,1.0,0.0,0.758323014671819,1.0,0.0,0.0,1.0,0.9269431390915716,0.0,1.0,1.0,0.9267657319027899,1.0,0.0,0.0,0.0,0.8349106586823691,0.9734787279120128,0.0,1.0,0.0,1.0,1.0,0.0,0.0,1.0,0.0,1.0,1.0,1.0
133,product/amplitude,decoupled,1,3.26093210752713,3.3829079045301906,3.558952365168833,3.4223280170320427,0.6894167774134914,-3.644408946604004,50.24599951598793,293.2021627170034,1,1,excluded,r_hat_max 1.472 > 1.1; n_eff_min 6.8 < 16.0,1.4717005299737345,1.0193723949373903,0.6896551724137931,6.849321619072912,0,63.0,1.4717005299737345,6.849321619072912,1.375480505255043,7.116704116295613,1.0002955938125606,97.55962215469555,2.361677653726756,1.2857160263378868,0,1.0,1.0,1.0,0.0,1.0,0.0,1.0,0.0,0.0,0.48094776770192704,0.0,0.47207155291821296,1.0,0.420661159475006,1.0,1.0,0.8393906706264206,1.0,1.0,0.0,0.0,0.3658257085828295,1.0,0.0,0.0,0.0,0.29572720581921,1.0,0.0,1.0,0.0,0.0,1.0,0.10276317219532326,1.0,1.0,0.0,0.0,1.0,0.5172715828132562,0.0,0.44887588525253386,0.0,0.0,0.0,0.0,0.0,1.0,1.0,1.0,0.23362820204388904,0.0,0.0,0.0,1.0,0.0,0.0,0.0,0.0,0.5355336992559773,1.0,1.0,0.309940335553519,0.5847003230866235,0.0,0.0,0.10244680279260222,0.0,0.0,1.0,1.0,1.0,0.7513294284851493,0.3344892889361089,0.0,0.0,1.0,1.0,0.0,1.0,1.0,1.0,1.0,0.0,0.0,0.0,1.0,1.0,0.0,1.0,0.0,1.0,1.0,0.0,0.0,1.0,0.0,1.0,1.0,1.0
134,product/amplitude,decoupled,1,2.945177854172852,3.03584258379317,3.558952365168833,3.4223280170320427,0.6894167774134914,-4.283728457974579,48.45014617498964,325.8534192829393,1,1,excluded,r_hat_max 1.811 > 1.1; n_eff_min 3.8 < 16.0,1.8108681473290882,1.0412739394424542,0.5517241379310345,3.774588496549407,0,63.0,1.8108681473290882,3.774588496549407,1.6689080533728402,4.927071913987741,1.2649280943191257,11.701564680702807,2.368388507859595,1.2832455412312065,0,1.0,0.9432070245434543,1.0,1.0,1.0,0.0,1.0,0.0,0.0,0.0,0.0,0.4448493799610088,1.0,0.0,1.0,1.0,1.0,1.0,1.0,0.0,0.0,0.3749052001899953,1.0,0.0,0.0,0.5091073151626281,0.07362419533050832,0.12138720311035442,0.5824949438156045,1.0,0.0,0.0,1.0,0.0,1.0,1.0,0.0,0.0,1.0,0.5149997229129133,0.0,1.0,0.15669657852032978,0.0,0.0,0.0,0.0,1.0,1.0,1.0,0.22512893971253628,0.0,0.0,1.0,0.7363198177044248,0.0,0.18642727138445936,0.0,0.0,0.5475444654365275,0.0,1.0,0.0,0.8733025455487686,0.0,1.0,0.10201779242016559,0.08691592661443306,0.0,1.0,1.0,0.0,0.8270925906382353,0.4029619560278807,0.0,0.0,1.0,1.0,0.0,1.0,1.0,0.9422351821475113,1.0,0.0,0.0,1.0,1.0,1.0,0.0,1.0,0.0,1.0,1.0,0.0,0.0,1.0,1.0,1.0,1.0,1.0
135,product/amplitude,decoupled,1,3.1951298617395842,3.3051671449656697,3.558952365168833,3.4223280170320427,0.6894167774134914,-4.025395402581648,51.407057320000604,288.7988203901332,1,1,excluded,r_hat_max 1.523 > 1.1; n_eff_min 7.2 < 16.0,1.5231163897814206,1.02412154259634,0.6157635467980296,7.160109460616068,0,63.0,1.4430557978276541,9.785638157218388,1.5231163897814206,7.160109460616068,1.0241983117172695,43.33407263255742,2.3726610215359893,1.2794402235690865,0,1.0,0.9350509555888583,1.0,1.0,1.0,0.0,1.0,0.0,0.0,0.0,0.0,0.3837068010461092,1.0,0.4007035122403293,1.0,0.5199675126011115,1.0,1.0,1.0,0.0,0.0,0.37459858570239657,1.0,0.0,0.0,0.0,0.0,0.3104135542785075,0.0,1.0,0.0,0.0,1.0,0.0,1.0,1.0,0.0,0.0,1.0,0.5749008680990008,0.0,1.0,0.8324439583750084,0.0,0.0,0.0,0.0,0.8976710815727653,1.0,1.0,0.20753401358474197,1.0,0.0,0.0,1.0,0.0,0.19007714271622655,1.0,0.0,0.5719422700147867,0.0,1.0,0.0,0.8431644039223942,0.16248243495299308,0.0,1.0,0.0,0.0,1.0,1.0,0.0,1.0,1.0,0.0,0.0,1.0,1.0,0.0,1.0,1.0,1.0,1.0,0.0,0.0,0.0,1.0,0.865660963625236,0.0,0.9118484278325424,0.0,1.0,1.0,0.0,0.0,1.0,1.0,1.0,1.0,1.0
136,product/amplitude,decoupled,1,3.0151654151035103,2.9506366144170473,3.558952365168833,3.4223280170320427,0.6894167774134914,-4.879336795684983,49.34924944397062,327.1612796750851,1,1,excluded,r_hat_max 1.406 > 1.1; n_eff_min 7.3 < 16.0,1.4056481753946106,1.025976113272742,0.6108374384236454,7.317030642557654,0,63.0,1.2930415920867828,7.505939781112767,1.4056481753946106,7.317030642557654,1.0666755209140513,77.91353089611916,2.3787085865374866,1.2766628851256872,0,1.0,1.0,1.0,1.0,0.0,0.0,1.0,0.0,0.0,0.0,0.0,0.4961693185669585,1.0,0.39644177675831954,1.0,0.0,1.0,1.0,1.0,0.0,0.0,0.38048163992753314,1.0,0.0,0.0,0.4105532985474184,0.18001049210108694,1.0,1.0,1.0,0.0,0.0,1.0,0.1483471721628665,1.0,1.0,0.0,0.0,1.0,0.5072907148531255,0.0,1.0,0.24589408467856877,0.0,0.0,0.0,0.0,0.9311036683833022,1.0,0.5796622772221531,0.19561878400910557,0.0,0.0,0.2971356921167433,0.94567723579553,0.0,0.23287647282949217,0.0,0.0,0.4942889121500574,0.0,1.0,0.9601059534278314,1.0,0.0,0.0,0.09461998346486322,0.10849641525154069,1.0,1.0,1.0,0.0,1.0,1.0,0.0,0.0,1.0,1.0,0.0,1.0,1.0,0.9215180293097385,1.0,0.0,0.0,0.0,0.8078062770474534,1.0,1.0,1.0,0.0,1.0,1.0,0.0,0.0,1.0,1.0,0.8139476254068854,1.0,1.0
137,product/amplitude,decoupled,1,3.0733938674937162,3.1923821656923503,3.558952365168833,3.4223280170320427,0.6894167774134914,-4.355916228627369,51.24110310385004,334.0058050220832,1,1,excluded,r_hat_max 1.342 > 1.1; n_eff_min 7.2 < 16.0,1.3418831296004459,1.027048840632743,0.6502463054187192,7.234807561836106,0,63.0,1.33392186970628,7.234807561836106,1.3418831296004459,7.825788974955295,1.013959315045392,62.30177837377294,2.3833542568189903,1.2731482478373406,0,0.7358312665694219,0.9585646882489722,1.0,1.0,1.0,0.0,1.0,0.19275500862603595,0.0,0.0,0.0,0.5429438614975691,1.0,0.3955060616066758,1.0,1.0,0.8627212307876814,1.0,1.0,0.0,0.0,0.3736443115369601,1.0,0.0,0.0,0.0,0.2229720876889976,0.0,1.0,1.0,0.0,0.0,1.0,0.20458729617914886,1.0,1.0,0.0,0.0,1.0,0.672903574292465,0.0,1.0,0.146564799957389,0.0,0.0,0.0,0.0,1.0,1.0,0.6972052714949936,0.2243248306979885,0.0,0.0,0.0,0.9984177100056855,0.0,0.20761879428128838,0.0,0.0,0.506358353372842,0.0,1.0,1.0,0.9644036685802309,0.0,0.0,0.0,0.0,1.0,1.0,1.0,0.0,0.7240977929257839,1.0,0.0,0.0,1.0,1.0,0.0,1.0,1.0,1.0,1.0,0.0,0.0,0.028454121031067516,0.7994256460382084,1.0,0.0,1.0,0.0,1.0,1.0,0.0,0.0,1.0,0.9893326296129383,1.0,1.0,1.0
138,product/amplitude,decoupled,1,3.4505239382393995,3.4118128478701037,3.558952365168833,3.4223280170320427,0.6894167774134914,-4.089322958594129,47.6391896980349,245.33530109398998,1,1,excluded,r_hat_max 1.983 > 1.1; n_eff_min 3.8 < 16.0,1.9830404690821073,1.0470806998916018,0.5073891625615764,3.7684345030590554,0,63.0,1.8879260026683335,3.7684345030590554,1.9830404690821073,3.8001153980234896,1.2946512654121065,8.477250625590047,2.388354543852865,1.2698764330541932,0,1.0,1.0,1.0,1.0,0.0,0.0,1.0,0.0,0.0,0.09372411820871761,0.0,0.42545683516741617,1.0,1.0,1.0,1.0,1.0,1.0,1.0,0.0,0.0,0.3821892586051997,1.0,0.0,0.0,0.0,1.0,1.0,0.0,1.0,0.18534718228135127,0.0,1.0,0.06073194238878287,0.7044227685318389,1.0,0.0,0.0,1.0,0.5102658230856516,0.0,1.0,0.3083556609706599,1.0,0.0,0.0,0.017284255233762938,1.0,1.0,0.9430076887306345,0.23847444312546962,0.0,0.0,0.7450228884991771,1.0,0.0,0.0,1.0,0.0,0.4745872748753055,1.0,0.9753424898156082,0.0,0.8758264744941332,0.0,0.0,1.0,0.0,0.0,1.0,1.0,0.0,0.7303727163734648,0.34662938114968694,0.0,0.0,1.0,1.0,0.0,1.0,1.0,1.0,1.0,0.0,0.0,0.0,1.0,1.0,1.0,1.0,0.018428825570061102,1.0,1.0,0.0,0.0,1.0,1.0,0.2767058074836309,1.0,1.0
139,product/amplitude,decoupled,1,3.798055409147952,3.6088731099899194,3.798055409147952,3.6088731099899194,0.5028716844556147,-3.648962444776169,50.877176500856876,296.7319724368863,1,1,excluded,r_hat_max 1.566 > 1.1; n_eff_min 4.8 < 16.0,1.5656136240535679,1.0491473818805948,0.5073891625615764,4.8156814041933,0,63.0,1.44893246880742,5.76317067038072,1.5656136240535679,4.8156814041933,1.1903102859337633,20.691546231478323,2.3959960502873003,1.2684805862216753,0,0.5844844535179549,1.0,1.0,0.0,0.0,0.0,1.0,0.0,0.0,0.0,0.0,0.42234940226017825,1.0,0.45100791791600514,1.0,1.0,1.0,1.0,1.0,0.0,0.0,0.7586366492926784,1.0,0.0,0.0,0.47557620591942557,0.0,1.0,0.0,1.0,0.0,0.0,1.0,0.10638850939925475,1.0,1.0,0.0,0.0,1.0,0.6448790053573541,0.0,1.0,0.8688814883263495,1.0,0.0,0.0,0.0,1.0,1.0,0.5995383260362368,0.22070706360823786,0.0,0.0,1.0,1.0,0.0,0.14863300464470544,1.0,0.0,0.4096601407052922,0.0,1.0,0.0,0.8600929604505274,0.0,0.0,0.11098977225802899,1.0,0.19575753340754357,1.0,1.0,0.0,0.9164793476159618,0.38282591062020477,0.0,0.0,1.0,1.0,0.0,1.0,1.0,1.0,1.0,0.0,0.0,0.0,1.0,1.0,0.9434703824410513,1.0,0.0,1.0,1.0,0.0,0.0,1.0,1.0,0.0,1.0,1.0
140,product/amplitude,decoupled,1,3.5468531773391834,3.504992664919462,3.798055409147952,3.6088731099899194,0.5028716844556147,-3.353195593292833,49.04712071386166,271.65093570994213,1,1,excluded,r_hat_max 1.549 > 1.1; n_eff_min 4.5 < 16.0,1.5491041934346523,1.0256254411059451,0.645320197044335,4.4620483665383235,0,63.0,1.5491041934346523,4.4620483665383235,1.3355661116058126,8.29979762064746,1.089489291089469,21.152818521118277,2.406010759993448,1.2694450584455554,0,0.6840665440001394,1.0,1.0,0.0,1.0,0.0,1.0,0.0,0.0,0.0,0.0,0.48450644226919426,1.0,0.45082933146312576,1.0,1.0,1.0,1.0,1.0,0.0,0.0,0.7486232256309053,1.0,0.0,0.0,0.45296483198586923,0.0,1.0,0.0,1.0,0.03439127527447349,0.0,0.9097023703563877,0.05531036192519521,0.7092042492689671,1.0,0.0,0.0,1.0,0.6504377029299626,0.0,1.0,0.8499738607890942,1.0,0.0,0.0,0.0,1.0,1.0,1.0,0.28447189413646784,0.0,0.0,0.75046786511601,1.0,0.0,0.1847361788960973,1.0,0.0,0.48756474967999175,0.0,1.0,0.1628889612124405,0.8669921016694813,0.0,0.0,1.0,1.0,0.2000208019469179,1.0,1.0,0.0,0.787012556547703,0.40827438250298537,0.0,0.0,1.0,1.0,0.0,1.0,1.0,0.9224692793788133,1.0,0.0,0.0,0.0,1.0,1.0,1.0,1.0,0.0,1.0,1.0,0.0,0.0,1.0,1.0,0.0,1.0,1.0
141,product/amplitude,decoupled,1,3.4214821378260614,3.279398593777721,3.798055409147952,3.6088731099899194,0.5028716844556147,-4.749359877171306,51.37990401801653,232.11431501200423,1,1,excluded,r_hat_max 1.799 > 1.1; n_eff_min 5.2 < 16.0,1.7990198343498247,1.0267850866695638,0.6059113300492611,5.1829476438387445,0,63.0,1.5372404307358611,7.2688786359202116,1.7990198343498247,5.1829476438387445,1.0179473000391586,43.33013223301589,2.414101840967531,1.2685530839271575,0,0.0,1.0,1.0,0.0,0.0,0.0,1.0,0.0,0.0,0.0,0.0,0.0,1.0,0.0,1.0,1.0,1.0,1.0,1.0,0.0,0.0,0.38283490368460216,1.0,0.0,0.0,0.43920112891710517,0.0,1.0,0.0,1.0,0.0,0.0,1.0,0.0,1.0,1.0,0.0,0.0,1.0,0.6404988499445571,0.0,1.0,0.8522137581425437,1.0,0.0,0.0,0.0,1.0,1.0,0.47248698408062423,0.22159272471789046,0.0,0.0,1.0,1.0,0.0,0.16840037984195563,1.0,0.0,0.5332699341097142,0.0,1.0,0.0,0.8771339143706837,0.0,0.0,0.11947918634396068,1.0,0.20807312596551145,1.0,1.0,0.0,0.7621576221999291,0.0,0.0,0.0,1.0,1.0,0.0,1.0,1.0,1.0,1.0,0.0,0.0,0.17354538255136825,1.0,1.0,1.0,1.0,0.0,1.0,1.0,0.0,0.0,1.0,1.0,1.0,1.0,0.730742145265468
142,product/amplitude,decoupled,1,3.82679616974282,3.653361578563996,3.82679616974282,3.653361578563996,0.45838321588153796,-5.763746388609899,50.12080012308434,299.79962045210414,1,1,excluded,r_hat_max 1.587 > 1.1; n_eff_min 5.2 < 16.0,1.586662162102787,1.0359299135230269,0.5911330049261084,5.179294822490301,0,63.0,1.546459324137347,5.179294822490301,1.586662162102787,5.3935572725725835,1.252856093822506,12.383726029793326,2.421196068410197,1.2668822358980862,0,0.605220163897382,1.0,1.0,0.0,0.0,0.0,1.0,0.0,0.0,0.0,0.0,0.4070785503984171,1.0,0.42810203961400406,1.0,1.0,1.0,1.0,1.0,0.0,0.0,0.7832347702481872,1.0,0.0,0.0,0.5217947496465896,0.0,1.0,0.0,1.0,0.0,0.0,1.0,0.11087233444472894,1.0,1.0,0.0,0.0,1.0,0.6421382383679445,0.0,1.0,0.2676575030579346,1.0,0.0,0.0,0.028970529688134468,1.0,1.0,1.0,1.0,0.0,0.0,1.0,1.0,0.0,0.18803260962735127,1.0,0.0,0.37580362007952167,1.0,1.0,0.0,0.8865350633018353,0.0,0.0,0.13197199261134057,1.0,0.0,1.0,1.0,0.0,1.0,0.4233927325797512,0.0,0.0,1.0,1.0,0.0,1.0,1.0,1.0,1.0,0.0,0.0,0.0,1.0,1.0,1.0,1.0,0.0,1.0,1.0,0.0,0.0,1.0,1.0,0.0,1.0,1.0
143,product/amplitude,decoupled,1,3.777977317316773,3.6896366363342126,3.82679616974282,3.6896366363342126,0.4221081581113215,-3.662746015150562,51.865071380045265,248.00682991207577,1,1,excluded,r_hat_max 1.435 > 1.1; n_eff_min 6.2 < 16.0,1.4349199930977645,1.025220228775277,0.6305418719211823,6.236411841393517,0,63.0,1.3763986278951723,7.246542249449731,1.4349199930977645,6.236411841393517,1.0128751746421485,41.38601407671807,2.4310254397481876,1.2678668849508599,0,0.6365757982621308,1.0,1.0,0.0,0.0,0.0,1.0,0.0,0.0,0.0,0.0,0.30711892631238136,1.0,0.2665186553815938,1.0,1.0,1.0,1.0,1.0,0.0,0.0,0.7798493377121948,1.0,0.0,0.0,0.5298113983355254,0.0,1.0,0.0,1.0,0.0,0.0,1.0,0.10771218288940387,0.6346627150728439,1.0,0.0,0.0,1.0,0.6135416409015989,0.0,1.0,0.31154107201840375,1.0,0.0,0.0,0.0,1.0,1.0,1.0,0.2260681855497757,0.0,0.0,1.0,1.0,0.0,0.16639172288495999,1.0,0.0,0.4351161530452346,0.0,1.0,0.0,0.8696574036756671,0.0,0.0,0.0,1.0,0.0,1.0,1.0,0.0,1.0,0.4354513435267829,0.0,0.0,1.0,1.0,0.0,1.0,1.0,1.0,1.0,0.0,0.0,0.0,1.0,1.0,1.0,1.0,0.0,1.0,1.0,0.0,0.0,1.0,1.0,0.0,1.0,1.0
144,product/amplitude,decoupled,1,3.5333019130506242,3.6619873758715906,3.82679616974282,3.6896366363342126,0.4221081581113215,-3.810574658715432,47.04851082502864,262.1986479519401,1,1,excluded,r_hat_max 1.494 > 1.1; n_eff_min 6.0 < 16.0,1.4938962052085996,1.025918218060227,0.645320197044335,6.0270409005178145,0,63.0,1.4938962052085996,6.0270409005178145,1.3105105072756762,8.604033191060077,1.0180489519338485,75.69232944778128,2.4403792722313025,1.2683985989171118,0,0.5775505305166803,1.0,1.0,0.0,0.0,0.0,1.0,0.0,0.0,0.0,0.0,0.0,1.0,0.45410680284879024,1.0,1.0,1.0,1.0,1.0,0.0,0.0,0.7822010150215656,1.0,0.0,0.0,0.495988251805084,0.0,1.0,0.0,1.0,0.0,0.0,1.0,0.07634657652750698,0.6359060988239968,1.0,0.0,0.0,1.0,0.6430675488603704,0.0,1.0,0.8225022314424744,1.0,0.0,0.0,0.0,1.0,1.0,0.6149211971017062,0.20059097964770267,0.0,0.0,1.0,1.0,0.0,0.18974194489091822,1.0,0.0,0.41133751468630936,0.0,1.0,0.0,0.8837361840934079,0.0,0.0,0.106980295580036,1.0,0.0007481545709207946,1.0,1.0,0.0,0.7771613922803785,0.38361786343409415,0.0,0.0,1.0,1.0,0.0,1.0,1.0,0.9235391921524853,1.0,0.0,0.0,0.0,1.0,1.0,0.0,1.0,0.0,1.0,1.0,0.0,0.0,1.0,0.0,0.0,1.0,1.0
145,product/amplitude,decoupled,1,3.5670101793719864,3.6246392879222085,3.82679616974282,3.6896366363342126,0.4221081581113215,-4.007155689961332,55.13928562682122,317.8324346081354,1,1,excluded,r_hat_max 1.438 > 1.1; n_eff_min 6.8 < 16.0,1.4379346819031442,1.0270015501250145,0.625615763546798,6.785754975569264,0,63.0,1.3984084706496371,7.614847122380591,1.4379346819031442,6.785754975569264,1.1186562773831552,26.841777565666092,2.4479166697541945,1.2672492146166214,0,0.703451130089871,1.0,1.0,0.0,0.0,0.0,1.0,0.0,0.0,0.0,0.0,0.4320138296180142,1.0,0.2672272465265637,1.0,1.0,1.0,1.0,1.0,0.0,0.0,0.7697659747649671,1.0,0.0,0.0,0.5332436518838405,0.0,0.7568467280765098,0.0,1.0,0.0,0.0,1.0,0.10621220141596974,1.0,1.0,0.0,0.0,1.0,0.5207033595203181,0.0,1.0,0.26544251114166667,1.0,0.0,0.0,0.0,1.0,0.9749143174154647,0.9528376357945841,1.0,0.0,0.0,1.0,1.0,0.0,0.024281219114522114,1.0,0.0,0.0,1.0,1.0,0.0,0.8719729792314269,0.0,0.0,1.0,1.0,0.10323676745125064,1.0,1.0,0.0,1.0,0.5325569771128243,0.0,0.0,1.0,1.0,0.0,1.0,1.0,1.0,1.0,0.0,0.0,0.0,1.0,1.0,1.0,1.0,0.0,1.0,1.0,0.0,0.0,1.0,1.0,0.0,1.0,1.0
146,product/amplitude,decoupled,1,3.6637803111547944,3.631818759891398,3.82679616974282,3.6896366363342126,0.4221081581113215,-4.834540941663256,50.198987361975014,200.84058764996007,1,1,excluded,r_hat_max 1.479 > 1.1; n_eff_min 5.1 < 16.0,1.4787539659486408,1.0274458475875656,0.6108374384236454,5.1011937711274244,0,63.0,1.4787539659486408,5.1011937711274244,1.471461814742739,6.333542196898127,1.1354714505664796,15.39259228444752,2.4555816937926727,1.2662702089337894,0,0.5194499672154662,1.0,1.0,0.0,0.0,0.0,1.0,0.0,0.0,0.0,0.0,0.45666738069062907,1.0,0.4314615375846092,1.0,1.0,1.0,1.0,1.0,0.0,0.0,0.8090432265871476,1.0,0.0,0.0,0.5032525027159814,1.0,0.7675215635078425,0.0,1.0,0.0,0.0,1.0,0.1144694370424867,1.0,1.0,0.0,0.004603206515836605,1.0,0.6220264299773091,0.0,1.0,1.0,1.0,0.0,0.0,0.0,0.8689059289173204,1.0,1.0,0.25543568353777124,0.0888687798883409,0.0,1.0,1.0,0.0,0.1424323030439269,1.0,0.0,0.4062302111968557,1.0,1.0,0.0,0.8785493061298637,0.0,0.0,1.0,1.0,0.1991761899599016,1.0,1.0,0.0,1.0,0.37744702907203853,0.0,0.0,1.0,1.0,0.0,1.0,1.0,1.0,1.0,0.0,0.0,0.0,1.0,1.0,1.0,1.0,0.0,1.0,1.0,0.0,0.0,1.0,1.0,0.0,1.0,1.0
147,product/amplitude,decoupled,1,3.0129183660597154,2.994804335950192,3.82679616974282,3.6896366363342126,0.4221081581113215,-4.603475594954798,52.461778352968395,236.19937208201736,1,1,excluded,r_hat_max 1.398 > 1.1; n_eff_min 6.9 < 16.0,1.3979103662232175,1.0197440442633061,0.6896551724137931,6.897694696176941,0,63.0,1.2622474692786207,7.904962864260002,1.3979103662232175,6.897694696176941,1.015400455646894,51.09418485232733,2.4638007320060202,1.265857481433419,0,1.0,0.7036418800816647,1.0,0.0,0.19283338108717815,0.0,1.0,0.0,0.0,0.0,0.0,0.38285355224381357,1.0,0.5992877375782463,1.0,1.0,1.0,1.0,1.0,0.0,0.0,0.5093759683252864,1.0,0.0,0.0,0.5247575889861116,0.2628824401137952,1.0,0.0,1.0,0.0,0.0,1.0,0.11079037264029637,1.0,1.0,0.0,0.0,1.0,0.6405577203736951,0.0,1.0,0.34587302825683625,1.0,0.0,0.0,0.0,1.0,1.0,1.0,1.0,0.0,0.0,1.0,1.0,0.0,0.2539455008381232,1.0,0.0,0.0,1.0,1.0,0.0,0.8735086287089759,0.0,0.0,1.0,1.0,0.0,0.906663341925492,1.0,0.0,1.0,0.3915798165862855,0.0,0.0,1.0,1.0,0.0,0.7459157366385796,1.0,1.0,1.0,0.0,0.0,0.0,0.7932809102187868,1.0,1.0,1.0,0.0,1.0,1.0,0.0,0.0,1.0,1.0,0.0,1.0,1.0
148,product/amplitude,decoupled,1,3.4789776653677156,3.548165841363309,3.82679616974282,3.6896366363342126,0.4221081581113215,-3.940347768412486,50.57784369005822,206.54837288102135,1,1,excluded,r_hat_max 1.954 > 1.1; n_eff_min 3.5 < 16.0,1.9540069536546933,1.0295221921019972,0.6403940886699507,3.4701713622727444,0,63.0,1.9540069536546933,3.4701713622727444,1.370394873340706,5.5901928776002565,1.0744095754235514,39.29630784176352,2.4675109862901667,1.2623754469339639,0,0.6418525271999648,1.0,1.0,0.0,0.0,0.0,1.0,0.0,0.0,0.0,0.0,0.46259387428140375,1.0,0.24264906105661804,1.0,1.0,1.0,1.0,1.0,0.0,0.0,0.7750250118282134,1.0,0.0,0.0,0.6157584140642701,0.0,0.0,0.0,1.0,0.0,0.0,1.0,0.0,1.0,1.0,0.0,0.0,1.0,0.6399945529400703,0.0,1.0,0.25686808799483496,1.0,0.0,0.0,0.0,1.0,1.0,0.9386475512576413,0.24575804604422416,0.0,0.0,1.0,1.0,0.0,0.16758198866754795,1.0,0.02901090022449169,0.45909133226979193,0.0,1.0,0.0,0.9012876636055731,0.0,0.22220721046346764,0.09283313967447505,0.24668025087820228,0.0,0.9556932933609797,1.0,0.0,1.0,0.3839280932187184,0.0,0.0,1.0,1.0,0.0,1.0,1.0,1.0,1.0,0.0,0.0,0.0,1.0,0.8401740129345222,1.0,1.0,0.0,1.0,1.0,0.0,0.0,1.0,1.0,0.0,1.0,1.0
149,product/amplitude,decoupled,1,2.852716829076211,3.0177463237818944,3.82679616974282,3.6896366363342126,0.4221081581113215,-4.268403888545272,52.74911756697111,224.20774393808097,1,1,excluded,r_hat_max 1.480 > 1.1; n_eff_min 6.1 < 16.0,1.4795898222745467,1.02918612848115,0.5763546798029556,6.113632266809101,0,63.0,1.4752362645541806,6.113632266809101,1.4795898222745467,7.24239811119662,1.0857999686427415,33.99477173759085,2.4742993532638415,1.2608396596406781,0,0.6326820757137803,1.0,1.0,0.0,0.0,0.0,1.0,0.0,0.0,0.0,0.0,0.5082565812461898,1.0,0.0,1.0,1.0,1.0,1.0,1.0,0.13004210083085763,0.0,0.842376333817467,1.0,0.0,0.0,0.0,0.0,1.0,0.0,0.9144219152364791,0.0,0.0,1.0,0.16672230841782607,0.5753120482132391,1.0,0.0,0.0,1.0,0.6342616958651729,0.0,1.0,1.0,1.0,0.0,0.0,0.03565515512800603,0.8486766817469926,1.0,0.9088182137552665,0.22136104181059688,0.0,0.0,1.0,1.0,0.0,0.15749502305561697,1.0,0.0,0.3751413700841225,1.0,1.0,0.0,0.8753219522279928,0.0,0.0,1.0,1.0,0.0,1.0,0.9999656744884966,0.0,0.7541702663828256,0.3908456313324982,0.0,0.0,1.0,1.0,0.0,1.0,1.0,1.0,1.0,0.0,0.0,0.0,1.0,1.0,1.0,1.0,0.0,1.0,1.0,0.0,0.0,1.0,1.0,0.0,0.6303011643484154,1.0
150,product/amplitude,decoupled,1,3.6629019699670136,3.6774960220913817,3.82679616974282,3.6896366363342126,0.4221081581113215,-4.246079660483306,51.37762869591825,294.8049451280385,1,1,excluded,r_hat_max 1.610 > 1.1; n_eff_min 6.4 < 16.0,1.6101614332807244,1.0251329134390166,0.6354679802955665,6.35625366358026,0,63.0,1.6101614332807244,6.578643213614797,1.4827541837091038,6.35625366358026,1.0117471384174246,82.7977741785195,2.476822136435924,1.2570070951055672,1,0.5339039483827485,1.0,1.0,0.0,0.0,0.0,1.0,0.0,0.0,0.0,0.0,0.4161177137597257,1.0,1.0,1.0,1.0,1.0,1.0,1.0,0.0,0.0,0.7761531422901875,1.0,0.0,1.0,0.47861217322524885,0.0,1.0,0.0,1.0,0.0,0.0,1.0,0.11333419700797112,0.6014973064244643,1.0,0.702715646727299,0.0,1.0,0.6221390346754386,0.0,1.0,1.0,1.0,0.0,0.0,0.0,1.0,1.0,1.0,1.0,0.0,0.0,1.0,1.0,0.0,0.0,0.8264386024271407,0.0,0.5035569158949332,1.0,1.0,0.19012334603768663,0.8909583156776576,0.0,0.0,0.13570261157987554,1.0,0.22676632758235962,1.0,1.0,0.0,1.0,1.0,0.0,0.0,1.0,1.0,0.0,1.0,1.0,1.0,1.0,0.0,0.0,0.0,1.0,1.0,1.0,1.0,0.0,1.0,1.0,0.0,0.0,1.0,1.0,0.7382303018291929,1.0,1.0
151,product/amplitude,decoupled,1,3.64157022061249,3.672751529329179,3.82679616974282,3.6896366363342126,0.4221081581113215,-4.715180684753709,53.40520108002238,266.0245530321263,1,1,excluded,r_hat_max 1.615 > 1.1; n_eff_min 4.6 < 16.0,1.6151516550650307,1.022774023718045,0.6502463054187192,4.622637120000809,0,63.0,1.5156071141638152,5.548265672303312,1.6151516550650307,4.622637120000809,1.1913949352779207,10.885218140814535,2.484676969770567,1.2565259962945234,0,0.6079814805381931,0.9209822851239123,1.0,0.10009085603190976,1.0,0.0,1.0,0.0,0.0,0.7321238125430699,0.0,0.39684761324589246,1.0,0.41981844368057225,1.0,1.0,1.0,1.0,1.0,0.0,0.0,0.7763502811421916,1.0,0.0,1.0,0.4576800996839497,0.0,1.0,0.0,1.0,0.0,0.0,1.0,0.10503986450587482,1.0,1.0,0.0,0.0,1.0,0.6158467273032114,0.0,1.0,1.0,1.0,0.0,0.0,0.0,1.0,1.0,1.0,0.18160161153606913,0.0,0.0,1.0,1.0,0.0,0.0,1.0,0.0,0.4813291341743075,1.0,1.0,0.7237608648948881,0.8859881486464238,0.0,0.0,0.4080426938976689,1.0,0.2047862791681789,1.0,1.0,0.0,1.0,0.3519272610641238,0.0,0.0,1.0,1.0,0.0,1.0,1.0,1.0,1.0,0.0,0.0,0.0,1.0,1.0,0.8773133047989748,1.0,0.0,1.0,1.0,0.0,0.0,1.0,1.0,1.0,1.0,1.0
152,product/amplitude,decoupled,1,3.7617096875566074,3.736798551580866,3.82679616974282,3.736798551580866,0.37494624286466793,-4.9807021641174,47.437254761112854,313.793671478983,1,1,excluded,r_hat_max 1.462 > 1.1; n_eff_min 6.0 < 16.0,1.4622550701599126,1.02626737440915,0.6009852216748769,5.955768747589494,0,63.0,1.4622550701599126,5.955768747589494,1.410759708391984,7.447686380571622,1.0403733808224132,56.346597532582905,2.492288109578738,1.2558732839236544,0,0.7988966224456291,1.0,1.0,0.0,0.0,0.0,1.0,0.0,0.0,0.0,0.0,0.4355588159713865,1.0,1.0,1.0,1.0,1.0,1.0,1.0,0.0,0.0,0.7930118806280357,1.0,0.0,1.0,0.47316264459682134,0.1990188943432253,1.0,0.0,1.0,0.2496008467441809,0.0,1.0,0.10720682154348267,1.0,1.0,0.0,0.0,1.0,0.6034400593466008,0.0,1.0,1.0,1.0,0.0,0.0,0.0,1.0,1.0,0.9625472314991617,0.21441676285521075,0.0,0.0,1.0,1.0,0.0,0.17457728879131415,0.6225005052231463,0.0,0.42320786425345974,0.0,1.0,0.0,0.8626353459188424,0.0,0.0,0.0897874600677139,1.0,0.2601203007089747,1.0,1.0,0.0,0.9046332447816624,1.0,0.0,0.0,1.0,1.0,0.0,1.0,1.0,1.0,1.0,0.0,0.0,0.0,1.0,1.0,1.0,1.0,0.0,1.0,1.0,0.0,0.0,1.0,1.0,0.0,1.0,1.0
153,product/amplitude,decoupled,1,3.8208813678570266,3.7498765549366944,3.82679616974282,3.7498765549366944,0.36186823950883973,-5.586866113159104,50.94157519796863,226.5357472707983,1,1,excluded,r_hat_max 1.737 > 1.1; n_eff_min 4.9 < 16.0,1.7373664080934683,1.031304771211824,0.5615763546798029,4.945394078670938,0,63.0,1.5975514433736007,5.220070698923845,1.7373664080934683,4.945394078670938,1.0149104688310087,68.47371189833538,2.5005849826374167,1.2559349045266226,0,1.0,1.0,1.0,0.0,0.0,0.0,1.0,0.0,0.0,0.0,0.0,0.5476182352897437,1.0,0.5213173259121497,1.0,1.0,1.0,1.0,1.0,0.0,0.0,0.7938830939261149,1.0,0.0,1.0,0.5326989644479954,0.0,1.0,0.0,1.0,0.0,0.0,1.0,0.10906841921845868,1.0,1.0,0.0,0.0,1.0,0.5451573497148857,0.0,1.0,0.8530175316266793,1.0,0.0,0.0,0.0,1.0,1.0,0.5904259472498448,0.1927633386837822,0.07364632755954673,0.0,1.0,1.0,0.0,0.1545730630479484,1.0,0.0,0.4382299562492734,0.0,0.9591065525719544,0.0,0.8741847417096232,0.0,0.0,0.0,1.0,0.27986384081163057,1.0,1.0,0.0,1.0,0.3635796013613806,0.0,0.0,1.0,1.0,0.0,1.0,1.0,1.0,1.0,0.0,0.0,0.0,1.0,1.0,1.0,1.0,0.1980092409262845,1.0,1.0,0.0,0.0,1.0,1.0,0.0,1.0,1.0
154,product/amplitude,decoupled,1,3.775215864082644,3.756561971793604,3.82679616974282,3.756561971793604,0.35518282265193024,-4.897995980644465,49.59693335997872,282.3515188382007,1,1,excluded,r_hat_max 1.349 > 1.1; n_eff_min 7.3 < 16.0,1.348865457725639,1.0235814579901275,0.6502463054187192,7.285613990774956,0,63.0,1.348865457725639,8.939053175389787,1.3078885779077827,7.285613990774956,1.0523450858389478,45.89914832136321,2.5091583357881935,1.2563342193572722,0,1.0,1.0,1.0,0.0,0.0,0.0,1.0,0.0,0.0,0.4862126906324223,0.0,0.3850242483891511,1.0,0.4904027348538994,1.0,1.0,1.0,0.5549903952829054,1.0,0.0,0.0,0.7933106070763858,1.0,0.0,1.0,0.5216009130376881,0.1811794715264002,1.0,0.0,1.0,0.0,0.0,1.0,0.10717368307133049,1.0,1.0,0.0,0.0,1.0,0.5637994611051177,0.0,1.0,1.0,1.0,0.0,0.0,0.0,1.0,1.0,0.563733210062909,0.2098191539471315,0.0,0.0,1.0,1.0,0.0,0.16054970627240578,1.0,0.0,0.34762259712728455,0.0,1.0,0.0,0.8767633900284687,0.0,0.0,0.12385720207626527,1.0,0.19261998805338396,0.9670885008131026,1.0,0.0,0.9351846074381486,0.8078455164720039,0.0,0.0,1.0,1.0,0.0,1.0,1.0,0.8975627302238638,1.0,0.0,0.0,0.0008152189581227499,1.0,1.0,1.0,1.0,0.0,1.0,1.0,0.0,0.0,1.0,1.0,0.0,1.0,1.0
155,product/amplitude,decoupled,1,3.772045251223863,3.7467418569560835,3.82679616974282,3.756561971793604,0.35518282265193024,-4.607055448545374,50.67204689909704,323.3366791771259,1,1,excluded,r_hat_max 1.595 > 1.1; n_eff_min 5.1 < 16.0,1.5952461055833513,1.0374978027617145,0.5911330049261084,5.147433463451707,0,63.0,1.3362924102323304,9.586089407747082,1.5952461055833513,5.147433463451707,1.4702761079425846,6.378102715800588,2.517326448873964,1.2563706399297374,0,0.0,1.0,1.0,0.0,1.0,0.0,1.0,0.0,0.0,1.0,0.0,0.42062526384037024,1.0,0.0,1.0,1.0,1.0,1.0,1.0,0.0,0.0,0.7933606499472384,1.0,0.0,1.0,1.0,0.0,1.0,0.0,1.0,0.0,0.0,1.0,0.10901191370766222,0.7695470188585605,1.0,0.0,0.0,1.0,0.5736451257555825,0.0,1.0,0.857249337440993,1.0,0.0,0.0,0.0,1.0,1.0,1.0,0.2000288296514812,0.0,0.0,1.0,1.0,0.0,0.0,1.0,0.0,0.40707098673496295,1.0,1.0,0.0,0.8612927115942708,0.0,0.0,0.11471740301140755,1.0,0.21596509417754717,1.0,1.0,0.0,1.0,0.40849033327381656,0.0,0.0,1.0,1.0,0.0,1.0,1.0,0.9216006317453835,1.0,0.0,0.0,0.0,1.0,1.0,1.0,1.0,0.0,1.0,1.0,0.0,0.0,1.0,1.0,0.0,1.0,1.0
156,product/amplitude,decoupled,1,3.6718018750836525,3.758382259153758,3.82679616974282,3.758382259153758,0.35336253529177597,-4.587546529801946,48.681422180030495,322.9029954641592,1,1,excluded,r_hat_max 1.507 > 1.1; n_eff_min 7.4 < 16.0,1.5069663021543998,1.0241906854424436,0.6551724137931034,7.406360576171745,0,63.0,1.391934558984297,7.618376799709178,1.5069663021543998,7.406360576171745,1.0355537709307296,36.047257166994534,2.525369518119797,1.256334312488389,0,0.0,1.0,1.0,0.0,0.0,0.0,1.0,0.0,0.0,0.0,0.0,0.41727378273406357,1.0,0.5446274353421181,1.0,1.0,1.0,1.0,1.0,0.0,0.0,0.7907083503766162,1.0,0.0,1.0,0.4769501791907123,0.0,1.0,0.0,1.0,0.3735953634819074,0.0,1.0,0.10923479468801485,1.0,1.0,0.0,0.0,1.0,0.5663802557691286,0.0,1.0,1.0,1.0,0.0,0.0,0.0,1.0,1.0,1.0,0.0,0.0,0.0,0.027096105698411976,1.0,0.0,1.0,1.0,0.0,0.33002551560478766,0.0,1.0,0.0,0.8983401711836353,0.0,0.0,0.08991413490973471,1.0,0.25920878444630985,1.0,1.0,0.0,0.9168535189337593,0.9999901680348865,0.0,0.0,1.0,1.0,0.0,1.0,1.0,0.0,1.0,0.0,0.0,0.0,0.8373504343886502,1.0,1.0,1.0,0.0,1.0,1.0,0.8735857222894944,0.0,1.0,1.0,0.0,1.0,1.0
157,product/amplitude,decoupled,1,3.579206691683147,3.577103761506348,3.82679616974282,3.758382259153758,0.35336253529177597,-4.877853807703506,51.19036892289296,317.2272636159323,1,1,excluded,r_hat_max 1.339 > 1.1; n_eff_min 7.9 < 16.0,1.3391434493888237,1.024966309973501,0.6600985221674877,7.861330712332461,0,63.0,1.3137501219785972,9.056771734986757,1.3391434493888237,7.861330712332461,1.0074300320534955,113.18106856507032,2.5326716350431333,1.2556435072215621,0,1.0,1.0,1.0,0.0,0.0,0.0,1.0,0.0,0.0,1.0,0.0,0.5735793610403894,1.0,0.0,1.0,1.0,1.0,1.0,1.0,0.0,0.0,0.7941941762940876,1.0,0.0,1.0,0.46626405655432734,0.0,1.0,0.0,1.0,0.0,0.0,1.0,0.37187450954923457,0.6724045076346445,1.0,0.0,0.0,1.0,0.5956595766015285,0.0,1.0,0.7941563206159761,1.0,0.0,0.0,0.0,1.0,1.0,0.25861610327736867,0.2194778701805998,0.0,0.0,1.0,1.0,0.0,0.18392382076937042,1.0,0.0,0.3888672470906016,0.0,1.0,0.0,0.0,0.0,0.0,0.11336899035809735,1.0,0.20110305626289904,1.0,1.0,0.0,1.0,1.0,0.0,0.0,1.0,1.0,0.0,1.0,1.0,0.9300812090953631,1.0,0.0,0.0,0.0,1.0,1.0,0.928684950655955,1.0,0.0,1.0,1.0,0.0,0.0,1.0,1.0,0.0,1.0,1.0
158,product/amplitude,decoupled,1,3.7582914884822802,3.7620019508271416,3.82679616974282,3.7620019508271416,0.3497428436183925,-5.022007632298855,51.93876380403526,312.73165525100194,1,1,excluded,r_hat_max 1.420 > 1.1; n_eff_min 6.3 < 16.0,1.4201229340291435,1.025025440822471,0.645320197044335,6.2568160216752595,0,63.0,1.3278498600909756,7.370371730128682,1.4201229340291435,6.2568160216752595,1.1318545244273948,12.869050429035203,2.539295274642121,1.2544121641570996,0,1.0,1.0,1.0,0.0,0.0,0.0,1.0,0.0,0.0,0.0,0.0,0.40502003822988536,1.0,0.21573267451186548,1.0,1.0,1.0,1.0,1.0,0.0,0.0,0.7905853555948631,1.0,0.0,1.0,0.548959957120295,0.0,1.0,0.0,1.0,0.0,0.0,1.0,0.1092828884478538,1.0,0.0,0.41483600286842304,0.0,1.0,0.5686896291330595,0.0,1.0,0.8717616732318939,1.0,0.0,0.0,0.0,0.8497367521077952,1.0,1.0,0.23004038557487103,0.09855922926856296,0.0,1.0,1.0,0.0,0.0,1.0,0.0,0.44975820160459,0.0,0.7684534411996699,0.0,1.0,0.0,0.0,0.1437866208361358,1.0,0.0,1.0,1.0,0.0,0.8878032890757324,0.36575965801722277,0.0,0.0,1.0,1.0,0.0,1.0,1.0,0.8928293576197883,1.0,0.0,0.0,0.0,1.0,1.0,0.9537551885566139,1.0,0.28473282325218,1.0,1.0,0.0,0.0,1.0,1.0,0.0,1.0,1.0
159,product/amplitude,decoupled,1,3.7620607171498235,3.706961978484596,3.82679616974282,3.7620019508271416,0.3497428436183925,-4.144016604006427,53.79498071502894,325.17687474098057,1,1,excluded,r_hat_max 1.482 > 1.1; n_eff_min 6.7 < 16.0,1.4819367972862767,1.0196150198229157,0.7192118226600985,6.708624122174736,0,63.0,1.2641272971568933,11.30110351393575,1.4819367972862767,6.708624122174736,1.0264421545794575,34.383504404840025,2.5469619174964615,1.2541691148622456,0,0.0,1.0,1.0,0.0,1.0,0.0,1.0,0.0,0.0,0.9867115548538641,0.0,0.4185492281627993,1.0,0.0,1.0,1.0,1.0,1.0,1.0,0.0,0.0,0.7883985732808668,1.0,0.0,1.0,1.0,0.0,1.0,1.0,1.0,0.0,0.0,1.0,0.10879975472405859,1.0,0.34139918181831663,0.0,0.0,1.0,0.6139285689401307,0.0,1.0,1.0,1.0,0.0,0.0,0.0,1.0,1.0,1.0,0.23292500255522547,0.0,1.0,1.0,1.0,0.0,0.1635253487717609,1.0,0.0,0.4086318859472874,0.0,0.0,0.0,0.8682432625961543,0.0,0.0,0.13618772880775704,1.0,0.0,1.0,1.0,0.0,1.0,0.46794694946857707,0.0,0.0,1.0,1.0,0.0,1.0,1.0,1.0,1.0,0.0,0.0,0.0,1.0,1.0,1.0,1.0,0.0,1.0,1.0,0.0,0.0,1.0,1.0,0.0,1.0,1.0
160,product/amplitude,decoupled,1,3.7430196571901333,3.7601872016661333,3.82679616974282,3.7620019508271416,0.3497428436183925,-4.6200137476309235,47.90003829798661,325.3907343589235,1,1,excluded,r_hat_max 1.478 > 1.1; n_eff_min 6.2 < 16.0,1.4775563558752658,1.0228814082995576,0.6699507389162561,6.219366566450803,0,63.0,1.3030838673117235,10.067168882017727,1.4775563558752658,6.219366566450803,1.142078761319471,22.789721379626037,2.5545562849942947,1.253905708190686,0,0.0,1.0,1.0,0.0,1.0,0.0,1.0,0.0,0.0,0.0,0.0,0.41574127296318036,1.0,1.0,1.0,1.0,1.0,1.0,1.0,0.0,0.0,0.7930920113202612,1.0,0.0,1.0,1.0,0.0,1.0,0.0,1.0,0.0,0.0,1.0,0.10754046715281758,0.8147281483721405,1.0,0.0,0.0,1.0,0.5368376107341292,0.0,1.0,0.6503206641363146,1.0,0.0,0.0,0.0,1.0,1.0,1.0,0.21262262782942437,0.0,0.0,1.0,1.0,0.0,0.16823719907336146,1.0,0.0,0.5129705840818322,1.0,0.0,0.0,1.0,0.0,0.0,0.12771175187429415,1.0,0.0,1.0,1.0,0.0,0.9027180989031861,0.4219968544617193,0.0,0.046559000146767636,1.0,1.0,0.0,1.0,1.0,0.9207601803274071,1.0,0.0,0.0,0.0,1.0,1.0,1.0,1.0,0.0,1.0,1.0,0.0,0.0,1.0,1.0,0.0,1.0,1.0
161,product/amplitude,decoupled,1,3.7444147671265005,3.747860552949824,3.82679616974282,3.7620019508271416,0.3497428436183925,-4.538635157116998,54.712744782911614,278.95468903984874,1,1,excluded,r_hat_max 1.473 > 1.1; n_eff_min 6.2 < 16.0,1.4730166802683091,1.0181209635858488,0.6995073891625616,6.205062534280361,0,63.0,1.2728387916550015,10.131768999393225,1.4730166802683091,6.205062534280361,1.0928586513708436,40.24520415133617,2.5619380450700455,1.2534880433367233,0,1.0,1.0,1.0,0.0,0.0,0.0,1.0,0.0,0.0,1.0,0.0,0.4678135728756793,1.0,0.5795393964033944,1.0,1.0,1.0,1.0,1.0,0.0,0.0,0.7925442255065974,1.0,0.0,1.0,1.0,0.0,1.0,1.0,1.0,0.0,0.0,1.0,0.1074012684203418,0.8858587321593482,0.0,0.0,0.0,1.0,0.5674774474230875,0.0,1.0,0.8639011162180327,1.0,0.0,0.0,0.0,1.0,1.0,1.0,1.0,0.0,1.0,1.0,1.0,0.0,0.0,1.0,0.0,0.49009832829869143,0.0,0.0,0.0,0.8687899495001794,0.0,0.0,0.1684137781468286,1.0,0.2873078300839457,1.0,1.0,0.0,1.0,0.3473647494116725,0.0,0.0,1.0,1.0,0.0,1.0,1.0,1.0,1.0,0.0,0.0,0.0,1.0,1.0,1.0,1.0,0.0,1.0,1.0,0.0,0.0,1.0,1.0,0.0,1.0,1.0
162,product/amplitude,decoupled,1,3.7193722835585223,3.647461702799829,3.82679616974282,3.7620019508271416,0.3497428436183925,-4.691184583773547,52.93524713907391,235.4713596929796,1,1,excluded,r_hat_max 1.410 > 1.1; n_eff_min 6.7 < 16.0,1.4100132319697136,1.0296817853621751,0.6157635467980296,6.720423202996385,0,63.0,1.408697724025259,6.720423202996385,1.4100132319697136,7.669218346829348,1.1224889975516454,22.51383092484,2.5692372840950854,1.2530407860378816,0,0.0,1.0,1.0,0.0,1.0,0.0,1.0,0.0,0.0,0.0,0.0,0.39351501341594497,1.0,1.0,1.0,1.0,1.0,1.0,1.0,0.0,0.0,0.7860705207540608,1.0,0.0,1.0,1.0,1.0,1.0,0.0,1.0,0.0,0.0,1.0,0.0,1.0,1.0,0.0,0.0,1.0,0.5599974205742164,0.0,1.0,0.881977462752887,1.0,0.0,0.0,0.0,1.0,1.0,1.0,0.21091866528283873,0.0,0.0,1.0,1.0,0.0,0.17618782263495664,1.0,0.0,0.44586640715823983,1.0,0.0,0.0,0.8715635862951103,0.0,0.0,0.0,1.0,0.24648495149105545,1.0,1.0,0.0,0.9278852391210718,0.42036516316984895,0.0,0.0,1.0,1.0,0.8927908662186447,1.0,1.0,1.0,1.0,0.0,0.0,0.0,1.0,1.0,0.9630976283893209,1.0,0.5139879584126549,1.0,1.0,0.0,0.0,1.0,1.0,0.0,1.0,1.0
163,product/amplitude,decoupled,1,3.753595115990808,3.7424216045519523,3.82679616974282,3.7620019508271416,0.3497428436183925,-4.661731335799855,52.376605060882866,257.90050683007576,1,1,excluded,r_hat_max 1.498 > 1.1; n_eff_min 5.8 < 16.0,1.4983552690432484,1.026274825051437,0.6206896551724138,5.790407147652838,0,63.0,1.4037437565836977,5.790407147652838,1.4983552690432484,6.00725174453421,1.0237091445451874,44.72116802333413,2.576293327036579,1.2524153630316475,0,1.0,1.0,1.0,0.0,0.0,0.0,1.0,0.0,0.0,1.0,0.0,0.4396369982031166,1.0,0.487608079712684,1.0,1.0,1.0,0.4805986959895701,1.0,0.0,0.0,0.790086931923197,1.0,0.0,1.0,0.48057776241043876,0.0,1.0,0.0,1.0,0.0,0.0,1.0,0.1041468330535708,1.0,1.0,0.0,0.0,1.0,0.5711579388610335,0.0,1.0,1.0,1.0,0.0,0.0,0.0,0.8538437106148627,1.0,1.0,0.2438220245307226,0.0,1.0,1.0,1.0,0.0,0.0,1.0,0.0,0.4904284533766852,0.0,0.9075417574764564,0.0,0.8980725385891702,0.0,0.0,0.11225379999500842,1.0,0.19906181344601329,1.0,1.0,0.0,1.0,0.44064634118977897,0.0,0.0,1.0,1.0,0.0,1.0,1.0,1.0,1.0,0.0,0.0,0.0,1.0,1.0,1.0,1.0,0.0,1.0,1.0,0.0,0.0,1.0,1.0,0.0,1.0,0.7701043889672852
164,product/amplitude,decoupled,1,3.6592473084504196,3.7306308755305757,3.82679616974282,3.7620019508271416,0.3497428436183925,-4.548965403352146,52.4965587540064,298.1377320350148,1,1,excluded,r_hat_max 1.490 > 1.1; n_eff_min 7.3 < 16.0,1.4900603952956182,1.0334812848370614,0.5960591133004927,7.305170253485751,0,63.0,1.2781584589851742,7.738213711730279,1.4900603952956182,7.305170253485751,1.2532410022225586,12.165024217559552,2.583471996481422,1.2519504281266811,0,0.0,1.0,1.0,0.0,0.0,0.0,1.0,0.0,0.0,0.0,0.0,0.47516940894136095,1.0,0.6199171099194147,1.0,1.0,1.0,0.6649172851669345,1.0,0.0,0.0,0.7858039670925935,1.0,0.04361641585284256,1.0,0.4466792592458218,0.3544003604686357,1.0,0.0,1.0,0.0,0.0,1.0,0.10885268083882822,1.0,0.0,0.0,0.0,1.0,0.5789408891037187,0.0,1.0,0.8712035812551481,1.0,0.0,0.0,0.0,0.8716699763727059,1.0,1.0,0.23026004773097994,0.07955229406372896,0.0,1.0,1.0,0.0,0.0,0.5513825468004121,0.0,0.40661171405068375,0.0,0.0,0.0,0.8757033743069502,0.0,0.0,0.0,1.0,0.0,1.0,1.0,0.0,1.0,0.3352722971279616,0.0,0.0,1.0,1.0,0.0,0.8974975560201403,1.0,1.0,0.7393812153963693,0.0,0.0,0.0,1.0,1.0,1.0,1.0,0.18954668273355144,1.0,1.0,0.0,0.0,1.0,1.0,0.0,1.0,1.0
165,product/amplitude,decoupled,1,3.5885156827329383,3.7567740426292726,3.82679616974282,3.7620019508271416,0.3497428436183925,-4.767962560168627,55.68542359001003,323.9026902609039,1,1,excluded,r_hat_max 1.551 > 1.1; n_eff_min 6.1 < 16.0,1.5513246596920398,1.0204281873825314,0.6896551724137931,6.06984883380318,0,63.0,1.5513246596920398,6.06984883380318,1.4470146253325522,6.640526554217266,1.0443707451865185,40.834478505903334,2.5899918468569916,1.2509404414850631,0,0.6051307117467276,1.0,1.0,0.0,0.0,0.0,1.0,0.0,0.0,0.0,0.0,0.4022598375328269,1.0,1.0,1.0,1.0,1.0,1.0,1.0,0.0,0.0,0.7943640796746002,1.0,0.0,1.0,0.5225171740605088,0.0,1.0,0.0,1.0,0.0,0.0,1.0,0.11143863961210444,0.9702863017726603,1.0,1.0,0.0,1.0,0.5305115922501573,0.0,1.0,1.0,1.0,0.0,0.0,0.0,1.0,1.0,1.0,0.22481310250125838,0.0,1.0,1.0,1.0,0.0,0.16628905077556727,1.0,0.0,0.41570816129566734,0.0,0.0,0.9055346570265755,0.8761853075298184,0.0,0.0,1.0,1.0,0.0,1.0,1.0,0.0,0.9164522583070845,0.2794464204029962,0.0,0.0,1.0,1.0,0.0,1.0,1.0,1.0,1.0,0.0,0.0,0.0,1.0,1.0,1.0,1.0,0.0,1.0,1.0,0.0,0.0,1.0,1.0,0.0,1.0,1.0
166,product/amplitude,decoupled,1,3.774933690410716,3.7183131666083864,3.82679616974282,3.7620019508271416,0.3497428436183925,-4.346534197273246,53.14816063293256,320.5910719879903,1,1,excluded,r_hat_max 1.465 > 1.1; n_eff_min 6.2 < 16.0,1.4648379253032193,1.025185605767337,0.6354679802955665,6.1646507098113865,0,63.0,1.4648379253032193,6.83546975890887,1.4609249319522752,6.1646507098113865,1.0307673556337584,47.73248774570727,2.5960070506875694,1.2495580461357232,0,1.0,1.0,1.0,0.0,1.0,0.0,1.0,0.0,0.0,0.4702179973516064,0.0,0.4186064166044862,1.0,0.4358570647510456,1.0,1.0,1.0,0.9696655073084183,1.0,0.0,0.0,0.7855907516097789,1.0,0.0,1.0,1.0,0.0,1.0,0.0,1.0,0.0,0.0,1.0,0.10843206170334285,1.0,1.0,0.0,0.0,1.0,0.5953233125599131,0.0,1.0,1.0,1.0,0.0,0.0,0.0,1.0,1.0,0.8504281050138132,0.18446894332202413,0.0,0.0,1.0,1.0,0.0,0.1623996271574743,1.0,0.0,0.5023806510983908,1.0,0.8256935646846573,0.0,0.8859122388368222,0.0,0.0,0.0,1.0,0.3253224498392162,1.0,1.0,0.0,1.0,0.44106904004464115,0.0,0.0,1.0,1.0,1.0,1.0,1.0,1.0,1.0,0.0,0.0,0.17005553955982516,1.0,1.0,1.0,1.0,0.3338273358475373,1.0,1.0,0.0,0.0,1.0,1.0,0.0,1.0,0.7762236272030724
167,product/amplitude,decoupled,1,3.777423485014808,3.7157279713779023,3.82679616974282,3.7620019508271416,0.3497428436183925,-5.007812707908975,55.93162217014469,297.5440869240556,1,1,excluded,r_hat_max 1.438 > 1.1; n_eff_min 6.5 < 16.0,1.4382842169628547,1.0218798740937765,0.6995073891625616,6.512266971738317,0,63.0,1.2387950253455409,7.297972727352829,1.4382842169628547,6.512266971738317,1.055138604884627,57.48112657321969,2.603066491643995,1.249127041354103,0,1.0,1.0,1.0,0.0,0.0,0.0,1.0,0.0,0.0,0.0,0.0,0.4123778386258429,1.0,0.45060945884545783,1.0,1.0,1.0,1.0,1.0,0.0,0.0,0.7918232480462545,1.0,0.0,1.0,1.0,0.0,1.0,0.0,1.0,0.0,0.0,1.0,0.10631266820176428,1.0,1.0,0.0,0.0,1.0,0.6103377151962119,0.0,1.0,1.0,1.0,0.0,0.0,0.0,1.0,1.0,0.9558225171820979,0.21493189768959092,0.0,1.0,1.0,1.0,0.0,0.15844078766849032,1.0,0.0,0.5384747330171404,1.0,0.8562005163707268,0.0,0.8714635410357853,0.0,0.0,0.11714342419999091,1.0,0.2659667677198372,1.0,1.0,0.0,1.0,1.0,0.0,0.0,1.0,1.0,1.0,1.0,1.0,0.8969112086610956,1.0,0.0,0.0,0.0,1.0,1.0,1.0,1.0,0.2656692799081955,1.0,1.0,0.0,0.0,1.0,1.0,0.0,1.0,1.0
168,product/amplitude,decoupled,1,3.67285715577695,3.730079922751016,3.82679616974282,3.7620019508271416,0.3497428436183925,-4.650557589680718,52.47146017616615,253.20815916499123,1,1,excluded,r_hat_max 1.258 > 1.1; n_eff_min 7.5 < 16.0,1.2583688907067163,1.0208540036000338,0.6650246305418719,7.527368662707411,0,63.0,1.2583688907067163,7.527368662707411,1.2301827233034723,8.309876905115388,1.0178702726238564,38.11262558607716,2.610056711842631,1.248675661219114,0,1.0,1.0,1.0,0.0,1.0,0.0,1.0,0.0,0.0,0.0,0.0,0.5371080118442798,1.0,0.3845544096914772,1.0,1.0,1.0,1.0,1.0,0.0,0.0,0.7894066754669079,1.0,0.0,1.0,1.0,0.0,1.0,1.0,1.0,0.0,0.0,1.0,0.09991307704149427,1.0,1.0,0.0,0.0,1.0,0.5981050458272494,0.0,1.0,0.7475182487902043,1.0,0.0,0.0,0.0,1.0,1.0,1.0,0.19629721253281718,0.0,1.0,1.0,1.0,0.0,0.0,1.0,0.0,0.5053370080756451,1.0,1.0,0.0,0.8679009349421299,0.0,0.0,0.1219004864715762,1.0,0.0,1.0,1.0,0.0,0.9312660922035232,0.45282410704916687,0.0,0.0,1.0,1.0,1.0,1.0,1.0,1.0,1.0,0.0,0.0,0.0,0.806281464595737,1.0,1.0,1.0,0.28446836167204687,1.0,1.0,0.0,0.0,1.0,1.0,0.0,1.0,1.0
169,product/amplitude,decoupled,1,3.783466789647802,3.7454341536023312,3.82679616974282,3.7620019508271416,0.3497428436183925,-5.146638013406726,58.358716116985306,277.64219888392836,1,1,excluded,r_hat_max 1.827 > 1.1; n_eff_min 4.7 < 16.0,1.8267406257301442,1.0220571518034083,0.645320197044335,4.691883801340635,0,63.0,1.8267406257301442,4.691883801340635,1.5851451548792654,5.860171257574585,1.0307887098507345,93.53056031244624,2.616345471865911,1.2476414042765422,0,1.0,1.0,1.0,0.0,0.0,0.0,1.0,0.0,0.0,1.0,0.0,0.31256417909932294,1.0,0.5190735455550322,1.0,1.0,1.0,1.0,1.0,0.0,0.0,0.7894993229657826,1.0,0.0,1.0,1.0,0.0,1.0,0.0,1.0,0.0,0.0,1.0,0.10120603690382,1.0,0.0,0.0,0.0,1.0,0.5742255464441658,0.0,1.0,0.8591333147030873,0.7917465336916163,0.0,0.0,0.0,1.0,1.0,1.0,1.0,0.0,1.0,0.7390374449750907,1.0,0.0,0.15334616239164667,1.0,0.0,0.5210391239950877,0.0,1.0,0.0,1.0,0.0,0.0,0.0,1.0,0.24510280239955548,1.0,1.0,0.0,0.9430941290381959,0.43599966069906315,0.0,0.0,1.0,1.0,0.0,1.0,1.0,1.0,1.0,0.0,0.0,0.0,1.0,1.0,1.0,1.0,0.0,1.0,1.0,0.0,0.0,1.0,1.0,0.0,0.8407060729539048,1.0
170,product/amplitude,decoupled,1,3.737694240823334,3.7514653678298946,3.82679616974282,3.7620019508271416,0.3497428436183925,-4.93417585295037,54.16206587012857,276.82423851196654,1,1,excluded,r_hat_max 1.436 > 1.1; n_eff_min 6.9 < 16.0,1.4364247159022712,1.0251440847053135,0.625615763546798,6.923875274769443,0,63.0,1.4364247159022712,6.923875274769443,1.3488121737880077,7.363692223144757,1.0553979713606263,59.95961260181689,2.6232108913822754,1.2471640602544378,0,0.0,1.0,1.0,0.0,0.0,0.0,1.0,0.0,0.0,1.0,0.0,0.0,0.9895989109915158,1.0,1.0,1.0,1.0,1.0,1.0,0.0,0.0,0.7908915150415232,1.0,0.0,1.0,1.0,0.0,0.8070269842397129,0.0,1.0,0.0,0.0,1.0,0.10726686505483449,1.0,0.0,0.0,0.0,1.0,0.577164991907793,0.0,1.0,1.0,1.0,0.0,0.0,0.0,1.0,1.0,1.0,0.20491006292520236,0.0,0.0,0.0,1.0,0.0,0.23069480229853562,1.0,0.0,0.4639707176680957,1.0,1.0,0.0,0.9159654657827047,0.0,0.0,0.03619896696458753,1.0,1.0,0.9706639939579258,1.0,0.0,0.9307111310860261,0.44834537388767787,0.0,0.0,1.0,1.0,0.0,1.0,1.0,0.930784329917155,1.0,0.0,0.0,0.0,1.0,1.0,1.0,1.0,0.0,1.0,1.0,0.0,0.0,1.0,1.0,0.0,1.0,1.0
171,product/amplitude,decoupled,1,3.754830005688782,3.722256897042672,3.82679616974282,3.7620019508271416,0.3497428436183925,-4.428802730439419,53.79056437709369,257.14646811201237,1,1,excluded,r_hat_max 1.737 > 1.1; n_eff_min 4.4 < 16.0,1.7370423225116711,1.030849903111198,0.6108374384236454,4.400184959191677,0,63.0,1.7370423225116711,4.400184959191677,1.6052577641661103,6.009801218357697,1.050795546696687,32.68672995830505,2.6297283378702345,1.2464121665194225,0,1.0,1.0,1.0,0.0,0.0,0.0,1.0,0.0,0.0,1.0,0.0,0.44216767118561157,1.0,0.43855967164161885,1.0,0.0,1.0,1.0,1.0,0.0,0.0,0.780888414020763,1.0,0.0,1.0,0.5312811445590394,0.24949430810908765,1.0,0.0,1.0,0.0,0.0,1.0,0.10870218730055571,1.0,1.0,0.0,0.0,1.0,0.5855068328657854,0.0,1.0,0.889209648954978,0.845915264202163,0.0,0.0,0.0,1.0,1.0,0.9593609491105508,0.18912183467977126,0.0,1.0,1.0,1.0,0.0,0.1686832562205795,1.0,0.0,0.4782431691103926,0.0,0.9347991340555343,0.0,1.0,0.0,0.0,0.0,1.0,0.19984537078001355,1.0,1.0,0.0,0.9586902152267031,0.43319657590851757,0.0,0.0,1.0,1.0,0.0,1.0,1.0,0.8841494306797656,1.0,0.0,0.0,0.0,1.0,1.0,1.0,1.0,0.0,1.0,1.0,0.0,0.0,1.0,1.0,0.0,0.822049840403814,0.7628609285657807
172,product/amplitude,decoupled,1,3.851396989781805,3.746079978015006,3.851396989781805,3.7620019508271416,0.3497428436183925,-5.087605264199386,53.26313416589983,235.07110483082943,1,1,excluded,r_hat_max 1.585 > 1.1; n_eff_min 5.2 < 16.0,1.584699903427969,1.019469027242723,0.6650246305418719,5.219329659792943,0,63.0,1.3918294637830502,6.816880816567615,1.584699903427969,5.219329659792943,1.002026165778077,39.45020272055039,2.6362696266366212,1.2457238405305275,0,1.0,1.0,1.0,0.0,0.005942899138301485,0.0,1.0,0.0,0.0,1.0,0.0,0.338805362499776,1.0,0.4391186934126353,1.0,0.0,1.0,1.0,1.0,0.0,0.0,0.7897873581289719,1.0,0.0,1.0,1.0,0.0,1.0,1.0,1.0,0.0,0.0,1.0,0.10967006129566546,1.0,1.0,0.0,0.0,1.0,0.5817977224448598,0.0,1.0,1.0,1.0,0.0,0.0,0.0,1.0,1.0,1.0,1.0,0.07691965457940528,1.0,1.0,1.0,0.0,0.17781695276745596,1.0,0.0,0.4974800890975089,0.0,0.7589039232634128,0.0,1.0,0.0,0.0,0.0,1.0,0.5267905594747799,1.0,1.0,0.0,0.9487201716273762,0.43030042685222913,0.0,0.0,1.0,1.0,0.0,1.0,1.0,1.0,0.9435769788423051,0.0,0.0,0.0,1.0,1.0,1.0,1.0,0.0,1.0,1.0,0.0,0.0,1.0,1.0,0.0,1.0,1.0
173,product/amplitude,decoupled,1,3.721611551607341,3.7299866009905203,3.851396989781805,3.7620019508271416,0.3497428436183925,-4.911970526871119,55.488292215857655,297.0336810639128,1,1,excluded,r_hat_max 1.574 > 1.1; n_eff_min 5.5 < 16.0,1.5738117633316444,1.0275415006067365,0.645320197044335,5.5060066781505155,0,63.0,1.3350621459970171,7.292895308079983,1.5738117633316444,5.5060066781505155,1.0430624111016253,22.360405026166042,2.643293484227056,1.2455293374510932,0,1.0,1.0,1.0,0.0,0.0,0.0,1.0,0.0,0.0,0.8719341073222635,0.0,0.32967225798839944,1.0,0.4428994115332509,0.9591338190136675,0.0,1.0,1.0,1.0,0.0,0.0,0.7905474638563376,1.0,0.0,1.0,1.0,0.0,1.0,0.0,0.9805267725560595,0.0,0.0,1.0,0.10902143294841539,1.0,1.0,0.0,0.0,1.0,0.5964358029423139,0.0,1.0,1.0,1.0,0.0,0.0,0.0,1.0,1.0,1.0,1.0,0.07020125316386125,1.0,1.0,1.0,0.0,0.17463331724957853,1.0,0.0,0.0,1.0,0.7607647483414581,0.0,1.0,0.0,0.0,0.07926569963734607,1.0,0.376640076828589,1.0,1.0,0.0,1.0,0.412567220188416,0.0,0.0,1.0,1.0,0.7292323101866479,1.0,1.0,1.0,1.0,0.0,0.0,0.0,1.0,1.0,1.0,1.0,0.0,1.0,1.0,0.0,0.0,1.0,1.0,0.0,1.0,1.0
174,product/amplitude,decoupled,1,3.7737085772381613,3.7513866330277152,3.851396989781805,3.7620019508271416,0.3497428436183925,-5.031744313480859,52.09740225505084,301.6952507530805,1,1,excluded,r_hat_max 1.604 > 1.1; n_eff_min 6.1 < 16.0,1.6041878866568333,1.03120099029388,0.6009852216748769,6.102458468552006,0,63.0,1.3412890924495262,8.736331890023918,1.6041878866568333,6.102458468552006,1.0319864018073297,51.46121092183404,2.6494907144993567,1.2446171073433334,0,1.0,1.0,1.0,0.0,0.0,0.0,1.0,0.0,0.0,1.0,0.0,0.3550373885595139,1.0,0.2796204676044124,1.0,0.0,1.0,1.0,1.0,0.0,1.0,0.7861623494418624,1.0,0.0,1.0,0.5290864185374892,0.23778408162911227,1.0,0.0,1.0,0.0,0.0,1.0,0.10163190100462667,0.7950107335227224,1.0,0.0,0.0,1.0,0.573958546991721,0.0,1.0,1.0,1.0,0.0,0.0,0.0,1.0,1.0,0.9523804816352255,1.0,0.0,1.0,1.0,1.0,0.0,0.16771921929422565,0.8000594817722245,0.0,0.47901972136638377,1.0,0.7946176225369305,0.0,0.8985402612604763,0.0,0.0,0.15469990662922453,1.0,0.296827308754792,1.0,1.0,0.0,0.7494282424434241,0.47501621146579687,0.0,0.0,1.0,1.0,0.0,1.0,1.0,1.0,1.0,0.0,0.0,0.11657512430538883,1.0,1.0,1.0,1.0,0.0,1.0,1.0,0.0,0.0,1.0,1.0,0.0,1.0,1.0
175,product/amplitude,decoupled,1,3.7158581648464213,3.7467556365940093,3.851396989781805,3.7620019508271416,0.3497428436183925,-5.393370090413229,56.33906346000731,239.2848324929364,1,1,excluded,r_hat_max 1.517 > 1.1; n_eff_min 5.1 < 16.0,1.5168252320484008,1.0280362544642503,0.5960591133004927,5.146841637897429,0,63.0,1.396889735633455,9.847914758835856,1.5168252320484008,5.146841637897429,1.2332648248971176,15.370559721417289,2.6559148165721496,1.2439456284621175,1,1.0,1.0,1.0,0.0,0.0,0.0,1.0,0.0,0.0,0.0,0.0,0.3807176508097514,1.0,0.455874422592817,1.0,0.0,1.0,1.0,1.0,0.0,0.0,0.7907928421480863,1.0,0.0,1.0,1.0,0.0,1.0,0.0,1.0,0.0,0.0,1.0,0.10516965260668737,1.0,1.0,0.0,0.0,1.0,0.5588362794350213,0.0,1.0,1.0,1.0,0.0,0.0,0.0,1.0,1.0,1.0,1.0,0.3225393360549362,0.0,0.6993776066955076,1.0,0.0,0.16214937465869161,1.0,0.0,0.5203038244339497,0.0,1.0,0.0,0.8639828668066711,0.0,0.0,0.0,1.0,0.23005366570770008,1.0,1.0,0.0,1.0,0.4495858129913879,0.0,0.0,1.0,1.0,0.0,1.0,1.0,1.0,1.0,0.0,0.0,0.0,1.0,1.0,1.0,1.0,0.0,1.0,1.0,0.0,0.0,1.0,1.0,0.0,1.0,0.8061894400676206
176,product/amplitude,decoupled,1,3.3644754846144234,3.4008390271160875,3.851396989781805,3.7620019508271416,0.3497428436183925,-4.417016834377474,50.35310358693823,317.93228513607755,1,1,excluded,r_hat_max 1.560 > 1.1; n_eff_min 5.1 < 16.0,1.5604662434961125,1.0313239262303877,0.5960591133004927,5.07467846183541,0,63.0,1.5604662434961125,5.07467846183541,1.3225145788925166,6.995754006292891,1.1671506214374188,19.066926533429566,2.6619372219600717,1.2429625159883588,0,1.0,1.0,1.0,0.0,0.0,0.0,1.0,0.0,0.0,1.0,0.0,0.3647194682745453,1.0,0.6656330601935638,1.0,0.0,1.0,1.0,1.0,0.0,0.0,0.7871192707112126,1.0,0.0,1.0,0.5618177069151872,0.0,1.0,0.0,1.0,0.0,0.0,1.0,0.11059734865080716,1.0,1.0,0.0,0.0,1.0,0.6031884759380961,0.0,1.0,1.0,0.0,0.0,0.0,0.0,1.0,0.9401077214295779,0.567803584615227,0.22527075580817602,0.0,1.0,1.0,1.0,0.0,0.16668732198711556,1.0,0.0,0.4798116376633698,0.026150006994659122,0.9688527450104739,0.0,1.0,0.0,0.0,0.0,1.0,0.48466524228691954,1.0,1.0,0.0,0.9179586050332618,0.7325094494170254,0.0,0.0,1.0,1.0,0.0,1.0,1.0,1.0,1.0,0.0,0.0,0.09808910524302855,1.0,1.0,0.9903461829757683,1.0,0.0,1.0,1.0,0.0,0.0,1.0,1.0,0.0,1.0,1.0
177,product/amplitude,decoupled,1,3.7802859359148866,3.699282617528039,3.851396989781805,3.7620019508271416,0.3497428436183925,-5.320352954950481,56.6918421802111,272.7505380648654,1,1,excluded,r_hat_max 1.469 > 1.1; n_eff_min 6.7 < 16.0,1.4693732534158686,1.0370498601218459,0.5812807881773399,6.741418761786855,0,63.0,1.3518973052732521,8.888965211721061,1.4693732534158686,6.741418761786855,1.0036849535858379,71.43187923845547,2.6659063646869323,1.2405643767094952,0,1.0,1.0,1.0,0.0,0.17264478703093666,0.0,1.0,0.0,0.0,1.0,0.0,0.19786885906837462,1.0,0.4397320954846434,1.0,1.0,1.0,1.0,1.0,0.0,0.0,0.7628887609574608,1.0,0.0,1.0,1.0,0.19257202656247985,1.0,0.0,1.0,0.0,0.0,1.0,0.11078661612980677,1.0,0.0,0.0,0.0,1.0,0.5657235837982156,0.0,1.0,1.0,1.0,0.0,0.0,0.0,1.0,1.0,1.0,1.0,0.09107792636838401,1.0,1.0,1.0,0.0,0.1469294623106311,1.0,0.0,0.44408065287282505,0.0,0.6529412316889983,0.14544298131259553,0.8775774455541845,0.0,0.0,0.0,1.0,0.2876520922656056,1.0,1.0,0.0,1.0,0.4282816652203829,0.0,0.0,1.0,1.0,0.0,1.0,1.0,1.0,0.9632242631753554,0.0,0.0,0.0,0.7283439270851955,1.0,1.0,1.0,0.0,1.0,1.0,0.0,0.0,1.0,1.0,0.0,1.0,1.0
178,product/amplitude,decoupled,1,3.762514034831697,3.683202700848815,3.851396989781805,3.7620019508271416,0.3497428436183925,-4.904790132247355,54.249709936091676,307.7649400518276,1,1,excluded,r_hat_max 1.454 > 1.1; n_eff_min 8.1 < 16.0,1.4543967731828957,1.032672067895346,0.6354679802955665,8.051300146683287,0,63.0,1.2869760373787054,8.11250542278272,1.4543967731828957,8.051300146683287,1.1081367157373523,36.013394142061884,2.6721669240758534,1.2398755382624214,0,1.0,1.0,1.0,0.0,0.0,0.0,1.0,0.0,0.0,1.0,0.0,0.0,1.0,0.0,0.7328808960181743,1.0,1.0,1.0,1.0,0.0,0.0,0.7620313391373871,1.0,0.0,1.0,1.0,0.16487142709334332,1.0,1.0,1.0,0.0,0.0,1.0,0.10902532327791745,1.0,0.0,0.0,0.0,1.0,0.591152181955687,0.0,1.0,0.8633517767279735,1.0,0.0,0.0,0.596504201001257,1.0,1.0,1.0,1.0,0.0,0.0,1.0,1.0,0.0,0.21444696790919798,1.0,0.0,0.4397877494829388,1.0,0.0,0.0,1.0,0.0,0.0,0.0,1.0,0.2750196066044582,1.0,1.0,0.0,1.0,0.42704545103246927,0.0,0.0,1.0,1.0,0.0,1.0,1.0,1.0,1.0,0.0,0.0,0.0,1.0,1.0,1.0,1.0,0.0,1.0,1.0,0.0,0.0,1.0,1.0,0.0,1.0,1.0
179,product/amplitude,decoupled,1,3.672508129396359,3.698113433553623,3.851396989781805,3.7620019508271416,0.3497428436183925,-4.854074817114874,57.3925669901073,321.18890933599323,1,1,excluded,r_hat_max 1.491 > 1.1; n_eff_min 5.7 < 16.0,1.4914016317609848,1.0329799501872599,0.5763546798029556,5.674183881183865,0,63.0,1.3133955801373838,7.513385325545662,1.4914016317609848,5.674183881183865,1.0386987125629097,80.19335345136113,2.6782582487169475,1.239075334487054,0,1.0,1.0,1.0,0.0,1.0,0.0,1.0,0.0,0.0,1.0,0.0,0.33888840497278866,1.0,0.4396122254488626,1.0,0.0,1.0,1.0,1.0,0.0,0.0,0.7650186007644116,1.0,0.0,1.0,1.0,0.0,1.0,0.6955364738769192,1.0,0.0,0.0,1.0,0.10848478539272684,0.7888234494761571,1.0,0.0,0.0,1.0,0.5776292660207392,0.0,1.0,1.0,1.0,0.0,0.0,0.0,1.0,1.0,0.9573603297651193,1.0,0.0,0.0,1.0,1.0,0.0,1.0,1.0,0.0,0.48195813898265033,0.0,0.7385927252854759,0.0,0.9171096681881838,0.0,0.0,0.0,1.0,1.0,1.0,1.0,0.0,1.0,0.4318870847473831,0.0,0.0,1.0,1.0,0.0,1.0,1.0,1.0,1.0,0.0,0.0,0.0,1.0,1.0,0.9386779190242533,1.0,1.0,1.0,1.0,0.0,0.0,1.0,1.0,0.0,1.0,1.0
180,product/amplitude,decoupled,1,3.819199491643722,3.748558978768402,3.851396989781805,3.7620019508271416,0.3497428436183925,-5.729436752677036,53.943227694835514,279.2057571571786,1,1,excluded,r_hat_max 1.602 > 1.1; n_eff_min 5.3 < 16.0,1.6021389875206546,1.028681425461521,0.6059113300492611,5.2522518450128395,0,63.0,1.6021389875206546,5.2522518450128395,1.513584399388294,5.329505320592889,1.0189680603929379,88.85252005880591,2.6837818591651668,1.2378366354873251,0,0.0,1.0,1.0,0.0,0.0,0.0,1.0,0.0,0.0,1.0,0.0,0.0,1.0,0.0,1.0,1.0,1.0,1.0,1.0,0.0,0.0,0.790274309937521,1.0,0.0,1.0,1.0,0.20358998612695553,1.0,1.0,1.0,0.0,0.0,1.0,0.10922730507916716,0.7005113238526077,0.0,0.0,0.0,1.0,0.551289111944211,0.0,1.0,1.0,1.0,0.0,0.0,1.0,1.0,1.0,1.0,1.0,0.0,0.0,1.0,1.0,0.0,0.17694919028808934,1.0,0.0,0.4822544590992802,1.0,1.0,0.0,0.8799884956395772,0.0,0.0,0.0,1.0,0.3217746145459431,1.0,1.0,0.0,1.0,0.4217129286134433,0.0,0.0,1.0,1.0,0.0,1.0,1.0,1.0,1.0,0.0,0.0,0.0,1.0,1.0,1.0,1.0,0.3455099209246542,1.0,1.0,0.0,0.0,1.0,1.0,0.0,1.0,1.0
181,product/amplitude,decoupled,1,3.736789825835637,3.736663605629137,3.851396989781805,3.7620019508271416,0.3497428436183925,-5.183044507406796,57.63470936799422,279.042447965825,1,1,excluded,r_hat_max 1.704 > 1.1; n_eff_min 5.0 < 16.0,1.704497165449358,1.0189430360350036,0.7093596059113301,5.0052621156051265,0,63.0,1.2514176580899539,7.984876518818325,1.704497165449358,5.0052621156051265,1.1443580550764771,19.258721852454762,2.690054884758971,1.2372781729953521,0,0.0,1.0,1.0,0.0,0.3268506178351827,0.0,1.0,0.0,0.0,1.0,0.0,0.39335774189579525,1.0,0.43164165003372457,1.0,1.0,1.0,1.0,1.0,0.0,0.0,0.7870748966517369,1.0,0.0,1.0,1.0,0.22180707780576908,1.0,1.0,1.0,0.0,0.0,1.0,0.10567530892708589,0.6991649008216296,0.0,0.0,0.0,1.0,0.5390188111743194,0.0,1.0,1.0,1.0,0.0,0.0,1.0,0.8553840888464783,1.0,1.0,1.0,0.0,0.0,1.0,1.0,0.0,0.1468216767067866,1.0,0.015657892332122756,0.34170662492056625,1.0,0.7699910681354782,0.0,0.8782639052991931,0.0,0.0,0.10801895084128069,1.0,0.3020651626067076,1.0,1.0,0.0,1.0,0.42752173849813285,0.0,0.0,1.0,1.0,0.0,1.0,1.0,0.9061607784716706,1.0,0.0,0.0,0.0,1.0,1.0,1.0,1.0,0.0,1.0,1.0,0.0,0.0,1.0,1.0,0.0,1.0,1.0
182,product/amplitude,decoupled,1,3.7896457766824616,3.7281389390853876,3.851396989781805,3.7620019508271416,0.3497428436183925,-6.358690839860834,55.16522020613775,308.8694015410729,1,1,excluded,r_hat_max 1.549 > 1.1; n_eff_min 6.7 < 16.0,1.548805322053698,1.0208457008930352,0.6551724137931034,6.670053282622051,0,63.0,1.548805322053698,6.670053282622051,1.457696011038128,7.044926469620021,1.0675257240051035,70.15660967194061,2.695806175644007,1.2362980924630267,0,0.0,1.0,1.0,0.0,0.0,0.0,1.0,0.0,0.0,1.0,0.0,0.0,1.0,0.0,1.0,1.0,1.0,1.0,1.0,0.0,1.0,0.7806176784207611,1.0,0.0,1.0,1.0,0.000556165827829359,1.0,1.0,1.0,0.0,0.0,1.0,0.11052323919700104,1.0,1.0,0.0,0.0,1.0,0.5590314011241001,0.0,1.0,1.0,1.0,0.4781566690601115,0.0,0.0,1.0,1.0,1.0,0.18660450320791463,0.09768297335172152,0.0,1.0,1.0,0.0,0.15428422536514347,1.0,0.0,0.4720246368884828,1.0,1.0,0.0,1.0,0.0,0.0,0.0,1.0,1.0,1.0,1.0,0.0,1.0,1.0,0.0,0.0,1.0,1.0,0.0,1.0,1.0,1.0,1.0,0.0,0.0,0.0,1.0,1.0,1.0,1.0,0.0,1.0,1.0,0.0,0.0,1.0,1.0,0.0,1.0,1.0
183,product/amplitude,decoupled,1,3.7964340678910227,3.7600733477407964,3.851396989781805,3.7620019508271416,0.3497428436183925,-5.020424542109985,57.62718698196113,307.0403447470162,1,1,excluded,r_hat_max 1.507 > 1.1; n_eff_min 6.1 < 16.0,1.5067933142148977,1.0226313012049117,0.645320197044335,6.1370029643034245,0,63.0,1.5067933142148977,6.1370029643034245,1.2296176367338865,10.307156090138573,1.0201479677435183,101.63576199809205,2.7017834412234523,1.235549805863633,0,0.0,1.0,1.0,0.0,0.0,0.0,1.0,0.0,0.0,1.0,0.0,0.42499132875805595,1.0,0.0,0.0,1.0,1.0,1.0,1.0,0.0,1.0,0.7868141420495135,1.0,0.0,1.0,1.0,0.19147278233339035,1.0,1.0,1.0,0.0,0.0,1.0,0.10754035310528548,1.0,0.0,0.0,0.0,1.0,0.5544887281509183,0.0,1.0,1.0,0.7773903512482785,0.4454993608233522,0.0,0.0,1.0,1.0,1.0,1.0,0.08387039531138622,0.0,1.0,1.0,0.0,0.18040655012766785,1.0,0.0,0.5198654219431803,1.0,1.0,0.0,0.8829879680804257,0.0,0.0,0.08486537580781277,1.0,0.2700910158802665,1.0,1.0,0.0,0.8511148019508852,0.4357820986855346,0.0,0.0,1.0,1.0,0.9618537615090885,1.0,1.0,1.0,1.0,0.0,0.0,0.0,1.0,1.0,1.0,1.0,0.0,1.0,1.0,0.0,0.0,1.0,1.0,0.0,1.0,1.0
184,product/amplitude,decoupled,1,3.778025362910312,3.7281950737538927,3.851396989781805,3.7620019508271416,0.3497428436183925,-4.997420182238388,54.1444019631017,289.0213098640088,1,1,excluded,r_hat_max 1.436 > 1.1; n_eff_min 7.8 < 16.0,1.435527869585086,1.0265112152885614,0.5911330049261084,7.760945964450114,0,63.0,1.435527869585086,7.760945964450114,1.3448401016506757,8.688308647112196,1.084490450422031,56.23998164555553,2.707732629411863,1.2348131696798725,0,0.0,1.0,0.7099325093731799,0.0,0.0,0.0,1.0,0.0,0.0,1.0,0.0,0.25842817934954426,1.0,0.0,1.0,1.0,1.0,1.0,1.0,0.0,0.0,0.7839761044166697,1.0,0.0,1.0,1.0,1.0,1.0,0.0,1.0,0.0,0.0,1.0,0.10514281337519492,1.0,1.0,0.0,0.0,1.0,0.5693813737650353,0.0,1.0,0.8371566013160172,1.0,0.0,0.0,0.5941503275275164,0.8755740840755096,1.0,1.0,1.0,0.08397316657360983,0.0,1.0,1.0,0.0,0.17629405960173247,1.0,0.0,0.49379893197371066,1.0,0.7628466531258593,0.0,0.8648707805633787,0.0,0.0,0.14887141362376097,1.0,0.3187034115621416,1.0,1.0,0.0,1.0,0.42725344817124383,0.0,0.0,1.0,1.0,0.0,1.0,1.0,0.8945172752504973,1.0,0.0,0.0,0.0,1.0,1.0,1.0,1.0,0.0,1.0,1.0,0.0,0.0,1.0,1.0,0.0,1.0,1.0
185,product/amplitude,decoupled,1,3.6406480328547057,3.7295064308442365,3.851396989781805,3.7620019508271416,0.3497428436183925,-5.335661310726673,57.37210648320615,309.2295211569872,1,1,excluded,r_hat_max 1.308 > 1.1; n_eff_min 7.9 < 16.0,1.3083129713190111,1.0225818534638218,0.6650246305418719,7.922293741964353,0,63.0,1.30039114162173,7.922293741964353,1.3083129713190111,8.19899375722647,1.0069255312615124,91.19193712333099,2.7135179955388815,1.2339692717685944,0,0.0,1.0,1.0,0.0,0.0,0.0,0.6777248160421522,0.0,0.0,1.0,0.0,0.4145317326383818,1.0,0.0,0.0,1.0,1.0,1.0,1.0,0.0,1.0,0.7864596663758517,1.0,0.0,1.0,1.0,0.1872798584368198,1.0,1.0,1.0,0.0,0.0,1.0,0.10770152330351347,1.0,0.0,0.0,0.0,1.0,0.5884645767037757,0.0,1.0,0.8618285009641251,1.0,0.3359614847668551,0.0,1.0,1.0,1.0,1.0,1.0,0.0,0.0,1.0,1.0,0.0,0.19124582210683183,1.0,0.0,0.5089304123846081,1.0,0.5364849726304763,0.18474843165047677,0.8788019437139871,0.0,0.0,0.0,1.0,0.22846916675692364,1.0,1.0,0.0,0.9650898340411124,0.4236341429586266,0.0,0.0,1.0,1.0,0.8833133456325921,1.0,1.0,1.0,0.9497843408359508,0.0,0.0,0.0,1.0,1.0,1.0,1.0,0.0,1.0,1.0,0.0,0.0,1.0,1.0,0.0,1.0,1.0
186,product/amplitude,decoupled,1,3.756923062853917,3.7458152067302617,3.851396989781805,3.7620019508271416,0.3497428436183925,-5.209068436054249,55.284397890092805,266.0882362718694,1,1,excluded,r_hat_max 1.488 > 1.1; n_eff_min 5.9 < 16.0,1.48781819354997,1.030597458442052,0.6108374384236454,5.938961763599757,0,63.0,1.48781819354997,5.938961763599757,1.4387275000517694,6.831100594882153,1.0467120536571781,64.86024983292288,2.7185025656319772,1.2325137767561352,0,1.0,1.0,0.0,0.0,0.0,0.0,1.0,0.0,0.0,1.0,0.0,0.0,1.0,0.0,1.0,1.0,1.0,1.0,1.0,0.0,0.0,0.7860493059764107,1.0,0.0,1.0,1.0,1.0,1.0,1.0,1.0,0.0,0.0,0.0,0.1107664494887597,1.0,1.0,0.0,0.0,1.0,0.5521170655458449,0.0,1.0,1.0,0.7677674988645298,0.4917327641163807,0.0,0.0,0.8725322628300825,1.0,0.9541086832720175,0.16270253688800354,0.0,0.0,1.0,1.0,0.0,0.18094674635616398,1.0,0.0,0.4475346704947379,1.0,1.0,0.0,0.8888060872357387,0.0,0.0,0.13299528800962257,1.0,0.34855903892481094,1.0,1.0,0.0,0.9397014310561531,0.4245220974930184,0.0,0.0,1.0,1.0,0.0,1.0,1.0,1.0,1.0,0.0,0.0,0.0,1.0,1.0,1.0,1.0,0.5343123254137582,1.0,1.0,0.0,0.0,1.0,1.0,0.0,1.0,1.0
187,product/amplitude,decoupled,1,3.6268780657951725,3.731644222741772,3.851396989781805,3.7620019508271416,0.3497428436183925,-5.406126538184835,57.66711366106756,315.51816978189163,1,1,excluded,r_hat_max 1.639 > 1.1; n_eff_min 6.1 < 16.0,1.6388564793035572,1.0271946758782011,0.625615763546798,6.1211860310950215,0,63.0,1.5222795973700605,6.1211860310950215,1.6388564793035572,6.443509984066646,1.0236679973120437,41.472777837996176,2.7240556164192604,1.2315446797505971,0,1.0,1.0,1.0,0.0,1.0,0.0,1.0,0.0,0.0,1.0,0.0,0.18957280114556455,1.0,0.4199658169633639,1.0,1.0,1.0,1.0,1.0,0.0,0.5950160047267502,0.7834993774146791,1.0,0.0,1.0,1.0,1.0,1.0,1.0,1.0,0.7297598161760754,0.0,1.0,0.10860223884795281,0.6876159410406769,0.0,0.0,0.0,1.0,0.5540782455783537,0.0,1.0,1.0,1.0,0.0,0.0,0.0,0.8812235358619219,1.0,1.0,1.0,0.08540188101193277,1.0,1.0,1.0,0.0,0.17631491830253107,1.0,0.0,0.4753595598433917,1.0,0.9067194288494659,0.0,0.8720036613493136,0.0,0.0,0.0,1.0,1.0,1.0,1.0,0.0,1.0,0.5161481281870309,0.0,1.0,1.0,1.0,0.0,1.0,1.0,0.889713930620806,1.0,0.0,0.0,0.0,1.0,1.0,1.0,1.0,0.0,1.0,1.0,0.0,0.0,1.0,1.0,0.0,1.0,1.0
188,product/amplitude,decoupled,1,3.622432519236776,3.74047427142655,3.851396989781805,3.7620019508271416,0.3497428436183925,-5.270364273755467,54.96173607511446,309.43694521905854,1,1,excluded,r_hat_max 1.400 > 1.1; n_eff_min 6.4 < 16.0,1.3996901432605795,1.0206578264126451,0.7487684729064039,6.435599663995665,0,63.0,1.3996901432605795,6.435599663995665,1.3896986110317366,7.627184089504637,1.023898417117853,70.00048697750697,2.7288578634904086,1.2300192062290234,0,0.0,1.0,1.0,0.0,0.0,0.0,1.0,0.0,0.0,1.0,0.0,0.0,1.0,0.0,1.0,1.0,1.0,1.0,1.0,0.0,0.0,0.7882230786078603,1.0,0.0,1.0,1.0,0.17760879450950334,1.0,0.7323865411556006,1.0,0.0,0.0,1.0,0.10691964976181773,1.0,1.0,0.0,0.0,1.0,0.5683904515783367,0.0,1.0,1.0,0.8423798393063621,0.0,0.0,0.0,1.0,1.0,1.0,1.0,0.06135084205164764,0.0,0.7496236681588957,1.0,0.0,0.19034492259871721,1.0,0.0,0.493738724354492,1.0,0.0,0.0,1.0,0.0,0.0,0.17929738141409401,1.0,0.41351469310037703,1.0,1.0,0.0,1.0,1.0,0.0,0.01711611652592183,1.0,1.0,0.0,1.0,1.0,1.0,1.0,0.0,0.0,0.0,1.0,1.0,1.0,1.0,0.4719036827475188,1.0,1.0,0.0,0.0,1.0,0.0,0.0,1.0,1.0
189,product/amplitude,decoupled,1,3.6101046722293915,3.737449289074175,3.851396989781805,3.7620019508271416,0.3497428436183925,-5.201770456196628,57.950716252904385,316.2547291079536,1,1,excluded,r_hat_max 1.591 > 1.1; n_eff_min 5.5 < 16.0,1.5914408692354276,1.0364640333749517,0.5862068965517241,5.459998865794311,0,63.0,1.5914408692354276,5.654181451373811,1.5781134472851193,5.459998865794311,1.0864821924411572,33.311575266051264,2.733585771721871,1.2284724749272198,0,0.6414433811324012,1.0,1.0,0.0,0.0,0.0,1.0,0.0,0.0,0.0,0.0,0.3940865831200373,1.0,0.45341837706781063,1.0,1.0,1.0,1.0,1.0,0.0,0.0,0.7859130242295619,1.0,0.0,1.0,0.5508359546564082,0.0,1.0,0.0,1.0,0.0,0.0,1.0,0.1091591417684614,0.8198994725125746,0.8681967835424452,0.0,0.0,1.0,0.5523166190449008,0.0,1.0,1.0,1.0,0.4558565464581152,0.0,0.5142948592440808,1.0,1.0,1.0,0.0,0.0,0.0,1.0,1.0,0.0,0.13813317956059618,1.0,0.0,0.5211484164100005,1.0,1.0,0.0,0.4660623950313834,0.0,0.0,0.0,1.0,0.2665438867820462,1.0,1.0,0.0,1.0,0.4235501877229858,0.0,0.0,1.0,1.0,0.0,1.0,1.0,1.0,1.0,0.0,0.0,0.0,1.0,1.0,0.9451809061290126,1.0,0.0,1.0,1.0,0.0,0.0,1.0,1.0,0.0,1.0,1.0
190,product/amplitude,decoupled,1,3.8132366101185244,3.7085468360676943,3.851396989781805,3.7620019508271416,0.3497428436183925,-5.4150252622501345,56.123527005081996,304.6883900859393,1,1,excluded,r_hat_max 1.530 > 1.1; n_eff_min 5.7 < 16.0,1.530129641733301,1.0205485021819913,0.729064039408867,5.737702864633106,0,63.0,1.3118284254168824,7.656482489570332,1.530129641733301,5.737702864633106,1.0337818991980738,39.4676852199424,2.7381990290929634,1.226875739575589,0,1.0,1.0,0.7600908322071033,0.0,0.0,0.0,1.0,0.0,0.0,0.5343914128683167,0.0,0.43137406684632096,1.0,0.0,1.0,1.0,1.0,1.0,1.0,0.0,0.0,0.7607422150439994,1.0,0.0,1.0,1.0,0.19532303132224205,1.0,0.0,1.0,0.0,0.0,1.0,0.10728598728002069,1.0,1.0,0.0,0.0,1.0,0.5777638404955077,0.0,1.0,0.8408328382268803,1.0,0.0,0.0,0.0,0.8269774185215918,1.0,1.0,0.18870142336640475,0.0,0.061742780701919193,1.0,1.0,0.0,0.1755280909871465,1.0,0.0,0.306580026589536,1.0,1.0,0.0,1.0,0.0,0.0,0.06485436885162024,1.0,0.2793529652077376,0.9630959597946489,1.0,0.0,0.8456172461407793,0.4255583462600707,0.0,0.0,1.0,1.0,1.0,1.0,1.0,1.0,1.0,0.0,1.0,0.0,1.0,1.0,1.0,1.0,0.0,1.0,1.0,0.0,0.0,1.0,1.0,0.0,1.0,1.0
191,product/amplitude,decoupled,1,3.7748580310815814,3.7049994263877695,3.851396989781805,3.7620019508271416,0.3497428436183925,-5.421192397312399,57.96462507196702,319.6208776559215,1,1,excluded,r_hat_max 1.607 > 1.1; n_eff_min 4.4 < 16.0,1.6069541883670608,1.0507256398194633,0.49261083743842365,4.406958100704809,0,63.0,1.6069541883670608,4.406958100704809,1.439249479094002,7.150736882056902,1.3995081303761725,7.788707644446253,2.743827498103568,1.2261168223535441,0,0.0,1.0,0.6893576574283059,0.0,0.0,0.0,1.0,0.0,0.0,0.7489436022379187,0.0,0.39998390197579337,1.0,0.0,0.80799623947805,1.0,1.0,1.0,1.0,0.0,0.0,0.7611139948485934,1.0,0.0,1.0,1.0,0.0,1.0,0.0,1.0,0.0,0.0,1.0,0.11336306112211957,1.0,1.0,0.15173183475429436,0.0,1.0,0.5782791553218547,0.0,1.0,1.0,1.0,0.0,0.0,0.0,1.0,1.0,1.0,0.20662322715120712,0.10584252383566344,0.2925372103181689,1.0,1.0,0.0,0.1763021881352686,0.630537741728718,0.0,0.3653019425404655,1.0,1.0,0.0,0.8842310540225996,0.0,0.0,0.14770162255682012,1.0,0.1498749932338821,1.0,1.0,0.0,0.8903116018877982,0.0,0.0,0.0,1.0,1.0,1.0,1.0,1.0,1.0,1.0,0.0,1.0,0.0,1.0,1.0,1.0,1.0,0.0,1.0,1.0,0.0,0.0,1.0,1.0,0.0,0.7683547817679076,1.0
192,product/amplitude,decoupled,1,3.512222299618309,3.5993683052508425,3.851396989781805,3.7620019508271416,0.3497428436183925,-5.298417444529064,51.42771206400357,247.33932888298295,1,1,excluded,r_hat_max 1.670 > 1.1; n_eff_min 4.5 < 16.0,1.6702610520396588,1.0240464616017761,0.6108374384236454,4.506484737950361,0,63.0,1.4890695477972156,5.4536985182726045,1.6702610520396588,4.506484737950361,1.037256937226599,45.69342530141248,2.749197448796163,1.2251694560302027,0,1.0,1.0,0.0,0.0,0.0,0.0,1.0,0.0,0.0,1.0,0.0,0.0,1.0,0.0,1.0,1.0,1.0,1.0,1.0,0.0,0.0,0.7511553081052171,1.0,0.0,1.0,1.0,0.0,1.0,0.0,1.0,0.0,0.0,1.0,0.10565642709908278,1.0,0.0,0.0,0.0,1.0,0.5894394048880705,0.0,1.0,0.0,1.0,0.0,0.0,0.0,1.0,1.0,0.9456439292932332,0.20290716100953338,0.07471612945836019,0.0,1.0,1.0,0.0,0.19616196111358453,1.0,0.0,0.33851636114189027,1.0,1.0,0.0,1.0,0.0,0.0,0.12992465275532272,1.0,0.2783269232923181,1.0,1.0,0.0,1.0,0.23116143528918912,0.0,0.0,1.0,1.0,0.0,1.0,1.0,1.0,1.0,0.0,1.0,0.0,1.0,1.0,1.0,1.0,0.21953976185206367,1.0,1.0,0.0,0.0,1.0,1.0,0.0,1.0,1.0
193,product/amplitude,decoupled,1,3.7261015598631544,3.7665176145606156,3.851396989781805,3.7665176145606156,0.34522717988491847,-5.4719494826081645,61.53640872309916,292.01978675602004,1,1,excluded,r_hat_max 1.694 > 1.1; n_eff_min 4.6 < 16.0,1.6943243872172815,1.0294329211304774,0.5615763546798029,4.642558129049731,0,63.0,1.2122274305982734,10.389559223028371,1.6943243872172815,4.642558129049731,1.0102839523081057,71.91391602342524,2.753150945432547,1.2232186115707107,0,1.0,1.0,1.0,0.0,0.0,0.0,1.0,0.0,0.0,0.5847241163280416,0.0,0.41302121317099355,1.0,0.4270041173704029,1.0,0.0,1.0,1.0,1.0,0.0,0.0,0.7971530619595084,1.0,0.0,1.0,1.0,0.20631286386660908,1.0,0.0,1.0,0.0,0.0,1.0,0.09609891390314619,1.0,1.0,0.0,0.0,1.0,0.543699559307833,0.0,1.0,0.8620317517245107,1.0,0.0,0.0,0.6041064873800625,1.0,1.0,1.0,1.0,0.0,1.0,1.0,1.0,0.0,0.1824666499535044,0.510196246199926,0.0,0.0,1.0,1.0,0.0,1.0,0.0,0.0,0.07837455642899374,1.0,0.12532800906934816,1.0,1.0,0.0,0.7768942512546022,0.43254895620052114,0.0,0.0,1.0,1.0,1.0,1.0,1.0,1.0,0.9100463332394932,0.0,0.0,0.0,1.0,1.0,1.0,1.0,0.0,1.0,1.0,0.0,0.0,1.0,1.0,1.0,1.0,1.0
194,product/amplitude,decoupled,1,3.775187105728703,3.7490539431152574,3.851396989781805,3.7665176145606156,0.34522717988491847,-5.292416414725764,59.46359993587248,306.19044698006473,1,1,excluded,r_hat_max 1.446 > 1.1; n_eff_min 7.8 < 16.0,1.4460716448567232,1.0351777239545992,0.5763546798029556,7.781088158774736,0,63.0,1.4460716448567232,8.517430839481621,1.3600513668829635,7.781088158774736,1.0396263932894243,39.98643784380358,2.7581661547852816,1.2220497005176507,0,0.6991662181743123,1.0,1.0,0.0,0.0,0.0,1.0,0.0,0.0,0.3934461671412577,0.0,0.2910679778157623,1.0,0.43014543838845426,0.8038651730283319,1.0,1.0,0.0,1.0,0.0,0.0,0.7938489533500732,1.0,0.0,1.0,1.0,0.0,1.0,0.0,1.0,0.0,0.0,1.0,0.11041227144795851,1.0,1.0,0.0,0.8737887771018837,1.0,0.5681680918410972,0.0,1.0,0.8725047607498579,1.0,0.0,0.0,0.0,0.8485847930492512,1.0,1.0,0.8564547274706295,0.0,1.0,1.0,1.0,0.0,0.0,1.0,0.0,0.40064921887330673,0.0,1.0,0.0,0.8844005018687754,0.0,0.0,0.0,1.0,0.2746223741476978,1.0,1.0,0.0,1.0,0.42911965662351287,0.0,0.0,1.0,1.0,0.9258927517683709,1.0,1.0,1.0,1.0,0.0,0.0,0.0,1.0,1.0,1.0,1.0,0.0,1.0,1.0,0.0,0.0,1.0,1.0,0.31523211644903226,1.0,1.0
195,product/amplitude,decoupled,1,3.815147515632723,3.7465142482212856,3.851396989781805,3.7665176145606156,0.34522717988491847,-5.097734715932667,62.69624278903939,281.48548651090823,1,1,excluded,r_hat_max 1.651 > 1.1; n_eff_min 5.5 < 16.0,1.6509422335154775,1.0294289483908061,0.6354679802955665,5.4957951513703325,0,63.0,1.385924762158182,6.730750015433541,1.6509422335154775,5.4957951513703325,1.0004047638647315,85.51386155189398,2.763381646841402,1.221074954405321,0,0.0,1.0,1.0,0.0,0.9910758036815562,0.0,1.0,0.0,0.0,1.0,0.0,0.40463766766488385,1.0,0.0,1.0,1.0,1.0,1.0,0.0,0.0,0.08153303792002038,0.7748577507853651,1.0,0.0,1.0,1.0,1.0,0.6439565562101098,0.0,1.0,0.0,0.0,0.0,0.11154241589101407,0.0,1.0,0.0,0.0,1.0,0.5484556866309903,0.0,1.0,1.0,1.0,0.0,0.0,0.0,1.0,1.0,1.0,1.0,0.0,0.0,0.2659156308661429,1.0,0.0,0.0,1.0,0.0,0.43979150796956684,1.0,1.0,0.0,0.8693271351668462,0.0,0.0,0.0,1.0,0.0,1.0,1.0,0.0,0.8326336147824338,0.45055046569792834,0.0,0.0,1.0,1.0,1.0,1.0,1.0,1.0,1.0,0.0,0.0,0.0,1.0,1.0,1.0,1.0,0.0,1.0,1.0,0.0,0.0,1.0,1.0,0.0,1.0,1.0
196,product/amplitude,decoupled,1,3.801006733909284,3.744562122325838,3.851396989781805,3.7665176145606156,0.34522717988491847,-5.324987286074146,58.536782808136195,250.19457565783523,1,1,excluded,r_hat_max 1.624 > 1.1; n_eff_min 5.2 < 16.0,1.6239775100784255,1.025142630636653,0.6206896551724138,5.218271186861533,0,63.0,1.5519359181800292,5.495299113998692,1.6239775100784255,5.218271186861533,1.084273706650738,54.1477036590876,2.768747799233194,1.2202589557486823,0,1.0,1.0,1.0,0.0,0.0,0.0,1.0,0.0,0.0,0.5051710002675898,0.0,0.42636927624998466,1.0,0.0,1.0,0.0,1.0,1.0,1.0,0.0,0.0,0.7753588399877276,1.0,0.0,1.0,1.0,0.0,1.0,1.0,1.0,0.0,0.0,1.0,0.10659407893776758,1.0,1.0,0.0,0.0,1.0,0.5566982756954316,0.0,1.0,1.0,1.0,0.0,0.0,0.0,1.0,1.0,1.0,1.0,0.08728903790991882,1.0,0.746084437250697,1.0,0.0,0.16997710079887968,1.0,0.0,0.4242792373649717,0.0,1.0,0.0,0.8734716004799623,0.0,0.0,0.0,1.0,1.0,1.0,1.0,0.0,0.8353966646299192,0.42748854891711224,0.0,0.0,1.0,1.0,1.0,1.0,1.0,1.0,0.0,0.0,0.0,0.0,1.0,1.0,1.0,1.0,0.0,1.0,1.0,0.0,0.0,1.0,1.0,0.3380993420145482,1.0,1.0
197,product/amplitude,decoupled,1,3.6971867712700828,3.7364956436977157,3.851396989781805,3.7665176145606156,0.34522717988491847,-5.405615056599711,64.05461565009318,263.3856041589752,1,1,excluded,r_hat_max 1.511 > 1.1; n_eff_min 6.9 < 16.0,1.5107843848631521,1.0228525939374873,0.6650246305418719,6.8901853901235945,0,63.0,1.5107843848631521,6.8901853901235945,1.3581509470227424,7.895658994282185,1.0257272322143698,16.26769066793174,2.773987692302616,1.2193665779341398,0,0.7524870872725018,1.0,1.0,0.0,0.0,0.0,1.0,0.0,0.0,1.0,0.0,0.397905848384312,1.0,0.0,1.0,1.0,1.0,0.0,1.0,0.0,0.0,0.7733794806728957,1.0,0.0,1.0,1.0,0.20254786839839706,1.0,1.0,1.0,0.0,0.0,1.0,0.10522277893028555,1.0,1.0,0.0,0.0,1.0,0.5587649549340704,0.0,1.0,0.8822242044934432,1.0,0.0,0.0,0.02426315888974215,1.0,1.0,0.9779084256731807,1.0,0.0,1.0,1.0,1.0,0.0,0.1698335351897903,1.0,0.0,0.4374264608861149,0.0,1.0,0.0,0.884988345535788,0.0,0.0,0.07388055149073303,1.0,0.25176218323325933,1.0,1.0,0.0,0.8619862103786545,0.4275584554676751,0.0,0.0,1.0,1.0,1.0,1.0,1.0,1.0,0.0,0.0,0.0,0.0,1.0,1.0,1.0,1.0,0.0,1.0,1.0,0.0,0.0,1.0,1.0,0.2525665574631843,1.0,1.0
198,product/amplitude,decoupled,1,3.868202977565384,3.7560007703992753,3.868202977565384,3.7665176145606156,0.34522717988491847,-4.4192185990260615,60.640105861006305,285.4400001929607,1,1,excluded,r_hat_max 1.316 > 1.1; n_eff_min 8.6 < 16.0,1.3156589125211717,1.023024133139955,0.7142857142857143,8.638450107174283,0,63.0,1.3156589125211717,8.638450107174283,1.2375385854117569,8.929275103913039,1.0407089504876867,26.757374294927732,2.778650313913563,1.2180428035923248,0,1.0,1.0,1.0,0.0,0.0,0.0,1.0,0.0,0.0,0.5357089924871572,0.0,0.45464743110757894,1.0,0.0,0.7593724271317748,0.0,1.0,1.0,1.0,0.0,0.0,0.782962416806362,1.0,0.0,1.0,1.0,1.0,1.0,1.0,1.0,0.0,0.0,1.0,0.11383456660604221,1.0,1.0,0.0,1.0,1.0,0.5642541368641235,0.0,1.0,0.8743113213495656,1.0,0.0,0.0,0.0,1.0,1.0,1.0,1.0,0.0,1.0,0.7626317381803288,1.0,0.0,0.16181283011982464,0.0,0.0,0.4168424745641499,0.0,1.0,0.0,1.0,0.0,0.0,0.16196114849887924,1.0,0.2053423605329948,1.0,1.0,0.0,0.8261812967014343,0.4149376485073339,0.0,0.0,1.0,1.0,0.9790996242001357,1.0,1.0,1.0,1.0,0.0,0.0,0.0,1.0,1.0,1.0,1.0,0.0,1.0,1.0,0.0,0.0,1.0,1.0,0.0,1.0,1.0
199,product/amplitude,decoupled,1,3.8703104217284308,3.7342565126018563,3.8703104217284308,3.7665176145606156,0.34522717988491847,-5.360093762782042,62.9913031461183,307.94504884188063,1,1,excluded,r_hat_max 1.566 > 1.1; n_eff_min 4.7 < 16.0,1.5664985677067382,1.0214703553356532,0.6650246305418719,4.681557889379304,0,63.0,1.5664985677067382,4.681557889379304,1.3258440088897234,7.486820387209721,1.0385666328118168,61.712475622617994,2.784125452926889,1.2174187151849225,1,1.0,1.0,1.0,0.0,0.0,0.0,1.0,0.0,0.0,0.4615777680302746,0.0,0.42924152236160484,1.0,0.0,0.7454925377811114,0.0,1.0,1.0,1.0,0.0,0.0,0.7717189843016117,1.0,0.0,1.0,1.0,1.0,1.0,1.0,1.0,0.0,0.0,0.0,0.1122734000092669,1.0,1.0,0.0,1.0,1.0,0.5774861768171013,0.0,1.0,0.8684041900285037,1.0,0.0,0.0,0.0,0.7324196952124027,1.0,1.0,1.0,0.0,1.0,0.7636452682056128,1.0,0.0,0.1444305762641763,0.0,0.0,0.0,0.0,0.8509876925576925,0.0,0.886412749376588,0.0,0.0,0.10104863917136873,1.0,0.0,1.0,1.0,0.0,0.8440170255961633,0.43564158594603225,0.0,0.0,1.0,1.0,0.8633781936145143,1.0,1.0,0.9132177982727671,1.0,0.0,0.0,0.0,1.0,1.0,1.0,1.0,0.0,1.0,1.0,0.0,0.0,1.0,1.0,0.0,1.0,1.0
