t,i,native_median,p_active,sobol_hat
20,0,0.0032483964927713708,0.0,nan
20,1,0.008544916676219242,0.0625,nan
20,2,0.003194397500868957,0.0625,nan
20,3,0.006166671841053262,0.0625,nan
20,4,0.0033852408951931196,0.0625,nan
20,5,0.004847559154498135,0.125,nan
20,6,0.004622681564023342,0.125,nan
20,7,0.005627209776462343,0.0625,nan
20,8,0.005892658796911616,0.125,nan
20,9,0.012793503785495056,0.1875,nan
20,10,0.00400059916620818,0.0,nan
20,11,0.0028568842462178903,0.0625,nan
20,12,0.0038548803215780365,0.1875,nan
20,13,0.007051145257886385,0.0625,nan
20,14,0.0061787163057510745,0.0625,nan
20,15,0.002678801293822867,0.125,nan
20,16,0.012230782855308538,0.125,nan
20,17,0.0033849389318252225,0.125,nan
20,18,0.0035510288926414377,0.0,nan
20,19,0.005117652842978078,0.0625,nan
20,20,0.004502690551145616,0.0625,nan
20,21,0.0033986786827942864,0.0625,nan
20,22,0.0074133851416280675,0.0625,nan
20,23,0.0035464438826766096,0.125,nan
20,24,0.006645326595750957,0.0625,nan
20,25,0.007229257976532441,0.0625,nan
20,26,0.005008768192359994,0.0625,nan
20,27,0.005140335177172545,0.0625,nan
20,28,0.0030767518248146965,0.0625,nan
20,29,0.006484284113696314,0.0,nan
20,30,0.0024424034555138334,0.0625,nan
20,31,0.00688310490413107,0.0625,nan
20,32,0.005465516548354874,0.0,nan
20,33,0.003954146782763131,0.0625,nan
20,34,0.0033367617035233977,0.0625,nan
20,35,0.0066277475661003695,0.125,nan
20,36,0.013641947521093191,0.125,nan
20,37,0.0025061673975199585,0.0625,nan
20,38,0.009491029727657859,0.0625,nan
20,39,0.006920682510458575,0.125,nan
20,40,0.00458275200366238,0.0625,nan
20,41,0.008191352891002146,0.125,nan
20,42,0.004453991461015381,0.0625,nan
20,43,0.004528400973703991,0.0625,nan
20,44,0.006512726820336658,0.0625,nan
20,45,0.004472876951703125,0.0,nan
20,46,0.0030412206261284432,0.0625,nan
20,47,0.0046490280037782255,0.0625,nan
20,48,0.003053551379019653,0.0625,nan
20,49,0.011714585461472096,0.0625,nan
20,50,0.003704143379752362,0.0,nan
20,51,0.011087781570681833,0.125,nan
20,52,0.005118698027798368,0.125,nan
20,53,0.00758044683366353,0.0625,nan
20,54,0.003002517144240103,0.0625,nan
20,55,0.004123930896116258,0.0625,nan
20,56,0.004304583061892159,0.0625,nan
20,57,0.004804926521209616,0.125,nan
20,58,0.004292261321255893,0.0625,nan
20,59,0.004990117343533898,0.1875,nan
20,60,0.007074600461528993,0.0625,nan
20,61,0.0020868882485074263,0.125,nan
20,62,0.00488664185213292,0.0625,nan
20,63,0.005571030838566216,0.0625,nan
20,64,0.004242204220838373,0.0625,nan
20,65,0.007652843719877747,0.0625,nan
20,66,0.005143898253064396,0.0625,nan
20,67,0.00479295521779202,0.0,nan
20,68,0.004235732844756625,0.0625,nan
20,69,0.007681410282123432,0.0625,nan
20,70,0.003617035736063288,0.125,nan
20,71,0.0046894335833831385,0.0,nan
20,72,0.009180374656322461,0.125,nan
20,73,0.0033607355724852564,0.0625,nan
20,74,0.0228998782370309,0.1875,nan
20,75,0.005520979354798821,0.125,nan
20,76,0.0023673563445352945,0.0,nan
20,77,0.008054130909919766,0.0625,nan
20,78,0.005577213899376812,0.0625,nan
20,79,0.0036925297783751572,0.0625,nan
20,80,0.002810845784570053,0.0625,nan
20,81,0.005769471842017305,0.0625,nan
20,82,0.0013953951691908898,0.0625,nan
20,83,0.0037438759646366863,0.125,nan
20,84,0.008796744904251856,0.0,nan
20,85,0.009570159483878,0.0625,nan
20,86,0.010707301479696226,0.0625,nan
20,87,0.006822820869356896,0.0625,nan
20,88,0.00451902342078672,0.125,nan
20,89,0.009093787210114525,0.0625,nan
20,90,0.0071203368394925914,0.0625,nan
20,91,0.004128914458237494,0.0625,nan
20,92,0.0035875583844104776,0.0,nan
20,93,0.004536134127861302,0.125,nan
20,94,0.0022802440890768065,0.0,nan
20,95,0.004254838445829475,0.0625,nan
20,96,0.015386156081385154,0.0625,nan
20,97,0.0033024977716809055,0.0625,nan
20,98,0.004073922842119073,0.0625,nan
20,99,0.02363135854098799,0.1875,nan
21,0,0.005127729853329158,0.125,nan
21,1,0.0041077305983619715,0.0,nan
21,2,0.004922426632529718,0.0,nan
21,3,0.005560545187956265,0.0625,nan
21,4,0.005666533724864164,0.0,nan
21,5,0.0052460324662634205,0.0,nan
21,6,0.002305262859414298,0.0,nan
21,7,0.008449510331553563,0.125,nan
21,8,0.003157824999885284,0.0,nan
21,9,0.010385138932883252,0.125,nan
21,10,0.006334841150360823,0.0,nan
21,11,0.004912698062470008,0.0,nan
21,12,0.012262582952720423,0.1875,nan
21,13,0.01463561668018843,0.0625,nan
21,14,0.009495857484649855,0.0625,nan
21,15,0.005751474047948601,0.0,nan
21,16,0.011909692143388589,0.0625,nan
21,17,0.0022012391527276606,0.0,nan
21,18,0.009026529564190774,0.0,nan
21,19,0.004393098491828059,0.0625,nan
21,20,0.0071446608144897766,0.0625,nan
21,21,0.004202566935185706,0.0,nan
21,22,0.010096531205469503,0.0625,nan
21,23,0.004944815245970169,0.0625,nan
21,24,0.00906902274521881,0.125,nan
21,25,0.004094553782357249,0.0625,nan
21,26,0.008030705209569389,0.0,nan
21,27,0.011241575936900578,0.0625,nan
21,28,0.018001434423625312,0.1875,nan
21,29,0.006007550021037064,0.0,nan
21,30,0.004982106554918043,0.0625,nan
21,31,0.0045194710597903105,0.0,nan
21,32,0.014537939475140291,0.0625,nan
21,33,0.00534460375147189,0.0,nan
21,34,0.0028395455541380156,0.0625,nan
21,35,0.00838014093334255,0.0625,nan
21,36,0.24568500027232526,0.5625,nan
21,37,0.008906559137560116,0.0625,nan
21,38,0.0058928303302794496,0.0625,nan
21,39,0.006172455335211266,0.0625,nan
21,40,0.009169519397744113,0.0,nan
21,41,0.002534304694691036,0.0625,nan
21,42,0.008618240197387446,0.0,nan
21,43,0.00797664861238622,0.0,nan
21,44,0.006416936773535327,0.125,nan
21,45,0.005354665083844993,0.0,nan
21,46,0.016436532963841313,0.0625,nan
21,47,0.005687300277728326,0.0625,nan
21,48,0.009419256467235196,0.0625,nan
21,49,0.012018429469083837,0.125,nan
21,50,0.0032204468849939064,0.0625,nan
21,51,0.006849803040180788,0.0625,nan
21,52,0.006601764830404697,0.0,nan
21,53,0.018390154367848265,0.0625,nan
21,54,0.005377298319609439,0.125,nan
21,55,0.00581606709897099,0.0,nan
21,56,0.0036393277552209213,0.0625,nan
21,57,0.004482318506909478,0.125,nan
21,58,0.004193494962697352,0.125,nan
21,59,0.02431021317836007,0.0625,nan
21,60,0.010191802140342324,0.0,nan
21,61,0.0013352856134560918,0.0625,nan
21,62,0.004302137604451759,0.0,nan
21,63,0.005360156359615297,0.0625,nan
21,64,0.012955800621691622,0.1875,nan
21,65,0.011300642126155207,0.125,nan
21,66,0.004517638095851629,0.0625,nan
21,67,0.006719884846699758,0.0,nan
21,68,0.006180785062679283,0.0,nan
21,69,0.007751039279678209,0.0625,nan
21,70,0.0073733501732552355,0.0,nan
21,71,0.012554191832944053,0.0,nan
21,72,0.005690980826278807,0.0,nan
21,73,0.005181776644009992,0.0,nan
21,74,0.010603979836528686,0.125,nan
21,75,0.010679048250277077,0.125,nan
21,76,0.008793184982871377,0.0,nan
21,77,0.006788266152361594,0.0,nan
21,78,0.007919944708238761,0.0,nan
21,79,0.0032881045235461687,0.0625,nan
21,80,0.0024934671881481118,0.0,nan
21,81,0.005485112801019416,0.0,nan
21,82,0.015031177193245046,0.0625,nan
21,83,0.004259249443162443,0.0,nan
21,84,0.01153840643021026,0.0625,nan
21,85,0.006177829607935811,0.0625,nan
21,86,0.01172543270956147,0.0,nan
21,87,0.006339121988314412,0.0625,nan
21,88,0.006039898446820928,0.0625,nan
21,89,0.002518260440448913,0.0625,nan
21,90,0.00671816446685381,0.125,nan
21,91,0.006578636665960323,0.0625,nan
21,92,0.01333799942023525,0.125,nan
21,93,0.004181150421326312,0.0,nan
21,94,0.01800707055961098,0.125,nan
21,95,0.011224160504629058,0.0,nan
21,96,0.010274855651908154,0.125,nan
21,97,0.010341606821408233,0.0625,nan
21,98,0.008465875244099544,0.0625,nan
21,99,0.004662912465523928,0.0625,nan
22,0,0.004625029016695693,0.0625,nan
22,1,0.007055976001195724,0.125,nan
22,2,0.004090693646028085,0.0625,nan
22,3,0.0028331965997767704,0.0,nan
22,4,0.02136657305147039,0.1875,nan
22,5,0.01157086040274868,0.125,nan
22,6,0.011099280019952747,0.125,nan
22,7,0.006920263584552798,0.125,nan
22,8,0.006972189051850595,0.0625,nan
22,9,0.008467880106357753,0.0,nan
22,10,0.00845471861389324,0.125,nan
22,11,0.012273312417634036,0.0,nan
22,12,0.006130748981981871,0.1875,nan
22,13,0.006372028911819427,0.0625,nan
22,14,0.009271849340840164,0.125,nan
22,15,0.015489148126755371,0.0,nan
22,16,0.008533497864903535,0.1875,nan
22,17,0.006239738415183821,0.0,nan
22,18,0.009445490413839897,0.1875,nan
22,19,0.008439337283794464,0.0625,nan
22,20,0.0053603706387233534,0.0,nan
22,21,0.013889887956701893,0.0625,nan
22,22,0.00841922914929098,0.0,nan
22,23,0.01053712006957117,0.0,nan
22,24,0.00422995739978111,0.1875,nan
22,25,0.021223775109186983,0.125,nan
22,26,0.007749029568470139,0.125,nan
22,27,0.01448825239660427,0.0,nan
22,28,0.03965163503231908,0.0625,nan
22,29,0.005220940653421432,0.0,nan
22,30,0.007309413736806476,0.0,nan
22,31,0.004937709440616193,0.0625,nan
22,32,0.017964125756534693,0.0,nan
22,33,0.009618305382956143,0.0625,nan
22,34,0.005570394759480273,0.0,nan
22,35,0.009184211291900696,0.1875,nan
22,36,0.01707860937238293,0.125,nan
22,37,0.017126786619709254,0.1875,nan
22,38,0.004999593441641818,0.1875,nan
22,39,0.0036358910721925493,0.0,nan
22,40,0.004385647800919017,0.0625,nan
22,41,0.005902214487655805,0.0625,nan
22,42,0.007497212292353329,0.125,nan
22,43,0.009301143118247234,0.0,nan
22,44,0.015511265761951373,0.0,nan
22,45,0.011901421229752435,0.0,nan
22,46,0.014933160853702769,0.0625,nan
22,47,0.013336711020546888,0.125,nan
22,48,0.009537846116983922,0.125,nan
22,49,0.01103924992072586,0.1875,nan
22,50,0.003922735296137866,0.0,nan
22,51,0.02167163605019102,0.125,nan
22,52,0.0119750251527268,0.1875,nan
22,53,0.008696908855204502,0.1875,nan
22,54,0.007687500000040499,0.1875,nan
22,55,0.008563684275742426,0.0625,nan
22,56,0.006075121730890671,0.0625,nan
22,57,0.011707955956155269,0.0625,nan
22,58,0.01501976023272696,0.0,nan
22,59,0.010801799972257772,0.0,nan
22,60,0.012843107801433568,0.0625,nan
22,61,0.01779363027698703,0.0625,nan
22,62,0.01321854468019083,0.0,nan
22,63,0.011116375054821305,0.0,nan
22,64,0.00894578740940773,0.25,nan
22,65,0.017443456834797942,0.25,nan
22,66,0.007749324122610018,0.0,nan
22,67,0.015245986623719196,0.0,nan
22,68,0.0061249601445173465,0.0,nan
22,69,0.007622602134439402,0.0625,nan
22,70,0.015454139430246455,0.0625,nan
22,71,0.01937364471819661,0.0625,nan
22,72,0.012511129405391397,0.125,nan
22,73,0.005577538211843511,0.0625,nan
22,74,0.012515345136917738,0.0625,nan
22,75,0.005898854353014607,0.125,nan
22,76,0.016279473741739502,0.1875,nan
22,77,0.018649877276005374,0.125,nan
22,78,0.008165932717406652,0.0,nan
22,79,0.008697913057697819,0.0625,nan
22,80,0.004353053057540525,0.0625,nan
22,81,0.011620448947538753,0.125,nan
22,82,0.00873911796164222,0.1875,nan
22,83,0.007477862515250097,0.125,nan
22,84,0.005288018938598411,0.125,nan
22,85,0.00689695745624806,0.0625,nan
22,86,0.016523527430633345,0.125,nan
22,87,0.010609962254587036,0.0,nan
22,88,0.004276792680207841,0.125,nan
22,89,0.013399408315915627,0.125,nan
22,90,0.010269498475690007,0.0,nan
22,91,0.013099617189044411,0.0625,nan
22,92,0.00980520071356233,0.1875,nan
22,93,0.00555271702991033,0.125,nan
22,94,0.017801442706939605,0.125,nan
22,95,0.007991726392105951,0.125,nan
22,96,0.007753512627663713,0.0625,nan
22,97,0.011133200385140825,0.0625,nan
22,98,0.017807708191680746,0.0,nan
22,99,0.060799245664754996,0.4375,nan
23,0,0.030191565591053966,0.1875,nan
23,1,0.017666323374307298,0.1875,nan
23,2,0.039198692599661494,0.25,nan
23,3,0.045309036543965266,0.3125,nan
23,4,0.021477834673849464,0.1875,nan
23,5,0.03482967513439998,0.375,nan
23,6,0.08268889519524861,0.25,nan
23,7,0.0484565132853831,0.1875,nan
23,8,0.03585350732810158,0.1875,nan
23,9,0.035002318782848235,0.1875,nan
23,10,0.019731234789854005,0.1875,nan
23,11,0.01852872771328498,0.3125,nan
23,12,0.024605937555463357,0.25,nan
23,13,0.053407785551205615,0.375,nan
23,14,0.04231109795162909,0.25,nan
23,15,0.03572018550223651,0.1875,nan
23,16,0.02799448545509404,0.3125,nan
23,17,0.02196575640372425,0.375,nan
23,18,0.018628539466527764,0.1875,nan
23,19,0.09206714620704057,0.4375,nan
23,20,0.035408271965372204,0.25,nan
23,21,0.019978928614475377,0.25,nan
23,22,0.042593192969904076,0.25,nan
23,23,0.04400807820038696,0.375,nan
23,24,0.028156554478600965,0.375,nan
23,25,0.017557117081899568,0.25,nan
23,26,0.026049198349565983,0.125,nan
23,27,0.053766141141775865,0.125,nan
23,28,0.06223648599261829,0.25,nan
23,29,0.020200722452630226,0.3125,nan
23,30,0.01705651094817643,0.25,nan
23,31,0.01923108197210613,0.25,nan
23,32,0.04110184911946953,0.3125,nan
23,33,0.04426469115421189,0.25,nan
23,34,0.02186272453935252,0.125,nan
23,35,0.12314329721677741,0.3125,nan
23,36,0.0389751092813274,0.4375,nan
23,37,0.014635308046253247,0.125,nan
23,38,0.03298477125721937,0.375,nan
23,39,0.02492092885485077,0.25,nan
23,40,0.02264978837840846,0.25,nan
23,41,0.047022628397079144,0.25,nan
23,42,0.04094005183900461,0.3125,nan
23,43,0.04908439234787073,0.25,nan
23,44,0.027892508287549897,0.25,nan
23,45,0.014851492220307821,0.25,nan
23,46,0.021937263941614514,0.3125,nan
23,47,0.021665297669391785,0.1875,nan
23,48,0.05542285146155891,0.3125,nan
23,49,0.03889830077832315,0.125,nan
23,50,0.021303314347680884,0.3125,nan
23,51,0.027392866821379015,0.25,nan
23,52,0.02461248192902673,0.1875,nan
23,53,0.058718355240910854,0.25,nan
23,54,0.05336487937171898,0.25,nan
23,55,0.016127794179782794,0.125,nan
23,56,0.026600138770810286,0.25,nan
23,57,0.024997686788692373,0.25,nan
23,58,0.027634822737753213,0.25,nan
23,59,0.024020629925797777,0.25,nan
23,60,0.07895823329112553,0.375,nan
23,61,0.035788664206139145,0.25,nan
23,62,0.02195871774352774,0.1875,nan
23,63,0.009288487964088654,0.1875,nan
23,64,0.015197033572331731,0.1875,nan
23,65,0.008668801049766502,0.125,nan
23,66,0.018273476709386446,0.0625,nan
23,67,0.02037782301245753,0.3125,nan
23,68,0.02190302857533699,0.25,nan
23,69,0.02989868467466074,0.3125,nan
23,70,0.04045029851571716,0.1875,nan
23,71,0.017237257413281866,0.1875,nan
23,72,0.03683843263260929,0.3125,nan
23,73,0.01879320947955944,0.25,nan
23,74,0.02169343200757245,0.25,nan
23,75,0.016935104880234926,0.1875,nan
23,76,0.022528256269346278,0.25,nan
23,77,0.0072699414206274645,0.25,nan
23,78,0.023291016388895178,0.25,nan
23,79,0.021926550387100875,0.25,nan
23,80,0.02014943710162416,0.1875,nan
23,81,0.06174006730802244,0.375,nan
23,82,0.027201413902108666,0.1875,nan
23,83,0.035848316329129375,0.3125,nan
23,84,0.12365342833513213,0.5,nan
23,85,0.21855997224898954,0.5625,nan
23,86,0.07364928702517191,0.375,nan
23,87,0.03352328564448352,0.3125,nan
23,88,0.02298045644768145,0.1875,nan
23,89,0.036649580250568935,0.125,nan
23,90,0.021168031501469682,0.125,nan
23,91,0.022867750908203456,0.25,nan
23,92,0.05175947493294524,0.25,nan
23,93,0.02899370425451565,0.125,nan
23,94,0.014078148082325426,0.0625,nan
23,95,0.01764358157260061,0.3125,nan
23,96,0.029158759292456655,0.25,nan
23,97,0.021710110565168146,0.3125,nan
23,98,0.02509821366140383,0.25,nan
23,99,0.051490928449690665,0.3125,nan
24,0,0.009202557821374342,0.0,nan
24,1,0.006738516968495875,0.125,nan
24,2,0.013694277056432027,0.0,nan
24,3,0.01339159044761332,0.0,nan
24,4,0.008333367175103763,0.0625,nan
24,5,0.00415593283263912,0.0625,nan
24,6,0.011205569483671539,0.0,nan
24,7,0.008061440245926232,0.125,nan
24,8,0.00644658466862054,0.0625,nan
24,9,0.005786593777963185,0.0625,nan
24,10,0.01361029413565534,0.0,nan
24,11,0.00640073995698424,0.0625,nan
24,12,0.012671177609372293,0.1875,nan
24,13,0.012958044769916924,0.0625,nan
24,14,0.01291346894774388,0.125,nan
24,15,0.009046419612886889,0.125,nan
24,16,0.017023258916640086,0.0,nan
24,17,0.017414218697183674,0.0,nan
24,18,0.005266748039366602,0.0625,nan
24,19,0.00938718142294093,0.125,nan
24,20,0.02172040899111667,0.0625,nan
24,21,0.015546238617443605,0.125,nan
24,22,0.01179809828907546,0.125,nan
24,23,0.013980398321232278,0.0625,nan
24,24,0.012700737668851162,0.125,nan
24,25,0.009856602284871018,0.0,nan
24,26,0.011510068828967627,0.125,nan
24,27,0.008033278269397294,0.0625,nan
24,28,0.007112176758033394,0.0625,nan
24,29,0.012374083555591959,0.0625,nan
24,30,0.00982775419373802,0.125,nan
24,31,0.0063819791432087394,0.0625,nan
24,32,0.0151305981283586,0.0,nan
24,33,0.012068989358992352,0.0625,nan
24,34,0.011267786349016309,0.0625,nan
24,35,0.008045817759771225,0.0625,nan
24,36,0.2092273810720159,0.5625,nan
24,37,0.011737121326791668,0.0,nan
24,38,0.01700772978552901,0.0,nan
24,39,0.013686027314941535,0.125,nan
24,40,0.008471060212386814,0.0,nan
24,41,0.009986886535713432,0.0625,nan
24,42,0.04225232455438174,0.1875,nan
24,43,0.016581267226760878,0.0625,nan
24,44,0.008883837177719837,0.0,nan
24,45,0.015428093605414379,0.125,nan
24,46,0.009991430778383525,0.0,nan
24,47,0.0175884902075665,0.0,nan
24,48,0.01011822536683756,0.0625,nan
24,49,0.025207748499358272,0.0,nan
24,50,0.008128120506272424,0.0,nan
24,51,0.03607524046040772,0.25,nan
24,52,0.02302799046085009,0.3125,nan
24,53,0.00977550424190712,0.0625,nan
24,54,0.014839381580083928,0.0625,nan
24,55,0.015602077997680808,0.0625,nan
24,56,0.013391901502299311,0.0625,nan
24,57,0.01988268375307509,0.0625,nan
24,58,0.02273280951589128,0.0,nan
24,59,0.018341134553586026,0.0625,nan
24,60,0.010753845919118427,0.0625,nan
24,61,0.011644690785675073,0.0625,nan
24,62,0.010998172475412415,0.0625,nan
24,63,0.010196893180190632,0.0625,nan
24,64,0.011882927017696034,0.125,nan
24,65,0.012458175601535268,0.0625,nan
24,66,0.022109815796207008,0.25,nan
24,67,0.015401511042722069,0.0625,nan
24,68,0.010228497227295415,0.125,nan
24,69,0.0126437351863283,0.0,nan
24,70,0.01845838024413425,0.0625,nan
24,71,0.006890123451385083,0.0625,nan
24,72,0.021628121938264966,0.125,nan
24,73,0.03984405988754308,0.0,nan
24,74,0.02096327176916095,0.125,nan
24,75,0.008160440016374554,0.0,nan
24,76,0.00911632944542932,0.0625,nan
24,77,0.00561226113302988,0.0625,nan
24,78,0.01065560244423714,0.0,nan
24,79,0.012141049241559673,0.0,nan
24,80,0.01863152987264232,0.0625,nan
24,81,0.03178077921575814,0.1875,nan
24,82,0.011046236371974525,0.125,nan
24,83,0.0019529794606912706,0.0625,nan
24,84,0.011983361142983609,0.125,nan
24,85,0.029668740663708913,0.0,nan
24,86,0.03206407768810506,0.25,nan
24,87,0.014749290076294757,0.1875,nan
24,88,0.004352289278993455,0.0,nan
24,89,0.0072988906387022445,0.0,nan
24,90,0.014056382388428625,0.0625,nan
24,91,0.019475212052016803,0.0,nan
24,92,0.013166998349247002,0.0625,nan
24,93,0.008743351204187687,0.1875,nan
24,94,0.006869848610719738,0.0625,nan
24,95,0.011790688958299987,0.0,nan
24,96,0.02517801573985614,0.25,nan
24,97,0.004292151688034559,0.0625,nan
24,98,0.016183121203119148,0.0,nan
24,99,0.014492519305939356,0.0,nan
25,0,0.013034671707035216,0.1875,3.8471367684449854e-05
25,1,0.006629636322916691,0.125,0.0005014314849890751
25,2,0.006884325377125217,0.1875,0.0031810946218905627
25,3,0.011668321628724573,0.1875,0.016135168866741562
25,4,0.009629030801275432,0.1875,0.004501257541595001
25,5,0.008053873613401045,0.0625,0.0045784038037298734
25,6,0.0057320677402415855,0.1875,1.0026953324921758e-05
25,7,0.01902074173867415,0.1875,0.026558882757257377
25,8,0.004084570960732061,0.0625,0.00013595193400453432
25,9,0.007482791702545049,0.0625,9.644964826500992e-05
25,10,0.02198586541350061,0.1875,0.0037125078044913298
25,11,0.0028864251602094783,0.1875,0.0013513902448732535
25,12,0.005847257678292967,0.25,0.028166872465338378
25,13,0.0057841210425765635,0.0625,8.624322740583111e-05
25,14,0.0030739999691617656,0.0625,0.0007154006000867366
25,15,0.005470901172220462,0.0,0.00043004897181010893
25,16,0.005029371774069997,0.0625,0.00011742509292384509
25,17,0.016324578132454543,0.125,0.01381792220657444
25,18,0.0065769875863254616,0.0625,0.0008395567216679602
25,19,0.008486154847502453,0.125,0.005397829909834812
25,20,0.006381988606216388,0.125,0.0008938359855445938
25,21,0.003410282076826002,0.0625,0.0004115003607094893
25,22,0.012308468275091597,0.0625,0.0022065643552376876
25,23,0.008894362341320869,0.0,0.0015231034531437524
25,24,0.03450172293108374,0.125,0.007063565150944912
25,25,0.002474099745138659,0.0625,0.0001714213621307566
25,26,0.01457338384428187,0.0625,0.003095954012398587
25,27,0.01090198415733296,0.0,0.005461877472580387
25,28,0.0043138232431752365,0.0625,0.00017706658656602714
25,29,0.0076738099080904225,0.0625,0.0006880547038290224
25,30,0.00975888624335232,0.25,0.01339377970678286
25,31,0.004109683673295818,0.0625,8.594524747327483e-05
25,32,0.009337617101559734,0.125,0.003248075288624706
25,33,0.013932206434115276,0.125,0.006038192973244115
25,34,0.004158110722831244,0.0625,0.002901205451624334
25,35,0.004914977960185969,0.125,0.00554834835758961
25,36,0.17922604484319732,0.5,0.6225782421001851
25,37,0.00868434984376445,0.0,0.0019846211290139226
25,38,0.010688761195401695,0.0625,0.0011844640086849422
25,39,0.009121568387205247,0.0625,0.0006100123259510786
25,40,0.00998097948927103,0.125,0.0001867979911888955
25,41,0.008164305313771427,0.0625,0.0009625732970021844
25,42,0.005153261889970123,0.125,0.0001224591893555342
25,43,0.006305612096452855,0.0,0.0014290534830098704
25,44,0.009766559991242825,0.0,0.0031026350456316693
25,45,0.00955236226556697,0.0625,5.361608555426492e-06
25,46,0.006932753694603456,0.0625,0.024208288932567004
25,47,0.009773123605392682,0.0625,0.0023415355429288534
25,48,0.006309024128323052,0.125,0.0008138241483332543
25,49,0.009404894929817567,0.0625,0.000638528713323164
25,50,0.006708449616845712,0.125,0.0010429431881224284
25,51,0.006047088379178764,0.0,0.000494722485242845
25,52,0.011743244502688833,0.0625,0.00322155946572154
25,53,0.007429193896277936,0.0625,0.0017615589590340012
25,54,0.007703043230425618,0.125,0.0006533521596048333
25,55,0.02547307646241831,0.125,0.008987421392185422
25,56,0.009978409525823344,0.0625,0.000445386821781593
25,57,0.0056657321441801484,0.125,0.0023395321006748258
25,58,0.00725957893842972,0.0,0.0011752279174184826
25,59,0.008604515058579003,0.0,0.0006712043915897011
25,60,0.00453858869066083,0.0,4.974770364986688e-05
25,61,0.022724757614684333,0.125,0.0024635348867298314
25,62,0.004047046482018634,0.25,4.225542985417903e-05
25,63,0.007796876234479538,0.0625,0.0014090222334410278
25,64,0.005820107629864881,0.1875,0.005906751137608611
25,65,0.01973587406774454,0.0625,0.010261674368965678
25,66,0.004712466143834116,0.1875,0.000101930050212202
25,67,0.019176939200778165,0.0625,0.0007876474168508142
25,68,0.006133090672463624,0.125,9.394275896039128e-06
25,69,0.0009680080172869083,0.1875,9.030085877978104e-06
25,70,0.01288041544543557,0.125,0.012800190267836685
25,71,0.00757385011564728,0.0625,4.606289244144233e-05
25,72,0.014961004870925696,0.0625,0.0005978934314863386
25,73,0.00516076171123705,0.0625,0.008164009854895201
25,74,0.0062573351168335265,0.0,0.00041786784222462803
25,75,0.007881560833396974,0.125,0.0038183050047259797
25,76,0.00501855797978444,0.125,0.0006515227814864123
25,77,0.01858170280225132,0.125,0.0011622847739801575
25,78,0.01832909868834056,0.0625,3.832699229107305e-05
25,79,0.00700211797982765,0.0,0.0010182572518223818
25,80,0.008310789751759542,0.0625,0.0007069410781892884
25,81,0.0018926270084645683,0.125,0.0002901298529915319
25,82,0.008272415523130051,0.0,6.823191182668732e-05
25,83,0.009651827503821788,0.1875,1.939732396645616e-05
25,84,0.005823859826515142,0.125,0.004694848641528911
25,85,0.007783553218102385,0.125,0.005942943551188904
25,86,0.008695169055066808,0.0625,0.005059944085848402
25,87,0.017158771519285257,0.0625,0.0010118546284142939
25,88,0.004572482973452241,0.0625,0.002224128316732723
25,89,0.012929211676426355,0.0625,0.0021964668673981115
25,90,0.0067731121205886445,0.125,0.00017900762679946537
25,91,0.01555746737498422,0.0625,0.015153688740820256
25,92,0.005508535461751533,0.125,0.008439010166866568
25,93,0.016512552239954285,0.125,0.006881038662495141
25,94,0.00975184391886882,0.125,0.008133518323801948
25,95,0.009917392658597595,0.1875,0.0011720460731537766
25,96,0.013216196644903155,0.1875,0.018093284983982518
25,97,0.006674530538389078,0.1875,0.0006862673342216201
25,98,0.0069265603841580595,0.1875,0.005572617708633555
25,99,0.012698707468888723,0.1875,0.01947679234884352
26,0,0.009065257468532689,0.125,nan
26,1,0.008555550900946472,0.125,nan
26,2,0.005612365438544883,0.125,nan
26,3,0.00741629683116595,0.125,nan
26,4,0.004349454944194725,0.1875,nan
26,5,0.00208865861585132,0.125,nan
26,6,0.004762379854923005,0.125,nan
26,7,0.005293529157134432,0.0625,nan
26,8,0.005935733593473061,0.125,nan
26,9,0.005093996460784966,0.0625,nan
26,10,0.007576998664380876,0.125,nan
26,11,0.007451183926421552,0.125,nan
26,12,0.00315860250588817,0.125,nan
26,13,0.004492848441293911,0.125,nan
26,14,0.00800860845795731,0.0625,nan
26,15,0.003234627245468892,0.125,nan
26,16,0.009770131182519034,0.125,nan
26,17,0.006418245360061619,0.0625,nan
26,18,0.0034014422231562246,0.1875,nan
26,19,0.007111216056965253,0.3125,nan
26,20,0.006705113557674835,0.1875,nan
26,21,0.002261164486120565,0.0,nan
26,22,0.009594892421878231,0.0625,nan
26,23,0.002960706482802929,0.0625,nan
26,24,0.006419095270337086,0.1875,nan
26,25,0.005341760676830195,0.125,nan
26,26,0.006723064863879224,0.0,nan
26,27,0.00759085507390077,0.0625,nan
26,28,0.007342681425678323,0.1875,nan
26,29,0.012405573861277606,0.125,nan
26,30,0.007886913604520294,0.0625,nan
26,31,0.004657383797619821,0.0625,nan
26,32,0.005717863813039308,0.125,nan
26,33,0.0035084577272111216,0.125,nan
26,34,0.005610362356104612,0.125,nan
26,35,0.005418617450074181,0.125,nan
26,36,0.03452839637738307,0.3125,nan
26,37,0.003452909377634761,0.125,nan
26,38,0.0034276855580565916,0.0625,nan
26,39,0.00396309179287461,0.1875,nan
26,40,0.005596264212378811,0.1875,nan
26,41,0.006358515768899637,0.0625,nan
26,42,0.005361810365667605,0.125,nan
26,43,0.004966485204135939,0.125,nan
26,44,0.005520531253200851,0.0625,nan
26,45,0.003486553473080135,0.1875,nan
26,46,0.00495811316392803,0.25,nan
26,47,0.011002790640560088,0.1875,nan
26,48,0.006468300123028873,0.1875,nan
26,49,0.006053802197507114,0.125,nan
26,50,0.002869640010337086,0.1875,nan
26,51,0.004706662432425818,0.1875,nan
26,52,0.008938332306423769,0.1875,nan
26,53,0.008479388028052395,0.1875,nan
26,54,0.0038344222258130277,0.125,nan
26,55,0.0059875388156646675,0.125,nan
26,56,0.00875868853722431,0.0,nan
26,57,0.002962738927121428,0.0625,nan
26,58,0.0038176016282401573,0.0625,nan
26,59,0.0057560435972666395,0.125,nan
26,60,0.005556142945262769,0.0625,nan
26,61,0.0046559772125445,0.125,nan
26,62,0.0013839979795429913,0.125,nan
26,63,0.001551736965877589,0.0625,nan
26,64,0.0018421854470828706,0.125,nan
26,65,0.01055304352526244,0.125,nan
26,66,0.00733009804000495,0.125,nan
26,67,0.002983970951867549,0.0625,nan
26,68,0.007128701301343559,0.125,nan
26,69,0.006507962706622029,0.125,nan
26,70,0.005862140204034085,0.0625,nan
26,71,0.006107631541108283,0.0625,nan
26,72,0.0023127317034349584,0.125,nan
26,73,0.009348170683771216,0.125,nan
26,74,0.008369601491913802,0.125,nan
26,75,0.003992486792040122,0.125,nan
26,76,0.0015430851710790947,0.125,nan
26,77,0.01144414225122748,0.3125,nan
26,78,0.013899414320138328,0.125,nan
26,79,0.008310877252234528,0.125,nan
26,80,0.001918376753661706,0.1875,nan
26,81,0.010964293078564604,0.0625,nan
26,82,0.004763852045465308,0.125,nan
26,83,0.00375645975866201,0.1875,nan
26,84,0.008852691193207522,0.1875,nan
26,85,0.02814874315542464,0.1875,nan
26,86,0.005718955710432433,0.125,nan
26,87,0.0023034117245426585,0.25,nan
26,88,0.0034236484451469103,0.0,nan
26,89,0.006746917224402443,0.125,nan
26,90,0.004139719143869928,0.0625,nan
26,91,0.00702499637052489,0.0625,nan
26,92,0.0034964105962773263,0.125,nan
26,93,0.004514645409939395,0.125,nan
26,94,0.00855475052268104,0.125,nan
26,95,0.004271896665654201,0.0,nan
26,96,0.005179048760359862,0.0625,nan
26,97,0.007314901991208678,0.0,nan
26,98,0.004112402908547688,0.0625,nan
26,99,0.009593250425538234,0.125,nan
27,0,0.00576115898693155,0.0,nan
27,1,0.003141542476249033,0.0625,nan
27,2,0.009624874601346669,0.0625,nan
27,3,0.004702138124751495,0.125,nan
27,4,0.002374573444584691,0.0625,nan
27,5,0.007235726555964517,0.0625,nan
27,6,0.004256307634856243,0.0,nan
27,7,0.0022951226834770928,0.0625,nan
27,8,0.0032801214232531252,0.0625,nan
27,9,0.003316965316636916,0.0625,nan
27,10,0.005648388657144228,0.0625,nan
27,11,0.009166987720403932,0.0625,nan
27,12,0.004643859246539192,0.0,nan
27,13,0.006653240416971599,0.0,nan
27,14,0.004847377754908643,0.0,nan
27,15,0.0017435127316203832,0.0625,nan
27,16,0.004725070944787132,0.0625,nan
27,17,0.0070134371532616264,0.0625,nan
27,18,0.0077396718219449705,0.125,nan
27,19,0.006699572639500134,0.0625,nan
27,20,0.0029720324833758787,0.0625,nan
27,21,0.003885766223574988,0.0625,nan
27,22,0.008903173457694206,0.125,nan
27,23,0.006791913762196621,0.125,nan
27,24,0.0028512662705215113,0.0625,nan
27,25,0.0016867295101614063,0.0625,nan
27,26,0.0034076504347273296,0.0625,nan
27,27,0.0060482912030416286,0.0,nan
27,28,0.0037852494066747044,0.125,nan
27,29,0.0020542922366777474,0.0625,nan
27,30,0.000901180280626801,0.125,nan
27,31,0.0062661031064348074,0.0625,nan
27,32,0.005563067134249859,0.0625,nan
27,33,0.0030126756166986915,0.125,nan
27,34,0.006662962026230466,0.0625,nan
27,35,0.003995612435156572,0.125,nan
27,36,0.21715604359996543,0.5,nan
27,37,0.0030770268529376277,0.125,nan
27,38,0.0020568449242099147,0.0625,nan
27,39,0.0059223851134436595,0.0,nan
27,40,0.0027529360497119634,0.0,nan
27,41,0.0033158168863603186,0.1875,nan
27,42,0.005616216651333451,0.125,nan
27,43,0.0035200238162389013,0.125,nan
27,44,0.005059467305809065,0.0,nan
27,45,0.0037401726090443583,0.0625,nan
27,46,0.0008610883997301522,0.125,nan
27,47,0.007314334591807254,0.0625,nan
27,48,0.004357834993672628,0.1875,nan
27,49,0.006080084591153518,0.0,nan
27,50,0.012722123606055648,0.25,nan
27,51,0.0031205429528474945,0.125,nan
27,52,0.004174498114080683,0.125,nan
27,53,0.005951562242930825,0.0625,nan
27,54,0.005818460214560414,0.0625,nan
27,55,0.005932350556381303,0.0,nan
27,56,0.008195676827913466,0.0,nan
27,57,0.012121115575370312,0.0,nan
27,58,0.0028104339063572317,0.0625,nan
27,59,0.00651815430932582,0.0,nan
27,60,0.0028097434578839404,0.0625,nan
27,61,0.00480464685557062,0.0625,nan
27,62,0.008312321848397794,0.0,nan
27,63,0.0033212599193499013,0.125,nan
27,64,0.005581002164362366,0.0,nan
27,65,0.005494549978856343,0.125,nan
27,66,0.005322559922750752,0.0,nan
27,67,0.0016558133910750967,0.0,nan
27,68,0.008621622866439149,0.0625,nan
27,69,0.006086064460687799,0.0625,nan
27,70,0.011404507687655321,0.0625,nan
27,71,0.003828532066895999,0.125,nan
27,72,0.004126521743611792,0.125,nan
27,73,0.00335083447658047,0.0625,nan
27,74,0.001924815293962395,0.125,nan
27,75,0.0035735853033986896,0.1875,nan
27,76,0.005244158192081435,0.0,nan
27,77,0.010413602493085164,0.0,nan
27,78,0.0039996060517407585,0.0625,nan
27,79,0.006227811910467461,0.0,nan
27,80,0.011400415019807781,0.125,nan
27,81,0.002807410472160403,0.125,nan
27,82,0.008652940432550323,0.125,nan
27,83,0.0017612737468206136,0.0625,nan
27,84,0.014314145319067845,0.125,nan
27,85,0.0025647697669169637,0.0625,nan
27,86,0.013508228896102132,0.0625,nan
27,87,0.0048378360208077495,0.1875,nan
27,88,0.005336082399811653,0.0625,nan
27,89,0.005946524935815055,0.0625,nan
27,90,0.003792513234842836,0.0,nan
27,91,0.0020097944618103665,0.0,nan
27,92,0.009585667716952398,0.0,nan
27,93,0.0030564429675979617,0.0625,nan
27,94,0.005436677101580913,0.1875,nan
27,95,0.004888305431038138,0.0625,nan
27,96,0.002414593553060039,0.0,nan
27,97,0.003616365948715886,0.125,nan
27,98,0.0034183874795502434,0.0,nan
27,99,0.002992800508582829,0.0625,nan
28,0,0.004561240118773179,0.125,nan
28,1,0.005849309583014984,0.0625,nan
28,2,0.0020345009040283373,0.0625,nan
28,3,0.0034423970252852364,0.0,nan
28,4,0.006810472395908413,0.125,nan
28,5,0.0037759876669887565,0.125,nan
28,6,0.001774847958044122,0.0625,nan
28,7,0.006693579474686871,0.0625,nan
28,8,0.0022201460112244854,0.0625,nan
28,9,0.0040659894746201,0.1875,nan
28,10,0.0014767349759853814,0.0625,nan
28,11,0.001382220693139329,0.0625,nan
28,12,0.04380343286757864,0.25,nan
28,13,0.0030326767026071025,0.1875,nan
28,14,0.005860460640877014,0.1875,nan
28,15,0.00353822124507681,0.0625,nan
28,16,0.004177189330365988,0.0625,nan
28,17,0.003954878986917319,0.0625,nan
28,18,0.004450811305046455,0.125,nan
28,19,0.0024340473306643214,0.0625,nan
28,20,0.00608526694210165,0.1875,nan
28,21,0.007652413915871322,0.1875,nan
28,22,0.003290399704579434,0.0625,nan
28,23,0.0017584619739283353,0.125,nan
28,24,0.0029845464678602343,0.0625,nan
28,25,0.004683857965201477,0.1875,nan
28,26,0.010269652601202852,0.125,nan
28,27,0.00315586713863275,0.125,nan
28,28,0.003498498636279215,0.125,nan
28,29,0.004927672982484494,0.0625,nan
28,30,0.006738511076521852,0.0625,nan
28,31,0.005173054464082503,0.1875,nan
28,32,0.00574877669132356,0.125,nan
28,33,0.00646429342649739,0.0625,nan
28,34,0.012017018660169104,0.125,nan
28,35,0.006501405559452318,0.1875,nan
28,36,0.11607682472078629,0.4375,nan
28,37,0.004230138707285669,0.1875,nan
28,38,0.008296594864629872,0.1875,nan
28,39,0.006844702595502956,0.0625,nan
28,40,0.0035812633359014133,0.0625,nan
28,41,0.005112560971631684,0.125,nan
28,42,0.004895515343480622,0.1875,nan
28,43,0.004903015148739635,0.125,nan
28,44,0.006416700765687606,0.0625,nan
28,45,0.0035374342632574886,0.1875,nan
28,46,0.010068341661037025,0.125,nan
28,47,0.0014673008244590641,0.1875,nan
28,48,0.004899752141970634,0.0625,nan
28,49,0.012381103989577504,0.125,nan
28,50,0.001896665019650533,0.0625,nan
28,51,0.005446654624311141,0.25,nan
28,52,0.009408369084693065,0.125,nan
28,53,0.0035336232556572094,0.1875,nan
28,54,0.005333852347055804,0.125,nan
28,55,0.005330427231814257,0.1875,nan
28,56,0.011149125951557143,0.3125,nan
28,57,0.014547751386926776,0.125,nan
28,58,0.0038197655105250347,0.1875,nan
28,59,0.010746602385461244,0.125,nan
28,60,0.004760877771485449,0.0625,nan
28,61,0.003103058279165711,0.1875,nan
28,62,0.004271794640874312,0.0625,nan
28,63,0.0017990576585106607,0.25,nan
28,64,0.008733771993618132,0.125,nan
28,65,0.007646652350480008,0.0625,nan
28,66,0.0025777720190433354,0.0625,nan
28,67,0.005267211675234203,0.125,nan
28,68,0.003057854914434082,0.1875,nan
28,69,0.016058082527242095,0.125,nan
28,70,0.0061790085046722724,0.1875,nan
28,71,0.008391806116656696,0.0625,nan
28,72,0.008862848783952054,0.125,nan
28,73,0.0066670978759823,0.1875,nan
28,74,0.007180174913295372,0.125,nan
28,75,0.00734537028945656,0.1875,nan
28,76,0.008403916258419172,0.0625,nan
28,77,0.005707413549685194,0.25,nan
28,78,0.0053820181858299735,0.0625,nan
28,79,0.007016656652217301,0.0625,nan
28,80,0.006438294968812725,0.1875,nan
28,81,0.00329365507028688,0.0625,nan
28,82,0.004189524029809304,0.125,nan
28,83,0.002530809901893553,0.125,nan
28,84,0.008702553691642856,0.125,nan
28,85,0.0038906413166117184,0.0625,nan
28,86,0.008267512692936314,0.1875,nan
28,87,0.0049170531994383645,0.0625,nan
28,88,0.0029055190414152337,0.1875,nan
28,89,0.012439031037312037,0.1875,nan
28,90,0.002881172695881393,0.0625,nan
28,91,0.017822840146522443,0.125,nan
28,92,0.0034725265541429577,0.125,nan
28,93,0.005097034088900477,0.1875,nan
28,94,0.008601871568232982,0.1875,nan
28,95,0.005407532284173096,0.125,nan
28,96,0.0022488696105638366,0.0625,nan
28,97,0.014110814415122748,0.125,nan
28,98,0.006045914015142963,0.1875,nan
28,99,0.00830231713562904,0.3125,nan
29,0,0.0036106440785969654,0.0625,nan
29,1,0.006796997192163738,0.0625,nan
29,2,0.004579560351201941,0.0625,nan
29,3,0.008106675454985677,0.1875,nan
29,4,0.021477904905615738,0.0625,nan
29,5,0.01837559573268408,0.0625,nan
29,6,0.018706408933742723,0.0625,nan
29,7,0.00821058360176558,0.1875,nan
29,8,0.006063370033989148,0.0625,nan
29,9,0.008445149945707994,0.0625,nan
29,10,0.009196765050192995,0.0625,nan
29,11,0.0036764845175405914,0.0625,nan
29,12,0.009760939844203731,0.25,nan
29,13,0.009268687311155658,0.0,nan
29,14,0.006571743153546301,0.0,nan
29,15,0.007081475599645649,0.0625,nan
29,16,0.007565715858014799,0.0625,nan
29,17,0.008432103610668151,0.0625,nan
29,18,0.008753912831089814,0.1875,nan
29,19,0.00891140109909406,0.25,nan
29,20,0.009924650786048733,0.0,nan
29,21,0.015714223692928738,0.0625,nan
29,22,0.007585471310051194,0.0625,nan
29,23,0.01381961759116713,0.1875,nan
29,24,0.025980595594466936,0.3125,nan
29,25,0.014648304051033284,0.1875,nan
29,26,0.0058718726861499634,0.0,nan
29,27,0.009264680315190808,0.1875,nan
29,28,0.006415327648869184,0.125,nan
29,29,0.01627749370867502,0.0625,nan
29,30,0.01337338905774002,0.0,nan
29,31,0.0183863924751847,0.0,nan
29,32,0.02090830218981445,0.125,nan
29,33,0.009175939399286155,0.0,nan
29,34,0.01027660370892347,0.125,nan
29,35,0.015255830100734863,0.1875,nan
29,36,0.018421256343569982,0.1875,nan
29,37,0.010539297690175423,0.125,nan
29,38,0.007847931856928036,0.1875,nan
29,39,0.013270211777530008,0.125,nan
29,40,0.008448302608991652,0.0,nan
29,41,0.0016632313385254256,0.0625,nan
29,42,0.003419202944659084,0.125,nan
29,43,0.0233841377738982,0.0625,nan
29,44,0.0072990771423320725,0.0,nan
29,45,0.008413640746573227,0.0625,nan
29,46,0.010662985218759635,0.1875,nan
29,47,0.0032478984347272433,0.0625,nan
29,48,0.015098884468249085,0.0,nan
29,49,0.013428049958080928,0.0625,nan
29,50,0.013209611611042872,0.125,nan
29,51,0.005333202969186799,0.0625,nan
29,52,0.007900197754901018,0.0625,nan
29,53,0.035381626682036676,0.1875,nan
29,54,0.013959697550337482,0.0,nan
29,55,0.00861360019800258,0.1875,nan
29,56,0.012658321171149768,0.0625,nan
29,57,0.01047277970492089,0.0625,nan
29,58,0.009848301191890566,0.0625,nan
29,59,0.007294431834826606,0.1875,nan
29,60,0.004921749007793434,0.0,nan
29,61,0.010773008785453873,0.0625,nan
29,62,0.005227968063300046,0.0625,nan
29,63,0.007662230269398718,0.125,nan
29,64,0.004080072417123685,0.0625,nan
29,65,0.017313803352794286,0.1875,nan
29,66,0.005823836457071415,0.0,nan
29,67,0.009248921763638153,0.1875,nan
29,68,0.00646190665959031,0.125,nan
29,69,0.017291086538950614,0.1875,nan
29,70,0.01577284257051079,0.1875,nan
29,71,0.02585613173730602,0.1875,nan
29,72,0.004919321702473678,0.125,nan
29,73,0.01709179197948371,0.0625,nan
29,74,0.008607454699350939,0.125,nan
29,75,0.014227441072494462,0.0625,nan
29,76,0.012910061970502143,0.0,nan
29,77,0.013604530659897968,0.1875,nan
29,78,0.006157557368580592,0.0625,nan
29,79,0.014971299012630359,0.0625,nan
29,80,0.018723774556626847,0.0,nan
29,81,0.00298569708115619,0.0,nan
29,82,0.005441258292838431,0.0,nan
29,83,0.0054364413487291725,0.0,nan
29,84,0.013236098014477723,0.0625,nan
29,85,0.004821809524905785,0.25,nan
29,86,0.03345902589928445,0.1875,nan
29,87,0.015186047044931334,0.0,nan
29,88,0.011936314898362558,0.0,nan
29,89,0.016343445230251427,0.0625,nan
29,90,0.00599220611027783,0.125,nan
29,91,0.006145605702849678,0.0625,nan
29,92,0.0034916012084907143,0.125,nan
29,93,0.014649480449191447,0.0625,nan
29,94,0.005357415532704857,0.1875,nan
29,95,0.004198735626987039,0.125,nan
29,96,0.009075332917833457,0.0625,nan
29,97,0.01035888179915389,0.0,nan
29,98,0.007724831421890114,0.125,nan
29,99,0.004521298116614264,0.0,nan
30,0,0.017864084096843248,0.1875,nan
30,1,0.015108295742327513,0.0,nan
30,2,0.01453729770435842,0.1875,nan
30,3,0.006872478026519963,0.125,nan
30,4,0.011464862573964807,0.0625,nan
30,5,0.006597404860935285,0.0,nan
30,6,0.011180050795136443,0.0,nan
30,7,0.008133933218802784,0.0625,nan
30,8,0.010822255563414401,0.0,nan
30,9,0.01626505700435793,0.0,nan
30,10,0.032041747507970425,0.0,nan
30,11,0.013018438422119074,0.0,nan
30,12,0.05505212430746485,0.125,nan
30,13,0.019700225361117915,0.0625,nan
30,14,0.006009005795607331,0.0625,nan
30,15,0.012116240938886476,0.0,nan
30,16,0.012206465457864751,0.0,nan
30,17,0.019978437360788914,0.1875,nan
30,18,0.04054906179433425,0.25,nan
30,19,0.006278958341626391,0.0625,nan
30,20,0.006750158620732244,0.0,nan
30,21,0.01262338486598201,0.125,nan
30,22,0.03298091712229905,0.1875,nan
30,23,0.012429239343207665,0.125,nan
30,24,0.03353123414351774,0.1875,nan
30,25,0.009118574900184508,0.125,nan
30,26,0.0042456424087840006,0.0625,nan
30,27,0.0062344999090572055,0.0,nan
30,28,0.012450896783411864,0.0625,nan
30,29,0.03613984122142695,0.1875,nan
30,30,0.0125767751883588,0.0625,nan
30,31,0.009490365312779907,0.0625,nan
30,32,0.013587583935456716,0.0,nan
30,33,0.01553737145979146,0.0625,nan
30,34,0.02791888180210505,0.1875,nan
30,35,0.006136105332950212,0.0625,nan
30,36,0.23825414374494824,0.5625,nan
30,37,0.010068348184676439,0.0,nan
30,38,0.011163979795615855,0.0625,nan
30,39,0.013168698697042248,0.0625,nan
30,40,0.007254691150698366,0.0,nan
30,41,0.023879766555701315,0.0625,nan
30,42,0.008804721403261717,0.0625,nan
30,43,0.0502845481378453,0.375,nan
30,44,0.02222533368067034,0.1875,nan
30,45,0.013565688954669922,0.0,nan
30,46,0.011503539704450703,0.125,nan
30,47,0.004973291543431499,0.0625,nan
30,48,0.019434872487040306,0.0625,nan
30,49,0.012614572541051713,0.0,nan
30,50,0.008758386387815897,0.0625,nan
30,51,0.007169307378564485,0.0625,nan
30,52,0.01696438572315894,0.0,nan
30,53,0.014538505297062255,0.0,nan
30,54,0.022407183310320322,0.0625,nan
30,55,0.009026830798782866,0.0625,nan
30,56,0.004990296621732934,0.0,nan
30,57,0.01558202370469116,0.125,nan
30,58,0.014282461949575824,0.0625,nan
30,59,0.013198102192367153,0.1875,nan
30,60,0.005608610081415313,0.0,nan
30,61,0.007381930638000712,0.0625,nan
30,62,0.019051025912227827,0.0625,nan
30,63,0.009294650882724968,0.0,nan
30,64,0.012449498709484037,0.125,nan
30,65,0.009376748716145595,0.0625,nan
30,66,0.010285624379146013,0.0,nan
30,67,0.030062481231341334,0.1875,nan
30,68,0.01153719765518565,0.0625,nan
30,69,0.03270848472829124,0.1875,nan
30,70,0.008924904790969156,0.125,nan
30,71,0.008113059320063194,0.0,nan
30,72,0.009926321239886187,0.125,nan
30,73,0.0029503043832663734,0.125,nan
30,74,0.013908025736520724,0.0,nan
30,75,0.03164074468968519,0.0625,nan
30,76,0.009843596599471718,0.0625,nan
30,77,0.010478495496490048,0.0625,nan
30,78,0.022087850431476454,0.1875,nan
30,79,0.012517511954167958,0.0,nan
30,80,0.017898658872179687,0.0625,nan
30,81,0.01176738285686059,0.0625,nan
30,82,0.021730958628733733,0.125,nan
30,83,0.006166153044443826,0.0,nan
30,84,0.006096065596165615,0.0625,nan
30,85,0.02803527955325804,0.1875,nan
30,86,0.020823049284934253,0.25,nan
30,87,0.021059237390796695,0.1875,nan
30,88,0.007190097515938558,0.125,nan
30,89,0.008496384286765291,0.1875,nan
30,90,0.004067185649653105,0.0625,nan
30,91,0.015097388730755607,0.0625,nan
30,92,0.015878320165445117,0.0625,nan
30,93,0.006970703273783451,0.0,nan
30,94,0.009455267230058963,0.125,nan
30,95,0.007894863389917307,0.0625,nan
30,96,0.012663420690383979,0.25,nan
30,97,0.006220841270637987,0.0625,nan
30,98,0.017391001846346385,0.0625,nan
30,99,0.012385452516019864,0.3125,nan
31,0,0.009155038454897117,0.1875,nan
31,1,0.021918388874369706,0.125,nan
31,2,0.013439889764518983,0.0625,nan
31,3,0.028271652460890223,0.1875,nan
31,4,0.013609047133764082,0.125,nan
31,5,0.012305788620733112,0.25,nan
31,6,0.031050319348833705,0.1875,nan
31,7,0.011954027313830124,0.125,nan
31,8,0.013237441354509136,0.125,nan
31,9,0.008966740665521191,0.125,nan
31,10,0.011386624021672776,0.1875,nan
31,11,0.02497380353710725,0.125,nan
31,12,0.042760685896837985,0.25,nan
31,13,0.02254824409179751,0.125,nan
31,14,0.020500489502633196,0.125,nan
31,15,0.010977379531166334,0.125,nan
31,16,0.015107991815399933,0.1875,nan
31,17,0.007099619662159476,0.1875,nan
31,18,0.007773810290689275,0.0,nan
31,19,0.032984665727021086,0.3125,nan
31,20,0.023379345010446535,0.25,nan
31,21,0.03650532596144165,0.3125,nan
31,22,0.02117804214852873,0.25,nan
31,23,0.010661154276029192,0.1875,nan
31,24,0.005709998530139289,0.125,nan
31,25,0.019994703053092623,0.1875,nan
31,26,0.026461636614903503,0.1875,nan
31,27,0.0322982097609364,0.375,nan
31,28,0.029296503098783372,0.125,nan
31,29,0.03398937785332935,0.125,nan
31,30,0.08786209386552148,0.4375,nan
31,31,0.03364727705757949,0.125,nan
31,32,0.025180933755363698,0.0625,nan
31,33,0.0351710774698088,0.125,nan
31,34,0.011836659837115193,0.1875,nan
31,35,0.010008553413194052,0.0,nan
31,36,0.5815008760923521,0.75,nan
31,37,0.02963862100013099,0.0625,nan
31,38,0.04220837141405406,0.125,nan
31,39,0.006974502256297764,0.1875,nan
31,40,0.026553890978983412,0.125,nan
31,41,0.017924191008317145,0.25,nan
31,42,0.011209895127714526,0.125,nan
31,43,0.0174646054929747,0.0625,nan
31,44,0.045317367252413136,0.375,nan
31,45,0.01840080430454645,0.125,nan
31,46,0.014922581639471784,0.0625,nan
31,47,0.06691239205594128,0.25,nan
31,48,0.02645210637955436,0.125,nan
31,49,0.03285389724370865,0.1875,nan
31,50,0.015024909423155906,0.0,nan
31,51,0.025872979096815164,0.25,nan
31,52,0.011934917362388782,0.25,nan
31,53,0.0133208462748727,0.125,nan
31,54,0.0170219097985602,0.3125,nan
31,55,0.10513853252157679,0.3125,nan
31,56,0.03485343262112367,0.25,nan
31,57,0.02578395068473699,0.125,nan
31,58,0.022105422701401287,0.125,nan
31,59,0.07026891950436616,0.375,nan
31,60,0.04065194703453337,0.1875,nan
31,61,0.012774830998614727,0.0625,nan
31,62,0.019711175893272214,0.125,nan
31,63,0.00920905004847698,0.1875,nan
31,64,0.030237168770620992,0.125,nan
31,65,0.021420754420302324,0.1875,nan
31,66,0.025861378541525322,0.1875,nan
31,67,0.018821595022228126,0.125,nan
31,68,0.01155706043702098,0.125,nan
31,69,0.022789812069441688,0.125,nan
31,70,0.054004699135213385,0.375,nan
31,71,0.032255600215657786,0.1875,nan
31,72,0.013401649688354528,0.1875,nan
31,73,0.01123289650395262,0.1875,nan
31,74,0.027565072600260976,0.3125,nan
31,75,0.012191737251557993,0.1875,nan
31,76,0.013529166649419146,0.0625,nan
31,77,0.018134453913391795,0.125,nan
31,78,0.011503945961596537,0.125,nan
31,79,0.050030852644953175,0.25,nan
31,80,0.01676271846022511,0.125,nan
31,81,0.02940787683493519,0.125,nan
31,82,0.01878349174719122,0.1875,nan
31,83,0.023709035921654,0.3125,nan
31,84,0.010474948261463196,0.0625,nan
31,85,0.018088478728614726,0.25,nan
31,86,0.05103899998313309,0.25,nan
31,87,0.010981098730180234,0.125,nan
31,88,0.02818359913726482,0.3125,nan
31,89,0.015364286929260583,0.1875,nan
31,90,0.018679975628900513,0.1875,nan
31,91,0.010302541429231937,0.1875,nan
31,92,0.02033960221302725,0.125,nan
31,93,0.021169861258726802,0.25,nan
31,94,0.023608301876021837,0.25,nan
31,95,0.01444795820815126,0.125,nan
31,96,0.024777774709538434,0.1875,nan
31,97,0.014655798266171173,0.0625,nan
31,98,0.006864798301034982,0.0625,nan
31,99,0.12243815755759146,0.4375,nan
32,0,0.030825389959736126,0.25,nan
32,1,0.010740574801522813,0.1875,nan
32,2,0.014892947831656105,0.1875,nan
32,3,0.05532238201645155,0.25,nan
32,4,0.016066254038468366,0.25,nan
32,5,0.017900054419406987,0.125,nan
32,6,0.0173819508230363,0.0625,nan
32,7,0.019031822748000443,0.0625,nan
32,8,0.008401288455965189,0.1875,nan
32,9,0.02304553107797421,0.375,nan
32,10,0.032215846141430554,0.3125,nan
32,11,0.004989709092384612,0.125,nan
32,12,0.030075200979185264,0.25,nan
32,13,0.00944106605627047,0.3125,nan
32,14,0.014099029805548334,0.125,nan
32,15,0.01091107678421097,0.0,nan
32,16,0.010424918073228727,0.1875,nan
32,17,0.016132915613676996,0.25,nan
32,18,0.013339501745155209,0.1875,nan
32,19,0.005436138813629537,0.3125,nan
32,20,0.035782104821953514,0.125,nan
32,21,0.012253779843068024,0.125,nan
32,22,0.011517309600528295,0.125,nan
32,23,0.007438928904921337,0.0625,nan
32,24,0.006576141358009876,0.1875,nan
32,25,0.0396000131402698,0.3125,nan
32,26,0.013266160710513376,0.25,nan
32,27,0.02631411510814772,0.125,nan
32,28,0.02927144592267712,0.25,nan
32,29,0.010067428217767767,0.1875,nan
32,30,0.011137530227479516,0.125,nan
32,31,0.01374513395305714,0.125,nan
32,32,0.014073517798684057,0.125,nan
32,33,0.01685306001428217,0.1875,nan
32,34,0.01309108927373109,0.1875,nan
32,35,0.014347195643220668,0.1875,nan
32,36,0.18509566165509425,0.5,nan
32,37,0.037357332960096246,0.125,nan
32,38,0.04578153485870328,0.3125,nan
32,39,0.01477062258815204,0.125,nan
32,40,0.008355304038722788,0.125,nan
32,41,0.017245588124728865,0.25,nan
32,42,0.019287008522033043,0.125,nan
32,43,0.010443118933360834,0.1875,nan
32,44,0.013332443739146998,0.1875,nan
32,45,0.009135307346078557,0.0625,nan
32,46,0.03507963805767296,0.25,nan
32,47,0.01771087113854248,0.3125,nan
32,48,0.020950769764990797,0.0625,nan
32,49,0.02201932962883494,0.0625,nan
32,50,0.015752671072964693,0.125,nan
32,51,0.03140346317323334,0.3125,nan
32,52,0.013255704049908288,0.0625,nan
32,53,0.010438974412648195,0.125,nan
32,54,0.02634760505648335,0.1875,nan
32,55,0.01982315350450499,0.3125,nan
32,56,0.013722821740353539,0.125,nan
32,57,0.009025922067002493,0.1875,nan
32,58,0.007497396730424967,0.25,nan
32,59,0.012222414255333908,0.1875,nan
32,60,0.018004314167775936,0.125,nan
32,61,0.008653416353100876,0.1875,nan
32,62,0.018782709302384158,0.125,nan
32,63,0.007024474221665065,0.125,nan
32,64,0.013227588154490115,0.125,nan
32,65,0.010038128554640691,0.1875,nan
32,66,0.013610992621488923,0.1875,nan
32,67,0.007150163637689399,0.1875,nan
32,68,0.020731316354995505,0.125,nan
32,69,0.013189484741865896,0.0,nan
32,70,0.07462068209440739,0.3125,nan
32,71,0.016382206428167755,0.3125,nan
32,72,0.013866134749052798,0.0625,nan
32,73,0.013500029243863194,0.25,nan
32,74,0.014039304549014475,0.1875,nan
32,75,0.012211537794464487,0.25,nan
32,76,0.014006786000547656,0.25,nan
32,77,0.01163708948521881,0.1875,nan
32,78,0.01970638063529833,0.1875,nan
32,79,0.03733344457682492,0.1875,nan
32,80,0.022529608672387194,0.125,nan
32,81,0.015465787283286365,0.0625,nan
32,82,0.01561955429905083,0.1875,nan
32,83,0.026614500443282015,0.0625,nan
32,84,0.014790816347787523,0.0625,nan
32,85,0.005355311094195114,0.0625,nan
32,86,0.010041106909828354,0.1875,nan
32,87,0.01995619595191455,0.25,nan
32,88,0.01802154538685062,0.1875,nan
32,89,0.011210734055603577,0.25,nan
32,90,0.018074503920042333,0.1875,nan
32,91,0.008897035115758761,0.125,nan
32,92,0.011898485601857004,0.125,nan
32,93,0.02648581756231553,0.3125,nan
32,94,0.010279448694695483,0.3125,nan
32,95,0.01640874208804747,0.125,nan
32,96,0.01676252080120523,0.3125,nan
32,97,0.00793911287863752,0.0,nan
32,98,0.01453209768225541,0.25,nan
32,99,0.0334923723914444,0.1875,nan
33,0,0.00096609219138982,0.0,nan
33,1,0.001381575278823044,0.0,nan
33,2,0.0018355648832670442,0.0,nan
33,3,0.0006768266910214527,0.0,nan
33,4,0.0007741063229867405,0.0,nan
33,5,0.002182265421281991,0.0,nan
33,6,0.0024305803862240856,0.0,nan
33,7,0.0029249053152019576,0.0625,nan
33,8,0.0010887797070413636,0.0,nan
33,9,0.0011960706120077635,0.0,nan
33,10,0.002129377402157855,0.0,nan
33,11,0.0005193508312145927,0.0625,nan
33,12,0.0012305390033867493,0.0,nan
33,13,0.00174642077445649,0.0,nan
33,14,0.0012665554739449956,0.0,nan
33,15,0.005203474721428496,0.0625,nan
33,16,0.0007319987738288027,0.0,nan
33,17,0.001973504243535561,0.0,nan
33,18,0.0012292821176549563,0.0,nan
33,19,0.001052734349431731,0.0,nan
33,20,0.0011515906424384066,0.0,nan
33,21,0.0008845087070438083,0.0625,nan
33,22,0.0008480200348240178,0.0,nan
33,23,0.0022615698743641637,0.0,nan
33,24,0.0009396018310464272,0.0,nan
33,25,0.0031420534827022962,0.0,nan
33,26,0.0007282126849674814,0.0625,nan
33,27,0.0010992356543753667,0.0,nan
33,28,0.001873589032353373,0.0,nan
33,29,0.0013229773634815224,0.0,nan
33,30,0.003006410049091991,0.0,nan
33,31,0.000611888893152374,0.0,nan
33,32,0.0012107975920309943,0.0625,nan
33,33,0.00199478332497018,0.0625,nan
33,34,0.0011513640092858412,0.0625,nan
33,35,0.0022914806120115866,0.0,nan
33,36,0.011030730633271915,0.3125,nan
33,37,0.0012198670336724354,0.0,nan
33,38,0.0025861354922544827,0.0,nan
33,39,0.0014083001122069403,0.0,nan
33,40,0.0016001332410810463,0.0,nan
33,41,0.0005628570616209789,0.0,nan
33,42,0.002457959517126244,0.0,nan
33,43,0.0017091667474891216,0.0,nan
33,44,0.0017403059536478572,0.0,nan
33,45,0.0011961969004530377,0.0,nan
33,46,0.0015511797604935867,0.0,nan
33,47,0.0016614509419868124,0.0,nan
33,48,0.0004888847369574925,0.0,nan
33,49,0.003327735633966434,0.0,nan
33,50,0.0013119815968799312,0.0,nan
33,51,0.00149240744819662,0.0,nan
33,52,0.0025852353196517035,0.0,nan
33,53,0.0012478607272799064,0.0,nan
33,54,0.0005108560306774651,0.0,nan
33,55,0.0011240406558420768,0.0,nan
33,56,0.001135409174746191,0.0,nan
33,57,0.0018540749998489294,0.0,nan
33,58,0.000870855372287653,0.0,nan
33,59,0.0011485665944062065,0.0625,nan
33,60,0.001364847681162053,0.0,nan
33,61,0.001028338754820079,0.0,nan
33,62,0.001207642636704042,0.0,nan
33,63,0.001190130006746276,0.0,nan
33,64,0.0006176060088686831,0.0,nan
33,65,0.0024071514471021615,0.0,nan
33,66,0.0010892105694287023,0.0,nan
33,67,0.0016989070666298062,0.0,nan
33,68,0.0009569135414055852,0.0,nan
33,69,0.000494737995767845,0.0,nan
33,70,0.0034412915076728204,0.0,nan
33,71,0.0018487170641980646,0.0,nan
33,72,0.002613013429023146,0.0,nan
33,73,0.0028374637810088124,0.0,nan
33,74,0.001064250793102896,0.0,nan
33,75,0.0058394360510035884,0.0625,nan
33,76,0.0023926783809393552,0.0,nan
33,77,0.0009777577331701879,0.0,nan
33,78,0.001574548853761582,0.0,nan
33,79,0.0016857133812935307,0.0,nan
33,80,0.0018366935396027274,0.0,nan
33,81,0.0019802019430030728,0.0,nan
33,82,0.002289887333445732,0.0,nan
33,83,0.0035433982591574656,0.0625,nan
33,84,0.0029451332062459053,0.125,nan
33,85,0.0008384643183355289,0.0625,nan
33,86,0.0031487585967142477,0.0,nan
33,87,0.0007434892977829176,0.0,nan
33,88,0.002634141043493858,0.0,nan
33,89,0.0027248366395112413,0.0,nan
33,90,0.0010526732656992608,0.0,nan
33,91,0.0034024169664626253,0.0625,nan
33,92,0.0021907972206685095,0.0,nan
33,93,0.0017635847686098488,0.0,nan
33,94,0.0010166560726277765,0.0,nan
33,95,0.0012972817802520992,0.0625,nan
33,96,0.0033796012227760874,0.0,nan
33,97,0.0008215979436490479,0.0,nan
33,98,0.0009285761596984814,0.0,nan
33,99,0.006799217702986922,0.1875,nan
34,0,0.001068379811745407,0.0,nan
34,1,0.0015730880193769961,0.0,nan
34,2,0.0007129393021809097,0.0625,nan
34,3,0.0012273330625843116,0.0,nan
34,4,0.0022177448884890217,0.0,nan
34,5,0.0012340664032841316,0.0625,nan
34,6,0.0008684833335726357,0.0625,nan
34,7,0.0015370865750540517,0.0,nan
34,8,0.0006740879262463285,0.0,nan
34,9,0.0017196801809081371,0.0,nan
34,10,0.0015641919692383128,0.0,nan
34,11,0.001425879004485258,0.0,nan
34,12,0.0015603263931035,0.125,nan
34,13,0.0024662376344077564,0.0,nan
34,14,0.0011301100106974342,0.0,nan
34,15,0.0007053577654793349,0.125,nan
34,16,0.0020776363047651587,0.0,nan
34,17,0.0015849956100945355,0.0625,nan
34,18,0.0005632414505347309,0.0,nan
34,19,0.0005943113349127216,0.125,nan
34,20,0.0008729434110649865,0.0625,nan
34,21,0.0012986260339977644,0.0,nan
34,22,0.0026286703262492286,0.0625,nan
34,23,0.0013894683672866777,0.0625,nan
34,24,0.0008417319916887076,0.0,nan
34,25,0.0016819762202267682,0.0,nan
34,26,0.001302139339424674,0.0625,nan
34,27,0.0017527882237911613,0.0625,nan
34,28,0.003864112822683713,0.0625,nan
34,29,0.0010969585328548213,0.0625,nan
34,30,0.0031703550794920598,0.25,nan
34,31,0.0005512510616577965,0.0625,nan
34,32,0.004571560451200601,0.0,nan
34,33,0.002730538293774304,0.0,nan
34,34,0.0006567962387348978,0.0625,nan
34,35,0.0009418854103016469,0.0625,nan
34,36,0.19589055425978547,0.5625,nan
34,37,0.0009530595585550384,0.0625,nan
34,38,0.0018525610350630078,0.0625,nan
34,39,0.0016397851312314406,0.0625,nan
34,40,0.003535815770592185,0.0,nan
34,41,0.002708895524119155,0.0,nan
34,42,0.0012283668574169554,0.125,nan
34,43,0.0010303703896248633,0.0,nan
34,44,0.00078795851453474,0.0625,nan
34,45,0.0008317305714192874,0.0,nan
34,46,0.002435951036301648,0.125,nan
34,47,0.0019076953554567006,0.0,nan
34,48,0.0010195914666907091,0.0,nan
34,49,0.0017549358587440286,0.0625,nan
34,50,0.0015553724830736791,0.0,nan
34,51,0.001316578880193103,0.0625,nan
34,52,0.0017935036539800104,0.0625,nan
34,53,0.0006908122509551634,0.125,nan
34,54,0.00262827015147285,0.0625,nan
34,55,0.0016725363478993951,0.0625,nan
34,56,0.0007804925578734432,0.0,nan
34,57,0.0018609506844574492,0.0,nan
34,58,0.0014648528585762296,0.0625,nan
34,59,0.0018127015587095243,0.0,nan
34,60,0.0009154279679328375,0.0,nan
34,61,0.0009759212980540387,0.0,nan
34,62,0.0014771157135962736,0.0625,nan
34,63,0.0011933408042353092,0.0625,nan
34,64,0.003364786562138837,0.0625,nan
34,65,0.0008446075177621257,0.0,nan
34,66,0.0007583448747447648,0.0,nan
34,67,0.0007947219215422108,0.0,nan
34,68,0.0008388601020928952,0.0625,nan
34,69,0.000523254917898727,0.0,nan
34,70,0.0013583723166134668,0.125,nan
34,71,0.0017069015204313862,0.0,nan
34,72,0.000706483352120824,0.0625,nan
34,73,0.0020177181325898596,0.0625,nan
34,74,0.0006152192913777119,0.0625,nan
34,75,0.0007931982350890514,0.0625,nan
34,76,0.0017185264120758493,0.0625,nan
34,77,0.001774928936762933,0.0625,nan
34,78,0.0016447300565783913,0.0,nan
34,79,0.0009438786953145871,0.0625,nan
34,80,0.0021759099075862962,0.0625,nan
34,81,0.0024721353195993616,0.0,nan
34,82,0.0009462653620298854,0.0,nan
34,83,0.001218725924240434,0.0625,nan
34,84,0.001531747836001027,0.0,nan
34,85,0.001712199547637927,0.0,nan
34,86,0.0017258386675133724,0.125,nan
34,87,0.0017030122592750084,0.0,nan
34,88,0.0008082805554032708,0.0,nan
34,89,0.0011037166987368898,0.0625,nan
34,90,0.0010280309164505462,0.0,nan
34,91,0.004158923687601624,0.0,nan
34,92,0.00467425978929758,0.0,nan
34,93,0.001313499465267261,0.0,nan
34,94,0.001622851367802811,0.0625,nan
34,95,0.0019057406206387257,0.125,nan
34,96,0.0013038832937514787,0.1875,nan
34,97,0.0015884569723374556,0.0625,nan
34,98,0.0028337875247764137,0.125,nan
34,99,0.0016456323819672867,0.125,nan
35,0,0.006483645088320344,0.0625,nan
35,1,0.004088394581936263,0.3125,nan
35,2,0.006729366631396647,0.125,nan
35,3,0.01413817098930357,0.1875,nan
35,4,0.020561273539742686,0.1875,nan
35,5,0.013191202771273657,0.25,nan
35,6,0.020887305992501024,0.25,nan
35,7,0.004468970773389123,0.125,nan
35,8,0.006352736468684608,0.0625,nan
35,9,0.011035104244771003,0.125,nan
35,10,0.014324795855881969,0.25,nan
35,11,0.016960440525908626,0.125,nan
35,12,0.011136409163854055,0.125,nan
35,13,0.015596948868768822,0.25,nan
35,14,0.018345642160925664,0.25,nan
35,15,0.016701385720244915,0.3125,nan
35,16,0.007338717358259229,0.25,nan
35,17,0.012997024177076336,0.375,nan
35,18,0.020555280983876406,0.1875,nan
35,19,0.026267553844239174,0.125,nan
35,20,0.008029394378944324,0.25,nan
35,21,0.006523058548512994,0.0625,nan
35,22,0.013252309648639944,0.125,nan
35,23,0.01729787751755926,0.25,nan
35,24,0.01668489550443023,0.1875,nan
35,25,0.013430613177904305,0.125,nan
35,26,0.008774717618293168,0.1875,nan
35,27,0.01119621721402806,0.25,nan
35,28,0.006777050114112936,0.1875,nan
35,29,0.004019522137922479,0.25,nan
35,30,0.006631097268791882,0.0625,nan
35,31,0.007329317387495428,0.1875,nan
35,32,0.006852509625520607,0.125,nan
35,33,0.008981168588386275,0.1875,nan
35,34,0.010885022615700167,0.25,nan
35,35,0.006488580619375335,0.1875,nan
35,36,0.4200874400139142,0.5625,nan
35,37,0.007957512686458154,0.25,nan
35,38,0.0037809416073626726,0.25,nan
35,39,0.017392435701913383,0.125,nan
35,40,0.005388836229399097,0.25,nan
35,41,0.013048450973201155,0.25,nan
35,42,0.010445970052352094,0.1875,nan
35,43,0.007389714310949512,0.1875,nan
35,44,0.00448105529837985,0.125,nan
35,45,0.002191550356591065,0.125,nan
35,46,0.018896782490561155,0.1875,nan
35,47,0.023947511171955566,0.25,nan
35,48,0.004666476341799733,0.0625,nan
35,49,0.0038776265608535514,0.1875,nan
35,50,0.006442687829113822,0.125,nan
35,51,0.0043568721127272714,0.125,nan
35,52,0.01679860830181835,0.25,nan
35,53,0.006360108471275185,0.1875,nan
35,54,0.008679594400487704,0.125,nan
35,55,0.016575859292784205,0.0625,nan
35,56,0.024586649984155176,0.25,nan
35,57,0.01685937314777851,0.1875,nan
35,58,0.012602705067729938,0.25,nan
35,59,0.00414190363700533,0.1875,nan
35,60,0.005576487461746184,0.125,nan
35,61,0.002541503846455348,0.125,nan
35,62,0.005830358900963488,0.25,nan
35,63,0.006493992397205861,0.1875,nan
35,64,0.006145329854297063,0.1875,nan
35,65,0.004101904952852237,0.1875,nan
35,66,0.013608813546809664,0.1875,nan
35,67,0.008085291011298028,0.0625,nan
35,68,0.004921540200118058,0.25,nan
35,69,0.01772283821759027,0.1875,nan
35,70,0.01203258731229222,0.3125,nan
35,71,0.02227096240644421,0.3125,nan
35,72,0.004400727925451833,0.3125,nan
35,73,0.006226638978428697,0.1875,nan
35,74,0.01778580615100063,0.1875,nan
35,75,0.024439750287561172,0.125,nan
35,76,0.01159908087399631,0.3125,nan
35,77,0.01699588767508826,0.3125,nan
35,78,0.0018606706199882559,0.125,nan
35,79,0.017028803842820288,0.125,nan
35,80,0.01081749400100255,0.1875,nan
35,81,0.007600332807241461,0.0625,nan
35,82,0.0033141910757368788,0.1875,nan
35,83,0.0021038342603530323,0.125,nan
35,84,0.009878781548480774,0.125,nan
35,85,0.0790389594326782,0.25,nan
35,86,0.004999077581544201,0.3125,nan
35,87,0.015751665223446735,0.1875,nan
35,88,0.028865294181998916,0.25,nan
35,89,0.016313034159545547,0.1875,nan
35,90,0.0054100211186619614,0.25,nan
35,91,0.01570566964713083,0.25,nan
35,92,0.004718710449083884,0.1875,nan
35,93,0.011182119642745307,0.1875,nan
35,94,0.009603856179301366,0.1875,nan
35,95,0.007413481182781202,0.25,nan
35,96,0.00784327137370283,0.1875,nan
35,97,0.0034643777764425516,0.125,nan
35,98,0.013305309273045296,0.1875,nan
35,99,0.008097753720593643,0.125,nan
36,0,0.021470131612600377,0.125,nan
36,1,0.028522870608745914,0.25,nan
36,2,0.009726135549407149,0.1875,nan
36,3,0.0067497517065036846,0.0625,nan
36,4,0.00875976299132138,0.125,nan
36,5,0.006049102229045665,0.125,nan
36,6,0.006487845234117847,0.125,nan
36,7,0.02728058672725296,0.125,nan
36,8,0.0072672518491885,0.125,nan
36,9,0.008890395172992671,0.0625,nan
36,10,0.012514317975875221,0.1875,nan
36,11,0.015446108213747586,0.1875,nan
36,12,0.04039959553018307,0.1875,nan
36,13,0.020739837155419633,0.0625,nan
36,14,0.014135272274461711,0.1875,nan
36,15,0.018857597713462015,0.125,nan
36,16,0.008381924552845414,0.125,nan
36,17,0.025899212894871702,0.1875,nan
36,18,0.00807758291665783,0.125,nan
36,19,0.008790044753205748,0.0625,nan
36,20,0.02882989104048161,0.1875,nan
36,21,0.023384062848136093,0.25,nan
36,22,0.01187480295814212,0.125,nan
36,23,0.01856119037419529,0.1875,nan
36,24,0.02437602268998991,0.25,nan
36,25,0.008748960790056007,0.125,nan
36,26,0.019215042895410702,0.125,nan
36,27,0.014862337456388885,0.25,nan
36,28,0.012783129171664662,0.1875,nan
36,29,0.01659634149633507,0.0625,nan
36,30,0.014425475620139804,0.25,nan
36,31,0.020124146140380588,0.0625,nan
36,32,0.00676989341458197,0.25,nan
36,33,0.023749657594265876,0.0,nan
36,34,0.0577834891090926,0.1875,nan
36,35,0.011220953334305648,0.0625,nan
36,36,0.2566470372264172,0.5625,nan
36,37,0.0068549415252967955,0.0625,nan
36,38,0.01167742186032314,0.125,nan
36,39,0.017913331732861255,0.125,nan
36,40,0.005873912396826611,0.0625,nan
36,41,0.004802151720293576,0.1875,nan
36,42,0.007193742987267832,0.1875,nan
36,43,0.024091320577576916,0.3125,nan
36,44,0.03224273484132884,0.125,nan
36,45,0.011542512931758434,0.125,nan
36,46,0.024035372199726898,0.1875,nan
36,47,0.021340607277002745,0.125,nan
36,48,0.008132597660409031,0.125,nan
36,49,0.01391790309655093,0.125,nan
36,50,0.01572744801428584,0.0625,nan
36,51,0.016242767327255284,0.125,nan
36,52,0.017721259684885103,0.0625,nan
36,53,0.01142039122948536,0.125,nan
36,54,0.014272213472656357,0.125,nan
36,55,0.010764705533741422,0.0625,nan
36,56,0.004854208146643509,0.1875,nan
36,57,0.013557765896909473,0.125,nan
36,58,0.008167499827352698,0.125,nan
36,59,0.007157477742427861,0.1875,nan
36,60,0.029160389623817767,0.1875,nan
36,61,0.030820688033492638,0.125,nan
36,62,0.013331351253405154,0.1875,nan
36,63,0.012229268314886117,0.125,nan
36,64,0.008730289644258277,0.0625,nan
36,65,0.027022919204594455,0.1875,nan
36,66,0.007933623556508701,0.125,nan
36,67,0.011036326150837234,0.1875,nan
36,68,0.05210187168496892,0.3125,nan
36,69,0.005175269973618051,0.0625,nan
36,70,0.03386937469646016,0.25,nan
36,71,0.0189404218967286,0.0,nan
36,72,0.007916279091135238,0.0625,nan
36,73,0.01844149692356403,0.125,nan
36,74,0.06971556401512533,0.25,nan
36,75,0.015937339530092267,0.25,nan
36,76,0.012362508364590677,0.125,nan
36,77,0.012770664077754134,0.0625,nan
36,78,0.004727559853034989,0.125,nan
36,79,0.006373769733170239,0.0,nan
36,80,0.0075880973591563455,0.0625,nan
36,81,0.0045919711635813995,0.1875,nan
36,82,0.00856157187424227,0.1875,nan
36,83,0.01774598920002431,0.125,nan
36,84,0.006480243628177229,0.1875,nan
36,85,0.010031592280442175,0.1875,nan
36,86,0.016416645543501876,0.25,nan
36,87,0.025278470836693618,0.1875,nan
36,88,0.012095866274515536,0.1875,nan
36,89,0.003920176449212491,0.1875,nan
36,90,0.0067604045394343785,0.0625,nan
36,91,0.04203529727559091,0.3125,nan
36,92,0.0038912067942878372,0.1875,nan
36,93,0.006348338371067869,0.25,nan
36,94,0.06600487250360246,0.3125,nan
36,95,0.008879169239445484,0.125,nan
36,96,0.008057546238595992,0.0625,nan
36,97,0.012892846256064986,0.0,nan
36,98,0.006452285437934658,0.125,nan
36,99,0.005631268011189612,0.125,nan
37,0,0.010343791122158347,0.125,nan
37,1,0.007455751261285946,0.125,nan
37,2,0.006244092847691676,0.25,nan
37,3,0.023890343207542505,0.25,nan
37,4,0.012672848394190488,0.0625,nan
37,5,0.011838310947254741,0.125,nan
37,6,0.0077675676113569,0.1875,nan
37,7,0.007086140961574179,0.125,nan
37,8,0.0021671214155101776,0.125,nan
37,9,0.01926108655169436,0.25,nan
37,10,0.006941639852869794,0.1875,nan
37,11,0.007407940236930151,0.125,nan
37,12,0.021273285315724512,0.125,nan
37,13,0.005046126301184866,0.125,nan
37,14,0.006475483185375108,0.125,nan
37,15,0.011145120145841623,0.125,nan
37,16,0.007984706733242244,0.0625,nan
37,17,0.027441763799569578,0.125,nan
37,18,0.0055395932957403304,0.125,nan
37,19,0.006778020433864667,0.125,nan
37,20,0.013701758929363886,0.3125,nan
37,21,0.006578388421616139,0.1875,nan
37,22,0.00966477666421087,0.1875,nan
37,23,0.011182089238625854,0.125,nan
37,24,0.00967817243696393,0.1875,nan
37,25,0.006828841839613263,0.1875,nan
37,26,0.04647827220524067,0.375,nan
37,27,0.028692032473995807,0.25,nan
37,28,0.005160858553499357,0.125,nan
37,29,0.008477839478152433,0.125,nan
37,30,0.005649077961775079,0.1875,nan
37,31,0.005152865495011337,0.125,nan
37,32,0.005521242176069572,0.1875,nan
37,33,0.004563193766840967,0.1875,nan
37,34,0.010339239382797256,0.125,nan
37,35,0.00563343270311461,0.125,nan
37,36,0.0314595831036473,0.375,nan
37,37,0.025718451876439015,0.125,nan
37,38,0.005663274322888051,0.125,nan
37,39,0.029043134673742303,0.1875,nan
37,40,0.00745679025838638,0.125,nan
37,41,0.008325268727999652,0.125,nan
37,42,0.02114203785977667,0.0,nan
37,43,0.0042628695056735905,0.25,nan
37,44,0.01104811407524553,0.1875,nan
37,45,0.0056748022413903145,0.25,nan
37,46,0.014443805987316604,0.125,nan
37,47,0.005017590393632456,0.125,nan
37,48,0.01352728661962602,0.0625,nan
37,49,0.011107481131148657,0.0625,nan
37,50,0.005531891497667204,0.125,nan
37,51,0.003413409507693879,0.125,nan
37,52,0.011570847482039917,0.1875,nan
37,53,0.005259883156986856,0.125,nan
37,54,0.011991046949387732,0.0,nan
37,55,0.004786456176578344,0.125,nan
37,56,0.002523557169242194,0.0625,nan
37,57,0.0050908740228649664,0.1875,nan
37,58,0.007935887838497392,0.125,nan
37,59,0.029267372280741534,0.25,nan
37,60,0.01500150762661272,0.125,nan
37,61,0.017540763220734473,0.25,nan
37,62,0.015379440749105192,0.1875,nan
37,63,0.008684904086834774,0.1875,nan
37,64,0.004556067429414051,0.0625,nan
37,65,0.004476220345661329,0.25,nan
37,66,0.0036966455041429654,0.0625,nan
37,67,0.007479381615303467,0.125,nan
37,68,0.005809180418626079,0.125,nan
37,69,0.011842546886336267,0.125,nan
37,70,0.007294195036658844,0.25,nan
37,71,0.01069542236673982,0.0625,nan
37,72,0.002958872887500056,0.125,nan
37,73,0.0035281376116339178,0.125,nan
37,74,0.015182633712042367,0.1875,nan
37,75,0.00993040745709406,0.125,nan
37,76,0.0024533835736967294,0.125,nan
37,77,0.012730706217295103,0.1875,nan
37,78,0.01822567085400343,0.125,nan
37,79,0.014238303098499112,0.125,nan
37,80,0.007236721393380519,0.1875,nan
37,81,0.006560278010387443,0.125,nan
37,82,0.006002644058410962,0.25,nan
37,83,0.016560986506455565,0.125,nan
37,84,0.012349983141336797,0.1875,nan
37,85,0.005427416871475227,0.1875,nan
37,86,0.028750844145680195,0.1875,nan
37,87,0.0072555166693462105,0.1875,nan
37,88,0.01550860437212039,0.0625,nan
37,89,0.009353955819728726,0.1875,nan
37,90,0.0023535899501969607,0.0625,nan
37,91,0.01476012456318033,0.25,nan
37,92,0.006406503515278304,0.125,nan
37,93,0.02266490601677154,0.25,nan
37,94,0.020033569978890255,0.25,nan
37,95,0.010332870711711592,0.125,nan
37,96,0.015538968185634144,0.125,nan
37,97,0.029785399501440667,0.125,nan
37,98,0.010419144744147917,0.25,nan
37,99,0.0170436624452713,0.375,nan
38,0,0.002949114610959285,0.1875,nan
38,1,0.019228890811988794,0.0625,nan
38,2,0.012371190554123094,0.25,nan
38,3,0.015022295582331278,0.3125,nan
38,4,0.012749242949690539,0.0625,nan
38,5,0.009566818706551109,0.0625,nan
38,6,0.00689256025376464,0.125,nan
38,7,0.045972996259109764,0.25,nan
38,8,0.011047181094731271,0.0,nan
38,9,0.011043818908043011,0.125,nan
38,10,0.0034410782865781347,0.1875,nan
38,11,0.00582783134178007,0.0625,nan
38,12,0.004481174951001197,0.1875,nan
38,13,0.007469245093254745,0.0625,nan
38,14,0.007003128002728072,0.0625,nan
38,15,0.010015793156961269,0.0625,nan
38,16,0.012523196309932642,0.0625,nan
38,17,0.01433721323238818,0.1875,nan
38,18,0.018836822047543743,0.1875,nan
38,19,0.043778447170508286,0.1875,nan
38,20,0.011385138296253233,0.1875,nan
38,21,0.01020626649889533,0.0625,nan
38,22,0.010807216531999932,0.1875,nan
38,23,0.014228652507725066,0.25,nan
38,24,0.002769031632648662,0.25,nan
38,25,0.004842343974325598,0.0,nan
38,26,0.011534425887500388,0.125,nan
38,27,0.0044739539890765526,0.125,nan
38,28,0.015640911341329042,0.1875,nan
38,29,0.003252187852478927,0.0625,nan
38,30,0.01978418661266826,0.125,nan
38,31,0.006902914709015263,0.0625,nan
38,32,0.010254988468682943,0.125,nan
38,33,0.007383457487320608,0.0625,nan
38,34,0.009461605241938485,0.1875,nan
38,35,0.005850012857504578,0.0625,nan
38,36,0.2871631970226014,0.5,nan
38,37,0.010854376171892055,0.25,nan
38,38,0.012906456845331538,0.0,nan
38,39,0.005179023529933307,0.0625,nan
38,40,0.004880755278277308,0.125,nan
38,41,0.023186231649715332,0.125,nan
38,42,0.018836630279800586,0.25,nan
38,43,0.014296057375023385,0.125,nan
38,44,0.013302985897081263,0.125,nan
38,45,0.008540610225988742,0.125,nan
38,46,0.007087953386542226,0.125,nan
38,47,0.010050098324026934,0.1875,nan
38,48,0.0017292614783011044,0.125,nan
38,49,0.004564389445515354,0.0625,nan
38,50,0.012802985963407492,0.125,nan
38,51,0.01167682009855283,0.1875,nan
38,52,0.02286465121375534,0.125,nan
38,53,0.004845089272417115,0.1875,nan
38,54,0.01199995553986489,0.125,nan
38,55,0.021269795926390778,0.125,nan
38,56,0.003506255083098085,0.125,nan
38,57,0.017264863303858846,0.0,nan
38,58,0.009515124762146401,0.25,nan
38,59,0.006494180875810742,0.0625,nan
38,60,0.0077334441088886575,0.1875,nan
38,61,0.01993937625666416,0.0,nan
38,62,0.007316912519066901,0.125,nan
38,63,0.005521616352805758,0.1875,nan
38,64,0.01166412093380043,0.0625,nan
38,65,0.00809473265685929,0.3125,nan
38,66,0.02574270952773977,0.125,nan
38,67,0.030916143832034393,0.125,nan
38,68,0.014214379656698797,0.125,nan
38,69,0.028819291665193807,0.125,nan
38,70,0.020128867264228224,0.25,nan
38,71,0.009038379827997664,0.0625,nan
38,72,0.010392823031144301,0.0,nan
38,73,0.01039091278770209,0.0,nan
38,74,0.03409160324265176,0.25,nan
38,75,0.020863987971358612,0.125,nan
38,76,0.016949246188825776,0.125,nan
38,77,0.013765840449982025,0.0,nan
38,78,0.005922237790080846,0.1875,nan
38,79,0.01573089038165515,0.1875,nan
38,80,0.005496588086495363,0.0,nan
38,81,0.008042814279094843,0.0625,nan
38,82,0.008469221294081434,0.125,nan
38,83,0.004057838107198122,0.125,nan
38,84,0.008644356141155444,0.0625,nan
38,85,0.006910639640374933,0.25,nan
38,86,0.020410337457926753,0.1875,nan
38,87,0.008990086537976321,0.0625,nan
38,88,0.008927353362976622,0.1875,nan
38,89,0.003989113902659018,0.125,nan
38,90,0.010332635939033557,0.0625,nan
38,91,0.009519735124052632,0.25,nan
38,92,0.0028881143248298876,0.0,nan
38,93,0.02109857117852127,0.25,nan
38,94,0.024685316166519658,0.3125,nan
38,95,0.010383144018231372,0.0625,nan
38,96,0.008332718206787212,0.125,nan
38,97,0.017325937024618227,0.125,nan
38,98,0.025608520811754815,0.25,nan
38,99,0.006424775162318338,0.125,nan
39,0,0.009505501378883209,0.0625,nan
39,1,0.013744600875065596,0.25,nan
39,2,0.00435619984573366,0.1875,nan
39,3,0.019242290300443755,0.1875,nan
39,4,0.024821848254884434,0.125,nan
39,5,0.007894501288096581,0.1875,nan
39,6,0.006711423957002087,0.0625,nan
39,7,0.003846482413444636,0.25,nan
39,8,0.0030906785809771,0.0625,nan
39,9,0.009755971714036239,0.125,nan
39,10,0.005135141011664663,0.0625,nan
39,11,0.005611103264563506,0.0625,nan
39,12,0.01963245422513637,0.375,nan
39,13,0.0020100974413417897,0.0,nan
39,14,0.007268504292551374,0.25,nan
39,15,0.003493922119469336,0.0625,nan
39,16,0.008785892828619338,0.25,nan
39,17,0.013448548801269932,0.125,nan
39,18,0.006572227500732803,0.125,nan
39,19,0.006199055648129602,0.0625,nan
39,20,0.005482261779289611,0.0625,nan
39,21,0.0025807610318129347,0.0,nan
39,22,0.007228930311293489,0.125,nan
39,23,0.009617595321403445,0.125,nan
39,24,0.005094479525675057,0.125,nan
39,25,0.002747618909563665,0.0,nan
39,26,0.0011539210021257388,0.0625,nan
39,27,0.005448795074035714,0.1875,nan
39,28,0.0037638441894390163,0.25,nan
39,29,0.007939423620114489,0.0625,nan
39,30,0.005773119382482517,0.3125,nan
39,31,0.010127090226023523,0.0625,nan
39,32,0.0036793863691069184,0.0625,nan
39,33,0.018288517416823847,0.125,nan
39,34,0.0060397361924373495,0.0,nan
39,35,0.0034428982976772915,0.0625,nan
39,36,0.17540706715151624,0.5,nan
39,37,0.008152334952953451,0.125,nan
39,38,0.004340903897224302,0.0625,nan
39,39,0.0034015286252404406,0.0,nan
39,40,0.004737215746315561,0.0625,nan
39,41,0.0036863693789292193,0.125,nan
39,42,0.014879229024419769,0.1875,nan
39,43,0.012437101862151315,0.0625,nan
39,44,0.014730871097047538,0.0,nan
39,45,0.007405078351499124,0.125,nan
39,46,0.00717448519999828,0.1875,nan
39,47,0.008078080281304635,0.125,nan
39,48,0.006895258419461134,0.0625,nan
39,49,0.003688917105872223,0.0625,nan
39,50,0.0013239459703471884,0.0,nan
39,51,0.006418741952163158,0.125,nan
39,52,0.002103855047318486,0.125,nan
39,53,0.030548847398264377,0.125,nan
39,54,0.006077650269502064,0.0,nan
39,55,0.006770034856175635,0.125,nan
39,56,0.003510062279911861,0.1875,nan
39,57,0.004446137014077463,0.125,nan
39,58,0.0017454364994300316,0.0625,nan
39,59,0.0034732428840525114,0.0,nan
39,60,0.001936866388155235,0.0,nan
39,61,0.004169060822538915,0.0625,nan
39,62,0.008159674536748414,0.0625,nan
39,63,0.002126965431216151,0.0625,nan
39,64,0.003373895704951684,0.125,nan
39,65,0.0033954407246832127,0.0625,nan
39,66,0.006003757784441804,0.0625,nan
39,67,0.008569832017225689,0.0625,nan
39,68,0.006402289807322537,0.125,nan
39,69,0.003266851657912774,0.0,nan
39,70,0.01430207990245751,0.1875,nan
39,71,0.0026574885499961454,0.0625,nan
39,72,0.011288437354651452,0.1875,nan
39,73,0.0020945076148823527,0.0625,nan
39,74,0.005080609767007103,0.125,nan
39,75,0.006800357787350175,0.0,nan
39,76,0.014654292724536902,0.1875,nan
39,77,0.0035455278154030417,0.125,nan
39,78,0.003483226718614765,0.0,nan
39,79,0.0035943456150402736,0.0625,nan
39,80,0.003833440760593599,0.0625,nan
39,81,0.0026635149613374125,0.0,nan
39,82,0.009712916543165773,0.125,nan
39,83,0.0035209827972822296,0.0,nan
39,84,0.009637919869863034,0.0625,nan
39,85,0.00403345261851071,0.125,nan
39,86,0.007745019352584643,0.0625,nan
39,87,0.002744745129672358,0.125,nan
39,88,0.0058647047220386425,0.125,nan
39,89,0.006794254944081175,0.125,nan
39,90,0.00707645739815017,0.0625,nan
39,91,0.015785387313184133,0.3125,nan
39,92,0.003065539563469056,0.125,nan
39,93,0.002318666346853784,0.1875,nan
39,94,0.009822474730859041,0.125,nan
39,95,0.016392639869811747,0.125,nan
39,96,0.008515432224143672,0.125,nan
39,97,0.0026652283850406473,0.1875,nan
39,98,0.010127058220697606,0.125,nan
39,99,0.0213703918632356,0.125,nan
40,0,0.016177729054869052,0.125,nan
40,1,0.009198557571449346,0.25,nan
40,2,0.01236173031137586,0.125,nan
40,3,0.15054318319505589,0.5,nan
40,4,0.020510934647704454,0.0625,nan
40,5,0.00772499459380499,0.0,nan
40,6,0.005984453260036972,0.25,nan
40,7,0.015756092798675764,0.0625,nan
40,8,0.012310238917380862,0.0625,nan
40,9,0.004483218305180199,0.125,nan
40,10,0.02282558424511506,0.0625,nan
40,11,0.013745437108017466,0.0625,nan
40,12,0.03471275094306817,0.1875,nan
40,13,0.008657271443459576,0.0,nan
40,14,0.015121539272823507,0.1875,nan
40,15,0.01616884114204515,0.0625,nan
40,16,0.003669252191552567,0.0,nan
40,17,0.008594269373189632,0.1875,nan
40,18,0.023658057746952076,0.1875,nan
40,19,0.01037865003137198,0.0625,nan
40,20,0.0036799065194002096,0.0,nan
40,21,0.013423124530093781,0.125,nan
40,22,0.0053757547945202785,0.0625,nan
40,23,0.010157657478706306,0.0625,nan
40,24,0.014741188366948998,0.0625,nan
40,25,0.011659136158157415,0.0625,nan
40,26,0.016517556972435975,0.1875,nan
40,27,0.007611195065506796,0.0,nan
40,28,0.004938168448890964,0.0,nan
40,29,0.009224692480927481,0.125,nan
40,30,0.03402342432453298,0.375,nan
40,31,0.04024854685350967,0.0625,nan
40,32,0.0065782207575909545,0.1875,nan
40,33,0.010141256446235444,0.0625,nan
40,34,0.011007008965766516,0.25,nan
40,35,0.03869944369250899,0.25,nan
40,36,0.20896830445135406,0.5625,nan
40,37,0.009695807719490955,0.125,nan
40,38,0.008661412499006874,0.0625,nan
40,39,0.008021526663894144,0.125,nan
40,40,0.011053038799377728,0.0,nan
40,41,0.013005413020382123,0.0625,nan
40,42,0.013947762978787907,0.0,nan
40,43,0.023549658436613958,0.125,nan
40,44,0.020170202644319263,0.0625,nan
40,45,0.004963370604140987,0.0625,nan
40,46,0.02162085005225447,0.3125,nan
40,47,0.0028529857702394024,0.0625,nan
40,48,0.0068786552468117195,0.0,nan
40,49,0.009409727756464127,0.125,nan
40,50,0.00888422393228811,0.0625,nan
40,51,0.010336482206377862,0.0625,nan
40,52,0.014452152037798979,0.0625,nan
40,53,0.013364725505776394,0.0625,nan
40,54,0.008208782547948098,0.0,nan
40,55,0.008242649794436783,0.0,nan
40,56,0.04326608448855093,0.1875,nan
40,57,0.020327020741704227,0.125,nan
40,58,0.017190712707021237,0.125,nan
40,59,0.03496961428183416,0.1875,nan
40,60,0.009702780883613649,0.125,nan
40,61,0.012083055297948671,0.0625,nan
40,62,0.003924509475678115,0.0625,nan
40,63,0.010976264068162555,0.125,nan
40,64,0.02349350581337047,0.0625,nan
40,65,0.024431699036748508,0.0625,nan
40,66,0.018758875872683083,0.0625,nan
40,67,0.010854012585584678,0.0,nan
40,68,0.002547645788820798,0.0,nan
40,69,0.01259354626721949,0.125,nan
40,70,0.014279455951762964,0.25,nan
40,71,0.009583117938875249,0.0,nan
40,72,0.00385160691906415,0.0625,nan
40,73,0.007922280513393054,0.0625,nan
40,74,0.016054575010909105,0.0625,nan
40,75,0.010798975825412734,0.0,nan
40,76,0.006897102384972065,0.0625,nan
40,77,0.014251546630050526,0.125,nan
40,78,0.017429873949815947,0.0,nan
40,79,0.00980045944788808,0.0625,nan
40,80,0.010915191011630406,0.0625,nan
40,81,0.006608016799070969,0.125,nan
40,82,0.004220396061823764,0.0,nan
40,83,0.007568360916542111,0.0625,nan
40,84,0.014373920208589751,0.125,nan
40,85,0.009141412435856578,0.1875,nan
40,86,0.008650666590343406,0.1875,nan
40,87,0.011730723290508702,0.0625,nan
40,88,0.030967091533081026,0.125,nan
40,89,0.008388663844256542,0.125,nan
40,90,0.031247607299424607,0.0625,nan
40,91,0.017927555341794753,0.125,nan
40,92,0.008091684405360334,0.0,nan
40,93,0.00874034201283615,0.25,nan
40,94,0.21244487425877906,0.5,nan
40,95,0.024917704310306963,0.125,nan
40,96,0.013434714895052168,0.0625,nan
40,97,0.008424005427089713,0.0,nan
40,98,0.00992418823346802,0.1875,nan
40,99,0.01186218834380039,0.1875,nan
41,0,0.00526580113299672,0.0625,nan
41,1,0.012779236350656007,0.3125,nan
41,2,0.008214043209881759,0.125,nan
41,3,0.002060694746495749,0.0625,nan
41,4,0.00548037410028756,0.0625,nan
41,5,0.006311327209526732,0.0625,nan
41,6,0.0044896665697323895,0.125,nan
41,7,0.009858659258379832,0.0,nan
41,8,0.002521237173346618,0.0625,nan
41,9,0.00798358468920468,0.0,nan
41,10,0.00798243762737635,0.125,nan
41,11,0.0023805806276220587,0.0,nan
41,12,0.00451491151482477,0.125,nan
41,13,0.004187999113266924,0.0,nan
41,14,0.006599984246238581,0.0,nan
41,15,0.004199513026557739,0.0625,nan
41,16,0.008088735462066588,0.0,nan
41,17,0.003864554817415747,0.125,nan
41,18,0.00899609080156294,0.0625,nan
41,19,0.0026765135235387715,0.125,nan
41,20,0.0036947692719153254,0.0625,nan
41,21,0.006470969539431616,0.0,nan
41,22,0.00779765008164762,0.0625,nan
41,23,0.005162583293555581,0.0625,nan
41,24,0.008095254791127,0.125,nan
41,25,0.005805779814247264,0.0,nan
41,26,0.0031401661694277407,0.0625,nan
41,27,0.011364796599952867,0.0625,nan
41,28,0.0053467119210646695,0.0,nan
41,29,0.0034570235259672923,0.0,nan
41,30,0.005899551283664355,0.125,nan
41,31,0.005955130133698617,0.0,nan
41,32,0.007136159390521206,0.125,nan
41,33,0.005235697267593974,0.0625,nan
41,34,0.09021555121974045,0.4375,nan
41,35,0.0055709766352876455,0.0,nan
41,36,1.5711739539011904,0.9375,nan
41,37,0.0054067538008084216,0.0625,nan
41,38,0.005964405646317835,0.0,nan
41,39,0.003796756032768899,0.0625,nan
41,40,0.006219872734290775,0.0,nan
41,41,0.0005394910690112587,0.125,nan
41,42,0.007159584806096734,0.0,nan
41,43,0.02070412119089122,0.125,nan
41,44,0.0035457755538170184,0.0,nan
41,45,0.003183759165017847,0.0625,nan
41,46,0.008329281365263001,0.0,nan
41,47,0.011936739077662618,0.0625,nan
41,48,0.007123117816404561,0.0,nan
41,49,0.004718468422191411,0.125,nan
41,50,0.003223081268205583,0.0,nan
41,51,0.015840492468545932,0.125,nan
41,52,0.0037290502729442343,0.0,nan
41,53,0.009128223667937566,0.0,nan
41,54,0.005726977279415514,0.125,nan
41,55,0.004404239050812735,0.0625,nan
41,56,0.008695072827983406,0.0625,nan
41,57,0.005783247577293748,0.125,nan
41,58,0.007551359552120612,0.125,nan
41,59,0.01572999051344462,0.125,nan
41,60,0.0057184458324676885,0.125,nan
41,61,0.009604178222300263,0.125,nan
41,62,0.0024035098296626214,0.125,nan
41,63,0.008315501853398344,0.1875,nan
41,64,0.008159936503722683,0.1875,nan
41,65,0.005998807991416506,0.125,nan
41,66,0.0020501482954395933,0.125,nan
41,67,0.016240444516899044,0.0625,nan
41,68,0.00361633302161268,0.0625,nan
41,69,0.0029783805111338315,0.0625,nan
41,70,0.007326389955294275,0.125,nan
41,71,0.005296381176026699,0.0625,nan
41,72,0.0017793001802521439,0.0625,nan
41,73,0.003355548215111151,0.0,nan
41,74,0.022954671999012646,0.3125,nan
41,75,0.007688124499051636,0.0625,nan
41,76,0.006036585262437608,0.125,nan
41,77,0.003075921681794874,0.0625,nan
41,78,0.0067439469780539545,0.0625,nan
41,79,0.00491906106248853,0.0,nan
41,80,0.006198086540286332,0.0625,nan
41,81,0.004585005411674076,0.1875,nan
41,82,0.007069457918055954,0.0625,nan
41,83,0.0031204621122489186,0.0,nan
41,84,0.005939486164549927,0.0,nan
41,85,0.015566208966981243,0.125,nan
41,86,0.011372112780154148,0.0625,nan
41,87,0.008364470953193369,0.0,nan
41,88,0.009273139551248904,0.0,nan
41,89,0.004206651426495717,0.125,nan
41,90,0.0026202743280292974,0.0,nan
41,91,0.00911161657739848,0.0625,nan
41,92,0.01190687643884246,0.0,nan
41,93,0.002808046845015704,0.25,nan
41,94,1.2921035607321314,0.875,nan
41,95,0.007883583534474927,0.0,nan
41,96,0.004908839936764173,0.0625,nan
41,97,0.006146266827830465,0.0625,nan
41,98,0.003698079501648518,0.0,nan
41,99,0.005777149467324202,0.125,nan
42,0,0.03210471558935146,0.25,nan
42,1,0.05404781922818329,0.375,nan
42,2,0.11879566413563167,0.5,nan
42,3,0.0679587663414358,0.4375,nan
42,4,0.05143905613350981,0.3125,nan
42,5,0.026639722086347774,0.375,nan
42,6,0.04549992962641346,0.375,nan
42,7,0.09720192052462612,0.4375,nan
42,8,0.03429839110074036,0.1875,nan
42,9,0.03831260062131423,0.3125,nan
42,10,0.06436709369453018,0.3125,nan
42,11,0.029800783202974565,0.3125,nan
42,12,0.08847492361872353,0.4375,nan
42,13,0.027502226643944992,0.375,nan
42,14,0.03473429885933624,0.3125,nan
42,15,0.01804841000426395,0.1875,nan
42,16,0.0176588669446293,0.25,nan
42,17,0.07816043695039168,0.3125,nan
42,18,0.04239016004365563,0.25,nan
42,19,0.10457784419253832,0.4375,nan
42,20,0.1566394812930167,0.5,nan
42,21,0.03541725689020071,0.1875,nan
42,22,0.15467513747116723,0.5,nan
42,23,0.04393678806648492,0.1875,nan
42,24,0.05825403276044348,0.25,nan
42,25,0.023336462285043297,0.125,nan
42,26,0.07774282862028528,0.375,nan
42,27,0.05442106476642226,0.25,nan
42,28,0.03565321996363708,0.1875,nan
42,29,0.022896641406458897,0.3125,nan
42,30,0.04063022845845969,0.3125,nan
42,31,0.06748114937469243,0.1875,nan
42,32,0.14236815478899298,0.5,nan
42,33,0.08070426021865511,0.375,nan
42,34,0.038544330538510176,0.3125,nan
42,35,0.07563925929367254,0.125,nan
42,36,0.5794868456081701,0.625,nan
42,37,0.09023878081896594,0.4375,nan
42,38,0.036945356251743555,0.25,nan
42,39,0.06462141910508439,0.375,nan
42,40,0.040723111814169335,0.25,nan
42,41,0.06638321676310052,0.3125,nan
42,42,0.06251239933058653,0.3125,nan
42,43,0.0484505076540451,0.3125,nan
42,44,0.05558473627357942,0.25,nan
42,45,0.07377426966196335,0.3125,nan
42,46,0.04522813347419434,0.3125,nan
42,47,0.04395054718337903,0.125,nan
42,48,0.016554974936212868,0.1875,nan
42,49,0.028176688074949482,0.25,nan
42,50,0.03806889741867857,0.3125,nan
42,51,0.02262051284992351,0.1875,nan
42,52,0.09392597973650854,0.3125,nan
42,53,0.0496536441912808,0.4375,nan
42,54,0.06678723772054194,0.25,nan
42,55,0.025998442948939562,0.375,nan
42,56,0.07159226276010461,0.3125,nan
42,57,0.024917013571570737,0.25,nan
42,58,0.03829419267309985,0.4375,nan
42,59,0.11755459719337114,0.375,nan
42,60,0.05303554989422672,0.3125,nan
42,61,0.03239233124104444,0.1875,nan
42,62,0.03174608392246072,0.25,nan
42,63,0.010041203087898298,0.25,nan
42,64,0.02806438960837216,0.25,nan
42,65,0.13648452461195673,0.4375,nan
42,66,0.039800126572385866,0.1875,nan
42,67,0.12168566288012173,0.5,nan
42,68,0.07225448993558267,0.375,nan
42,69,0.040515072834280116,0.25,nan
42,70,0.034174412671298796,0.375,nan
42,71,0.02341969544298446,0.125,nan
42,72,0.023835915500468687,0.25,nan
42,73,0.05080879388718505,0.3125,nan
42,74,0.04017396527680185,0.25,nan
42,75,0.06404753619265889,0.375,nan
42,76,0.10817985556464932,0.375,nan
42,77,0.044487147245077525,0.25,nan
42,78,0.17283766644213258,0.5625,nan
42,79,0.0630980305620673,0.25,nan
42,80,0.03998204822686585,0.25,nan
42,81,0.03657321738429303,0.25,nan
42,82,0.01502565554869127,0.3125,nan
42,83,0.049924559731206214,0.25,nan
42,84,0.04475701949459156,0.3125,nan
42,85,0.030160619651493893,0.3125,nan
42,86,0.0297380555794063,0.375,nan
42,87,0.03457299298656346,0.3125,nan
42,88,0.08726506803133519,0.4375,nan
42,89,0.15062106618945711,0.5,nan
42,90,0.03414560736135129,0.25,nan
42,91,0.06554308633339934,0.375,nan
42,92,0.03169406322234043,0.0625,nan
42,93,0.09109166781831773,0.4375,nan
42,94,1.0987774901413374,0.8125,nan
42,95,0.11835416491483264,0.375,nan
42,96,0.04653959011245634,0.25,nan
42,97,0.04816256922012024,0.4375,nan
42,98,0.0646581042520953,0.3125,nan
42,99,0.0723016587727721,0.375,nan
43,0,0.015339802870255152,0.25,nan
43,1,0.08018593887821893,0.3125,nan
43,2,0.026752315326165704,0.25,nan
43,3,0.05502692316118416,0.3125,nan
43,4,0.04836010273143723,0.25,nan
43,5,0.012024488931175454,0.25,nan
43,6,0.012597224843863847,0.1875,nan
43,7,0.01686752998903023,0.25,nan
43,8,0.014068039236191692,0.25,nan
43,9,0.022030304649394768,0.1875,nan
43,10,0.015526029854975762,0.0,nan
43,11,0.014624595905790017,0.0625,nan
43,12,0.03295352247172714,0.25,nan
43,13,0.011691289934538596,0.0,nan
43,14,0.0310305679238191,0.1875,nan
43,15,0.022967392906169795,0.25,nan
43,16,0.01703727039967722,0.0625,nan
43,17,0.060339552655076636,0.125,nan
43,18,0.04403353282196353,0.3125,nan
43,19,0.024738809347467434,0.1875,nan
43,20,0.034877466302122476,0.1875,nan
43,21,0.054342043049743174,0.3125,nan
43,22,0.02574865217411857,0.125,nan
43,23,0.014935111699791202,0.25,nan
43,24,0.04798333861137721,0.1875,nan
43,25,0.03559962662297247,0.125,nan
43,26,0.016873612139458333,0.0625,nan
43,27,0.00679052393994459,0.0,nan
43,28,0.02558947327977321,0.3125,nan
43,29,0.029255706195056047,0.1875,nan
43,30,0.01144054741692276,0.125,nan
43,31,0.01003945534398602,0.125,nan
43,32,0.04604297372597701,0.25,nan
43,33,0.028295624222376782,0.1875,nan
43,34,0.0550734654769728,0.1875,nan
43,35,0.044319981481869206,0.125,nan
43,36,1.3175182869719775,0.875,nan
43,37,0.02005656535482176,0.125,nan
43,38,0.018725795652230752,0.125,nan
43,39,0.01916732821045137,0.0625,nan
43,40,0.06828097698534655,0.3125,nan
43,41,0.013673996686529136,0.0625,nan
43,42,0.03115308298564913,0.125,nan
43,43,0.011636973444410385,0.0625,nan
43,44,0.014468492389723642,0.0625,nan
43,45,0.01948657720510165,0.1875,nan
43,46,0.03271398155950296,0.25,nan
43,47,0.01956012983546704,0.1875,nan
43,48,0.024484722959699265,0.0625,nan
43,49,0.04502477113670141,0.125,nan
43,50,0.07237573658396076,0.25,nan
43,51,0.03208421336608349,0.1875,nan
43,52,0.055474439188015603,0.1875,nan
43,53,0.046140212584706096,0.375,nan
43,54,0.0054720786383385175,0.1875,nan
43,55,0.04801178098555044,0.0625,nan
43,56,0.02645240059683251,0.25,nan
43,57,0.017928155487691326,0.3125,nan
43,58,0.03529339805944748,0.1875,nan
43,59,0.05656239045437758,0.3125,nan
43,60,0.01817074271212725,0.0625,nan
43,61,0.02118893635478554,0.25,nan
43,62,0.03394056399032186,0.125,nan
43,63,0.023283902457980683,0.1875,nan
43,64,0.03823894079475133,0.1875,nan
43,65,0.0232499174477162,0.1875,nan
43,66,0.020782607803393978,0.125,nan
43,67,0.016719252416724627,0.0625,nan
43,68,0.027031746831348263,0.25,nan
43,69,0.014363174633752314,0.0625,nan
43,70,0.0643315343827566,0.1875,nan
43,71,0.04451494029519586,0.3125,nan
43,72,0.030175080294551924,0.1875,nan
43,73,0.02451829572033344,0.3125,nan
43,74,0.05289663814346755,0.3125,nan
43,75,0.0209920616862002,0.3125,nan
43,76,0.045198882794477674,0.1875,nan
43,77,0.01213154955121045,0.0625,nan
43,78,0.017724482773290164,0.125,nan
43,79,0.015366436581719461,0.125,nan
43,80,0.012320036195455686,0.1875,nan
43,81,0.020732642099079907,0.1875,nan
43,82,0.05550229374396712,0.25,nan
43,83,0.01601330413376611,0.0625,nan
43,84,0.0404184287500209,0.125,nan
43,85,0.03199665856393631,0.3125,nan
43,86,0.04711244581757856,0.375,nan
43,87,0.026658636792555795,0.0,nan
43,88,0.03281506464326696,0.1875,nan
43,89,0.02802045173637696,0.1875,nan
43,90,0.027038100180245855,0.0625,nan
43,91,0.04841250663755685,0.3125,nan
43,92,0.009471793649056117,0.0,nan
43,93,0.016714876819214863,0.25,nan
43,94,0.7763704118576855,0.625,nan
43,95,0.02624505026154607,0.1875,nan
43,96,0.15161475508783756,0.5,nan
43,97,0.030999524133053638,0.3125,nan
43,98,0.008668196155409568,0.125,nan
43,99,0.047289455597544425,0.3125,nan
44,0,0.01667088523940121,0.125,nan
44,1,0.045129430130696445,0.1875,nan
44,2,0.029610694939259437,0.1875,nan
44,3,0.06989577827101082,0.4375,nan
44,4,0.0220740824543224,0.4375,nan
44,5,0.01331837848027988,0.125,nan
44,6,0.01635629414432985,0.1875,nan
44,7,0.1957384188500329,0.5625,nan
44,8,0.044724007434801455,0.3125,nan
44,9,0.05069354196520821,0.25,nan
44,10,0.006641841432250164,0.125,nan
44,11,0.033740599794753974,0.1875,nan
44,12,0.02079312772133931,0.1875,nan
44,13,0.013718044999887349,0.1875,nan
44,14,0.031800268951989466,0.1875,nan
44,15,0.01619285585623654,0.125,nan
44,16,0.017458249293185374,0.125,nan
44,17,0.07960754985529037,0.4375,nan
44,18,0.01911955617574055,0.1875,nan
44,19,0.017114500795108317,0.3125,nan
44,20,0.010372558114775186,0.125,nan
44,21,0.01073145510418961,0.0625,nan
44,22,0.012394578099915484,0.25,nan
44,23,0.03735024172562351,0.375,nan
44,24,0.03344350589141007,0.3125,nan
44,25,0.012797694307211997,0.125,nan
44,26,0.029979886291087752,0.1875,nan
44,27,0.03235103374179678,0.0625,nan
44,28,0.01814718690896777,0.0625,nan
44,29,0.01414210353702142,0.125,nan
44,30,0.026797052828689938,0.25,nan
44,31,0.01790628657087369,0.0,nan
44,32,0.016159130994792572,0.125,nan
44,33,0.050956980688336824,0.1875,nan
44,34,0.029767562246574446,0.125,nan
44,35,0.008547989206747542,0.1875,nan
44,36,2.074344569032126,0.875,nan
44,37,0.05017157612146878,0.3125,nan
44,38,0.03534420963180972,0.25,nan
44,39,0.02820484933898179,0.125,nan
44,40,0.016665592430222267,0.25,nan
44,41,0.026244743507038218,0.125,nan
44,42,0.009097448380495055,0.0625,nan
44,43,0.025212810351382703,0.25,nan
44,44,0.023387822269374928,0.0625,nan
44,45,0.015332810579242854,0.1875,nan
44,46,0.0119769538369513,0.25,nan
44,47,0.013865608633271806,0.125,nan
44,48,0.013203601391026564,0.0625,nan
44,49,0.047710798935973756,0.375,nan
44,50,0.012033645610178128,0.0625,nan
44,51,0.055129152640344875,0.1875,nan
44,52,0.04857204508134858,0.125,nan
44,53,0.019859804501522825,0.0,nan
44,54,0.01517766256127673,0.125,nan
44,55,0.06573418637721212,0.25,nan
44,56,0.051227255234757546,0.1875,nan
44,57,0.014605319374194788,0.125,nan
44,58,0.017286292899814468,0.125,nan
44,59,0.06777742082632134,0.1875,nan
44,60,0.012449553518491007,0.125,nan
44,61,0.010403661545778174,0.125,nan
44,62,0.06491549685093206,0.25,nan
44,63,0.05844972097340757,0.1875,nan
44,64,0.03849598117562501,0.125,nan
44,65,0.09432861616547877,0.4375,nan
44,66,0.030175750158198636,0.25,nan
44,67,0.013521717967673322,0.125,nan
44,68,0.042722653615135525,0.25,nan
44,69,0.01797119902093548,0.1875,nan
44,70,0.028657894073846005,0.1875,nan
44,71,0.037474472574392716,0.25,nan
44,72,0.025141029959117808,0.1875,nan
44,73,0.0930640036188769,0.25,nan
44,74,0.03208945697125975,0.125,nan
44,75,0.06992570548019571,0.3125,nan
44,76,0.0314348329056291,0.0625,nan
44,77,0.020314739995984057,0.1875,nan
44,78,0.025672544625316308,0.1875,nan
44,79,0.030948848250139875,0.125,nan
44,80,0.049735023039879186,0.1875,nan
44,81,0.047597493000709035,0.25,nan
44,82,0.019493638384026866,0.1875,nan
44,83,0.01096171820493988,0.25,nan
44,84,0.01138138550156205,0.125,nan
44,85,0.06369857066277841,0.25,nan
44,86,0.027092761277212697,0.375,nan
44,87,0.006345362615399983,0.25,nan
44,88,0.04334218867738957,0.25,nan
44,89,0.02338820316234476,0.1875,nan
44,90,0.02309799999806212,0.1875,nan
44,91,0.055320941331225476,0.25,nan
44,92,0.03258783773406491,0.375,nan
44,93,0.02119950902091907,0.375,nan
44,94,1.2733123686028782,0.8125,nan
44,95,0.0304281061331386,0.25,nan
44,96,0.01959194727118957,0.3125,nan
44,97,0.044981012085638775,0.1875,nan
44,98,0.08194748533522606,0.4375,nan
44,99,0.05708753632267341,0.25,nan
45,0,0.004975136485993483,0.0625,nan
45,1,0.016967154813222418,0.0,nan
45,2,0.007139267547979429,0.0,nan
45,3,0.0032000703808770853,0.1875,nan
45,4,0.005828191731652431,0.0625,nan
45,5,0.014948170917104892,0.125,nan
45,6,0.006833625612810941,0.0,nan
45,7,0.024967879997943334,0.0625,nan
45,8,0.011824028001936233,0.125,nan
45,9,0.002263324287589804,0.125,nan
45,10,0.009648851574672466,0.0625,nan
45,11,0.0058057258542847014,0.0,nan
45,12,0.010522423703928651,0.0625,nan
45,13,0.007696271474654383,0.0625,nan
45,14,0.0070111921088148324,0.0,nan
45,15,0.012985893541911195,0.0,nan
45,16,0.009291920473108787,0.0625,nan
45,17,0.00880335387217589,0.0,nan
45,18,0.014023277149670122,0.0625,nan
45,19,0.01329090173201395,0.0,nan
45,20,0.008119391895900108,0.125,nan
45,21,0.008530854706609504,0.125,nan
45,22,0.01941523802155044,0.0,nan
45,23,0.018456380865862758,0.0625,nan
45,24,0.007581237271579522,0.125,nan
45,25,0.005899916174637947,0.0,nan
45,26,0.010921990289170406,0.1875,nan
45,27,0.08014828478617649,0.375,nan
45,28,0.007516445991295006,0.0625,nan
45,29,0.008132264560589134,0.0625,nan
45,30,0.017561346976150215,0.1875,nan
45,31,0.007508530301327846,0.1875,nan
45,32,0.013418536791838392,0.0625,nan
45,33,0.006957029944244698,0.0625,nan
45,34,0.0931695763934727,0.4375,nan
45,35,0.014347840577986777,0.0,nan
45,36,2.972541010228315,0.9375,nan
45,37,0.01060087924785615,0.0,nan
45,38,0.010256939212503695,0.0,nan
45,39,0.008889780939508849,0.125,nan
45,40,0.005528509104399731,0.0,nan
45,41,0.011303959082390479,0.0625,nan
45,42,0.006465346070165256,0.0,nan
45,43,0.0056031757253098904,0.0625,nan
45,44,0.006654261226001163,0.0625,nan
45,45,0.004565656967608739,0.0625,nan
45,46,0.011398314516553373,0.125,nan
45,47,0.01342140540544081,0.0,nan
45,48,0.010640057242891444,0.0625,nan
45,49,0.012739573415177874,0.0625,nan
45,50,0.01025911640928821,0.0,nan
45,51,0.015575393050264315,0.0,nan
45,52,0.0061369095570553926,0.125,nan
45,53,0.02008961217098959,0.0625,nan
45,54,0.010535881002517058,0.0,nan
45,55,0.016708761937339098,0.0625,nan
45,56,0.007103367210219414,0.0625,nan
45,57,0.015593565297531631,0.125,nan
45,58,0.007367706116591538,0.0,nan
45,59,0.012169411344652563,0.0,nan
45,60,0.0044334618484683916,0.0625,nan
45,61,0.005688766897889863,0.0625,nan
45,62,0.009030673643422353,0.125,nan
45,63,0.007537334189855096,0.0,nan
45,64,0.00860022388100047,0.1875,nan
45,65,0.012961516770593939,0.125,nan
45,66,0.010264964427276991,0.1875,nan
45,67,0.007876280472355212,0.0,nan
45,68,0.009457093438657038,0.0,nan
45,69,0.008405893119889332,0.0625,nan
45,70,0.008940135143112392,0.125,nan
45,71,0.008617735721618277,0.0,nan
45,72,0.012865541982240544,0.0,nan
45,73,0.009137455096987521,0.0625,nan
45,74,0.021211891096270318,0.25,nan
45,75,0.016709229649397864,0.0625,nan
45,76,0.00951127057063417,0.0625,nan
45,77,0.01338608082268333,0.125,nan
45,78,0.007769318642707097,0.0,nan
45,79,0.008712329494504987,0.0625,nan
45,80,0.01032476662867421,0.125,nan
45,81,0.016231375927754883,0.1875,nan
45,82,0.013028675471093678,0.0,nan
45,83,0.007775627882139995,0.0,nan
45,84,0.008825102633570664,0.0,nan
45,85,0.022863826525553032,0.0625,nan
45,86,0.012583280910830299,0.0,nan
45,87,0.018139549615340367,0.0625,nan
45,88,0.011626653808554013,0.0,nan
45,89,0.0068464471996262655,0.125,nan
45,90,0.01168183989843872,0.0625,nan
45,91,0.012396750880496589,0.125,nan
45,92,0.008344492192631888,0.0625,nan
45,93,0.007416077685290909,0.0625,nan
45,94,2.3893218059966808,0.9375,nan
45,95,0.00826248968889914,0.0625,nan
45,96,0.008004119702230226,0.0,nan
45,97,0.0059531525318624575,0.125,nan
45,98,0.011580124776610426,0.0,nan
45,99,0.01059522045664595,0.1875,nan
46,0,0.01100902696152222,0.0,nan
46,1,0.002933941076266215,0.0,nan
46,2,0.006876859954646885,0.0625,nan
46,3,0.0350008790266598,0.3125,nan
46,4,0.007920762125892364,0.125,nan
46,5,0.006544313161639837,0.0625,nan
46,6,0.004182045804047677,0.0625,nan
46,7,0.0036097680511234962,0.125,nan
46,8,0.005236331104793455,0.0625,nan
46,9,0.0019336629844469598,0.0625,nan
46,10,0.011249243338218817,0.0625,nan
46,11,0.00398025173341444,0.0625,nan
46,12,0.006529627829257518,0.1875,nan
46,13,0.0036644286733397784,0.0625,nan
46,14,0.007981502724157166,0.1875,nan
46,15,0.007811047598701296,0.0,nan
46,16,0.004550090900423421,0.0625,nan
46,17,0.006405304710659001,0.0625,nan
46,18,0.008192027366597233,0.125,nan
46,19,0.003825028473941448,0.125,nan
46,20,0.005539158677585154,0.125,nan
46,21,0.0034710440086097552,0.0625,nan
46,22,0.005056503877892681,0.125,nan
46,23,0.018236925063065273,0.0,nan
46,24,0.004338963818646411,0.125,nan
46,25,0.012548507761084576,0.0,nan
46,26,0.021321682414692948,0.25,nan
46,27,0.00489349763684303,0.0625,nan
46,28,0.004015565037530859,0.0625,nan
46,29,0.007711757412162415,0.125,nan
46,30,0.006499076137989555,0.0625,nan
46,31,0.011423343503147818,0.0,nan
46,32,0.0030678436806394144,0.0625,nan
46,33,0.0022833518726615397,0.1875,nan
46,34,0.0202779480115088,0.25,nan
46,35,0.002767826824235926,0.0,nan
46,36,1.8288652725370842,0.9375,nan
46,37,0.0070060938561653345,0.0,nan
46,38,0.005603420880966895,0.0,nan
46,39,0.0037542024603245084,0.0,nan
46,40,0.004619633545600667,0.0625,nan
46,41,0.0068039620684346,0.1875,nan
46,42,0.012744057106866071,0.125,nan
46,43,0.005062675594241007,0.0,nan
46,44,0.006545376958247301,0.0625,nan
46,45,0.01377369502566068,0.0625,nan
46,46,0.0035317139489599706,0.0625,nan
46,47,0.003742902055259949,0.0625,nan
46,48,0.003716301133183378,0.125,nan
46,49,0.007402245249660129,0.0,nan
46,50,0.00484398209676919,0.0,nan
46,51,0.004731955943678697,0.125,nan
46,52,0.006243575369105829,0.0625,nan
46,53,0.0033968288679688714,0.0625,nan
46,54,0.013685607748161601,0.125,nan
46,55,0.010954566737566505,0.0,nan
46,56,0.003490811066448532,0.0,nan
46,57,0.01574022843863082,0.0,nan
46,58,0.008841199452594102,0.1875,nan
46,59,0.011476701654365679,0.125,nan
46,60,0.0036002845195789715,0.1875,nan
46,61,0.005921307290536882,0.0625,nan
46,62,0.004369189710288595,0.125,nan
46,63,0.004846095501390905,0.0625,nan
46,64,0.006047013931544401,0.0625,nan
46,65,0.00654488850910947,0.0625,nan
46,66,0.003843575718020612,0.125,nan
46,67,0.009414419824993551,0.125,nan
46,68,0.004623695275609274,0.0,nan
46,69,0.00910830746937583,0.0625,nan
46,70,0.007722533831156976,0.0625,nan
46,71,0.004406660377776988,0.0,nan
46,72,0.007718984722742509,0.0,nan
46,73,0.003411369310453856,0.0,nan
46,74,0.01522497318042641,0.125,nan
46,75,0.009942223629884601,0.0625,nan
46,76,0.005667323040346476,0.0,nan
46,77,0.011419833367185012,0.25,nan
46,78,0.013847653457568066,0.0,nan
46,79,0.008174275103456703,0.0,nan
46,80,0.0061656914241628846,0.0625,nan
46,81,0.005011245228504433,0.0,nan
46,82,0.0030629207189297424,0.0,nan
46,83,0.007648013177876578,0.0625,nan
46,84,0.012586162401994979,0.1875,nan
46,85,0.004950067960127414,0.125,nan
46,86,0.007924306075074734,0.0625,nan
46,87,0.007955067730107561,0.0625,nan
46,88,0.004961790048002214,0.0625,nan
46,89,0.0061608840397599784,0.0625,nan
46,90,0.005234795766609823,0.0,nan
46,91,0.012119756947912019,0.125,nan
46,92,0.006905500983549472,0.125,nan
46,93,0.0078030590664605985,0.0625,nan
46,94,1.6114054463392709,1.0,nan
46,95,0.004690427856294565,0.0,nan
46,96,0.008532299353910863,0.0,nan
46,97,0.0058721902307575,0.0625,nan
46,98,0.006691920301981567,0.0,nan
46,99,0.11101761879786887,0.5,nan
47,0,0.006443233811488022,0.0,nan
47,1,0.014131893154589355,0.0625,nan
47,2,0.005206219834677713,0.0625,nan
47,3,0.0077908790972161185,0.0,nan
47,4,0.003625010412564232,0.0,nan
47,5,0.01164490295113926,0.0,nan
47,6,0.0019680293749383473,0.0,nan
47,7,0.006520237171643436,0.125,nan
47,8,0.00282300183513922,0.0,nan
47,9,0.005079076506272833,0.0,nan
47,10,0.00844441628492678,0.0625,nan
47,11,0.002805947161886458,0.0,nan
47,12,0.013936258545881593,0.0,nan
47,13,0.004218315572746451,0.0625,nan
47,14,0.004010602512667444,0.0,nan
47,15,0.003240320695215944,0.0,nan
47,16,0.006753158442124422,0.0,nan
47,17,0.007512202932319641,0.1875,nan
47,18,0.010202362668996242,0.125,nan
47,19,0.004027914748849146,0.0,nan
47,20,0.0018157919153017547,0.0,nan
47,21,0.006542989769638406,0.0,nan
47,22,0.01687087099235299,0.0,nan
47,23,0.0071273468584857474,0.0,nan
47,24,0.012555503793684197,0.0,nan
47,25,0.005465743707108608,0.0625,nan
47,26,0.016841587302830988,0.125,nan
47,27,0.005794388866184368,0.0,nan
47,28,0.010310887682044507,0.0625,nan
47,29,0.00961086694222039,0.0625,nan
47,30,0.004860232945662238,0.0625,nan
47,31,0.0079105428349312,0.0,nan
47,32,0.007174443352275784,0.0,nan
47,33,0.009229876795766565,0.0625,nan
47,34,0.009700631686587063,0.3125,nan
47,35,0.0070739398433010085,0.0,nan
47,36,3.4651416565944393,1.0,nan
47,37,0.009053333368990463,0.0,nan
47,38,0.008243212084162932,0.0,nan
47,39,0.006116860769518102,0.0625,nan
47,40,0.0019225943733223423,0.0,nan
47,41,0.007942471565388722,0.0,nan
47,42,0.005412489689194413,0.0,nan
47,43,0.018245150941143363,0.0625,nan
47,44,0.0079829537634688,0.0,nan
47,45,0.009771544287420279,0.0,nan
47,46,0.005324780864274063,0.0,nan
47,47,0.003934873368192539,0.0625,nan
47,48,0.0034928269878282247,0.0,nan
47,49,0.0041433305496265385,0.0625,nan
47,50,0.0023785450680564634,0.125,nan
47,51,0.004437043262015457,0.0625,nan
47,52,0.004368323479068607,0.0625,nan
47,53,0.006606166183015414,0.0,nan
47,54,0.007696092993403982,0.0625,nan
47,55,0.011616981974094425,0.0625,nan
47,56,0.003071577208850017,0.0,nan
47,57,0.00302103248413289,0.0,nan
47,58,0.006360785261256973,0.0625,nan
47,59,0.017279802855716443,0.0625,nan
47,60,0.006916824650350069,0.125,nan
47,61,0.004510100501331682,0.0625,nan
47,62,0.00583481004146068,0.0,nan
47,63,0.00430760568262184,0.0,nan
47,64,0.0031368213742137075,0.0625,nan
47,65,0.00323925075936215,0.0,nan
47,66,0.005116627954086913,0.125,nan
47,67,0.011618271880798257,0.0,nan
47,68,0.0044877920852865166,0.0625,nan
47,69,0.00913519260665635,0.0625,nan
47,70,0.003047745081078539,0.0,nan
47,71,0.003649348184185576,0.0,nan
47,72,0.0016519734313750177,0.0,nan
47,73,0.00447314456317896,0.0,nan
47,74,0.008783332655701142,0.0625,nan
47,75,0.0019090267600152797,0.0,nan
47,76,0.004461849511880617,0.125,nan
47,77,0.006585351557681111,0.0,nan
47,78,0.012532991188129936,0.0625,nan
47,79,0.0041835327029778125,0.0,nan
47,80,0.010125865460670057,0.125,nan
47,81,0.004865461198032218,0.0,nan
47,82,0.002621363572259219,0.0625,nan
47,83,0.005841410565732473,0.0,nan
47,84,0.011073669495514044,0.0,nan
47,85,0.007053318774097337,0.0,nan
47,86,0.01767804443363106,0.0,nan
47,87,0.011281246436342825,0.0,nan
47,88,0.006650822764999591,0.0,nan
47,89,0.005022184951515601,0.0,nan
47,90,0.008951750713960555,0.0625,nan
47,91,0.018006847846465057,0.25,nan
47,92,0.005527530752113229,0.0,nan
47,93,0.004146686771141446,0.0,nan
47,94,1.685819174840252,0.9375,nan
47,95,0.005380148918851867,0.0,nan
47,96,0.009787895652558519,0.0625,nan
47,97,0.007611660988501634,0.125,nan
47,98,0.011489262593864995,0.0,nan
47,99,0.011816742132767039,0.3125,nan
48,0,0.0059112296920009275,0.0,nan
48,1,0.007433560648717876,0.0,nan
48,2,0.002395133015434767,0.0625,nan
48,3,0.003929068677637702,0.125,nan
48,4,0.014395619964356437,0.125,nan
48,5,0.0053622747540746606,0.125,nan
48,6,0.0026086359296274546,0.0625,nan
48,7,0.006790559348752656,0.0625,nan
48,8,0.0027655309678630306,0.0625,nan
48,9,0.007596954235626754,0.0,nan
48,10,0.004026855027986052,0.0625,nan
48,11,0.0039025624332225937,0.0,nan
48,12,0.007537023676440413,0.125,nan
48,13,0.0034555004387925243,0.0625,nan
48,14,0.002486407850525781,0.0625,nan
48,15,0.006897886042745537,0.0625,nan
48,16,0.003656092938200056,0.0,nan
48,17,0.005571587908442362,0.0625,nan
48,18,0.011993615069699341,0.0625,nan
48,19,0.00717928539012907,0.0625,nan
48,20,0.0030036583998190947,0.0625,nan
48,21,0.007474113965983347,0.125,nan
48,22,0.005331335058555791,0.0625,nan
48,23,0.0062975066435465715,0.0625,nan
48,24,0.0028487009030879825,0.0625,nan
48,25,0.005338734386679497,0.0625,nan
48,26,0.005118872456750546,0.0625,nan
48,27,0.006252646320178626,0.0625,nan
48,28,0.004281801207850112,0.0,nan
48,29,0.004307149851327204,0.125,nan
48,30,0.011646059617381677,0.125,nan
48,31,0.004748422601377141,0.125,nan
48,32,0.004075106836025867,0.0625,nan
48,33,0.007792282052632456,0.0625,nan
48,34,0.05617066293682961,0.25,nan
48,35,0.004563244701893273,0.0,nan
48,36,1.0634346884912522,0.875,nan
48,37,0.00637313270590746,0.0625,nan
48,38,0.010474829832265917,0.0,nan
48,39,0.0028860780825019842,0.0625,nan
48,40,0.006827373062956742,0.1875,nan
48,41,0.008637445343106658,0.125,nan
48,42,0.002410581966544649,0.0625,nan
48,43,0.002941596197939997,0.125,nan
48,44,0.0036085483891414505,0.0625,nan
48,45,0.0028602472455321543,0.125,nan
48,46,0.011904095240641389,0.125,nan
48,47,0.004433925577063503,0.0625,nan
48,48,0.00665425864136751,0.1875,nan
48,49,0.00305700969764928,0.0625,nan
48,50,0.0021157180443924207,0.0625,nan
48,51,0.008447807835032566,0.0625,nan
48,52,0.00458865519854296,0.125,nan
48,53,0.008985033272596574,0.125,nan
48,54,0.005318497106697285,0.125,nan
48,55,0.00922058840586134,0.1875,nan
48,56,0.0019519137798809,0.125,nan
48,57,0.0031039229440174253,0.0,nan
48,58,0.006446863544890433,0.0625,nan
48,59,0.003379004877044886,0.0625,nan
48,60,0.004571217403092456,0.125,nan
48,61,0.00383472529831561,0.0625,nan
48,62,0.006917401610695435,0.125,nan
48,63,0.004286570293134864,0.0625,nan
48,64,0.004271007172821657,0.0625,nan
48,65,0.010205659311542995,0.125,nan
48,66,0.007267181098524187,0.0625,nan
48,67,0.008843345123351595,0.0,nan
48,68,0.0026817609602109408,0.0625,nan
48,69,0.003960610455835818,0.125,nan
48,70,0.007543486959719927,0.0625,nan
48,71,0.008654236477470168,0.0625,nan
48,72,0.002802481076604877,0.0625,nan
48,73,0.002335109044521338,0.0625,nan
48,74,0.00787900608713661,0.0,nan
48,75,0.009314332323100813,0.0625,nan
48,76,0.002642567800795752,0.25,nan
48,77,0.006938240973245307,0.0625,nan
48,78,0.00783904784926449,0.0,nan
48,79,0.0012061387370048238,0.0,nan
48,80,0.008399978326421063,0.0625,nan
48,81,0.005167207706285976,0.125,nan
48,82,0.0038436477819615887,0.125,nan
48,83,0.004356485551182435,0.0625,nan
48,84,0.011565098516088026,0.0625,nan
48,85,0.004970849021224837,0.3125,nan
48,86,0.009273119591238641,0.125,nan
48,87,0.008290896140986537,0.0625,nan
48,88,0.009519993277497477,0.1875,nan
48,89,0.0027999738342353265,0.125,nan
48,90,0.005011375783503414,0.0625,nan
48,91,0.011703215529680067,0.125,nan
48,92,0.003586309344589111,0.125,nan
48,93,0.009325819535241246,0.125,nan
48,94,3.080488554949047,1.0,nan
48,95,0.003846782846550112,0.125,nan
48,96,0.010546631335394619,0.0625,nan
48,97,0.002899325874187004,0.125,nan
48,98,0.012654154662540428,0.0625,nan
48,99,0.007802184419985784,0.1875,nan
49,0,0.001751525435719361,0.0625,nan
49,1,0.0020633762490668084,0.0625,nan
49,2,0.003310002117912715,0.0625,nan
49,3,0.0021160092618901574,0.1875,nan
49,4,0.00473469091046131,0.0,nan
49,5,0.0015619547098233294,0.0625,nan
49,6,0.0075359825285625575,0.0625,nan
49,7,0.0038105327607143116,0.125,nan
49,8,0.0030619404872530434,0.0,nan
49,9,0.0023439818033253188,0.0,nan
49,10,0.0025294508463392434,0.0625,nan
49,11,0.004066172822541824,0.0625,nan
49,12,0.004952305195257585,0.1875,nan
49,13,0.003981684068851702,0.0625,nan
49,14,0.0060937864083856225,0.0625,nan
49,15,0.002771065464539914,0.0,nan
49,16,0.011345554970782391,0.0,nan
49,17,0.003106128526115354,0.125,nan
49,18,0.002387353805370829,0.0,nan
49,19,0.0029921555028908356,0.0625,nan
49,20,0.0010358347247572935,0.0625,nan
49,21,0.0008633615265375672,0.0625,nan
49,22,0.004663577653985811,0.0,nan
49,23,0.003774783535930049,0.0625,nan
49,24,0.00224733837963708,0.0,nan
49,25,0.008436727617406816,0.0,nan
49,26,0.006606702489451333,0.1875,nan
49,27,0.0022166137576532037,0.0,nan
49,28,0.002334470443904409,0.0,nan
49,29,0.0011737829667056478,0.0,nan
49,30,0.002142464151432058,0.0,nan
49,31,0.004388976938655073,0.0,nan
49,32,0.003943670515913332,0.125,nan
49,33,0.00425605382401664,0.0625,nan
49,34,0.02379931047505799,0.1875,nan
49,35,0.003046922479989724,0.0625,nan
49,36,0.9084715939826782,0.6875,nan
49,37,0.002965371591306609,0.0,nan
49,38,0.0025801800992434403,0.0625,nan
49,39,0.002687123092905291,0.0625,nan
49,40,0.003445268681416153,0.25,nan
49,41,0.0016392249506475744,0.0,nan
49,42,0.0008262639106221203,0.0,nan
49,43,0.01132934784007065,0.125,nan
49,44,0.004128929793367304,0.125,nan
49,45,0.0018315928112582977,0.0,nan
49,46,0.004636265430789151,0.0,nan
49,47,0.0035139681339954867,0.0,nan
49,48,0.004441436164852463,0.0625,nan
49,49,0.0013657662694046607,0.0625,nan
49,50,0.0013019682911930767,0.125,nan
49,51,0.002576300156313373,0.125,nan
49,52,0.0019035477108151147,0.0,nan
49,53,0.0026402976067311026,0.0,nan
49,54,0.0028644660974382055,0.0625,nan
49,55,0.0036503367920940498,0.125,nan
49,56,0.0022362407362822795,0.0625,nan
49,57,0.005105869462982828,0.0,nan
49,58,0.003577236107204798,0.0625,nan
49,59,0.0077726054175656315,0.0625,nan
49,60,0.005253456372909822,0.0,nan
49,61,0.002684008663767924,0.0,nan
49,62,0.002585180539696322,0.0,nan
49,63,0.004123575534605237,0.0625,nan
49,64,0.0014313383780200108,0.0625,nan
49,65,0.006710471499879113,0.0625,nan
49,66,0.0023165880808022747,0.0625,nan
49,67,0.0022701526880639197,0.0,nan
49,68,0.0031287418083396933,0.0,nan
49,69,0.0029755392469484393,0.0625,nan
49,70,0.0035775003807751674,0.0625,nan
49,71,0.001127284256468813,0.0,nan
49,72,0.003086894830015131,0.0,nan
49,73,0.007191328014205063,0.0,nan
49,74,0.0023151321202797793,0.125,nan
49,75,0.002239014045783006,0.0,nan
49,76,0.0012233745558843496,0.125,nan
49,77,0.005767606532334613,0.0,nan
49,78,0.0029309623609084802,0.0625,nan
49,79,0.003256156520316396,0.0,nan
49,80,0.005868976283554622,0.0,nan
49,81,0.0036254790778925627,0.0625,nan
49,82,0.0018635183386157036,0.0625,nan
49,83,0.009692879341944311,0.125,nan
49,84,0.008158325885161584,0.0,nan
49,85,0.0063545933963538685,0.0,nan
49,86,0.0035578581725914586,0.125,nan
49,87,0.004944172440061897,0.125,nan
49,88,0.0023715689991603635,0.0625,nan
49,89,0.015451540210344172,0.1875,nan
49,90,0.006837368075473856,0.0625,nan
49,91,0.008634118370514268,0.0,nan
49,92,0.0016266586799141163,0.0,nan
49,93,0.0011200980724368973,0.0,nan
49,94,1.1964862170167239,0.9375,nan
49,95,0.001560544694961911,0.0625,nan
49,96,0.0031668882241429044,0.0,nan
49,97,0.0022116344828672823,0.0625,nan
49,98,0.0019293214689545997,0.125,nan
49,99,0.0035640860245467892,0.1875,nan
50,0,0.012497448384790864,0.0625,0.0004362270001083732
50,1,0.0076527007891827245,0.0625,0.0010001836179908906
50,2,0.00869756347399007,0.0625,9.585260211379337e-05
50,3,0.212191235962691,0.5,0.0719772934261812
50,4,0.011946823889181864,0.125,0.0018174248817060781
50,5,0.01600352291433501,0.125,0.007303513904451493
50,6,0.012067669503377492,0.0625,0.0005928371238369025
50,7,0.08649079520755373,0.4375,0.031993060469337496
50,8,0.011716789836438141,0.0625,2.687071511869106e-06
50,9,0.013691830494588456,0.125,0.0007650884446285993
50,10,0.004751638813571279,0.0,5.813015133132664e-06
50,11,0.0030458738191320566,0.0625,1.3599961864060088e-06
50,12,0.01981673183442134,0.0625,0.0023903661258377154
50,13,0.004842642688093211,0.0625,0.00013312790335028038
50,14,0.012850146512114982,0.0625,0.0012424455833528153
50,15,0.016691066597983605,0.0625,0.000126223749270218
50,16,0.009359534711036588,0.0625,0.00013183176162493156
50,17,0.022001418348135605,0.0625,0.004400707898276548
50,18,0.003712952196948244,0.0,1.6531587989379965e-05
50,19,0.020195402823978845,0.0,0.001461431308203524
50,20,0.009823798312550364,0.0625,0.0006327497858530166
50,21,0.016993050611704322,0.1875,6.612644786956295e-05
50,22,0.015681560907224185,0.1875,0.0008758269590089535
50,23,0.01757650076056983,0.125,0.0007008371993717019
50,24,0.011022894527223194,0.0,0.00022448526953191078
50,25,0.039504864733673546,0.1875,0.0009691158521472438
50,26,0.02676648206285432,0.3125,0.01462094733990939
50,27,0.012988453604515974,0.125,0.0066734367971148355
50,28,0.013028265872332322,0.1875,9.016192674818692e-05
50,29,0.007403804201684714,0.0,0.0006879120339166088
50,30,0.04900929868549818,0.3125,0.007886835749778214
50,31,0.005067458247004951,0.0625,3.31415526498444e-05
50,32,0.0051473212888775485,0.1875,0.004078705364699287
50,33,0.03255949219461749,0.1875,0.0007994868872714314
50,34,0.0435508731311791,0.3125,0.020520050743810025
50,35,0.01674290489524094,0.0625,0.00015530443813313038
50,36,1.28120706153674,0.75,0.4869438790546646
50,37,0.009017225977006021,0.0625,0.00011730132566917756
50,38,0.008891609543047779,0.1875,0.000509587157990848
50,39,0.0056376551514766,0.0625,3.3324787563082e-05
50,40,0.010515947699759694,0.0625,0.0001840105386284675
50,41,0.00755435235776146,0.0,9.465968045790773e-05
50,42,0.0034068335659758306,0.0625,0.00017549950261757584
50,43,0.013578391219841026,0.125,0.0028311021595737156
50,44,0.006552733018006138,0.0625,3.1557627494153355e-05
50,45,0.006162989930074431,0.0,7.505826874071704e-05
50,46,0.015573895635557698,0.0,0.0008419695223959443
50,47,0.014945450921784054,0.25,0.0022851147501813367
50,48,0.02004478031578424,0.1875,0.0009722384089280311
50,49,0.008553656585017829,0.0625,0.0013831966742385744
50,50,0.0119326322818963,0.125,0.0002055833560679631
50,51,0.0150367289975615,0.125,7.813293834932029e-05
50,52,0.016747122532992185,0.125,4.517167964926467e-05
50,53,0.030148922530345318,0.0625,0.002260622203485036
50,54,0.008408426684649946,0.125,0.0002847456738042161
50,55,0.013652883762309317,0.0625,0.0003013708288701714
50,56,0.012465140873961965,0.25,0.001971800611814602
50,57,0.023270885967646385,0.0625,0.0006014123790544343
50,58,0.018061643253432597,0.0,0.0007972152943261166
50,59,0.010055734139941645,0.0625,0.0005430002321784789
50,60,0.016562333260516912,0.125,5.726653332177702e-06
50,61,0.021623489522570323,0.0,8.600089752449968e-05
50,62,0.01177861239916864,0.125,6.157859475829616e-05
50,63,0.01351612402322529,0.0,0.000134964619824714
50,64,0.016494824297552193,0.0625,2.5494180840469735e-05
50,65,0.018477307932087652,0.1875,0.0015763670953978456
50,66,0.011872256865392786,0.0625,0.00034116064318603646
50,67,0.006062156413152928,0.0625,5.0495711086712056e-06
50,68,0.020415594100853945,0.1875,0.00030255874879771386
50,69,0.015086131251346684,0.0,0.0008709224170508888
50,70,0.009008139932495532,0.0625,0.0013946136385575693
50,71,0.0159068754638637,0.125,2.9894756914190412e-05
50,72,0.00521856474656923,0.0625,5.2444305156370104e-05
50,73,0.008487020975095773,0.0625,5.853037580180661e-05
50,74,0.012775921880368059,0.0625,0.0021926262958023622
50,75,0.007459223992157305,0.0625,9.18321721397777e-05
50,76,0.014256534176739017,0.0,0.0001846738653322499
50,77,0.038552145465047205,0.1875,0.017905706188795494
50,78,0.018170509877571003,0.1875,0.006006419713234878
50,79,0.012373770621067755,0.0625,0.0003385491641963177
50,80,0.024151244323079912,0.0,0.0008204980062319628
50,81,0.011930554483967673,0.125,0.002160797410214961
50,82,0.01183824580757094,0.0,0.00021596491899846212
50,83,0.0061545521954171865,0.0,2.8329770384685196e-05
50,84,0.027457481614334832,0.125,0.004211282253825145
50,85,0.029689846758377065,0.125,0.004880324634802177
50,86,0.02901690621673922,0.3125,0.0311326509366628
50,87,0.013251980179240501,0.125,0.00019917997515955097
50,88,0.009237401794090841,0.0,0.0006561686255902817
50,89,0.015046227497924804,0.125,0.006641289976875483
50,90,0.009169953690419418,0.0,9.342778822423084e-05
50,91,0.01157290797149944,0.0,0.0011527009537495084
50,92,0.012910704297626273,0.1875,0.00033110531692618635
50,93,0.004829492007642748,0.0625,0.0011480404740815268
50,94,2.2519935991524136,1.0,0.19437899772115255
50,95,0.009450172063361616,0.0,3.6485654427155716e-05
50,96,0.007545929306148027,0.0,8.670474039259545e-05
50,97,0.006786559285808154,0.0625,0.00011455613311974004
50,98,0.012325966673772821,0.125,0.0012962014373524365
50,99,0.036754112479231965,0.375,0.030273492898427495
51,0,0.007022448241480152,0.0,nan
51,1,0.00819664813864571,0.0625,nan
51,2,0.014058104186633304,0.0,nan
51,3,0.0065570283298218915,0.1875,nan
51,4,0.007372134588663878,0.125,nan
51,5,0.0066368117573565935,0.0625,nan
51,6,0.005256371133466792,0.125,nan
51,7,0.009862871179634313,0.1875,nan
51,8,0.00823535509358287,0.0625,nan
51,9,0.0035856086955340224,0.125,nan
51,10,0.0051670355744545225,0.125,nan
51,11,0.00839029138937935,0.0625,nan
51,12,0.011025206355413859,0.1875,nan
51,13,0.0020964832534636837,0.0,nan
51,14,0.0075037834173246,0.25,nan
51,15,0.010074022790417587,0.0625,nan
51,16,0.006786449567841529,0.0625,nan
51,17,0.009231754648648918,0.125,nan
51,18,0.007596108949491526,0.25,nan
51,19,0.008702441224296777,0.0625,nan
51,20,0.013246336200220022,0.0,nan
51,21,0.003053771362405205,0.0,nan
51,22,0.007524567585485824,0.0625,nan
51,23,0.002998663394877116,0.0,nan
51,24,0.005842415297779267,0.0625,nan
51,25,0.005179340044244598,0.0625,nan
51,26,0.01921859499211293,0.25,nan
51,27,0.010329237595092501,0.1875,nan
51,28,0.013549354803723601,0.0625,nan
51,29,0.0028948237953360287,0.0625,nan
51,30,0.025539346671263927,0.1875,nan
51,31,0.0057527805621720345,0.0625,nan
51,32,0.006583297532521372,0.0625,nan
51,33,0.008745931233592762,0.0,nan
51,34,0.010863369233636153,0.0625,nan
51,35,0.007236329507817459,0.125,nan
51,36,0.7607440883037739,0.9375,nan
51,37,0.011606056699731613,0.125,nan
51,38,0.011700197141852116,0.0625,nan
51,39,0.0016847949536923847,0.0625,nan
51,40,0.005685780529614555,0.0,nan
51,41,0.006422179281683378,0.125,nan
51,42,0.005529897645678652,0.0625,nan
51,43,0.004726967821656353,0.125,nan
51,44,0.00580787378817007,0.125,nan
51,45,0.003518431240037029,0.0,nan
51,46,0.0032884916052372012,0.0625,nan
51,47,0.012207184291427541,0.125,nan
51,48,0.004333193471879264,0.125,nan
51,49,0.0063073357082574465,0.0,nan
51,50,0.006564158682297828,0.0625,nan
51,51,0.005605946656011706,0.0625,nan
51,52,0.006635273126408173,0.0625,nan
51,53,0.006771798589910638,0.0625,nan
51,54,0.00460586860601336,0.0625,nan
51,55,0.01914761448468661,0.0,nan
51,56,0.005786169560926193,0.125,nan
51,57,0.0035344387646229726,0.0625,nan
51,58,0.00454947158507263,0.125,nan
51,59,0.0055792114356041315,0.125,nan
51,60,0.007454189116739318,0.0625,nan
51,61,0.0035485698806198857,0.0625,nan
51,62,0.005861576062420191,0.1875,nan
51,63,0.003204672642358973,0.0625,nan
51,64,0.004988025644221439,0.0,nan
51,65,0.012545328283919154,0.25,nan
51,66,0.011667772856658522,0.0625,nan
51,67,0.0031921814091338376,0.0625,nan
51,68,0.0073022827417781955,0.0625,nan
51,69,0.007902888353609548,0.0625,nan
51,70,0.01849143157414309,0.125,nan
51,71,0.0025040864801159986,0.125,nan
51,72,0.005266446140917861,0.1875,nan
51,73,0.008053892254020223,0.0625,nan
51,74,0.02577995377500509,0.1875,nan
51,75,0.007634756342111089,0.0625,nan
51,76,0.008025472509080886,0.125,nan
51,77,0.015485718972477979,0.1875,nan
51,78,0.0010998707956486934,0.125,nan
51,79,0.007656517516986979,0.0,nan
51,80,0.004623648192998956,0.125,nan
51,81,0.01008585840840015,0.125,nan
51,82,0.00429826562666317,0.125,nan
51,83,0.007037381747784878,0.125,nan
51,84,0.006573203080700805,0.125,nan
51,85,0.006375342040576364,0.1875,nan
51,86,0.014771851764813944,0.125,nan
51,87,0.006846931757828804,0.0625,nan
51,88,0.010267703739197925,0.125,nan
51,89,0.004716844779359727,0.0625,nan
51,90,0.0040792992862605714,0.125,nan
51,91,0.027601078106294467,0.25,nan
51,92,0.004016026432215041,0.0625,nan
51,93,0.005732335798136092,0.0625,nan
51,94,1.8463485118093943,1.0,nan
51,95,0.009679148467427418,0.125,nan
51,96,0.008237479499633639,0.1875,nan
51,97,0.004799969836483824,0.0625,nan
51,98,0.005038748556403988,0.125,nan
51,99,0.018912942987044542,0.1875,nan
52,0,0.007160504668346304,0.0,nan
52,1,0.009586256813703647,0.1875,nan
52,2,0.0056903164342950886,0.0,nan
52,3,0.01009682404164507,0.1875,nan
52,4,0.004776628221289903,0.0625,nan
52,5,0.005352128076016328,0.0625,nan
52,6,0.005014316699057258,0.0,nan
52,7,0.0085269491061351,0.0625,nan
52,8,0.0015749168491062506,0.0625,nan
52,9,0.003345740470048208,0.0,nan
52,10,0.0027086987705733827,0.0625,nan
52,11,0.0032083175853128737,0.0,nan
52,12,0.006230160134506516,0.0,nan
52,13,0.005009382980376404,0.0625,nan
52,14,0.0025790698078736983,0.0625,nan
52,15,0.0021398749854736037,0.0625,nan
52,16,0.0035629977469570527,0.0,nan
52,17,0.003815381802905273,0.0625,nan
52,18,0.0031804294147857563,0.0,nan
52,19,0.007325479319614565,0.0,nan
52,20,0.005200199086858469,0.0625,nan
52,21,0.0023411404533686883,0.0,nan
52,22,0.0023681576320386784,0.0625,nan
52,23,0.00578255004700456,0.0,nan
52,24,0.0028613931385358584,0.0625,nan
52,25,0.005129557708319566,0.0,nan
52,26,0.0038102565356778724,0.125,nan
52,27,0.005481335500375371,0.0,nan
52,28,0.0046791985009142605,0.0,nan
52,29,0.0031509413448500643,0.0625,nan
52,30,0.005965364068883318,0.0625,nan
52,31,0.002119795073662317,0.0625,nan
52,32,0.005556388199868938,0.0625,nan
52,33,0.005417099471109757,0.0,nan
52,34,0.043914327885441494,0.1875,nan
52,35,0.0029406085012698173,0.0,nan
52,36,2.1205045801933524,1.0,nan
52,37,0.006633682669004413,0.0,nan
52,38,0.015380382462486476,0.0,nan
52,39,0.005789543273520067,0.0,nan
52,40,0.004919271531069854,0.0,nan
52,41,0.002028199472072897,0.0,nan
52,42,0.0030230414714138955,0.0,nan
52,43,0.004791101240961335,0.125,nan
52,44,0.003250767963939872,0.0,nan
52,45,0.006030563955017087,0.0,nan
52,46,0.004272554504477093,0.0625,nan
52,47,0.0023240131260876176,0.0,nan
52,48,0.002857875494681084,0.0,nan
52,49,0.006813174927296563,0.0,nan
52,50,0.003484005689739447,0.0,nan
52,51,0.002539836431445114,0.0625,nan
52,52,0.005076465796220757,0.0,nan
52,53,0.004962488066191144,0.0,nan
52,54,0.003395520214239882,0.0,nan
52,55,0.0032913916873874003,0.0,nan
52,56,0.00443681475825314,0.0,nan
52,57,0.0027170819900547124,0.0,nan
52,58,0.004216864313433376,0.0,nan
52,59,0.007896032085527799,0.0,nan
52,60,0.0016960783191549067,0.0,nan
52,61,0.003406756851220393,0.0,nan
52,62,0.00332443369228773,0.0,nan
52,63,0.007197809193963783,0.0625,nan
52,64,0.0011609518115934087,0.0,nan
52,65,0.00669581395065014,0.0625,nan
52,66,0.0036289036204289046,0.0,nan
52,67,0.0031872991571576643,0.0625,nan
52,68,0.006343265763381545,0.0625,nan
52,69,0.003386589918710478,0.0,nan
52,70,0.0075476047635143,0.0,nan
52,71,0.0025410893664729295,0.0625,nan
52,72,0.00456190798439508,0.0,nan
52,73,0.0028166965169939325,0.0625,nan
52,74,0.006287346431160291,0.0625,nan
52,75,0.0023409703323630333,0.0,nan
52,76,0.004822597344135044,0.0625,nan
52,77,0.004706717747665469,0.0625,nan
52,78,0.004945492232924839,0.0,nan
52,79,0.003032684546801615,0.0,nan
52,80,0.006324623783174107,0.0625,nan
52,81,0.007050186557896382,0.0625,nan
52,82,0.003131953732739005,0.0625,nan
52,83,0.004094754312374863,0.0,nan
52,84,0.0032879134423019853,0.0625,nan
52,85,0.005034862545149285,0.0625,nan
52,86,0.004425294838638743,0.0625,nan
52,87,0.005985316662532655,0.125,nan
52,88,0.003268162143241697,0.0,nan
52,89,0.007726437760877511,0.0625,nan
52,90,0.003504591894511437,0.0,nan
52,91,0.0036971264109335687,0.0625,nan
52,92,0.007264820756949035,0.0,nan
52,93,0.004124866225683444,0.125,nan
52,94,1.866552850527705,1.0,nan
52,95,0.004427960711431431,0.0,nan
52,96,0.002538107321103353,0.0,nan
52,97,0.007538592353368631,0.0,nan
52,98,0.0032281569209241462,0.0625,nan
52,99,0.01348707903684555,0.1875,nan
53,0,0.06014035876258528,0.3125,nan
53,1,0.031102187862401043,0.0625,nan
53,2,0.03103277449281195,0.125,nan
53,3,0.03127145655668982,0.3125,nan
53,4,0.03491891806537206,0.0625,nan
53,5,0.032770565431737224,0.0625,nan
53,6,0.0162519087228755,0.0,nan
53,7,0.0079174660723412,0.125,nan
53,8,0.008626814116710136,0.125,nan
53,9,0.011303549388723582,0.125,nan
53,10,0.019935027556024096,0.125,nan
53,11,0.010446721580390528,0.125,nan
53,12,0.013479628382422367,0.0,nan
53,13,0.029969108505234536,0.0,nan
53,14,0.007757750591000829,0.0625,nan
53,15,0.015875956302375743,0.0,nan
53,16,0.021314996500191398,0.125,nan
53,17,0.018903538885361348,0.125,nan
53,18,0.015990102529804696,0.0625,nan
53,19,0.014826810195116207,0.1875,nan
53,20,0.017817954420041138,0.0,nan
53,21,0.0347072747123552,0.125,nan
53,22,0.009149125607337494,0.125,nan
53,23,0.005049226222468218,0.125,nan
53,24,0.019773119792785312,0.25,nan
53,25,0.01912186488398253,0.125,nan
53,26,0.015414345651789441,0.125,nan
53,27,0.03496050643428854,0.0625,nan
53,28,0.016120360110093247,0.125,nan
53,29,0.01047021839034699,0.0625,nan
53,30,0.053732970853934206,0.25,nan
53,31,0.010951336152196279,0.125,nan
53,32,0.023872796648558823,0.0625,nan
53,33,0.042228255361127544,0.1875,nan
53,34,0.047091694218017385,0.125,nan
53,35,0.00991477695508021,0.0,nan
53,36,1.7551279586357436,0.9375,nan
53,37,0.024286253334976415,0.1875,nan
53,38,0.021738329978951455,0.125,nan
53,39,0.011160220416724119,0.0625,nan
53,40,0.017216384190660655,0.0625,nan
53,41,0.020336893401173003,0.0625,nan
53,42,0.008947059573562746,0.125,nan
53,43,0.01009149352752316,0.0625,nan
53,44,0.029106759657190916,0.125,nan
53,45,0.020828788012557182,0.25,nan
53,46,0.015162754058353892,0.125,nan
53,47,0.01587606386828675,0.0,nan
53,48,0.01902376378992971,0.0625,nan
53,49,0.016637320616019285,0.1875,nan
53,50,0.01215040756055713,0.125,nan
53,51,0.042335310899905006,0.0625,nan
53,52,0.00868621253313454,0.25,nan
53,53,0.02901503946152313,0.0625,nan
53,54,0.01791781849681298,0.125,nan
53,55,0.024680125432311135,0.0,nan
53,56,0.038364567818890576,0.25,nan
53,57,0.0538145528853453,0.25,nan
53,58,0.013580895810224928,0.0,nan
53,59,0.035990905014783484,0.0,nan
53,60,0.026725126040917722,0.0625,nan
53,61,0.0345846632021471,0.0,nan
53,62,0.014212476226939535,0.125,nan
53,63,0.017071289189323824,0.0,nan
53,64,0.004676969187674117,0.125,nan
53,65,0.02025925815143416,0.3125,nan
53,66,0.01574616921280052,0.125,nan
53,67,0.014439513344496379,0.0625,nan
53,68,0.03476264763634637,0.0,nan
53,69,0.012382689613875484,0.125,nan
53,70,0.015293357558819115,0.125,nan
53,71,0.02864705667817923,0.0625,nan
53,72,0.028176767919515056,0.0,nan
53,73,0.030903770873330193,0.0625,nan
53,74,0.018392425208929114,0.125,nan
53,75,0.02213252090961703,0.1875,nan
53,76,0.018417419473456466,0.125,nan
53,77,0.06199971814879235,0.3125,nan
53,78,0.016289459670380917,0.125,nan
53,79,0.017961424143615918,0.0625,nan
53,80,0.01694129265503437,0.125,nan
53,81,0.01609227282652821,0.0625,nan
53,82,0.014891886502441382,0.0625,nan
53,83,0.008868758250737286,0.0625,nan
53,84,0.007880759241525138,0.0625,nan
53,85,0.03042109077193665,0.1875,nan
53,86,0.008450050068142896,0.125,nan
53,87,0.022941668995372155,0.125,nan
53,88,0.015910538814388985,0.0625,nan
53,89,0.024439785306632635,0.25,nan
53,90,0.02619560056779127,0.125,nan
53,91,0.01909243472331293,0.0625,nan
53,92,0.012815628062350306,0.0,nan
53,93,0.01733084769664998,0.0,nan
53,94,4.784892711868737,1.0,nan
53,95,0.011266314607842524,0.0625,nan
53,96,0.0139390726851061,0.125,nan
53,97,0.018639293929884757,0.0,nan
53,98,0.02656533123578962,0.1875,nan
53,99,0.02873286884218644,0.25,nan
54,0,0.0027781207869100335,0.0,nan
54,1,0.014925957509535334,0.0,nan
54,2,0.0017352123226686313,0.0,nan
54,3,0.003800757886666358,0.125,nan
54,4,0.006694595770451934,0.125,nan
54,5,0.015061064259937786,0.125,nan
54,6,0.005616974470840768,0.0625,nan
54,7,0.009518680791039486,0.125,nan
54,8,0.005842924559408037,0.0625,nan
54,9,0.0036234119261360177,0.0,nan
54,10,0.005384002046238534,0.0625,nan
54,11,0.010370184479709901,0.0625,nan
54,12,0.01866722398033884,0.0625,nan
54,13,0.00864480546113448,0.125,nan
54,14,0.002686029552333955,0.0,nan
54,15,0.0057444489952917606,0.0,nan
54,16,0.004869201848860863,0.0625,nan
54,17,0.010142423357209832,0.1875,nan
54,18,0.004085069011963299,0.0625,nan
54,19,0.00865846582317927,0.0625,nan
54,20,0.005142252340162285,0.125,nan
54,21,0.0043180907512308415,0.125,nan
54,22,0.00782302331446048,0.25,nan
54,23,0.005259163023456626,0.0625,nan
54,24,0.011016928546542584,0.25,nan
54,25,0.0034757644846123,0.0625,nan
54,26,0.002551714163598365,0.125,nan
54,27,0.004392450514968272,0.0625,nan
54,28,0.005217099671740402,0.0625,nan
54,29,0.007742102556015881,0.0,nan
54,30,0.009741037496171128,0.25,nan
54,31,0.008958449305129682,0.0625,nan
54,32,0.01200460922247017,0.0,nan
54,33,0.006789061359668599,0.0625,nan
54,34,0.025090186549511312,0.1875,nan
54,35,0.007850831357921719,0.0,nan
54,36,2.0756441651546567,0.875,nan
54,37,0.004251960501603961,0.0,nan
54,38,0.010421330967567784,0.1875,nan
54,39,0.003945728043708054,0.0,nan
54,40,0.005911614480018925,0.0,nan
54,41,0.006220400175165248,0.1875,nan
54,42,0.0021821471464758078,0.0625,nan
54,43,0.007810698892247718,0.0625,nan
54,44,0.006414873990461695,0.0625,nan
54,45,0.007193017794318293,0.0,nan
54,46,0.012841993332583904,0.0,nan
54,47,0.007939199917778913,0.0,nan
54,48,0.010128615488259649,0.0625,nan
54,49,0.006811501473960688,0.0625,nan
54,50,0.003973258100429679,0.0,nan
54,51,0.004315661393793455,0.0625,nan
54,52,0.004855487604649056,0.0,nan
54,53,0.009748964800786141,0.0,nan
54,54,0.008914463350358982,0.125,nan
54,55,0.006661683659225417,0.125,nan
54,56,0.006760073978291552,0.0625,nan
54,57,0.01501813923061442,0.0,nan
54,58,0.010891994717934207,0.0,nan
54,59,0.006354773340661711,0.125,nan
54,60,0.005272549830568217,0.0625,nan
54,61,0.0022560140122249916,0.0,nan
54,62,0.004723385851752387,0.0625,nan
54,63,0.001887899608250462,0.0625,nan
54,64,0.004253856012817352,0.0625,nan
54,65,0.011663079634026605,0.125,nan
54,66,0.0034612454606319726,0.0,nan
54,67,0.004393658997308347,0.0,nan
54,68,0.0048756831781433165,0.0625,nan
54,69,0.008231205823409898,0.125,nan
54,70,0.004626468102097454,0.0,nan
54,71,0.004385727037887409,0.125,nan
54,72,0.005446717822311472,0.0,nan
54,73,0.004798311987064237,0.0,nan
54,74,0.009064194951429107,0.125,nan
54,75,0.0037556322598420516,0.0625,nan
54,76,0.006562489623618812,0.0,nan
54,77,0.010297796772085796,0.125,nan
54,78,0.0072248658285446,0.0625,nan
54,79,0.007692653724334577,0.0625,nan
54,80,0.004859142748584881,0.0625,nan
54,81,0.005800289514125695,0.0,nan
54,82,0.0015514917733161612,0.0,nan
54,83,0.0038067788553847524,0.0,nan
54,84,0.014181780311636877,0.0625,nan
54,85,0.013162112939676646,0.0625,nan
54,86,0.007689042425071768,0.0625,nan
54,87,0.0036017551614776757,0.125,nan
54,88,0.004077066521179198,0.0,nan
54,89,0.016239207717957095,0.0625,nan
54,90,0.006431214446858317,0.0,nan
54,91,0.02080142040639712,0.25,nan
54,92,0.003964786888747693,0.125,nan
54,93,0.010513852170450196,0.0,nan
54,94,2.982459311642182,1.0,nan
54,95,0.003124662850612131,0.0625,nan
54,96,0.005311410405063799,0.0,nan
54,97,0.006285349065532707,0.125,nan
54,98,0.004959086999077946,0.125,nan
54,99,0.014542128429697359,0.0625,nan
55,0,0.008794569812185113,0.0625,nan
55,1,0.010308781050061413,0.0,nan
55,2,0.0033403569559785446,0.0625,nan
55,3,0.012632521484013066,0.1875,nan
55,4,0.009327278679640363,0.0625,nan
55,5,0.00504620689399341,0.125,nan
55,6,0.002559095887663656,0.0625,nan
55,7,0.010567223161805757,0.25,nan
55,8,0.004273975309241946,0.1875,nan
55,9,0.0077005769593333825,0.1875,nan
55,10,0.007940478055556035,0.1875,nan
55,11,0.013252583742107764,0.125,nan
55,12,0.004371367629056923,0.0625,nan
55,13,0.02377581975412127,0.125,nan
55,14,0.007279659535666132,0.125,nan
55,15,0.0024826892482460033,0.0625,nan
55,16,0.012386688146706043,0.1875,nan
55,17,0.005902783426625835,0.125,nan
55,18,0.005311329812382713,0.125,nan
55,19,0.003243987977334305,0.0625,nan
55,20,0.010212604004218206,0.0625,nan
55,21,0.009321938436706206,0.0625,nan
55,22,0.026169780154266967,0.3125,nan
55,23,0.007177972047082261,0.1875,nan
55,24,0.01551658747856604,0.25,nan
55,25,0.0057136615440869735,0.0625,nan
55,26,0.010422727689545472,0.0625,nan
55,27,0.007005156689727123,0.0625,nan
55,28,0.004792975709986846,0.0,nan
55,29,0.007417263375563515,0.125,nan
55,30,0.011302615199850223,0.125,nan
55,31,0.006942249801524119,0.0625,nan
55,32,0.0034196501331198582,0.0625,nan
55,33,0.012134634281748415,0.125,nan
55,34,0.05522139959976258,0.3125,nan
55,35,0.0017033012014402446,0.0625,nan
55,36,5.66739917209715,1.0,nan
55,37,0.005436271990937107,0.0625,nan
55,38,0.013548853375029262,0.125,nan
55,39,0.0028322122212211132,0.125,nan
55,40,0.006689853418387341,0.125,nan
55,41,0.0025068634917620493,0.0625,nan
55,42,0.0065763264628703345,0.0625,nan
55,43,0.0059497761417105005,0.125,nan
55,44,0.00939238738264652,0.0625,nan
55,45,0.005110415391904776,0.0625,nan
55,46,0.007155553083713921,0.1875,nan
55,47,0.004390528565833789,0.0625,nan
55,48,0.020560666992024385,0.0625,nan
55,49,0.008016732313387523,0.125,nan
55,50,0.003205616263667033,0.0625,nan
55,51,0.005820609199259424,0.125,nan
55,52,0.008656419871464188,0.0625,nan
55,53,0.0046403240649712345,0.0625,nan
55,54,0.011396671289069977,0.125,nan
55,55,0.008633867962953614,0.0625,nan
55,56,0.005568383276982503,0.0625,nan
55,57,0.0035896846041438314,0.125,nan
55,58,0.002292819242487128,0.0625,nan
55,59,0.014554372625625622,0.0625,nan
55,60,0.0040412326514703,0.0625,nan
55,61,0.004027876810456088,0.125,nan
55,62,0.0031069602179828073,0.125,nan
55,63,0.011804836061881261,0.0625,nan
55,64,0.011666436090911083,0.125,nan
55,65,0.006869264158160221,0.0625,nan
55,66,0.004753228977793645,0.0625,nan
55,67,0.0034969612303796262,0.0,nan
55,68,0.009047456557109153,0.125,nan
55,69,0.003226153952165681,0.0625,nan
55,70,0.028059302704773255,0.0625,nan
55,71,0.004942203341216141,0.0625,nan
55,72,0.009047896287433169,0.125,nan
55,73,0.006233902439463218,0.0625,nan
55,74,0.020369207770552466,0.25,nan
55,75,0.006148046575455062,0.0625,nan
55,76,0.014852387545251502,0.0625,nan
55,77,0.007492497846743227,0.0625,nan
55,78,0.006556983794555728,0.125,nan
55,79,0.011773307517915,0.0625,nan
55,80,0.006196264108188854,0.0625,nan
55,81,0.01173968679774958,0.1875,nan
55,82,0.007035109874534609,0.0625,nan
55,83,0.007278993784889007,0.0625,nan
55,84,0.008093561092973397,0.0625,nan
55,85,0.015712941291122107,0.125,nan
55,86,0.0088160318860264,0.0625,nan
55,87,0.00347560642420287,0.125,nan
55,88,0.005099865226396586,0.25,nan
55,89,0.01770962537410051,0.125,nan
55,90,0.0031670499659111444,0.0,nan
55,91,0.01323963694645131,0.1875,nan
55,92,0.005464072405478586,0.0625,nan
55,93,0.008087323458765368,0.0625,nan
55,94,1.6801512784961872,1.0,nan
55,95,0.0025936832869939527,0.125,nan
55,96,0.00796545698316595,0.0625,nan
55,97,0.008482380124482039,0.0625,nan
55,98,0.006814514972207871,0.125,nan
55,99,0.00661435115724795,0.1875,nan
56,0,0.011056022062614648,0.0625,nan
56,1,0.0032610628492273767,0.125,nan
56,2,0.002755172021196242,0.0,nan
56,3,0.005569114382128235,0.0,nan
56,4,0.0016860800409300369,0.0,nan
56,5,0.0022154475488321774,0.25,nan
56,6,0.005377320797628738,0.0,nan
56,7,0.004417306291078338,0.0625,nan
56,8,0.0018280423787587646,0.125,nan
56,9,0.006043815248854775,0.0625,nan
56,10,0.0019143051176995047,0.0625,nan
56,11,0.003147184344770155,0.0625,nan
56,12,0.0027249756237533013,0.0,nan
56,13,0.0013042110365369317,0.0,nan
56,14,0.0030674637849554915,0.0625,nan
56,15,0.0023671412198978748,0.0,nan
56,16,0.0028316052556385026,0.0,nan
56,17,0.0012681885708975232,0.0,nan
56,18,0.001787261617013925,0.0625,nan
56,19,0.0022050448667293655,0.0,nan
56,20,0.004772364719047603,0.0,nan
56,21,0.00263580885974067,0.0625,nan
56,22,0.0028410397233164476,0.0,nan
56,23,0.001976965075375986,0.0,nan
56,24,0.00272630933150525,0.0625,nan
56,25,0.0022868973263039495,0.0,nan
56,26,0.0025735221378986603,0.0,nan
56,27,0.004910918807279749,0.0,nan
56,28,0.0013261395631299438,0.0,nan
56,29,0.0025524304332061997,0.0,nan
56,30,0.01531156104957641,0.375,nan
56,31,0.0018674939197508048,0.0,nan
56,32,0.0018165096495734753,0.0,nan
56,33,0.002155033329965307,0.0625,nan
56,34,0.06173561876047792,0.25,nan
56,35,0.00042780840510193985,0.0625,nan
56,36,3.058062247293219,1.0,nan
56,37,0.0032176721894545453,0.0,nan
56,38,0.0023314651701098815,0.0,nan
56,39,0.0029276329812121457,0.0625,nan
56,40,0.0010891938317974478,0.0625,nan
56,41,0.0035522974821016557,0.0,nan
56,42,0.0030358767069156136,0.0625,nan
56,43,0.02532056054599151,0.125,nan
56,44,0.003436836522125936,0.0,nan
56,45,0.0035486085869665842,0.0,nan
56,46,0.001835744414430424,0.0,nan
56,47,0.003397867235215726,0.0625,nan
56,48,0.0035706041607508404,0.0625,nan
56,49,0.003775969762153465,0.0,nan
56,50,0.0005468206387559665,0.0,nan
56,51,0.006499852041299646,0.0,nan
56,52,0.0015147709450188472,0.0,nan
56,53,0.0019405282979914826,0.0,nan
56,54,0.0027017320249446584,0.0625,nan
56,55,0.003876514773583386,0.0,nan
56,56,0.004952378575380254,0.0625,nan
56,57,0.001707781402762238,0.125,nan
56,58,0.003486638302658553,0.0,nan
56,59,0.0036010933078888417,0.125,nan
56,60,0.0031410093524803554,0.0625,nan
56,61,0.0010744915837413711,0.0,nan
56,62,0.002247159309100319,0.0625,nan
56,63,0.0019951339167205715,0.0,nan
56,64,0.000754673500822375,0.0,nan
56,65,0.003943527027748906,0.0625,nan
56,66,0.002093071867135637,0.0,nan
56,67,0.0031659118245246894,0.0625,nan
56,68,0.0016178486798091123,0.0,nan
56,69,0.003126621233457411,0.0,nan
56,70,0.0026734491387951547,0.1875,nan
56,71,0.0017286772637202627,0.0625,nan
56,72,0.0022028898910380376,0.0625,nan
56,73,0.0014270003715928818,0.0625,nan
56,74,0.04580817215928327,0.3125,nan
56,75,0.0014408449871841904,0.0625,nan
56,76,0.005976545152156063,0.0,nan
56,77,0.005888667488688265,0.0625,nan
56,78,0.0009525598074336978,0.0,nan
56,79,0.003784102198732143,0.0,nan
56,80,0.0009502443853573407,0.0,nan
56,81,0.002423317286716566,0.0625,nan
56,82,0.003550730758499685,0.0625,nan
56,83,0.002527371550874316,0.0,nan
56,84,0.002258841647081969,0.0625,nan
56,85,0.0015867304981851448,0.0,nan
56,86,0.007473811862508961,0.1875,nan
56,87,0.0021417423960833474,0.0,nan
56,88,0.005654208555686373,0.0,nan
56,89,0.0014340282192737452,0.0,nan
56,90,0.004211737770729706,0.0,nan
56,91,0.0015606674429363924,0.125,nan
56,92,0.004234726260159021,0.0,nan
56,93,0.0027302170106339994,0.0,nan
56,94,0.9820771906383152,1.0,nan
56,95,0.0018125447167348019,0.1875,nan
56,96,0.0018589751819145127,0.125,nan
56,97,0.004022331289698415,0.0625,nan
56,98,0.0035384575848709204,0.0625,nan
56,99,0.0041407105349075875,0.0,nan
57,0,0.009444838272413044,0.1875,nan
57,1,0.017522278121113444,0.0625,nan
57,2,0.00985063598098319,0.0625,nan
57,3,1.5337941222262441,0.9375,nan
57,4,0.006293979204174335,0.125,nan
57,5,0.015947657335792592,0.0625,nan
57,6,0.017308291700316128,0.0625,nan
57,7,0.03582997831028,0.125,nan
57,8,0.01775835734668011,0.0625,nan
57,9,0.012652418337556988,0.0,nan
57,10,0.008979761737143089,0.0,nan
57,11,0.01876908960296418,0.0625,nan
57,12,0.015830876505032832,0.125,nan
57,13,0.004328141799300694,0.0,nan
57,14,0.007418689462703884,0.0625,nan
57,15,0.011927419679174295,0.0,nan
57,16,0.01515757657799464,0.0625,nan
57,17,0.028243908990527228,0.125,nan
57,18,0.005073219996872208,0.0,nan
57,19,0.021319479437385172,0.125,nan
57,20,0.014136668430520721,0.25,nan
57,21,0.011214867681854628,0.125,nan
57,22,0.010055026039836556,0.0625,nan
57,23,0.009715785433071195,0.0625,nan
57,24,0.009245641451099473,0.0,nan
57,25,0.011448229605966167,0.125,nan
57,26,0.11319253095423165,0.4375,nan
57,27,0.09699796716637525,0.4375,nan
57,28,0.012071228496350022,0.0,nan
57,29,0.006700035316034813,0.125,nan
57,30,0.03008071242858725,0.125,nan
57,31,0.013278631806103747,0.0625,nan
57,32,0.0053863147759457206,0.0625,nan
57,33,0.011299284510236207,0.0625,nan
57,34,0.0160564839271669,0.125,nan
57,35,0.012186072069782472,0.0,nan
57,36,0.49417450095926896,0.625,nan
57,37,0.01057929075388942,0.0,nan
57,38,0.011240422764912321,0.0,nan
57,39,0.005770788676170455,0.0625,nan
57,40,0.007400466781010634,0.0,nan
57,41,0.004942529226993068,0.0,nan
57,42,0.006429170515642176,0.0,nan
57,43,0.011399187896432801,0.0,nan
57,44,0.017391647333958517,0.1875,nan
57,45,0.012312988895833835,0.0625,nan
57,46,0.00938321354128018,0.0625,nan
57,47,0.006746417150792341,0.0625,nan
57,48,0.008134329759040056,0.0,nan
57,49,0.008719636036025005,0.0,nan
57,50,0.005345136306431658,0.0,nan
57,51,0.013308272257380079,0.0625,nan
57,52,0.013092960869351366,0.0625,nan
57,53,0.018768577760116097,0.0,nan
57,54,0.01587523426124022,0.0625,nan
57,55,0.005546776981431872,0.0,nan
57,56,0.008171447746049514,0.0625,nan
57,57,0.010527113803879199,0.0,nan
57,58,0.020347846117197865,0.0,nan
57,59,0.008130715677149708,0.0,nan
57,60,0.00824644278764577,0.0,nan
57,61,0.008903401630657774,0.0,nan
57,62,0.014386617063359178,0.0625,nan
57,63,0.014775816655524316,0.0625,nan
57,64,0.0158684780944844,0.0,nan
57,65,0.012763343485250829,0.0625,nan
57,66,0.007626644057179086,0.0625,nan
57,67,0.004821643268849509,0.0625,nan
57,68,0.0037490364477030845,0.0,nan
57,69,0.005844701019858531,0.0,nan
57,70,0.03740078864043119,0.1875,nan
57,71,0.009041279613169199,0.0625,nan
57,72,0.021594762987828964,0.0,nan
57,73,0.007005784343003696,0.0,nan
57,74,0.03112295361234228,0.1875,nan
57,75,0.012028743931888651,0.0,nan
57,76,0.006575848508839472,0.0625,nan
57,77,0.008742989804464665,0.0625,nan
57,78,0.010915453450647462,0.125,nan
57,79,0.012401433205590479,0.0,nan
57,80,0.012410767688747697,0.0625,nan
57,81,0.008613946025276107,0.0,nan
57,82,0.014673390261678194,0.125,nan
57,83,0.007932965980692154,0.0,nan
57,84,0.012662420932150293,0.1875,nan
57,85,0.06785403737159856,0.25,nan
57,86,0.0173550592257191,0.125,nan
57,87,0.02333944920596208,0.0625,nan
57,88,0.01196717890514408,0.0625,nan
57,89,0.04575891762119687,0.125,nan
57,90,0.011288160344731329,0.125,nan
57,91,0.023873661881719303,0.0625,nan
57,92,0.013628163719820178,0.125,nan
57,93,0.011919745454085886,0.125,nan
57,94,4.170004393197609,1.0,nan
57,95,0.010984562733530923,0.0625,nan
57,96,0.020272212595107045,0.0625,nan
57,97,0.010178403786308556,0.0,nan
57,98,0.008872764092311424,0.1875,nan
57,99,0.014656739029425877,0.1875,nan
58,0,0.016951800163903272,0.0625,nan
58,1,0.0249897987545765,0.0625,nan
58,2,0.024059330128399455,0.0625,nan
58,3,1.3895305147837904,0.875,nan
58,4,0.019407741137693717,0.125,nan
58,5,0.04670089194571554,0.25,nan
58,6,0.018313804693304757,0.0625,nan
58,7,0.011046626331228108,0.1875,nan
58,8,0.014683517433002342,0.125,nan
58,9,0.028765573919943364,0.1875,nan
58,10,0.005729442141586694,0.0,nan
58,11,0.02476085239695948,0.1875,nan
58,12,0.03513969541309766,0.125,nan
58,13,0.03393587725153181,0.0,nan
58,14,0.012715947390765637,0.0,nan
58,15,0.036666122642089585,0.125,nan
58,16,0.017467403128326942,0.125,nan
58,17,0.020079753535017206,0.125,nan
58,18,0.0350552128648541,0.125,nan
58,19,0.012836949296782613,0.125,nan
58,20,0.019023956758030643,0.0625,nan
58,21,0.01668728525506387,0.125,nan
58,22,0.017864418166516606,0.125,nan
58,23,0.012825698395408274,0.3125,nan
58,24,0.008584016050511244,0.0625,nan
58,25,0.010670121901676795,0.0625,nan
58,26,0.07343232434791473,0.4375,nan
58,27,0.026691743460959306,0.1875,nan
58,28,0.02294996352057469,0.125,nan
58,29,0.019363752612832026,0.0625,nan
58,30,0.025134314449078703,0.1875,nan
58,31,0.0063199209641554045,0.0625,nan
58,32,0.018913191832464038,0.125,nan
58,33,0.035600187012377466,0.25,nan
58,34,0.02607841497283093,0.125,nan
58,35,0.011686014425869069,0.0,nan
58,36,1.0772951349332711,0.75,nan
58,37,0.011242393245363788,0.125,nan
58,38,0.02613459650538512,0.0,nan
58,39,0.010327412539055444,0.0625,nan
58,40,0.010745253226183249,0.125,nan
58,41,0.009184891038294481,0.0625,nan
58,42,0.009625766067202364,0.125,nan
58,43,0.010922670436895444,0.0,nan
58,44,0.010823970468564866,0.0625,nan
58,45,0.013996762856308471,0.0,nan
58,46,0.028644578191870884,0.125,nan
58,47,0.018753933527997618,0.0625,nan
58,48,0.017566449551026327,0.125,nan
58,49,0.05741990370727276,0.375,nan
58,50,0.018436910316964244,0.125,nan
58,51,0.013968381087534188,0.125,nan
58,52,0.02994789429301655,0.0625,nan
58,53,0.030659545013103404,0.0,nan
58,54,0.020638407148415385,0.1875,nan
58,55,0.030049465289227372,0.1875,nan
58,56,0.014285575066436766,0.1875,nan
58,57,0.07597628575651799,0.375,nan
58,58,0.018992105781347676,0.1875,nan
58,59,0.02465112461258876,0.0,nan
58,60,0.010546044176362854,0.0625,nan
58,61,0.019632493244567777,0.0,nan
58,62,0.015295264579408354,0.0625,nan
58,63,0.009792577635638074,0.0,nan
58,64,0.012907893025155534,0.0,nan
58,65,0.014085490698418622,0.0625,nan
58,66,0.02146807831276084,0.0625,nan
58,67,0.005121600034747962,0.0,nan
58,68,0.021969503682426512,0.0,nan
58,69,0.02464292904669595,0.125,nan
58,70,0.023325498429441677,0.125,nan
58,71,0.015614960533650291,0.0,nan
58,72,0.011274999836012628,0.0,nan
58,73,0.00863272720683282,0.0625,nan
58,74,0.02592071484040266,0.1875,nan
58,75,0.007289875059005883,0.0,nan
58,76,0.0369982727550171,0.0625,nan
58,77,0.01960462306782672,0.1875,nan
58,78,0.03084429812697929,0.125,nan
58,79,0.013604411835034674,0.0625,nan
58,80,0.012332172327711758,0.125,nan
58,81,0.023133763178132552,0.125,nan
58,82,0.008315770921395814,0.0625,nan
58,83,0.012148329761242964,0.1875,nan
58,84,0.02098166710262346,0.1875,nan
58,85,0.015621521554300917,0.1875,nan
58,86,0.04559453023852753,0.3125,nan
58,87,0.017845496211681362,0.1875,nan
58,88,0.011980185710323563,0.0625,nan
58,89,0.028677468121503222,0.0625,nan
58,90,0.013694306716929242,0.125,nan
58,91,0.04018940327201161,0.3125,nan
58,92,0.019506176075398354,0.125,nan
58,93,0.02446013413613499,0.125,nan
58,94,2.388469579215769,1.0,nan
58,95,0.019121864987418795,0.1875,nan
58,96,0.01834429073218712,0.0,nan
58,97,0.010112176025246665,0.125,nan
58,98,0.03413720341516756,0.125,nan
58,99,0.07819264571989362,0.4375,nan
59,0,0.05753866736483103,0.25,nan
59,1,0.02291628551008358,0.3125,nan
59,2,0.06581457581247774,0.1875,nan
59,3,2.3100892299275104,0.9375,nan
59,4,0.05215334224464223,0.25,nan
59,5,0.03991096491374278,0.125,nan
59,6,0.017684950184680512,0.1875,nan
59,7,0.04697180670640799,0.25,nan
59,8,0.013974675226864106,0.1875,nan
59,9,0.033427869765946944,0.1875,nan
59,10,0.038060359003226435,0.125,nan
59,11,0.035909427139929576,0.25,nan
59,12,0.02346578293582622,0.1875,nan
59,13,0.020072709217007954,0.1875,nan
59,14,0.019638899260273894,0.1875,nan
59,15,0.03213204419380008,0.25,nan
59,16,0.01779228846580231,0.0625,nan
59,17,0.07363369376531106,0.375,nan
59,18,0.05980050037819219,0.25,nan
59,19,0.0418232552583076,0.1875,nan
59,20,0.013560213273267535,0.125,nan
59,21,0.036549862944552466,0.25,nan
59,22,0.02606447986437467,0.1875,nan
59,23,0.06420619755835709,0.375,nan
59,24,0.04934224200918806,0.125,nan
59,25,0.04385633597637982,0.3125,nan
59,26,0.07607960850938693,0.375,nan
59,27,0.025531727455651295,0.4375,nan
59,28,0.028343201365429074,0.125,nan
59,29,0.021001569460040292,0.0625,nan
59,30,0.05408996548334637,0.1875,nan
59,31,0.027069762847799293,0.125,nan
59,32,0.047570926231598844,0.25,nan
59,33,0.019403107837470145,0.0625,nan
59,34,0.19697478490608128,0.5625,nan
59,35,0.04606664488874729,0.125,nan
59,36,0.33049641713005873,0.625,nan
59,37,0.03814694632971051,0.1875,nan
59,38,0.05794960780507436,0.125,nan
59,39,0.02436644339486701,0.1875,nan
59,40,0.04473723648748015,0.125,nan
59,41,0.02622619726649536,0.1875,nan
59,42,0.029081005768083333,0.125,nan
59,43,0.03700764200196342,0.3125,nan
59,44,0.03500900482704003,0.1875,nan
59,45,0.028149918393596304,0.25,nan
59,46,0.10784387501243901,0.5,nan
59,47,0.028541486634743603,0.1875,nan
59,48,0.06203381137679949,0.25,nan
59,49,0.03269005674380887,0.3125,nan
59,50,0.018202191392052147,0.125,nan
59,51,0.02455475125001641,0.25,nan
59,52,0.02664345133948008,0.3125,nan
59,53,0.04418029875002816,0.25,nan
59,54,0.04452646632143871,0.375,nan
59,55,0.036353894644765905,0.3125,nan
59,56,0.07413826580275472,0.3125,nan
59,57,0.01437846093363563,0.0625,nan
59,58,0.0218461231835667,0.125,nan
59,59,0.0306228280759351,0.25,nan
59,60,0.03650387906456568,0.1875,nan
59,61,0.0656178840989929,0.25,nan
59,62,0.036986696066415144,0.125,nan
59,63,0.015553135068446064,0.125,nan
59,64,0.025605246257781655,0.125,nan
59,65,0.02415211739661902,0.0625,nan
59,66,0.017517140948928568,0.125,nan
59,67,0.02698264838288572,0.3125,nan
59,68,0.05361532988541543,0.375,nan
59,69,0.019911686155615428,0.25,nan
59,70,0.08840337473293239,0.1875,nan
59,71,0.03321080054311486,0.125,nan
59,72,0.020794080634282806,0.125,nan
59,73,0.02502315105759119,0.125,nan
59,74,0.019459643862300112,0.0625,nan
59,75,0.016289324100152762,0.1875,nan
59,76,0.11454587278867306,0.375,nan
59,77,0.0631315125737407,0.3125,nan
59,78,0.021525683794139744,0.125,nan
59,79,0.02959728836515846,0.1875,nan
59,80,0.023028885332784035,0.125,nan
59,81,0.030341264633612572,0.125,nan
59,82,0.06313504257975625,0.1875,nan
59,83,0.017944697606710004,0.125,nan
59,84,0.03193246992708263,0.1875,nan
59,85,0.037011458351234774,0.25,nan
59,86,0.19665240311628496,0.5625,nan
59,87,0.036674826692604655,0.1875,nan
59,88,0.050396310031186164,0.25,nan
59,89,0.07816507052317039,0.375,nan
59,90,0.03395547203980491,0.0625,nan
59,91,0.04470182673926852,0.3125,nan
59,92,0.01921545567192381,0.1875,nan
59,93,0.0804556096207502,0.3125,nan
59,94,6.72436905687578,1.0,nan
59,95,0.04347140615713624,0.0625,nan
59,96,0.0751407499038314,0.3125,nan
59,97,0.01772705709590551,0.0625,nan
59,98,0.015366314811037951,0.125,nan
59,99,0.031776102742968965,0.25,nan
60,0,0.021674900965280817,0.1875,nan
60,1,0.01363872817229115,0.125,nan
60,2,0.013480496523625828,0.0,nan
60,3,1.7968117951203884,0.9375,nan
60,4,0.013567754542838675,0.0,nan
60,5,0.024952148398050114,0.1875,nan
60,6,0.023095149448179836,0.1875,nan
60,7,0.04405731757975957,0.3125,nan
60,8,0.018049770323183178,0.1875,nan
60,9,0.016916256402441356,0.0625,nan
60,10,0.01064711777250962,0.0,nan
60,11,0.011923229150438374,0.0625,nan
60,12,0.03347345144273183,0.125,nan
60,13,0.01585959331856828,0.0,nan
60,14,0.015354578583680016,0.125,nan
60,15,0.006634044177847767,0.0625,nan
60,16,0.014879536941675018,0.0,nan
60,17,0.020544387385892843,0.125,nan
60,18,0.017202871901556407,0.0,nan
60,19,0.022381338357906372,0.1875,nan
60,20,0.02260562031051268,0.0625,nan
60,21,0.02704262265645512,0.0625,nan
60,22,0.008574048743940686,0.0,nan
60,23,0.02215685387084961,0.125,nan
60,24,0.007895344765631454,0.0625,nan
60,25,0.012143612998004902,0.0,nan
60,26,0.020254659858159572,0.375,nan
60,27,0.01872228581827818,0.0625,nan
60,28,0.029508205615882754,0.1875,nan
60,29,0.01245172126765956,0.1875,nan
60,30,0.013641727139886786,0.0625,nan
60,31,0.017185641064570517,0.0,nan
60,32,0.023748916412445274,0.0625,nan
60,33,0.010029663208510332,0.125,nan
60,34,0.02008749528751895,0.125,nan
60,35,0.012133590091378385,0.0625,nan
60,36,1.3593655043812523,0.8125,nan
60,37,0.020356688491721217,0.25,nan
60,38,0.02023949204575264,0.1875,nan
60,39,0.013881969609481131,0.0625,nan
60,40,0.02714457009600002,0.0625,nan
60,41,0.00698324857365136,0.0625,nan
60,42,0.013154887812488202,0.0,nan
60,43,0.010188983707481024,0.125,nan
60,44,0.0265919775754881,0.0625,nan
60,45,0.012605110617684327,0.0625,nan
60,46,0.01759127910117691,0.0625,nan
60,47,0.016543662332245822,0.0,nan
60,48,0.023868997251428988,0.0625,nan
60,49,0.0194709838376733,0.0,nan
60,50,0.015581330735999863,0.0,nan
60,51,0.024086381549686137,0.0625,nan
60,52,0.00867154925761375,0.0,nan
60,53,0.026994010267124016,0.125,nan
60,54,0.026997935312176584,0.0625,nan
60,55,0.006913787609864895,0.0625,nan
60,56,0.031568210780272596,0.125,nan
60,57,0.027536926975459963,0.25,nan
60,58,0.01802054518498327,0.0625,nan
60,59,0.02714673885833789,0.0625,nan
60,60,0.009501036014257993,0.0625,nan
60,61,0.011372994653411673,0.0625,nan
60,62,0.008186104765410259,0.125,nan
60,63,0.01098684707928071,0.0,nan
60,64,0.008955769383244527,0.0,nan
60,65,0.013847250880473491,0.0625,nan
60,66,0.011043699522881395,0.0,nan
60,67,0.005621950783737166,0.125,nan
60,68,0.01917419610307999,0.125,nan
60,69,0.011794622684245897,0.0,nan
60,70,0.014038198120925646,0.125,nan
60,71,0.00832919107866227,0.0625,nan
60,72,0.006269536204958935,0.0,nan
60,73,0.021470907579136035,0.1875,nan
60,74,0.014790322828212327,0.0625,nan
60,75,0.009635834619681713,0.125,nan
60,76,0.02702683697525096,0.0625,nan
60,77,0.03107401995434798,0.25,nan
60,78,0.017302661345407654,0.125,nan
60,79,0.020757823265579213,0.0,nan
60,80,0.005128538217277464,0.0625,nan
60,81,0.0378392834562988,0.125,nan
60,82,0.012626973649982023,0.0625,nan
60,83,0.013940117060733205,0.0,nan
60,84,0.025327759553826802,0.125,nan
60,85,0.03798018782712674,0.25,nan
60,86,0.02954051844501223,0.25,nan
60,87,0.03337346404298687,0.125,nan
60,88,0.018218533320556334,0.125,nan
60,89,0.010869963658581613,0.1875,nan
60,90,0.00811421627150162,0.0625,nan
60,91,0.022513414017167277,0.125,nan
60,92,0.014152823080163496,0.0625,nan
60,93,0.027090054224230893,0.0625,nan
60,94,2.58234628616687,1.0,nan
60,95,0.019680909538547897,0.125,nan
60,96,0.014501788585679774,0.125,nan
60,97,0.016489381013117303,0.125,nan
60,98,0.024121682754622252,0.0625,nan
60,99,0.18705023710174756,0.5,nan
61,0,0.010214936210776262,0.0,nan
61,1,0.012709126338014479,0.125,nan
61,2,0.016999442290060847,0.0,nan
61,3,2.76438631444321,0.9375,nan
61,4,0.02168620444495852,0.0,nan
61,5,0.008916933431016478,0.0,nan
61,6,0.016941923579748233,0.0,nan
61,7,0.03187157635211782,0.25,nan
61,8,0.01472283118594887,0.0625,nan
61,9,0.0038365854076168847,0.0625,nan
61,10,0.01934166785223483,0.0,nan
61,11,0.010107544252698449,0.125,nan
61,12,0.029701294545843797,0.0625,nan
61,13,0.012917190787583082,0.0625,nan
61,14,0.016629170832396706,0.0,nan
61,15,0.008454987684409835,0.0,nan
61,16,0.014421294187222803,0.0625,nan
61,17,0.018899949071431367,0.0,nan
61,18,0.017721276518671447,0.125,nan
61,19,0.018069223945118396,0.125,nan
61,20,0.029497427034711487,0.0625,nan
61,21,0.01003408831870598,0.125,nan
61,22,0.011073291984429407,0.125,nan
61,23,0.022734220139677935,0.125,nan
61,24,0.008607715477440724,0.0625,nan
61,25,0.007693326307106689,0.125,nan
61,26,0.0887377456001151,0.25,nan
61,27,0.05119149162754687,0.1875,nan
61,28,0.01656023686835243,0.0,nan
61,29,0.012847958957659965,0.1875,nan
61,30,0.015778793420103326,0.1875,nan
61,31,0.009819910924319893,0.0,nan
61,32,0.016883236003397202,0.0,nan
61,33,0.010259281689147198,0.0,nan
61,34,0.025391152456732548,0.0625,nan
61,35,0.009069893160954422,0.0,nan
61,36,0.372163599618064,0.5625,nan
61,37,0.019162938047391827,0.0,nan
61,38,0.018926551833661015,0.0,nan
61,39,0.014121859501066626,0.125,nan
61,40,0.01791294583699545,0.0,nan
61,41,0.003940122968512562,0.0,nan
61,42,0.019487951494180436,0.125,nan
61,43,0.03568002217953491,0.125,nan
61,44,0.021143897219058107,0.1875,nan
61,45,0.010252116941108693,0.0,nan
61,46,0.04644628789027016,0.1875,nan
61,47,0.01838493936400179,0.0,nan
61,48,0.01584472866539305,0.125,nan
61,49,0.009701315338386671,0.0,nan
61,50,0.01332364887119484,0.0,nan
61,51,0.021650529452143644,0.25,nan
61,52,0.007041650860155627,0.0,nan
61,53,0.018145638688361637,0.0,nan
61,54,0.010492232299454736,0.125,nan
61,55,0.012441811546964044,0.125,nan
61,56,0.008416521764721109,0.125,nan
61,57,0.008365745136052427,0.0625,nan
61,58,0.009549557720464352,0.1875,nan
61,59,0.013903291948474604,0.125,nan
61,60,0.011330562408457479,0.0,nan
61,61,0.011097307038879475,0.0,nan
61,62,0.02196137511043056,0.0625,nan
61,63,0.011537549344940154,0.0625,nan
61,64,0.014520524034950185,0.125,nan
61,65,0.02118119798623215,0.0625,nan
61,66,0.011284398071504357,0.0,nan
61,67,0.015396635501070975,0.0625,nan
61,68,0.007089713702969343,0.0,nan
61,69,0.009349142195113064,0.0625,nan
61,70,0.019666420586614233,0.25,nan
61,71,0.009042438124141445,0.0625,nan
61,72,0.006002045330597974,0.0625,nan
61,73,0.008844106093439968,0.0625,nan
61,74,0.061344321923997976,0.3125,nan
61,75,0.01818788224553205,0.0625,nan
61,76,0.025818985116055584,0.1875,nan
61,77,0.04550730120940223,0.25,nan
61,78,0.01875600481969464,0.125,nan
61,79,0.015966704142779575,0.0,nan
61,80,0.009565130578769709,0.0625,nan
61,81,0.0310283491851775,0.1875,nan
61,82,0.010666003794900007,0.0,nan
61,83,0.008324104290366851,0.0625,nan
61,84,0.006731281322087888,0.0625,nan
61,85,0.0759728135748471,0.25,nan
61,86,0.07166179075736141,0.375,nan
61,87,0.021107674904874536,0.0625,nan
61,88,0.012746925421849456,0.0625,nan
61,89,0.015078041380650204,0.0625,nan
61,90,0.011089343927222075,0.0,nan
61,91,0.015066961275313977,0.125,nan
61,92,0.03778188490628024,0.125,nan
61,93,0.02421082553055781,0.0,nan
61,94,3.718042129611077,1.0,nan
61,95,0.01969996095423784,0.0625,nan
61,96,0.026603255584641362,0.125,nan
61,97,0.022064849275244762,0.0,nan
61,98,0.00560948659764654,0.0625,nan
61,99,0.15270181085019252,0.5,nan
62,0,0.02771666109846533,0.125,nan
62,1,0.011678881035576887,0.0,nan
62,2,0.01903198353868512,0.0,nan
62,3,1.0235752533070581,0.875,nan
62,4,0.009312528987983872,0.0625,nan
62,5,0.018210938628855085,0.1875,nan
62,6,0.01141974017359905,0.0625,nan
62,7,0.014244685622848401,0.125,nan
62,8,0.01144658380802791,0.125,nan
62,9,0.007154284283704593,0.125,nan
62,10,0.01488564819516577,0.0625,nan
62,11,0.01840802575279739,0.0,nan
62,12,0.018074848132486027,0.125,nan
62,13,0.010389297357114653,0.0,nan
62,14,0.019980734227822268,0.1875,nan
62,15,0.009257836275341007,0.0,nan
62,16,0.012723256328292019,0.0,nan
62,17,0.017385047622408112,0.125,nan
62,18,0.009888812063328128,0.125,nan
62,19,0.019113531867231838,0.125,nan
62,20,0.006505808659069548,0.0,nan
62,21,0.008205625131613705,0.0,nan
62,22,0.008297483273609137,0.0,nan
62,23,0.0033034049762086766,0.125,nan
62,24,0.012267195775700086,0.0,nan
62,25,0.01463262278664892,0.125,nan
62,26,0.025625626335061866,0.4375,nan
62,27,0.00874472536903234,0.0625,nan
62,28,0.005907243149598902,0.0,nan
62,29,0.008401913731713463,0.0625,nan
62,30,0.008046077002985739,0.125,nan
62,31,0.01203441604772337,0.125,nan
62,32,0.007216113014452881,0.0,nan
62,33,0.01691361283127676,0.0,nan
62,34,0.0423980715680361,0.1875,nan
62,35,0.017912924016532203,0.0,nan
62,36,1.9105432118497538,0.8125,nan
62,37,0.00740842190325716,0.0,nan
62,38,0.00848346043658799,0.0,nan
62,39,0.00478575497534839,0.0,nan
62,40,0.01128106786653859,0.0625,nan
62,41,0.008081669585497168,0.0625,nan
62,42,0.005747035693637311,0.0,nan
62,43,0.010919740058257878,0.1875,nan
62,44,0.009792296948112044,0.125,nan
62,45,0.008116829153246588,0.0,nan
62,46,0.008041717958598114,0.1875,nan
62,47,0.020174699574445537,0.0,nan
62,48,0.01759573433328647,0.0,nan
62,49,0.006188958751956412,0.0625,nan
62,50,0.009062412267831683,0.0,nan
62,51,0.009196521996742459,0.125,nan
62,52,0.013414682761457502,0.0,nan
62,53,0.0737669374421635,0.3125,nan
62,54,0.008816413153689038,0.0625,nan
62,55,0.00431701136294519,0.0625,nan
62,56,0.0182215799637405,0.1875,nan
62,57,0.013932763231094047,0.0625,nan
62,58,0.004361755990705244,0.0,nan
62,59,0.016691547712205736,0.0,nan
62,60,0.007840532889402646,0.0,nan
62,61,0.015681605314307734,0.125,nan
62,62,0.004796749049796415,0.0625,nan
62,63,0.004249507595853477,0.0,nan
62,64,0.00788893100557098,0.0,nan
62,65,0.009595210147186752,0.0,nan
62,66,0.005446071694529283,0.0,nan
62,67,0.014020577689700539,0.0,nan
62,68,0.00914146811488088,0.0625,nan
62,69,0.011365767654780904,0.0,nan
62,70,0.00584172508437383,0.0625,nan
62,71,0.009130054952311784,0.0625,nan
62,72,0.010659520924247993,0.0625,nan
62,73,0.01015083572251585,0.0,nan
62,74,0.02660700754414519,0.125,nan
62,75,0.013739454413091316,0.125,nan
62,76,0.015242808424800447,0.1875,nan
62,77,0.012364501794507345,0.0,nan
62,78,0.030667873223608255,0.0625,nan
62,79,0.0038402091950750818,0.0,nan
62,80,0.0074295764577300355,0.0625,nan
62,81,0.010583805533402178,0.125,nan
62,82,0.004603427607444653,0.0,nan
62,83,0.007561994054518545,0.0,nan
62,84,0.015045006701916185,0.1875,nan
62,85,0.009157272720647314,0.1875,nan
62,86,0.016124836402813793,0.3125,nan
62,87,0.0189357758739972,0.125,nan
62,88,0.023092281329545737,0.0625,nan
62,89,0.019080516986003666,0.1875,nan
62,90,0.01870585389025873,0.0,nan
62,91,0.020310619462973356,0.0,nan
62,92,0.01858527386953821,0.125,nan
62,93,0.007589132818765646,0.0,nan
62,94,2.8947965100440767,1.0,nan
62,95,0.012768887865231483,0.0,nan
62,96,0.007829185168239675,0.0625,nan
62,97,0.00497139892695898,0.0625,nan
62,98,0.013813553070734692,0.25,nan
62,99,0.018328335372963335,0.1875,nan
63,0,0.018848605105391165,0.1875,nan
63,1,0.02456992442002958,0.125,nan
63,2,0.016076034929503075,0.0625,nan
63,3,2.503929575800628,0.9375,nan
63,4,0.02234315360874207,0.1875,nan
63,5,0.032031025622421924,0.125,nan
63,6,0.03061411987085242,0.0625,nan
63,7,0.01788822337819345,0.1875,nan
63,8,0.01530362292770103,0.1875,nan
63,9,0.03524640119652017,0.0625,nan
63,10,0.015845417707478382,0.1875,nan
63,11,0.02175545648255168,0.0625,nan
63,12,0.10627232310044323,0.375,nan
63,13,0.022098970053775834,0.1875,nan
63,14,0.01965570337565638,0.0625,nan
63,15,0.02289834968185432,0.125,nan
63,16,0.040154209042048264,0.125,nan
63,17,0.021719367851726665,0.3125,nan
63,18,0.0701290152004529,0.3125,nan
63,19,0.037543858295718546,0.125,nan
63,20,0.016107048102047335,0.0,nan
63,21,0.04621877699615644,0.1875,nan
63,22,0.02709091119252406,0.125,nan
63,23,0.11368805615157532,0.4375,nan
63,24,0.01637220044989675,0.1875,nan
63,25,0.04223994483761029,0.3125,nan
63,26,1.2256975590794414,0.6875,nan
63,27,0.0916072136487972,0.3125,nan
63,28,0.028138747114866823,0.1875,nan
63,29,0.025290174242648143,0.25,nan
63,30,0.030851145817573103,0.125,nan
63,31,0.01779937349291923,0.125,nan
63,32,0.020296672952759484,0.1875,nan
63,33,0.020026812316731916,0.1875,nan
63,34,0.07376803535146935,0.25,nan
63,35,0.0060633893373486765,0.125,nan
63,36,0.21152489743022873,0.5625,nan
63,37,0.03956142554512902,0.125,nan
63,38,0.1298249269869622,0.4375,nan
63,39,0.012336665044061623,0.0625,nan
63,40,0.015220521891381664,0.125,nan
63,41,0.029736062959765407,0.3125,nan
63,42,0.054141166931758314,0.1875,nan
63,43,0.010391509663472805,0.0625,nan
63,44,0.020499401419693464,0.125,nan
63,45,0.029855982804953163,0.1875,nan
63,46,0.08544477393385344,0.375,nan
63,47,0.023028123164628087,0.1875,nan
63,48,0.04314816756587454,0.25,nan
63,49,0.03890535292370312,0.25,nan
63,50,0.010782375941812644,0.125,nan
63,51,0.015922741075293026,0.25,nan
63,52,0.04802294566494254,0.0625,nan
63,53,0.025909571704208708,0.3125,nan
63,54,0.014438096932785091,0.0625,nan
63,55,0.030479886268359832,0.1875,nan
63,56,0.03335587817098286,0.1875,nan
63,57,0.029580176510652548,0.125,nan
63,58,0.01809737519383971,0.0625,nan
63,59,0.021238120959489595,0.1875,nan
63,60,0.017695085380735408,0.0625,nan
63,61,0.023672442508308304,0.125,nan
63,62,0.02121912904238444,0.0,nan
63,63,0.01605179917005732,0.0625,nan
63,64,0.004206353150983482,0.3125,nan
63,65,0.007776056586955814,0.125,nan
63,66,0.02884439947085931,0.1875,nan
63,67,0.019103863628087726,0.0,nan
63,68,0.03137187022209597,0.1875,nan
63,69,0.028594498564869272,0.3125,nan
63,70,0.03787259713542174,0.25,nan
63,71,0.042483904923918306,0.1875,nan
63,72,0.006429223394736578,0.0625,nan
63,73,0.03111612812078444,0.25,nan
63,74,0.10427761548330447,0.375,nan
63,75,0.024516400557292192,0.25,nan
63,76,0.01783680069222631,0.125,nan
63,77,0.036744864393987824,0.25,nan
63,78,0.05643845456649206,0.1875,nan
63,79,0.052333407824998554,0.1875,nan
63,80,0.019993916520927184,0.0625,nan
63,81,0.017659990978673094,0.0625,nan
63,82,0.010621683396306737,0.0625,nan
63,83,0.0308140096784217,0.1875,nan
63,84,0.026821630812048757,0.1875,nan
63,85,0.1088997716915173,0.375,nan
63,86,0.27210934590276414,0.5,nan
63,87,0.044858095789686685,0.1875,nan
63,88,0.027824172192391482,0.1875,nan
63,89,0.04920098251005128,0.125,nan
63,90,0.010871131744647423,0.0,nan
63,91,0.030704288564541184,0.1875,nan
63,92,0.021733865695717173,0.25,nan
63,93,0.03069890908092898,0.125,nan
63,94,4.880758270775022,1.0,nan
63,95,0.07146602282624737,0.25,nan
63,96,0.044127873925256474,0.25,nan
63,97,0.03121620277124642,0.1875,nan
63,98,0.024795971776438087,0.3125,nan
63,99,0.09311647735199347,0.375,nan
64,0,0.011541540367635066,0.0625,nan
64,1,0.007005388974745395,0.0625,nan
64,2,0.006726698929965823,0.0,nan
64,3,2.096916591731865,1.0,nan
64,4,0.005929095935803538,0.0,nan
64,5,0.024880192528619016,0.1875,nan
64,6,0.01094519382568342,0.0,nan
64,7,0.022451050393776394,0.3125,nan
64,8,0.020061911884397505,0.25,nan
64,9,0.005428389145160039,0.0,nan
64,10,0.007411472434544996,0.0,nan
64,11,0.006659905796259339,0.0,nan
64,12,0.021324335958758142,0.0625,nan
64,13,0.00877309171722129,0.0625,nan
64,14,0.01711453941956395,0.0625,nan
64,15,0.016798979942125626,0.0,nan
64,16,0.013043271594126889,0.125,nan
64,17,0.010482891659638251,0.0,nan
64,18,0.00816991037661129,0.0,nan
64,19,0.014416076744876456,0.1875,nan
64,20,0.003408195935363247,0.0,nan
64,21,0.02428807343550532,0.0,nan
64,22,0.018665717438077586,0.0,nan
64,23,0.013106014893843904,0.0625,nan
64,24,0.015386067059924586,0.0625,nan
64,25,0.00911242611366722,0.0625,nan
64,26,0.24177562553033322,0.5625,nan
64,27,0.013371238738958527,0.0625,nan
64,28,0.006900792416435084,0.0,nan
64,29,0.017170342438114418,0.0625,nan
64,30,0.010161237669580317,0.0,nan
64,31,0.02369893943125731,0.0,nan
64,32,0.011284725767354184,0.0625,nan
64,33,0.019559455685919713,0.1875,nan
64,34,0.014135954103131516,0.0625,nan
64,35,0.014862247547515871,0.0,nan
64,36,0.07222271489276588,0.4375,nan
64,37,0.011959168980934302,0.125,nan
64,38,0.010418431070627194,0.0,nan
64,39,0.01305113420237786,0.0,nan
64,40,0.009830178704724362,0.0,nan
64,41,0.016560847545749158,0.0625,nan
64,42,0.008427113092661375,0.0,nan
64,43,0.010624590405820662,0.0,nan
64,44,0.008653061255847302,0.125,nan
64,45,0.01572355816190456,0.0,nan
64,46,0.010766309087329989,0.0,nan
64,47,0.014665841291110005,0.125,nan
64,48,0.024761762094234842,0.1875,nan
64,49,0.009844761490101273,0.0625,nan
64,50,0.008229851949182741,0.0,nan
64,51,0.010342628803865607,0.0,nan
64,52,0.006086172576457894,0.0625,nan
64,53,0.016468060520180162,0.25,nan
64,54,0.01230450770273844,0.0625,nan
64,55,0.010986311185373241,0.0,nan
64,56,0.030166275312757757,0.25,nan
64,57,0.018567595155896663,0.0625,nan
64,58,0.008388570754456936,0.0,nan
64,59,0.015520211369816921,0.0,nan
64,60,0.0043107009932867755,0.0,nan
64,61,0.006498212901868443,0.0,nan
64,62,0.005772521562185932,0.0625,nan
64,63,0.010012839828122632,0.0625,nan
64,64,0.009679994347183425,0.125,nan
64,65,0.006534399941906432,0.0625,nan
64,66,0.004395696407803545,0.0,nan
64,67,0.007326041265835373,0.0,nan
64,68,0.023990308684939714,0.0625,nan
64,69,0.009278228270927308,0.0625,nan
64,70,0.008337287431018338,0.0625,nan
64,71,0.011380019761371981,0.0625,nan
64,72,0.010230876644779962,0.0625,nan
64,73,0.004019776251962666,0.0,nan
64,74,0.028749026134225635,0.25,nan
64,75,0.013825230220834536,0.0625,nan
64,76,0.01052960421977528,0.0625,nan
64,77,0.014838885046377636,0.25,nan
64,78,0.021605949553347912,0.125,nan
64,79,0.008377878687836918,0.0625,nan
64,80,0.009091758251628166,0.125,nan
64,81,0.007711104759858882,0.0,nan
64,82,0.005772809072126284,0.125,nan
64,83,0.006541352467481597,0.0,nan
64,84,0.010250073037125062,0.0,nan
64,85,0.011144119809247573,0.125,nan
64,86,0.03506975518102065,0.375,nan
64,87,0.009170926948243216,0.0,nan
64,88,0.026633371080499655,0.25,nan
64,89,0.03966160700582686,0.25,nan
64,90,0.00856331388419665,0.0625,nan
64,91,0.021857303289936895,0.125,nan
64,92,0.021131965660474775,0.0625,nan
64,93,0.013036107107474229,0.1875,nan
64,94,2.5326040911344894,1.0,nan
64,95,0.02452533371613526,0.0,nan
64,96,0.013739313419385805,0.0625,nan
64,97,0.0178534318623079,0.0,nan
64,98,0.020327609562876596,0.0625,nan
64,99,0.02762214480111925,0.1875,nan
65,0,0.009949003690032057,0.0625,nan
65,1,0.027381190794414166,0.125,nan
65,2,0.0061786215794859736,0.125,nan
65,3,1.7753937330133351,0.875,nan
65,4,0.010668163506661554,0.0,nan
65,5,0.013526562958542088,0.1875,nan
65,6,0.00693533640501855,0.125,nan
65,7,0.009943379122889232,0.125,nan
65,8,0.0524556703728571,0.375,nan
65,9,0.016949214847271854,0.1875,nan
65,10,0.007230654741582463,0.0,nan
65,11,0.017807107950855553,0.0625,nan
65,12,0.039108820444831986,0.1875,nan
65,13,0.013009158030227778,0.125,nan
65,14,0.015587204510138404,0.0,nan
65,15,0.013880782721209187,0.0625,nan
65,16,0.003762009922940499,0.0625,nan
65,17,0.04840002915111791,0.3125,nan
65,18,0.012014510431678942,0.125,nan
65,19,0.03154929027865094,0.1875,nan
65,20,0.010512044998305669,0.125,nan
65,21,0.011583981915344056,0.0625,nan
65,22,0.01360655034896575,0.0625,nan
65,23,0.008368229571807776,0.0625,nan
65,24,0.014676215675913233,0.125,nan
65,25,0.012189898876136657,0.125,nan
65,26,0.04093926087178095,0.375,nan
65,27,0.021995852061822415,0.0,nan
65,28,0.016583195833627926,0.0625,nan
65,29,0.010357893332487192,0.0,nan
65,30,0.011164558856440195,0.125,nan
65,31,0.01790544639374722,0.0625,nan
65,32,0.0054607343181262025,0.125,nan
65,33,0.017368383737164934,0.125,nan
65,34,0.016464145583438325,0.1875,nan
65,35,0.018979033057380516,0.125,nan
65,36,0.5430094056744376,0.5625,nan
65,37,0.014182957047827157,0.125,nan
65,38,0.01601173925908172,0.125,nan
65,39,0.0019767957080201433,0.0,nan
65,40,0.004059096830195588,0.0,nan
65,41,0.008165815053948837,0.0625,nan
65,42,0.01265968562620812,0.0,nan
65,43,0.044468908743865235,0.25,nan
65,44,0.009574197969570193,0.0625,nan
65,45,0.022649482921067735,0.0,nan
65,46,0.026622351640819837,0.0625,nan
65,47,0.015996360445168896,0.0625,nan
65,48,0.02643929717431521,0.1875,nan
65,49,0.00829514974547594,0.125,nan
65,50,0.00980303362721057,0.0625,nan
65,51,0.01654196741039974,0.0,nan
65,52,0.007681397521599987,0.125,nan
65,53,0.01746294813212369,0.0625,nan
65,54,0.013650993176722945,0.0,nan
65,55,0.01471283588061183,0.125,nan
65,56,0.018834873952750714,0.1875,nan
65,57,0.017437198693319084,0.0625,nan
65,58,0.008000462169160175,0.0,nan
65,59,0.013437180388029012,0.1875,nan
65,60,0.006444865873552482,0.0,nan
65,61,0.00904670265137014,0.0625,nan
65,62,0.00844145640026393,0.0625,nan
65,63,0.013710294276867846,0.0,nan
65,64,0.016784593633929687,0.125,nan
65,65,0.007976692315652872,0.0625,nan
65,66,0.010371428430490298,0.0,nan
65,67,0.008967769593503731,0.0,nan
65,68,0.02767995170849979,0.125,nan
65,69,0.008366037580107757,0.0,nan
65,70,0.02878209481908191,0.1875,nan
65,71,0.022494412689212158,0.0625,nan
65,72,0.00967628160403507,0.0625,nan
65,73,0.004508358158744113,0.0625,nan
65,74,0.02243027917049391,0.125,nan
65,75,0.01107531306509273,0.0625,nan
65,76,0.01944630433751421,0.0625,nan
65,77,0.010012125564712294,0.0625,nan
65,78,0.014861030881809954,0.125,nan
65,79,0.005378176319964557,0.0625,nan
65,80,0.022541992758055653,0.3125,nan
65,81,0.012258890590553184,0.0625,nan
65,82,0.022008842795692426,0.0625,nan
65,83,0.011428567803841477,0.125,nan
65,84,0.0167040683125302,0.0625,nan
65,85,0.019906715890778158,0.1875,nan
65,86,0.20484800381129803,0.5,nan
65,87,0.01650102708756676,0.0625,nan
65,88,0.04294182576123607,0.1875,nan
65,89,0.024451901065425774,0.125,nan
65,90,0.0035950022706216656,0.125,nan
65,91,0.013268590446215273,0.0625,nan
65,92,0.011232731719807952,0.0,nan
65,93,0.035001315680489004,0.125,nan
65,94,3.4783507320817972,1.0,nan
65,95,0.007553978128479747,0.125,nan
65,96,0.012932218605337553,0.0,nan
65,97,0.011276066702600316,0.0,nan
65,98,0.015779863473694613,0.125,nan
65,99,0.051095913294657354,0.3125,nan
66,0,0.011307282662879352,0.0625,nan
66,1,0.025471892812947004,0.0625,nan
66,2,0.014590794205397162,0.0,nan
66,3,1.178827653275986,0.9375,nan
66,4,0.009240669903265188,0.125,nan
66,5,0.022801115023839184,0.1875,nan
66,6,0.010595392588289487,0.0,nan
66,7,0.01548414829147592,0.25,nan
66,8,0.009505811898203674,0.0,nan
66,9,0.015557169545040885,0.0625,nan
66,10,0.020258858928076766,0.0625,nan
66,11,0.006924867971783919,0.0,nan
66,12,0.109350108306516,0.25,nan
66,13,0.02055685029666474,0.0,nan
66,14,0.005698560149547649,0.0,nan
66,15,0.013706754674540435,0.0,nan
66,16,0.031456608666411305,0.1875,nan
66,17,0.010794687203015678,0.1875,nan
66,18,0.015795372718304973,0.1875,nan
66,19,0.008313404137815224,0.0,nan
66,20,0.01608735477117016,0.0625,nan
66,21,0.018107531536883534,0.1875,nan
66,22,0.018571433798966308,0.0,nan
66,23,0.010449021429688267,0.125,nan
66,24,0.017773555757718155,0.0625,nan
66,25,0.010680090618883791,0.0,nan
66,26,0.9857672615351303,0.6875,nan
66,27,0.024789038040718407,0.1875,nan
66,28,0.02067098715351194,0.0,nan
66,29,0.023090185294950293,0.0625,nan
66,30,0.017050649087233607,0.0625,nan
66,31,0.004142617181415675,0.0,nan
66,32,0.01770710282214043,0.0,nan
66,33,0.02113112675376856,0.0625,nan
66,34,0.03274265263878873,0.1875,nan
66,35,0.008565346964748002,0.125,nan
66,36,1.957196044759206,0.6875,nan
66,37,0.009084844245555973,0.0625,nan
66,38,0.011388829485815093,0.0625,nan
66,39,0.026893661079273927,0.0625,nan
66,40,0.0061332467697426864,0.0,nan
66,41,0.011580495244916408,0.0,nan
66,42,0.01662693763017611,0.0,nan
66,43,0.014034894929883674,0.0625,nan
66,44,0.0253257896495031,0.125,nan
66,45,0.008501821918645803,0.0,nan
66,46,0.033881177258573494,0.0625,nan
66,47,0.015036965594424152,0.1875,nan
66,48,0.039042688861197376,0.25,nan
66,49,0.018756223015743548,0.0625,nan
66,50,0.008440176165546424,0.0,nan
66,51,0.008604560335912136,0.0625,nan
66,52,0.035795508743026214,0.125,nan
66,53,0.037109919906575445,0.1875,nan
66,54,0.01857932876845861,0.0625,nan
66,55,0.015249218463683056,0.125,nan
66,56,0.01290813369638906,0.0,nan
66,57,0.01784795670954375,0.1875,nan
66,58,0.017282775606493307,0.0,nan
66,59,0.01623332822701621,0.0,nan
66,60,0.011984024412493431,0.0,nan
66,61,0.01137837539914011,0.0625,nan
66,62,0.017211464833888735,0.125,nan
66,63,0.014366796830523814,0.0,nan
66,64,0.020068732161968576,0.0,nan
66,65,0.007529486255916415,0.125,nan
66,66,0.022014965619705437,0.0,nan
66,67,0.003960213891375714,0.0,nan
66,68,0.024357045518875683,0.125,nan
66,69,0.01575236845273506,0.0,nan
66,70,0.014912122566629035,0.0,nan
66,71,0.0105207278990435,0.0,nan
66,72,0.01394377209057164,0.0625,nan
66,73,0.009962986480987479,0.0625,nan
66,74,0.026579598724143838,0.1875,nan
66,75,0.011104550189481609,0.125,nan
66,76,0.038049310958043286,0.0625,nan
66,77,0.026491490258576444,0.0,nan
66,78,0.0235756649910056,0.25,nan
66,79,0.005402764006573826,0.0625,nan
66,80,0.013964643275729717,0.0,nan
66,81,0.02093166943172462,0.1875,nan
66,82,0.012660895929652503,0.0,nan
66,83,0.02127613903052008,0.0,nan
66,84,0.05820124494058441,0.25,nan
66,85,0.0499372708562458,0.25,nan
66,86,0.05071570697844936,0.3125,nan
66,87,0.00657546853061893,0.0,nan
66,88,0.013691507726054838,0.125,nan
66,89,0.016988594296929713,0.125,nan
66,90,0.01117853653474325,0.0625,nan
66,91,0.01022035609376665,0.0625,nan
66,92,0.023537321648408032,0.1875,nan
66,93,0.007069714843065324,0.125,nan
66,94,2.009659547515403,1.0,nan
66,95,0.012129184575538297,0.0625,nan
66,96,0.011543353918480243,0.125,nan
66,97,0.03947518285576895,0.0,nan
66,98,0.014896242518367932,0.0625,nan
66,99,0.040569788845049214,0.25,nan
67,0,0.015313607494744835,0.0625,nan
67,1,0.024123208733258295,0.0,nan
67,2,0.012232942241396375,0.0625,nan
67,3,2.944632836793607,1.0,nan
67,4,0.03065138375521924,0.0,nan
67,5,0.03164484475192548,0.25,nan
67,6,0.03775100630097786,0.125,nan
67,7,0.03419195138208485,0.25,nan
67,8,4.855923677105455,0.625,nan
67,9,0.03159675842434033,0.1875,nan
67,10,0.023478664273228138,0.0625,nan
67,11,0.03134631792107287,0.125,nan
67,12,0.06942326479436098,0.125,nan
67,13,0.017698110286717327,0.0625,nan
67,14,0.023584983786792225,0.0625,nan
67,15,0.020518384750933344,0.0,nan
67,16,0.0243193279257487,0.125,nan
67,17,0.04068385837821791,0.125,nan
67,18,0.03622231735159724,0.125,nan
67,19,0.01926876962647727,0.1875,nan
67,20,0.011655354323458276,0.0625,nan
67,21,0.031325108827374964,0.0,nan
67,22,0.012781143048493395,0.0625,nan
67,23,0.019625750158876527,0.125,nan
67,24,0.02955920546401077,0.0625,nan
67,25,0.04387839585327087,0.0625,nan
67,26,0.04128827623546369,0.375,nan
67,27,0.03024621880496971,0.125,nan
67,28,0.009366530632115115,0.0625,nan
67,29,0.037208825351849356,0.0625,nan
67,30,0.03307868817888095,0.25,nan
67,31,0.014784735594249705,0.0625,nan
67,32,0.052641154352808035,0.125,nan
67,33,0.018479325727497053,0.1875,nan
67,34,0.08551427894157472,0.375,nan
67,35,0.04695881847867578,0.125,nan
67,36,4.557775665234297,0.875,nan
67,37,0.028013481166578015,0.25,nan
67,38,0.012799773394669034,0.0625,nan
67,39,0.027230928451323216,0.125,nan
67,40,0.029837482034620222,0.0,nan
67,41,0.012933402597373442,0.0,nan
67,42,0.02983288009593474,0.125,nan
67,43,0.013141304971586852,0.125,nan
67,44,0.01538795187183514,0.25,nan
67,45,0.027391676367257523,0.0,nan
67,46,0.027062316036762166,0.125,nan
67,47,0.014679959121605296,0.0,nan
67,48,0.04283651657047724,0.1875,nan
67,49,0.011539735492447432,0.125,nan
67,50,0.016464409689172264,0.0,nan
67,51,0.021066941493460226,0.0625,nan
67,52,0.013460349125163182,0.0,nan
67,53,0.0947512738892804,0.25,nan
67,54,0.019138404797994113,0.0,nan
67,55,0.03311033141382671,0.0625,nan
67,56,0.013532008753209458,0.125,nan
67,57,0.021657021959905497,0.0625,nan
67,58,0.012994136991424772,0.0625,nan
67,59,0.019890528146287525,0.125,nan
67,60,0.022824270263747087,0.0,nan
67,61,0.013329294318255507,0.0,nan
67,62,0.01199702775885924,0.0625,nan
67,63,0.01847355463703093,0.0,nan
67,64,0.01941762142302174,0.125,nan
67,65,0.013258359159226404,0.0625,nan
67,66,0.0163654161635417,0.0625,nan
67,67,0.015176445048686957,0.0,nan
67,68,0.04835706110107785,0.1875,nan
67,69,0.016083054369478714,0.125,nan
67,70,0.029418587196019044,0.25,nan
67,71,0.02180960935733598,0.0,nan
67,72,0.01044174943860199,0.0,nan
67,73,0.023872188405031285,0.1875,nan
67,74,0.01941516953537125,0.25,nan
67,75,0.03123305462537227,0.0625,nan
67,76,0.01346785797628537,0.125,nan
67,77,0.013502907458206988,0.1875,nan
67,78,0.030120003977666367,0.0,nan
67,79,0.016904381905982417,0.25,nan
67,80,0.004654057301301308,0.0,nan
67,81,0.01673449509666294,0.125,nan
67,82,0.021352682721112563,0.125,nan
67,83,0.015565490719872104,0.125,nan
67,84,0.017176736886502585,0.0,nan
67,85,0.030266266965492113,0.25,nan
67,86,0.024421906788186447,0.3125,nan
67,87,0.036909952609648786,0.125,nan
67,88,0.045485140897009946,0.1875,nan
67,89,0.03485948644648326,0.1875,nan
67,90,0.03249373429221542,0.0,nan
67,91,0.05636129257435604,0.25,nan
67,92,0.017081903500367385,0.0625,nan
67,93,0.040986464701331896,0.125,nan
67,94,7.974085730749815,1.0,nan
67,95,0.01946278424074938,0.0625,nan
67,96,0.019145780395988438,0.0625,nan
67,97,0.018235960181254368,0.0,nan
67,98,0.031634394859173486,0.125,nan
67,99,0.10206714249351162,0.4375,nan
68,0,0.009376817556793104,0.0625,nan
68,1,0.038204837222003366,0.0625,nan
68,2,0.02174929735981296,0.1875,nan
68,3,1.4343127390296142,0.8125,nan
68,4,0.020006403528085463,0.3125,nan
68,5,0.016163792486375006,0.0625,nan
68,6,0.018710504342964472,0.125,nan
68,7,0.01753918011672541,0.3125,nan
68,8,0.04202485574096977,0.25,nan
68,9,0.026652323524089822,0.125,nan
68,10,0.053094346335395635,0.0625,nan
68,11,0.00593051190615149,0.0,nan
68,12,0.013591071631129735,0.1875,nan
68,13,0.008824851031383871,0.125,nan
68,14,0.023829409044606745,0.0625,nan
68,15,0.027975095601742828,0.0625,nan
68,16,0.01937302040612963,0.0,nan
68,17,0.024944886600105815,0.1875,nan
68,18,0.028609542883470843,0.25,nan
68,19,0.032977352149913125,0.125,nan
68,20,0.03978671639931245,0.0,nan
68,21,0.015695098487643264,0.0625,nan
68,22,0.007180048160337847,0.0,nan
68,23,0.026232565080997576,0.125,nan
68,24,0.006229169546565841,0.0625,nan
68,25,0.015451100749056246,0.0,nan
68,26,0.7664596210865866,0.5625,nan
68,27,0.0336787399141849,0.1875,nan
68,28,0.005178923101021159,0.0,nan
68,29,0.01139248843548754,0.0,nan
68,30,0.07277590228027353,0.375,nan
68,31,0.005586387514295507,0.0,nan
68,32,0.01974946435363563,0.0625,nan
68,33,0.006583814367448929,0.0,nan
68,34,0.02776505234333596,0.1875,nan
68,35,0.011403463612838078,0.0625,nan
68,36,3.681289130247463,0.875,nan
68,37,0.018219537697981007,0.0,nan
68,38,0.012302448529341734,0.0,nan
68,39,0.0342258758301562,0.0625,nan
68,40,0.008924827319101087,0.0625,nan
68,41,0.030584887326259573,0.1875,nan
68,42,0.017836574013085714,0.0,nan
68,43,0.04246410859819116,0.0625,nan
68,44,0.0035351416030799682,0.0,nan
68,45,0.016305409889799744,0.0625,nan
68,46,0.011675755787607787,0.0,nan
68,47,0.02971415093859832,0.25,nan
68,48,0.03681327070394926,0.125,nan
68,49,0.019681887188048246,0.0625,nan
68,50,0.0065413559198157795,0.0625,nan
68,51,0.01493511529283571,0.0,nan
68,52,0.0053046121704387016,0.0,nan
68,53,0.025488162567785265,0.1875,nan
68,54,0.015477465299511073,0.0625,nan
68,55,0.0241604767896497,0.1875,nan
68,56,0.024626816022079293,0.0,nan
68,57,0.02325793021434765,0.0625,nan
68,58,0.06023292267862562,0.3125,nan
68,59,0.011282240760136328,0.0625,nan
68,60,0.009288430703266553,0.0625,nan
68,61,0.009080279752624026,0.0,nan
68,62,0.015804460562615568,0.0,nan
68,63,0.01928427411338374,0.125,nan
68,64,0.028694059825498986,0.0,nan
68,65,0.02001838194105347,0.1875,nan
68,66,0.030388455568093893,0.0625,nan
68,67,0.01030179717843324,0.125,nan
68,68,0.015438785913457004,0.1875,nan
68,69,0.023046300440146966,0.0,nan
68,70,0.006332022532664438,0.0625,nan
68,71,0.010938259638893106,0.0,nan
68,72,0.009484095382041938,0.125,nan
68,73,0.016283132011242048,0.0625,nan
68,74,0.02833019079052694,0.3125,nan
68,75,0.02191711885205342,0.25,nan
68,76,0.01982037864532943,0.0625,nan
68,77,0.010329930549714282,0.1875,nan
68,78,0.01722231570854632,0.1875,nan
68,79,0.0335735613274895,0.0,nan
68,80,0.00886161614325395,0.0,nan
68,81,0.05251783084605295,0.0,nan
68,82,0.019351265778840526,0.125,nan
68,83,0.011973361602137047,0.0625,nan
68,84,0.012804229528935496,0.125,nan
68,85,0.05478450107405558,0.25,nan
68,86,0.022001234560294416,0.1875,nan
68,87,0.01408725170633239,0.25,nan
68,88,0.040671230128481714,0.3125,nan
68,89,0.02483011809563431,0.125,nan
68,90,0.031092470794066907,0.25,nan
68,91,0.00979785050145716,0.375,nan
68,92,0.005866132721371074,0.0625,nan
68,93,0.013062663284796244,0.0625,nan
68,94,6.218722816893994,1.0,nan
68,95,0.026120470251731698,0.0,nan
68,96,0.029873285174510204,0.3125,nan
68,97,0.022848419746043173,0.0625,nan
68,98,0.015750899061643637,0.0625,nan
68,99,0.026041674458527092,0.1875,nan
69,0,0.013696559002194384,0.0625,nan
69,1,0.03209637666257794,0.0625,nan
69,2,0.024821732598394482,0.0,nan
69,3,0.3683140395279823,0.625,nan
69,4,0.020351132570811857,0.0,nan
69,5,0.03415390394801493,0.1875,nan
69,6,0.012342000129050127,0.0625,nan
69,7,0.015987735380226433,0.0625,nan
69,8,4.215368870194414,0.6875,nan
69,9,0.028789325180535758,0.125,nan
69,10,0.02449975886035035,0.0,nan
69,11,0.014433602040349111,0.0625,nan
69,12,0.029133755919747074,0.25,nan
69,13,0.022440563772925234,0.0,nan
69,14,0.016717932979061795,0.125,nan
69,15,0.015032685874134234,0.125,nan
69,16,0.016824260771976143,0.0625,nan
69,17,0.023239576717444317,0.0,nan
69,18,0.023120233070528923,0.3125,nan
69,19,0.013340864621127975,0.0,nan
69,20,0.025769932221886914,0.0625,nan
69,21,0.017662782682715854,0.0625,nan
69,22,0.012766906891422286,0.0625,nan
69,23,0.008219892095527094,0.0,nan
69,24,0.03017677352933702,0.0625,nan
69,25,0.016790739063550914,0.0625,nan
69,26,0.010924564129614175,0.1875,nan
69,27,0.04269473017107432,0.125,nan
69,28,0.011800973392784063,0.0,nan
69,29,0.014966654486419057,0.0625,nan
69,30,0.05817890410937209,0.375,nan
69,31,0.013398966382116823,0.0625,nan
69,32,0.024062111621081336,0.25,nan
69,33,0.00894534096556774,0.0625,nan
69,34,0.04266668770328569,0.375,nan
69,35,0.013008443419771545,0.0625,nan
69,36,3.1359495439390015,1.0,nan
69,37,0.013514381256830896,0.0625,nan
69,38,0.01627931532845823,0.0,nan
69,39,0.007125166254466721,0.0,nan
69,40,0.021112992754606097,0.125,nan
69,41,0.018533954723785447,0.0,nan
69,42,0.006160190901390269,0.125,nan
69,43,0.010188836268235486,0.125,nan
69,44,0.00821474262727953,0.125,nan
69,45,0.013920343976356627,0.0625,nan
69,46,0.008976723231187193,0.0,nan
69,47,0.016825182622086755,0.0625,nan
69,48,0.013321840886956274,0.125,nan
69,49,0.016127470974756853,0.1875,nan
69,50,0.02561188322165079,0.0,nan
69,51,0.023465698253144894,0.1875,nan
69,52,0.014043357677261474,0.0625,nan
69,53,0.0233619117486138,0.1875,nan
69,54,0.02408953007154389,0.125,nan
69,55,0.011445042498581632,0.0,nan
69,56,0.02190840590483498,0.1875,nan
69,57,0.005850585216212468,0.0625,nan
69,58,0.006633032343700117,0.1875,nan
69,59,0.011831770696282738,0.125,nan
69,60,0.012636704390370079,0.0,nan
69,61,0.010797098352978828,0.125,nan
69,62,0.018000858343848382,0.0625,nan
69,63,0.015746460731572345,0.0,nan
69,64,0.013613085503717402,0.0625,nan
69,65,0.008191465540770765,0.0,nan
69,66,0.008178363109800649,0.0625,nan
69,67,0.011757678903613265,0.0,nan
69,68,0.018612142164089917,0.0625,nan
69,69,0.0166887335845212,0.0625,nan
69,70,0.016491155020758635,0.0625,nan
69,71,0.01279786245259299,0.0,nan
69,72,0.030645612297802063,0.125,nan
69,73,0.008945207582741574,0.0625,nan
69,74,0.016541436957120098,0.25,nan
69,75,0.03190292711434282,0.125,nan
69,76,0.03903276846283451,0.1875,nan
69,77,0.029323929949812012,0.25,nan
69,78,0.01534171303132504,0.0625,nan
69,79,0.03278528008453477,0.125,nan
69,80,0.012794401656249309,0.0625,nan
69,81,0.04002756384462607,0.1875,nan
69,82,0.00824168919123809,0.0,nan
69,83,0.011147019128413416,0.0625,nan
69,84,0.0183724137727737,0.125,nan
69,85,0.041593260182076625,0.0625,nan
69,86,0.012047768063136694,0.125,nan
69,87,0.027847976061530326,0.25,nan
69,88,0.037870659949235275,0.1875,nan
69,89,0.02283061383289521,0.0,nan
69,90,0.012113298493053246,0.0,nan
69,91,0.07072877271313738,0.3125,nan
69,92,0.01609260555544086,0.0625,nan
69,93,0.014351862624578635,0.0,nan
69,94,5.546822674537308,1.0,nan
69,95,0.015722066273637914,0.0625,nan
69,96,0.023506863577913817,0.0625,nan
69,97,0.011665548733129645,0.0,nan
69,98,0.011823249656957883,0.0,nan
69,99,0.017698311702631555,0.3125,nan
70,0,0.01883478456227667,0.0,nan
70,1,0.03370567016404676,0.125,nan
70,2,0.011201326248323786,0.0,nan
70,3,0.7186139304142987,0.9375,nan
70,4,0.01043006946667046,0.1875,nan
70,5,0.01383368335401646,0.1875,nan
70,6,0.007945306404996928,0.0625,nan
70,7,0.025912043089623922,0.1875,nan
70,8,0.023224491647891903,0.25,nan
70,9,0.03406430458959836,0.1875,nan
70,10,0.009310776323328995,0.0625,nan
70,11,0.01226827639349666,0.0625,nan
70,12,0.016352821221080047,0.0625,nan
70,13,0.01566602485770549,0.0,nan
70,14,0.011298877993930562,0.0625,nan
70,15,0.017041029464966072,0.0625,nan
70,16,0.012780743747175147,0.0625,nan
70,17,0.04591698233756156,0.1875,nan
70,18,0.018585928800151412,0.0625,nan
70,19,0.010679804690284561,0.125,nan
70,20,0.018792590264378364,0.0625,nan
70,21,0.017673187104557668,0.0625,nan
70,22,0.020144545188664847,0.0625,nan
70,23,0.01871103444694247,0.0625,nan
70,24,0.010360701409007866,0.125,nan
70,25,0.017315956325469842,0.125,nan
70,26,0.7332008868498476,0.6875,nan
70,27,0.028272688630044382,0.125,nan
70,28,0.013846944566819027,0.125,nan
70,29,0.01664227995474905,0.125,nan
70,30,0.01249848336363072,0.0625,nan
70,31,0.017280095658843468,0.0,nan
70,32,0.010528673569606142,0.125,nan
70,33,0.009059624568302171,0.125,nan
70,34,0.0515184757931834,0.25,nan
70,35,0.012864266378422936,0.0625,nan
70,36,3.7453115178900527,0.875,nan
70,37,0.02034319303813839,0.0625,nan
70,38,0.05678299256264266,0.1875,nan
70,39,0.013023577408844182,0.0625,nan
70,40,0.008333984535534113,0.0,nan
70,41,0.01526972971251124,0.125,nan
70,42,0.019953379288789562,0.0625,nan
70,43,0.02068744044122573,0.125,nan
70,44,0.010885188689446334,0.125,nan
70,45,0.037179928201299686,0.25,nan
70,46,0.016570133869955896,0.0625,nan
70,47,0.01576327399507693,0.125,nan
70,48,0.010842252721188866,0.125,nan
70,49,0.030700222814099426,0.125,nan
70,50,0.011846571657114717,0.125,nan
70,51,0.010424345253697866,0.0625,nan
70,52,0.021067583059386795,0.0,nan
70,53,0.00883286455293368,0.0,nan
70,54,0.029427306900645427,0.25,nan
70,55,0.014612001564902492,0.125,nan
70,56,0.0308155788717885,0.1875,nan
70,57,0.015279342791159129,0.0625,nan
70,58,0.0102770319971988,0.0,nan
70,59,0.023588183935350296,0.125,nan
70,60,0.011558762296606104,0.125,nan
70,61,0.014756305495844889,0.0625,nan
70,62,0.012463900019414168,0.125,nan
70,63,0.013707516129972609,0.0,nan
70,64,0.015061725020149068,0.125,nan
70,65,0.01464814687373656,0.0625,nan
70,66,0.013817134008695496,0.125,nan
70,67,0.009010086862472939,0.0625,nan
70,68,0.00927913622669881,0.125,nan
70,69,0.008756414640036233,0.0625,nan
70,70,0.015331492070153767,0.1875,nan
70,71,0.01687126385315698,0.125,nan
70,72,0.014988728021873647,0.0625,nan
70,73,0.010855272592466826,0.0,nan
70,74,0.037560385675244154,0.25,nan
70,75,0.018280756364700862,0.0,nan
70,76,0.017241150499717126,0.0625,nan
70,77,0.014133967662895814,0.1875,nan
70,78,0.013944101471929135,0.125,nan
70,79,0.009932463776472592,0.0625,nan
70,80,0.009010599230054539,0.0625,nan
70,81,0.024079781989254076,0.0625,nan
70,82,0.014175750755663841,0.1875,nan
70,83,0.019192747688158547,0.0,nan
70,84,0.011264095511283923,0.0625,nan
70,85,0.03743161182616546,0.1875,nan
70,86,0.013061562094946225,0.25,nan
70,87,0.013972236608684328,0.125,nan
70,88,0.0289678476155917,0.25,nan
70,89,0.055992738209155936,0.0625,nan
70,90,0.014832390737094577,0.0625,nan
70,91,0.047741704376323,0.0625,nan
70,92,0.006080183648859159,0.125,nan
70,93,0.014924666431878855,0.0,nan
70,94,5.065238015136508,1.0,nan
70,95,0.012846684320595998,0.125,nan
70,96,0.025943363452689452,0.0625,nan
70,97,0.03627193576338081,0.125,nan
70,98,0.021565691489185863,0.1875,nan
70,99,0.01941217950813491,0.3125,nan
71,0,0.012666695825456528,0.1875,nan
71,1,0.032223559604534796,0.1875,nan
71,2,0.009895125490195313,0.0,nan
71,3,0.7414076038657553,0.6875,nan
71,4,0.009656462308882527,0.1875,nan
71,5,0.011025805404393872,0.0625,nan
71,6,0.021868686008903154,0.0,nan
71,7,0.029428566143096004,0.125,nan
71,8,0.07504470627343007,0.4375,nan
71,9,0.014243293180356956,0.125,nan
71,10,0.004408677793766782,0.125,nan
71,11,0.004723402927029086,0.125,nan
71,12,0.022061589505598056,0.125,nan
71,13,0.021490332788038944,0.0625,nan
71,14,0.012522509570968923,0.125,nan
71,15,0.020361726043336366,0.0,nan
71,16,0.010909762563515932,0.125,nan
71,17,0.00678075989099721,0.0625,nan
71,18,0.020740545710524024,0.3125,nan
71,19,0.014153720992080027,0.125,nan
71,20,0.013991896891001011,0.0625,nan
71,21,0.02205127340383602,0.1875,nan
71,22,0.014087306323290076,0.0625,nan
71,23,0.008719549554317453,0.0625,nan
71,24,0.025148705035064105,0.0,nan
71,25,0.013958702301004024,0.125,nan
71,26,0.18703889701268095,0.5,nan
71,27,0.022220960610821232,0.25,nan
71,28,0.011744070912890075,0.125,nan
71,29,0.008430595878914858,0.0,nan
71,30,0.04057181158715389,0.1875,nan
71,31,0.009422302092594575,0.0625,nan
71,32,0.025323568334891577,0.0625,nan
71,33,0.012878992380897366,0.0625,nan
71,34,0.025743525192737517,0.0625,nan
71,35,0.011414370051192337,0.0625,nan
71,36,2.1775925722297615,0.75,nan
71,37,0.011382446325712961,0.0,nan
71,38,0.02103983539584741,0.0625,nan
71,39,0.00937856586402395,0.0625,nan
71,40,0.006807786603669118,0.0,nan
71,41,0.010117959993998078,0.1875,nan
71,42,0.01496278369482602,0.1875,nan
71,43,0.0166835656550954,0.0,nan
71,44,0.029992347032090975,0.1875,nan
71,45,0.01604384624764838,0.1875,nan
71,46,0.010890791419688767,0.0,nan
71,47,0.010872073257435628,0.125,nan
71,48,0.062036488314791235,0.375,nan
71,49,0.011576371607848693,0.0,nan
71,50,0.01941480238549905,0.0625,nan
71,51,0.007245410534610098,0.0625,nan
71,52,0.009839132504351995,0.125,nan
71,53,0.009580748551660027,0.125,nan
71,54,0.018163815596497282,0.0,nan
71,55,0.027956034426166093,0.1875,nan
71,56,0.006976001016998613,0.0625,nan
71,57,0.008824148343908279,0.0625,nan
71,58,0.010090932954429574,0.0625,nan
71,59,0.024968397134864408,0.25,nan
71,60,0.025260022066294505,0.0625,nan
71,61,0.033971883233210015,0.0625,nan
71,62,0.013575317253237908,0.0625,nan
71,63,0.010927735602746335,0.125,nan
71,64,0.010112787412018834,0.125,nan
71,65,0.011108221960041607,0.0625,nan
71,66,0.005337871506819011,0.0,nan
71,67,0.010531603512189324,0.0625,nan
71,68,0.0201267500014696,0.0625,nan
71,69,0.0246471204453173,0.0,nan
71,70,0.011208520120740886,0.25,nan
71,71,0.00963916613331459,0.0625,nan
71,72,0.007426591863885905,0.0625,nan
71,73,0.009339325820607536,0.0625,nan
71,74,0.006837431860591698,0.0,nan
71,75,0.008535422646802151,0.0625,nan
71,76,0.00971034939780505,0.0625,nan
71,77,0.019557326271426416,0.125,nan
71,78,0.0199096603757912,0.1875,nan
71,79,0.022728711709475193,0.25,nan
71,80,0.0035448598711256595,0.125,nan
71,81,0.03346236879274124,0.25,nan
71,82,0.008766226541013195,0.0625,nan
71,83,0.009796350822711963,0.0,nan
71,84,0.013270116487160002,0.1875,nan
71,85,0.019555491888877105,0.1875,nan
71,86,0.014458607292314402,0.25,nan
71,87,0.014849229763970278,0.0625,nan
71,88,0.01630907435572556,0.0,nan
71,89,0.04663111390281785,0.1875,nan
71,90,0.009397106978410154,0.125,nan
71,91,0.029381524753537037,0.0625,nan
71,92,0.008899475308039171,0.0625,nan
71,93,0.00984195726874423,0.0625,nan
71,94,3.5011044346117557,1.0,nan
71,95,0.0100651142879281,0.0625,nan
71,96,0.011425108680129498,0.0,nan
71,97,0.0075497107106500035,0.125,nan
71,98,0.01318492789004898,0.1875,nan
71,99,0.01693291769180685,0.3125,nan
72,0,0.018379304110244316,0.0625,nan
72,1,0.010333489985441535,0.0625,nan
72,2,0.007396232489689788,0.0,nan
72,3,1.1877187969933012,0.9375,nan
72,4,0.016345529417203478,0.0,nan
72,5,0.005947936632353863,0.125,nan
72,6,0.0065948733932032245,0.0,nan
72,7,0.010293331748787465,0.0625,nan
72,8,0.015802363630476435,0.375,nan
72,9,0.008811285425998138,0.0625,nan
72,10,0.004156057264343274,0.0,nan
72,11,0.006661948918846468,0.0,nan
72,12,0.027127665770220296,0.125,nan
72,13,0.004932748819844638,0.0625,nan
72,14,0.00924485834159536,0.0,nan
72,15,0.006001372241856314,0.0,nan
72,16,0.013057274794994737,0.0625,nan
72,17,0.013194200753622848,0.0,nan
72,18,0.013002188480220004,0.0,nan
72,19,0.007188080931586828,0.0625,nan
72,20,0.016579286141822042,0.0625,nan
72,21,0.007728129684599046,0.0625,nan
72,22,0.009558667679497295,0.0,nan
72,23,0.00920524269648273,0.0,nan
72,24,0.007264174422547443,0.0625,nan
72,25,0.018880229250857555,0.0,nan
72,26,1.136522069043043,0.8125,nan
72,27,0.10218300133381816,0.3125,nan
72,28,0.00784971759677047,0.0625,nan
72,29,0.006134579985564128,0.0,nan
72,30,0.014855699421639123,0.125,nan
72,31,0.005290694264670496,0.0,nan
72,32,0.006939594442243032,0.0,nan
72,33,0.006627113614771948,0.0,nan
72,34,0.00877633713695547,0.125,nan
72,35,0.007250564103312335,0.0,nan
72,36,9.293881586763707,0.9375,nan
72,37,0.014811270911045012,0.0625,nan
72,38,0.013451654415251934,0.0625,nan
72,39,0.0044074963112068904,0.0,nan
72,40,0.0030727269483864592,0.0,nan
72,41,0.010377847477753124,0.0,nan
72,42,0.006191280163774361,0.0,nan
72,43,0.014252450224793016,0.125,nan
72,44,0.01452824201518306,0.0625,nan
72,45,0.00817605155650795,0.0,nan
72,46,0.007290782118278493,0.0625,nan
72,47,0.011923075211966293,0.0625,nan
72,48,0.03770346357744482,0.1875,nan
72,49,0.016816087747697717,0.0,nan
72,50,0.008086256247674138,0.0,nan
72,51,0.01251088196211344,0.0,nan
72,52,0.013338086241138563,0.125,nan
72,53,0.010968157603254994,0.0625,nan
72,54,0.013444893778775615,0.0625,nan
72,55,0.003157922701553172,0.0,nan
72,56,0.01549765229575658,0.0625,nan
72,57,0.009693620611157111,0.0625,nan
72,58,0.01131992373369628,0.0,nan
72,59,0.00419826859143592,0.0,nan
72,60,0.007866358151317445,0.0,nan
72,61,0.008991145439376853,0.0,nan
72,62,0.0062823098684286,0.0,nan
72,63,0.008473343888663293,0.0,nan
72,64,0.007643171180767102,0.0625,nan
72,65,0.008488593006230304,0.0,nan
72,66,0.007203763221756456,0.0625,nan
72,67,0.014667205313869641,0.0625,nan
72,68,0.010617477593209251,0.0,nan
72,69,0.0061542435960362345,0.0,nan
72,70,0.012074951309196157,0.0625,nan
72,71,0.016512804549602852,0.0,nan
72,72,0.006934705278987959,0.0,nan
72,73,0.005571130049925819,0.0,nan
72,74,0.05872708852722006,0.25,nan
72,75,0.021129437439004514,0.0625,nan
72,76,0.01956134444686913,0.1875,nan
72,77,0.005599141823509268,0.0625,nan
72,78,0.008120132156823709,0.0625,nan
72,79,0.011144133635677851,0.0625,nan
72,80,0.00591840100361129,0.0,nan
72,81,0.00955461136582985,0.125,nan
72,82,0.0059913941491645615,0.0,nan
72,83,0.006095573421221065,0.0,nan
72,84,0.03031226609399952,0.125,nan
72,85,0.011711905699456477,0.0625,nan
72,86,0.008633490891316193,0.0,nan
72,87,0.007148780021009125,0.1875,nan
72,88,0.00716038009539963,0.125,nan
72,89,0.025350965722668622,0.0625,nan
72,90,0.009552897163091097,0.0625,nan
72,91,0.012504237444987992,0.0,nan
72,92,0.00446864368874525,0.0,nan
72,93,0.007056195364953791,0.0,nan
72,94,4.522911287072615,1.0,nan
72,95,0.006506227156322743,0.0,nan
72,96,0.010911253214712025,0.0,nan
72,97,0.011387180037415297,0.0625,nan
72,98,0.023570596420111223,0.0625,nan
72,99,0.02481805960646554,0.125,nan
73,0,0.00956659915169791,0.0,nan
73,1,0.011796372738208086,0.0625,nan
73,2,0.011888230807079965,0.0625,nan
73,3,0.8618848672856576,0.9375,nan
73,4,0.00938211243316667,0.0625,nan
73,5,0.018811941408101565,0.0625,nan
73,6,0.007646515896704937,0.0,nan
73,7,0.012688431289363367,0.1875,nan
73,8,0.005865288992423117,0.125,nan
73,9,0.008932525217836922,0.0,nan
73,10,0.011822059964555726,0.0625,nan
73,11,0.006071305860290335,0.0,nan
73,12,0.018272502949143295,0.125,nan
73,13,0.005458985037702859,0.0,nan
73,14,0.016963890471911963,0.0625,nan
73,15,0.013861428268536029,0.0625,nan
73,16,0.012849994508697303,0.0,nan
73,17,0.008904935353040627,0.0,nan
73,18,0.007801127482213871,0.125,nan
73,19,0.008417968739843781,0.0,nan
73,20,0.007779243912584177,0.0625,nan
73,21,0.011345524266815945,0.0625,nan
73,22,0.00763925872286273,0.0,nan
73,23,0.012090190364367343,0.0,nan
73,24,0.010662658454716926,0.0625,nan
73,25,0.007973506420938796,0.0625,nan
73,26,1.0411614173454473,0.8125,nan
73,27,0.011979108365405425,0.1875,nan
73,28,0.004801092358600654,0.0,nan
73,29,0.0030744687136485226,0.0,nan
73,30,0.006619264842792268,0.0625,nan
73,31,0.0073383979745690305,0.0625,nan
73,32,0.006696544135843785,0.0625,nan
73,33,0.004983909184312049,0.0625,nan
73,34,0.03500182624860812,0.3125,nan
73,35,0.00399419477341088,0.0,nan
73,36,6.597022782444365,1.0,nan
73,37,0.011794127132905952,0.0,nan
73,38,0.012155418916310754,0.0625,nan
73,39,0.0034536233420816177,0.0,nan
73,40,0.00422142018346632,0.0,nan
73,41,0.009051390569840277,0.0,nan
73,42,0.007800287909168118,0.0625,nan
73,43,0.008513263968446655,0.0,nan
73,44,0.011308101432628968,0.0625,nan
73,45,0.004669629968743987,0.0,nan
73,46,0.014246146902162606,0.0,nan
73,47,0.0052292340031464095,0.0,nan
73,48,0.013752153721907898,0.1875,nan
73,49,0.01023524197889578,0.0,nan
73,50,0.005763729532171436,0.0625,nan
73,51,0.003809177573036831,0.0,nan
73,52,0.008312236072414473,0.0625,nan
73,53,0.02201197275544462,0.125,nan
73,54,0.009379240547825778,0.0625,nan
73,55,0.009765546146612892,0.0625,nan
73,56,0.009486338089249688,0.0,nan
73,57,0.005671986624866869,0.0,nan
73,58,0.006717152668736553,0.0625,nan
73,59,0.009688568705262156,0.0625,nan
73,60,0.009795051195725813,0.0,nan
73,61,0.006943605003580612,0.0625,nan
73,62,0.010799671064978433,0.0625,nan
73,63,0.004647221881742681,0.0,nan
73,64,0.012362443707118448,0.0,nan
73,65,0.009971784269290788,0.0625,nan
73,66,0.010866770091694728,0.0,nan
73,67,0.005730426616616778,0.0625,nan
73,68,0.007209334279409471,0.0,nan
73,69,0.011300992846223533,0.0625,nan
73,70,0.006340890215405455,0.0,nan
73,71,0.0044589059337687845,0.0,nan
73,72,0.007390509597476865,0.0,nan
73,73,0.005167490373187049,0.0625,nan
73,74,0.04887246174719477,0.1875,nan
73,75,0.019358501386046754,0.0,nan
73,76,0.008185114624993339,0.0,nan
73,77,0.019152307177550294,0.25,nan
73,78,0.014926880449875588,0.125,nan
73,79,0.005908286996171283,0.0,nan
73,80,0.005758731737476238,0.0,nan
73,81,0.011245897374140286,0.0,nan
73,82,0.00552368057317951,0.0,nan
73,83,0.00864749700637549,0.0,nan
73,84,0.01496772926511458,0.0625,nan
73,85,0.0058409358771861555,0.1875,nan
73,86,0.01444265983223717,0.125,nan
73,87,0.04228334817028911,0.3125,nan
73,88,0.011889586362336823,0.0625,nan
73,89,0.01945712853274833,0.1875,nan
73,90,0.018667026475898536,0.1875,nan
73,91,0.008001120190437323,0.125,nan
73,92,0.007484740176154651,0.0625,nan
73,93,0.011339093866946728,0.0625,nan
73,94,1.9060773262283968,1.0,nan
73,95,0.011013005993889156,0.0,nan
73,96,0.008760719380388414,0.0625,nan
73,97,0.009753447260716159,0.1875,nan
73,98,0.015128160631240839,0.125,nan
73,99,0.01284625797626953,0.25,nan
74,0,0.016184638788031325,0.125,nan
74,1,0.03595774658450485,0.125,nan
74,2,0.02158031004334765,0.0,nan
74,3,1.2197116269785877,0.8125,nan
74,4,0.022095019758375783,0.0625,nan
74,5,0.028297123596941018,0.125,nan
74,6,0.021433531519907397,0.0,nan
74,7,0.010735121259437763,0.0,nan
74,8,4.493830751074098,0.6875,nan
74,9,0.07893123799365809,0.3125,nan
74,10,0.019119894942386518,0.0,nan
74,11,0.01581010196784836,0.0625,nan
74,12,0.03472685828595344,0.125,nan
74,13,0.01666045540526135,0.0625,nan
74,14,0.02184807084097861,0.0625,nan
74,15,0.00801676230091454,0.1875,nan
74,16,0.018380264510696347,0.0625,nan
74,17,0.03678138144073324,0.125,nan
74,18,0.02360897932976983,0.1875,nan
74,19,0.049914875736138536,0.125,nan
74,20,0.016718761836447906,0.0,nan
74,21,0.017268636268639302,0.0,nan
74,22,0.022178002538593797,0.0625,nan
74,23,0.03198887869979217,0.1875,nan
74,24,0.030356035601085504,0.0625,nan
74,25,0.013804457382004347,0.125,nan
74,26,0.07090236729940322,0.375,nan
74,27,0.021789477614376,0.125,nan
74,28,0.013564521811702913,0.0625,nan
74,29,0.015714558488105115,0.0625,nan
74,30,0.03229357626859424,0.0625,nan
74,31,0.009323381600062013,0.0625,nan
74,32,0.01537393692865054,0.0625,nan
74,33,0.010069014737582737,0.0,nan
74,34,0.019531813281738985,0.125,nan
74,35,0.021603896806696644,0.0,nan
74,36,4.503833549077826,0.9375,nan
74,37,0.025354872314691065,0.0625,nan
74,38,0.00933759908161175,0.0,nan
74,39,0.028103390826018627,0.0625,nan
74,40,0.012672005735467281,0.0,nan
74,41,0.02269406810512599,0.0625,nan
74,42,0.02340630726559397,0.0625,nan
74,43,0.028730903200298342,0.125,nan
74,44,0.026948681120725543,0.0625,nan
74,45,0.022305301792434392,0.0,nan
74,46,0.008916686601573283,0.0625,nan
74,47,0.02068090112957112,0.0,nan
74,48,0.024753412805145605,0.1875,nan
74,49,0.0104685205823201,0.0625,nan
74,50,0.014045921034504607,0.125,nan
74,51,0.017300581812830246,0.0,nan
74,52,0.02178198993261115,0.125,nan
74,53,0.020333618781283775,0.125,nan
74,54,0.02278203637963154,0.125,nan
74,55,0.009814084536326161,0.0625,nan
74,56,0.02258594136783616,0.125,nan
74,57,0.01587267963262546,0.0,nan
74,58,0.03478079229278391,0.0625,nan
74,59,0.013781708523926992,0.0,nan
74,60,0.0034500460840656234,0.0625,nan
74,61,0.00922440642169146,0.0,nan
74,62,0.020886845352832997,0.1875,nan
74,63,0.018565292948750114,0.0625,nan
74,64,0.01767059832095623,0.0625,nan
74,65,0.011915180994318708,0.0625,nan
74,66,0.02407387472079834,0.1875,nan
74,67,0.011052616630096004,0.0625,nan
74,68,0.0332658100238203,0.125,nan
74,69,0.01916127962983724,0.0625,nan
74,70,0.012778990690375691,0.0625,nan
74,71,0.033669281828055966,0.0625,nan
74,72,0.017258252279765178,0.125,nan
74,73,0.00656015350778349,0.0,nan
74,74,0.02566223142517892,0.25,nan
74,75,0.018765280240148986,0.0,nan
74,76,0.04226001142652101,0.25,nan
74,77,0.03407252392123869,0.1875,nan
74,78,0.020999003250557424,0.125,nan
74,79,0.007931944263889336,0.0625,nan
74,80,0.013207683466462596,0.0,nan
74,81,0.007972169219586028,0.0625,nan
74,82,0.014875114226488607,0.125,nan
74,83,0.008331264562635297,0.0,nan
74,84,0.02054840716947732,0.0625,nan
74,85,0.05269418763999768,0.25,nan
74,86,0.019666783686354876,0.125,nan
74,87,0.014003434291966483,0.125,nan
74,88,0.0578402886706332,0.375,nan
74,89,0.03412874952012962,0.25,nan
74,90,0.014369661984805056,0.0625,nan
74,91,0.06007014929575015,0.3125,nan
74,92,0.013058438547261039,0.0625,nan
74,93,0.024247108139176556,0.125,nan
74,94,9.194138638624871,1.0,nan
74,95,0.03128323461882419,0.0625,nan
74,96,0.025677355469037738,0.0625,nan
74,97,0.027060036839763758,0.0625,nan
74,98,0.022153425942912627,0.0625,nan
74,99,0.04596928490609205,0.25,nan
75,0,0.013817409579311997,0.0,0.00024625450440341227
75,1,0.04515266098788706,0.125,0.0008043611585946947
75,2,0.013786595436490924,0.0,2.845604905618002e-05
75,3,2.6383093015927086,1.0,0.3288971266171074
75,4,0.01576667525488907,0.125,3.79617940827039e-05
75,5,0.042425406609902384,0.25,0.003528071150292547
75,6,0.0101699610361136,0.125,0.0006669957941501325
75,7,0.03678026847647689,0.1875,0.007000491767939218
75,8,0.035262838795944204,0.1875,0.006920587274342153
75,9,0.031530771295341556,0.1875,0.007592668675760918
75,10,0.02060996391800065,0.125,0.0004068998305832027
75,11,0.022890159087277005,0.0625,0.001462106775214768
75,12,0.03725846640295429,0.125,0.005407941672928744
75,13,0.02815251826560535,0.0625,0.000529991085486847
75,14,0.01755057007592209,0.0625,0.0005715980594886672
75,15,0.013368362914750501,0.0625,4.620344125726382e-05
75,16,0.01560216732366687,0.0625,0.0005618460717257459
75,17,0.024295174106121857,0.1875,0.0014746292928127951
75,18,0.03393339284604584,0.25,0.004070654993118201
75,19,0.05871261915436283,0.1875,0.004033805982478237
75,20,0.022931657385614094,0.25,0.00013590778978420556
75,21,0.013635138813580175,0.0625,0.0006471169682295501
75,22,0.010166488879209333,0.0,0.00026631829853818845
75,23,0.008163266375801215,0.125,0.0018922339678228406
75,24,0.023538855351513722,0.3125,0.002067612359736291
75,25,0.018765972845895307,0.125,1.5814926376536443e-05
75,26,0.034731760102601456,0.25,0.0051691250039115596
75,27,0.031170084819020227,0.3125,0.011230436838294272
75,28,0.0069836716628947255,0.0625,4.694233265393815e-06
75,29,0.025714123942185543,0.0,0.0001358294067428826
75,30,0.00988053365718599,0.1875,0.0015167323674489667
75,31,0.01834883183864046,0.125,0.00110370643586843
75,32,0.027808022553808466,0.125,0.0012236490915206535
75,33,0.015023177948147802,0.125,0.0004957657747389459
75,34,0.013277683214201128,0.0,0.0008734900441776918
75,35,0.01138180676471211,0.0625,6.634869067145142e-05
75,36,0.033537087395597964,0.4375,0.07692538410487906
75,37,0.02792879074198256,0.125,0.0012587564148007163
75,38,0.02488316008483244,0.0625,0.0004833957236151958
75,39,0.029662204969478224,0.0625,3.7928509791467185e-05
75,40,0.016048997748824848,0.0625,0.00036924447659042177
75,41,0.010239888466546037,0.0625,0.0003265524918883695
75,42,0.01949847979449696,0.0625,0.0004912843959658416
75,43,0.019045399110855305,0.125,0.0010488062586139048
75,44,0.02026367208340845,0.0,0.0005921571131719927
75,45,0.019051650672808604,0.125,0.00022540458879743993
75,46,0.02588233706696367,0.0625,0.0028552880896422312
75,47,0.04093566683298003,0.125,0.0009488012235396696
75,48,0.02023908921290837,0.125,0.0008378230181379446
75,49,0.012392741008132924,0.0625,1.7169171163172702e-06
75,50,0.023773196387431937,0.1875,0.0005090555714249708
75,51,0.011296239385344301,0.0625,1.1014032555096068e-05
75,52,0.011900615314957902,0.0,1.179415113388029e-05
75,53,0.02162187437821539,0.0625,0.0006540239862692609
75,54,0.036450609341102405,0.25,0.00014367248369872088
75,55,0.02274875903964239,0.125,9.431619738304401e-05
75,56,0.13511455871312117,0.5,0.004014523326507363
75,57,0.009181954965065835,0.0,0.00042282012757486795
75,58,0.03134159830269174,0.1875,0.0044739816392594806
75,59,0.03065423160621569,0.0625,0.0016782686307338722
75,60,0.01115523887702299,0.0625,0.0001622805778874976
75,61,0.03394202626102251,0.0,0.0003093073463627497
75,62,0.033165701468717224,0.125,0.00018476495630694696
75,63,0.02108917297097624,0.0625,0.00010485169918370268
75,64,0.010714311538164267,0.0625,0.0001853301927304148
75,65,0.011483215649953797,0.1875,0.000641041384921935
75,66,0.022221607047554593,0.0625,0.0005429171187690833
75,67,0.017637901271257597,0.0625,0.0018323410798837872
75,68,0.013594299439474905,0.0625,0.00044620853734914627
75,69,0.011733083776880263,0.0,0.0009715219332391297
75,70,0.14435465999298364,0.5,0.029238617846955056
75,71,0.017845057384308388,0.0625,0.00013592215544115899
75,72,0.03330764984415145,0.0625,0.0005316638021929667
75,73,0.01396983390714233,0.125,0.0004669505150662319
75,74,0.043781274055061666,0.1875,0.006009806016252986
75,75,0.03967905132427136,0.1875,0.00044867959745767253
75,76,0.12259148443567913,0.4375,0.06816538680471756
75,77,0.033388905685519624,0.375,0.00887115467189359
75,78,0.05326687230303624,0.25,0.005041878886247528
75,79,0.018399093844991856,0.125,0.0014532007609716852
75,80,0.02720717162524635,0.1875,0.0006747700595252232
75,81,0.010817616100641164,0.0,0.0007760708030178384
75,82,0.01725284948731576,0.125,3.897990767456376e-05
75,83,0.023179719101520176,0.0,6.056902567614222e-06
75,84,0.020827078143856745,0.125,0.0009906603154677708
75,85,0.018265328933273435,0.0625,0.0031326275224956394
75,86,0.09822722787730284,0.375,0.023015477755833146
75,87,0.03214600487596089,0.0625,0.0017295672395721425
75,88,0.12347522230563016,0.4375,0.029751431057715258
75,89,0.04521898313883661,0.125,0.002186252828793567
75,90,0.014619054731058054,0.0625,0.0006505285598507469
75,91,0.04516326332022177,0.3125,0.004160420952644608
75,92,0.027356025195233523,0.0,0.0013525738275019371
75,93,0.018750940756401983,0.125,0.0020574519388528423
75,94,9.08287463127974,1.0,0.26388049323573726
75,95,0.016483284015621845,0.0625,0.0007980571395660935
75,96,0.026416947203948722,0.125,0.0014152829669519871
75,97,0.018362167538627107,0.0625,0.001973116840639254
75,98,0.006817770171589053,0.0625,0.0001437558535710925
75,99,0.09413997965947908,0.375,0.03597315074714792
76,0,0.008009928026371654,0.0625,nan
76,1,0.015086365948760262,0.0625,nan
76,2,0.014470983698005707,0.0625,nan
76,3,0.9636791416222814,0.875,nan
76,4,0.005112517739959814,0.0,nan
76,5,0.01932241952976944,0.125,nan
76,6,0.010729486373267478,0.0625,nan
76,7,0.025566368217189862,0.1875,nan
76,8,1.5293803911558435,0.625,nan
76,9,0.033860748457891734,0.0625,nan
76,10,0.009784353846426605,0.125,nan
76,11,0.007007755914359601,0.0625,nan
76,12,0.04795276902513859,0.1875,nan
76,13,0.012053411343262307,0.0,nan
76,14,0.01146830404965495,0.0,nan
76,15,0.007194758631491561,0.0,nan
76,16,0.013080340449544668,0.25,nan
76,17,0.009346764501157154,0.125,nan
76,18,0.01582074040436505,0.0625,nan
76,19,0.010871457849858516,0.125,nan
76,20,0.011774562968439596,0.0625,nan
76,21,0.028969862431724353,0.125,nan
76,22,0.017326282604842678,0.0625,nan
76,23,0.024796195571428818,0.3125,nan
76,24,0.013420384112934697,0.0625,nan
76,25,0.009210775604123872,0.0625,nan
76,26,0.5759364899544102,0.6875,nan
76,27,0.017740903440578777,0.125,nan
76,28,0.007880822669183982,0.0625,nan
76,29,0.019084175627241937,0.1875,nan
76,30,0.02516452772945523,0.125,nan
76,31,0.010225696778849066,0.125,nan
76,32,0.012927838542015346,0.0625,nan
76,33,0.00804783371757975,0.0625,nan
76,34,0.06674702895137635,0.3125,nan
76,35,0.008895212404598942,0.0625,nan
76,36,4.088240665633047,0.9375,nan
76,37,0.011965737663322824,0.0625,nan
76,38,0.03323188146288234,0.1875,nan
76,39,0.009525661804750011,0.0,nan
76,40,0.004982949743672523,0.0,nan
76,41,0.009680784152560391,0.0625,nan
76,42,0.02244285520518561,0.0,nan
76,43,0.012984400409998945,0.0,nan
76,44,0.01854268418443914,0.0625,nan
76,45,0.020791977866128835,0.0625,nan
76,46,0.014133310022093741,0.0625,nan
76,47,0.027853425740983172,0.0625,nan
76,48,0.021707912167506335,0.25,nan
76,49,0.013355021111538589,0.125,nan
76,50,0.00900942813290078,0.0625,nan
76,51,0.009654019529550396,0.125,nan
76,52,0.02104937724623422,0.0625,nan
76,53,0.028535838916003455,0.3125,nan
76,54,0.023363939017557424,0.125,nan
76,55,0.022233348476736546,0.0,nan
76,56,0.009507265233301854,0.0625,nan
76,57,0.017857480596352615,0.0,nan
76,58,0.025313283541576814,0.0,nan
76,59,0.016262710421978334,0.0625,nan
76,60,0.015582873596757661,0.0625,nan
76,61,0.01315965197642369,0.0,nan
76,62,0.013344368338439374,0.125,nan
76,63,0.003802372141770911,0.0625,nan
76,64,0.011061191044620743,0.125,nan
76,65,0.012444389509423372,0.0625,nan
76,66,0.00761132252448367,0.1875,nan
76,67,0.012262481724550623,0.0625,nan
76,68,0.0139330758954196,0.0,nan
76,69,0.018210338740663835,0.0625,nan
76,70,0.019090379740573774,0.125,nan
76,71,0.010255241982777498,0.0625,nan
76,72,0.011302842045639281,0.0,nan
76,73,0.005160235185828468,0.0,nan
76,74,0.032964204411138426,0.1875,nan
76,75,0.008600543886832976,0.1875,nan
76,76,0.036509933232077636,0.25,nan
76,77,0.020828297842212115,0.0625,nan
76,78,0.02776134628371352,0.1875,nan
76,79,0.004609540735430779,0.0625,nan
76,80,0.0151718652189137,0.0625,nan
76,81,0.0295115329626223,0.1875,nan
76,82,0.006881907844834159,0.0,nan
76,83,0.0068205309048266155,0.0,nan
76,84,0.01855679695135977,0.0625,nan
76,85,0.035464391624368624,0.125,nan
76,86,0.00816121989404501,0.25,nan
76,87,0.013880935358483582,0.0625,nan
76,88,0.017935364819261456,0.25,nan
76,89,0.024512310445469622,0.125,nan
76,90,0.008520648577128042,0.0,nan
76,91,0.02689612643244249,0.25,nan
76,92,0.006798185170952551,0.0,nan
76,93,0.008830570135834187,0.0625,nan
76,94,7.424950783925981,1.0,nan
76,95,0.015255719213132969,0.0625,nan
76,96,0.028342482038043335,0.125,nan
76,97,0.009930141840417787,0.125,nan
76,98,0.009917195550852614,0.0,nan
76,99,0.016826415975541825,0.1875,nan
77,0,0.012493459226595099,0.0625,nan
77,1,0.011780329724058274,0.1875,nan
77,2,0.00976083795784192,0.0625,nan
77,3,1.1050713079263135,0.8125,nan
77,4,0.015651642180859467,0.0625,nan
77,5,0.016302115167508048,0.0625,nan
77,6,0.005261496624621234,0.0625,nan
77,7,0.012740826026147959,0.1875,nan
77,8,8.42269234310644,0.9375,nan
77,9,0.012000216380837663,0.0625,nan
77,10,0.010321111903877318,0.0625,nan
77,11,0.017010546785716257,0.25,nan
77,12,0.02127803576064299,0.0625,nan
77,13,0.020198483817046413,0.0625,nan
77,14,0.006959306563500229,0.0,nan
77,15,0.03412419810698597,0.1875,nan
77,16,0.047143119694940984,0.25,nan
77,17,0.009982261565514784,0.0625,nan
77,18,0.011452471219153045,0.0625,nan
77,19,0.00974680956124271,0.0625,nan
77,20,0.00782595838080273,0.0625,nan
77,21,0.011493294725286037,0.0625,nan
77,22,0.007423389227841599,0.0,nan
77,23,0.0191430908337969,0.1875,nan
77,24,0.015470446819207952,0.0625,nan
77,25,0.014175505848190929,0.0625,nan
77,26,0.42584892856252776,0.6875,nan
77,27,0.01293027285915382,0.125,nan
77,28,0.009452976471675548,0.0,nan
77,29,0.015963394256743337,0.0,nan
77,30,0.01614916821872829,0.1875,nan
77,31,0.020909007272377267,0.0625,nan
77,32,0.02290648050083189,0.0,nan
77,33,0.0077347170428034,0.0,nan
77,34,0.015727416032466867,0.0625,nan
77,35,0.009758833066980709,0.0,nan
77,36,6.129889645404255,1.0,nan
77,37,0.017679537332862406,0.125,nan
77,38,0.007975717752547636,0.1875,nan
77,39,0.009158582282722129,0.0625,nan
77,40,0.015176642382846155,0.0,nan
77,41,0.016766559444857762,0.125,nan
77,42,0.020592675676848846,0.125,nan
77,43,0.01879534191604778,0.1875,nan
77,44,0.039909818169970024,0.1875,nan
77,45,0.02270440377796982,0.125,nan
77,46,0.012670676456498196,0.125,nan
77,47,0.01476564537500556,0.0625,nan
77,48,0.035017249520582966,0.1875,nan
77,49,0.00807296139887577,0.0,nan
77,50,0.006523527497742485,0.125,nan
77,51,0.007208465345302506,0.0,nan
77,52,0.015740942629869043,0.125,nan
77,53,0.015813327227421774,0.1875,nan
77,54,0.00820123438691834,0.0625,nan
77,55,0.009298911445766283,0.0625,nan
77,56,0.018957246198682522,0.0625,nan
77,57,0.011968450649442635,0.125,nan
77,58,0.03158340033150707,0.25,nan
77,59,0.027489670737667872,0.0625,nan
77,60,0.012825314908569512,0.0625,nan
77,61,0.00936052716292745,0.0625,nan
77,62,0.017065583080458146,0.1875,nan
77,63,0.006449295963329183,0.0,nan
77,64,0.012255832680893163,0.0,nan
77,65,0.00886961365567612,0.125,nan
77,66,0.010149561152540282,0.0,nan
77,67,0.015657299614914126,0.25,nan
77,68,0.0076124648365349275,0.0,nan
77,69,0.013292253997327821,0.0,nan
77,70,0.027088091399974396,0.25,nan
77,71,0.016455567197508528,0.0625,nan
77,72,0.011134076337363047,0.0,nan
77,73,0.011390642258249671,0.0,nan
77,74,0.07350449223581093,0.25,nan
77,75,0.010629712725138032,0.125,nan
77,76,0.03132483796287141,0.1875,nan
77,77,0.014317884561970928,0.0625,nan
77,78,0.09064357178160587,0.4375,nan
77,79,0.013330746570509379,0.0625,nan
77,80,0.010338010980189594,0.0625,nan
77,81,0.013554218680308008,0.0625,nan
77,82,0.013111319723593386,0.0625,nan
77,83,0.011637218520836462,0.0625,nan
77,84,0.011638026019511315,0.25,nan
77,85,0.01623364384532159,0.0625,nan
77,86,0.07072905841408181,0.1875,nan
77,87,0.008559418282011387,0.125,nan
77,88,0.12486028031096282,0.4375,nan
77,89,0.027798457205052456,0.1875,nan
77,90,0.006917079470945459,0.0,nan
77,91,0.022730844899918216,0.3125,nan
77,92,0.015657154098457707,0.125,nan
77,93,0.00499790763510894,0.0,nan
77,94,5.375206190418072,1.0,nan
77,95,0.019005245456237788,0.125,nan
77,96,0.016415751071828674,0.0625,nan
77,97,0.014613962784255894,0.125,nan
77,98,0.020009831012030917,0.0625,nan
77,99,0.029606311451545998,0.3125,nan
78,0,0.006986226319140495,0.125,nan
78,1,0.015622716953254102,0.0625,nan
78,2,0.00931751835056601,0.0625,nan
78,3,1.185905418553746,1.0,nan
78,4,0.006560047622439307,0.125,nan
78,5,0.004099400345910253,0.0625,nan
78,6,0.0167769274502773,0.0625,nan
78,7,0.042305454867237295,0.3125,nan
78,8,0.017457522333933658,0.3125,nan
78,9,0.01473072553855781,0.3125,nan
78,10,0.010425362140931281,0.1875,nan
78,11,0.006297702353585611,0.0,nan
78,12,0.04691590447939021,0.1875,nan
78,13,0.011166542456876743,0.0,nan
78,14,0.004551757227540964,0.125,nan
78,15,0.007700359809262893,0.0,nan
78,16,0.015140642673265876,0.0,nan
78,17,0.0077231986265911615,0.0625,nan
78,18,0.008600211323197285,0.0,nan
78,19,0.017321037191984936,0.0625,nan
78,20,0.012991461292408042,0.125,nan
78,21,0.0050241307070441575,0.0,nan
78,22,0.005065665475198459,0.125,nan
78,23,0.006651906550522672,0.0625,nan
78,24,0.008009321140320845,0.0,nan
78,25,0.010859793668266856,0.125,nan
78,26,0.7929019411172942,0.625,nan
78,27,0.018214506985977173,0.3125,nan
78,28,0.005481763398178951,0.0625,nan
78,29,0.005461504583764345,0.0,nan
78,30,0.013562134395547784,0.0625,nan
78,31,0.007866427678849925,0.0,nan
78,32,0.007148934334780491,0.0,nan
78,33,0.003092482493191593,0.0625,nan
78,34,0.026872133153852687,0.25,nan
78,35,0.009394049751685285,0.0625,nan
78,36,1.8752620676985825,0.8125,nan
78,37,0.02263357427216335,0.0,nan
78,38,0.01440009044654229,0.0,nan
78,39,0.00811232201483794,0.0,nan
78,40,0.006004382924636028,0.0,nan
78,41,0.007182501191987337,0.0,nan
78,42,0.0032213744482842144,0.0,nan
78,43,0.011394458615127164,0.125,nan
78,44,0.015159619495482259,0.125,nan
78,45,0.004886129512541451,0.0625,nan
78,46,0.008165677310580766,0.0,nan
78,47,0.021682820036769954,0.0625,nan
78,48,0.020385663316452182,0.0625,nan
78,49,0.014956717288178763,0.0,nan
78,50,0.009985630767895132,0.0,nan
78,51,0.005211324233011997,0.0,nan
78,52,0.009019948330535082,0.0625,nan
78,53,0.018227284144815094,0.0,nan
78,54,0.00592261843513143,0.125,nan
78,55,0.007122523840170428,0.0,nan
78,56,0.012898872752460336,0.0625,nan
78,57,0.00534773853418713,0.0,nan
78,58,0.013430846082123627,0.25,nan
78,59,0.00441695344115752,0.0625,nan
78,60,0.006159880952392283,0.125,nan
78,61,0.007058855520442603,0.0625,nan
78,62,0.010615894108727649,0.0,nan
78,63,0.00453231160855188,0.0625,nan
78,64,0.016716698790811974,0.0625,nan
78,65,0.012668106345872227,0.0625,nan
78,66,0.007003757803033202,0.0625,nan
78,67,0.006554759108841125,0.0625,nan
78,68,0.01373396888771479,0.0625,nan
78,69,0.011971503652208807,0.1875,nan
78,70,0.016969102858439084,0.0625,nan
78,71,0.011271907433568948,0.0625,nan
78,72,0.007239345898647751,0.0,nan
78,73,0.0054511275145696,0.0625,nan
78,74,0.0837659936214697,0.3125,nan
78,75,0.006563196938250956,0.125,nan
78,76,0.014676339475727149,0.0625,nan
78,77,0.021102885214579495,0.125,nan
78,78,0.025789719230649905,0.1875,nan
78,79,0.007160699421919407,0.0,nan
78,80,0.009999000389369721,0.0,nan
78,81,0.009232589070720571,0.0625,nan
78,82,0.008595278063342275,0.125,nan
78,83,0.006617722161912681,0.0,nan
78,84,0.010316462456228057,0.1875,nan
78,85,0.016162187231166966,0.25,nan
78,86,0.027640963937727976,0.25,nan
78,87,0.008338659425154063,0.125,nan
78,88,0.006729712114476448,0.125,nan
78,89,0.008267471274128895,0.125,nan
78,90,0.0056518996969703895,0.0,nan
78,91,0.014799330144628507,0.1875,nan
78,92,0.016537920698615826,0.125,nan
78,93,0.006264611792439992,0.0625,nan
78,94,3.98916649000156,1.0,nan
78,95,0.006390906912476759,0.0625,nan
78,96,0.015185985992520301,0.125,nan
78,97,0.012267136496894331,0.1875,nan
78,98,0.010365141845192381,0.125,nan
78,99,0.02130684585266364,0.3125,nan
79,0,0.008036812961990042,0.0625,nan
79,1,0.016093522856223,0.1875,nan
79,2,0.007220950859121118,0.0625,nan
79,3,1.1741374245596565,0.9375,nan
79,4,0.006853179286113907,0.0,nan
79,5,0.016135588466670542,0.0625,nan
79,6,0.005210341913710155,0.0625,nan
79,7,0.0060038495928639735,0.0,nan
79,8,0.014117573314758436,0.3125,nan
79,9,0.012119274037952318,0.125,nan
79,10,0.00946355291927058,0.0,nan
79,11,0.006210386744663258,0.0,nan
79,12,0.030997339325931798,0.0,nan
79,13,0.003748982324287117,0.0,nan
79,14,0.008018854651140444,0.1875,nan
79,15,0.00919584669506153,0.0625,nan
79,16,0.006537454480294776,0.0,nan
79,17,0.003378125879992382,0.0,nan
79,18,0.011236352108552748,0.0625,nan
79,19,0.01228031718541377,0.0,nan
79,20,0.01258863262331982,0.125,nan
79,21,0.008405896612302302,0.0,nan
79,22,0.004185358836207515,0.0625,nan
79,23,0.02122140448772606,0.25,nan
79,24,0.005390546733419328,0.0,nan
79,25,0.0061320586215546525,0.0,nan
79,26,0.16012228097816453,0.5625,nan
79,27,0.019578775293528045,0.125,nan
79,28,0.004606232805077402,0.0,nan
79,29,0.011252059632032055,0.0,nan
79,30,0.0072531848773311255,0.125,nan
79,31,0.013321066150271486,0.0,nan
79,32,0.008127605785915884,0.125,nan
79,33,0.006329280237844527,0.0,nan
79,34,0.04542423352654735,0.1875,nan
79,35,0.004499122921479047,0.0625,nan
79,36,2.3003961557801698,0.75,nan
79,37,0.008755470422157203,0.0625,nan
79,38,0.021432855833717238,0.0,nan
79,39,0.006779348750468504,0.0,nan
79,40,0.011700591472298062,0.0625,nan
79,41,0.006120577718077114,0.0625,nan
79,42,0.00897051755483115,0.0,nan
79,43,0.015771298516730585,0.25,nan
79,44,0.008904649201201022,0.0625,nan
79,45,0.00520982901497849,0.0,nan
79,46,0.014347032145524973,0.0,nan
79,47,0.016685472532034278,0.0625,nan
79,48,0.018612150155764475,0.25,nan
79,49,0.0018479883183439173,0.0625,nan
79,50,0.005246187440279521,0.0625,nan
79,51,0.0053427971298311335,0.0,nan
79,52,0.008304182588212704,0.0625,nan
79,53,0.004218633699023247,0.0625,nan
79,54,0.008783283921204126,0.0625,nan
79,55,0.010304533131081928,0.0625,nan
79,56,0.01239721396752129,0.125,nan
79,57,0.0073640936786326956,0.0,nan
79,58,0.006275854110888634,0.0625,nan
79,59,0.010724302933748667,0.0625,nan
79,60,0.00478460634188424,0.0625,nan
79,61,0.0073461825525688584,0.0,nan
79,62,0.003959332627814485,0.0,nan
79,63,0.018596666388624068,0.125,nan
79,64,0.004494191098345427,0.0,nan
79,65,0.0077775672284382015,0.0625,nan
79,66,0.0045551616701998456,0.0625,nan
79,67,0.0053724274974957225,0.0,nan
79,68,0.00621242767801745,0.0,nan
79,69,0.015954745828268647,0.0625,nan
79,70,0.012003948230977224,0.1875,nan
79,71,0.00917927278845741,0.0625,nan
79,72,0.00809275233704859,0.125,nan
79,73,0.002347244742760945,0.0625,nan
79,74,0.04027436191187647,0.25,nan
79,75,0.01132125394762639,0.125,nan
79,76,0.009344148898573736,0.125,nan
79,77,0.008232107016824912,0.125,nan
79,78,0.012197755844091324,0.0625,nan
79,79,0.027731073910000653,0.0,nan
79,80,0.007498233675619691,0.125,nan
79,81,0.008340408090524557,0.0,nan
79,82,0.003830569465908048,0.0,nan
79,83,0.012865646874106258,0.125,nan
79,84,0.019238845033427963,0.25,nan
79,85,0.012925972943281978,0.25,nan
79,86,0.01141960770579616,0.125,nan
79,87,0.01999854205943858,0.0625,nan
79,88,0.009839495551134054,0.0,nan
79,89,0.017553121169186774,0.125,nan
79,90,0.009393708751788216,0.0,nan
79,91,0.013026859459620108,0.1875,nan
79,92,0.00805350556894864,0.0,nan
79,93,0.00813232933317006,0.0625,nan
79,94,4.939826221256418,1.0,nan
79,95,0.015484516653590602,0.0,nan
79,96,0.013188816070655057,0.0625,nan
79,97,0.006387086796917748,0.0625,nan
79,98,0.011275684397235782,0.0,nan
79,99,0.08433459954680086,0.4375,nan
80,0,0.012327355825269962,0.0,nan
80,1,0.01838601061767471,0.125,nan
80,2,0.004239189681232524,0.0,nan
80,3,1.3538210562137358,0.9375,nan
80,4,0.015509438152517572,0.0625,nan
80,5,0.012554159857215412,0.0625,nan
80,6,0.005160179923692296,0.0,nan
80,7,0.019290379422091195,0.0,nan
80,8,0.0190531235904835,0.3125,nan
80,9,0.02062319006523561,0.125,nan
80,10,0.009226084404360176,0.0,nan
80,11,0.013464341462082514,0.0,nan
80,12,0.021416368669235707,0.0625,nan
80,13,0.008254755943044543,0.0625,nan
80,14,0.01143387256057869,0.0625,nan
80,15,0.01664602099315791,0.0,nan
80,16,0.005573251808585607,0.0625,nan
80,17,0.01358920753806626,0.1875,nan
80,18,0.013689866395013819,0.0,nan
80,19,0.004667839454725214,0.0,nan
80,20,0.008744166861220985,0.0625,nan
80,21,0.007304851798111596,0.0,nan
80,22,0.014671268018822934,0.0,nan
80,23,0.013142746833486384,0.0,nan
80,24,0.007662265585090618,0.0,nan
80,25,0.004377652582671589,0.0,nan
80,26,0.526252913868765,0.5625,nan
80,27,0.024328313170386015,0.0625,nan
80,28,0.010772688172322034,0.0,nan
80,29,0.005626664138527978,0.0,nan
80,30,0.014894281234052514,0.0625,nan
80,31,0.01572967484273919,0.0625,nan
80,32,0.017204033571575638,0.125,nan
80,33,0.007601312807361026,0.0,nan
80,34,0.026803068709032353,0.0,nan
80,35,0.014778540896672835,0.0625,nan
80,36,6.599424926108245,0.9375,nan
80,37,0.009651961525139311,0.0,nan
80,38,0.014920023848365455,0.0,nan
80,39,0.015819068295657268,0.0,nan
80,40,0.009135517850904317,0.0,nan
80,41,0.007962350795400806,0.0625,nan
80,42,0.012765135671679455,0.0625,nan
80,43,0.015195902504617359,0.0,nan
80,44,0.011048084475017154,0.0,nan
80,45,0.01307398971496799,0.0625,nan
80,46,0.01015745039164637,0.125,nan
80,47,0.012247518706496568,0.0,nan
80,48,0.025870884503180775,0.1875,nan
80,49,0.013046489671757412,0.0,nan
80,50,0.009425487825926449,0.0,nan
80,51,0.020459195142394276,0.0,nan
80,52,0.015109301686902322,0.0,nan
80,53,0.01612785318167062,0.0,nan
80,54,0.009077942982718525,0.0,nan
80,55,0.006545273902833647,0.0,nan
80,56,0.009498353064829514,0.0,nan
80,57,0.017232876434390542,0.125,nan
80,58,0.011333277637766002,0.0625,nan
80,59,0.008903474051645852,0.0,nan
80,60,0.015195395999957832,0.125,nan
80,61,0.010776004809807588,0.0625,nan
80,62,0.014783415484220117,0.0,nan
80,63,0.009232038214620295,0.0,nan
80,64,0.007692195356402337,0.0,nan
80,65,0.016268540937148933,0.0625,nan
80,66,0.007128940424509528,0.0,nan
80,67,0.006580456908078621,0.0,nan
80,68,0.019353509690572052,0.1875,nan
80,69,0.010228296054193495,0.125,nan
80,70,0.016299561795417226,0.125,nan
80,71,0.004177733854658439,0.0,nan
80,72,0.008721170645198568,0.0625,nan
80,73,0.009571887421370181,0.0,nan
80,74,0.011210078916474239,0.0,nan
80,75,0.00980542833802855,0.125,nan
80,76,0.012648101976584687,0.0,nan
80,77,0.02521679659019383,0.125,nan
80,78,0.0482274286227239,0.1875,nan
80,79,0.014066708466910865,0.0625,nan
80,80,0.009901874896367041,0.0625,nan
80,81,0.021578136506664673,0.125,nan
80,82,0.00791728100140815,0.0,nan
80,83,0.009031999011842661,0.0,nan
80,84,0.012693575186827977,0.25,nan
80,85,0.020437370364305717,0.125,nan
80,86,0.012667788671828294,0.125,nan
80,87,0.01400563698906939,0.0625,nan
80,88,0.03964882323837837,0.125,nan
80,89,0.03275287286344963,0.1875,nan
80,90,0.012978598238021628,0.0625,nan
80,91,0.011317540782492029,0.0,nan
80,92,0.012347882034052845,0.0,nan
80,93,0.009091818994851314,0.0,nan
80,94,5.881600761976461,1.0,nan
80,95,0.006530117859050548,0.0,nan
80,96,0.011744599811012519,0.0625,nan
80,97,0.02026993203467319,0.125,nan
80,98,0.00877374648312,0.0,nan
80,99,0.11726671539108888,0.5,nan
81,0,0.0156031320499687,0.0,nan
81,1,0.01116612001051357,0.0,nan
81,2,0.004869221826173527,0.0,nan
81,3,1.3451069288243593,0.9375,nan
81,4,0.010810639460895673,0.0625,nan
81,5,0.015389169336475064,0.0625,nan
81,6,0.0075192214757168925,0.0,nan
81,7,0.009006897655695926,0.1875,nan
81,8,0.006516439374531982,0.1875,nan
81,9,0.011447618416634563,0.25,nan
81,10,0.006859446375944591,0.0625,nan
81,11,0.02398118476915236,0.0625,nan
81,12,0.015438427664619947,0.1875,nan
81,13,0.005006179339430084,0.0,nan
81,14,0.0071535671006269915,0.0,nan
81,15,0.0036054077368318795,0.0,nan
81,16,0.00583726290181257,0.0625,nan
81,17,0.02053032238434724,0.1875,nan
81,18,0.0148748542989268,0.25,nan
81,19,0.010941902910754989,0.0625,nan
81,20,0.00896329166980713,0.0,nan
81,21,0.004915619840994882,0.0,nan
81,22,0.010119127963312251,0.0,nan
81,23,0.013711552484786699,0.0625,nan
81,24,0.003909001180418718,0.0625,nan
81,25,0.010508225101971292,0.0,nan
81,26,0.738397560817672,0.6875,nan
81,27,0.012747944131389646,0.1875,nan
81,28,0.006397594992719431,0.125,nan
81,29,0.009057598634160677,0.0625,nan
81,30,0.010380204985195096,0.0625,nan
81,31,0.005546677778526576,0.0,nan
81,32,0.0040559552898253685,0.0,nan
81,33,0.003443925226239557,0.0625,nan
81,34,0.01242556987220705,0.3125,nan
81,35,0.010374572146498656,0.0,nan
81,36,2.2634184033936817,0.8125,nan
81,37,0.007567258578462837,0.0,nan
81,38,0.007928837447447178,0.0625,nan
81,39,0.0037272291858948627,0.0625,nan
81,40,0.00484568009796781,0.125,nan
81,41,0.007917424574796935,0.0,nan
81,42,0.007851306337800339,0.0625,nan
81,43,0.009378981832129409,0.0625,nan
81,44,0.007163070552083813,0.0,nan
81,45,0.005467636685864185,0.0,nan
81,46,0.013258861004364832,0.0625,nan
81,47,0.0041385262366169595,0.0,nan
81,48,0.06350026772607928,0.375,nan
81,49,0.011109345269496296,0.0,nan
81,50,0.003730407588107002,0.0,nan
81,51,0.010314239514480024,0.0625,nan
81,52,0.004094678635047087,0.0625,nan
81,53,0.020678897057383884,0.1875,nan
81,54,0.00794218287604009,0.0,nan
81,55,0.004712743820864142,0.0625,nan
81,56,0.006019830283946488,0.0625,nan
81,57,0.0033697244036101593,0.0625,nan
81,58,0.008989140197727553,0.0,nan
81,59,0.0067424357193860565,0.0,nan
81,60,0.010094176963658065,0.0625,nan
81,61,0.007050697814769487,0.0,nan
81,62,0.014929276994232323,0.0,nan
81,63,0.004928632660866031,0.0,nan
81,64,0.007608783803359696,0.0,nan
81,65,0.007441715025212793,0.0625,nan
81,66,0.004868861021076764,0.0,nan
81,67,0.008267114940779842,0.0,nan
81,68,0.017116079169989272,0.0,nan
81,69,0.01079024964263768,0.125,nan
81,70,0.010646957632781333,0.0,nan
81,71,0.0063089600952325,0.125,nan
81,72,0.009118496092136738,0.0625,nan
81,73,0.006913103546652581,0.0,nan
81,74,0.00789815800572645,0.0625,nan
81,75,0.006583963847878416,0.0,nan
81,76,0.005712653381949583,0.125,nan
81,77,0.03383697163357761,0.25,nan
81,78,0.015124748773449073,0.125,nan
81,79,0.011726656207056112,0.125,nan
81,80,0.012065020038665457,0.0,nan
81,81,0.004661160946641218,0.0,nan
81,82,0.010344715495139356,0.0,nan
81,83,0.00797261605753927,0.0,nan
81,84,0.025103792163887688,0.1875,nan
81,85,0.06847296362501044,0.3125,nan
81,86,0.00823817982805125,0.125,nan
81,87,0.006922327440999561,0.0625,nan
81,88,0.011180910401404781,0.125,nan
81,89,0.003622982397269338,0.1875,nan
81,90,0.008423515732252015,0.0,nan
81,91,0.010376779361300242,0.125,nan
81,92,0.008883933489059009,0.0,nan
81,93,0.008677620772190323,0.0625,nan
81,94,5.495859108710755,1.0,nan
81,95,0.009387314785362852,0.0625,nan
81,96,0.012144063837640582,0.0,nan
81,97,0.008567379320944625,0.0625,nan
81,98,0.007770809339720642,0.0,nan
81,99,0.02777244689754083,0.1875,nan
82,0,0.006334367638707849,0.0,nan
82,1,0.01711136292913769,0.1875,nan
82,2,0.011515766810782372,0.0,nan
82,3,0.9271991671845058,0.9375,nan
82,4,0.008454231972468078,0.0,nan
82,5,0.005798665322798199,0.125,nan
82,6,0.007898071101118145,0.0625,nan
82,7,0.019315145454776257,0.0,nan
82,8,2.336711725380126,0.6875,nan
82,9,0.009655695132394752,0.0,nan
82,10,0.005220438800724897,0.0,nan
82,11,0.0067634816023359485,0.0,nan
82,12,0.00791118782781846,0.1875,nan
82,13,0.0102228059266456,0.0,nan
82,14,0.0069639827401735774,0.0,nan
82,15,0.007766251862165067,0.0,nan
82,16,0.024308808086755056,0.0,nan
82,17,0.018877063785262514,0.0,nan
82,18,0.01390640093423076,0.0,nan
82,19,0.005690963449475018,0.0,nan
82,20,0.0069913590634295315,0.0625,nan
82,21,0.008566758723788629,0.0625,nan
82,22,0.009309342309788093,0.0,nan
82,23,0.01154330076076756,0.1875,nan
82,24,0.01166762514074689,0.0,nan
82,25,0.005618904877670316,0.1875,nan
82,26,0.14941881615939476,0.5,nan
82,27,0.011550926962235551,0.0625,nan
82,28,0.01786503730508423,0.0625,nan
82,29,0.006638758058604684,0.0625,nan
82,30,0.014776736831820708,0.1875,nan
82,31,0.007234820795018186,0.0,nan
82,32,0.006873999858966187,0.0625,nan
82,33,0.00794548685114712,0.0,nan
82,34,0.009376520104054608,0.0625,nan
82,35,0.008068670528843991,0.0625,nan
82,36,5.688966062813892,1.0,nan
82,37,0.011041343167375386,0.0625,nan
82,38,0.009697773475492028,0.0625,nan
82,39,0.005151488550428655,0.0,nan
82,40,0.005580588369807517,0.0625,nan
82,41,0.010418937992616034,0.0625,nan
82,42,0.006246761087155976,0.0,nan
82,43,0.021417737100340596,0.1875,nan
82,44,0.010035185822847145,0.1875,nan
82,45,0.009436159787377557,0.0,nan
82,46,0.01399185739260295,0.0,nan
82,47,0.010236337004067172,0.0,nan
82,48,0.008429889691429372,0.1875,nan
82,49,0.00719711461771738,0.0,nan
82,50,0.007886481921357859,0.0,nan
82,51,0.009549147030847879,0.125,nan
82,52,0.009411349438250442,0.0,nan
82,53,0.008274457730866627,0.0,nan
82,54,0.007663902992488523,0.0,nan
82,55,0.007320135715274498,0.0,nan
82,56,0.014620311856811757,0.0625,nan
82,57,0.01257680846212669,0.0,nan
82,58,0.00838235311100211,0.0,nan
82,59,0.006348083126551745,0.0625,nan
82,60,0.004894454581953362,0.0,nan
82,61,0.008223311831147329,0.0,nan
82,62,0.005529117417762414,0.0,nan
82,63,0.004238640690607926,0.0,nan
82,64,0.009708449180826344,0.0625,nan
82,65,0.013013496220981793,0.0,nan
82,66,0.010146516192326241,0.0625,nan
82,67,0.013442102736124815,0.0625,nan
82,68,0.009458665724191757,0.125,nan
82,69,0.012230843781964965,0.0,nan
82,70,0.011820577193005884,0.0,nan
82,71,0.0064018041046962435,0.0,nan
82,72,0.006154119858456328,0.0,nan
82,73,0.011687721893476888,0.0,nan
82,74,0.030861693089601024,0.1875,nan
82,75,0.006521190211245204,0.0,nan
82,76,0.00972374291185978,0.0625,nan
82,77,0.018471436158892005,0.125,nan
82,78,0.01152686106904045,0.1875,nan
82,79,0.01774159604613079,0.0,nan
82,80,0.00942053171354126,0.0625,nan
82,81,0.020164308963746578,0.0,nan
82,82,0.001980487939401269,0.0,nan
82,83,0.006472357374336075,0.0,nan
82,84,0.009859202613312107,0.0,nan
82,85,0.013383865579891437,0.0,nan
82,86,0.012760827581607629,0.125,nan
82,87,0.013238371556612217,0.125,nan
82,88,0.016267820810662588,0.3125,nan
82,89,0.019615912850453984,0.0,nan
82,90,0.010174282364589265,0.0,nan
82,91,0.012149143473183861,0.0,nan
82,92,0.012551168822623603,0.0625,nan
82,93,0.008136027571805909,0.0,nan
82,94,4.52851856767149,1.0,nan
82,95,0.011178125942808995,0.0,nan
82,96,0.02070725360044133,0.0,nan
82,97,0.01807710879311811,0.0625,nan
82,98,0.028327078833816195,0.0625,nan
82,99,0.04456828116288151,0.3125,nan
83,0,0.014734698648078678,0.0,nan
83,1,0.026354594807190143,0.0625,nan
83,2,0.006649972945002787,0.0,nan
83,3,1.2972470578022413,1.0,nan
83,4,0.011536942985174768,0.0625,nan
83,5,0.011587776877703609,0.0,nan
83,6,0.016417524396239953,0.0,nan
83,7,0.017108982351953836,0.0625,nan
83,8,0.022569639694102223,0.375,nan
83,9,0.01269484333665798,0.0,nan
83,10,0.01582226149628654,0.0625,nan
83,11,0.012200433567287285,0.0625,nan
83,12,0.03925451915748879,0.0625,nan
83,13,0.006955455638349249,0.125,nan
83,14,0.018478917378543895,0.0,nan
83,15,0.016069107709738278,0.125,nan
83,16,0.01371002785236147,0.0625,nan
83,17,0.020497752154082265,0.125,nan
83,18,0.005016577564421896,0.0625,nan
83,19,0.017572596466066747,0.1875,nan
83,20,0.004074748570353195,0.0,nan
83,21,0.020199703575540184,0.0,nan
83,22,0.013114594033643961,0.0625,nan
83,23,0.01859983403935874,0.0,nan
83,24,0.006507510041899912,0.0,nan
83,25,0.010753169980187124,0.0,nan
83,26,1.3185975088922088,0.8125,nan
83,27,0.016518976785525344,0.125,nan
83,28,0.009249458575367752,0.0,nan
83,29,0.0092231961656483,0.0,nan
83,30,0.01993340127241303,0.0,nan
83,31,0.00734779797945387,0.0,nan
83,32,0.034459488518370406,0.0625,nan
83,33,0.005172631009176319,0.0625,nan
83,34,0.01958158442534604,0.1875,nan
83,35,0.009112243226296252,0.125,nan
83,36,3.6024670167560684,0.8125,nan
83,37,0.013773533325472273,0.1875,nan
83,38,0.009957158605489515,0.0625,nan
83,39,0.007108589252884602,0.0,nan
83,40,0.01079047215251206,0.0625,nan
83,41,0.005224833855142432,0.0,nan
83,42,0.010309864711436606,0.0625,nan
83,43,0.02702491288363542,0.25,nan
83,44,0.027679154246987477,0.0,nan
83,45,0.0064195015206807895,0.0,nan
83,46,0.026958616845975357,0.0625,nan
83,47,0.019452866558856006,0.125,nan
83,48,0.032007309880035105,0.25,nan
83,49,0.012855239471140194,0.0,nan
83,50,0.007594230134559642,0.125,nan
83,51,0.00566009782521504,0.0,nan
83,52,0.005786424795451408,0.0625,nan
83,53,0.005834421260571737,0.0625,nan
83,54,0.012629532044687194,0.0,nan
83,55,0.011836847631026697,0.0,nan
83,56,0.021918165783170292,0.0625,nan
83,57,0.00794668783774106,0.0,nan
83,58,0.011605072877513002,0.0,nan
83,59,0.017393601659888312,0.0625,nan
83,60,0.014517754710192406,0.125,nan
83,61,0.011777168030765093,0.0,nan
83,62,0.015232433768169117,0.0,nan
83,63,0.0056472324862676514,0.0625,nan
83,64,0.006710412882834429,0.0,nan
83,65,0.007012201040821562,0.0,nan
83,66,0.013820465813343005,0.0625,nan
83,67,0.013125853959684346,0.0,nan
83,68,0.01606524592024895,0.0,nan
83,69,0.011280984224684525,0.0,nan
83,70,0.02749620521855825,0.25,nan
83,71,0.00935959454790583,0.0625,nan
83,72,0.022550568563317355,0.0,nan
83,73,0.01568546333220245,0.0625,nan
83,74,0.043996494788559846,0.25,nan
83,75,0.028211046465923234,0.125,nan
83,76,0.021191184563163837,0.125,nan
83,77,0.026951336842069466,0.125,nan
83,78,0.04240305002210125,0.1875,nan
83,79,0.007585326909666736,0.0,nan
83,80,0.015108540727432966,0.0625,nan
83,81,0.027141288737688653,0.0625,nan
83,82,0.008383893332931781,0.0625,nan
83,83,0.009074794205059866,0.0,nan
83,84,0.028804119549561885,0.3125,nan
83,85,0.021254471415357835,0.0625,nan
83,86,0.017371533200180558,0.3125,nan
83,87,0.006465629965607326,0.0625,nan
83,88,0.02564498672158714,0.0625,nan
83,89,0.02644920009173868,0.125,nan
83,90,0.01010428713117792,0.0,nan
83,91,0.016532041507243907,0.125,nan
83,92,0.00885228801625432,0.0625,nan
83,93,0.007072871809416155,0.0,nan
83,94,6.8505502069566955,1.0,nan
83,95,0.013047640457716853,0.0,nan
83,96,0.018334284378703426,0.0,nan
83,97,0.00985669308258012,0.0,nan
83,98,0.03173913698054582,0.0625,nan
83,99,0.01739122701011317,0.1875,nan
84,0,0.010411714669211099,0.0625,nan
84,1,0.007932742046064332,0.0625,nan
84,2,0.01271021408557195,0.0,nan
84,3,1.0543321951549025,0.875,nan
84,4,0.011330016143305772,0.0625,nan
84,5,0.03501190308847509,0.0625,nan
84,6,0.026426198349761156,0.0625,nan
84,7,0.017630385179231933,0.0625,nan
84,8,4.790626403627968,0.8125,nan
84,9,0.019545546303946306,0.1875,nan
84,10,0.012770326668150582,0.0625,nan
84,11,0.015171667698787607,0.1875,nan
84,12,0.037278996383102336,0.25,nan
84,13,0.007466967764769369,0.0,nan
84,14,0.011334902047010185,0.0625,nan
84,15,0.012465569951229329,0.125,nan
84,16,0.03056701053731374,0.125,nan
84,17,0.013404224753114126,0.0625,nan
84,18,0.009949721585875808,0.125,nan
84,19,0.015307881065256988,0.0625,nan
84,20,0.013821634554874201,0.0625,nan
84,21,0.01888190029981769,0.125,nan
84,22,0.010477628812504754,0.125,nan
84,23,0.012868024046835187,0.0625,nan
84,24,0.004538458549590072,0.0,nan
84,25,0.016242426888201062,0.0,nan
84,26,1.1694217049495177,0.6875,nan
84,27,0.015812921464456675,0.125,nan
84,28,0.014499316675568566,0.0625,nan
84,29,0.006497880635954004,0.0625,nan
84,30,0.0336476928328983,0.125,nan
84,31,0.014113416774714966,0.0625,nan
84,32,0.00877981392678275,0.0,nan
84,33,0.005876850088160905,0.0,nan
84,34,0.017856532377610708,0.0,nan
84,35,0.005720190177922737,0.0,nan
84,36,4.50752258286909,0.9375,nan
84,37,0.012802667624604244,0.0,nan
84,38,0.013518369022182869,0.125,nan
84,39,0.007501887760160152,0.0,nan
84,40,0.03539010086887455,0.0625,nan
84,41,0.026369764945896053,0.0625,nan
84,42,0.02299006304096085,0.0625,nan
84,43,0.027256114737391438,0.125,nan
84,44,0.034586534780603154,0.125,nan
84,45,0.021103385620783205,0.125,nan
84,46,0.013268623708896015,0.0625,nan
84,47,0.011022075167019085,0.0625,nan
84,48,0.02742939419880221,0.1875,nan
84,49,0.016990394527253087,0.0625,nan
84,50,0.014062290884467754,0.0625,nan
84,51,0.0196037695697591,0.0,nan
84,52,0.02017081388241327,0.0625,nan
84,53,0.035680908968994035,0.3125,nan
84,54,0.01238412691313606,0.0,nan
84,55,0.012375903465001238,0.0,nan
84,56,0.009266958334588963,0.0625,nan
84,57,0.012136975494024625,0.0625,nan
84,58,0.012859867201765709,0.0625,nan
84,59,0.016265735623566046,0.0625,nan
84,60,0.01086138039456173,0.0,nan
84,61,0.021105280003612795,0.0625,nan
84,62,0.008423904606949391,0.0625,nan
84,63,0.005288865954055678,0.0,nan
84,64,0.008124180212517767,0.1875,nan
84,65,0.012093001597003415,0.0625,nan
84,66,0.012572221983568086,0.0625,nan
84,67,0.024495232377567372,0.1875,nan
84,68,0.021267107549604453,0.125,nan
84,69,0.015690167114510892,0.0,nan
84,70,0.021875740378856416,0.0625,nan
84,71,0.008494542652385605,0.0,nan
84,72,0.011554487345692987,0.0625,nan
84,73,0.006349474706619378,0.0,nan
84,74,0.06766144838863754,0.25,nan
84,75,0.02694360430583124,0.125,nan
84,76,0.020883447738449017,0.1875,nan
84,77,0.023184231014794103,0.125,nan
84,78,0.01888466097789615,0.3125,nan
84,79,0.021238569049800128,0.1875,nan
84,80,0.010028857680013128,0.0625,nan
84,81,0.0261985798521363,0.0625,nan
84,82,0.013517988173337075,0.1875,nan
84,83,0.009809372861210981,0.0625,nan
84,84,0.02230548311637654,0.25,nan
84,85,0.03852403562403375,0.25,nan
84,86,0.02538466884263033,0.125,nan
84,87,0.014476624090558155,0.125,nan
84,88,0.05319518727865233,0.25,nan
84,89,0.03896486361387912,0.25,nan
84,90,0.011444525250774263,0.0625,nan
84,91,0.008015364499872873,0.125,nan
84,92,0.011469786631535223,0.0625,nan
84,93,0.01022053378818756,0.0625,nan
84,94,6.477713127058214,1.0,nan
84,95,0.017545421508188344,0.0625,nan
84,96,0.011047342755047205,0.0,nan
84,97,0.028736161456988568,0.125,nan
84,98,0.024606466710180908,0.0625,nan
84,99,0.04054825034020966,0.3125,nan
85,0,0.012283897864125327,0.0,nan
85,1,0.04141566607968585,0.125,nan
85,2,0.008285343320051278,0.0625,nan
85,3,0.7371922590106905,0.75,nan
85,4,0.006354014385811973,0.0,nan
85,5,0.01632245671528824,0.125,nan
85,6,0.015236572671734536,0.125,nan
85,7,0.01962887763619177,0.125,nan
85,8,5.247799057557356,0.8125,nan
85,9,0.018665607405383894,0.125,nan
85,10,0.017258528241251847,0.0625,nan
85,11,0.012278863315859985,0.0,nan
85,12,0.0142535813076963,0.0,nan
85,13,0.02687059880813513,0.0,nan
85,14,0.008846428437869359,0.0,nan
85,15,0.006080623386109456,0.0,nan
85,16,0.008196346814194781,0.0625,nan
85,17,0.010285554583377113,0.0,nan
85,18,0.006384934975367219,0.0625,nan
85,19,0.010782520388789291,0.125,nan
85,20,0.0051984778262387805,0.0625,nan
85,21,0.009608829570311716,0.0,nan
85,22,0.008074689850320976,0.0,nan
85,23,0.017882205923595643,0.0,nan
85,24,0.006725314041578898,0.0,nan
85,25,0.004924720064661459,0.0,nan
85,26,0.8244897462399108,0.75,nan
85,27,0.022500154765602916,0.125,nan
85,28,0.008644193239144265,0.0,nan
85,29,0.01674167386501666,0.0,nan
85,30,0.03351290832448328,0.1875,nan
85,31,0.008106257574485493,0.0,nan
85,32,0.010886262487366362,0.0,nan
85,33,0.005443520064052217,0.125,nan
85,34,0.01924182758425915,0.1875,nan
85,35,0.006245227146733055,0.0,nan
85,36,3.1910897746917284,1.0,nan
85,37,0.019282961301031992,0.1875,nan
85,38,0.005907598961458604,0.0,nan
85,39,0.011373333659021299,0.0,nan
85,40,0.00985024944772726,0.0625,nan
85,41,0.011133132533755575,0.0,nan
85,42,0.01318116323470966,0.125,nan
85,43,0.018418267561337034,0.1875,nan
85,44,0.01233304506593,0.0,nan
85,45,0.0072369956611370925,0.0,nan
85,46,0.008184879071680293,0.125,nan
85,47,0.008925579361106736,0.125,nan
85,48,0.025489181598270946,0.0625,nan
85,49,0.0067247484782858805,0.0,nan
85,50,0.006760023358087475,0.0,nan
85,51,0.005036474135420787,0.0625,nan
85,52,0.007110350796902269,0.0,nan
85,53,0.010067153077845805,0.1875,nan
85,54,0.012374110697415702,0.0,nan
85,55,0.004927217725242615,0.0,nan
85,56,0.008177201750511783,0.125,nan
85,57,0.004998882365109567,0.0,nan
85,58,0.040512815455200156,0.1875,nan
85,59,0.005124594837979871,0.0625,nan
85,60,0.007455576551703112,0.0,nan
85,61,0.020072223733408428,0.1875,nan
85,62,0.008580707183658672,0.0,nan
85,63,0.0054244244909606035,0.0,nan
85,64,0.0042855577989313835,0.0,nan
85,65,0.01712849430944397,0.0,nan
85,66,0.0114919951329953,0.0625,nan
85,67,0.00538879716886884,0.0,nan
85,68,0.006593375168230095,0.0,nan
85,69,0.012611323792478573,0.0625,nan
85,70,0.010139570067525399,0.0,nan
85,71,0.01007417665834271,0.0,nan
85,72,0.008615104667104391,0.0625,nan
85,73,0.006723833262393743,0.0,nan
85,74,0.04571212594590786,0.25,nan
85,75,0.013897139082183863,0.0625,nan
85,76,0.025900460040854452,0.1875,nan
85,77,0.008948744646593974,0.0,nan
85,78,0.023330034822776242,0.0625,nan
85,79,0.006678537047785709,0.0,nan
85,80,0.008112701592514452,0.0625,nan
85,81,0.011491781292911923,0.0625,nan
85,82,0.005950260357891127,0.0625,nan
85,83,0.008490767454447188,0.0,nan
85,84,0.019708185896649175,0.0,nan
85,85,0.020736117581493685,0.125,nan
85,86,0.0172737407550402,0.0,nan
85,87,0.0069000087958489284,0.0625,nan
85,88,0.015329104099878265,0.0625,nan
85,89,0.019894476224016466,0.0625,nan
85,90,0.008377136528794644,0.0,nan
85,91,0.013322911366516456,0.125,nan
85,92,0.008390611551853479,0.0,nan
85,93,0.0036692463859437996,0.0625,nan
85,94,4.549130440831133,1.0,nan
85,95,0.004452804531562636,0.0,nan
85,96,0.017894709646944153,0.1875,nan
85,97,0.006206175579316888,0.0625,nan
85,98,0.012729907350949421,0.0,nan
85,99,0.012118182122960878,0.125,nan
86,0,0.01542683486451426,0.125,nan
86,1,0.02993075072567413,0.125,nan
86,2,0.009123320592677524,0.0,nan
86,3,1.1860554578055789,0.9375,nan
86,4,0.008013541962796536,0.0,nan
86,5,0.010117657956539426,0.0,nan
86,6,0.006894696326361263,0.0,nan
86,7,0.00946070964485957,0.0625,nan
86,8,6.373016853590544,1.0,nan
86,9,0.011725647307208077,0.0,nan
86,10,0.009374676858814272,0.0625,nan
86,11,0.00773873144431544,0.0,nan
86,12,0.0188140393695206,0.0625,nan
86,13,0.007139342618937262,0.0625,nan
86,14,0.00478630365086402,0.0625,nan
86,15,0.012938248566874035,0.0,nan
86,16,0.01503204194578213,0.0625,nan
86,17,0.013996529962733723,0.125,nan
86,18,0.008785316814346626,0.0,nan
86,19,0.014522900853649408,0.0625,nan
86,20,0.014167856526268736,0.0,nan
86,21,0.00786369770187697,0.0625,nan
86,22,0.008470334989025309,0.0,nan
86,23,0.013296695984659972,0.0625,nan
86,24,0.006791744415091748,0.0,nan
86,25,0.01094693565185813,0.0,nan
86,26,0.48313089962776845,0.75,nan
86,27,0.0063220741079783056,0.0,nan
86,28,0.006515960331380166,0.0,nan
86,29,0.008039057797409726,0.0,nan
86,30,0.014527337810515087,0.0625,nan
86,31,0.003782869074313263,0.0,nan
86,32,0.007441453594380727,0.0625,nan
86,33,0.0055427069633816025,0.0625,nan
86,34,0.010226417510166097,0.0,nan
86,35,0.012726661301010776,0.0625,nan
86,36,8.221873412044914,1.0,nan
86,37,0.007477056759754875,0.0625,nan
86,38,0.01226126818248328,0.0625,nan
86,39,0.007379600633471015,0.0,nan
86,40,0.008384325766617564,0.0625,nan
86,41,0.004573399069228328,0.0625,nan
86,42,0.008063893248109444,0.0,nan
86,43,0.013743831968706991,0.125,nan
86,44,0.01324571530526486,0.1875,nan
86,45,0.007406437062304792,0.0,nan
86,46,0.004821900293861195,0.0,nan
86,47,0.008113085823493137,0.0,nan
86,48,0.041838696935326554,0.25,nan
86,49,0.011082724499142271,0.0,nan
86,50,0.004810268339270443,0.0,nan
86,51,0.0057327522345980795,0.0,nan
86,52,0.010305028549557399,0.0,nan
86,53,0.01384785295066826,0.0625,nan
86,54,0.011450013700085191,0.0625,nan
86,55,0.007165093371427852,0.0,nan
86,56,0.007192778194982282,0.0,nan
86,57,0.006708876757093328,0.0,nan
86,58,0.00853735961714307,0.0,nan
86,59,0.010481468225934605,0.0,nan
86,60,0.008699594587071851,0.0,nan
86,61,0.0038657607460818528,0.0,nan
86,62,0.007657502157026235,0.0625,nan
86,63,0.00771703245962568,0.0,nan
86,64,0.0036885436560884916,0.0,nan
86,65,0.011319504929621636,0.125,nan
86,66,0.008010495176690415,0.0,nan
86,67,0.004868448682250615,0.0,nan
86,68,0.013918865481982685,0.0,nan
86,69,0.015432159520662642,0.0,nan
86,70,0.00750311226565976,0.0,nan
86,71,0.01116939444839123,0.0625,nan
86,72,0.00806335303546111,0.0,nan
86,73,0.004394602137279473,0.0,nan
86,74,0.02348686973998243,0.25,nan
86,75,0.011763607272189884,0.0,nan
86,76,0.010784465470949571,0.0625,nan
86,77,0.012514073574748784,0.0625,nan
86,78,0.020519165651032723,0.0625,nan
86,79,0.0049638004105665235,0.0,nan
86,80,0.005541756020203183,0.0,nan
86,81,0.01873794284317431,0.0625,nan
86,82,0.005439795515266054,0.0,nan
86,83,0.009881020123365575,0.0,nan
86,84,0.008415350659262669,0.0625,nan
86,85,0.009320721771335855,0.0625,nan
86,86,0.010340660845260806,0.0625,nan
86,87,0.006973429952408641,0.0,nan
86,88,0.021267590854639876,0.0625,nan
86,89,0.024061970704715385,0.0625,nan
86,90,0.01033142258492472,0.0,nan
86,91,0.007298284597711882,0.125,nan
86,92,0.007230091957540555,0.0,nan
86,93,0.01792465442630709,0.0625,nan
86,94,4.826124504075954,1.0,nan
86,95,0.010950647098566392,0.0625,nan
86,96,0.005343984673039045,0.0625,nan
86,97,0.014996586219994902,0.0625,nan
86,98,0.014662116386765105,0.0,nan
86,99,0.01271544462717963,0.125,nan
87,0,0.004122395293261829,0.0,nan
87,1,0.017714718982830467,0.0625,nan
87,2,0.007478803311796917,0.0625,nan
87,3,1.242505971227617,1.0,nan
87,4,0.012281367055705598,0.125,nan
87,5,0.022351439585559497,0.0625,nan
87,6,0.0025279160970764786,0.0,nan
87,7,0.007423881572317097,0.0625,nan
87,8,5.362741225704541,1.0,nan
87,9,0.011206409279390366,0.0,nan
87,10,0.007932439003643914,0.0,nan
87,11,0.015793679659681058,0.0,nan
87,12,0.032830985138425625,0.125,nan
87,13,0.009578629952033221,0.0,nan
87,14,0.008914386387729303,0.0,nan
87,15,0.0032440146784556596,0.0,nan
87,16,0.023330951240361306,0.0625,nan
87,17,0.009426326847545904,0.0,nan
87,18,0.016561503245110736,0.0625,nan
87,19,0.017398971739544383,0.125,nan
87,20,0.007731225189805334,0.0,nan
87,21,0.01100915160453815,0.0625,nan
87,22,0.00743489797457973,0.0,nan
87,23,0.030493197006417894,0.0625,nan
87,24,0.009873514622520329,0.0625,nan
87,25,0.006126407515531545,0.0,nan
87,26,1.1355101262127651,1.0,nan
87,27,0.0069393607039631554,0.0625,nan
87,28,0.004664301891144872,0.0625,nan
87,29,0.011743781787092695,0.0,nan
87,30,0.024689975199523116,0.0625,nan
87,31,0.008400858989811164,0.0,nan
87,32,0.009794650481212176,0.0,nan
87,33,0.009895345695143104,0.0,nan
87,34,0.012112744924497959,0.0,nan
87,35,0.009350913026336581,0.0625,nan
87,36,3.239271208872942,0.9375,nan
87,37,0.009636997428983735,0.0,nan
87,38,0.011980188519276323,0.0625,nan
87,39,0.006301715461781177,0.0,nan
87,40,0.004669039514338917,0.0,nan
87,41,0.0052923903590287105,0.0,nan
87,42,0.01802312026343264,0.0,nan
87,43,0.0254334048455161,0.0,nan
87,44,0.007764728379066478,0.0,nan
87,45,0.01797451467523463,0.0,nan
87,46,0.01962042667769489,0.0,nan
87,47,0.009770136851512836,0.0,nan
87,48,0.035001193804587105,0.25,nan
87,49,0.010337920405253156,0.0,nan
87,50,0.007553414635328194,0.0,nan
87,51,0.007351725397855428,0.0,nan
87,52,0.004841148026316772,0.0,nan
87,53,0.016390965716566265,0.0,nan
87,54,0.011654777803189667,0.0,nan
87,55,0.007462550085569173,0.0,nan
87,56,0.0062043293641223934,0.125,nan
87,57,0.005622532132719995,0.0,nan
87,58,0.027300098356863728,0.0625,nan
87,59,0.008947352329625834,0.0,nan
87,60,0.018505564275372057,0.0,nan
87,61,0.0047129210673542135,0.125,nan
87,62,0.008799295590163993,0.0,nan
87,63,0.009198887988818991,0.0,nan
87,64,0.012845836866515158,0.0625,nan
87,65,0.015578270556476228,0.125,nan
87,66,0.00871066532631773,0.0,nan
87,67,0.009178895208282195,0.0625,nan
87,68,0.014636758447248908,0.0,nan
87,69,0.013597736562986093,0.0,nan
87,70,0.012683981534418466,0.0,nan
87,71,0.01115402961492511,0.0,nan
87,72,0.007729081364156938,0.0,nan
87,73,0.008637006021285804,0.0,nan
87,74,0.027260155108915836,0.1875,nan
87,75,0.011569030374811535,0.0625,nan
87,76,0.015394108765020762,0.0,nan
87,77,0.013353516757465426,0.0625,nan
87,78,0.0780649308903984,0.1875,nan
87,79,0.004470707351783222,0.0,nan
87,80,0.0046559458709997436,0.0,nan
87,81,0.009375056503917505,0.0,nan
87,82,0.005751131905778516,0.0625,nan
87,83,0.01300203068688173,0.0,nan
87,84,0.021910119335195582,0.0625,nan
87,85,0.0678556109329257,0.1875,nan
87,86,0.032558414491324315,0.3125,nan
87,87,0.007444239897542112,0.1875,nan
87,88,0.009366850159017392,0.0625,nan
87,89,0.011558912241225659,0.0625,nan
87,90,0.010431992665775273,0.0,nan
87,91,0.04179422041653309,0.125,nan
87,92,0.0062154120976707725,0.0,nan
87,93,0.012935511017117072,0.0625,nan
87,94,5.5887101572869256,1.0,nan
87,95,0.005973588217992773,0.0,nan
87,96,0.01252452027931162,0.125,nan
87,97,0.025011368772134078,0.0,nan
87,98,0.0097152575620703,0.0,nan
87,99,0.01546288343875879,0.125,nan
88,0,0.008920268849555896,0.0625,nan
88,1,0.014469869772908251,0.1875,nan
88,2,0.017075796222635567,0.0625,nan
88,3,0.9820644415986732,0.75,nan
88,4,0.019389535389832197,0.125,nan
88,5,0.012193455451413485,0.0,nan
88,6,0.012694721721743688,0.125,nan
88,7,0.010905336357824584,0.125,nan
88,8,6.898500659789328,1.0,nan
88,9,0.016623556108005415,0.1875,nan
88,10,0.009450918949418357,0.1875,nan
88,11,0.0058754537282270265,0.125,nan
88,12,0.05201573114999549,0.1875,nan
88,13,0.017462138433748647,0.0,nan
88,14,0.011733379948743112,0.0,nan
88,15,0.006829639201215102,0.0,nan
88,16,0.051956124924600264,0.3125,nan
88,17,0.012800052247640047,0.0625,nan
88,18,0.012776561465245537,0.125,nan
88,19,0.016564587256288475,0.125,nan
88,20,0.020591023095214232,0.1875,nan
88,21,0.01981577729034411,0.0,nan
88,22,0.013784399668898193,0.0625,nan
88,23,0.015326990363260882,0.0,nan
88,24,0.007065762941180597,0.0625,nan
88,25,0.010150054714055086,0.0625,nan
88,26,1.2211723830836845,0.9375,nan
88,27,0.013558193017273503,0.0625,nan
88,28,0.012121708163731058,0.0625,nan
88,29,0.02142897408742016,0.25,nan
88,30,0.03672666736637747,0.125,nan
88,31,0.014643502749062667,0.0625,nan
88,32,0.014776091651269615,0.0,nan
88,33,0.018715614229560116,0.1875,nan
88,34,0.01168473275694977,0.125,nan
88,35,0.010394498874815096,0.125,nan
88,36,6.50003128329416,1.0,nan
88,37,0.005703688984775752,0.0,nan
88,38,0.021254707590419322,0.0625,nan
88,39,0.012516345179113434,0.0625,nan
88,40,0.009794307432936394,0.0625,nan
88,41,0.03766600504337991,0.0,nan
88,42,0.022284789374273452,0.125,nan
88,43,0.041254651112106425,0.375,nan
88,44,0.03082518853915221,0.25,nan
88,45,0.016824439632383136,0.0625,nan
88,46,0.027537155186215523,0.125,nan
88,47,0.01131661820418927,0.0625,nan
88,48,0.016902738428303775,0.0,nan
88,49,0.012091536851135688,0.125,nan
88,50,0.00571985165024958,0.0,nan
88,51,0.00454239928399732,0.0,nan
88,52,0.01640438142635117,0.0625,nan
88,53,0.03723398630266689,0.25,nan
88,54,0.044932889131178634,0.0625,nan
88,55,0.015839872864330234,0.0625,nan
88,56,0.01799723908259808,0.0625,nan
88,57,0.005079950182109626,0.0,nan
88,58,0.00960331003278643,0.0625,nan
88,59,0.03113274377195624,0.0625,nan
88,60,0.009141288102223099,0.0625,nan
88,61,0.015323660379699757,0.125,nan
88,62,0.012747681091948794,0.0625,nan
88,63,0.007597564862133577,0.0,nan
88,64,0.00258811200332387,0.0,nan
88,65,0.03635971642286015,0.125,nan
88,66,0.02074407958568703,0.0625,nan
88,67,0.009928559028356198,0.25,nan
88,68,0.013352941199959587,0.0625,nan
88,69,0.03421060268473111,0.125,nan
88,70,0.01915018096810904,0.125,nan
88,71,0.003943701504067025,0.0625,nan
88,72,0.012285191649978525,0.0,nan
88,73,0.006076023968023248,0.0625,nan
88,74,0.04294495026040053,0.25,nan
88,75,0.015036909098846477,0.0625,nan
88,76,0.019386985792785326,0.125,nan
88,77,0.034022082990445034,0.0625,nan
88,78,0.10113081003661371,0.25,nan
88,79,0.016109048566081294,0.125,nan
88,80,0.02155747699211599,0.0,nan
88,81,0.040250159332290356,0.375,nan
88,82,0.008236010988471466,0.0625,nan
88,83,0.024311137743960237,0.125,nan
88,84,0.043118672051560385,0.3125,nan
88,85,0.05718297516583575,0.3125,nan
88,86,0.005722471316006798,0.125,nan
88,87,0.01681732956107062,0.0625,nan
88,88,0.015311194454086418,0.125,nan
88,89,0.01880308259473589,0.125,nan
88,90,0.019688100742801,0.0625,nan
88,91,0.017352922700021724,0.0625,nan
88,92,0.018451981516011087,0.0625,nan
88,93,0.023649790830037612,0.0,nan
88,94,5.654939053582826,1.0,nan
88,95,0.005878422149335377,0.0625,nan
88,96,0.015230338193568149,0.0625,nan
88,97,0.016354460498306626,0.0,nan
88,98,0.02304375922892215,0.1875,nan
88,99,0.026838059812667597,0.1875,nan
89,0,0.007980881418889883,0.0,nan
89,1,0.010540654476222135,0.0625,nan
89,2,0.01212861365760506,0.0,nan
89,3,1.838401509470509,1.0,nan
89,4,0.016299937039678646,0.0,nan
89,5,0.021562199011020564,0.125,nan
89,6,0.00930782357744308,0.125,nan
89,7,0.05596571966527281,0.25,nan
89,8,6.729251112036227,0.875,nan
89,9,0.012790023622846659,0.0,nan
89,10,0.010971725273382818,0.0,nan
89,11,0.015270532782062845,0.0,nan
89,12,0.03553697178549429,0.1875,nan
89,13,0.00862486056228989,0.0,nan
89,14,0.004697373650655694,0.0,nan
89,15,0.008519462747355001,0.0625,nan
89,16,0.0167716463426873,0.0625,nan
89,17,0.015850515784700505,0.125,nan
89,18,0.009953989428377424,0.0625,nan
89,19,0.012545799429324198,0.0625,nan
89,20,0.01339382682380472,0.0625,nan
89,21,0.010158563395582567,0.0,nan
89,22,0.013374256460890969,0.0,nan
89,23,0.014673507576712205,0.0625,nan
89,24,0.005968178173871327,0.0,nan
89,25,0.027052031946400778,0.0625,nan
89,26,1.3189521300063745,1.0,nan
89,27,0.01066116752995628,0.0625,nan
89,28,0.004054526502157561,0.0,nan
89,29,0.019138616371982796,0.0625,nan
89,30,0.028743499712058564,0.0625,nan
89,31,0.006364857069362734,0.0,nan
89,32,0.017175654927197352,0.0625,nan
89,33,0.01068120414072267,0.0625,nan
89,34,0.020039022321429914,0.0625,nan
89,35,0.01343326846383878,0.0625,nan
89,36,11.933859067931472,1.0,nan
89,37,0.008342162496988739,0.0,nan
89,38,0.028280703606286484,0.125,nan
89,39,0.00810339429671931,0.0,nan
89,40,0.0022008371460452104,0.0,nan
89,41,0.012590405375812672,0.0625,nan
89,42,0.012160398221356939,0.125,nan
89,43,0.016167357012879198,0.125,nan
89,44,0.023678792733621203,0.125,nan
89,45,0.010692006746165411,0.0,nan
89,46,0.015350449340813279,0.0,nan
89,47,0.00953909057705474,0.0,nan
89,48,0.04563957120093676,0.0,nan
89,49,0.005184936128763182,0.0,nan
89,50,0.00971303610262839,0.0625,nan
89,51,0.020326767200028815,0.0625,nan
89,52,0.01673890374779562,0.0,nan
89,53,0.02738156137191509,0.125,nan
89,54,0.006346713634040752,0.125,nan
89,55,0.011249114349000526,0.0625,nan
89,56,0.015355960202066248,0.0625,nan
89,57,0.005941933998903071,0.0,nan
89,58,0.00792102099567171,0.125,nan
89,59,0.011505854254143234,0.0625,nan
89,60,0.019201612977864168,0.0,nan
89,61,0.006945331832731466,0.0,nan
89,62,0.014110178290876334,0.0,nan
89,63,0.008470019739214431,0.0,nan
89,64,0.008698144827856441,0.0625,nan
89,65,0.016310526719641304,0.0,nan
89,66,0.018488004800393178,0.0,nan
89,67,0.009367092934185844,0.0625,nan
89,68,0.012278805759742006,0.0625,nan
89,69,0.017110477917790197,0.0625,nan
89,70,0.02245288994713001,0.0625,nan
89,71,0.00791305322025251,0.0,nan
89,72,0.009921308003913009,0.125,nan
89,73,0.00637557723824385,0.125,nan
89,74,0.1624468705087952,0.5625,nan
89,75,0.019875570578710436,0.0625,nan
89,76,0.014647575291455347,0.0,nan
89,77,0.007862337505723748,0.0625,nan
89,78,0.024712684637107483,0.125,nan
89,79,0.012213554190988778,0.0625,nan
89,80,0.00984794138029987,0.125,nan
89,81,0.012803432762982462,0.0625,nan
89,82,0.013619466968303021,0.0,nan
89,83,0.010273705732905591,0.0625,nan
89,84,0.012220771025293675,0.0625,nan
89,85,0.009049221788850464,0.0625,nan
89,86,0.016053115927332027,0.1875,nan
89,87,0.02365633534823236,0.0,nan
89,88,0.13329258764683877,0.5,nan
89,89,0.017215680624444802,0.1875,nan
89,90,0.007684393100526632,0.0,nan
89,91,0.014960405322979113,0.125,nan
89,92,0.013658822051950226,0.0625,nan
89,93,0.01988690459746539,0.0,nan
89,94,6.312965018099006,1.0,nan
89,95,0.011273907999329667,0.0625,nan
89,96,0.017524564365071712,0.0625,nan
89,97,0.009442406146392994,0.0,nan
89,98,0.008517491866089928,0.0625,nan
89,99,0.016639665088701086,0.0625,nan
90,0,0.007132375757292543,0.0625,nan
90,1,0.014882242109250142,0.0625,nan
90,2,0.006109478271961512,0.0,nan
90,3,1.2320455367555854,0.8125,nan
90,4,0.02065029211051686,0.0,nan
90,5,0.016048876167655116,0.0625,nan
90,6,0.008969552377463538,0.0,nan
90,7,0.014374512743421705,0.1875,nan
90,8,7.067950201164628,1.0,nan
90,9,0.009531740873085653,0.0,nan
90,10,0.004831652456582577,0.0,nan
90,11,0.005919527993004202,0.125,nan
90,12,0.007244109738740252,0.0,nan
90,13,0.0077451415925297185,0.0,nan
90,14,0.016780031346468823,0.125,nan
90,15,0.011329839324996226,0.0625,nan
90,16,0.023246992468613926,0.0,nan
90,17,0.011085082998291085,0.0,nan
90,18,0.0147696896520675,0.0,nan
90,19,0.022679088776846525,0.1875,nan
90,20,0.011022950946647663,0.125,nan
90,21,0.011934180094899285,0.125,nan
90,22,0.006667111005446839,0.0,nan
90,23,0.0071562217764956585,0.125,nan
90,24,0.008731415891153772,0.0,nan
90,25,0.011556287448088948,0.0625,nan
90,26,0.9396417875820281,0.8125,nan
90,27,0.013257225908898003,0.125,nan
90,28,0.011082182085300499,0.0,nan
90,29,0.014886759302288308,0.0625,nan
90,30,0.023589953533883636,0.125,nan
90,31,0.0104385572761773,0.0,nan
90,32,0.007634109123002044,0.0,nan
90,33,0.0032682890438574174,0.0,nan
90,34,0.012839342545472686,0.125,nan
90,35,0.007516831777185375,0.0,nan
90,36,2.5449085993922984,1.0,nan
90,37,0.018964818531450434,0.0,nan
90,38,0.012322786910935354,0.0625,nan
90,39,0.007837435436557181,0.0,nan
90,40,0.00764015968947953,0.0,nan
90,41,0.006010397255060767,0.125,nan
90,42,0.01866596127726825,0.0625,nan
90,43,0.007850661330464082,0.0625,nan
90,44,0.021448390930943723,0.25,nan
90,45,0.008742907958410168,0.0,nan
90,46,0.0072831591967618785,0.0,nan
90,47,0.01229561079984369,0.0,nan
90,48,0.059002933627241655,0.25,nan
90,49,0.008377430410338227,0.125,nan
90,50,0.007252670140986427,0.0,nan
90,51,0.007461562614773144,0.0,nan
90,52,0.014969072420030587,0.0,nan
90,53,0.025264628751413665,0.1875,nan
90,54,0.010067229366627118,0.0,nan
90,55,0.009630713489008527,0.0,nan
90,56,0.01072049225739655,0.0,nan
90,57,0.009114258552857,0.0,nan
90,58,0.016713436124030645,0.0625,nan
90,59,0.016883859007061207,0.0,nan
90,60,0.012107096522138129,0.0,nan
90,61,0.023794920533215178,0.0,nan
90,62,0.007617378693959312,0.0,nan
90,63,0.01259864418289361,0.0,nan
90,64,0.008527105552629038,0.0,nan
90,65,0.0129279876655081,0.0,nan
90,66,0.007110731795435752,0.0,nan
90,67,0.01146323344668243,0.0,nan
90,68,0.009612275090348461,0.0625,nan
90,69,0.0306382377517653,0.0625,nan
90,70,0.007248309165785511,0.125,nan
90,71,0.006162949391264277,0.0,nan
90,72,0.02356948737178155,0.0625,nan
90,73,0.01278519343475317,0.0,nan
90,74,0.018108785540432396,0.1875,nan
90,75,0.014508535096993028,0.0,nan
90,76,0.025253710533371897,0.0625,nan
90,77,0.022764045306274548,0.0,nan
90,78,0.02763169031617859,0.0625,nan
90,79,0.0044198184714177215,0.0,nan
90,80,0.021006062840330367,0.0,nan
90,81,0.023723950619543445,0.125,nan
90,82,0.011436537316355327,0.0,nan
90,83,0.007228621865196521,0.0,nan
90,84,0.016868536327546414,0.0,nan
90,85,0.04448578432419012,0.1875,nan
90,86,0.019001657287851054,0.125,nan
90,87,0.008654972823587664,0.125,nan
90,88,0.019924213296624305,0.0625,nan
90,89,0.017935862696518007,0.3125,nan
90,90,0.008999410729897937,0.0,nan
90,91,0.021900259360337213,0.3125,nan
90,92,0.003692311987969981,0.0,nan
90,93,0.014050727588790548,0.0,nan
90,94,4.837217469818398,1.0,nan
90,95,0.010190891852592263,0.0,nan
90,96,0.013815916560731913,0.0625,nan
90,97,0.006992360511414535,0.0625,nan
90,98,0.005090154809266521,0.0,nan
90,99,0.03305884773973793,0.375,nan
91,0,0.014772424416655997,0.0625,nan
91,1,0.007071096875566508,0.0,nan
91,2,0.015419708970005556,0.0,nan
91,3,1.3703919329447518,1.0,nan
91,4,0.013495604581469992,0.0625,nan
91,5,0.015594141079962334,0.0,nan
91,6,0.015543323117328232,0.0,nan
91,7,0.023682772474775102,0.1875,nan
91,8,8.582944940731885,0.9375,nan
91,9,0.017591231733967785,0.0,nan
91,10,0.011182727787292377,0.0625,nan
91,11,0.00822311608054524,0.0,nan
91,12,0.021984846421858578,0.0625,nan
91,13,0.004154647143649635,0.0,nan
91,14,0.014167876752597256,0.0,nan
91,15,0.00945154663604208,0.0,nan
91,16,0.036600702615586005,0.1875,nan
91,17,0.014556826403478888,0.0,nan
91,18,0.008231810432314874,0.0625,nan
91,19,0.012450870565155998,0.0625,nan
91,20,0.010022867780791579,0.0,nan
91,21,0.020017181377887154,0.0625,nan
91,22,0.005159021085614809,0.0,nan
91,23,0.005925095953876166,0.125,nan
91,24,0.018270526710171858,0.0,nan
91,25,0.012297415845314954,0.0,nan
91,26,1.3309814098994766,0.875,nan
91,27,0.022837234658040287,0.1875,nan
91,28,0.013869396497377236,0.0,nan
91,29,0.014926206935888893,0.0625,nan
91,30,0.03364059389516352,0.125,nan
91,31,0.0070288040653135615,0.0,nan
91,32,0.008099751059251308,0.0,nan
91,33,0.005699207521234399,0.0625,nan
91,34,0.007438939698257286,0.0625,nan
91,35,0.009685291509345167,0.125,nan
91,36,3.715841276373804,1.0,nan
91,37,0.006771639219338602,0.0,nan
91,38,0.010319016202306623,0.0,nan
91,39,0.0049244121658059215,0.0,nan
91,40,0.011992238267504268,0.0,nan
91,41,0.016764043755923892,0.0,nan
91,42,0.010961854516824188,0.0,nan
91,43,0.013578536516798063,0.0,nan
91,44,0.027135231687688607,0.125,nan
91,45,0.014673808764674005,0.0,nan
91,46,0.010557258455548463,0.0,nan
91,47,0.010778137032378541,0.125,nan
91,48,0.039669962308590614,0.1875,nan
91,49,0.005426168721056604,0.0,nan
91,50,0.005936711743952837,0.0,nan
91,51,0.022901707322212514,0.125,nan
91,52,0.011670295780714796,0.0625,nan
91,53,0.024277501279955666,0.0625,nan
91,54,0.012211146638323176,0.0,nan
91,55,0.011696931648608322,0.0625,nan
91,56,0.006161680157001054,0.0625,nan
91,57,0.010446897751427035,0.0625,nan
91,58,0.02269012152487715,0.0625,nan
91,59,0.0083774354167491,0.0,nan
91,60,0.00949306960540729,0.0,nan
91,61,0.009360480860149976,0.0,nan
91,62,0.009736271251571643,0.125,nan
91,63,0.005039357336376737,0.0,nan
91,64,0.009253358424199987,0.0,nan
91,65,0.010201816498260075,0.125,nan
91,66,0.008917550709816632,0.0,nan
91,67,0.008979497146182186,0.0625,nan
91,68,0.007611107226757996,0.0,nan
91,69,0.008244498880158053,0.0,nan
91,70,0.009871792321651696,0.0,nan
91,71,0.013886145915235668,0.0,nan
91,72,0.0117551529769707,0.0,nan
91,73,0.004542108495006319,0.0625,nan
91,74,0.026000734673017674,0.125,nan
91,75,0.007890135655405604,0.0625,nan
91,76,0.01011638883499838,0.0625,nan
91,77,0.014928906648485292,0.0625,nan
91,78,0.04733044706131827,0.25,nan
91,79,0.010351981873997893,0.0,nan
91,80,0.004748841756465643,0.0,nan
91,81,0.01288442383039359,0.1875,nan
91,82,0.016816699817242944,0.0,nan
91,83,0.004926089753886323,0.0,nan
91,84,0.048895093743816835,0.25,nan
91,85,0.03329054046104385,0.125,nan
91,86,0.009839490971093424,0.0,nan
91,87,0.01434244565634224,0.125,nan
91,88,0.009389559114983449,0.0625,nan
91,89,0.016513738200746933,0.0625,nan
91,90,0.008393636972867689,0.0,nan
91,91,0.024498597734831734,0.4375,nan
91,92,0.006432109730508424,0.0,nan
91,93,0.009209663051520607,0.0625,nan
91,94,5.11069203539277,1.0,nan
91,95,0.006859743737891126,0.0,nan
91,96,0.0048011337967364485,0.0625,nan
91,97,0.011109313354852459,0.0,nan
91,98,0.012839652876754301,0.0625,nan
91,99,0.013207875815369363,0.0625,nan
92,0,0.007060090961704373,0.0625,nan
92,1,0.017874782045734755,0.125,nan
92,2,0.007553610140844404,0.0,nan
92,3,0.7683356475571317,0.9375,nan
92,4,0.013798134831847827,0.0625,nan
92,5,0.012210337108541695,0.0,nan
92,6,0.009326541939380466,0.0,nan
92,7,0.012287099179605921,0.0625,nan
92,8,6.27836795442329,1.0,nan
92,9,0.00937772317848899,0.0,nan
92,10,0.008036481019049607,0.0,nan
92,11,0.012247551796832285,0.0625,nan
92,12,0.02394966996198411,0.1875,nan
92,13,0.006811719248462581,0.0,nan
92,14,0.011224605971417861,0.0,nan
92,15,0.01057347423240724,0.0625,nan
92,16,0.010500091629753083,0.0625,nan
92,17,0.018829776648381525,0.125,nan
92,18,0.010714429993161762,0.0625,nan
92,19,0.003973870104179713,0.0625,nan
92,20,0.007229699878354586,0.0,nan
92,21,0.016294919930993437,0.1875,nan
92,22,0.015299478582108544,0.0,nan
92,23,0.026489697059139228,0.125,nan
92,24,0.017992987402679635,0.0625,nan
92,25,0.007248164089785897,0.125,nan
92,26,0.9940710919913611,0.9375,nan
92,27,0.021414580535600296,0.125,nan
92,28,0.008071677626270531,0.0625,nan
92,29,0.016090698983958183,0.0,nan
92,30,0.018395179080338605,0.0,nan
92,31,0.009224763320310608,0.0,nan
92,32,0.008557599571764617,0.0625,nan
92,33,0.010774593799380058,0.0,nan
92,34,0.01581790666886692,0.125,nan
92,35,0.008950268880204818,0.0,nan
92,36,4.9246873321069256,1.0,nan
92,37,0.015399899945695232,0.125,nan
92,38,0.022886419504300107,0.0625,nan
92,39,0.006671139666349497,0.0625,nan
92,40,0.013813153143866079,0.0625,nan
92,41,0.0058372634987749784,0.0,nan
92,42,0.004915308955904979,0.0,nan
92,43,0.014126456302978868,0.0625,nan
92,44,0.017207854756375207,0.1875,nan
92,45,0.012562968563446082,0.0,nan
92,46,0.010618806783202126,0.0,nan
92,47,0.015335328006003558,0.0,nan
92,48,0.07443750479002977,0.375,nan
92,49,0.007387635951319846,0.0,nan
92,50,0.006767967961909874,0.0,nan
92,51,0.005174788348899193,0.0625,nan
92,52,0.00643229765023907,0.0,nan
92,53,0.0036701910445140094,0.0,nan
92,54,0.004657885623119876,0.0,nan
92,55,0.0051518351632469945,0.0,nan
92,56,0.007597805539977244,0.0625,nan
92,57,0.011471131457134968,0.0,nan
92,58,0.0125455119578332,0.0,nan
92,59,0.011330465270352648,0.0,nan
92,60,0.005817910402318658,0.0,nan
92,61,0.005543602860217971,0.0,nan
92,62,0.008980157283487264,0.0625,nan
92,63,0.0068771195743623425,0.0,nan
92,64,0.006616611509092162,0.0,nan
92,65,0.008794412018507851,0.0,nan
92,66,0.008775663358922065,0.0625,nan
92,67,0.010850902320934691,0.0,nan
92,68,0.009712609536628641,0.0,nan
92,69,0.012781649538863033,0.0625,nan
92,70,0.013926255380590285,0.0625,nan
92,71,0.006477128771598881,0.0,nan
92,72,0.008588569915895827,0.0625,nan
92,73,0.011232727024940109,0.1875,nan
92,74,0.0400778189656847,0.25,nan
92,75,0.010558678885698006,0.0,nan
92,76,0.009549982569338887,0.0,nan
92,77,0.017644117373547118,0.0,nan
92,78,0.03942252060719219,0.125,nan
92,79,0.005839588454116959,0.0,nan
92,80,0.01093443243616499,0.0,nan
92,81,0.026776936956412728,0.125,nan
92,82,0.008433800468518292,0.0,nan
92,83,0.006468177767163517,0.0,nan
92,84,0.014931187220499319,0.0,nan
92,85,0.0313176179247034,0.1875,nan
92,86,0.024915131795569548,0.125,nan
92,87,0.006837091132696881,0.0,nan
92,88,0.028730266305881394,0.0625,nan
92,89,0.017545318588883113,0.0,nan
92,90,0.008868958229007826,0.0,nan
92,91,0.026935365591912577,0.3125,nan
92,92,0.006591037012581943,0.0625,nan
92,93,0.007405742628492968,0.0,nan
92,94,4.225317562146831,1.0,nan
92,95,0.013581165171187359,0.0,nan
92,96,0.014069664572256578,0.0,nan
92,97,0.009889298803288631,0.0625,nan
92,98,0.016208705359843492,0.125,nan
92,99,0.01735710926510034,0.0625,nan
93,0,0.04052586241252876,0.125,nan
93,1,0.02806578412884378,0.1875,nan
93,2,0.019845718815382947,0.0,nan
93,3,1.3972232694665172,0.9375,nan
93,4,0.01226766923570356,0.0625,nan
93,5,0.019062125215461793,0.125,nan
93,6,0.007522639479128882,0.0,nan
93,7,0.009655921858379843,0.0625,nan
93,8,8.338536792553946,1.0,nan
93,9,0.006490038358742456,0.0,nan
93,10,0.01078371823444678,0.125,nan
93,11,0.01204679124921663,0.0,nan
93,12,0.01918377806466224,0.1875,nan
93,13,0.012950460653782494,0.0,nan
93,14,0.020993661921968033,0.0,nan
93,15,0.0043055182601177185,0.0,nan
93,16,0.028088239847875868,0.0,nan
93,17,0.01839660977753487,0.0625,nan
93,18,0.0074388446155540175,0.0,nan
93,19,0.020521679912135028,0.0,nan
93,20,0.016546887049876884,0.125,nan
93,21,0.005649957836488136,0.0,nan
93,22,0.016018829023935942,0.0,nan
93,23,0.013036468004178963,0.125,nan
93,24,0.0068433688591308175,0.0625,nan
93,25,0.010001467731589529,0.0,nan
93,26,0.8257844395967651,0.75,nan
93,27,0.020236087687683767,0.0625,nan
93,28,0.01284338686589825,0.0,nan
93,29,0.017243255165050403,0.0,nan
93,30,0.027765636630202612,0.25,nan
93,31,0.011581097924957666,0.0,nan
93,32,0.008788613293568916,0.125,nan
93,33,0.003408229192193392,0.0,nan
93,34,0.014102967569833046,0.0,nan
93,35,0.006906437556539219,0.0625,nan
93,36,4.688732752967894,1.0,nan
93,37,0.01880757154615436,0.0,nan
93,38,0.014609748122048011,0.0625,nan
93,39,0.007555572547327614,0.0,nan
93,40,0.006342752247935161,0.0,nan
93,41,0.008226699832721299,0.0,nan
93,42,0.0128386829338582,0.0,nan
93,43,0.026682077085080805,0.0625,nan
93,44,0.024039916102370218,0.125,nan
93,45,0.008642163983527983,0.0,nan
93,46,0.012061678225131371,0.0,nan
93,47,0.015615794987162545,0.0,nan
93,48,0.03146358885662678,0.3125,nan
93,49,0.010067610905161145,0.0,nan
93,50,0.007113136076725007,0.0625,nan
93,51,0.006293502926050047,0.0625,nan
93,52,0.011967170339842233,0.0,nan
93,53,0.0710861742865894,0.125,nan
93,54,0.012935051069497053,0.0,nan
93,55,0.012491010232839706,0.0,nan
93,56,0.010915004150697814,0.0,nan
93,57,0.02063483707578733,0.0625,nan
93,58,0.013797330523514905,0.0,nan
93,59,0.02671802768188416,0.125,nan
93,60,0.010023087430601138,0.0625,nan
93,61,0.010458947869890404,0.0625,nan
93,62,0.007797144836052575,0.0625,nan
93,63,0.005639503292869141,0.0,nan
93,64,0.01122593855635327,0.0,nan
93,65,0.018800576939250097,0.0,nan
93,66,0.010204677644278865,0.0,nan
93,67,0.005042979205123206,0.0,nan
93,68,0.00806853398225341,0.0,nan
93,69,0.027588059878792502,0.0,nan
93,70,0.017786616213916098,0.0625,nan
93,71,0.01029756144788601,0.0625,nan
93,72,0.018893393351114146,0.0625,nan
93,73,0.012354607051321008,0.0625,nan
93,74,0.04925458121923321,0.1875,nan
93,75,0.013859505347347645,0.0,nan
93,76,0.030311368017003903,0.125,nan
93,77,0.018028146546045336,0.0625,nan
93,78,0.016796567016736846,0.125,nan
93,79,0.0074560200219251725,0.0,nan
93,80,0.01579043472144708,0.0625,nan
93,81,0.0067258230881670315,0.0625,nan
93,82,0.014332527817333036,0.0,nan
93,83,0.011068598516527589,0.0,nan
93,84,0.009980497454797826,0.0625,nan
93,85,0.026365722320591506,0.125,nan
93,86,0.05919560500697983,0.3125,nan
93,87,0.0072855564328913455,0.0,nan
93,88,0.03225458140224688,0.25,nan
93,89,0.03390703808755394,0.1875,nan
93,90,0.009340351487464,0.0,nan
93,91,0.23332882921221876,0.5,nan
93,92,0.005767998355007126,0.0,nan
93,93,0.013987229677526724,0.0625,nan
93,94,8.730848675828408,1.0,nan
93,95,0.011343083722310398,0.0,nan
93,96,0.00715801426071654,0.0,nan
93,97,0.014873737422067147,0.1875,nan
93,98,0.009146819333179405,0.0625,nan
93,99,0.02266370188934179,0.0625,nan
94,0,0.015028359420211433,0.0,nan
94,1,0.011737390938918232,0.125,nan
94,2,0.012972468806563227,0.125,nan
94,3,1.056082134854322,0.9375,nan
94,4,0.009108565006100274,0.0,nan
94,5,0.017655805115654323,0.0,nan
94,6,0.009994109114198521,0.0625,nan
94,7,0.015621549204352884,0.0625,nan
94,8,9.631881210915175,1.0,nan
94,9,0.013976637670008906,0.125,nan
94,10,0.00562577756858911,0.0625,nan
94,11,0.013802563296210185,0.125,nan
94,12,0.0289430498214147,0.125,nan
94,13,0.0083154909856251,0.0,nan
94,14,0.012483899873732496,0.0,nan
94,15,0.008433755168548772,0.0625,nan
94,16,0.013946853512370141,0.0,nan
94,17,0.013638803525653116,0.0625,nan
94,18,0.010033287769438867,0.0625,nan
94,19,0.017395803625484985,0.0625,nan
94,20,0.012807333579639542,0.0625,nan
94,21,0.027389515967247386,0.0625,nan
94,22,0.0025341541839071207,0.0,nan
94,23,0.02831387122220761,0.1875,nan
94,24,0.010747440541553858,0.0,nan
94,25,0.007341836371511927,0.0625,nan
94,26,1.5917608746040317,0.875,nan
94,27,0.009057471036458625,0.0,nan
94,28,0.007804777024004634,0.125,nan
94,29,0.01759148272210672,0.0625,nan
94,30,0.006722464325852658,0.125,nan
94,31,0.012417902496547659,0.0625,nan
94,32,0.00513533905102613,0.0625,nan
94,33,0.008566036669231586,0.0,nan
94,34,0.015542463338956022,0.0625,nan
94,35,0.008432731441790449,0.0,nan
94,36,2.594363712198674,1.0,nan
94,37,0.008479620023382112,0.0,nan
94,38,0.012316100339117753,0.0625,nan
94,39,0.0076751442120568236,0.0,nan
94,40,0.01079491473209257,0.0,nan
94,41,0.009288736075260191,0.0,nan
94,42,0.010440618399390832,0.125,nan
94,43,0.005071883108719957,0.1875,nan
94,44,0.03506415457263138,0.125,nan
94,45,0.007871154541039796,0.0625,nan
94,46,0.02391468773045834,0.0,nan
94,47,0.012139882558431054,0.0,nan
94,48,0.04409337975281903,0.125,nan
94,49,0.008719207325949146,0.0625,nan
94,50,0.005919606409254514,0.0,nan
94,51,0.01346729659324802,0.0,nan
94,52,0.013638257830023075,0.0,nan
94,53,0.022390164233291543,0.0625,nan
94,54,0.013020750760041375,0.0625,nan
94,55,0.017387862970860278,0.0,nan
94,56,0.009781350450603753,0.0,nan
94,57,0.010895969112843847,0.0625,nan
94,58,0.014655586515006098,0.125,nan
94,59,0.024856777483281037,0.0625,nan
94,60,0.004523619719801713,0.0,nan
94,61,0.025877939285604862,0.0,nan
94,62,0.0022921294035733956,0.0,nan
94,63,0.006555861747360938,0.0,nan
94,64,0.011211592850404906,0.0,nan
94,65,0.027953415336691628,0.0625,nan
94,66,0.007156773540533536,0.0,nan
94,67,0.007816035408413434,0.0625,nan
94,68,0.008147806440041726,0.0,nan
94,69,0.014976174595324226,0.0625,nan
94,70,0.011089021591027072,0.0625,nan
94,71,0.01553430967100243,0.0625,nan
94,72,0.01179650003030853,0.0,nan
94,73,0.012991168971622311,0.0,nan
94,74,0.07708850638497061,0.4375,nan
94,75,0.00893615496692132,0.0625,nan
94,76,0.0162595495601274,0.125,nan
94,77,0.004371820172277235,0.1875,nan
94,78,0.03181158317454711,0.25,nan
94,79,0.010980651551222749,0.0625,nan
94,80,0.016736048947096686,0.0625,nan
94,81,0.017778229076197447,0.125,nan
94,82,0.004863143042528585,0.0,nan
94,83,0.009388823342935244,0.0,nan
94,84,0.02494046666052413,0.1875,nan
94,85,0.01211920907959603,0.125,nan
94,86,0.03743851913311377,0.25,nan
94,87,0.009384075036355825,0.125,nan
94,88,0.019538790074639566,0.125,nan
94,89,0.041572185649466256,0.0625,nan
94,90,0.00548407167113469,0.0,nan
94,91,0.49170701927250005,0.6875,nan
94,92,0.007468548117897597,0.0,nan
94,93,0.00881859349185127,0.0,nan
94,94,10.353022476291628,1.0,nan
94,95,0.0074083756929090045,0.0625,nan
94,96,0.009644043891538666,0.0,nan
94,97,0.019618098044216645,0.0625,nan
94,98,0.006251636438260872,0.0625,nan
94,99,0.01832410861646059,0.0625,nan
95,0,0.010145557487683508,0.0,nan
95,1,0.017578887873750906,0.125,nan
95,2,0.0036692412335349537,0.0,nan
95,3,0.9907023443539673,0.875,nan
95,4,0.005064596290495473,0.0,nan
95,5,0.008287576430432132,0.0,nan
95,6,0.010733021901409862,0.0625,nan
95,7,0.01021277901995237,0.125,nan
95,8,6.457045877855914,1.0,nan
95,9,0.01034700511891272,0.0,nan
95,10,0.018000121106567773,0.0625,nan
95,11,0.007483673157810145,0.0,nan
95,12,0.02773266646165092,0.0,nan
95,13,0.01057923282157594,0.0,nan
95,14,0.007954977951816267,0.0,nan
95,15,0.004151465567276922,0.0,nan
95,16,0.015397279936964825,0.0,nan
95,17,0.020016482613420473,0.0625,nan
95,18,0.006518894436256522,0.0,nan
95,19,0.012754815806450978,0.0625,nan
95,20,0.004987598284969327,0.0,nan
95,21,0.00861833779516704,0.0,nan
95,22,0.009873683130968178,0.0625,nan
95,23,0.017061615810654768,0.0,nan
95,24,0.008135045202510386,0.0,nan
95,25,0.016550659572231036,0.0,nan
95,26,1.4889504773514062,1.0,nan
95,27,0.023740437689427227,0.125,nan
95,28,0.007097358692985857,0.0,nan
95,29,0.00881391194422742,0.0,nan
95,30,0.03800935260780319,0.125,nan
95,31,0.0058832806207299825,0.0,nan
95,32,0.008254361326309773,0.0625,nan
95,33,0.010113971856703558,0.0625,nan
95,34,0.008726863472991736,0.0,nan
95,35,0.006263491347975787,0.0,nan
95,36,5.1928119519485545,1.0,nan
95,37,0.010233579369222158,0.0,nan
95,38,0.018400858665064516,0.0625,nan
95,39,0.0068419961275450365,0.0,nan
95,40,0.0060981914008421245,0.0,nan
95,41,0.012177511853763541,0.0,nan
95,42,0.01935397909289742,0.0,nan
95,43,0.009095870911276135,0.0625,nan
95,44,0.020772199891095553,0.0625,nan
95,45,0.010909380049504595,0.0,nan
95,46,0.004332250317262024,0.0,nan
95,47,0.009723657997203285,0.0,nan
95,48,0.02016474915791372,0.25,nan
95,49,0.007447457387078646,0.0625,nan
95,50,0.0043754795873524625,0.0,nan
95,51,0.004463622829175173,0.0,nan
95,52,0.014781685492375593,0.0,nan
95,53,0.006131808882784204,0.0625,nan
95,54,0.011288673523572143,0.0,nan
95,55,0.005282469186250828,0.0,nan
95,56,0.015604881167512848,0.0,nan
95,57,0.009187162560725872,0.0,nan
95,58,0.008064131745612066,0.0,nan
95,59,0.01779544243800935,0.0625,nan
95,60,0.0056918456711860105,0.0625,nan
95,61,0.0107836147763168,0.0,nan
95,62,0.009579377527567504,0.0,nan
95,63,0.005789318890030986,0.0625,nan
95,64,0.012582170397949939,0.0,nan
95,65,0.010615798117522963,0.0,nan
95,66,0.00589014514637381,0.0,nan
95,67,0.002898552243056053,0.0,nan
95,68,0.00889930396747068,0.0625,nan
95,69,0.010376113979115083,0.0,nan
95,70,0.005116839957313032,0.0,nan
95,71,0.008866620149526891,0.0,nan
95,72,0.009094574411681013,0.0,nan
95,73,0.006164592506901609,0.0,nan
95,74,0.06303768062750645,0.3125,nan
95,75,0.009082418280180434,0.0,nan
95,76,0.01655246440639657,0.125,nan
95,77,0.01813703452315049,0.125,nan
95,78,0.03867909132731248,0.125,nan
95,79,0.00794656069143844,0.0,nan
95,80,0.008572398713518182,0.0625,nan
95,81,0.015276352278443496,0.0625,nan
95,82,0.0030081485603726554,0.0,nan
95,83,0.0028029681698692015,0.0,nan
95,84,0.01784001695700088,0.1875,nan
95,85,0.017566648381040325,0.0625,nan
95,86,0.016979906256886737,0.0625,nan
95,87,0.025579633934676348,0.0625,nan
95,88,0.030587046473621322,0.125,nan
95,89,0.012604142818180397,0.0625,nan
95,90,0.007396774630993471,0.0,nan
95,91,0.016962232956506586,0.3125,nan
95,92,0.013324866756308121,0.0,nan
95,93,0.013427629838078787,0.0625,nan
95,94,3.7649104912579316,1.0,nan
95,95,0.007472569259608087,0.0,nan
95,96,0.004769240402749075,0.0,nan
95,97,0.006767054755656279,0.0,nan
95,98,0.006296863133096994,0.0625,nan
95,99,0.028329778587091195,0.0625,nan
96,0,0.006672418272987677,0.0,nan
96,1,0.007990607013617413,0.0,nan
96,2,0.0037147274062031086,0.0,nan
96,3,0.8414027275871245,0.8125,nan
96,4,0.01027655049354427,0.0625,nan
96,5,0.005109844379424498,0.0625,nan
96,6,0.00588393024215151,0.0,nan
96,7,0.008456072863247153,0.0,nan
96,8,9.78609897699754,1.0,nan
96,9,0.008497412578793433,0.0,nan
96,10,0.008334529747717059,0.0,nan
96,11,0.01010262458817339,0.0625,nan
96,12,0.010391776835329502,0.0625,nan
96,13,0.008450916293954712,0.125,nan
96,14,0.009713172347620633,0.0625,nan
96,15,0.0035073162948349146,0.0,nan
96,16,0.03347812253603425,0.125,nan
96,17,0.005333717403853917,0.0,nan
96,18,0.006615681523473254,0.0625,nan
96,19,0.008386158094525326,0.0,nan
96,20,0.004653320106172914,0.0,nan
96,21,0.011506664131548744,0.0625,nan
96,22,0.0037698313762520082,0.0,nan
96,23,0.006322579566603348,0.0,nan
96,24,0.004261456496467637,0.0625,nan
96,25,0.011045030844142404,0.0,nan
96,26,0.4700744224443868,0.625,nan
96,27,0.014814553431030941,0.0625,nan
96,28,0.005898342195697764,0.0,nan
96,29,0.009998362688676626,0.0,nan
96,30,0.016292283700766172,0.0625,nan
96,31,0.01004921131716048,0.0,nan
96,32,0.00578841383910988,0.0,nan
96,33,0.00621936079043151,0.0,nan
96,34,0.011014479457316751,0.0,nan
96,35,0.006849668835273461,0.0625,nan
96,36,4.291010865844422,1.0,nan
96,37,0.007528014411194731,0.0,nan
96,38,0.012297375780467744,0.0,nan
96,39,0.004191917127649864,0.0,nan
96,40,0.00602896730421393,0.0,nan
96,41,0.009806210510837188,0.0,nan
96,42,0.014019814208751653,0.0,nan
96,43,0.013692179131287067,0.125,nan
96,44,0.02451958147694642,0.125,nan
96,45,0.009732387761644947,0.0,nan
96,46,0.009108190166644405,0.0,nan
96,47,0.0046261726845370655,0.0,nan
96,48,0.028561307954423222,0.1875,nan
96,49,0.011300846770049836,0.0,nan
96,50,0.005377787804524362,0.0625,nan
96,51,0.002738349896947325,0.0,nan
96,52,0.021147711618270896,0.0625,nan
96,53,0.011369826165025295,0.125,nan
96,54,0.005544305306896636,0.0,nan
96,55,0.006124265585308564,0.0,nan
96,56,0.00800121562510956,0.0625,nan
96,57,0.007226566701220032,0.0,nan
96,58,0.006468071795426545,0.0,nan
96,59,0.007642556860956841,0.0,nan
96,60,0.01184009177011533,0.0,nan
96,61,0.014958202885231088,0.0,nan
96,62,0.005536556201301711,0.0625,nan
96,63,0.0025508854592759273,0.0,nan
96,64,0.004952592672761276,0.0625,nan
96,65,0.006178232032173866,0.0,nan
96,66,0.006261291793076825,0.0,nan
96,67,0.008857248358205616,0.0,nan
96,68,0.010592160773114211,0.0625,nan
96,69,0.005268105201485939,0.0,nan
96,70,0.013418864404085466,0.0,nan
96,71,0.010358641372371734,0.0625,nan
96,72,0.011817028808735832,0.125,nan
96,73,0.007117927677312236,0.0625,nan
96,74,0.021286094012282066,0.125,nan
96,75,0.009829531193142798,0.0625,nan
96,76,0.010939409417487706,0.1875,nan
96,77,0.015764976663248522,0.125,nan
96,78,0.0318538809336729,0.125,nan
96,79,0.011718864852582347,0.0,nan
96,80,0.0055976424502541915,0.125,nan
96,81,0.005428009123569713,0.0,nan
96,82,0.006020343019377764,0.0,nan
96,83,0.00726601615785938,0.0,nan
96,84,0.013017217404253642,0.0625,nan
96,85,0.04950169782429739,0.1875,nan
96,86,0.013619266978550742,0.0625,nan
96,87,0.005025236543206055,0.0,nan
96,88,0.06427945991682063,0.25,nan
96,89,0.013219027212004238,0.125,nan
96,90,0.006693835374278239,0.0,nan
96,91,0.010836541196864578,0.0625,nan
96,92,0.010423182726006078,0.0,nan
96,93,0.00225682476970482,0.0,nan
96,94,7.276919784543941,1.0,nan
96,95,0.002340870673965432,0.0625,nan
96,96,0.015157267411150963,0.0,nan
96,97,0.006810035019215425,0.0,nan
96,98,0.006677733852363501,0.0,nan
96,99,0.014549073957260607,0.125,nan
97,0,0.0060550365030348965,0.125,nan
97,1,0.02923231171364462,0.1875,nan
97,2,0.021146578318235614,0.0625,nan
97,3,1.8198808364831336,1.0,nan
97,4,0.011812816814871854,0.0,nan
97,5,0.017882577128288266,0.0625,nan
97,6,0.02082301197151732,0.0,nan
97,7,0.015112574595877743,0.0625,nan
97,8,8.084694074891384,1.0,nan
97,9,0.032078998405703676,0.125,nan
97,10,0.01814715641101996,0.0,nan
97,11,0.007797338805481284,0.0625,nan
97,12,0.023409438986558874,0.0625,nan
97,13,0.014267806535744762,0.0,nan
97,14,0.0214682381791559,0.0,nan
97,15,0.004567781073630849,0.0,nan
97,16,0.024757162247542604,0.125,nan
97,17,0.02137332622746208,0.125,nan
97,18,0.010257179342490604,0.0,nan
97,19,0.015861881141294165,0.1875,nan
97,20,0.010447647152871272,0.0,nan
97,21,0.014349475650490101,0.0,nan
97,22,0.011859931429084702,0.0625,nan
97,23,0.014371692982683261,0.0625,nan
97,24,0.024342779305985177,0.125,nan
97,25,0.028219744609775547,0.0,nan
97,26,1.2101414863561142,0.9375,nan
97,27,0.026090408575380506,0.0625,nan
97,28,0.006446415581378489,0.0,nan
97,29,0.010548808444969627,0.125,nan
97,30,0.012137035867719262,0.0,nan
97,31,0.011456817848958406,0.0,nan
97,32,0.008887781962009341,0.0,nan
97,33,0.009301036613349915,0.0625,nan
97,34,0.021330342552513808,0.0,nan
97,35,0.008055842150718542,0.0,nan
97,36,4.954396470331279,1.0,nan
97,37,0.018864937145801758,0.0625,nan
97,38,0.021481508421196924,0.1875,nan
97,39,0.01511465878755691,0.125,nan
97,40,0.010199653622033357,0.0,nan
97,41,0.008331865456830897,0.0,nan
97,42,0.0111541741018951,0.0625,nan
97,43,0.03333213995782297,0.25,nan
97,44,0.0744406692277862,0.3125,nan
97,45,0.006314757094885973,0.0,nan
97,46,0.013855878318182059,0.0625,nan
97,47,0.0067220567067556025,0.0625,nan
97,48,0.20497817001124977,0.5,nan
97,49,0.006171946529473724,0.0,nan
97,50,0.00691132073541288,0.125,nan
97,51,0.00831602532489665,0.0,nan
97,52,0.0036839734151740415,0.0,nan
97,53,0.025072685716096815,0.0625,nan
97,54,0.013580177059188661,0.0,nan
97,55,0.011656893289600949,0.0,nan
97,56,0.00878391343605725,0.0,nan
97,57,0.017776681606797046,0.0625,nan
97,58,0.016203249762605888,0.0,nan
97,59,0.010292060845590142,0.0,nan
97,60,0.015372049127019623,0.0,nan
97,61,0.011669778529134846,0.125,nan
97,62,0.008118025206488957,0.0,nan
97,63,0.00753059228634312,0.0,nan
97,64,0.00947158196928005,0.0625,nan
97,65,0.021214762736819104,0.0,nan
97,66,0.010418432668651527,0.0,nan
97,67,0.010037012634853416,0.0,nan
97,68,0.00857841325357274,0.0,nan
97,69,0.01258359271298342,0.0,nan
97,70,0.014319675240751365,0.125,nan
97,71,0.014169241998981287,0.0,nan
97,72,0.015830338602234713,0.0,nan
97,73,0.008087063870684101,0.0625,nan
97,74,0.01443570471957516,0.1875,nan
97,75,0.0163043453874411,0.125,nan
97,76,0.022962160167577416,0.0,nan
97,77,0.04205802427536988,0.25,nan
97,78,0.07149960668928629,0.375,nan
97,79,0.013778861289730836,0.0,nan
97,80,0.010778960063948684,0.125,nan
97,81,0.03383815895522387,0.0625,nan
97,82,0.020262174268189086,0.0,nan
97,83,0.004911900387502335,0.0,nan
97,84,0.015146631923664434,0.125,nan
97,85,0.03362212792703418,0.25,nan
97,86,0.06968434398517598,0.1875,nan
97,87,0.017752825889085992,0.0,nan
97,88,0.03646783541525023,0.1875,nan
97,89,0.019510174022103473,0.125,nan
97,90,0.012109170826743195,0.0,nan
97,91,1.8760190867367013,1.0,nan
97,92,0.00890390374457227,0.0,nan
97,93,0.025561557909232695,0.0625,nan
97,94,6.849000230050648,1.0,nan
97,95,0.00992600048847028,0.0,nan
97,96,0.021620272767181682,0.0625,nan
97,97,0.012835144868615497,0.0625,nan
97,98,0.007704625370276484,0.0,nan
97,99,0.026199722313162838,0.25,nan
98,0,0.0145966630886695,0.1875,nan
98,1,0.026888094082024888,0.3125,nan
98,2,0.01753363769931346,0.0625,nan
98,3,1.487174321710067,1.0,nan
98,4,0.012372370576254505,0.0,nan
98,5,0.020396085437431093,0.0625,nan
98,6,0.008284892288067761,0.0625,nan
98,7,0.030729261254659593,0.0625,nan
98,8,7.74412611005488,1.0,nan
98,9,0.014802414822117565,0.0,nan
98,10,0.007899880498101778,0.0,nan
98,11,0.02102724325562193,0.0,nan
98,12,0.027888187278154914,0.25,nan
98,13,0.011531217582225594,0.125,nan
98,14,0.008131946354126247,0.0,nan
98,15,0.0051320201440062385,0.0,nan
98,16,0.028744267122136315,0.125,nan
98,17,0.026113737469374773,0.0625,nan
98,18,0.00899265274515303,0.0625,nan
98,19,0.014469976337200085,0.0625,nan
98,20,0.018268894838995166,0.0625,nan
98,21,0.02480715496931394,0.0625,nan
98,22,0.013186754440295304,0.0,nan
98,23,0.033338862788080834,0.0,nan
98,24,0.009999763769656084,0.0,nan
98,25,0.017232263921600686,0.0,nan
98,26,1.5220727204436348,1.0,nan
98,27,0.021629698526011057,0.1875,nan
98,28,0.010691126790354454,0.0,nan
98,29,0.015232586964019567,0.0,nan
98,30,0.03182639695954376,0.125,nan
98,31,0.014893433644945431,0.0,nan
98,32,0.026442618893350804,0.0,nan
98,33,0.007087548767827459,0.0,nan
98,34,0.012668670036713726,0.0,nan
98,35,0.011376193125806977,0.0,nan
98,36,4.215934013936543,1.0,nan
98,37,0.012356338203801847,0.0625,nan
98,38,0.011548251931238759,0.0625,nan
98,39,0.015423459379573973,0.0,nan
98,40,0.008761234247641287,0.0,nan
98,41,0.006007186139512151,0.0,nan
98,42,0.02038819201904516,0.0,nan
98,43,0.017202982906912842,0.0,nan
98,44,0.05373597206783363,0.3125,nan
98,45,0.007695497427672579,0.0625,nan
98,46,0.013088195799371427,0.0,nan
98,47,0.012780380754432517,0.0,nan
98,48,0.07161751490573362,0.3125,nan
98,49,0.01256476617012036,0.0625,nan
98,50,0.009983301188754169,0.0625,nan
98,51,0.013487156215684581,0.0,nan
98,52,0.006931931478902902,0.0,nan
98,53,0.022369808649323683,0.1875,nan
98,54,0.008177692198643748,0.0,nan
98,55,0.010285230946833406,0.0,nan
98,56,0.01446397006674666,0.0625,nan
98,57,0.011793582575574418,0.0,nan
98,58,0.014530466512447472,0.0625,nan
98,59,0.013207244831832027,0.0625,nan
98,60,0.015141545735494514,0.0,nan
98,61,0.008222989086197265,0.0625,nan
98,62,0.010931533932686897,0.0,nan
98,63,0.011686368591682265,0.0,nan
98,64,0.016639918264353102,0.1875,nan
98,65,0.01887957905953436,0.0625,nan
98,66,0.0076834131355867225,0.0625,nan
98,67,0.012211887585913439,0.0625,nan
98,68,0.006550875322632956,0.0,nan
98,69,0.017978151337558132,0.0,nan
98,70,0.01624830869517791,0.125,nan
98,71,0.008508621117595925,0.0,nan
98,72,0.02938376456239919,0.125,nan
98,73,0.019479554592709045,0.0,nan
98,74,0.015484514832050569,0.0625,nan
98,75,0.018140106853013635,0.125,nan
98,76,0.026811507244641725,0.125,nan
98,77,0.017276746949556766,0.0,nan
98,78,0.11584080327747392,0.375,nan
98,79,0.008479125461538754,0.0625,nan
98,80,0.007142986805159358,0.0625,nan
98,81,0.013998319301101264,0.0,nan
98,82,0.012412905760345823,0.0,nan
98,83,0.01757321915404042,0.0,nan
98,84,0.04680579607734833,0.1875,nan
98,85,0.03650728125938921,0.1875,nan
98,86,0.08758610513036238,0.375,nan
98,87,0.009115203413074528,0.0625,nan
98,88,0.021854187174643075,0.1875,nan
98,89,0.04607215248182369,0.0,nan
98,90,0.009339141189708338,0.0,nan
98,91,1.18815707283014,0.875,nan
98,92,0.020928563370648176,0.0,nan
98,93,0.01382076304731109,0.0,nan
98,94,5.638869091966851,1.0,nan
98,95,0.012306933131202735,0.0,nan
98,96,0.022766363652955725,0.0625,nan
98,97,0.040612623298500586,0.125,nan
98,98,0.01478940571743851,0.0,nan
98,99,0.026233592054645483,0.125,nan
99,0,0.010292473859528924,0.0625,nan
99,1,0.014534096552201576,0.1875,nan
99,2,0.006225280510776726,0.0,nan
99,3,1.3524800470569203,0.9375,nan
99,4,0.007568496739372901,0.0,nan
99,5,0.019770521592147622,0.125,nan
99,6,0.011060552155153832,0.125,nan
99,7,0.007971450189595972,0.0625,nan
99,8,8.430868179819909,1.0,nan
99,9,0.004278096927946708,0.0,nan
99,10,0.0060731848399464584,0.0,nan
99,11,0.013162661667785909,0.0,nan
99,12,0.03855893539045674,0.1875,nan
99,13,0.014137462292727339,0.0,nan
99,14,0.011984147057136015,0.0,nan
99,15,0.007539886653779804,0.0,nan
99,16,0.030556288251535398,0.125,nan
99,17,0.011981298366761657,0.0625,nan
99,18,0.00820625665464884,0.0,nan
99,19,0.008028614831351007,0.0,nan
99,20,0.007883691472583618,0.0625,nan
99,21,0.01560738626700482,0.125,nan
99,22,0.003484986155413478,0.0,nan
99,23,0.006886050149883664,0.0,nan
99,24,0.006510970314241823,0.0625,nan
99,25,0.005758975318938138,0.0,nan
99,26,1.6295132645041823,0.9375,nan
99,27,0.008799247809787459,0.125,nan
99,28,0.010851911902870479,0.0,nan
99,29,0.005293889979593294,0.125,nan
99,30,0.017878679530164265,0.125,nan
99,31,0.007757870600192488,0.0625,nan
99,32,0.013717007291027023,0.0625,nan
99,33,0.007457672019790406,0.0625,nan
99,34,0.010238166866989369,0.0625,nan
99,35,0.004150872204042783,0.0,nan
99,36,3.5749350241699753,1.0,nan
99,37,0.011791116635480135,0.0625,nan
99,38,0.013533942273838754,0.0,nan
99,39,0.005764167911424577,0.0,nan
99,40,0.0075704651767265355,0.0,nan
99,41,0.016770810892275227,0.0,nan
99,42,0.008115083374156765,0.0625,nan
99,43,0.018555300901324158,0.0,nan
99,44,0.0038146920977354818,0.0625,nan
99,45,0.004779867007307905,0.0625,nan
99,46,0.009273653729378528,0.0625,nan
99,47,0.008373639134274044,0.125,nan
99,48,0.07420263239757513,0.375,nan
99,49,0.004724988994657901,0.0,nan
99,50,0.004530276207675895,0.0,nan
99,51,0.007369168247678063,0.0,nan
99,52,0.009133190611254088,0.0625,nan
99,53,0.02203031104758616,0.25,nan
99,54,0.007297767621579191,0.0,nan
99,55,0.0030787187036349314,0.0,nan
99,56,0.010121838979393304,0.0625,nan
99,57,0.014742599083714098,0.0625,nan
99,58,0.009432239460855522,0.0,nan
99,59,0.01407215700370758,0.125,nan
99,60,0.005664940196851527,0.0,nan
99,61,0.006373583073346515,0.0,nan
99,62,0.007949348473339697,0.0,nan
99,63,0.006932750528768456,0.0,nan
99,64,0.005869454387987403,0.0625,nan
99,65,0.008984619850027582,0.0,nan
99,66,0.014411996408557854,0.0625,nan
99,67,0.011056207904895405,0.0625,nan
99,68,0.008961696195114974,0.0,nan
99,69,0.00775981282785301,0.0,nan
99,70,0.011430610222974338,0.0,nan
99,71,0.005238036719757928,0.0,nan
99,72,0.008167500244988322,0.0625,nan
99,73,0.0077872722302132725,0.0,nan
99,74,0.03372924658247131,0.3125,nan
99,75,0.006081454933641943,0.0,nan
99,76,0.011596684799959548,0.0625,nan
99,77,0.014874259319439018,0.0,nan
99,78,0.02732134703027715,0.3125,nan
99,79,0.016593117488685458,0.0625,nan
99,80,0.008602056254637728,0.0,nan
99,81,0.01369088015832692,0.0,nan
99,82,0.008134984484816985,0.0625,nan
99,83,0.006846202543040785,0.0,nan
99,84,0.012321224726211482,0.125,nan
99,85,0.023056581613000577,0.125,nan
99,86,0.04339022413179175,0.125,nan
99,87,0.005843709875240117,0.0625,nan
99,88,0.012283290009479657,0.125,nan
99,89,0.008407849609490939,0.0625,nan
99,90,0.004241445579482718,0.0625,nan
99,91,0.6791189386065399,0.625,nan
99,92,0.00776957304838615,0.0625,nan
99,93,0.00787096536048785,0.0,nan
99,94,5.650144460922128,1.0,nan
99,95,0.004137878116236367,0.0,nan
99,96,0.005258724085337828,0.0625,nan
99,97,0.0063562906065601395,0.0625,nan
99,98,0.017190207870282796,0.0625,nan
99,99,0.024377740312881008,0.125,nan
100,0,0.0028942147735156244,0.0,0.00012392207069748047
100,1,0.018109023812659594,0.125,0.004264044928332901
100,2,0.004223033298650914,0.0,1.2272103743194298e-05
100,3,1.4729999941822571,1.0,0.09568662363582675
100,4,0.008265658150193828,0.0,5.219370617454826e-05
100,5,0.008905295396497079,0.0,0.0003180812776376978
100,6,0.004906529359097222,0.0,3.595320400504305e-05
100,7,0.005863377782020323,0.0625,0.000497561980876096
100,8,4.766985379202297,1.0,0.11361197972988471
100,9,0.004327727985853749,0.0625,0.00035010164099037386
100,10,0.005378051103011658,0.0,1.6377950460282367e-05
100,11,0.00517285616538867,0.0,0.0002505081036842317
100,12,0.00701161374627338,0.0,0.0018216735831677443
100,13,0.004496362534726024,0.0,2.263842917334094e-05
100,14,0.003381623294395347,0.0625,0.00023944278390490234
100,15,0.008411077458719227,0.0,4.128168245309291e-05
100,16,0.016702162656738784,0.0625,0.004871745550361354
100,17,0.005249838123661225,0.0,0.00019749149563493186
100,18,0.0032239373186629863,0.0,0.0001573548419434849
100,19,0.009482092624950549,0.0,0.0005213273817631529
100,20,0.0029157516028742105,0.0,1.861494242821073e-05
100,21,0.006528578409018132,0.0625,0.00020016316742567212
100,22,0.004503531418350725,0.0,4.678516236778073e-06
100,23,0.010608902532672946,0.0625,0.0009902026252325727
100,24,0.017753276573273104,0.0,0.000359761131269857
100,25,0.003662655179664769,0.0,9.475566955231505e-05
100,26,1.0201871141617052,1.0,0.10584441734155496
100,27,0.005216029660360336,0.0,0.0005797270577600156
100,28,0.0044141582304773296,0.0,0.0002691293342714822
100,29,0.004594419312672312,0.0625,0.00048261547167135317
100,30,0.014845459602370423,0.0,0.0022819037984139205
100,31,0.005198716922192811,0.0,0.00010476429779418198
100,32,0.011746369808339749,0.0625,9.820841816451646e-06
100,33,0.001152225734652229,0.0,1.9476634085473953e-06
100,34,0.007696347750958656,0.125,0.0011754745328351444
100,35,0.0025225742975112275,0.0,2.1927560321642544e-05
100,36,1.766978474144142,1.0,0.48922924590600647
100,37,0.009380752228186639,0.0,0.0003476999059430787
100,38,0.010435591805273078,0.125,0.0008855015890762509
100,39,0.00439681268873778,0.0,2.285551710176631e-06
100,40,0.005630369793549264,0.0,1.0049666710436487e-05
100,41,0.0025283622088895638,0.0,3.5297357036621606e-05
100,42,0.00900582150039869,0.0,0.00045332291459087865
100,43,0.008107523334962315,0.0625,0.000398601470570322
100,44,0.009153309345334475,0.0625,0.0027068616381685745
100,45,0.003471545349583281,0.0,4.622798693032024e-05
100,46,0.007555483213865621,0.0,0.0005296468207862166
100,47,0.006495244967494867,0.0,0.00031315522070063455
100,48,0.03075243858406324,0.375,0.013947415469342684
100,49,0.0017138260695282088,0.0,0.00012840296515772065
100,50,0.00364243781548436,0.0,1.2651516546476542e-07
100,51,0.008673709257111147,0.0,0.0002906731157352285
100,52,0.008732666463335408,0.0,5.6884658588004444e-05
100,53,0.027498369027774024,0.0625,0.004905044956591206
100,54,0.0015490259675866155,0.0,3.315934249420452e-06
100,55,0.004938943421946215,0.0625,0.00013155740963528235
100,56,0.004860267409064759,0.0,4.451865490244853e-05
100,57,0.0038557771464252577,0.0625,6.20098800226171e-05
100,58,0.002037325705001183,0.0,0.0001223908804968149
100,59,0.00810610310698281,0.0625,0.0004940967334600369
100,60,0.009605740077415386,0.0,8.319098041905387e-05
100,61,0.012120581281680119,0.0,0.0003573968739639781
100,62,0.0022915277622379375,0.0,2.731100997560948e-05
100,63,0.005117330904162417,0.0,7.878611812790679e-07
100,64,0.004919858280646344,0.0,0.00019000515233085592
100,65,0.006616829506113195,0.0,0.0002404689700466079
100,66,0.005139814004842545,0.0,7.3833529712100736e-06
100,67,0.0076881829093033306,0.0,0.00017113672068557956
100,68,0.00325532525132888,0.0,8.049032654739448e-05
100,69,0.006876438918665825,0.0,0.0006041050861982178
100,70,0.0029624723539163986,0.0625,0.0001376945798219348
100,71,0.0034680220327065964,0.0,5.3208574374449664e-05
100,72,0.0027210297023736647,0.0,0.00011927804858127192
100,73,0.0036125860333172336,0.0,6.697528405374823e-05
100,74,0.026474053308040667,0.1875,0.014599738296992001
100,75,0.0031785083067584416,0.0,6.998663803059043e-05
100,76,0.01174165261533258,0.0625,0.0003755491927500423
100,77,0.011973191712526057,0.0,0.0009495747136875209
100,78,0.036302308820739815,0.1875,0.011297258839549545
100,79,0.00946110207484852,0.0625,0.00018176831115097273
100,80,0.0031132353091983577,0.0,1.8528795154865284e-05
100,81,0.005303265228007446,0.0,0.0009109890254017772
100,82,0.0014052336240913128,0.0,4.474429332603428e-05
100,83,0.0028598176254142054,0.0,9.260899123674749e-06
100,84,0.01635149147988048,0.125,0.002800341177933241
100,85,0.01855054020036086,0.0,0.002588018513421613
100,86,0.022288443944980182,0.1875,0.011732500756693597
100,87,0.004915941277509741,0.0625,8.818917584334753e-06
100,88,0.0064692678757743115,0.0625,0.0009065098730581578
100,89,0.004940312785559927,0.125,0.0011337026740934836
100,90,0.005986767875143406,0.0,2.0681595598363578e-05
100,91,0.06260421078648654,0.375,0.005677624054936474
100,92,0.009256645912860385,0.0,4.2416671583610306e-05
100,93,0.003786053133422482,0.0625,6.664048376067793e-05
100,94,4.25027246495282,1.0,0.0921009447769827
100,95,0.006753805066028691,0.0,7.768038004186935e-05
100,96,0.005324347404336795,0.0,0.00017595744150561483
100,97,0.004586543881728634,0.0,0.00020661592416971615
100,98,0.003354739919411327,0.0,0.0001092567152962538
100,99,0.005174521323620441,0.0,0.001078644982736678
101,0,0.011294288543656824,0.0625,nan
101,1,0.013952095622006846,0.0,nan
101,2,0.0049081343568479156,0.0,nan
101,3,1.200576729584342,1.0,nan
101,4,0.009309459043987542,0.0,nan
101,5,0.008706927642246528,0.0,nan
101,6,0.005166379110174738,0.0,nan
101,7,0.007199873242262764,0.0,nan
101,8,8.153726271077597,1.0,nan
101,9,0.00844818083647667,0.125,nan
101,10,0.007061893291027856,0.0,nan
101,11,0.009979630694892975,0.0625,nan
101,12,0.05125302208022546,0.1875,nan
101,13,0.008024949246315576,0.0,nan
101,14,0.003433151403842172,0.0,nan
101,15,0.009141975294682898,0.125,nan
101,16,0.026597510032332308,0.125,nan
101,17,0.028544823898227156,0.1875,nan
101,18,0.009880607681303989,0.0,nan
101,19,0.014723307586170773,0.125,nan
101,20,0.009107901914916292,0.0,nan
101,21,0.011482308878192873,0.0,nan
101,22,0.005048370257091034,0.0,nan
101,23,0.012454641793705867,0.125,nan
101,24,0.008343230327066792,0.0625,nan
101,25,0.0037185044760745254,0.0625,nan
101,26,1.2008392228399716,1.0,nan
101,27,0.008473086401925432,0.125,nan
101,28,0.023245383361224732,0.0,nan
101,29,0.004963329463893239,0.0,nan
101,30,0.022924504000346728,0.0625,nan
101,31,0.007930391647166342,0.0625,nan
101,32,0.004620430316063837,0.0625,nan
101,33,0.007219955977153993,0.0625,nan
101,34,0.008502890488669335,0.0,nan
101,35,0.007749776942419028,0.0625,nan
101,36,5.729361147578635,1.0,nan
101,37,0.006745582117540154,0.0,nan
101,38,0.014195204956770052,0.0625,nan
101,39,0.008467747828808624,0.0,nan
101,40,0.009671522055720678,0.0625,nan
101,41,0.004366742646905097,0.125,nan
101,42,0.006453485603284029,0.0,nan
101,43,0.021411114633628187,0.125,nan
101,44,0.010920918182708517,0.0625,nan
101,45,0.008925957632510018,0.0,nan
101,46,0.005557150378305698,0.0625,nan
101,47,0.006469106129215984,0.0,nan
101,48,0.01848177536911168,0.125,nan
101,49,0.00994929958932296,0.125,nan
101,50,0.002690789645824215,0.0,nan
101,51,0.009805076565843004,0.0,nan
101,52,0.008555098965318128,0.0,nan
101,53,0.013347540219846233,0.0625,nan
101,54,0.0030742098345229265,0.0,nan
101,55,0.008757562555149796,0.0625,nan
101,56,0.0063005894107728885,0.0625,nan
101,57,0.003220040675848611,0.0,nan
101,58,0.009390858200550595,0.0625,nan
101,59,0.010900508858153326,0.125,nan
101,60,0.007851961069522222,0.0625,nan
101,61,0.004122854263095286,0.0,nan
101,62,0.019765208122231946,0.0,nan
101,63,0.012582892228721172,0.125,nan
101,64,0.011726388085630163,0.0,nan
101,65,0.0034220333485604493,0.0625,nan
101,66,0.007565169065702886,0.0,nan
101,67,0.006488214232204344,0.0625,nan
101,68,0.014706262764396131,0.0,nan
101,69,0.008675347097411912,0.0,nan
101,70,0.009974452966317368,0.0,nan
101,71,0.003384508735783373,0.0,nan
101,72,0.004869475019656273,0.0,nan
101,73,0.00885258495094806,0.0,nan
101,74,0.14386182789782026,0.4375,nan
101,75,0.008731103683892065,0.0,nan
101,76,0.011058389670730816,0.125,nan
101,77,0.011700438925192975,0.0,nan
101,78,0.08162421335578439,0.3125,nan
101,79,0.010754882592122789,0.0625,nan
101,80,0.0065127411730541585,0.0,nan
101,81,0.01010344288755835,0.0625,nan
101,82,0.00800573455091787,0.0,nan
101,83,0.009249481431345283,0.0,nan
101,84,0.011402838545577222,0.0625,nan
101,85,0.019300309815026506,0.0625,nan
101,86,0.017325264342226705,0.125,nan
101,87,0.007151255125073828,0.0,nan
101,88,0.06830315086286773,0.125,nan
101,89,0.010422038897687478,0.0,nan
101,90,0.00822434807266947,0.0625,nan
101,91,0.24370553948267842,0.5625,nan
101,92,0.013733368464486664,0.0,nan
101,93,0.009302942806219763,0.0,nan
101,94,7.615340445115638,1.0,nan
101,95,0.008196201441998239,0.0,nan
101,96,0.015432679072306688,0.0,nan
101,97,0.007621627261288483,0.0,nan
101,98,0.009727769635841483,0.0,nan
101,99,0.026273504010617746,0.125,nan
102,0,0.005831014211176457,0.0625,nan
102,1,0.03264525932942587,0.125,nan
102,2,0.003610687838447895,0.0,nan
102,3,1.7453806412722788,1.0,nan
102,4,0.0070873119017311765,0.0,nan
102,5,0.015045536924046424,0.0625,nan
102,6,0.008561686711568428,0.125,nan
102,7,0.005972763093508787,0.0,nan
102,8,7.859409065758421,1.0,nan
102,9,0.015030184624849788,0.0625,nan
102,10,0.008002140110184205,0.0,nan
102,11,0.009408967327536712,0.125,nan
102,12,0.01896199232014888,0.25,nan
102,13,0.0074501824317770304,0.0,nan
102,14,0.010467273567293208,0.0625,nan
102,15,0.007852148607586172,0.0,nan
102,16,0.015369229116571376,0.125,nan
102,17,0.019684526190509442,0.1875,nan
102,18,0.010418650280719834,0.0,nan
102,19,0.014704804434274743,0.0,nan
102,20,0.008715639806460578,0.0,nan
102,21,0.00496647109835794,0.0,nan
102,22,0.009287915695922987,0.0,nan
102,23,0.011125411425257945,0.0625,nan
102,24,0.012545789861210924,0.0,nan
102,25,0.007984238905861796,0.0625,nan
102,26,1.2949279305574632,1.0,nan
102,27,0.013826128497523342,0.0625,nan
102,28,0.010233626899199696,0.0,nan
102,29,0.017590155161943975,0.0,nan
102,30,0.018044199616140316,0.0625,nan
102,31,0.007212736411298532,0.0,nan
102,32,0.009574352656999335,0.0625,nan
102,33,0.008798254019564035,0.0,nan
102,34,0.021986695381187672,0.125,nan
102,35,0.006015210273581184,0.0,nan
102,36,6.9552064358782,1.0,nan
102,37,0.009178574968103287,0.0,nan
102,38,0.011318469194378535,0.0625,nan
102,39,0.004800427466103674,0.0,nan
102,40,0.007097718023478715,0.0625,nan
102,41,0.004131599150415001,0.0,nan
102,42,0.02354716887445159,0.0,nan
102,43,0.008085980347086356,0.0625,nan
102,44,0.017683001009161828,0.1875,nan
102,45,0.00689907358319,0.0,nan
102,46,0.01345294489047481,0.0,nan
102,47,0.025177226063794095,0.0625,nan
102,48,0.01638372016938063,0.25,nan
102,49,0.013071388407449067,0.125,nan
102,50,0.005540649509929155,0.0,nan
102,51,0.00939613394817922,0.0,nan
102,52,0.007875720279257618,0.0,nan
102,53,0.014335293121880987,0.1875,nan
102,54,0.0062764239487660065,0.0,nan
102,55,0.0072418380589988965,0.0,nan
102,56,0.010805798322968348,0.0,nan
102,57,0.006168950641865331,0.0625,nan
102,58,0.017996535611481915,0.0,nan
102,59,0.009637451998274957,0.0,nan
102,60,0.005051529196920796,0.0625,nan
102,61,0.00938563839812075,0.0,nan
102,62,0.014288087831046787,0.0625,nan
102,63,0.006369028566293143,0.0625,nan
102,64,0.005947090381810464,0.0,nan
102,65,0.006187242676365792,0.0625,nan
102,66,0.009628478786307224,0.0,nan
102,67,0.012440668762508864,0.0625,nan
102,68,0.005996627327603069,0.0625,nan
102,69,0.022218210766258482,0.0,nan
102,70,0.00971238144213025,0.0625,nan
102,71,0.006789612177829787,0.0,nan
102,72,0.00478551051045146,0.0,nan
102,73,0.013586988947930726,0.0,nan
102,74,0.09564150833937496,0.375,nan
102,75,0.01939422710687158,0.0625,nan
102,76,0.014898416008931846,0.125,nan
102,77,0.03198736798094784,0.125,nan
102,78,0.038719139474576086,0.125,nan
102,79,0.0052176069274750825,0.0,nan
102,80,0.009294240439502837,0.0625,nan
102,81,0.018408106596770023,0.125,nan
102,82,0.010000392113200644,0.0625,nan
102,83,0.00936970175721032,0.0,nan
102,84,0.011983216544652713,0.125,nan
102,85,0.007427936906000534,0.0,nan
102,86,0.012682471632196542,0.0,nan
102,87,0.007673529695656216,0.0,nan
102,88,0.017399839633690777,0.1875,nan
102,89,0.04056609555014014,0.0625,nan
102,90,0.010826327566824612,0.0625,nan
102,91,0.7471213545826585,0.625,nan
102,92,0.009279003325754903,0.0,nan
102,93,0.00812717622327161,0.0,nan
102,94,5.389167492579729,1.0,nan
102,95,0.00596855146943064,0.0625,nan
102,96,0.007320785374443598,0.0625,nan
102,97,0.007617372337938843,0.0,nan
102,98,0.012949478668685493,0.0,nan
102,99,0.02090275486183179,0.125,nan
103,0,0.012127658804676898,0.0,nan
103,1,0.009911461741872189,0.0625,nan
103,2,0.0093154107358181,0.0,nan
103,3,1.2136586685778192,1.0,nan
103,4,0.00529235671380369,0.0,nan
103,5,0.0067748893082981085,0.0625,nan
103,6,0.013063835582122872,0.0625,nan
103,7,0.016775996907125404,0.125,nan
103,8,9.311902260641933,1.0,nan
103,9,0.012604059971669232,0.0625,nan
103,10,0.010650790684886287,0.0,nan
103,11,0.016904568039029302,0.0625,nan
103,12,0.029023928204553455,0.0,nan
103,13,0.020431018132633594,0.0,nan
103,14,0.01064119896197285,0.0,nan
103,15,0.005626935077273722,0.0,nan
103,16,0.023641652994348443,0.0625,nan
103,17,0.016721312537778057,0.0,nan
103,18,0.004782660694551702,0.0,nan
103,19,0.012771451184117813,0.0,nan
103,20,0.005213570794784037,0.0,nan
103,21,0.014202249618388185,0.0625,nan
103,22,0.008725794055839012,0.0,nan
103,23,0.016212236454279595,0.0625,nan
103,24,0.007669128476403734,0.0,nan
103,25,0.015662859445962993,0.0,nan
103,26,1.3668466544344808,1.0,nan
103,27,0.01970975653256675,0.1875,nan
103,28,0.006752736196256541,0.0,nan
103,29,0.025456123353428586,0.0,nan
103,30,0.030448760854876786,0.1875,nan
103,31,0.004175766237756388,0.0625,nan
103,32,0.005889757843398203,0.0,nan
103,33,0.008378839155116558,0.0,nan
103,34,0.016302162380226214,0.0625,nan
103,35,0.005522774236528506,0.0,nan
103,36,7.8004919503196835,1.0,nan
103,37,0.007840161632024289,0.0,nan
103,38,0.005810511850513917,0.125,nan
103,39,0.004479787861440321,0.0,nan
103,40,0.005408316263439773,0.0625,nan
103,41,0.016695194094738807,0.0,nan
103,42,0.00609893910194194,0.0,nan
103,43,0.0048034396501193816,0.0,nan
103,44,0.014532397719297846,0.0625,nan
103,45,0.0060696583749194725,0.0,nan
103,46,0.011510796964623923,0.0625,nan
103,47,0.012146491422392738,0.0625,nan
103,48,0.039304730440278636,0.3125,nan
103,49,0.008922396638210258,0.0625,nan
103,50,0.005600877635864978,0.0625,nan
103,51,0.015808887838323113,0.0625,nan
103,52,0.010354890820922266,0.0625,nan
103,53,0.05451790407528226,0.125,nan
103,54,0.007283117796579433,0.0,nan
103,55,0.006342457016731669,0.0,nan
103,56,0.00567521940736977,0.125,nan
103,57,0.011229828012409179,0.0,nan
103,58,0.01642133379524658,0.0625,nan
103,59,0.005429572399494638,0.0,nan
103,60,0.005134445326097522,0.0,nan
103,61,0.009192388236068688,0.0,nan
103,62,0.00442911308676668,0.0625,nan
103,63,0.004861587653081395,0.0,nan
103,64,0.010235100140518176,0.0625,nan
103,65,0.010021890663751074,0.0,nan
103,66,0.006654898015737848,0.0,nan
103,67,0.008695716604819416,0.0625,nan
103,68,0.008033947865824589,0.0,nan
103,69,0.00839341038462419,0.0,nan
103,70,0.007801283531760501,0.125,nan
103,71,0.0052372985431459055,0.0,nan
103,72,0.020207541715614525,0.125,nan
103,73,0.014668203786920209,0.0,nan
103,74,0.01858846194258194,0.1875,nan
103,75,0.013716739241880117,0.0,nan
103,76,0.0075413207042929154,0.0,nan
103,77,0.028484277927341886,0.125,nan
103,78,0.03705280460775705,0.0625,nan
103,79,0.00894615469424984,0.0,nan
103,80,0.007790807240216373,0.0,nan
103,81,0.024575167397069768,0.0,nan
103,82,0.008740689140665328,0.0,nan
103,83,0.01030774355074398,0.0625,nan
103,84,0.05845313285760709,0.375,nan
103,85,0.06343538555765624,0.25,nan
103,86,0.03834214031174417,0.125,nan
103,87,0.006920229804140561,0.0625,nan
103,88,0.010812571043361346,0.0625,nan
103,89,0.02004567107452491,0.0,nan
103,90,0.006527037328669084,0.0,nan
103,91,0.1724378287518235,0.5,nan
103,92,0.009592621769248747,0.0625,nan
103,93,0.0025335602296941524,0.0,nan
103,94,5.886901407859945,1.0,nan
103,95,0.011525928282313034,0.0625,nan
103,96,0.005336696597727387,0.0,nan
103,97,0.011275688649939799,0.0625,nan
103,98,0.01042942275953427,0.0,nan
103,99,0.02217270381918683,0.0625,nan
104,0,0.02627792286781984,0.0,nan
104,1,0.023319697148540194,0.25,nan
104,2,0.01709124366207612,0.0625,nan
104,3,1.82453277576007,1.0,nan
104,4,0.009296442999914459,0.0,nan
104,5,0.007738927219660994,0.125,nan
104,6,0.016434479469525556,0.0,nan
104,7,0.016400971647210258,0.0,nan
104,8,8.48822413197528,1.0,nan
104,9,0.013326884222039207,0.0,nan
104,10,0.01232485485744764,0.125,nan
104,11,0.009508500042668587,0.0,nan
104,12,0.027591460721241454,0.1875,nan
104,13,0.006851023186816546,0.0625,nan
104,14,0.016583141534189418,0.0,nan
104,15,0.01036461758140271,0.0,nan
104,16,0.02058616838866635,0.125,nan
104,17,0.017004649164269282,0.125,nan
104,18,0.017249432780721333,0.125,nan
104,19,0.008822723068723804,0.0,nan
104,20,0.005561606763911679,0.0,nan
104,21,0.009510404702027613,0.0,nan
104,22,0.006444494957793926,0.0,nan
104,23,0.01586051141945828,0.1875,nan
104,24,0.020969595452025303,0.0625,nan
104,25,0.013550241288428917,0.0,nan
104,26,1.2990021451859266,0.8125,nan
104,27,0.04441813783605583,0.1875,nan
104,28,0.009888056840093463,0.0625,nan
104,29,0.008416186903246947,0.0,nan
104,30,0.0127916323624591,0.0625,nan
104,31,0.0068463233669068865,0.0,nan
104,32,0.009184357649716111,0.0,nan
104,33,0.007113895446405858,0.0,nan
104,34,0.01854655132022492,0.125,nan
104,35,0.004372244804260913,0.0,nan
104,36,9.345345276119563,1.0,nan
104,37,0.0340036093028815,0.125,nan
104,38,0.012152192496133148,0.0625,nan
104,39,0.0032625694639505506,0.0,nan
104,40,0.0080767099221022,0.0,nan
104,41,0.006838247386979846,0.0,nan
104,42,0.01407046647877275,0.0625,nan
104,43,0.024614806218867268,0.0,nan
104,44,0.01764853133552419,0.125,nan
104,45,0.010271200259143043,0.125,nan
104,46,0.00900344812830942,0.0,nan
104,47,0.0053992339956191095,0.125,nan
104,48,0.044381258726829825,0.125,nan
104,49,0.013043648676187266,0.0625,nan
104,50,0.011972613565360064,0.0625,nan
104,51,0.012655715990950844,0.0,nan
104,52,0.012132981794640053,0.0625,nan
104,53,0.025859648163800743,0.0,nan
104,54,0.00637736679704961,0.0625,nan
104,55,0.005647671692377896,0.0625,nan
104,56,0.003409301074406247,0.0,nan
104,57,0.01232263944906883,0.0,nan
104,58,0.013758800001451323,0.125,nan
104,59,0.0119532155715294,0.0,nan
104,60,0.0061917818585342736,0.0,nan
104,61,0.009823341442959765,0.0,nan
104,62,0.00939778851914918,0.125,nan
104,63,0.004289805304092886,0.0,nan
104,64,0.004731101065385494,0.0,nan
104,65,0.012905164721992251,0.0,nan
104,66,0.010173720585247709,0.0,nan
104,67,0.011705188896814486,0.0625,nan
104,68,0.013009051626239927,0.0,nan
104,69,0.01808283788367826,0.125,nan
104,70,0.015513817958767587,0.0,nan
104,71,0.010544990779358634,0.125,nan
104,72,0.012735687758200075,0.0,nan
104,73,0.009449716676374214,0.0,nan
104,74,0.025901826188013167,0.125,nan
104,75,0.004940616430736927,0.0,nan
104,76,0.00990223065911016,0.0,nan
104,77,0.03652713249362669,0.1875,nan
104,78,0.11119170701882597,0.375,nan
104,79,0.0056556988524246125,0.0,nan
104,80,0.006151216484025351,0.0,nan
104,81,0.03309075350111348,0.1875,nan
104,82,0.011105481304562799,0.0625,nan
104,83,0.006893643523214492,0.0,nan
104,84,0.024507875081420376,0.0625,nan
104,85,0.04256431002631254,0.25,nan
104,86,0.04371983548792055,0.1875,nan
104,87,0.02492271692637848,0.1875,nan
104,88,0.052959801601918155,0.1875,nan
104,89,0.013960962922466492,0.125,nan
104,90,0.010768762236358854,0.0,nan
104,91,0.8287300691666837,0.625,nan
104,92,0.017435942647708223,0.0625,nan
104,93,0.014187720369454093,0.0,nan
104,94,7.067350894476819,1.0,nan
104,95,0.010315312081771255,0.0,nan
104,96,0.007172627308582638,0.0625,nan
104,97,0.00658876465199601,0.0,nan
104,98,0.009646789248667815,0.0,nan
104,99,0.08966597445664337,0.375,nan
105,0,0.006775507377403166,0.0625,nan
105,1,0.01551245503184238,0.125,nan
105,2,0.00914853835461566,0.0,nan
105,3,1.0167576944319237,0.8125,nan
105,4,0.00804984174021018,0.125,nan
105,5,0.01751078067325089,0.0,nan
105,6,0.014242419416120658,0.0,nan
105,7,0.012474544932989915,0.0625,nan
105,8,8.994572817384308,1.0,nan
105,9,0.028809122076016103,0.0,nan
105,10,0.00550505362822549,0.0,nan
105,11,0.009782650513570454,0.0,nan
105,12,0.010421206684297636,0.0625,nan
105,13,0.00843146800062465,0.0,nan
105,14,0.009704867845327711,0.0625,nan
105,15,0.0063180949759362014,0.0,nan
105,16,0.030016399568723387,0.125,nan
105,17,0.0038073770579451585,0.0,nan
105,18,0.017228904636546992,0.0625,nan
105,19,0.022889209959855397,0.0,nan
105,20,0.008170849401009896,0.0,nan
105,21,0.010286339666111425,0.125,nan
105,22,0.010196534072239118,0.0,nan
105,23,0.01479437631347725,0.0625,nan
105,24,0.01054062011198836,0.0,nan
105,25,0.010413278306441223,0.0625,nan
105,26,1.333521717983507,0.875,nan
105,27,0.010660050090694168,0.0625,nan
105,28,0.0122573931748349,0.0625,nan
105,29,0.008182168342910998,0.0625,nan
105,30,0.05086994492061342,0.25,nan
105,31,0.014764692542236356,0.0625,nan
105,32,0.013997991748872932,0.0,nan
105,33,0.01311537529763077,0.0,nan
105,34,0.02809271531462503,0.0625,nan
105,35,0.013205860116186081,0.125,nan
105,36,7.1473872619166965,0.9375,nan
105,37,0.011768909883502151,0.0,nan
105,38,0.015561029452776758,0.125,nan
105,39,0.003461287862367627,0.0,nan
105,40,0.011157172028077901,0.0625,nan
105,41,0.0027542329571516332,0.0,nan
105,42,0.010465707282297183,0.0,nan
105,43,0.016525873486609166,0.0,nan
105,44,0.013942628033413798,0.0625,nan
105,45,0.007665589831435992,0.125,nan
105,46,0.010813170762367888,0.0,nan
105,47,0.009788748649341018,0.0625,nan
105,48,0.05077372057199715,0.3125,nan
105,49,0.014081229510334177,0.0,nan
105,50,0.006727829748462619,0.0,nan
105,51,0.03181546553947799,0.0625,nan
105,52,0.019468500048297442,0.125,nan
105,53,0.010631165183190473,0.1875,nan
105,54,0.005034575660224663,0.0,nan
105,55,0.010865540488084404,0.0625,nan
105,56,0.00738284531213803,0.0,nan
105,57,0.015734279600054767,0.0,nan
105,58,0.013458094683625847,0.125,nan
105,59,0.01181579104759865,0.0,nan
105,60,0.0036886011347124,0.0,nan
105,61,0.013106702851211849,0.0,nan
105,62,0.006307147710576093,0.0625,nan
105,63,0.0028413053892814054,0.0,nan
105,64,0.007026960507020622,0.0,nan
105,65,0.014087529038234948,0.0,nan
105,66,0.009384318537138083,0.0,nan
105,67,0.005094195413297676,0.125,nan
105,68,0.012184061637531846,0.0,nan
105,69,0.016963633374788158,0.0625,nan
105,70,0.019970642465089283,0.0,nan
105,71,0.010725424481452974,0.0,nan
105,72,0.0028498376253894885,0.0,nan
105,73,0.004534412850857924,0.0,nan
105,74,0.0956410913679979,0.4375,nan
105,75,0.014613455174710441,0.0625,nan
105,76,0.013928626863382813,0.0625,nan
105,77,0.013238613276647422,0.0625,nan
105,78,0.0821870905287794,0.3125,nan
105,79,0.00998068135055568,0.0,nan
105,80,0.006870842184869435,0.0,nan
105,81,0.008543760646493325,0.0,nan
105,82,0.0038348219785262865,0.0,nan
105,83,0.006596348666379025,0.0,nan
105,84,0.011986214243778211,0.1875,nan
105,85,0.018194261816272206,0.0625,nan
105,86,0.03710010543720311,0.25,nan
105,87,0.011352710797909489,0.0625,nan
105,88,0.013642773101246657,0.125,nan
105,89,0.01054064615734206,0.125,nan
105,90,0.006568445022610924,0.0,nan
105,91,0.03789551614367357,0.4375,nan
105,92,0.011014550747460234,0.0,nan
105,93,0.01399593144458635,0.0,nan
105,94,8.14290686979011,1.0,nan
105,95,0.0050185071577181495,0.0,nan
105,96,0.01060556840560422,0.0,nan
105,97,0.007761198610726406,0.0,nan
105,98,0.014910020954222935,0.0,nan
105,99,0.04850168352429472,0.25,nan
106,0,0.016670642407359926,0.0,nan
106,1,0.021326999235332343,0.0,nan
106,2,0.007449200436770727,0.0,nan
106,3,1.2988380882748807,1.0,nan
106,4,0.011241840430347195,0.125,nan
106,5,0.022046011078275536,0.0,nan
106,6,0.011693072212867273,0.0,nan
106,7,0.02299727959051307,0.0625,nan
106,8,13.356129685939258,1.0,nan
106,9,0.02217472802145891,0.0625,nan
106,10,0.007831651973737678,0.0,nan
106,11,0.013853052308866343,0.0625,nan
106,12,0.01570311320965037,0.125,nan
106,13,0.005731163657129626,0.0,nan
106,14,0.015272466977552133,0.0625,nan
106,15,0.006777876139538607,0.0,nan
106,16,0.036201789923877674,0.0625,nan
106,17,0.028390967199719466,0.0625,nan
106,18,0.01355368281551459,0.0625,nan
106,19,0.02233286439269748,0.0625,nan
106,20,0.006516936188777899,0.0,nan
106,21,0.021140630347879566,0.0,nan
106,22,0.009319392081311008,0.0,nan
106,23,0.01194791610423905,0.0,nan
106,24,0.016166234231153175,0.125,nan
106,25,0.011233552788826054,0.0,nan
106,26,1.202204007628817,0.8125,nan
106,27,0.013133205812832272,0.0625,nan
106,28,0.00867117322217574,0.0625,nan
106,29,0.011294503939207974,0.0625,nan
106,30,0.022958014463418233,0.0,nan
106,31,0.00871024001436405,0.0,nan
106,32,0.01653346398465743,0.0,nan
106,33,0.003873601505123529,0.0625,nan
106,34,0.015565013738502869,0.0625,nan
106,35,0.006252998364508616,0.125,nan
106,36,4.5470785970560375,1.0,nan
106,37,0.014260144747157501,0.0,nan
106,38,0.03645167444275667,0.25,nan
106,39,0.017347463814442767,0.0625,nan
106,40,0.009475281857950177,0.0,nan
106,41,0.006448219218545964,0.0,nan
106,42,0.017392870757256016,0.0625,nan
106,43,0.019918525044838948,0.125,nan
106,44,0.0123479935544248,0.0,nan
106,45,0.009323010528568529,0.0625,nan
106,46,0.007547144994156537,0.0625,nan
106,47,0.011387892114192246,0.0,nan
106,48,0.037295495544493414,0.3125,nan
106,49,0.0070654399301516,0.125,nan
106,50,0.005730620601087399,0.0,nan
106,51,0.015226165188104785,0.125,nan
106,52,0.00893201987873395,0.0,nan
106,53,0.01984087124719542,0.0625,nan
106,54,0.006107629937959774,0.0,nan
106,55,0.010019709270681298,0.0,nan
106,56,0.008170207899726611,0.0,nan
106,57,0.008791620369911294,0.0625,nan
106,58,0.0118198695622533,0.0625,nan
106,59,0.00805487616297253,0.125,nan
106,60,0.005669559565660082,0.0,nan
106,61,0.007384278618426486,0.0,nan
106,62,0.013741853752348692,0.0,nan
106,63,0.003409449539290725,0.0,nan
106,64,0.016055796373951402,0.0,nan
106,65,0.005241468555024372,0.0625,nan
106,66,0.007823417215440227,0.0,nan
106,67,0.006784998846966282,0.0,nan
106,68,0.009990410030830314,0.0,nan
106,69,0.009754540166527726,0.0625,nan
106,70,0.015193094954710308,0.0,nan
106,71,0.00842148373899922,0.0,nan
106,72,0.00978510274503318,0.0,nan
106,73,0.004287275131178858,0.0,nan
106,74,0.054436973614295975,0.4375,nan
106,75,0.009944223419221649,0.0,nan
106,76,0.011426371255736475,0.0,nan
106,77,0.011022823495008128,0.0,nan
106,78,0.059607227222194664,0.1875,nan
106,79,0.011507919547323005,0.0,nan
106,80,0.012669986532211835,0.125,nan
106,81,0.012631894943116572,0.0,nan
106,82,0.006498187017158191,0.0,nan
106,83,0.004815907263008643,0.0,nan
106,84,0.012095805518745747,0.0,nan
106,85,0.040284194650586067,0.25,nan
106,86,0.01671879944106785,0.25,nan
106,87,0.0030730715716218264,0.0,nan
106,88,0.02291065413438489,0.125,nan
106,89,0.020373885344292,0.0625,nan
106,90,0.007683078438123219,0.0,nan
106,91,0.413065936679951,0.625,nan
106,92,0.013970503458068318,0.0625,nan
106,93,0.010149625823355027,0.0,nan
106,94,11.35983971478079,1.0,nan
106,95,0.0162311052793837,0.0,nan
106,96,0.022174675978070053,0.0,nan
106,97,0.010240133924774032,0.0,nan
106,98,0.01353887774438653,0.0625,nan
106,99,0.031220565848280153,0.125,nan
107,0,0.01836152085709137,0.0,nan
107,1,0.011874248830351304,0.125,nan
107,2,0.0037411805230601,0.0,nan
107,3,1.0437209848685798,1.0,nan
107,4,0.005292303488838624,0.0,nan
107,5,0.007817297052564315,0.0625,nan
107,6,0.0074922394822503,0.0,nan
107,7,0.020852907497249606,0.125,nan
107,8,8.293499603988357,1.0,nan
107,9,0.00783051850709907,0.125,nan
107,10,0.005162539171581049,0.0625,nan
107,11,0.01021741089868319,0.0,nan
107,12,0.03230167729637609,0.0625,nan
107,13,0.007429774062159148,0.0,nan
107,14,0.010736526504586383,0.0,nan
107,15,0.014248042804320408,0.0,nan
107,16,0.01979168119613124,0.125,nan
107,17,0.01408278044376484,0.0625,nan
107,18,0.01296565933280705,0.0,nan
107,19,0.007903927984572411,0.0625,nan
107,20,0.008139830427280538,0.0,nan
107,21,0.010689315716093212,0.0625,nan
107,22,0.004706386839198351,0.0625,nan
107,23,0.012766772941195867,0.0625,nan
107,24,0.0101477775454827,0.0625,nan
107,25,0.007583335362114884,0.0625,nan
107,26,2.034690902291961,0.9375,nan
107,27,0.016290363313524847,0.1875,nan
107,28,0.00467236985368602,0.0,nan
107,29,0.016842169443674254,0.0,nan
107,30,0.022776169350716587,0.125,nan
107,31,0.006001683428199881,0.0,nan
107,32,0.010248738176637793,0.0,nan
107,33,0.008750706564234727,0.0,nan
107,34,0.013241964654451745,0.125,nan
107,35,0.005550755843052233,0.0,nan
107,36,4.951475718209538,1.0,nan
107,37,0.005717656699251366,0.0625,nan
107,38,0.007791176285109846,0.0625,nan
107,39,0.0057411943855927945,0.0,nan
107,40,0.012526311753481862,0.0625,nan
107,41,0.008607734749375909,0.0,nan
107,42,0.007850978427900276,0.0,nan
107,43,0.007947216750777506,0.0,nan
107,44,0.0203404011153053,0.0,nan
107,45,0.006522812359330037,0.0,nan
107,46,0.016327826395550995,0.0,nan
107,47,0.012401192959345633,0.0625,nan
107,48,0.1173619208423399,0.5,nan
107,49,0.0055327821573112985,0.0625,nan
107,50,0.00964920493737842,0.0,nan
107,51,0.005902402727400205,0.0,nan
107,52,0.011132461396321165,0.0,nan
107,53,0.031716204399042575,0.125,nan
107,54,0.0028053754512866683,0.0625,nan
107,55,0.0057854043347004575,0.0625,nan
107,56,0.005842411007594446,0.0,nan
107,57,0.003753029386969026,0.0,nan
107,58,0.009885592036353107,0.0,nan
107,59,0.00692164952668306,0.0,nan
107,60,0.006016855617752911,0.0,nan
107,61,0.0065994380171755344,0.0625,nan
107,62,0.011080844346674598,0.0,nan
107,63,0.008614665226097867,0.0,nan
107,64,0.006636169467734262,0.0625,nan
107,65,0.007015665216419557,0.0,nan
107,66,0.007187137690329524,0.0,nan
107,67,0.0073298230065923665,0.0,nan
107,68,0.005739724126258263,0.0,nan
107,69,0.00674751125023869,0.0,nan
107,70,0.006790642272825099,0.0625,nan
107,71,0.00635254474146432,0.0,nan
107,72,0.007825405219647414,0.0,nan
107,73,0.006526555271005473,0.0,nan
107,74,0.014961555035305957,0.3125,nan
107,75,0.010133894351321454,0.0625,nan
107,76,0.006550392711812142,0.0,nan
107,77,0.02412306515409171,0.0625,nan
107,78,0.040006403242265204,0.25,nan
107,79,0.006273501668706207,0.0,nan
107,80,0.006544382606100352,0.0625,nan
107,81,0.007747847827585521,0.0625,nan
107,82,0.004575172910575277,0.0,nan
107,83,0.007177755788805067,0.0,nan
107,84,0.013106111352692504,0.1875,nan
107,85,0.034295617412730996,0.125,nan
107,86,0.02211942462246153,0.0,nan
107,87,0.00514514859741773,0.0,nan
107,88,0.015484353774010081,0.3125,nan
107,89,0.0053187991286461865,0.0,nan
107,90,0.005088120628416468,0.0625,nan
107,91,0.011622254546535673,0.125,nan
107,92,0.004343694887258714,0.0625,nan
107,93,0.00722698391098104,0.0,nan
107,94,3.874370650501823,1.0,nan
107,95,0.004959026371268072,0.0,nan
107,96,0.0023503782164052333,0.0,nan
107,97,0.007225546917952394,0.0,nan
107,98,0.00864383445611256,0.0,nan
107,99,0.011519088116081117,0.1875,nan
108,0,0.0032525650838642803,0.0,nan
108,1,0.014745715085208895,0.0625,nan
108,2,0.008589489342864475,0.0,nan
108,3,1.404321507522694,1.0,nan
108,4,0.007270917109015259,0.0,nan
108,5,0.010341247949486947,0.0,nan
108,6,0.009682134998699361,0.0,nan
108,7,0.01766488633305098,0.0,nan
108,8,12.94686859284397,0.9375,nan
108,9,0.005496228102079963,0.125,nan
108,10,0.007215935764097029,0.0,nan
108,11,0.01557378256489006,0.125,nan
108,12,0.041584082866164954,0.125,nan
108,13,0.009945942472087691,0.0625,nan
108,14,0.009237998455588595,0.125,nan
108,15,0.025338916252732012,0.0,nan
108,16,0.03151692011489751,0.0625,nan
108,17,0.015020425711229766,0.125,nan
108,18,0.03290485942060377,0.0625,nan
108,19,0.0077253504389215135,0.125,nan
108,20,0.006179435110824236,0.0,nan
108,21,0.011446918816496137,0.0625,nan
108,22,0.014406734847728551,0.125,nan
108,23,0.02092529252707208,0.3125,nan
108,24,0.008181204419842852,0.0,nan
108,25,0.006610024799708139,0.0625,nan
108,26,0.7010239338249877,0.5625,nan
108,27,0.030117878404372307,0.125,nan
108,28,0.008100062355407046,0.0,nan
108,29,0.010839494449928452,0.0,nan
108,30,0.03352563365719481,0.1875,nan
108,31,0.004248110268741204,0.0,nan
108,32,0.006186388054053351,0.0625,nan
108,33,0.018519253759705912,0.0625,nan
108,34,0.011405519048995345,0.0625,nan
108,35,0.006232535437275371,0.0625,nan
108,36,4.8188210222393195,0.875,nan
108,37,0.008548556680788,0.125,nan
108,38,0.01740158840741905,0.0625,nan
108,39,0.010236400873019106,0.0625,nan
108,40,0.005640375302940252,0.0,nan
108,41,0.006996215303632352,0.0625,nan
108,42,0.014121673744435856,0.0,nan
108,43,0.0154917132054819,0.1875,nan
108,44,0.010283041427787304,0.0,nan
108,45,0.00971444884715559,0.0,nan
108,46,0.01996008579415458,0.0625,nan
108,47,0.017545162680003924,0.25,nan
108,48,0.02088986784758034,0.1875,nan
108,49,0.006924166784978628,0.0625,nan
108,50,0.005622314213593632,0.0625,nan
108,51,0.011075886214276862,0.0,nan
108,52,0.008212166031368592,0.0,nan
108,53,0.02386504896657728,0.125,nan
108,54,0.013548280604652331,0.1875,nan
108,55,0.014249397698663596,0.0,nan
108,56,0.017056924962224308,0.0,nan
108,57,0.0158234840916839,0.125,nan
108,58,0.027653393059660476,0.0625,nan
108,59,0.0065171619817158705,0.0,nan
108,60,0.004308134763020982,0.0,nan
108,61,0.019079061766074188,0.0,nan
108,62,0.011376355088226896,0.0,nan
108,63,0.00431307081708506,0.0,nan
108,64,0.004978003907830913,0.0625,nan
108,65,0.011860083898714596,0.0,nan
108,66,0.005293392488570775,0.0625,nan
108,67,0.02178358378092154,0.125,nan
108,68,0.00848626880367951,0.0625,nan
108,69,0.008566041582558945,0.0,nan
108,70,0.01968638735668166,0.0625,nan
108,71,0.008014381695171734,0.0,nan
108,72,0.012616359855151619,0.0625,nan
108,73,0.010045401046983971,0.0,nan
108,74,0.02837121964242001,0.0,nan
108,75,0.016915290775982587,0.0625,nan
108,76,0.008136911212862117,0.25,nan
108,77,0.011257004170915474,0.25,nan
108,78,0.028875769813059983,0.0625,nan
108,79,0.013945372541706639,0.0,nan
108,80,0.008346176207090487,0.0625,nan
108,81,0.015708499989126462,0.125,nan
108,82,0.015567405014051797,0.0,nan
108,83,0.008737139104658183,0.1875,nan
108,84,0.018966949214210764,0.0625,nan
108,85,0.020727062458460357,0.1875,nan
108,86,0.0937188576621699,0.4375,nan
108,87,0.007346088764309967,0.0,nan
108,88,0.046374096623143096,0.3125,nan
108,89,0.007932552145020843,0.0,nan
108,90,0.005584310118903738,0.0,nan
108,91,1.9466378530968442,0.9375,nan
108,92,0.014396820516521552,0.125,nan
108,93,0.008390105580160866,0.0625,nan
108,94,6.852663547661301,1.0,nan
108,95,0.005499203509610126,0.0,nan
108,96,0.019446998466998995,0.0,nan
108,97,0.007742588262824427,0.0,nan
108,98,0.012779382219577187,0.0,nan
108,99,0.04390768567499193,0.125,nan
109,0,0.010742512810591721,0.0,nan
109,1,0.017788015634295287,0.0625,nan
109,2,0.011400962100787001,0.125,nan
109,3,1.6502557741714647,1.0,nan
109,4,0.009518405000257519,0.0625,nan
109,5,0.00956129508171884,0.0,nan
109,6,0.008742838202195645,0.0625,nan
109,7,0.015756201431530295,0.0,nan
109,8,11.761811510561827,1.0,nan
109,9,0.006927672512243733,0.125,nan
109,10,0.00352619658639165,0.0,nan
109,11,0.01838944651014681,0.25,nan
109,12,0.04851836711426359,0.125,nan
109,13,0.004109070045126365,0.0,nan
109,14,0.00978505283143935,0.125,nan
109,15,0.0039630872384524935,0.0,nan
109,16,0.03226336553288388,0.125,nan
109,17,0.011070331945577565,0.125,nan
109,18,0.012538103527353774,0.0,nan
109,19,0.01293630154286315,0.0,nan
109,20,0.00727994228694892,0.0,nan
109,21,0.02232911360700499,0.125,nan
109,22,0.009113730735819305,0.0,nan
109,23,0.009002514934218307,0.0,nan
109,24,0.00549319386238987,0.0625,nan
109,25,0.006150640604761103,0.0625,nan
109,26,1.0656509650392394,0.875,nan
109,27,0.011713389965584495,0.1875,nan
109,28,0.01379479662732281,0.0625,nan
109,29,0.011152586700559578,0.0,nan
109,30,0.01175194182604418,0.0625,nan
109,31,0.012209083632081539,0.0,nan
109,32,0.010812383266709764,0.0625,nan
109,33,0.010478757581355034,0.0,nan
109,34,0.010987469805650288,0.0625,nan
109,35,0.0064944230129232935,0.0,nan
109,36,5.6548173979598,1.0,nan
109,37,0.016816627341267765,0.125,nan
109,38,0.015936027057505117,0.0,nan
109,39,0.006510364285417692,0.0,nan
109,40,0.008309519461067777,0.0,nan
109,41,0.007036693609620956,0.0625,nan
109,42,0.015930431307092256,0.0,nan
109,43,0.011347055907534466,0.0625,nan
109,44,0.02201433754618195,0.1875,nan
109,45,0.012674629634221654,0.0,nan
109,46,0.010089269102230078,0.0,nan
109,47,0.008917702083318733,0.0,nan
109,48,0.02338791193546346,0.125,nan
109,49,0.008547691303842234,0.0,nan
109,50,0.008878086725103542,0.0,nan
109,51,0.00625115451327154,0.0,nan
109,52,0.005575908531087421,0.0,nan
109,53,0.010250483990374202,0.0,nan
109,54,0.002603408599959102,0.0,nan
109,55,0.009620609066164156,0.0625,nan
109,56,0.011545766893098025,0.125,nan
109,57,0.008167027207385269,0.0625,nan
109,58,0.0124963095820535,0.0625,nan
109,59,0.0076977312292570935,0.0625,nan
109,60,0.012481070722824655,0.0,nan
109,61,0.007923931998955705,0.0625,nan
109,62,0.012463269678683372,0.0625,nan
109,63,0.007037036859534265,0.0,nan
109,64,0.011304232060650333,0.0625,nan
109,65,0.012537990017683385,0.0,nan
109,66,0.008143768296407675,0.0,nan
109,67,0.012977174780838516,0.0625,nan
109,68,0.004954678146458502,0.0,nan
109,69,0.013631562601718395,0.0,nan
109,70,0.028918826483710296,0.0625,nan
109,71,0.009103545799232242,0.0625,nan
109,72,0.004666221535525322,0.0,nan
109,73,0.006854218677219101,0.0625,nan
109,74,0.040559399047730184,0.125,nan
109,75,0.013348877755960574,0.0,nan
109,76,0.020396322564930732,0.0625,nan
109,77,0.008926212505668375,0.0,nan
109,78,0.0701171794765641,0.1875,nan
109,79,0.007519841872512601,0.0,nan
109,80,0.010764160618932383,0.0625,nan
109,81,0.011238693115929507,0.0,nan
109,82,0.012043768005289522,0.0,nan
109,83,0.009998198715745178,0.0,nan
109,84,0.0187030721042605,0.0625,nan
109,85,0.058906182901974254,0.375,nan
109,86,0.031621770413264125,0.25,nan
109,87,0.0034542745171480833,0.0,nan
109,88,0.02370169055244509,0.25,nan
109,89,0.016506405174005305,0.0,nan
109,90,0.004148009831335979,0.0,nan
109,91,1.5181528156193158,0.875,nan
109,92,0.009938786358999337,0.0,nan
109,93,0.012963155310148421,0.0,nan
109,94,16.832301260278314,1.0,nan
109,95,0.0073338677481127445,0.0,nan
109,96,0.013515435326408871,0.0625,nan
109,97,0.004358791212499281,0.0,nan
109,98,0.009805961215418003,0.0,nan
109,99,0.029284564608547576,0.125,nan
110,0,0.01114634931609786,0.0625,nan
110,1,0.015996523347816607,0.125,nan
110,2,0.00438774852459209,0.0,nan
110,3,1.190822188022242,1.0,nan
110,4,0.005002770371307374,0.0,nan
110,5,0.01470439359186982,0.0,nan
110,6,0.0042088498912334245,0.0,nan
110,7,0.011665011548910021,0.0625,nan
110,8,6.656679762461291,1.0,nan
110,9,0.0059045526273497646,0.125,nan
110,10,0.007010846698627866,0.0625,nan
110,11,0.0075772041166356635,0.0625,nan
110,12,0.016631135373381976,0.1875,nan
110,13,0.004573674421557527,0.0,nan
110,14,0.008222953013455863,0.0,nan
110,15,0.004292863693487672,0.0,nan
110,16,0.012323857109306356,0.0,nan
110,17,0.005928081903247688,0.0625,nan
110,18,0.015829993159650203,0.0625,nan
110,19,0.004772607108293886,0.0,nan
110,20,0.0022722276837498145,0.0,nan
110,21,0.016897280197739846,0.0,nan
110,22,0.002765532691435091,0.0625,nan
110,23,0.023701743411285177,0.125,nan
110,24,0.004883085274391,0.0,nan
110,25,0.011728027008257383,0.0,nan
110,26,0.9511808415481233,1.0,nan
110,27,0.017363724349304895,0.125,nan
110,28,0.011683573553672595,0.0,nan
110,29,0.004613973852672704,0.0,nan
110,30,0.008304144180061474,0.0625,nan
110,31,0.0080049740435394,0.0,nan
110,32,0.013377263717170629,0.0,nan
110,33,0.004079091125242757,0.0625,nan
110,34,0.011995273674074533,0.125,nan
110,35,0.004969441701124551,0.0,nan
110,36,3.527053137683441,1.0,nan
110,37,0.0038562334258188625,0.0,nan
110,38,0.005547696919413769,0.0,nan
110,39,0.00977100547131701,0.0625,nan
110,40,0.007594351665255011,0.0625,nan
110,41,0.0034371662664445897,0.0,nan
110,42,0.006681624462107882,0.0625,nan
110,43,0.00818452753220343,0.0625,nan
110,44,0.006716314062717341,0.0625,nan
110,45,0.006138227844269513,0.0625,nan
110,46,0.010650360182962476,0.125,nan
110,47,0.007230469606930141,0.0,nan
110,48,0.036991270962077764,0.25,nan
110,49,0.0029711771519325804,0.0,nan
110,50,0.005356855665691336,0.0,nan
110,51,0.009620271826006038,0.0,nan
110,52,0.003148287928541077,0.0,nan
110,53,0.0052609106768434916,0.1875,nan
110,54,0.008350029327655589,0.0,nan
110,55,0.005924680411142564,0.0,nan
110,56,0.003159167300484697,0.0,nan
110,57,0.009129679644240142,0.0625,nan
110,58,0.006400104914313162,0.0,nan
110,59,0.007637132253395389,0.0,nan
110,60,0.0045490444979356375,0.0,nan
110,61,0.007832553882084817,0.0,nan
110,62,0.006130261468882179,0.0,nan
110,63,0.004406510043144998,0.0,nan
110,64,0.008519034518275646,0.0625,nan
110,65,0.011862559270647454,0.0625,nan
110,66,0.009133343228324676,0.0,nan
110,67,0.005912741150595081,0.0,nan
110,68,0.0062575837012559645,0.0,nan
110,69,0.004665435039991499,0.0,nan
110,70,0.013156687536773659,0.125,nan
110,71,0.004889222491951165,0.0,nan
110,72,0.01351514393838982,0.0,nan
110,73,0.007348237468243856,0.0,nan
110,74,0.019142564742765458,0.25,nan
110,75,0.011485330864454763,0.0,nan
110,76,0.0073639945152163605,0.0625,nan
110,77,0.005689208579930447,0.0,nan
110,78,0.06783904195167459,0.125,nan
110,79,0.008666795889160047,0.0,nan
110,80,0.0052493433403575755,0.0,nan
110,81,0.012587076244767206,0.0,nan
110,82,0.0062289797188415565,0.0,nan
110,83,0.0035841887686594333,0.0,nan
110,84,0.009006377337517588,0.0,nan
110,85,0.0652011199971502,0.1875,nan
110,86,0.015218981911028547,0.125,nan
110,87,0.0053101923344161545,0.0625,nan
110,88,0.009235900613276221,0.0625,nan
110,89,0.010426446842505814,0.1875,nan
110,90,0.017408739761206077,0.0,nan
110,91,2.1532334739195984,0.875,nan
110,92,0.005188780013164804,0.0,nan
110,93,0.007787255051532262,0.0,nan
110,94,6.9566144282594635,1.0,nan
110,95,0.0070622843571761275,0.0,nan
110,96,0.007036267576689987,0.0625,nan
110,97,0.007875374418927682,0.0,nan
110,98,0.008305056128720588,0.0,nan
110,99,0.017640096196860855,0.0625,nan
111,0,0.014544514690914806,0.0,nan
111,1,0.014855372100441668,0.0625,nan
111,2,0.008100698688633768,0.0,nan
111,3,1.8223199100095906,1.0,nan
111,4,0.011007697190407912,0.0,nan
111,5,0.00892347740682871,0.0,nan
111,6,0.006490245306479342,0.0,nan
111,7,0.014345082550787966,0.125,nan
111,8,6.5220760170736,1.0,nan
111,9,0.010447702408068856,0.125,nan
111,10,0.0071827591994677205,0.0,nan
111,11,0.015102517381474386,0.0,nan
111,12,0.029741075316452724,0.0,nan
111,13,0.006050052423354969,0.0,nan
111,14,0.01054807979177631,0.0625,nan
111,15,0.0058380318698795135,0.0625,nan
111,16,0.048742058166597435,0.1875,nan
111,17,0.011636437212517083,0.0,nan
111,18,0.0074102908637335655,0.0,nan
111,19,0.010116454978609808,0.0,nan
111,20,0.005165378340125505,0.0,nan
111,21,0.009391021070260418,0.0625,nan
111,22,0.010515001670805168,0.0,nan
111,23,0.014824587580715184,0.0625,nan
111,24,0.0038752746892034367,0.0,nan
111,25,0.007873449689648503,0.0,nan
111,26,1.2363588614526928,1.0,nan
111,27,0.025775323729355745,0.125,nan
111,28,0.0031977700372954436,0.0,nan
111,29,0.007765372761364176,0.0625,nan
111,30,0.01582085351384599,0.0625,nan
111,31,0.005953031883376093,0.0,nan
111,32,0.008825886364540276,0.0,nan
111,33,0.01135559325434985,0.125,nan
111,34,0.011530055794692736,0.0,nan
111,35,0.0054214706867601915,0.0,nan
111,36,6.569278017364935,1.0,nan
111,37,0.007028388672913357,0.0,nan
111,38,0.02100231899834807,0.0625,nan
111,39,0.004955238572387717,0.0625,nan
111,40,0.004186624882083411,0.0,nan
111,41,0.003763228544585719,0.0,nan
111,42,0.014537482723401043,0.0,nan
111,43,0.020173845920689777,0.125,nan
111,44,0.00914742460203186,0.0,nan
111,45,0.01023923443616301,0.0,nan
111,46,0.015316277247684425,0.0625,nan
111,47,0.017363597140607156,0.0625,nan
111,48,0.026754308268673345,0.125,nan
111,49,0.003955785483399801,0.0,nan
111,50,0.007333434702012779,0.0,nan
111,51,0.010034925839613077,0.0,nan
111,52,0.014218258938553396,0.0,nan
111,53,0.05344297966437907,0.3125,nan
111,54,0.005763669863808595,0.0625,nan
111,55,0.005565968877667617,0.0,nan
111,56,0.013762007883425966,0.0,nan
111,57,0.00616399039192871,0.0,nan
111,58,0.0048876863806689,0.0,nan
111,59,0.009157831189811082,0.0,nan
111,60,0.005412768967281512,0.0,nan
111,61,0.009632783899926105,0.0625,nan
111,62,0.006151581230359866,0.0,nan
111,63,0.006171931214795012,0.0625,nan
111,64,0.003861834978375735,0.0,nan
111,65,0.007236476514286486,0.0,nan
111,66,0.0072754838288199945,0.0,nan
111,67,0.010877904055308887,0.0,nan
111,68,0.01610815326099438,0.0,nan
111,69,0.008925960380435928,0.0,nan
111,70,0.0058741269316694026,0.0,nan
111,71,0.006929979715974331,0.0,nan
111,72,0.007134484046460327,0.0,nan
111,73,0.004814617588701593,0.0,nan
111,74,0.029190420997886393,0.25,nan
111,75,0.01011039997407383,0.0,nan
111,76,0.018422997284967477,0.0,nan
111,77,0.015571154420374846,0.125,nan
111,78,0.04586111575305317,0.125,nan
111,79,0.005424699819763941,0.0,nan
111,80,0.005873580191684375,0.0,nan
111,81,0.011259078159167426,0.0,nan
111,82,0.0036223330978883113,0.0,nan
111,83,0.0029667747561745138,0.0,nan
111,84,0.006751149662243435,0.0,nan
111,85,0.024307367357949743,0.125,nan
111,86,0.026876959670146888,0.1875,nan
111,87,0.008022316012881454,0.0,nan
111,88,0.014984773513166011,0.1875,nan
111,89,0.029907613705459753,0.125,nan
111,90,0.00612681269860069,0.0,nan
111,91,1.8089456054241686,1.0,nan
111,92,0.003807033509335398,0.0625,nan
111,93,0.006412640880776643,0.0,nan
111,94,6.130722247919512,1.0,nan
111,95,0.010760882168779986,0.0,nan
111,96,0.008496154774017571,0.0625,nan
111,97,0.005715547413364698,0.0,nan
111,98,0.007853436383884946,0.0,nan
111,99,0.039666380824952316,0.125,nan
112,0,0.011428237260665199,0.0,nan
112,1,0.04679565072169774,0.125,nan
112,2,0.0035741501482777914,0.0,nan
112,3,1.2403091930344456,1.0,nan
112,4,0.005771202831601862,0.0,nan
112,5,0.011503746085217054,0.0,nan
112,6,0.008279456063970491,0.0625,nan
112,7,0.01596888649783175,0.0,nan
112,8,9.387085935373154,1.0,nan
112,9,0.009611851590278758,0.0,nan
112,10,0.006949015055405344,0.0,nan
112,11,0.007272788613360937,0.0,nan
112,12,0.0190832929087921,0.1875,nan
112,13,0.01335177960066388,0.0,nan
112,14,0.008907779958122385,0.0625,nan
112,15,0.002666869515259575,0.0,nan
112,16,0.055880128037174244,0.3125,nan
112,17,0.013196278149314958,0.0625,nan
112,18,0.006953064653732501,0.0,nan
112,19,0.009656458719615686,0.0,nan
112,20,0.003932020567716483,0.0625,nan
112,21,0.014624667532940826,0.0,nan
112,22,0.00650402171471043,0.0,nan
112,23,0.012256407551516997,0.125,nan
112,24,0.0030958975057069973,0.0,nan
112,25,0.004619413549745656,0.0,nan
112,26,1.1860997827337263,0.9375,nan
112,27,0.012429000150621986,0.0,nan
112,28,0.01261619690113308,0.0,nan
112,29,0.007948881602713745,0.0625,nan
112,30,0.01204973519699093,0.0625,nan
112,31,0.0036240462568806206,0.0,nan
112,32,0.015776894657880153,0.0,nan
112,33,0.005079041405452858,0.0,nan
112,34,0.009330399861935623,0.0,nan
112,35,0.005312449675287536,0.0,nan
112,36,5.480055746159136,1.0,nan
112,37,0.011773110593832254,0.0,nan
112,38,0.013346569141565755,0.125,nan
112,39,0.0058852715130683075,0.0,nan
112,40,0.01077033740765521,0.0,nan
112,41,0.004841296974451134,0.0,nan
112,42,0.010510166392054945,0.0,nan
112,43,0.014091087749075783,0.125,nan
112,44,0.01278116409474708,0.0625,nan
112,45,0.0030715668268159755,0.0,nan
112,46,0.010656902563660914,0.0,nan
112,47,0.034139802014924385,0.125,nan
112,48,0.020970440981260094,0.1875,nan
112,49,0.011041627758417846,0.0,nan
112,50,0.005419039527671542,0.0,nan
112,51,0.014009986926939257,0.0,nan
112,52,0.010987849842840855,0.0,nan
112,53,0.026631747110691155,0.0625,nan
112,54,0.004829854330545752,0.0,nan
112,55,0.009325601236069774,0.0625,nan
112,56,0.01021150241370605,0.0,nan
112,57,0.007978645848350289,0.0,nan
112,58,0.008490155365860202,0.0625,nan
112,59,0.00505414754577236,0.0625,nan
112,60,0.012375502129660576,0.0,nan
112,61,0.008199956426834385,0.0,nan
112,62,0.008078704933696878,0.0625,nan
112,63,0.005473820316308119,0.0,nan
112,64,0.007661759472915567,0.0,nan
112,65,0.013008201899898026,0.0,nan
112,66,0.006481224113023224,0.0,nan
112,67,0.0035708610102967433,0.0,nan
112,68,0.011905234840894067,0.0,nan
112,69,0.010704761404305277,0.0,nan
112,70,0.010663202071434364,0.0625,nan
112,71,0.014114115668007975,0.0625,nan
112,72,0.008847149318170641,0.0,nan
112,73,0.00709562984797289,0.0,nan
112,74,0.012165614214193085,0.0625,nan
112,75,0.009349635712401818,0.0,nan
112,76,0.01120583906462984,0.125,nan
112,77,0.015093898188127515,0.125,nan
112,78,0.08639648541071643,0.3125,nan
112,79,0.008148381836374922,0.0,nan
112,80,0.004218133770911953,0.0,nan
112,81,0.013930231958404852,0.1875,nan
112,82,0.0060064433246397285,0.0,nan
112,83,0.006273093902859291,0.0,nan
112,84,0.011601358975071726,0.0,nan
112,85,0.060671578277830554,0.375,nan
112,86,0.05911747797013477,0.1875,nan
112,87,0.00871470746651305,0.0625,nan
112,88,0.02296752395706564,0.3125,nan
112,89,0.03631129866383474,0.125,nan
112,90,0.0032743327578446495,0.0,nan
112,91,3.3137949180194894,0.9375,nan
112,92,0.007550820433947936,0.0625,nan
112,93,0.004968417123417553,0.0,nan
112,94,7.67179487883179,1.0,nan
112,95,0.010828052474228564,0.0,nan
112,96,0.011091015121284005,0.0625,nan
112,97,0.01704161665529379,0.125,nan
112,98,0.007122543506667427,0.0625,nan
112,99,0.021650570730082787,0.0625,nan
113,0,0.008697171093469323,0.0625,nan
113,1,0.018211473934281214,0.0,nan
113,2,0.01116194802153396,0.0,nan
113,3,1.1785920931811642,1.0,nan
113,4,0.007784704054768107,0.0,nan
113,5,0.010205233473022983,0.0,nan
113,6,0.013456334677037562,0.0,nan
113,7,0.010406407580468412,0.0625,nan
113,8,6.743359580984308,1.0,nan
113,9,0.01184808844178415,0.0,nan
113,10,0.0076431269932960896,0.0625,nan
113,11,0.009950654755576027,0.0625,nan
113,12,0.06226357310512691,0.3125,nan
113,13,0.008533545018933459,0.0,nan
113,14,0.011265219572184876,0.0,nan
113,15,0.008231081536625856,0.0625,nan
113,16,0.016264960843756986,0.125,nan
113,17,0.01606540905446717,0.0625,nan
113,18,0.004821518870572439,0.0,nan
113,19,0.01332361187386237,0.0625,nan
113,20,0.0028312836647103783,0.0,nan
113,21,0.008637983591462265,0.0,nan
113,22,0.006397978617282684,0.0,nan
113,23,0.023499185962099003,0.1875,nan
113,24,0.004617449871504061,0.0625,nan
113,25,0.004332114290871502,0.0,nan
113,26,1.746435506676937,0.9375,nan
113,27,0.019695551640626013,0.125,nan
113,28,0.037557609184197455,0.1875,nan
113,29,0.01273384583538684,0.0,nan
113,30,0.009760410600176631,0.0625,nan
113,31,0.009211320483972602,0.0625,nan
113,32,0.00587406519068276,0.0,nan
113,33,0.00912253906818412,0.0,nan
113,34,0.007420822591774511,0.0625,nan
113,35,0.010426876992316567,0.0,nan
113,36,5.109820650712967,1.0,nan
113,37,0.011434677446706867,0.0,nan
113,38,0.019290530085375984,0.0,nan
113,39,0.0061741668179457945,0.0,nan
113,40,0.013161355597029587,0.125,nan
113,41,0.006862436026441368,0.0625,nan
113,42,0.007891036988416304,0.125,nan
113,43,0.01269136233770798,0.0,nan
113,44,0.012070593049096908,0.0,nan
113,45,0.011678802508422681,0.0,nan
113,46,0.006664491610321262,0.0,nan
113,47,0.013325701577991834,0.0,nan
113,48,0.0261946102281305,0.125,nan
113,49,0.012961333742346547,0.0,nan
113,50,0.00733371968934483,0.0,nan
113,51,0.006332444963238108,0.0,nan
113,52,0.004488184841445738,0.0,nan
113,53,0.012458977067718372,0.0625,nan
113,54,0.009251605757200201,0.0625,nan
113,55,0.004143065632345542,0.0625,nan
113,56,0.007633869122434356,0.0,nan
113,57,0.008717862815376728,0.0,nan
113,58,0.008620415045370936,0.0625,nan
113,59,0.0130582296739547,0.0625,nan
113,60,0.0067902709517730815,0.0,nan
113,61,0.010683447468915254,0.0625,nan
113,62,0.009598964133267829,0.0,nan
113,63,0.006130644057651778,0.0,nan
113,64,0.009375481259462198,0.0,nan
113,65,0.006286914500881527,0.0,nan
113,66,0.008445598215995321,0.0,nan
113,67,0.008861059253346437,0.0,nan
113,68,0.005337586733250861,0.0,nan
113,69,0.009383270739521148,0.0,nan
113,70,0.009980139677999373,0.0,nan
113,71,0.008233323075067106,0.0625,nan
113,72,0.007818491695106046,0.0,nan
113,73,0.005073117473005766,0.0,nan
113,74,0.040333879011150126,0.3125,nan
113,75,0.037207451235664823,0.125,nan
113,76,0.005269147041710774,0.0625,nan
113,77,0.013030702045067545,0.0625,nan
113,78,0.04023429506004625,0.25,nan
113,79,0.005381716221714199,0.0,nan
113,80,0.008500766090646747,0.0,nan
113,81,0.009692268539870083,0.0,nan
113,82,0.011329921863034602,0.0625,nan
113,83,0.005041679421411295,0.0,nan
113,84,0.03562736830227787,0.125,nan
113,85,0.08497042823180152,0.375,nan
113,86,0.07311658009703345,0.375,nan
113,87,0.009856293831392204,0.0625,nan
113,88,0.0172951510931777,0.125,nan
113,89,0.029085060228587943,0.1875,nan
113,90,0.010481000832485612,0.0,nan
113,91,1.8610521241698517,0.875,nan
113,92,0.005877424131929003,0.0,nan
113,93,0.015527833210920758,0.25,nan
113,94,5.54393539676637,1.0,nan
113,95,0.004720689068898774,0.0625,nan
113,96,0.00928312659997079,0.0625,nan
113,97,0.008700806738589896,0.0625,nan
113,98,0.0056640047928448525,0.0,nan
113,99,0.03454740415581071,0.0625,nan
114,0,0.00450695308711294,0.0,nan
114,1,0.012710739989368267,0.125,nan
114,2,0.0042069737093023,0.0,nan
114,3,1.7697809211276165,1.0,nan
114,4,0.014842765232987058,0.1875,nan
114,5,0.015332943793517129,0.0,nan
114,6,0.007079934932344378,0.0,nan
114,7,0.011906872541289262,0.0625,nan
114,8,6.651065660773696,0.9375,nan
114,9,0.006495625046092603,0.0625,nan
114,10,0.008667412577919524,0.0625,nan
114,11,0.00604855674431156,0.0,nan
114,12,0.03554417613344783,0.0,nan
114,13,0.008650003947617004,0.0,nan
114,14,0.018167462502895977,0.0625,nan
114,15,0.005302487407772825,0.0,nan
114,16,0.024335049630687354,0.0625,nan
114,17,0.014897232040587908,0.0,nan
114,18,0.007751144108761716,0.0,nan
114,19,0.011012001626455218,0.0,nan
114,20,0.006781835121187357,0.1875,nan
114,21,0.009307612771490779,0.125,nan
114,22,0.005780910550574139,0.0,nan
114,23,0.015260252379320077,0.125,nan
114,24,0.0035796692503679123,0.0,nan
114,25,0.013855748134606204,0.0625,nan
114,26,0.9477122377574507,0.75,nan
114,27,0.009541601603095813,0.125,nan
114,28,0.007779660462766638,0.0,nan
114,29,0.009182922309472749,0.0,nan
114,30,0.009786087813497761,0.0625,nan
114,31,0.011312153283823425,0.0625,nan
114,32,0.005864721887861966,0.0,nan
114,33,0.008353570291786972,0.0,nan
114,34,0.01640334007149411,0.125,nan
114,35,0.007694656995365381,0.0,nan
114,36,4.9971950928986795,1.0,nan
114,37,0.011341217506936261,0.0,nan
114,38,0.008515643477242884,0.0,nan
114,39,0.008566329014790784,0.0,nan
114,40,0.005684703876097685,0.0,nan
114,41,0.0032258971804285897,0.0,nan
114,42,0.008290924288642362,0.0625,nan
114,43,0.019211752409932177,0.125,nan
114,44,0.015559178703630796,0.0625,nan
114,45,0.0038206152140380367,0.0,nan
114,46,0.006108081197447578,0.0,nan
114,47,0.003919690388837069,0.0,nan
114,48,0.016136746574490685,0.125,nan
114,49,0.007824744450623172,0.0,nan
114,50,0.010830793253885612,0.0,nan
114,51,0.005470403925121627,0.0,nan
114,52,0.00411273285954419,0.0,nan
114,53,0.024460223311814,0.0,nan
114,54,0.004965622669136213,0.0,nan
114,55,0.0034064482417637803,0.0,nan
114,56,0.0106005961314695,0.0,nan
114,57,0.0061194950530040915,0.0625,nan
114,58,0.007292889768996488,0.0625,nan
114,59,0.010479027563621096,0.0,nan
114,60,0.008764260491072914,0.0,nan
114,61,0.008718589446861269,0.0625,nan
114,62,0.016482032773266795,0.0,nan
114,63,0.007960889038921877,0.0,nan
114,64,0.006983480663156602,0.0,nan
114,65,0.004020808214736351,0.0,nan
114,66,0.006202942290763705,0.0,nan
114,67,0.006432344106577691,0.0,nan
114,68,0.005022174048814982,0.0,nan
114,69,0.008247538135313096,0.0625,nan
114,70,0.008348703038826013,0.0625,nan
114,71,0.007375244977606499,0.0,nan
114,72,0.011122625936769623,0.0625,nan
114,73,0.016580141760227617,0.0,nan
114,74,0.014077767285491085,0.0,nan
114,75,0.00720592351748715,0.0625,nan
114,76,0.012305051922922399,0.0,nan
114,77,0.006328598598356136,0.125,nan
114,78,0.04386307520426207,0.3125,nan
114,79,0.010795678111453356,0.0,nan
114,80,0.007772836151583215,0.0,nan
114,81,0.01025951060584646,0.0,nan
114,82,0.005934380066038162,0.0,nan
114,83,0.008081304951938902,0.0625,nan
114,84,0.0033943245280184673,0.0,nan
114,85,0.14057528199893568,0.5,nan
114,86,0.029111840899888754,0.125,nan
114,87,0.011542374423816715,0.0625,nan
114,88,0.021500923076621003,0.0,nan
114,89,0.005534680649176329,0.0,nan
114,90,0.004038209261070061,0.0,nan
114,91,1.5323986214115957,0.875,nan
114,92,0.004576161851725837,0.0,nan
114,93,0.010181977948705945,0.0,nan
114,94,6.82962013738285,1.0,nan
114,95,0.00788774206244967,0.125,nan
114,96,0.014999532778465684,0.0625,nan
114,97,0.011224596860351653,0.0625,nan
114,98,0.005091725038118809,0.0,nan
114,99,0.0277568245704655,0.0625,nan
115,0,0.010814097390187748,0.0,nan
115,1,0.040305602715324115,0.125,nan
115,2,0.00690468281255131,0.0,nan
115,3,1.4201032000519498,1.0,nan
115,4,0.010619702020590007,0.0,nan
115,5,0.007394842324707352,0.0,nan
115,6,0.01476304858353032,0.0,nan
115,7,0.0034646470899924856,0.0,nan
115,8,7.029869610416943,1.0,nan
115,9,0.01600717309576192,0.0625,nan
115,10,0.003401887770646846,0.0,nan
115,11,0.008787303576953925,0.125,nan
115,12,0.024277653987966854,0.1875,nan
115,13,0.00759075137182941,0.0,nan
115,14,0.011914258694134126,0.0625,nan
115,15,0.004124337476765588,0.0,nan
115,16,0.023621318343602635,0.0,nan
115,17,0.00934779530258361,0.0625,nan
115,18,0.00741057031421689,0.0,nan
115,19,0.009279025984406358,0.0625,nan
115,20,0.014258385161464396,0.0625,nan
115,21,0.007354493077387457,0.0625,nan
115,22,0.003753947582813265,0.0,nan
115,23,0.02215827984289437,0.125,nan
115,24,0.0035813442415777892,0.0,nan
115,25,0.0063018133045257396,0.0,nan
115,26,1.5058759289132793,1.0,nan
115,27,0.00799912143969914,0.125,nan
115,28,0.011863195161280322,0.0625,nan
115,29,0.011089126525767878,0.0,nan
115,30,0.007323969081933029,0.0,nan
115,31,0.006728131105378158,0.0,nan
115,32,0.0025583597373452964,0.0625,nan
115,33,0.005742613991332863,0.0,nan
115,34,0.011086063132974663,0.1875,nan
115,35,0.0069858760400202755,0.0,nan
115,36,4.508688084709229,1.0,nan
115,37,0.025080613592562473,0.0625,nan
115,38,0.017022216463059257,0.1875,nan
115,39,0.004909813848113509,0.0,nan
115,40,0.0022545311171421516,0.125,nan
115,41,0.0035985666859671347,0.0625,nan
115,42,0.018204450720496264,0.0,nan
115,43,0.010506556520347264,0.0,nan
115,44,0.017820105178722574,0.125,nan
115,45,0.013117519944893113,0.0,nan
115,46,0.006985241243930981,0.0,nan
115,47,0.009247198865942174,0.0,nan
115,48,0.017772847024655224,0.25,nan
115,49,0.00966707546021588,0.0,nan
115,50,0.0052496656159989235,0.0,nan
115,51,0.010556478770445134,0.0,nan
115,52,0.011889092234251584,0.0,nan
115,53,0.01113714358730253,0.125,nan
115,54,0.008791681937086241,0.0,nan
115,55,0.0031552916993659347,0.0,nan
115,56,0.013136935994026029,0.0,nan
115,57,0.012343611045669578,0.0625,nan
115,58,0.017561042103669475,0.125,nan
115,59,0.01068721471819789,0.0,nan
115,60,0.005196245714607648,0.0,nan
115,61,0.012823469168458657,0.0625,nan
115,62,0.0026627321135295956,0.0,nan
115,63,0.009558934120773636,0.0,nan
115,64,0.005770050468018413,0.0,nan
115,65,0.0086551820365836,0.0,nan
115,66,0.007367286688536319,0.0,nan
115,67,0.005694902554376857,0.0,nan
115,68,0.011924490692475101,0.0625,nan
115,69,0.013229152859937518,0.0,nan
115,70,0.005062844822354832,0.0,nan
115,71,0.0029330902831841673,0.0,nan
115,72,0.0027207787689394764,0.0,nan
115,73,0.004865190108983647,0.0,nan
115,74,0.07112723718854295,0.375,nan
115,75,0.008394747196799286,0.0,nan
115,76,0.011429890156021943,0.0,nan
115,77,0.005268994771103998,0.0,nan
115,78,0.06558843984862789,0.25,nan
115,79,0.016924629680782895,0.0,nan
115,80,0.01230199052255315,0.0625,nan
115,81,0.014125604643298796,0.0625,nan
115,82,0.005962533171947523,0.0,nan
115,83,0.004818048709578412,0.0625,nan
115,84,0.015532258326816232,0.0,nan
115,85,0.03519021310610614,0.1875,nan
115,86,0.04627908653012577,0.25,nan
115,87,0.01007238871346295,0.0,nan
115,88,0.04478565356189153,0.1875,nan
115,89,0.012841707906447895,0.0625,nan
115,90,0.010411655208526514,0.0625,nan
115,91,1.9197974287286903,0.9375,nan
115,92,0.006853313010777606,0.125,nan
115,93,0.008503637243166648,0.0625,nan
115,94,9.252325742663064,1.0,nan
115,95,0.005284997540781142,0.0,nan
115,96,0.006037271939926734,0.0625,nan
115,97,0.0069193743132667865,0.0,nan
115,98,0.013661646590967646,0.125,nan
115,99,0.10143623386552625,0.375,nan
116,0,0.013766335348126019,0.0625,nan
116,1,0.022768196958406074,0.1875,nan
116,2,0.00597339193999696,0.0625,nan
116,3,1.2607503173849246,0.9375,nan
116,4,0.009451000517889831,0.0,nan
116,5,0.008368757074938287,0.0,nan
116,6,0.005801143915974593,0.0,nan
116,7,0.011106762650016248,0.0,nan
116,8,4.0460050697143295,0.9375,nan
116,9,0.005724965251702881,0.0625,nan
116,10,0.004673800812171074,0.0,nan
116,11,0.009806289915056318,0.125,nan
116,12,0.012906110446321848,0.25,nan
116,13,0.010228056995930435,0.0625,nan
116,14,0.012759896758155762,0.0,nan
116,15,0.007610152600952215,0.0,nan
116,16,0.02480436362679827,0.1875,nan
116,17,0.015308313675890067,0.0625,nan
116,18,0.006912020567444881,0.0,nan
116,19,0.02208778063198497,0.1875,nan
116,20,0.004963895969547334,0.0,nan
116,21,0.014521335387876182,0.0,nan
116,22,0.0066942213529451195,0.0,nan
116,23,0.023193125266925404,0.0,nan
116,24,0.009917494131489419,0.0625,nan
116,25,0.011203320462225039,0.1875,nan
116,26,0.9729200016242154,0.9375,nan
116,27,0.04689933968746572,0.125,nan
116,28,0.013467044128120779,0.0,nan
116,29,0.010008382096292595,0.0,nan
116,30,0.05625380011436783,0.0625,nan
116,31,0.007952963803939249,0.0,nan
116,32,0.009615900489927928,0.0625,nan
116,33,0.0042273806085580306,0.0,nan
116,34,0.011704574544295824,0.0,nan
116,35,0.005694927314095827,0.0625,nan
116,36,6.923968210276707,1.0,nan
116,37,0.009305777910430201,0.0625,nan
116,38,0.02524303955377231,0.0625,nan
116,39,0.005743699870494906,0.0,nan
116,40,0.015484029992822095,0.0,nan
116,41,0.007585869908136243,0.0625,nan
116,42,0.016020833573149672,0.0,nan
116,43,0.01197116561212188,0.0,nan
116,44,0.012829062996174924,0.125,nan
116,45,0.007695848875148034,0.0,nan
116,46,0.00924620346871979,0.0,nan
116,47,0.00829211714371185,0.0625,nan
116,48,0.05256136710997141,0.375,nan
116,49,0.004243439170385036,0.0625,nan
116,50,0.007063772739747625,0.0,nan
116,51,0.007333361914277584,0.0,nan
116,52,0.006628113884003542,0.0,nan
116,53,0.037041300402115764,0.1875,nan
116,54,0.004218384128429816,0.0,nan
116,55,0.008419330989555199,0.0625,nan
116,56,0.008426885923070775,0.0,nan
116,57,0.007521126483595321,0.0625,nan
116,58,0.012558579226707882,0.0625,nan
116,59,0.006301229400759133,0.0625,nan
116,60,0.004809236859851504,0.0,nan
116,61,0.009697983790854224,0.0,nan
116,62,0.012547717198392781,0.0,nan
116,63,0.010317342555808408,0.0,nan
116,64,0.007085274501422904,0.0625,nan
116,65,0.008244506273006652,0.0,nan
116,66,0.0059487795336932905,0.0,nan
116,67,0.007294841545736353,0.0,nan
116,68,0.006257959097813064,0.0,nan
116,69,0.010759941819059494,0.0,nan
116,70,0.0240077540537126,0.0,nan
116,71,0.005559837335318457,0.0625,nan
116,72,0.007573284915644052,0.0,nan
116,73,0.00849164873997305,0.0625,nan
116,74,0.05882279399104813,0.25,nan
116,75,0.009041398312680375,0.0,nan
116,76,0.0081027115057387,0.0625,nan
116,77,0.012237591564953468,0.0,nan
116,78,0.03714932237266452,0.125,nan
116,79,0.005653104900850699,0.0,nan
116,80,0.0027931078334221746,0.0,nan
116,81,0.008935153842631821,0.125,nan
116,82,0.00820053566145695,0.0,nan
116,83,0.0068727506240045125,0.0,nan
116,84,0.012446169932897272,0.0625,nan
116,85,0.03836397761707616,0.25,nan
116,86,0.08525228947489118,0.3125,nan
116,87,0.006184047961722267,0.0625,nan
116,88,0.014120581541788666,0.25,nan
116,89,0.01575706918976801,0.0,nan
116,90,0.006478926197685636,0.0,nan
116,91,0.7523589278790989,0.6875,nan
116,92,0.006800427574338274,0.0625,nan
116,93,0.011630108303987332,0.0625,nan
116,94,4.225913208378186,1.0,nan
116,95,0.006805345052526468,0.0,nan
116,96,0.007888156608201047,0.0625,nan
116,97,0.011239731920553251,0.0625,nan
116,98,0.0056128576839158464,0.0625,nan
116,99,0.011010351740893374,0.125,nan
117,0,0.005969269446093399,0.0625,nan
117,1,0.030576487289791794,0.3125,nan
117,2,0.003624020766126535,0.0,nan
117,3,1.5135845727158892,1.0,nan
117,4,0.005505180718650233,0.0,nan
117,5,0.0042171339769531855,0.0,nan
117,6,0.007981607101303616,0.0,nan
117,7,0.011500857646276536,0.0,nan
117,8,8.373993289827027,1.0,nan
117,9,0.0047195955330292865,0.0,nan
117,10,0.006213851045131568,0.0,nan
117,11,0.005914041636634844,0.0,nan
117,12,0.056771068658777984,0.125,nan
117,13,0.004228534150321411,0.0,nan
117,14,0.007729102628600642,0.0,nan
117,15,0.011853939815889177,0.0625,nan
117,16,0.012518060907341057,0.0,nan
117,17,0.005303113145604959,0.0,nan
117,18,0.012006752587844692,0.0625,nan
117,19,0.01177570013760685,0.125,nan
117,20,0.007171835679855589,0.0,nan
117,21,0.0036869709151015487,0.0,nan
117,22,0.009654373251561337,0.0,nan
117,23,0.004046024180292398,0.0,nan
117,24,0.005580893313016267,0.0625,nan
117,25,0.006842644829804004,0.0,nan
117,26,1.218802645284549,1.0,nan
117,27,0.011162464018539868,0.0,nan
117,28,0.0038367055076830637,0.0,nan
117,29,0.0066914464608109035,0.0,nan
117,30,0.007698506866631141,0.125,nan
117,31,0.008709054648185638,0.0,nan
117,32,0.007555027117389777,0.0,nan
117,33,0.006169266597444539,0.0,nan
117,34,0.007905928029395323,0.0,nan
117,35,0.0024125611777430604,0.0,nan
117,36,3.323630326803557,0.9375,nan
117,37,0.003779748015028256,0.0,nan
117,38,0.005320389686483476,0.125,nan
117,39,0.00469550863065827,0.0625,nan
117,40,0.0035953826632646522,0.0,nan
117,41,0.00658462356477814,0.0625,nan
117,42,0.007238044311685314,0.0,nan
117,43,0.014418733801116797,0.3125,nan
117,44,0.014068994567958192,0.0625,nan
117,45,0.006389708021421227,0.0,nan
117,46,0.01099017182468932,0.0625,nan
117,47,0.005841147990076923,0.0,nan
117,48,0.007773520068453986,0.0625,nan
117,49,0.002400506919821436,0.0,nan
117,50,0.002346836095149585,0.0,nan
117,51,0.005044093728224931,0.0,nan
117,52,0.004761130923896439,0.0625,nan
117,53,0.010816901029866332,0.1875,nan
117,54,0.009812666929739321,0.0,nan
117,55,0.006640045292563167,0.0,nan
117,56,0.008884356439007743,0.0,nan
117,57,0.008771554411384294,0.0625,nan
117,58,0.010673670580934576,0.0,nan
117,59,0.006841844774194198,0.0,nan
117,60,0.0037467021584334636,0.0,nan
117,61,0.005119488878437292,0.0,nan
117,62,0.008207719805519629,0.0,nan
117,63,0.005299513572304216,0.0,nan
117,64,0.008765798726755702,0.0,nan
117,65,0.009864215314678126,0.0,nan
117,66,0.0065997602093917735,0.0,nan
117,67,0.008921223325305132,0.0625,nan
117,68,0.00441209119152886,0.0,nan
117,69,0.009263900323957006,0.0,nan
117,70,0.0077283981930793815,0.0625,nan
117,71,0.0034501506077687398,0.0,nan
117,72,0.007647992170236012,0.0,nan
117,73,0.007507926053369638,0.0,nan
117,74,0.09332057529446917,0.3125,nan
117,75,0.0029802486185642523,0.0,nan
117,76,0.006969864240765034,0.0,nan
117,77,0.012671094948112256,0.0,nan
117,78,0.02104904580637509,0.1875,nan
117,79,0.005501503211255443,0.0,nan
117,80,0.009832091779537555,0.0,nan
117,81,0.00959374022204659,0.0,nan
117,82,0.005812507533060242,0.0,nan
117,83,0.0022452441963009134,0.0,nan
117,84,0.007698014652635109,0.0625,nan
117,85,0.013536197125576271,0.1875,nan
117,86,0.05074214824212532,0.375,nan
117,87,0.011288202646832144,0.0625,nan
117,88,0.013701653228043852,0.3125,nan
117,89,0.010067534442384958,0.0,nan
117,90,0.003375173979326785,0.0,nan
117,91,1.638089503403942,0.9375,nan
117,92,0.004454319507042279,0.0,nan
117,93,0.006119232948327785,0.0,nan
117,94,6.726933274650567,1.0,nan
117,95,0.005785957104079234,0.0,nan
117,96,0.007336799027623699,0.0,nan
117,97,0.004896508684749359,0.0,nan
117,98,0.009001547081933408,0.0625,nan
117,99,0.01087352257287908,0.25,nan
118,0,0.009321847585786792,0.0,nan
118,1,0.02217719634430137,0.125,nan
118,2,0.007031837762902124,0.0,nan
118,3,1.7629048750786573,1.0,nan
118,4,0.01004507149152642,0.0,nan
118,5,0.00915303921822037,0.0,nan
118,6,0.008345955193923154,0.0,nan
118,7,0.00905514086633616,0.0625,nan
118,8,7.0809037237430585,1.0,nan
118,9,0.011997034552220329,0.0,nan
118,10,0.0031066503871553805,0.0,nan
118,11,0.010934026978991734,0.0625,nan
118,12,0.026243310644737405,0.0625,nan
118,13,0.0061730631963065755,0.0,nan
118,14,0.011215840340529495,0.0,nan
118,15,0.0022399708837024883,0.0,nan
118,16,0.0118718057503396,0.125,nan
118,17,0.010903171810977212,0.0625,nan
118,18,0.00881457416167826,0.0625,nan
118,19,0.008544753969776412,0.0625,nan
118,20,0.012930858779171193,0.0,nan
118,21,0.00837035029121562,0.0625,nan
118,22,0.015540685057466353,0.0625,nan
118,23,0.009515578911571544,0.0,nan
118,24,0.013005105590780344,0.0,nan
118,25,0.006252168977213845,0.0625,nan
118,26,1.2206460516339273,0.9375,nan
118,27,0.02130474711450006,0.125,nan
118,28,0.008049671458511255,0.0,nan
118,29,0.016001361949445028,0.0,nan
118,30,0.00765972550212011,0.0,nan
118,31,0.005566437192610872,0.0625,nan
118,32,0.009470656706403426,0.0,nan
118,33,0.009453349954182646,0.0,nan
118,34,0.016275444397927295,0.0625,nan
118,35,0.003152830980062839,0.0,nan
118,36,2.785913077210197,1.0,nan
118,37,0.01940053418274408,0.0,nan
118,38,0.005238392491096222,0.0625,nan
118,39,0.004964893981491228,0.0,nan
118,40,0.004945253183578857,0.0625,nan
118,41,0.007517536965469397,0.0625,nan
118,42,0.011663472522660378,0.0,nan
118,43,0.01764139307514105,0.0,nan
118,44,0.021237818768352214,0.0625,nan
118,45,0.010441129531277097,0.0,nan
118,46,0.006996105254608868,0.0625,nan
118,47,0.021709677477923024,0.0625,nan
118,48,0.030807213446828484,0.125,nan
118,49,0.007868719878731289,0.0,nan
118,50,0.002421387284213817,0.0,nan
118,51,0.007068337100198694,0.0,nan
118,52,0.031502498386366394,0.0625,nan
118,53,0.008940638593922388,0.0625,nan
118,54,0.009587804279202874,0.0,nan
118,55,0.004852273565775264,0.0,nan
118,56,0.008330812348611985,0.0,nan
118,57,0.009992432626261396,0.0,nan
118,58,0.007890259098651735,0.0,nan
118,59,0.0063098181155826424,0.0,nan
118,60,0.005981833853716638,0.0,nan
118,61,0.0038625670155298907,0.0,nan
118,62,0.00525593433268556,0.0,nan
118,63,0.00810346669464315,0.0,nan
118,64,0.0038803607338268992,0.0,nan
118,65,0.013934541777228143,0.0,nan
118,66,0.00846957550733877,0.0625,nan
118,67,0.0064734999372085015,0.0,nan
118,68,0.006023106875611028,0.0,nan
118,69,0.016844542781641096,0.0,nan
118,70,0.00927452299892703,0.0,nan
118,71,0.006287820209878798,0.0,nan
118,72,0.006096103090620125,0.0,nan
118,73,0.004735202818914565,0.0,nan
118,74,0.05914654115389274,0.25,nan
118,75,0.006300499114701994,0.0,nan
118,76,0.010760448561371485,0.0,nan
118,77,0.012764971575752227,0.0,nan
118,78,0.07954885421924208,0.25,nan
118,79,0.008160535815900292,0.0,nan
118,80,0.006054331069241456,0.0625,nan
118,81,0.03501234921057733,0.125,nan
118,82,0.014428643086169285,0.125,nan
118,83,0.005789026510087976,0.0,nan
118,84,0.0070760261244510545,0.0625,nan
118,85,0.04113826944032356,0.25,nan
118,86,0.017630116210541162,0.1875,nan
118,87,0.011999210887292465,0.0625,nan
118,88,0.04042610048207541,0.25,nan
118,89,0.01604038468785738,0.0625,nan
118,90,0.004503015142654942,0.0,nan
118,91,2.3689213451895177,0.875,nan
118,92,0.0033125597091081503,0.0,nan
118,93,0.008348108126834387,0.0,nan
118,94,8.128939160195362,1.0,nan
118,95,0.00605961220936525,0.0,nan
118,96,0.0068314420587640545,0.0625,nan
118,97,0.006055828816761467,0.0,nan
118,98,0.01017853274507987,0.0,nan
118,99,0.029848730764411763,0.0625,nan
119,0,0.008508415376495838,0.0625,nan
119,1,0.02125590800040019,0.1875,nan
119,2,0.010000802845955763,0.0625,nan
119,3,1.4593479116554504,1.0,nan
119,4,0.004920070279831742,0.0,nan
119,5,0.00806383328336553,0.0,nan
119,6,0.011225549800260266,0.0625,nan
119,7,0.00821177037796694,0.0,nan
119,8,10.963332887783253,1.0,nan
119,9,0.008451610115320682,0.0,nan
119,10,0.003575301312253157,0.0,nan
119,11,0.010183768531863,0.0625,nan
119,12,0.09066922375903796,0.375,nan
119,13,0.010656866202714554,0.0,nan
119,14,0.008759298838279141,0.0625,nan
119,15,0.004137560364487057,0.0,nan
119,16,0.027626512210288744,0.125,nan
119,17,0.005479162782329298,0.0,nan
119,18,0.007360554492932643,0.0,nan
119,19,0.02393874989503471,0.125,nan
119,20,0.003861946969819899,0.0,nan
119,21,0.02003707638654063,0.125,nan
119,22,0.009182100256764088,0.0,nan
119,23,0.006628370364530923,0.0,nan
119,24,0.004526374832737094,0.0,nan
119,25,0.009233045296969281,0.0,nan
119,26,1.107511448170293,1.0,nan
119,27,0.0027507709882066992,0.0625,nan
119,28,0.009070163124358765,0.0,nan
119,29,0.00926307495122626,0.0,nan
119,30,0.012115076828369022,0.0,nan
119,31,0.002521924188353863,0.0,nan
119,32,0.00436883449465775,0.0,nan
119,33,0.004668141516801888,0.0,nan
119,34,0.007164479250874985,0.0,nan
119,35,0.0021582771119103878,0.0,nan
119,36,4.711557988729567,1.0,nan
119,37,0.028729621149946604,0.125,nan
119,38,0.020547873771211825,0.0,nan
119,39,0.00465652894618343,0.0,nan
119,40,0.013091772637242299,0.0625,nan
119,41,0.0034100707978616997,0.0625,nan
119,42,0.012919487268847476,0.0,nan
119,43,0.004259288269393704,0.0625,nan
119,44,0.01854284695413759,0.0625,nan
119,45,0.013564808228671952,0.125,nan
119,46,0.006097866471007258,0.0625,nan
119,47,0.03579520315810108,0.125,nan
119,48,0.010005182246685045,0.0625,nan
119,49,0.009299812116335189,0.0,nan
119,50,0.004677976928915686,0.0,nan
119,51,0.007989851187249847,0.0,nan
119,52,0.0053001762399098665,0.0,nan
119,53,0.012898519426063581,0.125,nan
119,54,0.006179666398131181,0.0625,nan
119,55,0.005876962221394254,0.0,nan
119,56,0.0024538147983138793,0.0,nan
119,57,0.010834938548027044,0.0,nan
119,58,0.012529292739299529,0.0,nan
119,59,0.0120531042946436,0.0,nan
119,60,0.007582983749982063,0.0,nan
119,61,0.011935836325987501,0.0,nan
119,62,0.008840937339846077,0.0,nan
119,63,0.0015020085091522837,0.0,nan
119,64,0.008476096462875836,0.0625,nan
119,65,0.014623547383263266,0.0625,nan
119,66,0.009869595122068402,0.0,nan
119,67,0.007048523626463237,0.0625,nan
119,68,0.010387337716537229,0.0,nan
119,69,0.014286139128048663,0.0,nan
119,70,0.004032249156684024,0.0,nan
119,71,0.005132471543434351,0.0,nan
119,72,0.00619584429994877,0.0,nan
119,73,0.006541802258095684,0.0,nan
119,74,0.12660759668321567,0.4375,nan
119,75,0.01191792938104622,0.0,nan
119,76,0.011210986005188796,0.0,nan
119,77,0.012852323735853616,0.0,nan
119,78,0.03860639982710479,0.3125,nan
119,79,0.0024101220783098454,0.0,nan
119,80,0.007781467423647246,0.0,nan
119,81,0.010773346448835819,0.0625,nan
119,82,0.020898256102438797,0.125,nan
119,83,0.0043330276680628626,0.0,nan
119,84,0.011698598379083346,0.0,nan
119,85,0.058919655115796485,0.3125,nan
119,86,0.022862610039084075,0.25,nan
119,87,0.012365626588657891,0.0625,nan
119,88,0.011840624092955176,0.125,nan
119,89,0.011635115353557955,0.125,nan
119,90,0.00613419445461224,0.0,nan
119,91,2.2507886868294236,1.0,nan
119,92,0.00550576974863728,0.0,nan
119,93,0.008966889975008604,0.0,nan
119,94,9.157388116433339,1.0,nan
119,95,0.007469963982298451,0.0,nan
119,96,0.015010705341199197,0.0,nan
119,97,0.011609100165487024,0.0,nan
119,98,0.008507276795133245,0.0625,nan
119,99,0.01730856179536512,0.0625,nan
120,0,0.011604126300833486,0.0,nan
120,1,0.039686573281489584,0.25,nan
120,2,0.004251465014835362,0.0,nan
120,3,1.4517711910326812,1.0,nan
120,4,0.01595811139472759,0.0625,nan
120,5,0.006912987061306657,0.0,nan
120,6,0.0061336877802658065,0.0625,nan
120,7,0.012719275179907064,0.0625,nan
120,8,7.975904455587424,1.0,nan
120,9,0.008725244873158795,0.0,nan
120,10,0.005895964997509505,0.0,nan
120,11,0.010377174566945247,0.0,nan
120,12,0.05539306981989871,0.4375,nan
120,13,0.005396220641070357,0.0,nan
120,14,0.014750114035307536,0.0,nan
120,15,0.007942834391011936,0.0,nan
120,16,0.031756009688044345,0.25,nan
120,17,0.007196356231817124,0.0625,nan
120,18,0.016687193440159155,0.0,nan
120,19,0.015312922391853463,0.0625,nan
120,20,0.008319986940675674,0.0,nan
120,21,0.014619921963105024,0.0625,nan
120,22,0.009787804386521336,0.0,nan
120,23,0.017386750694742686,0.0625,nan
120,24,0.0069199056622899924,0.125,nan
120,25,0.010777947719468156,0.0,nan
120,26,1.8898169457044585,1.0,nan
120,27,0.01001982840982539,0.0625,nan
120,28,0.011350048707256094,0.0,nan
120,29,0.009023964194651311,0.0,nan
120,30,0.018203133110568752,0.125,nan
120,31,0.003539357756197922,0.0,nan
120,32,0.013276675995219967,0.0625,nan
120,33,0.009773407541742031,0.0,nan
120,34,0.019680753949209248,0.0625,nan
120,35,0.007493454851795607,0.0,nan
120,36,3.2534759853684507,1.0,nan
120,37,0.011832719926109207,0.0,nan
120,38,0.015082072420364794,0.125,nan
120,39,0.0100234235200472,0.0625,nan
120,40,0.010371455697267707,0.0625,nan
120,41,0.009802474217191656,0.0625,nan
120,42,0.014828152977330946,0.0,nan
120,43,0.008860110176395831,0.0,nan
120,44,0.029093098654268824,0.0625,nan
120,45,0.0050399230567889225,0.0,nan
120,46,0.017643754351452264,0.0625,nan
120,47,0.011725600891503249,0.0625,nan
120,48,0.03357918034131468,0.0625,nan
120,49,0.007449296123663622,0.0,nan
120,50,0.00808472114662338,0.0,nan
120,51,0.008178432818034513,0.0,nan
120,52,0.007738297133041638,0.0,nan
120,53,0.01637192958108634,0.125,nan
120,54,0.010395970297008153,0.0,nan
120,55,0.0044186545503204465,0.0,nan
120,56,0.0033515840959002763,0.0,nan
120,57,0.007748137257690357,0.0,nan
120,58,0.047671764788516924,0.0625,nan
120,59,0.005071584914011688,0.0,nan
120,60,0.014177415622762573,0.0,nan
120,61,0.01029831585754901,0.125,nan
120,62,0.006217078747325709,0.0,nan
120,63,0.006312124990484579,0.0,nan
120,64,0.0062036853716168315,0.0,nan
120,65,0.007690903852848674,0.0,nan
120,66,0.006992989396226798,0.0,nan
120,67,0.0068458488486939665,0.0,nan
120,68,0.004494524366575036,0.0625,nan
120,69,0.01330761363045867,0.0625,nan
120,70,0.013151574820476627,0.0625,nan
120,71,0.006219818289376755,0.0,nan
120,72,0.010157390144563074,0.0,nan
120,73,0.018528342159765322,0.0625,nan
120,74,0.04569976034365334,0.1875,nan
120,75,0.016413238704648087,0.0625,nan
120,76,0.01724067021722597,0.0625,nan
120,77,0.016858249549778707,0.125,nan
120,78,0.07808982909938098,0.25,nan
120,79,0.0073357819852597275,0.0,nan
120,80,0.02056677151152717,0.0625,nan
120,81,0.01932995404170163,0.125,nan
120,82,0.012372886902206292,0.0,nan
120,83,0.005530957652013692,0.0625,nan
120,84,0.02037679434590156,0.1875,nan
120,85,0.025125955373625095,0.25,nan
120,86,0.07563756261553438,0.3125,nan
120,87,0.007681239192093839,0.0625,nan
120,88,0.04075453986713413,0.125,nan
120,89,0.007251947041663489,0.0,nan
120,90,0.015608941623283485,0.0,nan
120,91,1.1779904354638733,0.875,nan
120,92,0.007241248931457668,0.0,nan
120,93,0.010246018613473715,0.0,nan
120,94,4.950675964593541,1.0,nan
120,95,0.00866190786615485,0.0,nan
120,96,0.011476650700152174,0.0,nan
120,97,0.013520911730598925,0.0,nan
120,98,0.008363885966289982,0.0,nan
120,99,0.012833053279549665,0.125,nan
121,0,0.0102208328198992,0.125,nan
121,1,0.03806287307710189,0.125,nan
121,2,0.003131173017517667,0.0,nan
121,3,1.4117196296408712,1.0,nan
121,4,0.003514798797323038,0.0,nan
121,5,0.004566459301839991,0.0625,nan
121,6,0.00806409603640856,0.0,nan
121,7,0.015367431890110625,0.0625,nan
121,8,5.7712385564591795,1.0,nan
121,9,0.012483982969062064,0.0,nan
121,10,0.011161088699515279,0.0,nan
121,11,0.00852202509853277,0.125,nan
121,12,0.014053620200797715,0.125,nan
121,13,0.003946257610319875,0.0,nan
121,14,0.0063166596380848025,0.0,nan
121,15,0.005698116159389019,0.0,nan
121,16,0.021755980984681646,0.125,nan
121,17,0.018489326784856826,0.0625,nan
121,18,0.008572195910650744,0.0,nan
121,19,0.005717117201341916,0.0625,nan
121,20,0.0045739311540250625,0.0625,nan
121,21,0.012440588835929214,0.0625,nan
121,22,0.006204936521786537,0.0,nan
121,23,0.011962823076126712,0.0625,nan
121,24,0.007091877754781195,0.0625,nan
121,25,0.004454379355030349,0.0625,nan
121,26,1.1119718415565343,1.0,nan
121,27,0.019186868218278585,0.0,nan
121,28,0.005704701724212257,0.0,nan
121,29,0.00492935073398555,0.0625,nan
121,30,0.003952697923744916,0.0,nan
121,31,0.004427046991588288,0.0,nan
121,32,0.002719974389216242,0.0,nan
121,33,0.006709008672116676,0.0,nan
121,34,0.0102229013137295,0.0,nan
121,35,0.0031438309361763814,0.0,nan
121,36,5.025042412765895,1.0,nan
121,37,0.006166142496784445,0.0,nan
121,38,0.011665892044250881,0.0625,nan
121,39,0.002796159830073209,0.0,nan
121,40,0.004135426696307745,0.0,nan
121,41,0.0075041430017561165,0.0625,nan
121,42,0.006249857249490215,0.0625,nan
121,43,0.012942380678019304,0.125,nan
121,44,0.019754524456209534,0.0,nan
121,45,0.004955985396661096,0.0,nan
121,46,0.0058103540275894735,0.0,nan
121,47,0.011945640184385122,0.0625,nan
121,48,0.006640788844661833,0.1875,nan
121,49,0.004859619305128231,0.0,nan
121,50,0.003867070781337971,0.0,nan
121,51,0.004676368676363496,0.0,nan
121,52,0.008340437154491159,0.0,nan
121,53,0.030954781931783113,0.125,nan
121,54,0.008923022667392696,0.0625,nan
121,55,0.005775024282277932,0.0,nan
121,56,0.003959350035860446,0.0,nan
121,57,0.005493839670314041,0.0,nan
121,58,0.013873821766775126,0.0625,nan
121,59,0.006750307505830758,0.0,nan
121,60,0.005171666827043123,0.0,nan
121,61,0.005074700365814346,0.0,nan
121,62,0.012871443440404563,0.0,nan
121,63,0.0051612904236228736,0.0,nan
121,64,0.008446454730872379,0.0,nan
121,65,0.003151182633625069,0.0,nan
121,66,0.008001618671328162,0.0,nan
121,67,0.004118493416698602,0.0,nan
121,68,0.004519038590077273,0.0625,nan
121,69,0.01063915398802813,0.0,nan
121,70,0.004795384530532038,0.0625,nan
121,71,0.005188447693039878,0.0,nan
121,72,0.006566588914027057,0.0,nan
121,73,0.006324126771076011,0.0625,nan
121,74,0.07929251522990391,0.3125,nan
121,75,0.009262268497144538,0.0,nan
121,76,0.012975755379639131,0.0,nan
121,77,0.01280584398374782,0.0,nan
121,78,0.03095301682281223,0.0625,nan
121,79,0.00788170868420976,0.0,nan
121,80,0.010469062170481169,0.0,nan
121,81,0.011796655625307031,0.0625,nan
121,82,0.004199014157985043,0.0,nan
121,83,0.0048398200327488955,0.0625,nan
121,84,0.02751507431199912,0.125,nan
121,85,0.023828044843326443,0.1875,nan
121,86,0.03560323073002557,0.25,nan
121,87,0.006710879613914704,0.125,nan
121,88,0.07257903169404667,0.125,nan
121,89,0.008301089765905044,0.0,nan
121,90,0.0022723514902673607,0.0,nan
121,91,1.4440879490027285,1.0,nan
121,92,0.00711974889067927,0.0,nan
121,93,0.005100207977002799,0.0,nan
121,94,4.0745550941732525,1.0,nan
121,95,0.010629555109074248,0.0625,nan
121,96,0.007569938674003764,0.0,nan
121,97,0.011998281301746669,0.0625,nan
121,98,0.01196244804022829,0.0,nan
121,99,0.012279948367499752,0.0,nan
122,0,0.0033033008232806233,0.0,nan
122,1,0.028241825958556302,0.0625,nan
122,2,0.0036043951164128844,0.0,nan
122,3,1.4459824112259083,1.0,nan
122,4,0.011150961627581436,0.0,nan
122,5,0.005382901091519312,0.0,nan
122,6,0.011185758110445483,0.0,nan
122,7,0.010432432937381036,0.0,nan
122,8,6.053167565484495,1.0,nan
122,9,0.007900423631029245,0.0,nan
122,10,0.0064373891996520535,0.0625,nan
122,11,0.0038631449605132113,0.0,nan
122,12,0.022132382240167416,0.0625,nan
122,13,0.002702133449448313,0.0,nan
122,14,0.005594669578540294,0.0,nan
122,15,0.0022607562541419593,0.0,nan
122,16,0.010395356235143323,0.0,nan
122,17,0.011639487403491994,0.0625,nan
122,18,0.005856438798358482,0.0,nan
122,19,0.006302825684696354,0.0,nan
122,20,0.002452164844999872,0.0,nan
122,21,0.01660789120779046,0.0625,nan
122,22,0.005746848491282737,0.0625,nan
122,23,0.012700356142485568,0.0625,nan
122,24,0.006348059987170546,0.0,nan
122,25,0.005993042399048069,0.0,nan
122,26,1.2953695476594702,0.875,nan
122,27,0.02712770008961585,0.125,nan
122,28,0.006464751549384577,0.0,nan
122,29,0.00569929531129217,0.0,nan
122,30,0.007354699179034731,0.0625,nan
122,31,0.007003603936740247,0.0,nan
122,32,0.006963305014645588,0.0625,nan
122,33,0.0065749177062154555,0.0625,nan
122,34,0.016768387588992736,0.0625,nan
122,35,0.004033499266449009,0.0,nan
122,36,4.189363221177599,1.0,nan
122,37,0.012004149168461837,0.0625,nan
122,38,0.00437604394283864,0.0,nan
122,39,0.0031833877746433132,0.0,nan
122,40,0.009424479897901218,0.0,nan
122,41,0.002091411894740447,0.0,nan
122,42,0.005731215239052243,0.0,nan
122,43,0.009773292046260845,0.0,nan
122,44,0.0171734868415702,0.0,nan
122,45,0.002524215049373603,0.0,nan
122,46,0.0025641769807313794,0.0,nan
122,47,0.009487200945039144,0.0,nan
122,48,0.004341391673900925,0.0,nan
122,49,0.004835438940994152,0.0,nan
122,50,0.004743981633119074,0.0,nan
122,51,0.0031691420608876797,0.0,nan
122,52,0.002761390690988982,0.0,nan
122,53,0.016827349453891027,0.1875,nan
122,54,0.005615057202914151,0.0,nan
122,55,0.005830429372666451,0.0,nan
122,56,0.004227453267278983,0.0,nan
122,57,0.0036240621445851745,0.0,nan
122,58,0.018563718374549232,0.0625,nan
122,59,0.008466127349941196,0.0625,nan
122,60,0.003413832482328033,0.0,nan
122,61,0.004650663162447606,0.0,nan
122,62,0.0030420910846651337,0.0,nan
122,63,0.005590722392652297,0.0625,nan
122,64,0.005459146967753226,0.0,nan
122,65,0.0034716711812680743,0.0,nan
122,66,0.004112611078464162,0.0,nan
122,67,0.006474072350844453,0.0,nan
122,68,0.005007075669829381,0.0,nan
122,69,0.0034231110630445548,0.0,nan
122,70,0.0037934624419890743,0.0,nan
122,71,0.004185729991456453,0.0625,nan
122,72,0.005244995614832123,0.0,nan
122,73,0.005660059288236778,0.0,nan
122,74,0.13719354986146473,0.4375,nan
122,75,0.00977955903059912,0.0,nan
122,76,0.006180199060706328,0.0,nan
122,77,0.016415490790881313,0.0625,nan
122,78,0.032840243754500106,0.125,nan
122,79,0.0057524938362598435,0.0,nan
122,80,0.0065041163584193,0.0,nan
122,81,0.006159311066643653,0.0,nan
122,82,0.004446084076827738,0.0,nan
122,83,0.0037964751446275266,0.0,nan
122,84,0.007252698040232405,0.0625,nan
122,85,0.019565614012445498,0.3125,nan
122,86,0.016538514777918546,0.125,nan
122,87,0.0038105118830469393,0.0,nan
122,88,0.01984851377095836,0.125,nan
122,89,0.006100437054212402,0.0,nan
122,90,0.010781093724459472,0.0,nan
122,91,1.5398100046173901,1.0,nan
122,92,0.0053785584317139565,0.0,nan
122,93,0.004743143289752013,0.0,nan
122,94,5.971632085765365,1.0,nan
122,95,0.002696047259352594,0.0,nan
122,96,0.004388700371390031,0.0625,nan
122,97,0.007195259777836547,0.0,nan
122,98,0.005636853565012816,0.0625,nan
122,99,0.011338644770713367,0.0625,nan
123,0,0.004099790341126253,0.0,nan
123,1,0.04478568098330544,0.25,nan
123,2,0.0035174574288472683,0.0,nan
123,3,1.3213532463527495,1.0,nan
123,4,0.004434488244134712,0.0,nan
123,5,0.009405733864374901,0.0,nan
123,6,0.009341084582345206,0.0625,nan
123,7,0.01088852041003818,0.0,nan
123,8,8.013223063330354,1.0,nan
123,9,0.008013253356155289,0.0,nan
123,10,0.008507258633415376,0.0,nan
123,11,0.004564364542039118,0.0,nan
123,12,0.05083992625316698,0.1875,nan
123,13,0.005594857734465705,0.125,nan
123,14,0.011174377450803599,0.0,nan
123,15,0.00749613915049361,0.0,nan
123,16,0.023977692298385884,0.0625,nan
123,17,0.017278832672822354,0.0,nan
123,18,0.031132551315851523,0.125,nan
123,19,0.011758210032682133,0.0625,nan
123,20,0.008449093550408722,0.0,nan
123,21,0.011690227938772807,0.0625,nan
123,22,0.004660858121321387,0.0,nan
123,23,0.010431233123161828,0.125,nan
123,24,0.007275993097310283,0.0625,nan
123,25,0.008158810943576717,0.0,nan
123,26,1.0650519786817167,1.0,nan
123,27,0.02821387201805639,0.3125,nan
123,28,0.006375658267192752,0.0625,nan
123,29,0.004632079570179158,0.0,nan
123,30,0.003936545806650149,0.0,nan
123,31,0.003538547417146449,0.0,nan
123,32,0.0051398161797438485,0.0,nan
123,33,0.009743844003747972,0.0,nan
123,34,0.006814859458762057,0.0625,nan
123,35,0.006409194405070774,0.0625,nan
123,36,4.82767973232537,1.0,nan
123,37,0.015202145289443067,0.0,nan
123,38,0.014530332470662382,0.0625,nan
123,39,0.005442715026536532,0.0,nan
123,40,0.004173067194251222,0.0,nan
123,41,0.004440129988304859,0.0625,nan
123,42,0.010120876460721462,0.0,nan
123,43,0.013272059559174283,0.0625,nan
123,44,0.01044474820241003,0.0,nan
123,45,0.007301287736188111,0.0,nan
123,46,0.016016664506571146,0.0,nan
123,47,0.009794505710656633,0.125,nan
123,48,0.007964039073339674,0.0,nan
123,49,0.006824594071079695,0.0,nan
123,50,0.005307869220891942,0.0,nan
123,51,0.005867652531231697,0.0,nan
123,52,0.006712748478538952,0.0,nan
123,53,0.0625658391128545,0.1875,nan
123,54,0.005056783995036351,0.0,nan
123,55,0.0032109550071566387,0.0,nan
123,56,0.005862436320417452,0.0,nan
123,57,0.005685333776636423,0.0625,nan
123,58,0.010146160311131193,0.0,nan
123,59,0.007081646067306836,0.0,nan
123,60,0.0052961555900551925,0.0,nan
123,61,0.005916536018981029,0.0,nan
123,62,0.01222598365915856,0.0,nan
123,63,0.0031905110501203654,0.0,nan
123,64,0.0038843012740225292,0.0,nan
123,65,0.004973585136691841,0.0,nan
123,66,0.012762092441531495,0.0,nan
123,67,0.014009929384924288,0.0,nan
123,68,0.005998534576580292,0.0,nan
123,69,0.01284424742873114,0.0,nan
123,70,0.009412660791196872,0.0,nan
123,71,0.007521396615150236,0.0625,nan
123,72,0.006459971999196798,0.0,nan
123,73,0.007449665247073105,0.0,nan
123,74,0.2647344629444846,0.6875,nan
123,75,0.005215121467057156,0.0625,nan
123,76,0.005879083754556265,0.0,nan
123,77,0.008167084057401316,0.0,nan
123,78,0.053979648871082204,0.0625,nan
123,79,0.0032384650837569695,0.0,nan
123,80,0.007435633498035776,0.0,nan
123,81,0.01883641276622504,0.0,nan
123,82,0.009578236367643388,0.0625,nan
123,83,0.008043589522344647,0.0625,nan
123,84,0.010195384197998179,0.125,nan
123,85,0.01714010329934414,0.3125,nan
123,86,0.07293472080963989,0.375,nan
123,87,0.0036619831519584195,0.0625,nan
123,88,0.03457344108289944,0.125,nan
123,89,0.01719919313829691,0.0,nan
123,90,0.0036434184466484438,0.0625,nan
123,91,2.2782957870830898,1.0,nan
123,92,0.00820832313390809,0.0,nan
123,93,0.006027955952591776,0.0625,nan
123,94,7.977489357219482,1.0,nan
123,95,0.008508353796165772,0.0,nan
123,96,0.011790565971878709,0.125,nan
123,97,0.00837949574767758,0.0625,nan
123,98,0.011438725068698299,0.0625,nan
123,99,0.020875136146160093,0.0,nan
124,0,0.008341747908331852,0.0,nan
124,1,0.04882157340184291,0.1875,nan
124,2,0.007437414093225693,0.0,nan
124,3,1.469505282811391,1.0,nan
124,4,0.020181844633038647,0.0,nan
124,5,0.011735508273885536,0.0625,nan
124,6,0.009146426500012636,0.0,nan
124,7,0.015311730297467031,0.0,nan
124,8,8.78252744390102,1.0,nan
124,9,0.003992772277490242,0.0,nan
124,10,0.006470656737436964,0.0625,nan
124,11,0.005760557405253346,0.0,nan
124,12,0.03405019536757584,0.1875,nan
124,13,0.0027758672318206126,0.0,nan
124,14,0.009569417672244984,0.0,nan
124,15,0.012578103647282679,0.0,nan
124,16,0.04767866560487338,0.1875,nan
124,17,0.01685301126705776,0.0625,nan
124,18,0.0060780142942409715,0.0,nan
124,19,0.00911335087736339,0.0,nan
124,20,0.006079169834158672,0.0,nan
124,21,0.007713568281997055,0.0625,nan
124,22,0.00721309863395188,0.0,nan
124,23,0.008745038645759443,0.0,nan
124,24,0.00757952502375126,0.0,nan
124,25,0.006256745051956032,0.0,nan
124,26,1.472611341986137,1.0,nan
124,27,0.02672282851427183,0.125,nan
124,28,0.005722538365218573,0.0,nan
124,29,0.01093449758146511,0.0,nan
124,30,0.006313312729849566,0.0,nan
124,31,0.007512714055198828,0.0,nan
124,32,0.01011939554489523,0.0625,nan
124,33,0.0044792446412322325,0.0,nan
124,34,0.009463809841477575,0.0625,nan
124,35,0.013163945230995127,0.0,nan
124,36,5.069150396951729,1.0,nan
124,37,0.008781900666898965,0.0625,nan
124,38,0.018587341805675683,0.0,nan
124,39,0.01151909276187528,0.0,nan
124,40,0.004818806386614959,0.0,nan
124,41,0.005761775315471854,0.0625,nan
124,42,0.0083504574859149,0.0,nan
124,43,0.009144448023861464,0.0625,nan
124,44,0.016098473032283456,0.125,nan
124,45,0.011208840736374095,0.0,nan
124,46,0.007785445740880186,0.0,nan
124,47,0.014398929076885121,0.0625,nan
124,48,0.02261987529792514,0.0625,nan
124,49,0.006085464449208347,0.0625,nan
124,50,0.0066068241329709,0.0,nan
124,51,0.01079621525821393,0.0,nan
124,52,0.008500387311657281,0.0,nan
124,53,0.011107901917844783,0.0,nan
124,54,0.008819417156680012,0.0,nan
124,55,0.005503920766132464,0.0,nan
124,56,0.008168399484278246,0.0,nan
124,57,0.005947495820799127,0.0,nan
124,58,0.01420156238054743,0.0,nan
124,59,0.0031114867480164466,0.0,nan
124,60,0.007763662994739315,0.0625,nan
124,61,0.01027665897982439,0.0,nan
124,62,0.007129829909410296,0.0,nan
124,63,0.007449241778121049,0.0,nan
124,64,0.007306459962320721,0.0,nan
124,65,0.007762327715888834,0.0,nan
124,66,0.004656206322067619,0.0,nan
124,67,0.006399877213073012,0.0,nan
124,68,0.007141163080675595,0.0,nan
124,69,0.010916306387955689,0.0625,nan
124,70,0.011481346282893814,0.0,nan
124,71,0.007243475002034159,0.0,nan
124,72,0.008496402542763242,0.0625,nan
124,73,0.00754190828489541,0.0,nan
124,74,0.117112531880383,0.3125,nan
124,75,0.00490855067634814,0.0,nan
124,76,0.01040789476560032,0.125,nan
124,77,0.015914525680921023,0.0,nan
124,78,0.03226757885769547,0.125,nan
124,79,0.005803728374624376,0.0,nan
124,80,0.006328486333032844,0.0,nan
124,81,0.013271062893184825,0.0625,nan
124,82,0.006639834345359549,0.0625,nan
124,83,0.006580475505659543,0.0,nan
124,84,0.004575420094617812,0.0,nan
124,85,0.07569833838970044,0.4375,nan
124,86,0.043107011548571314,0.1875,nan
124,87,0.004233518746286484,0.0,nan
124,88,0.012270218413490741,0.125,nan
124,89,0.011595750030029783,0.0,nan
124,90,0.005041089133650176,0.0625,nan
124,91,1.7250058899530396,1.0,nan
124,92,0.01167363216597796,0.0625,nan
124,93,0.00592671309870809,0.0625,nan
124,94,10.035034464925285,1.0,nan
124,95,0.003323954626825259,0.0,nan
124,96,0.006374902359530672,0.0,nan
124,97,0.006961738920116616,0.0,nan
124,98,0.009204521300595457,0.0,nan
124,99,0.019730145209807967,0.125,nan
125,0,0.009741828819941704,0.0,4.333513361983543e-05
125,1,0.013120371301645443,0.0625,0.0013074847929780658
125,2,0.005448918695506068,0.0625,1.2951283036745266e-06
125,3,1.204704044818396,1.0,0.11895489238944378
125,4,0.009858032619248398,0.0625,0.00010171606130861037
125,5,0.012892052795076589,0.0625,7.380946168261122e-05
125,6,0.01195961913794413,0.0,0.00034563075465188453
125,7,0.01034996044509551,0.0625,0.0003670175925132035
125,8,7.069716798829073,1.0,0.11157218073735568
125,9,0.0048702587034707935,0.0,1.8198334320284907e-05
125,10,0.00684088689307513,0.0,2.3098072379578044e-05
125,11,0.018237702887325263,0.0,5.504078017056244e-05
125,12,0.011877293284219843,0.125,0.0023323876102782307
125,13,0.008986035801240463,0.0,4.332658225506578e-05
125,14,0.00408911918698251,0.0,8.954257605117722e-05
125,15,0.0039371520766198695,0.0,3.6711388041095344e-07
125,16,0.02481997404223172,0.0,0.0026496967441331557
125,17,0.023265796498772584,0.125,0.0016062892923010051
125,18,0.01109804246388734,0.0,2.1423537997541334e-05
125,19,0.014122681361194784,0.0,0.0010926658017735437
125,20,0.007340360448989427,0.0,1.8159517549424255e-06
125,21,0.015507316417636675,0.0625,0.0005139619820747842
125,22,0.009376424151161727,0.0,2.2406355734137743e-05
125,23,0.012463173941976968,0.0625,0.0007457061586559165
125,24,0.007374785154185518,0.0,0.00016016514671831267
125,25,0.003140670283192727,0.0,3.1509825693716977e-06
125,26,0.9875737977024506,1.0,0.06946967532515141
125,27,0.039110330830876505,0.125,0.0037083788225214967
125,28,0.01046032389468601,0.0625,0.00020888322355851595
125,29,0.012056100138549911,0.0,0.00024020574510842045
125,30,0.007504632194465928,0.0,0.00035985963962235256
125,31,0.004338329201624509,0.0,7.223079279093623e-07
125,32,0.004199798570050065,0.0,4.584472038494433e-05
125,33,0.006768477073262658,0.0,4.4223406542593745e-06
125,34,0.011708904566417388,0.0,0.00018243056929837065
125,35,0.003998516268143853,0.0625,2.267557478402168e-05
125,36,4.219532844565557,1.0,0.48256474582692516
125,37,0.01159872571018735,0.0625,0.0003775054173131858
125,38,0.011382521260652648,0.0,0.00040290591527291936
125,39,0.0035398754724883935,0.0,3.357133743887335e-06
125,40,0.010188464702041112,0.0,5.299234782633286e-05
125,41,0.00649747777606227,0.0,2.0258641263384348e-05
125,42,0.0047256729769926216,0.0625,0.00013430559612843783
125,43,0.021032302803889593,0.125,0.001147186845952595
125,44,0.010657712195314976,0.0625,0.0010011986619343721
125,45,0.011661347999027247,0.0,0.00016408607196568227
125,46,0.007558859682961892,0.0,0.0001861827325547859
125,47,0.021611480366623685,0.0625,1.0473934981890241e-05
125,48,0.04537453658232052,0.3125,0.005830940443759617
125,49,0.010022061973119804,0.0625,1.7326685995177065e-05
125,50,0.008149612757959066,0.0625,2.1264464478464065e-07
125,51,0.010120758573839251,0.0,0.00012021408966800955
125,52,0.010855748658712448,0.0625,8.166815073835849e-05
125,53,0.042512320677508986,0.25,0.005255199147311244
125,54,0.005273750448096042,0.0,1.6369528303327086e-05
125,55,0.007469171699284271,0.0,3.5221170066594874e-05
125,56,0.011592403362736247,0.0625,0.0002745669414577612
125,57,0.00925795689104994,0.0,0.00015064423733696463
125,58,0.021444984798791134,0.0625,0.0010258122725131664
125,59,0.009319581696666513,0.0625,0.00030063796207298527
125,60,0.013767708796446645,0.125,4.5672647583269234e-05
125,61,0.037284218940079314,0.1875,0.0004498423338036228
125,62,0.008853512914807722,0.0,0.0001228084978514402
125,63,0.004538734146155618,0.0,6.081963479218636e-06
125,64,0.005919926943992949,0.0,9.23836807687735e-05
125,65,0.009171369568447767,0.0,1.1215584218198624e-05
125,66,0.006684495695321839,0.0625,2.6222753853066018e-05
125,67,0.009643226673218389,0.0,4.775547997796469e-05
125,68,0.007165335125212767,0.0,6.838482273608769e-05
125,69,0.012904618100189124,0.0,0.0003836979253195418
125,70,0.012835916744100655,0.0625,0.00018063556855848253
125,71,0.006935460827676813,0.0,1.955420145974904e-06
125,72,0.0056852795271118105,0.0,0.0001313441693607084
125,73,0.01396358346520367,0.0,3.079108901363688e-05
125,74,0.11349825785886791,0.375,0.011796744298920818
125,75,0.011210973163440803,0.0625,0.0003095046626252417
125,76,0.016407346072234347,0.0625,0.0003908062765371569
125,77,0.014509259941811296,0.0625,0.0005170281651548148
125,78,0.033988799275723514,0.125,0.0063760349339752895
125,79,0.01054270187134826,0.0,1.8548963455484394e-06
125,80,0.010380573211000471,0.0,0.00016558187095966307
125,81,0.00918272000693599,0.0,0.00044667796904558285
125,82,0.00733536600685435,0.0625,0.0001185026026777741
125,83,0.004395515671814316,0.0,4.247488893301136e-06
125,84,0.011717918998493303,0.0,0.00025563030172623717
125,85,0.018597780399643757,0.1875,0.005116892313260565
125,86,0.013536542808841694,0.125,0.006522568289015211
125,87,0.004601158123498518,0.0,6.106126916656073e-06
125,88,0.01799206882490388,0.1875,0.0026731553353300597
125,89,0.01286741755657966,0.0,0.0001548770916284313
125,90,0.007406222623735563,0.0,2.07408548510129e-05
125,91,1.8731411619732685,1.0,0.03102768178783933
125,92,0.009613777379382364,0.0,1.9994556672298747e-05
125,93,0.005140404128288402,0.0,7.932688051216324e-05
125,94,9.009974308979142,1.0,0.1133163162440917
125,95,0.004024549350397854,0.0,1.5832045290107758e-05
125,96,0.009800822612101582,0.0,0.0002160969176220769
125,97,0.008663896594711493,0.0,0.0002616313886263816
125,98,0.013783498687146584,0.0,6.685315499842244e-05
125,99,0.030521056362217913,0.125,0.002956805866166568
126,0,0.007498987276048049,0.0,nan
126,1,0.022945458211146408,0.125,nan
126,2,0.003242521686858332,0.0625,nan
126,3,1.6687000611010756,1.0,nan
126,4,0.005408979021332856,0.0,nan
126,5,0.004118817450297315,0.0,nan
126,6,0.009767103748729397,0.0,nan
126,7,0.008937463851104468,0.0,nan
126,8,7.135223813907577,1.0,nan
126,9,0.014834626497480213,0.0625,nan
126,10,0.004078173906227022,0.0,nan
126,11,0.00541858942011612,0.0625,nan
126,12,0.03886652444982435,0.125,nan
126,13,0.007376410341480013,0.0,nan
126,14,0.008223235268257847,0.0,nan
126,15,0.0049644017776646725,0.0,nan
126,16,0.023886483414744857,0.0625,nan
126,17,0.014586232765782935,0.1875,nan
126,18,0.007047252651435642,0.0625,nan
126,19,0.009665942975912254,0.0,nan
126,20,0.005602005600842545,0.0,nan
126,21,0.007556082640294216,0.0,nan
126,22,0.008000816323934162,0.0,nan
126,23,0.014152287019924575,0.125,nan
126,24,0.005327632789909645,0.0,nan
126,25,0.006371015702660432,0.0,nan
126,26,1.6089947905580166,1.0,nan
126,27,0.007342282703972356,0.0,nan
126,28,0.010743622054335886,0.0,nan
126,29,0.0037261089946833423,0.0,nan
126,30,0.007912095218347306,0.0625,nan
126,31,0.004827022325124077,0.0,nan
126,32,0.01302945456076944,0.0,nan
126,33,0.004124840239377998,0.0,nan
126,34,0.0035497169080297582,0.0,nan
126,35,0.011880972340263269,0.0,nan
126,36,5.272927454484647,1.0,nan
126,37,0.006974540924397524,0.0,nan
126,38,0.012154546461457735,0.0,nan
126,39,0.0038048894327556773,0.0,nan
126,40,0.010539240188166425,0.0,nan
126,41,0.004377268745652908,0.0625,nan
126,42,0.007031271864007944,0.0625,nan
126,43,0.005438026014712534,0.125,nan
126,44,0.03695072779477303,0.3125,nan
126,45,0.00868321413718811,0.0,nan
126,46,0.00493652096456502,0.0625,nan
126,47,0.003570410019267188,0.0,nan
126,48,0.006001552785687405,0.0625,nan
126,49,0.005246824052499747,0.0,nan
126,50,0.0039274497962340105,0.0,nan
126,51,0.006368000975721636,0.0,nan
126,52,0.006574082988266956,0.0,nan
126,53,0.020718345848712773,0.1875,nan
126,54,0.005068661891535884,0.0,nan
126,55,0.003841409582435504,0.0,nan
126,56,0.004669396461693008,0.0,nan
126,57,0.0041714250029788414,0.0,nan
126,58,0.008539185061750627,0.0,nan
126,59,0.00511376538257627,0.0625,nan
126,60,0.0026970681935082094,0.0,nan
126,61,0.0037021403398486623,0.0,nan
126,62,0.007654411873156988,0.0625,nan
126,63,0.0043130858734203815,0.0,nan
126,64,0.004636291378682269,0.0,nan
126,65,0.0036282118700179467,0.0,nan
126,66,0.0023401576085813054,0.0,nan
126,67,0.005761464409730528,0.0,nan
126,68,0.004897454666307385,0.0,nan
126,69,0.008085352385948038,0.0,nan
126,70,0.00856160134061674,0.0625,nan
126,71,0.003590647048594638,0.0,nan
126,72,0.01280031922971651,0.0,nan
126,73,0.0030056708818765555,0.0,nan
126,74,0.09322497668217108,0.3125,nan
126,75,0.008179047426134869,0.0625,nan
126,76,0.005883956054016952,0.0,nan
126,77,0.010568201026527824,0.0,nan
126,78,0.03272739240550311,0.0625,nan
126,79,0.00420236806516924,0.0,nan
126,80,0.004800537057573044,0.0,nan
126,81,0.008721204112480771,0.0,nan
126,82,0.0027848701157893127,0.0625,nan
126,83,0.0032786577625659756,0.0,nan
126,84,0.006345844641852607,0.125,nan
126,85,0.04254953767971555,0.375,nan
126,86,0.021565056360133103,0.25,nan
126,87,0.006664459613965793,0.0,nan
126,88,0.022011574693737733,0.0625,nan
126,89,0.006323073103918249,0.0,nan
126,90,0.005418637451608204,0.0,nan
126,91,1.3492519249137631,1.0,nan
126,92,0.004115859940937712,0.0,nan
126,93,0.008422954576940537,0.0625,nan
126,94,4.888038956621965,1.0,nan
126,95,0.005001408407121086,0.0625,nan
126,96,0.00785510535309042,0.0,nan
126,97,0.01433755684172026,0.0625,nan
126,98,0.018740961944809953,0.0,nan
126,99,0.017567421532947616,0.0625,nan
127,0,0.010678483457790856,0.0,nan
127,1,0.0238710341177416,0.0625,nan
127,2,0.004499616789005921,0.0,nan
127,3,1.6626462008482958,1.0,nan
127,4,0.004892030139002286,0.0,nan
127,5,0.006754614589847739,0.0,nan
127,6,0.01157097131994787,0.0,nan
127,7,0.008436032487738358,0.0,nan
127,8,8.266783786863767,1.0,nan
127,9,0.008113672430663969,0.0,nan
127,10,0.0054516503859993225,0.125,nan
127,11,0.00578838987007814,0.0,nan
127,12,0.01788565581571213,0.0625,nan
127,13,0.009259626408212868,0.0,nan
127,14,0.007901951402085265,0.0,nan
127,15,0.006683406794583137,0.0,nan
127,16,0.05819692034140393,0.25,nan
127,17,0.020469842088386547,0.125,nan
127,18,0.00903384026197293,0.0,nan
127,19,0.011910430506415706,0.0,nan
127,20,0.00501305770958323,0.0,nan
127,21,0.00859698914807971,0.0,nan
127,22,0.005321971424759998,0.0625,nan
127,23,0.01928736070676572,0.25,nan
127,24,0.009362956874824647,0.0,nan
127,25,0.007019739944596393,0.0,nan
127,26,2.093084819316103,0.9375,nan
127,27,0.005399634850176244,0.0625,nan
127,28,0.0033291594887338164,0.0,nan
127,29,0.016311679211744458,0.125,nan
127,30,0.014414612538417929,0.0625,nan
127,31,0.005846402220643336,0.0,nan
127,32,0.01057178809902199,0.0,nan
127,33,0.009490304162568472,0.0625,nan
127,34,0.007567587385088957,0.0625,nan
127,35,0.005420009372007752,0.0,nan
127,36,4.105547223095355,1.0,nan
127,37,0.013123575991210518,0.0,nan
127,38,0.005414430802745486,0.0,nan
127,39,0.008589164794423808,0.0625,nan
127,40,0.006584783570183326,0.0,nan
127,41,0.011670883646094105,0.125,nan
127,42,0.013318423929892837,0.0,nan
127,43,0.01161170685613309,0.0625,nan
127,44,0.02322059474527747,0.0625,nan
127,45,0.009877556329288578,0.0,nan
127,46,0.01303551793913802,0.0,nan
127,47,0.003648099837484808,0.0,nan
127,48,0.0770478950743659,0.375,nan
127,49,0.008472257658306465,0.0,nan
127,50,0.008409092769998142,0.0,nan
127,51,0.0053749903819937574,0.0,nan
127,52,0.007874504865414456,0.0,nan
127,53,0.03357168205666425,0.375,nan
127,54,0.004532903113573116,0.0625,nan
127,55,0.012487313067536011,0.0,nan
127,56,0.006645230877506708,0.0,nan
127,57,0.009820417251178947,0.0625,nan
127,58,0.013313483575507004,0.0,nan
127,59,0.012572980898301014,0.0,nan
127,60,0.008168011765950969,0.0625,nan
127,61,0.00942769738310973,0.0,nan
127,62,0.004719325283824526,0.0,nan
127,63,0.005364035969438324,0.0,nan
127,64,0.001853573772850451,0.0,nan
127,65,0.010981261705752143,0.0,nan
127,66,0.00515420286544458,0.0,nan
127,67,0.0032764524252328372,0.0,nan
127,68,0.0031174534172298636,0.0,nan
127,69,0.006161957248069354,0.0,nan
127,70,0.010150403836229815,0.0,nan
127,71,0.004731557194511362,0.0,nan
127,72,0.0059261616173644765,0.0,nan
127,73,0.008832140047331256,0.0625,nan
127,74,0.09513277313210057,0.375,nan
127,75,0.010794497535673775,0.0,nan
127,76,0.015966013203041408,0.0625,nan
127,77,0.030194766057896602,0.125,nan
127,78,0.01824653538997152,0.0625,nan
127,79,0.010079810020841245,0.0,nan
127,80,0.007842116186590031,0.0,nan
127,81,0.01546996576468801,0.125,nan
127,82,0.017462630014338634,0.0,nan
127,83,0.004875331975839279,0.0,nan
127,84,0.026297093652203347,0.25,nan
127,85,0.13386170750107357,0.5,nan
127,86,0.026375074945103057,0.125,nan
127,87,0.01925662808900363,0.25,nan
127,88,0.027199534414840586,0.25,nan
127,89,0.00594914962109455,0.0,nan
127,90,0.015441956117709963,0.0,nan
127,91,1.3467580486616306,1.0,nan
127,92,0.005016341955840065,0.0625,nan
127,93,0.008876554374213374,0.0625,nan
127,94,8.767051250718396,1.0,nan
127,95,0.005701711689621072,0.0,nan
127,96,0.011358886607715545,0.0,nan
127,97,0.02444340164161199,0.125,nan
127,98,0.0040407265302117995,0.0,nan
127,99,0.00785169326354714,0.0,nan
128,0,0.004258589128951319,0.0,nan
128,1,0.059289480717250986,0.25,nan
128,2,0.004135271153672477,0.0,nan
128,3,1.4531652357486655,1.0,nan
128,4,0.003435141900796761,0.0,nan
128,5,0.0036834984520238215,0.0,nan
128,6,0.008647506336164002,0.0,nan
128,7,0.020599582928369338,0.0,nan
128,8,6.07863666773396,1.0,nan
128,9,0.010636764545987703,0.0,nan
128,10,0.0033187230783450865,0.0,nan
128,11,0.006684977746341787,0.0625,nan
128,12,0.0675808174714278,0.1875,nan
128,13,0.004116015659426337,0.0,nan
128,14,0.01218892393338159,0.0,nan
128,15,0.009333282963930127,0.0,nan
128,16,0.03292088528658961,0.125,nan
128,17,0.01062754120152,0.0,nan
128,18,0.007627849755317664,0.0625,nan
128,19,0.03210932967641261,0.1875,nan
128,20,0.004244357446441159,0.0,nan
128,21,0.010473404538932005,0.0,nan
128,22,0.011465728301158207,0.0,nan
128,23,0.010149340397414025,0.0,nan
128,24,0.010296179612979808,0.0,nan
128,25,0.009987096715539835,0.0,nan
128,26,1.3048111811700887,1.0,nan
128,27,0.009726123488431425,0.125,nan
128,28,0.011124215727630097,0.0625,nan
128,29,0.012510444462855578,0.0,nan
128,30,0.006994727264911432,0.0625,nan
128,31,0.006266227947464155,0.0625,nan
128,32,0.009714831250726898,0.0,nan
128,33,0.005498056773090511,0.0,nan
128,34,0.010350600824541905,0.0,nan
128,35,0.001656312970276805,0.0625,nan
128,36,7.71655269499609,1.0,nan
128,37,0.008883370902599063,0.0,nan
128,38,0.012080054170533198,0.0,nan
128,39,0.005534070059406753,0.0,nan
128,40,0.007863517890534804,0.0,nan
128,41,0.004433651271500972,0.0,nan
128,42,0.012660650753458087,0.0,nan
128,43,0.028649014830268087,0.125,nan
128,44,0.023502779138702003,0.0625,nan
128,45,0.0029610181005338947,0.0,nan
128,46,0.01588205464868798,0.1875,nan
128,47,0.004641260640444797,0.0,nan
128,48,0.024473728080278742,0.25,nan
128,49,0.00992690763045653,0.0,nan
128,50,0.005644242236640947,0.0625,nan
128,51,0.006070478149638008,0.0,nan
128,52,0.009552621262226616,0.0,nan
128,53,0.010079578821146802,0.0625,nan
128,54,0.0057302036805397345,0.0625,nan
128,55,0.004020828195185993,0.0,nan
128,56,0.007829662637255461,0.0,nan
128,57,0.00946058798482138,0.0,nan
128,58,0.020665617537756982,0.0,nan
128,59,0.010227187106258095,0.0,nan
128,60,0.0042812819294803465,0.0,nan
128,61,0.008768911952085911,0.0,nan
128,62,0.007686526079246688,0.0,nan
128,63,0.00385237762733029,0.0,nan
128,64,0.0029753413414701016,0.0,nan
128,65,0.006698159314565185,0.0,nan
128,66,0.009574261994381699,0.0,nan
128,67,0.0061394423985180885,0.0,nan
128,68,0.005253020573993284,0.0625,nan
128,69,0.00845931084007027,0.0,nan
128,70,0.009427350402491423,0.0625,nan
128,71,0.0053436067253338744,0.0,nan
128,72,0.00632947185019813,0.0,nan
128,73,0.006095636343341428,0.0,nan
128,74,0.2453593620063325,0.5625,nan
128,75,0.02639498616233575,0.0,nan
128,76,0.0064654857351737,0.0,nan
128,77,0.010861155823396973,0.0,nan
128,78,0.029110299942646106,0.0625,nan
128,79,0.006798776927025895,0.0,nan
128,80,0.011627579573555329,0.0,nan
128,81,0.027310542875403826,0.0625,nan
128,82,0.007986380774335524,0.0,nan
128,83,0.007764794760110641,0.0,nan
128,84,0.020308408394116094,0.0,nan
128,85,0.08309820915018906,0.375,nan
128,86,0.055151363784878144,0.1875,nan
128,87,0.007696996857832573,0.0,nan
128,88,0.021041425929531416,0.0,nan
128,89,0.012707176885157365,0.0,nan
128,90,0.0028375448983815462,0.0,nan
128,91,1.3361046757652661,1.0,nan
128,92,0.004868480758530129,0.0,nan
128,93,0.010132194025385746,0.0625,nan
128,94,6.187139214235112,1.0,nan
128,95,0.0067053513221625345,0.0,nan
128,96,0.009618246688575383,0.0,nan
128,97,0.008259340038275368,0.0,nan
128,98,0.010522435727893844,0.0,nan
128,99,0.018278802971348,0.0625,nan
129,0,0.00543800811607088,0.0,nan
129,1,0.028004811938237038,0.125,nan
129,2,0.00724594597488014,0.0,nan
129,3,1.456560894470548,1.0,nan
129,4,0.005310158228289792,0.0,nan
129,5,0.0061324749636888914,0.0,nan
129,6,0.010445891402239428,0.0,nan
129,7,0.008564302014697921,0.1875,nan
129,8,7.867352601244635,1.0,nan
129,9,0.003085683465738936,0.0,nan
129,10,0.005472869929314672,0.0,nan
129,11,0.004656644483132702,0.0,nan
129,12,0.04197055473422775,0.0625,nan
129,13,0.006245139613592318,0.0,nan
129,14,0.004791153547805065,0.0,nan
129,15,0.0036683828966978444,0.0,nan
129,16,0.027490334596627832,0.125,nan
129,17,0.017257982920692135,0.0625,nan
129,18,0.011696398841121197,0.125,nan
129,19,0.013793663305711443,0.0,nan
129,20,0.005123403995204895,0.0,nan
129,21,0.008449870311117862,0.0625,nan
129,22,0.0034437925109087253,0.0,nan
129,23,0.007137302065556204,0.0,nan
129,24,0.009026912285663784,0.0,nan
129,25,0.004405371756390296,0.0,nan
129,26,1.376522860205036,0.9375,nan
129,27,0.02026861666227728,0.125,nan
129,28,0.007353518237189357,0.0,nan
129,29,0.009925725544800399,0.0,nan
129,30,0.005044129705386749,0.0625,nan
129,31,0.004410062325318676,0.0625,nan
129,32,0.006813214365480047,0.0,nan
129,33,0.004061856785185317,0.0,nan
129,34,0.010676842555785803,0.0,nan
129,35,0.004708977918169354,0.0,nan
129,36,3.6148331177619366,1.0,nan
129,37,0.010470783005585784,0.0,nan
129,38,0.009323361474246044,0.0,nan
129,39,0.005925992820311605,0.0625,nan
129,40,0.015222316923597174,0.0,nan
129,41,0.004629574885582686,0.0625,nan
129,42,0.014363468634200908,0.0625,nan
129,43,0.009270318818245846,0.125,nan
129,44,0.010214879020400629,0.0625,nan
129,45,0.007045945528185431,0.0,nan
129,46,0.005631897245881829,0.0,nan
129,47,0.009024366729339456,0.0,nan
129,48,0.03489252474144994,0.1875,nan
129,49,0.005569195854410644,0.0,nan
129,50,0.0027643746480152925,0.0,nan
129,51,0.005904551102750764,0.0,nan
129,52,0.006014263589951023,0.0,nan
129,53,0.01640974212902232,0.0625,nan
129,54,0.00465571712628326,0.0,nan
129,55,0.008763809946604192,0.0,nan
129,56,0.007898283718438018,0.0,nan
129,57,0.013270288258796987,0.0,nan
129,58,0.015542650093344094,0.0,nan
129,59,0.008924910125287882,0.0,nan
129,60,0.00376831538002448,0.0625,nan
129,61,0.007094261091003471,0.0,nan
129,62,0.004781691563503805,0.0,nan
129,63,0.005020810943159317,0.0,nan
129,64,0.005517393969987551,0.0,nan
129,65,0.0070947046349452755,0.0,nan
129,66,0.004084436291138641,0.0625,nan
129,67,0.008894691347974978,0.0,nan
129,68,0.00753523716395993,0.0,nan
129,69,0.008003716261674405,0.0,nan
129,70,0.006164030616040378,0.0,nan
129,71,0.003291661681543305,0.0625,nan
129,72,0.009664650604219118,0.0,nan
129,73,0.006355435810749823,0.0,nan
129,74,0.02880241658648993,0.1875,nan
129,75,0.004456266254572951,0.0,nan
129,76,0.00287415732515656,0.0625,nan
129,77,0.008989588636871399,0.0,nan
129,78,0.09876099585787171,0.25,nan
129,79,0.004753589060639538,0.0625,nan
129,80,0.007521236660855798,0.0,nan
129,81,0.019894906158796383,0.0625,nan
129,82,0.003994998349270576,0.0625,nan
129,83,0.005801102844603478,0.0625,nan
129,84,0.012434340149804528,0.125,nan
129,85,0.11505245104154568,0.4375,nan
129,86,0.0661813699172109,0.3125,nan
129,87,0.008401358949081342,0.125,nan
129,88,0.005652672000158246,0.0,nan
129,89,0.007776981985672589,0.0,nan
129,90,0.003603328989509494,0.0,nan
129,91,1.2547427756343,1.0,nan
129,92,0.006115227632871562,0.0,nan
129,93,0.007282679694492054,0.0,nan
129,94,6.072507558215365,1.0,nan
129,95,0.0069781042608463295,0.0625,nan
129,96,0.007153299225846439,0.0,nan
129,97,0.00463740327972989,0.0,nan
129,98,0.007327375621420995,0.0,nan
129,99,0.014632430952407596,0.0,nan
130,0,0.004790865660432736,0.0625,nan
130,1,0.009985278726275918,0.0625,nan
130,2,0.005526432150729168,0.0,nan
130,3,1.8037661252239507,1.0,nan
130,4,0.007464257421369637,0.0625,nan
130,5,0.00728134799187011,0.0,nan
130,6,0.0034032872060691284,0.125,nan
130,7,0.009058010913455185,0.0,nan
130,8,7.750317679771519,1.0,nan
130,9,0.005796521739317381,0.0625,nan
130,10,0.004735482767339672,0.125,nan
130,11,0.0061811435957601635,0.0,nan
130,12,0.018696125823801354,0.25,nan
130,13,0.005257648778624705,0.0,nan
130,14,0.010560068740134366,0.0,nan
130,15,0.0032620562056161185,0.0,nan
130,16,0.017539912551977427,0.0,nan
130,17,0.0076934101381242615,0.0,nan
130,18,0.004242062796484977,0.0,nan
130,19,0.015755641970306086,0.125,nan
130,20,0.004745344026479453,0.0,nan
130,21,0.005203694435882811,0.0625,nan
130,22,0.006810364809095987,0.0,nan
130,23,0.008025917850329276,0.125,nan
130,24,0.00390720121279721,0.0,nan
130,25,0.008736014609897912,0.0,nan
130,26,1.1633220696361708,0.9375,nan
130,27,0.01612112354077379,0.1875,nan
130,28,0.010172577775312063,0.0,nan
130,29,0.008065940904701778,0.0,nan
130,30,0.01086923121928773,0.0,nan
130,31,0.003544885470723117,0.0,nan
130,32,0.005367988067232382,0.0,nan
130,33,0.004215272677924712,0.0,nan
130,34,0.0041639847384385975,0.0,nan
130,35,0.007179680462452567,0.0,nan
130,36,3.098874780904201,1.0,nan
130,37,0.010742214444667891,0.0,nan
130,38,0.00874248155592527,0.0625,nan
130,39,0.005479099473648949,0.0,nan
130,40,0.0036936439038773613,0.0,nan
130,41,0.011514104481183268,0.0625,nan
130,42,0.010670211261694222,0.0,nan
130,43,0.014228848586322482,0.0,nan
130,44,0.019549869425022764,0.125,nan
130,45,0.012225624731366094,0.0,nan
130,46,0.010125506188566568,0.0625,nan
130,47,0.011013295528393627,0.0,nan
130,48,0.02054477390101112,0.25,nan
130,49,0.005719545258599166,0.0625,nan
130,50,0.004843943946972363,0.0,nan
130,51,0.005776957686083734,0.0625,nan
130,52,0.00720238372047813,0.125,nan
130,53,0.06381005094563048,0.25,nan
130,54,0.006768277692758631,0.0,nan
130,55,0.009232880621658866,0.0625,nan
130,56,0.0052365760914051184,0.0,nan
130,57,0.005750594742952225,0.0,nan
130,58,0.012490799637925582,0.0,nan
130,59,0.005600801975527994,0.125,nan
130,60,0.005995898936909135,0.0625,nan
130,61,0.0049153153347836435,0.0625,nan
130,62,0.00556370051916646,0.0625,nan
130,63,0.0051981061550643096,0.0,nan
130,64,0.00829364008392502,0.0,nan
130,65,0.010395894441461216,0.0,nan
130,66,0.008014713961674164,0.0625,nan
130,67,0.006758113815800158,0.0,nan
130,68,0.008104870499340057,0.0,nan
130,69,0.004707053379352829,0.0625,nan
130,70,0.0039102194440781245,0.0625,nan
130,71,0.01710945173156302,0.0,nan
130,72,0.009007606746703443,0.0,nan
130,73,0.004513103004499822,0.0625,nan
130,74,0.036301264043744855,0.25,nan
130,75,0.012252043624751605,0.125,nan
130,76,0.011112283630011061,0.0,nan
130,77,0.0068656782872023045,0.0,nan
130,78,0.025510828669498727,0.3125,nan
130,79,0.005947114124776294,0.0,nan
130,80,0.013572544446804929,0.0625,nan
130,81,0.011446748987392983,0.0625,nan
130,82,0.009901978685772857,0.0625,nan
130,83,0.00431326325163962,0.0,nan
130,84,0.011508878532987559,0.1875,nan
130,85,0.04291488145896896,0.25,nan
130,86,0.06077576761829138,0.3125,nan
130,87,0.004393788824620555,0.125,nan
130,88,0.02327480899403603,0.1875,nan
130,89,0.005694086844622387,0.0,nan
130,90,0.014668901244570183,0.0625,nan
130,91,1.6617750536051408,0.9375,nan
130,92,0.004055540170961411,0.0,nan
130,93,0.0027558377058802697,0.0,nan
130,94,9.342385301534101,1.0,nan
130,95,0.006618117100394477,0.0625,nan
130,96,0.0076784620628161425,0.0625,nan
130,97,0.005165110366655624,0.0,nan
130,98,0.013136775439673233,0.0,nan
130,99,0.013431412315164558,0.25,nan
131,0,0.010033582869546712,0.0,nan
131,1,0.04624486455422848,0.1875,nan
131,2,0.007918307663206486,0.0,nan
131,3,1.3655571335468526,1.0,nan
131,4,0.0042472730404968006,0.0,nan
131,5,0.010933635056759825,0.0625,nan
131,6,0.006198153621675003,0.0,nan
131,7,0.005044404682156772,0.0,nan
131,8,7.692541819344137,1.0,nan
131,9,0.0023194605354991665,0.0,nan
131,10,0.008859026259321199,0.0625,nan
131,11,0.005623809101073198,0.0,nan
131,12,0.018823941531756785,0.0625,nan
131,13,0.004696454190158952,0.0,nan
131,14,0.004321158405229054,0.0,nan
131,15,0.002223030126300202,0.0,nan
131,16,0.02580740919573858,0.0625,nan
131,17,0.006138152713588754,0.0,nan
131,18,0.004209916366183314,0.0,nan
131,19,0.00914793916377463,0.0,nan
131,20,0.004176168565748492,0.0,nan
131,21,0.017054651416781315,0.0,nan
131,22,0.0063697661536052455,0.0,nan
131,23,0.03447520812049427,0.0,nan
131,24,0.004906492976207707,0.0,nan
131,25,0.005185130670982557,0.0,nan
131,26,1.0306727161377087,1.0,nan
131,27,0.03240047737312772,0.125,nan
131,28,0.004191415232298533,0.0,nan
131,29,0.005232805398194252,0.0625,nan
131,30,0.005307184365202155,0.0,nan
131,31,0.005674060962869756,0.0,nan
131,32,0.00429448387104504,0.0,nan
131,33,0.009992616561290774,0.0,nan
131,34,0.014392067627953418,0.125,nan
131,35,0.002229920222818811,0.0,nan
131,36,2.930413110615894,1.0,nan
131,37,0.0029381870335449347,0.0,nan
131,38,0.012156380761447483,0.0,nan
131,39,0.0035521181454892335,0.0,nan
131,40,0.0038277274673916505,0.0,nan
131,41,0.008672081510584701,0.125,nan
131,42,0.013967678300027226,0.0,nan
131,43,0.01117895656521753,0.125,nan
131,44,0.009560522667136698,0.0625,nan
131,45,0.0036640965252103877,0.0625,nan
131,46,0.010239131870932748,0.0,nan
131,47,0.004031814156179329,0.0,nan
131,48,0.08148622896699521,0.3125,nan
131,49,0.0032923593187529207,0.0,nan
131,50,0.005327442014194931,0.0,nan
131,51,0.005214767335740988,0.0,nan
131,52,0.006023809977473262,0.0,nan
131,53,0.026820978542947106,0.1875,nan
131,54,0.006269260062577454,0.0625,nan
131,55,0.005078823756354288,0.0,nan
131,56,0.0021373388669932,0.0,nan
131,57,0.005783650560702144,0.0,nan
131,58,0.010342005790352781,0.0,nan
131,59,0.007354889031236834,0.0,nan
131,60,0.00330200757331403,0.0,nan
131,61,0.008944736721711876,0.0625,nan
131,62,0.006350984859748313,0.0,nan
131,63,0.007515824512763997,0.0625,nan
131,64,0.0037915942710218006,0.0,nan
131,65,0.0038878844831909095,0.0,nan
131,66,0.004482414476882697,0.0,nan
131,67,0.007643809231555338,0.0,nan
131,68,0.012681689487125197,0.0,nan
131,69,0.006174708809887915,0.0,nan
131,70,0.009626232656364312,0.0,nan
131,71,0.0032037660026271505,0.0,nan
131,72,0.006811391388742916,0.0,nan
131,73,0.005872701824327623,0.0,nan
131,74,0.08285299380649587,0.3125,nan
131,75,0.012273499948505791,0.0,nan
131,76,0.007609975457081707,0.0,nan
131,77,0.00978271909659242,0.0,nan
131,78,0.04319409883580298,0.1875,nan
131,79,0.0026322705628933725,0.0,nan
131,80,0.006124636631481009,0.0,nan
131,81,0.02200420018612724,0.0625,nan
131,82,0.004595710158642263,0.0,nan
131,83,0.0022707600635915306,0.0,nan
131,84,0.004847839612111084,0.0,nan
131,85,0.017572957653398984,0.0625,nan
131,86,0.14257916482459376,0.5,nan
131,87,0.004292309036565271,0.0,nan
131,88,0.010790520005771867,0.0625,nan
131,89,0.020488944024584746,0.0625,nan
131,90,0.005971486203634419,0.0,nan
131,91,1.2826263906141344,1.0,nan
131,92,0.007973904056664522,0.0625,nan
131,93,0.006081095798875025,0.0,nan
131,94,5.822861876747538,1.0,nan
131,95,0.006044504138904192,0.0,nan
131,96,0.004976961229250895,0.0,nan
131,97,0.00863891190583949,0.0625,nan
131,98,0.008252455716939923,0.0,nan
131,99,0.01079581776393384,0.0625,nan
132,0,0.004271387562551184,0.0625,nan
132,1,0.03136253531939742,0.1875,nan
132,2,0.0027824770577706028,0.0,nan
132,3,1.421666377429488,1.0,nan
132,4,0.004384799900617916,0.0,nan
132,5,0.0026284476624924436,0.0,nan
132,6,0.006928922690732272,0.0,nan
132,7,0.002429049947178955,0.0,nan
132,8,6.332877676847739,1.0,nan
132,9,0.004716924454915658,0.0,nan
132,10,0.00746750837544367,0.0,nan
132,11,0.005041983242779262,0.0,nan
132,12,0.04682182038991911,0.1875,nan
132,13,0.005092378119121731,0.0,nan
132,14,0.009616275804298038,0.0,nan
132,15,0.004239536704636512,0.0,nan
132,16,0.03311668192464244,0.0625,nan
132,17,0.010197611724441738,0.0625,nan
132,18,0.004667458783286237,0.0,nan
132,19,0.019970864055013374,0.0625,nan
132,20,0.007963806939662955,0.0,nan
132,21,0.00961818916153723,0.125,nan
132,22,0.003340302511360801,0.0,nan
132,23,0.004778182571792864,0.0,nan
132,24,0.00451284760701119,0.0,nan
132,25,0.0036637592517157975,0.0,nan
132,26,1.0271546450974098,1.0,nan
132,27,0.007459710145203316,0.0625,nan
132,28,0.006401816092795535,0.0,nan
132,29,0.005672681065403659,0.0,nan
132,30,0.004984532535869642,0.0625,nan
132,31,0.0013928084454757944,0.0,nan
132,32,0.004872833674876707,0.0625,nan
132,33,0.008229202870005387,0.0,nan
132,34,0.006302566879386934,0.0,nan
132,35,0.004170713966091024,0.0,nan
132,36,2.831249907511528,0.9375,nan
132,37,0.005707237948957993,0.0,nan
132,38,0.008934976516549242,0.0,nan
132,39,0.0038712076005093824,0.0,nan
132,40,0.003392209505974497,0.0,nan
132,41,0.004126170738409929,0.0,nan
132,42,0.005606918826768943,0.0,nan
132,43,0.010400334804952466,0.0625,nan
132,44,0.01679168884999788,0.0625,nan
132,45,0.0063330326313160955,0.0,nan
132,46,0.010175354440933126,0.0625,nan
132,47,0.0069448190557566646,0.0625,nan
132,48,0.017273898612410875,0.125,nan
132,49,0.005496386504774142,0.0,nan
132,50,0.0016992764141116248,0.0,nan
132,51,0.0030962711733202937,0.0,nan
132,52,0.0034898391701885575,0.0,nan
132,53,0.024153744912919488,0.125,nan
132,54,0.002023958536973066,0.0,nan
132,55,0.0036426778692737133,0.0,nan
132,56,0.005894481615147923,0.0,nan
132,57,0.006188861052948816,0.0,nan
132,58,0.004258791635855725,0.0,nan
132,59,0.003643992920065682,0.0,nan
132,60,0.0034752653158414983,0.0,nan
132,61,0.006143366110146979,0.0,nan
132,62,0.004317864107328618,0.0,nan
132,63,0.004113294729452532,0.0,nan
132,64,0.008007393401470908,0.0,nan
132,65,0.003935600309492808,0.0,nan
132,66,0.003553272973335609,0.0625,nan
132,67,0.005015313916409747,0.0625,nan
132,68,0.006517176020507816,0.0625,nan
132,69,0.00805904906414748,0.0,nan
132,70,0.002966458737634024,0.0625,nan
132,71,0.0020490980848138175,0.0625,nan
132,72,0.007552274530067304,0.0,nan
132,73,0.005308987940051331,0.0,nan
132,74,0.04530617552797814,0.3125,nan
132,75,0.009036182816607697,0.0,nan
132,76,0.007954190789075763,0.0,nan
132,77,0.008080957023119454,0.0,nan
132,78,0.029917605704095615,0.125,nan
132,79,0.0035780810278107705,0.0,nan
132,80,0.004301653866862924,0.0,nan
132,81,0.006065453187276191,0.0,nan
132,82,0.003719160249911198,0.0,nan
132,83,0.002120970019195933,0.0,nan
132,84,0.005947863249580079,0.0625,nan
132,85,0.015013569879646234,0.1875,nan
132,86,0.1328408106344055,0.375,nan
132,87,0.0052324387487884105,0.0625,nan
132,88,0.020010001112933412,0.125,nan
132,89,0.008810241187303995,0.0,nan
132,90,0.002871688899597025,0.0,nan
132,91,1.6409679817747516,1.0,nan
132,92,0.0031296909469711214,0.0,nan
132,93,0.005901155322933437,0.0,nan
132,94,4.447266507647958,1.0,nan
132,95,0.0035193391268751604,0.0,nan
132,96,0.010692939379746821,0.0625,nan
132,97,0.007488215864213264,0.0,nan
132,98,0.0094913154648463,0.0,nan
132,99,0.010236026824974504,0.0625,nan
133,0,0.00498349238586738,0.0,nan
133,1,0.06421156419464533,0.3125,nan
133,2,0.00598784597681766,0.0,nan
133,3,2.208149913729481,1.0,nan
133,4,0.006231804226737778,0.0625,nan
133,5,0.0061166814879330365,0.0625,nan
133,6,0.011173318825714866,0.0625,nan
133,7,0.015046335282708982,0.0625,nan
133,8,7.034934393417913,1.0,nan
133,9,0.007663106904273627,0.0,nan
133,10,0.007381600277708892,0.0,nan
133,11,0.0068298916424972475,0.0,nan
133,12,0.0690009828124575,0.375,nan
133,13,0.004840679158820952,0.0,nan
133,14,0.012464864010639325,0.0625,nan
133,15,0.004220980992594698,0.0,nan
133,16,0.03726717263389666,0.0625,nan
133,17,0.012337669143239215,0.0625,nan
133,18,0.006685495816768544,0.0,nan
133,19,0.018814598041769423,0.1875,nan
133,20,0.009294296293689573,0.0,nan
133,21,0.00744135821069062,0.0625,nan
133,22,0.016227929047401373,0.0,nan
133,23,0.02189567051146566,0.0,nan
133,24,0.008749898701925694,0.0625,nan
133,25,0.0036566029665401436,0.0,nan
133,26,1.6237121517167086,1.0,nan
133,27,0.01591321592139935,0.0625,nan
133,28,0.008598064527559991,0.0,nan
133,29,0.013884270744680169,0.0,nan
133,30,0.011491177842171841,0.0625,nan
133,31,0.006161869059877163,0.0,nan
133,32,0.009857785195092877,0.0,nan
133,33,0.008565635207389703,0.0,nan
133,34,0.007308345306674225,0.0,nan
133,35,0.007519128940824036,0.0625,nan
133,36,6.487454277976516,1.0,nan
133,37,0.01477163993097804,0.0,nan
133,38,0.009396212893257093,0.0625,nan
133,39,0.00772962886556261,0.0,nan
133,40,0.00513153094633409,0.0,nan
133,41,0.005472989119299558,0.0625,nan
133,42,0.00691085685540507,0.0,nan
133,43,0.018395282361090788,0.125,nan
133,44,0.015273537619507987,0.125,nan
133,45,0.007581229070912078,0.0,nan
133,46,0.008756845631196537,0.0,nan
133,47,0.006165700138162605,0.0,nan
133,48,0.07267223252991237,0.3125,nan
133,49,0.007651142012267354,0.0,nan
133,50,0.0045952706454246445,0.0,nan
133,51,0.013591687027500066,0.0,nan
133,52,0.009215631352139927,0.0625,nan
133,53,0.04435419109143271,0.1875,nan
133,54,0.014133148493766356,0.0,nan
133,55,0.014821231966478322,0.0,nan
133,56,0.009940357343787572,0.0625,nan
133,57,0.012893963051322439,0.0,nan
133,58,0.008390051797734712,0.0,nan
133,59,0.020852523694109094,0.0625,nan
133,60,0.008939838368754569,0.0,nan
133,61,0.008663661895607874,0.0,nan
133,62,0.0196172652072239,0.0,nan
133,63,0.006677582406804978,0.0,nan
133,64,0.00814793408299104,0.0,nan
133,65,0.011445838445411746,0.0,nan
133,66,0.008146404889699909,0.0625,nan
133,67,0.011761807280701978,0.0,nan
133,68,0.00910477683142254,0.0,nan
133,69,0.010565223954807374,0.0,nan
133,70,0.009203794116515281,0.0625,nan
133,71,0.005970853469056153,0.0625,nan
133,72,0.005401008437801799,0.0625,nan
133,73,0.005861487363578008,0.0,nan
133,74,0.05663192150917455,0.25,nan
133,75,0.01730895320119642,0.0,nan
133,76,0.0063445773201652785,0.0625,nan
133,77,0.009733140121099734,0.0625,nan
133,78,0.09819520627651801,0.4375,nan
133,79,0.007938967684025813,0.0,nan
133,80,0.004728841340542141,0.0,nan
133,81,0.016789535648220236,0.0625,nan
133,82,0.005582289293269151,0.0625,nan
133,83,0.0023456178197417276,0.0,nan
133,84,0.016089786014218323,0.125,nan
133,85,0.07093370679731385,0.3125,nan
133,86,0.07574042391612376,0.3125,nan
133,87,0.009068570045563738,0.0625,nan
133,88,0.01392680702566359,0.25,nan
133,89,0.010287812507179118,0.0625,nan
133,90,0.00765221160052038,0.0,nan
133,91,1.1548914022029702,1.0,nan
133,92,0.009758405688210816,0.0,nan
133,93,0.010968660619046658,0.0625,nan
133,94,5.2753516598288,1.0,nan
133,95,0.00482678521217169,0.0,nan
133,96,0.01725255610713683,0.0625,nan
133,97,0.02165580286137828,0.0625,nan
133,98,0.010034301129445578,0.0,nan
133,99,0.028189017562788264,0.1875,nan
134,0,0.010544687916625738,0.0,nan
134,1,0.019823376632839996,0.0625,nan
134,2,0.0032449323184586855,0.0,nan
134,3,1.2683805036900448,1.0,nan
134,4,0.00933412511375959,0.0,nan
134,5,0.005504172052402611,0.0,nan
134,6,0.005101633114771649,0.0,nan
134,7,0.006634684841386846,0.0,nan
134,8,9.23080475747277,1.0,nan
134,9,0.0045367374882994225,0.0,nan
134,10,0.0059500179438554575,0.0,nan
134,11,0.009403823679646426,0.0,nan
134,12,0.022986817234542357,0.125,nan
134,13,0.00739924286283422,0.0,nan
134,14,0.0058884279272606935,0.0,nan
134,15,0.005858720497757293,0.0,nan
134,16,0.01732719459454879,0.0625,nan
134,17,0.01009218895380182,0.0,nan
134,18,0.00473867736274425,0.0,nan
134,19,0.013787125754365411,0.0625,nan
134,20,0.003429053848176797,0.0,nan
134,21,0.01120412479028117,0.0,nan
134,22,0.004147308461607284,0.0,nan
134,23,0.012407671442801704,0.0625,nan
134,24,0.005241244710481566,0.0625,nan
134,25,0.008526356136038646,0.125,nan
134,26,1.5480966817307331,0.9375,nan
134,27,0.0038798352489570137,0.125,nan
134,28,0.006354372135878363,0.0,nan
134,29,0.0072116350894542,0.0,nan
134,30,0.016148622519085696,0.0,nan
134,31,0.0037096737090388738,0.0625,nan
134,32,0.0058652754127963315,0.0,nan
134,33,0.005024828709445478,0.0,nan
134,34,0.007080006487854507,0.0,nan
134,35,0.00519778594817041,0.0,nan
134,36,5.532601325387242,1.0,nan
134,37,0.004374142740837353,0.0,nan
134,38,0.01182112843196919,0.0625,nan
134,39,0.0033097403070539034,0.0625,nan
134,40,0.002901102564622137,0.0,nan
134,41,0.002119797257041796,0.0,nan
134,42,0.00613619080213579,0.0625,nan
134,43,0.020333502628560686,0.0625,nan
134,44,0.007862519539293397,0.0625,nan
134,45,0.004568611414506216,0.0,nan
134,46,0.0049869016604186574,0.0,nan
134,47,0.0030043343709437297,0.0,nan
134,48,0.02734937789813797,0.0625,nan
134,49,0.008886316615371526,0.0,nan
134,50,0.0038573013114169834,0.0,nan
134,51,0.00639681924032219,0.0625,nan
134,52,0.003799487778250063,0.0,nan
134,53,0.013118430891200957,0.0625,nan
134,54,0.004923116880970844,0.0,nan
134,55,0.0035295710997211857,0.0,nan
134,56,0.0035503367117026077,0.0,nan
134,57,0.005543713426498313,0.0,nan
134,58,0.020303690744204444,0.0625,nan
134,59,0.003525005139509564,0.0,nan
134,60,0.004862206198090214,0.0,nan
134,61,0.003742093807283473,0.125,nan
134,62,0.012129429830869022,0.125,nan
134,63,0.0016424273659129368,0.0625,nan
134,64,0.006164407038207912,0.0,nan
134,65,0.007232418697970665,0.0625,nan
134,66,0.0057147043009611615,0.0,nan
134,67,0.0036309306322931537,0.0,nan
134,68,0.0018831911772430566,0.0,nan
134,69,0.015518095372765009,0.0,nan
134,70,0.006474828710370486,0.0625,nan
134,71,0.005538779779300923,0.0,nan
134,72,0.006529645467065692,0.0,nan
134,73,0.006021392111848276,0.0,nan
134,74,0.06113137076862345,0.375,nan
134,75,0.007097041072834841,0.0,nan
134,76,0.005400952067817152,0.0625,nan
134,77,0.00962526390321516,0.0,nan
134,78,0.03248985637591638,0.1875,nan
134,79,0.009672110079990122,0.0,nan
134,80,0.004799192131296287,0.0,nan
134,81,0.013941186847998136,0.125,nan
134,82,0.004541163239276883,0.0,nan
134,83,0.004082678831799483,0.0,nan
134,84,0.020516213064854637,0.1875,nan
134,85,0.0860520197054919,0.3125,nan
134,86,0.08094001869834577,0.3125,nan
134,87,0.004001092386798178,0.0,nan
134,88,0.011786151777386705,0.25,nan
134,89,0.00806165827126368,0.0625,nan
134,90,0.0032234032585547433,0.0,nan
134,91,2.2946147659201,1.0,nan
134,92,0.009236287996845114,0.0625,nan
134,93,0.008574032381592645,0.0,nan
134,94,6.522571405175553,1.0,nan
134,95,0.012441123058403423,0.0,nan
134,96,0.008783961398483272,0.0625,nan
134,97,0.0063812968959192275,0.0,nan
134,98,0.00771288215561585,0.0625,nan
134,99,0.039881631650784566,0.0625,nan
135,0,0.004966384975684309,0.0,nan
135,1,0.0360644426924989,0.1875,nan
135,2,0.003240727106680292,0.0,nan
135,3,0.9516966563318483,1.0,nan
135,4,0.002345512532950487,0.0,nan
135,5,0.002833583620292417,0.0,nan
135,6,0.008324786923081223,0.0,nan
135,7,0.006998130639653861,0.0625,nan
135,8,6.466630041151239,1.0,nan
135,9,0.002163393594893585,0.0,nan
135,10,0.001543063620845551,0.0,nan
135,11,0.0026397234086788495,0.0,nan
135,12,0.04492522277615178,0.3125,nan
135,13,0.003802886115275703,0.0,nan
135,14,0.006152979668648934,0.0,nan
135,15,0.0069175727961625424,0.0,nan
135,16,0.01202760595771624,0.0,nan
135,17,0.008966563785873183,0.0,nan
135,18,0.0053173666930047166,0.0,nan
135,19,0.012183827257753986,0.0625,nan
135,20,0.0020244056308414814,0.0,nan
135,21,0.00180674638075287,0.0,nan
135,22,0.003675624566091263,0.0,nan
135,23,0.0031444122263470714,0.0,nan
135,24,0.0027223883326762312,0.0,nan
135,25,0.004481993807750167,0.0,nan
135,26,1.4755424893282036,1.0,nan
135,27,0.030492007310263306,0.0625,nan
135,28,0.008156073365828093,0.0625,nan
135,29,0.0047302752593180114,0.0625,nan
135,30,0.0028238689486410644,0.0,nan
135,31,0.0027438723683364,0.0,nan
135,32,0.004863873224820157,0.0,nan
135,33,0.0018770188790568684,0.0,nan
135,34,0.005130425805625003,0.0,nan
135,35,0.0019526750141420242,0.0,nan
135,36,4.293993215824955,1.0,nan
135,37,0.01992881282429706,0.0625,nan
135,38,0.005409906223006598,0.0,nan
135,39,0.002500042692092874,0.0,nan
135,40,0.005168587838946968,0.0,nan
135,41,0.006725159804850876,0.0,nan
135,42,0.004175404389963914,0.0,nan
135,43,0.017845629420403734,0.1875,nan
135,44,0.007463122996507138,0.0,nan
135,45,0.006074568807606251,0.0625,nan
135,46,0.002250401838333144,0.0,nan
135,47,0.003498268676864867,0.0625,nan
135,48,0.011497213853382073,0.125,nan
135,49,0.003796875612564945,0.0,nan
135,50,0.0035108490793780787,0.0,nan
135,51,0.00410749768748643,0.0,nan
135,52,0.004026672529540593,0.0,nan
135,53,0.026204936403162613,0.0,nan
135,54,0.0024101530726931657,0.0,nan
135,55,0.003108655235999204,0.0,nan
135,56,0.004530407623229961,0.0,nan
135,57,0.006417366769369848,0.0,nan
135,58,0.003018709318112795,0.0,nan
135,59,0.005442254694768467,0.0625,nan
135,60,0.0023979875233319297,0.0,nan
135,61,0.002876462369430729,0.0,nan
135,62,0.004445961606629333,0.0,nan
135,63,0.00208445034592083,0.0,nan
135,64,0.004294792315339763,0.0625,nan
135,65,0.005628002615990919,0.0,nan
135,66,0.002598087817440819,0.0,nan
135,67,0.0025215621880376508,0.0,nan
135,68,0.0029517578532180866,0.0,nan
135,69,0.005492965098892898,0.0,nan
135,70,0.0034215093535867208,0.0,nan
135,71,0.005249479075604367,0.0,nan
135,72,0.0029380281169689064,0.0625,nan
135,73,0.003315423744883362,0.0,nan
135,74,0.13195126299228835,0.4375,nan
135,75,0.006837012008444065,0.0625,nan
135,76,0.015457819253522208,0.125,nan
135,77,0.006054708690484963,0.0625,nan
135,78,0.04268158490562267,0.25,nan
135,79,0.0021907584540694367,0.0,nan
135,80,0.004068692882679993,0.0,nan
135,81,0.00851816559783954,0.0,nan
135,82,0.007799157946270427,0.0,nan
135,83,0.005237402873757197,0.0625,nan
135,84,0.003446539653749351,0.0,nan
135,85,0.008608319192295653,0.1875,nan
135,86,0.051082991137946565,0.1875,nan
135,87,0.0034834104711642623,0.0,nan
135,88,0.03502797867830791,0.1875,nan
135,89,0.002180172949438282,0.0,nan
135,90,0.0030656470218248673,0.0,nan
135,91,1.549570981281756,1.0,nan
135,92,0.0005734729584092406,0.0,nan
135,93,0.0033179480409477533,0.0,nan
135,94,6.020748615230621,1.0,nan
135,95,0.0009487780751032283,0.0,nan
135,96,0.0022538399683066394,0.0,nan
135,97,0.008478128069480189,0.0,nan
135,98,0.005149998412000778,0.0,nan
135,99,0.07339047731629916,0.375,nan
136,0,0.0023102246964799757,0.0,nan
136,1,0.030266173753219598,0.1875,nan
136,2,0.006125214626548899,0.0,nan
136,3,1.834380537932272,1.0,nan
136,4,0.004945477002249558,0.0,nan
136,5,0.004178935817654877,0.0,nan
136,6,0.007097884859127547,0.0,nan
136,7,0.009336448875297975,0.0625,nan
136,8,9.523489128652693,1.0,nan
136,9,0.005099150504682647,0.0,nan
136,10,0.004129673442002584,0.0,nan
136,11,0.008721933054256028,0.0,nan
136,12,0.0625843644719135,0.1875,nan
136,13,0.006738064804528886,0.125,nan
136,14,0.010011750946076986,0.0625,nan
136,15,0.004327789428074415,0.0,nan
136,16,0.026350342978299603,0.125,nan
136,17,0.007032520441027569,0.0,nan
136,18,0.004436160462839236,0.0,nan
136,19,0.006599914363132331,0.0625,nan
136,20,0.009794145428546789,0.0,nan
136,21,0.01182572044837001,0.0,nan
136,22,0.004142302034832844,0.0,nan
136,23,0.009578751298403305,0.0625,nan
136,24,0.0051178878546487405,0.0,nan
136,25,0.0019768924604337467,0.0,nan
136,26,1.661313700426382,1.0,nan
136,27,0.007129673948583845,0.0,nan
136,28,0.006002289799903797,0.0,nan
136,29,0.004682892667408501,0.0,nan
136,30,0.005770354773384645,0.0625,nan
136,31,0.004346450313981733,0.0,nan
136,32,0.008600830454172533,0.0,nan
136,33,0.004979463228043142,0.0,nan
136,34,0.008091390866393215,0.0625,nan
136,35,0.008264981605364851,0.0,nan
136,36,3.345662969069063,1.0,nan
136,37,0.008629325914038624,0.0,nan
136,38,0.007050358987053543,0.0,nan
136,39,0.0038040258383809245,0.0,nan
136,40,0.011216849773798434,0.0,nan
136,41,0.005155342031404012,0.0,nan
136,42,0.015654332035580164,0.25,nan
136,43,0.012779575645968863,0.125,nan
136,44,0.04292146450599443,0.125,nan
136,45,0.006687959184584695,0.0,nan
136,46,0.011070411156499132,0.0,nan
136,47,0.003965350476456667,0.0,nan
136,48,0.020031962709729654,0.0,nan
136,49,0.007642583954430784,0.0625,nan
136,50,0.001458097774770132,0.0,nan
136,51,0.01039306811460713,0.0,nan
136,52,0.004444694261938662,0.0,nan
136,53,0.019565013181675178,0.1875,nan
136,54,0.004688047804532938,0.0,nan
136,55,0.008756310789845855,0.0,nan
136,56,0.009799597089487086,0.0,nan
136,57,0.007518839803816076,0.0,nan
136,58,0.015488637620191627,0.0625,nan
136,59,0.007258685720313374,0.0,nan
136,60,0.0053766753457741776,0.0,nan
136,61,0.004298959011785409,0.0,nan
136,62,0.011862825643770034,0.0,nan
136,63,0.0038859667199453805,0.0625,nan
136,64,0.003712438856200871,0.0625,nan
136,65,0.006604792481293682,0.0,nan
136,66,0.007872946538290364,0.0,nan
136,67,0.00676466560382151,0.0,nan
136,68,0.011272508845294602,0.0,nan
136,69,0.004275818996324803,0.0,nan
136,70,0.004531850958953538,0.0625,nan
136,71,0.0018722578186340295,0.0,nan
136,72,0.004094280772624441,0.0625,nan
136,73,0.008046453613643912,0.0,nan
136,74,0.03550012316925757,0.375,nan
136,75,0.023856854359314256,0.125,nan
136,76,0.00818066023575765,0.0,nan
136,77,0.006607502777811135,0.0,nan
136,78,0.05927455481522381,0.125,nan
136,79,0.004597310119044629,0.0,nan
136,80,0.00632165567728353,0.0,nan
136,81,0.013799031343840286,0.0625,nan
136,82,0.004753880407093852,0.0,nan
136,83,0.005681245599719965,0.0,nan
136,84,0.009499221719867772,0.0625,nan
136,85,0.1031340730870908,0.375,nan
136,86,0.04426886722556589,0.25,nan
136,87,0.0037937601241697276,0.0,nan
136,88,0.012714673096951287,0.0625,nan
136,89,0.012541737396615014,0.0625,nan
136,90,0.006305324525025303,0.0,nan
136,91,1.2771242617403198,1.0,nan
136,92,0.0036787817294736775,0.0,nan
136,93,0.002539414941634015,0.0,nan
136,94,6.82444238383371,1.0,nan
136,95,0.0046591745779876285,0.0,nan
136,96,0.010537020306558072,0.0625,nan
136,97,0.011093154205962973,0.0625,nan
136,98,0.010927084816707355,0.0,nan
136,99,0.009818386415353972,0.0,nan
137,0,0.005585116579630314,0.0625,nan
137,1,0.03456607203391364,0.3125,nan
137,2,0.011799464565054932,0.0625,nan
137,3,1.1327146004546496,1.0,nan
137,4,0.004616753549120855,0.0625,nan
137,5,0.003992927397382813,0.0,nan
137,6,0.005480575304422627,0.0,nan
137,7,0.014167387211473334,0.0,nan
137,8,7.403782603806402,1.0,nan
137,9,0.006291335363640188,0.0625,nan
137,10,0.007789332907251225,0.0,nan
137,11,0.0043914689039817704,0.0625,nan
137,12,0.052746775624562314,0.0625,nan
137,13,0.009179811279080002,0.0,nan
137,14,0.003968461879934969,0.0,nan
137,15,0.003745168941605417,0.0,nan
137,16,0.01307332888759714,0.125,nan
137,17,0.0057188874074300495,0.0,nan
137,18,0.003969514100138764,0.0,nan
137,19,0.007656630384097692,0.0,nan
137,20,0.005162256360313679,0.0,nan
137,21,0.011456194597201957,0.0,nan
137,22,0.00431895079042645,0.0,nan
137,23,0.006847209678706683,0.125,nan
137,24,0.005259681271130336,0.0,nan
137,25,0.0021290851810363103,0.0625,nan
137,26,1.2646856423014632,1.0,nan
137,27,0.006457536073653342,0.0625,nan
137,28,0.004089681732509637,0.0,nan
137,29,0.005195404383660637,0.0,nan
137,30,0.003627147326499044,0.0,nan
137,31,0.004043104068070711,0.0,nan
137,32,0.004207463418710445,0.0625,nan
137,33,0.0034010085612087367,0.0,nan
137,34,0.007788946860033485,0.0,nan
137,35,0.0045894157774891906,0.0625,nan
137,36,4.3661141367558285,1.0,nan
137,37,0.00757782983378581,0.0,nan
137,38,0.007981787712106227,0.0,nan
137,39,0.007375411606503822,0.0,nan
137,40,0.003625803991427163,0.0625,nan
137,41,0.005029186480916286,0.0,nan
137,42,0.007359163881153092,0.0,nan
137,43,0.022505690267392388,0.125,nan
137,44,0.00570873937692132,0.0625,nan
137,45,0.002278560649019349,0.0,nan
137,46,0.007384401402242425,0.0,nan
137,47,0.004430653420133059,0.0,nan
137,48,0.02011529402227703,0.125,nan
137,49,0.0023607211877786035,0.0,nan
137,50,0.00402252609425644,0.0,nan
137,51,0.0070108473239260055,0.0,nan
137,52,0.003352542082291594,0.0,nan
137,53,0.006447021968519517,0.0625,nan
137,54,0.003988899218940302,0.0,nan
137,55,0.005642322999820699,0.0625,nan
137,56,0.004036463113406972,0.0,nan
137,57,0.006018278815270981,0.0625,nan
137,58,0.007130390744760339,0.0625,nan
137,59,0.005198530202445368,0.0,nan
137,60,0.010419131748532585,0.0,nan
137,61,0.004683365841631185,0.0,nan
137,62,0.004200268192149945,0.0,nan
137,63,0.002156413846833836,0.0,nan
137,64,0.0032091397195341685,0.0625,nan
137,65,0.0054309576183526696,0.0,nan
137,66,0.007319818434394731,0.0,nan
137,67,0.0038499702967727785,0.0,nan
137,68,0.004155273896431161,0.0,nan
137,69,0.011110388018122867,0.0625,nan
137,70,0.006844003869857556,0.0,nan
137,71,0.006260138161958169,0.0625,nan
137,72,0.0055301064773603794,0.0,nan
137,73,0.0036548506354849297,0.0,nan
137,74,0.04372009741820704,0.375,nan
137,75,0.005336846511340757,0.0,nan
137,76,0.004567136190014952,0.0,nan
137,77,0.009930762355471351,0.0,nan
137,78,0.018816765070464193,0.1875,nan
137,79,0.002211487551330241,0.0,nan
137,80,0.004613574269506404,0.0,nan
137,81,0.011800383136957651,0.0625,nan
137,82,0.005326617795835718,0.0,nan
137,83,0.004249179219546346,0.0625,nan
137,84,0.011826706165655537,0.0625,nan
137,85,0.0407286401273462,0.3125,nan
137,86,0.06381856719003116,0.25,nan
137,87,0.005674057058568927,0.0,nan
137,88,0.007681583303931221,0.1875,nan
137,89,0.005137617417342045,0.0,nan
137,90,0.0025039030844553447,0.0,nan
137,91,1.2782196613207344,1.0,nan
137,92,0.004565466662459191,0.0,nan
137,93,0.004407366153703204,0.0,nan
137,94,4.978790343888091,1.0,nan
137,95,0.003055460861137418,0.0,nan
137,96,0.004423909060155849,0.0,nan
137,97,0.005119748103073902,0.0,nan
137,98,0.0058331372094879794,0.0,nan
137,99,0.017290924771577093,0.125,nan
138,0,0.01052523229637721,0.0,nan
138,1,0.044294999746178024,0.125,nan
138,2,0.007787749836167609,0.0625,nan
138,3,2.4231135983338907,1.0,nan
138,4,0.011681342135455339,0.0625,nan
138,5,0.004108552299719138,0.0,nan
138,6,0.008197177877015299,0.0,nan
138,7,0.009307299028182208,0.0625,nan
138,8,9.420884437821679,1.0,nan
138,9,0.008777439848536312,0.0,nan
138,10,0.008133112965520765,0.0625,nan
138,11,0.013799036035074298,0.0,nan
138,12,0.07410765682210761,0.0625,nan
138,13,0.01017873945161624,0.0,nan
138,14,0.006102947054085076,0.0,nan
138,15,0.006634039427833188,0.0625,nan
138,16,0.03420748185620592,0.1875,nan
138,17,0.01567684952036641,0.125,nan
138,18,0.005566756174404809,0.0625,nan
138,19,0.015642351771440126,0.0625,nan
138,20,0.0062944997352386975,0.0,nan
138,21,0.014327128865629268,0.0,nan
138,22,0.01072647150884778,0.0,nan
138,23,0.014969941993946675,0.0625,nan
138,24,0.008983860601237011,0.0,nan
138,25,0.01026742321677275,0.0,nan
138,26,1.3387684491705256,1.0,nan
138,27,0.01434476601990221,0.0625,nan
138,28,0.007244567169732834,0.0625,nan
138,29,0.0130891363888905,0.0,nan
138,30,0.020328918291147555,0.0,nan
138,31,0.0063672772272560015,0.0625,nan
138,32,0.00950674623573701,0.0,nan
138,33,0.011822116003079051,0.0,nan
138,34,0.01279091437992953,0.0,nan
138,35,0.00946567020610233,0.0,nan
138,36,2.9110328793225646,1.0,nan
138,37,0.010284302823713926,0.0,nan
138,38,0.014464851243104895,0.0,nan
138,39,0.0044868135400372,0.0,nan
138,40,0.007939021753437522,0.0625,nan
138,41,0.007662102244150336,0.0625,nan
138,42,0.012261808457890256,0.0,nan
138,43,0.019959490207225636,0.125,nan
138,44,0.024314798861787654,0.0,nan
138,45,0.005590159718948062,0.0625,nan
138,46,0.007798929463574721,0.0,nan
138,47,0.011191805410368794,0.0,nan
138,48,0.048226527105478624,0.125,nan
138,49,0.01187735023373953,0.0625,nan
138,50,0.006197369009066386,0.0,nan
138,51,0.008213304400994324,0.0,nan
138,52,0.003421026504317131,0.0,nan
138,53,0.017291296851013965,0.125,nan
138,54,0.010329060446665149,0.0,nan
138,55,0.019293611364175414,0.0,nan
138,56,0.010047996849269993,0.0,nan
138,57,0.01182549284499621,0.1875,nan
138,58,0.013851381882844616,0.0625,nan
138,59,0.00837983132970278,0.0,nan
138,60,0.004279940228005064,0.0,nan
138,61,0.011924612781798374,0.0625,nan
138,62,0.01092195210835994,0.0,nan
138,63,0.0029253527455405668,0.0,nan
138,64,0.01158293518615218,0.0,nan
138,65,0.014063637302003076,0.0,nan
138,66,0.00951512197790283,0.0625,nan
138,67,0.00881247768416966,0.0,nan
138,68,0.008614826515939738,0.0,nan
138,69,0.014879625287240596,0.125,nan
138,70,0.005026476526417744,0.0,nan
138,71,0.009788591347235635,0.0,nan
138,72,0.012331774367875973,0.0,nan
138,73,0.0045869788801594785,0.0,nan
138,74,0.03991394490121421,0.3125,nan
138,75,0.01707929385310409,0.0625,nan
138,76,0.008584118500361126,0.0,nan
138,77,0.012796854672530215,0.0625,nan
138,78,0.1217754433967992,0.4375,nan
138,79,0.021751017294621734,0.0625,nan
138,80,0.006435304504246968,0.0,nan
138,81,0.009211206354673897,0.0625,nan
138,82,0.007246140499724588,0.0,nan
138,83,0.0043978738961163505,0.0,nan
138,84,0.014447575744969795,0.0,nan
138,85,0.16795143236282606,0.5,nan
138,86,0.17950068983323939,0.625,nan
138,87,0.017978077993713825,0.125,nan
138,88,0.024344446882666383,0.0625,nan
138,89,0.020038467215525706,0.0625,nan
138,90,0.00712521140263727,0.0625,nan
138,91,2.043336456282467,1.0,nan
138,92,0.010518575683438173,0.0,nan
138,93,0.009913031589274743,0.0,nan
138,94,6.972894035470824,1.0,nan
138,95,0.003897143181182868,0.0,nan
138,96,0.01688842131358985,0.0,nan
138,97,0.0162264339650275,0.0625,nan
138,98,0.010852647283695935,0.0,nan
138,99,0.03326614452728573,0.3125,nan
139,0,0.0023321517600018,0.0,nan
139,1,0.11390228867140345,0.4375,nan
139,2,0.006205178955651218,0.0,nan
139,3,1.58313002118557,1.0,nan
139,4,0.005041437151196504,0.0,nan
139,5,0.0017189133959156452,0.0,nan
139,6,0.0038586245683478815,0.0,nan
139,7,0.014965110886855974,0.0,nan
139,8,8.28349202338757,1.0,nan
139,9,0.0073450278993034916,0.0625,nan
139,10,0.0046372848724894,0.0,nan
139,11,0.003921541083426359,0.0,nan
139,12,0.045931999845497506,0.0625,nan
139,13,0.00409166704667794,0.0,nan
139,14,0.005467020525732275,0.0,nan
139,15,0.004717539258562468,0.0,nan
139,16,0.019430112771317627,0.0625,nan
139,17,0.004455876145745931,0.125,nan
139,18,0.008679280282857499,0.0,nan
139,19,0.010430680890465543,0.0,nan
139,20,0.006494313231735759,0.0,nan
139,21,0.004579486170422935,0.0,nan
139,22,0.00316486791810332,0.0,nan
139,23,0.00668006484412152,0.0,nan
139,24,0.009823875875024476,0.0,nan
139,25,0.003568476321924607,0.0,nan
139,26,1.2681101410618303,1.0,nan
139,27,0.01210715272776574,0.125,nan
139,28,0.006593865920959635,0.0,nan
139,29,0.012555514697044698,0.0,nan
139,30,0.002486361096359896,0.0,nan
139,31,0.0025375336480470446,0.0,nan
139,32,0.007367014799602641,0.0625,nan
139,33,0.00300622055501495,0.0,nan
139,34,0.002172868778769682,0.0,nan
139,35,0.005293346824092627,0.0,nan
139,36,5.494952556187288,1.0,nan
139,37,0.0024746341741436304,0.0,nan
139,38,0.006823838102828194,0.0,nan
139,39,0.002662801780080522,0.0,nan
139,40,0.004757123755159118,0.0,nan
139,41,0.008678672412267795,0.0,nan
139,42,0.0064767215644813345,0.0,nan
139,43,0.009629089981294997,0.0625,nan
139,44,0.015919501823405055,0.0,nan
139,45,0.004216344157756317,0.0,nan
139,46,0.002885543483880035,0.0,nan
139,47,0.006813490469494062,0.0,nan
139,48,0.00820623986002261,0.0625,nan
139,49,0.005867811720913366,0.0,nan
139,50,0.0026010644526592653,0.0,nan
139,51,0.004485691117107492,0.0,nan
139,52,0.004591865156194501,0.0,nan
139,53,0.01030656791407739,0.0,nan
139,54,0.009093489782985707,0.0625,nan
139,55,0.008031269387105005,0.0,nan
139,56,0.0025944684951912027,0.0,nan
139,57,0.007091153175041541,0.0,nan
139,58,0.014976837471260194,0.0,nan
139,59,0.008299083503550792,0.0,nan
139,60,0.005123307120378377,0.0,nan
139,61,0.003398277867123746,0.0,nan
139,62,0.004566888504918393,0.0,nan
139,63,0.0037313205763305594,0.0,nan
139,64,0.007102585425321963,0.0,nan
139,65,0.005746165248452418,0.0,nan
139,66,0.0036569989473242926,0.0,nan
139,67,0.006470733132241465,0.0,nan
139,68,0.004620777273487685,0.0,nan
139,69,0.011331762474570878,0.0,nan
139,70,0.004370984801737182,0.0,nan
139,71,0.0042666359623049184,0.0,nan
139,72,0.004083236991125125,0.0,nan
139,73,0.0024979264641146704,0.0,nan
139,74,0.15695300595863326,0.5,nan
139,75,0.006933516570514791,0.0,nan
139,76,0.010228926385925652,0.0625,nan
139,77,0.007063110733217288,0.0,nan
139,78,0.048149930263370326,0.1875,nan
139,79,0.0020143386320558257,0.0,nan
139,80,0.006071897726102285,0.0625,nan
139,81,0.006649242951469199,0.0,nan
139,82,0.0027749082387612638,0.0,nan
139,83,0.0035546301344175487,0.0,nan
139,84,0.007919228552355339,0.0,nan
139,85,0.019004440949628835,0.1875,nan
139,86,0.022366229386666298,0.125,nan
139,87,0.004927329308619008,0.0,nan
139,88,0.03002506682439572,0.25,nan
139,89,0.007626623649587688,0.0625,nan
139,90,0.005673389565945086,0.0,nan
139,91,1.3773856146921384,1.0,nan
139,92,0.0056925518821537326,0.0,nan
139,93,0.006745615582165831,0.0,nan
139,94,7.900592258799662,1.0,nan
139,95,0.005260135444482202,0.0,nan
139,96,0.008537882177271234,0.0,nan
139,97,0.00874868571951674,0.0,nan
139,98,0.005648175602267046,0.0,nan
139,99,0.020518355966420466,0.0,nan
140,0,0.0071420045223689246,0.0,nan
140,1,0.023669829691253592,0.3125,nan
140,2,0.0068703977886942665,0.0,nan
140,3,1.905000815138287,1.0,nan
140,4,0.005957853855808454,0.0,nan
140,5,0.004838382010682542,0.0,nan
140,6,0.007709647836562609,0.0,nan
140,7,0.008893374162295261,0.0625,nan
140,8,10.078406219732102,1.0,nan
140,9,0.006439413249096433,0.0625,nan
140,10,0.005985632200503538,0.0625,nan
140,11,0.00474116931949527,0.0,nan
140,12,0.03506047929084874,0.1875,nan
140,13,0.004663921701999824,0.0,nan
140,14,0.006434797276768426,0.0,nan
140,15,0.0019445910804337819,0.0,nan
140,16,0.013809473753683146,0.0,nan
140,17,0.011360711290906635,0.0625,nan
140,18,0.005479980687521296,0.0,nan
140,19,0.013882502405903809,0.0,nan
140,20,0.0027132737157672363,0.0,nan
140,21,0.006469982165306891,0.0,nan
140,22,0.005972271804471652,0.0,nan
140,23,0.00894708927645282,0.0625,nan
140,24,0.017288202472294754,0.0,nan
140,25,0.00615518272375873,0.0,nan
140,26,1.5282605941887475,1.0,nan
140,27,0.013007553294644184,0.0625,nan
140,28,0.005974963029871418,0.0,nan
140,29,0.010710179202570697,0.0,nan
140,30,0.006786180351755481,0.0,nan
140,31,0.00681157216490665,0.0625,nan
140,32,0.0041055721621070474,0.0,nan
140,33,0.00427866608070206,0.0,nan
140,34,0.006755056634055424,0.0,nan
140,35,0.006484644550304588,0.0,nan
140,36,4.3849220626726755,1.0,nan
140,37,0.01967082026587101,0.0,nan
140,38,0.010006354816043263,0.0,nan
140,39,0.008822199951262386,0.0,nan
140,40,0.0031001506047474234,0.0,nan
140,41,0.003906211780437153,0.0,nan
140,42,0.014020906038061135,0.125,nan
140,43,0.0063559263575542375,0.125,nan
140,44,0.00911631790276784,0.125,nan
140,45,0.0031958531251673763,0.0625,nan
140,46,0.003975413734160816,0.0,nan
140,47,0.006590710855286211,0.0,nan
140,48,0.0928893741256889,0.25,nan
140,49,0.004554889407072144,0.0,nan
140,50,0.004410753561011229,0.0,nan
140,51,0.002928150667207049,0.0,nan
140,52,0.0036039478564158563,0.0,nan
140,53,0.010421491602108191,0.0,nan
140,54,0.006145396011281768,0.0,nan
140,55,0.009123633852961758,0.0,nan
140,56,0.013399546377868938,0.0,nan
140,57,0.005554113030697278,0.0,nan
140,58,0.00476414094558328,0.0,nan
140,59,0.004548202763113393,0.0,nan
140,60,0.004842953151703038,0.0,nan
140,61,0.008811870091470315,0.0,nan
140,62,0.002836211082382732,0.0,nan
140,63,0.004485893528678606,0.0,nan
140,64,0.0031856497830463713,0.0,nan
140,65,0.0046694898009340385,0.0625,nan
140,66,0.0053632548092318565,0.0,nan
140,67,0.006037321114649316,0.0,nan
140,68,0.005163770411537703,0.0,nan
140,69,0.00967910713724344,0.0,nan
140,70,0.010266907439566039,0.0625,nan
140,71,0.005149036913843547,0.0,nan
140,72,0.006020205249604145,0.0,nan
140,73,0.005497307665121563,0.0,nan
140,74,0.017757417665603018,0.25,nan
140,75,0.009331852376787277,0.0,nan
140,76,0.007421092778528954,0.0625,nan
140,77,0.007071225440375991,0.0,nan
140,78,0.06929294825365535,0.25,nan
140,79,0.004283587471583953,0.0,nan
140,80,0.013913902198502087,0.0,nan
140,81,0.0112656892712847,0.0,nan
140,82,0.006751031108245241,0.0,nan
140,83,0.007397362772354079,0.0625,nan
140,84,0.007017418927332503,0.0,nan
140,85,0.16232587194233872,0.5625,nan
140,86,0.05129416834673623,0.3125,nan
140,87,0.006601074513676035,0.0,nan
140,88,0.010360884291992146,0.0,nan
140,89,0.007333277278343547,0.0,nan
140,90,0.0035441870790440234,0.0,nan
140,91,2.9634522726729595,1.0,nan
140,92,0.007042361647202826,0.0625,nan
140,93,0.007599466360326391,0.0,nan
140,94,8.118426844365747,1.0,nan
140,95,0.004208673319866643,0.0,nan
140,96,0.010418089857208556,0.0625,nan
140,97,0.007998211846011103,0.0,nan
140,98,0.00959682770683116,0.0,nan
140,99,0.02263744614709827,0.0625,nan
141,0,0.005089121283904336,0.0,nan
141,1,0.03714590064085261,0.0625,nan
141,2,0.0071648448096757,0.0625,nan
141,3,1.7319137483446871,1.0,nan
141,4,0.009100324420640677,0.0,nan
141,5,0.003014249919027369,0.0625,nan
141,6,0.007621974621380569,0.0625,nan
141,7,0.015141302176087786,0.125,nan
141,8,6.510599248173999,1.0,nan
141,9,0.005640944935590521,0.0,nan
141,10,0.005809431615792207,0.0,nan
141,11,0.006002083196141789,0.0,nan
141,12,0.061982130539035285,0.1875,nan
141,13,0.013622082626286298,0.0625,nan
141,14,0.003705234015909586,0.0,nan
141,15,0.0038973972525746317,0.0625,nan
141,16,0.018115352865867435,0.0625,nan
141,17,0.015112347110678447,0.0,nan
141,18,0.008120462078700891,0.0,nan
141,19,0.01683209810341653,0.0625,nan
141,20,0.005340283946050524,0.0625,nan
141,21,0.009027142009495406,0.125,nan
141,22,0.018468211145414817,0.0,nan
141,23,0.017931710873803696,0.125,nan
141,24,0.010265755711371088,0.0,nan
141,25,0.003823928067419582,0.0,nan
141,26,1.2672596062240156,0.9375,nan
141,27,0.035534627552918016,0.25,nan
141,28,0.015494672320370821,0.0,nan
141,29,0.005259763426228182,0.0,nan
141,30,0.011714042308931406,0.0625,nan
141,31,0.009219084191599738,0.0,nan
141,32,0.003384279013356864,0.0,nan
141,33,0.0028231646133275697,0.0,nan
141,34,0.012370463748759261,0.0,nan
141,35,0.0037404338963743554,0.0,nan
141,36,3.487057421327865,1.0,nan
141,37,0.010268949406401467,0.0,nan
141,38,0.0073512408937408,0.0625,nan
141,39,0.005848021767131429,0.0,nan
141,40,0.009801403936094272,0.0,nan
141,41,0.0161654799828317,0.0,nan
141,42,0.017463355670359906,0.0625,nan
141,43,0.02543249583933277,0.0625,nan
141,44,0.008477517276543698,0.25,nan
141,45,0.008293356383875537,0.0625,nan
141,46,0.008409679502348347,0.0,nan
141,47,0.009294294033895565,0.0,nan
141,48,0.030429956854359348,0.1875,nan
141,49,0.005893172889437533,0.0,nan
141,50,0.003810467350697664,0.0,nan
141,51,0.010494144698237416,0.0,nan
141,52,0.002533049378783343,0.0625,nan
141,53,0.019995838033041405,0.1875,nan
141,54,0.004917692334987733,0.0625,nan
141,55,0.006049446373027795,0.0,nan
141,56,0.006808899850449022,0.0,nan
141,57,0.0035004796076330957,0.0,nan
141,58,0.0036355657031366647,0.0,nan
141,59,0.014215436315199542,0.0,nan
141,60,0.0037838601737010696,0.0,nan
141,61,0.01485031567100267,0.0,nan
141,62,0.005909786473376996,0.0,nan
141,63,0.004401111265623717,0.0,nan
141,64,0.008649915519271672,0.0,nan
141,65,0.005047025676038533,0.0,nan
141,66,0.007379002842336175,0.0,nan
141,67,0.008948499119223224,0.0,nan
141,68,0.01290538021758976,0.0,nan
141,69,0.01719607333666468,0.0,nan
141,70,0.008626159851222288,0.0,nan
141,71,0.004202780656425947,0.0,nan
141,72,0.00994934545206309,0.0,nan
141,73,0.004708140734373539,0.0,nan
141,74,0.014344121618066967,0.0625,nan
141,75,0.007288630054301333,0.0,nan
141,76,0.008168751029480104,0.0625,nan
141,77,0.013079636633936357,0.0,nan
141,78,0.07860339929606776,0.375,nan
141,79,0.007846998720563969,0.0,nan
141,80,0.004257373101711133,0.0,nan
141,81,0.014673485648814892,0.0625,nan
141,82,0.009064531945781565,0.0,nan
141,83,0.006018511547842112,0.0,nan
141,84,0.009999406105157885,0.0,nan
141,85,0.209826011546511,0.5625,nan
141,86,0.05241242383760089,0.1875,nan
141,87,0.0181707097776364,0.0625,nan
141,88,0.01158805741008436,0.0,nan
141,89,0.00948124256714864,0.0,nan
141,90,0.007572591019827293,0.0,nan
141,91,2.0127270437790106,1.0,nan
141,92,0.0079517346941767,0.0,nan
141,93,0.008734029097667064,0.0,nan
141,94,7.872903082332109,1.0,nan
141,95,0.0042640623764414924,0.0,nan
141,96,0.005822435782874074,0.0,nan
141,97,0.010512650384151438,0.0,nan
141,98,0.014683289761959404,0.125,nan
141,99,0.02896885606543196,0.0625,nan
142,0,0.005399151522238675,0.0625,nan
142,1,0.021470925020649248,0.0,nan
142,2,0.006343200397043549,0.0,nan
142,3,1.4052254697973035,1.0,nan
142,4,0.003989571592105845,0.0,nan
142,5,0.0061527910855999094,0.0,nan
142,6,0.008661116858049269,0.0,nan
142,7,0.014135961452323691,0.0,nan
142,8,8.410570750885965,1.0,nan
142,9,0.008289449885461516,0.0625,nan
142,10,0.005603555792695341,0.0,nan
142,11,0.009173233518652617,0.0,nan
142,12,0.024311810836304546,0.25,nan
142,13,0.006640580090793628,0.0,nan
142,14,0.004230109751092094,0.0,nan
142,15,0.002538972974419879,0.0,nan
142,16,0.024306061578153154,0.0,nan
142,17,0.010207406829647898,0.0625,nan
142,18,0.005927875948058428,0.0,nan
142,19,0.018663310235157417,0.0,nan
142,20,0.005014922572881731,0.0625,nan
142,21,0.009206525064696871,0.125,nan
142,22,0.007667079786577493,0.0625,nan
142,23,0.00695392069189156,0.0,nan
142,24,0.004883625440928149,0.0,nan
142,25,0.0031469747267714133,0.0,nan
142,26,1.4529878589253582,1.0,nan
142,27,0.021367504171470993,0.1875,nan
142,28,0.006865377014036684,0.0,nan
142,29,0.0066571390224106596,0.0,nan
142,30,0.007537123266194498,0.0,nan
142,31,0.00482070237447272,0.0,nan
142,32,0.005664383290746855,0.0,nan
142,33,0.0056937188598349415,0.0,nan
142,34,0.007335696101886469,0.0,nan
142,35,0.0047825586781644,0.0,nan
142,36,3.287102608564177,1.0,nan
142,37,0.006670538727333054,0.0,nan
142,38,0.008993412704428383,0.0625,nan
142,39,0.004695642235163609,0.0,nan
142,40,0.007525846295683092,0.0,nan
142,41,0.0041022658800770944,0.0,nan
142,42,0.008417428483364627,0.0,nan
142,43,0.022239350272032315,0.0625,nan
142,44,0.00972927344812615,0.0625,nan
142,45,0.0056924517135973855,0.0625,nan
142,46,0.006851812878854358,0.0625,nan
142,47,0.008097909127594229,0.125,nan
142,48,0.013279204343786582,0.125,nan
142,49,0.0036740151545203797,0.0625,nan
142,50,0.005158127136123305,0.0,nan
142,51,0.013666014165489734,0.0,nan
142,52,0.007547216070214009,0.0,nan
142,53,0.016150931613378584,0.1875,nan
142,54,0.003930628386712843,0.0625,nan
142,55,0.0056867523355867665,0.0625,nan
142,56,0.005146135025331415,0.0,nan
142,57,0.007239732805680741,0.0625,nan
142,58,0.006675550778848294,0.0,nan
142,59,0.006691628973732334,0.0,nan
142,60,0.005457215574615249,0.0,nan
142,61,0.004962463661691521,0.0625,nan
142,62,0.0033229028484880706,0.0,nan
142,63,0.0037066838723105126,0.0,nan
142,64,0.007820848930045083,0.0,nan
142,65,0.005967111504878242,0.0,nan
142,66,0.004969461167782763,0.0,nan
142,67,0.006841562184438019,0.0,nan
142,68,0.01078616215407827,0.0625,nan
142,69,0.005629468359976026,0.0,nan
142,70,0.007392363909246229,0.0,nan
142,71,0.009359452179249774,0.0625,nan
142,72,0.0067990783545785975,0.0,nan
142,73,0.004020907834846342,0.0,nan
142,74,0.0181658640497272,0.125,nan
142,75,0.007285700979305271,0.0,nan
142,76,0.00399038766492632,0.0,nan
142,77,0.014534465650928162,0.0625,nan
142,78,0.06025341390381128,0.0,nan
142,79,0.008112398470391455,0.0,nan
142,80,0.014236612684594517,0.0,nan
142,81,0.012435165656185899,0.0,nan
142,82,0.007694058985199181,0.0,nan
142,83,0.0043014897542135565,0.0625,nan
142,84,0.011379083159730985,0.0,nan
142,85,0.263191526947764,0.625,nan
142,86,0.08453306124956397,0.25,nan
142,87,0.002926689514438873,0.0,nan
142,88,0.013063768991732057,0.125,nan
142,89,0.006706046073952216,0.0,nan
142,90,0.00525441566162289,0.0,nan
142,91,1.694437003997313,1.0,nan
142,92,0.006221028939675208,0.0,nan
142,93,0.004001886877450115,0.0,nan
142,94,4.0858230644665205,1.0,nan
142,95,0.006801498538915707,0.0625,nan
142,96,0.006689787649893588,0.0,nan
142,97,0.0074340165954206415,0.0,nan
142,98,0.005845248354161654,0.0,nan
142,99,0.011950103807819518,0.125,nan
143,0,0.010385642180092063,0.0,nan
143,1,0.008868305230067222,0.0625,nan
143,2,0.002162343896722074,0.0,nan
143,3,1.151541621552084,1.0,nan
143,4,0.006399961937920451,0.0,nan
143,5,0.004864184946222396,0.0,nan
143,6,0.008112600866559688,0.0,nan
143,7,0.0066175848707041175,0.0625,nan
143,8,7.307184028291088,1.0,nan
143,9,0.012008468875063003,0.0,nan
143,10,0.0014314951007999587,0.0,nan
143,11,0.002703796004041305,0.0625,nan
143,12,0.08891441691243579,0.375,nan
143,13,0.004459753066401494,0.0,nan
143,14,0.0016244234038930929,0.0,nan
143,15,0.0036319874915698895,0.0,nan
143,16,0.018226918036036474,0.125,nan
143,17,0.017824864889872137,0.0625,nan
143,18,0.004565163419002044,0.0,nan
143,19,0.023478164371054367,0.0,nan
143,20,0.004781946807023685,0.0,nan
143,21,0.004339650197985341,0.0,nan
143,22,0.0057682820389452025,0.0625,nan
143,23,0.006457039253582964,0.0625,nan
143,24,0.008017115419526362,0.0,nan
143,25,0.004875729136704752,0.0,nan
143,26,1.1812562187705424,1.0,nan
143,27,0.02176401338513413,0.1875,nan
143,28,0.006563630258073897,0.0,nan
143,29,0.004450955337504567,0.0,nan
143,30,0.005829227298573932,0.0,nan
143,31,0.002185926818312873,0.0,nan
143,32,0.004495005992722488,0.0,nan
143,33,0.0015115187029717302,0.0,nan
143,34,0.006047082582254926,0.0,nan
143,35,0.008583146622280978,0.0625,nan
143,36,3.660046394202733,1.0,nan
143,37,0.008108355686899342,0.0625,nan
143,38,0.0035558541625535785,0.0,nan
143,39,0.006096449843508474,0.0625,nan
143,40,0.006245909332813406,0.0,nan
143,41,0.0051955545745860305,0.0625,nan
143,42,0.0074805586818207405,0.0,nan
143,43,0.006673167892029426,0.0,nan
143,44,0.03207674420658198,0.0625,nan
143,45,0.003613091605042894,0.0,nan
143,46,0.009539248725972541,0.0625,nan
143,47,0.008918127648565689,0.0,nan
143,48,0.006783151405700167,0.0625,nan
143,49,0.008036574258647304,0.0,nan
143,50,0.0024438530261913817,0.0,nan
143,51,0.012381629309802002,0.0625,nan
143,52,0.005188628844543646,0.0,nan
143,53,0.01393230237387765,0.1875,nan
143,54,0.003686342889520111,0.0,nan
143,55,0.003397421672675588,0.0,nan
143,56,0.0063424369701940405,0.0,nan
143,57,0.007643049033012145,0.125,nan
143,58,0.004614129476885152,0.0625,nan
143,59,0.00500078353032535,0.0,nan
143,60,0.0040451727636609215,0.0,nan
143,61,0.00915676748578393,0.0625,nan
143,62,0.004495691796086665,0.0625,nan
143,63,0.0049726900321832804,0.0,nan
143,64,0.003349063533712323,0.0,nan
143,65,0.0050326144610363995,0.0,nan
143,66,0.006044580351137712,0.0,nan
143,67,0.004542801564609337,0.0,nan
143,68,0.009555717690635955,0.0625,nan
143,69,0.00605463884644572,0.0,nan
143,70,0.00817424256522436,0.0,nan
143,71,0.0068310577106839845,0.0,nan
143,72,0.005883661020072916,0.0,nan
143,73,0.007689548001506287,0.0,nan
143,74,0.015721129342228506,0.125,nan
143,75,0.006696256115578107,0.0,nan
143,76,0.008684954479529963,0.0,nan
143,77,0.005804716977269027,0.0,nan
143,78,0.03371112857728162,0.0,nan
143,79,0.006969262071774217,0.0,nan
143,80,0.004888385479586454,0.0,nan
143,81,0.016318519524979397,0.0625,nan
143,82,0.00822629585986203,0.0,nan
143,83,0.0031380075052202024,0.0,nan
143,84,0.00614490624432556,0.125,nan
143,85,0.360301526454729,0.6875,nan
143,86,0.03816948004432731,0.1875,nan
143,87,0.0025261574743399916,0.0,nan
143,88,0.004910918994284509,0.0625,nan
143,89,0.0025863893246446663,0.0,nan
143,90,0.0032133213661408888,0.0,nan
143,91,1.5889403676958094,1.0,nan
143,92,0.004456168174809023,0.0,nan
143,93,0.006381789567821055,0.0,nan
143,94,5.654525688860556,1.0,nan
143,95,0.004924050790926575,0.0,nan
143,96,0.009504410291292086,0.0625,nan
143,97,0.008201496039586512,0.0,nan
143,98,0.002646436372467145,0.0,nan
143,99,0.01144370729728841,0.0625,nan
144,0,0.005339507510157217,0.0,nan
144,1,0.06553368725047642,0.25,nan
144,2,0.003896828005070684,0.0,nan
144,3,2.4204265893185495,1.0,nan
144,4,0.010398045028869367,0.0625,nan
144,5,0.004358746655090305,0.0,nan
144,6,0.03242914074353921,0.125,nan
144,7,0.025777161859071744,0.1875,nan
144,8,7.477897260920438,1.0,nan
144,9,0.008538236249432837,0.0625,nan
144,10,0.0030219093064598485,0.0,nan
144,11,0.0029163079381254254,0.0,nan
144,12,0.031305463286858265,0.1875,nan
144,13,0.007535229636996836,0.0,nan
144,14,0.00732156213733094,0.0,nan
144,15,0.00619026979558698,0.0625,nan
144,16,0.021306859015452515,0.0,nan
144,17,0.00541261468768739,0.0625,nan
144,18,0.010521490952493658,0.0,nan
144,19,0.023563330113517127,0.0,nan
144,20,0.006475226148969273,0.0,nan
144,21,0.013244094231660604,0.0625,nan
144,22,0.00637794883122286,0.0,nan
144,23,0.008656039060549384,0.0625,nan
144,24,0.0065573342104029795,0.0,nan
144,25,0.004650846097355036,0.0,nan
144,26,1.5852979793946518,0.9375,nan
144,27,0.027914662186819084,0.3125,nan
144,28,0.008769309186153072,0.0,nan
144,29,0.009768826155044315,0.0,nan
144,30,0.006007568538506103,0.0,nan
144,31,0.009694881203869988,0.0,nan
144,32,0.00645626640216935,0.0,nan
144,33,0.0066930426673311935,0.0,nan
144,34,0.011022946638378758,0.0,nan
144,35,0.011366816303348957,0.0,nan
144,36,3.925821795817794,1.0,nan
144,37,0.012286309660895334,0.125,nan
144,38,0.014190347761848014,0.0625,nan
144,39,0.011273753219501022,0.0,nan
144,40,0.008064263414972413,0.0,nan
144,41,0.0027510280743189173,0.0,nan
144,42,0.01814395408393259,0.0,nan
144,43,0.006832241311892785,0.0625,nan
144,44,0.012650214393885844,0.0625,nan
144,45,0.0077642123912010415,0.0,nan
144,46,0.008342391152820252,0.0625,nan
144,47,0.03917334113757508,0.1875,nan
144,48,0.1259162676211786,0.5,nan
144,49,0.003386624893750739,0.0,nan
144,50,0.012511855492944483,0.0,nan
144,51,0.01576851982806002,0.0,nan
144,52,0.00577464328085577,0.0,nan
144,53,0.055124819143095596,0.3125,nan
144,54,0.006304279776499685,0.0,nan
144,55,0.008353460004040502,0.0,nan
144,56,0.015575359277579269,0.0,nan
144,57,0.0044141270614756895,0.0625,nan
144,58,0.01090062770643571,0.0,nan
144,59,0.027674003758002663,0.0625,nan
144,60,0.0029726993869963548,0.0,nan
144,61,0.014451730063589678,0.0,nan
144,62,0.002458886648892657,0.0,nan
144,63,0.006404028937276797,0.0625,nan
144,64,0.003267349192817284,0.0625,nan
144,65,0.02811078243633477,0.0,nan
144,66,0.013630765191872153,0.0,nan
144,67,0.00609840016203542,0.0625,nan
144,68,0.006920242399582931,0.0625,nan
144,69,0.008261297253736779,0.0,nan
144,70,0.005666165300489303,0.0,nan
144,71,0.0063287323012361785,0.0,nan
144,72,0.005695925177305912,0.0,nan
144,73,0.004935302831880239,0.0,nan
144,74,0.026126983608554224,0.1875,nan
144,75,0.014283252894990512,0.0,nan
144,76,0.011379958148804657,0.0,nan
144,77,0.022472295251302433,0.0,nan
144,78,0.04218871013339573,0.1875,nan
144,79,0.0036892248505987118,0.0,nan
144,80,0.005584418019739357,0.0,nan
144,81,0.012744619176221508,0.0,nan
144,82,0.011272769594095653,0.0,nan
144,83,0.008396305350855513,0.0,nan
144,84,0.013339112589825704,0.0,nan
144,85,0.09916214728841379,0.3125,nan
144,86,0.0605129139600757,0.3125,nan
144,87,0.0032412970479439463,0.0,nan
144,88,0.013759683272493804,0.0625,nan
144,89,0.01248837199150498,0.125,nan
144,90,0.00490972844210927,0.0,nan
144,91,2.5400065444137336,1.0,nan
144,92,0.01319331342392812,0.0625,nan
144,93,0.00595121060868668,0.0,nan
144,94,7.460360667007102,1.0,nan
144,95,0.006618238748521833,0.0625,nan
144,96,0.011707130385896533,0.0,nan
144,97,0.02066857253891538,0.0,nan
144,98,0.0072312169459937715,0.0,nan
144,99,0.011094154109865572,0.1875,nan
145,0,0.012343757811728969,0.0625,nan
145,1,0.009688911851006302,0.1875,nan
145,2,0.005115453254725094,0.0,nan
145,3,1.3572601195362235,1.0,nan
145,4,0.013133601118834737,0.0625,nan
145,5,0.008665372437455812,0.0,nan
145,6,0.0038740616406029993,0.0,nan
145,7,0.018090294769334908,0.0,nan
145,8,9.376295062075044,1.0,nan
145,9,0.005355662786132,0.0,nan
145,10,0.006735981270090873,0.0,nan
145,11,0.0037194367854408096,0.0,nan
145,12,0.022946372245009058,0.125,nan
145,13,0.007331871929007146,0.0625,nan
145,14,0.0038746442288706963,0.0,nan
145,15,0.00335770446830013,0.0,nan
145,16,0.03350837681242534,0.125,nan
145,17,0.028587602753633166,0.125,nan
145,18,0.004908640478068323,0.0,nan
145,19,0.019745091035263146,0.125,nan
145,20,0.0037054970782071,0.0,nan
145,21,0.005487073306125392,0.0,nan
145,22,0.009803448883466521,0.0,nan
145,23,0.005475015303041831,0.0625,nan
145,24,0.00394461898584318,0.0,nan
145,25,0.003692398681365303,0.0,nan
145,26,1.8069484111591394,1.0,nan
145,27,0.015722624115104583,0.125,nan
145,28,0.012963344656869925,0.0,nan
145,29,0.013676476396042313,0.125,nan
145,30,0.01225943208032972,0.125,nan
145,31,0.007455518799423551,0.0,nan
145,32,0.0110702678094385,0.0625,nan
145,33,0.007565201132026906,0.0,nan
145,34,0.006249010801168947,0.0,nan
145,35,0.013702868083740154,0.0,nan
145,36,3.694970488824038,1.0,nan
145,37,0.007845165108859645,0.0625,nan
145,38,0.024568822651837803,0.0625,nan
145,39,0.0065771090920012775,0.0,nan
145,40,0.007941764575527656,0.0,nan
145,41,0.004305307478012818,0.0,nan
145,42,0.011166244861183538,0.0625,nan
145,43,0.014244407016508892,0.125,nan
145,44,0.01565636000313818,0.0,nan
145,45,0.006264582895221417,0.0,nan
145,46,0.009809785232365965,0.0,nan
145,47,0.008713764356400021,0.0625,nan
145,48,0.06453664875862823,0.25,nan
145,49,0.005912742351171474,0.0,nan
145,50,0.0064260916252203894,0.0,nan
145,51,0.0058565000340980375,0.0,nan
145,52,0.003922839427570546,0.0,nan
145,53,0.01075977577850077,0.125,nan
145,54,0.005557355963639302,0.0,nan
145,55,0.005630768612546458,0.0,nan
145,56,0.00720925767224307,0.0,nan
145,57,0.004737961721633192,0.0,nan
145,58,0.009351799161111852,0.0,nan
145,59,0.006858327432806695,0.125,nan
145,60,0.002126512264724433,0.0,nan
145,61,0.012103601923124395,0.0,nan
145,62,0.007239980019686242,0.0,nan
145,63,0.004080038070892195,0.0,nan
145,64,0.004044293154667342,0.0,nan
145,65,0.005155426872217197,0.0,nan
145,66,0.004225276745927981,0.0,nan
145,67,0.01579395063300111,0.0,nan
145,68,0.00526983055474778,0.0,nan
145,69,0.0103441551199074,0.0,nan
145,70,0.005964258291416663,0.0,nan
145,71,0.007511968271100854,0.0,nan
145,72,0.007353615568796264,0.0,nan
145,73,0.006597096174191725,0.0,nan
145,74,0.012419508472958946,0.0,nan
145,75,0.007708394744429685,0.0,nan
145,76,0.005042811101375685,0.0,nan
145,77,0.02194498391724438,0.125,nan
145,78,0.09238658876943515,0.4375,nan
145,79,0.00838794304268909,0.0,nan
145,80,0.006359751774502512,0.0,nan
145,81,0.026210326726572503,0.1875,nan
145,82,0.004897050966448136,0.0,nan
145,83,0.006261760865357416,0.0,nan
145,84,0.0077189819267054465,0.0625,nan
145,85,0.23480180502245213,0.75,nan
145,86,0.18053001521341228,0.5625,nan
145,87,0.014602426959146318,0.0,nan
145,88,0.02455043767436612,0.0625,nan
145,89,0.007976351660986373,0.0,nan
145,90,0.003979217505556328,0.0,nan
145,91,1.4537603949727886,1.0,nan
145,92,0.005073559815587764,0.0625,nan
145,93,0.006065138038732496,0.0,nan
145,94,7.9812063046603985,1.0,nan
145,95,0.004635957635765748,0.0,nan
145,96,0.006733553465696963,0.0,nan
145,97,0.005136161103606008,0.0625,nan
145,98,0.008649561970663919,0.0,nan
145,99,0.020751771410067586,0.0625,nan
146,0,0.0023280031111806185,0.0,nan
146,1,0.012370355867871939,0.0625,nan
146,2,0.007881154265749047,0.0,nan
146,3,1.8615447738648099,1.0,nan
146,4,0.004805840845501451,0.0,nan
146,5,0.003697980493733511,0.0,nan
146,6,0.011087310911057323,0.0625,nan
146,7,0.009616416012803199,0.0625,nan
146,8,6.579409630912302,1.0,nan
146,9,0.005199420159795562,0.0,nan
146,10,0.005135395116028859,0.0,nan
146,11,0.006729212254594514,0.0,nan
146,12,0.02123029831342681,0.1875,nan
146,13,0.004368737695639194,0.0,nan
146,14,0.0035438375891210633,0.0625,nan
146,15,0.0042901027495420695,0.0,nan
146,16,0.00867244063371566,0.0625,nan
146,17,0.007595138393741365,0.0625,nan
146,18,0.0070585400975629094,0.0,nan
146,19,0.019072980715540505,0.1875,nan
146,20,0.006277929355666007,0.0,nan
146,21,0.009047814100494139,0.0625,nan
146,22,0.007755605085459944,0.0625,nan
146,23,0.00962879911399972,0.0,nan
146,24,0.0030125253883699693,0.0,nan
146,25,0.005608706419774363,0.0,nan
146,26,1.3564560959152505,1.0,nan
146,27,0.026495097228176993,0.1875,nan
146,28,0.005494472139713553,0.0,nan
146,29,0.00415329946204236,0.0,nan
146,30,0.013638951010740447,0.0625,nan
146,31,0.004402061806647364,0.0,nan
146,32,0.004868716653178761,0.0,nan
146,33,0.00605847526700406,0.0,nan
146,34,0.006947356630983788,0.0,nan
146,35,0.0035009222952223588,0.0,nan
146,36,1.980877295174448,1.0,nan
146,37,0.0037397319907511942,0.0,nan
146,38,0.00719485539223654,0.0,nan
146,39,0.004951433248213741,0.0,nan
146,40,0.005271231495564643,0.0625,nan
146,41,0.0023425914992178127,0.0,nan
146,42,0.01104096546978195,0.0,nan
146,43,0.01442748555785463,0.0,nan
146,44,0.008881175145535347,0.0625,nan
146,45,0.0033617799218457786,0.0,nan
146,46,0.01824015806724641,0.0,nan
146,47,0.005457206321652065,0.0,nan
146,48,0.034861592671142375,0.4375,nan
146,49,0.004893385764777543,0.0,nan
146,50,0.0025167411757356156,0.0,nan
146,51,0.003887947406994885,0.0,nan
146,52,0.0028353744700796574,0.0,nan
146,53,0.01375297433182904,0.375,nan
146,54,0.0064602942600502115,0.0,nan
146,55,0.008157165590697579,0.0625,nan
146,56,0.006410974325493634,0.0,nan
146,57,0.006567335618956745,0.0,nan
146,58,0.007319750091562141,0.0,nan
146,59,0.006893551335926442,0.0,nan
146,60,0.005943686012732888,0.0,nan
146,61,0.005334178207650178,0.0,nan
146,62,0.00227827029916767,0.0625,nan
146,63,0.0018934055228628252,0.125,nan
146,64,0.004256602208344149,0.0,nan
146,65,0.006734344480919382,0.0625,nan
146,66,0.007198781566951778,0.0,nan
146,67,0.006004151161421287,0.0,nan
146,68,0.008778059733113155,0.0,nan
146,69,0.009002807293090036,0.0,nan
146,70,0.007575273303296454,0.0,nan
146,71,0.002601849712627883,0.0,nan
146,72,0.009771356187428967,0.0,nan
146,73,0.005922442015763447,0.0,nan
146,74,0.01738655898842219,0.125,nan
146,75,0.00935259157674363,0.0,nan
146,76,0.009648636710157912,0.0625,nan
146,77,0.010576827146947382,0.0625,nan
146,78,0.06000208869309208,0.3125,nan
146,79,0.004647785419959545,0.0,nan
146,80,0.005530330521912012,0.0,nan
146,81,0.013515945093560256,0.0625,nan
146,82,0.0068980032229133854,0.0,nan
146,83,0.0037660328225525785,0.0,nan
146,84,0.0035974341981594806,0.0625,nan
146,85,0.14733371941079187,0.5,nan
146,86,0.05746872444380899,0.25,nan
146,87,0.007052361554541269,0.0,nan
146,88,0.007756018900323081,0.125,nan
146,89,0.00714351213250306,0.0,nan
146,90,0.0027299042736834496,0.0,nan
146,91,1.5067040579758482,1.0,nan
146,92,0.002838689994872707,0.0,nan
146,93,0.00409894057856555,0.0,nan
146,94,8.582757910718888,1.0,nan
146,95,0.0043160221798776415,0.0,nan
146,96,0.006075068659498078,0.0,nan
146,97,0.010273373672195212,0.0,nan
146,98,0.006301329113633477,0.0,nan
146,99,0.010603734271703066,0.0625,nan
147,0,0.004117527186770948,0.0,nan
147,1,0.014386550638819627,0.125,nan
147,2,0.0044749184741422155,0.0,nan
147,3,1.3592796944405998,1.0,nan
147,4,0.004415480015533284,0.0,nan
147,5,0.0035428386677028487,0.0,nan
147,6,0.012669967255806071,0.0,nan
147,7,0.00996622031615325,0.0625,nan
147,8,7.50143420397687,1.0,nan
147,9,0.0024332844838455205,0.0,nan
147,10,0.0042227741199971705,0.0,nan
147,11,0.00628833719310316,0.0,nan
147,12,0.03177373628126398,0.0625,nan
147,13,0.003898206275720701,0.0,nan
147,14,0.008476501147086037,0.0,nan
147,15,0.003073737247135314,0.0,nan
147,16,0.035667270541523265,0.0,nan
147,17,0.008824555023682821,0.0,nan
147,18,0.0052499712590560335,0.0,nan
147,19,0.008847122712690843,0.0625,nan
147,20,0.0012175391204085019,0.0625,nan
147,21,0.010263418034220666,0.0,nan
147,22,0.005249234582499966,0.0,nan
147,23,0.016435500034880528,0.0,nan
147,24,0.006056515167409073,0.0,nan
147,25,0.00671911597466777,0.0,nan
147,26,0.8970349468174547,1.0,nan
147,27,0.011697760877781458,0.0625,nan
147,28,0.009347362336370702,0.0,nan
147,29,0.004834545080700997,0.0,nan
147,30,0.007895143794332735,0.0,nan
147,31,0.004199032115411439,0.0,nan
147,32,0.004596202933287934,0.0,nan
147,33,0.003527647662460048,0.0,nan
147,34,0.012555404218191754,0.0,nan
147,35,0.0032150264603133015,0.0,nan
147,36,3.406789863995195,1.0,nan
147,37,0.00685638179800711,0.0,nan
147,38,0.007414442164528681,0.0,nan
147,39,0.003957652996731418,0.0,nan
147,40,0.007367800191199453,0.0,nan
147,41,0.004366446839563035,0.0,nan
147,42,0.007747424184650254,0.0,nan
147,43,0.030444248253288755,0.3125,nan
147,44,0.012931223042644224,0.0,nan
147,45,0.0035201577689859998,0.0,nan
147,46,0.0067946581112537895,0.0,nan
147,47,0.0038997586264697248,0.0,nan
147,48,0.010270376039693859,0.125,nan
147,49,0.0036625776146808333,0.0,nan
147,50,0.0029073528708264125,0.0,nan
147,51,0.0018971257844494888,0.0,nan
147,52,0.005099900026017915,0.0,nan
147,53,0.02385561724672864,0.125,nan
147,54,0.0033908386895276617,0.0,nan
147,55,0.005632172497713778,0.0,nan
147,56,0.005706302382312339,0.0625,nan
147,57,0.010768712957236169,0.0,nan
147,58,0.00689147589239707,0.0625,nan
147,59,0.00380309685798473,0.0,nan
147,60,0.007012820216905614,0.0,nan
147,61,0.006534087888368692,0.0,nan
147,62,0.004853326750713079,0.0,nan
147,63,0.0021972354614397645,0.0,nan
147,64,0.0023083640708992034,0.0,nan
147,65,0.004527569997738552,0.0,nan
147,66,0.006448995659631879,0.0,nan
147,67,0.008930226772571475,0.0,nan
147,68,0.009062765418290729,0.0,nan
147,69,0.005060342296982925,0.0,nan
147,70,0.004272581110599181,0.0,nan
147,71,0.0028024895285995,0.0,nan
147,72,0.006880373039069928,0.0625,nan
147,73,0.0054767870013129796,0.0625,nan
147,74,0.0169552681367836,0.0625,nan
147,75,0.006093796962644199,0.0,nan
147,76,0.010667112034493054,0.0,nan
147,77,0.003956014569176209,0.0,nan
147,78,0.06826859367742441,0.1875,nan
147,79,0.002214816089078496,0.0,nan
147,80,0.006012980067006431,0.0,nan
147,81,0.005802211531932442,0.0625,nan
147,82,0.00511066142757013,0.0,nan
147,83,0.0021540334057885417,0.0,nan
147,84,0.011873360759925468,0.0625,nan
147,85,0.26136839196515593,0.6875,nan
147,86,0.007961811248607788,0.125,nan
147,87,0.004551269511935433,0.0625,nan
147,88,0.014274897416639013,0.125,nan
147,89,0.005223909963980034,0.0,nan
147,90,0.002217003050642922,0.0,nan
147,91,2.6316716380508334,1.0,nan
147,92,0.004700632646567966,0.0,nan
147,93,0.004701757853533531,0.0,nan
147,94,4.576631309600263,1.0,nan
147,95,0.0026844051275899186,0.0,nan
147,96,0.011277498663254455,0.125,nan
147,97,0.013664560774330675,0.0,nan
147,98,0.006807316320157606,0.0625,nan
147,99,0.011680548530059717,0.0,nan
148,0,0.005445092038837645,0.0,nan
148,1,0.012507115726880517,0.0625,nan
148,2,0.008944929785048194,0.0625,nan
148,3,1.6155531001612884,1.0,nan
148,4,0.0035571424369162104,0.0,nan
148,5,0.010754594080245693,0.0625,nan
148,6,0.01439969856513657,0.0625,nan
148,7,0.005609821524439083,0.0,nan
148,8,9.05013768461377,1.0,nan
148,9,0.005506412673294669,0.0,nan
148,10,0.003980842322364405,0.0,nan
148,11,0.0053632599607935216,0.0,nan
148,12,0.03875088352787452,0.1875,nan
148,13,0.004729286471592977,0.0625,nan
148,14,0.00512418648723637,0.0,nan
148,15,0.004793204093609436,0.0,nan
148,16,0.019086508301812133,0.0625,nan
148,17,0.012013176714253714,0.0,nan
148,18,0.0095570042781828,0.0,nan
148,19,0.011223894310241175,0.0,nan
148,20,0.005955852738125352,0.0,nan
148,21,0.02915116630105007,0.0625,nan
148,22,0.0032763731752118667,0.0,nan
148,23,0.006312313799935687,0.0,nan
148,24,0.009762678502624276,0.0,nan
148,25,0.004216931046546779,0.0625,nan
148,26,1.1581858172687223,1.0,nan
148,27,0.024067673283660836,0.1875,nan
148,28,0.007061197094756843,0.0,nan
148,29,0.006492429953866539,0.0,nan
148,30,0.007663449700139648,0.0625,nan
148,31,0.005912850670419811,0.0,nan
148,32,0.01148663689989376,0.0,nan
148,33,0.007011702933953503,0.0,nan
148,34,0.013669492623916413,0.0625,nan
148,35,0.00905846863051682,0.0,nan
148,36,4.000807663001591,1.0,nan
148,37,0.009458130282458014,0.0625,nan
148,38,0.014051886633369641,0.0,nan
148,39,0.010215877031332149,0.0,nan
148,40,0.01219880691178412,0.0,nan
148,41,0.005476166243319655,0.0625,nan
148,42,0.021706734774752025,0.0,nan
148,43,0.014251408925454592,0.0,nan
148,44,0.020322984061004867,0.0625,nan
148,45,0.0047577119711155625,0.0,nan
148,46,0.00771797777547621,0.0,nan
148,47,0.0072091894861149655,0.0625,nan
148,48,0.024275321050701345,0.1875,nan
148,49,0.017009563443429174,0.0625,nan
148,50,0.005152013635489411,0.0,nan
148,51,0.006029895416179888,0.0,nan
148,52,0.010316824310011893,0.0,nan
148,53,0.006295782837498756,0.125,nan
148,54,0.003982730487864235,0.0,nan
148,55,0.004574641649694419,0.0,nan
148,56,0.01063270281963867,0.0,nan
148,57,0.007643269564442219,0.0,nan
148,58,0.004687923991774401,0.0625,nan
148,59,0.004357724011037805,0.0,nan
148,60,0.005025670826844998,0.0,nan
148,61,0.008372679188199473,0.0625,nan
148,62,0.004590095693120989,0.0,nan
148,63,0.003466359128124215,0.0,nan
148,64,0.004903565646480024,0.0,nan
148,65,0.003900302788374441,0.0,nan
148,66,0.009302674407066728,0.0,nan
148,67,0.005001389001111728,0.0,nan
148,68,0.019270459095537942,0.0,nan
148,69,0.012119981135136397,0.0,nan
148,70,0.0067974091276523626,0.0625,nan
148,71,0.005528695464572219,0.0,nan
148,72,0.007610793018325993,0.0,nan
148,73,0.006198982215047475,0.0,nan
148,74,0.019824232113076042,0.0625,nan
148,75,0.009164627672412027,0.0625,nan
148,76,0.017766875714709543,0.0,nan
148,77,0.013276813268151975,0.0,nan
148,78,0.05260020469895024,0.4375,nan
148,79,0.0039198783203143045,0.0,nan
148,80,0.008458010458393395,0.0,nan
148,81,0.008441567774055806,0.0,nan
148,82,0.006500541891090883,0.0,nan
148,83,0.01473329343406301,0.0,nan
148,84,0.005885529226246799,0.0625,nan
148,85,0.2799889555399729,0.8125,nan
148,86,0.09062784249406997,0.125,nan
148,87,0.005990384963692365,0.0,nan
148,88,0.013939938962868687,0.0625,nan
148,89,0.006625313524210176,0.0,nan
148,90,0.006073468577121084,0.0625,nan
148,91,1.9123804056987963,1.0,nan
148,92,0.004610144450674784,0.0,nan
148,93,0.010029833362839788,0.0,nan
148,94,8.577249848168057,1.0,nan
148,95,0.006663824521265403,0.0,nan
148,96,0.005682647575427167,0.0,nan
148,97,0.00839323819327726,0.0,nan
148,98,0.00875027224786824,0.0,nan
148,99,0.012052111131544111,0.0,nan
149,0,0.003882464273177696,0.0,nan
149,1,0.006215599501554781,0.0625,nan
149,2,0.0025035365040471506,0.0,nan
149,3,1.2751664048197517,1.0,nan
149,4,0.004571828156646063,0.0,nan
149,5,0.0065968499088428865,0.0,nan
149,6,0.006231052362496719,0.0625,nan
149,7,0.009591430348800056,0.0,nan
149,8,6.2579827334058375,1.0,nan
149,9,0.010665505589463014,0.0,nan
149,10,0.0027883655854624607,0.0625,nan
149,11,0.0072761916506304,0.0,nan
149,12,0.04228695057581872,0.125,nan
149,13,0.005635704015342644,0.0,nan
149,14,0.013248174811813848,0.0,nan
149,15,0.004221584568258447,0.0,nan
149,16,0.022451224436863808,0.0,nan
149,17,0.016779633131121133,0.0,nan
149,18,0.006205391949409189,0.0,nan
149,19,0.004358174705418511,0.1875,nan
149,20,0.002559771759112637,0.0,nan
149,21,0.005237684981639051,0.0,nan
149,22,0.010035846400841642,0.0,nan
149,23,0.009726746778637118,0.0625,nan
149,24,0.007341729874828161,0.0,nan
149,25,0.004471820168006595,0.0,nan
149,26,1.1223298132861819,1.0,nan
149,27,0.011506776447280674,0.0,nan
149,28,0.009605944572104078,0.0,nan
149,29,0.004569530388633071,0.0,nan
149,30,0.006347569871484915,0.0625,nan
149,31,0.010613962125971824,0.125,nan
149,32,0.006415318925565739,0.0,nan
149,33,0.004520407475126888,0.0,nan
149,34,0.009953304250736473,0.0,nan
149,35,0.005660597246522203,0.0,nan
149,36,3.478798543723123,1.0,nan
149,37,0.006295697155864958,0.0,nan
149,38,0.009510887504672433,0.0625,nan
149,39,0.0035496445584349556,0.0,nan
149,40,0.004114539305898897,0.0,nan
149,41,0.005202298589540117,0.0,nan
149,42,0.010783081044470514,0.0625,nan
149,43,0.007554848492001151,0.0625,nan
149,44,0.006049173457717407,0.0625,nan
149,45,0.006623813776869931,0.0,nan
149,46,0.009330260940695445,0.0625,nan
149,47,0.0056443348759132005,0.0,nan
149,48,0.06616471076318636,0.25,nan
149,49,0.003239004480753347,0.0,nan
149,50,0.006234930213783872,0.0,nan
149,51,0.010418422525559974,0.0,nan
149,52,0.006977437947801646,0.0,nan
149,53,0.02533218012916754,0.25,nan
149,54,0.007082690385564904,0.0,nan
149,55,0.004317139544699123,0.0,nan
149,56,0.006095039298812614,0.0,nan
149,57,0.004634847681804573,0.0,nan
149,58,0.007672686871801765,0.0,nan
149,59,0.011642242878015307,0.0,nan
149,60,0.00799601465583935,0.0,nan
149,61,0.004280051827362536,0.0,nan
149,62,0.004974589772523577,0.0,nan
149,63,0.002990371072066062,0.0,nan
149,64,0.001550379354713585,0.0,nan
149,65,0.006270172696927409,0.0,nan
149,66,0.0047679795561758245,0.0,nan
149,67,0.007780741620257417,0.0,nan
149,68,0.00734157496815784,0.0,nan
149,69,0.011468313179741582,0.0,nan
149,70,0.006265323381390661,0.0625,nan
149,71,0.004839733133156086,0.0,nan
149,72,0.0046307848905743475,0.0,nan
149,73,0.0038174600518394866,0.0,nan
149,74,0.004295461024252873,0.0625,nan
149,75,0.006385141779803009,0.0,nan
149,76,0.007212846217524346,0.0,nan
149,77,0.007259329083056647,0.0625,nan
149,78,0.05196284985827062,0.3125,nan
149,79,0.0019494366147531474,0.0,nan
149,80,0.005533088362742007,0.0,nan
149,81,0.014019118678970885,0.0,nan
149,82,0.004306225693921584,0.0,nan
149,83,0.0030795130196764396,0.0,nan
149,84,0.004947404703171952,0.0625,nan
149,85,0.11481391217941969,0.4375,nan
149,86,0.09187631297489621,0.375,nan
149,87,0.007249465898793889,0.0,nan
149,88,0.01326238077423749,0.0,nan
149,89,0.0053146982847071655,0.0,nan
149,90,0.0022678283857370963,0.0,nan
149,91,1.7209747146656356,1.0,nan
149,92,0.002993521131514846,0.0,nan
149,93,0.00693227155264582,0.0,nan
149,94,7.728692306923041,1.0,nan
149,95,0.00600637089371483,0.0,nan
149,96,0.00977780705036433,0.0,nan
149,97,0.0074937707411761,0.0,nan
149,98,0.006526865282496377,0.0,nan
149,99,0.015235399765765933,0.125,nan
150,0,0.006708559275105783,0.0625,4.2790560185505115e-05
150,1,0.004641474252697754,0.0625,0.00045823763353416795
150,2,0.0028744383683571052,0.0,1.0738357329575774e-05
150,3,1.4201086751894207,1.0,0.10542313370426593
150,4,0.002008756834438267,0.0,4.194911966547063e-05
150,5,0.006344308412399831,0.0,2.387856526063496e-07
150,6,0.006683729860853223,0.0,0.00019042307511559915
150,7,0.016020996335680875,0.125,0.0011817875067884
150,8,6.915531597588618,1.0,0.10403281158670719
150,9,0.004006201497633127,0.0625,0.000109095569549168
150,10,0.002050643432012819,0.0,1.560482150933539e-05
150,11,0.004016985301758107,0.0,7.70601052522437e-05
150,12,0.02674639707713606,0.125,0.0041549448495713254
150,13,0.004984867352930189,0.0,2.7946186904406716e-05
150,14,0.0050222388008389985,0.0,0.00012615913716152894
150,15,0.002436724951119018,0.0,1.4670873031646601e-05
150,16,0.01687902810330665,0.0,0.0029789332406944553
150,17,0.005539035469949755,0.125,0.0014056000565978387
150,18,0.00963263530025117,0.0625,0.00016180916256559646
150,19,0.0126101738709649,0.0,0.0010790202470067284
150,20,0.004887151955398921,0.0,1.9642714648486218e-06
150,21,0.007361745795554369,0.0,0.0003533335410297043
150,22,0.0029806537042197604,0.0625,4.291618498784219e-05
150,23,0.0058712140012335354,0.0625,0.0005889185713574174
150,24,0.004301166819923906,0.0,5.1284706580919065e-05
150,25,0.00619501615281888,0.0,1.8754204274143357e-06
150,26,0.9982410433705364,1.0,0.06991488683108638
150,27,0.007420442168573539,0.0,0.0008520448519918948
150,28,0.006386854035939887,0.0625,0.00018166811143616516
150,29,0.006679562159741839,0.0,0.00011175483395069897
150,30,0.005510747461335439,0.0,0.0002469711446775189
150,31,0.0035843662821701985,0.0625,3.575435129048934e-05
150,32,0.004765454350226048,0.0,0.00020101364251615733
150,33,0.004075388835912403,0.0,6.861572511143957e-05
150,34,0.01570709954608275,0.0,0.00015523064853603403
150,35,0.0021584564669824653,0.0,1.627144664695133e-05
150,36,1.9298841704831484,1.0,0.4667882829867253
150,37,0.0035714839361667633,0.0,7.381513975231528e-05
150,38,0.008254233876290507,0.0,0.0007283995937712596
150,39,0.0034633870526835342,0.0,3.022936068203171e-07
150,40,0.006892934025933918,0.0,6.051286566140964e-05
150,41,0.002665478179308525,0.0,2.065873856482752e-06
150,42,0.004040410726253699,0.0,0.00034531517844316016
150,43,0.008582421581343239,0.0,0.0007805194425894096
150,44,0.007001074856281531,0.0,0.0009578378101590681
150,45,0.005668505410410569,0.0,3.0067527788441964e-05
150,46,0.00611869116523256,0.0,0.00020068272290210584
150,47,0.0041787556207956034,0.0,0.00015898170289667735
150,48,0.049532589219749026,0.1875,0.005472211935096817
150,49,0.0023924698192515663,0.0,6.901148126983167e-05
150,50,0.007073314576023158,0.0,2.574437474626757e-05
150,51,0.003505918430232957,0.0,7.606658509724303e-05
150,52,0.0038085764074049086,0.0,9.701921410529984e-05
150,53,0.012430990053612721,0.25,0.005583723064535206
150,54,0.004814555032811425,0.0,1.7079074461407784e-05
150,55,0.0032239188919508544,0.0,5.8787775550251594e-05
150,56,0.005405962135845854,0.0,0.00019386804113385853
150,57,0.004190689163530558,0.0,0.00017830310293598958
150,58,0.008796763138698442,0.0,0.0002904415118406483
150,59,0.0033442850404016423,0.0,8.240652730495142e-05
150,60,0.005019729159599744,0.0,4.991702761111537e-05
150,61,0.0034411475895984992,0.0,8.696988134704789e-05
150,62,0.0030165051514060184,0.0,5.3380881997782434e-05
150,63,0.0022615912563927823,0.0,3.0699092896802604e-06
150,64,0.005623439863379919,0.0,6.556412112033357e-05
150,65,0.003894723586169482,0.0,5.745380458977069e-05
150,66,0.007043620829938438,0.0,6.156197265051158e-05
150,67,0.004116257033254463,0.0625,0.00011459197913748827
150,68,0.005005649212960033,0.0,0.0003132857009289696
150,69,0.005312598221853801,0.0625,0.0002496444309770497
150,70,0.005612779614552551,0.0,0.00010554963923498079
150,71,0.004335110449034411,0.0,5.694378768679021e-07
150,72,0.0036002535724179207,0.0,0.00011246444952213139
150,73,0.007543108735723584,0.0,4.3045654596103757e-07
150,74,0.010724663372045624,0.0,0.0010156617461686763
150,75,0.010811626149776595,0.0625,0.0002711955469832215
150,76,0.009346124167822885,0.0625,0.00036750925397474566
150,77,0.007662875681022635,0.0625,0.0005066710386813176
150,78,0.016443115149890872,0.0625,0.00509234970022993
150,79,0.0024287096003079624,0.0,1.8342339215539344e-06
150,80,0.0037319130307773615,0.0,3.2912093319396216e-05
150,81,0.008003928628214656,0.0625,0.0009500170971691376
150,82,0.0032226862483842296,0.0,3.3685420517136504e-06
150,83,0.0017928046019305825,0.0,2.704834280979761e-06
150,84,0.005420945899914099,0.0,0.00015502146344082053
150,85,0.17128739090154715,0.5,0.03942489260069459
150,86,0.045540021591748095,0.375,0.020206782988568962
150,87,0.007905520662960679,0.0,3.022203186975692e-05
150,88,0.009462659123594865,0.0625,0.0013259310107663926
150,89,0.010362624229014924,0.0,0.0006510307453665902
150,90,0.003716713177745078,0.0,3.925364435022234e-05
150,91,1.5544261810258435,1.0,0.044260473857792464
150,92,0.005843242219334654,0.0,8.767655521424296e-06
150,93,0.00408047689343222,0.0625,7.144990392892798e-05
150,94,5.683726272417912,1.0,0.10577318166806116
150,95,0.0036300659582505198,0.0,2.775450794721032e-05
150,96,0.0057898116408196835,0.0,0.00027794079714352855
150,97,0.007841754703436805,0.0,0.0002693802862311773
150,98,0.00645175866802466,0.0,1.6839453023937194e-05
150,99,0.00897603053163424,0.0625,0.0013134949172716993
151,0,0.012061844872551441,0.0,nan
151,1,0.00965673881681246,0.0,nan
151,2,0.003570270154351382,0.0,nan
151,3,1.5159415630772792,1.0,nan
151,4,0.010364341059644809,0.0,nan
151,5,0.00403271968475747,0.0,nan
151,6,0.0056882931915290275,0.0,nan
151,7,0.016980242363703848,0.0625,nan
151,8,7.9656544846736885,1.0,nan
151,9,0.011925209439882864,0.0,nan
151,10,0.010514382893681977,0.0,nan
151,11,0.011190098652774226,0.0,nan
151,12,0.0263001307762238,0.125,nan
151,13,0.009523542729262887,0.0,nan
151,14,0.010091827596609343,0.0,nan
151,15,0.006088200587504847,0.0,nan
151,16,0.013402802138694466,0.0,nan
151,17,0.011698705810181623,0.0625,nan
151,18,0.008569270698492962,0.0,nan
151,19,0.004723615027297375,0.0,nan
151,20,0.0034709845836111523,0.0,nan
151,21,0.006796195042776449,0.0,nan
151,22,0.006289967345401774,0.0,nan
151,23,0.011895490892300683,0.0625,nan
151,24,0.0029386722273654813,0.0,nan
151,25,0.0018201776738131885,0.0625,nan
151,26,1.5700717118704148,1.0,nan
151,27,0.01475717327313535,0.0,nan
151,28,0.008864511873274111,0.0,nan
151,29,0.007031097603174712,0.0,nan
151,30,0.00500258532093683,0.0,nan
151,31,0.006809781635497206,0.0,nan
151,32,0.011602804814597856,0.0,nan
151,33,0.004260737458441115,0.0,nan
151,34,0.011453889030592492,0.0,nan
151,35,0.0040039524372143896,0.0,nan
151,36,2.760608444055749,1.0,nan
151,37,0.007130902979695973,0.0,nan
151,38,0.006940835676539182,0.0,nan
151,39,0.004422839468457526,0.0,nan
151,40,0.0034750243919183113,0.0625,nan
151,41,0.0020671866215999824,0.0,nan
151,42,0.02975780885786012,0.125,nan
151,43,0.006481478209672615,0.0,nan
151,44,0.020471606984850926,0.1875,nan
151,45,0.01241963601353964,0.0625,nan
151,46,0.016326938680872864,0.0,nan
151,47,0.003648054383859509,0.0,nan
151,48,0.04074183486579713,0.1875,nan
151,49,0.002694883619115851,0.0,nan
151,50,0.003723607564832255,0.0,nan
151,51,0.0051740174794038234,0.0,nan
151,52,0.005607764214456193,0.0625,nan
151,53,0.003919036980132521,0.125,nan
151,54,0.006266343785385948,0.0,nan
151,55,0.008214121189520866,0.0,nan
151,56,0.011445962196629456,0.0,nan
151,57,0.0029252581298114234,0.0,nan
151,58,0.004137170754170354,0.0,nan
151,59,0.01168663320435253,0.0,nan
151,60,0.009517161145212387,0.0,nan
151,61,0.006716983706817649,0.0,nan
151,62,0.0037424511143646965,0.0625,nan
151,63,0.002937969061638541,0.0,nan
151,64,0.004359110035364193,0.0,nan
151,65,0.0055479036917063605,0.0,nan
151,66,0.004332539303788156,0.0,nan
151,67,0.003595944983972677,0.0,nan
151,68,0.012792760381360773,0.0,nan
151,69,0.01576064735869171,0.0625,nan
151,70,0.003041519791607595,0.0,nan
151,71,0.0033725460600128364,0.0625,nan
151,72,0.028623367216081545,0.0,nan
151,73,0.006083343658784695,0.0,nan
151,74,0.012833128817508244,0.0625,nan
151,75,0.016321530729422024,0.125,nan
151,76,0.009412503571456433,0.0,nan
151,77,0.009251696555898163,0.0,nan
151,78,0.09678380673762063,0.375,nan
151,79,0.004469735082532353,0.0625,nan
151,80,0.0042050796224599295,0.0,nan
151,81,0.0072095774064769,0.0,nan
151,82,0.005663326782182273,0.0,nan
151,83,0.0030266289196384565,0.0625,nan
151,84,0.0073927900761090355,0.0,nan
151,85,0.7063787741758252,0.5625,nan
151,86,0.1758578726831162,0.625,nan
151,87,0.009204439592237355,0.0625,nan
151,88,0.020535269158735332,0.0,nan
151,89,0.004551727230114434,0.0,nan
151,90,0.006451296321054109,0.0625,nan
151,91,2.378276420176412,0.9375,nan
151,92,0.0056016881486054375,0.0,nan
151,93,0.006950477001890897,0.0,nan
151,94,7.6317514994090185,1.0,nan
151,95,0.004002889494584759,0.0,nan
151,96,0.005617382005631109,0.0625,nan
151,97,0.005538089947507552,0.0,nan
151,98,0.0042817132588929396,0.0,nan
151,99,0.02054693710111307,0.0625,nan
152,0,0.0053531654963346765,0.0,nan
152,1,0.007935417253286817,0.125,nan
152,2,0.004249847841621303,0.0,nan
152,3,1.2391268165061735,1.0,nan
152,4,0.006636737955431472,0.0,nan
152,5,0.004881856306150346,0.0,nan
152,6,0.009949389765832817,0.0,nan
152,7,0.016731045412863535,0.0625,nan
152,8,5.870085779872905,1.0,nan
152,9,0.003122918007665107,0.0,nan
152,10,0.007360616035629431,0.0,nan
152,11,0.005919802063348127,0.0,nan
152,12,0.013910784709379537,0.0,nan
152,13,0.00812304928957194,0.0,nan
152,14,0.006595290805289386,0.0,nan
152,15,0.005344897994194641,0.0,nan
152,16,0.026896544853612665,0.125,nan
152,17,0.0057506292016244655,0.125,nan
152,18,0.004633068744131121,0.0,nan
152,19,0.028223396552615958,0.0625,nan
152,20,0.005598927263089954,0.0,nan
152,21,0.019690868506297386,0.0,nan
152,22,0.009595731627664245,0.0,nan
152,23,0.011192791894811453,0.0625,nan
152,24,0.008388831194341986,0.0,nan
152,25,0.005762968331904695,0.0,nan
152,26,1.5905889188548632,1.0,nan
152,27,0.007765431622280387,0.1875,nan
152,28,0.0053855770804241325,0.0,nan
152,29,0.0051630081405464575,0.0,nan
152,30,0.010609864899961163,0.0625,nan
152,31,0.013504085549056848,0.0,nan
152,32,0.0035496172220385574,0.0,nan
152,33,0.007207399284795127,0.0,nan
152,34,0.008188647922290434,0.0625,nan
152,35,0.003757213833891662,0.0,nan
152,36,2.8019154968971893,1.0,nan
152,37,0.010559949791851334,0.0,nan
152,38,0.004027582127300134,0.0625,nan
152,39,0.0035941085127787226,0.0,nan
152,40,0.008846431970478937,0.0625,nan
152,41,0.004096651596401453,0.0,nan
152,42,0.008532335762877048,0.0,nan
152,43,0.007243685583403137,0.0,nan
152,44,0.0051203981639445385,0.0625,nan
152,45,0.007814391503441043,0.0625,nan
152,46,0.009876498107739743,0.0,nan
152,47,0.007395137107168145,0.0,nan
152,48,0.042982247100479515,0.25,nan
152,49,0.0059597852919542026,0.0625,nan
152,50,0.006851614453886986,0.0,nan
152,51,0.004103547532244418,0.0,nan
152,52,0.008146309866410111,0.0,nan
152,53,0.020373891304503677,0.125,nan
152,54,0.007221437881991382,0.0,nan
152,55,0.006011848869804048,0.0,nan
152,56,0.006405750812726194,0.0625,nan
152,57,0.01488420649969676,0.0,nan
152,58,0.012499063521372655,0.0,nan
152,59,0.004192270324465986,0.0625,nan
152,60,0.004660076661778093,0.0,nan
152,61,0.005758902900627312,0.0,nan
152,62,0.007725173432473429,0.0,nan
152,63,0.0049250371982537955,0.0,nan
152,64,0.004781469260827103,0.0,nan
152,65,0.004526172398015697,0.0,nan
152,66,0.00235317742127808,0.0,nan
152,67,0.005800341229733096,0.0625,nan
152,68,0.015740309635205764,0.0,nan
152,69,0.01588915813048003,0.0,nan
152,70,0.004262178964327153,0.0,nan
152,71,0.006565047432904726,0.0,nan
152,72,0.012912848867577835,0.0625,nan
152,73,0.004866092078419197,0.0,nan
152,74,0.012083427885192195,0.0,nan
152,75,0.005499763082677345,0.0625,nan
152,76,0.0036013501128697558,0.0625,nan
152,77,0.005866986854551928,0.0,nan
152,78,0.08158657844195141,0.1875,nan
152,79,0.004441924621154602,0.0,nan
152,80,0.007986550388883691,0.0,nan
152,81,0.02132217377531327,0.0625,nan
152,82,0.006268445690457101,0.125,nan
152,83,0.0024650747770885812,0.0,nan
152,84,0.005754473547437617,0.0,nan
152,85,0.08693768941186997,0.4375,nan
152,86,0.16100676089838462,0.5625,nan
152,87,0.0035520770474608996,0.0,nan
152,88,0.01122484350546851,0.125,nan
152,89,0.010575688532240859,0.0,nan
152,90,0.007693938660498615,0.125,nan
152,91,1.6940177793472038,1.0,nan
152,92,0.00813265258878274,0.0,nan
152,93,0.005055253189199353,0.0,nan
152,94,6.385040193453974,1.0,nan
152,95,0.006651746598729736,0.0,nan
152,96,0.0068703525931474805,0.0,nan
152,97,0.010160953376958323,0.0,nan
152,98,0.006698889318627509,0.0,nan
152,99,0.012295332413663332,0.1875,nan
153,0,0.004065735354801146,0.0,nan
153,1,0.006066849053602963,0.0625,nan
153,2,0.0039919280443993085,0.0625,nan
153,3,1.3773491038431698,1.0,nan
153,4,0.008026522994222567,0.0,nan
153,5,0.0025850254059572282,0.0,nan
153,6,0.004544773514001002,0.0625,nan
153,7,0.008475392518697923,0.0,nan
153,8,8.64512324032738,1.0,nan
153,9,0.005537458679420183,0.0,nan
153,10,0.005999374375421599,0.0,nan
153,11,0.0088233884780313,0.0625,nan
153,12,0.03673310698241543,0.0625,nan
153,13,0.005964425262470341,0.0,nan
153,14,0.02136957095923131,0.0,nan
153,15,0.004894724894147514,0.0,nan
153,16,0.021412187727575374,0.125,nan
153,17,0.018412875334945372,0.0,nan
153,18,0.006296925196070578,0.0,nan
153,19,0.005737537651341726,0.0,nan
153,20,0.001775931371780818,0.0,nan
153,21,0.007511266645344086,0.0,nan
153,22,0.003105009683465358,0.0,nan
153,23,0.00932430881651332,0.0625,nan
153,24,0.003610003181502434,0.0,nan
153,25,0.0033406323262620504,0.0,nan
153,26,1.2618035332427295,1.0,nan
153,27,0.020549218961498916,0.125,nan
153,28,0.006871508180441966,0.0625,nan
153,29,0.0035394848638436527,0.0,nan
153,30,0.008468688070596524,0.0,nan
153,31,0.0023337031308360632,0.0,nan
153,32,0.003942716706262785,0.0,nan
153,33,0.0034027010909845733,0.0,nan
153,34,0.011463145608185187,0.0,nan
153,35,0.008534990344365194,0.0,nan
153,36,3.5489855235717047,1.0,nan
153,37,0.0031539219870601962,0.0,nan
153,38,0.00847354555183015,0.0,nan
153,39,0.0027103491618482066,0.0,nan
153,40,0.006648112382744684,0.0,nan
153,41,0.0021551144206174615,0.0,nan
153,42,0.006953735101905914,0.0,nan
153,43,0.0269199797338815,0.125,nan
153,44,0.012325434952121208,0.0625,nan
153,45,0.007342617582295277,0.0,nan
153,46,0.006078855915326642,0.0,nan
153,47,0.002986420015497743,0.0625,nan
153,48,0.03955265884616242,0.3125,nan
153,49,0.00730078602872768,0.0,nan
153,50,0.003607068310486431,0.0,nan
153,51,0.006766470581087543,0.0,nan
153,52,0.004282098456320595,0.0,nan
153,53,0.05238765221578255,0.3125,nan
153,54,0.004989324551653601,0.0,nan
153,55,0.0060977487086684296,0.0,nan
153,56,0.006613971500268476,0.0,nan
153,57,0.005806925312368998,0.125,nan
153,58,0.006124753353419262,0.0,nan
153,59,0.009418886719588014,0.0,nan
153,60,0.004207619812442576,0.0625,nan
153,61,0.006383109128323872,0.0,nan
153,62,0.007085455865138087,0.0,nan
153,63,0.004386034100961292,0.0,nan
153,64,0.0031787614104782686,0.0,nan
153,65,0.005444185349689528,0.0,nan
153,66,0.0049453593199506604,0.0,nan
153,67,0.008999761833008706,0.0,nan
153,68,0.007860143320193419,0.0625,nan
153,69,0.007313522043850173,0.0,nan
153,70,0.005378482407102663,0.0,nan
153,71,0.005714533091522249,0.0,nan
153,72,0.009351055797552275,0.0,nan
153,73,0.007055673460993402,0.0,nan
153,74,0.004303223322827879,0.0,nan
153,75,0.009877636493452836,0.0625,nan
153,76,0.01269736393196592,0.0,nan
153,77,0.007488591684326943,0.0,nan
153,78,0.05051206520764766,0.125,nan
153,79,0.004592841695874692,0.0,nan
153,80,0.0066799089167943896,0.0,nan
153,81,0.014851270891228521,0.0,nan
153,82,0.004992800175606263,0.0,nan
153,83,0.005835165747607168,0.125,nan
153,84,0.019964683407487596,0.0,nan
153,85,0.14900898022216014,0.5,nan
153,86,0.07927188297887133,0.4375,nan
153,87,0.007771798012364951,0.0,nan
153,88,0.0037869933850879084,0.0625,nan
153,89,0.0048058722810753966,0.0,nan
153,90,0.003419462338851537,0.0,nan
153,91,2.987743001727945,1.0,nan
153,92,0.005336794242546995,0.0,nan
153,93,0.006381887174541913,0.0625,nan
153,94,9.890801144558552,1.0,nan
153,95,0.004219411692444292,0.0,nan
153,96,0.005214531145030047,0.0625,nan
153,97,0.012249061599261469,0.0,nan
153,98,0.0024873295752016415,0.0,nan
153,99,0.017315065199733207,0.0,nan
154,0,0.0027495482592599504,0.0,nan
154,1,0.008024435711598598,0.0,nan
154,2,0.006218869311673984,0.0,nan
154,3,1.3163614160915047,1.0,nan
154,4,0.009159232557526514,0.0,nan
154,5,0.006654733951347115,0.0625,nan
154,6,0.008155212066115532,0.0625,nan
154,7,0.012107668550045693,0.0,nan
154,8,8.193347864752134,1.0,nan
154,9,0.009587296760559725,0.0625,nan
154,10,0.003593825553151771,0.0,nan
154,11,0.007036445169611707,0.0,nan
154,12,0.028557424567611497,0.125,nan
154,13,0.004905780865273759,0.0625,nan
154,14,0.014091838444574008,0.0,nan
154,15,0.007141741114747453,0.0,nan
154,16,0.021538320148340583,0.0625,nan
154,17,0.028793424374887244,0.0625,nan
154,18,0.010497790057448733,0.0,nan
154,19,0.012970442310843027,0.0625,nan
154,20,0.005857114080985481,0.0,nan
154,21,0.005362706147606146,0.0,nan
154,22,0.005405787512337253,0.0625,nan
154,23,0.009238182372028211,0.0625,nan
154,24,0.00610106678335536,0.0,nan
154,25,0.002030594848403297,0.0,nan
154,26,1.2017308859968878,1.0,nan
154,27,0.007979847381403813,0.0,nan
154,28,0.0048675102372298835,0.0,nan
154,29,0.008186031295173651,0.0,nan
154,30,0.01011857023074808,0.0625,nan
154,31,0.003996636319813517,0.0,nan
154,32,0.004770609111829917,0.0,nan
154,33,0.005209436376837914,0.0,nan
154,34,0.00509103806124535,0.0,nan
154,35,0.005446139394215503,0.0,nan
154,36,3.1481564387746492,1.0,nan
154,37,0.008410780274487144,0.0,nan
154,38,0.01060330452812036,0.0,nan
154,39,0.0052052462369879485,0.0,nan
154,40,0.007034897671260065,0.0,nan
154,41,0.0018173717778860873,0.0,nan
154,42,0.007038212089080065,0.0625,nan
154,43,0.02662105861737773,0.125,nan
154,44,0.01504720175112911,0.1875,nan
154,45,0.003482964189753167,0.0625,nan
154,46,0.006222798115452975,0.0,nan
154,47,0.007392506052492387,0.0,nan
154,48,0.006301927306974784,0.125,nan
154,49,0.0065572177440685695,0.0,nan
154,50,0.006603658884956225,0.0,nan
154,51,0.005650714733613954,0.0,nan
154,52,0.008926468084250063,0.0625,nan
154,53,0.044650838177184925,0.1875,nan
154,54,0.001153662207937862,0.0,nan
154,55,0.004753797052126853,0.0,nan
154,56,0.0048466955324033625,0.0,nan
154,57,0.002703634694281685,0.0,nan
154,58,0.006346477734059889,0.0625,nan
154,59,0.006228990766941139,0.0,nan
154,60,0.005104938553753217,0.0,nan
154,61,0.011972855273051117,0.0,nan
154,62,0.008813418070104974,0.0,nan
154,63,0.004274286005015804,0.0,nan
154,64,0.0037216494512470376,0.0,nan
154,65,0.004825876434168005,0.0,nan
154,66,0.006330577620933813,0.0,nan
154,67,0.008141957248247792,0.0,nan
154,68,0.008353230250452202,0.0625,nan
154,69,0.007261454742352767,0.0625,nan
154,70,0.002492498132441522,0.0,nan
154,71,0.003369052823458304,0.0625,nan
154,72,0.007115986246066942,0.0,nan
154,73,0.002954456970269627,0.0,nan
154,74,0.013790208003882299,0.0,nan
154,75,0.004888132298621286,0.0,nan
154,76,0.013520921479897632,0.0625,nan
154,77,0.00785497000427966,0.0,nan
154,78,0.0326613905368637,0.3125,nan
154,79,0.0056797358566284435,0.0625,nan
154,80,0.01238834744385043,0.0625,nan
154,81,0.008871619755853087,0.0625,nan
154,82,0.008302966212968634,0.0625,nan
154,83,0.003946657206875788,0.0,nan
154,84,0.006941078426782134,0.0,nan
154,85,0.440641340140131,0.8125,nan
154,86,0.04516732636919682,0.25,nan
154,87,0.0055724351799739304,0.0,nan
154,88,0.005948551359380671,0.125,nan
154,89,0.007779769050345078,0.0625,nan
154,90,0.013780935469533863,0.0625,nan
154,91,4.496223732174623,1.0,nan
154,92,0.003907124367403049,0.0,nan
154,93,0.0042041740560127844,0.0625,nan
154,94,10.873961248681628,1.0,nan
154,95,0.004822662394324122,0.0625,nan
154,96,0.00594829941049956,0.0625,nan
154,97,0.0034026885152019137,0.0,nan
154,98,0.008260322991622665,0.125,nan
154,99,0.018609904144865283,0.0625,nan
155,0,0.012109723898809597,0.0,nan
155,1,0.005993533170737104,0.0625,nan
155,2,0.009485183001371342,0.0,nan
155,3,1.3558232959714114,1.0,nan
155,4,0.012067970415423939,0.0,nan
155,5,0.003963545059310429,0.0625,nan
155,6,0.019199001590144087,0.0,nan
155,7,0.011530287576605194,0.0,nan
155,8,8.470186557209669,1.0,nan
155,9,0.007572671610522389,0.0,nan
155,10,0.0034925486070409534,0.0,nan
155,11,0.01178528516032622,0.0,nan
155,12,0.10295943897396143,0.375,nan
155,13,0.0030699176956212075,0.0625,nan
155,14,0.0043181945433313045,0.0,nan
155,15,0.005485716864727221,0.0,nan
155,16,0.02180123011392352,0.0625,nan
155,17,0.008244335237594649,0.0625,nan
155,18,0.008669350700145361,0.0,nan
155,19,0.02850717785647016,0.0625,nan
155,20,0.004159270147027103,0.0,nan
155,21,0.026692300123715977,0.0625,nan
155,22,0.010148585570948707,0.0,nan
155,23,0.008427987253825674,0.0,nan
155,24,0.01271335227984257,0.0,nan
155,25,0.008177274751459285,0.0,nan
155,26,2.107424788076436,1.0,nan
155,27,0.01254971043206864,0.1875,nan
155,28,0.006950038286254922,0.0,nan
155,29,0.00982892672775646,0.0625,nan
155,30,0.008529121229816354,0.0,nan
155,31,0.00920424513748325,0.0,nan
155,32,0.011743789488048094,0.0,nan
155,33,0.010255940178197986,0.125,nan
155,34,0.01207441617051952,0.0,nan
155,35,0.005258941983855795,0.125,nan
155,36,3.8585383933546833,1.0,nan
155,37,0.008776895328468893,0.0,nan
155,38,0.007324795113737213,0.0,nan
155,39,0.00824894961722578,0.0625,nan
155,40,0.00745370076534955,0.0625,nan
155,41,0.0025133933807111163,0.0,nan
155,42,0.016714027125298472,0.0,nan
155,43,0.01129074085178861,0.125,nan
155,44,0.024889019746903246,0.25,nan
155,45,0.00553337992762646,0.0,nan
155,46,0.019369733877726242,0.0625,nan
155,47,0.011033499670622624,0.0,nan
155,48,0.018266792081061297,0.1875,nan
155,49,0.008161209859032185,0.0625,nan
155,50,0.008390963990805833,0.0,nan
155,51,0.003400229129365418,0.0,nan
155,52,0.0061229679049694605,0.0625,nan
155,53,0.015923801579211198,0.125,nan
155,54,0.006334292042389879,0.0625,nan
155,55,0.009752250777009364,0.0,nan
155,56,0.00965320029924624,0.0625,nan
155,57,0.010198264798032914,0.0625,nan
155,58,0.011159675888296465,0.0625,nan
155,59,0.007417678876388726,0.0,nan
155,60,0.005270346111453068,0.0,nan
155,61,0.007720269717345275,0.0625,nan
155,62,0.010737536552212813,0.125,nan
155,63,0.0030394944355972573,0.0625,nan
155,64,0.017834007484373714,0.0,nan
155,65,0.010286140567512665,0.0,nan
155,66,0.010585215692009401,0.0625,nan
155,67,0.009081212606934537,0.0,nan
155,68,0.016396160648780182,0.125,nan
155,69,0.025536492067233733,0.0,nan
155,70,0.009497057441428994,0.0,nan
155,71,0.0024358333565696532,0.0,nan
155,72,0.0074610628256235965,0.0,nan
155,73,0.009867218745180914,0.0,nan
155,74,0.028825786384182636,0.125,nan
155,75,0.01213682467257552,0.0,nan
155,76,0.007280881898978657,0.0,nan
155,77,0.02157581311985942,0.0,nan
155,78,0.1263344284045526,0.4375,nan
155,79,0.007042340462334561,0.125,nan
155,80,0.010913794937161667,0.0,nan
155,81,0.013309809685481684,0.0,nan
155,82,0.007135224858739736,0.0,nan
155,83,0.008052248842425901,0.0,nan
155,84,0.011283594359422906,0.0,nan
155,85,0.3153485496494157,0.8125,nan
155,86,0.08431085343041034,0.25,nan
155,87,0.006194268985971325,0.0,nan
155,88,0.005411185540135086,0.0625,nan
155,89,0.010317867815130234,0.0,nan
155,90,0.015606175111524151,0.0,nan
155,91,3.040999607113594,1.0,nan
155,92,0.012013449769062524,0.0,nan
155,93,0.01577865175283324,0.125,nan
155,94,8.608018923398474,1.0,nan
155,95,0.00484823788968199,0.0,nan
155,96,0.01464215912580933,0.0625,nan
155,97,0.02290807928491658,0.125,nan
155,98,0.004411598274269227,0.0,nan
155,99,0.020890355213472052,0.125,nan
156,0,0.006043081251969801,0.0,nan
156,1,0.006732108647946343,0.0,nan
156,2,0.003618228187930451,0.0,nan
156,3,1.1979034886787354,1.0,nan
156,4,0.009059914660723015,0.0,nan
156,5,0.0012280594637181558,0.0,nan
156,6,0.008247032674494066,0.0,nan
156,7,0.011251078215466271,0.0,nan
156,8,10.48372215395216,1.0,nan
156,9,0.0036853597972512017,0.0625,nan
156,10,0.003637985344191243,0.0,nan
156,11,0.010147120704894617,0.0,nan
156,12,0.03374206298571266,0.125,nan
156,13,0.0035814802485474055,0.0,nan
156,14,0.0038336827383983686,0.0,nan
156,15,0.004287762258615291,0.0,nan
156,16,0.022317315713399864,0.0625,nan
156,17,0.008772294948928488,0.0625,nan
156,18,0.006236186822729888,0.0,nan
156,19,0.015412006161019488,0.125,nan
156,20,0.008598459687712562,0.0,nan
156,21,0.014411776820227207,0.0625,nan
156,22,0.005492707000525569,0.0,nan
156,23,0.007534682209606481,0.0625,nan
156,24,0.007064465556556164,0.0,nan
156,25,0.002911457736399079,0.0,nan
156,26,1.2800826739550204,1.0,nan
156,27,0.01358769290041192,0.125,nan
156,28,0.004083306868829914,0.0,nan
156,29,0.005479084485124591,0.0,nan
156,30,0.009543096159848202,0.0,nan
156,31,0.007416999184020806,0.0,nan
156,32,0.00637208977996178,0.0,nan
156,33,0.00684209681720248,0.0,nan
156,34,0.024040237561145386,0.0625,nan
156,35,0.0049839980682583225,0.0,nan
156,36,2.7136273268367375,1.0,nan
156,37,0.01163381876081251,0.0,nan
156,38,0.004724516633933338,0.0,nan
156,39,0.002960460598877476,0.0,nan
156,40,0.002959432436789816,0.0,nan
156,41,0.0031494314187054803,0.0,nan
156,42,0.006375318051329835,0.0,nan
156,43,0.013194393559949301,0.125,nan
156,44,0.010782674531267172,0.0625,nan
156,45,0.0033154106360772,0.0,nan
156,46,0.003180458367921313,0.0,nan
156,47,0.009279513920746635,0.0,nan
156,48,0.03331610272441811,0.3125,nan
156,49,0.0033364383301829753,0.0,nan
156,50,0.006541344966052852,0.0,nan
156,51,0.0030171402921710046,0.0,nan
156,52,0.004181224110505175,0.0,nan
156,53,0.02267228131296905,0.3125,nan
156,54,0.004821242113873284,0.0,nan
156,55,0.00934329848917812,0.0,nan
156,56,0.007974937097110913,0.0,nan
156,57,0.0052930510961412235,0.0,nan
156,58,0.0073879705744449055,0.0,nan
156,59,0.011378155719995075,0.0,nan
156,60,0.003112326636895365,0.0,nan
156,61,0.009944319370780927,0.0,nan
156,62,0.004800689694198343,0.0,nan
156,63,0.0023610651455938094,0.0,nan
156,64,0.0061241815114699925,0.0,nan
156,65,0.00481698176687924,0.0,nan
156,66,0.00393143439917598,0.0,nan
156,67,0.002750370146789146,0.0,nan
156,68,0.006103461307940606,0.0625,nan
156,69,0.007013464699223401,0.0,nan
156,70,0.006432259821973867,0.0,nan
156,71,0.0019424757986214035,0.0,nan
156,72,0.0037068124277771413,0.0,nan
156,73,0.006616939534780742,0.0,nan
156,74,0.011998566607384157,0.0625,nan
156,75,0.013642745416216472,0.0625,nan
156,76,0.003871329890334514,0.0,nan
156,77,0.010856339865909342,0.0,nan
156,78,0.10538356949484104,0.375,nan
156,79,0.004468682634851509,0.0,nan
156,80,0.004519986923001193,0.0,nan
156,81,0.009504500957910115,0.0,nan
156,82,0.00451648207016114,0.0,nan
156,83,0.0027439978181056407,0.0,nan
156,84,0.006607600766947884,0.0,nan
156,85,0.12214861019788067,0.5,nan
156,86,0.03437252169489295,0.25,nan
156,87,0.005228244792362962,0.0,nan
156,88,0.02325098928467581,0.25,nan
156,89,0.01007184530561945,0.0,nan
156,90,0.002097192628260672,0.0,nan
156,91,2.347673473270456,1.0,nan
156,92,0.004776077418230884,0.0,nan
156,93,0.006419563521133728,0.0625,nan
156,94,8.84596907115678,1.0,nan
156,95,0.003590221898650173,0.0,nan
156,96,0.011797989415496252,0.0,nan
156,97,0.00922529843176646,0.0,nan
156,98,0.008910202052983165,0.0,nan
156,99,0.008753935423658588,0.0,nan
157,0,0.005548562033401266,0.0,nan
157,1,0.014489876658711378,0.0625,nan
157,2,0.001459141175758846,0.0,nan
157,3,1.7122117627845448,1.0,nan
157,4,0.0030346888946612824,0.0,nan
157,5,0.0015712960579021677,0.0,nan
157,6,0.005911377555556926,0.0,nan
157,7,0.004775505228716963,0.0625,nan
157,8,8.221160804332705,1.0,nan
157,9,0.002610475612807682,0.0,nan
157,10,0.006028643803638627,0.0,nan
157,11,0.004149877723069907,0.0625,nan
157,12,0.0208907320137465,0.0625,nan
157,13,0.003539708907426098,0.0,nan
157,14,0.002130895658836361,0.0,nan
157,15,0.006541578361377607,0.0,nan
157,16,0.011817284298382724,0.0625,nan
157,17,0.00783106394668075,0.125,nan
157,18,0.006378565352811746,0.0,nan
157,19,0.008222425950340291,0.0625,nan
157,20,0.001953368726741486,0.0,nan
157,21,0.00849517656277307,0.0,nan
157,22,0.006729680188419594,0.0,nan
157,23,0.00571902917001206,0.0625,nan
157,24,0.0022953992877585523,0.0,nan
157,25,0.003822285836264579,0.0,nan
157,26,1.569879767551766,1.0,nan
157,27,0.02083653026369113,0.125,nan
157,28,0.003148552532131592,0.0,nan
157,29,0.004801262448750484,0.0,nan
157,30,0.00709424041894657,0.0,nan
157,31,0.002635730956988446,0.0,nan
157,32,0.008452523157260276,0.0625,nan
157,33,0.0020479708811149315,0.0,nan
157,34,0.003244550802018812,0.0,nan
157,35,0.006822611942176137,0.0,nan
157,36,2.9243870201978615,1.0,nan
157,37,0.012130352314115599,0.0,nan
157,38,0.008848168204758308,0.0,nan
157,39,0.0022933301871854482,0.0,nan
157,40,0.001640575351325718,0.0,nan
157,41,0.0019484564800999779,0.0,nan
157,42,0.007391488596558686,0.0625,nan
157,43,0.007775593243747573,0.0,nan
157,44,0.010274910238122503,0.0,nan
157,45,0.0054628683140220125,0.0,nan
157,46,0.0044043749038153775,0.0,nan
157,47,0.004842405473241527,0.0,nan
157,48,0.021924348154711754,0.3125,nan
157,49,0.0042043580279846095,0.0,nan
157,50,0.006289686336337464,0.0,nan
157,51,0.004333451865462065,0.0,nan
157,52,0.003917196258316944,0.0,nan
157,53,0.03971758061181176,0.1875,nan
157,54,0.0026959001251738056,0.0,nan
157,55,0.005555949437125908,0.0,nan
157,56,0.005229785418739415,0.0,nan
157,57,0.002237076976544828,0.0,nan
157,58,0.017266179963128413,0.0625,nan
157,59,0.003783701432331306,0.0,nan
157,60,0.003974388501054778,0.0,nan
157,61,0.012407538804424838,0.0,nan
157,62,0.004541946950328337,0.0625,nan
157,63,0.0017654513832436056,0.0625,nan
157,64,0.006453689297366946,0.125,nan
157,65,0.002395174292538651,0.0,nan
157,66,0.005061536603882355,0.0,nan
157,67,0.004480027496044979,0.0,nan
157,68,0.00398180350580457,0.0625,nan
157,69,0.007306121433738447,0.0625,nan
157,70,0.004566110996037576,0.0,nan
157,71,0.004988826345431548,0.0,nan
157,72,0.0026217169939845076,0.0,nan
157,73,0.00400417137367519,0.0,nan
157,74,0.014258693996461451,0.0,nan
157,75,0.0051403256696057964,0.0,nan
157,76,0.004210911289431626,0.0,nan
157,77,0.004617239241800143,0.0,nan
157,78,0.05583958176782815,0.25,nan
157,79,0.004261334250451748,0.0,nan
157,80,0.004632345542774025,0.0,nan
157,81,0.0061345237136477045,0.0625,nan
157,82,0.002740420827383958,0.0,nan
157,83,0.002025807788675809,0.0,nan
157,84,0.005069338271195012,0.0,nan
157,85,0.1804137675859307,0.5625,nan
157,86,0.016946173425401848,0.125,nan
157,87,0.006762353067907518,0.0,nan
157,88,0.007801957898985369,0.0,nan
157,89,0.003703622858252714,0.0,nan
157,90,0.005330419213664088,0.0,nan
157,91,1.5949757944489251,1.0,nan
157,92,0.0025466419062255092,0.0,nan
157,93,0.005430117373518019,0.0,nan
157,94,6.09509847444304,1.0,nan
157,95,0.0037656273760316964,0.0,nan
157,96,0.008409516591773518,0.0,nan
157,97,0.00687565311090193,0.0,nan
157,98,0.002696111841670207,0.0,nan
157,99,0.009124890865539602,0.0,nan
158,0,0.005103299718631096,0.0,nan
158,1,0.02095244284285957,0.0,nan
158,2,0.004826839999424716,0.0,nan
158,3,1.694159638769424,1.0,nan
158,4,0.00929998243211037,0.0,nan
158,5,0.004349362072604896,0.0,nan
158,6,0.011241490966905968,0.0625,nan
158,7,0.013002144941167595,0.0,nan
158,8,8.498987512320701,1.0,nan
158,9,0.00448092836068057,0.0,nan
158,10,0.013622306099708636,0.0,nan
158,11,0.010744636514065592,0.0625,nan
158,12,0.014035360274665298,0.0625,nan
158,13,0.008442404680600486,0.0,nan
158,14,0.006604509098269065,0.0,nan
158,15,0.005654135169218057,0.0,nan
158,16,0.029719506315187792,0.125,nan
158,17,0.010835000060310466,0.0,nan
158,18,0.006406255598763531,0.0,nan
158,19,0.016091497478509992,0.0,nan
158,20,0.005943356444763734,0.0,nan
158,21,0.002581316142090727,0.0,nan
158,22,0.008360278652597048,0.0,nan
158,23,0.012832086547850338,0.0,nan
158,24,0.003232552075566237,0.0,nan
158,25,0.004723431989837098,0.0625,nan
158,26,1.4498772748781976,1.0,nan
158,27,0.02215486176270242,0.1875,nan
158,28,0.009873394423679543,0.0,nan
158,29,0.006700784142601645,0.0,nan
158,30,0.00781257705954518,0.0625,nan
158,31,0.004802088448331915,0.0,nan
158,32,0.003760500722881693,0.0,nan
158,33,0.003564715061224988,0.0625,nan
158,34,0.017110693137311044,0.0625,nan
158,35,0.003671561759781157,0.0,nan
158,36,3.270605770960376,1.0,nan
158,37,0.008231027373384802,0.0,nan
158,38,0.012959923602475495,0.0,nan
158,39,0.002749543166241267,0.0,nan
158,40,0.003317668382986764,0.0,nan
158,41,0.0039943315894319775,0.0625,nan
158,42,0.011572300858447671,0.125,nan
158,43,0.012255542148616724,0.0625,nan
158,44,0.005928583090364804,0.0625,nan
158,45,0.006897098350480602,0.0,nan
158,46,0.0053379672863635794,0.0,nan
158,47,0.005993807269785455,0.0625,nan
158,48,0.04470182620021388,0.3125,nan
158,49,0.009139159803221476,0.0625,nan
158,50,0.004606458590816379,0.0,nan
158,51,0.006234356080123324,0.1875,nan
158,52,0.007939230617581807,0.0,nan
158,53,0.014496645621588995,0.3125,nan
158,54,0.005643156222955549,0.0625,nan
158,55,0.005050331701168564,0.0,nan
158,56,0.012317890291071897,0.0,nan
158,57,0.006451049628189804,0.0,nan
158,58,0.013548862734207903,0.0625,nan
158,59,0.008516783964435691,0.0625,nan
158,60,0.006694920326963855,0.0,nan
158,61,0.0044637698582087534,0.0,nan
158,62,0.005420225584760888,0.0,nan
158,63,0.010209008191341393,0.0,nan
158,64,0.004006335464963049,0.0625,nan
158,65,0.0033357256461931466,0.0,nan
158,66,0.00700648580781991,0.0,nan
158,67,0.012993891914783003,0.0,nan
158,68,0.013693412736999304,0.0625,nan
158,69,0.009868531452808402,0.0,nan
158,70,0.007199972667255319,0.0,nan
158,71,0.005592410905701014,0.0625,nan
158,72,0.007156565278476917,0.0,nan
158,73,0.006811442900278708,0.0625,nan
158,74,0.027073798240375244,0.0625,nan
158,75,0.007792387759910309,0.0625,nan
158,76,0.008494687236217782,0.0,nan
158,77,0.007485497221641154,0.0625,nan
158,78,0.027168961387025025,0.125,nan
158,79,0.0053414815341256815,0.0625,nan
158,80,0.00935157995808096,0.0,nan
158,81,0.009836747473919848,0.0625,nan
158,82,0.006635797989888481,0.0,nan
158,83,0.010259698475554396,0.0,nan
158,84,0.010684061260202573,0.0,nan
158,85,0.2529734252464837,0.5,nan
158,86,0.2239694159871906,0.5625,nan
158,87,0.0035384888957785323,0.0,nan
158,88,0.008568021374619861,0.125,nan
158,89,0.006363220431373105,0.0,nan
158,90,0.0056119833117292545,0.0,nan
158,91,3.5672879960656543,1.0,nan
158,92,0.002891822529828286,0.0,nan
158,93,0.007027160149269385,0.0,nan
158,94,10.936759631262065,1.0,nan
158,95,0.002987000618184836,0.0,nan
158,96,0.02181394200347357,0.0625,nan
158,97,0.013534432670504363,0.0,nan
158,98,0.0057449544037409305,0.0,nan
158,99,0.006160720003129021,0.0,nan
159,0,0.0045836131845272375,0.0,nan
159,1,0.00469753605669896,0.0,nan
159,2,0.005625396979480005,0.0,nan
159,3,1.4732798943618834,1.0,nan
159,4,0.004327432809979084,0.0,nan
159,5,0.002903935864900394,0.0,nan
159,6,0.003851702733587996,0.0,nan
159,7,0.007881503993319128,0.0625,nan
159,8,9.998338073495319,1.0,nan
159,9,0.0021366819953865883,0.0,nan
159,10,0.005312799879602114,0.0625,nan
159,11,0.00329051702748108,0.0,nan
159,12,0.03603948286960065,0.375,nan
159,13,0.003702995443944013,0.0,nan
159,14,0.007074757925348516,0.0625,nan
159,15,0.002641432738446974,0.0,nan
159,16,0.019240267597644134,0.125,nan
159,17,0.008721741373418284,0.0,nan
159,18,0.0035397966514951716,0.0,nan
159,19,0.014531848316906543,0.0625,nan
159,20,0.0052833824027847046,0.0,nan
159,21,0.010358061330758455,0.0,nan
159,22,0.006582621825686476,0.0,nan
159,23,0.005641713897538203,0.0,nan
159,24,0.004218711946720769,0.0625,nan
159,25,0.0018088052286808916,0.0,nan
159,26,1.220213337531432,1.0,nan
159,27,0.0162643544860289,0.375,nan
159,28,0.0034276332228809245,0.0625,nan
159,29,0.005114128660603765,0.0,nan
159,30,0.004671681668939541,0.0625,nan
159,31,0.004358499139684535,0.0,nan
159,32,0.003999864386005089,0.0,nan
159,33,0.004228703700860721,0.0,nan
159,34,0.00534408537735279,0.0,nan
159,35,0.0034729335996661957,0.0625,nan
159,36,2.65124839035142,1.0,nan
159,37,0.003008970177788362,0.0,nan
159,38,0.010857972538119463,0.0,nan
159,39,0.0031259921096606527,0.0,nan
159,40,0.0018837960341397885,0.0,nan
159,41,0.005877991793686076,0.0,nan
159,42,0.006499889358610134,0.0625,nan
159,43,0.005926361441646287,0.0,nan
159,44,0.0035009376741055257,0.0,nan
159,45,0.0018288572231335912,0.0,nan
159,46,0.005232354989540767,0.0625,nan
159,47,0.005544355871158342,0.0,nan
159,48,0.21114190745915462,0.625,nan
159,49,0.004996810631913566,0.0,nan
159,50,0.0029206817534395218,0.0,nan
159,51,0.005545869858725638,0.0,nan
159,52,0.005716162651895656,0.0,nan
159,53,0.020788155773375692,0.25,nan
159,54,0.002800414306398695,0.0,nan
159,55,0.0029136002069233002,0.0625,nan
159,56,0.006411218306873617,0.0,nan
159,57,0.008113468234293264,0.0,nan
159,58,0.004892885890297085,0.0,nan
159,59,0.0032906560054573007,0.0,nan
159,60,0.0020106323852856333,0.0,nan
159,61,0.007397435552212091,0.0,nan
159,62,0.005053447056839865,0.0,nan
159,63,0.006912108930494272,0.0,nan
159,64,0.009318376939895626,0.0,nan
159,65,0.002266670756232386,0.0,nan
159,66,0.00470208788516909,0.0,nan
159,67,0.0033030036170381928,0.0,nan
159,68,0.005156759016991495,0.0625,nan
159,69,0.0036602139920598477,0.0,nan
159,70,0.005895873747625607,0.0,nan
159,71,0.0017304966730979376,0.0,nan
159,72,0.006424653004626876,0.0,nan
159,73,0.0036717825920994807,0.0,nan
159,74,0.012481662330649639,0.125,nan
159,75,0.015636836167205233,0.0,nan
159,76,0.0037894660653936497,0.0,nan
159,77,0.0036655536476781327,0.0,nan
159,78,0.04516742613168113,0.3125,nan
159,79,0.0018244612670196547,0.0,nan
159,80,0.006356238048673135,0.0,nan
159,81,0.01000356017065311,0.0,nan
159,82,0.004173262027230005,0.0,nan
159,83,0.0029287998072805056,0.0,nan
159,84,0.006164157016806915,0.0,nan
159,85,0.056290624579478726,0.25,nan
159,86,0.09271883701900493,0.3125,nan
159,87,0.004722546575566644,0.0,nan
159,88,0.012060296807262977,0.1875,nan
159,89,0.00365506448573803,0.0,nan
159,90,0.0059159769472100915,0.0,nan
159,91,1.1846469201272825,1.0,nan
159,92,0.003442959352732619,0.0,nan
159,93,0.005087844844203805,0.0,nan
159,94,6.1212326149282585,1.0,nan
159,95,0.003958510944644243,0.0,nan
159,96,0.011153333483154832,0.0,nan
159,97,0.004646465439624775,0.0,nan
159,98,0.006143779024103735,0.0,nan
159,99,0.023163128763293114,0.0625,nan
160,0,0.004183496501713136,0.0,nan
160,1,0.008221321969571557,0.0625,nan
160,2,0.0093593075513336,0.0,nan
160,3,1.8305345570022897,1.0,nan
160,4,0.006806803451188554,0.0,nan
160,5,0.004971993036961497,0.0625,nan
160,6,0.013351450265846415,0.0,nan
160,7,0.014955172840338187,0.0,nan
160,8,8.567028685805564,1.0,nan
160,9,0.0165067374839969,0.0,nan
160,10,0.004138090294622498,0.0,nan
160,11,0.006622385288971333,0.0625,nan
160,12,0.0378020329895724,0.25,nan
160,13,0.004482017346220019,0.0,nan
160,14,0.003625608669009496,0.0,nan
160,15,0.004987002415702961,0.0,nan
160,16,0.028632785855530425,0.1875,nan
160,17,0.01672597362766927,0.0625,nan
160,18,0.008397143828516994,0.0,nan
160,19,0.005999404803473827,0.125,nan
160,20,0.0032593714192080308,0.0,nan
160,21,0.014142414381200438,0.0625,nan
160,22,0.00405294539332963,0.0,nan
160,23,0.014342608451940953,0.0625,nan
160,24,0.005113491412451542,0.0,nan
160,25,0.0026259588861037553,0.0,nan
160,26,1.9639912023022137,1.0,nan
160,27,0.02734452521903663,0.3125,nan
160,28,0.005592152983573509,0.0,nan
160,29,0.005420528118312395,0.0,nan
160,30,0.006733956983087201,0.0,nan
160,31,0.0038207726258563187,0.0,nan
160,32,0.009483630027361575,0.0,nan
160,33,0.0038647198637755584,0.0,nan
160,34,0.01124303729645899,0.0625,nan
160,35,0.0034901494791602706,0.0,nan
160,36,2.5003074591951036,1.0,nan
160,37,0.010897534394022029,0.0,nan
160,38,0.011946001385605835,0.0,nan
160,39,0.004610537894269584,0.0,nan
160,40,0.006993691274182994,0.0,nan
160,41,0.002491328700728437,0.0,nan
160,42,0.008266410649378783,0.0,nan
160,43,0.011044898703725143,0.0625,nan
160,44,0.009379610111722714,0.0,nan
160,45,0.0072969712168435355,0.0,nan
160,46,0.008194895943621109,0.0,nan
160,47,0.00948628168064905,0.0,nan
160,48,0.027025886239821578,0.1875,nan
160,49,0.006668609118702444,0.0,nan
160,50,0.006220477490903512,0.0,nan
160,51,0.00625128194798446,0.0,nan
160,52,0.0064122204220729995,0.0,nan
160,53,0.02956817541184253,0.3125,nan
160,54,0.0036793246633916987,0.0,nan
160,55,0.006194817567077172,0.0,nan
160,56,0.00803696784457781,0.125,nan
160,57,0.010202876663159666,0.0,nan
160,58,0.009639907594594944,0.0625,nan
160,59,0.004246656529428572,0.0625,nan
160,60,0.003729236866824701,0.0625,nan
160,61,0.00592765961151467,0.1875,nan
160,62,0.008123080065850904,0.0625,nan
160,63,0.004561753914125431,0.0,nan
160,64,0.011068743559321222,0.0,nan
160,65,0.00521794178795084,0.0,nan
160,66,0.005572708346252306,0.0,nan
160,67,0.0054195267751799125,0.0,nan
160,68,0.009477310419220494,0.0,nan
160,69,0.010651958521838,0.0,nan
160,70,0.0031401146667810595,0.0,nan
160,71,0.003465473748365653,0.0,nan
160,72,0.008707180610978346,0.0,nan
160,73,0.010875819822572465,0.0,nan
160,74,0.012847215281138781,0.0625,nan
160,75,0.011803012751328362,0.0,nan
160,76,0.005038275427567457,0.0,nan
160,77,0.008202947195928659,0.0625,nan
160,78,0.05696335617430366,0.1875,nan
160,79,0.005203125619996567,0.0,nan
160,80,0.005593303226918647,0.0,nan
160,81,0.007784843188304356,0.0,nan
160,82,0.0031799810433850474,0.0,nan
160,83,0.005688153640674513,0.0,nan
160,84,0.00707948320152965,0.0,nan
160,85,0.3832350289748453,0.75,nan
160,86,0.05909722527945188,0.1875,nan
160,87,0.011638678779561918,0.0,nan
160,88,0.031006330153012653,0.125,nan
160,89,0.005599311607157883,0.0,nan
160,90,0.00523318862130338,0.0,nan
160,91,2.006723578388006,1.0,nan
160,92,0.005597603396373986,0.0,nan
160,93,0.006634191780345791,0.0,nan
160,94,9.327640792500967,1.0,nan
160,95,0.002292576056524628,0.0,nan
160,96,0.014950674051850948,0.0,nan
160,97,0.0031399967198253702,0.0625,nan
160,98,0.011173037445739144,0.0625,nan
160,99,0.013649197481281603,0.0625,nan
161,0,0.004229345108641775,0.0,nan
161,1,0.011677019969710663,0.0,nan
161,2,0.0036847025294388805,0.0,nan
161,3,1.391140102156458,1.0,nan
161,4,0.0048510009974406226,0.0,nan
161,5,0.005156483972748757,0.0,nan
161,6,0.007746868956389307,0.0,nan
161,7,0.011347049172255184,0.0,nan
161,8,7.478113423256073,1.0,nan
161,9,0.0038519723536978127,0.0,nan
161,10,0.012072389911763516,0.0625,nan
161,11,0.005731731301185336,0.0,nan
161,12,0.019261929339996854,0.125,nan
161,13,0.00892122787196941,0.0,nan
161,14,0.005256684768744009,0.0625,nan
161,15,0.010032006249123496,0.0625,nan
161,16,0.030353472420366404,0.125,nan
161,17,0.012852498692082347,0.125,nan
161,18,0.00493992893440995,0.0,nan
161,19,0.008597217028098611,0.0,nan
161,20,0.005495301062981561,0.0,nan
161,21,0.009138638269870582,0.0625,nan
161,22,0.005485202219045968,0.0,nan
161,23,0.008950053628146569,0.0625,nan
161,24,0.008975618709897376,0.0,nan
161,25,0.0073108600690962745,0.0,nan
161,26,1.387703166202388,1.0,nan
161,27,0.010962581166583574,0.25,nan
161,28,0.009441541425138832,0.0,nan
161,29,0.004473366816708952,0.0,nan
161,30,0.004678261825479386,0.0,nan
161,31,0.004094854652058387,0.0,nan
161,32,0.006671452023226818,0.0,nan
161,33,0.00365610842524807,0.0,nan
161,34,0.012038781346559863,0.0,nan
161,35,0.0030243415647490226,0.0,nan
161,36,3.1292623609085135,1.0,nan
161,37,0.0053366462009117495,0.0,nan
161,38,0.0030436754812624214,0.0,nan
161,39,0.005136194743253491,0.0,nan
161,40,0.007244598821932836,0.0,nan
161,41,0.0014597064060193326,0.0625,nan
161,42,0.009758165894272124,0.0,nan
161,43,0.010725640542011,0.0625,nan
161,44,0.009139074262192851,0.0625,nan
161,45,0.003444526836351672,0.0,nan
161,46,0.008574771606492268,0.0625,nan
161,47,0.006084489233257464,0.0625,nan
161,48,0.048051952734820505,0.25,nan
161,49,0.007352230158305186,0.0,nan
161,50,0.006642485724738387,0.0,nan
161,51,0.004022694195153546,0.0,nan
161,52,0.006728158221299338,0.0,nan
161,53,0.037214897766232026,0.1875,nan
161,54,0.0029531826913392996,0.0,nan
161,55,0.006976698940196734,0.0,nan
161,56,0.009550055531642605,0.0,nan
161,57,0.0056465240823807515,0.0,nan
161,58,0.0051780249459912305,0.0,nan
161,59,0.006137136672297307,0.0,nan
161,60,0.006150655007841963,0.0,nan
161,61,0.006641119086434647,0.0,nan
161,62,0.0057932699928632024,0.0625,nan
161,63,0.0019241198444178303,0.0,nan
161,64,0.00387567729815484,0.0,nan
161,65,0.005747343290048848,0.0,nan
161,66,0.006107538254698177,0.0,nan
161,67,0.005941781551540086,0.0,nan
161,68,0.0046259294060068575,0.0,nan
161,69,0.008765455240208466,0.0,nan
161,70,0.005465054069613126,0.0,nan
161,71,0.005137793736488902,0.0,nan
161,72,0.010398972138183676,0.0625,nan
161,73,0.003967807778278953,0.0,nan
161,74,0.028814297095895607,0.125,nan
161,75,0.01395216609715107,0.0,nan
161,76,0.007906165193134322,0.0625,nan
161,77,0.007561018891114245,0.0,nan
161,78,0.06025605348760099,0.1875,nan
161,79,0.007956797898734814,0.0,nan
161,80,0.008293906032455896,0.0,nan
161,81,0.01065832565793108,0.0,nan
161,82,0.0036479582365020156,0.0,nan
161,83,0.002736540879006006,0.0,nan
161,84,0.005251515543051161,0.0,nan
161,85,0.12755421373995124,0.5,nan
161,86,0.1522083497135917,0.5,nan
161,87,0.0028371494670294136,0.0625,nan
161,88,0.01006096944566524,0.125,nan
161,89,0.007555147683183718,0.0,nan
161,90,0.005214232122938454,0.0,nan
161,91,1.8901488707960958,1.0,nan
161,92,0.0052275437309435985,0.0,nan
161,93,0.0080541136711186,0.0,nan
161,94,10.167240825172627,1.0,nan
161,95,0.004638031694331121,0.0,nan
161,96,0.004801906190367493,0.0625,nan
161,97,0.008299403052622572,0.0,nan
161,98,0.005339932669435889,0.0,nan
161,99,0.02085574479471578,0.0,nan
162,0,0.004868883128552064,0.0,nan
162,1,0.014247251746316535,0.0,nan
162,2,0.004230246858463234,0.0,nan
162,3,1.7214136333749943,1.0,nan
162,4,0.0021782355455480028,0.0,nan
162,5,0.004088801036953507,0.0625,nan
162,6,0.004905649061285032,0.0,nan
162,7,0.015280831469793733,0.0625,nan
162,8,7.391494131259259,1.0,nan
162,9,0.0040449460526232415,0.0,nan
162,10,0.006105122125612714,0.0,nan
162,11,0.006017394467194492,0.0,nan
162,12,0.04788618120365809,0.125,nan
162,13,0.008343144429885672,0.0,nan
162,14,0.007614778562852783,0.0,nan
162,15,0.0028793463108030405,0.0,nan
162,16,0.024620819594705447,0.125,nan
162,17,0.017173757784688888,0.125,nan
162,18,0.007996804593599496,0.0,nan
162,19,0.010727639912493064,0.0,nan
162,20,0.0017387461991390596,0.0,nan
162,21,0.004459571028803063,0.0,nan
162,22,0.003751406604435373,0.0,nan
162,23,0.013826155712872688,0.0625,nan
162,24,0.006630312544729854,0.0,nan
162,25,0.001974269462551644,0.0,nan
162,26,1.4547925772747805,1.0,nan
162,27,0.01823335113893612,0.1875,nan
162,28,0.003078413935666213,0.0,nan
162,29,0.006102946557581533,0.0,nan
162,30,0.004840684431159918,0.0,nan
162,31,0.014458839561187705,0.0,nan
162,32,0.010310259437801002,0.0,nan
162,33,0.007641855005327771,0.0,nan
162,34,0.004674800873080518,0.0625,nan
162,35,0.005435841294558713,0.0,nan
162,36,3.360771045195297,1.0,nan
162,37,0.005088839483650325,0.0,nan
162,38,0.009071264206025295,0.0625,nan
162,39,0.002157376251596499,0.0,nan
162,40,0.0031531212267110753,0.0,nan
162,41,0.004034100975515006,0.0,nan
162,42,0.0068662372401235875,0.0625,nan
162,43,0.010454068256143183,0.0,nan
162,44,0.0028439438716526596,0.0625,nan
162,45,0.005161636623873377,0.0,nan
162,46,0.006984033717755089,0.0,nan
162,47,0.014472327786929211,0.0,nan
162,48,0.010294330833263206,0.1875,nan
162,49,0.0056815575242979074,0.0,nan
162,50,0.003908141167809834,0.0,nan
162,51,0.006267405123034234,0.0,nan
162,52,0.009623493129774788,0.0,nan
162,53,0.03269035614968767,0.1875,nan
162,54,0.003972573702935743,0.0,nan
162,55,0.008335455389215488,0.0,nan
162,56,0.006344500546769275,0.0625,nan
162,57,0.011369403770884925,0.0,nan
162,58,0.007289344256754652,0.0,nan
162,59,0.006154315751982772,0.0625,nan
162,60,0.008313076795526994,0.0,nan
162,61,0.01042161828157534,0.0625,nan
162,62,0.009383958372875565,0.0,nan
162,63,0.004048645830952165,0.0,nan
162,64,0.005551849774177622,0.0,nan
162,65,0.004989299797438857,0.0,nan
162,66,0.007549603126392948,0.0625,nan
162,67,0.00695505118186077,0.0,nan
162,68,0.008341695908299014,0.0625,nan
162,69,0.012724511029494848,0.0,nan
162,70,0.007154224575273061,0.0,nan
162,71,0.002763727365788662,0.0,nan
162,72,0.011775874883266247,0.125,nan
162,73,0.0038186289118898173,0.0,nan
162,74,0.012755938630197076,0.0625,nan
162,75,0.009369550236028298,0.0,nan
162,76,0.003088335723047654,0.0,nan
162,77,0.011120669430302434,0.0,nan
162,78,0.04933534427197381,0.25,nan
162,79,0.006251756631703487,0.0,nan
162,80,0.008377166166594799,0.0,nan
162,81,0.01819217133015264,0.125,nan
162,82,0.004531599889646418,0.0,nan
162,83,0.005838759057541593,0.0,nan
162,84,0.006320456194373925,0.0,nan
162,85,0.4058897275359401,0.75,nan
162,86,0.16344056261719409,0.5,nan
162,87,0.004146961269186918,0.0,nan
162,88,0.02297253650531121,0.25,nan
162,89,0.009119259624413862,0.0,nan
162,90,0.003061289801951017,0.0,nan
162,91,4.331329128927353,1.0,nan
162,92,0.0031462316765854576,0.0,nan
162,93,0.007172329971703882,0.0,nan
162,94,11.34494309299021,1.0,nan
162,95,0.004459713934541571,0.0,nan
162,96,0.0122387224313373,0.0,nan
162,97,0.010990365676615668,0.0,nan
162,98,0.004138238573953418,0.0,nan
162,99,0.0054031820807124145,0.0,nan
163,0,0.0043420591257122484,0.0625,nan
163,1,0.01024087905750197,0.0,nan
163,2,0.0036328818885655477,0.0,nan
163,3,1.6623187577182845,1.0,nan
163,4,0.010011733604530637,0.0,nan
163,5,0.00781623266066258,0.0,nan
163,6,0.0041392480034132435,0.0,nan
163,7,0.01057744290150199,0.0625,nan
163,8,9.266891127909137,1.0,nan
163,9,0.007647736869042309,0.0,nan
163,10,0.003841279888516787,0.0,nan
163,11,0.004910023452094754,0.0,nan
163,12,0.039704102057842444,0.1875,nan
163,13,0.006261069911292447,0.0,nan
163,14,0.01260627609969787,0.0,nan
163,15,0.00287151854258932,0.0,nan
163,16,0.04765911441200614,0.25,nan
163,17,0.01167589546508265,0.0,nan
163,18,0.006856070687016123,0.0,nan
163,19,0.008873021834138076,0.0,nan
163,20,0.007246816581837708,0.0,nan
163,21,0.003976929088468101,0.0,nan
163,22,0.004432364993172207,0.0,nan
163,23,0.011011590911925394,0.0,nan
163,24,0.012141187614427992,0.0,nan
163,25,0.005194256475777296,0.0,nan
163,26,1.8379428381479865,1.0,nan
163,27,0.007728823528939279,0.0625,nan
163,28,0.004353128348635498,0.0,nan
163,29,0.0056323157476827895,0.0,nan
163,30,0.008816334266898245,0.0,nan
163,31,0.0070883323612374646,0.0625,nan
163,32,0.005073960785142105,0.0,nan
163,33,0.0041867364236048265,0.0,nan
163,34,0.009698494910366739,0.0625,nan
163,35,0.008369447830317114,0.0,nan
163,36,3.421559246077611,1.0,nan
163,37,0.005964999290578963,0.0,nan
163,38,0.008841227892351129,0.0625,nan
163,39,0.003501491449311135,0.0,nan
163,40,0.0071132693219034225,0.0,nan
163,41,0.0049355506267637055,0.0,nan
163,42,0.006778557836881486,0.0,nan
163,43,0.015220217094754207,0.0,nan
163,44,0.007665405719015974,0.0,nan
163,45,0.004606906341987766,0.0,nan
163,46,0.012738512223468512,0.0,nan
163,47,0.0029802881997500292,0.0625,nan
163,48,0.15153771455329518,0.5,nan
163,49,0.0058817166719942245,0.0,nan
163,50,0.009228329286234033,0.0625,nan
163,51,0.006673823179750884,0.0,nan
163,52,0.0032842105109109677,0.0,nan
163,53,0.015068331484074776,0.1875,nan
163,54,0.0030152716129086266,0.0,nan
163,55,0.00808615038979745,0.0,nan
163,56,0.0020587195405877513,0.0,nan
163,57,0.003440358807125475,0.0,nan
163,58,0.007300029765771254,0.0625,nan
163,59,0.0069460817717205865,0.0625,nan
163,60,0.005817440550405977,0.0625,nan
163,61,0.009594457969246923,0.0,nan
163,62,0.003521092716183745,0.0,nan
163,63,0.0027585760772006283,0.0,nan
163,64,0.0045494401826020915,0.0,nan
163,65,0.002952618622598771,0.0625,nan
163,66,0.003722900573345069,0.0,nan
163,67,0.008398516692735267,0.0,nan
163,68,0.0053221298431012564,0.0625,nan
163,69,0.005417839868910486,0.0,nan
163,70,0.0026039646340016197,0.0,nan
163,71,0.007081779899701714,0.0,nan
163,72,0.006650375909100523,0.0,nan
163,73,0.005310989127799811,0.0,nan
163,74,0.020653083286711386,0.0625,nan
163,75,0.009669605082362745,0.0,nan
163,76,0.005308369409864906,0.0,nan
163,77,0.010907976597290186,0.0,nan
163,78,0.10899611984009167,0.3125,nan
163,79,0.004240870549866058,0.0,nan
163,80,0.0031968471048768017,0.0,nan
163,81,0.006407949487206808,0.0,nan
163,82,0.0051326508888765564,0.0625,nan
163,83,0.0030264349024979754,0.0,nan
163,84,0.012849886788291265,0.0,nan
163,85,0.2815657166637685,0.75,nan
163,86,0.1751921774654902,0.5625,nan
163,87,0.00587738708076843,0.0,nan
163,88,0.043866081543506186,0.1875,nan
163,89,0.010469656095308599,0.0625,nan
163,90,0.005563849172179376,0.0,nan
163,91,2.519124547441712,1.0,nan
163,92,0.005389272402671544,0.0,nan
163,93,0.00525197969120626,0.0,nan
163,94,7.583028612516067,1.0,nan
163,95,0.004195661455520614,0.0,nan
163,96,0.01211298837240845,0.0,nan
163,97,0.010685263762337409,0.0,nan
163,98,0.01065147232430732,0.0,nan
163,99,0.011938752170609003,0.0625,nan
164,0,0.002298271854023439,0.0,nan
164,1,0.004514518946086303,0.0625,nan
164,2,0.0034915662065749427,0.0625,nan
164,3,2.5839172893870312,1.0,nan
164,4,0.009830475942378446,0.0,nan
164,5,0.002583190448848468,0.0,nan
164,6,0.011912028948705928,0.0625,nan
164,7,0.020988730752711925,0.1875,nan
164,8,7.754147659020384,1.0,nan
164,9,0.013106791154377004,0.0625,nan
164,10,0.003704753759303564,0.0,nan
164,11,0.006879820488698828,0.0,nan
164,12,0.044965942660879304,0.0625,nan
164,13,0.00420082758616386,0.0,nan
164,14,0.006475869114080365,0.0,nan
164,15,0.002242438587810966,0.0,nan
164,16,0.01694808250109181,0.0,nan
164,17,0.011876924275758573,0.0625,nan
164,18,0.00874281812959414,0.0,nan
164,19,0.018368603208640602,0.0,nan
164,20,0.006494955266666614,0.0,nan
164,21,0.010821534463896647,0.0625,nan
164,22,0.005798323482819636,0.0,nan
164,23,0.009399376475664634,0.0,nan
164,24,0.012655770976414793,0.0,nan
164,25,0.0063014580859174826,0.0,nan
164,26,1.6696811977942185,1.0,nan
164,27,0.009030404128322771,0.125,nan
164,28,0.017684146627297156,0.0,nan
164,29,0.007007430869952631,0.0,nan
164,30,0.005260489771103126,0.0,nan
164,31,0.009350363568182009,0.0,nan
164,32,0.010521724667975307,0.0,nan
164,33,0.012791704171919518,0.0,nan
164,34,0.005035471665536005,0.0,nan
164,35,0.005921115181237598,0.0,nan
164,36,3.207071581118735,1.0,nan
164,37,0.0017664061483627454,0.0,nan
164,38,0.02167755492767534,0.0625,nan
164,39,0.009480791321095888,0.0,nan
164,40,0.0047318037884503915,0.0,nan
164,41,0.0049491618153167435,0.0,nan
164,42,0.016723720072835405,0.0625,nan
164,43,0.014642789699283483,0.0625,nan
164,44,0.013915559880419443,0.0625,nan
164,45,0.0017229320242275943,0.0,nan
164,46,0.015295236120235915,0.0,nan
164,47,0.011043741864521707,0.0625,nan
164,48,0.008100323403066476,0.0,nan
164,49,0.006199643955299343,0.0,nan
164,50,0.00149396764958932,0.0,nan
164,51,0.005116868096959512,0.0,nan
164,52,0.006603767258976058,0.0,nan
164,53,0.02492444578286438,0.3125,nan
164,54,0.0031880887397629483,0.0,nan
164,55,0.005201376766424357,0.0,nan
164,56,0.00975717958301111,0.0,nan
164,57,0.005986153771327984,0.0,nan
164,58,0.01321929896091896,0.0625,nan
164,59,0.00444495290840999,0.0,nan
164,60,0.0061036883308554,0.0625,nan
164,61,0.0035702924842536377,0.0,nan
164,62,0.005065828277047074,0.0,nan
164,63,0.0014268862685809147,0.0,nan
164,64,0.009532385905558483,0.0,nan
164,65,0.0051352370542300145,0.0,nan
164,66,0.0032368969427345722,0.0625,nan
164,67,0.008234080129760362,0.0,nan
164,68,0.01321680026207811,0.0,nan
164,69,0.009492995633140888,0.0,nan
164,70,0.00332137647733191,0.0,nan
164,71,0.004925911186561873,0.0625,nan
164,72,0.0057015673501236855,0.0625,nan
164,73,0.007124902534389235,0.0,nan
164,74,0.021883368899807135,0.0,nan
164,75,0.006083627136638535,0.0,nan
164,76,0.00691391072099499,0.0,nan
164,77,0.012823915752868075,0.0625,nan
164,78,0.1699344135305193,0.5,nan
164,79,0.008556001307275626,0.0,nan
164,80,0.007700745412431171,0.0,nan
164,81,0.008720532731008757,0.0,nan
164,82,0.008736540572383688,0.0,nan
164,83,0.0037986991400908755,0.0,nan
164,84,0.008734916991057842,0.0625,nan
164,85,0.7666191994513438,1.0,nan
164,86,0.12252598743255833,0.375,nan
164,87,0.002195008165932341,0.0,nan
164,88,0.026540844617459265,0.125,nan
164,89,0.011942665348510571,0.0625,nan
164,90,0.0030733124298364485,0.0,nan
164,91,2.8902157386151814,1.0,nan
164,92,0.008210320820661067,0.0,nan
164,93,0.008192071683768133,0.0,nan
164,94,11.387702604948181,1.0,nan
164,95,0.002681077257993442,0.0,nan
164,96,0.007161666360479058,0.0625,nan
164,97,0.00888853994877005,0.0,nan
164,98,0.005567117904878449,0.0,nan
164,99,0.013186588656764246,0.125,nan
165,0,0.005500051004272057,0.0,nan
165,1,0.015235308921931319,0.125,nan
165,2,0.00600087891540751,0.0,nan
165,3,1.5374078103047637,1.0,nan
165,4,0.009213777812587792,0.0,nan
165,5,0.005064961325955042,0.0,nan
165,6,0.008973963120227257,0.0,nan
165,7,0.02127145056480726,0.0625,nan
165,8,7.993987845146548,1.0,nan
165,9,0.0051174966680721835,0.0,nan
165,10,0.005420504955204488,0.0,nan
165,11,0.00681566644111585,0.0,nan
165,12,0.02938823349398851,0.25,nan
165,13,0.006235841038588759,0.0,nan
165,14,0.003986211929990158,0.0625,nan
165,15,0.0024700748633433318,0.0,nan
165,16,0.040017069397816754,0.125,nan
165,17,0.018167998899001586,0.0625,nan
165,18,0.005226200481629188,0.0,nan
165,19,0.01015765263029465,0.1875,nan
165,20,0.004261322296487552,0.0,nan
165,21,0.007360430392889361,0.0625,nan
165,22,0.00708924074580666,0.0625,nan
165,23,0.0061288666510130535,0.0625,nan
165,24,0.005854310222057768,0.0,nan
165,25,0.001779970897939647,0.0,nan
165,26,1.1830483951308501,1.0,nan
165,27,0.036770124089942874,0.1875,nan
165,28,0.010419622667137338,0.0,nan
165,29,0.004169464404285575,0.0,nan
165,30,0.006378345309759193,0.0625,nan
165,31,0.008810063051463741,0.0,nan
165,32,0.007714392397588662,0.0,nan
165,33,0.011927203218044483,0.0,nan
165,34,0.007840415966397556,0.0,nan
165,35,0.004412892656701945,0.0,nan
165,36,2.9322758139199445,1.0,nan
165,37,0.006836970694506049,0.0,nan
165,38,0.013740647220025083,0.125,nan
165,39,0.005269506711400824,0.0,nan
165,40,0.005144649220923711,0.0,nan
165,41,0.007815794799485742,0.0,nan
165,42,0.008483640786045785,0.0625,nan
165,43,0.011716696183594355,0.0625,nan
165,44,0.003579380932902057,0.0,nan
165,45,0.002995824563869672,0.0,nan
165,46,0.01348692371242033,0.0625,nan
165,47,0.005209944599694094,0.125,nan
165,48,0.013058103032051264,0.1875,nan
165,49,0.0019871727275540376,0.0,nan
165,50,0.003155643981117005,0.0,nan
165,51,0.00876020435646228,0.0,nan
165,52,0.01184592948632458,0.0,nan
165,53,0.013296627555681235,0.0625,nan
165,54,0.0033998835748010442,0.0,nan
165,55,0.004932929309689667,0.0,nan
165,56,0.007032898518221623,0.0,nan
165,57,0.007652008446429553,0.0625,nan
165,58,0.008904269903017334,0.0,nan
165,59,0.005881095288494936,0.0,nan
165,60,0.0033126796460978183,0.0,nan
165,61,0.009287916237166896,0.0,nan
165,62,0.011177070739602777,0.0,nan
165,63,0.007668267652178535,0.0,nan
165,64,0.004734304740837202,0.0,nan
165,65,0.00644587852613405,0.0,nan
165,66,0.0038102366602920648,0.0,nan
165,67,0.008545318964046318,0.0,nan
165,68,0.00991262716240127,0.0,nan
165,69,0.003961790409931169,0.0,nan
165,70,0.005873211199403549,0.0625,nan
165,71,0.004673296305807923,0.0,nan
165,72,0.005279601854370622,0.0625,nan
165,73,0.005203126663573882,0.0,nan
165,74,0.013154378018159524,0.125,nan
165,75,0.006957827612901252,0.0,nan
165,76,0.010268191255494974,0.0,nan
165,77,0.010301926387344756,0.0,nan
165,78,0.05837122718828157,0.3125,nan
165,79,0.004716885132158597,0.0,nan
165,80,0.0051663263982688855,0.0,nan
165,81,0.02162382030585612,0.125,nan
165,82,0.0038386541456367335,0.0,nan
165,83,0.0070282536460665075,0.0,nan
165,84,0.00787561848031618,0.0,nan
165,85,0.38905501395097164,0.875,nan
165,86,0.06190048232539043,0.25,nan
165,87,0.00391218944593511,0.0,nan
165,88,0.022802513048170624,0.1875,nan
165,89,0.007226858235513308,0.125,nan
165,90,0.007417842315079399,0.0,nan
165,91,4.814166450501169,1.0,nan
165,92,0.001880242285595495,0.0,nan
165,93,0.005283120318441225,0.0,nan
165,94,9.736626859489444,1.0,nan
165,95,0.004339418082101434,0.0,nan
165,96,0.009748010554821586,0.0,nan
165,97,0.01675338445843254,0.0,nan
165,98,0.004039522086654711,0.0625,nan
165,99,0.006953040819606594,0.0625,nan
166,0,0.002615039593327028,0.0,nan
166,1,0.012946638243329159,0.0625,nan
166,2,0.004135412704212687,0.0,nan
166,3,1.1510523102830663,1.0,nan
166,4,0.005107992668872214,0.0,nan
166,5,0.0024529989806202105,0.0625,nan
166,6,0.004161811572464426,0.0,nan
166,7,0.008856982534848384,0.0,nan
166,8,7.337628048021311,1.0,nan
166,9,0.005748042980580698,0.0,nan
166,10,0.0036469171433251455,0.0,nan
166,11,0.004456501773986507,0.0,nan
166,12,0.02330874602067188,0.1875,nan
166,13,0.004592423242506924,0.0,nan
166,14,0.003904762306135804,0.0,nan
166,15,0.0026232211549915233,0.0,nan
166,16,0.012414496921987206,0.0625,nan
166,17,0.004686329263796949,0.0625,nan
166,18,0.005055034332150684,0.0,nan
166,19,0.007965294078632291,0.0,nan
166,20,0.0020358606429658533,0.0,nan
166,21,0.006277640581567798,0.0,nan
166,22,0.0047450459328146205,0.0,nan
166,23,0.008070090327507228,0.0625,nan
166,24,0.003940283275367867,0.0,nan
166,25,0.0016578100365536703,0.0,nan
166,26,1.576387808540439,1.0,nan
166,27,0.026932887392911532,0.1875,nan
166,28,0.003447100535577033,0.0,nan
166,29,0.004157613641818899,0.0,nan
166,30,0.005782078430584972,0.0,nan
166,31,0.0014433183204534772,0.0,nan
166,32,0.0030176131205743705,0.0,nan
166,33,0.0032037132563832726,0.0,nan
166,34,0.007605075969648678,0.0625,nan
166,35,0.0017020568647259674,0.0,nan
166,36,1.9536507275999484,1.0,nan
166,37,0.0041389779344644705,0.0,nan
166,38,0.006780505543653252,0.0,nan
166,39,0.00454622833430731,0.0,nan
166,40,0.0036863068137754427,0.0625,nan
166,41,0.0035371029786194627,0.0,nan
166,42,0.006625651056899215,0.0,nan
166,43,0.005411824890612472,0.0,nan
166,44,0.005533602285726842,0.0,nan
166,45,0.002846329851952794,0.0,nan
166,46,0.005910839867919639,0.0,nan
166,47,0.004418612631758064,0.0,nan
166,48,0.12706895523870704,0.4375,nan
166,49,0.0026401386285303296,0.0625,nan
166,50,0.0037043344751774647,0.0,nan
166,51,0.00560677359614164,0.0,nan
166,52,0.0054417109323564965,0.0,nan
166,53,0.027034100052320702,0.0625,nan
166,54,0.001701101954938075,0.0,nan
166,55,0.0016155572822938538,0.0,nan
166,56,0.005576103809718062,0.0,nan
166,57,0.008898565431799255,0.0,nan
166,58,0.005913917491406128,0.0,nan
166,59,0.004772452231893633,0.0,nan
166,60,0.0022508243485895225,0.0,nan
166,61,0.003377043800957784,0.0625,nan
166,62,0.003767556829602565,0.0,nan
166,63,0.003602922184768284,0.0,nan
166,64,0.003648598191036059,0.0,nan
166,65,0.0034576398314532008,0.0625,nan
166,66,0.004738712689096986,0.0,nan
166,67,0.004883097578884976,0.0,nan
166,68,0.00254560452012263,0.0,nan
166,69,0.004772311063859999,0.0,nan
166,70,0.007519234907482702,0.0,nan
166,71,0.006020165668240721,0.0,nan
166,72,0.004878737225904085,0.0,nan
166,73,0.002345566906961363,0.0,nan
166,74,0.005778816763035904,0.0625,nan
166,75,0.006824864493230303,0.125,nan
166,76,0.004262552647111231,0.0,nan
166,77,0.008259793838869059,0.0,nan
166,78,0.06245233598407929,0.125,nan
166,79,0.0015273615993234744,0.0,nan
166,80,0.0036621487886887077,0.0,nan
166,81,0.014133722339782252,0.0625,nan
166,82,0.00299520240068431,0.0,nan
166,83,0.004227049939109513,0.0,nan
166,84,0.0038207928237142057,0.0,nan
166,85,0.2164622983181832,0.625,nan
166,86,0.05979206304828705,0.1875,nan
166,87,0.0019210013842056927,0.0,nan
166,88,0.029154483516863935,0.25,nan
166,89,0.00335511113802701,0.0,nan
166,90,0.002641839725987845,0.0,nan
166,91,2.32213204543726,1.0,nan
166,92,0.005405712979774338,0.0,nan
166,93,0.004152531864312824,0.0,nan
166,94,4.95801701587172,1.0,nan
166,95,0.004531229247342277,0.0,nan
166,96,0.00485353350592724,0.0,nan
166,97,0.003500698525970695,0.0,nan
166,98,0.004197463037353834,0.0,nan
166,99,0.004956135220917902,0.0625,nan
167,0,0.004438191143428178,0.0,nan
167,1,0.014278905494554973,0.0,nan
167,2,0.003662220948692478,0.0,nan
167,3,1.5423962342655053,1.0,nan
167,4,0.003649067189082967,0.0625,nan
167,5,0.00493405026987221,0.0,nan
167,6,0.005989474115268588,0.0,nan
167,7,0.008989164025159337,0.0,nan
167,8,6.934856532216523,1.0,nan
167,9,0.005012599026587595,0.0,nan
167,10,0.0032538037016902758,0.0,nan
167,11,0.006854686029949869,0.0,nan
167,12,0.04126345277405859,0.25,nan
167,13,0.006053927547426154,0.0,nan
167,14,0.0061427246965132225,0.0,nan
167,15,0.005568613541710697,0.0,nan
167,16,0.010353186886166906,0.0625,nan
167,17,0.015120782145369096,0.0,nan
167,18,0.009477848958958854,0.0625,nan
167,19,0.012795407008590788,0.0,nan
167,20,0.005994027323740729,0.0625,nan
167,21,0.015815748495969107,0.0,nan
167,22,0.0037084321305457927,0.0,nan
167,23,0.015794407236156837,0.0,nan
167,24,0.017111187496415693,0.0625,nan
167,25,0.0038194539885917297,0.0,nan
167,26,1.297205505012104,1.0,nan
167,27,0.02666143864414683,0.0,nan
167,28,0.007234629544275487,0.0,nan
167,29,0.007701656628149433,0.0,nan
167,30,0.006821256972252495,0.0625,nan
167,31,0.002525071171147119,0.0,nan
167,32,0.009425902924406718,0.0,nan
167,33,0.0024587232326946195,0.0,nan
167,34,0.008799118869927455,0.0,nan
167,35,0.0031021456666480533,0.0,nan
167,36,2.38665977568429,1.0,nan
167,37,0.002759565467615372,0.0,nan
167,38,0.00575651068064036,0.0,nan
167,39,0.00263060742096353,0.0,nan
167,40,0.0033015516006077135,0.0,nan
167,41,0.0047446611713895135,0.0,nan
167,42,0.010070472046820338,0.0,nan
167,43,0.006552256466288829,0.0,nan
167,44,0.012424251782158856,0.0,nan
167,45,0.005463824650955927,0.0,nan
167,46,0.006613314547073815,0.0,nan
167,47,0.007084424367396728,0.0625,nan
167,48,0.025196352077892704,0.0625,nan
167,49,0.004073193122771469,0.0,nan
167,50,0.0033710476283536133,0.0,nan
167,51,0.007092031429229222,0.0,nan
167,52,0.006863772465783615,0.0,nan
167,53,0.014203718996064601,0.1875,nan
167,54,0.0012137555097616226,0.0,nan
167,55,0.005627246861283227,0.0,nan
167,56,0.005231350882012475,0.0,nan
167,57,0.013512047483313385,0.0,nan
167,58,0.006521857605372881,0.0625,nan
167,59,0.01740877147461181,0.0,nan
167,60,0.004824243724965214,0.0,nan
167,61,0.011622833649294827,0.0625,nan
167,62,0.009239535402688919,0.0,nan
167,63,0.004558713197703686,0.0,nan
167,64,0.006129471900445563,0.0,nan
167,65,0.006207920194743227,0.0,nan
167,66,0.005219116753905078,0.0625,nan
167,67,0.009003446908258658,0.0625,nan
167,68,0.004334958911688718,0.0,nan
167,69,0.00566360379081296,0.0625,nan
167,70,0.012632968066304436,0.0,nan
167,71,0.014292925368573848,0.125,nan
167,72,0.011476095939509386,0.0,nan
167,73,0.004545334656470402,0.0,nan
167,74,0.009542477087598276,0.0625,nan
167,75,0.007226434164492352,0.0,nan
167,76,0.0057201096262536385,0.0,nan
167,77,0.007283692737205761,0.0,nan
167,78,0.07328089056441282,0.3125,nan
167,79,0.006328377306423526,0.0,nan
167,80,0.0027290293811055924,0.0,nan
167,81,0.006077826127895104,0.0,nan
167,82,0.0030814143195049457,0.0625,nan
167,83,0.007233558656487455,0.0,nan
167,84,0.0031256995330007724,0.0,nan
167,85,0.11570517157064483,0.375,nan
167,86,0.07607456477150457,0.375,nan
167,87,0.011940323601016885,0.125,nan
167,88,0.012701664268577193,0.125,nan
167,89,0.009629832452165053,0.0,nan
167,90,0.002511564949032754,0.0,nan
167,91,3.2445025372898586,1.0,nan
167,92,0.0051474853065096296,0.0,nan
167,93,0.007806007369464191,0.0,nan
167,94,10.286383293538835,1.0,nan
167,95,0.0043983473300061564,0.0,nan
167,96,0.0075618987953652425,0.0,nan
167,97,0.014584049860583254,0.0,nan
167,98,0.0033237003534589537,0.0,nan
167,99,0.02119806864587804,0.0,nan
168,0,0.008498914670127027,0.0,nan
168,1,0.019980738542212776,0.0625,nan
168,2,0.008104025482542661,0.0,nan
168,3,1.8266472176008695,1.0,nan
168,4,0.006983199955324967,0.0625,nan
168,5,0.00399480800656899,0.0,nan
168,6,0.007693178330073287,0.0,nan
168,7,0.01809628201301011,0.0625,nan
168,8,8.28328137639634,1.0,nan
168,9,0.007942103875050038,0.0,nan
168,10,0.004707414308220291,0.0,nan
168,11,0.008930506967357253,0.0,nan
168,12,0.05231083204785622,0.125,nan
168,13,0.0036778712535585458,0.0,nan
168,14,0.007212786827304158,0.0,nan
168,15,0.0038217563633578407,0.0,nan
168,16,0.029334050711453945,0.0625,nan
168,17,0.014116235202287412,0.0,nan
168,18,0.007714541933422412,0.0,nan
168,19,0.008507760207709648,0.0625,nan
168,20,0.004717264930178133,0.0,nan
168,21,0.008254648026231668,0.0,nan
168,22,0.010059901416992253,0.0,nan
168,23,0.009970950389617043,0.0,nan
168,24,0.013310588197155027,0.0,nan
168,25,0.0051738509842677635,0.0,nan
168,26,1.1349652281503957,1.0,nan
168,27,0.039874362428602914,0.1875,nan
168,28,0.0059380503070111,0.0,nan
168,29,0.0182426950045989,0.0,nan
168,30,0.012094274095037407,0.0,nan
168,31,0.005640257910734652,0.0,nan
168,32,0.00566092412764123,0.0,nan
168,33,0.013214197659760538,0.0,nan
168,34,0.00878943003366377,0.0,nan
168,35,0.005256788935511847,0.0,nan
168,36,3.0800637423785773,1.0,nan
168,37,0.006979889785767229,0.0,nan
168,38,0.010851694373206046,0.0625,nan
168,39,0.0013418072347201832,0.0,nan
168,40,0.004784183152580228,0.0,nan
168,41,0.004985869679968885,0.0,nan
168,42,0.0038454269588053206,0.0625,nan
168,43,0.00973294819994825,0.0625,nan
168,44,0.005431327680808403,0.0625,nan
168,45,0.004265272053242066,0.0,nan
168,46,0.007596407930128456,0.0625,nan
168,47,0.004751184612298011,0.0,nan
168,48,0.0624176783266681,0.3125,nan
168,49,0.006561877704252251,0.0,nan
168,50,0.005014686367650793,0.0,nan
168,51,0.017188367797563414,0.0,nan
168,52,0.008165507409811108,0.0,nan
168,53,0.1579265176750007,0.5,nan
168,54,0.0020392638099823407,0.0,nan
168,55,0.0065940801994708274,0.0,nan
168,56,0.015136961466790489,0.0625,nan
168,57,0.014328472020911424,0.0,nan
168,58,0.01135374721886872,0.0625,nan
168,59,0.010915414602152954,0.0,nan
168,60,0.004394814255088199,0.0,nan
168,61,0.011139503211063835,0.0625,nan
168,62,0.004945741936172231,0.0,nan
168,63,0.00970426823421383,0.0,nan
168,64,0.0078048799829354715,0.0,nan
168,65,0.009939644008159556,0.0625,nan
168,66,0.012344748289334257,0.0,nan
168,67,0.004458693494472499,0.0,nan
168,68,0.014159527537447425,0.0,nan
168,69,0.007862733334351779,0.125,nan
168,70,0.0069521305193565785,0.0,nan
168,71,0.004368319583364038,0.0625,nan
168,72,0.014606071731230387,0.0625,nan
168,73,0.006947477790119436,0.0625,nan
168,74,0.011094931094468843,0.1875,nan
168,75,0.012884448177546404,0.0,nan
168,76,0.005848098114150442,0.125,nan
168,77,0.010008975947292702,0.0625,nan
168,78,0.033549094144160255,0.25,nan
168,79,0.002717737060660203,0.0,nan
168,80,0.012964547796003627,0.0625,nan
168,81,0.0106656036355496,0.125,nan
168,82,0.0067815445130326325,0.0,nan
168,83,0.0026671174654958867,0.0,nan
168,84,0.013317831271642273,0.0,nan
168,85,0.1042914109715648,0.4375,nan
168,86,0.07314415424381454,0.375,nan
168,87,0.003749415184592259,0.0,nan
168,88,0.009194942316221227,0.0,nan
168,89,0.01304506584915066,0.0625,nan
168,90,0.004207125372828912,0.0,nan
168,91,3.0837742367410277,1.0,nan
168,92,0.005330350405925388,0.0,nan
168,93,0.0035697598942727882,0.0,nan
168,94,10.1757939212293,1.0,nan
168,95,0.011407329319780047,0.0,nan
168,96,0.009097862681045094,0.125,nan
168,97,0.009079062715651412,0.0,nan
168,98,0.006468129493058285,0.0,nan
168,99,0.01612940510479961,0.0,nan
169,0,0.0061525299826752896,0.0625,nan
169,1,0.007176419069114375,0.125,nan
169,2,0.0026055498021039505,0.0,nan
169,3,1.4931018460577428,1.0,nan
169,4,0.0039786318199693214,0.0,nan
169,5,0.010181623983092827,0.0625,nan
169,6,0.007049478895699476,0.0625,nan
169,7,0.011433194530290918,0.0625,nan
169,8,9.82842883842438,1.0,nan
169,9,0.008598709070770608,0.125,nan
169,10,0.0033934645028037124,0.0,nan
169,11,0.003786441916564726,0.0625,nan
169,12,0.047304629222566015,0.1875,nan
169,13,0.0059459705016981276,0.0,nan
169,14,0.010120920329908328,0.0,nan
169,15,0.005263682020125596,0.0,nan
169,16,0.026168869043959226,0.125,nan
169,17,0.016317046998044656,0.125,nan
169,18,0.0060930021461713495,0.0,nan
169,19,0.012527265559807465,0.0,nan
169,20,0.002695400014537012,0.0,nan
169,21,0.008014447788390146,0.0625,nan
169,22,0.005370474602482727,0.0,nan
169,23,0.008545814814697714,0.0625,nan
169,24,0.012763076326113787,0.125,nan
169,25,0.0032715293770507175,0.0,nan
169,26,1.3953956709222424,1.0,nan
169,27,0.02049908158281366,0.1875,nan
169,28,0.007533079147447597,0.0,nan
169,29,0.0031955661265516103,0.0,nan
169,30,0.0066878934152157276,0.0,nan
169,31,0.003977940504919552,0.0625,nan
169,32,0.003942876900551261,0.0,nan
169,33,0.002545977395406229,0.0,nan
169,34,0.007278559922576934,0.0,nan
169,35,0.0022430764458353436,0.0,nan
169,36,2.256701697881494,1.0,nan
169,37,0.007027618783815051,0.0,nan
169,38,0.006517758827979022,0.0,nan
169,39,0.0029709711350186137,0.0,nan
169,40,0.006968578779475891,0.0,nan
169,41,0.006225960226294988,0.0,nan
169,42,0.007978799120918265,0.0,nan
169,43,0.01637468724099092,0.125,nan
169,44,0.005873015287661482,0.0,nan
169,45,0.008130519722061778,0.0625,nan
169,46,0.003566516420684925,0.0,nan
169,47,0.012218616605959126,0.125,nan
169,48,0.028515905543734416,0.25,nan
169,49,0.006867635507683432,0.0,nan
169,50,0.006975952183092302,0.0,nan
169,51,0.004304061605471286,0.0,nan
169,52,0.008049290832543828,0.0,nan
169,53,0.04316583331414672,0.25,nan
169,54,0.005254774695294487,0.0,nan
169,55,0.008437902264543624,0.0,nan
169,56,0.003867882362773631,0.0,nan
169,57,0.008453408591710624,0.0625,nan
169,58,0.0074398278307920805,0.0,nan
169,59,0.006553965772556736,0.0,nan
169,60,0.007756523048151769,0.0,nan
169,61,0.005819800249740208,0.0,nan
169,62,0.0022661166756458902,0.0,nan
169,63,0.0024321353644856975,0.0,nan
169,64,0.005099579948158364,0.0,nan
169,65,0.00842556011547133,0.0,nan
169,66,0.0026992888630239043,0.0,nan
169,67,0.0035572940870706544,0.0,nan
169,68,0.008622938017960982,0.0,nan
169,69,0.005935854887183179,0.0,nan
169,70,0.00425793660310355,0.0,nan
169,71,0.007793614974810365,0.0625,nan
169,72,0.015774573741382254,0.0,nan
169,73,0.004427614329909304,0.0,nan
169,74,0.0187986694489086,0.0625,nan
169,75,0.006007074871059734,0.0,nan
169,76,0.005084162010283949,0.0,nan
169,77,0.0029067029238268073,0.0,nan
169,78,0.03847203393401244,0.1875,nan
169,79,0.0023172550754688988,0.0,nan
169,80,0.001177763012209557,0.0,nan
169,81,0.018751663554416296,0.0,nan
169,82,0.004840440490194057,0.0,nan
169,83,0.0027198959038996764,0.0,nan
169,84,0.005568283462021716,0.0,nan
169,85,0.30678867756768946,0.6875,nan
169,86,0.21811735354875783,0.5625,nan
169,87,0.004126640458413714,0.0,nan
169,88,0.019968290718072552,0.3125,nan
169,89,0.01066033647130385,0.0,nan
169,90,0.004707092057174518,0.0,nan
169,91,2.000724997752599,1.0,nan
169,92,0.005508042786242543,0.0,nan
169,93,0.0075540991249002385,0.0,nan
169,94,7.867886141064391,1.0,nan
169,95,0.00446720932033287,0.0,nan
169,96,0.005056335704528939,0.0625,nan
169,97,0.008150196994167934,0.125,nan
169,98,0.0019112092815876994,0.0,nan
169,99,0.020467286561666583,0.0625,nan
170,0,0.004060201217662805,0.0,nan
170,1,0.005419661571283662,0.0,nan
170,2,0.004430494334435875,0.0,nan
170,3,1.5238382416598224,1.0,nan
170,4,0.007508585520426052,0.0,nan
170,5,0.003438348820230593,0.0,nan
170,6,0.008462719470383014,0.0625,nan
170,7,0.005752281091764072,0.0,nan
170,8,8.020592689626357,1.0,nan
170,9,0.006303389543227529,0.0,nan
170,10,0.003135150360375212,0.0,nan
170,11,0.003403882503615758,0.0,nan
170,12,0.019274878488004275,0.0625,nan
170,13,0.003024319223337924,0.0,nan
170,14,0.011181359156628282,0.0,nan
170,15,0.0036429423422724002,0.0,nan
170,16,0.016827349640575036,0.0,nan
170,17,0.005719222772714907,0.0625,nan
170,18,0.004667368395422283,0.0,nan
170,19,0.00993818372790253,0.0,nan
170,20,0.004367714247542633,0.0,nan
170,21,0.00865374592853544,0.0,nan
170,22,0.004875264719250587,0.0,nan
170,23,0.0038694484781243857,0.0,nan
170,24,0.0048411049957703765,0.0,nan
170,25,0.0061350888385391066,0.0625,nan
170,26,1.3912953664095449,1.0,nan
170,27,0.007821095885602413,0.0,nan
170,28,0.005728872742856727,0.0,nan
170,29,0.004172077195339767,0.0,nan
170,30,0.006518298733021218,0.0,nan
170,31,0.0014416365839505301,0.0,nan
170,32,0.004267096236266348,0.0,nan
170,33,0.005216289869035173,0.0,nan
170,34,0.009439036283171888,0.0625,nan
170,35,0.0024152089438346353,0.0,nan
170,36,2.797084380316638,1.0,nan
170,37,0.00416420858170112,0.0,nan
170,38,0.006562934745890673,0.0,nan
170,39,0.0035130606292350544,0.0,nan
170,40,0.005162389467591046,0.0,nan
170,41,0.010094249248593791,0.0,nan
170,42,0.005501947546726345,0.0,nan
170,43,0.008885359145866373,0.0,nan
170,44,0.0032984908829671727,0.0,nan
170,45,0.005136025072601199,0.0,nan
170,46,0.0027480902986215766,0.0625,nan
170,47,0.00593011805450778,0.0625,nan
170,48,0.043098690230055435,0.1875,nan
170,49,0.003883302855311633,0.0,nan
170,50,0.0033366465710728856,0.0,nan
170,51,0.006365765951363615,0.0625,nan
170,52,0.0056611041906629595,0.0,nan
170,53,0.011821201136794305,0.25,nan
170,54,0.005277417652848728,0.0,nan
170,55,0.008116247212204483,0.0,nan
170,56,0.010674844825627004,0.0,nan
170,57,0.006625612020942186,0.0625,nan
170,58,0.004336540692668898,0.0,nan
170,59,0.00706183142099185,0.0,nan
170,60,0.00553005693250865,0.0,nan
170,61,0.003020400525443472,0.0,nan
170,62,0.002376074935803011,0.0,nan
170,63,0.0023224411065911423,0.0,nan
170,64,0.0034513228948009735,0.0,nan
170,65,0.00582334779734116,0.0,nan
170,66,0.0041474451602624305,0.0625,nan
170,67,0.006406555092105708,0.0,nan
170,68,0.006034559022089547,0.0,nan
170,69,0.00456351960599646,0.0625,nan
170,70,0.006442284276941596,0.0,nan
170,71,0.0034127448245153047,0.0,nan
170,72,0.003987861444593437,0.0625,nan
170,73,0.002794103263129153,0.0,nan
170,74,0.010382847850163301,0.0,nan
170,75,0.011184712319066207,0.0,nan
170,76,0.006289497793186291,0.0625,nan
170,77,0.007890861309016894,0.0625,nan
170,78,0.049668346122419986,0.1875,nan
170,79,0.007530193417103407,0.0,nan
170,80,0.003718702964565212,0.0,nan
170,81,0.00590856551009134,0.0,nan
170,82,0.006928821212296522,0.0,nan
170,83,0.002231877887060023,0.0,nan
170,84,0.008118104940718136,0.0625,nan
170,85,0.4843848415615918,0.6875,nan
170,86,0.19036682349216744,0.5625,nan
170,87,0.00593455251502949,0.0,nan
170,88,0.007537218679709412,0.125,nan
170,89,0.010675525220664898,0.125,nan
170,90,0.0029615884031837848,0.0625,nan
170,91,2.0329156039655882,1.0,nan
170,92,0.003708469094417209,0.0,nan
170,93,0.0063638989510454835,0.0,nan
170,94,7.926680360205876,1.0,nan
170,95,0.003678462403255566,0.0,nan
170,96,0.008768866851619709,0.0,nan
170,97,0.006568748009099502,0.0,nan
170,98,0.007180833899330672,0.0625,nan
170,99,0.007780766873480942,0.0625,nan
171,0,0.005903285821098517,0.0,nan
171,1,0.009180390791230448,0.125,nan
171,2,0.006868926219933412,0.0,nan
171,3,2.1511388209020277,1.0,nan
171,4,0.006653229699978853,0.0,nan
171,5,0.0017738931235880355,0.0,nan
171,6,0.008682384966066315,0.0625,nan
171,7,0.008697288074708265,0.0,nan
171,8,8.977735746498166,1.0,nan
171,9,0.010256273419821334,0.0,nan
171,10,0.00884381459976204,0.0,nan
171,11,0.0071156100858369865,0.0,nan
171,12,0.027019736462897695,0.1875,nan
171,13,0.010157833849900627,0.0,nan
171,14,0.009076219523852739,0.0,nan
171,15,0.004251583845223985,0.0,nan
171,16,0.032666012888642064,0.375,nan
171,17,0.012461077943156172,0.0625,nan
171,18,0.012110130148037272,0.0,nan
171,19,0.012195207947816226,0.0625,nan
171,20,0.006585161144865963,0.0,nan
171,21,0.006584524874580186,0.0,nan
171,22,0.010444585742899689,0.0,nan
171,23,0.009979911998617495,0.0,nan
171,24,0.0057336936140468895,0.0625,nan
171,25,0.007116637368319156,0.0,nan
171,26,1.6972312910815548,1.0,nan
171,27,0.008553556723619973,0.1875,nan
171,28,0.005834052193845946,0.0,nan
171,29,0.01076130984058202,0.0,nan
171,30,0.007883510457095549,0.0,nan
171,31,0.0040072923892423605,0.0,nan
171,32,0.007055691210402722,0.0625,nan
171,33,0.006011747127109994,0.0625,nan
171,34,0.004638395625587608,0.0625,nan
171,35,0.0025362239095574864,0.0,nan
171,36,3.319626377848756,1.0,nan
171,37,0.004695677452137122,0.0,nan
171,38,0.005716344360952399,0.0,nan
171,39,0.0017941029237474695,0.0,nan
171,40,0.004280260917895079,0.0,nan
171,41,0.006773165329066586,0.0,nan
171,42,0.010506161059359406,0.0,nan
171,43,0.006987386569658418,0.0625,nan
171,44,0.010126062665827015,0.0625,nan
171,45,0.007727021768776043,0.0625,nan
171,46,0.006053092799296542,0.0,nan
171,47,0.006442368964246248,0.0625,nan
171,48,0.0386856170643742,0.25,nan
171,49,0.0036661999361788907,0.0,nan
171,50,0.010044995195603472,0.0,nan
171,51,0.007730968205605273,0.0,nan
171,52,0.007304851666421558,0.0625,nan
171,53,0.019897929331887335,0.1875,nan
171,54,0.0024351768049017193,0.0,nan
171,55,0.009145195093994269,0.0,nan
171,56,0.008905288590633116,0.0,nan
171,57,0.005311457417009356,0.0,nan
171,58,0.013179062517887113,0.0625,nan
171,59,0.006306417986241584,0.0625,nan
171,60,0.0067477051153972435,0.0,nan
171,61,0.005523005621226377,0.0625,nan
171,62,0.004601859605950182,0.0,nan
171,63,0.006088174827769291,0.125,nan
171,64,0.0027911973195931935,0.0,nan
171,65,0.004571637577042284,0.0,nan
171,66,0.009694387710650166,0.0,nan
171,67,0.0067909495740480505,0.0,nan
171,68,0.008211398711439504,0.0,nan
171,69,0.009944041652853829,0.0,nan
171,70,0.008622133034168233,0.0,nan
171,71,0.005322376442970182,0.0,nan
171,72,0.011425467177638772,0.0,nan
171,73,0.004036154810352478,0.0,nan
171,74,0.009100112150324864,0.0625,nan
171,75,0.0049745192521384995,0.0,nan
171,76,0.007728867344464579,0.0625,nan
171,77,0.007698529346901502,0.0625,nan
171,78,0.04075823329335447,0.1875,nan
171,79,0.00647557915646093,0.0,nan
171,80,0.005298248439079967,0.0,nan
171,81,0.010845559533215145,0.0625,nan
171,82,0.007766102944274003,0.0,nan
171,83,0.0037025053268524887,0.0,nan
171,84,0.007181788970579753,0.0,nan
171,85,0.3814351783156022,0.75,nan
171,86,0.0887851037732328,0.3125,nan
171,87,0.0052067857769870825,0.0,nan
171,88,0.02000969595236712,0.0,nan
171,89,0.005978853462597423,0.0,nan
171,90,0.003449167069260137,0.0,nan
171,91,2.7167644329322753,1.0,nan
171,92,0.003190777467472686,0.0,nan
171,93,0.0068614350791233,0.0,nan
171,94,9.960775632042598,1.0,nan
171,95,0.00475435481983188,0.0625,nan
171,96,0.006466641742746386,0.125,nan
171,97,0.007131660153795039,0.0,nan
171,98,0.004750427755324245,0.0,nan
171,99,0.009416607711148014,0.125,nan
172,0,0.004160265175236421,0.0625,nan
172,1,0.01214180955678601,0.1875,nan
172,2,0.0046238862852415056,0.0,nan
172,3,1.6933208996146267,1.0,nan
172,4,0.009071876969186843,0.0,nan
172,5,0.003293508907167503,0.0,nan
172,6,0.006149608933003602,0.0,nan
172,7,0.005200433034831687,0.0,nan
172,8,6.72550435030158,1.0,nan
172,9,0.005128691274591153,0.0,nan
172,10,0.003118697713551846,0.0,nan
172,11,0.006331367128083342,0.0,nan
172,12,0.0506901213485946,0.1875,nan
172,13,0.0031863609070212702,0.0,nan
172,14,0.0072680728602938,0.0,nan
172,15,0.005819814116358914,0.0,nan
172,16,0.024898844722873802,0.1875,nan
172,17,0.007494789712426442,0.0625,nan
172,18,0.008562972529133465,0.0,nan
172,19,0.010747743165313513,0.0,nan
172,20,0.003788102452660001,0.0625,nan
172,21,0.011361199179625282,0.0,nan
172,22,0.0020472292342639175,0.0,nan
172,23,0.0119233599641951,0.0,nan
172,24,0.005189325729947472,0.0,nan
172,25,0.005571717733844323,0.0,nan
172,26,2.521500806087472,1.0,nan
172,27,0.009273099813584875,0.0,nan
172,28,0.00849605277936873,0.0,nan
172,29,0.005707899107958231,0.0,nan
172,30,0.0036283259617646163,0.0,nan
172,31,0.002907492751398029,0.0,nan
172,32,0.008807880855232708,0.0,nan
172,33,0.0030179111426995925,0.0,nan
172,34,0.0049315112184440246,0.0,nan
172,35,0.007284305330589026,0.0,nan
172,36,2.9936210638401293,1.0,nan
172,37,0.005104584881801514,0.0,nan
172,38,0.008747866256715933,0.0,nan
172,39,0.00441748958724387,0.0,nan
172,40,0.004922118558674851,0.0,nan
172,41,0.006044174741439253,0.0,nan
172,42,0.005022073298464638,0.0625,nan
172,43,0.007543557064029278,0.125,nan
172,44,0.0074137330156942936,0.0,nan
172,45,0.0024848579364323566,0.125,nan
172,46,0.003108779553232432,0.0,nan
172,47,0.004804005637552577,0.0,nan
172,48,0.03443836611997182,0.25,nan
172,49,0.002091178674130831,0.0,nan
172,50,0.004826382018505989,0.0,nan
172,51,0.005637258182440203,0.0,nan
172,52,0.006260475997173795,0.0,nan
172,53,0.05002203457462017,0.25,nan
172,54,0.0044422657440671975,0.0,nan
172,55,0.005559800244630287,0.0,nan
172,56,0.00636391142229388,0.0,nan
172,57,0.005642453086817854,0.0,nan
172,58,0.010354423410990292,0.0,nan
172,59,0.005997210424516217,0.0,nan
172,60,0.004302060070139939,0.0,nan
172,61,0.005705586621248177,0.0,nan
172,62,0.002187590454960494,0.0,nan
172,63,0.0035936537738211287,0.0,nan
172,64,0.005936806486531604,0.0,nan
172,65,0.004063641205772298,0.0,nan
172,66,0.0023451156955285987,0.0,nan
172,67,0.004527890410715871,0.0,nan
172,68,0.006091164172851708,0.0,nan
172,69,0.010281928965793628,0.0625,nan
172,70,0.012488392654244257,0.0,nan
172,71,0.0035950498465006373,0.0625,nan
172,72,0.005959060700240809,0.0,nan
172,73,0.003115843425606613,0.0,nan
172,74,0.008561655515667708,0.0,nan
172,75,0.007313322452847878,0.0625,nan
172,76,0.007779664147919067,0.0625,nan
172,77,0.002467080443500632,0.0,nan
172,78,0.03842187878133152,0.0625,nan
172,79,0.0046360101658849025,0.0,nan
172,80,0.007533874681942766,0.0,nan
172,81,0.013778645191591634,0.0,nan
172,82,0.005723998685708686,0.0,nan
172,83,0.0011786087480184873,0.0,nan
172,84,0.0028732267770080516,0.0,nan
172,85,0.28285929720455877,0.75,nan
172,86,0.0946287814198913,0.4375,nan
172,87,0.006485903936559935,0.0,nan
172,88,0.0076392723332459255,0.0625,nan
172,89,0.010678651192448142,0.0,nan
172,90,0.004797321044624129,0.0625,nan
172,91,2.7937315833823693,1.0,nan
172,92,0.0018783886836095524,0.0,nan
172,93,0.0070945183051378665,0.0,nan
172,94,10.031645472155489,1.0,nan
172,95,0.0038487179548294726,0.0,nan
172,96,0.00851171342266062,0.0,nan
172,97,0.005782624480557609,0.0,nan
172,98,0.010492700117819456,0.0,nan
172,99,0.00968180991326437,0.0,nan
173,0,0.003630664377922848,0.0,nan
173,1,0.011323681713335271,0.0625,nan
173,2,0.004105428679432284,0.0,nan
173,3,1.8793452692780788,1.0,nan
173,4,0.007065716007383579,0.0,nan
173,5,0.002445566817713798,0.0,nan
173,6,0.015275360097234049,0.0,nan
173,7,0.008864807054598429,0.0625,nan
173,8,9.238240960321969,1.0,nan
173,9,0.009403957106276782,0.0,nan
173,10,0.007456285862130038,0.125,nan
173,11,0.0037163204334488805,0.0,nan
173,12,0.046811383407972834,0.1875,nan
173,13,0.003216284146278099,0.0,nan
173,14,0.0059560824728283265,0.0625,nan
173,15,0.003846608348979227,0.0,nan
173,16,0.02383848053988421,0.0625,nan
173,17,0.014922013631259258,0.0625,nan
173,18,0.0069901855446326405,0.0,nan
173,19,0.013097776934659706,0.0,nan
173,20,0.0027593697114059613,0.0,nan
173,21,0.0065092601962762585,0.0,nan
173,22,0.0039384801844282785,0.0,nan
173,23,0.011832234261575437,0.0625,nan
173,24,0.007280092406645439,0.0,nan
173,25,0.0030829210745574424,0.0,nan
173,26,2.3179408671754826,1.0,nan
173,27,0.021170227948691202,0.0625,nan
173,28,0.007055265526227276,0.0,nan
173,29,0.006968731673354749,0.0,nan
173,30,0.004675951823919439,0.0,nan
173,31,0.002371324994030473,0.0625,nan
173,32,0.007909752833717783,0.0,nan
173,33,0.004903355432398293,0.1875,nan
173,34,0.0060008195349311125,0.0625,nan
173,35,0.004416512519389797,0.0,nan
173,36,2.931318358061137,1.0,nan
173,37,0.007828579902304924,0.0,nan
173,38,0.007360969955530435,0.0,nan
173,39,0.007253922037524188,0.0,nan
173,40,0.0036591042920767047,0.0,nan
173,41,0.0028903751007974283,0.0,nan
173,42,0.011997796480342065,0.0625,nan
173,43,0.013152979292937628,0.125,nan
173,44,0.0062887197654564325,0.0,nan
173,45,0.005670690380359656,0.0,nan
173,46,0.003953719552176563,0.0625,nan
173,47,0.00489441975048086,0.0,nan
173,48,0.031023082229516632,0.25,nan
173,49,0.011908866354773841,0.0625,nan
173,50,0.003670273139120124,0.0,nan
173,51,0.009650649679083897,0.0625,nan
173,52,0.006068675163497683,0.0,nan
173,53,0.0916754115469406,0.4375,nan
173,54,0.005783919989389675,0.0,nan
173,55,0.003985280378486846,0.0,nan
173,56,0.006732080512626826,0.0,nan
173,57,0.004764493498003749,0.0,nan
173,58,0.006373288595203362,0.0,nan
173,59,0.006237149759646284,0.0625,nan
173,60,0.0052810087718691105,0.0,nan
173,61,0.010624411487774306,0.0,nan
173,62,0.002849452583197456,0.0,nan
173,63,0.005627359116020264,0.0,nan
173,64,0.004088997940557506,0.0,nan
173,65,0.0026021836241608563,0.0,nan
173,66,0.004866261799995934,0.0,nan
173,67,0.008542219479309695,0.125,nan
173,68,0.010465192605961099,0.0625,nan
173,69,0.008640370789219594,0.0,nan
173,70,0.003913917351075825,0.0,nan
173,71,0.006753299674962909,0.0625,nan
173,72,0.0043571716544409675,0.0,nan
173,73,0.005151950721693516,0.0,nan
173,74,0.0284060357935656,0.125,nan
173,75,0.0021538896945823612,0.0,nan
173,76,0.006521632477859571,0.0,nan
173,77,0.007388345090316835,0.0,nan
173,78,0.027024450175846728,0.1875,nan
173,79,0.003149585280273646,0.0,nan
173,80,0.006182114556196318,0.0,nan
173,81,0.011104844956178705,0.0,nan
173,82,0.00504822038363761,0.0,nan
173,83,0.0041915579418771425,0.0,nan
173,84,0.007232203389939856,0.0625,nan
173,85,0.156376941687264,0.5,nan
173,86,0.09118623165788867,0.375,nan
173,87,0.00420729434086868,0.0,nan
173,88,0.0052714701107882,0.125,nan
173,89,0.018146317102663245,0.0,nan
173,90,0.009222950530341618,0.0625,nan
173,91,3.31230242619839,1.0,nan
173,92,0.005745690738070245,0.0,nan
173,93,0.004263423485500337,0.0,nan
173,94,9.496894079904045,1.0,nan
173,95,0.0032386138387451163,0.0,nan
173,96,0.007451109000698083,0.0,nan
173,97,0.004684753679730857,0.0,nan
173,98,0.0070916923942885915,0.0,nan
173,99,0.006325059923892902,0.125,nan
174,0,0.002905060818013357,0.0,nan
174,1,0.013362049808196786,0.0,nan
174,2,0.0030444548052914132,0.0,nan
174,3,1.740551321309303,1.0,nan
174,4,0.007062837408964509,0.0,nan
174,5,0.005082455375153576,0.0,nan
174,6,0.013426496330221492,0.0625,nan
174,7,0.012837893851500554,0.0,nan
174,8,8.869466107284701,1.0,nan
174,9,0.005569775452167847,0.0,nan
174,10,0.0021776222696053837,0.0,nan
174,11,0.0034116489840115755,0.0,nan
174,12,0.03462661686981963,0.1875,nan
174,13,0.01004745467629815,0.0,nan
174,14,0.004533350387262368,0.0,nan
174,15,0.0046240062146175685,0.0,nan
174,16,0.015360306934710006,0.1875,nan
174,17,0.01494518447790582,0.0625,nan
174,18,0.009503655802076735,0.0,nan
174,19,0.010936179722416856,0.0625,nan
174,20,0.004533215229046362,0.0,nan
174,21,0.006974251278589593,0.0,nan
174,22,0.009692079367778812,0.0,nan
174,23,0.004809166890327862,0.0,nan
174,24,0.004986473682659089,0.0,nan
174,25,0.007988055903192213,0.0625,nan
174,26,2.1510616955334694,1.0,nan
174,27,0.010012212777388688,0.125,nan
174,28,0.007036497711715739,0.0625,nan
174,29,0.0037587351465969204,0.0,nan
174,30,0.00800072483858504,0.0,nan
174,31,0.005991826128310054,0.125,nan
174,32,0.003978995951291106,0.0,nan
174,33,0.001910884138448038,0.0,nan
174,34,0.009498632825415458,0.0625,nan
174,35,0.002010580196870457,0.0,nan
174,36,2.643036475296642,1.0,nan
174,37,0.0034364970497426706,0.0,nan
174,38,0.006820306685993945,0.0,nan
174,39,0.004164375862536945,0.0,nan
174,40,0.008230173967708164,0.0,nan
174,41,0.0019052985108053162,0.0,nan
174,42,0.005502711246256477,0.0625,nan
174,43,0.024367095558135973,0.0625,nan
174,44,0.00926590357343893,0.0,nan
174,45,0.004755570467313999,0.0625,nan
174,46,0.009605655686573648,0.0625,nan
174,47,0.011461472899626802,0.0,nan
174,48,0.014682649099812093,0.25,nan
174,49,0.004952364067900592,0.0,nan
174,50,0.00448424332202999,0.0,nan
174,51,0.0079041852466058,0.0,nan
174,52,0.003018086203874959,0.0,nan
174,53,0.028603534399178766,0.125,nan
174,54,0.003556482487427857,0.0,nan
174,55,0.004517400971951897,0.0,nan
174,56,0.0048860715778369455,0.0,nan
174,57,0.00448455995056049,0.0,nan
174,58,0.00732074417695604,0.125,nan
174,59,0.003344829952772639,0.0,nan
174,60,0.0013555150857585225,0.0625,nan
174,61,0.008162756453374363,0.0,nan
174,62,0.004137326181925315,0.0,nan
174,63,0.004385695632272862,0.0,nan
174,64,0.006367764456680655,0.0,nan
174,65,0.0027184279395616206,0.0,nan
174,66,0.004583810617593205,0.0625,nan
174,67,0.007577806936813398,0.0625,nan
174,68,0.0034540068397021424,0.0,nan
174,69,0.014213503753040632,0.0625,nan
174,70,0.0037611639818368138,0.0,nan
174,71,0.002782309650339489,0.0,nan
174,72,0.00635294841767944,0.0,nan
174,73,0.004021977854750353,0.0,nan
174,74,0.0269989789091815,0.1875,nan
174,75,0.004870801429137215,0.0,nan
174,76,0.010464735384181283,0.0,nan
174,77,0.00949072072660528,0.0,nan
174,78,0.03781076730924698,0.1875,nan
174,79,0.004831019356909712,0.0,nan
174,80,0.0035006386570890957,0.0625,nan
174,81,0.009918276902371936,0.0625,nan
174,82,0.005027122315661421,0.0,nan
174,83,0.0065716348178475065,0.0,nan
174,84,0.005080708139019284,0.0,nan
174,85,0.12753764456231004,0.375,nan
174,86,0.11833909650997095,0.4375,nan
174,87,0.0025382005584327237,0.0,nan
174,88,0.013827413262795725,0.0625,nan
174,89,0.00510998991092206,0.0,nan
174,90,0.004455977162633949,0.0,nan
174,91,2.4389069062472366,1.0,nan
174,92,0.00636745037986861,0.0,nan
174,93,0.005202768240603092,0.0,nan
174,94,10.20357479260321,1.0,nan
174,95,0.004755019688356208,0.0,nan
174,96,0.013198220027990072,0.0,nan
174,97,0.005271580055516346,0.0,nan
174,98,0.005373631322385545,0.0,nan
174,99,0.011413580873732582,0.0625,nan
175,0,0.005849747516640254,0.0,4.795146872120456e-05
175,1,0.0086041417958727,0.0625,0.0003374501362385624
175,2,0.005092591094542781,0.0,1.3536930806210328e-05
175,3,1.7693805810223648,1.0,0.10304128879408889
175,4,0.007462792994820409,0.0,0.000135810569847967
175,5,0.003025043104145625,0.0,1.0002627913740006e-06
175,6,0.011474149487544286,0.0625,0.00022666571321797844
175,7,0.015329049451018994,0.0,0.0009108040563595422
175,8,9.38759098783454,1.0,0.10641028596015087
175,9,0.004966631228228931,0.0,0.00011077861088162988
175,10,0.003709300314859331,0.0,9.826367887312551e-06
175,11,0.007226782225802884,0.0,0.00010490930219188692
175,12,0.13260572521230896,0.375,0.007548528440189468
175,13,0.004533205004579148,0.0,1.9252339117904617e-05
175,14,0.011559107983156874,0.0,0.0002230017603923041
175,15,0.006178061429587706,0.0,2.2970633097322314e-05
175,16,0.06942404475663236,0.125,0.004106508952959521
175,17,0.008942859657815971,0.0,0.0003332519609929871
175,18,0.009338965877178744,0.0625,0.00023199614473008663
175,19,0.015234403942507392,0.0,0.0010313555266577403
175,20,0.0030094492837973853,0.0,7.553893069655783e-07
175,21,0.006113213981720775,0.0,0.00030359363041260824
175,22,0.0070631482136047676,0.0,6.706117506602235e-05
175,23,0.011763924982849758,0.0,0.0002609745759553076
175,24,0.007420143267111568,0.0625,0.00015774788128109995
175,25,0.005040058878336003,0.0625,8.27285065205119e-06
175,26,2.4785320883607618,1.0,0.07280076651435705
175,27,0.026244249077524495,0.125,0.002892087549448336
175,28,0.005788931865095331,0.0,0.00011298036229638613
175,29,0.0026272352655782676,0.0,1.1871015461372002e-05
175,30,0.007427420605494698,0.0,0.00017461073078261244
175,31,0.004990085394203616,0.0,6.852690095548984e-08
175,32,0.004762963157412423,0.0,9.878633262105853e-05
175,33,0.0066519424945459165,0.0,9.988698658998693e-06
175,34,0.008235460615774268,0.1875,0.00010615917993509911
175,35,0.005121102887539197,0.0,8.196270233600693e-08
175,36,3.2001062406188767,1.0,0.4451031294564729
175,37,0.009174081446722744,0.0,0.00010433535464683383
175,38,0.012378387038780466,0.0,0.0003647267831702482
175,39,0.005780565149909259,0.0,3.886803001829457e-06
175,40,0.011062500424717984,0.0,9.496743085625408e-05
175,41,0.003280235945524175,0.0625,5.934767041303138e-06
175,42,0.0118606112043043,0.0,0.0005359972548776888
175,43,0.011793749491350152,0.125,0.0017047356514503316
175,44,0.007599967425192401,0.0,0.00010533197628041987
175,45,0.005446987023100399,0.0625,8.689570802149629e-06
175,46,0.005637754910647021,0.0,0.00014872006345341892
175,47,0.005239361973664961,0.0625,0.00010456742051942831
175,48,0.009496971523404004,0.125,0.0025376337283980525
175,49,0.007247931646660681,0.0625,2.2460845566687307e-06
175,50,0.005167883127313734,0.0625,1.5276430023122922e-05
175,51,0.0035706842586360854,0.0,5.508483950070055e-05
175,52,0.0032298956198995163,0.0,6.850127896045638e-05
175,53,0.05121858906906461,0.1875,0.007014006351409187
175,54,0.006158469431229692,0.0,6.002713659264841e-06
175,55,0.010024423462759918,0.0,3.7463854216539914e-05
175,56,0.01370706130028445,0.0,0.00022252908870244427
175,57,0.004278833374479431,0.0,0.00013226606675548438
175,58,0.005437651697656464,0.0,9.214569814665777e-05
175,59,0.005555118801499866,0.0,9.352268133639257e-05
175,60,0.004530006432903321,0.0,1.4020741705532604e-05
175,61,0.008080136510886862,0.0,8.110353946034362e-05
175,62,0.006315093313816069,0.0625,7.3547798205769e-05
175,63,0.006595825115126248,0.0,1.0252973301820461e-05
175,64,0.005341604567747509,0.0,7.005374028151796e-05
175,65,0.00542457349752919,0.0625,2.1633070956254162e-05
175,66,0.0024696933967973678,0.0,3.8731870247254784e-05
175,67,0.003977748066514181,0.0,7.366622430849459e-05
175,68,0.009353098399729153,0.0625,0.0003255053170912021
175,69,0.006746609363869624,0.0,0.0002917065025558768
175,70,0.009418148942904082,0.0,5.610329449423082e-05
175,71,0.004201278595532446,0.0,1.7321395676692612e-06
175,72,0.004741282081711797,0.0,7.140759165561963e-05
175,73,0.005424013899067369,0.0,7.13193831696109e-06
175,74,0.01297038780959281,0.0,0.0018911718072764456
175,75,0.005911247096507795,0.0,0.00010698790433208836
175,76,0.007436802151857101,0.0,0.00019951293304570775
175,77,0.0097462589705288,0.0,6.487629282528571e-05
175,78,0.0443824841303191,0.375,0.005547850576751219
175,79,0.0041486916126892365,0.0,8.356609743444696e-06
175,80,0.007530330101814356,0.0,8.650335581235454e-05
175,81,0.024853628633405823,0.125,0.0012242283614598273
175,82,0.008827323950830192,0.0,3.844540052047902e-05
175,83,0.006153901408966954,0.0,6.937033053771813e-06
175,84,0.0076210566164224836,0.0,0.00016240188687908886
175,85,0.3059536656464835,0.75,0.04343533816500533
175,86,0.1143882754923273,0.5,0.016468555894032476
175,87,0.006490632496409346,0.0,1.1837265067245527e-05
175,88,0.014249637844356709,0.0,0.0006175059913129788
175,89,0.014969653814055395,0.0,0.00047288542878871285
175,90,0.005852607623450967,0.0,4.56603555173942e-05
175,91,4.356348383559719,1.0,0.05191197821000159
175,92,0.005537086199310337,0.0,4.7322071527756415e-06
175,93,0.005501179842354708,0.0,0.00015327032974585356
175,94,10.187411033463729,1.0,0.11448595519613941
175,95,0.005888024449482119,0.0,5.476534107108251e-05
175,96,0.00701365966811425,0.0625,0.00035994058581748914
175,97,0.0068115414430428185,0.0,0.00012693203385065417
175,98,0.008137443754460245,0.0,9.25527590890964e-06
175,99,0.00870844073254478,0.0625,0.0009328371613430993
176,0,0.0063498638898037245,0.0,nan
176,1,0.013718659464343136,0.0,nan
176,2,0.0034890841581607197,0.0625,nan
176,3,1.700644843911256,1.0,nan
176,4,0.009180340054344824,0.0,nan
176,5,0.0031630532598241044,0.0,nan
176,6,0.005207729276276113,0.0,nan
176,7,0.008388747801397093,0.0625,nan
176,8,8.54001188569751,1.0,nan
176,9,0.014222998915077459,0.0,nan
176,10,0.004735790962640993,0.0,nan
176,11,0.002644123084449551,0.0,nan
176,12,0.04402951062027521,0.125,nan
176,13,0.005374945632264396,0.0,nan
176,14,0.008643493774295113,0.0,nan
176,15,0.003799657004714507,0.0,nan
176,16,0.027994315496570554,0.0625,nan
176,17,0.008616166960826267,0.0,nan
176,18,0.005849073424538647,0.0,nan
176,19,0.01606419397587941,0.0625,nan
176,20,0.003391703614165362,0.0,nan
176,21,0.012683070789724346,0.0,nan
176,22,0.004913635148745694,0.0,nan
176,23,0.010606751047498711,0.0,nan
176,24,0.005821396095466093,0.0,nan
176,25,0.006833024027978907,0.0,nan
176,26,1.6883619800434966,1.0,nan
176,27,0.012220018451751528,0.0625,nan
176,28,0.009039757717858771,0.0,nan
176,29,0.011208828405591047,0.0,nan
176,30,0.007155452826591779,0.0,nan
176,31,0.0033892110672375073,0.0,nan
176,32,0.00897793520055452,0.0,nan
176,33,0.004087288704987564,0.0,nan
176,34,0.01348298715256475,0.0625,nan
176,35,0.004888787379537971,0.0,nan
176,36,2.7742956761005932,1.0,nan
176,37,0.003910973016911976,0.0625,nan
176,38,0.006300847844026947,0.0,nan
176,39,0.003104849458013062,0.0,nan
176,40,0.006287343110125114,0.0,nan
176,41,0.004618650983551895,0.0,nan
176,42,0.01659547910904645,0.0625,nan
176,43,0.011195820946094018,0.0625,nan
176,44,0.00986594450806653,0.0,nan
176,45,0.004062110005136706,0.0,nan
176,46,0.0053388376679502775,0.0,nan
176,47,0.002474209762243882,0.0,nan
176,48,0.046718222282207233,0.375,nan
176,49,0.00356926318993565,0.0,nan
176,50,0.005552411813671103,0.0,nan
176,51,0.00541593250377574,0.0,nan
176,52,0.005720236434736379,0.0,nan
176,53,0.017774991701164734,0.3125,nan
176,54,0.0016553421841522225,0.0,nan
176,55,0.0023324889503391236,0.0,nan
176,56,0.010758975172915521,0.0,nan
176,57,0.008247803388472615,0.0625,nan
176,58,0.005724983799524221,0.0,nan
176,59,0.00838062059119056,0.0,nan
176,60,0.003175000777949517,0.0,nan
176,61,0.010124006051480446,0.0625,nan
176,62,0.004009000607856729,0.0,nan
176,63,0.003416968584434859,0.0,nan
176,64,0.0036147450923600076,0.0,nan
176,65,0.008147884743469294,0.0,nan
176,66,0.0036471682782256674,0.0,nan
176,67,0.00675945449290968,0.0625,nan
176,68,0.013804561462870419,0.0625,nan
176,69,0.01089989007177197,0.0,nan
176,70,0.0032252833248672345,0.0,nan
176,71,0.0034013866187621025,0.0,nan
176,72,0.005186163445573088,0.0,nan
176,73,0.003695995977167123,0.0,nan
176,74,0.01462744552934042,0.0625,nan
176,75,0.005698425382236267,0.0,nan
176,76,0.007359857960030849,0.0,nan
176,77,0.009772583290382728,0.0625,nan
176,78,0.02248434772703193,0.125,nan
176,79,0.006499790377970842,0.0,nan
176,80,0.0034850527658812124,0.0,nan
176,81,0.007234162146395995,0.0,nan
176,82,0.006862423093253751,0.0,nan
176,83,0.0030298822288078895,0.0,nan
176,84,0.004498216842303971,0.0625,nan
176,85,0.3587971684827003,0.75,nan
176,86,0.04385563911019149,0.25,nan
176,87,0.00801994280089041,0.0,nan
176,88,0.011352008729436945,0.0625,nan
176,89,0.009919621738182536,0.0625,nan
176,90,0.0031291119362661145,0.0,nan
176,91,2.6424064870093993,1.0,nan
176,92,0.004208709299692234,0.0,nan
176,93,0.005945370142930687,0.0,nan
176,94,8.872369056386322,1.0,nan
176,95,0.0054916677927237326,0.0,nan
176,96,0.010026158301900779,0.0625,nan
176,97,0.01449913432309334,0.0,nan
176,98,0.005619173587806103,0.0,nan
176,99,0.011791362039186317,0.0625,nan
177,0,0.00362180558828841,0.0,nan
177,1,0.007289253133489999,0.0,nan
177,2,0.00431965915063158,0.0,nan
177,3,1.498029862608022,1.0,nan
177,4,0.004182713169589342,0.0,nan
177,5,0.0071033105053696895,0.0,nan
177,6,0.006090677431126531,0.0,nan
177,7,0.008087890248149703,0.0,nan
177,8,8.4940781307808,1.0,nan
177,9,0.0065100976186746855,0.0,nan
177,10,0.0024318588940866435,0.0,nan
177,11,0.009664963687778761,0.0,nan
177,12,0.029704810299973173,0.1875,nan
177,13,0.004361750238142859,0.0,nan
177,14,0.007521438847727673,0.0,nan
177,15,0.006560960224942472,0.0625,nan
177,16,0.03784310431127247,0.1875,nan
177,17,0.009734700938204287,0.0,nan
177,18,0.005404498454450141,0.0,nan
177,19,0.009234428794765723,0.0,nan
177,20,0.005628363475412864,0.0,nan
177,21,0.003979718270220596,0.0,nan
177,22,0.009961229194252855,0.0,nan
177,23,0.010854067245293043,0.0625,nan
177,24,0.004914970187586878,0.0,nan
177,25,0.007104431045152513,0.0,nan
177,26,1.7404406595440947,1.0,nan
177,27,0.008508980512288013,0.25,nan
177,28,0.003321361914611909,0.0625,nan
177,29,0.007114247697722906,0.0,nan
177,30,0.009895728350993886,0.0,nan
177,31,0.0027437867910093095,0.0,nan
177,32,0.005561409432389583,0.0,nan
177,33,0.0056417056963318215,0.0,nan
177,34,0.007451432311189644,0.0625,nan
177,35,0.0035834263449207515,0.0625,nan
177,36,2.591797122309493,1.0,nan
177,37,0.007892069388247007,0.0,nan
177,38,0.0065006053735649424,0.0,nan
177,39,0.005492293786019868,0.0,nan
177,40,0.007707161401858883,0.0,nan
177,41,0.005930107567811792,0.0,nan
177,42,0.007356207002910826,0.0,nan
177,43,0.010176911864708489,0.125,nan
177,44,0.006476687654218575,0.0,nan
177,45,0.008399896041737622,0.0,nan
177,46,0.005749335467200519,0.0,nan
177,47,0.011063697502256584,0.0,nan
177,48,0.03044768418118462,0.375,nan
177,49,0.0017695763324560559,0.0,nan
177,50,0.006208197804270979,0.0625,nan
177,51,0.005731807559919058,0.0,nan
177,52,0.0053194641212241595,0.0,nan
177,53,0.061878380152872337,0.3125,nan
177,54,0.005556896937518662,0.0,nan
177,55,0.004589540541617607,0.0,nan
177,56,0.009279793875120734,0.0,nan
177,57,0.005003044650293171,0.0,nan
177,58,0.006587367184415192,0.0,nan
177,59,0.00781648606502408,0.0,nan
177,60,0.003053443456724092,0.0,nan
177,61,0.006769156269516808,0.0,nan
177,62,0.0023858963294952594,0.0,nan
177,63,0.008219922109650047,0.0,nan
177,64,0.0032585356736774007,0.0,nan
177,65,0.0036757953660587627,0.0,nan
177,66,0.006938047889922005,0.0,nan
177,67,0.007844051656855661,0.0,nan
177,68,0.012595923952378046,0.0,nan
177,69,0.005902028717570005,0.0625,nan
177,70,0.005655836234173166,0.0625,nan
177,71,0.003417706501797707,0.0,nan
177,72,0.003126862074243281,0.0,nan
177,73,0.003131026425710365,0.0,nan
177,74,0.012638123099708048,0.0,nan
177,75,0.004206602534465907,0.0625,nan
177,76,0.003233437399300461,0.0625,nan
177,77,0.005257534686208086,0.0625,nan
177,78,0.019287212236622983,0.1875,nan
177,79,0.0038393904366332103,0.0,nan
177,80,0.010091851944226182,0.0625,nan
177,81,0.007049726028082456,0.0,nan
177,82,0.0036668331968831023,0.0,nan
177,83,0.001939796689127255,0.0,nan
177,84,0.004548586294751655,0.0625,nan
177,85,0.14117890179776288,0.4375,nan
177,86,0.09654155928116934,0.4375,nan
177,87,0.0027898087337679517,0.0,nan
177,88,0.011630661503303465,0.0625,nan
177,89,0.011586142936269743,0.0,nan
177,90,0.005203275513648005,0.0,nan
177,91,3.195294166462713,1.0,nan
177,92,0.005572896262401387,0.0,nan
177,93,0.011053952591090608,0.0,nan
177,94,8.291045773592767,1.0,nan
177,95,0.0021770703386500105,0.0,nan
177,96,0.008786627178947353,0.0,nan
177,97,0.006967481818848814,0.0,nan
177,98,0.006561529865559029,0.0,nan
177,99,0.008928683861205216,0.0625,nan
178,0,0.002867179747095439,0.0,nan
178,1,0.004298781646941672,0.0625,nan
178,2,0.0033854147402881357,0.0,nan
178,3,1.7663355556314504,1.0,nan
178,4,0.004594018100292311,0.0,nan
178,5,0.0017480372277593461,0.0,nan
178,6,0.008676718712335513,0.0,nan
178,7,0.011659163499185367,0.0625,nan
178,8,6.8869684359919185,1.0,nan
178,9,0.006765230835838502,0.0,nan
178,10,0.003881629807376828,0.0,nan
178,11,0.0036652485518498053,0.0,nan
178,12,0.033693889903023896,0.125,nan
178,13,0.00398830737520322,0.0,nan
178,14,0.01352611375368388,0.0,nan
178,15,0.003786066470178221,0.0,nan
178,16,0.04153646196691056,0.125,nan
178,17,0.006566687598435135,0.0,nan
178,18,0.005114988380028298,0.0,nan
178,19,0.010033792470345554,0.0625,nan
178,20,0.0027750216825469477,0.0,nan
178,21,0.010309440256450919,0.0,nan
178,22,0.004465186382181745,0.0,nan
178,23,0.004699691636494282,0.0625,nan
178,24,0.0037353600562470405,0.0,nan
178,25,0.0026483261304882186,0.0625,nan
178,26,1.705782372465649,1.0,nan
178,27,0.022300854254771914,0.125,nan
178,28,0.00605211451426324,0.0,nan
178,29,0.004871361552582009,0.0,nan
178,30,0.0072486315760943425,0.0,nan
178,31,0.002607705186395928,0.0625,nan
178,32,0.004923476395624141,0.0,nan
178,33,0.006059603852179458,0.0,nan
178,34,0.009351202675367772,0.0,nan
178,35,0.006188981665079278,0.0,nan
178,36,2.5429130587231246,1.0,nan
178,37,0.0048574406457362156,0.0,nan
178,38,0.005344292230157879,0.0625,nan
178,39,0.0024714626893774334,0.0,nan
178,40,0.0036235770029954904,0.0,nan
178,41,0.0013460839597976525,0.0,nan
178,42,0.009973069969169836,0.0,nan
178,43,0.00813329752459202,0.125,nan
178,44,0.012934372258478346,0.0,nan
178,45,0.0026009299045641294,0.0,nan
178,46,0.00916269088145996,0.0,nan
178,47,0.007600719430257812,0.0,nan
178,48,0.048725600071878414,0.3125,nan
178,49,0.0027559206954785825,0.0,nan
178,50,0.0010877400800400037,0.0,nan
178,51,0.004653944812961922,0.0,nan
178,52,0.005623117149516935,0.0625,nan
178,53,0.013762408783539942,0.1875,nan
178,54,0.0017635019232245608,0.0,nan
178,55,0.001786055629556881,0.0,nan
178,56,0.005226303457981559,0.0,nan
178,57,0.0026306178962776446,0.0,nan
178,58,0.007233335498113464,0.0,nan
178,59,0.005812746562217402,0.0,nan
178,60,0.0014710554806299128,0.0,nan
178,61,0.0023447406640412284,0.0,nan
178,62,0.0026725413636966076,0.0,nan
178,63,0.002596323592685517,0.0625,nan
178,64,0.0023273320498324555,0.0,nan
178,65,0.004155780182429986,0.0,nan
178,66,0.0022595657998667456,0.0,nan
178,67,0.004895273902815742,0.0,nan
178,68,0.00818692919180021,0.0,nan
178,69,0.008412139260321624,0.125,nan
178,70,0.0036577339824708675,0.0,nan
178,71,0.004374390988358855,0.0,nan
178,72,0.004936818158949021,0.0,nan
178,73,0.002845489103180728,0.0,nan
178,74,0.011868715473142739,0.125,nan
178,75,0.009655686450085516,0.0,nan
178,76,0.005701147879433644,0.0,nan
178,77,0.006788304176172301,0.0,nan
178,78,0.03333381300834644,0.125,nan
178,79,0.006078040581529994,0.0,nan
178,80,0.003058759389285977,0.0,nan
178,81,0.013356876200102941,0.0,nan
178,82,0.00444753850458454,0.0,nan
178,83,0.005654526443372487,0.0,nan
178,84,0.006393942706267228,0.0,nan
178,85,0.13310589217779087,0.4375,nan
178,86,0.044975822281652575,0.375,nan
178,87,0.00643340396857895,0.0,nan
178,88,0.01092392323271123,0.0,nan
178,89,0.007293302088422806,0.0,nan
178,90,0.004179479366664707,0.0625,nan
178,91,3.843533289280835,1.0,nan
178,92,0.0037558843959829714,0.0,nan
178,93,0.004284835769771331,0.0,nan
178,94,6.913863515913113,1.0,nan
178,95,0.002851485068115062,0.0,nan
178,96,0.009455119930747845,0.0625,nan
178,97,0.0053139923742829345,0.0,nan
178,98,0.002960238038975267,0.0,nan
178,99,0.015562880869575978,0.125,nan
179,0,0.003935526192957416,0.0,nan
179,1,0.014225177830548882,0.0,nan
179,2,0.003928140125503515,0.0,nan
179,3,1.9098729507809344,1.0,nan
179,4,0.004319014617134405,0.0625,nan
179,5,0.0031809323263027184,0.0,nan
179,6,0.004276336644873731,0.0625,nan
179,7,0.011171001058630413,0.0,nan
179,8,6.860456841048212,1.0,nan
179,9,0.006153941554887482,0.0,nan
179,10,0.004284712619393101,0.0,nan
179,11,0.004128042261724827,0.0,nan
179,12,0.019792408132141427,0.0,nan
179,13,0.003953029765257361,0.0,nan
179,14,0.006298198602449267,0.0,nan
179,15,0.003303540690274686,0.0,nan
179,16,0.02302366963171936,0.125,nan
179,17,0.002390320836148495,0.0,nan
179,18,0.0067829597569559145,0.0,nan
179,19,0.010406711444147598,0.0,nan
179,20,0.003938943528105625,0.0625,nan
179,21,0.007637057892402759,0.0625,nan
179,22,0.004890085879407638,0.0,nan
179,23,0.006335358509957253,0.0625,nan
179,24,0.0073719977651301605,0.0,nan
179,25,0.007233034264650625,0.0,nan
179,26,1.5775205737658182,1.0,nan
179,27,0.015422358900232896,0.0625,nan
179,28,0.004798451454000792,0.0,nan
179,29,0.002852462187468682,0.0,nan
179,30,0.003974325428093237,0.0,nan
179,31,0.0027272730142938397,0.0,nan
179,32,0.002396900234463117,0.0,nan
179,33,0.0024381232406624808,0.0,nan
179,34,0.005677804503273863,0.0,nan
179,35,0.0025717084373937473,0.0,nan
179,36,3.314963635261423,1.0,nan
179,37,0.003735797659078914,0.0,nan
179,38,0.006116453612253454,0.0,nan
179,39,0.0034517574944079154,0.0,nan
179,40,0.004703990712936756,0.0,nan
179,41,0.003080064976265702,0.0625,nan
179,42,0.007354145040562391,0.0,nan
179,43,0.020122581253546944,0.1875,nan
179,44,0.0028698611891176257,0.0,nan
179,45,0.003846931250591071,0.0,nan
179,46,0.005095180935292954,0.0,nan
179,47,0.007884289861204794,0.0,nan
179,48,0.0085772496053367,0.0625,nan
179,49,0.0049380939124893455,0.0,nan
179,50,0.0051100301450496865,0.0,nan
179,51,0.002530758524484477,0.0,nan
179,52,0.002920349757436558,0.0,nan
179,53,0.028987743948447244,0.1875,nan
179,54,0.0018659898013726208,0.0,nan
179,55,0.007095863450785716,0.0,nan
179,56,0.005741287506039479,0.0,nan
179,57,0.007879405785463119,0.0,nan
179,58,0.007944828043204694,0.0625,nan
179,59,0.004044694160027283,0.0,nan
179,60,0.003406022100070384,0.0,nan
179,61,0.00513088000610609,0.0,nan
179,62,0.0034834563539809225,0.0,nan
179,63,0.0038467317799749027,0.0,nan
179,64,0.002776393920568003,0.0,nan
179,65,0.0030499649216723787,0.0,nan
179,66,0.005193081190196472,0.0,nan
179,67,0.004443229830924456,0.0625,nan
179,68,0.0077393649610246985,0.0,nan
179,69,0.0028995425680626826,0.0,nan
179,70,0.006286515837376189,0.0,nan
179,71,0.0022564214520587357,0.0,nan
179,72,0.00864858642505543,0.0625,nan
179,73,0.003910787946583205,0.0,nan
179,74,0.010054629474190849,0.0,nan
179,75,0.003391761646374048,0.0,nan
179,76,0.004063124822880969,0.0,nan
179,77,0.0029382816368414204,0.0,nan
179,78,0.04354386712822128,0.1875,nan
179,79,0.0027016061207389046,0.0,nan
179,80,0.004577569596030385,0.0,nan
179,81,0.009232567006465464,0.0625,nan
179,82,0.0024248269540268833,0.0,nan
179,83,0.0025164275550210854,0.0,nan
179,84,0.014549104396826667,0.0,nan
179,85,0.32895470856101183,0.75,nan
179,86,0.19820239609063656,0.5625,nan
179,87,0.0032321675028552017,0.125,nan
179,88,0.012661426151265419,0.0625,nan
179,89,0.006682912918098097,0.0,nan
179,90,0.0033737713112895196,0.0,nan
179,91,6.172813279245775,1.0,nan
179,92,0.006817902590514735,0.0,nan
179,93,0.0032763271069622367,0.0,nan
179,94,9.204536556877219,1.0,nan
179,95,0.004777570091815423,0.0625,nan
179,96,0.00792289289043835,0.0625,nan
179,97,0.018646772597120647,0.0,nan
179,98,0.0033478227259621466,0.0,nan
179,99,0.006552742911201431,0.0,nan
180,0,0.0028378093736137625,0.0,nan
180,1,0.004916351945248606,0.0,nan
180,2,0.005528583472368285,0.0,nan
180,3,1.7530012592497637,1.0,nan
180,4,0.007866700757745296,0.0,nan
180,5,0.003933387190968762,0.0,nan
180,6,0.004826314476727218,0.0,nan
180,7,0.006872616836165556,0.0,nan
180,8,10.390564608457755,1.0,nan
180,9,0.0049329456039988815,0.0,nan
180,10,0.005252100385284177,0.0,nan
180,11,0.0038963673737309927,0.0,nan
180,12,0.0430153855449605,0.1875,nan
180,13,0.00580909416884687,0.0,nan
180,14,0.004714104185982573,0.0625,nan
180,15,0.004089201231303579,0.0625,nan
180,16,0.10030005994800048,0.375,nan
180,17,0.01505368852978182,0.1875,nan
180,18,0.005665996205712967,0.0,nan
180,19,0.008397181830317114,0.0,nan
180,20,0.0036359561827390844,0.0625,nan
180,21,0.014782308839984347,0.0,nan
180,22,0.004438093914593239,0.0,nan
180,23,0.006774121799332587,0.0,nan
180,24,0.003337115705062697,0.125,nan
180,25,0.005552601988536251,0.0625,nan
180,26,2.080049913995893,1.0,nan
180,27,0.030726686937744593,0.25,nan
180,28,0.003950882930458791,0.0,nan
180,29,0.0026133456764493995,0.0,nan
180,30,0.007330301948891733,0.0,nan
180,31,0.0053494587171740125,0.0,nan
180,32,0.004296327830538247,0.0,nan
180,33,0.0029474455937187243,0.0,nan
180,34,0.01215382349010482,0.0625,nan
180,35,0.0044580015825116046,0.0,nan
180,36,2.154016649951979,1.0,nan
180,37,0.004906987894582569,0.0625,nan
180,38,0.011509268399384652,0.25,nan
180,39,0.0027665382164325167,0.0,nan
180,40,0.004289137495063839,0.0,nan
180,41,0.00387166501693924,0.0,nan
180,42,0.01294455874083278,0.0625,nan
180,43,0.009520327187861225,0.1875,nan
180,44,0.005263221952972118,0.0,nan
180,45,0.00240544349768294,0.0,nan
180,46,0.007412964629557965,0.0625,nan
180,47,0.01119428332065468,0.0,nan
180,48,0.01906700601565759,0.1875,nan
180,49,0.0023277847856329695,0.0,nan
180,50,0.003080780756443087,0.0,nan
180,51,0.003701814185520553,0.0,nan
180,52,0.003682168806662921,0.0,nan
180,53,0.041916301637102416,0.3125,nan
180,54,0.00510380796898856,0.0,nan
180,55,0.0034736240020757665,0.0,nan
180,56,0.008880512843516746,0.0,nan
180,57,0.007167774155174091,0.0,nan
180,58,0.005009935257579996,0.0,nan
180,59,0.013793253938944218,0.0,nan
180,60,0.004898163760480137,0.0,nan
180,61,0.0036460342500505777,0.0,nan
180,62,0.005716102532994292,0.0,nan
180,63,0.002967304456987838,0.0,nan
180,64,0.0024971669822500446,0.0,nan
180,65,0.01190624789621569,0.0,nan
180,66,0.004128966257020308,0.0625,nan
180,67,0.006171275492058833,0.0,nan
180,68,0.00858398639085719,0.0,nan
180,69,0.007236891656999223,0.0,nan
180,70,0.005373784271919935,0.0,nan
180,71,0.005632718603111745,0.0,nan
180,72,0.0036374138496748447,0.0,nan
180,73,0.001953262815143318,0.0,nan
180,74,0.00865947734125984,0.125,nan
180,75,0.0014225081762215808,0.0625,nan
180,76,0.006003468303613895,0.0625,nan
180,77,0.005493229286472546,0.0,nan
180,78,0.03904226965331405,0.3125,nan
180,79,0.0014724997821767276,0.0,nan
180,80,0.006370403058714943,0.0,nan
180,81,0.009082675818465575,0.0,nan
180,82,0.002368561218680626,0.0,nan
180,83,0.004375034828038037,0.0625,nan
180,84,0.006472390054262091,0.0,nan
180,85,0.2624735480787854,0.6875,nan
180,86,0.08039697735341311,0.375,nan
180,87,0.006931001973640777,0.0,nan
180,88,0.011402486400515426,0.0625,nan
180,89,0.006060830638323583,0.0625,nan
180,90,0.003782824709239377,0.0625,nan
180,91,4.735185146560452,1.0,nan
180,92,0.003005604595137909,0.0,nan
180,93,0.005052228138057522,0.0,nan
180,94,8.421351872303381,1.0,nan
180,95,0.004011829159957804,0.0,nan
180,96,0.0123918777295961,0.0625,nan
180,97,0.004618652520434759,0.0625,nan
180,98,0.0030364636949857457,0.0,nan
180,99,0.004584987361017976,0.0625,nan
181,0,0.0018344138001506857,0.0,nan
181,1,0.006882129746680573,0.0,nan
181,2,0.0030538583750011157,0.0,nan
181,3,1.1667264293078556,1.0,nan
181,4,0.0016257469472658083,0.0,nan
181,5,0.002812908713689181,0.0,nan
181,6,0.003108694127490379,0.0,nan
181,7,0.004248052863311291,0.0,nan
181,8,9.15698854424733,1.0,nan
181,9,0.004874956238792777,0.0,nan
181,10,0.0048952215021811,0.0,nan
181,11,0.007593762805785238,0.0,nan
181,12,0.04157031508407601,0.125,nan
181,13,0.009015305617040014,0.0,nan
181,14,0.00645215005439353,0.0,nan
181,15,0.0017752604161277276,0.0,nan
181,16,0.010910443143316961,0.125,nan
181,17,0.006491204942969404,0.0,nan
181,18,0.003368350232132898,0.0,nan
181,19,0.014666238167485652,0.0,nan
181,20,0.006268609226329612,0.0,nan
181,21,0.013701433774839282,0.0,nan
181,22,0.0031689708462018674,0.0,nan
181,23,0.0024313485657952868,0.0,nan
181,24,0.002708398954554359,0.0,nan
181,25,0.002629504883038626,0.0,nan
181,26,1.3612564642726352,1.0,nan
181,27,0.0053721829420070154,0.0,nan
181,28,0.004402166101401976,0.0,nan
181,29,0.0026438332787012287,0.0,nan
181,30,0.0038800169025758153,0.0,nan
181,31,0.0020653196955483623,0.0,nan
181,32,0.005319608115013155,0.0,nan
181,33,0.0023131008911387854,0.0,nan
181,34,0.009235477696641414,0.0,nan
181,35,0.002447051288858653,0.0,nan
181,36,2.116543760140164,1.0,nan
181,37,0.004530293968922971,0.0,nan
181,38,0.008195804042617025,0.0,nan
181,39,0.00209898031627776,0.0,nan
181,40,0.002601320264045608,0.0,nan
181,41,0.0029355403886093126,0.0,nan
181,42,0.009360140775920933,0.0,nan
181,43,0.0036238425748294197,0.125,nan
181,44,0.002679985112652029,0.0,nan
181,45,0.0028323386931585403,0.0,nan
181,46,0.004853245586389512,0.0,nan
181,47,0.0036525725781586136,0.0,nan
181,48,0.006571229759447103,0.125,nan
181,49,0.0020266362942580017,0.0,nan
181,50,0.0017329524683918878,0.0,nan
181,51,0.002089934726681163,0.0,nan
181,52,0.01026031427964465,0.0,nan
181,53,0.03938295701330295,0.25,nan
181,54,0.004345666202734763,0.0,nan
181,55,0.003322048170953641,0.0,nan
181,56,0.0053543187347599745,0.0,nan
181,57,0.0036354124135547497,0.0,nan
181,58,0.006714799887607342,0.0,nan
181,59,0.00433314597364109,0.0,nan
181,60,0.0026455543068122688,0.0,nan
181,61,0.0058397855095405765,0.0625,nan
181,62,0.0023941457757856908,0.0,nan
181,63,0.0035976269978977536,0.0,nan
181,64,0.0025803675029474516,0.0,nan
181,65,0.00338427028905588,0.0,nan
181,66,0.00646944954489405,0.0,nan
181,67,0.0031801602798562072,0.0,nan
181,68,0.005614608617439593,0.0,nan
181,69,0.0045637840565538705,0.0,nan
181,70,0.0033196093180873853,0.0,nan
181,71,0.002572762991271374,0.0,nan
181,72,0.002571190970531729,0.0,nan
181,73,0.005095938962495022,0.0,nan
181,74,0.012165554057141804,0.125,nan
181,75,0.005114310494155648,0.0625,nan
181,76,0.007748481427233139,0.0,nan
181,77,0.002840727814299621,0.0625,nan
181,78,0.040765773033023193,0.125,nan
181,79,0.0036428034584086427,0.0,nan
181,80,0.0022329669781075193,0.0,nan
181,81,0.0031618072839521023,0.0,nan
181,82,0.001275921319216101,0.0,nan
181,83,0.0016374349189433506,0.0,nan
181,84,0.0028785170540038506,0.0,nan
181,85,0.28611988662285937,0.75,nan
181,86,0.08873307884953949,0.25,nan
181,87,0.0025829293777777404,0.0,nan
181,88,0.00971084055535237,0.125,nan
181,89,0.005549360643611393,0.0,nan
181,90,0.003987799172124941,0.0,nan
181,91,2.5281114479818774,1.0,nan
181,92,0.0035674718524088093,0.0,nan
181,93,0.0033916317516174002,0.0,nan
181,94,7.104182837156781,1.0,nan
181,95,0.0014726903003285405,0.0,nan
181,96,0.018768286483443135,0.0625,nan
181,97,0.0029329606263146938,0.0,nan
181,98,0.0023111387116438314,0.0,nan
181,99,0.012543422274208283,0.0,nan
182,0,0.0029533786182678657,0.0,nan
182,1,0.003096246198284502,0.0,nan
182,2,0.002722568016259752,0.0,nan
182,3,1.078884335476529,1.0,nan
182,4,0.0028355937288262294,0.0,nan
182,5,0.0012043030007462788,0.0,nan
182,6,0.0038639173594876694,0.0,nan
182,7,0.004498740890567255,0.0,nan
182,8,5.34525742542184,1.0,nan
182,9,0.002594417327975743,0.0,nan
182,10,0.0031944423681383167,0.0,nan
182,11,0.002235679431157652,0.0,nan
182,12,0.019548389955761337,0.125,nan
182,13,0.007380553342605864,0.0,nan
182,14,0.00687447317722794,0.0625,nan
182,15,0.002914165517032368,0.0,nan
182,16,0.02699264947983457,0.0625,nan
182,17,0.011308368270694504,0.0,nan
182,18,0.004692717915160162,0.0,nan
182,19,0.01461041716323639,0.0,nan
182,20,0.0026405591617198795,0.0,nan
182,21,0.011140793224388112,0.0,nan
182,22,0.0037094940471102773,0.0,nan
182,23,0.004295124430308061,0.0,nan
182,24,0.004402366012821391,0.0,nan
182,25,0.001507572967515278,0.0,nan
182,26,1.1883501448755853,1.0,nan
182,27,0.012132593113481362,0.0,nan
182,28,0.004800327443270556,0.0625,nan
182,29,0.0033664468539923494,0.0,nan
182,30,0.009996498260548483,0.0,nan
182,31,0.0025905627396597625,0.0,nan
182,32,0.004229738591387092,0.0,nan
182,33,0.005196173055032637,0.0,nan
182,34,0.007751620694196591,0.0,nan
182,35,0.001699633069394935,0.0,nan
182,36,2.6174953530513987,1.0,nan
182,37,0.004532792493006559,0.0,nan
182,38,0.0067096077643283274,0.0625,nan
182,39,0.0017256568434250523,0.0,nan
182,40,0.0036638310329419636,0.0,nan
182,41,0.005128397698341139,0.0,nan
182,42,0.005187729583882707,0.0,nan
182,43,0.020370205112086013,0.125,nan
182,44,0.007955250373671528,0.0,nan
182,45,0.0031206110701002656,0.0,nan
182,46,0.005635240349751557,0.0,nan
182,47,0.010093630138978113,0.125,nan
182,48,0.008328176458860276,0.125,nan
182,49,0.003946501507667991,0.0,nan
182,50,0.0044316475515037744,0.0,nan
182,51,0.004815511824872006,0.0,nan
182,52,0.003566208171919721,0.0,nan
182,53,0.01449619499095139,0.25,nan
182,54,0.002590823692767443,0.0,nan
182,55,0.001194140188912094,0.0,nan
182,56,0.00354963998550611,0.0,nan
182,57,0.0030069332015102276,0.0,nan
182,58,0.005170486458859843,0.0,nan
182,59,0.006317233358063586,0.0625,nan
182,60,0.003712451006483498,0.0,nan
182,61,0.003143524988626402,0.0,nan
182,62,0.0023364952901453197,0.0,nan
182,63,0.0034576807541927533,0.0,nan
182,64,0.0027513919021890077,0.0,nan
182,65,0.0017186455498168056,0.0,nan
182,66,0.0037188558443358296,0.0,nan
182,67,0.00278067706641285,0.0,nan
182,68,0.005939647186074608,0.0,nan
182,69,0.0059881802897266655,0.0,nan
182,70,0.005226815374156931,0.0,nan
182,71,0.0027438765658065927,0.0,nan
182,72,0.005851814390436997,0.0,nan
182,73,0.001978757353512715,0.0,nan
182,74,0.009258234427425214,0.125,nan
182,75,0.004400736458759033,0.0,nan
182,76,0.0070398185957378685,0.0,nan
182,77,0.004779218244076717,0.0625,nan
182,78,0.01374562779306604,0.125,nan
182,79,0.003947311250743858,0.0,nan
182,80,0.005837556515189785,0.0,nan
182,81,0.007977748945305941,0.0625,nan
182,82,0.005321232910732232,0.0,nan
182,83,0.0023964126752215355,0.0,nan
182,84,0.006417785171658561,0.0,nan
182,85,0.2232692719277038,0.625,nan
182,86,0.0358357405197227,0.25,nan
182,87,0.0022454995818111684,0.0,nan
182,88,0.009973158343754819,0.0,nan
182,89,0.012759543797483373,0.0,nan
182,90,0.0035074788763286005,0.0,nan
182,91,8.332176774912876,1.0,nan
182,92,0.0029521637034875866,0.0,nan
182,93,0.0039559825330928965,0.0,nan
182,94,7.101391101841133,1.0,nan
182,95,0.0022323843948448586,0.0,nan
182,96,0.007225451597903474,0.0,nan
182,97,0.003619517163943715,0.0,nan
182,98,0.004831749911374868,0.0,nan
182,99,0.005478140364994746,0.0,nan
183,0,0.0024931661866294504,0.0,nan
183,1,0.006212482915288251,0.0,nan
183,2,0.004562415513648503,0.0,nan
183,3,1.4573529199400417,1.0,nan
183,4,0.007937541507578668,0.0,nan
183,5,0.0034016776520752233,0.0,nan
183,6,0.008588654943342471,0.0,nan
183,7,0.011984923075448892,0.0,nan
183,8,6.258145165555225,1.0,nan
183,9,0.0038448216669643223,0.0625,nan
183,10,0.001321347050697619,0.0,nan
183,11,0.004648742909357259,0.0,nan
183,12,0.07565358066724652,0.375,nan
183,13,0.002807858643330105,0.0,nan
183,14,0.003900744075791826,0.0,nan
183,15,0.002173075454828234,0.0625,nan
183,16,0.05249430662930568,0.1875,nan
183,17,0.009330528210249926,0.0,nan
183,18,0.01111223920386166,0.0,nan
183,19,0.006481202886745071,0.0625,nan
183,20,0.0009994692836948443,0.0,nan
183,21,0.014016278213647222,0.0,nan
183,22,0.00294658784687261,0.0,nan
183,23,0.006693513467499603,0.0625,nan
183,24,0.007941625227148884,0.0625,nan
183,25,0.004385389740300968,0.0,nan
183,26,1.173580144140904,1.0,nan
183,27,0.014651156145288056,0.1875,nan
183,28,0.0040209971226997186,0.0,nan
183,29,0.0037967431974865132,0.0,nan
183,30,0.008580995081157594,0.0625,nan
183,31,0.002511833931907571,0.0,nan
183,32,0.004761321307446888,0.0,nan
183,33,0.0024724591816665904,0.0,nan
183,34,0.007385688168797278,0.0,nan
183,35,0.005758742413313192,0.0,nan
183,36,2.710118781109404,1.0,nan
183,37,0.0036131215912357183,0.0,nan
183,38,0.03933896840799708,0.125,nan
183,39,0.001244642446362038,0.0,nan
183,40,0.0031631222437300327,0.0,nan
183,41,0.0048307644506642225,0.0625,nan
183,42,0.014199284907940691,0.1875,nan
183,43,0.015758796419216643,0.125,nan
183,44,0.005253057154485503,0.0,nan
183,45,0.0031944480777951253,0.0,nan
183,46,0.007751203017679829,0.0625,nan
183,47,0.003706245279993985,0.0,nan
183,48,0.03074181206347039,0.25,nan
183,49,0.004119914501740764,0.0,nan
183,50,0.005416883649299795,0.0625,nan
183,51,0.003219450959773827,0.0,nan
183,52,0.005540608405564886,0.0,nan
183,53,0.0076138894172114195,0.0,nan
183,54,0.0025267341508720155,0.0,nan
183,55,0.004547791027515761,0.0625,nan
183,56,0.003882411231521089,0.0,nan
183,57,0.005645868263659428,0.0,nan
183,58,0.005711913273660979,0.0,nan
183,59,0.009088319024867363,0.0,nan
183,60,0.003814814666568128,0.0,nan
183,61,0.0027406082372585343,0.0625,nan
183,62,0.006715164007803351,0.0,nan
183,63,0.00321017062112806,0.0,nan
183,64,0.003303510689925877,0.0625,nan
183,65,0.00484537935189319,0.0,nan
183,66,0.0014717447959899377,0.0,nan
183,67,0.006246408163174001,0.0,nan
183,68,0.003881232823702655,0.0,nan
183,69,0.003103241958805605,0.0,nan
183,70,0.003545073839311708,0.0,nan
183,71,0.0030589617080153952,0.0,nan
183,72,0.0039008856960599785,0.0,nan
183,73,0.004008436102048247,0.0,nan
183,74,0.009197751280043222,0.1875,nan
183,75,0.0045893066088766804,0.0,nan
183,76,0.0037560722951162323,0.0,nan
183,77,0.004798190122382365,0.0,nan
183,78,0.06535121537347668,0.0625,nan
183,79,0.0038833356677226184,0.0,nan
183,80,0.004250346104991565,0.0,nan
183,81,0.010975042511868791,0.0625,nan
183,82,0.0028495515604815636,0.0,nan
183,83,0.004412196684297218,0.0,nan
183,84,0.004511517077206773,0.0,nan
183,85,0.13075351169794508,0.5,nan
183,86,0.10122723050129673,0.375,nan
183,87,0.003902651473339412,0.0,nan
183,88,0.0046363527137306725,0.0625,nan
183,89,0.012647265561404811,0.0625,nan
183,90,0.0026163627672405624,0.0,nan
183,91,7.765217101999514,1.0,nan
183,92,0.001249760603121706,0.0,nan
183,93,0.004943692530600093,0.0,nan
183,94,5.979874400969166,1.0,nan
183,95,0.004161733244486803,0.0,nan
183,96,0.01327699587904256,0.0625,nan
183,97,0.006594681913310845,0.0,nan
183,98,0.004297902395765599,0.0,nan
183,99,0.013823053778806955,0.0625,nan
184,0,0.004523949272192756,0.0,nan
184,1,0.012584662323568583,0.0625,nan
184,2,0.004567828067112887,0.0,nan
184,3,1.3674959916175113,1.0,nan
184,4,0.003997725663444652,0.0,nan
184,5,0.0019412420517665725,0.0,nan
184,6,0.010486562276422952,0.0,nan
184,7,0.008287901087182054,0.0,nan
184,8,8.96337472260013,1.0,nan
184,9,0.004175643311514097,0.0,nan
184,10,0.0033879583838653917,0.0,nan
184,11,0.0015699680808118682,0.0,nan
184,12,0.04780575209814882,0.25,nan
184,13,0.008178449639055025,0.0625,nan
184,14,0.004966477578486424,0.0,nan
184,15,0.004493346248377226,0.0,nan
184,16,0.02954949505832653,0.125,nan
184,17,0.012016242732609365,0.0625,nan
184,18,0.005588327377934736,0.0,nan
184,19,0.010040661561920418,0.0,nan
184,20,0.007844129318407299,0.0625,nan
184,21,0.006660695738476736,0.0,nan
184,22,0.008689255469582081,0.0,nan
184,23,0.006531024652569098,0.0,nan
184,24,0.007913051390503021,0.0,nan
184,25,0.002991003859173843,0.0,nan
184,26,1.995608625402924,1.0,nan
184,27,0.020028071700162086,0.1875,nan
184,28,0.0075305825042635555,0.0,nan
184,29,0.0029928715893382083,0.0,nan
184,30,0.008903409750962644,0.0,nan
184,31,0.003689012025920166,0.0,nan
184,32,0.005153654608800082,0.0625,nan
184,33,0.00470646256614907,0.0625,nan
184,34,0.014806636715329216,0.0625,nan
184,35,0.008472144135676804,0.0,nan
184,36,2.9801140594021076,1.0,nan
184,37,0.008875747808231377,0.0,nan
184,38,0.04639637036803907,0.125,nan
184,39,0.004594313302240404,0.0,nan
184,40,0.0040770911028033515,0.0,nan
184,41,0.004273166082020104,0.0,nan
184,42,0.008261737123923876,0.0625,nan
184,43,0.014155998133066488,0.0,nan
184,44,0.008201735374034463,0.0,nan
184,45,0.004855714195291981,0.0,nan
184,46,0.009757629494638813,0.0,nan
184,47,0.004275985494511424,0.0,nan
184,48,0.023454798786587426,0.1875,nan
184,49,0.00255448015469465,0.0625,nan
184,50,0.003933439125008139,0.0,nan
184,51,0.004918936205244037,0.0,nan
184,52,0.004693261273440013,0.0,nan
184,53,0.009304028394082835,0.0,nan
184,54,0.00524118356914754,0.0,nan
184,55,0.007246961040183865,0.0625,nan
184,56,0.006159217542084972,0.0,nan
184,57,0.00851945469036075,0.0,nan
184,58,0.005504476246185297,0.0,nan
184,59,0.005064630063401671,0.0,nan
184,60,0.00415402360234572,0.0,nan
184,61,0.007385426418461169,0.0,nan
184,62,0.005375600402297256,0.0,nan
184,63,0.005385637421782567,0.0,nan
184,64,0.003435626598958175,0.0,nan
184,65,0.010149990644658565,0.0,nan
184,66,0.0026491893675284813,0.0,nan
184,67,0.005489277844929759,0.0625,nan
184,68,0.007470608619975175,0.0,nan
184,69,0.013283321658619252,0.0,nan
184,70,0.007263194389984592,0.0,nan
184,71,0.003744328495689951,0.0,nan
184,72,0.007065902742519349,0.0,nan
184,73,0.004537880197474824,0.0625,nan
184,74,0.013834290067262153,0.1875,nan
184,75,0.00894910440903382,0.0625,nan
184,76,0.0074615740671114825,0.0625,nan
184,77,0.003946474446177706,0.0,nan
184,78,0.11158268588432985,0.375,nan
184,79,0.003425780743908112,0.0,nan
184,80,0.0042580166918182415,0.0,nan
184,81,0.009389278015756484,0.0,nan
184,82,0.005455372876485464,0.0,nan
184,83,0.003627562839374124,0.0,nan
184,84,0.0038980444775419624,0.0,nan
184,85,0.2224669088704038,0.625,nan
184,86,0.05633364148585432,0.3125,nan
184,87,0.00447364867873894,0.0,nan
184,88,0.006920401804417002,0.0,nan
184,89,0.0057277297479135314,0.0,nan
184,90,0.005202860179620074,0.0,nan
184,91,6.076269113390443,1.0,nan
184,92,0.004769678950001052,0.0625,nan
184,93,0.0055178790776442685,0.0,nan
184,94,6.758788704048998,1.0,nan
184,95,0.003400917715747228,0.0,nan
184,96,0.01036317464885517,0.125,nan
184,97,0.008301800487042873,0.0,nan
184,98,0.0036652246923331733,0.0,nan
184,99,0.007763803861886069,0.0,nan
185,0,0.0054047921272498195,0.0625,nan
185,1,0.006910548460551162,0.0625,nan
185,2,0.0038271116711384705,0.0,nan
185,3,1.9669991695320712,1.0,nan
185,4,0.008555567448114396,0.0,nan
185,5,0.0017749713467417618,0.0,nan
185,6,0.015890234008604173,0.0,nan
185,7,0.010592498946152197,0.125,nan
185,8,11.11210116976427,1.0,nan
185,9,0.006480909583188978,0.0,nan
185,10,0.003730994999534768,0.0,nan
185,11,0.0068684302302990516,0.0,nan
185,12,0.0343461401937831,0.125,nan
185,13,0.006283680667932816,0.0,nan
185,14,0.008637149529339602,0.0,nan
185,15,0.004055762102641175,0.0,nan
185,16,0.2980241213539449,0.5625,nan
185,17,0.009377384175477494,0.0,nan
185,18,0.008907243388365788,0.0,nan
185,19,0.012151142101387844,0.0,nan
185,20,0.007899009536353753,0.0625,nan
185,21,0.009182145432115239,0.0,nan
185,22,0.007092476116726802,0.0,nan
185,23,0.011740928645639057,0.0625,nan
185,24,0.0063156605048824335,0.0,nan
185,25,0.005359206924279058,0.0,nan
185,26,2.1248371084261004,1.0,nan
185,27,0.007614566742618528,0.0,nan
185,28,0.0045918943130270375,0.0,nan
185,29,0.003399103809272224,0.0,nan
185,30,0.007448308768799913,0.0,nan
185,31,0.0041649615540064735,0.0,nan
185,32,0.004585367902572667,0.0,nan
185,33,0.0022876290829189055,0.0625,nan
185,34,0.014376112901964437,0.0625,nan
185,35,0.008138306563303643,0.0,nan
185,36,3.1373855737411827,1.0,nan
185,37,0.005720866854564447,0.0,nan
185,38,0.02088805941084622,0.0625,nan
185,39,0.003025941659447223,0.0,nan
185,40,0.0035721902295690142,0.0625,nan
185,41,0.0038148867739135083,0.0,nan
185,42,0.008205021061969662,0.0,nan
185,43,0.010186461561478802,0.0625,nan
185,44,0.012581128290498216,0.0,nan
185,45,0.0037047837920895096,0.0,nan
185,46,0.01371921213202442,0.0625,nan
185,47,0.0064334734410623606,0.0,nan
185,48,0.024166467718038247,0.0625,nan
185,49,0.0052569041148684955,0.0,nan
185,50,0.006031211340586512,0.0,nan
185,51,0.006418323183350836,0.0,nan
185,52,0.006365421559406439,0.0,nan
185,53,0.033926758604550085,0.25,nan
185,54,0.0025405735178796163,0.0,nan
185,55,0.007898293889792636,0.0,nan
185,56,0.004314392468223172,0.0,nan
185,57,0.007977600674301085,0.0,nan
185,58,0.0067810335655189655,0.0625,nan
185,59,0.0029728177961693154,0.0,nan
185,60,0.0037859131665074998,0.0,nan
185,61,0.00700636682492309,0.0,nan
185,62,0.008055336546028777,0.0,nan
185,63,0.003932597360376957,0.0,nan
185,64,0.004526125632102592,0.0,nan
185,65,0.003910335308095256,0.0625,nan
185,66,0.0058498573282987805,0.0,nan
185,67,0.006085502252865704,0.0,nan
185,68,0.011476088876337111,0.0625,nan
185,69,0.003067823991525882,0.0,nan
185,70,0.0068880188184211304,0.0,nan
185,71,0.003312386426394802,0.0,nan
185,72,0.012992121181172543,0.0,nan
185,73,0.0034627696814121117,0.0,nan
185,74,0.005907826273958826,0.25,nan
185,75,0.010103129379798084,0.0,nan
185,76,0.0037107953797424604,0.0,nan
185,77,0.00923288320872518,0.0,nan
185,78,0.057012227774863145,0.3125,nan
185,79,0.0037650799142619515,0.0,nan
185,80,0.006909530146974728,0.0,nan
185,81,0.012852474859278706,0.125,nan
185,82,0.004311886802214511,0.0,nan
185,83,0.004314547333815479,0.0,nan
185,84,0.007231952829096491,0.0,nan
185,85,0.2102201245699462,0.75,nan
185,86,0.24325108077988827,0.5625,nan
185,87,0.0034373369044116793,0.0625,nan
185,88,0.011795590169980445,0.0,nan
185,89,0.009773956693137046,0.0,nan
185,90,0.0038011518662753696,0.0,nan
185,91,7.630857402576395,1.0,nan
185,92,0.005260065876230742,0.0,nan
185,93,0.007919529487959891,0.0,nan
185,94,8.086677915685463,1.0,nan
185,95,0.013625292056404137,0.0625,nan
185,96,0.009375699386897092,0.0,nan
185,97,0.005387876668351818,0.0,nan
185,98,0.0020764283196330236,0.0,nan
185,99,0.007864106545234999,0.1875,nan
186,0,0.006617679049924648,0.0,nan
186,1,0.01172967265030005,0.0,nan
186,2,0.003477087972190789,0.0,nan
186,3,1.3796327736360237,1.0,nan
186,4,0.018598944168763405,0.0,nan
186,5,0.004154676137961459,0.0,nan
186,6,0.01086564840785665,0.0,nan
186,7,0.029587023611641665,0.1875,nan
186,8,9.53094906496684,1.0,nan
186,9,0.010435853139123392,0.0,nan
186,10,0.0038773656346536224,0.0,nan
186,11,0.008394235113447978,0.0,nan
186,12,0.0954804059597748,0.4375,nan
186,13,0.007785803157156065,0.0625,nan
186,14,0.004315200056178216,0.0625,nan
186,15,0.0051926389419198705,0.0,nan
186,16,0.03729035671033157,0.125,nan
186,17,0.01281738999160825,0.0,nan
186,18,0.005980937863657514,0.0625,nan
186,19,0.011158427763036615,0.0625,nan
186,20,0.00850961430502468,0.0,nan
186,21,0.014088718433875384,0.0,nan
186,22,0.006732827350840442,0.0,nan
186,23,0.004718077908950175,0.0625,nan
186,24,0.007941197395160355,0.0,nan
186,25,0.00225717706332216,0.0,nan
186,26,1.5706937386817865,1.0,nan
186,27,0.01413256639587604,0.125,nan
186,28,0.00831642685625365,0.0,nan
186,29,0.002954804479749028,0.0,nan
186,30,0.009209227812022661,0.0,nan
186,31,0.006080633303237446,0.0,nan
186,32,0.0070990928558302266,0.0,nan
186,33,0.004826679510415384,0.0,nan
186,34,0.007223078446176877,0.0,nan
186,35,0.0054350166290136875,0.0,nan
186,36,4.592018632804644,1.0,nan
186,37,0.007935539132870659,0.0,nan
186,38,0.02244911640526764,0.125,nan
186,39,0.004968226941022256,0.0,nan
186,40,0.007343468394293374,0.0,nan
186,41,0.004916141546401166,0.0,nan
186,42,0.009130522873757884,0.0,nan
186,43,0.010435326610756503,0.0625,nan
186,44,0.010312304842960876,0.0,nan
186,45,0.007112025957677467,0.0,nan
186,46,0.01365217028950505,0.0,nan
186,47,0.008551610042473394,0.0625,nan
186,48,0.012077759348524782,0.1875,nan
186,49,0.0046200905747047745,0.0,nan
186,50,0.005434305283239151,0.0,nan
186,51,0.004022818000449688,0.0,nan
186,52,0.0074631114272601246,0.0625,nan
186,53,0.020743062593431387,0.125,nan
186,54,0.00599630299929912,0.0,nan
186,55,0.003067730095766925,0.0,nan
186,56,0.00687345532471726,0.0,nan
186,57,0.0060942589168912625,0.0,nan
186,58,0.0033859846501194234,0.0,nan
186,59,0.008193605096135998,0.0,nan
186,60,0.0014040706587784852,0.0,nan
186,61,0.004146372330664399,0.0,nan
186,62,0.02049716581700772,0.0,nan
186,63,0.004591776715774865,0.0,nan
186,64,0.007633218157639364,0.0625,nan
186,65,0.00254992482732543,0.0,nan
186,66,0.0039021937519059706,0.0625,nan
186,67,0.009669419152313917,0.0,nan
186,68,0.008473263100749574,0.0,nan
186,69,0.006760516437408786,0.0,nan
186,70,0.009525070050960196,0.0625,nan
186,71,0.005145019282179025,0.0,nan
186,72,0.0054717538693805304,0.0,nan
186,73,0.013855185100648301,0.0625,nan
186,74,0.020629708404277282,0.0625,nan
186,75,0.005549519210866697,0.0,nan
186,76,0.006397577530213863,0.0,nan
186,77,0.012594510233119454,0.0,nan
186,78,0.10368445553818603,0.3125,nan
186,79,0.007199361467326247,0.0,nan
186,80,0.004778658945711083,0.0,nan
186,81,0.025952275397560783,0.0,nan
186,82,0.002768162621692975,0.0,nan
186,83,0.005106241304152156,0.0,nan
186,84,0.009540541261023579,0.0,nan
186,85,0.21660635314130022,0.6875,nan
186,86,0.1409352202354926,0.5,nan
186,87,0.010273021045616091,0.0,nan
186,88,0.019578261080099107,0.125,nan
186,89,0.03074663252739052,0.125,nan
186,90,0.003910628427531264,0.0,nan
186,91,11.277973498880701,1.0,nan
186,92,0.003600929857158355,0.0,nan
186,93,0.009038892525480341,0.0,nan
186,94,8.12997792199501,1.0,nan
186,95,0.0036871490310620807,0.125,nan
186,96,0.0064300311149885735,0.0,nan
186,97,0.007875558575744474,0.0625,nan
186,98,0.00895883943561185,0.0,nan
186,99,0.01446281987630119,0.0,nan
187,0,0.009552601262789586,0.0,nan
187,1,0.03840549568306753,0.1875,nan
187,2,0.0030651814140086,0.0,nan
187,3,1.7222407058361773,1.0,nan
187,4,0.009745792795998015,0.0,nan
187,5,0.007104349377052184,0.0,nan
187,6,0.004773735329943419,0.0,nan
187,7,0.017884696235129754,0.0,nan
187,8,7.257793645326698,1.0,nan
187,9,0.005943579301750632,0.0,nan
187,10,0.0025091504575348623,0.0,nan
187,11,0.004887290894095522,0.0,nan
187,12,0.023555481940785494,0.25,nan
187,13,0.003044410895987195,0.0,nan
187,14,0.006194252979002616,0.0,nan
187,15,0.003913183900588813,0.0,nan
187,16,0.023871555202087866,0.125,nan
187,17,0.005592991645091876,0.125,nan
187,18,0.004224710656882861,0.0,nan
187,19,0.029156775806760564,0.0625,nan
187,20,0.004474135107212037,0.0,nan
187,21,0.005800662212949751,0.0,nan
187,22,0.005130191961356573,0.0,nan
187,23,0.0030961465258867956,0.0,nan
187,24,0.014460447444988821,0.0,nan
187,25,0.0057699961421499545,0.0,nan
187,26,1.8991213435164669,1.0,nan
187,27,0.011105286117316884,0.125,nan
187,28,0.0064057086336972765,0.0,nan
187,29,0.00392691740741242,0.0,nan
187,30,0.009389136691040193,0.0,nan
187,31,0.004562858850635621,0.0,nan
187,32,0.008543225718508345,0.0,nan
187,33,0.004065059425550495,0.0,nan
187,34,0.004895609169609442,0.0,nan
187,35,0.005563115434649213,0.0,nan
187,36,3.0398543488129217,1.0,nan
187,37,0.00913181872673725,0.0,nan
187,38,0.007932890075794653,0.0,nan
187,39,0.003072284877742858,0.0,nan
187,40,0.005078217995984655,0.0,nan
187,41,0.005661400194325381,0.0,nan
187,42,0.010939682529248677,0.0,nan
187,43,0.013704781047476952,0.125,nan
187,44,0.009686911584861865,0.0,nan
187,45,0.00578560570717487,0.0,nan
187,46,0.00484156601396139,0.0,nan
187,47,0.003027807362981415,0.0,nan
187,48,0.04423405448981414,0.25,nan
187,49,0.0030566020853554916,0.0,nan
187,50,0.0032491247124499735,0.0,nan
187,51,0.00228807232276417,0.0,nan
187,52,0.0018482311540312046,0.0,nan
187,53,0.037436621594384406,0.1875,nan
187,54,0.0030971499165787487,0.0,nan
187,55,0.0036820080652081753,0.0,nan
187,56,0.01386527534825951,0.0,nan
187,57,0.01044083608657673,0.0625,nan
187,58,0.0052852237076111905,0.0,nan
187,59,0.004366672961356019,0.0,nan
187,60,0.004453163830612209,0.0,nan
187,61,0.003485926598645309,0.0,nan
187,62,0.011119769417896622,0.0,nan
187,63,0.006592576441734712,0.0,nan
187,64,0.021496468993809123,0.0625,nan
187,65,0.004840364511199211,0.0,nan
187,66,0.008102429060608705,0.0625,nan
187,67,0.00460357683107367,0.0,nan
187,68,0.006824875194646756,0.0,nan
187,69,0.00899063287080097,0.0,nan
187,70,0.005258118186238508,0.0,nan
187,71,0.002038485166147648,0.0,nan
187,72,0.006547267169491108,0.0,nan
187,73,0.004018790556757697,0.0,nan
187,74,0.010441783761304554,0.1875,nan
187,75,0.006187782401569335,0.0,nan
187,76,0.009988466352177022,0.0,nan
187,77,0.007986632761111228,0.0,nan
187,78,0.023908601101659686,0.0625,nan
187,79,0.0035927426618540936,0.0,nan
187,80,0.0033925748073818833,0.0,nan
187,81,0.03018946058811582,0.0625,nan
187,82,0.003940243237664552,0.0,nan
187,83,0.0028363147120406803,0.0,nan
187,84,0.008316924712298574,0.0,nan
187,85,0.31041996129863947,0.6875,nan
187,86,0.06888672633968898,0.4375,nan
187,87,0.006365185516103223,0.0,nan
187,88,0.013428868655495937,0.0625,nan
187,89,0.00963066303295464,0.0,nan
187,90,0.008536537372555553,0.0,nan
187,91,11.635719000582846,1.0,nan
187,92,0.004980921496166338,0.0,nan
187,93,0.005931022555054564,0.0,nan
187,94,11.503709476621571,1.0,nan
187,95,0.0038824547812232103,0.0,nan
187,96,0.004151628757848624,0.125,nan
187,97,0.005229874815565753,0.0625,nan
187,98,0.005428652310814498,0.0,nan
187,99,0.007130145917459414,0.0,nan
188,0,0.0049877315130182525,0.0,nan
188,1,0.008528762194929498,0.0,nan
188,2,0.003392336677273928,0.0,nan
188,3,1.2445468586313146,1.0,nan
188,4,0.005134535009964087,0.0,nan
188,5,0.004779945476345922,0.0,nan
188,6,0.004075661000801094,0.0625,nan
188,7,0.012727453908289627,0.0,nan
188,8,9.603973872175224,1.0,nan
188,9,0.0034300355740798797,0.0,nan
188,10,0.005146593601644399,0.0,nan
188,11,0.0034136597125666874,0.0,nan
188,12,0.03314014523387363,0.0625,nan
188,13,0.004408916576446621,0.0,nan
188,14,0.005982263991967518,0.0,nan
188,15,0.0018674019227286924,0.0,nan
188,16,0.04579109168879351,0.3125,nan
188,17,0.00603454807274751,0.0,nan
188,18,0.005929143972383241,0.0,nan
188,19,0.006635931066251249,0.0,nan
188,20,0.0020946155361269234,0.0,nan
188,21,0.006495041967488534,0.0,nan
188,22,0.0026827203523872895,0.0,nan
188,23,0.007060438954163891,0.0,nan
188,24,0.0052407921546927085,0.0,nan
188,25,0.004299082300113634,0.0,nan
188,26,1.6254672829263797,1.0,nan
188,27,0.0066340383492536365,0.0,nan
188,28,0.004735878372030788,0.0,nan
188,29,0.008201077147290271,0.0,nan
188,30,0.008046069308400072,0.0,nan
188,31,0.0034722577287101012,0.0,nan
188,32,0.004946331737594569,0.0625,nan
188,33,0.004513183820591536,0.0,nan
188,34,0.012080318775447123,0.0,nan
188,35,0.002649343188499783,0.0,nan
188,36,2.8286614513755675,1.0,nan
188,37,0.005700241786715297,0.0,nan
188,38,0.007286342692860161,0.0625,nan
188,39,0.002906774198993903,0.0,nan
188,40,0.004532308785861082,0.0,nan
188,41,0.0030962387415927007,0.0,nan
188,42,0.007210711641164385,0.0625,nan
188,43,0.009350332095311366,0.0625,nan
188,44,0.003936651593281514,0.0,nan
188,45,0.005942091652471877,0.0625,nan
188,46,0.0046038167859531985,0.0,nan
188,47,0.005030772321616587,0.0625,nan
188,48,0.018410911006541693,0.1875,nan
188,49,0.0029056727780144833,0.0,nan
188,50,0.004657642739352635,0.0,nan
188,51,0.004413082145159915,0.0,nan
188,52,0.005527433451764487,0.0,nan
188,53,0.00951847356234444,0.25,nan
188,54,0.004681457480206921,0.0,nan
188,55,0.0029710418324980833,0.0,nan
188,56,0.002796863838666116,0.0,nan
188,57,0.005437556482391049,0.0,nan
188,58,0.005817868065871027,0.0,nan
188,59,0.005572261647426746,0.0,nan
188,60,0.003043213953535947,0.0,nan
188,61,0.004982667377697221,0.0,nan
188,62,0.0030720016588777236,0.0,nan
188,63,0.003924798632424869,0.0,nan
188,64,0.007366011118268352,0.0,nan
188,65,0.002706095799826576,0.0,nan
188,66,0.002808091263422883,0.0,nan
188,67,0.003975781950619926,0.0,nan
188,68,0.005865665397258823,0.0,nan
188,69,0.008306781649832427,0.0,nan
188,70,0.004733989947805404,0.0,nan
188,71,0.0021177778592566436,0.0,nan
188,72,0.007480263678652439,0.0,nan
188,73,0.00415450191135386,0.0,nan
188,74,0.0048891869301472156,0.0,nan
188,75,0.0048400050369735385,0.0,nan
188,76,0.007071960281975393,0.0,nan
188,77,0.016680129273238503,0.0625,nan
188,78,0.0279671923036962,0.125,nan
188,79,0.0035174824299258325,0.0625,nan
188,80,0.0032461404760130534,0.0,nan
188,81,0.013490447576305485,0.0,nan
188,82,0.002464728812367663,0.0,nan
188,83,0.0025291213582177875,0.0,nan
188,84,0.008199596516753121,0.0625,nan
188,85,0.2932153886809431,0.6875,nan
188,86,0.15462153695292463,0.5625,nan
188,87,0.004755662068099999,0.0,nan
188,88,0.020405220669601834,0.0,nan
188,89,0.01183541179227517,0.0,nan
188,90,0.002183154992142564,0.0,nan
188,91,8.966860445772639,1.0,nan
188,92,0.002936401775869627,0.0,nan
188,93,0.004983199852155435,0.0,nan
188,94,7.346008647850247,1.0,nan
188,95,0.004864388075489669,0.0,nan
188,96,0.006318116154262052,0.0,nan
188,97,0.008578887276118207,0.0,nan
188,98,0.004839278835023968,0.0625,nan
188,99,0.010559302031173487,0.0,nan
189,0,0.0028783186622670974,0.0,nan
189,1,0.016097826565574035,0.1875,nan
189,2,0.007893997498079007,0.0,nan
189,3,2.414750436197077,1.0,nan
189,4,0.005589898616140975,0.0,nan
189,5,0.00562363305723514,0.0,nan
189,6,0.007394633619357433,0.0,nan
189,7,0.013758522859960105,0.0,nan
189,8,8.51899189402998,1.0,nan
189,9,0.006902226127834307,0.0,nan
189,10,0.003123936968308179,0.0,nan
189,11,0.011473513885087373,0.0,nan
189,12,0.027104818301647633,0.0625,nan
189,13,0.0038058658244121803,0.0,nan
189,14,0.006437204669802216,0.0,nan
189,15,0.010352346321836764,0.0,nan
189,16,0.13068973006201304,0.4375,nan
189,17,0.01753086289465599,0.125,nan
189,18,0.005329330067722952,0.0,nan
189,19,0.009160306343987588,0.0,nan
189,20,0.004304494538338612,0.0,nan
189,21,0.006783044811194242,0.0,nan
189,22,0.0050665616759378255,0.125,nan
189,23,0.017845152587400645,0.0,nan
189,24,0.006913234075353056,0.0625,nan
189,25,0.004266266378831129,0.0,nan
189,26,1.6659850956200466,1.0,nan
189,27,0.01440829079072731,0.0625,nan
189,28,0.009933285383378534,0.0625,nan
189,29,0.007508200752373989,0.0625,nan
189,30,0.005429437704515171,0.0,nan
189,31,0.006394538279708952,0.0,nan
189,32,0.005261211903324474,0.0,nan
189,33,0.0038726768596387437,0.0625,nan
189,34,0.004736971056659352,0.0625,nan
189,35,0.001620119428481632,0.0,nan
189,36,3.2168620011627755,1.0,nan
189,37,0.005676565274581583,0.0,nan
189,38,0.01558803575222702,0.0,nan
189,39,0.0037503558909463067,0.0,nan
189,40,0.005220683444953118,0.0,nan
189,41,0.0038045805699948795,0.0,nan
189,42,0.008896043256531642,0.0,nan
189,43,0.010324351457454362,0.0625,nan
189,44,0.0081050508345558,0.0625,nan
189,45,0.003409817805200628,0.0,nan
189,46,0.011383993714557616,0.0625,nan
189,47,0.012063439237559918,0.0,nan
189,48,0.007933694249116129,0.1875,nan
189,49,0.01284653436197259,0.0625,nan
189,50,0.003444746859518289,0.0,nan
189,51,0.007184471005202368,0.0,nan
189,52,0.006479644276266952,0.0,nan
189,53,0.06698937462280799,0.25,nan
189,54,0.0038768780839861638,0.0,nan
189,55,0.0048171708655675,0.0,nan
189,56,0.01665001089819962,0.0,nan
189,57,0.005203597041464631,0.0,nan
189,58,0.005426102584620734,0.0,nan
189,59,0.010095044066554846,0.0,nan
189,60,0.005295620897560964,0.0,nan
189,61,0.005041186027340276,0.0,nan
189,62,0.0034197660963692436,0.0,nan
189,63,0.009640105493202357,0.0,nan
189,64,0.0036183832652283135,0.0,nan
189,65,0.004722860213433458,0.0,nan
189,66,0.00393891627142535,0.0,nan
189,67,0.006255164663565745,0.0,nan
189,68,0.011744221440940355,0.0625,nan
189,69,0.010516496211439108,0.0625,nan
189,70,0.006677515596193652,0.0625,nan
189,71,0.0076135343682514674,0.0,nan
189,72,0.009511454997373575,0.0,nan
189,73,0.0035670701969690525,0.0,nan
189,74,0.017890173212921818,0.0,nan
189,75,0.004620096065811888,0.0625,nan
189,76,0.007969636504306323,0.0,nan
189,77,0.013963197078693822,0.0625,nan
189,78,0.03263529075923653,0.125,nan
189,79,0.006976629921405064,0.0625,nan
189,80,0.006194083530398087,0.0,nan
189,81,0.010933315600447503,0.125,nan
189,82,0.005275118922428798,0.0,nan
189,83,0.0057522308789982775,0.0,nan
189,84,0.004412322599659088,0.0,nan
189,85,0.47582764509930575,0.875,nan
189,86,0.11295326599802069,0.375,nan
189,87,0.008758450077348507,0.0,nan
189,88,0.007176370538111541,0.0625,nan
189,89,0.005132493727502071,0.0,nan
189,90,0.00531105385139953,0.0,nan
189,91,10.024029687184527,1.0,nan
189,92,0.0034355411005763435,0.0,nan
189,93,0.007626455848425459,0.0,nan
189,94,10.635356112892005,1.0,nan
189,95,0.005002526885867291,0.0,nan
189,96,0.014463741613002411,0.125,nan
189,97,0.010293286441548945,0.0,nan
189,98,0.006357807145120258,0.0,nan
189,99,0.007724235774245495,0.0625,nan
190,0,0.004392941228799161,0.0,nan
190,1,0.011018948177677776,0.0625,nan
190,2,0.004206856301866263,0.0,nan
190,3,1.7472476596249447,1.0,nan
190,4,0.005750806022686633,0.0,nan
190,5,0.006066110484390036,0.0,nan
190,6,0.003842079619917157,0.0,nan
190,7,0.010294497267660751,0.0625,nan
190,8,9.161942174641638,1.0,nan
190,9,0.006064009918076807,0.0,nan
190,10,0.004608615729968688,0.0,nan
190,11,0.00616458660129689,0.0,nan
190,12,0.07220796612947497,0.1875,nan
190,13,0.005470742389350785,0.0,nan
190,14,0.003127551014659096,0.0,nan
190,15,0.0023204034608706467,0.0,nan
190,16,0.08954545973276115,0.375,nan
190,17,0.011237678836064349,0.125,nan
190,18,0.0060064699418126335,0.0,nan
190,19,0.014382152570149381,0.0,nan
190,20,0.003258646895097183,0.0,nan
190,21,0.01437223406179958,0.0,nan
190,22,0.004495024701487977,0.0,nan
190,23,0.008868632963556517,0.0,nan
190,24,0.007746006073177825,0.0,nan
190,25,0.006123580709711779,0.0625,nan
190,26,1.445154611607433,1.0,nan
190,27,0.01269271135626773,0.0,nan
190,28,0.004928811020920663,0.0,nan
190,29,0.007410848222297742,0.0,nan
190,30,0.005842969385269262,0.0,nan
190,31,0.003305608395379112,0.0,nan
190,32,0.006865118864610857,0.0,nan
190,33,0.003386007338153325,0.0,nan
190,34,0.00787625757855452,0.0,nan
190,35,0.0034808509337262957,0.0,nan
190,36,4.894741189084835,1.0,nan
190,37,0.005490213786816613,0.0625,nan
190,38,0.008685693914681436,0.125,nan
190,39,0.003766884384771389,0.0,nan
190,40,0.005973528319203237,0.0,nan
190,41,0.00489050167160936,0.0,nan
190,42,0.010684004316272934,0.0,nan
190,43,0.007663466085557961,0.125,nan
190,44,0.0050945255980302554,0.125,nan
190,45,0.008542741438583993,0.0,nan
190,46,0.009159903554539515,0.125,nan
190,47,0.0059371135954376895,0.0,nan
190,48,0.026334106777423358,0.125,nan
190,49,0.00541651585498143,0.0,nan
190,50,0.0031092638553129283,0.0,nan
190,51,0.0060863562563437746,0.0,nan
190,52,0.004968916550745799,0.0625,nan
190,53,0.029284923815712065,0.1875,nan
190,54,0.003283024207972384,0.0,nan
190,55,0.0060680022495648266,0.0,nan
190,56,0.005759096707609604,0.0,nan
190,57,0.007059677628690033,0.0,nan
190,58,0.008197151764479925,0.0,nan
190,59,0.0026401019674756315,0.0,nan
190,60,0.003171526245921624,0.0,nan
190,61,0.005424941422511809,0.0,nan
190,62,0.010652316960221446,0.0,nan
190,63,0.008118489098561766,0.0625,nan
190,64,0.005742977866532953,0.0,nan
190,65,0.01005888424448844,0.0,nan
190,66,0.004800119464762004,0.0,nan
190,67,0.005872406793043402,0.125,nan
190,68,0.009638752086752075,0.0,nan
190,69,0.007022434768948859,0.0,nan
190,70,0.008901214837853645,0.0,nan
190,71,0.0034660046199151175,0.0,nan
190,72,0.0045819867641343015,0.0,nan
190,73,0.0064744105179225225,0.0,nan
190,74,0.008980330457572327,0.0625,nan
190,75,0.004256010189642587,0.0625,nan
190,76,0.00785431624725577,0.125,nan
190,77,0.005253037706655495,0.0,nan
190,78,0.062324344828032174,0.25,nan
190,79,0.004543225832907723,0.0,nan
190,80,0.005117837438523265,0.0,nan
190,81,0.008348035794785347,0.0,nan
190,82,0.0054380315474055144,0.0,nan
190,83,0.004308255171980529,0.0,nan
190,84,0.006934780823324358,0.0,nan
190,85,0.2404399186893209,0.75,nan
190,86,0.07422948624744968,0.25,nan
190,87,0.0025436701286051465,0.0,nan
190,88,0.019713182484616495,0.1875,nan
190,89,0.007421873629074701,0.0625,nan
190,90,0.005718742852974065,0.0,nan
190,91,9.607500395888632,1.0,nan
190,92,0.0057343001274453515,0.0,nan
190,93,0.008706335494530992,0.0,nan
190,94,9.64185124552733,1.0,nan
190,95,0.0038206963570895265,0.0,nan
190,96,0.003976848681441061,0.0,nan
190,97,0.005459971226744673,0.0,nan
190,98,0.0040964400390769914,0.0,nan
190,99,0.006442989092642052,0.0,nan
191,0,0.005242948232805461,0.0,nan
191,1,0.014044822253514125,0.0,nan
191,2,0.00629243329538343,0.0,nan
191,3,1.6331309505383946,1.0,nan
191,4,0.0051794010983632136,0.0,nan
191,5,0.0037106846343099914,0.0,nan
191,6,0.003999779819622548,0.0,nan
191,7,0.010834150680226995,0.0,nan
191,8,9.619110514278411,1.0,nan
191,9,0.0036137111706835015,0.0,nan
191,10,0.0041180614240498795,0.0625,nan
191,11,0.007289614656118944,0.0,nan
191,12,0.019605870948884087,0.0625,nan
191,13,0.006519635351957797,0.0,nan
191,14,0.004831596322243448,0.0,nan
191,15,0.005243151266275349,0.0,nan
191,16,0.04209398672229919,0.1875,nan
191,17,0.012800785632615615,0.0,nan
191,18,0.005937710699672383,0.0,nan
191,19,0.004700051898034888,0.0,nan
191,20,0.005671508602325041,0.0,nan
191,21,0.003994238878704412,0.0,nan
191,22,0.00480990116756618,0.0,nan
191,23,0.008942298267814262,0.0,nan
191,24,0.003730791594730702,0.0,nan
191,25,0.004829855661278678,0.0625,nan
191,26,1.2397120973728053,1.0,nan
191,27,0.00982262020815346,0.0625,nan
191,28,0.009581923212458331,0.0,nan
191,29,0.005577718719431337,0.0,nan
191,30,0.007352532100059749,0.0,nan
191,31,0.004530383422807363,0.0,nan
191,32,0.0068616776794918986,0.0,nan
191,33,0.004739380542649697,0.0,nan
191,34,0.01379059961346004,0.0625,nan
191,35,0.00407017390957907,0.0,nan
191,36,3.115905339711828,1.0,nan
191,37,0.005684670496518097,0.0625,nan
191,38,0.016317259565811072,0.125,nan
191,39,0.003931805239857622,0.0,nan
191,40,0.004938558615780712,0.0,nan
191,41,0.004681882692975168,0.0,nan
191,42,0.011341923687479813,0.0,nan
191,43,0.023083505425220772,0.125,nan
191,44,0.0038360590744485586,0.0625,nan
191,45,0.005035457660030241,0.0,nan
191,46,0.007793188493981535,0.0,nan
191,47,0.005674371922441143,0.0625,nan
191,48,0.037645867912728594,0.125,nan
191,49,0.0023747819313896987,0.0625,nan
191,50,0.004863092026760401,0.0,nan
191,51,0.008618317668013754,0.0,nan
191,52,0.008302696222286746,0.0,nan
191,53,0.043513045762700056,0.25,nan
191,54,0.0028318954479686163,0.0,nan
191,55,0.004288454548887767,0.0,nan
191,56,0.007798204134004533,0.0,nan
191,57,0.004475920833925582,0.125,nan
191,58,0.005874366843821906,0.0,nan
191,59,0.004717002333889919,0.0,nan
191,60,0.005326771156032337,0.0625,nan
191,61,0.006448028278453269,0.0625,nan
191,62,0.0050511371857839,0.0,nan
191,63,0.0057588251773884845,0.0,nan
191,64,0.002304696780043085,0.0,nan
191,65,0.0019032257478854104,0.0,nan
191,66,0.004543858756589851,0.0,nan
191,67,0.00666227687880318,0.0,nan
191,68,0.009666829925320081,0.0,nan
191,69,0.005727473847518852,0.0,nan
191,70,0.008276792984084558,0.0,nan
191,71,0.00206351462963818,0.0,nan
191,72,0.006274802919814713,0.0,nan
191,73,0.0036109285717298477,0.0,nan
191,74,0.00771769197135695,0.125,nan
191,75,0.0050948258564731804,0.0,nan
191,76,0.0062449568019834634,0.0625,nan
191,77,0.004920260148690407,0.0,nan
191,78,0.05129447969705753,0.1875,nan
191,79,0.004863502539043557,0.0,nan
191,80,0.001971840018435792,0.0,nan
191,81,0.01467721876355772,0.0,nan
191,82,0.00285314093354977,0.0,nan
191,83,0.0028187810580486586,0.0,nan
191,84,0.00575078097582509,0.0,nan
191,85,0.2508900110834619,0.625,nan
191,86,0.05739687221317428,0.25,nan
191,87,0.0049462637277042755,0.0,nan
191,88,0.016194062712046875,0.0625,nan
191,89,0.008831017650299556,0.0,nan
191,90,0.004619949783998989,0.0,nan
191,91,11.38415402852489,1.0,nan
191,92,0.004759064037676524,0.0,nan
191,93,0.003091609093530935,0.0,nan
191,94,6.632548968792703,1.0,nan
191,95,0.0069392573823475415,0.0,nan
191,96,0.0060139097657054864,0.0,nan
191,97,0.0036177904080407636,0.0,nan
191,98,0.005555090543565653,0.0,nan
191,99,0.006228567852918516,0.0,nan
192,0,0.008499339992475458,0.0625,nan
192,1,0.008126778768543941,0.0625,nan
192,2,0.002296197550864289,0.0,nan
192,3,2.0508848885027353,1.0,nan
192,4,0.004720861038819988,0.0,nan
192,5,0.006589428707472759,0.0,nan
192,6,0.008632338693829428,0.0,nan
192,7,0.009946677430262972,0.0,nan
192,8,8.669642821829395,1.0,nan
192,9,0.00393289042672126,0.0,nan
192,10,0.005442403343389152,0.0,nan
192,11,0.005699225450061973,0.0,nan
192,12,0.027545082272918717,0.25,nan
192,13,0.008082168010525494,0.0,nan
192,14,0.007290398143363823,0.0,nan
192,15,0.003767859931948771,0.0,nan
192,16,0.05581511860264677,0.3125,nan
192,17,0.006116364797442601,0.0,nan
192,18,0.006132551284377658,0.0,nan
192,19,0.019676591306206893,0.0,nan
192,20,0.006055254583893059,0.0,nan
192,21,0.02502538984668569,0.0,nan
192,22,0.004048607685351197,0.0,nan
192,23,0.01178097887965155,0.125,nan
192,24,0.007694536550167373,0.0,nan
192,25,0.00659857626881784,0.0625,nan
192,26,1.9416948866414359,1.0,nan
192,27,0.017043550170196813,0.0,nan
192,28,0.0031391016483875048,0.0,nan
192,29,0.012321089756556436,0.0,nan
192,30,0.010715370730933408,0.0,nan
192,31,0.010443487179686291,0.0,nan
192,32,0.0035730258129456753,0.0,nan
192,33,0.005066543103260017,0.0,nan
192,34,0.009367632518227047,0.0,nan
192,35,0.002361513313561924,0.0,nan
192,36,3.44797454925805,1.0,nan
192,37,0.003101729657814792,0.0,nan
192,38,0.010921062354284042,0.0625,nan
192,39,0.004045099760657907,0.0,nan
192,40,0.002537143727872741,0.0,nan
192,41,0.0044717413972639,0.0,nan
192,42,0.010013883417671912,0.0,nan
192,43,0.016953077400178596,0.0,nan
192,44,0.005974301164729273,0.0,nan
192,45,0.0019305164402508021,0.0,nan
192,46,0.007771194391557756,0.0,nan
192,47,0.008684192180617882,0.0625,nan
192,48,0.017896771642921444,0.0625,nan
192,49,0.004797320613683264,0.0,nan
192,50,0.005351038839666998,0.0,nan
192,51,0.0031223910344575813,0.0,nan
192,52,0.012679707955718086,0.0,nan
192,53,0.034967199383983336,0.125,nan
192,54,0.0028329577623786044,0.0,nan
192,55,0.003928064020086779,0.0,nan
192,56,0.0137754957090878,0.0,nan
192,57,0.006737973649304778,0.0,nan
192,58,0.004315422933966531,0.0,nan
192,59,0.005906904643228033,0.0625,nan
192,60,0.004234222438349375,0.0,nan
192,61,0.007418577982755007,0.0,nan
192,62,0.005774203641596061,0.0,nan
192,63,0.004906020767036123,0.0,nan
192,64,0.007451038393052981,0.0,nan
192,65,0.005397968582015668,0.0,nan
192,66,0.004595321922734456,0.0,nan
192,67,0.011051591943629936,0.0,nan
192,68,0.004322713114990872,0.0,nan
192,69,0.01210473889188172,0.0,nan
192,70,0.007941433059254637,0.0,nan
192,71,0.004995780650237666,0.0,nan
192,72,0.0057796524903198625,0.0,nan
192,73,0.013660873685268148,0.0625,nan
192,74,0.014170437021878892,0.0625,nan
192,75,0.0057926025007916035,0.0,nan
192,76,0.012492590378794164,0.0,nan
192,77,0.007035656696740551,0.0,nan
192,78,0.03305979300137929,0.1875,nan
192,79,0.005332742865814765,0.0,nan
192,80,0.005273062059654625,0.0,nan
192,81,0.012115078755461795,0.1875,nan
192,82,0.005743897711744966,0.0,nan
192,83,0.006008918659547613,0.0,nan
192,84,0.007040461278921702,0.0,nan
192,85,0.25856697045326776,0.6875,nan
192,86,0.02972582306661513,0.25,nan
192,87,0.002961264549170022,0.0,nan
192,88,0.011816949017059288,0.125,nan
192,89,0.00988345004214842,0.0,nan
192,90,0.0049100819120300645,0.0,nan
192,91,10.649682926945296,1.0,nan
192,92,0.004167386737055537,0.0,nan
192,93,0.005526679446847498,0.0,nan
192,94,7.530000683183104,1.0,nan
192,95,0.005963534026869225,0.0,nan
192,96,0.007218197948328731,0.0,nan
192,97,0.011955589361027268,0.0,nan
192,98,0.004693653261457216,0.0,nan
192,99,0.003422752666786072,0.0,nan
193,0,0.0033369118587408507,0.0,nan
193,1,0.015727063112644733,0.125,nan
193,2,0.005778069666957359,0.0,nan
193,3,1.0150743694481141,1.0,nan
193,4,0.005261818761609164,0.0625,nan
193,5,0.005369855577750793,0.0,nan
193,6,0.004482311490100935,0.0,nan
193,7,0.011416831730271988,0.0,nan
193,8,8.316561354326707,1.0,nan
193,9,0.005639891509609203,0.0,nan
193,10,0.0057424511230391405,0.0,nan
193,11,0.0075882900494061035,0.0,nan
193,12,0.03747692243751531,0.25,nan
193,13,0.010252723356469599,0.0,nan
193,14,0.005198596639513324,0.0625,nan
193,15,0.009329325434754144,0.0,nan
193,16,0.02984263871131878,0.125,nan
193,17,0.007786258317167398,0.0,nan
193,18,0.01604799594663416,0.0625,nan
193,19,0.020767651955953113,0.0,nan
193,20,0.0023832666406731454,0.0,nan
193,21,0.015557791155126444,0.0,nan
193,22,0.005245683512017494,0.0,nan
193,23,0.014167485180978719,0.0,nan
193,24,0.005513651329710809,0.0,nan
193,25,0.00576216481463058,0.125,nan
193,26,1.7196072316467808,1.0,nan
193,27,0.01521268903424277,0.125,nan
193,28,0.009918336389348912,0.0,nan
193,29,0.0033008514984720658,0.0,nan
193,30,0.004079911877137435,0.0625,nan
193,31,0.003890445045982494,0.125,nan
193,32,0.008547368506905396,0.0625,nan
193,33,0.005162616672907093,0.0,nan
193,34,0.013281899810100488,0.0,nan
193,35,0.005850139780712721,0.0625,nan
193,36,3.3606099643304774,1.0,nan
193,37,0.006999275176441069,0.0,nan
193,38,0.01210149232786749,0.0625,nan
193,39,0.004043356615270211,0.0,nan
193,40,0.006826743382370852,0.0,nan
193,41,0.004167525322297046,0.0625,nan
193,42,0.011072501393451686,0.0,nan
193,43,0.016615996296430645,0.0625,nan
193,44,0.004684160516992258,0.0625,nan
193,45,0.003831654116354711,0.0,nan
193,46,0.008889826387819509,0.0625,nan
193,47,0.007424229215656518,0.0,nan
193,48,0.05596963270347266,0.375,nan
193,49,0.0039045836750489955,0.0,nan
193,50,0.005584999202207569,0.0,nan
193,51,0.008417498008445014,0.0625,nan
193,52,0.013634942453968363,0.0625,nan
193,53,0.007815439759646598,0.125,nan
193,54,0.0034234611118830974,0.0625,nan
193,55,0.004975484442777324,0.0,nan
193,56,0.00521833846200105,0.0,nan
193,57,0.0036300334661812242,0.125,nan
193,58,0.016692130439390294,0.0,nan
193,59,0.0025113641296079427,0.0625,nan
193,60,0.0029098710077594594,0.0,nan
193,61,0.009658850057586037,0.0625,nan
193,62,0.01200833789733589,0.0625,nan
193,63,0.004210299533712357,0.0,nan
193,64,0.004050686847553827,0.0,nan
193,65,0.005651663322528576,0.0,nan
193,66,0.0068295756194969946,0.0,nan
193,67,0.00826810219164004,0.0,nan
193,68,0.006028542401326876,0.0,nan
193,69,0.009087572877255284,0.0625,nan
193,70,0.012271240996807604,0.0,nan
193,71,0.0042911776647508015,0.0,nan
193,72,0.004628182452954025,0.0,nan
193,73,0.004680217046626654,0.0,nan
193,74,0.023228716750938273,0.125,nan
193,75,0.00790841480804825,0.0625,nan
193,76,0.004715134002024959,0.0625,nan
193,77,0.00560523877831293,0.0,nan
193,78,0.0654996704565021,0.25,nan
193,79,0.0030717055490185902,0.0,nan
193,80,0.0074108958446424105,0.0,nan
193,81,0.01815587103473872,0.125,nan
193,82,0.003314551442708916,0.0,nan
193,83,0.0074668009634071926,0.0,nan
193,84,0.012872998831555143,0.0,nan
193,85,0.1942080515356079,0.5625,nan
193,86,0.08559346612989005,0.375,nan
193,87,0.007187144637075197,0.0,nan
193,88,0.009788230178787143,0.0,nan
193,89,0.006770831573150586,0.0,nan
193,90,0.0029419205544213107,0.0,nan
193,91,9.55261798029564,1.0,nan
193,92,0.003711794006570816,0.0,nan
193,93,0.009917879693717113,0.0,nan
193,94,10.217806076444628,1.0,nan
193,95,0.007272263564037187,0.0,nan
193,96,0.010699731881126415,0.0,nan
193,97,0.016179668702178733,0.0625,nan
193,98,0.004226440385081376,0.0625,nan
193,99,0.009857999369701444,0.0625,nan
194,0,0.006948565357460188,0.0,nan
194,1,0.021207056650839273,0.1875,nan
194,2,0.004237586928647982,0.0625,nan
194,3,1.6562644555007031,1.0,nan
194,4,0.003262322705356248,0.0,nan
194,5,0.005416932284906223,0.0,nan
194,6,0.005271553372826049,0.0,nan
194,7,0.015665136355876262,0.0625,nan
194,8,6.883967287439285,1.0,nan
194,9,0.0072374286711831114,0.0,nan
194,10,0.003675421308050631,0.0,nan
194,11,0.003669345900922079,0.0,nan
194,12,0.05358727572313611,0.3125,nan
194,13,0.004515160232922026,0.0,nan
194,14,0.004600954936292732,0.0,nan
194,15,0.004431869924238604,0.0,nan
194,16,0.04127677100483838,0.1875,nan
194,17,0.012926076137110647,0.0625,nan
194,18,0.006018037978956734,0.0,nan
194,19,0.01261658509235551,0.0625,nan
194,20,0.003737268083100176,0.0,nan
194,21,0.006400650087992919,0.0625,nan
194,22,0.006178298358042025,0.0,nan
194,23,0.004280343319483971,0.0625,nan
194,24,0.006752930119054961,0.0,nan
194,25,0.010768271409320006,0.0,nan
194,26,1.504506562818157,1.0,nan
194,27,0.01317609971748648,0.25,nan
194,28,0.0034339275776746323,0.0,nan
194,29,0.0036831575617910332,0.0,nan
194,30,0.003323834818967431,0.0,nan
194,31,0.003059276699468967,0.0,nan
194,32,0.0018098391565923425,0.0,nan
194,33,0.005351755081559172,0.0,nan
194,34,0.0078297661471482,0.0,nan
194,35,0.006606457566201616,0.0,nan
194,36,2.811524984296571,1.0,nan
194,37,0.0063161580507551975,0.0,nan
194,38,0.010508161106318682,0.0,nan
194,39,0.002116166115170604,0.0,nan
194,40,0.004588291092593621,0.0,nan
194,41,0.005316034675506927,0.0,nan
194,42,0.007035987721888939,0.0,nan
194,43,0.01748340004012252,0.0,nan
194,44,0.004314567630358438,0.0,nan
194,45,0.0058569105323471905,0.0,nan
194,46,0.008594337574183996,0.0,nan
194,47,0.00515932645846337,0.0,nan
194,48,0.0165299965204214,0.0625,nan
194,49,0.004751539558834422,0.0,nan
194,50,0.001946633670868379,0.0,nan
194,51,0.004902497187237664,0.0,nan
194,52,0.006742822045157086,0.0625,nan
194,53,0.017802806190395766,0.125,nan
194,54,0.002713310481290771,0.0,nan
194,55,0.0007934776584415588,0.0,nan
194,56,0.008261417350429125,0.0625,nan
194,57,0.005633762619262298,0.0,nan
194,58,0.006874939178545635,0.0,nan
194,59,0.0029853947500114125,0.0,nan
194,60,0.0033351573424009046,0.0,nan
194,61,0.012384809736442114,0.0625,nan
194,62,0.005115586177425816,0.0,nan
194,63,0.0046284201383402215,0.0,nan
194,64,0.0017499671585189235,0.0,nan
194,65,0.003276292954408411,0.0,nan
194,66,0.006800798279709424,0.0,nan
194,67,0.00429799198183996,0.0,nan
194,68,0.006282714717650974,0.0,nan
194,69,0.014460077055533602,0.0,nan
194,70,0.013059021439255646,0.0625,nan
194,71,0.001587259049957067,0.0,nan
194,72,0.005249044117480015,0.0,nan
194,73,0.004403707520656459,0.0,nan
194,74,0.009828428847779434,0.0,nan
194,75,0.004084014821042887,0.0625,nan
194,76,0.009218875415793398,0.0,nan
194,77,0.0043464281268431135,0.0,nan
194,78,0.0868070732660503,0.125,nan
194,79,0.0037749426853055804,0.0,nan
194,80,0.006928750567899784,0.0625,nan
194,81,0.013215569317040765,0.0625,nan
194,82,0.004380165963997171,0.0,nan
194,83,0.004167823354927041,0.0,nan
194,84,0.003929880388822149,0.0,nan
194,85,0.28866990330634246,0.8125,nan
194,86,0.20769267178971962,0.625,nan
194,87,0.003283967855932164,0.0,nan
194,88,0.012339284889180225,0.0,nan
194,89,0.013287407381067564,0.125,nan
194,90,0.005606215589352136,0.0625,nan
194,91,11.853879743812552,1.0,nan
194,92,0.0065399428178292375,0.0,nan
194,93,0.005139788332129869,0.0,nan
194,94,7.052708653633739,1.0,nan
194,95,0.004600123339403073,0.0625,nan
194,96,0.015304456596916193,0.0,nan
194,97,0.00664217671012321,0.0625,nan
194,98,0.005703996925909486,0.0625,nan
194,99,0.005650798694321635,0.0,nan
195,0,0.004562757316677737,0.0,nan
195,1,0.010686405666081963,0.125,nan
195,2,0.006434444294878402,0.0,nan
195,3,1.5742882078342144,1.0,nan
195,4,0.006678935673408274,0.0,nan
195,5,0.00708261815937508,0.0,nan
195,6,0.005464476692653047,0.0,nan
195,7,0.007222420974845716,0.0625,nan
195,8,8.109529745520792,1.0,nan
195,9,0.005878165220670242,0.0625,nan
195,10,0.005672852410677431,0.0625,nan
195,11,0.008961521567616768,0.0,nan
195,12,0.021374194379306204,0.1875,nan
195,13,0.007356598286857705,0.0625,nan
195,14,0.004813832811558184,0.0,nan
195,15,0.0054208242385024264,0.0,nan
195,16,0.10593694553900541,0.4375,nan
195,17,0.012354547925698855,0.0,nan
195,18,0.011328352623299707,0.0,nan
195,19,0.009417896063748354,0.0625,nan
195,20,0.005937422161670499,0.0,nan
195,21,0.00672988542070811,0.0,nan
195,22,0.005131652583912627,0.0,nan
195,23,0.010387789611705082,0.1875,nan
195,24,0.006658728101098854,0.0,nan
195,25,0.00474264197839831,0.0,nan
195,26,1.3505194503573452,1.0,nan
195,27,0.016754300944656485,0.125,nan
195,28,0.006543445969045492,0.0,nan
195,29,0.0028569013375058802,0.0625,nan
195,30,0.006433093796740097,0.0,nan
195,31,0.0033267707954165947,0.0,nan
195,32,0.005146328324421395,0.0,nan
195,33,0.0039750263843526595,0.0,nan
195,34,0.009046330244970742,0.0625,nan
195,35,0.0034794676969505667,0.0,nan
195,36,3.07377911694491,1.0,nan
195,37,0.006642709553164988,0.0,nan
195,38,0.01745090539352311,0.0625,nan
195,39,0.003522232776773366,0.0,nan
195,40,0.007533655488672887,0.0,nan
195,41,0.005434490522402092,0.0,nan
195,42,0.009925754871607535,0.0,nan
195,43,0.007167949333313728,0.0,nan
195,44,0.0038288896634886835,0.0,nan
195,45,0.006287200313499371,0.0,nan
195,46,0.007426620905115111,0.0625,nan
195,47,0.006636004613247305,0.0625,nan
195,48,0.02116211547720969,0.1875,nan
195,49,0.01093422658275282,0.0625,nan
195,50,0.005322757660483366,0.0,nan
195,51,0.004718695142977859,0.0625,nan
195,52,0.00912656831193881,0.0,nan
195,53,0.043963290294123686,0.3125,nan
195,54,0.003442954116512924,0.0,nan
195,55,0.003662350601253891,0.0,nan
195,56,0.007866317384055393,0.0,nan
195,57,0.004796948860688166,0.0625,nan
195,58,0.0033948880016324784,0.0,nan
195,59,0.009057369268301599,0.0,nan
195,60,0.0034247307727291194,0.0,nan
195,61,0.010396958412361634,0.0,nan
195,62,0.003300249219151014,0.0,nan
195,63,0.009766048283804653,0.0,nan
195,64,0.006915520355604048,0.0,nan
195,65,0.006642576431930529,0.0,nan
195,66,0.003866590874960841,0.0,nan
195,67,0.0080174225707894,0.0,nan
195,68,0.008039071612659904,0.0,nan
195,69,0.008335919838999391,0.0,nan
195,70,0.006253421336887894,0.0625,nan
195,71,0.002672410161561941,0.0,nan
195,72,0.004883794229089467,0.0,nan
195,73,0.006895737896348956,0.0,nan
195,74,0.01041256659978852,0.125,nan
195,75,0.008859994820699931,0.0,nan
195,76,0.0055857846500723405,0.0,nan
195,77,0.009064425715157757,0.0,nan
195,78,0.02088481894493792,0.1875,nan
195,79,0.004065787537298747,0.0,nan
195,80,0.006046229703743048,0.0,nan
195,81,0.01798839715035029,0.125,nan
195,82,0.006128619145296333,0.0,nan
195,83,0.0035181574094698934,0.0,nan
195,84,0.015235392570307331,0.0625,nan
195,85,0.2891380829043706,0.6875,nan
195,86,0.06952922326557257,0.4375,nan
195,87,0.00728347125300232,0.0,nan
195,88,0.004974379752783425,0.0,nan
195,89,0.0038128616201084592,0.0,nan
195,90,0.004440213576313341,0.0,nan
195,91,8.993280407289516,1.0,nan
195,92,0.005611372244659035,0.0,nan
195,93,0.010111679379788484,0.0,nan
195,94,14.892746651042014,1.0,nan
195,95,0.003911794978543038,0.0,nan
195,96,0.006849735553530304,0.0,nan
195,97,0.004310834575476311,0.0,nan
195,98,0.005030719630981139,0.0,nan
195,99,0.003972741210781377,0.0,nan
196,0,0.0032299937129648838,0.0,nan
196,1,0.009949120808012583,0.0,nan
196,2,0.0033022958687303388,0.0,nan
196,3,1.6727890430407175,1.0,nan
196,4,0.006323345478414989,0.0,nan
196,5,0.0028888469279373884,0.0,nan
196,6,0.006736027695182814,0.0,nan
196,7,0.012228622316446293,0.0625,nan
196,8,7.252773536495118,1.0,nan
196,9,0.002285023693193522,0.0,nan
196,10,0.004508378396974018,0.0,nan
196,11,0.0030523352784951833,0.0,nan
196,12,0.03257965467662978,0.125,nan
196,13,0.003767969101916439,0.0625,nan
196,14,0.003956024313799442,0.0,nan
196,15,0.0042954065948804295,0.0,nan
196,16,0.04308439135987649,0.25,nan
196,17,0.010519353517334157,0.0625,nan
196,18,0.0057966499300630345,0.0,nan
196,19,0.014679252412914123,0.0625,nan
196,20,0.001955989298317375,0.0,nan
196,21,0.0038502268585964197,0.0,nan
196,22,0.0024772957212685198,0.0,nan
196,23,0.00833479182532154,0.0,nan
196,24,0.0034031650253445087,0.0,nan
196,25,0.004138648701525307,0.0,nan
196,26,1.3239980244831213,1.0,nan
196,27,0.014888408510818567,0.0625,nan
196,28,0.008469734086339454,0.0,nan
196,29,0.0037239276360192955,0.0,nan
196,30,0.01698423740066967,0.0,nan
196,31,0.0013990614521844223,0.0,nan
196,32,0.005370402701983324,0.0625,nan
196,33,0.004423336301947635,0.0625,nan
196,34,0.007485393180877267,0.0,nan
196,35,0.0020232788823267905,0.0,nan
196,36,3.4993320315821532,1.0,nan
196,37,0.005877068185087016,0.0,nan
196,38,0.01234224893408109,0.0625,nan
196,39,0.00263154456860102,0.0625,nan
196,40,0.005698344556032354,0.0,nan
196,41,0.00498566441315536,0.0,nan
196,42,0.007839394688628046,0.0,nan
196,43,0.009792452384610656,0.0625,nan
196,44,0.006013562988465849,0.0,nan
196,45,0.005430776639976814,0.0,nan
196,46,0.005069933597409889,0.0,nan
196,47,0.012023479676206516,0.0,nan
196,48,0.023386321493877156,0.25,nan
196,49,0.0048163334727949585,0.0,nan
196,50,0.003158837292308604,0.0,nan
196,51,0.0056488495578456335,0.0,nan
196,52,0.006681375121476355,0.0,nan
196,53,0.01172622355800822,0.125,nan
196,54,0.0021406995339802444,0.0,nan
196,55,0.0034955172947006364,0.0,nan
196,56,0.005363466243392731,0.0,nan
196,57,0.004937318074562387,0.0,nan
196,58,0.004868902812694017,0.0,nan
196,59,0.0039576247494296475,0.0,nan
196,60,0.004112736895219068,0.0,nan
196,61,0.004386747664143613,0.0,nan
196,62,0.002147400451421357,0.0,nan
196,63,0.0037463493125141686,0.0,nan
196,64,0.0049265680990074456,0.0,nan
196,65,0.00441441393283195,0.0,nan
196,66,0.007166356319240617,0.0625,nan
196,67,0.0032675036582792776,0.0,nan
196,68,0.005742306348487897,0.0,nan
196,69,0.009648105680784069,0.0,nan
196,70,0.007843340586491682,0.0,nan
196,71,0.0041667085911540995,0.0625,nan
196,72,0.005271687925279937,0.0,nan
196,73,0.0032749033986045123,0.0,nan
196,74,0.003945543243513637,0.0,nan
196,75,0.004572834355296657,0.0,nan
196,76,0.002106537730023242,0.0,nan
196,77,0.0037612963495198696,0.0,nan
196,78,0.11336912452869963,0.3125,nan
196,79,0.001587368371874729,0.0,nan
196,80,0.003035577465077945,0.0,nan
196,81,0.016274861251782465,0.0625,nan
196,82,0.0022577945834552555,0.0,nan
196,83,0.0019849515890251585,0.0625,nan
196,84,0.0038048821747443846,0.0,nan
196,85,0.2079450778559827,0.625,nan
196,86,0.04718055433450612,0.1875,nan
196,87,0.002044595005350047,0.0,nan
196,88,0.007359764174275996,0.125,nan
196,89,0.01302650365020832,0.0,nan
196,90,0.0033406299944453016,0.0,nan
196,91,12.000299404996959,1.0,nan
196,92,0.0023884274387456104,0.0,nan
196,93,0.0041666592930164875,0.0,nan
196,94,9.038615175843578,1.0,nan
196,95,0.00299307470941746,0.0,nan
196,96,0.006467531872658501,0.0625,nan
196,97,0.0065437550979784796,0.0,nan
196,98,0.0031180012078999503,0.0,nan
196,99,0.009637494591016257,0.0625,nan
197,0,0.0018239773703458213,0.0,nan
197,1,0.00649420956013895,0.125,nan
197,2,0.002073836306286941,0.0,nan
197,3,1.4628170347580618,1.0,nan
197,4,0.00809343460601131,0.0625,nan
197,5,0.002668093441407518,0.0625,nan
197,6,0.0034669744882160573,0.0,nan
197,7,0.005178340931360995,0.0,nan
197,8,7.3092781373407,1.0,nan
197,9,0.005411772952639619,0.0,nan
197,10,0.00554105119515662,0.0,nan
197,11,0.005954404861301077,0.0,nan
197,12,0.018219934621600528,0.125,nan
197,13,0.00361037405576747,0.0,nan
197,14,0.00804459082711214,0.0,nan
197,15,0.0043128514973638015,0.0625,nan
197,16,0.013576809329555291,0.125,nan
197,17,0.010024430349699846,0.0625,nan
197,18,0.003881901673276817,0.0,nan
197,19,0.007563373444918095,0.0,nan
197,20,0.0011114568517215629,0.0,nan
197,21,0.005368747189882648,0.0,nan
197,22,0.003010541690259592,0.0,nan
197,23,0.0057170138448365245,0.0625,nan
197,24,0.003704417122506741,0.0,nan
197,25,0.002449055592141324,0.0,nan
197,26,1.148160666538224,1.0,nan
197,27,0.018356437571747927,0.0625,nan
197,28,0.0035813012945527713,0.0,nan
197,29,0.003374292485246071,0.0,nan
197,30,0.00487114346485455,0.0,nan
197,31,0.004093070553495902,0.0,nan
197,32,0.005043102044281293,0.0,nan
197,33,0.005243188862094045,0.0,nan
197,34,0.009736622236549726,0.0,nan
197,35,0.0021539137334274892,0.0,nan
197,36,2.792951592481458,1.0,nan
197,37,0.004482740192009171,0.0,nan
197,38,0.015559222413377241,0.0,nan
197,39,0.0035069773426465597,0.0,nan
197,40,0.0054365792280701205,0.0,nan
197,41,0.001526713172880654,0.0,nan
197,42,0.005338193689915463,0.0,nan
197,43,0.017306918065283252,0.0625,nan
197,44,0.0028866125050001114,0.0,nan
197,45,0.00238266112099487,0.125,nan
197,46,0.005971647599368151,0.0,nan
197,47,0.00629894144750715,0.0,nan
197,48,0.008775505714743885,0.1875,nan
197,49,0.002998415816152928,0.0,nan
197,50,0.0039527098732985684,0.0625,nan
197,51,0.0036302999457118856,0.0,nan
197,52,0.0058440998331763805,0.0625,nan
197,53,0.015534466277715209,0.1875,nan
197,54,0.0036751191852432766,0.0,nan
197,55,0.002061824646648971,0.0,nan
197,56,0.00573319426621253,0.0,nan
197,57,0.0039546454966183755,0.0625,nan
197,58,0.006247630231907716,0.0,nan
197,59,0.003722150528679398,0.0,nan
197,60,0.003634985367396424,0.0,nan
197,61,0.005106806575191296,0.0,nan
197,62,0.004312761683400371,0.0,nan
197,63,0.006206139226374004,0.0,nan
197,64,0.002706913283971887,0.0,nan
197,65,0.0044255442411908095,0.0,nan
197,66,0.006840144995202229,0.0,nan
197,67,0.002922597409336351,0.0,nan
197,68,0.0023806802604595433,0.0,nan
197,69,0.009599485984658554,0.0,nan
197,70,0.0021626737260644455,0.0,nan
197,71,0.0024585003163156696,0.0,nan
197,72,0.0046285986123886045,0.0,nan
197,73,0.0027461352189838677,0.0,nan
197,74,0.0034632301214893232,0.1875,nan
197,75,0.007150356827330348,0.0,nan
197,76,0.005575118760730727,0.0,nan
197,77,0.0030204715764751092,0.0,nan
197,78,0.047099024362698055,0.1875,nan
197,79,0.0016458069427224046,0.0,nan
197,80,0.004097285892986707,0.0,nan
197,81,0.012623215757210853,0.125,nan
197,82,0.003691213804351808,0.0625,nan
197,83,0.0035015270017393057,0.0,nan
197,84,0.005981396198881803,0.0,nan
197,85,0.2427146991654774,0.5625,nan
197,86,0.043061302371728526,0.3125,nan
197,87,0.003101723811397978,0.0,nan
197,88,0.011457636741654686,0.0625,nan
197,89,0.007365602236970907,0.0625,nan
197,90,0.0021549806666712563,0.0,nan
197,91,13.391438564617228,1.0,nan
197,92,0.0014339015554126354,0.0,nan
197,93,0.00633057805504685,0.0,nan
197,94,9.546832307703736,1.0,nan
197,95,0.003196781168969091,0.0,nan
197,96,0.010200068125280983,0.0,nan
197,97,0.0034916485247298663,0.0,nan
197,98,0.00312142692821662,0.0,nan
197,99,0.00674865300685472,0.0,nan
198,0,0.002529736190147123,0.0,nan
198,1,0.004073718223310474,0.0,nan
198,2,0.004589686656533004,0.0625,nan
198,3,1.411526790912955,1.0,nan
198,4,0.008962379086399257,0.0,nan
198,5,0.008556009367691696,0.0,nan
198,6,0.005839899505929181,0.0,nan
198,7,0.00901779070058924,0.0,nan
198,8,9.139793468942152,1.0,nan
198,9,0.004616264877227817,0.0,nan
198,10,0.006634626135538462,0.0,nan
198,11,0.005792091953816482,0.0,nan
198,12,0.02851553285644213,0.0625,nan
198,13,0.00353530483421569,0.0,nan
198,14,0.005028978807314427,0.0,nan
198,15,0.0031468807878665133,0.0,nan
198,16,0.02444317649579441,0.125,nan
198,17,0.014179101430722273,0.0625,nan
198,18,0.0038688317130140247,0.0,nan
198,19,0.01991733213576715,0.0,nan
198,20,0.003474454226796486,0.0,nan
198,21,0.004726570985701233,0.0625,nan
198,22,0.004735638316391292,0.0625,nan
198,23,0.004191962910301997,0.0,nan
198,24,0.00725821794493253,0.0,nan
198,25,0.0062103304240849495,0.0625,nan
198,26,1.5437226766920873,1.0,nan
198,27,0.05326393047594794,0.1875,nan
198,28,0.005502138651797299,0.0,nan
198,29,0.0040911753326798896,0.0625,nan
198,30,0.0037156916511076835,0.0,nan
198,31,0.004920889410627248,0.0,nan
198,32,0.00445390702553711,0.0,nan
198,33,0.00436894016592507,0.0625,nan
198,34,0.010073891776972734,0.0,nan
198,35,0.002925793791954576,0.0,nan
198,36,3.126397673825782,1.0,nan
198,37,0.005592454832026462,0.0,nan
198,38,0.011320343646612257,0.0625,nan
198,39,0.0020319491078212267,0.0,nan
198,40,0.00437947041407751,0.0,nan
198,41,0.0033574110380110867,0.0625,nan
198,42,0.007455912933563463,0.0,nan
198,43,0.009617727183865131,0.0625,nan
198,44,0.008338364025008742,0.0,nan
198,45,0.003686712909984057,0.0,nan
198,46,0.004815239226947056,0.0,nan
198,47,0.005486510114286133,0.0625,nan
198,48,0.06263120990322135,0.375,nan
198,49,0.0034606306332273773,0.0,nan
198,50,0.004217486329389307,0.0,nan
198,51,0.00593011319011068,0.0,nan
198,52,0.009354431416108545,0.0,nan
198,53,0.012703912112787076,0.0625,nan
198,54,0.008701971449453014,0.0,nan
198,55,0.006582237126786638,0.0,nan
198,56,0.007061381526617938,0.0,nan
198,57,0.004269283413289659,0.0,nan
198,58,0.007581280944576793,0.0,nan
198,59,0.005274146856260561,0.0,nan
198,60,0.005224243291497139,0.0,nan
198,61,0.008373890615276186,0.0,nan
198,62,0.004404718618345998,0.0,nan
198,63,0.007681770868044864,0.0,nan
198,64,0.005398927626923681,0.0,nan
198,65,0.007618275425860625,0.0,nan
198,66,0.0082102837837375,0.0,nan
198,67,0.008121642201888284,0.0,nan
198,68,0.004670333465864704,0.0,nan
198,69,0.007391693480699839,0.125,nan
198,70,0.006467356512999792,0.0,nan
198,71,0.00395827720691276,0.0,nan
198,72,0.01006182213917541,0.0625,nan
198,73,0.006715713706089653,0.0,nan
198,74,0.011708837346024691,0.0,nan
198,75,0.00845302654132065,0.0,nan
198,76,0.005843699721693717,0.0,nan
198,77,0.0065649974271751125,0.0625,nan
198,78,0.02327722356096059,0.1875,nan
198,79,0.0028785992341525237,0.0,nan
198,80,0.009570050813134647,0.0,nan
198,81,0.018172909452873275,0.125,nan
198,82,0.0022519602418931326,0.0,nan
198,83,0.00218503808183004,0.0,nan
198,84,0.005536109651521746,0.0,nan
198,85,0.12971133969881446,0.5,nan
198,86,0.0777826363458349,0.4375,nan
198,87,0.0048556802048487085,0.0,nan
198,88,0.010161859707236905,0.0625,nan
198,89,0.005986620011625844,0.0625,nan
198,90,0.0037842453211677793,0.0,nan
198,91,8.94242670352607,1.0,nan
198,92,0.003082516672731581,0.0,nan
198,93,0.00872037412496961,0.0,nan
198,94,8.284104977616575,1.0,nan
198,95,0.007359362948681386,0.0,nan
198,96,0.010237654762205724,0.0,nan
198,97,0.004206505808737699,0.0,nan
198,98,0.005164923311030965,0.0,nan
198,99,0.013811126943279118,0.0625,nan
199,0,0.004447986468478512,0.0,5.029019846376549e-06
199,1,0.004200507061663672,0.0,8.667324714905115e-05
199,2,0.0033558889628708313,0.0,1.2672936440763635e-05
199,3,1.1769362278644957,1.0,0.09957791394763897
199,4,0.005474855286403889,0.0,0.00012914968311193326
199,5,0.0036767343097652686,0.0,3.408245703877587e-06
199,6,0.004179515356905997,0.0625,3.3127085788368654e-05
199,7,0.007216760053383673,0.125,0.0005906898994127587
199,8,7.69781056472052,1.0,0.10390517666746725
199,9,0.014488981231493777,0.0625,0.00017651417459534413
199,10,0.003956753617714527,0.0,1.3937599705269348e-05
199,11,0.004135266924376959,0.0,1.1799146299358783e-05
199,12,0.020740544496999656,0.0625,0.0026663997113698787
199,13,0.0028775921633750453,0.0,7.016109900031913e-05
199,14,0.009100259718507656,0.0,0.00013167160026913294
199,15,0.0024030039460857197,0.0,2.819582319044981e-06
199,16,0.051109699556673285,0.25,0.00537535896946422
199,17,0.004262236099826783,0.0625,0.0001400116826395727
199,18,0.006566041242384479,0.0,0.00015399184043883563
199,19,0.005674204820211363,0.0,0.0005183299502302928
199,20,0.0038693589349697733,0.0,3.5320792758822343e-06
199,21,0.003315965079324683,0.0,0.00020051936277876487
199,22,0.0025906639154529574,0.0,3.2712455342875724e-05
199,23,0.005124265098985151,0.0,0.00017373366508049198
199,24,0.004008060325879523,0.0,0.00011756972702345794
199,25,0.0030000818539214196,0.0,4.855334283960028e-05
199,26,1.7211185379153404,1.0,0.08505235304690434
199,27,0.00573005933174885,0.0625,0.00048048199166759515
199,28,0.005465201741021491,0.0,0.00011613636889679358
199,29,0.005196216055400603,0.0,3.929122370856535e-06
199,30,0.003425969377664165,0.0,5.9077727228255144e-05
199,31,0.0025710566349939337,0.0,1.3316966049239159e-06
199,32,0.002736066234267512,0.0,3.851582787101613e-05
199,33,0.004920925814614004,0.0,2.9090683259685183e-05
199,34,0.005897498317454767,0.0,0.00028479011651326365
199,35,0.002526411941786435,0.0,3.5132761470788065e-06
199,36,3.139029284543981,1.0,0.47304992937967766
199,37,0.004913167210918817,0.0,9.099433769604238e-05
199,38,0.01830546587161993,0.0,0.0012172818390356057
199,39,0.001242990153471769,0.0,8.02872960824211e-07
199,40,0.007144058281517579,0.0,7.093111329988499e-05
199,41,0.005286855741610375,0.0,1.2630099701095943e-05
199,42,0.007774126001846234,0.0,0.00032145250106420945
199,43,0.006298459515589237,0.0,0.00026567779207899015
199,44,0.008488051896782,0.0,7.116522877428477e-05
199,45,0.002404068830351675,0.0,1.3697867734715417e-06
199,46,0.008263453260643188,0.0,0.00027362627726963115
199,47,0.0053442781379930485,0.125,0.0002470291822659667
199,48,0.026012658719158227,0.375,0.005030516210887919
199,49,0.0022306570218480217,0.0,2.1468005954757766e-05
199,50,0.0030616693940632976,0.0,1.7199233015038453e-05
199,51,0.0033402916927366116,0.0,5.048435455042912e-05
199,52,0.013062222999772322,0.0625,0.0002187947574364528
199,53,0.0348661212721941,0.25,0.0056247284823460865
199,54,0.004890594183681769,0.0,3.0517999554233086e-07
199,55,0.003104153284969373,0.0,6.816847930002811e-07
199,56,0.004174187546266481,0.0,0.00011358080099088383
199,57,0.005427610580611003,0.0,0.00012519423260304665
199,58,0.006141429460127145,0.0,0.0002103592732555022
199,59,0.0027111623318753332,0.0,3.837284759732558e-05
199,60,0.003251532105367094,0.0,2.0856723935988204e-05
199,61,0.004650287808858667,0.0,4.7879186150544754e-05
199,62,0.0039077856426683755,0.0,7.07079379419064e-05
199,63,0.002910110778761527,0.0,9.544047510581388e-06
199,64,0.008190993715999718,0.0625,8.143691707157772e-05
199,65,0.002607743690861985,0.0,1.7308892903097114e-05
199,66,0.0031639736017086218,0.0,2.442775647385556e-05
199,67,0.005321661182665301,0.0,0.00011315409852648865
199,68,0.004495011546250519,0.0,0.00014052637578872417
199,69,0.00405145133411206,0.0,0.00015078930983144706
199,70,0.0027906003157860204,0.0,2.3662332622495795e-05
199,71,0.003618274282983563,0.0,6.779241955356226e-06
199,72,0.006897507379753285,0.0625,9.255488774382083e-05
199,73,0.006364410494126211,0.0,3.4254126202382978e-06
199,74,0.006349005304680229,0.0,0.000521752158043423
199,75,0.005877177352652956,0.0,9.422459553713043e-05
199,76,0.004533187179625704,0.0,0.00011428817686665798
199,77,0.0050859302486737975,0.0,0.00017298884172794345
199,78,0.05095850560724462,0.3125,0.005875224370730436
199,79,0.005606038238478131,0.0,6.474294365464741e-07
199,80,0.0037237170712678992,0.0625,3.1439664309386426e-05
199,81,0.01862910913115268,0.0625,0.0013364995591295017
199,82,0.006946816222130679,0.0,1.4388834706235712e-05
199,83,0.004666833003586304,0.0,1.409622726525269e-07
199,84,0.005695997650602885,0.0,9.223756188425534e-05
199,85,0.2333225858070404,0.625,0.034959589470232706
199,86,0.0718280898897503,0.4375,0.013391794652398549
199,87,0.003687880651489185,0.0,1.0463198384823112e-06
199,88,0.00525104050236378,0.0,0.00018015105585108017
199,89,0.0031124901074643975,0.0,0.00013343675063401698
199,90,0.003472673797876835,0.0,3.704855245913897e-05
199,91,9.644579816329411,1.0,0.05227006680293052
199,92,0.0032113106720326025,0.0,9.412223366762553e-06
199,93,0.003989881477879594,0.0,9.699310498059189e-05
199,94,8.304125337030674,1.0,0.1016685399561234
199,95,0.003743670858148549,0.0,4.069423314247309e-05
199,96,0.009662892885842492,0.125,0.00033588895154027085
199,97,0.0029254861960950904,0.0,7.313317762272232e-05
199,98,0.0050878095222694885,0.0,2.861220336630393e-05
199,99,0.011092545386525696,0.0,0.00039145521707370767
