t,method,family,seed,y,f,best_obs,best_f,regret,acq_value,fit_wall_s,acq_wall_s,fit_calls,nuts_attempts,status,reason,r_hat_max,r_hat_median,frac_r_hat_below_1_05,n_eff_min,divergences,num_steps_mean,r_hat_max_native,n_eff_min_native,r_hat_max_ell,n_eff_min_ell,r_hat_max_global,n_eff_min_global,y_mean,y_std,sobol_computed,x_0,x_1,x_2,x_3,x_4,x_5,x_6,x_7,x_8,x_9,x_10,x_11,x_12,x_13,x_14,x_15,x_16,x_17,x_18,x_19,x_20,x_21,x_22,x_23,x_24,x_25,x_26,x_27,x_28,x_29,x_30,x_31,x_32,x_33,x_34,x_35,x_36,x_37,x_38,x_39,x_40,x_41,x_42,x_43,x_44,x_45,x_46,x_47,x_48,x_49,x_50,x_51,x_52,x_53,x_54,x_55,x_56,x_57,x_58,x_59,x_60,x_61,x_62,x_63,x_64,x_65,x_66,x_67,x_68,x_69,x_70,x_71,x_72,x_73,x_74,x_75,x_76,x_77,x_78,x_79,x_80,x_81,x_82,x_83,x_84,x_85,x_86,x_87,x_88,x_89,x_90,x_91,x_92,x_93,x_94,x_95,x_96,x_97,x_98,x_99
20,product/lengthscale,interaction_g0.00,3,-0.9467971298502913,-0.8995727241178968,1.3838040342033728,1.3598452093647366,2.050553580044046,0.0314768891777808,29.98420154582709,3.291028152219951,1,1,ok,,1.0733317245029892,1.0018885490135414,0.9615384615384616,23.383635140882163,0,62.75,1.0733317245029892,23.383635140882163,nan,nan,1.049759208461017,46.19854884327474,0.11033533879961901,0.8561843592801424,0,0.0,0.8450084786168558,0.0763663095438116,0.0,0.0,0.7026667675270929,0.23783075565610162,0.0,1.0,0.13676731681231788,0.0,0.0,0.2732678784300214,1.0,1.0,0.796541877307608,0.0,0.0,1.0,0.5209723277922481,0.40105933719398346,0.9949394221387424,0.0,0.0,0.0,0.7896329460228262,0.5056082447979962,0.2687234641892324,1.0,0.2687852294497518,0.5559104918250447,0.5964562118271566,1.0,1.0,0.0,0.06052476085511382,0.9647626769028529,1.0,0.0,0.0,0.42641026424331074,0.0,1.0,1.0,0.0,0.22169044668279028,0.6999427696250389,0.0,0.0,1.0,0.8463151626518357,0.0,0.7382888145798496,0.16588410925889505,0.0,1.0,0.0,1.0,0.0,0.0,0.0,0.44803686743210536,0.08262710175848915,1.0,0.6147570071031135,0.833437050452245,0.0,0.6019283403648173,0.9275063655677134,0.0,0.4808288391775499,0.9135993545755312,0.0,0.99940208504174,0.19682336231293696,0.42890870168900774,0.0,0.0,0.0,0.0,0.3732277821508298,0.064830533917185,1.0,0.6663496780556529,0.0,0.9027428790177855,0.0,1.0,0.8897473652714845,0.15950274571662149,0.0,0.0,0.0,0.0,0.0,0.9281768446429557,0.2585975648220397,1.0,1.0,0.0
21,product/lengthscale,interaction_g0.00,3,2.420848195239134,2.3748396181364986,2.420848195239134,2.3748396181364986,1.035559171272284,-1.4213322507693742,25.093308511190116,4.163918372709304,1,1,excluded,r_hat_max 1.103 > 1.1,1.1034931322715706,1.0002186930007952,0.9903846153846154,43.07892543520751,0,63.0,1.1034931322715706,43.07892543520751,nan,nan,1.0180245487974495,175.53231919259972,0.059995697435337565,0.8653473436511586,0,0.49371622673489735,0.2594530189823025,0.31688916367983105,0.3545564675898874,0.30561680847540307,0.2820697712615854,1.0,0.027953958748238365,0.7206918518141999,0.7773260946388547,0.0,0.45850065009915303,0.16268264214652528,0.7691243596889074,0.6242344098466208,1.0,0.386885212435075,0.4908258834341013,0.9916017013054996,0.1755341762316535,0.7188854749674699,0.6927870563063935,0.8334134591097591,0.5403346687274366,0.26845210883760523,0.4082324306769909,0.5005842008882534,1.0,0.49730271824940275,0.3308892539338189,0.08509823443203224,0.9114518466839407,0.9392309943931422,0.6550210747316194,0.3080305537794231,1.0,0.6500682166783424,1.0,0.4661610433187242,0.03917692639539579,0.0,0.3897745919656595,0.9097103993553539,0.6244796471381702,0.4960440838565743,0.17243684473336218,1.0,0.369395856276534,0.2818300073945682,0.4837582367066876,0.7676843600919874,0.10697226107170861,0.4642659219983331,0.5367176317818041,0.0651925429851188,0.2842486198320468,0.2207244477214361,0.7858350846879217,0.5182319165957323,0.5892044742972267,0.33112070868573096,0.7229640519667148,0.40207102914604653,0.8717185819737457,0.5246794668617114,0.5756649899224959,0.2496775433543678,0.47900353692286407,0.4802583927820258,0.4809764562826497,0.08120718517854428,0.22479729045782723,0.11933579615797704,0.7827005414709225,0.7131573736853647,0.6565032386397707,0.0,0.23458352457888917,0.17944813804327328,0.0855182665032486,0.3879205063809621,0.5796108978321347,0.880078204250886,0.45797389624216417,0.0,0.42912875842084114,0.03027327592244025,0.6179907275250275,0.9436699804243909,0.43952096074931596,0.41202247271188647,0.0,0.14644275875559987,0.2950935191098074,0.13682526957931845,0.7119571834461271,0.37553554341463224,1.0,0.9733756699507204,0.25753691510664034
22,product/lengthscale,interaction_g0.00,3,1.315686229911916,1.3669428874909126,2.420848195239134,2.3748396181364986,1.035559171272284,-1.5709014725217392,25.351372469682246,4.262358677107841,1,1,excluded,r_hat_max 1.150 > 1.1,1.1496612410999443,1.0077133830115108,0.9134615384615384,23.668647341079048,0,63.0,1.1496612410999443,23.668647341079048,nan,nan,0.9980338939908205,64.338315951391,0.1673071746082374,0.9780691664495785,0,0.5128633148824604,0.0583220382553112,0.6630981061561284,0.032014859154315164,0.4087625304121,0.0,1.0,0.15788371113770533,0.6999014866797975,0.8657810343727913,0.0,0.3966575158069277,0.0,0.7559955071090421,0.5323634132616969,0.7338817658818199,0.45444797641956813,0.718454241851971,1.0,0.008535918260794688,0.734886811458984,0.6674248861261988,1.0,1.0,0.3100383438167118,0.43194568189559573,0.403568560715997,1.0,0.5666335381248391,0.2507926229590666,0.16361461613316353,1.0,0.9025304331560793,0.49792004879683305,0.3030146679453242,1.0,1.0,0.8412365136473356,0.7788248377839512,0.1999723754051429,0.0,0.5045732255683049,1.0,0.6434282780347607,0.6083978234884935,0.28957617036357425,1.0,0.6972845800955942,0.5485063366995868,0.4280470183081959,0.9610756530637409,0.0,0.15843450254163358,0.5374901572486301,0.1103506452743118,0.0,0.018513362647531475,1.0,0.5340272354326118,1.0,0.5404735323902091,0.8702144830476027,0.0,1.0,0.49334114512915567,0.6043809946986642,0.09521216151688747,0.4986364245895504,0.3288644464593346,0.42189269693420156,0.0,0.0,0.11658567694318618,0.8395147716584705,0.7207956274539032,0.6689628133794125,0.0,0.0,0.2251906358060152,0.009303254778409905,0.30602120658817134,1.0,1.0,0.4671435465798064,0.0,0.4431963148717639,0.0,0.7248438511557599,0.7126742360645811,0.48034814582421886,0.5020107063455314,0.0,0.23177446379828442,0.49588394822788534,0.0,0.6425634795512679,0.15169253689475393,0.9648837845057497,1.0,0.0
23,product/lengthscale,interaction_g0.00,3,2.123684892946805,2.3164057422716278,2.420848195239134,2.3748396181364986,1.035559171272284,-2.404600376584278,25.028753180988133,3.8904623528942466,1,1,ok,,1.0549720057788492,1.0005900647050803,0.9903846153846154,30.396751902879945,0,62.375,1.0549720057788492,30.396751902879945,nan,nan,1.0067635288200425,105.3965976046828,0.2172366987518756,0.9848209042830985,0,0.5178364507730678,0.256608983568583,0.34391402666257914,0.2590498803239927,0.32136226559369174,0.33712824607868663,1.0,0.0,0.6759756248186439,0.815383804431042,0.0347774567118892,0.4735741085246201,0.19946821135847528,0.7542112363908372,0.6505642760854276,1.0,0.3510345404177824,0.5287450963946061,0.8888816859237018,0.13753774953504883,0.6943000498292982,0.6824199590101979,0.8023481802423417,0.618150526887128,0.28409160638842124,0.3125250891559536,0.4629332628130772,0.9448713220978626,0.499422893444397,0.27542320073319515,0.0,0.9382332093726848,0.9146114106226952,0.6346411247295086,0.5383641387957941,1.0,0.7132141535541402,0.990550642980119,0.41647488959564694,0.09497955806568517,0.10292446024237321,0.4614399163041027,0.7752401172557275,0.593427152180257,0.5580133931470559,0.12417644123755595,0.9432612169306751,0.38660500130432773,0.32986662676408063,0.4972653002373393,0.6495416798904754,0.06916397972949997,0.48036831678915115,0.8645572645425528,0.1323648482831179,0.1527303740388526,0.33801527675184595,0.6661032741516218,0.5914302750499479,0.5864736933293281,0.13814101373722434,0.6182615069544858,0.4771616113855762,0.8590775928114482,0.6605450021937196,0.47194109817183594,0.0,0.4386531242780858,0.523592549825078,0.4302038548508216,0.06782872579646164,0.29237661160148576,0.1280449439728204,0.8597502268666444,0.6484829751351278,0.6186404183487011,0.0,0.013922451559261629,0.2705288973893175,0.0925177472924441,0.3719609016779286,0.6549104342252042,0.8726174791360205,0.4775086133990028,0.0,0.44446597502270724,0.138069811885569,0.6307829094940284,0.8094113216042645,0.45653037975472516,0.4053360833273498,0.0,0.18590062644502778,0.49399168413323724,0.27667611748160187,0.6683634915724757,0.43864467569957816,1.0,0.9679213916959423,0.31665757798783206
24,product/lengthscale,interaction_g0.00,3,2.277903443819433,2.151240618104091,2.420848195239134,2.3748396181364986,1.035559171272284,-2.376234242863963,25.30123098893091,4.244378455914557,1,1,ok,,1.09924247732179,1.0027361346252812,0.9038461538461539,16.70573033639558,0,62.875,1.09924247732179,16.70573033639558,nan,nan,0.9993521417802219,139.65866749263378,0.2966720401766643,1.0366244551574817,0,0.5096208213022997,0.17286273240244882,0.357917974038573,0.3665935360649425,0.33730138747120636,0.3044079861053797,1.0,0.0,0.7185746495221327,0.7950148751057313,0.0,0.5624550030632666,0.12223822237264088,0.4497705006703582,0.5989774859789021,1.0,0.38697486800089775,0.5041299592232388,1.0,0.18220550036785665,0.762690656046813,0.6552954661175519,0.8434304556109901,0.44404034369550854,0.20956318945322552,0.49758849843239594,0.47855415093167764,1.0,0.4057258497811736,0.3044614296474639,0.0,1.0,0.898355689666338,0.9857490760593438,0.12410798078476376,1.0,0.6480474169307194,0.9681171812940065,0.4331645354850551,0.022749778039453914,0.0,0.39861239340263926,0.8203148063878317,0.713138019656674,0.42609082378431246,0.1867235259226598,1.0,0.4372224580075491,0.29411426111594374,0.5695496183113206,0.950311110675248,0.0,0.25528349573748205,0.6484223934323418,0.0,0.3498434621684997,0.21389528552611844,0.7098102988285795,0.5466124813575097,0.35918265079601225,0.2655448346418134,0.7729986003822793,0.7333545655568512,0.7669761743766191,0.5187429557196483,0.5608572079102856,0.27221373229259355,0.5177326060862034,0.5122475688010341,0.5117525308165279,0.024396646176166624,0.029661044097963964,0.01761646646427718,0.7353330707064382,0.6840495935457028,0.46749382710905457,0.0,0.26290188066363407,0.0,0.0,0.4954531348747139,0.4710402361141738,0.7906059990053511,0.5738723638332971,0.0,0.34962028358233926,0.11752279514080219,0.6124054027415519,0.938801958933489,0.37085939630695786,0.48303560646711186,0.0,0.0,0.15190713788485022,0.006791913579710849,0.8110369454199442,0.2519165795802605,1.0,1.0,0.2935723612170153
25,product/lengthscale,interaction_g0.00,3,1.6253208662662388,1.4858093210843322,2.420848195239134,2.3748396181364986,1.035559171272284,-2.0045357140051867,25.661175677087158,4.594840792939067,1,1,ok,,1.0874394637804052,0.9999773938501821,0.9807692307692307,51.112430809414505,0,62.875,1.0874394637804052,51.112430809414505,nan,nan,1.0117994061658426,142.67612185973866,0.3759212963223751,1.087353356081126,1,0.49818571732727734,0.2656781702527124,0.31440968657066115,0.44116620793799205,0.4007794858876055,0.0,1.0,0.0,0.7175573328066664,1.0,0.0,0.5417369896206704,0.044191675455108236,0.5856016955475339,0.719556742530877,1.0,0.3933571400888908,0.488734818228282,1.0,0.31891013987065,0.6867764256147081,0.5422766663692637,0.6422460605461698,0.46201679899250503,0.0,0.47881673497945576,0.2523114192268012,1.0,0.6305733849502883,0.29296966821810044,0.0,1.0,1.0,0.8323547964573856,0.06952322102395317,1.0,0.6427842801413973,1.0,1.0,0.005706358623078522,0.025835206123360415,0.0,1.0,0.42182092903243934,0.42788072597818094,0.28443775111254277,1.0,0.4617096207972818,0.2702585949470096,0.28014761284536316,0.18955773331905246,0.11021449204192127,0.149029376221023,0.5234223252796925,0.0,0.5877062465058999,0.0,0.744913391905766,0.6826234695025667,0.7869056340845106,0.23933221211789724,0.94164597482685,0.42330973150623935,1.0,0.6049666107910522,0.7018882070892468,0.19493327043818864,0.5249363664242803,0.479994184125315,0.6392296483285018,0.0,0.0,0.0,0.6656296066162523,0.6714344750933339,0.7054532908805256,0.24212492091306317,0.309237725864409,0.0,0.0,0.654171849755482,0.49846345913985074,0.9456259613357932,0.07261701047110733,0.0,0.4395307856829097,0.0,0.6218828302710383,0.9142654827195814,0.5522986069900006,0.5491657160399088,0.0,0.033059076981096745,0.0,0.345513626332521,0.6903491779533724,0.4737042751560404,1.0,1.0,0.6653745549016433
26,product/lengthscale,interaction_g0.00,3,2.007936264367438,2.108532366527603,2.420848195239134,2.3748396181364986,1.035559171272284,-2.0984919882778907,25.723077207803726,4.191864584572613,1,1,ok,,1.0812870689866299,1.0021223117654596,0.9519230769230769,37.15009566684904,0,63.0,1.0812870689866299,37.15009566684904,nan,nan,1.0089652570706098,155.7489360727801,0.42397512593560066,1.092973957671404,0,0.4874641262595072,0.11319241459163273,0.565658003305819,0.21787095696509567,0.009352799347446232,0.9650771097148269,1.0,0.0,0.5466565425613136,0.8792922902255135,0.0,0.5150240466980608,0.0,0.6247976794644998,0.48468561653308195,1.0,0.3660667385049855,0.7223025001693699,1.0,0.5083554325795743,1.0,0.674115343812179,1.0,0.40693442466815094,0.1804387133949678,0.6443263973588427,0.6537644269548357,1.0,0.6359822388611769,0.463238420831523,0.05082834423766101,1.0,1.0,0.8145946547815633,0.24674874351192985,1.0,0.6269425971570816,1.0,0.21007797642207665,0.0,0.0,0.7527016074074495,0.9301143945696937,0.5351297096842523,0.5002392180165942,0.29153458003402716,1.0,0.5558154423741856,0.42336926105587674,0.4096717405497717,1.0,0.0,0.583950055414793,0.535429058925561,0.12756859281936322,0.4304348272490576,0.1873067156848823,0.5842746243681108,0.7507884547550365,0.36682103170768093,0.41320879690570533,0.730267452262817,0.6866681212616865,1.0,0.4000577798315129,0.35978895884966455,0.46839313813140165,0.6813940413298977,0.6225592217069296,0.2887684698915382,0.11501168075144884,0.24233236219392587,0.1990285984573796,1.0,1.0,0.697732690615921,0.0,0.10510657754965053,0.1808512282701347,0.06778680806270801,0.5128664550991516,0.5369603744776733,1.0,0.7387412798403397,0.0,0.21229471934365898,0.0,0.56129925833517,0.9834747571659804,0.1200952321524066,0.6965984525020522,0.0,0.0,0.6144751104396166,0.0,0.9654500080945647,0.5623565624803623,1.0,1.0,0.31173729410363377
27,product/lengthscale,interaction_g0.00,3,1.0393225249844782,1.0027533769381118,2.420848195239134,2.3748396181364986,1.035559171272284,-1.927567842462673,25.793973772320896,4.521073995158076,1,1,ok,,1.0998924256879725,1.0043096748901115,0.9326923076923077,29.96874056490697,0,63.0,1.0998924256879725,29.96874056490697,nan,nan,1.0141704330570913,103.47435623991751,0.482640353284928,1.1134764266594306,0,0.4863983344855853,0.1254442287015626,0.4221092105927844,0.44666360498735735,0.3227681759321842,0.4617751539450678,1.0,0.0,0.5791630112378502,0.6692048094569296,0.0,0.5752818129508124,0.089417009777897,0.7011415669956218,0.7061326734252011,1.0,1.0,0.680041461847726,1.0,0.14004999774779953,0.8228529982998759,0.6445499847360028,1.0,0.5260644818479403,0.2430834271937793,0.5381763116365517,0.652611027600821,1.0,0.4842599013884499,0.9476763106530851,0.10742449591640878,1.0,1.0,0.7777830195194425,0.2390278646500824,0.9560706339378636,0.672221509328322,1.0,0.31520748592975373,0.0,0.0,0.18465933274056726,1.0,1.0,0.5754387546747368,0.0858489934573425,1.0,0.43025612436983096,0.08963324507743667,0.5269848361758401,1.0,0.0,0.3338296061752651,0.31940075988463923,0.14951484511294877,0.235952928563614,0.3929948771132481,0.7329875551524588,0.4342012457163109,0.33882912194009535,0.29974004862155906,0.5531216289002538,0.7216424568473162,1.0,0.17182378935825854,0.6185738834758259,0.3512946715847358,0.8992744544622303,0.4261232416349612,0.4634656361057714,0.0,0.34719838958142935,0.0,0.8430786878482072,1.0,0.675104066867654,0.0,0.18417568828781908,0.24988058162261254,0.24909473503979168,0.4377843255926091,1.0,0.9370325669254191,0.5259828850128746,0.0,0.5387685744071712,0.0,1.0,0.8707203337409898,0.25785207624537737,0.5608644014310138,0.0,0.0,0.6866954621985396,0.05048279251333432,0.7576501996044925,0.40620107685215506,1.0,1.0,0.0
28,product/lengthscale,interaction_g0.00,3,3.2169872483671984,3.2443073507634628,3.2169872483671984,3.2443073507634628,0.16609143864531983,-1.934729256939661,25.991073426790535,4.524485505186021,1,1,ok,,1.0537742588815984,0.9985869131277018,0.9903846153846154,67.44424296203105,0,62.4375,1.0537742588815984,67.44424296203105,nan,nan,0.9986261610838678,167.47268258045474,0.5025218594170547,1.0982816234575379,0,0.5269441722284149,0.18580371836949314,0.3549380526527357,0.29275888765994135,0.2110175991871943,0.48137093623591737,1.0,0.0,0.7668409684087852,0.8496626108210826,0.0,0.3370684094780268,0.13890603941080196,0.6073694877855474,0.3550823258419166,1.0,0.009109719746936973,0.43985642519883683,1.0,0.21925433472185918,0.8463248018876363,0.7008947942606675,0.804981069907777,0.5750988870603069,0.24812688974577435,0.39884655998979673,0.5782143925645666,1.0,0.46508438208750624,0.0,0.0,1.0,0.81498601521269,0.7138326990936582,0.3022675534695396,1.0,0.6588724185716079,1.0,0.24761812874971073,0.012640444510126954,0.0,0.8211957570989211,0.8221829986394245,0.5257040193020465,0.36599103984159187,0.281101004809685,1.0,0.4611371765401331,0.5463622900247179,0.45957592250391804,0.7682477598540912,0.07378302553778372,0.5042080467408225,0.7459485933377976,0.10438498293942075,0.46908105327065347,0.2110514579059763,0.6897770349415672,0.5392391493815978,0.5773223152785564,0.3791301110937501,0.7807031083458418,0.3284040573233653,0.8876936581388127,1.0,0.4796534460025862,0.2376637038121027,0.2179136148479871,0.5448725563995912,0.32778372415828483,0.12133881785041958,0.0038139521955899616,0.20360865524294539,0.8917244907471246,0.7967844014711563,0.5543619762416426,0.0,0.20779136384470967,0.18203787880957062,0.0,0.30399126974365875,0.36592956751714184,0.8076303964304159,0.6692027882944133,0.0,0.35085021739210803,0.0840113186019739,0.35254910261635136,1.0,0.3658544342268843,0.5951816939166638,0.0,0.03357197789264138,0.10653070972013914,0.11434567154057028,0.8984661357275793,0.4068803239087735,1.0,1.0,0.29171445441993804
29,product/lengthscale,interaction_g0.00,3,2.997358157645235,2.962296622426183,3.2169872483671984,3.2443073507634628,0.16609143864531983,-2.4474211292096513,25.966706028208137,4.3207717360928655,1,1,ok,,1.082965867326042,1.00150908312128,0.9711538461538461,55.34801140020898,0,62.1875,1.082965867326042,55.34801140020898,nan,nan,1.0347243077900907,94.3791655989152,0.596124114208439,1.1874120359541709,0,0.5175456998177507,0.16676592214208508,0.33347971016088673,0.34705869127736366,0.0,0.5376517667313252,1.0,0.0,0.8257645834525341,1.0,0.0,0.11169806189860812,0.14727697941343912,0.6281307537708906,0.2971330846252746,1.0,0.0,0.3228760801957163,1.0,0.12594678107350518,1.0,0.7650189334861173,0.8587978052699579,0.6723460257832764,0.23865338424587798,0.4690088646558201,0.5495287379015288,1.0,0.2176570541234465,0.0,0.046689354954616014,1.0,0.7773508651330291,0.6779843892490305,0.21412994923740206,1.0,0.6514655274965391,1.0,0.16984926102240067,0.0,0.0,0.9029210403053659,1.0,0.25555771799810467,0.024178572350921683,0.3633567634399229,1.0,0.4376198689048271,0.762787634128778,0.37722725831778325,0.5635519779307885,0.011178463074775534,0.7313363988609443,0.7690647785171998,0.03236174014741267,0.727239766068825,0.037859011745523585,0.6789653798230341,0.4908099303441828,0.6278332505844542,0.37926528334700216,0.77451597825948,0.011912439470669871,0.8565667176580505,1.0,0.4096051348174879,0.25302528481206726,0.0,0.6912614155169834,0.38690431321207797,0.0,0.0,0.22010438001304478,0.8925902609949997,1.0,0.7089692863609423,0.0,0.2893582340969266,0.18574234885189206,0.0,0.3544558412361098,0.0,0.7573095430047185,0.7933165528115783,0.0,0.35629545017599945,0.0,0.3866902336637389,1.0,0.2157034376446559,0.8079884093840107,0.0,0.0,0.0,0.13108922350839272,1.0,0.41139867766239735,1.0,1.0,0.32529771518201606
30,product/lengthscale,interaction_g0.00,3,2.4158734275737825,2.32771055488313,3.2169872483671984,3.2443073507634628,0.16609143864531983,-1.952996182345902,26.017634132876992,4.100157801993191,1,1,ok,,1.0522051867415452,1.0008721962845428,0.9903846153846154,60.336441801986325,0,62.75,1.0522051867415452,60.336441801986325,nan,nan,0.9967096059360683,135.53316179144446,0.6761652489896656,1.244483833889696,0,0.6647864315065765,0.3844494629895949,0.43976179181458586,0.31216381366183066,0.272087562979651,0.6374179692917509,1.0,0.0,1.0,0.7851166112875719,0.0,0.021387358174599577,0.0,0.5222360674152988,0.0,1.0,0.0,0.289665740229043,1.0,1.0,0.8573247091116918,0.5533367984969539,0.6895384853914932,0.597545648415926,0.17380953507866476,0.454046125247162,0.42222988024354496,1.0,0.4369149910681692,0.0,0.0059318158005858355,1.0,0.7345020863845354,0.18248286504343308,0.3918253550400121,0.9489116762886275,0.8975222962031564,1.0,0.0,0.0,0.0,1.0,0.8354277682881016,0.40789463678298843,0.0,0.6636163121263503,1.0,0.4754980210563189,1.0,0.5026426230563328,0.8728454068514858,0.1693060974584766,0.6945729146021611,1.0,0.011056300896208987,0.5584562474064566,0.05912741321552757,0.31973709789756116,0.4416849064618137,0.546198128963549,0.37797957561357465,0.910754967262398,0.2678093417601258,0.5156996444556686,1.0,0.5773593540770153,0.13071018693994707,0.03378771171855046,0.7482807452452968,0.38355746587889755,0.273916840363576,0.0,0.321403482251523,1.0,0.44687937728177596,0.0,0.0,0.38820584628722626,0.09214403899642883,0.0,0.1740407970265117,0.0,0.8129120703004314,1.0,0.0,0.3640156928345931,0.0,0.0,1.0,0.27910122149403094,1.0,0.0,0.0,0.0,0.1739305201577448,1.0,0.4035216575717035,1.0,1.0,0.2957817604972214
31,product/lengthscale,interaction_g0.00,3,2.5028782635201465,2.3665213535903202,3.2169872483671984,3.2443073507634628,0.16609143864531983,-2.3779561201117487,26.2599312979728,3.794534340966493,1,1,ok,,1.090814951772073,1.0001355750644594,0.9903846153846154,58.999842498088825,0,62.875,1.090814951772073,58.999842498088825,nan,nan,1.0256026205779183,128.97485427790963,0.7322848676536693,1.2622452240078255,0,0.6617140467120235,0.0,0.2622006062601306,0.21829723618696795,0.10159281085631146,0.17853922660050336,1.0,0.0,1.0,0.906036743573325,0.0,0.29309331694260754,0.0,0.5929550151665193,0.10075227384359256,1.0,0.0,0.010054389432359737,1.0,0.0,0.9407142558481953,0.8087687761339085,0.9001492085960987,0.9941508445171524,0.1722242728383989,0.19560097446142122,0.5119455788066857,1.0,0.38016019624793346,0.0,0.0,1.0,0.8613806182126569,0.7716895685407318,0.28253688921156245,1.0,0.7547048902717386,1.0,0.17725704324572739,0.0,0.0,0.9805210435714763,0.9821434678016827,0.40426741118675763,0.2366414017132024,0.2766240438645268,1.0,0.2834008479504622,0.7844973900485703,0.5324837010154813,1.0,0.0,1.0,0.9136103300967362,0.0,0.5115209403189065,0.19889713795455993,0.7919907100045258,0.4370299207946022,0.4947487167822547,0.0,0.8554027447111058,0.244654365739687,1.0,1.0,0.7319955298858685,0.0,0.0,0.5682047091978547,0.0,0.0,0.0,0.21641354001945393,0.9763912061466961,0.9176023281057566,0.7848208868319865,0.0,0.0,0.016394047156002244,0.0,0.0,0.22411799066184787,0.7520876516909822,0.5609710804873173,0.0,0.0142351893773897,0.0,0.22872487590733853,1.0,0.31175467594475037,0.6832979917559868,0.0,0.0,0.0,0.0,1.0,0.36860718121083696,1.0,1.0,0.36814333458719967
32,product/lengthscale,interaction_g0.00,3,2.4244623489314328,2.555710749830536,3.2169872483671984,3.2443073507634628,0.16609143864531983,-2.902237202347283,25.70621974207461,4.269363278057426,1,1,excluded,r_hat_max 1.107 > 1.1,1.107334140426704,1.0027192417793938,0.9807692307692307,28.76490302659521,0,62.875,1.107334140426704,28.76490302659521,nan,nan,1.0096682788418798,90.7628299316015,0.7876159112744967,1.2799924971034022,0,0.3248348228236951,0.2928939932120614,0.25498557177248116,0.3990079855243129,0.05451423880605496,0.6146993547340492,1.0,0.0,0.7617283500765385,0.7951964716379153,0.0014711434744773663,0.33082742018753436,0.004919878006303898,1.0,0.19471002314689909,1.0,0.0,0.3309540027916979,1.0,0.0,0.9584010940127048,0.7349785575874797,0.7730346440645666,0.6607617494100219,0.46423333842765824,0.49877905903401715,0.5055737235860592,1.0,0.4090485446613718,0.0,0.0,1.0,0.6505831875941307,0.6641859269289274,0.3682158072592407,1.0,0.6693986485485816,1.0,0.0,0.0,0.0,1.0,0.8880414744110025,0.4762895649527284,0.28642068615044297,0.5798759697440145,1.0,0.573041400047554,0.4844212248558182,0.5179083723040322,0.7710590490918451,0.10757940449008685,0.20921773158308749,0.7782106599715305,0.014024041615716671,0.5333661850935101,0.16168503429897113,0.6314195908970758,0.4637550027584629,0.6380282913423562,0.36029629817434,0.7923534587673647,0.21555224028461062,1.0,1.0,0.26855708788866645,0.3699305177208758,0.0,0.5218643434443461,0.31537892596886297,0.0,0.0,0.0,1.0,0.9292657015228041,0.5515498512804833,0.0,0.16888443699068081,0.1249334001462718,0.0,0.381718272854627,0.019878240576812964,0.6012076599269046,0.9338217801041864,0.0,0.3210866772220698,0.10925743897952833,0.15616395262073693,1.0,0.30179534693440435,0.4554726566410877,0.0,0.0,0.0,0.10836011625572584,0.9979463921318902,0.49464381413221364,1.0,0.9458566672650677,0.3819514198175357
33,product/lengthscale,interaction_g0.00,3,2.3893411245155485,2.426373981130361,3.2169872483671984,3.2443073507634628,0.16609143864531983,-2.6174910583138074,27.894977383315563,4.161714126821607,1,1,excluded,r_hat_max 1.112 > 1.1,1.1123992418545656,1.0006289287119103,0.9711538461538461,24.506244787674223,0,63.0,1.1123992418545656,24.506244787674223,nan,nan,1.0073903930483192,144.24288560860805,0.837217318476222,1.291302627937473,0,0.6888595259157506,0.1627366929883593,0.4097286877687966,0.16943581523091797,0.1247219669792685,0.6061499714420542,1.0,0.0,0.8149638445319657,0.9489227223936293,0.0,0.15712354845295567,0.24967600908622148,0.6166588842420756,0.12561633257348165,1.0,0.0,0.4672584187299611,1.0,0.4282285599651523,1.0,0.6661307370954427,0.7795731901498937,0.5477617717278048,0.0,0.2776952350871541,0.6401751987795746,1.0,0.4064840677924946,0.0,0.0050871850305544255,0.982264164388486,0.8317920225682996,0.5551490115651057,0.23282519628726142,1.0,0.5690236728154484,1.0,0.39004579327834477,0.0,0.0,0.8418999844363622,0.8998396182290235,0.5141440128016505,0.2337837276753395,0.2111870416538778,1.0,0.3368060555589171,0.641373610616247,0.16903285224445075,0.7913561564902312,0.02485569181447348,0.6821241950538373,0.7024899490645031,0.11218176188268157,0.5526127315708974,0.11922951615054574,0.5248608019574449,0.580084960317087,0.5091474355680632,0.4336387274269707,0.8656829386974284,0.33537031396197475,0.7400436729119073,1.0,0.530621235068118,0.22447393907851934,0.13269305643985113,0.855901446041465,0.3366392638297088,0.06616947405115851,0.0,0.4624735500579959,1.0,0.8782307831007732,0.5346649924065586,0.0,0.28504218633315487,0.24579490688635391,0.0,0.28968919670655663,0.36781759680303483,0.7677854074184517,0.6770959764050868,0.0,0.4925768838352911,0.0,0.2917001295901947,1.0,0.30538390280310107,0.9637750254930871,0.0,0.0,0.08499705012739417,0.0,1.0,0.39810505989984785,1.0,1.0,0.18092298290998884
34,product/lengthscale,interaction_g0.00,3,3.17524713285806,3.3402164300888413,3.2169872483671984,3.3402164300888413,0.07018235931994132,-2.5750678060408743,27.846961294766515,3.628801106940955,1,1,ok,,1.0251889573792072,1.0011635892495891,1.0,34.564636343817696,0,62.875,1.0251889573792072,34.564636343817696,nan,nan,1.0074315248602728,156.46617473686297,0.8828680186538493,1.2989191718396371,0,0.5527252628885655,0.15918384498666086,0.39351537481757376,0.27940930640349193,0.1851806249845894,0.4445119385640931,1.0,0.0,0.937255087703596,0.8543037913743704,0.0,0.06717560019333291,0.28360972123511524,0.27624065094038974,0.3932924795874574,1.0,0.0,0.2850754867653854,1.0,0.2445829860450007,0.8205605381740789,0.747863278185009,0.9167811918802315,0.6398771697169866,0.3041573964863642,0.4419251543153745,0.744193520691899,1.0,0.4296513873774552,0.0,0.0,1.0,0.9131650048432123,0.6965802929564205,0.26377549402197653,1.0,0.7503141239005241,1.0,0.08641684040362929,0.0,0.0,0.9715768907378881,0.8500020620646052,0.2789457500290899,0.20391913065837766,0.39879892738628886,1.0,0.4669467333302957,0.9010273091664346,0.7048522889340488,0.6853876903644714,0.0,0.5686082422332746,1.0,0.0475427161508025,0.7466255329988947,0.14198854704232775,0.9044225168873066,0.5002328671703422,0.5536577237603972,0.3714119755475255,0.8158994505300559,0.19954487586842126,1.0,1.0,0.5380594227916518,0.23611697605047063,0.0,0.4453527918651264,0.3022366982697912,0.1721085586625351,0.08232736000393669,0.15932783324345923,0.8276857758901646,0.7638406972499675,0.5212220424418922,0.0,0.28517676200073716,0.11386455657877945,0.0,0.3004224404308685,0.18300366492634823,1.0,0.6941793625993862,0.0,0.16350595253145683,0.0,0.4063084917991526,1.0,0.34009988544678865,0.3776725808006955,0.0,0.0,0.12191544680692037,0.22017299727422007,0.9445637320563233,0.6146291957132758,1.0,1.0,0.3401190830861492
35,product/lengthscale,interaction_g0.00,3,3.4065862430570104,3.3620238740104504,3.4065862430570104,3.3620238740104504,0.04837491539833216,-2.5937799811633058,26.8803741321899,3.3956465111114085,1,1,ok,,1.0438185463515866,0.9996353197326739,1.0,48.23417893203704,0,63.0,1.0438185463515866,48.23417893203704,nan,nan,1.0095621669077628,210.34742498729818,0.9483645647739696,1.3359785455711988,0,0.4938494402724984,0.27305754932806964,0.3567207612192871,0.30610886611885996,0.20927155425522137,0.44157151005721784,0.9714995688745103,0.0,0.8560949008129538,0.8162776032162342,0.0,0.16239417864210792,0.10661008922639645,0.41402366253509115,0.444493661331165,1.0,0.0,0.33080025767441934,0.998406700357623,0.356988346264607,0.6528987319926055,0.7051587204083929,0.9308529813877882,0.5879621690314792,0.3007328347121904,0.4836908674944793,0.5333032530618117,1.0,0.23378624227996123,0.0,0.0,1.0,0.8187884897075526,0.8562114761052643,0.30537396388874294,1.0,0.73542697899345,1.0,0.12799553825859386,0.0,0.0,0.8934572248996809,0.7070109611372019,0.39808015376257777,0.1495001227657601,0.4132489160581813,1.0,0.5190774656446928,0.8174724915088258,0.5988249953766211,0.6040011884095905,0.1232283113371467,0.8148098625722254,0.8022282820953894,0.02510790791264503,0.6531006278025836,0.19586342241081983,0.7270622116552096,0.5155543659105902,0.545083050183078,0.35515720946424295,0.7332954443235524,0.09312069100014646,0.8395269455968597,1.0,0.5880371837645768,0.1815955039996447,0.10921875371294953,0.3937490029190008,0.29452348934434625,0.19972860931889386,0.0,0.07439191493213092,0.9281903620869909,0.6865034029873297,0.5523083786245245,0.0,0.27195881877314054,0.17510047564496947,0.0,0.28197530790583597,0.1534461303213215,1.0,0.7411659464083088,0.0,0.0689243588866955,0.0,0.377261083070449,1.0,0.2871128308689572,0.6934089799574411,0.0,0.040080771836202594,0.08138380887762031,0.2399379283999605,0.9074609910543221,0.4546514233024009,1.0,1.0,0.3171385247613751
36,product/lengthscale,interaction_g0.00,3,3.338062357837626,3.2230134476738805,3.4065862430570104,3.3620238740104504,0.04837491539833216,-2.983689367644602,28.220122805330902,3.678863134700805,1,1,ok,,1.0958625189506581,1.0007219290912404,0.9711538461538461,44.51258578203176,0,62.1875,1.0958625189506581,44.51258578203176,nan,nan,1.0358780356204849,75.62049835979334,1.016648500281832,1.3778440321241565,0,0.44438614792377806,0.1500586572107455,0.18059860838073502,0.3837528721081533,0.19946261574998225,0.36076747753102967,1.0,0.0,0.9082884330907476,0.8814579730511266,0.0,0.3258664897352395,0.13469685576639692,0.25169552774079956,0.3792591306911899,1.0,0.0,0.3923423090864366,1.0,0.33682138964495184,0.695351848564534,0.7638590753914362,1.0,0.6149611706484555,0.3128421894264583,0.7710619489776385,0.6994554968896797,1.0,0.16679774968299854,0.0,0.0,1.0,0.7300327239102135,1.0,0.2965489255549808,1.0,0.9222740792618501,1.0,0.001362381958341567,0.0,0.0,0.8353527142086488,0.7008616592668456,0.1919720910113578,0.19462430255083332,0.21944629492298373,1.0,0.5956063005847535,0.8877922750745504,0.7695438593542718,0.5860220918906545,0.12544281191405401,0.7056457526382549,0.8579662681548225,0.22643027144111438,0.5903186561538429,0.19836265196480157,0.7392809788991418,0.5683249718793693,0.6485458151422124,0.30816025660629726,0.5902327272900674,0.0,0.8983514216682332,1.0,0.528085590754653,0.09283570695850002,0.2126353820040813,0.27891173747679876,0.35211306700828093,0.17068283152310776,0.0,0.14013578808118157,0.9717897201921285,0.5957553985262217,0.5900098836997307,0.0,0.2180217421859629,0.11299069873047439,0.0,0.39321421858866956,0.23639131791274487,1.0,0.7786840308074455,0.0,0.0,0.0,0.37350526199557,1.0,0.2396228797813799,0.7337804947195504,0.0,0.0038744416689087385,0.0,0.31039663043678434,0.786028101053157,0.23318898694013454,1.0,1.0,0.3294824580260173
37,product/lengthscale,interaction_g0.00,3,3.2754478476194833,3.3342779860956795,3.4065862430570104,3.3620238740104504,0.04837491539833216,-2.4881604720248944,28.30256615811959,3.7957307281903923,1,1,ok,,1.053053355892432,1.0021456400927082,0.9807692307692307,79.29052154533791,0,62.875,1.053053355892432,79.29052154533791,nan,nan,1.0264291603757105,211.1810128524838,1.0793894153509076,1.4102679928885715,0,0.5073222970579089,0.12242623385950356,0.3324393880594538,0.3914816153332189,0.39874041386503556,0.6065641434993624,1.0,0.0,0.7078466325355501,1.0,0.0,0.05678568357414146,0.08953000940057507,0.038078738390196785,0.4753407232874342,1.0,0.0,0.48470441490959243,1.0,0.2828389018539676,0.4891516881329598,0.7034971095574144,0.8411799057593048,0.48226178928557123,0.39677008575888817,0.5768580425840777,0.4227720718175018,1.0,0.3391837615463116,0.0,0.0,1.0,0.8077498649882539,0.8188739695024299,0.26769193387253204,1.0,0.7807209677162774,1.0,0.08369326821654831,0.0,0.0,0.8251891100054684,0.7452860560915716,0.07714507423310735,0.0,0.18209724542862338,1.0,0.7959046979530305,0.9743289315986001,0.8647877742022904,0.38398259158810066,0.2849732777850245,0.921852562292036,0.8868673610379583,0.0,0.6528827053028771,0.17604233626462837,0.8002355516689991,0.2633439660654618,0.588384912228116,0.4404583435027387,0.7183521087719138,0.0,0.8634249577311824,1.0,0.5920370238868113,0.08937205027407157,0.3862027949838846,0.3195059112781877,0.36471028193443544,0.35629099129335207,0.0,0.04193135345608579,0.7674682551149397,0.7320592333241689,0.2884539534754214,0.0,0.2265243376937206,0.33105266270023614,0.0,0.15980249962223309,0.2602448171577717,1.0,0.7018433115644079,0.0,0.0,0.0,0.38863713873490197,1.0,0.27716687906871884,0.597766218605294,0.0,0.11163697984960849,0.0,0.3339011608580226,0.8382812370877872,0.16258517350405405,1.0,1.0,0.222970409651192
38,product/lengthscale,interaction_g0.00,3,3.3124973693020108,3.2382908931029686,3.4065862430570104,3.3620238740104504,0.04837491539833216,-2.3566457634392566,28.14542196225375,3.1813839501701295,1,1,ok,,1.0685762220973298,1.0022136796334014,0.9615384615384616,62.95927877379262,0,62.3125,1.0685762220973298,62.95927877379262,nan,nan,1.009558211761512,180.99058537132458,1.1371804267263963,1.4353014100789712,0,0.478709529247981,0.2018973563164782,0.355919330769359,0.3406405895307568,0.33843209106445304,0.499476722915394,1.0,0.0,0.6848295659643197,0.9396431925077043,0.0,0.2857976335816257,0.16180606287545085,0.12517123853465928,0.35671204774986487,1.0,0.0,0.3975893668570004,1.0,0.3316106050300246,0.7560823753427733,0.7180834868739,0.9897233262767233,0.503573905591491,0.2961387544158307,0.5823683817820209,0.5641755529239693,1.0,0.27702125231287494,0.0,0.0,1.0,0.6864981956715228,0.8329222684189719,0.27789621360227157,1.0,0.7371319360167002,1.0,0.12040428407643759,0.0,0.0,0.8536228450652342,0.6754879566585003,0.28409267941320027,0.15614090620439025,0.30604173703826454,1.0,0.7082719237901248,0.8791387855295257,0.7012587127627145,0.6525968883836413,0.15332053692054526,0.7419877426611698,0.9048888237847288,0.10667247885841323,0.6414633069719865,0.13154535908357004,0.7420705317093602,0.4370809883319488,0.5441349642850827,0.5044968770299565,0.7138866285400158,0.10378263357520706,0.8607794970212389,1.0,0.5706543104375338,0.12152247576374724,0.2116440184276572,0.29975203779884235,0.45410580347423235,0.3173426913086584,0.0,0.19076735600564684,0.6943435564241909,0.7707441915603045,0.5157210329217226,0.04821696405984395,0.2146492617968846,0.23857058357522187,0.07630319946241597,0.28533194895213504,0.07876754978967171,0.93164718397657,0.7610078669884945,0.0,0.0,0.0,0.3328606661820873,1.0,0.37329019140623926,0.5640499013715691,0.0,0.08600026350231221,0.12686007513562303,0.2503556531180478,0.8313993323979054,0.24713685922636494,1.0,1.0,0.3508703399948204
39,product/lengthscale,interaction_g0.00,3,3.321721922437828,3.308141156669043,3.4065862430570104,3.3620238740104504,0.04837491539833216,-2.5605716311242905,28.433162832167,4.174350714776665,1,1,ok,,1.0957129127234422,1.0007820121333109,0.9615384615384616,39.91398158163247,0,62.875,1.0957129127234422,39.91398158163247,nan,nan,1.01531025933343,125.34520485616133,1.1929577842283352,1.4579059060533859,0,0.3258933644911351,0.21246452823717094,0.24883075219702028,0.342852330927296,0.40571361842668413,0.3518643185987945,1.0,0.0,0.7872858752628866,0.9576474384478723,0.0,0.12898107437247575,0.0492039997628444,0.0,0.40863779233252556,1.0,0.0,0.40539915850032726,1.0,0.2706940247783156,0.6183290691956635,0.8196459598149398,1.0,0.6833793244692764,0.27801306582911955,0.7582475191014533,0.4929965295469157,1.0,0.16874978422807319,0.0,0.0,1.0,1.0,0.8147162637507925,0.31392312368325925,1.0,0.7672297579828282,1.0,0.15666568979127557,0.0,0.0,0.8527808121268338,0.8093198481120253,0.2809472707222748,0.0,0.3033437400500192,1.0,0.5879723031039121,0.8399912396197284,0.8507233186216888,0.5262033419446095,0.10815986446539107,0.9410129383233939,0.8620356103073962,0.09328834075080111,0.7445621293495976,0.19717944412922583,0.8714309754275475,0.5089058548760336,0.6317763155414025,0.4627079103909299,0.6602322363770184,0.09790969627684032,0.8118340065921551,1.0,0.48696815113805536,0.09125539680803778,0.1622098585167983,0.2548045818269372,0.28309592883119344,0.15466391634591825,0.0,0.021678143163831272,0.860151724443629,0.7618994022954426,0.3225471148711858,0.0,0.29697577700528505,0.14017230758308472,0.0,0.18457676034866463,0.2249204960078778,0.9297784825005063,0.6404862773206983,0.0,0.18175146829539296,0.0,0.3247609438580989,1.0,0.1468335758536682,0.7020220362572869,0.0,0.04734976370119943,0.0,0.4471486651298592,0.843845666642696,0.2709648398019593,1.0,1.0,0.22692060766722635
40,product/lengthscale,interaction_g0.00,3,2.5854049760951785,2.515960142943021,3.4065862430570104,3.3620238740104504,0.04837491539833216,-2.4697774412012117,28.456871116068214,4.070104347076267,1,1,ok,,1.0385479938515154,0.9994765110054341,1.0,42.70623686662776,0,63.0,1.0385479938515154,42.70623686662776,nan,nan,1.0121593110773617,166.9179778453188,1.2461768876835724,1.4774339362771187,0,0.3509042297225648,0.180849772468315,0.2939286876751611,0.33272966567982587,0.2419970197682954,0.6416333346418004,1.0,0.019853604809881666,0.8257759519889,0.7103899553373767,0.0,0.0,0.1370584186824221,0.05524137304916735,0.7003299940596209,1.0,0.0,0.49056984827147315,1.0,0.29539462277866263,0.5449345303837396,0.7025262191397416,1.0,0.5722674894759552,0.2961137695304973,0.656046106779776,0.7928280374027527,1.0,0.16497996455332373,0.0,0.0,1.0,0.8233081394878219,0.8761588370709557,0.264618719727419,1.0,0.805421813619633,1.0,0.11243412494960951,0.0,0.0,0.9944717357651829,0.8120054155975827,0.22316035734758885,0.16658073727286182,0.2180498390606388,1.0,0.48298509468244044,0.8000920293001215,0.689567455219312,0.4026700758855641,0.15380327292597512,0.8573532925285096,0.7806572610833691,0.07221098336994206,0.5947919494257308,0.3411331178364544,0.7373463645192385,0.38953788923756855,0.5738845848150211,0.4099831376279383,0.5136576204387074,0.0,0.6676063305859318,1.0,0.6912575731628016,0.2697628985376661,0.044336071723990934,0.46895594821329645,0.4046031845425681,0.19825376421720103,0.0,0.19506692455640773,0.9249027250110873,1.0,0.45479956374169395,0.0,0.2810349511899424,0.1880814878027681,0.0,0.0,0.3568835965991485,0.9424095908236199,0.7295116022616372,0.0,0.039825431433311805,0.051445066759248356,0.39274617091069863,1.0,0.28695032910690493,0.5922867417910669,0.0,0.0,0.04194046371537865,0.4106324319150883,0.8234971025786152,0.3913880150803135,1.0,1.0,0.30361652246835413
41,product/lengthscale,interaction_g0.00,3,3.349967373110777,3.331498794486279,3.4065862430570104,3.3620238740104504,0.04837491539833216,-2.2587800462888388,28.38279910525307,4.145723329856992,1,1,ok,,1.0926197642873525,1.0013861318457513,0.9615384615384616,28.77605723657218,0,63.0,1.0926197642873525,28.77605723657218,nan,nan,1.0086404325669744,54.36398628202642,1.2788409874009286,1.4738553113907067,0,0.6740322570287699,0.16438389160081576,0.36547800925035456,0.3781948907339943,0.2898159228816287,0.2503948261369643,1.0,0.0,0.9757859040109117,0.851879084781639,0.0,0.2402607016336096,0.11136529017446918,0.23914480000638016,0.3868980866996157,1.0,0.0,0.23604242433959988,1.0,0.44362581992146544,0.6857448965559921,0.8008790373238337,0.7106405046358779,0.5859032295852741,0.3189838162184676,0.7634052082427155,0.2324541784906424,1.0,0.30771736007508294,0.0,0.021298620642409543,1.0,0.9023107288449652,1.0,0.315654007581966,1.0,0.7060967045820322,1.0,0.1413450848292291,0.0,0.0,0.9085726439275131,0.6467924374329103,0.26389243508333643,0.005919939961542265,0.34520442758173814,1.0,0.6352837460458577,1.0,0.7495730320965317,0.648738887828757,0.10522647699875289,0.8891821332679363,0.9580284061425917,0.11114691158222652,0.7878249930511326,0.0,0.7901982742422345,0.7421444565770234,0.577036769700279,0.37555906684338464,0.961583568836769,0.1129805049734954,0.884770379426368,1.0,0.470325976685664,0.0,0.37791069707552344,0.2138975312966692,0.22170457180570968,0.33846940952239,0.0,0.03785514709500499,0.8455998986275073,0.4445944173096162,0.5001763697963433,0.0,0.257152830598993,0.13956921771272512,0.0,0.5944765857375334,0.12320625992553488,1.0,0.7153918074786303,0.0,0.1269488128131246,0.0,0.37144022151416334,1.0,0.17503008843812082,0.7116082501557226,0.0,0.0730763515042352,0.0,0.15812885249100653,0.9151332723752462,0.0570943778043743,1.0,1.0,0.17290046052966448
42,product/lengthscale,interaction_g0.00,3,3.0872735321175844,3.1838490443268714,3.4065862430570104,3.3620238740104504,0.04837491539833216,-2.121232362127449,28.88503511995077,3.557738637086004,1,1,ok,,1.0646530326161308,1.0011345687710351,0.9615384615384616,29.14579395577502,0,63.0,1.0646530326161308,29.14579395577502,nan,nan,1.0175611547076189,142.02163269735436,1.3281535203940202,1.4900436287384806,0,0.4947802364619999,0.16766471891335533,0.24106642046965068,0.361972466659072,0.36744022625190714,0.3117022046441248,1.0,0.0,0.8754911629662143,1.0,0.0,0.3172256500685972,0.13743030757977703,0.27493949849517707,0.369519335354344,1.0,0.0,0.22948704682841217,1.0,0.47667163025221354,0.7181063281798423,0.7650773349360782,0.9289821287246453,0.3805145936935821,0.3669039517533739,0.4586180313161103,0.46846581638623014,1.0,0.36975065558893777,0.0,0.0,1.0,0.938454566738096,0.787079310751413,0.5121842453056713,1.0,0.8119593075862289,1.0,0.07702201463077836,0.0,0.0,0.7875355170417696,0.4180845674373521,0.10862616579867879,0.0,0.30507472449532064,1.0,0.7195353641335387,1.0,0.9840002646883261,0.6299460987751865,0.13077127736403243,1.0,1.0,0.1236937349335043,0.8508847417403622,0.09852010780482684,0.7915989799400031,0.5441495099634518,0.654585453177821,0.3764018909033298,0.8391278479109718,0.21202393399378833,0.9162561376033692,1.0,0.4233650048862677,0.02887473019978191,0.21788025804418262,0.0,0.2857622723656269,0.4145531683752832,0.0,0.0,0.8014618111750935,0.5434626183406648,0.4043496018545935,0.0,0.30991817376084474,0.13001338131228732,0.0,0.4788459309388537,0.0,1.0,0.7050505646399018,0.0,0.08026999614143418,0.0,0.3531166776046002,1.0,0.32597355616539786,0.9750848765954121,0.0,0.05453130352631563,0.0,0.36560418113321314,0.8178758943887279,0.24554308261039814,0.9993766795363982,1.0,0.4319733808641853
43,product/lengthscale,interaction_g0.00,3,3.3872873063454314,3.196040582733004,3.4065862430570104,3.3620238740104504,0.04837491539833216,-2.079490842888412,29.042835681233555,3.8103035129606724,1,1,excluded,r_hat_max 1.105 > 1.1,1.1053863952673486,1.0033001466043112,0.9519230769230769,32.19519763869609,0,63.0,1.1053863952673486,32.19519763869609,nan,nan,1.00023334992947,100.04036120267774,1.3690632881085216,1.496291529527512,0,0.6740238463483715,0.28382689061640437,0.31679783088291585,0.3340362686189111,0.28820295297285614,0.3699841219944853,1.0,0.0,0.8529169318529054,1.0,0.0,0.23501415580973903,0.06841777933889329,0.2884820876596779,0.3439396949492045,1.0,0.0,0.39242599079520757,1.0,0.2976231648616707,0.7340647303575413,0.6909254043690449,0.9029584933981291,0.6888372281336695,0.375979091469175,0.671009333809616,0.379101088492147,1.0,0.19289515436503957,0.0,0.0,0.9765339303708856,0.8735727325202141,0.9037812214041896,0.22377306403402875,1.0,0.7790763980922154,1.0,0.10401415972006775,0.0,0.0,0.8052267717277202,0.7942009576411874,0.2910958171889538,0.0,0.4544029668205012,1.0,0.6314574626900394,1.0,0.6669993166875975,0.5414191466053787,0.16417104758011927,0.7519304482260395,0.7640211606773375,0.07735196309825319,0.6558945525654486,0.11617812382287131,0.886375809644077,0.5208225889688025,0.595009584458434,0.2866363361622486,0.7718781602723737,0.0,0.9957711692652977,1.0,0.5646179944914272,0.04655352717583231,0.3945951552903316,0.3592036238570186,0.28037816275050925,0.19653532084531392,0.0,0.05255042544919633,0.8833102946713278,0.27611559049171874,0.508404865700886,0.0,0.21468892801609377,0.25178819741597214,0.0,0.44147865595081,0.21708080174263536,0.9606849275041002,0.6754993325075036,0.0,0.10717357557950408,0.0,0.3522571032685615,1.0,0.13715857212463856,0.5481292858862814,0.043190220212876586,0.10208547383690875,0.0,0.2329134799462377,0.9080687269870759,0.2980086416787061,0.9976274067193697,1.0,0.1255296500171378
44,product/lengthscale,interaction_g0.00,3,3.250191598088175,3.351170026162096,3.4065862430570104,3.3620238740104504,0.04837491539833216,-2.482622664240701,29.256908286828548,5.193365173880011,1,1,ok,,1.0847503182601905,1.00028681677711,0.9903846153846154,19.386413152143952,0,63.0,1.0847503182601905,19.386413152143952,nan,nan,1.0185614290762035,41.13988474003567,1.4149320157957241,1.5094614745401653,0,0.5216291527962267,0.09254978955577471,0.4741478832202371,0.32370000280857714,0.2699188185757357,0.2618148680489361,0.9274420030121024,0.0,0.7160773537988803,1.0,0.0,0.25048248174152765,0.04805696102556308,0.2541853944155549,0.3991032059653,1.0,0.0,0.3948020981026645,1.0,0.3678765859592486,0.5602431275201051,0.9276541736694301,0.8288993692690287,0.7545368125377455,0.2687461952592542,0.907630148834709,0.4750618820649237,0.9961987923505614,0.29479804681391725,0.0,0.04659979117049786,0.9746732029060731,0.7885020101111978,0.8073453680276983,0.18104124481320505,0.9087758739165043,0.761332831276775,1.0,0.19013909056035108,0.0,0.0,0.7529845448629199,0.7600071815717888,0.32023342000198673,0.016430467381685004,0.2633707550459601,1.0,0.668310214476509,0.7905953988853426,0.6842414614707923,0.660521517112186,0.22955359192623842,0.8867364682686839,0.9064672516128404,0.04738167331721523,0.7527578253556411,0.09533356842779966,0.6117130588797305,0.5996510065477291,0.5566923078720294,0.40937364538482257,0.7578989624402201,0.0,0.8951788251109711,1.0,1.0,0.12619796469740394,0.3916262237233549,0.26667907909011357,0.24789946011020123,0.1616037737815652,0.001209443722125734,0.0,0.8441031338734495,0.20172870752341038,0.5168766305776532,0.0,0.22016430810005608,0.2986441285527319,0.0,0.35587017592112546,0.09542332074494995,1.0,0.6913639003987715,0.0,0.0647463577008742,0.0,0.412876920513945,1.0,0.14633312793331543,0.6994656898728521,0.0,0.07560128739033042,0.02044340236302894,0.2943288635723409,0.9264447983397694,0.1917303603909765,1.0,1.0,0.20658625773336606
45,product/lengthscale,interaction_g0.00,3,3.3165333567094115,3.3382337310188657,3.4065862430570104,3.3620238740104504,0.04837491539833216,-2.43983493696756,29.134109650738537,4.173687227070332,1,1,ok,,1.036728665075473,0.9993019904347605,1.0,34.26458290922864,0,63.0,1.036728665075473,34.26458290922864,nan,nan,1.0075368190731582,114.76972910242708,1.4557155620688897,1.5169134073111992,0,0.6074058932904487,0.3417233241537604,0.3068602175052311,0.661831885873025,0.2606788233278804,0.27504516096990755,1.0,0.0,0.9227634804385341,0.8613926542274664,0.0,0.22314190461039657,0.07790919073354446,0.21484505390937617,0.38962538382417833,1.0,0.0,0.23681347955737156,1.0,0.5540124338304319,0.4847564741219952,0.6192584603858803,0.7815168368479558,0.6709974163219007,0.22016361289606245,0.7324113168643179,0.25252209703853506,1.0,0.3070203565718488,0.0,0.0,1.0,0.8867453605568292,1.0,0.28138451404529996,1.0,0.7610988950211761,1.0,0.09654797588833823,0.0,0.0,0.7281515605588017,0.7792092930194287,0.3483367064962157,0.07757593358577064,0.3044926387405574,1.0,0.487360744551647,0.8919328549562474,0.6462089663553487,0.5904481768866195,0.08737777597697428,0.7607595204152036,0.8570733852783045,0.1404395032384455,0.5542222664864149,0.1358343951208264,1.0,0.38916400104348564,0.5719570293946851,0.338963809257459,0.840405157311332,0.0,0.8303584163247412,1.0,0.3725717563226785,0.0,0.22480646614627706,0.4076201931893675,0.42827371995173225,0.3404996344563745,0.0,0.0,0.8688445981009966,0.5444036041423288,0.3926458025610257,0.0,0.23403800082290396,0.11896434481747727,0.008802767250885503,0.30228658885643966,0.16140166938860032,0.9372340814979951,0.6493832653803595,0.0,0.15901613336201564,0.0,0.369896985937167,1.0,0.2909326681061245,0.5786656157234278,0.0,0.04094049420714896,0.0,0.1866857077696029,0.8554671133497393,0.22517301936688905,1.0,1.0,0.3158461641979295
46,product/lengthscale,interaction_g0.00,3,3.401014253761427,3.294996436463882,3.4065862430570104,3.3620238740104504,0.04837491539833216,-2.3881386950732155,29.157346904743463,3.5103862402029335,1,1,excluded,r_hat_max 1.170 > 1.1,1.169776295172946,1.0089125923185018,0.8942307692307693,19.059050256534505,0,63.0,1.169776295172946,19.059050256534505,nan,nan,1.1237775933962093,27.16816203012958,1.4961681228219448,1.5246778052911634,0,0.5801871361798574,0.23165751415398075,0.2875104235666187,0.48336559576833815,0.4376186543448581,0.37525038946398265,1.0,0.0,0.8095448752292621,1.0,0.0,0.2184758410805781,0.040286647903993986,0.26230401684854476,0.38540874695166205,1.0,0.0,0.3660983774606837,1.0,0.3634741190701805,0.5551862166036651,0.8457049810565174,0.6948259662245982,0.5773369736289593,0.2959016073258644,0.6206838083401728,0.427848778729546,1.0,0.3431649203976967,0.0,0.0,1.0,0.8306710820968383,0.8017181649334736,0.311576181310604,1.0,0.7714736764842219,1.0,0.14208062329024548,0.0,0.0,0.8426221227677533,0.7165674301583397,0.3628324555458272,0.16899632617318985,0.32788883696281995,1.0,0.7956146925501976,0.8858639402230866,0.6407507348963714,0.6541076483658271,0.16117651655070303,0.8682288887912729,0.7980118172508283,0.0,0.6575734856062646,0.05525698439310369,0.7103954739444764,0.511472975540423,0.6150642517058033,0.35754888263403634,0.700833076378681,0.1619082132503226,0.9374783095393552,1.0,0.47520322941069415,0.07230667725487058,0.35070740352324536,0.31200758999068096,0.1667525511007719,0.28506774976834437,0.0,0.12196090807542459,0.8392046537484609,0.5812225779832803,0.5914898763049035,0.0,0.279604332518577,0.20723615775113455,0.009647608396214665,0.4926892474150712,0.23851766420726056,1.0,0.8613220196443513,0.0,0.11766797651982952,0.0,0.3162326041073238,1.0,0.2242150791262555,0.6007198702809677,0.0,0.021740964204424323,0.09134977621500723,0.20435069679138418,0.9301575136707625,0.31152365494574447,1.0,1.0,0.17433146123978466
47,product/lengthscale,interaction_g0.00,3,3.3369467005583933,3.3657514813517087,3.4065862430570104,3.3657514813517087,0.04464730805707395,-2.480967063100053,29.374740123283118,4.828213799744844,1,1,ok,,1.0916934147746675,1.002489244322172,0.9615384615384616,41.74867923920841,0,62.875,1.0916934147746675,41.74867923920841,nan,nan,1.011103362418933,72.43550270150232,1.5366967639057636,1.5332123752281455,0,0.5517715075810008,0.26964455068927573,0.3113890068680318,0.42371086906786987,0.26569506499688605,0.40122423014509706,1.0,0.0,0.8145711371590046,0.9239649245522532,0.0,0.27878595789832084,0.1040452597539887,0.2476105955429133,0.40664480691618604,1.0,0.0,0.3602382876835998,1.0,0.28922538364034317,0.7099220319770743,0.7037436810448215,0.8759184275122541,0.5951755469236062,0.29766567062603344,0.6472600222200752,0.4144976512983664,1.0,0.3043418670407225,0.0,0.0,1.0,0.8268600404644634,0.9371208626382975,0.30796499094919066,1.0,0.9153037580273637,1.0,0.18524226859752388,0.0,0.0,0.8016161889908328,0.8145233862279849,0.4855399201513644,0.09357956344853686,0.25855568617338626,1.0,0.5304284878083941,0.9447611343579765,0.757430969794875,0.621857707851794,0.1907794718763653,0.6971972978707985,0.8951794286941472,0.0379402263850965,0.7242529513980275,0.0,0.7972548264703153,0.5161712281549317,0.5719681554524949,0.4219499352643439,0.7397775053736823,0.11441511561529014,0.8760769859176327,1.0,0.4606540112330365,0.04811593918225453,0.3639394934751641,0.4007502040651782,0.19572574694388453,0.2128955805203128,0.0,0.0,0.8622713228957994,0.5650818986543177,0.48229249129795126,0.0,0.23118162037209292,0.12073203897508888,0.0,0.3763925059314064,0.15745597977280892,0.9679272798567842,0.6806879379205074,0.0,0.15402298857272828,0.008666920768582742,0.3380640204776977,1.0,0.23289871557578515,0.7092682414881688,0.0,0.0854808695177873,0.0,0.22832893523926878,0.8201828936127744,0.21534419666007085,1.0,1.0,0.18751361257590432
48,product/lengthscale,interaction_g0.00,3,3.2452137439683137,3.291655646502079,3.4065862430570104,3.3657514813517087,0.04464730805707395,-2.4690724026831923,28.33010576479137,4.194922782015055,1,1,ok,,1.0808476570824206,0.9997814883311917,0.9807692307692307,44.195731371496215,0,62.875,1.0808476570824206,44.195731371496215,nan,nan,1.0556066481268405,48.97367971795809,1.5742019709193598,1.5387912592819797,0,0.5384822558435387,0.27180024188332297,0.2350036262771287,0.41028667567362964,0.32514067834039734,0.10627549433903709,1.0,0.0,0.9407532556319433,0.9253120779899822,0.0,0.19154776113776684,0.1792186086852263,0.3234291085601828,0.3717963191281961,1.0,0.0,0.11350554323285385,1.0,0.37005922276185466,0.6205044846342589,0.7221742802240925,0.8415183288368632,0.5777859193240789,0.28422565455024795,0.5383026571196129,0.13194417975095948,1.0,0.0,0.0,0.0,1.0,0.8407623459001631,0.7336551395489799,0.24317840140388913,0.9595383019458896,0.7280083982565118,1.0,0.0,0.0,0.0,0.8024727431161401,0.7600992556974783,0.3667014086532675,0.12133648721525023,0.42705221439827806,1.0,0.6907745843838924,0.9809854174047804,0.6478980675330518,0.7530746609505174,0.29680583570956337,1.0,0.44916831469101826,0.0,0.5368547191355144,0.26317920286310315,0.7360423781048914,0.44270455965760497,0.5835231106052703,0.36404661244520037,0.7551129797206622,0.026128336555193376,0.8619640291199243,1.0,0.5629142954147736,0.0,0.18231801690049418,0.33035692766297386,0.3741368087779395,0.21518470543598955,0.03851701783365188,0.11581070039768956,0.883338217275439,0.5653196230853689,0.41138255034923904,0.0,0.2034211374898101,0.23882906257542838,0.0,0.1323573552238554,0.24303319471928295,1.0,1.0,0.0,0.3304145838254079,0.0,0.38938176533083746,1.0,0.3886341243659161,0.712491238299957,0.0,0.0328047620826736,0.0,0.2188392759019018,1.0,0.17204212563410987,1.0,1.0,0.0
49,product/lengthscale,interaction_g0.00,3,3.1027108026585366,3.3360328396371726,3.4065862430570104,3.3657514813517087,0.04464730805707395,-2.539758024902211,30.021502618212253,4.734553476795554,1,1,excluded,r_hat_max 1.212 > 1.1; n_eff_min 9.5 < 16.0,1.2117413383256779,1.0151390641733853,0.7692307692307693,9.497373750552294,0,63.0,1.2117413383256779,9.497373750552294,nan,nan,1.1430398160986737,15.626244151399316,1.6083042520019915,1.541225757446015,0,0.5563639279587135,0.16418681688027004,0.3670648719235459,0.3599302748218065,0.532792944388533,0.4278451980163964,1.0,0.0,0.9693647019579106,0.7859883064848714,0.0,0.21455497017241834,0.0,0.19877451109121475,0.3892189692548905,1.0,0.0,0.370645308215754,1.0,0.5017776969707409,0.599257938364865,0.7045532470776319,0.7406373948043958,0.5258434132608101,0.32035864835366246,0.6564600855664812,0.35150814181614237,1.0,0.23582079869785535,0.0,0.0,1.0,0.7977429736682753,0.9428577615680972,0.0,1.0,0.8039872861015326,1.0,0.06513767107859521,0.0,0.0,0.8423717434095034,0.7803702428445254,0.2721273194416757,0.0,0.30062455125150106,1.0,0.40816264294071464,0.8007454207197726,0.6190986517359219,0.416986791068056,0.0,0.9351665371752402,0.824657899986193,0.20584263991535817,0.5597663822401654,0.14780302582532842,0.7676162250042776,0.595735119598426,0.5779320821115003,0.3798990961582642,0.8443697052605469,0.1412806006238164,0.917672734445055,1.0,0.6436468620701415,0.07255265951822183,0.34193642219131704,0.3468788234056203,0.39691926929772625,0.1751081931016004,0.0,0.0999162244045682,1.0,0.6311605854153685,0.41479201521812414,0.0,0.34668531450166157,0.30373105111110515,0.0,0.5569316892853753,0.26356812894378545,1.0,0.8845129663554114,0.0,0.1278120784533387,0.0,0.38319947903326385,1.0,0.14374508544450085,0.7057561710127102,0.0,0.08931659194917807,0.09354985279523693,0.06114931968723813,0.8248240794227399,0.19062778937273522,1.0,1.0,0.04789145725434547
50,product/lengthscale,interaction_g0.00,3,3.3562088914212627,3.34757162938413,3.4065862430570104,3.3657514813517087,0.04464730805707395,-2.476284440699879,29.769345455337316,3.7033333382569253,1,1,excluded,r_hat_max 1.141 > 1.1,1.1409551187552784,1.0061625696943994,0.8365384615384616,23.022161477893647,0,63.0,1.1409551187552784,23.022161477893647,nan,nan,1.012771217763961,86.4660887300178,1.6381923830151224,1.540013317184039,1,0.6125096244260241,0.2636234802205051,0.41591534068186087,0.4343786347792775,0.1736186826215521,0.3476021656395751,0.967980122680573,0.0,0.757022472929441,1.0,0.0,0.1924958523685485,0.178374070416605,0.29237634600103646,0.39657291355771357,1.0,0.0,0.34946525363889336,1.0,0.10863821092304701,0.5317880509979894,0.8644531184127215,0.8122276133513796,0.6108471202641228,0.2611692136493179,0.6451139680508978,0.34647046624438627,1.0,0.19220863158531434,0.0,0.02125118762572065,1.0,0.9223120818269993,0.8790458990129357,0.3741990784241054,1.0,0.7477183252213516,1.0,0.02517717601684685,0.0010558729235702823,0.0,1.0,0.7085024213472682,0.25080586532563093,0.20661526165380306,0.5788825401286333,1.0,0.9244065377362608,0.848805975073611,0.6085792743743162,0.7391155758249403,0.23992946304319898,0.7193378624160061,0.813371755594111,0.05027850941859456,0.5890128947579765,0.07819013023097361,0.8394527166445815,0.5919054034339531,0.5830143474792746,0.33726846768788893,0.790804635870386,0.0,0.913028890294765,1.0,0.36010884531906767,0.0,0.29842231086258864,0.3224625151802927,0.34794928987520507,0.246726973340215,0.0,0.06954512029941418,0.7410094088153641,0.5184959042776622,0.5173551789365523,0.0,0.2450262675151827,0.19346565878134672,0.0,0.2714960289155389,0.27722397293086076,1.0,0.6810623717349572,0.0,0.10580679175788352,0.0,0.38078008782270284,1.0,0.1469980665462361,0.6389150291483487,0.0,0.06579525045480317,0.07368171120468871,0.3962735025823944,0.9548376688178145,0.2367037296531492,1.0,1.0,0.2938542904112826
51,product/lengthscale,interaction_g0.00,3,3.4375184403245216,3.337702261433348,3.4375184403245216,3.3657514813517087,0.04464730805707395,-2.553310673388508,30.127295828890055,3.976143836043775,1,1,ok,,1.0854749891622566,1.0038148035719106,0.9423076923076923,32.70720550152318,0,63.0,1.0854749891622566,32.70720550152318,nan,nan,1.0067992145061393,74.90443226772595,1.6718789812191641,1.5433332747630881,0,0.48145558372181463,0.34754412253900097,0.3250012172579751,0.44171793593642594,0.11500087378039571,0.3420759557041835,1.0,0.0,1.0,0.8757788562787044,0.0,0.11937817665971587,0.0,0.2603281277558414,0.3999775724062929,1.0,0.0,0.4649805457048846,1.0,0.44873139745762874,0.7010741511199877,0.6176924390009682,1.0,0.8486456840470437,0.2718385063124709,0.6773080412840662,0.46504635859815446,1.0,0.010879864158361799,0.0,0.03073532000907329,1.0,0.9000101659771779,0.8932539068344666,0.5442974485002453,1.0,0.7307573064660813,1.0,0.24220432786620194,0.0,0.0,0.7725862307700763,0.7531388468466799,0.37624777270667314,0.11025515285941173,0.3948460749892147,1.0,0.885971229358882,1.0,0.6988960837125243,0.7828840443421374,0.2868841822425173,0.7298731062073475,0.7527023791776364,0.0,0.7579473800523747,0.17377529768433173,0.5726463108766415,0.39565453028802855,0.6024902479296589,0.38802394589504013,0.8285722475107842,0.0,0.8282646851867873,1.0,0.5952842351330745,0.09342019408623471,0.2939032612461349,0.35022616163459036,0.1283920484844374,0.6940649458618429,0.0,0.09815586760630082,0.909258772011281,0.4771582293080329,0.6018922776465321,0.0,0.18655350461332676,0.10156120460931044,0.0,0.33762849344294765,0.2472005406743185,1.0,0.6978450585727881,0.0,0.18601367099023855,0.0,0.3831132807514112,1.0,0.21982793566872852,0.5659658325684671,0.0,0.04390669684482188,0.0,0.21263456601930453,0.9914347738233592,0.13834709971808437,1.0,1.0,0.2852023603165453
52,product/lengthscale,interaction_g0.00,3,3.3494252750985454,3.316064094115523,3.4375184403245216,3.3657514813517087,0.04464730805707395,-2.5572526937767055,30.032078800722957,3.883809764869511,1,1,excluded,r_hat_max 1.264 > 1.1; n_eff_min 9.4 < 16.0,1.2635986748593824,1.0160812286032808,0.7211538461538461,9.364490349728284,0,63.0,1.2635986748593824,9.364490349728284,nan,nan,1.034730009851447,94.55259516150124,1.7058335862019596,1.5475370540842328,0,0.5425229191811731,0.25809855692286277,0.1705796686651116,0.41335891752326914,0.11797465501882655,0.375176070237484,1.0,0.0,0.8927772267404556,0.8989821319637544,0.0,0.0,0.0,0.26606023963940956,0.3889571197620102,1.0,0.0,0.3689005348382123,1.0,0.30341628975136015,0.6901141183737147,0.8279332883581478,0.8146432561454979,0.6615081157230335,0.3093664674323862,0.756933433205069,0.38730507834728867,1.0,0.22931562941313233,0.0,0.0,1.0,0.8661097607555246,0.7901556630078758,0.554743228931579,1.0,0.5262131270379712,1.0,0.12799719301859966,0.0,0.0,0.8136520581840625,0.8141106963640259,0.2972568872882002,0.07381354502491802,0.3710799481451734,1.0,0.7624252560548116,1.0,0.6923875429140286,0.670349750170787,0.29944387153413193,0.7972148205988834,0.794378261275735,0.07210337651341146,0.6249927699112503,0.16040264141683985,0.7189506411104744,0.4772135462252136,0.536149318855627,0.24962806578525662,0.7121240129895177,0.015905954730040767,0.8775250836171427,1.0,0.511253567875946,0.09933063218939993,0.2819294070045253,0.37188410798788063,0.2355727919679462,0.5075743532657324,0.0,0.4350070942990069,0.8920929574118717,0.46902349432599866,0.42330833089317055,0.0,0.21821465867701742,0.1988249392169844,0.0,0.38978655731765005,0.1202653483531915,0.9866826131467393,0.6327757208810314,0.0,0.08761726044030675,0.0,0.338363015159656,1.0,0.3033733309438917,0.5266903569963239,0.0,0.0518773078333034,0.0,0.310335193664444,1.0,0.2935392541670219,1.0,1.0,0.3519575904391008
53,product/lengthscale,interaction_g0.00,3,3.201487411419073,3.3472122917688063,3.4375184403245216,3.3657514813517087,0.04464730805707395,-2.4904174717636614,29.8128133402206,5.15940346987918,1,1,excluded,r_hat_max 1.128 > 1.1,1.1283396961104815,1.000581454288458,0.9519230769230769,16.2892073040508,0,63.0,1.1283396961104815,16.2892073040508,nan,nan,1.0566650668078619,59.630431326499,1.7368447501434046,1.549094151031045,0,0.7012188156987929,0.5351610853968249,0.31107974299908375,0.02538615039265778,0.26955519686343277,0.3576271722656018,1.0,0.0,1.0,0.8868183615303321,0.0,0.15934539558000482,0.013066856474063946,0.21250398758315672,0.3995926982570932,1.0,0.0,0.10010470570162754,1.0,0.4414535514827123,0.6635551410262932,0.7537332814817954,0.8557869844057836,0.7206944322610312,0.25037390499658335,0.6220044090694865,0.5369222241541871,1.0,0.3859721204612399,0.0,0.0,1.0,0.7937751884118813,0.9907187753177356,0.36730528065535734,1.0,0.6709954600231245,1.0,0.24033212580155888,0.0,0.0,0.8135124128539613,0.5813928454160904,0.3162772999628065,0.0,0.6762141399098995,1.0,1.0,1.0,0.7160940036284879,0.7380806122727188,0.06861388821273372,0.7497916312087427,0.9130852882546671,0.0,0.5932296065697606,0.1623398070189256,0.5979045942063241,0.11771977639179823,0.5914057185111221,0.33781542362884626,0.2401249893760682,0.03214622639324314,0.7184516428885925,1.0,0.7029001309587491,0.0,0.19060079847889103,0.2962835045819923,0.0017841819861684227,0.4858465926149022,0.0,0.0,0.9213860889506913,0.3404303675043538,0.5537982981532271,0.0,0.2103475723935121,0.14953354759216328,0.0,0.2997338358011219,0.3360458806860159,0.8929795252580007,0.816356747056547,0.0,0.0,0.0,0.22025394879145094,1.0,0.0,0.20906065905047577,0.0,0.06748190796350184,0.0,0.2435718556729436,1.0,0.136006788319231,1.0,1.0,0.19152181051617162
54,product/lengthscale,interaction_g0.00,3,3.472464883250703,3.335645774007943,3.472464883250703,3.3657514813517087,0.04464730805707395,-2.607582414891825,29.944878168404102,5.122415840160102,1,1,excluded,r_hat_max 1.116 > 1.1,1.1162041040291604,1.002633361454276,0.9423076923076923,16.473624643985627,0,63.0,1.1162041040291604,16.473624643985627,nan,nan,1.0019750995712884,69.09720302004705,1.76396776238925,1.5473344170887378,0,0.45470896766732816,0.1299405592400932,0.23913778176054545,0.33973865543788223,0.17540195682076698,0.4163299346567652,0.9889538688454727,0.0,0.9482818382965579,1.0,0.0,0.16254690414556494,0.022795334248777294,0.09350969461929313,0.39422180629305603,1.0,0.0,0.47131583954218315,1.0,0.6171594332893462,0.519990455953466,0.6474067626975653,0.6696190187548567,0.7469494097404532,0.2799272675777826,0.44621833567740876,0.4904784871174698,1.0,0.22380863463912284,0.0,0.0,1.0,0.6521956798432914,0.8518257452277066,0.34103989068796614,1.0,0.7076345316407264,1.0,0.15582417847088625,0.0,0.0,0.8488914124589265,0.6715994350641838,0.3038389700540524,0.29929048763131616,0.4354861252243765,1.0,1.0,1.0,0.7015257569917996,0.6776156213013943,0.5024287576414957,0.7691025235579668,0.8067125868886421,0.0,0.8008870241453895,0.32828068578192326,0.9007104539682531,0.6513999785284849,0.5945474915244793,0.3354180099682437,0.6366189320905463,0.0,0.8788007802152907,1.0,0.5293301715428396,0.0,0.2705787259659516,0.47121726686648124,0.0,0.5320427590618824,0.0,0.06740467088461977,0.8713788214701924,0.4496877559287261,0.722867874778117,0.0,0.2389766667200841,0.0594240369362059,0.0,0.3510707631165246,0.23367209955240942,0.9287026179364788,0.5449700176990147,0.0,0.0,0.0,0.19106402548656806,1.0,0.18840369163639822,0.5511462689061458,0.0,0.0618155541672239,0.0,0.3497399380711209,0.8967520022116414,0.43594951608050697,1.0,1.0,0.10539093417071958
55,product/lengthscale,interaction_g0.00,3,3.2218422209419284,3.315367575167701,3.472464883250703,3.3657514813517087,0.04464730805707395,-2.759088997403339,30.037382893729955,4.248088215012103,1,1,ok,,1.0686970640537263,1.0008331710735083,0.9903846153846154,24.577656968366338,0,63.0,1.0686970640537263,24.577656968366338,nan,nan,1.0001431502725624,54.93211545038694,1.795031346404913,1.550102961253243,0,0.4920936882629631,0.16445138261653558,0.23275108767107638,0.3258955770353815,0.20185581188298,0.17058635386985063,1.0,0.0,0.8831540665408474,0.9490711370664217,0.0,0.2478841432462714,0.008603797344427065,0.2106541114592827,0.3810006109241402,1.0,0.0,0.4904007055482152,1.0,0.5861852138106819,0.6038043416173964,0.676740802391142,0.8789504360705509,0.9801624475825382,0.2903508390758134,0.4671067579810628,0.3307871423347883,1.0,0.13929577309833283,0.0,0.009227194531905871,1.0,0.7296182452321376,0.9616733165644662,0.12579047005369776,1.0,0.5944623150711605,1.0,0.10123305381972952,0.0,0.0,0.7517803101892431,0.6236300637303629,0.24802659604989116,0.22462582572242884,0.515153996209609,1.0,0.9585504254181703,1.0,0.8161362602905391,0.683926627006151,0.3311386025416433,0.7027141950166664,0.8074461106842513,0.0,0.9682804356763764,0.18368440803061253,0.8362072714187672,0.585735400808601,0.5835131663281037,0.4895126576647947,0.8007276204980911,0.0,0.856961456146173,1.0,0.5138174156799933,0.1355364107511847,0.4178715433183886,0.3550987324758156,0.2165093290130216,0.44655406658081664,0.0,0.0,0.8365150034329445,0.5537440231411006,0.7048641179696389,0.0,0.2306034545525042,0.17794874974601108,0.0,0.30658910013425733,0.23758929930184874,0.9458403272279851,0.7254406369366291,0.0,0.030686105257564836,0.0,0.3322468054511854,1.0,0.22664565339160567,0.533427148327102,0.0,0.05413735048221003,0.0,0.3371176203108586,0.9230021509873453,0.3633891140651544,0.960380445990243,1.0,0.20652192379481504
56,product/lengthscale,interaction_g0.00,3,3.238842612513118,3.334409933435426,3.472464883250703,3.3657514813517087,0.04464730805707395,-2.532296857523862,28.533141565974802,4.306323253083974,1,1,excluded,r_hat_max 1.164 > 1.1; n_eff_min 12.9 < 16.0,1.1635328366545035,1.0102136592608195,0.8365384615384616,12.866396255072583,0,63.0,1.1635328366545035,12.866396255072583,nan,nan,1.0039285919066618,120.99053633525688,1.8205101120216456,1.5477777351080038,0,0.6137839296013047,0.31469237585398074,0.2694413594896469,0.342121233488337,0.15809286025800232,0.5556868868445504,1.0,0.0,1.0,0.9350219760466849,0.0,0.14782845965197422,0.13564165322177968,0.09922311609406595,0.39400595907601793,1.0,0.0,0.44408583418331116,1.0,0.30251714259221696,0.694837728545507,0.6445648646659776,0.8455752818581173,0.6130854660544601,0.28256752365991983,0.9702071479233426,0.5958072023108605,1.0,0.2521491600658666,0.0,0.0,1.0,0.6662632425862078,0.9238080126400838,0.45016137168988946,1.0,0.7268967723413506,1.0,0.23654876724558954,0.0,0.0,0.8428435137479935,0.7292969526574942,0.2588984900550365,0.12447271471954303,0.2557129078412777,1.0,0.8108619262769557,1.0,0.5245963413903616,0.6748977491288128,0.43797291557716445,0.8035413974045192,0.8497817593423121,0.0,0.6417995531529218,0.2702053990270534,0.6169408009962758,0.5190679706129103,0.5955384917499258,0.1446858477520368,0.6905954118894957,0.0,0.8469367344783262,1.0,0.5385337496204867,0.0,0.15175587858437461,0.5002505531862952,0.0,0.4483292824873625,0.0,0.14109774567718103,0.8800683497422593,0.46256050978517194,0.445988465082895,0.0,0.264484600692245,0.0,0.0,0.42196451994826706,0.21516954686138248,0.966906570159436,0.27993860028233825,0.0,0.0,0.03799841749396832,0.0,1.0,0.2714358089910965,0.6476156070016343,0.0,0.0,0.0,0.3377849712773375,1.0,0.24095590551494062,1.0,1.0,0.21309233807861763
57,product/lengthscale,interaction_g0.00,3,3.2669802745317638,3.3589342094837753,3.472464883250703,3.3657514813517087,0.04464730805707395,-2.7333619527979947,30.067576984874904,5.531388316303492,1,1,excluded,r_hat_max 1.130 > 1.1,1.1297272206680629,1.0044168109850409,0.875,23.39341684613918,0,63.0,1.1297272206680629,23.39341684613918,nan,nan,1.09893516955451,80.7266059868164,1.8453931383460576,1.5453998860544966,0,0.0,0.10401818609552321,0.43830583893261416,0.4960361125027855,0.0592049285073818,0.5139226110539736,1.0,0.0,0.7428513979293142,0.8407879215699019,0.0,0.0,0.04679815549338313,0.10287087365415633,0.4024951302832002,1.0,0.0,0.4273847216172466,1.0,0.49836005609599093,0.2944181904933933,0.6927172734038407,0.761931026346199,0.47738857149156905,0.017436229247089752,0.45979205074350055,0.5487897781250921,1.0,0.0,0.0,0.0,1.0,1.0,0.8543957816140688,0.5399717507687317,1.0,0.7856584604992757,1.0,0.46055720491223273,0.0,0.0,1.0,1.0,0.5741437054821276,0.1484315929744637,0.4056335996649936,1.0,1.0,1.0,0.6492552507808886,0.695871386038299,0.30913351523062266,0.7255951259106749,1.0,0.01518047854039652,0.5389075107145586,0.07941363185004977,1.0,0.6256024323048489,0.578101454230278,0.26463326058978287,0.6571893151562995,0.0,1.0,1.0,0.628473169290633,0.0,0.2910949604950737,0.7702278410226614,0.12262804416182385,0.48281111940266513,0.0,0.2358970798061581,0.8621883928413576,0.2134313709290125,0.8434324231490562,0.0,0.015216900383006608,0.045030887744120604,0.0,0.0,0.192891182444306,1.0,0.762769246149963,0.0,0.0,0.0,0.30218875177720317,1.0,0.0,0.6859480694528242,0.0,0.0,0.0,0.0865030758073178,0.36089503759475483,0.0,1.0,1.0,0.1426055401046203
58,product/lengthscale,interaction_g0.00,3,3.323829199000569,3.326255968026672,3.472464883250703,3.3657514813517087,0.04464730805707395,-2.405607027554318,29.825114731676877,4.563151715323329,1,1,excluded,r_hat_max 1.177 > 1.1,1.176795111913166,1.0106070317679658,0.8557692307692307,16.57210279401016,0,63.0,1.176795111913166,16.57210279401016,nan,nan,1.0470295519125958,89.21947078730008,1.869903261383742,1.5431546995758467,0,0.3901757865046062,0.1574897890564994,0.5800675021940837,0.5354843353680991,0.2657022888821172,0.6041826888606151,1.0,0.0,0.8406623379229419,1.0,0.0,0.03455051440846874,0.013829236906066645,0.28901635260646463,0.3874297425544808,1.0,0.0,0.36652988137410636,1.0,0.5486857439919179,0.4350728883450301,0.6931305993213327,0.6482668032747625,0.634865713805006,0.28693472283864774,0.13413807044466475,0.4542353844571777,1.0,0.16078429218543,0.0,0.0,1.0,0.8704039460392139,0.9010464067107705,0.7020391616722034,1.0,0.7909269566653944,1.0,0.33579974132720936,0.0,0.0,1.0,0.7815972229512582,0.3857955167620557,0.3128572616700834,0.3935659497722682,1.0,0.815921441070196,0.8563430136246623,0.5896774420986054,0.5071647798185858,0.2542383898380131,0.9888582640633531,0.8434830677862926,0.0,0.7641260711279957,0.18104696923740682,0.8617332976315063,0.6071837971593103,0.5894953767996803,0.37268564336895477,0.5952225465838306,0.0,0.8067555103852483,1.0,0.7120383979199318,0.0,0.2397561488404508,0.4518267195020339,0.2688317643202307,0.5956555894353903,0.0,0.12400865288148115,0.8043983100580248,0.38830566965890273,0.7925176271057327,0.0,0.20675371165289952,0.0,0.0,0.0516641018399588,0.15188707029711965,0.9181391330527781,0.6623836560870027,0.0,0.09784123799539936,0.0,0.44258871296752,1.0,0.01292469270205687,0.5733761037870824,0.0,0.0,0.0,0.2987499734147755,0.8172908364646261,0.23756721591978916,1.0,1.0,0.2117740071790091
59,product/lengthscale,interaction_g0.00,3,3.379048188107327,3.3484525910924003,3.472464883250703,3.3657514813517087,0.04464730805707395,-2.693473277001618,30.107915413100272,5.532345454674214,1,1,excluded,r_hat_max 1.193 > 1.1,1.1932757658825552,1.0058870496572998,0.875,18.879660994561995,0,63.0,1.1932757658825552,18.879660994561995,nan,nan,1.0137937410711741,76.44639859235669,1.8945460738857223,1.5414884099551525,0,0.36391388825911614,0.1417125014671706,0.5838261933391726,0.8899499509105128,0.2533654750505562,0.383222639931938,1.0,0.0,0.890221552895533,1.0,0.0,0.0,0.0,0.0,0.3955198440532399,1.0,0.0,0.595116809422297,1.0,0.46302993038855916,0.5960023093059463,0.6062648955464737,0.9523189539805219,0.63861790912453,0.2277943554633541,0.6269224155681127,0.5397948396587404,1.0,0.14403791695793156,0.0,0.0,1.0,0.9574059114481208,0.7896173324220435,0.5691232258091611,1.0,1.0,1.0,0.0624868728176245,0.0,0.0,1.0,0.6896152569022378,0.580572408835757,0.0,0.5073289333403797,1.0,1.0,1.0,0.956157607790966,0.782058358268354,0.40090438000411827,0.7164543403825789,1.0,0.035432838832198665,0.4007009188630353,0.140372785102707,0.9254895493002452,0.8292052377183989,0.5762060337389316,0.3314532900369359,0.7068706959103672,0.0,0.8868671253366095,1.0,0.4012867487136818,0.0,0.2643382087622819,0.4061137225287172,0.0,0.5310144471889765,0.0,0.18540887656152125,0.922808515394558,0.0,0.8535843128605394,0.0,0.1942079987952592,0.0,0.0,0.42970252670817766,0.18784362469405302,1.0,1.0,0.0,0.010450204668568445,0.0,0.24385936740846262,1.0,0.0,0.5667249469164076,0.0,0.0,0.02696415378719139,0.28707761653246816,0.7950298028456091,0.5635704945058271,1.0,1.0,0.0
60,product/lengthscale,interaction_g0.00,3,3.4169752702265064,3.3627475999106453,3.472464883250703,3.3657514813517087,0.04464730805707395,-2.673229998903012,30.43237060820684,6.016846021171659,1,1,excluded,r_hat_max 1.140 > 1.1,1.1404638863818228,1.0054078437374239,0.8942307692307693,22.310429292105777,0,63.0,1.1404638863818228,22.310429292105777,nan,nan,1.0797751650780114,47.07883685729254,1.9192877757894158,1.5403572203760654,0,0.44656785416543643,0.1708149918809701,0.0,0.3726081326469612,0.2131739010550902,0.3917087096524963,1.0,0.0,0.6976432645808928,0.926845649623363,0.0,0.1199915532769959,0.0,0.04031640463702788,0.4049828404054705,1.0,0.0,0.27454723521977464,1.0,0.5397170050630097,0.5413997728701296,0.6393822355686869,0.7812372205985818,0.5785998728743471,0.29565512949310746,0.5380576539813711,0.9232681005919208,1.0,0.04854269444079457,0.0,0.0736605798366936,1.0,0.9320260400721049,0.6613518476438068,0.4890532637145209,1.0,0.7737785235367183,1.0,0.16667454059003048,0.0,0.0,0.8741780139750632,0.6593529937558783,0.5159276597236581,0.0,0.5072599385006333,1.0,0.8110383056396048,1.0,0.7602247719447258,0.7936007465122871,0.47990106202838057,0.7985509850551742,0.6118907123959724,0.061055916156328896,0.5222680869217451,0.18044723594163126,1.0,0.7627273818693945,0.5766302846049008,0.38768386151980144,0.7241889669745504,0.0,0.8179238832228762,1.0,0.6613632307757049,0.0,0.3614336248996913,0.3662559552106888,0.1118302339485465,0.38047780073443044,0.0,0.18005738195569337,0.8874162499349627,0.22961391396272,0.8129665210201168,0.0,0.19633428250919463,0.13418632783117687,0.0,0.3164298132309796,0.17281805299573352,0.9275490825688633,0.6803489366802508,0.0,0.14479806175670104,0.0,0.36183577355319585,1.0,0.29648056532079653,0.5823667162395,0.0,0.04710050372792312,0.0,0.2094769473872273,0.9290459592339342,0.3118442067490577,1.0,1.0,0.1982059670047258
61,product/lengthscale,interaction_g0.00,3,3.439379065404614,3.3683556285916456,3.472464883250703,3.3683556285916456,0.04204316081713699,-2.7336840545273633,30.484255896881223,6.3661762392148376,1,1,excluded,r_hat_max 1.120 > 1.1,1.119616035809873,1.004647349117205,0.9326923076923077,19.806635460124596,0,63.0,1.119616035809873,19.806635460124596,nan,nan,1.0568112925874287,45.785971359208474,1.943840029796581,1.5394714773769496,0,0.48099317407224296,0.7906441903819547,0.0,0.6034060704722558,0.239399399853716,0.2712600700693016,1.0,0.0,1.0,1.0,0.0,0.157025607538136,0.04288792940877413,0.0,0.410470367948548,1.0,0.0,0.6138769650204967,1.0,0.4310003593508464,0.37902631737803216,0.96355570924342,0.6089614991049694,0.5570921227092028,0.24461061341050586,0.31283927247932636,0.5825552843269898,1.0,0.0,0.0,0.0,0.8471050628043092,1.0,0.7394555541031479,0.36657992484795754,1.0,0.900834137748409,1.0,0.18135736623960932,0.0,0.0,1.0,1.0,0.527458778850374,0.0,0.4477381328638728,1.0,0.3886379978158724,1.0,0.6784998481612362,0.6428901074320719,0.730424295954731,0.7564998605530182,1.0,0.0,0.6078336913396344,0.20025994739868713,0.7035671644853044,0.5759890123939571,0.5608455012010564,0.0,0.7463398006783457,0.0,0.8951284899266625,1.0,0.5493715069191625,0.0,0.016557095606089336,0.4235840808265915,0.12874925173767757,0.5123249392650816,0.0,0.06694093889072887,0.8251846096747103,0.2732419838844399,0.9096538661063689,0.0,0.1992726842580822,0.1152873918281409,0.0,0.3432277791179765,0.0,1.0,0.7845879114826555,0.0,0.08042425313213174,0.0,0.33403695942603756,1.0,0.14821641182910383,0.25312212137199097,0.0,0.0,0.0,0.37290193491405854,0.6073364151924445,0.1968104519819308,1.0,1.0,0.19020684083246553
62,product/lengthscale,interaction_g0.00,3,3.3434746079124333,3.373339957613748,3.472464883250703,3.373339957613748,0.037058831795034664,-2.6370168069421194,30.126130781136453,4.689590487163514,1,1,ok,,1.0589097406613552,0.999908414016843,0.9807692307692307,20.740659139710335,0,63.0,1.0589097406613552,20.740659139710335,nan,nan,1.0128331312946206,100.99058579920634,1.9679616271450977,1.5385837666067406,0,0.39735210099487256,0.22738153142249254,0.0,0.6461100252396608,0.03837170337729563,0.23938997731196374,1.0,0.0,0.9394393101087236,1.0,0.0,0.09106086827163706,0.0416946383313096,0.2321541156862661,0.4152932694078707,1.0,0.0,0.735852809163741,1.0,0.28977862003048216,0.49409823196858244,0.486938134186421,0.4882843780717213,0.3860713595365151,0.3444948035890693,0.5541784201556965,0.43942195705641995,1.0,0.09703647680743613,0.0,0.0,0.9594869654577816,0.7197913826646669,0.5625512008134587,0.5869865659609695,1.0,0.7880979900614314,1.0,0.17225681717328697,0.0,0.0,0.9423301642298935,0.7850157504683387,0.47876946729831604,0.12032095562916335,0.0,1.0,0.6487422554891297,1.0,0.6821982514841828,0.6582254623943811,0.37256356694122383,0.7380541580299851,0.8023875895022481,0.0,0.6308288419800572,0.2017131219148847,0.8731685294136821,0.6475314693674598,0.5749573517431775,0.07465633729875691,0.6454770407037753,0.0,0.8177517539649511,1.0,0.5000534647067278,0.1093102546218679,0.1488321432943265,0.44838393474272636,0.1108970991181997,0.6058464969916675,0.0,0.08774450605373917,0.6849932819443737,0.1789541738942725,0.9499851854161954,0.0,0.05421864319717796,0.13640814440288906,0.03523706300458605,0.31968645757062475,0.20704167815602076,1.0,0.7521098987985927,0.0,0.14943674102223745,0.0,0.28187726078470315,1.0,0.17266749395872333,0.39408005173970284,0.0,0.44239560075392315,0.0,0.3456487320042182,0.6162275532065206,0.3334663930460903,1.0,1.0,0.055301941452649946
63,product/lengthscale,interaction_g0.00,3,3.42334924789049,3.365008367958303,3.472464883250703,3.373339957613748,0.037058831795034664,-2.7684396133640683,30.448629823047668,7.634259652812034,1,1,ok,,1.073761134855749,1.0005073386039647,0.9807692307692307,29.928846266827524,0,62.875,1.073761134855749,29.928846266827524,nan,nan,1.0034131037644853,54.339067011960346,1.9897951665223568,1.535975384584448,0,1.0,0.5089617095011174,0.0,0.6253086158144777,0.3352200164691643,0.3755617207205986,1.0,0.0,0.8348151078134042,1.0,0.0,0.16839812622431258,0.0,0.0,0.4060057404270444,1.0,0.0,0.5568328744164689,1.0,0.4340899271081137,0.6127349228343418,0.9217645513509937,0.6438235482278838,0.6070607257475381,0.22831798244356205,0.4386715226485112,0.536852358639764,1.0,0.0013455836445210678,0.0,0.0,1.0,0.8673765919499722,1.0,0.40373462302990015,1.0,0.8960816821229395,1.0,0.0,0.0,0.496757957654922,1.0,0.8772305202877744,1.0,0.13602733077392035,0.3901890448858788,1.0,0.7822686903676425,1.0,0.6616972749451909,0.8260405983036423,0.7557460593576727,0.6511807898441431,0.964986353255671,0.0,0.7258493229983757,0.28553441024614357,1.0,0.698736958627637,0.5674269709603601,0.8619384965699156,0.8453083582845312,0.0,0.7703413621726279,1.0,0.5512499339353033,0.0,0.17311499068340805,0.5079789936006331,0.0,0.9284603022829924,0.0,0.19627532891779945,1.0,0.0,0.523081539525559,0.0,0.13638287684118422,0.02967529753663499,0.0,0.34725673757304765,0.10258253107511889,1.0,0.7711331757794788,0.0,0.0,0.0,0.7080037892077051,1.0,0.1399568123349722,0.38761524403269726,0.0,0.3289755287923941,0.0,0.39429492063112564,1.0,0.25867127818068236,1.0,1.0,0.40031739650431153
64,product/lengthscale,interaction_g0.00,3,3.4798060292912627,3.3565336791710125,3.4798060292912627,3.373339957613748,0.037058831795034664,-2.6667502078264205,28.406121522188187,8.873407952021807,1,1,excluded,r_hat_max 1.105 > 1.1,1.1046109936109316,1.0039080446281945,0.9038461538461539,23.51732347935062,0,63.0,1.1046109936109316,23.51732347935062,nan,nan,1.0094171056432375,50.2269991305561,2.0121944490437342,1.5342641293468957,0,0.4834853638237041,1.0,0.0,1.0,0.15504421426915188,0.27831405983102914,0.7854919087055621,0.0,0.8858777600065235,1.0,0.0,0.0,0.0,0.0,0.3999800892998932,0.8729549962660582,0.0,1.0,1.0,0.4053700005559604,0.21665995695941653,1.0,0.8050885544037242,0.606594279093668,0.21244726923872193,0.22635891775713665,0.6751307784786017,1.0,0.0,0.0,0.0,1.0,1.0,0.5552601939859473,0.4966738302814978,1.0,1.0,1.0,0.0,0.0,0.0,0.0,0.7225060260047521,0.8363333242846622,0.0,0.3999347809810301,1.0,0.8668519192294032,1.0,0.7293582633851103,0.7184156282602873,0.4438044325111784,0.2842413255064015,0.7623050552010043,0.0,0.783774227123583,0.0,1.0,1.0,0.5662386428035547,0.0,0.6167405671305358,0.0,1.0,1.0,0.6021183596191795,0.0,0.34656916437200136,0.0,0.0,1.0,0.0,0.0,1.0,0.09759207817959227,0.5649485610117333,0.0,0.22954770058781016,0.0,0.0,0.0,0.0,1.0,0.2928600772026183,0.0,0.0,0.0,1.0,1.0,1.0,0.6115044953060451,0.0,0.0,0.0,0.22193073002982688,1.0,0.3225134839411279,1.0,1.0,0.2995882952624146
65,product/lengthscale,interaction_g0.00,3,3.2950261430606025,3.347330259509481,3.4798060292912627,3.373339957613748,0.037058831795034664,-2.529707351969268,34.79471139796078,6.457717698067427,1,1,ok,,1.0703736412363973,1.0038208072038426,0.9711538461538461,36.160795571554765,0,63.0,1.0703736412363973,36.160795571554765,nan,nan,1.0171562121854745,62.098087318446865,2.03477308873985,1.5330943965509254,0,0.33045744137138316,0.6782812366823292,0.06677341646548207,0.8867989635960795,0.03883564989205849,0.45439030085658055,1.0,0.0,1.0,0.9977969400043653,0.0,0.3715296777514951,0.0,0.0,0.3947746173468805,0.9244374591435592,0.0,1.0,1.0,0.40022795872830086,0.3916953843522119,1.0,0.7180644066185691,0.6047841806355863,0.22075550827359428,0.32155314988450096,0.5697397733139089,1.0,0.0,0.0,0.0,1.0,0.874702408301218,0.7239985609623514,0.44011026972854794,1.0,1.0,1.0,0.1292783106182185,0.0,0.0,0.8374597807582292,0.7978924718540191,0.781622563129408,0.15118451399373325,0.5752872925204912,1.0,1.0,1.0,0.6254289837048055,0.4737320165794975,0.531823316664504,0.6049993424433178,0.6634552407602035,0.0,0.6685422274170524,0.02574324703526629,1.0,1.0,0.5754803988335836,0.09062021873278507,0.7109789144989841,0.0,0.9587572905795165,1.0,0.6635339555029871,0.04236561412689433,0.24024599467467203,0.281470247228928,0.0,0.7550177599892329,0.0,0.0,1.0,0.48974391544422424,0.5184485566240232,0.22228697612664877,0.18253751824877099,0.0,0.0,0.23392800670966,0.14607121559170233,0.9699965327528322,0.6750013441583197,0.0,0.09439493598837805,0.0,0.5861572014926767,1.0,0.7956824479268446,0.5051454646284577,0.0,0.0,0.0,0.17540504353217784,0.80862491468538,0.42918317042238896,1.0,1.0,0.5978308824951595
66,product/lengthscale,interaction_g0.00,3,3.3510801151738945,3.3734381988586297,3.4798060292912627,3.3734381988586297,0.03696059055015288,-2.6235385097114445,34.01250523235649,9.377816994674504,1,1,excluded,n_eff_min 8.4 < 16.0,1.0582365265241884,1.0041150867647117,0.9903846153846154,8.43643421427343,0,62.875,1.0582365265241884,8.43643421427343,nan,nan,1.0189099636886894,19.199929710413457,2.053867831987134,1.5292044446836537,0,0.8106948063875377,0.7562094348329474,0.0,0.6228610364961021,0.07029892760442263,0.28124946905559256,1.0,0.0,0.5355243187552153,1.0,0.0,0.0,0.0,0.0,0.41452459694606053,1.0,0.0,1.0,1.0,0.31610770435929086,0.36950250181286187,0.8864170138556481,0.8860240315308857,1.0,0.0,0.08870622477159511,1.0,1.0,0.0,0.0,0.0,1.0,0.7809934156699306,0.6999316365140029,0.5507554824056802,1.0,0.9941330472697157,1.0,0.0,0.0,0.0,0.0,0.6937561590657448,0.6112247419664771,0.0,0.0,1.0,0.0856666429849043,1.0,1.0,1.0,0.5631712372929577,0.5073606604127703,0.8724360584195106,0.0,0.6556287073679337,0.010550386030269454,0.8241171578877916,0.5553288892758872,0.5698357692122864,0.3923619006299979,1.0,0.0,1.0,1.0,0.3583028028771313,0.0,0.20857284817750313,1.0,0.0,0.7067206007733641,0.0,0.39159714512727184,1.0,0.0,0.9158148432389125,0.0,0.0,0.0,0.0,0.0,0.0,1.0,0.5644293848990058,0.0,0.0,0.0,0.7102133220563742,1.0,0.5509808385177518,0.6363976496101814,0.0,0.0,0.0,0.5646335413278758,1.0,0.2730517893794227,1.0,1.0,0.0
67,product/lengthscale,interaction_g0.00,3,3.2979147864501357,3.3661776426736014,3.4798060292912627,3.3734381988586297,0.03696059055015288,-2.399722351809416,36.41326645901427,5.3023538258858025,1,1,ok,,1.0977397324264921,1.0045167607007257,0.9134615384615384,21.287228926618788,0,63.0,1.0977397324264921,21.287228926618788,nan,nan,1.0076733789431138,58.893275055620606,2.0732292093481304,1.5258783392328226,0,0.7743286091680939,0.4239354380816346,0.15775758919615968,0.4645238280566904,0.19105414043086982,0.0,0.5343596928333917,0.0,0.8572311511739303,0.9192682814107354,0.0,0.0,0.0,0.0,0.40769240734339596,1.0,0.0,0.572082339622424,1.0,0.48390180089598084,0.0,0.8700172700161902,0.6035801086938088,0.6260003194742888,0.0,0.26025623935549874,0.9138755074541183,1.0,0.0,0.0,0.0,1.0,1.0,0.0,0.40012998047976683,1.0,1.0,1.0,0.0,0.0,0.0,0.4801519265191892,0.8358189483019702,0.6489580248072117,0.07692495490622876,0.4185995975767616,1.0,0.7731123427896359,1.0,0.6412058113826843,1.0,0.6441762347655865,0.36967622051849447,0.9618530287309854,0.0,0.8950950561581869,0.0,1.0,0.2743453993411374,0.5631375219875049,0.36671459017227653,0.7656924218359827,0.0,0.7798078816337919,1.0,0.5432071393560194,0.0,0.21434643435114512,0.0,0.39430344694383657,0.8035648937607502,0.0,0.24625022406844124,1.0,0.2779264650291223,0.8144189875464989,0.0,0.16975575180271707,0.010488362683765316,0.0,0.3368283663952867,0.0,1.0,0.3502572023895945,0.0,0.0,0.0,0.9501428733169109,1.0,0.0662703546229094,1.0,0.0,0.05252661540444032,0.0,0.4317447043041157,0.9052584050166603,0.3262336773064513,1.0,1.0,0.13966949271921528
68,product/lengthscale,interaction_g0.00,3,3.5075643286367537,3.3606931673240856,3.5075643286367537,3.3734381988586297,0.03696059055015288,-2.8282306835593896,34.26323081040755,10.337707051075995,1,1,ok,,1.0597166113982195,0.9991177568073604,0.9711538461538461,47.60345464002223,0,62.625,1.0597166113982195,47.60345464002223,nan,nan,1.0010712836108249,109.7401303845613,2.0912392913643365,1.5217743773907697,0,0.5729097575907136,1.0,0.14817443331879712,0.7188665025758519,1.0,1.0,1.0,0.0,0.88723609650738,1.0,0.0,0.0,0.0,0.0,0.40263389688916945,1.0,0.0,0.5579149825526245,1.0,0.4837084882660825,0.0,0.40056983188155915,0.9921398907524365,0.7607902691502197,0.24388920581799228,0.5516330454365651,0.7993936091810709,1.0,0.0,0.0,0.0,1.0,1.0,1.0,0.4346357851134128,0.7739788828985525,1.0,1.0,0.0,0.0,0.20925032583419328,0.4178546798785457,0.8824410975655393,0.6811619121849039,0.2949294746926578,0.23013949700669437,1.0,0.558310266688974,1.0,0.8302767355504266,0.8351817824842205,0.05809271547692092,0.0,0.9673294144495606,0.0,0.7558440927002369,0.1329450248575475,0.853988174223783,1.0,0.5691020424551458,0.0,1.0,0.0,1.0,1.0,0.5537840740584928,0.0,0.4749409829569376,0.15452749586097386,0.0,0.5506528236322766,0.0,0.22419756978214805,0.8392562931436522,0.03442522154217551,0.7878003402600703,0.0,0.0,0.10196401677470988,0.0,0.2988147251734214,0.0,0.9288322660298817,0.8643508599970726,0.0,0.0,0.0,0.8580174819682701,1.0,1.0,0.2396446155136749,0.0,0.0,0.0,1.0,1.0,0.08194327718862364,1.0,1.0,0.0
69,product/lengthscale,interaction_g0.00,3,3.3502557323899356,3.375330678222651,3.5075643286367537,3.375330678222651,0.035068111186131734,-2.7255892751649062,36.69278740091249,10.64675494004041,1,1,excluded,n_eff_min 14.3 < 16.0,1.0580190509744578,1.0033085900786918,0.9807692307692307,14.28620790402417,0,63.0,1.0580190509744578,14.28620790402417,nan,nan,1.0197916543063708,52.08225518089212,2.111765741179879,1.5201597831390068,0,0.0,1.0,0.0,0.7635915982829008,0.6169000779632532,0.42980864107640776,0.0,0.0,1.0,1.0,0.0,0.0,0.0,0.0,0.43494902690011805,1.0,0.0,0.0,1.0,0.3657303868573565,0.5850080148438005,0.7626767032837264,1.0,0.5384533509994773,0.2712322398746084,0.39582185216503746,0.811946283364174,1.0,0.0,0.0,0.0,1.0,1.0,1.0,0.17559723230169394,0.8001193977486225,1.0,1.0,0.0,0.0,0.0,1.0,1.0,0.46380432235479907,0.0,0.28679149271108567,1.0,0.6913099181013944,1.0,1.0,1.0,0.49195168202885153,0.3763952358564635,0.7745317968961969,0.0,1.0,0.0,1.0,1.0,0.5577784979497741,0.2858076117226469,0.6656672239823298,0.0,1.0,1.0,0.0,0.0,1.0,0.39703340664854425,0.03975890505636262,1.0,0.0,0.0,0.0,0.0,1.0,0.0,0.0,0.0,0.0,0.0,0.0,1.0,0.4157667137282835,0.0,0.0,0.0,0.5554448980661175,1.0,1.0,0.3993404916352481,0.0,0.0,0.0,1.0,1.0,0.0,1.0,1.0,0.0
70,product/lengthscale,interaction_g0.00,3,3.3994706428524593,3.3590635662334503,3.5075643286367537,3.375330678222651,0.035068111186131734,-2.6115188141032313,35.36372089199722,6.2305870042182505,1,1,ok,,1.0632519655511037,1.0047005878540611,0.9230769230769231,32.000262780657856,0,63.0,1.0632519655511037,32.000262780657856,nan,nan,1.0010945159887135,168.44167821941573,2.1294584553400226,1.516401111098134,0,0.8157167855633545,1.0,0.010576243348092615,0.4559421109942262,1.0,0.34370697019222574,1.0,0.0,0.9832010458314132,1.0,0.0,0.0,0.12510463978555816,0.0,0.40150914780235225,1.0,0.0,0.6224618746802678,1.0,1.0,0.32142384893341513,0.8058241304232242,1.0,0.4646763112129621,0.25104955938627305,0.4334387169109896,0.6600241668350427,1.0,0.0,0.0,0.0,1.0,1.0,0.8428176437927541,0.48009400920712936,0.9677800023122665,1.0,1.0,0.0,0.0,0.0,0.5316261355991139,1.0,0.74675163835347,0.27856139631812316,0.327130835634708,1.0,0.6424784878015521,0.9795947667996984,0.9432268414112472,0.7386471088147459,0.38398449580848654,0.4539851934830459,0.8043483513003125,0.0,0.6988998266134048,0.3441445865580888,0.8427304721499298,1.0,0.5685839872498172,0.18225303365223774,1.0,0.0,1.0,1.0,0.03922119755927736,0.0,0.6363985785702441,0.19661405902568752,0.0,1.0,0.0,0.27333384416217593,0.855704047185622,0.0,0.9040122965556564,0.0,0.25206554917272284,0.0,0.0,0.0,0.0,1.0,0.7740036899390781,0.0,0.0,0.0,1.0,1.0,0.5944184353405149,0.4715183948246858,0.0,0.14670447076595955,0.0,0.8092496010142087,1.0,0.15793807086075792,1.0,1.0,0.0
71,product/lengthscale,interaction_g0.00,3,3.3649242592595736,3.3785301511244743,3.5075643286367537,3.3785301511244743,0.031868638284308304,-2.6114862961262633,36.91614810563624,7.944500869140029,1,1,ok,,1.0780510400891994,1.0008520165188641,0.9326923076923077,35.67052445534483,0,63.0,1.0780510400891994,35.67052445534483,nan,nan,0.9987290555338247,134.80854568647112,2.1473459509387895,1.513103687932087,0,0.0,0.6685907940001976,0.21930968106216214,1.0,0.34349473768155725,0.9126860606909694,1.0,0.0,0.5425976775426963,1.0,0.0,0.0,0.0,0.0,0.42642862303938806,1.0,0.0,0.0,1.0,0.0,0.4121496740949625,0.9145532713652219,1.0,0.8110655139147857,0.5860735472452758,0.5157078698227787,0.6002451148997355,1.0,0.0,0.0,0.0,1.0,0.9436134087795185,1.0,0.5725724086538713,1.0,1.0,1.0,0.0,0.0,0.0,0.5337605225593473,1.0,0.6009517519405101,0.0,0.2933931957882114,1.0,0.32375487898056277,1.0,0.25891896732676367,1.0,0.36714827334930905,0.0,0.7474805816097526,0.0,1.0,0.7086567715282291,1.0,1.0,0.5691601880216317,0.302787962731381,0.7163982119430964,0.0,0.9705256532932391,1.0,0.4439858526458976,0.0,0.09668737853166366,0.07314724342156742,0.0,1.0,0.0,0.2447716864352598,0.8777262018849608,0.0,1.0,0.0,0.3578989733162911,0.49175073666386826,0.0,0.7355087766829616,0.0,0.9864823715595461,0.44569547608968707,0.0,0.0,0.0,1.0,1.0,0.9003100533533587,0.0,0.0,0.0,0.0,0.5105969389750101,1.0,0.1462403748477463,1.0,1.0,0.0
72,product/lengthscale,interaction_g0.00,3,3.368927868215036,3.370107766681973,3.5075643286367537,3.3785301511244743,0.031868638284308304,-2.5359699172698402,34.37073446298018,11.00218582386151,1,1,ok,,1.0527860867082948,1.0000741508393354,0.9903846153846154,45.350960080707075,0,62.5625,1.0527860867082948,45.350960080707075,nan,nan,0.997409801498207,135.87661862645373,2.1642567607765777,1.5093007183352707,0,0.6311549056342881,0.638103308082761,0.0,1.0,0.7524645766126744,0.49002568583680606,1.0,0.0,1.0,1.0,0.0,0.0,0.0,0.0,0.41931702869085963,0.0,0.0,0.0,1.0,0.11844991609073585,0.0,0.0,1.0,1.0,0.09662303233980518,0.9426096508535052,0.0,1.0,0.0,0.0,0.0,1.0,1.0,1.0,1.0,0.0,1.0,1.0,0.0,0.0,1.0,0.0,1.0,1.0,0.0,1.0,1.0,1.0,1.0,1.0,0.7403061054977412,0.0,0.5441081600128858,1.0,0.0,1.0,0.0,1.0,1.0,0.5520737642437009,0.5122012019666214,1.0,0.0,0.9963343284996286,1.0,1.0,0.0,0.35975400846462025,0.0,0.0,0.0,0.0,0.2462703585953245,0.5065278730079178,0.0,0.4844498780739663,0.0,1.0,0.0,0.0,0.0,0.0,1.0,0.1275903589432249,0.0,0.3367119644928301,0.0,0.0002749109558696422,1.0,1.0,0.0,0.0,0.0,0.0,1.0,1.0,0.2348376103458652,1.0,1.0,1.0
73,product/lengthscale,interaction_g0.00,3,3.409935162217134,3.3745429266573868,3.5075643286367537,3.3785301511244743,0.031868638284308304,-2.649601868946643,36.94342709518969,9.91519338823855,1,1,ok,,1.0842003506282836,1.0024014640442083,0.9423076923076923,27.997270909391506,0,63.0,1.0842003506282836,27.997270909391506,nan,nan,1.0513977636498826,53.21509403261628,2.180759104714091,1.5054537202688236,0,1.0,1.0,0.0,1.0,1.0,0.16487879937176705,1.0,0.0,1.0,1.0,0.0,0.0,0.0,0.0,0.42613997688448635,1.0,0.0,1.0,1.0,0.26795138672842816,0.42018654729239663,0.0,1.0,1.0,1.0,1.0,1.0,1.0,0.0,0.0,0.0,1.0,0.928817328287014,1.0,0.41466725714600333,0.0,0.9158622479866105,1.0,0.0,0.0,1.0,0.6427064539233965,1.0,0.6443179549546132,1.0,0.0,1.0,0.0,1.0,1.0,1.0,0.778842573025127,0.09527489151177632,1.0,0.0,0.8538301396764248,0.0,1.0,1.0,0.5557837948503366,0.0,0.7845122129713136,0.0,0.0,1.0,1.0,0.0,1.0,0.07539361501236037,0.3472567906853592,0.0,0.0,0.0,0.9584136908717491,0.0,0.8305366294740091,0.0,1.0,0.0,0.0,0.0,0.0,1.0,0.0,0.0,0.44379142184468884,0.0,0.0,1.0,0.6720627101684442,0.0,0.03736873468018506,0.0,0.0,0.0,1.0,0.0,1.0,1.0,0.0
74,product/lengthscale,interaction_g0.00,3,3.3440154342167343,3.365138882297153,3.5075643286367537,3.3785301511244743,0.031868638284308304,-2.820647509574782,34.829849555157125,8.645803701132536,1,1,excluded,r_hat_max 1.105 > 1.1; n_eff_min 11.9 < 16.0,1.1052326409431183,1.004008285226225,0.9615384615384616,11.90251736486142,0,63.0,1.1052326409431183,11.90251736486142,nan,nan,0.9991303206293568,29.65711009498497,2.1973695919776453,1.501967145022008,0,0.5194177399404466,0.0,0.0,1.0,1.0,1.0,1.0,0.0,1.0,1.0,0.0,0.0,0.0,0.0,0.4118170437673609,1.0,0.0,1.0,1.0,0.0,1.0,0.0,0.0,1.0,0.0,1.0,1.0,1.0,0.0,0.0,0.0,1.0,1.0,1.0,0.49839545966969007,1.0,1.0,1.0,0.0,0.0,1.0,0.0,1.0,0.41663853218168234,0.0,0.6675953871022471,1.0,0.6308841611016074,1.0,1.0,1.0,1.0,0.8969848646985628,1.0,0.0,1.0,0.0,1.0,1.0,0.5522670810838716,0.0,1.0,0.0,0.0,1.0,1.0,0.0,1.0,0.0,0.0,0.0,0.0,0.0,1.0,0.0,0.0,0.0,0.0,0.0,0.0,0.0,0.0,0.9564769665469899,1.0,0.0,0.0,0.0,0.0,1.0,1.0,0.0,0.0,0.0,0.0,0.5763041452439365,1.0,0.27293156558746806,1.0,1.0,0.0
75,product/lengthscale,interaction_g0.00,3,3.5034288507407148,3.3698884782207235,3.5075643286367537,3.3785301511244743,0.031868638284308304,-2.7958709912040836,37.032623978797346,10.700587772298604,1,1,excluded,r_hat_max 1.131 > 1.1,1.131110518512863,1.0043760340363521,0.9230769230769231,28.220542417044566,0,62.875,1.131110518512863,28.220542417044566,nan,nan,1.0367282381293974,105.66137394341395,2.2126582032075,1.4977060620149085,1,0.7720576315864204,1.0,0.0,1.0,0.6757872437806038,0.7703915225688744,1.0,0.0,0.7999912752723745,1.0,0.0,0.0,0.0,0.0,0.42640039252093753,1.0,0.0,0.3940443806914739,1.0,0.0,1.0,0.0,1.0,1.0,0.3944025760054205,1.0,1.0,1.0,0.0,0.0,0.0,1.0,1.0,1.0,0.8303286696993436,0.37820243636214085,1.0,1.0,0.05313981747440455,0.0,0.5618804200084473,0.0,0.2822782237686138,1.0,1.0,0.0,1.0,1.0,1.0,1.0,0.11183181909860991,0.4657977207103932,0.0,0.0,0.0,1.0,0.17336063528147966,1.0,1.0,0.5487561009243214,0.0,1.0,0.0,0.2865976576392511,1.0,0.5124729443850653,0.0,0.0,0.18807336824985532,0.23502913683300636,0.0,0.0,0.0,0.0,0.0,0.6260293527825189,0.0,0.0,0.0,0.0,1.0,0.0,1.0,0.0,0.0,0.0,0.0,1.0,1.0,0.0,0.28758482398847185,0.0,0.0,0.0,1.0,1.0,0.0,1.0,1.0,0.2551444859500234
76,product/lengthscale,interaction_g0.00,3,3.2366598653248215,3.3547872630367843,3.5075643286367537,3.3785301511244743,0.031868638284308304,-2.723444974642865,34.709820113144815,8.872533585876226,1,1,ok,,1.0533662093354021,0.9987543953951948,0.9903846153846154,23.165914179681696,0,63.0,1.0533662093354021,23.165914179681696,nan,nan,1.0051324878899401,94.26004821485162,2.2296420275171474,1.4950727198356177,0,1.0,0.9749252331344239,0.0,1.0,0.0,0.7384212240765542,1.0,0.0,0.9148685395664068,1.0,0.0,0.0,0.0,0.0,0.4353811232747754,1.0,0.0,0.0,1.0,0.0,0.0,0.0,1.0,0.9358844745696616,0.42981893340646515,0.8942364927950535,1.0,1.0,0.0,0.0,0.0,1.0,1.0,1.0,1.0,0.0,1.0,1.0,0.0,0.0,0.0,0.0,0.8911495282624047,1.0,1.0,0.3375173059034708,1.0,1.0,1.0,1.0,0.44058724234788443,1.0,0.0,0.0,0.0,1.0,0.0,0.0,0.859235132078303,0.5341083533935796,0.0,1.0,0.0,1.0,1.0,1.0,0.0,1.0,0.14545380518771536,0.0,1.0,0.0,0.0,0.6232729918617075,0.0,0.0,0.0,0.0,0.0,0.0,0.9809028476202778,0.0,1.0,1.0,0.0,0.41196958280368823,0.0,0.0,1.0,0.0,0.318316925377865,0.0,0.0,0.0,1.0,1.0,0.0,1.0,1.0,0.0
77,product/lengthscale,interaction_g0.00,3,3.4805184803530023,3.376296870593478,3.5075643286367537,3.3785301511244743,0.031868638284308304,-2.754166552803427,37.300488614011556,11.266190177761018,1,1,ok,,1.0644383137422802,1.0006233356298089,0.9903846153846154,39.21947286591357,0,63.0,1.0644383137422802,39.21947286591357,nan,nan,1.0153817422269291,156.03611823831233,2.242720181254909,1.4897020544474018,0,0.4728233195642645,1.0,0.0,1.0,0.4283397766369346,1.0,1.0,0.0,0.9186752224778402,1.0,0.0,0.0,0.0,0.0,0.42352811391270967,1.0,0.0,0.9544356302388199,1.0,0.5875122736019361,0.8270143285067578,0.0,1.0,0.7984495746462178,0.33382578022762777,1.0,1.0,1.0,0.05437528231402981,0.0,0.0,1.0,1.0,1.0,0.0,1.0,1.0,1.0,0.0,0.0,1.0,0.3801519520665952,0.7100481326910182,1.0,0.8333772508550975,0.0,0.0,1.0,1.0,1.0,1.0,0.31862579419872533,0.0,0.9982269391140196,0.0,0.0,0.0,1.0,0.7282781452352625,0.5608627072413719,0.0,1.0,0.0,0.6036619425110903,1.0,0.37830449332211935,0.0,0.0,0.3420733796491884,0.0,0.0,0.0,0.0,0.34299973424565017,0.0,1.0,0.0,1.0,0.0,0.0,0.0,0.0,0.9878513438061157,0.0,0.0,0.0,0.0,1.0,1.0,0.9880582345593335,0.0,0.0,0.0,0.0,0.0,1.0,0.020974970310427003,1.0,1.0,0.5417816953224237
78,product/lengthscale,interaction_g0.00,3,3.2557245488068594,3.377083827205851,3.5075643286367537,3.3785301511244743,0.031868638284308304,-2.802655385274835,34.833708219695836,10.992744463961571,1,1,excluded,r_hat_max 1.165 > 1.1,1.1654381169484118,1.0016255000237893,0.9230769230769231,16.497417322543555,0,63.0,1.1654381169484118,16.497417322543555,nan,nan,1.01298437641086,74.29957851991279,2.258589390217705,1.4866579366118498,0,0.5311062938791046,1.0,0.0,1.0,1.0,1.0,1.0,0.0,1.0,1.0,0.0,0.0,0.0,0.0,0.42547278882836853,0.7669514991638201,0.0,1.0,1.0,1.0,1.0,0.8728302026201573,1.0,1.0,1.0,1.0,0.4069202666319119,1.0,0.0,0.0,0.0,1.0,1.0,1.0,0.44780731461239315,0.5653274571766039,1.0,1.0,0.0,0.0,1.0,0.9111274999406327,0.5511897388732618,1.0,0.0,0.5592241476341505,1.0,0.7583276677997495,1.0,1.0,0.650946326053152,0.0549588448675898,0.0,0.0,0.0,0.7351830086817998,0.23044039623860044,1.0,0.725029247448509,0.5618548911971623,0.0,1.0,0.0,0.0,1.0,1.0,0.0,0.0,0.0,0.0,0.0,0.0,0.8708701511207262,0.3752717645828912,0.0,1.0,0.0,0.0,0.0,0.0,0.0,0.0,1.0,0.0,0.0,0.0,0.0,1.0,1.0,1.0,0.4594720683850017,0.02566037268220567,0.0,0.0,0.5031264194129159,1.0,0.0,1.0,1.0,1.0
79,product/lengthscale,interaction_g0.00,3,3.332314177869243,3.370880677087356,3.5075643286367537,3.3785301511244743,0.031868638284308304,-2.723383497612819,37.40701786801219,11.361794868018478,1,1,excluded,r_hat_max 1.238 > 1.1; n_eff_min 14.3 < 16.0,1.237526962459814,1.002885424549698,0.8942307692307693,14.32561150067666,0,63.0,1.237526962459814,14.32561150067666,nan,nan,1.0001646660564336,54.51052470496072,2.2712113542504793,1.4814188149540342,0,1.0,1.0,0.0,1.0,1.0,0.0,1.0,0.0,0.6656855520250063,1.0,0.0,0.0,0.0,0.0,0.42452450424794536,1.0,0.0,0.9473355648176343,1.0,0.0,0.0,0.0,1.0,0.0,0.0,1.0,1.0,1.0,0.0,0.0,0.0,1.0,1.0,1.0,0.0,1.0,1.0,1.0,0.0,0.0,1.0,0.09273986261266452,0.0,0.4597520677919561,1.0,0.0,0.607085534910146,1.0,1.0,0.5612550598973184,0.0,0.0,0.5309105520291,1.0,0.0,1.0,0.0,1.0,1.0,0.5505504860889524,0.0,1.0,0.0,0.30595304078620666,1.0,0.0,0.0,0.0,0.35154001246482286,0.0,1.0,0.0,0.0,0.4873866007386832,0.0,1.0,0.0,1.0,0.0,0.0,1.0,0.04931264706742181,0.9458748993007235,0.0,0.0,1.0,0.0,1.0,1.0,0.6206492082058391,0.0,0.0,0.0,0.0,0.7350539168052131,1.0,1.0,1.0,1.0,0.0
80,product/lengthscale,interaction_g0.00,3,3.4332688211871805,3.3738446099664086,3.5075643286367537,3.3785301511244743,0.031868638284308304,-3.0504110660050543,33.42823280626908,6.650557623710483,1,1,excluded,r_hat_max 1.392 > 1.1; n_eff_min 8.9 < 16.0,1.3923317612174193,1.0074794859377523,0.8269230769230769,8.888971185079239,0,63.0,1.3923317612174193,8.888971185079239,nan,nan,1.0836646440375104,40.7702834277202,2.2844751395457146,1.4768437615441434,0,1.0,1.0,0.0,1.0,1.0,1.0,1.0,0.0,1.0,1.0,0.0,0.0,0.0,0.0,0.41517488882423925,1.0,0.0,1.0,1.0,0.0,1.0,0.0,1.0,1.0,0.0,0.0,0.1615706889112459,1.0,0.0,0.0,0.0,1.0,1.0,1.0,1.0,1.0,1.0,1.0,0.0,0.0,0.0,0.0,1.0,1.0,1.0,0.0,1.0,1.0,1.0,1.0,1.0,1.0,0.0,0.8290187685548991,0.0,0.0,0.09071218096498572,1.0,1.0,0.5679567307450235,0.0,0.0,0.0,1.0,1.0,0.0,0.0,0.0,0.0,0.0,0.0,0.0,0.0,1.0,0.0,1.0,0.0,1.0,0.0,0.0,1.0,0.0,0.9692713221061126,0.0,0.0,0.0,0.0,1.0,1.0,0.0,0.0,0.0,0.0,0.0,1.0,1.0,0.0,1.0,1.0,0.0
81,product/lengthscale,interaction_g0.00,3,3.3992174029465883,3.377054690431805,3.5075643286367537,3.3785301511244743,0.031868638284308304,-2.9447508534960347,38.504829339217395,10.662250192835927,1,1,excluded,r_hat_max 1.128 > 1.1; n_eff_min 14.7 < 16.0,1.127874176418199,1.0050865250694616,0.8653846153846154,14.741196511242475,0,63.0,1.127874176418199,14.741196511242475,nan,nan,1.0097375386147398,36.01745405009124,2.298657777590671,1.4731709047340609,0,0.27967165632373403,1.0,0.0,1.0,1.0,0.0,1.0,0.0,1.0,1.0,0.0,0.0,0.0,0.0,0.42094151810663666,1.0,0.0,0.4750894006295339,1.0,0.0,0.5173026768958544,0.0,1.0,0.6555032046854382,0.0,0.9408318636477219,1.0,1.0,0.0,0.0,0.0,1.0,1.0,1.0,1.0,1.0,1.0,1.0,0.0,0.0,0.0,0.0,0.6667186868252413,1.0,1.0,0.0,1.0,1.0,1.0,1.0,1.0,1.0,0.314100057343244,1.0,0.0,0.08385256512543936,0.0,1.0,1.0,0.5696782183412026,0.0,1.0,0.0,1.0,1.0,1.0,0.0,0.0,0.3114830176727608,0.38684420472092407,0.0,0.0,0.0,0.0,0.568708320966794,1.0,0.0,0.20525954513034989,0.0,0.0,0.0,0.0,0.9285649011276405,0.0,0.0,0.0,0.0,1.0,1.0,0.6617532148269456,0.0,0.0,0.16440585245082998,0.0,0.3611337067661688,1.0,0.35199518875100216,1.0,1.0,0.0
82,product/lengthscale,interaction_g0.00,3,1.6456742771502653,1.6327637782814406,3.5075643286367537,3.3785301511244743,0.031868638284308304,-2.311983085847634,35.42143899574876,10.045345054008067,1,1,excluded,r_hat_max 2.437 > 1.1; n_eff_min 3.1 < 16.0,2.436927131560873,1.014312197931195,0.7115384615384616,3.0751817735216855,0,63.0,2.436927131560873,3.0751817735216855,nan,nan,1.4932256730561078,6.059654563375165,2.3120792364364746,1.4691348626109824,0,0.0,1.0,0.0,1.0,0.0,1.0,1.0,0.0,0.0,0.02842087717744372,0.0,0.0,0.0,1.0,0.42703240175507773,1.0,0.0,0.9487438621955893,0.0,1.0,0.0,0.0,0.0,1.0,1.0,1.0,1.0,1.0,0.0,0.0,0.0,0.0,1.0,1.0,1.0,1.0,0.0,1.0,0.0,0.0,0.0051944806904542255,1.0,0.8324624338936228,0.0,1.0,0.0,0.0,1.0,1.0,1.0,1.0,1.0,1.0,1.0,0.0,1.0,1.0,1.0,1.0,0.0,0.0,0.0,0.0,1.0,0.9945043798411779,0.0,1.0,0.0,1.0,0.0,0.0,1.0,0.0,1.0,0.0,1.0,0.0,1.0,0.0,1.0,0.0,0.0,0.9045763340203237,1.0,0.0,0.0,0.0,1.0,1.0,0.0,0.0,1.0,0.0,0.0,1.0,1.0,0.0,1.0,1.0,1.0
83,product/lengthscale,interaction_g0.00,3,3.440470828617884,3.341813978936966,3.5075643286367537,3.3785301511244743,0.031868638284308304,-2.794335376773351,37.57544343685731,9.935336504131556,1,1,excluded,r_hat_max 1.161 > 1.1,1.1606537900913665,1.0055496339059584,0.8461538461538461,18.577992152531415,0,63.0,1.1606537900913665,18.577992152531415,nan,nan,1.1314811264250804,42.28620448881599,2.304050261023388,1.462066696486519,0,0.4706909653782453,1.0,0.0,1.0,0.0,0.0,1.0,0.0,1.0,1.0,0.0,0.0,0.0,0.0,0.43556260547735526,0.660582906278098,0.0,0.0,1.0,0.9023428626084137,0.7638218845750467,0.0,1.0,1.0,0.0,1.0,0.9378725198517166,1.0,0.0,0.0,0.0,1.0,1.0,1.0,0.5721448977467424,1.0,1.0,1.0,1.0,0.0,0.0,1.0,0.0,1.0,0.36026028190984916,0.0,1.0,1.0,1.0,1.0,0.20486254613083985,0.2643207896815091,0.0,1.0,0.0,1.0,1.0,1.0,1.0,0.524227202267372,0.0,1.0,0.0,0.0,1.0,0.0,0.0,0.32942049729132017,1.0,1.0,0.0,0.0,0.0,1.0,0.0,0.0,0.0,1.0,0.0,0.0,0.12548297944545897,0.0,1.0,0.0,0.0,0.0,0.0,1.0,1.0,0.0,0.0,0.0,0.0,0.0,1.0,1.0,0.0,1.0,1.0,0.40850539287380516
84,product/lengthscale,interaction_g0.00,3,3.4108264986998784,3.3521004141871167,3.5075643286367537,3.3785301511244743,0.031868638284308304,-3.063136867098787,35.28151477500796,10.419509786181152,1,1,excluded,r_hat_max 1.181 > 1.1; n_eff_min 11.4 < 16.0,1.1813606332660609,1.000128472606845,0.9711538461538461,11.350886319153915,0,62.875,1.1813606332660609,11.350886319153915,nan,nan,1.004826342473835,78.29989952886656,2.317579077304275,1.4585548798558088,0,0.0,1.0,0.0,1.0,0.9724629448517971,0.5298421872256783,1.0,0.0,1.0,1.0,0.0,0.0,0.0,0.0,0.4324801525336942,1.0,0.0,1.0,1.0,0.0,1.0,0.0,1.0,1.0,0.22711197515530074,1.0,1.0,1.0,0.0,0.0,1.0,1.0,1.0,1.0,1.0,1.0,1.0,1.0,1.0,0.0,0.0,1.0,0.0,0.0,1.0,0.0,0.0,0.4219422119821508,1.0,1.0,1.0,0.0,0.0,1.0,0.0,1.0,0.4147658495346992,1.0,1.0,0.5315460425730698,1.0,0.0,0.0,1.0,1.0,0.0,0.0,0.0,0.0,0.0,0.0,0.0,0.0,1.0,0.0,0.0,0.0,1.0,0.0,0.0,0.0,0.0,1.0,0.0,0.0,0.0,0.0,1.0,1.0,0.0,0.0,0.0,0.0,0.0,0.32540481617673384,1.0,0.0,1.0,1.0,0.0
85,product/lengthscale,interaction_g0.00,3,3.4356884259727556,3.373362898367647,3.5075643286367537,3.3785301511244743,0.031868638284308304,-2.864034851537733,37.92738014180213,10.645836242008954,1,1,excluded,r_hat_max 1.244 > 1.1; n_eff_min 10.0 < 16.0,1.2442464914796967,1.0087054264437105,0.7980769230769231,9.963551016631891,0,63.0,1.2442464914796967,9.963551016631891,nan,nan,1.0160489494837226,62.19572063299521,2.330440811673635,1.4547336332722842,0,0.5178220135635582,0.8711588995099376,0.0,1.0,0.053440129838541794,1.0,1.0,0.0,0.5469888843528969,1.0,0.0,0.0,0.0,0.0,0.4163883904236259,1.0,0.0,0.968058214664387,1.0,0.0,0.0,0.0,1.0,0.0,0.38607044677768826,0.7613173501774648,1.0,1.0,0.0,0.0,0.0,1.0,1.0,0.0,1.0,1.0,0.0,1.0,0.06535069423822304,0.0,1.0,1.0,1.0,1.0,1.0,0.0,0.7122353585015365,0.0,1.0,1.0,1.0,0.16457980014212575,0.0,1.0,0.0,1.0,1.0,1.0,1.0,0.561675735984266,0.0,0.0,0.0,1.0,1.0,0.0,0.03583244135763512,0.1878001202614106,1.0,0.0,0.0,0.0,0.0,0.4364535280601735,0.0,0.0,0.0,1.0,0.0,0.0,0.0923212869937311,0.0,1.0,0.7757190332711632,0.0,0.0,0.0,1.0,1.0,0.5617970539137346,0.0,0.0,0.0,0.0,0.8677943182070937,1.0,0.0,1.0,1.0,0.18690916899585483
86,product/lengthscale,interaction_g0.00,3,3.43032910084557,3.3732814617853952,3.5075643286367537,3.3785301511244743,0.031868638284308304,-3.027658175507347,35.672152393031865,10.427836888004094,1,1,excluded,r_hat_max 1.149 > 1.1; n_eff_min 14.1 < 16.0,1.1492510961967992,1.0000683285996264,0.9615384615384616,14.089418301352959,0,63.0,1.1492510961967992,14.089418301352959,nan,nan,1.0033533371558248,114.46909210155627,2.343292528118974,1.4510966710088988,0,1.0,1.0,0.0,1.0,0.0,0.6750105252241301,1.0,0.0,0.8215639376068881,1.0,0.0,0.0,0.0,0.0,0.4187121390193481,1.0,0.0,1.0,1.0,0.0,1.0,0.0,1.0,1.0,1.0,1.0,1.0,1.0,0.0,0.0,0.0,0.0,1.0,1.0,1.0,1.0,0.0,1.0,0.0,0.0,0.0,0.0,1.0,1.0,0.34705211260029806,0.0,0.0,1.0,1.0,1.0,1.0,1.0,0.0,1.0,0.0,1.0,1.0,1.0,1.0,0.5581208760758093,0.0,0.0,0.0,1.0,1.0,0.0,0.0,0.0,0.42774116410284224,1.0,0.0,0.0,0.0,1.0,0.0,1.0,0.0,0.0,0.0,0.0,0.0,1.0,1.0,0.0,0.0,0.0,0.0,1.0,1.0,1.0,0.0,0.0,0.0,0.0,1.0,1.0,0.0,1.0,1.0,0.0
87,product/lengthscale,interaction_g0.00,3,3.3776931383775435,3.3658766124714288,3.5075643286367537,3.3785301511244743,0.031868638284308304,-3.504784244792675,37.96572269639,9.040525641292334,1,1,ok,,1.0770767599096551,1.003859484595094,0.9615384615384616,21.544756499732898,0,62.875,1.0770767599096551,21.544756499732898,nan,nan,1.0147958295462842,173.66113920036832,2.3557872013687047,1.4473784447577152,0,1.0,1.0,0.0,0.6484180710530036,0.0,1.0,1.0,0.0,0.0,1.0,0.0,0.0,0.0,0.0,0.4360513652828273,1.0,0.0,1.0,1.0,1.0,1.0,0.0,1.0,1.0,0.0,1.0,0.0,1.0,0.0,0.0,1.0,1.0,1.0,1.0,0.0,1.0,1.0,1.0,1.0,0.0,0.0,0.0,1.0,0.7364663344342497,0.0,0.0,1.0,0.0,1.0,1.0,0.0,1.0,0.0,1.0,0.0,0.0,0.0,1.0,1.0,0.5446188687011373,0.0,0.0,0.0,1.0,1.0,0.0,0.0,0.0,0.0,1.0,0.0,0.0,0.0,1.0,0.0,1.0,0.0,1.0,0.0,0.0,1.0,0.0,0.9004699218250548,0.0,0.0,0.0,0.0,1.0,1.0,1.0,0.0,0.0,0.0,0.0,1.0,1.0,0.0,1.0,1.0,1.0
88,product/lengthscale,interaction_g0.00,3,3.360256467848975,3.3775776229553514,3.5075643286367537,3.3785301511244743,0.031868638284308304,-3.4215228338717965,35.26713282801211,6.113724099006504,1,1,excluded,r_hat_max 1.327 > 1.1; n_eff_min 8.3 < 16.0,1.3267474289763939,1.0257773496502274,0.6730769230769231,8.275951665940728,0,63.0,1.3267474289763939,8.275951665940728,nan,nan,1.0583268113589028,21.999895037767214,2.367399768834714,1.4432015558726397,0,1.0,1.0,0.0,1.0,0.0,0.0,1.0,0.0,1.0,1.0,0.0,0.0,0.0,1.0,0.42243571392415963,1.0,0.0,1.0,1.0,1.0,0.250297216836715,0.0,1.0,1.0,0.0,1.0,1.0,1.0,0.0,0.0,0.0,1.0,0.0,1.0,1.0,1.0,1.0,1.0,0.0,0.0,1.0,0.0,1.0,1.0,1.0,0.3052260128666684,0.0,1.0,1.0,1.0,1.0,0.0,0.24159869051511185,1.0,0.0,0.0,1.0,1.0,1.0,0.568656012449414,0.0,0.0,0.0,1.0,1.0,0.0,0.0,0.0,1.0,0.0,0.0,0.0,0.0,0.0,0.0,1.0,0.0,1.0,0.0,0.0,0.0,0.0,1.0,1.0,0.0,0.0,0.0,1.0,1.0,0.0,0.0,0.0,0.0,0.0,1.0,1.0,0.0,1.0,1.0,0.0
89,product/lengthscale,interaction_g0.00,3,3.331657770245805,3.359766544455038,3.5075643286367537,3.3785301511244743,0.031868638284308304,-3.0804073492410122,38.24316200101748,10.044094130862504,1,1,excluded,r_hat_max 1.622 > 1.1; n_eff_min 4.5 < 16.0,1.6219906547638512,1.005913913267743,0.8846153846153846,4.5475489172407855,0,63.0,1.6219906547638512,4.5475489172407855,nan,nan,1.1563994476932473,16.834619338136104,2.378555462082065,1.4388814036161697,0,0.13338831170106255,1.0,0.0,1.0,1.0,1.0,1.0,0.0,0.0,1.0,0.0,0.0,0.0,0.0,0.4140584305820517,1.0,1.0,0.44467219147736264,1.0,1.0,1.0,0.0,1.0,1.0,0.0,0.0,1.0,1.0,0.0,0.0,0.0,0.0,1.0,0.0,1.0,1.0,1.0,1.0,0.0,0.0,0.0,1.0,1.0,1.0,1.0,0.0,1.0,1.0,1.0,1.0,1.0,0.0,0.0,1.0,0.0,1.0,1.0,1.0,1.0,0.543321509894727,0.0,1.0,0.0,1.0,1.0,0.0,0.0,1.0,1.0,0.0,0.0,0.0,0.0,1.0,0.0,1.0,0.0,0.0,0.0,1.0,1.0,1.0,1.0,0.0,0.0,0.0,0.0,1.0,1.0,0.0,0.3994757817003217,0.031725355746036146,0.0,0.0,0.32153264981698193,1.0,0.0,1.0,1.0,1.0
90,product/lengthscale,interaction_g0.00,3,3.403665745636229,3.3648908634590575,3.5075643286367537,3.3785301511244743,0.031868638284308304,-3.497956234668658,33.36559270694852,6.9488664441742,1,1,excluded,r_hat_max 1.214 > 1.1; n_eff_min 11.2 < 16.0,1.2140871771503132,1.0020734964437716,0.9038461538461539,11.23151072763889,0,63.0,1.2140871771503132,11.23151072763889,nan,nan,1.0400288546004386,83.55881440060647,2.389145487728329,1.4343488780968299,0,0.0,1.0,0.0,0.0,1.0,1.0,1.0,0.0,1.0,1.0,0.0,0.0,0.0,0.0,0.4233395544003033,0.0,0.0,1.0,1.0,1.0,0.0,1.0,1.0,1.0,1.0,1.0,1.0,1.0,0.0,0.0,0.0,0.0,1.0,1.0,1.0,1.0,1.0,1.0,0.0,0.0,0.0,1.0,1.0,0.6121565829763167,1.0,0.0,0.0,1.0,1.0,1.0,1.0,1.0,1.0,0.0,0.0,1.0,0.0,1.0,1.0,0.5436822622611183,0.0,1.0,0.0,1.0,1.0,0.0,0.09275507171522085,0.0,1.0,1.0,0.0,0.0,0.0,1.0,0.0,0.0,0.0,1.0,0.0,0.0,0.0,1.0,0.909540195419425,0.0,0.0,0.0,0.0,1.0,1.0,1.0,0.0,0.0,0.0,0.0,1.0,1.0,0.0,1.0,1.0,0.0
91,product/lengthscale,interaction_g0.00,3,3.453541453165813,3.374582821822066,3.5075643286367537,3.3785301511244743,0.031868638284308304,-3.8456429074615084,35.43932507513091,9.620575538370758,1,1,excluded,r_hat_max 1.201 > 1.1; n_eff_min 10.4 < 16.0,1.2008059368218784,1.0016511656767,0.9326923076923077,10.42766270729676,0,62.875,1.2008059368218784,10.42766270729676,nan,nan,1.0119864194799026,57.572269583016094,2.4002940619910533,1.4303616858669779,0,0.8423538264815735,1.0,0.0,1.0,0.0,1.0,1.0,0.0,1.0,1.0,0.0,0.0,0.0,0.0,0.4188098779864131,1.0,0.0,0.0,1.0,0.0,0.42567731900384403,0.0,1.0,1.0,0.3249120086643024,1.0,1.0,1.0,0.0,0.0,0.0,0.0,1.0,1.0,0.5261291327613971,1.0,0.0,1.0,0.0,0.0,0.0,1.0,0.0,1.0,1.0,0.0,0.0,0.0,1.0,1.0,1.0,0.5067999970571204,0.0,1.0,0.0,0.0,0.0,1.0,1.0,0.5612099193026513,0.0,1.0,0.0,1.0,1.0,0.26583382088375007,0.0,0.0,0.0,0.0,0.0,0.0,0.0,1.0,0.0,0.0,0.0,1.0,0.0,0.0,0.0,0.0,1.0,0.0,0.0,0.0,0.0,1.0,1.0,1.0,0.0,0.0,1.0,0.0,1.0,1.0,0.0,1.0,1.0,0.0
92,product/lengthscale,interaction_g0.00,3,3.251742558987937,3.26523175679986,3.5075643286367537,3.3785301511244743,0.031868638284308304,-4.4986416389762764,33.32101481873542,5.377035236917436,1,1,ok,,1.0301405535313735,0.9990490612260419,1.0,63.481235328089326,0,62.375,1.0301405535313735,63.481235328089326,nan,nan,1.0003697492229795,167.8537451997422,2.4117424031994745,1.4267526079678503,0,1.0,1.0,0.0,1.0,0.12769204671068377,1.0,1.0,0.0007180295752145768,1.0,1.0,0.0,0.0,0.0,0.0,0.43440599840136057,0.9803764547538005,0.0,1.0,1.0,0.0,0.014227265216687343,0.0,1.0,1.0,0.08539695306990097,0.4097752617655697,1.0,1.0,0.0,0.0,0.0,0.0,1.0,1.0,0.9769230345767682,1.0,0.0,0.9993097046102665,0.13017969869368218,0.005679304593887879,0.0,1.0,0.0,1.0,1.0,0.0,0.0,0.04540906680480956,1.0,1.0,1.0,1.0,0.0,1.0,0.0,0.0,0.2970395442195413,1.0,1.0,0.47818993117522673,0.0,1.0,0.0,1.0,0.9990827919905039,0.0,0.0,0.0,0.2655645092088764,0.0,0.0,0.0,0.0,1.0,0.0,0.5876161901532463,0.0,1.0,0.0,0.0,0.0,0.0,1.0,0.0,0.0011473616317918373,0.0,0.0,1.0,0.9997879684110126,1.0,0.0,1.0,1.0,0.0,1.0,1.0,0.0,1.0,1.0,0.0
93,product/lengthscale,interaction_g0.00,3,3.3863682718702206,3.372497419229581,3.5075643286367537,3.3785301511244743,0.031868638284308304,-3.639459878495162,36.51710441801697,10.40713246166706,1,1,excluded,r_hat_max 1.382 > 1.1; n_eff_min 7.7 < 16.0,1.3820880911856313,1.006342618018885,0.7980769230769231,7.656476350216466,0,63.0,1.3820880911856313,7.656476350216466,nan,nan,1.001849855755337,35.3294680219564,2.4207746629391353,1.4217032400659273,0,1.0,1.0,0.0,1.0,0.0,0.0,1.0,0.0,0.0,1.0,0.0,0.0,0.0,0.0,0.41684686458482556,1.0,0.0,0.0,1.0,0.0,0.0,0.0,0.0,1.0,1.0,1.0,1.0,1.0,0.0,0.0,1.0,1.0,1.0,1.0,1.0,1.0,1.0,1.0,0.0,0.0,0.0,1.0,1.0,1.0,1.0,0.0,1.0,1.0,1.0,1.0,1.0,0.0,0.0,1.0,0.0,1.0,0.0,1.0,1.0,0.5805020098788993,0.0,0.0,0.0,1.0,1.0,0.0,0.0,0.0,1.0,1.0,0.0,0.0,0.0,1.0,0.0,0.16797266414392245,0.0,1.0,0.0,0.0,0.0,0.0,0.9826796610562737,0.0,0.0,0.0,0.0,1.0,1.0,1.0,0.0,0.0,0.0,0.0,1.0,1.0,0.0,1.0,1.0,0.0
94,product/lengthscale,interaction_g0.00,3,3.216465129517783,3.3769882297565967,3.5075643286367537,3.3785301511244743,0.031868638284308304,-4.187715709052837,33.78522473294288,6.820877377875149,1,1,excluded,r_hat_max 1.124 > 1.1; n_eff_min 5.8 < 16.0,1.1239107004229285,1.005165568735983,0.8942307692307693,5.7624607207974865,0,63.0,1.1239107004229285,5.7624607207974865,nan,nan,1.0322780847646347,38.68336982648666,2.4310469353745727,1.4175862829332717,0,0.0,1.0,0.0,1.0,0.0,0.5079949110373021,1.0,0.0,1.0,1.0,0.0,0.0,0.0,0.0,0.4260962138764791,0.0,0.31091664408752295,0.0,1.0,0.4017151656051462,1.0,0.0,1.0,0.0,1.0,0.0,1.0,1.0,0.0,0.0,0.0,1.0,1.0,1.0,0.0,1.0,0.0,1.0,1.0,0.0,0.0,0.0,1.0,1.0,1.0,0.0,0.0,0.6455849642610605,1.0,0.0,1.0,1.0,0.0,1.0,0.0,0.0,1.0,1.0,1.0,0.5778879381759225,0.0,1.0,0.0,0.0,1.0,0.0,0.0,0.0,0.0,1.0,0.0,0.0,0.0,1.0,0.0,0.0,0.0,0.0,0.0,0.0,0.0,1.0,1.0,0.0,0.0,0.0,0.0,1.0,1.0,0.0,0.0,0.0,0.0,0.0,1.0,1.0,0.0,1.0,1.0,0.0
95,product/lengthscale,interaction_g0.00,3,3.431385614614534,3.3327355938508934,3.5075643286367537,3.3785301511244743,0.031868638284308304,-4.018427226675879,35.573871525004506,11.802240571007133,1,1,excluded,r_hat_max 2.689 > 1.1; n_eff_min 3.3 < 16.0,2.6886039846711904,1.0084433091087008,0.7980769230769231,3.325142800210816,0,63.0,2.6886039846711904,3.325142800210816,nan,nan,1.2668375735965427,8.13515253851342,2.439314495312922,1.4123819745245898,0,1.0,1.0,0.0,1.0,0.0,1.0,1.0,0.0,1.0,1.0,0.0,0.0,0.0,0.0,0.3871347964058629,1.0,0.0,1.0,1.0,0.0,1.0,0.0,1.0,1.0,0.0,1.0,0.0,1.0,0.0,0.0,0.0,0.0,1.0,1.0,1.0,1.0,1.0,1.0,0.0,0.0,1.0,1.0,1.0,1.0,0.0,0.0,1.0,1.0,1.0,1.0,0.0,1.0,0.0,0.0,0.0,1.0,0.0,1.0,1.0,0.5742176277657102,0.0,1.0,0.0,1.0,1.0,0.0,0.0,1.0,1.0,0.0,0.0,0.0,0.0,0.0,0.0,1.0,0.0,1.0,1.0,0.0,0.0,0.0,1.0,0.0,0.0,0.0,0.0,1.0,1.0,1.0,0.0,0.0,0.0,0.0,0.0,1.0,0.0,1.0,1.0,0.0
96,product/lengthscale,interaction_g0.00,3,3.4771938562426445,3.3741792732965656,3.5075643286367537,3.3785301511244743,0.031868638284308304,-4.286057819539278,31.81805026298389,9.196512087713927,1,1,excluded,r_hat_max 1.239 > 1.1; n_eff_min 6.4 < 16.0,1.238688559215803,1.0014181542790421,0.9134615384615384,6.432675703809591,0,62.71875,1.238688559215803,6.432675703809591,nan,nan,1.0245079223571794,26.574775714255125,2.449648569472313,1.4086123600152494,0,1.0,1.0,0.0,0.0,1.0,1.0,1.0,0.0,1.0,1.0,0.0,0.0,0.0,0.0,0.41930319079479095,1.0,0.0,1.0,1.0,0.0,1.0,0.0,1.0,1.0,0.0,1.0,1.0,1.0,0.0,0.0,0.0,0.0,1.0,1.0,0.5523155941883169,1.0,1.0,1.0,0.0,0.0,1.0,1.0,0.0,1.0,0.0,0.0,1.0,1.0,1.0,1.0,0.0,1.0,0.0,1.0,0.0,1.0,0.0,1.0,1.0,0.5796654331891152,0.0,0.0,0.020564666278161177,1.0,1.0,0.0,0.15139913665711152,1.0,0.0,0.0,0.0,0.0,0.0,1.0,0.0,1.0,0.0,1.0,0.0,0.0,0.0,0.0,1.0,0.0,0.0,0.0,0.0,1.0,1.0,0.0,0.0,0.0,0.0,0.0,0.0,1.0,0.40212114051715625,1.0,1.0,0.0
97,product/lengthscale,interaction_g0.00,3,1.682871351271388,1.6039623415203361,3.5075643286367537,3.3785301511244743,0.031868638284308304,-3.999350090095141,35.855073923710734,3.6922213910147548,1,1,ok,,1.048385298032208,0.9995143694922266,1.0,36.863987815580884,0,62.5,1.048385298032208,36.863987815580884,nan,nan,1.0029441899005134,143.59062324337168,2.460241819851389,1.4051711831273879,0,0.25360168935122873,0.47330575047053725,0.743409962528798,0.0,0.0,0.9376591179851212,0.29659301063013266,0.2158509528108873,0.39725168694547597,0.6916544401461053,0.6789456280565928,0.47164371650048015,0.6631753312216264,0.34775148479861756,0.8315479268578059,0.5135418879271089,0.32995339831199944,0.8032770340117303,0.7156430417901816,0.0818677512664369,0.7449633390160043,0.9204580996570644,0.3522158194698637,0.3827811803892833,0.338725907894382,0.4883342250513031,0.3847136626515218,0.7492337489984524,0.6071312616969902,0.17120572928390285,0.4791054073519413,0.41240495301854124,0.44046027473589655,0.2344583955407612,0.4332539238324536,1.0,0.8855883403974592,0.24963489860533838,0.1655874312616003,0.39263754204922546,0.010822397490705106,0.7764188518351058,0.48448113527572906,0.6328070092316211,0.5209522719169404,0.2942708993798604,0.9846352753588113,0.1565283996050485,0.8002652104392682,0.7085994466745636,1.0,0.25820194999785573,0.6116611677625038,0.6482949209320019,0.21810331255947107,0.16470486533774473,0.31305979337861656,0.8580278179051369,0.34443634779301424,0.5640790923096418,0.9999936640240958,0.22669589785561478,1.0,0.39878212865989004,0.41056756876939376,0.22515264602183088,0.2388744204968338,0.6501580532536846,0.560626902539057,0.17649146742492536,0.3947287287219616,0.10625322766477041,0.667873350439371,1.0,1.0,0.3167213130720755,0.6764241872976572,0.6259512561860294,0.4845701806253663,0.2774664660897303,0.7036636839771993,0.5468861748587721,0.9061531819161172,0.45235922959452096,0.09850065273691053,0.24184813858725046,0.0,0.538829811130853,0.35484228929849143,0.2394191452285406,0.6775919014582064,0.5601456753697585,0.0,0.872386213405582,0.3550724816277334,0.6821414572445664,0.6815265092521308,0.2103104431917081,0.435372414324931,0.08536660585606719
98,product/lengthscale,interaction_g0.00,3,3.304205903874862,3.368908147912842,3.5075643286367537,3.3785301511244743,0.031868638284308304,-3.8030030120874248,34.30334619199857,6.3171729180030525,1,1,excluded,r_hat_max 2.483 > 1.1; n_eff_min 3.1 < 16.0,2.4828988582650258,1.006224942260109,0.8173076923076923,3.1269871150104844,0,63.0,2.4828988582650258,3.1269871150104844,nan,nan,1.0410128222871815,30.831047322441638,2.452309468131185,1.40016480697931,0,0.0,1.0,0.0,1.0,1.0,1.0,1.0,0.0,0.0,1.0,0.0,0.0,0.0,0.0,0.4093837343875447,1.0,0.0,1.0,1.0,0.0,1.0,1.0,1.0,1.0,0.0,1.0,1.0,1.0,0.0,0.0,0.0,1.0,1.0,0.0,1.0,1.0,1.0,1.0,0.0,0.0,1.0,1.0,0.0,1.0,1.0,0.0,1.0,0.0,1.0,1.0,0.0,1.0,1.0,1.0,0.0,1.0,1.0,1.0,1.0,0.5695354331853358,1.0,0.0,0.0,1.0,1.0,0.3013699136085006,0.0,1.0,1.0,0.0,0.0,0.0,0.0,1.0,0.0,0.8437309487761838,0.0,1.0,0.0,0.0,0.0,0.0,1.0,0.2787498565370697,0.0,0.0,0.0,1.0,1.0,1.0,0.0,0.0,0.0,0.01255154351756163,1.0,1.0,0.0,1.0,1.0,1.0
99,product/lengthscale,interaction_g0.00,3,3.3444431580231644,3.3772738016031734,3.5075643286367537,3.3785301511244743,0.031868638284308304,-4.287886911698142,36.221328714862466,5.385758531279862,1,1,ok,,1.0888988249374163,0.9995303329724095,0.9615384615384616,16.50504577733361,0,63.0,1.0888988249374163,16.50504577733361,nan,nan,1.0080673695802846,149.70781645332343,2.460914482633646,1.3956773912094294,0,0.0,1.0,0.0,0.0,0.0,1.0,1.0,0.0,1.0,1.0,0.0,0.0,0.0,0.0,0.424007915335001,1.0,0.0,1.0,1.0,1.0,1.0,0.0,1.0,1.0,0.0,1.0,1.0,1.0,0.0,0.0,0.0,1.0,1.0,1.0,1.0,1.0,1.0,1.0,0.0,0.0,0.0,1.0,1.0,1.0,0.0,0.0,0.0,1.0,1.0,1.0,1.0,0.0,0.0,1.0,0.0,1.0,0.0,1.0,1.0,0.5754957153824997,0.0,1.0,0.0,1.0,1.0,0.0,0.0,0.0,1.0,0.0,1.0,0.0,0.0,0.0,0.0,1.0,0.0,1.0,0.0,0.0,1.0,0.0,1.0,0.0,0.0,0.0,0.0,1.0,1.0,1.0,0.0,0.0,0.0,0.0,0.0,1.0,0.25428582207824296,1.0,0.0,0.0
100,product/lengthscale,interaction_g0.00,3,1.3558234726697027,1.3824506424199687,3.5075643286367537,3.3785301511244743,0.031868638284308304,-4.506292312519235,33.634745561052114,3.7493110331706703,1,1,ok,,1.0306132529166656,0.9987425494764923,1.0,87.34783512697354,0,62.375,1.0306132529166656,87.34783512697354,nan,nan,1.0031742629853613,221.5969594025475,2.4697497693875414,1.3914612439590832,1,0.30252805282323425,0.6805908352200285,0.00919141313922958,0.1172347164840226,0.22007269929837897,0.17813514671144395,0.5325441224918722,0.25794537010005403,0.6283024558326392,0.2854308265416635,0.23598892403280342,0.23199760283402016,0.12228506644586054,0.7058682478738519,0.4244579751927651,0.9298052110171767,0.5069212671909237,0.4009063913897995,0.7713641519635965,0.8568620965635557,0.04844444668730769,0.5136875058934691,0.6098772226629703,0.674926100463451,0.29857584181313124,0.6292675315370531,0.6297100705521163,0.7894926002383079,0.21730559615975534,0.3146850650374626,0.14029602593376572,0.03154779217449217,0.49973095338046397,0.37161290290193527,0.5183118123016068,0.7961004473856621,0.10201906926812297,0.8477461259320012,0.607979025769686,0.12086655414176334,0.9983509136196709,0.2335501808675173,0.7262553428336286,0.4970043179551069,0.4853970592713491,0.3438010021460821,0.5607307799466844,0.9658821242180402,0.7297884111375201,0.6470743991950961,0.8763571767871031,0.87303069590497,0.2635558816745495,0.6983390644138604,0.362168290817352,0.180340340940912,0.11302337793972277,0.8980709440761483,0.4407212754545549,0.9446998556222238,0.5884177567948874,0.6031531235466564,0.22086974816640811,0.8059648280094078,0.6508313737659589,0.5044437511890539,0.18457716189809747,0.8438794796930468,0.3067186637186613,0.6909948281533669,0.3796524444215972,0.45626960097533215,0.9832919285596681,0.9307251594602967,0.6390026684361277,0.5284087447999963,0.273676116224924,0.27632165531937236,0.17858706982697123,0.0854456863275267,0.004192831218888928,0.36516121945823093,0.5993561999901791,0.5450389054822762,0.6653682042835685,0.3290489559588591,0.49979078606863275,0.30686499793266553,0.9281540824863131,0.28057281081245966,0.8660551265070727,0.7274557954255694,0.437912247004915,0.23218288649181276,0.39814194069039205,0.021515677267418598,0.050137794082135596,0.7309533159613337,0.17036162754677503,0.8411663717576584
101,product/lengthscale,interaction_g0.00,3,3.428232100742903,3.372244931237657,3.5075643286367537,3.3785301511244743,0.031868638284308304,-4.039601784142695,36.41644360497594,9.31659619603306,1,1,excluded,r_hat_max 1.132 > 1.1,1.1321209851961866,0.9999873849956982,0.9230769230769231,20.300846583316137,0,62.875,1.1321209851961866,20.300846583316137,nan,nan,1.1260137019890961,28.49388841868546,2.4587207961527113,1.3889414220952994,0,1.0,1.0,0.0,1.0,1.0,1.0,1.0,0.0,1.0,1.0,0.0,0.0,0.0,0.0,0.418766484954753,1.0,0.0,0.0,1.0,0.0,0.0,0.0,1.0,1.0,0.0,1.0,0.0,1.0,0.0,0.0,0.0,0.0,1.0,1.0,0.5423732501132534,1.0,1.0,1.0,0.0,0.0,0.0,1.0,0.0,0.0,0.0,0.0,1.0,1.0,1.0,1.0,1.0,1.0,0.0,0.0,0.0,1.0,0.0,1.0,1.0,0.583309283178858,0.0,1.0,0.0,1.0,1.0,0.0,0.0,0.0,0.0,0.0,0.0,0.0,0.0,1.0,0.0,0.0,0.0,1.0,0.0,0.0,0.0,0.0,0.0,0.0,0.0,0.0,0.0,1.0,1.0,0.0,0.0,0.0,1.0,0.0,0.0,1.0,0.0,1.0,1.0,0.0
102,product/lengthscale,interaction_g0.00,3,1.8169362073366895,1.825138997184189,3.5075643286367537,3.3785301511244743,0.031868638284308304,-3.8321374979307987,34.661432531196624,12.351330947130919,1,1,excluded,r_hat_max 1.677 > 1.1; n_eff_min 3.9 < 16.0,1.67652998328128,1.000884781478646,0.9615384615384616,3.854388984646907,0,62.4375,1.67652998328128,3.854388984646907,nan,nan,1.0409866735531956,141.47684461337866,2.468225808942811,1.3854132342670777,0,1.0,1.0,0.0,1.0,1.0,1.0,1.0,0.0,1.0,1.0,0.0,0.0,0.0,0.0,0.4502470079482742,1.0,0.0,1.0,1.0,0.0,0.8048236557419092,0.02590707471424817,1.0,1.0,0.0,1.0,1.0,1.0,0.0,0.0,0.0,0.0,1.0,1.0,1.0,1.0,1.0,1.0,0.7183530583868895,0.0,1.0,1.0,1.0,1.0,1.0,0.0,1.0,1.0,0.0,1.0,1.0,0.5200311764771882,0.0,1.0,0.0,0.0,0.0,1.0,1.0,1.0,0.0,0.0,0.0,1.0,1.0,0.15094999469499498,0.13914822419085246,0.0,0.5686038716138095,0.0,0.0,0.0,0.3665248392076358,1.0,0.0,1.0,0.0,1.0,0.35873943107905126,0.0,0.0,0.0,0.0,1.0,0.0,0.0,1.0,1.0,1.0,1.0,0.0,0.0,0.0,0.0,0.0,1.0,1.0,1.0,1.0,0.0
103,product/lengthscale,interaction_g0.00,3,3.4035927399511796,3.3730048225769784,3.5075643286367537,3.3785301511244743,0.031868638284308304,-4.74187947318203,36.730021990370005,3.9297658586874604,1,1,excluded,n_eff_min 12.8 < 16.0,1.0991870592173651,1.006385109934303,0.9134615384615384,12.813970481033335,0,63.0,1.0991870592173651,12.813970481033335,nan,nan,1.0648501526510763,66.53477451299209,2.4619026089272174,1.3801497827056142,0,1.0,1.0,0.0,1.0,1.0,1.0,1.0,0.0,1.0,1.0,0.0,0.0,0.0,0.0,0.41633209636608487,1.0,0.0,1.0,1.0,0.0,0.0,0.0,1.0,1.0,0.0,1.0,0.0,1.0,0.0,0.0,0.0,0.0,1.0,1.0,1.0,1.0,1.0,1.0,0.0,0.0,0.0,1.0,0.0,0.0,0.0,0.0,1.0,1.0,1.0,1.0,1.0,1.0,0.0,1.0,0.0,0.0,0.0,1.0,1.0,0.5783947881810959,0.0,1.0,0.0,1.0,1.0,0.0,0.0,0.0,0.0,0.0,0.0,0.0,0.0,1.0,0.0,1.0,0.0,1.0,0.0,0.0,0.0,0.0,0.0,1.0,0.0,0.0,0.0,1.0,1.0,0.0,0.0,0.0,0.0,0.0,1.0,1.0,0.0,1.0,1.0,0.0
104,product/lengthscale,interaction_g0.00,3,-1.0396933576519445,-0.9816364383105929,3.5075643286367537,3.3785301511244743,0.031868638284308304,-4.953653477487904,33.924551404081285,12.059665431268513,1,1,excluded,r_hat_max 5.081 > 1.1; n_eff_min 3.1 < 16.0,5.0811007893709,1.0018721439702396,0.875,3.105701441846419,1,62.45703125,5.0811007893709,3.105701441846419,nan,nan,1.5396266000584498,6.031434885695782,2.470957321725525,1.3765691609505446,0,1.0,1.0,0.0,0.0,1.0,1.0,0.0,1.0,1.0,1.0,1.0,0.0,0.0,0.0,1.0,1.0,0.0,0.0,1.0,1.0,0.0,0.0,1.0,0.0,0.0,1.0,1.0,0.0,0.0,1.0,1.0,0.0,0.0,1.0,1.0,1.0,1.0,0.0,1.0,0.0,0.0,1.0,1.0,0.0,1.0,1.0,1.0,1.0,0.0,1.0,0.0,1.0,1.0,0.0,0.0,1.0,0.0,1.0,1.0,0.0,0.0,0.0,1.0,1.0,0.0,0.0,0.0,1.0,0.0,1.0,0.0,0.0,0.0,0.0,0.0,0.0,1.0,0.0,1.0,0.0,0.0,0.0,0.0,1.0,0.0,1.0,1.0,0.0,1.0,0.0,1.0,0.0,0.0,0.0,1.0,0.0,0.0,1.0,1.0,0.0
105,product/lengthscale,interaction_g0.00,3,1.7782142532816605,1.8258420459654288,3.5075643286367537,3.3785301511244743,0.031868638284308304,-3.1727369022472494,36.90323399193585,15.694814836140722,1,1,ok,,1.0920525887104677,1.0049447960565836,0.9326923076923077,37.60937628528667,0,63.0,1.0920525887104677,37.60937628528667,nan,nan,1.0210327386084226,88.1002311309168,2.4375225533505014,1.4117915889219554,0,1.0,1.0,0.0,1.0,1.0,1.0,0.8978406369606337,0.008554279395453016,1.0,1.0,0.0,0.0,0.19550135900962634,0.0,0.4492967837118894,1.0,0.0,0.0,1.0,0.0,0.005537314164448632,0.0,1.0,1.0,0.0,1.0,0.9123976958922652,1.0,0.0,0.0,0.5812326039072733,0.0,1.0,0.0,0.0,1.0,1.0,1.0,0.2980896288711197,0.0,1.0,0.768740828307337,0.8229399246957511,1.0,1.0,0.0,1.0,0.0,0.7477241544467834,1.0,0.24663844955670475,0.24201750075463885,0.0,0.0,0.1004099848195105,1.0,0.0,1.0,1.0,1.0,1.0,0.9999812614191124,0.0,1.0,1.0,0.0,0.0,0.0,0.0,1.0,0.0,0.0,0.0,1.0,0.0,1.0,0.0,1.0,1.0,0.0,0.0,0.0,1.0,0.0,0.0,0.0,0.0,1.0,1.0,1.0,0.0,0.0,0.0,0.0,0.0,1.0,1.0,1.0,1.0,0.0
106,product/lengthscale,interaction_g0.00,3,3.5703346079142917,3.371646145869194,3.5703346079142917,3.3785301511244743,0.031868638284308304,-4.861107795512879,34.69477742770687,5.5688025476410985,1,1,excluded,r_hat_max 1.170 > 1.1; n_eff_min 7.3 < 16.0,1.1696177315555025,1.0056201620059237,0.9134615384615384,7.313032522238781,0,63.0,1.1696177315555025,7.313032522238781,nan,nan,1.0264607240963866,51.76029755210404,2.4313026637272106,1.4065611521343677,0,1.0,1.0,0.0,0.5696006729457743,1.0,1.0,1.0,0.0,1.0,1.0,0.0,0.0,0.0,0.0,0.42190759319002547,1.0,0.0,1.0,1.0,0.0,1.0,0.0,1.0,1.0,0.0,1.0,1.0,1.0,0.0,0.0,0.0,0.0,1.0,1.0,1.0,1.0,1.0,1.0,0.0,0.0,1.0,0.0,1.0,1.0,0.0,0.0,1.0,1.0,1.0,1.0,1.0,1.0,0.0,0.0,0.0,1.0,0.0,1.0,1.0,0.5867388908478341,0.0,0.0,0.0,1.0,1.0,0.0,0.0,0.0,0.3973040503439645,0.0,0.0,0.0,0.0,1.0,0.0,0.0,1.0,1.0,0.0,0.0,1.0,0.0,1.0,0.0,0.0,0.0,0.0,1.0,1.0,0.0,0.0,0.0,0.0,0.0,1.0,1.0,0.0,1.0,1.0,0.0
107,product/lengthscale,interaction_g0.00,3,3.3263140028889584,3.367107581604747,3.5703346079142917,3.3785301511244743,0.031868638284308304,-5.205545044527309,37.9623084818013,8.652709452901036,1,1,excluded,r_hat_max 1.689 > 1.1; n_eff_min 3.6 < 16.0,1.6893089183580028,1.0148920916428348,0.75,3.63746192955994,0,63.0,1.6893089183580028,3.63746192955994,nan,nan,1.0412500447380664,41.329157636341606,2.4419478220840993,1.4042564857183406,0,1.0,1.0,0.0,1.0,1.0,0.0,1.0,0.0,1.0,1.0,0.0,0.0,0.0,0.0,0.41537639466309556,1.0,0.0,1.0,1.0,0.0,0.0,0.0,1.0,0.6527086163842217,0.0,1.0,1.0,1.0,0.0,0.0,0.0,0.0,1.0,1.0,1.0,1.0,1.0,1.0,0.0,0.0,1.0,0.0,0.0,1.0,0.0,0.0,1.0,1.0,1.0,1.0,1.0,1.0,0.0,0.0,0.0,1.0,0.0,1.0,1.0,0.5885441869377821,0.0,0.0,0.0,1.0,1.0,0.0,0.0,0.5529278918881088,1.0,0.0,0.0,0.0,0.0,1.0,0.0,0.0,1.0,1.0,0.0,0.0,1.0,0.0,1.0,0.0,0.0,0.0,0.0,1.0,1.0,0.0,0.0,0.0,0.0,0.0,0.0,1.0,0.0,1.0,1.0,0.0
108,product/lengthscale,interaction_g0.00,3,3.249166354118453,3.3713111743151103,3.5703346079142917,3.3785301511244743,0.031868638284308304,-5.076053695887007,34.98592938808724,5.403947175946087,1,1,excluded,r_hat_max 1.304 > 1.1; n_eff_min 11.4 < 16.0,1.304222183478937,1.0008940638300086,0.8365384615384616,11.442513107474461,0,63.0,1.304222183478937,11.442513107474461,nan,nan,1.0046050235123782,98.02065958242183,2.4501363978322925,1.4003043437524945,0,1.0,1.0,0.0,0.0,1.0,1.0,1.0,0.0,1.0,1.0,0.0,0.0,0.0,0.0,0.42240747393175515,1.0,0.0,1.0,1.0,0.0,1.0,0.0,1.0,1.0,0.34198847022671824,1.0,0.0,1.0,0.0,0.0,0.0,0.0,1.0,1.0,1.0,1.0,1.0,0.0,0.0,0.0,1.0,1.0,1.0,1.0,1.0,0.0,1.0,1.0,1.0,1.0,1.0,1.0,0.0,1.0,0.0,1.0,0.0,1.0,1.0,0.5875391847969181,0.0,1.0,0.0,1.0,1.0,0.0,0.0,0.0,0.0,1.0,0.0,0.0,0.0,1.0,0.0,1.0,0.0,1.0,0.0,0.0,0.0,0.0,1.0,0.0,0.0,0.0,0.0,1.0,1.0,0.0,0.0,0.0,0.0,0.0,1.0,1.0,1.0,1.0,1.0,0.0
109,product/lengthscale,interaction_g0.00,3,3.4140468084084135,3.373367385981371,3.5703346079142917,3.3785301511244743,0.031868638284308304,-5.008912822749769,37.28354121511802,6.157182716298848,1,1,excluded,r_hat_max 1.137 > 1.1; n_eff_min 9.1 < 16.0,1.1367099753941068,1.0078747978684195,0.8557692307692307,9.060684898432067,0,63.0,1.1367099753941068,9.060684898432067,nan,nan,1.034293385225485,38.03332766911642,2.457466947889964,1.3959464090822113,0,1.0,1.0,0.0,0.0,0.0,1.0,1.0,0.0,1.0,1.0,0.0,0.0,0.0,0.0,0.42288254488128757,1.0,0.0,0.0,1.0,0.0,1.0,0.0,1.0,1.0,0.8991708958073464,1.0,1.0,1.0,0.0,0.0,0.0,0.0,1.0,1.0,0.0,1.0,1.0,1.0,0.0,0.0,0.0,0.0,1.0,1.0,0.0,0.0,1.0,1.0,1.0,1.0,0.0,0.0,1.0,1.0,0.0,1.0,0.0,1.0,1.0,0.5550341296123807,0.0,0.0,0.0,1.0,1.0,0.0,1.0,0.0,0.0,0.0,0.11875781366588901,0.0,0.0,1.0,0.0,0.0,0.0,1.0,0.0,0.0,0.0,0.0,0.0,1.0,0.0,0.0,0.0,1.0,1.0,0.08468830652127589,0.0,0.0,0.0,0.0,0.0,1.0,0.0,1.0,1.0,1.0
110,product/lengthscale,interaction_g0.00,3,0.7935133048938527,0.8931731656223597,3.5703346079142917,3.3785301511244743,0.031868638284308304,-7.412876694366366,35.12951519107446,5.272968641016632,1,1,excluded,r_hat_max 3.002 > 1.1; n_eff_min 3.1 < 16.0,3.001549629108545,1.011234517569743,0.8461538461538461,3.073754054515363,0,63.0,3.001549629108545,3.073754054515363,nan,nan,1.0273660551806227,118.33176194788813,2.4661631284401313,1.392549530813535,0,1.0,1.0,0.0,1.0,1.0,1.0,1.0,0.0,1.0,1.0,0.0,0.0,0.0,0.0,0.0,1.0,0.0,0.0,1.0,0.0,0.0,0.0,1.0,1.0,0.0,1.0,1.0,1.0,0.0,0.0,0.0,0.0,1.0,1.0,0.0,1.0,1.0,1.0,0.0,0.0,0.0,1.0,1.0,0.47960694765562845,0.0,0.0,1.0,1.0,1.0,1.0,1.0,1.0,0.0,0.0,0.0,1.0,0.0,1.0,1.0,0.0,0.0,0.0,0.0,1.0,1.0,0.0,0.0,0.0,0.0,0.0,0.0,0.0,0.0,1.0,0.0,0.0,0.0,1.0,0.0,0.0,0.0,0.0,1.0,0.0,0.0,0.0,0.0,1.0,0.0,0.0,0.0,0.0,1.0,0.0,0.0,1.0,0.0,0.0,1.0,0.0
111,product/lengthscale,interaction_g0.00,3,3.4074667615045184,3.3666300683364354,3.5703346079142917,3.3785301511244743,0.031868638284308304,-6.565424082032086,37.19108779216185,4.766344017814845,1,1,excluded,r_hat_max 1.145 > 1.1; n_eff_min 13.4 < 16.0,1.1453990669726661,1.005966617586025,0.8653846153846154,13.376028623937154,0,63.0,1.1453990669726661,13.376028623937154,nan,nan,1.0362641617020802,33.0740958990431,2.4510942111108855,1.3952426052236993,0,1.0,1.0,0.0,0.0,1.0,1.0,1.0,0.0,1.0,1.0,0.0,0.0,0.0,0.0,0.4086467769761582,1.0,0.0,1.0,1.0,0.0,0.0,0.0,1.0,1.0,0.0,1.0,1.0,1.0,0.0,0.0,0.0,0.0,0.0,1.0,0.0,1.0,1.0,1.0,0.0,0.0,0.0,1.0,0.0,1.0,0.0,0.0,1.0,1.0,1.0,1.0,0.0,1.0,0.0,1.0,0.0,1.0,0.0,1.0,1.0,0.5612174627138384,0.0,0.0,0.0,1.0,1.0,0.0,0.0,0.0,0.0,0.0,0.0,0.0,0.0,0.0,0.0,0.0,0.0,1.0,0.0,0.0,0.0,0.0,1.0,0.0,0.0,0.0,0.0,1.0,1.0,0.0,0.0,0.0,0.0,0.0,0.0,1.0,0.0,1.0,1.0,0.0
112,product/lengthscale,interaction_g0.00,3,3.2987975024047502,3.3755181308666824,3.5703346079142917,3.3785301511244743,0.031868638284308304,-5.851751463066607,33.14864920685068,8.74740303400904,1,1,excluded,r_hat_max 1.199 > 1.1; n_eff_min 12.8 < 16.0,1.198640554212945,1.006121079093821,0.875,12.837619666810635,0,63.0,1.198640554212945,12.837619666810635,nan,nan,0.9990482170301327,114.01080052169323,2.4596332517394006,1.3919102877237306,0,1.0,1.0,0.0,1.0,0.0,1.0,1.0,0.0,1.0,1.0,0.0,0.0,0.0,0.0,0.41871671616078865,1.0,0.0,0.0,1.0,1.0,0.0,0.0,1.0,1.0,0.0,1.0,1.0,1.0,0.0,0.0,0.0,0.0,1.0,1.0,1.0,1.0,0.0,1.0,0.0,0.0,1.0,0.0,1.0,0.0,0.0,0.0,1.0,1.0,1.0,1.0,1.0,1.0,1.0,0.0,0.0,1.0,0.0,1.0,1.0,0.5744076218883529,0.0,0.0,0.0,1.0,1.0,0.0,0.0,1.0,1.0,0.0,0.0,0.0,0.0,0.0,0.0,0.0,1.0,1.0,0.0,0.0,1.0,0.0,1.0,0.0,0.0,0.0,0.0,1.0,1.0,0.0,0.0,0.0,0.0,0.0,1.0,1.0,0.0,1.0,1.0,0.0
113,product/lengthscale,interaction_g0.00,3,2.746981974809463,2.871385265326752,3.5703346079142917,3.3785301511244743,0.031868638284308304,-5.022215028431393,37.78679703967646,14.782519307918847,1,1,excluded,r_hat_max 1.288 > 1.1; n_eff_min 6.2 < 16.0,1.2884001310811743,1.0024745880816501,0.9230769230769231,6.239822527373307,0,62.5,1.2884001310811743,6.239822527373307,nan,nan,1.004396531051433,125.13362092184016,2.4670594840461733,1.3879645780683765,0,1.0,1.0,0.0,1.0,0.0,1.0,1.0,0.0,1.0,1.0,0.0,0.0,0.0,0.0,0.4096802469795874,1.0,0.0,1.0,1.0,0.0,1.0,0.0,1.0,1.0,0.0,1.0,1.0,1.0,0.0,0.0,0.0,0.0,1.0,1.0,1.0,1.0,1.0,1.0,0.0,0.0,0.0,1.0,1.0,1.0,0.0,0.0,1.0,1.0,1.0,1.0,1.0,0.0,0.0,0.0,0.0,1.0,0.0,1.0,1.0,0.32322545925879015,0.0,0.0,0.0,1.0,1.0,0.0,0.0,0.0,1.0,0.0,0.0,0.0,0.0,0.0,0.0,1.0,0.0,1.0,0.0,0.0,0.0,0.0,1.0,0.0,0.0,0.0,0.0,1.0,0.0,1.0,0.0,0.0,0.0,0.0,0.0,1.0,0.0,1.0,1.0,0.0
114,product/lengthscale,interaction_g0.00,3,3.2202561069335185,3.373020174047828,3.5703346079142917,3.3785301511244743,0.031868638284308304,-5.841827978666903,35.90704484703019,5.642391205765307,1,1,excluded,r_hat_max 1.114 > 1.1; n_eff_min 9.7 < 16.0,1.1137394629808606,1.001646273261088,0.9326923076923077,9.668626311470103,0,63.0,1.1137394629808606,9.668626311470103,nan,nan,0.9977915620034836,90.87363320265119,2.4695149444914652,1.3821101016425992,0,1.0,1.0,0.0,1.0,1.0,1.0,0.0,0.0,1.0,1.0,0.0,0.0,0.0,0.0,0.4254661488208525,1.0,0.0,1.0,1.0,0.0,0.0,0.0,1.0,1.0,0.0,1.0,1.0,1.0,0.0,0.0,1.0,1.0,1.0,1.0,1.0,1.0,1.0,1.0,0.0,0.0,0.0,1.0,0.0,1.0,0.0,0.0,1.0,1.0,1.0,1.0,1.0,1.0,0.0,1.0,0.0,0.0,1.0,1.0,1.0,0.5860543413968918,0.0,1.0,0.0,1.0,1.0,0.0,1.0,0.0,0.0,0.0,0.0,0.0,0.0,1.0,0.0,1.0,1.0,1.0,1.0,0.0,0.0,0.0,0.0,1.0,0.0,0.0,0.0,1.0,1.0,1.0,1.0,0.0,0.0,0.0,1.0,1.0,0.0,0.0,1.0,0.0
115,product/lengthscale,interaction_g0.00,3,3.488562432068072,3.3762503046953976,3.5703346079142917,3.3785301511244743,0.031868638284308304,-6.18247735249839,37.7908372101374,6.010458846110851,1,1,excluded,r_hat_max 1.124 > 1.1; n_eff_min 16.0 < 16.0,1.1237730938592947,0.9984039658340397,0.9711538461538461,15.952518757715989,0,62.625,1.1237730938592947,15.952518757715989,nan,nan,0.9974274647916721,149.83222717126932,2.4760431285127003,1.3778519554653081,0,0.5729408878141505,0.0,0.0,1.0,1.0,0.0,1.0,0.0,1.0,1.0,0.0,0.0,0.0,0.0,0.41919840904334843,1.0,0.0,1.0,1.0,0.0,1.0,1.0,1.0,0.0,0.0,1.0,1.0,1.0,0.0,0.0,0.0,0.0,0.0,1.0,1.0,1.0,1.0,1.0,0.0,0.0,0.0,0.0,1.0,1.0,0.0,0.0,0.0,1.0,1.0,1.0,0.0,0.0,0.0,0.0,0.0,1.0,0.0,1.0,1.0,0.5707858451759131,0.0,0.0,0.0,1.0,1.0,0.0,0.0,0.0,1.0,0.0,0.0,0.0,0.0,1.0,0.0,0.0,0.0,1.0,0.0,0.0,1.0,0.0,1.0,0.0,0.0,0.0,0.0,1.0,1.0,0.0,0.0,0.0,1.0,0.0,1.0,1.0,0.0,1.0,1.0,0.0
116,product/lengthscale,interaction_g0.00,3,0.6019110938184491,0.793082838307012,3.5703346079142917,3.3785301511244743,0.031868638284308304,-6.351443506966968,35.97659035027027,7.033946459181607,1,1,excluded,r_hat_max 1.339 > 1.1; n_eff_min 5.7 < 16.0,1.33921246952698,0.9985169089057511,0.9230769230769231,5.65189107866164,0,63.0,1.33921246952698,5.65189107866164,nan,nan,1.089196014564472,39.26299504223206,2.4847717431985226,1.3750896482839812,0,1.0,1.0,0.0,1.0,0.0,0.0,1.0,0.0,1.0,1.0,0.0,0.0,0.0,0.0,0.0,1.0,0.0,1.0,1.0,0.0,1.0,1.0,1.0,1.0,0.0,1.0,1.0,1.0,0.0,0.0,0.0,0.0,1.0,1.0,1.0,1.0,1.0,1.0,0.0,0.0,0.0,0.0,1.0,1.0,1.0,0.0,0.0,1.0,1.0,1.0,0.0,0.0,0.0,1.0,0.0,1.0,0.0,1.0,1.0,1.0,0.0,0.0,0.0,1.0,1.0,0.0,0.0,0.0,0.0,0.0,0.0,0.0,0.0,1.0,0.0,1.0,0.0,1.0,0.0,0.0,0.0,0.0,1.0,0.0,0.0,0.0,0.0,1.0,1.0,0.0,0.0,0.0,1.0,0.0,1.0,0.0,0.0,1.0,1.0,0.0
117,product/lengthscale,interaction_g0.00,3,3.3863574832503422,3.3713034603718297,3.5703346079142917,3.3785301511244743,0.031868638284308304,-5.343861450123605,37.846349565312266,5.858696767129004,1,1,excluded,r_hat_max 1.209 > 1.1; n_eff_min 10.5 < 16.0,1.2094419597816906,1.0020500555386023,0.9230769230769231,10.515021728045575,0,62.625,1.2094419597816906,10.515021728045575,nan,nan,1.0054049095749442,159.84706926583857,2.468678917135445,1.3801274634894738,0,1.0,1.0,0.0,1.0,0.5903861034082258,0.0,1.0,0.0,0.0,1.0,0.0,0.0,0.0,0.194909176849368,0.41296660279163777,1.0,0.0,1.0,1.0,0.0,1.0,1.0,1.0,1.0,0.0,1.0,1.0,1.0,0.0,0.0,0.0,0.0,1.0,1.0,0.0,1.0,1.0,1.0,0.0,0.0,0.0,0.5591353872020135,1.0,0.0,0.0,0.0,0.0,1.0,1.0,1.0,0.0,0.0,0.0,0.0,0.0,1.0,0.0,1.0,1.0,0.5760311198015806,0.0,0.0,0.0,1.0,1.0,0.0,0.0,0.13197599008650698,0.0,0.0,0.0,0.0,0.0,1.0,0.0,0.0,0.0,1.0,0.0,0.0,0.0,0.0,0.0,0.0,0.0,0.0,0.0,0.0,1.0,0.0,0.0,0.0,1.0,0.0,1.0,1.0,0.0,1.0,1.0,0.0
118,product/lengthscale,interaction_g0.00,3,1.3369759030781374,1.3445571441072524,3.5703346079142917,3.3785301511244743,0.031868638284308304,-3.2439745000745424,35.619731358252466,8.851812600158155,1,1,excluded,r_hat_max 4.295 > 1.1; n_eff_min 3.1 < 16.0; divergences 38 > 5,4.2949773763023025,1.0136782831969302,0.75,3.144137178853472,38,58.27734375,4.2949773763023025,3.144137178853472,nan,nan,1.3204093335335023,9.232547126846741,2.4764558541364186,1.3768391694699287,0,1.0,1.0,0.0,1.0,1.0,1.0,0.0,0.0,1.0,1.0,0.0,0.0,0.0,0.0,0.24439169392892884,1.0,0.0,1.0,1.0,0.0,1.0,0.0,0.0,1.0,0.0,1.0,1.0,1.0,0.0,0.0,0.0,1.0,0.0,0.0,1.0,0.0,1.0,1.0,0.0,0.0,1.0,0.0,1.0,1.0,0.0,0.0,1.0,0.0,1.0,1.0,0.0,1.0,0.0,0.0,0.0,1.0,0.0,1.0,1.0,0.0,0.0,0.0,0.0,1.0,1.0,0.0,0.0,1.0,1.0,0.0,1.0,0.0,0.0,0.0,0.0,1.0,0.0,0.0,1.0,0.0,1.0,0.0,1.0,0.0,0.0,0.0,0.0,1.0,1.0,1.0,0.0,0.0,1.0,0.0,1.0,1.0,0.0,1.0,1.0,0.0
119,product/lengthscale,interaction_g0.00,3,0.6754813127841207,0.6443930258950505,3.5703346079142917,3.3785301511244743,0.031868638284308304,-5.246557154943906,38.38836194714531,10.729459814727306,1,1,excluded,r_hat_max 1.957 > 1.1; n_eff_min 3.4 < 16.0,1.9568608096287954,1.023865167145288,0.6538461538461539,3.3516541402118287,0,63.0,1.9568608096287954,3.3516541402118287,nan,nan,1.3904052406422966,6.675221574989102,2.4668803923628198,1.3749819346265482,0,0.0,0.0,1.0,0.0,0.0,0.0,1.0,0.0,1.0,0.0,0.0,0.0,0.0,0.0,0.7390033998726675,0.0,0.0,1.0,0.0,0.0,1.0,1.0,1.0,1.0,0.0,1.0,0.0,1.0,0.0,0.0,0.0,1.0,1.0,0.0,0.0,0.0,1.0,1.0,0.0,1.0,1.0,0.0,1.0,1.0,0.0,0.0,1.0,1.0,1.0,1.0,1.0,0.0,0.0,1.0,0.0,1.0,0.0,1.0,0.0,0.0,0.0,0.0,0.0,1.0,0.0,1.0,0.0,1.0,1.0,1.0,0.0,0.0,1.0,1.0,0.0,0.0,0.0,0.0,0.0,0.0,1.0,0.0,1.0,0.0,0.0,0.0,0.0,1.0,0.0,0.0,1.0,1.0,0.0,0.0,0.0,1.0,0.0,0.0,1.0,0.0
120,product/lengthscale,interaction_g0.00,3,3.4263474791571666,3.3759207301360834,3.5703346079142917,3.3785301511244743,0.031868638284308304,-6.489077697380392,37.261710655875504,5.348144818097353,1,1,excluded,r_hat_max 1.152 > 1.1; n_eff_min 9.0 < 16.0,1.1524142100298047,0.9984235101807377,0.9615384615384616,8.999186841027296,0,62.6875,1.1524142100298047,8.999186841027296,nan,nan,1.0015591817254208,174.13674006299485,2.451952066699664,1.3788909529607398,0,1.0,1.0,0.0,0.0,1.0,1.0,1.0,0.0,1.0,1.0,1.0,0.0,0.0,0.0,0.4230301011573229,1.0,0.0,1.0,1.0,0.0,1.0,0.0,0.0,1.0,0.0,1.0,1.0,1.0,0.0,0.0,0.0,0.0,1.0,1.0,0.0,1.0,1.0,1.0,0.0,0.0,0.0,0.0,0.0,1.0,0.0,1.0,1.0,1.0,1.0,1.0,0.0,0.0,0.0,1.0,0.0,1.0,0.0,1.0,1.0,0.5789135048522972,0.0,0.0,0.0,1.0,1.0,0.0,0.0,1.0,0.0,0.0,0.0,0.0,0.0,1.0,0.0,1.0,0.0,1.0,0.0,0.0,0.0,0.0,1.0,0.0,0.0,0.0,0.0,1.0,1.0,0.0,0.0,1.0,0.0,0.0,0.0,1.0,0.0,1.0,1.0,0.0
121,product/lengthscale,interaction_g0.00,3,3.4979866539930264,3.371332504020315,3.5703346079142917,3.3785301511244743,0.031868638284308304,-6.699289098297809,37.88160930108279,11.69687333703041,1,1,excluded,n_eff_min 15.3 < 16.0,1.0818298313714165,1.0009657548108217,0.9615384615384616,15.292316015369613,0,63.0,1.0818298313714165,15.292316015369613,nan,nan,1.0102863256248018,83.55298916530481,2.4600049213480735,1.3760118169719764,0,1.0,1.0,0.0,0.0,0.0,1.0,1.0,0.0,1.0,1.0,1.0,0.0,0.0,0.0,0.4203360225332575,1.0,0.0,1.0,1.0,0.0,1.0,0.0,1.0,1.0,0.0,1.0,1.0,1.0,0.0,0.0,0.0,0.0,0.0,1.0,0.0,1.0,1.0,1.0,1.0,0.0,1.0,0.0,1.0,1.0,1.0,1.0,1.0,1.0,1.0,1.0,1.0,0.0,0.0,0.0,0.0,1.0,0.0,1.0,1.0,0.5862480640827012,0.0,0.0,0.0,1.0,1.0,0.0,0.0,0.0,0.0,0.0,0.0,0.0,0.0,1.0,0.0,1.0,0.0,1.0,0.0,0.0,1.0,0.0,1.0,0.0,0.0,0.0,0.0,1.0,1.0,1.0,0.0,1.0,1.0,0.0,0.0,1.0,0.0,1.0,1.0,0.0
122,product/lengthscale,interaction_g0.00,3,3.3854118976491296,3.373160193825834,3.5703346079142917,3.3785301511244743,0.031868638284308304,-6.799592773503255,37.14279114222154,4.413161750882864,1,1,excluded,r_hat_max 1.347 > 1.1; n_eff_min 4.6 < 16.0,1.3469697072621767,0.9991198198826097,0.9807692307692307,4.553065450700398,0,62.875,1.3469697072621767,4.553065450700398,nan,nan,1.0192381625779883,138.49374292968292,2.4685129683369667,1.3735529072325672,0,1.0,1.0,0.0,0.0,0.0,1.0,1.0,0.0,1.0,1.0,1.0,0.0,0.0,0.0,0.41997058960193817,1.0,0.0,1.0,1.0,0.0,1.0,0.0,1.0,1.0,0.0,1.0,1.0,1.0,0.0,0.0,0.0,0.0,0.0,1.0,0.0,1.0,1.0,1.0,1.0,0.0,0.0,0.0,1.0,1.0,1.0,0.0,1.0,1.0,1.0,1.0,0.0,0.0,0.0,0.0,0.0,1.0,0.0,1.0,1.0,0.5826358398518913,1.0,0.0,0.0,1.0,1.0,0.0,0.0,0.0,0.0,0.0,0.0,0.0,0.0,1.0,0.0,1.0,0.0,0.0,0.0,0.0,1.0,0.0,1.0,0.0,0.0,0.0,0.0,1.0,1.0,1.0,0.0,1.0,1.0,0.0,0.0,1.0,0.0,1.0,1.0,0.0
123,product/lengthscale,interaction_g0.00,3,3.3832463374953545,3.3737996613560624,3.5703346079142917,3.3785301511244743,0.031868638284308304,-6.062888256052169,38.109157303813845,5.053099769167602,1,1,excluded,r_hat_max 1.458 > 1.1; n_eff_min 5.8 < 16.0,1.4578159251020082,1.0006934604097095,0.9711538461538461,5.771017951109027,0,62.875,1.4578159251020082,5.771017951109027,nan,nan,0.999313451854361,85.4486447264123,2.475967431176903,1.370433657884633,0,1.0,0.0,0.0,0.0,1.0,1.0,1.0,0.0,1.0,1.0,1.0,0.0,0.0,0.0,0.41694410980016217,1.0,0.0,1.0,1.0,0.0,1.0,1.0,1.0,0.0,1.0,1.0,1.0,1.0,0.0,0.0,0.0,0.0,0.0,1.0,1.0,1.0,1.0,1.0,1.0,0.0,0.0,0.0,1.0,1.0,0.0,1.0,0.0,1.0,1.0,1.0,1.0,0.0,0.0,0.0,0.0,1.0,0.0,1.0,1.0,0.5771617828274372,0.0,0.0,0.0,1.0,1.0,0.0,0.0,0.0,1.0,0.0,1.0,0.0,0.0,1.0,0.0,0.0,0.0,1.0,0.0,0.0,0.0,0.0,1.0,0.0,0.0,0.0,0.0,1.0,1.0,0.0,0.0,0.0,1.0,0.0,1.0,1.0,0.0,1.0,1.0,1.0
124,product/lengthscale,interaction_g0.00,3,3.4921942684757776,3.371140074027525,3.5703346079142917,3.3785301511244743,0.031868638284308304,-7.5462650206499955,36.106274550780654,10.924855142831802,1,1,excluded,r_hat_max 1.595 > 1.1; n_eff_min 5.5 < 16.0,1.5947631607167456,1.0013433794989237,0.9519230769230769,5.506940748788712,0,62.4375,1.5947631607167456,5.506940748788712,nan,nan,1.0030083485972066,179.62670577098137,2.483284196550439,1.3673066035874593,0,1.0,0.0,0.0,1.0,0.0,0.0,1.0,0.0,1.0,1.0,0.0,0.0,0.0,0.0,0.4242754008516762,1.0,0.0,1.0,1.0,0.0,1.0,0.0,1.0,1.0,0.0,1.0,1.0,1.0,0.0,0.0,0.0,1.0,0.0,1.0,0.0,1.0,1.0,1.0,0.0,0.0,1.0,0.0,1.0,1.0,0.0,1.0,1.0,0.0,1.0,1.0,1.0,0.0,0.0,0.0,0.0,1.0,0.0,1.0,1.0,0.5886068851977604,0.0,0.0,0.0,1.0,1.0,0.0,0.0,0.0,0.0,0.0,0.0,0.0,0.0,1.0,0.0,1.0,0.0,1.0,0.0,0.0,1.0,0.0,1.0,0.0,0.0,0.0,0.0,1.0,1.0,0.0,0.0,1.0,1.0,0.0,0.0,1.0,0.0,1.0,1.0,0.0
125,product/lengthscale,interaction_g0.00,3,3.3829618220720477,3.3734076814535428,3.5703346079142917,3.3785301511244743,0.031868638284308304,-7.242111650439249,38.34884169604629,4.494414201937616,1,1,excluded,n_eff_min 13.3 < 16.0,1.036087878312577,0.9995809777517866,1.0,13.296355536005267,0,63.0,1.036087878312577,13.296355536005267,nan,nan,1.0097719561675915,95.19858211343147,2.4913554771258415,1.364789060669778,1,1.0,0.0,0.0,1.0,0.0,0.0,1.0,0.0,1.0,1.0,0.0,0.0,0.0,0.0,0.42572967622051155,1.0,0.0,1.0,1.0,0.0,1.0,1.0,1.0,1.0,0.0,1.0,0.0,1.0,0.0,0.0,0.0,0.0,0.0,1.0,1.0,0.9999995470654296,1.0,1.0,0.0,0.0,0.0,0.0,1.0,1.0,1.0,0.0,0.0,1.0,1.0,1.0,0.0,0.0,0.0,1.0,0.0,1.0,0.0,1.0,1.0,0.585479300074395,0.0,0.0,0.0,1.0,1.0,0.0,0.0,0.0,0.0,0.0,0.0,0.0,0.0,1.0,0.0,0.0,0.0,1.0,0.0,0.0,1.0,0.0,1.0,0.0,0.0,0.0,0.0,1.0,1.0,0.0,0.0,0.0,1.0,0.0,1.0,1.0,0.0,1.0,1.0,0.0
126,product/lengthscale,interaction_g0.00,3,3.3732380376827993,3.3666661964833366,3.5703346079142917,3.3785301511244743,0.031868638284308304,-6.3016101038859595,36.81328331818804,7.923895237967372,1,1,excluded,r_hat_max 1.344 > 1.1; n_eff_min 4.9 < 16.0,1.344262971614277,1.0013974077886818,0.9519230769230769,4.893352853477179,0,62.6875,1.344262971614277,4.893352853477179,nan,nan,1.0139069996104557,152.12552822357725,2.4984317179587476,1.3616627328981188,0,1.0,1.0,0.0,1.0,1.0,0.0,1.0,0.0,1.0,1.0,0.0,0.0,1.0,0.0,0.4208243109205556,1.0,0.0,1.0,1.0,0.0,1.0,0.0,1.0,1.0,0.028112469086747464,0.0,1.0,1.0,0.0,0.0,0.0,0.0,0.7493394253125069,1.0,0.0,1.0,1.0,1.0,0.0,0.0,0.0,0.0,1.0,1.0,0.0,1.0,1.0,1.0,1.0,1.0,1.0,0.0,0.0,0.0,1.0,1.0,0.0,1.0,1.0,0.5931709575462076,0.0,0.0,0.0,1.0,0.0,0.0,0.0,0.0,1.0,0.0,1.0,1.0,0.0,1.0,0.0,1.0,0.0,1.0,0.0,0.0,1.0,0.0,1.0,0.0,0.22887416513200062,0.0,0.0,1.0,0.0,1.0,0.0,1.0,1.0,0.0,0.0,1.0,0.0,1.0,1.0,0.0
127,product/lengthscale,interaction_g0.00,3,3.446285648337054,3.371963413783622,3.5703346079142917,3.3785301511244743,0.031868638284308304,-6.009339274698105,38.59381591202691,8.664842800237238,1,1,excluded,r_hat_max 1.791 > 1.1; n_eff_min 3.9 < 16.0,1.790500170797146,1.0063089027313037,0.8461538461538461,3.91834109794204,0,63.0,1.790500170797146,3.91834109794204,nan,nan,1.0197940339927687,111.96035371614579,2.5053199566967326,1.3584934348484918,0,1.0,1.0,0.0,1.0,1.0,1.0,1.0,0.0,1.0,1.0,0.0,0.0,0.0,0.0,0.4194417836716585,1.0,0.0,1.0,1.0,0.0,1.0,0.0,1.0,1.0,0.0,1.0,1.0,1.0,0.0,0.0,0.0,0.0,1.0,1.0,0.0,1.0,1.0,1.0,1.0,0.0,1.0,0.0,1.0,1.0,0.0,0.0,1.0,1.0,1.0,1.0,0.0,0.5250550699585432,0.0,0.0,0.0,1.0,0.0,1.0,1.0,0.584458806001169,0.0,0.0,0.0,1.0,1.0,0.0,0.0,0.0,1.0,0.0,0.0,0.0,0.0,1.0,0.0,1.0,0.0,1.0,0.0,0.0,0.0,0.0,1.0,1.0,0.0,0.0,0.0,1.0,1.0,0.0,0.0,1.0,1.0,0.0,1.0,1.0,0.0,1.0,1.0,0.0
128,product/lengthscale,interaction_g0.00,3,3.4373305531446086,3.372329688480856,3.5703346079142917,3.3785301511244743,0.031868638284308304,-8.815927322867504,34.05232995701954,8.48182508861646,1,1,ok,,1.035288075461113,1.0000072692028994,1.0,41.79636970479392,0,62.6875,1.035288075461113,41.79636970479392,nan,nan,1.0165044689089502,232.03275795487835,2.512671251162672,1.3557100293406628,0,1.0,0.0,0.0,1.0,0.0,0.0,1.0,0.0,1.0,1.0,0.0,0.0,0.0,0.0,0.41338496921056445,1.0,0.0,1.0,1.0,0.0,1.0,0.0,1.0,1.0,0.0,1.0,1.0,1.0,0.0,0.0,0.0,1.0,0.0,1.0,0.0,1.0,1.0,1.0,0.0,0.0,0.0,0.0,1.0,1.0,0.0,1.0,1.0,0.0,1.0,1.0,0.0,0.0,0.0,0.0,0.0,1.0,0.0,1.0,1.0,0.5663630406536502,0.0,0.0,0.0,1.0,1.0,0.0,0.0,0.0,1.0,0.0,0.0,0.0,0.0,1.0,0.0,1.0,0.0,1.0,0.0,0.0,1.0,0.0,1.0,0.0,0.0,0.0,0.0,1.0,1.0,0.0,0.0,0.0,1.0,0.0,0.0,1.0,0.0,1.0,1.0,0.0
129,product/lengthscale,interaction_g0.00,3,3.3627654513831007,3.3522231132856994,3.5703346079142917,3.3785301511244743,0.031868638284308304,-8.109670900838477,41.80006309133023,6.658929263241589,1,1,ok,,1.0807865021094525,1.000043543133496,0.9711538461538461,18.36054453795965,0,62.4375,1.0807865021094525,18.36054453795965,nan,nan,1.0108229920391678,228.42411542243315,2.519839152728424,1.3528778583945227,0,0.0,0.0,0.0,1.0,1.0,0.0,1.0,0.0,1.0,1.0,0.0,0.0,0.0,0.0,0.39715227785164836,1.0,0.0,1.0,1.0,0.0,1.0,0.0,1.0,1.0,0.0,1.0,1.0,1.0,0.0,0.0,0.0,0.0,1.0,1.0,0.0,1.0,1.0,1.0,1.0,0.0,1.0,0.0,1.0,1.0,0.0,0.0,1.0,0.0,1.0,1.0,1.0,0.0,0.0,0.0,0.0,1.0,0.0,1.0,1.0,0.5692714951909017,0.0,0.0,0.0,1.0,1.0,0.0,0.0,0.0,1.0,0.0,1.0,0.0,0.0,1.0,0.0,1.0,0.0,1.0,0.0,0.0,0.0,0.0,1.0,0.0,0.0,0.0,0.0,1.0,1.0,0.0,0.0,1.0,1.0,0.0,1.0,1.0,0.0,1.0,1.0,0.0
130,product/lengthscale,interaction_g0.00,3,3.588323138023377,3.3724623209642868,3.588323138023377,3.3785301511244743,0.031868638284308304,-9.29358995903935,39.875880071893334,2.6802090611308813,1,1,ok,,1.025879871476626,0.9988714946523347,1.0,26.124150927754453,0,62.375,1.025879871476626,26.124150927754453,nan,nan,0.999774358612868,203.95600554181578,2.5263232011796135,1.3496751336631054,0,1.0,1.0,0.0,0.0,0.0,1.0,1.0,0.0,1.0,1.0,0.0,0.0,0.0,0.0,0.4137102705396901,1.0,0.0,1.0,1.0,0.0,1.0,0.0,0.0,1.0,0.0,1.0,1.0,1.0,0.0,0.0,0.0,1.0,0.0,1.0,0.0,1.0,1.0,1.0,0.0,0.0,0.0,0.0,1.0,1.0,0.0,1.0,1.0,0.0,1.0,1.0,0.0,0.0,0.0,0.0,0.0,1.0,0.0,1.0,1.0,0.5735651796339498,0.0,0.0,0.0,1.0,1.0,0.0,0.0,0.0,0.0,0.0,0.0,0.0,0.0,1.0,0.0,1.0,0.0,1.0,0.0,0.0,1.0,0.0,1.0,0.0,0.0,0.0,0.0,1.0,1.0,0.0,0.0,0.0,1.0,0.0,0.0,1.0,0.0,1.0,1.0,0.0
131,product/lengthscale,interaction_g0.00,3,3.454190429908856,3.3732317890918315,3.588323138023377,3.3785301511244743,0.031868638284308304,-5.271611486548975,42.53596678515896,7.4882668112404644,1,1,excluded,r_hat_max 1.127 > 1.1; n_eff_min 8.9 < 16.0,1.1272987670774839,0.998868919691906,0.9807692307692307,8.907640738980952,0,61.375,1.1272987670774839,8.907640738980952,nan,nan,0.9963509998835834,112.99388732624026,2.5344300709265126,1.3476873604152177,0,1.0,1.0,0.0,0.0,0.0,1.0,1.0,0.0,1.0,1.0,0.0,0.0,0.0,0.0,0.415577255826851,1.0,0.0,1.0,1.0,0.0,1.0,0.0,0.0,1.0,0.0,1.0,1.0,1.0,0.0,0.0,0.0,1.0,0.0,1.0,1.0,1.0,1.0,1.0,0.0,0.0,1.0,0.0,1.0,1.0,0.0,1.0,1.0,1.0,1.0,1.0,0.0,0.0,0.0,0.0,0.0,1.0,0.0,1.0,1.0,0.5761331963028686,0.0,0.0,0.0,1.0,1.0,0.0,0.0,0.0,0.0,0.0,0.0,0.0,0.0,1.0,0.0,1.0,0.0,1.0,0.0,0.0,1.0,0.0,1.0,0.0,1.0,0.0,0.0,1.0,1.0,0.0,0.0,0.0,1.0,0.0,0.0,1.0,0.0,1.0,1.0,0.0
132,product/lengthscale,interaction_g0.00,3,3.4345432255211064,3.3765664179807726,3.588323138023377,3.3785301511244743,0.031868638284308304,-8.447263876479575,39.92669553402811,3.7253537722863257,1,1,excluded,r_hat_max 1.297 > 1.1; n_eff_min 7.1 < 16.0,1.296758121180807,1.0006559064742895,0.9807692307692307,7.0949308446115555,0,62.625,1.296758121180807,7.0949308446115555,nan,nan,1.0319906248499098,90.35911491995829,2.5413979524339547,1.3449393653764161,0,1.0,1.0,0.0,1.0,0.0,0.0,1.0,0.0,1.0,1.0,0.0,0.0,0.0,0.0,0.41996354421502635,1.0,0.0,1.0,1.0,0.0,1.0,0.0,1.0,1.0,0.0,1.0,1.0,1.0,0.0,0.0,0.0,1.0,0.0,1.0,0.0,1.0,1.0,1.0,0.0,0.0,1.0,0.0,0.0,1.0,0.0,1.0,1.0,0.0,1.0,1.0,1.0,0.0,0.0,1.0,0.0,1.0,0.0,1.0,1.0,0.5713842708483153,0.0,0.0,0.0,1.0,1.0,0.0,0.0,0.0,0.0,0.0,0.0,0.0,0.0,1.0,0.0,0.0,0.0,1.0,0.0,0.0,1.0,0.0,1.0,0.0,0.0,0.0,0.0,1.0,1.0,0.0,0.0,1.0,1.0,0.0,0.0,0.0,0.0,1.0,1.0,0.0
133,product/lengthscale,interaction_g0.00,3,3.3182591592490347,3.3767630880048567,3.588323138023377,3.3785301511244743,0.031868638284308304,-8.616965494827404,42.45426057605073,3.360164204146713,1,1,excluded,r_hat_max 1.319 > 1.1; n_eff_min 7.6 < 16.0,1.319498522791707,0.9985727402367885,0.9519230769230769,7.648860151917778,0,62.625,1.319498522791707,7.648860151917778,nan,nan,0.9994427264134069,115.39247996241221,2.5481133304270913,1.3420931945888026,0,1.0,1.0,0.0,0.0,0.0,1.0,1.0,0.0,1.0,1.0,0.0,0.0,0.0,0.0,0.4301155941943213,1.0,0.0,1.0,1.0,0.0,1.0,0.0,0.0,1.0,0.0,1.0,1.0,1.0,0.0,0.0,0.0,1.0,0.0,1.0,1.0,1.0,1.0,1.0,0.0,0.0,1.0,0.0,1.0,1.0,0.0,1.0,1.0,0.0,1.0,1.0,1.0,0.0,0.0,0.0,0.0,1.0,0.0,1.0,1.0,0.579313249699457,0.0,0.0,0.0,1.0,1.0,0.0,0.0,0.0,0.0,0.0,0.0,0.0,0.0,1.0,0.0,1.0,0.0,1.0,0.0,0.0,1.0,0.0,1.0,0.0,1.0,0.0,0.0,1.0,1.0,0.0,0.0,0.0,1.0,0.0,0.0,1.0,0.0,1.0,1.0,0.0
134,product/lengthscale,interaction_g0.00,3,0.6631334536594091,0.7532817572148934,3.588323138023377,3.3785301511244743,0.031868638284308304,-8.83631350736946,40.76057041483,5.478650930337608,1,1,excluded,r_hat_max 1.367 > 1.1; n_eff_min 7.1 < 16.0,1.3671841173691064,0.9995302571736897,0.9326923076923077,7.138749442366298,0,62.875,1.3671841173691064,7.138749442366298,nan,nan,1.1079407339105596,37.71941793898071,2.5538606873585983,1.3387178631915557,0,1.0,1.0,1.0,0.0,0.0,1.0,1.0,0.0,1.0,1.0,0.0,0.0,0.0,0.0,1.0,1.0,0.0,1.0,1.0,0.0,1.0,0.0,1.0,1.0,0.0,1.0,1.0,1.0,0.0,1.0,0.7505505264132956,1.0,0.0,1.0,0.0,1.0,1.0,1.0,0.0,1.0,0.0,0.0,0.0,1.0,0.0,1.0,1.0,1.0,1.0,1.0,0.0,0.0,0.0,0.0,0.0,1.0,0.0,1.0,0.0,0.6555726023391887,0.0,0.0,0.0,1.0,0.0,0.0,0.0,0.0,1.0,0.0,0.0,0.0,1.0,1.0,0.0,1.0,0.0,1.0,0.0,0.0,1.0,0.0,1.0,0.0,0.0,0.0,0.0,1.0,1.0,0.0,0.0,1.0,1.0,0.0,0.0,1.0,0.0,1.0,1.0,0.0
135,product/lengthscale,interaction_g0.00,3,3.2684521012290606,3.2280584865968938,3.588323138023377,3.3785301511244743,0.031868638284308304,-6.92190066868433,42.768517958931625,6.245833798777312,1,1,excluded,r_hat_max 1.480 > 1.1; n_eff_min 7.7 < 16.0,1.4802382333608832,1.0203153096242663,0.6923076923076923,7.678567307566508,0,63.0,1.4802382333608832,7.678567307566508,nan,nan,1.043849142866105,29.232282994711355,2.539855300442308,1.3435677998147315,0,1.0,1.0,0.0,1.0,0.0,1.0,1.0,1.0,1.0,1.0,1.0,0.0,0.0,0.0,0.39414609543635143,0.0,0.0,0.0,0.8385706572414435,0.0,1.0,0.0,0.0,0.0,0.0,0.0,1.0,1.0,0.0,0.0,0.0,1.0,0.0,1.0,0.0,1.0,1.0,1.0,0.0,0.0,0.0,0.0,1.0,1.0,0.0,1.0,0.0,0.6445780027752229,1.0,1.0,0.0,1.0,0.0,0.0,0.0,1.0,0.0,1.0,1.0,0.5672916551262883,0.0,0.0,0.0,1.0,0.0,0.0,0.0,0.0,0.0,0.0,0.0,0.0,0.0,1.0,0.0,1.0,0.0,1.0,0.0,0.0,1.0,0.0,1.0,0.0,0.0,0.0,1.0,1.0,1.0,0.0,0.0,0.0,0.0,0.0,0.0,1.0,0.0,1.0,1.0,0.0
136,product/lengthscale,interaction_g0.00,3,2.9274458560070276,2.9665676235988743,3.588323138023377,3.3785301511244743,0.031868638284308304,-5.169301728490992,39.877041595987976,9.930124956183136,1,1,excluded,r_hat_max 1.159 > 1.1; n_eff_min 7.4 < 16.0,1.1592209490140055,0.9987064648100413,0.9807692307692307,7.368654520596183,0,62.875,1.1592209490140055,7.368654520596183,nan,nan,1.0098695814353003,46.827707906130726,2.5452126298598574,1.340065566820517,0,1.0,1.0,0.0,1.0,0.0,1.0,1.0,0.0,1.0,1.0,0.0,0.0,0.0,0.0,0.3043541387101671,1.0,0.0,1.0,1.0,0.0,1.0,0.0,1.0,1.0,0.0,1.0,1.0,1.0,0.0,0.0,0.0,1.0,1.0,1.0,1.0,1.0,1.0,1.0,0.0,0.0,0.0,0.0,1.0,1.0,0.0,1.0,1.0,1.0,1.0,1.0,0.0,0.0,0.0,0.0,0.0,1.0,0.0,1.0,1.0,0.49550750652521597,0.0,0.0,0.0,1.0,1.0,0.0,0.0,0.0,1.0,0.0,0.0,0.0,0.0,1.0,0.0,1.0,0.0,0.0,0.0,1.0,1.0,0.0,1.0,0.0,0.0,0.0,0.0,1.0,1.0,0.0,0.0,0.0,1.0,0.0,0.0,1.0,0.0,1.0,1.0,0.0
137,product/lengthscale,interaction_g0.00,3,3.218015763724826,3.375502643320925,3.588323138023377,3.3785301511244743,0.031868638284308304,-4.290265088501083,42.87132683210075,6.569436253979802,1,1,excluded,r_hat_max 1.889 > 1.1; n_eff_min 3.4 < 16.0,1.8890041958857018,1.002638511164721,0.9230769230769231,3.4153082577253513,0,62.75,1.8890041958857018,3.4153082577253513,nan,nan,1.0395968575225498,67.18601709600175,2.548002653408377,1.3355622512084973,0,1.0,1.0,0.0,1.0,0.0,1.0,1.0,0.4471911838594575,1.0,1.0,0.0,0.0,0.0,0.0,0.41771673787231867,1.0,0.0,1.0,1.0,0.0,1.0,0.0,0.0,1.0,0.0,1.0,1.0,1.0,0.0,0.0,0.0,0.0,0.0,1.0,0.0,1.0,1.0,1.0,0.0,0.0,0.0,0.0,1.0,1.0,0.0,1.0,0.0,0.0,1.0,1.0,0.0,0.0,0.0,0.0,0.0,1.0,0.0,1.0,1.0,0.5700159820098021,0.0,0.0,0.0,1.0,1.0,0.0,0.0,0.0,0.0,0.0,0.0,0.0,0.0,1.0,0.0,0.0,0.0,1.0,0.0,0.0,1.0,0.0,1.0,0.0,0.0,0.0,0.0,1.0,1.0,1.0,0.0,0.0,0.0,0.0,0.0,1.0,0.0,1.0,1.0,0.0
138,product/lengthscale,interaction_g0.00,3,3.2939314836567446,3.3786636016382685,3.588323138023377,3.3786636016382685,0.031735187770514095,-6.463964649893461,40.22567168716341,9.010966422967613,1,1,excluded,n_eff_min 7.2 < 16.0,1.0908037852639447,1.0013434121886386,0.9615384615384616,7.192279812275682,0,62.75,1.0908037852639447,7.192279812275682,nan,nan,0.9996041669601181,65.76073254454404,2.5528578208744386,1.3319273349228233,0,1.0,1.0,0.0,0.0,0.0,1.0,1.0,0.0,1.0,1.0,0.0,0.0,0.0,0.0,0.42884626113392915,1.0,0.0,1.0,1.0,0.0,1.0,0.0,0.0,0.0,0.0,1.0,1.0,1.0,0.0,0.0,0.0,1.0,0.0,1.0,0.0,1.0,1.0,1.0,0.0,1.0,1.0,1.0,1.0,1.0,0.0,1.0,1.0,0.0,1.0,1.0,0.0,1.0,0.0,1.0,0.0,1.0,0.0,1.0,1.0,0.5716242999764796,0.0,1.0,0.0,1.0,0.0,0.0,0.0,0.0,0.0,0.0,0.0,0.0,0.0,1.0,0.0,1.0,0.0,1.0,0.0,0.0,0.0,0.0,1.0,0.0,0.0,0.0,0.0,1.0,1.0,0.0,0.0,0.0,1.0,0.0,1.0,1.0,0.0,1.0,1.0,0.0
139,product/lengthscale,interaction_g0.00,3,3.425898458655186,3.3782879172848146,3.588323138023377,3.3786636016382685,0.031735187770514095,-6.032672597966593,43.95010751206428,6.8830623482353985,1,1,excluded,r_hat_max 1.188 > 1.1,1.1878778568288813,1.0036797706541276,0.875,23.068191423766827,0,63.0,1.1878778568288813,23.068191423766827,nan,nan,1.0070727538092368,158.99577482807183,2.558189286074311,1.328604606578064,0,0.5345237395781869,0.0,0.0,0.0,0.0,0.0,1.0,0.0,1.0,1.0,1.0,0.0,0.0,0.0,0.4252989731061389,0.0,0.0,1.0,1.0,0.0,1.0,0.0,1.0,1.0,1.0,0.0,1.0,1.0,0.0,0.0,0.0,1.0,0.0,1.0,0.0,0.0,1.0,1.0,0.0,0.0,1.0,1.0,0.0,1.0,0.48062104290339336,0.0,1.0,1.0,1.0,1.0,1.0,1.0,0.0,0.0,0.0,1.0,0.0,1.0,1.0,0.5711364870428872,0.0,0.0,0.0,1.0,1.0,0.0,0.0,0.0,1.0,0.0,1.0,0.0,0.0,1.0,0.0,1.0,0.0,1.0,0.0,0.0,1.0,0.0,1.0,0.0,0.0,0.0,1.0,1.0,0.0,0.0,0.0,1.0,1.0,0.0,0.0,1.0,0.0,1.0,1.0,0.0
140,product/lengthscale,interaction_g0.00,3,-0.43540804236234937,-0.4184107135751263,3.588323138023377,3.3786636016382685,0.031735187770514095,-7.49839567397723,40.33210995513946,5.371860334184021,1,1,excluded,r_hat_max 2.445 > 1.1; n_eff_min 3.9 < 16.0,2.4447834722920185,1.000277047879506,0.9519230769230769,3.870619317141733,0,62.5,2.4447834722920185,3.870619317141733,nan,nan,1.0716510569922886,26.71134086906023,2.564387208735603,1.3258662373279904,0,0.0,0.0,0.0,0.0,1.0,0.0,1.0,1.0,1.0,1.0,1.0,0.0,0.0,0.0,0.0,0.0,0.0,0.0,0.0,0.0,1.0,1.0,1.0,1.0,0.0,1.0,1.0,0.19333599515694114,0.0,0.0,0.0,1.0,0.0,0.0,0.0,1.0,1.0,1.0,0.0,0.0,1.0,0.0,0.0,1.0,1.0,0.0,1.0,1.0,1.0,1.0,1.0,0.0,0.0,1.0,0.0,1.0,0.0,1.0,1.0,0.0,0.0,0.0,0.0,1.0,1.0,0.0,0.0,0.0,1.0,0.0,0.02921692795824645,0.0,0.0,1.0,0.0,1.0,0.0,1.0,0.0,0.0,1.0,0.0,1.0,0.0,0.0,0.0,0.0,1.0,1.0,0.0,0.0,1.0,1.0,0.0,0.0,1.0,0.0,1.0,1.0,0.0
141,product/lengthscale,interaction_g0.00,3,3.2892405827812166,3.3759709847855284,3.588323138023377,3.3786636016382685,0.031735187770514095,-8.102060926878922,43.086011867038906,5.669495249167085,1,1,excluded,r_hat_max 2.222 > 1.1; n_eff_min 3.9 < 16.0,2.222013702794498,0.9989927848929447,0.9519230769230769,3.879265034064786,0,63.0,2.222013702794498,3.879265034064786,nan,nan,1.0083576036695667,91.75277635623493,2.5431120651107944,1.3449246059012767,0,1.0,0.0,0.0,0.0,1.0,1.0,1.0,0.0,1.0,1.0,1.0,0.0,0.0,0.0,0.42584726806395357,0.0,0.0,1.0,1.0,0.0,1.0,1.0,0.0,1.0,0.0,1.0,1.0,1.0,0.0,0.0,0.0,0.0,1.0,0.0,0.0,1.0,1.0,1.0,0.0,0.0,0.0,0.0,0.0,1.0,0.0,0.0,1.0,1.0,1.0,1.0,1.0,0.0,0.0,0.0,0.0,1.0,0.0,1.0,1.0,0.5804351766144006,0.0,0.0,0.0,1.0,1.0,0.0,0.0,0.0,0.0,0.0,0.0,0.0,0.0,0.0,0.0,1.0,0.0,1.0,0.0,0.0,0.0,0.0,1.0,0.0,0.0,0.0,1.0,1.0,0.0,0.0,0.0,1.0,0.0,0.0,0.0,1.0,0.0,1.0,1.0,0.0
142,product/lengthscale,interaction_g0.00,3,2.899587942218571,2.914089767218039,3.588323138023377,3.3786636016382685,0.031735187770514095,-8.482076132309892,40.25143042206764,5.821715035010129,1,1,excluded,n_eff_min 14.3 < 16.0,1.01898277099418,0.9980367105327407,1.0,14.266052635584249,0,62.0625,1.01898277099418,14.266052635584249,nan,nan,0.9967424723469932,137.2242449786395,2.548366491291572,1.341632169898263,0,0.0,1.0,0.0,1.0,0.0,0.0,1.0,1.0,1.0,1.0,0.0,0.0,0.0,0.0,0.3075589356304151,1.0,0.0,1.0,1.0,0.0,1.0,0.0,1.0,1.0,1.0,1.0,1.0,1.0,0.0,0.0,0.0,0.0,0.0,1.0,0.0,1.0,1.0,1.0,1.0,0.0,0.0,1.0,1.0,1.0,0.0,0.0,1.0,0.17599144115470272,1.0,1.0,0.0,1.0,0.0,0.0,0.0,1.0,0.0,1.0,1.0,0.46220764532011077,0.0,0.0,0.0,1.0,1.0,1.0,0.0,0.0,0.0,0.0,1.0,0.0,0.0,1.0,0.0,0.0,0.0,1.0,0.0,0.0,1.0,0.0,1.0,1.0,0.0,0.0,0.0,1.0,1.0,1.0,0.0,0.0,1.0,0.0,0.0,1.0,0.0,1.0,1.0,0.0
143,product/lengthscale,interaction_g0.00,3,3.425242934383498,3.3774653976048974,3.588323138023377,3.3786636016382685,0.031735187770514095,-10.206360767120996,43.24698453908786,4.902801736723632,1,1,excluded,r_hat_max 1.519 > 1.1; n_eff_min 4.1 < 16.0,1.5192265358108341,1.0017917295166434,0.9519230769230769,4.113336034460626,0,62.75,1.5192265358108341,4.113336034460626,nan,nan,1.0202801723330956,125.58368680571986,2.550822585353999,1.3372532403863748,0,1.0,1.0,0.0,1.0,0.0,0.0,1.0,0.0,1.0,1.0,1.0,0.0,0.0,0.0,0.42210915481465194,1.0,0.0,1.0,1.0,0.0,1.0,0.0,1.0,1.0,0.0,0.0,1.0,1.0,0.0,0.0,0.0,1.0,0.0,1.0,0.0,1.0,1.0,1.0,0.0,0.0,1.0,0.0,0.0,1.0,0.0,0.0,1.0,0.0,1.0,1.0,1.0,0.0,0.0,1.0,0.0,1.0,0.0,1.0,1.0,0.5685933848184536,0.0,0.0,0.0,1.0,1.0,0.0,0.0,0.0,0.0,0.0,0.0,0.0,0.0,1.0,0.0,1.0,0.0,1.0,0.0,0.0,1.0,0.0,1.0,0.0,0.0,0.0,0.0,1.0,1.0,0.0,0.0,0.0,1.0,0.0,0.0,0.0,0.0,1.0,1.0,0.0
144,product/lengthscale,interaction_g0.00,3,3.58577933471999,3.3787759554161303,3.588323138023377,3.3787759554161303,0.03162283399265231,-8.334757509321504,37.919151473324746,12.381490735337138,1,1,ok,,1.0594601594212834,1.0004986685116826,0.9903846153846154,21.837930892050842,0,63.0,1.0594601594212834,21.837930892050842,nan,nan,1.007042376121389,166.70777670187087,2.556894948888926,1.334578876266538,0,1.0,1.0,0.0,0.0,1.0,1.0,1.0,0.0,1.0,1.0,0.0,0.0,0.0,0.0,0.4300621574680605,1.0,0.0,0.0,1.0,0.0,1.0,0.0,1.0,1.0,0.0,1.0,1.0,1.0,0.0,0.0,0.0,1.0,1.0,1.0,0.0,1.0,0.5488613153692922,1.0,0.0,0.0,1.0,0.0,1.0,1.0,0.0,0.0,1.0,1.0,1.0,1.0,0.0,1.0,0.0,0.0,0.0,1.0,0.0,1.0,1.0,0.5692045640248785,0.0,0.0,0.0,1.0,1.0,0.0,0.0,0.0,1.0,0.0,0.0,0.0,0.0,1.0,0.0,1.0,0.0,1.0,0.0,0.0,0.0,0.0,1.0,1.0,0.0,0.0,0.0,1.0,1.0,1.0,1.0,1.0,1.0,0.0,0.0,1.0,0.0,1.0,1.0,0.0
145,product/lengthscale,interaction_g0.00,3,3.440122791792649,3.377710598997253,3.588323138023377,3.3787759554161303,0.03162283399265231,-7.194293521981869,43.65169371385127,9.913256980944425,1,1,excluded,n_eff_min 9.4 < 16.0,1.049365514471606,0.9983052256524662,1.0,9.364797681953355,0,62.625,1.049365514471606,9.364797681953355,nan,nan,1.007808079135079,132.7123975287089,2.563990703273968,1.3326918940643036,0,0.0,1.0,0.0,1.0,1.0,1.0,1.0,0.0,1.0,1.0,0.0,0.0,0.0,0.0,0.4323462832858614,1.0,0.0,0.0,1.0,0.0,1.0,0.0,1.0,1.0,0.0,0.0,1.0,1.0,0.0,0.0,0.0,1.0,0.0,1.0,0.0,1.0,0.0,1.0,0.0,0.0,0.0,0.0,1.0,1.0,0.0,0.0,1.0,1.0,1.0,1.0,0.0,1.0,0.0,0.0,0.0,1.0,0.0,1.0,1.0,0.5761091168342318,0.0,0.0,0.0,1.0,1.0,0.0,0.0,0.0,1.0,0.0,0.0,0.0,0.0,1.0,0.0,1.0,0.0,1.0,0.0,0.0,0.5640924945635198,0.0,1.0,1.0,0.0,0.0,0.0,1.0,1.0,1.0,1.0,1.0,1.0,0.0,0.0,1.0,0.0,1.0,1.0,0.0
146,product/lengthscale,interaction_g0.00,3,3.316478884029403,3.37835744341312,3.588323138023377,3.3787759554161303,0.03162283399265231,-8.704290942338226,41.17698451504111,8.960641599725932,1,1,ok,,1.0428509931732355,1.0018990074269234,1.0,32.44925857554312,0,62.625,1.0428509931732355,32.44925857554312,nan,nan,1.012395724425086,165.34895958606677,2.569991607989849,1.3300843626157242,0,1.0,1.0,0.0,0.0,1.0,0.0,1.0,0.0,1.0,1.0,1.0,0.0,0.0,0.0,0.42827995632508603,1.0,0.0,0.0,1.0,0.0,1.0,1.0,1.0,1.0,0.0,0.0,1.0,1.0,0.0,0.0,0.0,1.0,0.0,1.0,0.0,1.0,1.0,1.0,0.0,0.0,1.0,0.0,0.0,1.0,0.0,0.0,1.0,1.0,1.0,1.0,1.0,0.0,0.0,1.0,0.0,1.0,0.0,1.0,1.0,0.5736260495172975,0.0,0.0,0.0,1.0,1.0,0.0,0.0,0.0,1.0,0.0,0.0,0.0,0.0,1.0,0.0,1.0,0.0,1.0,0.0,0.0,1.0,0.0,1.0,1.0,0.0,0.0,0.0,1.0,1.0,0.0,0.0,0.0,1.0,0.0,0.0,0.0,0.0,1.0,1.0,0.0
147,product/lengthscale,interaction_g0.00,3,3.479952970480788,3.376203080861874,3.588323138023377,3.3787759554161303,0.03162283399265231,-8.671694037848026,43.90415770467371,4.385078045073897,1,1,excluded,r_hat_max 1.448 > 1.1; n_eff_min 4.7 < 16.0,1.4481720862758438,1.004978328735164,0.8942307692307693,4.6642372663616705,0,63.0,1.4481720862758438,4.6642372663616705,nan,nan,1.1873819119007272,11.839656948475984,2.575069752724812,1.3269719419068733,0,0.0,1.0,0.0,0.0,1.0,1.0,1.0,0.0,1.0,1.0,0.0,0.0,0.0,0.0,0.4197487968535353,1.0,0.0,0.0,1.0,0.0,1.0,0.0,1.0,1.0,1.0,0.0,1.0,1.0,0.0,0.0,0.0,1.0,0.0,1.0,0.0,1.0,1.0,1.0,1.0,0.0,0.0,0.0,1.0,1.0,1.0,0.0,1.0,1.0,1.0,1.0,0.0,1.0,0.0,0.0,0.0,1.0,0.0,1.0,1.0,0.5734521631303594,0.0,0.0,0.0,1.0,1.0,0.0,0.0,0.0,1.0,0.0,0.0,0.0,0.0,1.0,0.0,0.0,0.0,1.0,0.0,0.0,1.0,0.0,1.0,1.0,0.0,0.0,0.0,0.48651357713715426,1.0,1.0,1.0,1.0,1.0,0.0,0.0,1.0,0.0,1.0,1.0,0.0
148,product/lengthscale,interaction_g0.00,3,3.4654419269657635,3.3766456929606457,3.588323138023377,3.3787759554161303,0.03162283399265231,-9.58632639695152,39.86943262023851,5.044862367678434,1,1,excluded,n_eff_min 10.7 < 16.0,1.0788734839459992,0.9985884209523862,0.9903846153846154,10.703911097675098,0,61.3125,1.0788734839459992,10.703911097675098,nan,nan,1.0038442593648795,121.33435603269672,2.5811838285204605,1.3245572888669086,0,0.0,1.0,0.0,0.0,1.0,1.0,1.0,0.0,1.0,1.0,0.0,0.0,0.0,0.0,0.42001135274159124,1.0,0.0,0.0,1.0,0.0,1.0,0.0,1.0,1.0,1.0,1.0,1.0,1.0,0.0,0.0,0.0,1.0,1.0,1.0,0.0,1.0,1.0,1.0,0.0,0.0,1.0,0.0,1.0,1.0,1.0,0.0,1.0,1.0,1.0,1.0,0.0,1.0,0.0,0.0,0.0,1.0,0.0,1.0,1.0,0.5704292722624577,0.0,0.0,0.0,1.0,1.0,0.0,0.0,0.0,1.0,0.0,0.0,0.0,0.0,1.0,0.0,1.0,0.0,1.0,0.0,0.0,0.0,0.0,1.0,1.0,0.0,0.0,0.0,1.0,1.0,1.0,1.0,1.0,1.0,0.0,0.0,1.0,0.0,1.0,1.0,0.0
149,product/lengthscale,interaction_g0.00,3,1.2090052445532742,1.0999052349626588,3.588323138023377,3.3787759554161303,0.03162283399265231,-8.510152885151292,43.95918752485886,9.07234008423984,1,1,excluded,r_hat_max 2.334 > 1.1; n_eff_min 3.8 < 16.0,2.3336395932501937,1.0023812926456066,0.9326923076923077,3.7576558152287456,0,62.5,2.3336395932501937,3.7576558152287456,nan,nan,1.195417150764969,21.68251075037248,2.5871184466308317,1.3220777890158029,0,0.0,1.0,0.0,1.0,0.0,1.0,1.0,0.0,1.0,1.0,0.0,0.0,0.0,0.0,0.41260208376007335,1.0,0.0,0.0,1.0,0.0,1.0,0.0,1.0,0.6755038093726815,1.0,0.0,1.0,0.0,0.0,1.0,0.0,1.0,1.0,1.0,0.0,1.0,1.0,1.0,0.0,0.0,0.0,0.0,1.0,1.0,1.0,0.0,1.0,1.0,1.0,1.0,1.0,1.0,0.0,0.0,0.0,1.0,0.0,1.0,1.0,0.2089454545806237,0.0,0.0,0.0,1.0,1.0,1.0,0.0,0.0,1.0,0.0,1.0,0.0,0.0,1.0,0.0,0.0,0.0,0.0,0.0,0.0,1.0,0.0,1.0,1.0,0.0,0.0,0.0,1.0,1.0,1.0,0.2267833517292406,1.0,1.0,0.0,0.0,1.0,0.0,1.0,1.0,0.0
150,product/lengthscale,interaction_g0.00,3,2.7161218906522393,2.8821141325990802,3.588323138023377,3.3787759554161303,0.03162283399265231,-7.12050691452515,41.24645664775744,7.613308294676244,1,1,excluded,n_eff_min 15.6 < 16.0,1.0816002405712537,1.0000203204374982,0.9711538461538461,15.559355068229014,0,62.4375,1.0816002405712537,15.559355068229014,nan,nan,1.0003578663919341,76.09407800600441,2.577931025283648,1.322427306237075,1,0.0,1.0,0.0,0.0,1.0,1.0,1.0,0.0,1.0,1.0,0.0,0.0,0.0,0.0,0.38345288873776706,1.0,0.0,0.0,1.0,0.0,1.0,0.3744008207829044,1.0,1.0,1.0,1.0,1.0,0.0,0.0,0.0,0.0,1.0,1.0,1.0,0.0,1.0,1.0,1.0,0.0,0.0,1.0,0.0,1.0,1.0,1.0,0.0,1.0,1.0,1.0,1.0,0.0,1.0,0.0,0.0,0.0,1.0,0.0,1.0,1.0,0.5178252587874365,0.0,0.0,0.0,1.0,1.0,0.0,0.0,0.0,1.0,0.0,0.0,0.0,0.0,1.0,0.0,1.0,0.0,1.0,0.0,0.0,0.0,0.0,1.0,0.0,0.0,0.0,0.0,1.0,1.0,1.0,1.0,1.0,1.0,1.0,0.0,1.0,0.0,1.0,1.0,0.0
151,product/lengthscale,interaction_g0.00,3,3.391324459226088,3.37671461526228,3.588323138023377,3.3787759554161303,0.03162283399265231,-8.966433289884394,44.48455303069204,4.194825473707169,1,1,excluded,r_hat_max 2.752 > 1.1; n_eff_min 3.3 < 16.0,2.751603874286691,1.002767623013639,0.9519230769230769,3.3471191407251024,0,61.875,2.751603874286691,3.3471191407251024,nan,nan,1.0345685680689494,171.62146225880738,2.5788461965774796,1.3180887912116228,0,0.0,1.0,0.0,1.0,1.0,1.0,1.0,0.0,1.0,1.0,0.0,0.0,0.0,0.0,0.42018041322607275,1.0,0.0,0.0,1.0,0.0,1.0,0.0,1.0,1.0,0.0,0.0,1.0,1.0,0.0,0.0,0.0,1.0,0.0,1.0,0.0,1.0,0.0,1.0,0.0,0.0,0.0,0.0,1.0,1.0,0.0,0.0,1.0,1.0,1.0,1.0,0.0,1.0,0.0,0.0,0.0,1.0,0.0,1.0,1.0,0.5686152428813024,0.0,0.0,0.0,1.0,1.0,1.0,0.0,0.0,1.0,0.0,1.0,0.0,0.0,1.0,0.0,1.0,0.0,1.0,0.0,0.0,1.0,0.0,1.0,1.0,0.0,0.0,0.0,1.0,1.0,1.0,1.0,1.0,1.0,0.0,0.0,1.0,0.0,1.0,1.0,0.0
152,product/lengthscale,interaction_g0.00,3,3.222816389635679,3.3752760296374893,3.588323138023377,3.3787759554161303,0.03162283399265231,-7.100906756031433,41.04942789115012,6.993729886133224,1,1,excluded,r_hat_max 1.139 > 1.1; n_eff_min 7.5 < 16.0,1.138573817185874,1.0009403487865,0.9615384615384616,7.539205449878005,0,62.875,1.138573817185874,7.539205449878005,nan,nan,1.024967353479414,82.58499141035836,2.584191448305431,1.315386788512109,0,1.0,1.0,0.0,0.0,1.0,0.0,1.0,0.0,0.0,1.0,1.0,0.0,0.0,0.0,0.41836099093044865,1.0,0.0,1.0,1.0,0.0,1.0,0.0,1.0,0.0,0.0,1.0,1.0,1.0,0.0,0.0,0.0,1.0,1.0,1.0,0.0,1.0,1.0,1.0,0.0,0.0,1.0,1.0,1.0,0.0,1.0,1.0,1.0,1.0,1.0,1.0,0.0,1.0,0.0,0.0,0.0,1.0,0.0,1.0,1.0,0.5746696922336452,0.0,0.0,0.0,1.0,1.0,0.0,0.0,0.0,0.0,0.0,0.0,0.0,0.0,1.0,0.0,0.0,0.0,1.0,0.418674832443528,0.0,0.0,0.0,1.0,0.0,0.0,0.0,0.0,1.0,1.0,1.0,1.0,1.0,1.0,0.0,0.0,1.0,0.17446142247095803,1.0,1.0,0.0
153,product/lengthscale,interaction_g0.00,3,3.215377809326503,3.0761560016279725,3.588323138023377,3.3787759554161303,0.03162283399265231,-5.414490907958134,43.96166582079604,10.671864438802004,1,1,excluded,r_hat_max 1.513 > 1.1; n_eff_min 4.4 < 16.0,1.5128915869900639,1.0006734495119263,0.9615384615384616,4.383803034771035,0,62.0625,1.5128915869900639,4.383803034771035,nan,nan,1.0448162967857102,157.2377562851751,2.588365467529812,1.3120906370596566,0,0.0,1.0,0.0,0.0,1.0,1.0,1.0,0.0,1.0,1.0,0.0,0.0,0.0,0.0,0.46384896723292285,1.0,0.0,1.0,1.0,0.0,0.0,0.0,1.0,1.0,1.0,1.0,1.0,1.0,0.0,0.0,0.0,1.0,0.0,1.0,0.7669226247489103,0.0,1.0,1.0,1.0,0.0,0.1312669299687277,0.0,1.0,1.0,0.0,0.0,1.0,1.0,1.0,1.0,0.0,0.0,0.0,0.0,0.7043915120060424,1.0,0.0,1.0,1.0,0.7099155004251797,0.0,0.0,0.0,1.0,1.0,0.0,0.0,0.0,1.0,0.0,0.0,0.0,0.0,1.0,0.0,1.0,0.0,1.0,0.0,0.0,1.0,0.0,1.0,0.0,1.0,0.0,0.0,1.0,0.0,0.0,0.0,1.0,1.0,0.0,0.0,1.0,0.0,1.0,1.0,0.0
154,product/lengthscale,interaction_g0.00,3,3.2473944423520855,3.346031015733267,3.588323138023377,3.3787759554161303,0.03162283399265231,-6.631989778075328,41.41587825817987,10.084820682182908,1,1,excluded,r_hat_max 3.684 > 1.1; n_eff_min 3.2 < 16.0,3.683997484486206,1.0014534101015438,0.9615384615384616,3.2088208991006195,0,63.0,3.683997484486206,3.2088208991006195,nan,nan,1.0010866989753469,159.81682609536156,2.592436976242777,1.3087929729460452,0,1.0,1.0,0.0,0.0,1.0,1.0,1.0,0.0,1.0,1.0,0.0,0.0,0.0,0.0,0.42115533548134104,1.0,0.0,1.0,1.0,0.0,0.0,0.0,1.0,1.0,1.0,1.0,1.0,1.0,0.0,0.0,0.0,1.0,1.0,1.0,1.0,0.0,1.0,1.0,0.0,0.0,0.0,0.0,1.0,1.0,0.0,0.0,1.0,1.0,1.0,1.0,1.0,0.0,0.0,0.0,0.0,1.0,0.0,1.0,1.0,0.6125059608678926,0.0,0.0,0.0,1.0,1.0,0.0,0.0,0.0,1.0,0.0,0.0,0.0,0.0,1.0,0.0,1.0,0.0,1.0,0.0,0.5692706901615937,0.0,0.0,1.0,0.0,0.0,0.0,0.0,1.0,1.0,1.0,0.0,1.0,1.0,0.0,1.0,1.0,0.0,1.0,1.0,1.0
155,product/lengthscale,interaction_g0.00,3,3.225158400931537,3.377261210673071,3.588323138023377,3.3787759554161303,0.03162283399265231,-9.554050856715604,44.02282626973465,4.143733048811555,1,1,excluded,r_hat_max 1.219 > 1.1; n_eff_min 7.9 < 16.0,1.218859266282777,1.0009440071695608,0.9807692307692307,7.907813196512633,0,62.625,1.218859266282777,7.907813196512633,nan,nan,1.0082422406585867,176.77819369634537,2.596662508282192,1.305617675668342,0,1.0,0.0,0.0,1.0,0.0,1.0,1.0,0.0,1.0,1.0,0.0,0.0,0.0,0.0,0.42701430122858564,1.0,0.0,0.0,1.0,0.0,1.0,0.0,1.0,1.0,0.0,0.0,1.0,1.0,0.0,0.0,0.0,1.0,0.0,1.0,0.0,1.0,1.0,1.0,1.0,0.0,0.0,0.0,1.0,1.0,0.0,0.0,1.0,0.0,1.0,1.0,0.0,1.0,0.0,0.0,0.0,1.0,0.0,1.0,1.0,0.5774525219016791,0.0,0.0,0.0,1.0,1.0,0.0,0.0,1.0,1.0,0.0,0.0,0.0,0.0,1.0,0.0,1.0,0.0,1.0,0.0,0.0,1.0,0.0,1.0,0.0,0.0,0.0,0.0,1.0,1.0,0.0,1.0,0.0,1.0,0.0,0.0,1.0,0.0,1.0,1.0,0.0
156,product/lengthscale,interaction_g0.00,3,3.333838081339077,3.3775820194936257,3.588323138023377,3.3787759554161303,0.03162283399265231,-9.007657568969064,41.46277173794806,10.52546592708677,1,1,excluded,n_eff_min 10.8 < 16.0,1.0691394445585323,1.0000543947311578,0.9711538461538461,10.799808851714502,0,63.0,1.0691394445585323,10.799808851714502,nan,nan,1.0057573143653993,46.76942254595867,2.6006913281068673,1.3023924972076013,0,0.0,1.0,0.0,1.0,0.0,1.0,1.0,0.0,1.0,1.0,0.0,0.0,0.0,0.0,0.4263854490240787,1.0,0.0,0.0,1.0,0.0,1.0,0.0,1.0,1.0,1.0,1.0,0.0,1.0,0.0,0.0,0.0,0.0,1.0,1.0,0.0,1.0,1.0,1.0,0.0,0.0,1.0,0.0,1.0,1.0,1.0,1.0,1.0,1.0,1.0,1.0,0.0,0.0,0.0,1.0,0.0,1.0,0.0,1.0,1.0,0.5630100049105541,0.0,0.0,0.0,1.0,1.0,0.0,0.0,0.0,1.0,0.0,0.0,0.0,0.0,1.0,0.0,1.0,0.0,1.0,0.0,0.0,0.0,0.0,1.0,1.0,0.0,0.0,0.0,1.0,1.0,0.0,0.0,1.0,1.0,0.0,0.0,1.0,0.0,1.0,1.0,0.0
157,product/lengthscale,interaction_g0.00,3,3.1923686102629283,3.2701018458502706,3.588323138023377,3.3787759554161303,0.03162283399265231,-9.181267422212999,45.54156295210123,6.157944525126368,1,1,excluded,n_eff_min 14.0 < 16.0,1.0907513769454773,0.9997745557705504,0.9807692307692307,14.00795252101169,0,61.75,1.0907513769454773,14.00795252101169,nan,nan,1.0080243082631848,186.17014427070214,2.605361052649748,1.299547619443212,0,1.0,1.0,0.0,1.0,1.0,1.0,1.0,0.0,1.0,1.0,0.0,0.0,0.0,0.0,0.5069430655302654,1.0,0.0,0.0,1.0,0.0,1.0,0.0,1.0,1.0,0.0,1.0,1.0,1.0,0.0,0.0,0.0,1.0,0.0,1.0,0.0,1.0,1.0,1.0,0.0,0.0,1.0,0.0,0.0,1.0,0.0,0.0,0.0,1.0,1.0,1.0,0.0,1.0,0.0,0.0,0.0,1.0,0.0,1.0,1.0,0.5532749902915908,0.0,0.0,0.0,1.0,1.0,0.0,0.0,0.0,1.0,0.0,0.0,0.0,0.0,1.0,0.0,1.0,0.0,1.0,0.0,0.0,1.0,0.0,1.0,1.0,0.0,0.0,0.0,1.0,1.0,0.0,0.0,1.0,1.0,0.0,0.0,1.0,0.0,1.0,1.0,0.0
158,product/lengthscale,interaction_g0.00,3,3.3541210583680257,3.3741855693710967,3.588323138023377,3.3787759554161303,0.03162283399265231,-6.845224822285763,41.596319945994765,6.052517189178616,1,1,excluded,r_hat_max 1.257 > 1.1,1.2569495151548147,0.9998376734037717,0.9807692307692307,18.78544328511429,0,62.0625,1.2569495151548147,18.78544328511429,nan,nan,1.0101742955772262,137.70174348618474,2.609076290356161,1.2962647589252054,0,0.0,1.0,0.0,0.4975765183447095,1.0,1.0,1.0,0.0,1.0,1.0,0.0,0.0,0.0,0.0,0.41773927380726733,1.0,0.0,1.0,1.0,0.0,1.0,0.0,1.0,1.0,1.0,1.0,1.0,1.0,0.0,0.0,0.0,1.0,0.0,1.0,1.0,1.0,0.0,1.0,0.0,0.0,1.0,0.0,1.0,1.0,1.0,0.0,0.0,1.0,1.0,1.0,0.0,1.0,0.0,0.0,0.0,1.0,0.0,1.0,1.0,0.5774016300515153,0.0,0.0,0.0,1.0,1.0,0.0,0.0,0.0,0.22971513703579757,0.0,0.0,0.0,0.0,1.0,0.0,1.0,0.0,1.0,0.0,0.0,0.0,0.0,1.0,0.0,0.0,0.0,0.0,1.0,1.0,1.0,0.0,1.0,1.0,0.0,0.0,1.0,0.0,1.0,1.0,0.0
159,product/lengthscale,interaction_g0.00,3,3.275167640752969,3.370106774735151,3.588323138023377,3.3787759554161303,0.03162283399265231,-8.347810132567412,44.228760809171945,5.294283459894359,1,1,excluded,r_hat_max 1.421 > 1.1; n_eff_min 4.5 < 16.0,1.4208694512985633,0.9995578043391802,0.9711538461538461,4.460068754836278,0,62.125,1.4208694512985633,4.460068754836278,nan,nan,1.0190460070820366,227.18155019164553,2.6137621065071786,1.2935237036920515,0,0.0,1.0,0.0,0.0,1.0,1.0,1.0,0.0,1.0,1.0,0.0,0.0,0.0,0.0,0.4127245441084409,1.0,1.0,1.0,1.0,0.0,1.0,1.0,1.0,1.0,1.0,1.0,1.0,1.0,0.0,0.0,0.0,1.0,1.0,1.0,0.0,1.0,1.0,1.0,0.0,0.0,1.0,0.0,1.0,1.0,1.0,0.0,1.0,1.0,1.0,1.0,0.0,0.0,0.0,0.0,0.0,1.0,1.0,1.0,1.0,0.5790589518405962,0.0,1.0,0.0,1.0,1.0,0.0,0.0,0.0,0.0,1.0,0.0,0.0,0.0,1.0,0.0,1.0,0.0,1.0,0.0,0.0,1.0,0.0,0.0,1.0,0.0,0.0,0.0,1.0,1.0,1.0,1.0,1.0,1.0,0.0,0.0,1.0,0.0,1.0,1.0,0.0
160,product/lengthscale,interaction_g0.00,3,3.4064361508312686,3.3728175191496677,3.588323138023377,3.3787759554161303,0.03162283399265231,-9.411533822343426,39.04156621918082,13.660418934654444,1,1,excluded,r_hat_max 2.181 > 1.1; n_eff_min 3.4 < 16.0,2.1809094536792233,0.9993603496105583,0.9711538461538461,3.362962414870312,0,62.625,2.1809094536792233,3.362962414870312,nan,nan,1.0240255317550584,136.63387978181302,2.6178958910962145,1.2905282133753062,0,1.0,0.7991185694148581,0.0,0.0,1.0,0.0,1.0,0.0,1.0,1.0,0.0,0.0,0.0,0.0,0.41513157178227944,1.0,0.0,1.0,1.0,0.0,1.0,0.0,1.0,1.0,0.0,1.0,1.0,1.0,0.0,0.0,0.0,1.0,1.0,1.0,0.6701112964237119,1.0,1.0,1.0,0.0,0.0,0.0,0.0,1.0,1.0,0.0,0.0,1.0,0.0,1.0,1.0,0.0,0.0,0.0,0.0,0.0,1.0,0.0,1.0,1.0,0.5765079060245667,0.0,0.0,0.0,0.0,1.0,0.0,0.0,0.0,0.0,0.0,1.0,0.0,0.0,1.0,0.0,1.0,0.0,1.0,0.0,0.0,1.0,0.0,1.0,1.0,0.0,0.0,1.0,0.0,1.0,0.0,0.0,0.0,1.0,0.0,0.0,1.0,0.0,1.0,1.0,0.0
161,product/lengthscale,interaction_g0.00,3,3.3029396240818447,3.3734208478992254,3.588323138023377,3.3787759554161303,0.03162283399265231,-9.177783678723522,44.96252860687673,5.7804135689511895,1,1,excluded,r_hat_max 1.937 > 1.1; n_eff_min 3.5 < 16.0,1.9366430944693134,0.999718915986149,0.9711538461538461,3.4639488141545356,0,61.5625,1.9366430944693134,3.4639488141545356,nan,nan,1.0263752737978318,153.3042365415238,2.622793656684631,1.2880049206598925,0,0.0,0.0,0.0,1.0,0.0,0.0,1.0,0.0,1.0,1.0,0.0,0.0,1.0,0.0,0.41956509827815464,1.0,0.0,1.0,1.0,0.0,1.0,0.0,1.0,1.0,0.0,1.0,1.0,1.0,0.0,0.0,0.0,0.0,0.0,1.0,0.0,1.0,1.0,1.0,0.0,0.0,0.0,0.0,1.0,1.0,1.0,1.0,1.0,1.0,1.0,1.0,0.0,1.0,0.0,1.0,0.0,1.0,0.0,1.0,1.0,0.5817057817815742,0.0,0.0,0.0,1.0,0.0,0.0,0.0,0.0,0.0,0.0,1.0,0.0,0.0,1.0,0.0,0.0,0.0,1.0,0.0,0.0,1.0,0.0,1.0,1.0,0.0,0.0,0.0,1.0,1.0,1.0,0.0,0.0,0.0,0.0,0.0,1.0,0.0,1.0,1.0,0.0
162,product/lengthscale,interaction_g0.00,3,1.9229890064337074,1.8305532529402995,3.588323138023377,3.3787759554161303,0.03162283399265231,-3.975877111636253,39.226247646380216,12.105734724085778,1,1,excluded,r_hat_max 2.327 > 1.1; n_eff_min 3.0 < 16.0; divergences 140 > 5,2.327398295904368,1.0102500258017428,0.7692307692307693,3.0457506124843556,140,38.828125,2.327398295904368,3.0457506124843556,nan,nan,1.6694077825512268,4.535536916115738,2.6269920885821447,1.2851280566666259,0,1.0,1.0,0.0,0.0,1.0,1.0,1.0,0.0,1.0,1.0,0.0,0.0,0.0,0.0,0.41845494280222173,0.0,0.0,0.0,1.0,1.0,1.0,0.0,1.0,1.0,0.0,1.0,1.0,1.0,0.0,0.0,0.0,1.0,1.0,0.9253534557420244,0.0,1.0,1.0,1.0,0.0,0.0,1.0,0.0,0.0,1.0,0.0,0.0,1.0,1.0,1.0,1.0,1.0,1.0,0.0,0.0,0.0,1.0,0.0,1.0,1.0,1.0,0.0,0.0,0.0,1.0,1.0,0.0,0.0,0.0,0.0,0.0,0.0,1.0,0.0,1.0,0.0,0.0,0.0,1.0,0.028567389234132944,0.0,1.0,0.0,1.0,1.0,0.0,0.0,1.0,1.0,1.0,0.0,0.0,1.0,0.5664702444379447,0.0,1.0,1.0,0.0,1.0,1.0,0.0
163,product/lengthscale,interaction_g0.00,3,1.9383733203417846,2.0037478547802814,3.588323138023377,3.3787759554161303,0.03162283399265231,-7.588242179455984,45.47392265917733,4.9183345548808575,1,1,excluded,r_hat_max 1.215 > 1.1; n_eff_min 7.0 < 16.0,1.2147764740503955,1.0059302005548405,0.8942307692307693,6.962653473594139,0,62.5,1.2147764740503955,6.962653473594139,nan,nan,1.0132201351529155,98.19463555264578,2.6226730512683507,1.282358705531237,0,0.8602665110659193,1.0,0.0,0.938649977891279,0.21454022067286246,0.4596022160023442,1.0,0.0,1.0,1.0,0.0,1.0,0.0,1.0,0.44618837440078035,1.0,0.0,0.6584814113584644,1.0,0.0,1.0,0.0,1.0,0.0,1.0,0.8869401364178312,1.0,0.0,0.0,0.16066537473791084,0.0,0.37252565470327487,1.0,1.0,0.0,1.0,0.618390215809899,1.0,0.0,0.0,0.0,0.0,1.0,0.0,0.0,0.0,0.8556790046237449,0.0,0.0,0.9439453976915704,0.9998412017358742,1.0,1.0,0.0,0.0,0.0,0.0,1.0,1.0,0.17602450081999418,0.0,0.0,0.0,1.0,1.0,1.0,0.0,0.0,0.9508944589133449,0.0,0.43762946856783197,1.0,0.0,1.0,1.0,0.9731986926987546,0.0,0.5572385304170402,0.0,0.0,0.0,0.894761295778873,1.0,0.0,0.0,0.0,0.0,0.0,1.0,1.0,0.0,0.0,1.0,1.0,0.0,1.0,0.0,1.0,1.0,0.0
164,product/lengthscale,interaction_g0.00,3,3.4978566698846123,3.3698981394877445,3.588323138023377,3.3787759554161303,0.03162283399265231,-8.810420048504328,42.84682625113055,10.942306634038687,1,1,excluded,r_hat_max 1.448 > 1.1; n_eff_min 4.7 < 16.0,1.447898554542356,1.0003105629378877,0.9807692307692307,4.65957603057192,0,63.0,1.447898554542356,4.65957603057192,nan,nan,1.0348337265025147,114.01983909511617,2.6185004919334327,1.279552509272788,0,0.0,1.0,0.0,0.0,0.0,1.0,1.0,0.0,1.0,1.0,0.0,0.0,0.0,0.0,0.4135731073696305,1.0,0.0,1.0,1.0,0.0,1.0,0.0,0.0,1.0,0.0,0.0,1.0,1.0,0.0,0.0,0.0,1.0,0.0,1.0,0.0,1.0,1.0,1.0,0.0,0.0,0.0,1.0,1.0,1.0,0.0,1.0,0.0,0.0,1.0,1.0,0.0,0.0,0.0,0.0,0.0,1.0,0.0,1.0,1.0,0.5812232570067836,0.0,0.0,0.0,0.5171137808895315,1.0,0.0,0.0,0.0,1.0,0.0,0.0,0.0,0.0,1.0,0.0,0.0,0.0,0.0,0.0,0.0,1.0,1.0,1.0,0.0,0.0,0.0,1.0,1.0,1.0,0.0,0.0,1.0,0.0,0.0,0.0,1.0,0.0,1.0,1.0,0.0
165,product/lengthscale,interaction_g0.00,3,-0.3530199009102266,-0.1839494207506111,3.588323138023377,3.3787759554161303,0.03162283399265231,-11.759123175463774,45.304775279946625,6.796281578019261,1,1,excluded,r_hat_max 1.103 > 1.1,1.1029761864192908,1.0024971135303518,0.9519230769230769,30.85550944319225,0,63.0,1.1029761864192908,30.85550944319225,nan,nan,0.9989183301091279,235.07897851403715,2.623829923314955,1.277493614176157,0,0.0,1.0,1.0,0.0,1.0,1.0,1.0,0.0,1.0,1.0,0.0,0.0,0.0,0.0,1.0,1.0,1.0,1.0,0.0,0.0,1.0,0.0,1.0,1.0,1.0,0.0,1.0,0.0,0.0,0.0,0.0,0.0,0.0,1.0,1.0,1.0,1.0,0.0,0.0,0.0,0.0,1.0,0.0,1.0,0.0,0.0,1.0,0.0,1.0,1.0,1.0,0.0,0.0,1.0,0.0,0.0,0.0,1.0,1.0,0.0,1.0,0.0,1.0,0.0,1.0,0.0,0.0,0.0,0.0,0.0,1.0,0.0,1.0,1.0,0.0,1.0,1.0,1.0,0.0,0.0,1.0,1.0,0.0,0.0,0.0,0.0,0.0,1.0,0.0,0.0,0.0,1.0,1.0,1.0,1.0,1.0,0.0,1.0,1.0,0.0
166,product/lengthscale,interaction_g0.00,3,1.6604719638517136,1.5350871441195464,3.588323138023377,3.3787759554161303,0.03162283399265231,-7.569711399495766,43.05898777395487,8.415621815249324,1,1,excluded,r_hat_max 1.162 > 1.1,1.1617660163583807,1.0076386077799149,0.8653846153846154,19.62059793693933,0,63.0,1.1617660163583807,19.62059793693933,nan,nan,1.0021749406133822,79.02602638526271,2.6058970930485383,1.294303065677323,0,0.298424277791183,1.0,0.0,0.14533410492570023,1.0,1.0,0.0,0.0,1.0,1.0,0.0,0.0,0.0,1.0,0.09144925256514648,1.0,0.0,0.0,1.0,1.0,0.3004997488985236,0.7790547993977059,0.9452597588387849,0.9394811671948425,1.0,1.0,0.1701614742654455,0.0,0.5197987864773513,0.0,1.0,1.0,0.0,1.0,0.2623939399937097,1.0,0.4090706630933927,1.0,1.0,0.0,0.8255248373822631,0.0,1.0,0.7751297003883106,1.0,0.9803779489337241,0.0,0.2911060870121001,1.0,1.0,0.0,1.0,0.0,0.0,0.0,1.0,1.0,1.0,1.0,0.32018252593617585,0.0,0.0,0.0,1.0,1.0,0.13585338969429234,0.0,0.022745793056315775,0.5786309277637579,0.0,0.0,0.0,0.0,0.22291667085087818,0.0,1.0,0.0,1.0,0.0,0.0,0.0,0.0,1.0,0.5500339754490565,0.6891532001949962,0.46846085790157943,0.42619248947364435,1.0,1.0,0.38197478749975755,1.0,0.5230714788153321,1.0,0.9702906887405625,1.0,0.056351285359974454,0.0,1.0,1.0,0.0
167,product/lengthscale,interaction_g0.00,3,2.911466476938212,2.9375768468246934,3.588323138023377,3.3787759554161303,0.03162283399265231,-7.002345205752235,45.80023101577535,9.56117163784802,1,1,excluded,r_hat_max 1.633 > 1.1; n_eff_min 3.7 < 16.0,1.6329947051408398,1.0054019139825026,0.8461538461538461,3.7473093652593636,0,63.0,1.6329947051408398,3.7473093652593636,nan,nan,1.0774086781789913,37.32541542200512,2.6002358647299944,1.2924818698129785,0,0.0,1.0,0.0,0.0,1.0,1.0,1.0,0.0,1.0,1.0,0.0,0.0,0.0,0.0,0.37810043853638947,1.0,0.0,1.0,1.0,0.0,1.0,0.0,1.0,1.0,0.0,0.0,1.0,0.6715346257346283,0.0,0.0,0.0,1.0,0.0,1.0,0.0,1.0,1.0,1.0,0.0,0.0,0.0,1.0,1.0,1.0,0.0,0.0,1.0,1.0,1.0,1.0,1.0,0.0,0.0,0.0,0.0,1.0,0.0,1.0,1.0,0.5479298638331744,0.0,0.0,0.0,0.0,1.0,1.0,0.0,0.0,1.0,0.0,0.0,0.0,0.0,0.0,0.0,0.0,0.0,0.0,0.0,0.0,1.0,0.0,1.0,0.0,0.0,0.0,1.0,1.0,0.0,0.0,0.0,1.0,0.0,0.0,1.0,1.0,0.0,1.0,1.0,0.0
168,product/lengthscale,interaction_g0.00,3,3.1733532461663585,3.241817716286506,3.588323138023377,3.3787759554161303,0.03162283399265231,-8.623217935110063,42.55592109495774,8.557609937153757,1,1,ok,,1.0501911343015577,0.9997227755584683,0.9903846153846154,19.36491615286314,0,62.375,1.0501911343015577,19.36491615286314,nan,nan,1.006446449280695,93.48891018547721,2.6020884278979004,1.2888518215594016,0,0.0,1.0,0.0,0.0,1.0,1.0,1.0,0.0,1.0,1.0,0.0,0.0,0.0,0.0,0.4449729521878673,1.0,0.0,1.0,1.0,0.0,1.0,0.0,1.0,1.0,0.0,1.0,1.0,1.0,0.0,0.0,0.0,1.0,1.0,1.0,1.0,1.0,1.0,1.0,0.0,0.0,1.0,0.0,1.0,1.0,0.0,0.0,1.0,1.0,1.0,1.0,1.0,0.0,0.0,0.0,1.0,1.0,0.0,1.0,1.0,0.6655977496595578,0.0,0.0,0.0,1.0,1.0,0.0,0.0,0.0,1.0,0.0,0.0,0.0,0.0,1.0,0.0,1.0,0.0,0.0,0.0,0.0,1.0,1.0,1.0,0.0,0.0,0.0,0.0,1.0,1.0,0.0,0.0,1.0,1.0,0.0,1.0,0.0,0.0,1.0,1.0,0.0
169,product/lengthscale,interaction_g0.00,3,2.779337033148631,2.776891238751991,3.588323138023377,3.3787759554161303,0.03162283399265231,-7.02452580251218,45.59374825190753,7.122727406676859,1,1,excluded,r_hat_max 3.114 > 1.1; n_eff_min 3.2 < 16.0,3.1136461915031934,0.9988483284096161,0.9711538461538461,3.1865194852450003,0,62.5625,3.1136461915031934,3.1865194852450003,nan,nan,1.0374499321678818,59.47202083720174,2.605468693094755,1.2857796830598,0,0.0,1.0,0.0,0.0,1.0,0.0,1.0,1.0,1.0,1.0,0.0,0.0,0.0,0.0,0.36191607248636926,1.0,0.0,0.0,0.0,0.0,0.0,0.0,1.0,1.0,1.0,1.0,1.0,1.0,0.0,0.0,0.0,1.0,0.0,1.0,1.0,1.0,1.0,1.0,1.0,0.0,0.0,1.0,1.0,1.0,0.0,0.0,1.0,1.0,1.0,1.0,0.0,0.0,0.0,0.0,0.0,1.0,0.0,1.0,1.0,0.6851720816335903,0.0,0.0,0.0,1.0,1.0,1.0,0.0,0.0,1.0,0.0,1.0,1.0,0.0,1.0,0.0,0.0,0.0,1.0,0.0,0.0,1.0,0.0,1.0,1.0,1.0,0.0,1.0,1.0,1.0,1.0,0.0,0.0,0.0,1.0,0.0,1.0,0.0,1.0,1.0,0.0
170,product/lengthscale,interaction_g0.00,3,3.3284967193170667,3.371291135998912,3.588323138023377,3.3787759554161303,0.03162283399265231,-10.202402043445849,42.89209971996024,10.724457595963031,1,1,excluded,r_hat_max 1.435 > 1.1; n_eff_min 5.1 < 16.0,1.4348517727527723,0.9981758407200834,0.9807692307692307,5.10478007126309,0,62.125,1.4348517727527723,5.10478007126309,nan,nan,1.0149608807993618,164.1647971784977,2.606491448036248,1.2820613453579837,0,0.0,1.0,0.0,1.0,1.0,0.0,1.0,0.0,1.0,1.0,0.0,0.0,0.0,0.0,0.41190696087990375,1.0,0.0,0.0,1.0,0.0,1.0,0.0,1.0,1.0,0.0,1.0,1.0,1.0,0.0,0.0,0.0,0.0,0.0,1.0,1.0,1.0,1.0,1.0,1.0,0.0,0.0,0.0,1.0,1.0,0.0,0.0,1.0,0.0,1.0,1.0,0.0,0.0,0.0,0.0,0.0,1.0,0.0,1.0,1.0,0.5684458846091178,0.0,0.0,0.0,0.0,1.0,0.0,0.0,0.0,0.0,0.0,0.0,0.0,0.0,1.0,0.0,1.0,0.0,1.0,0.0,0.0,1.0,0.0,1.0,1.0,0.0,0.0,1.0,0.0,1.0,0.0,1.0,0.0,0.0,0.0,0.0,1.0,0.0,1.0,1.0,0.0
171,product/lengthscale,interaction_g0.00,3,3.1578888799504794,3.376315030977681,3.588323138023377,3.3787759554161303,0.03162283399265231,-10.409355839429336,45.660038250964135,6.01455107703805,1,1,excluded,r_hat_max 1.385 > 1.1; n_eff_min 4.7 < 16.0,1.3845548722573509,0.9982232286617878,0.9807692307692307,4.666526113554203,0,61.1875,1.3845548722573509,4.666526113554203,nan,nan,1.0099099036472887,132.59335734276945,2.6107137010846744,1.2794920021212883,0,1.0,1.0,0.0,0.0,1.0,1.0,1.0,0.0,1.0,1.0,0.0,0.0,0.0,0.0,0.4192646556896391,1.0,0.0,1.0,1.0,0.0,1.0,0.0,1.0,1.0,0.0,0.0,1.0,1.0,0.0,0.0,0.0,0.0,1.0,1.0,0.0,1.0,1.0,1.0,1.0,0.0,1.0,0.0,1.0,1.0,0.0,0.0,1.0,1.0,1.0,1.0,0.0,1.0,0.0,1.0,0.0,1.0,0.0,1.0,1.0,0.5694757038930195,0.0,0.0,0.0,1.0,1.0,1.0,0.0,0.0,1.0,0.0,0.0,0.0,0.0,0.0,0.0,0.0,0.0,1.0,0.0,0.0,0.0,0.0,1.0,0.0,0.0,0.0,0.0,1.0,1.0,0.0,0.0,1.0,1.0,1.0,0.0,1.0,0.0,1.0,1.0,0.0
172,product/lengthscale,interaction_g0.00,3,3.4699400431845,3.3614897429374886,3.588323138023377,3.3787759554161303,0.03162283399265231,-9.444606107180794,43.010533506050706,12.497457433957607,1,1,ok,,1.0910143210663075,0.9992681347284447,0.9903846153846154,31.309169698376877,0,62.5625,1.0910143210663075,31.309169698376877,nan,nan,1.002562617815281,146.69763036187533,2.6138949521245918,1.2764451977048992,0,1.0,1.0,0.0,1.0,0.0,0.0,1.0,0.0,1.0,1.0,0.0,0.0,0.0,0.0,0.4034354141029822,1.0,0.0,0.0,1.0,0.0,1.0,0.0,0.0,1.0,1.0,1.0,0.0,1.0,0.0,0.0,0.0,1.0,0.0,1.0,0.0,1.0,1.0,1.0,0.0,0.0,0.0,0.0,0.0,1.0,1.0,1.0,0.0,0.0,1.0,1.0,1.0,1.0,0.0,0.0,0.0,1.0,0.0,1.0,1.0,0.5733076705308128,0.0,0.0,0.0,1.0,1.0,0.0,0.0,0.0,0.0,0.0,1.0,0.0,0.0,1.0,0.0,1.0,0.0,1.0,0.0,0.0,1.0,0.0,1.0,0.0,0.0,0.0,0.0,1.0,1.0,1.0,0.0,1.0,0.0,0.0,0.0,0.0,0.0,1.0,1.0,0.0
173,product/lengthscale,interaction_g0.00,3,3.584259177299167,3.3560420970944556,3.588323138023377,3.3787759554161303,0.03162283399265231,-10.192751098779759,45.746336268261075,6.569028920959681,1,1,excluded,n_eff_min 10.2 < 16.0,1.0573418548927407,0.9999746301814936,0.9903846153846154,10.214132738012651,0,62.5,1.0573418548927407,10.214132738012651,nan,nan,1.016127098398462,198.43615569183348,2.6188431896451694,1.2744040888618269,0,1.0,1.0,0.0,0.0,0.0,1.0,1.0,0.0,1.0,1.0,0.0,0.0,0.0,0.0,0.3996680302556027,1.0,0.0,0.0,1.0,1.0,1.0,0.0,0.0,1.0,0.0,1.0,1.0,1.0,0.0,0.0,0.0,1.0,0.0,1.0,1.0,1.0,1.0,1.0,0.0,0.0,0.0,0.0,0.0,1.0,0.0,1.0,0.0,1.0,1.0,1.0,0.0,0.0,0.0,0.0,0.0,1.0,0.0,1.0,1.0,0.5729691402461206,0.0,0.0,0.0,1.0,1.0,0.0,0.0,0.0,0.0,0.0,1.0,0.0,0.0,1.0,0.0,1.0,0.0,1.0,0.0,0.0,1.0,0.0,1.0,0.0,1.0,0.0,0.0,1.0,1.0,0.0,0.0,0.0,0.0,0.0,0.0,1.0,0.0,1.0,1.0,0.0
174,product/lengthscale,interaction_g0.00,3,3.3575492292717577,3.3683903524019683,3.588323138023377,3.3787759554161303,0.03162283399265231,-6.919911018921738,43.14690927602351,4.78282008972019,1,1,excluded,r_hat_max 1.285 > 1.1; n_eff_min 5.6 < 16.0,1.2848010083672725,0.9990302717362085,0.9711538461538461,5.615701713612604,0,62.625,1.2848010083672725,5.615701713612604,nan,nan,0.9993433062280244,162.08991678466325,2.624391557390307,1.2728305224873677,0,1.0,1.0,0.0,0.0,0.0,1.0,1.0,0.0,1.0,1.0,0.0,0.0,0.0,0.0,0.4098650034781406,1.0,0.0,0.0,1.0,1.0,1.0,0.0,0.0,1.0,0.0,1.0,1.0,1.0,0.0,0.0,0.0,1.0,0.0,1.0,0.0,0.0,1.0,1.0,0.0,0.0,0.0,1.0,0.0,1.0,0.0,0.0,0.0,1.0,1.0,1.0,0.0,0.0,0.0,0.0,0.0,0.0,0.0,1.0,1.0,0.5763291712384359,0.0,1.0,0.0,1.0,1.0,0.0,0.0,0.0,1.0,0.0,1.0,0.0,0.0,1.0,0.0,1.0,0.0,1.0,0.0,0.0,1.0,0.0,1.0,0.0,1.0,0.0,0.0,0.0,1.0,0.0,0.0,1.0,0.0,0.0,0.0,1.0,0.0,1.0,1.0,0.0
175,product/lengthscale,interaction_g0.00,3,3.1944399858256105,3.172924750277672,3.588323138023377,3.3787759554161303,0.03162283399265231,-8.901508193861604,46.164097615052015,5.495437311939895,1,1,excluded,r_hat_max 1.780 > 1.1; n_eff_min 3.7 < 16.0,1.779952383968805,0.9981284001388016,0.9711538461538461,3.66266422308796,0,62.625,1.779952383968805,3.66266422308796,nan,nan,1.008195412911432,209.5727101274032,2.628581029801058,1.2703912117583092,1,0.0,1.0,0.0,0.0,0.0,1.0,1.0,0.0,1.0,1.0,0.0,0.0,0.0,0.0,0.49549546454742704,1.0,0.0,0.0,1.0,0.0,1.0,0.0,1.0,1.0,1.0,1.0,1.0,1.0,0.0,0.0,0.0,1.0,0.0,1.0,1.0,1.0,0.0,1.0,0.0,0.0,0.0,0.0,0.0,1.0,1.0,0.0,0.0,1.0,1.0,1.0,0.0,1.0,0.0,0.0,0.0,1.0,0.0,1.0,1.0,0.47061906155900907,0.0,0.0,0.0,1.0,1.0,0.0,0.0,0.0,0.0,0.0,1.0,0.0,0.0,1.0,0.0,1.0,0.0,1.0,0.0,0.0,1.0,0.0,1.0,0.0,1.0,0.0,0.0,1.0,1.0,1.0,0.0,1.0,0.0,0.0,0.0,1.0,0.0,1.0,1.0,0.0
176,product/lengthscale,interaction_g0.00,3,3.2351819160580066,3.366972349062581,3.588323138023377,3.3787759554161303,0.03162283399265231,-9.742329231610409,40.19031659560278,6.783247459214181,1,1,excluded,r_hat_max 1.116 > 1.1; n_eff_min 14.4 < 16.0,1.1159185614622944,1.001397960916913,0.9519230769230769,14.381967505217268,0,61.125,1.1159185614622944,14.381967505217268,nan,nan,1.0270777935468927,68.33847019317227,2.6317961375057433,1.2674908047684086,0,1.0,1.0,0.0,1.0,0.0,0.0,1.0,0.0,1.0,1.0,0.0,0.0,0.0,0.0,0.41112073834028323,1.0,0.0,0.0,1.0,1.0,1.0,0.0,0.0,1.0,1.0,1.0,1.0,1.0,0.0,0.0,0.0,1.0,0.0,1.0,0.0,1.0,1.0,1.0,0.0,0.0,0.0,0.0,0.0,1.0,0.0,1.0,0.0,0.0,1.0,1.0,1.0,1.0,0.0,0.0,0.0,1.0,0.0,1.0,1.0,0.582941465085445,0.0,0.0,0.0,1.0,1.0,0.0,0.0,0.0,0.0,0.0,1.0,0.0,0.0,1.0,0.0,1.0,0.0,1.0,0.0,0.0,1.0,0.0,1.0,0.0,1.0,0.0,0.0,1.0,1.0,1.0,0.0,1.0,0.0,0.0,0.0,1.0,0.0,1.0,1.0,0.0
177,product/lengthscale,interaction_g0.00,3,3.5484614485305475,3.349751127708815,3.588323138023377,3.3787759554161303,0.03162283399265231,-10.04611120367398,46.46886931499466,4.737096697092056,1,1,excluded,r_hat_max 1.473 > 1.1; n_eff_min 5.6 < 16.0,1.4732544944389583,0.9983840842969118,0.9711538461538461,5.606056241476072,0,62.625,1.4732544944389583,5.606056241476072,nan,nan,0.9970424469454099,148.7163936347773,2.6352050967066036,1.2647141097425887,0,0.0,1.0,0.0,0.0,0.0,1.0,1.0,0.0,1.0,1.0,0.0,0.0,0.0,0.0,0.3961142335900846,0.0,0.0,0.0,1.0,0.0,0.0,0.0,0.0,1.0,0.0,1.0,0.0,1.0,0.0,0.0,0.0,1.0,0.0,1.0,0.0,1.0,1.0,1.0,0.0,0.0,0.0,0.0,0.0,1.0,0.0,1.0,1.0,0.0,1.0,1.0,0.0,0.0,0.0,0.0,0.0,1.0,0.0,1.0,1.0,0.5639328238825441,0.0,0.0,0.0,0.0,1.0,0.0,0.0,0.0,0.0,0.0,0.0,0.0,0.0,1.0,0.0,1.0,0.0,1.0,0.0,0.0,1.0,0.0,1.0,0.0,0.0,0.0,0.0,1.0,1.0,0.0,0.0,0.0,1.0,0.0,0.0,1.0,0.0,1.0,1.0,0.0
178,product/lengthscale,interaction_g0.00,3,3.482414231133201,3.3720076168192197,3.588323138023377,3.3787759554161303,0.03162283399265231,-10.26678198679811,45.48440948082134,4.333342510275543,1,1,excluded,r_hat_max 1.254 > 1.1; n_eff_min 5.0 < 16.0,1.2541101991872836,1.0001772365614938,0.9711538461538461,4.953701519676646,0,62.25,1.2541101991872836,4.953701519676646,nan,nan,1.0092180095847383,149.5685629986271,2.6403357503685356,1.2630024120198864,0,0.0,1.0,0.0,0.0,0.0,1.0,1.0,0.0,1.0,1.0,0.0,0.0,0.0,0.0,0.4127050831623731,0.0,0.0,0.0,1.0,0.0,0.0,0.0,0.0,1.0,0.0,1.0,0.0,1.0,0.0,0.0,0.0,1.0,0.0,1.0,0.0,1.0,1.0,1.0,0.0,0.0,0.0,0.0,0.0,1.0,0.0,1.0,0.0,0.0,1.0,1.0,0.0,0.0,0.0,0.0,0.0,1.0,0.0,1.0,1.0,0.5693869764895738,0.0,0.0,0.0,0.0,1.0,0.0,0.0,0.0,0.0,0.0,0.0,0.0,0.0,1.0,0.0,1.0,0.0,1.0,0.0,0.0,1.0,0.0,1.0,0.0,0.0,0.0,0.0,1.0,1.0,0.0,0.0,0.0,1.0,0.0,0.0,1.0,0.0,1.0,1.0,0.0
179,product/lengthscale,interaction_g0.00,3,3.327544593769069,3.3673997171565073,3.588323138023377,3.3787759554161303,0.03162283399265231,-7.276458001537353,46.7635071570985,5.882100409828126,1,1,ok,,1.0426431073104636,1.0014818127999034,1.0,69.32623678445708,0,62.625,1.0426431073104636,69.32623678445708,nan,nan,1.0186854974384492,211.76512382414586,2.645040099423087,1.2610324342679846,0,0.0,1.0,0.0,0.0,0.0,1.0,1.0,0.0,1.0,1.0,0.0,0.0,0.0,0.0,0.4089792608028486,1.0,0.0,0.0,1.0,1.0,0.0,0.0,0.0,1.0,0.0,1.0,0.0,1.0,0.0,0.0,0.0,1.0,0.0,1.0,0.9984529917836757,1.0,1.0,1.0,0.0,0.0,0.0,0.0,0.0,1.0,0.0,1.0,0.0,1.0,1.0,1.0,0.0,0.0,0.0,0.0,0.0,1.0,0.0,1.0,1.0,0.562515896665457,0.0,0.0,0.0,0.0,1.0,0.0,0.0,0.0,0.0,0.0,1.0,0.0,0.0,1.0,1.0,1.0,0.0,1.0,0.0,0.0,1.0,1.0,1.0,0.0,0.0,0.0,0.0,1.0,0.0,0.0,0.0,0.0,0.0,0.0,1.0,1.0,0.0,1.0,1.0,0.0
180,product/lengthscale,interaction_g0.00,3,3.40556729455207,3.3711085377534165,3.588323138023377,3.3787759554161303,0.03162283399265231,-11.03022569398645,44.03278482891619,3.050958865787834,1,1,excluded,n_eff_min 7.8 < 16.0,1.0612272758342227,1.0020218970078871,0.9903846153846154,7.7758083636270925,0,62.0,1.0612272758342227,7.7758083636270925,nan,nan,1.03352923157391,112.18488245247741,2.6488317910583423,1.2585475000694593,0,0.0,1.0,0.0,0.0,0.0,1.0,1.0,0.0,1.0,1.0,0.0,0.0,0.0,0.0,0.4128024961649526,0.0,0.0,0.0,1.0,0.0,0.0,0.0,0.0,1.0,0.0,1.0,0.0,1.0,0.0,0.0,0.0,1.0,0.0,1.0,0.0,1.0,1.0,1.0,0.0,0.0,0.0,1.0,1.0,1.0,0.0,0.0,0.0,0.0,1.0,1.0,0.0,0.0,0.0,0.0,0.0,1.0,0.0,1.0,1.0,0.5628839715184655,0.0,0.0,0.0,0.0,1.0,0.0,0.0,0.0,0.0,0.0,0.0,0.0,0.0,1.0,0.0,1.0,0.0,1.0,0.0,0.0,1.0,0.0,1.0,0.0,0.0,0.0,0.0,1.0,1.0,0.0,0.0,0.0,1.0,0.0,0.0,1.0,0.0,1.0,1.0,0.0
181,product/lengthscale,interaction_g0.00,3,1.8936106110067163,1.9436590783933814,3.588323138023377,3.3787759554161303,0.03162283399265231,-10.532225579436448,46.98754803696647,3.9575544018298388,1,1,excluded,r_hat_max 1.328 > 1.1; n_eff_min 14.4 < 16.0,1.328295252958501,1.0013193836484269,0.9615384615384616,14.384602663305833,0,62.875,1.328295252958501,14.384602663305833,nan,nan,1.024631462733405,125.0713428629879,2.6530126501936664,1.2563188588759646,0,0.0,1.0,0.0,0.0,0.0,1.0,1.0,0.0,1.0,1.0,0.0,0.0,0.0,0.0,1.0,0.0,0.0,1.0,1.0,1.0,1.0,0.0,0.0,1.0,0.0,0.0,1.0,1.0,0.0,0.0,0.0,1.0,0.0,1.0,1.0,1.0,1.0,1.0,0.0,0.0,0.0,0.0,0.0,1.0,0.0,0.0,0.0,0.0,1.0,1.0,0.0,0.0,0.0,0.0,0.0,1.0,0.0,1.0,1.0,0.5991037129210964,0.0,0.0,1.0,1.0,1.0,0.0,0.0,0.0,0.0,0.0,1.0,0.0,0.0,1.0,0.0,0.0,0.0,1.0,0.0,0.0,1.0,0.0,1.0,0.0,0.0,0.0,0.0,1.0,1.0,0.0,0.0,0.0,0.0,0.0,0.0,1.0,0.0,1.0,1.0,0.0
182,product/lengthscale,interaction_g0.00,3,3.45236713874285,3.3739440522980084,3.588323138023377,3.3787759554161303,0.03162283399265231,-8.885743936588444,44.20308167813346,12.68203538004309,1,1,excluded,r_hat_max 1.159 > 1.1; n_eff_min 7.6 < 16.0,1.1586939611457006,0.9996650614730818,0.9519230769230769,7.636198049222003,0,62.125,1.1586939611457006,7.636198049222003,nan,nan,1.0325073038223693,116.44351297629376,2.648840111516815,1.254119658460266,0,0.0,1.0,0.0,0.0,0.0,1.0,1.0,0.0,1.0,1.0,0.0,0.0,0.0,0.0,0.417739657123534,1.0,0.0,1.0,1.0,1.0,1.0,0.0,0.0,1.0,0.0,1.0,1.0,1.0,0.0,0.0,0.0,1.0,0.0,1.0,1.0,1.0,1.0,1.0,0.0,0.0,0.0,0.0,1.0,1.0,0.0,1.0,1.0,0.0,1.0,1.0,1.0,0.0,0.0,0.0,0.0,1.0,0.0,1.0,1.0,0.5610157314323485,0.0,0.0,0.0,1.0,1.0,0.0,0.0,0.0,0.0,0.0,0.0,0.0,0.0,1.0,0.0,1.0,0.0,1.0,0.0,0.0,1.0,0.0,1.0,0.0,0.0,1.0,0.0,1.0,1.0,0.0,1.0,0.0,1.0,0.0,0.0,1.0,0.0,1.0,1.0,1.0
183,product/lengthscale,interaction_g0.00,3,3.323553898868778,3.374070789273306,3.588323138023377,3.3787759554161303,0.03162283399265231,-10.525450172698784,47.129446829203516,12.087967799976468,1,1,excluded,r_hat_max 1.163 > 1.1; n_eff_min 5.6 < 16.0,1.1634489058079172,1.001433054964022,0.9711538461538461,5.639794833513381,0,62.5,1.1634489058079172,5.639794833513381,nan,nan,1.000427080198768,137.67533597057542,2.6532309695890883,1.2520904071357948,0,0.0,1.0,0.0,0.0,0.0,1.0,1.0,0.0,1.0,1.0,0.0,0.0,0.0,0.0,0.41541897056005506,0.0,0.0,1.0,1.0,0.0,0.0,0.0,0.0,1.0,0.0,1.0,0.0,1.0,0.0,0.0,0.0,1.0,0.0,1.0,0.0,1.0,1.0,1.0,0.0,0.0,1.0,1.0,1.0,1.0,1.0,0.0,1.0,0.0,1.0,1.0,0.0,0.0,0.0,0.0,0.0,1.0,0.0,1.0,1.0,0.5691790855547018,0.0,0.0,0.0,1.0,1.0,0.0,0.0,0.0,0.0,0.0,0.0,0.0,0.0,1.0,0.0,1.0,0.0,0.0,0.0,0.0,1.0,0.0,1.0,0.0,1.0,0.0,0.0,1.0,1.0,0.0,0.0,0.0,1.0,0.0,0.0,1.0,0.0,1.0,1.0,0.0
184,product/lengthscale,interaction_g0.00,3,3.474732458970052,3.364060503422617,3.588323138023377,3.3787759554161303,0.03162283399265231,-10.19356474769442,44.17584995273501,4.876322019845247,1,1,excluded,r_hat_max 1.100 > 1.1; n_eff_min 14.7 < 16.0,1.1001971407133961,1.0018118028721434,0.8846153846153846,14.717341580384325,0,63.0,1.1001971407133961,14.717341580384325,nan,nan,1.0991122507166886,16.33313858183668,2.6568740289873483,1.2496554997923246,0,1.0,0.0,0.0,1.0,0.0,1.0,1.0,0.0,1.0,1.0,0.0,0.0,0.0,0.0,0.40889133622664847,1.0,0.0,0.0,1.0,0.0,1.0,0.0,0.0,1.0,0.0,0.0,0.0,1.0,0.0,0.0,0.0,0.0,0.0,1.0,0.0,0.0,1.0,1.0,0.0,0.0,0.0,0.0,0.0,1.0,1.0,1.0,0.0,0.0,1.0,1.0,1.0,0.0,0.0,0.0,0.0,1.0,0.0,1.0,1.0,0.5842725982503751,0.0,0.0,0.0,1.0,1.0,0.0,0.0,0.0,0.0,0.0,1.0,0.0,0.0,1.0,0.0,1.0,0.0,1.0,0.0,0.0,1.0,0.0,1.0,1.0,0.0,0.0,0.0,1.0,1.0,1.0,0.0,0.0,0.0,0.0,0.0,1.0,0.0,1.0,1.0,0.0
185,product/lengthscale,interaction_g0.00,3,3.444046167372471,3.360603677272007,3.588323138023377,3.3787759554161303,0.03162283399265231,-7.652512940688929,47.17852117866278,9.023862870875746,1,1,ok,,1.0508561072935352,0.9999715160037537,0.9903846153846154,27.1630270011287,0,63.0,1.0508561072935352,27.1630270011287,nan,nan,0.9993574353904261,53.6281430493035,2.661294885365633,1.2477153792702727,0,0.0,1.0,0.0,0.0,1.0,1.0,1.0,0.0,0.0,1.0,0.0,0.0,0.0,0.0,0.40286488984082824,1.0,0.0,0.0,1.0,0.0,1.0,0.0,0.0,1.0,0.0,0.0,1.0,1.0,0.0,0.0,0.0,1.0,0.0,1.0,1.0,0.0,0.0,1.0,0.0,0.0,0.0,0.0,0.0,1.0,0.0,1.0,0.0,1.0,1.0,1.0,1.0,0.0,1.0,0.0,0.0,1.0,0.0,1.0,1.0,0.5652710925522247,0.0,1.0,0.0,1.0,1.0,0.0,0.0,0.0,0.0,0.0,0.0,0.0,0.0,1.0,0.0,1.0,0.0,1.0,0.0,0.0,1.0,0.0,1.0,1.0,0.0,0.0,1.0,1.0,1.0,0.0,0.0,0.0,0.0,0.0,0.0,1.0,0.0,1.0,1.0,1.0
186,product/lengthscale,interaction_g0.00,3,3.4796190755605045,3.362246443333788,3.588323138023377,3.3787759554161303,0.03162283399265231,-10.570393643103884,44.32021498866379,7.756513913162053,1,1,excluded,r_hat_max 1.353 > 1.1; n_eff_min 9.9 < 16.0,1.3532499393716417,1.0125879386039172,0.8557692307692307,9.901320619934316,0,63.0,1.3532499393716417,9.901320619934316,nan,nan,1.0202826499800897,152.86432012402176,2.665503225591476,1.2456725825106225,0,0.0,1.0,0.0,0.0,1.0,1.0,1.0,0.0,0.0,1.0,0.0,0.0,0.0,0.0,0.40377125273866826,0.0,0.0,0.0,1.0,0.0,1.0,0.0,0.0,1.0,0.0,0.0,1.0,1.0,0.0,0.0,0.0,1.0,0.0,1.0,0.0,0.0,1.0,1.0,0.0,0.0,0.0,0.0,0.0,1.0,0.0,1.0,0.0,1.0,1.0,1.0,1.0,0.0,1.0,0.0,0.0,1.0,0.0,1.0,1.0,0.5688698989161808,0.0,1.0,0.0,1.0,1.0,0.0,0.0,0.0,0.0,0.0,0.0,0.0,0.0,1.0,0.0,1.0,0.0,1.0,0.0,0.0,1.0,0.0,1.0,1.0,0.0,0.0,1.0,1.0,1.0,0.0,0.0,0.0,1.0,0.0,0.0,1.0,0.0,1.0,1.0,1.0
187,product/lengthscale,interaction_g0.00,3,3.463827709614747,3.3598738709489555,3.588323138023377,3.3787759554161303,0.03162283399265231,-10.432439811577733,47.18381231697276,4.458959635347128,1,1,ok,,1.0419162195068532,0.998803888858423,1.0,66.47167934902437,0,62.5625,1.0419162195068532,66.47167934902437,nan,nan,1.0033514644743262,221.9831037030483,2.6698567862864975,1.2437554704013851,0,0.0,1.0,0.0,0.0,0.0,1.0,1.0,0.0,0.0,1.0,0.0,0.0,0.0,0.0,0.4045000500433092,1.0,0.0,0.0,1.0,0.0,1.0,0.0,0.0,1.0,0.0,0.0,1.0,1.0,0.0,0.0,0.0,1.0,0.0,1.0,0.0,0.0,1.0,1.0,0.0,0.0,0.0,0.0,0.0,1.0,0.0,1.0,0.0,1.0,1.0,1.0,1.0,0.0,1.0,0.0,0.0,1.0,0.0,1.0,1.0,0.5569158855517233,0.0,1.0,0.0,1.0,1.0,0.0,0.0,0.0,0.0,0.0,0.0,0.0,0.0,1.0,0.0,1.0,0.0,1.0,0.0,0.0,0.0,0.0,1.0,1.0,0.0,1.0,1.0,1.0,1.0,0.0,1.0,0.0,1.0,0.0,0.0,1.0,0.0,1.0,1.0,1.0
188,product/lengthscale,interaction_g0.00,3,3.5394548366349223,3.372211163993195,3.588323138023377,3.3787759554161303,0.03162283399265231,-9.899452580657867,44.17937986878678,6.210566884838045,1,1,ok,,1.0578614529238268,0.9996350886428416,0.9903846153846154,48.69887612520804,0,63.0,1.0578614529238268,48.69887612520804,nan,nan,1.0358315472449031,114.65464290881943,2.674080035878669,1.241786871014252,0,0.0,1.0,0.0,0.0,0.0,1.0,1.0,0.0,0.0,1.0,0.0,0.0,0.0,0.0,0.41346525605318846,1.0,0.0,0.0,1.0,0.0,1.0,1.0,1.0,1.0,0.0,0.0,0.0,1.0,0.0,0.0,0.0,1.0,0.0,1.0,0.0,1.0,0.0,1.0,0.0,0.0,0.0,0.0,0.0,1.0,0.0,1.0,0.0,1.0,1.0,1.0,1.0,0.0,1.0,0.0,0.0,1.0,0.0,1.0,1.0,0.5738793449297899,0.0,1.0,0.0,0.0,1.0,0.0,0.0,0.0,0.0,0.0,0.0,0.0,0.0,1.0,0.0,1.0,0.0,1.0,0.0,0.0,1.0,0.0,1.0,1.0,0.0,0.0,1.0,1.0,1.0,0.0,0.0,0.0,0.0,0.0,0.0,1.0,0.0,1.0,1.0,1.0
189,product/lengthscale,interaction_g0.00,3,3.5352766619704723,3.373723017526795,3.588323138023377,3.3787759554161303,0.03162283399265231,-9.773983607065043,47.35066336998716,6.851561991032213,1,1,ok,,1.0392837849321577,0.99888432771463,1.0,47.41397212416951,0,62.9375,1.0392837849321577,47.41397212416951,nan,nan,1.0061440306098242,195.00680033520203,2.6786587385281733,1.2400875166681626,0,0.0,1.0,0.0,0.0,0.0,1.0,1.0,0.0,0.0,1.0,0.0,0.0,0.0,0.0,0.41505979590708847,1.0,0.0,0.0,1.0,0.0,1.0,1.0,1.0,1.0,0.0,0.0,0.0,1.0,0.0,0.0,0.0,1.0,0.0,1.0,0.0,1.0,0.0,1.0,0.0,0.0,0.0,0.0,0.0,1.0,0.0,1.0,0.0,1.0,1.0,1.0,1.0,0.0,1.0,0.0,0.0,1.0,0.0,1.0,1.0,0.5716949562236553,0.0,1.0,0.0,0.0,1.0,0.0,0.0,0.0,0.0,0.0,0.0,0.0,0.0,1.0,0.0,1.0,0.0,1.0,0.0,0.0,1.0,0.0,1.0,1.0,0.0,1.0,1.0,1.0,1.0,0.0,0.0,0.0,0.0,0.0,0.0,1.0,0.0,1.0,1.0,1.0
190,product/lengthscale,interaction_g0.00,3,3.2441068797970543,3.3714605258047516,3.588323138023377,3.3787759554161303,0.03162283399265231,-7.47999889629404,44.379788879770786,9.883922125212848,1,1,ok,,1.046448585175706,0.9985505010379523,1.0,56.01746136378089,0,62.6875,1.046448585175706,56.01746136378089,nan,nan,1.0078907049269592,186.29096749101498,2.683167253914712,1.238371924516766,0,0.0,1.0,0.0,0.0,0.0,1.0,1.0,0.0,0.0,1.0,0.0,0.0,0.0,0.0,0.4143879819222408,0.0,0.0,0.0,1.0,0.0,1.0,0.0,1.0,1.0,0.0,1.0,0.0,1.0,0.0,0.0,0.0,1.0,0.0,1.0,0.0,1.0,0.0,1.0,0.0,0.0,0.0,0.0,0.0,1.0,0.0,1.0,0.0,1.0,1.0,1.0,1.0,0.0,0.0,0.0,0.0,1.0,0.0,1.0,1.0,0.5601963722907263,0.0,0.0,0.0,0.0,1.0,0.40974712557816056,0.0,1.0,0.0,0.0,0.0,0.0,0.0,1.0,0.0,1.0,0.0,1.0,0.0,0.0,0.0,0.0,1.0,1.0,0.0,1.0,1.0,1.0,1.0,0.0,0.0,0.0,0.0,0.0,0.0,1.0,0.0,1.0,1.0,0.0
191,product/lengthscale,interaction_g0.00,3,3.3182021495574485,3.3677501486917167,3.588323138023377,3.3787759554161303,0.03162283399265231,-10.219002089516314,47.549894236028194,6.639280790928751,1,1,excluded,r_hat_max 1.118 > 1.1; n_eff_min 12.5 < 16.0,1.1181572270136257,0.9984938790687897,0.9711538461538461,12.487784983779493,0,61.875,1.1181572270136257,12.487784983779493,nan,nan,1.0236500860512716,178.6152671538617,2.6861041105947243,1.2357890844894301,0,0.0,1.0,0.0,1.0,1.0,1.0,1.0,0.0,0.0,1.0,0.0,0.0,0.0,0.0,0.41392149389098565,0.0,0.0,0.0,1.0,0.0,1.0,0.0,0.0,1.0,0.0,0.0,1.0,1.0,0.0,0.0,0.0,0.0,0.0,1.0,0.0,0.0,1.0,1.0,0.0,0.0,0.0,0.0,0.0,1.0,0.0,1.0,0.0,0.0,1.0,1.0,1.0,0.0,1.0,0.0,0.0,1.0,0.0,1.0,1.0,0.5858551167719903,0.0,1.0,0.0,1.0,1.0,0.0,0.0,0.0,0.0,0.0,1.0,0.0,0.0,1.0,0.0,1.0,0.0,1.0,0.0,0.0,1.0,0.0,1.0,1.0,0.0,0.0,1.0,1.0,1.0,0.0,0.0,0.0,1.0,0.0,0.0,1.0,0.0,1.0,1.0,1.0
192,product/lengthscale,interaction_g0.00,3,3.2932535857741625,3.366403645036119,3.588323138023377,3.3787759554161303,0.03162283399265231,-10.756868727938388,41.44561980711296,13.749563885852695,1,1,excluded,r_hat_max 1.130 > 1.1; n_eff_min 10.9 < 16.0,1.1302019904919423,0.999310658474188,0.9807692307692307,10.892502194900418,0,62.25,1.1302019904919423,10.892502194900418,nan,nan,0.99781085501808,261.79127127487317,2.6893962878809874,1.2334061646611019,0,0.0,1.0,0.0,0.0,0.0,1.0,1.0,0.0,1.0,1.0,0.0,0.0,0.0,0.0,0.4074029040315021,1.0,0.0,0.0,1.0,0.0,1.0,0.0,1.0,1.0,0.0,0.0,0.0,1.0,0.0,0.0,1.0,1.0,0.0,1.0,0.0,1.0,0.0,1.0,0.0,0.0,0.0,0.0,0.0,1.0,0.0,1.0,0.0,1.0,1.0,1.0,0.0,0.0,1.0,0.0,0.0,1.0,0.0,1.0,1.0,0.5656000805285325,0.0,1.0,0.0,0.0,1.0,0.0,0.0,0.0,0.0,0.0,0.0,0.0,0.0,1.0,0.0,1.0,0.0,1.0,0.0,0.0,1.0,0.0,1.0,1.0,0.0,1.0,0.0,1.0,1.0,0.0,0.0,0.0,0.0,0.0,0.0,1.0,0.0,1.0,1.0,1.0
193,product/lengthscale,interaction_g0.00,3,3.4408474057893947,3.3713966540777562,3.588323138023377,3.3787759554161303,0.03162283399265231,-11.143074275254481,50.42688573570922,4.155503371730447,1,1,ok,,1.0603842592984682,0.9997574925356296,0.9711538461538461,40.20674528213935,0,62.875,1.0603842592984682,40.20674528213935,nan,nan,1.0085619643803576,141.11006577846868,2.6925250821705897,1.2309703438163122,0,0.0,1.0,0.0,0.0,0.0,1.0,1.0,0.0,1.0,1.0,0.0,0.0,0.0,0.0,0.4171436903378498,1.0,0.0,0.0,1.0,0.0,0.0,1.0,1.0,1.0,0.0,1.0,1.0,1.0,0.0,0.0,0.0,1.0,0.0,1.0,0.0,1.0,0.0,1.0,0.0,0.0,0.0,0.0,0.0,1.0,1.0,1.0,0.0,1.0,1.0,1.0,1.0,0.0,0.0,0.0,0.0,1.0,0.0,1.0,1.0,0.5832232825916822,0.0,1.0,0.0,0.0,1.0,0.0,0.0,0.0,0.0,0.0,0.0,0.0,0.0,1.0,0.0,1.0,0.0,1.0,0.0,0.0,1.0,0.0,1.0,1.0,0.0,0.0,1.0,1.0,1.0,0.0,0.0,0.0,0.0,0.0,0.0,1.0,0.0,1.0,1.0,1.0
194,product/lengthscale,interaction_g0.00,3,3.3991088346926652,3.3599463209186315,3.588323138023377,3.3787759554161303,0.03162283399265231,-8.710782374103246,47.877631925046444,15.136587274260819,1,1,ok,,1.0518636266971955,0.9993135460476545,0.9903846153846154,97.03706634195007,0,62.5,1.0518636266971955,97.03706634195007,nan,nan,1.0111738523187888,177.80476027623268,2.696382413735635,1.2289625188941895,0,0.0,1.0,0.0,0.0,0.0,1.0,1.0,0.0,1.0,1.0,0.0,0.0,0.0,0.0,0.4021093884551861,1.0,0.0,0.0,1.0,0.0,0.0,1.0,0.0,1.0,0.0,0.0,0.5723908252186378,1.0,0.0,0.0,0.0,1.0,0.0,1.0,0.0,1.0,1.0,1.0,0.0,0.0,0.0,0.0,0.0,1.0,1.0,1.0,1.0,1.0,1.0,1.0,0.0,1.0,0.0,0.0,1.0,1.0,0.0,1.0,1.0,0.570223989779808,0.0,1.0,0.0,1.0,1.0,0.0,0.0,0.0,0.0,0.0,0.0,0.0,0.0,1.0,0.0,1.0,0.0,1.0,0.0,0.0,1.0,0.0,1.0,0.0,0.0,0.0,0.0,1.0,1.0,0.0,0.0,0.0,0.0,0.0,0.0,1.0,0.0,1.0,1.0,1.0
195,product/lengthscale,interaction_g0.00,3,0.41260818886320305,0.49249694925925536,3.588323138023377,3.3787759554161303,0.03162283399265231,-9.83243112051545,50.471168720163405,7.609938480891287,1,1,excluded,r_hat_max 1.313 > 1.1; n_eff_min 8.4 < 16.0,1.312967371158773,1.015355910048255,0.7211538461538461,8.38149928867743,0,63.0,1.312967371158773,8.38149928867743,nan,nan,1.0046896240070295,81.81839933131313,2.699986138971312,1.2268345202646709,0,0.0,1.0,0.0,0.0,0.0,1.0,1.0,0.0,1.0,1.0,0.0,0.0,0.0,0.0,0.0,1.0,0.0,0.0,0.0,1.0,0.0,0.0,0.0,1.0,0.0,1.0,0.0,1.0,0.0,0.0,0.0,1.0,0.0,1.0,1.0,0.0,1.0,1.0,0.0,0.0,0.0,1.0,0.0,1.0,0.0,1.0,0.0,1.0,1.0,1.0,1.0,0.0,1.0,0.0,0.0,1.0,0.0,1.0,1.0,1.0,0.0,1.0,0.0,1.0,1.0,0.0,0.0,0.0,1.0,0.0,0.0,1.0,0.0,1.0,0.0,1.0,0.0,1.0,0.0,0.0,0.0,0.0,1.0,1.0,0.0,0.0,0.0,1.0,1.0,0.0,0.0,0.0,0.0,0.0,0.0,1.0,0.0,1.0,1.0,0.0
196,product/lengthscale,interaction_g0.00,3,3.4081141363352443,3.3757927702321275,3.588323138023377,3.3787759554161303,0.03162283399265231,-8.9253800618481,47.7955179749988,4.779997994191945,1,1,excluded,r_hat_max 1.137 > 1.1,1.1372292428735298,1.000697497918827,0.9230769230769231,19.06669016444584,0,62.4375,1.1372292428735298,19.06669016444584,nan,nan,1.0158774667784838,151.1430946664443,2.6883158433074956,1.2345047276583332,0,0.0,1.0,0.0,0.0,0.0,1.0,1.0,0.0,1.0,1.0,0.0,0.0,0.0,0.0,0.4185549209809169,1.0,0.0,0.0,1.0,0.0,0.0,1.0,0.0,1.0,0.0,1.0,0.0,1.0,0.0,0.0,0.0,1.0,0.0,0.0,0.0,0.0,1.0,1.0,0.0,0.0,0.0,0.0,1.0,1.0,0.0,1.0,0.0,1.0,1.0,1.0,1.0,0.0,1.0,0.0,0.0,0.0,0.0,1.0,1.0,0.5722875428222003,0.0,0.0,0.0,1.0,1.0,0.0,0.0,0.0,0.0,0.0,0.0,0.0,0.0,1.0,0.0,1.0,0.0,1.0,0.0,0.0,1.0,0.0,1.0,0.0,0.0,0.0,0.0,1.0,1.0,1.0,0.0,0.0,1.0,0.0,0.0,1.0,0.0,1.0,1.0,0.0
197,product/lengthscale,interaction_g0.00,3,3.5176198096554177,3.3756221999907123,3.588323138023377,3.3787759554161303,0.03162283399265231,-9.069538977126992,51.175759620033205,4.553170949686319,1,1,excluded,r_hat_max 1.289 > 1.1; n_eff_min 9.1 < 16.0,1.288886568486965,1.0140028320030876,0.7403846153846154,9.063838494209886,0,63.0,1.288886568486965,9.063838494209886,nan,nan,1.029972993242413,124.90812648755545,2.6919696417492602,1.2324295192345036,0,0.0,1.0,0.0,0.0,0.0,1.0,1.0,0.0,0.0,1.0,0.0,0.0,0.0,0.0,0.4185197611504883,1.0,0.0,0.0,1.0,0.0,1.0,1.0,0.0,1.0,0.0,0.0,1.0,1.0,0.0,0.0,0.0,1.0,0.0,1.0,1.0,0.0,1.0,1.0,0.0,0.0,0.0,0.0,0.0,1.0,1.0,1.0,0.0,0.0,1.0,1.0,1.0,0.0,0.0,0.0,0.0,1.0,0.0,1.0,1.0,0.5733307999584742,0.0,0.0,0.0,1.0,1.0,0.0,0.0,0.0,0.5534808492698463,0.0,0.0,1.0,0.0,1.0,0.0,0.0,0.0,1.0,0.0,0.0,1.0,0.0,1.0,0.0,0.0,0.0,1.0,1.0,1.0,0.0,0.0,0.0,0.0,0.0,0.0,1.0,0.0,1.0,1.0,1.0
198,product/lengthscale,interaction_g0.00,3,3.2681143424396435,3.3491072314055135,3.588323138023377,3.3787759554161303,0.03162283399265231,-9.335846010978452,48.06366046704352,4.423333960119635,1,1,excluded,n_eff_min 11.2 < 16.0,1.0897766040769503,0.9990325221846221,0.9711538461538461,11.194762322837324,0,62.5,1.0897766040769503,11.194762322837324,nan,nan,1.0089011606301843,248.71283618804506,2.6961395920922206,1.2307058656550605,0,1.0,1.0,0.0,1.0,0.0,1.0,1.0,0.0,1.0,1.0,0.0,0.0,0.0,0.0,0.39534804616853203,1.0,0.0,0.0,1.0,0.0,1.0,1.0,0.0,1.0,1.0,0.0,1.0,1.0,0.0,0.0,0.0,1.0,1.0,1.0,1.0,1.0,0.0,1.0,0.0,0.0,0.0,0.0,0.0,1.0,1.0,1.0,1.0,1.0,1.0,1.0,0.0,0.0,1.0,0.0,0.0,1.0,0.0,1.0,1.0,0.5687852248897286,0.0,0.0,0.0,1.0,1.0,0.0,0.0,0.0,0.0,0.0,0.0,1.0,0.0,1.0,0.0,1.0,0.0,1.0,0.0,0.0,1.0,0.0,1.0,1.0,0.0,0.0,1.0,1.0,1.0,0.0,0.0,0.0,0.0,0.0,0.0,1.0,0.0,1.0,1.0,1.0
199,product/lengthscale,interaction_g0.00,3,3.2911463390132973,3.357610877590228,3.588323138023377,3.3787759554161303,0.03162283399265231,-10.823708897362359,51.31151465000585,8.546126002911478,1,1,excluded,r_hat_max 1.143 > 1.1; n_eff_min 6.3 < 16.0,1.143334106684442,1.0080189891641012,0.8365384615384616,6.268709380391692,0,63.0,1.143334106684442,6.268709380391692,nan,nan,1.126564256836568,28.754855967316576,2.699013837068841,1.2282757919879077,1,0.0,1.0,0.0,0.0,0.0,1.0,1.0,0.0,0.0,1.0,0.0,0.0,0.0,0.0,0.4053334544528558,1.0,0.0,0.0,1.0,0.0,1.0,1.0,1.0,1.0,0.0,1.0,1.0,1.0,0.0,0.0,0.0,1.0,0.0,1.0,1.0,0.0,1.0,1.0,0.0,0.0,0.0,0.0,0.0,1.0,1.0,1.0,0.0,0.0,1.0,1.0,1.0,0.0,0.0,0.0,0.0,1.0,0.0,1.0,1.0,0.5514309239801719,0.0,0.0,0.0,0.0,1.0,0.0,0.0,0.0,1.0,0.0,0.0,1.0,0.0,1.0,0.0,1.0,0.0,1.0,0.0,0.0,1.0,0.0,1.0,0.0,0.0,0.0,1.0,1.0,1.0,1.0,0.0,0.0,0.0,0.0,0.0,1.0,0.0,1.0,1.0,1.0
