t,method,family,seed,y,f,best_obs,best_f,regret,acq_value,fit_wall_s,acq_wall_s,fit_calls,nuts_attempts,status,reason,r_hat_max,r_hat_median,frac_r_hat_below_1_05,n_eff_min,divergences,num_steps_mean,r_hat_max_native,n_eff_min_native,r_hat_max_ell,n_eff_min_ell,r_hat_max_global,n_eff_min_global,y_mean,y_std,sobol_computed,x_0,x_1,x_2,x_3,x_4,x_5,x_6,x_7,x_8,x_9,x_10,x_11,x_12,x_13,x_14,x_15,x_16,x_17,x_18,x_19,x_20,x_21,x_22,x_23,x_24,x_25,x_26,x_27,x_28,x_29,x_30,x_31,x_32,x_33,x_34,x_35,x_36,x_37,x_38,x_39,x_40,x_41,x_42,x_43,x_44,x_45,x_46,x_47,x_48,x_49,x_50,x_51,x_52,x_53,x_54,x_55,x_56,x_57,x_58,x_59,x_60,x_61,x_62,x_63,x_64,x_65,x_66,x_67,x_68,x_69,x_70,x_71,x_72,x_73,x_74,x_75,x_76,x_77,x_78,x_79,x_80,x_81,x_82,x_83,x_84,x_85,x_86,x_87,x_88,x_89,x_90,x_91,x_92,x_93,x_94,x_95,x_96,x_97,x_98,x_99
20,product/amplitude,aligned10,3,1.7436551530092927,1.7908795587416872,3.126104250209392,3.0469960361067847,2.2951837774380848,-0.520494840548904,31.710394057212397,147.24809728795663,1,1,excluded,r_hat_max 1.595 > 1.1; n_eff_min 5.5 < 16.0,1.5945507745490424,1.0210583886286808,0.7093596059113301,5.53265083099779,0,63.0,1.5945507745490424,5.53265083099779,1.2957476683109692,7.688036418685882,1.0449644943757095,61.263202149758555,0.09906941828054426,1.4128044299319609,0,0.0,0.0,0.13766043193767877,0.0,0.0,0.0,1.0,0.0,1.0,1.0,0.0,0.6961579252954248,0.3264888408523013,1.0,0.24666546490215288,1.0,0.0,0.0,1.0,0.0,0.5667230090430134,1.0,0.0,0.20176191462821128,0.0,0.0,0.0,0.0,1.0,1.0,0.0,1.0,1.0,1.0,0.0,1.0,1.0,1.0,0.0,0.0,0.0,1.0,1.0,1.0,1.0,0.0,1.0,0.0,0.0,0.4373976588406994,1.0,0.0,1.0,0.0,0.0,0.0,0.0,1.0,0.0,1.0,0.0,1.0,0.5887934426996443,1.0,0.41515991580274647,0.0,0.4942896137498556,0.0,1.0,0.48367929586887587,0.0,1.0,0.0,0.0,1.0,0.3095650238393254,0.0,0.0,0.0,0.2557924057660327,0.0,0.0,1.0,0.41427132486995893,0.0,0.2679536718258537,1.0,1.0,0.9731983751783811,1.0,0.0,0.0,0.3372341842186562,0.0,0.0,1.0,0.0,1.0,1.0,0.0
21,product/amplitude,aligned10,3,4.819690526633107,4.773681949530472,4.819690526633107,4.773681949530472,0.5684978640143976,-0.9348328895905629,26.904881251975894,183.00374742317945,1,1,excluded,r_hat_max 1.429 > 1.1; n_eff_min 7.0 < 16.0,1.4294083197471037,1.0178228637875741,0.6847290640394089,7.014340561704502,0,63.0,1.4294083197471037,7.014340561704502,1.3153512348413374,7.762076727677236,1.0105667422220734,107.7556130511855,0.17738302469619896,1.4225429266873828,0,0.0,0.1809436825383614,0.0,0.34684959508938445,1.0,0.17101481009182398,1.0,0.2137151892557799,1.0,0.6274414474207977,0.0,0.0,0.0,1.0,0.5381364319992384,1.0,0.157638047047688,0.35344244633355854,0.0,0.15956146247580896,1.0,1.0,1.0,1.0,0.0,0.0,0.4266617740355652,1.0,1.0,0.0,0.0,1.0,1.0,1.0,0.0,0.9624974722625993,0.5916741158671978,0.0,0.0,0.14540355777069564,1.0,1.0,0.7506528088065336,1.0,0.0,0.0,0.6834252779783981,0.0,0.0,0.43748211308999596,0.8018471246715009,0.0,0.0,0.0,1.0,0.0,0.0,0.7100933636022292,1.0,0.5488415272544444,0.0,1.0,0.5673082799575001,0.7007771654088384,0.0,0.0,0.5450071103851915,0.0,0.6857012771857898,0.6182888319415549,1.0,1.0,1.0,1.0,0.0,0.58767294443225,0.0,1.0,0.0,0.28558052491001,0.0,0.2620170663825795,1.0,0.0,0.14917014270284204,0.35881478415385143,0.0,1.0,1.0,0.0,0.0,0.0,0.39615733708755296,0.0,0.0,1.0,0.4296964748581101,1.0,0.8286001485194423,0.0
22,product/amplitude,aligned10,3,3.500340108354799,3.5515967659337955,4.819690526633107,4.773681949530472,0.5684978640143976,-1.5601010430306597,26.963988431030884,154.78428885899484,1,1,excluded,r_hat_max 1.564 > 1.1; n_eff_min 5.5 < 16.0,1.5635798797107783,1.0184661189960649,0.6551724137931034,5.513554730615041,0,63.0,1.5635798797107783,5.513554730615041,1.4240032733356425,6.230811026126821,1.0956322843505852,25.953189369619842,0.38839700205696753,1.693136185201601,0,0.0,0.2957746023096032,0.0,0.18616134340154183,1.0,0.0,1.0,0.0,1.0,0.7767831252182539,0.0,0.0,0.0,1.0,0.5877835781585393,1.0,0.0,0.0,0.0,0.0,1.0,1.0,1.0,1.0,0.0,0.0,0.4336870866933429,1.0,1.0,0.0,0.0,1.0,1.0,1.0,0.0,1.0,1.0,0.0,0.0,0.0,1.0,1.0,1.0,0.7787711580412455,0.0,0.0,1.0,0.0,0.0,0.5417496467697701,0.8540750221832248,0.0,0.0,0.0,1.0,0.0,0.0,0.7175832806269488,1.0,0.0,0.2250191333448773,1.0,1.0,1.0,0.0,0.2645719128006117,1.0,0.0,0.6422359295107458,0.5629596210137185,1.0,1.0,1.0,1.0,0.0,1.0,0.0,1.0,0.0,0.0,0.0,0.2752889842661068,1.0,0.0,0.0,1.0,0.0,0.6864782043849272,1.0,0.0,0.18616259889957285,0.0,0.0,0.0,0.0,1.0,1.0,1.0,0.8164671468519438,0.026692271503907183
23,product/amplitude,aligned10,3,3.577086162084966,3.769807011409789,4.819690526633107,4.773681949530472,0.5684978640143976,-2.067360060529696,27.02959172707051,137.11226861993782,1,1,excluded,r_hat_max 1.411 > 1.1; n_eff_min 6.8 < 16.0,1.4106423600115285,1.026884092509859,0.6354679802955665,6.7984404972495645,0,63.0,1.3282033154852984,6.7984404972495645,1.4106423600115285,7.380650471912571,1.0939053626642405,30.67854469786233,0.5236988762438297,1.773362824621607,0,0.0315309302447442,0.0,0.0,0.0,1.0,0.20047708725900237,1.0,0.0,1.0,0.6069412506230218,0.0,0.0,0.0,1.0,0.48557129404770233,1.0,0.0,1.0,0.0,0.24829590862393308,1.0,1.0,1.0,1.0,0.0,0.06258210329935614,0.7474363852267106,1.0,1.0,0.0,0.0,1.0,0.8981303641195627,1.0,0.0,1.0,0.0,0.0,0.0,1.0,1.0,1.0,0.6138850021916364,1.0,0.0,0.0,0.0,0.0,0.0,0.0,1.0,0.0,0.0,0.0,1.0,0.0,0.32970644196906235,1.0,1.0,1.0,0.0,1.0,0.0,0.7320450134320915,0.0,0.0,0.0,0.0,0.6913046149959583,1.0,1.0,1.0,1.0,1.0,0.0,0.0,0.0,1.0,0.0,0.2799437868119525,0.0,0.24659622880088428,1.0,0.0,0.0,0.36841534059053854,0.0,1.0,1.0,0.0,0.0,0.0,0.41202517207496764,0.0,0.0,1.0,0.415406890018416,1.0,1.0,0.0
24,product/amplitude,aligned10,3,2.8292007824106453,2.7025379566953034,4.819690526633107,4.773681949530472,0.5684978640143976,-2.640322404894339,27.220871506026015,155.39576188009232,1,1,excluded,r_hat_max 1.511 > 1.1; n_eff_min 6.0 < 16.0,1.510661660531691,1.0309124248305033,0.6206896551724138,5.9627156867397435,0,63.0,1.481828377033666,5.9627156867397435,1.510661660531691,6.4468497842252885,1.1620120587899745,22.067230239102315,0.6509233464872104,1.840125331054196,0,0.0,0.0,0.0,0.0,1.0,1.0,1.0,1.0,1.0,1.0,0.0,0.0,0.0,1.0,0.5378562991472824,1.0,1.0,0.38687848371217315,0.07508533452605584,0.0,0.0,1.0,1.0,1.0,0.0,0.0,0.4084106890137317,1.0,1.0,0.0,0.0,1.0,1.0,0.7646804711373992,1.0,1.0,0.6120984441194391,0.0,0.0,0.08452473853019304,1.0,1.0,0.0,1.0,0.0,0.0,0.679118875940324,0.0,0.0,0.6671790702959386,0.0,0.0,0.0,0.17329781068629418,1.0,0.0,0.0,0.7116820400740175,1.0,1.0,0.0,1.0,0.5652313499467618,0.0,0.0,0.0,0.41071281642981267,0.0,1.0,0.4624180459729196,1.0,1.0,1.0,1.0,0.0,0.6230121952690767,0.1496399309437827,1.0,0.0,0.2971940899545038,0.0,1.0,1.0,0.0,0.0,0.0,0.0,1.0,1.0,0.0,0.0,0.0,1.0,0.0,0.0,1.0,0.0,1.0,1.0,0.0
25,product/amplitude,aligned10,3,3.2702378807627164,3.1307263355808095,4.819690526633107,4.773681949530472,0.5684978640143976,-2.6572064407664584,27.842251249123365,131.91733890096657,1,1,excluded,r_hat_max 1.366 > 1.1; n_eff_min 7.9 < 16.0,1.366235547924932,1.0279228464262322,0.6305418719211823,7.895167642771279,0,63.0,1.2846190957352646,8.897416285038277,1.366235547924932,7.895167642771279,1.0774208748669176,35.30088482949446,0.7380544439241479,1.8527878076027444,1,0.0,0.2311169153502862,0.0,1.0,1.0,0.0,1.0,0.0,0.0,0.0,0.0,0.0,0.0,1.0,1.0,1.0,0.0,0.35426448199912874,0.0,1.0,1.0,1.0,1.0,1.0,0.0,0.0,0.0,1.0,1.0,0.0,0.0,1.0,1.0,1.0,0.0,1.0,0.584815799254223,0.0,0.0,0.0,1.0,1.0,0.7199437074905428,1.0,0.0,1.0,0.6941622572874108,0.0,0.0,0.0,0.7860463313658342,0.0,0.0,0.0,1.0,0.0,0.0,0.0,1.0,0.5491897880292025,0.0,1.0,1.0,1.0,0.0,0.0,0.5456489892641784,0.0,0.7289226524338291,1.0,1.0,1.0,1.0,1.0,0.0,0.5421664037243812,0.0,1.0,0.0,1.0,0.0,0.0,1.0,0.0,0.41946264610100903,0.40254232356588776,0.0,1.0,1.0,0.0,0.0,0.0,0.0,0.08189153239413988,0.0,0.72259223029327,0.4381502743504014,1.0,0.0,0.0
26,product/amplitude,aligned10,3,3.296131850672079,3.3967279528322436,4.819690526633107,4.773681949530472,0.5684978640143976,-3.4717122120522665,27.60245909099467,160.19433461199515,1,1,excluded,r_hat_max 1.542 > 1.1; n_eff_min 5.9 < 16.0,1.5416848200835753,1.0300026375795635,0.6354679802955665,5.937406557678897,0,63.0,1.5416848200835753,7.161821405391538,1.5110649568469234,5.937406557678897,1.2755497680779382,8.909992302532919,0.8354461145717852,1.8809357929021784,0,1.0,1.0,0.0,1.0,1.0,1.0,1.0,0.0,1.0,1.0,0.0,0.19345184380752223,0.0,1.0,0.0,1.0,0.19446736100096854,0.3771192347784869,0.0,1.0,1.0,1.0,1.0,1.0,0.0,0.0,0.4127568636334409,1.0,1.0,0.0,0.0,1.0,1.0,1.0,0.0,0.0,0.5883642113311846,0.0,0.0,0.2623450013547039,0.8157255947790834,1.0,1.0,1.0,0.0,0.0,0.6847373424007349,0.3158509965941902,0.0,1.0,1.0,0.0,0.18894024480708912,0.0,1.0,0.0,0.0,0.7129150052583758,1.0,0.5478825688680932,0.0,1.0,0.5744043799972024,0.6063499298758926,0.0,0.0,0.5350342418352451,0.0,0.0,0.6269326764957835,1.0,1.0,1.0,1.0,0.0,0.5920862355934223,0.13307428205100713,1.0,0.0,0.2956455598148547,0.0,1.0,1.0,0.0,0.16903324487646795,1.0,0.0,1.0,1.0,0.0,0.0,0.0,0.4208775843765321,0.0,0.0,1.0,0.4537088511420506,1.0,0.8603648701561731,0.0
27,product/amplitude,aligned10,3,3.2829080796004417,3.2463389315540754,4.819690526633107,4.773681949530472,0.5684978640143976,-3.560154289138125,27.89161881711334,171.20481463591568,1,1,excluded,r_hat_max 1.596 > 1.1; n_eff_min 5.7 < 16.0,1.5959027880184338,1.0290033530163636,0.5960591133004927,5.679659615814904,0,63.0,1.4837788671234653,6.811370642217532,1.5959027880184338,5.679659615814904,1.1362253453275568,16.50325056959119,0.9265826233162405,1.9033753825601913,0,0.0,0.1843861304046401,0.0,0.338113578979433,1.0,1.0,1.0,0.22852854388722252,1.0,0.0,0.0,0.0,0.0,0.7447612971454888,0.5313140278880966,0.0,0.0,1.0,0.0,0.21329474010599242,1.0,1.0,1.0,1.0,0.0,0.0,0.4146087108055305,0.8685719298644526,0.20591015297395757,0.0,0.0,1.0,1.0,1.0,0.0,0.0,0.6276319914605021,0.0,0.0,0.1625212715793531,1.0,0.0,1.0,1.0,0.0,0.0,0.0,1.0,0.0,0.4368477500653939,1.0,0.0,0.0,0.0,1.0,0.0,0.0,0.6900643106761138,1.0,0.539000331382467,0.0,1.0,0.5795200769042453,0.7056412089899002,0.0,0.0,1.0,0.0,0.6746049294507379,0.6165651928188639,1.0,1.0,1.0,1.0,0.0,0.552447954289928,0.0,1.0,0.19294006806394678,0.321527414942586,0.0,0.0,1.0,0.0,0.12340959144003286,0.36365054615195525,0.0,1.0,1.0,0.0,0.0,0.0,0.0,0.0,0.0,1.0,0.5215791650856617,1.0,0.8454603705044039,0.0
28,product/amplitude,aligned10,3,3.099328043171625,3.126648145567889,4.819690526633107,4.773681949530472,0.5684978640143976,-2.97008531757399,27.59066052408889,211.1201801430434,1,1,excluded,r_hat_max 1.403 > 1.1; n_eff_min 7.9 < 16.0,1.4032123662061227,1.0186717213238121,0.7044334975369458,7.888185436874543,0,63.0,1.3041892071904353,8.270043205931168,1.4032123662061227,7.888185436874543,1.0462183515371928,16.908790300268684,1.0107371038978192,1.9195479023006805,0,0.0,0.3066012272001706,1.0,0.0,0.8122777115162834,0.0,1.0,0.0,1.0,1.0,0.0,0.0,0.0,1.0,1.0,0.9064051553425208,0.1765751009828651,0.32541535368030733,0.0,0.0,1.0,1.0,1.0,1.0,0.0,0.07978854976244262,1.0,1.0,1.0,0.0,0.0,1.0,0.9153557987286536,1.0,0.0,1.0,1.0,0.0,0.0,1.0,1.0,1.0,0.7109572755408102,1.0,0.0,0.0,0.8130788599812415,0.0,0.0,0.44816583990027786,0.7995072906742946,0.15976507532400674,0.0,0.0,1.0,0.0,0.0,0.7761731196652096,1.0,0.544638961302456,0.0,1.0,0.0,0.7178291856339557,0.0,0.0,0.6457797396748396,0.0,0.6517515058413447,1.0,1.0,1.0,1.0,1.0,0.0,0.5707497107414818,0.0,1.0,0.0,0.0,0.0,0.23540376719984085,1.0,0.0,0.1501282099348456,0.3517040072840242,0.0,1.0,1.0,0.0,0.0,0.0,0.3888312847120192,0.0,0.0,1.0,0.41473310678392006,1.0,1.0,0.0
29,product/amplitude,aligned10,3,4.2064509689507394,4.1713894337316875,4.819690526633107,4.773681949530472,0.5684978640143976,-4.298460359340529,27.894999535987154,146.07148786098696,1,1,excluded,r_hat_max 1.377 > 1.1; n_eff_min 6.7 < 16.0,1.3773619251371412,1.0297481026578736,0.6059113300492611,6.66628147208377,0,63.0,1.360468579766415,7.4864696054255715,1.3773619251371412,6.66628147208377,1.0123964739121079,64.87143818638287,1.0827574811141571,1.9242767309650612,0,0.0,0.0,0.0,0.41326700515343423,1.0,0.0,1.0,1.0,1.0,0.6307185996921922,0.0,0.0,0.0,1.0,0.0,1.0,1.0,0.0,0.0,0.0,1.0,0.0,1.0,1.0,1.0,0.0,0.4344316477676564,1.0,1.0,0.0,0.0,1.0,1.0,1.0,0.0,1.0,0.5901179397403644,0.0,0.0,0.6266227008478122,1.0,1.0,0.7832624065281161,1.0,0.0,0.0,0.2721199571868979,0.0,0.0,0.0,1.0,0.0,0.0,0.0,1.0,0.0,0.0,0.0,1.0,0.542159818172614,0.25445202187879573,1.0,0.6158864536704665,0.7519312629991053,0.0,0.0,0.0,0.0,1.0,0.0,1.0,1.0,1.0,1.0,0.0,1.0,0.0,1.0,0.0,0.2633399925546064,0.0,0.2635752265960881,1.0,0.0,1.0,0.48389946336310696,0.0,1.0,1.0,0.0,0.0,0.0,0.42438767918624914,0.0,0.5657844436505632,1.0,0.43465079672756324,1.0,0.0,0.0
30,product/amplitude,aligned10,3,3.2075469517174477,3.119384079026795,4.819690526633107,4.773681949530472,0.5684978640143976,-3.2105710440104014,28.611705708084628,142.8804775599856,1,1,excluded,r_hat_max 1.452 > 1.1; n_eff_min 7.5 < 16.0,1.45238703116627,1.0291581806475754,0.6354679802955665,7.4589637477889985,0,63.0,1.308486833991006,8.32090481874289,1.45238703116627,7.4589637477889985,1.02861841033919,100.92370021805947,1.1868805973753767,1.9732764588236502,0,0.0,0.0,0.0,0.16665170092576923,1.0,0.0,1.0,0.0,1.0,0.6474948549568806,0.0,0.0,0.0,1.0,0.0,1.0,0.13876856319073602,0.0,0.0,0.0,1.0,0.0,1.0,1.0,1.0,0.0,0.4359576939628601,1.0,1.0,0.0,0.0,1.0,1.0,1.0,0.31487660444362997,1.0,0.5448458603253149,0.0,0.0,0.09769126052420722,1.0,1.0,0.7498765064773258,1.0,0.0,0.0,0.0,0.0,0.0,0.43517640207840935,0.7203509464881686,0.0,0.0,0.0,1.0,0.0,0.0,0.0,1.0,0.0,0.28553265650802145,0.8190473171810725,0.5579083431371057,0.7647533897332044,0.0,0.0,0.46932430348666565,0.08662969869751673,0.6811829674968305,0.0,1.0,1.0,1.0,1.0,0.05053888007074914,0.0,0.24627819771194126,1.0,0.0,0.0,0.0,0.0,1.0,0.0,0.13485166480946573,0.409614382617501,0.0,1.0,1.0,0.22998454228076007,0.0,0.0,0.46212929848605244,0.0,0.0,1.0,0.4345948844325094,1.0,0.0,0.09820097547345681
31,product/amplitude,aligned10,3,3.1911836207824877,3.0548267108526614,4.819690526633107,4.773681949530472,0.5684978640143976,-3.9043210229987544,28.58537923404947,145.0095553419087,1,1,excluded,r_hat_max 1.593 > 1.1; n_eff_min 5.2 < 16.0,1.5932781671065672,1.0289832434987478,0.6206896551724138,5.1779158804648855,0,63.0,1.5932781671065672,5.784868039061773,1.550845838878228,5.1779158804648855,1.1559885742942897,23.934729353747542,1.2520633829993144,1.9737468816883221,0,0.0,0.2053239518501868,0.0,0.3620884339004784,1.0,0.0,1.0,1.0,1.0,0.5914676561228571,0.0,0.0,0.0,0.6323296329396645,0.0,1.0,1.0,0.0,0.0,0.18920825139660755,1.0,0.0,1.0,1.0,1.0,0.06058882784403427,0.0,1.0,1.0,0.0,0.20148551534207515,1.0,1.0,1.0,0.0,0.9339578907138639,0.0,0.0,0.0,0.24112139061309912,1.0,1.0,0.0,0.0,0.0,0.0,1.0,0.0,0.0,0.0,1.0,0.0,0.0,0.0,1.0,0.5451697504769049,0.0,1.0,1.0,1.0,0.0,1.0,1.0,0.5491066612591626,0.0,0.0,0.0,0.0,1.0,0.0,1.0,0.4251899363346388,1.0,1.0,0.0,1.0,0.0,1.0,0.0,0.3142029970332463,0.0,1.0,1.0,0.0,1.0,0.0,0.0,1.0,1.0,0.0,0.5856356736057939,0.0,0.4026046286016472,0.0,1.0,1.0,1.0,1.0,0.0,0.0
32,product/amplitude,aligned10,3,3.5328006966032413,3.6640490975023443,4.819690526633107,4.773681949530472,0.5684978640143976,-3.435515014273665,27.304045646917075,147.4078357128892,1,1,excluded,r_hat_max 1.420 > 1.1; n_eff_min 6.8 < 16.0,1.4195036722317356,1.0203517352610176,0.6699507389162561,6.801730027263107,0,63.0,1.304214809402791,10.033631710809345,1.4195036722317356,6.801730027263107,1.0077289902412536,33.2852555021612,1.3126608904300385,1.971743048562678,0,0.0,0.19513115229984174,0.0,0.34839886081886823,1.0,0.15361083939919953,1.0,1.0,1.0,0.6137179014347978,0.0,0.0,0.0,1.0,0.5244485019181391,1.0,1.0,0.36871392640570627,0.0,0.20897552906681816,1.0,1.0,0.5075504977923554,1.0,0.0,0.0,0.4001470420030156,1.0,1.0,0.0,0.0,1.0,1.0,1.0,0.0,1.0,0.6087062001775112,0.0,0.0,1.0,1.0,1.0,1.0,0.7840147568417427,0.0,0.0,1.0,0.0,0.0,0.0,1.0,0.0,0.0,0.0,1.0,0.0,0.0,0.0,1.0,1.0,0.0,1.0,1.0,0.7592613856539807,0.0,0.0,0.0,0.0,1.0,0.0,1.0,1.0,1.0,1.0,0.0,0.5800930965316168,0.0,0.0,0.08475517503197472,0.2978324760788091,0.0,0.24286853536608402,0.9052467208822919,0.0,1.0,1.0,0.0,1.0,1.0,0.0,0.0,0.0,0.43500521416383753,0.0,0.0,1.0,1.0,1.0,0.0,0.0
33,product/amplitude,aligned10,3,3.8379625011065586,3.874995357721371,4.819690526633107,4.773681949530472,0.5684978640143976,-3.9322420516022563,30.350631176959723,159.24113059183583,1,1,excluded,r_hat_max 1.544 > 1.1; n_eff_min 5.7 < 16.0,1.543836515574538,1.021895437158571,0.6600985221674877,5.700084817376316,0,63.0,1.3270438095207773,7.933072073456664,1.543836515574538,5.700084817376316,0.9984641635758594,67.27016220934374,1.3799378542534688,1.9785847197712085,0,0.0,0.0,0.0,1.0,1.0,0.18038643631187082,1.0,1.0,1.0,0.6239976912490072,0.0,0.0,0.0,1.0,0.6029736724528543,1.0,1.0,0.0,0.0,0.2965300607931153,1.0,0.0,1.0,1.0,1.0,0.0,0.4357794068917698,1.0,1.0,0.0,0.0,1.0,1.0,1.0,0.0,1.0,1.0,0.0,0.0,0.4520979069302977,0.7928105213151448,0.0,0.7786908116987701,1.0,0.0,0.0,0.0,0.0,0.0,0.0,0.8131564092864202,0.0,0.0,0.0,1.0,0.0,1.0,0.0,1.0,0.5638502865102016,0.0,1.0,0.5646385137597822,0.0,0.0,1.0,0.0,0.0,1.0,0.0,1.0,1.0,1.0,1.0,0.0,1.0,0.0,1.0,0.0,1.0,1.0,0.3002669819978527,1.0,0.0,1.0,1.0,0.0,0.5207970168303805,0.0,0.0,0.0,0.0,0.0,0.5255704908585547,1.0,1.0,0.43274541624592733,1.0,1.0,0.0
34,product/amplitude,aligned10,3,3.714228190425493,3.8791974876562745,4.819690526633107,4.773681949530472,0.5684978640143976,-3.784145067326194,30.1575924619101,156.4475064119324,1,1,excluded,r_hat_max 1.384 > 1.1; n_eff_min 8.9 < 16.0,1.3841785394233412,1.0258799408445376,0.6600985221674877,8.893171219311803,0,63.0,1.3841785394233412,8.893171219311803,1.3417030260516123,9.401520290802232,1.2138220736638576,19.659408884572102,1.4522326968079715,1.9930209108654604,0,0.0,0.18657323982790866,0.0,1.0,1.0,0.2059009572493825,1.0,1.0,0.5694358126888642,0.601488531371027,0.0,0.0,0.0,1.0,1.0,1.0,0.6498843757005045,0.35587650257941644,0.0,0.37128866289790485,1.0,0.0,1.0,0.4102419526967002,0.2820972031560068,0.0,0.45433988702426314,1.0,1.0,0.0,0.0,1.0,1.0,1.0,0.0,1.0,1.0,0.0,0.0,0.3453823977478667,1.0,1.0,0.7942941768608066,1.0,0.0,0.0,0.4656061734835689,0.0,0.0,1.0,1.0,0.0,0.0,0.0,1.0,0.0,0.0,0.0,1.0,0.5380957273061289,0.0,1.0,0.5363838660864391,1.0,0.0,0.27322264439973754,0.0,0.0,1.0,0.0,1.0,1.0,1.0,1.0,0.0,0.6091084312773154,0.0,1.0,0.0,0.45210679343291116,1.0,0.29055308930695156,1.0,0.0,1.0,0.4990160020880453,0.19073339787938418,1.0,1.0,0.0,0.0,0.0,0.4617186957636629,0.0,0.0,1.0,0.32567366808187126,1.0,0.8111050521472606,0.0
35,product/amplitude,aligned10,3,4.575726070933568,4.5311637018870075,4.819690526633107,4.773681949530472,0.5684978640143976,-3.5481704151590674,29.484565377002582,140.96982668107376,1,1,excluded,r_hat_max 1.372 > 1.1; n_eff_min 6.4 < 16.0,1.3717296907314438,1.0203048709074196,0.6403940886699507,6.423019604524279,0,63.0,1.3717296907314438,6.423019604524279,1.3053977290341294,8.032798754442975,1.0460888425545682,101.15788530704715,1.5168611394827578,2.0001638097634027,0,0.0,0.0,0.0,0.41139108748981346,1.0,0.18873143322118746,1.0,0.2561378444221445,1.0,0.5959633215949672,0.0,0.0,0.0,1.0,0.5062018554576014,1.0,0.0,0.0,0.0,0.1738892686781021,1.0,1.0,1.0,1.0,0.0,0.0,0.46168775624035485,1.0,1.0,0.0,0.0,1.0,1.0,1.0,0.0,1.0,0.5877176723247582,0.0,0.0,0.21835435817902388,1.0,0.8925734889657653,1.0,1.0,0.0,1.0,0.6481278819361613,0.0,0.0,0.0,1.0,0.0,0.0,0.0,1.0,0.0,1.0,1.0,1.0,0.557403528534921,0.0,1.0,0.5619498590825073,0.6339870725876138,0.0,0.0,0.0,0.06352879487015697,1.0,0.0,1.0,0.7243924761557432,1.0,1.0,0.0,1.0,0.0,1.0,0.0,0.3768670078930092,1.0,0.2817857742492394,1.0,1.0,0.0,0.47505481409900274,0.0,1.0,1.0,0.0,0.0,0.0,0.0,0.0,0.0,1.0,0.4205193631936844,1.0,0.29674155497668464,0.0
36,product/amplitude,aligned10,3,4.875405260476636,4.7603563503128905,4.875405260476636,4.773681949530472,0.5684978640143976,-2.896239956224978,29.462346469052136,237.96089798305184,1,1,excluded,r_hat_max 1.888 > 1.1; n_eff_min 3.8 < 16.0,1.887951972484822,1.02760626235815,0.6354679802955665,3.8430803281248354,0,63.0,1.887951972484822,3.8430803281248354,1.4203762550985113,8.046866392323702,1.017248159678091,32.92257445206486,1.601829609800836,2.0352428322273317,0,0.0,0.0,0.0,0.40908997851275725,1.0,0.18761073909446635,1.0,0.2518017005685544,1.0,0.6579955338774538,0.115253681318782,0.0,0.0,1.0,0.5353420538136923,1.0,0.1680108167945731,0.3426070481807826,0.0,0.15087453305447257,1.0,1.0,1.0,1.0,0.2552392109374062,0.0,0.4397772917683057,1.0,1.0,0.0,0.0,0.7408182695295612,1.0,1.0,0.0,0.9664038832885059,0.5692873292696459,0.0,0.0,0.516704925198033,1.0,0.9891666962657091,0.7832848348006879,1.0,0.0,1.0,0.0,0.23376398143349694,0.5625363822844089,0.0,0.8143150647272317,0.0,0.0,0.0,1.0,0.0,1.0,1.0,1.0,0.555657912522936,0.0,1.0,0.6233208847221298,0.7246249084609365,0.0,0.0,0.5355958844022344,0.0,1.0,0.6182655048711132,1.0,0.0,1.0,1.0,0.0,1.0,0.0,1.0,0.0,1.0,1.0,0.32134449771506846,1.0,1.0,0.0,1.0,0.0,0.5189022156433353,1.0,0.0,0.0,0.0,0.0,0.0,1.0,1.0,0.37324351930523236,1.0,0.27078860573021435,0.0
37,product/amplitude,aligned10,3,4.793879625844443,4.85270976432064,4.875405260476636,4.85270976432064,0.4894700492242299,-3.0002340557069314,30.44328767200932,221.8414143009577,1,1,excluded,r_hat_max 1.370 > 1.1; n_eff_min 7.3 < 16.0,1.3702103340808014,1.0256749191169123,0.645320197044335,7.295283479715845,0,63.0,1.3702103340808014,7.79635157355239,1.3353103845599423,7.295283479715845,1.0086156786228877,29.42687749219758,1.6903046273866684,2.0765508680307567,0,0.0,0.0,0.0,0.3913937315056939,1.0,0.17636275137944027,0.7972002302492179,0.2306437901337363,1.0,0.6026447790188202,0.1466572496614727,0.0,0.0,1.0,0.476331791003339,1.0,0.3809123435273738,1.0,0.0,0.17156223689698716,1.0,1.0,1.0,1.0,0.0,0.0,0.4354856687585992,1.0,1.0,0.0,0.0,0.6855390679777824,0.9008355249663661,1.0,0.0,1.0,0.5938759354847004,0.0,0.0,0.5679804100118675,1.0,1.0,1.0,1.0,0.0,1.0,0.6770416342241016,0.0,1.0,0.0,1.0,0.0,0.0,0.0,1.0,0.0,1.0,1.0,1.0,0.5334917278646202,0.13651511075886946,1.0,0.6646731315579936,1.0,0.0,0.0,0.0,0.0,0.7056964750678273,0.609318107165755,1.0,0.0,1.0,1.0,0.0,1.0,0.0,1.0,0.0,1.0,0.9506510759561924,1.0,1.0,1.0,0.0,1.0,0.0,0.5115570146850363,1.0,0.0,0.0,0.10942787082702923,0.3918147193791802,0.0,1.0,1.0,0.5361266019631182,0.0,0.2683676780394164,0.0
38,product/amplitude,aligned10,3,4.812859372531793,4.738652896332751,4.875405260476636,4.85270976432064,0.4894700492242299,-2.5706606333648008,31.448166424874216,153.34784290287644,1,1,excluded,r_hat_max 1.584 > 1.1; n_eff_min 6.2 < 16.0,1.583840611234115,1.0295217203941303,0.6108374384236454,6.210653701749287,0,63.0,1.3858627551035159,8.52317197571428,1.583840611234115,6.210653701749287,1.2328694135565645,13.644314862104757,1.7719776536618728,2.1084107833231682,0,0.0,0.0,0.0,0.3702280120369208,1.0,0.18051426100300352,1.0,0.22416700350833804,1.0,0.6438356808331903,0.05886446536352063,0.0,0.0,1.0,0.5320375503631382,1.0,0.21672770301296343,0.34174153367765775,0.0,0.13929761636859395,1.0,0.8266832645837505,1.0,1.0,0.0,0.0,0.5112388523520163,1.0,1.0,0.0,0.0,0.7034123155635851,1.0,1.0,0.0,1.0,0.5911080997719528,0.0,0.0,0.5729384155202424,1.0,1.0,1.0,1.0,0.0,1.0,0.6624354433842979,0.18346872793523655,1.0,0.0,0.8272731122432908,0.0,0.0,0.0,1.0,0.0,1.0,1.0,1.0,0.5504960873909356,0.0,1.0,0.5600681394712722,0.7066157409438458,0.0,0.0,0.0,0.09475168314518517,1.0,0.626053989709444,1.0,0.0,1.0,1.0,0.0,1.0,0.0,1.0,0.0,1.0,1.0,0.2811276218644978,1.0,1.0,0.10597547174868505,0.4985430926681843,0.0,1.0,0.0,0.0,0.0,0.0,0.4281460079765456,0.0,1.0,1.0,1.0,0.0,0.2811906549191946,0.0
39,product/amplitude,aligned10,3,4.622729579155468,4.609148813386683,4.875405260476636,4.85270976432064,0.4894700492242299,-2.717886541239781,29.597721808124334,169.9820139890071,1,1,excluded,r_hat_max 1.471 > 1.1; n_eff_min 6.4 < 16.0,1.4708591105789564,1.0250495927895817,0.6108374384236454,6.361728634552255,0,63.0,1.4000510253614433,7.120180823803662,1.4708591105789564,6.361728634552255,1.0070648078712567,30.106087942978125,1.8499489797867426,2.135985386214881,0,0.0,0.0,0.0,0.35055609354197065,1.0,0.1825673698490777,1.0,0.2635778199259669,1.0,0.5224864551179491,0.0,0.0,0.0,1.0,0.5310984248779931,1.0,0.23487067776585657,0.3807259313221467,0.0,0.16660062865006597,1.0,1.0,1.0,1.0,0.0,0.0,0.4226608007405914,1.0,1.0,0.0,0.0,0.7185440465656547,1.0,1.0,0.0,0.9676119845986755,0.6048058266201244,0.0,0.0,1.0,1.0,1.0,1.0,1.0,0.0,1.0,0.6615403171346531,0.0,1.0,0.0,0.8162278277598018,0.0,0.0,0.0,1.0,0.0,1.0,1.0,1.0,0.5457276110800319,0.24587771334505418,1.0,0.6225508461927707,0.711353024101461,0.0,0.0,0.0,0.0,1.0,0.6258257343223874,1.0,0.0,1.0,1.0,0.0,1.0,0.0,1.0,0.0,1.0,1.0,0.2692637600065347,1.0,1.0,0.0,1.0,0.0,1.0,1.0,0.0,0.0,0.0,0.2652138461006976,0.0,1.0,1.0,0.42763417745030735,1.0,0.8316598715011593,0.0
40,product/amplitude,aligned10,3,4.604921563601227,4.535476730449069,4.875405260476636,4.85270976432064,0.4894700492242299,-2.4649942416673594,30.031506245955825,249.5172827760689,1,1,excluded,r_hat_max 1.304 > 1.1; n_eff_min 8.8 < 16.0,1.3042936560777474,1.0203811911036926,0.7044334975369458,8.786977667123201,0,63.0,1.2153748009416516,8.786977667123201,1.3042936560777474,9.485037639836891,1.0080676728235494,52.42799076967239,1.9192684947709608,2.1530850754251887,0,0.0,0.0,0.0,0.392680041842266,1.0,0.20412539632771232,1.0,0.4593663468745623,1.0,0.6411395916952078,0.0,0.0,0.0,1.0,0.5431059194224235,1.0,1.0,0.3431390226846677,0.0,0.19110901621427634,1.0,1.0,1.0,1.0,0.0,0.0,0.41820015262067806,1.0,1.0,0.0,0.12059720882966157,0.757020536804355,1.0,1.0,0.0,1.0,0.5913951542836271,0.0,0.0,0.5748787187846367,1.0,0.9041253055777749,1.0,1.0,0.0,1.0,0.6184456716723609,0.22391835060457096,1.0,0.0,1.0,0.0,0.0,0.0,1.0,0.0,1.0,0.7015374478217353,1.0,0.5484958199708806,0.0,1.0,0.5904208653231823,0.7583952629759225,0.0,0.0,0.5067057759344861,0.0,0.7132092015402705,0.5685517138660313,1.0,0.0,1.0,1.0,0.0,1.0,0.0,1.0,0.0,1.0,1.0,0.293865155942641,1.0,1.0,0.15111638181596354,0.36580912525208853,0.0,0.4962693352302336,0.0,0.0,0.0,0.0,0.42127474312233854,0.0,1.0,1.0,0.39106117693614534,0.0,0.539398931114828,0.0
41,product/amplitude,aligned10,3,4.84957109895166,4.831102520327162,4.875405260476636,4.85270976432064,0.4894700492242299,-2.864882420871872,29.979100005002692,146.19968926510774,1,1,excluded,r_hat_max 1.486 > 1.1; n_eff_min 6.6 < 16.0,1.4861458570991717,1.0354714801230018,0.5665024630541872,6.564833355768636,0,63.0,1.4861458570991717,6.564833355768636,1.4619795497531136,6.995280516512742,1.0441901366465425,45.54238529873794,1.9847722281570648,2.16664192109602,0,0.0,0.0,0.0,0.3740872886056589,1.0,0.17439040657322694,1.0,0.24880804516956367,1.0,0.6367691891725624,0.08234076157505399,0.0,0.0,1.0,0.4663570788650895,1.0,0.15304300754796554,0.2978377306323521,0.0,0.15589971701036892,1.0,1.0,1.0,1.0,0.0,0.0,0.43352060661399744,1.0,1.0,0.0,0.0,1.0,1.0,1.0,0.0,0.9392831974843495,0.7139331980988456,0.0,0.0,0.20813512354563032,1.0,1.0,0.8313381254877898,1.0,0.0,1.0,0.5101593392004672,0.0,0.5783007953507276,0.0,1.0,0.0,0.0,0.0,1.0,0.0,1.0,1.0,1.0,0.5352362470214508,0.0,1.0,0.6143085267204752,0.757571547735365,0.0,0.0,0.0,0.09650248900121348,1.0,1.0,1.0,0.0,1.0,1.0,0.0,1.0,0.0,1.0,0.0,1.0,1.0,1.0,1.0,1.0,0.0,1.0,0.0,0.5182562462319792,0.0,0.0,0.0,0.08044306067609808,0.0,0.0,1.0,1.0,1.0,1.0,1.0,0.011811038800694507
42,product/amplitude,aligned10,3,4.143270013756641,4.2398455259659285,4.875405260476636,4.85270976432064,0.4894700492242299,-2.5430796683932018,29.935906282858923,170.98512623109855,1,1,excluded,r_hat_max 1.471 > 1.1; n_eff_min 6.0 < 16.0,1.4710456704468826,1.03166525328501,0.6157635467980296,6.026664371172907,0,63.0,1.4541102185473154,6.297355880637119,1.4710456704468826,6.026664371172907,1.0869512696559882,33.53696458098592,2.0529817250807456,2.1847931789695485,0,0.0,0.0,0.0,0.4089586054681007,1.0,0.0,1.0,0.0,1.0,0.664737092302254,0.118146881187513,0.0,0.0,1.0,0.44887171269042075,1.0,0.24887696387103206,0.0,0.0,0.18165144546302237,0.8515623513059539,0.0,1.0,1.0,0.0,0.0,0.4423570641311487,1.0,1.0,0.4964379977498856,0.0,0.6986833093200419,1.0,1.0,0.0,0.9592186356095109,0.5759678013098047,0.0,0.0,0.2983626760431945,1.0,1.0,0.7911612521843872,1.0,0.0,1.0,0.6638472590496551,0.0,0.5715498107373567,0.0,1.0,0.0,0.0,0.0,1.0,0.0,1.0,1.0,1.0,0.5479220792359762,0.0,1.0,0.590985979942285,1.0,0.0,0.0,0.0,0.0,0.6853998762396597,0.6207582105242588,1.0,0.0,1.0,1.0,0.0,1.0,0.0,1.0,0.0,1.0,1.0,0.2958196301815869,1.0,1.0,0.0,1.0,0.0,0.5070859385769347,0.0,0.0,0.0,0.0,0.0,0.0,1.0,1.0,1.0,0.8706866938624972,0.824132917621626,0.0
43,product/amplitude,aligned10,3,5.06053408435202,4.869287360739593,5.06053408435202,4.869287360739593,0.4728924528052767,-2.8363202815629984,30.548455386888236,143.67362199281342,1,1,excluded,r_hat_max 1.544 > 1.1; n_eff_min 5.7 < 16.0,1.5441872508194288,1.0211395495771607,0.6847290640394089,5.728893677166651,0,63.0,1.405617077807313,7.213464757934703,1.5441872508194288,5.728893677166651,1.1342717144431433,30.708547281300408,2.1015930806313476,2.182100466891721,0,0.0,0.0,0.0,0.3988197682382646,1.0,0.1853628586681301,1.0,0.23119055370233277,1.0,0.6098213559677923,0.0,0.0,0.0,1.0,0.4739910466824474,1.0,0.0,0.3408849146312775,0.0,0.0,1.0,0.8715351462444139,1.0,1.0,0.24477366525729374,0.0,0.46045642153443334,1.0,1.0,0.0,0.0,1.0,1.0,1.0,0.0,1.0,0.6527688843833016,0.0,0.0,0.3352968694335396,1.0,1.0,1.0,1.0,0.0,1.0,0.5191178472272195,0.2631903808510397,1.0,0.0,1.0,0.0,0.0,0.0,1.0,0.0,1.0,1.0,1.0,0.5415387829134024,0.0,1.0,0.6318053769719864,0.7065053729677145,0.0,0.0888074065519505,0.5479592496497887,0.0,1.0,0.6829850665763563,1.0,0.0,1.0,1.0,0.0,1.0,0.0,1.0,0.0,1.0,1.0,0.862414405513293,1.0,1.0,0.0,1.0,0.0,1.0,0.0,0.0,0.0,0.0,0.0,0.0,1.0,1.0,0.4260421978951147,0.0,0.0,0.0
44,product/amplitude,aligned10,3,4.7972389124761055,4.898217340550026,5.06053408435202,4.898217340550026,0.44396247299484326,-2.818282186008668,30.303016443969682,297.89992845011875,1,1,excluded,r_hat_max 1.371 > 1.1; n_eff_min 8.3 < 16.0,1.3708588090629634,1.018103336196595,0.6945812807881774,8.314835247377873,0,63.0,1.3708588090629634,8.314835247377873,1.267966666257876,8.567068829347548,0.9985823664180351,47.604853572991026,2.168841739806817,2.2017737286499153,0,0.0,0.0,0.0,0.45885461719962123,1.0,0.19973685200117622,1.0,0.21389146014743354,1.0,0.6318176832748439,0.0,0.0,0.0,1.0,0.4582548667686587,1.0,0.0,0.38909801060060495,0.0,0.0,1.0,0.8728387130349101,1.0,1.0,0.0,0.0,0.45283921629729806,1.0,1.0,0.0,0.0,1.0,1.0,1.0,0.0,0.9740792861198047,0.7141972559015659,0.0,0.0,0.445877971303969,1.0,1.0,1.0,1.0,0.598080156453929,0.6390762455869119,0.681884439193926,0.0,1.0,0.0,1.0,0.0,0.0,0.0,0.5993361243705262,0.0,1.0,1.0,1.0,0.5448946271254533,0.0,1.0,0.6241035521006657,0.729275799856911,0.0,0.0,0.5176614399820698,0.0,1.0,1.0,1.0,0.0,0.0,1.0,0.0,1.0,0.0,1.0,0.0,1.0,1.0,0.8330819704106412,1.0,1.0,0.0,1.0,0.0,0.48218881189297685,0.0,0.0,0.0,0.0,0.0,0.0,1.0,1.0,0.43000012511327995,0.0,0.0,0.0
45,product/amplitude,aligned10,3,4.684607656508193,4.706308030817648,5.06053408435202,4.898217340550026,0.44396247299484326,-3.075542295402208,30.679746320005506,156.27795191900805,1,1,excluded,r_hat_max 1.515 > 1.1; n_eff_min 6.0 < 16.0,1.5147788546064185,1.02350070431972,0.6847290640394089,6.013597281546592,0,63.0,1.5147788546064185,6.013597281546592,1.442659782980586,6.772868467756318,1.0754267954590366,39.9585340247852,2.227250565866135,2.2113770591578477,0,0.0,0.22639752787675327,0.0,0.35857258804598535,1.0,0.2169101950154179,1.0,0.23175400087871306,1.0,0.6153534816053974,0.0,0.0,0.0,1.0,0.5222089554042768,1.0,0.0,0.6354719081520994,0.0,0.0,1.0,1.0,1.0,1.0,0.2476852534348209,0.0,1.0,1.0,1.0,0.0,0.0,1.0,1.0,1.0,0.0,1.0,0.6349243086103947,0.0,0.0,0.1847780412679377,1.0,0.9540213807600788,0.7712822721902124,1.0,0.0,1.0,0.6131956159967228,0.0,1.0,0.0,0.8133986542024285,0.0,0.0,0.0,1.0,0.0,1.0,1.0,1.0,0.5467664034552548,0.19488800824775998,1.0,0.6397791962838275,0.6486629299074845,0.1123005573512764,0.2525254431674984,0.5452161591899541,0.0,1.0,0.6470842040556707,1.0,0.0,0.0,1.0,0.0,1.0,0.0,1.0,0.0,1.0,1.0,1.0,1.0,1.0,0.0,1.0,0.0,1.0,0.0,0.0,0.0,0.08043846023584487,0.0,0.0,1.0,1.0,0.0,0.0,0.0,0.0
46,product/amplitude,aligned10,3,4.88353567055846,4.777517853260915,5.06053408435202,4.898217340550026,0.44396247299484326,-3.159795684024337,30.389580813003704,186.2294958618004,1,1,excluded,r_hat_max 1.530 > 1.1; n_eff_min 5.0 < 16.0,1.529693975556129,1.016887766096418,0.7093596059113301,5.0002745400134625,0,63.0,1.4559929705460133,5.0002745400134625,1.529693975556129,6.223440267854836,0.9986551421786793,70.44311143340101,2.2806713721844405,2.2163709677787087,0,0.0,0.1891435708760071,0.0,0.39233441844203815,1.0,0.17342061462887956,1.0,0.2198739757032075,1.0,0.6111155583205597,0.0,0.0,0.0,1.0,0.5317593153952507,1.0,0.1484105522302473,0.3116709171451333,0.0,0.0,1.0,1.0,1.0,1.0,1.0,0.0,0.45228426174495134,1.0,1.0,0.0,0.0,1.0,1.0,1.0,0.0,1.0,0.6764419746753474,0.0,0.0,0.0,1.0,1.0,1.0,1.0,0.0,0.0,0.0,0.0,1.0,0.0,1.0,0.0,0.0,0.09011912702193968,0.0,0.0,1.0,1.0,1.0,0.547944277148216,0.0,1.0,0.6369672943612408,0.6947745313682564,0.0,0.0,0.0,0.0,1.0,1.0,1.0,0.0,0.3949702851327053,1.0,0.0,1.0,0.0,1.0,0.0,1.0,1.0,0.786384719752252,1.0,1.0,0.0,1.0,0.0,0.5566562967832969,0.0,0.0,0.0,0.057034178469703524,0.4083334647908739,0.0,1.0,1.0,0.4052606272293824,0.0,0.0,0.0
47,product/amplitude,aligned10,3,4.820896228903116,4.849701009696432,5.06053408435202,4.898217340550026,0.44396247299484326,-3.3635741831105737,30.776798882056028,188.34822730487213,1,1,excluded,r_hat_max 1.381 > 1.1; n_eff_min 6.7 < 16.0,1.3808395994667557,1.0285740801071768,0.6748768472906403,6.69958124918745,0,63.0,1.3808395994667557,6.69958124918745,1.309368180657244,7.404123624055883,1.0881257994332851,27.42091213694731,2.336051463639207,2.22460404301926,0,0.0,0.16974507445851908,0.0,0.44918238912528835,1.0,0.1763387147276883,1.0,0.21981273342034477,1.0,0.632877569829483,0.0,0.0,0.0,1.0,0.4274051298245818,1.0,0.17283906570505544,0.2681476535543051,0.0,0.2152043482553051,1.0,1.0,1.0,1.0,0.1891967314360526,0.0,0.4537825894890727,1.0,1.0,0.0,0.0,1.0,1.0,1.0,0.0,1.0,0.6643443791047735,0.0,0.0,0.39290078345589236,1.0,1.0,0.7325556545346562,1.0,0.0,1.0,0.0,0.2503658677986897,1.0,0.0,0.7300974606263282,0.0,0.0,0.0,0.0,0.0,1.0,0.7029743628726739,1.0,0.5388272744617922,0.0,1.0,0.6084628952744788,0.712985707196102,0.0,0.3551452178423114,0.5457179392746078,0.09727158279086291,0.6867147889124372,1.0,1.0,0.0,1.0,1.0,0.0,1.0,0.0,1.0,0.0,1.0,1.0,1.0,1.0,1.0,0.0,0.5304409705967899,0.0,1.0,0.0,0.0,0.0,0.0,0.0,0.45631767713664667,1.0,1.0,0.4309705209790555,0.0,0.0,0.0
48,product/amplitude,aligned10,3,4.8115271616991695,4.857969064232935,5.06053408435202,4.898217340550026,0.44396247299484326,-2.865596422415157,29.66196146188304,201.43310633208603,1,1,excluded,r_hat_max 1.435 > 1.1; n_eff_min 6.5 < 16.0,1.434574528544749,1.0178396838972312,0.6699507389162561,6.489971998091239,0,63.0,1.434574528544749,7.033392276138543,1.433416137980225,6.489971998091239,1.0733253032822914,80.45587254583916,2.3878190629155385,2.229734602226688,0,0.5398266120851644,0.0,0.0,0.4129539129754065,1.0,0.19020804879463352,1.0,0.22582982839640242,1.0,0.6145560134240918,0.0,0.0,0.0,1.0,0.48194168554603806,1.0,0.15768133876042212,0.3440254792670874,0.0,0.0,1.0,1.0,1.0,1.0,0.2494667106941112,0.0,0.44579676062026086,1.0,1.0,0.0,0.0,1.0,1.0,1.0,0.0,1.0,0.6994694786991179,0.0,0.0,0.0,1.0,1.0,1.0,1.0,0.3772890673995876,1.0,0.0,0.6161731298393,0.0,0.0,1.0,0.24948236912143099,0.0,0.0,1.0,0.0,0.0,1.0,1.0,0.5342799380955523,0.0,1.0,0.5339222888972744,0.6844337391850358,0.0,0.0,0.0,0.0,1.0,0.6959313785415134,0.6401596984483101,0.0,1.0,0.5974545676088308,0.0,1.0,0.06508821542735724,0.44757339517756617,0.0,1.0,1.0,0.8717030573606784,1.0,1.0,0.0,1.0,0.0,1.0,0.0,0.0,0.0,0.0,0.0,0.0,0.5663637968980237,1.0,0.4386440758028295,0.0,0.0,0.0
49,product/amplitude,aligned10,3,3.931937373163248,4.165259410141884,5.06053408435202,4.898217340550026,0.44396247299484326,-3.1300254848132836,31.64107239805162,174.7961705350317,1,1,excluded,r_hat_max 1.320 > 1.1; n_eff_min 8.1 < 16.0,1.3197379858355098,1.0317874085885685,0.5862068965517241,8.149611685603627,0,63.0,1.294362995534242,8.149611685603627,1.3197379858355098,8.192119041823334,1.1004790179983908,25.293316532491616,2.4372824935029596,2.233313923922033,0,0.0,0.0,0.0,0.43825761067383273,1.0,0.18338152776996502,1.0,0.2655499499232844,1.0,0.6286385808094225,0.060534415048401416,0.0,0.0,1.0,0.0,1.0,0.0,0.3730934361098838,0.0,0.0,1.0,1.0,1.0,1.0,0.27756992416602955,0.0,0.43320660059325733,1.0,1.0,0.0,0.0,0.7527865825050939,1.0,1.0,0.0,0.9644766447561814,0.6465318065164978,0.0,0.0,0.16453363462847498,1.0,1.0,1.0,1.0,0.4660317642649895,1.0,0.2796941610883123,0.2130236082450824,1.0,0.0,0.8161142711030153,0.0,0.0,0.0,0.0,0.0,1.0,0.0,1.0,0.5350025030597843,0.11838862793058637,1.0,0.5781945682255576,0.4109800688498158,0.0,0.0,0.0,0.0,1.0,0.6624651622842765,1.0,0.0,1.0,1.0,0.0,1.0,0.0,1.0,0.0,1.0,1.0,1.0,1.0,1.0,0.0,1.0,0.0,0.5649867520958292,0.0,0.0,0.0,0.0,0.0,0.0,1.0,1.0,0.39090961449486594,0.0,0.2696825920371301,0.0
50,product/amplitude,aligned10,3,4.671994562524799,4.663357300487666,5.06053408435202,4.898217340550026,0.44396247299484326,-3.0307273932728114,31.41738327080384,149.19454715796746,1,1,excluded,r_hat_max 1.476 > 1.1; n_eff_min 6.7 < 16.0,1.4761511724607252,1.0267657257901501,0.6354679802955665,6.737255847990865,0,63.0,1.4761511724607252,7.232547300372077,1.393469509849832,6.737255847990865,1.0440921128077412,70.50896522719462,2.4671755910961655,2.2207484161945215,1,0.0,0.0,0.0,0.3993646639568196,1.0,0.17138419518995116,0.7805208953015108,0.24235455264474703,0.9697925321684174,0.5731441787967078,0.0,0.0,0.0,1.0,0.5108214035764804,1.0,0.7035724064013792,0.2988302536144361,0.0,0.23853773735486036,1.0,0.8680978986149815,1.0,1.0,1.0,0.0,0.38094256816632766,1.0,1.0,0.0,0.0,1.0,1.0,1.0,0.0,1.0,0.6918317590276035,0.0,0.0,0.5032502253724497,1.0,1.0,1.0,1.0,0.0,0.1693833970419324,0.4955785595816877,0.0,1.0,0.0,1.0,0.0,0.0,0.0,1.0,0.0,1.0,1.0,1.0,0.53432018460202,0.0,1.0,0.627844415804883,0.7458273133538545,0.0,0.3360166403661297,0.5514667494572064,0.11902252797607632,1.0,0.6768921155224311,1.0,0.0,0.0,0.4493297518624234,0.0,1.0,0.0,0.6459823513098175,0.0,1.0,1.0,0.850362345075108,1.0,1.0,0.12738015202033903,1.0,0.0,1.0,0.0,0.0,0.0,0.0,0.0,0.0,0.6154656297173563,0.9475862027176047,0.48857202762766383,0.0,0.0,0.0
51,product/amplitude,aligned10,3,4.9673597203454465,4.867543541454273,5.06053408435202,4.898217340550026,0.44396247299484326,-2.620817060501058,31.347256776876748,202.93436622689478,1,1,excluded,r_hat_max 1.578 > 1.1; n_eff_min 5.1 < 16.0,1.5780616581505773,1.0425303240924981,0.5566502463054187,5.055860324776401,0,63.0,1.3609459995145494,9.349359382361511,1.5780616581505773,5.055860324776401,1.1199535946163128,18.028090519221664,2.5104073356339818,2.220016273247945,0,0.0,0.1750836577796334,0.0,0.40655269833199953,1.0,0.0,1.0,0.1611426042629575,1.0,0.6174841277173434,0.0,0.0,0.0,1.0,0.47381845529579747,1.0,0.9140368464360225,0.35575528016106767,0.0,0.0,1.0,0.9564746416601082,1.0,1.0,0.0,0.0,0.0,1.0,1.0,0.0,0.0,1.0,1.0,1.0,0.0,1.0,0.7330984721095618,0.0,0.0,0.5448978211828077,0.6712842552857763,1.0,0.749486751424377,1.0,0.0,1.0,0.0,0.0,1.0,0.0,0.0,0.0,0.0,0.0,1.0,0.0,0.0,1.0,1.0,0.5315126478328741,0.0,0.8782491663930736,1.0,0.714280518620522,0.0,0.0,0.5271634601188159,0.0,1.0,1.0,1.0,0.0,0.34680018967790044,0.6982959233322924,0.0,1.0,0.0,1.0,0.0,1.0,1.0,0.8700364024144104,1.0,1.0,0.0,0.4953358295792606,0.16869281375483072,1.0,0.0,0.0,0.0,0.0,1.0,0.4820536303683198,1.0,1.0,0.4128518514463256,0.0,0.0,0.0
52,product/amplitude,aligned10,3,4.899557749698758,4.866196568715735,5.06053408435202,4.898217340550026,0.44396247299484326,-2.6372276217310473,31.49935649521649,241.15293565182947,1,1,excluded,r_hat_max 1.371 > 1.1; n_eff_min 7.5 < 16.0,1.370834780163494,1.0205809191844755,0.6650246305418719,7.505349830612211,0,63.0,1.3533818264056483,7.505349830612211,1.370834780163494,9.226588830567891,1.0168646089396185,34.511469415860894,2.5576564199553564,2.224308929836026,0,0.0,0.0,0.0,0.3483019783974252,1.0,0.0,1.0,0.2189012446046578,1.0,0.6359215247760827,0.0,0.0,0.0,1.0,0.4880157884592856,1.0,0.19704899619126964,0.32489058673868254,0.0,0.12896927799460464,1.0,1.0,1.0,1.0,1.0,0.0,0.0,1.0,1.0,0.0,0.0,1.0,0.9784177454000266,1.0,0.0,1.0,0.6536938812462413,0.0,0.0,0.4069917231260758,0.7846334965988705,1.0,0.7673483774509131,1.0,0.0,1.0,0.0,0.27377461728274766,1.0,0.0,1.0,0.0,0.0,0.0,1.0,0.0,0.22595895590435305,1.0,1.0,0.5443204266643339,0.0,1.0,0.6498988653150245,0.7931808519735493,0.0,0.07990703529358534,0.33596373913514765,0.0,1.0,1.0,1.0,0.0,1.0,1.0,0.0,1.0,0.0,1.0,0.0,1.0,1.0,1.0,1.0,1.0,0.0,1.0,0.0,1.0,1.0,0.0,0.0,0.0,0.5577101712014727,0.0,1.0,1.0,0.4050953199117218,0.0,0.0,0.0
53,product/amplitude,aligned10,3,4.682199447525677,4.82792432787541,5.06053408435202,4.898217340550026,0.44396247299484326,-2.7273610221900464,32.06652790191583,195.19889070186764,1,1,excluded,r_hat_max 1.414 > 1.1; n_eff_min 6.0 < 16.0,1.4138333896165107,1.0189229534568045,0.6600985221674877,5.954160926704373,0,63.0,1.3568389746036673,5.954160926704373,1.4138333896165107,6.242928779207423,1.1713044339881375,14.59922819171823,2.6018432374976843,2.2261466490777515,0,0.0,0.0,0.0,0.5017047751299224,1.0,0.20979430954242667,1.0,0.2215196424150754,1.0,0.6065474219988466,0.0,0.0,0.0,1.0,0.5018921408100662,1.0,1.0,0.36645951181677516,0.0,0.0,1.0,0.8668193014123857,1.0,1.0,0.0,0.0,0.44600333059368236,1.0,1.0,0.0,0.0,1.0,1.0,1.0,0.0,1.0,0.6840558724185253,0.0,0.0,0.2200211190768642,1.0,1.0,1.0,1.0,0.0,1.0,0.0,0.23454297661106105,0.0,0.0,1.0,0.0,0.22918945420165807,0.0,1.0,0.0,0.0,1.0,1.0,0.5433451570425262,0.0,1.0,0.6138078892778078,0.7598201428158576,0.0,0.0,0.0,0.0,1.0,0.7421745270255112,1.0,0.0,1.0,1.0,0.0,1.0,0.12069120352885843,1.0,0.0,1.0,1.0,0.8377277835903169,1.0,0.23496033693435953,0.022733099611966127,0.48073992135733024,0.2059550590709253,1.0,0.0,0.0,0.0,0.0,1.0,0.4942302904158835,1.0,1.0,0.42375570253601563,0.0,0.0,0.0
54,product/amplitude,aligned10,3,5.18581437868108,5.04899526943832,5.18581437868108,5.04899526943832,0.29318454410654926,-2.848053358092808,31.905867408029735,222.89151170896366,1,1,excluded,r_hat_max 1.556 > 1.1; n_eff_min 6.6 < 16.0,1.5562258068685098,1.01866414089579,0.6945812807881774,6.568941046063129,0,63.0,1.3317750858253168,8.618804667564293,1.5562258068685098,6.568941046063129,1.0585368380048663,50.30118172246381,2.6403683524982027,2.223199928814546,0,0.0,0.1927831454316035,0.0,0.5261256602806019,1.0,0.18267608163188417,1.0,0.25219286416125897,1.0,0.6233377307393405,0.0,0.0,0.0,1.0,0.47805954592597094,1.0,0.17802341564699475,0.3168624238372092,1.0,0.10402352532678624,1.0,1.0,1.0,1.0,0.0,0.0,0.0,1.0,1.0,0.0,0.0,1.0,1.0,1.0,0.0,1.0,0.7193217476810643,0.0,0.0,0.5455508688877472,1.0,1.0,1.0,1.0,0.0,1.0,0.0,0.2838953862082011,1.0,0.0,0.0,0.0,0.0,0.0,1.0,0.0,0.0,1.0,1.0,0.5447314241266977,0.0,0.8499347850638098,0.7110545295488815,0.6999926539415278,0.0,0.0,0.5838749973936209,0.08594157942508254,0.9542336243212927,1.0,1.0,0.0,0.3280473346142685,0.7064445543828182,0.0,1.0,0.0,1.0,0.0,1.0,1.0,0.9421451959404482,1.0,1.0,1.0,0.5806313889823249,0.0,0.9785791100623629,0.3537036439436235,0.0,0.0,1.0,0.40311243887260373,0.0,1.0,1.0,0.44905291973455436,0.0,0.0,0.0
55,product/amplitude,aligned10,3,4.975780293416193,5.069305647641966,5.18581437868108,5.069305647641966,0.2728741659029037,-2.3766983123488488,32.18814636301249,265.607906898018,1,1,excluded,r_hat_max 1.429 > 1.1; n_eff_min 7.0 < 16.0,1.4288256670920976,1.040614243503928,0.5467980295566502,6.991888163803137,0,63.0,1.4288256670920976,6.991888163803137,1.3836929666817104,7.877127931138626,1.0419483302377803,27.788952112613376,2.686649189337891,2.2289943022398004,0,0.0,0.11110866881130158,0.0,0.39293862356387094,1.0,0.18213069033105064,1.0,0.21292282065606472,1.0,0.6218271387019979,0.0,0.1854738176036043,1.0,1.0,0.47784804887618615,1.0,0.14815012520697188,0.2947766934333117,0.97846914302985,0.13366034150886938,1.0,0.8759234026696784,1.0,1.0,0.23650522379517924,0.0,0.4612729768676606,1.0,1.0,0.0,0.0,1.0,1.0,1.0,0.0,1.0,0.58870453416776,0.0,0.0,0.5947276814626161,1.0,1.0,0.7833232492462536,1.0,0.0,1.0,0.5550889468023272,0.27751532890138614,1.0,0.0,0.0,0.0,0.0,0.052545809912306965,1.0,0.0,0.0,1.0,0.5136591663767245,0.5306278863506142,0.0,1.0,1.0,0.7125961449069571,0.0,0.09783872066173455,0.547162072954471,0.0,1.0,1.0,1.0,0.0,0.3176178797289588,1.0,0.0,1.0,0.0,1.0,0.0,1.0,0.0,1.0,1.0,1.0,1.0,0.583598955855143,0.0,1.0,0.33768576683309637,0.0,0.18162089420048555,1.0,0.41325868667056975,0.0,1.0,1.0,0.4293545026445562,0.0,0.0,0.0
56,product/amplitude,aligned10,3,4.960265493957954,5.0558328148802625,5.18581437868108,5.069305647641966,0.2728741659029037,-2.712830637781545,31.553700719960034,199.91532858484425,1,1,excluded,r_hat_max 1.517 > 1.1; n_eff_min 6.4 < 16.0,1.51691858270686,1.0319936619623906,0.6157635467980296,6.3526853620184545,0,63.0,1.51691858270686,6.3526853620184545,1.5021004630783596,6.703007092453231,1.2408727371339072,9.431894602257206,2.727526530482147,2.229707722624504,0,0.5772160643769956,0.1910796427764456,0.0,0.3971441347975293,1.0,0.17598048293598803,1.0,0.20493200044921303,1.0,0.6178563900064084,0.0,0.22222147968322367,0.0,1.0,0.4517115658482018,1.0,0.15843811073347788,0.3245220188900488,1.0,0.0,1.0,1.0,1.0,1.0,0.18495105692451533,0.0,0.0,1.0,1.0,0.0,0.0,1.0,1.0,1.0,0.0,1.0,0.8031317604547905,0.0,0.03248306259308626,0.409275287586272,1.0,1.0,0.7548668491240699,1.0,0.0,0.0,0.512668694952202,0.2607350419456445,0.5683456710801226,0.0,0.0,0.0,0.0,0.0989648060268978,1.0,0.0,0.36735526168110993,1.0,1.0,0.5410613292328363,0.0,0.8591231270270867,0.6443904870453329,0.7281163708503671,0.0,0.0,0.7007744130788999,0.0,1.0,1.0,1.0,0.0,0.6832317664967762,1.0,0.0,1.0,0.0,1.0,0.0,1.0,1.0,0.8280754810964647,1.0,1.0,1.0,0.5542773759989599,0.0,1.0,1.0,0.0,0.0,1.0,0.41868479264707337,0.0,1.0,1.0,0.4385319204811761,0.0,0.0,0.009566902619558467
57,product/amplitude,aligned10,3,4.90128664972714,4.993240584679151,5.18581437868108,5.069305647641966,0.2728741659029037,-2.8168034613674227,32.23970825201832,224.45224438700825,1,1,excluded,r_hat_max 1.401 > 1.1; n_eff_min 6.0 < 16.0,1.400600070908226,1.0249482634341869,0.6157635467980296,6.026609290181076,0,63.0,1.400600070908226,9.403264351240558,1.388222382923414,6.026609290181076,1.0002512542406181,67.5203862013611,2.7666973894904947,2.2294168483151693,0,0.0,0.17866246191901858,0.0,1.0,1.0,0.0,1.0,0.24279751536084884,0.0,0.6160087936645489,0.13979475951771297,0.0,0.0,1.0,0.4707315309608546,1.0,0.15549995068681483,0.33507390570095325,1.0,0.0,1.0,0.928530662880525,1.0,1.0,0.24899808162520598,0.0,0.31815113166528297,1.0,1.0,0.0,0.0,1.0,1.0,1.0,0.0,1.0,0.0,0.0,0.0,0.0,1.0,1.0,0.7728658192435137,1.0,0.0,1.0,0.0,0.2544497537114272,1.0,0.0,0.0,0.0,0.0,0.0,1.0,0.5431806382671446,0.0,1.0,1.0,0.5003172119680502,0.0,0.8283067868466603,0.7214378161094975,0.7082912140031583,0.0,0.0,1.0,0.09778788478932157,1.0,1.0,0.3430208266118347,1.0,0.3900380031297112,0.7084693828286778,0.0,1.0,0.0,1.0,0.0,0.31566279075882825,1.0,0.9020178099829931,1.0,1.0,1.0,1.0,0.0,1.0,0.5171889940687423,0.0,0.0,0.910343761449431,0.4107174113055654,0.0,1.0,1.0,0.4783148695773738,1.0,0.0,0.0
58,product/amplitude,aligned10,3,5.036351302846243,5.038778071872346,5.18581437868108,5.069305647641966,0.2728741659029037,-2.9542822907760296,32.17670786892995,261.205703567015,1,1,excluded,r_hat_max 1.263 > 1.1; n_eff_min 8.3 < 16.0,1.2629974674784963,1.0295413725109384,0.6108374384236454,8.251838282367498,0,63.0,1.1867409491794827,8.251838282367498,1.2629974674784963,8.442353778677642,1.036966556869189,72.57332387962234,2.803500652598023,2.227512072888776,0,0.0,0.0,0.0,1.0,1.0,0.0,1.0,0.23961188573897557,1.0,0.6217860918126717,0.0,0.0,0.0,1.0,0.4805236428257153,1.0,0.3219402785524937,0.36470890227431235,1.0,0.0,1.0,1.0,1.0,1.0,0.0,0.0,0.455246978154111,1.0,1.0,0.0,0.0,1.0,1.0,1.0,0.0,0.9599402803660247,0.781645853210229,0.29625992233449344,0.0,0.4557420539270404,1.0,1.0,0.7921132197002666,1.0,0.0,1.0,0.0,0.0,1.0,0.0,0.7998447015829084,0.0,0.0,0.0,0.9073639423489859,0.0,0.0,1.0,0.908579942819625,0.5356984415445583,0.0,1.0,0.6759944614108262,0.699260509481388,0.0,0.0,0.5805302436129269,0.0856712161387017,1.0,1.0,1.0,0.0,0.3157514984467659,1.0,0.0,1.0,0.0,1.0,0.0,1.0,0.933448112461822,0.8689044494057542,1.0,1.0,1.0,0.6397020218499301,0.0,1.0,0.8919059798457365,0.0,0.0,1.0,0.40725440052206024,0.06267560842632182,1.0,1.0,0.6027714551907088,0.36687846785504247,0.0,0.0
59,product/amplitude,aligned10,3,5.059167894378305,5.028572297363378,5.18581437868108,5.069305647641966,0.2728741659029037,-2.9878050211977154,31.195553077152,152.3326064310968,1,1,excluded,r_hat_max 1.488 > 1.1; n_eff_min 5.6 < 16.0,1.487656833974372,1.0304272744042793,0.6059113300492611,5.574990701391843,0,63.0,1.487656833974372,5.574990701391843,1.3398491766087375,7.32598986034557,1.0696423624502647,42.64635892452826,2.8413455788734163,2.227281165343941,0,0.0,0.0,0.0,0.4106983795897396,1.0,0.17594294632822044,1.0,0.20702823131186726,1.0,0.6167053014250081,0.12249056158827472,0.0,0.0,1.0,0.4765950741009693,1.0,0.14731731364601555,0.29538570368973527,1.0,0.14379759910684026,1.0,1.0,1.0,1.0,0.23622133542822035,0.0,0.0,1.0,1.0,0.0,0.0,1.0,1.0,1.0,0.0,1.0,0.6384003761535071,0.0,0.0,0.0,1.0,1.0,0.8613686672744484,1.0,0.0,1.0,0.0,0.0,1.0,0.0,0.8962335531394728,0.0,0.0,0.0,1.0,0.0,0.0,1.0,1.0,0.4999405440179325,0.0,1.0,1.0,0.7046143488654254,0.0,0.09513198497148076,0.5532329840787554,0.049260469273883375,1.0,1.0,1.0,0.0,0.3130329554944827,1.0,0.0,1.0,0.0,1.0,0.0,1.0,1.0,0.8702109118170922,1.0,1.0,1.0,0.5264939283753319,0.0,0.9932893422555436,0.9329574136577753,0.0,0.0,1.0,0.39038390172377296,0.4561553847074249,1.0,1.0,0.54298930666296,1.0,0.0,0.0
60,product/amplitude,aligned10,3,5.111661462324372,5.057433792008511,5.18581437868108,5.069305647641966,0.2728741659029037,-3.2323266901780348,31.72155776899308,205.28121295711026,1,1,excluded,r_hat_max 1.461 > 1.1; n_eff_min 5.9 < 16.0,1.4609516049919078,1.0180503141089532,0.6600985221674877,5.92448365656113,0,63.0,1.4609516049919078,5.92448365656113,1.321326582356634,8.780267079603986,1.0598883663939316,33.700790166698916,2.878309284131831,2.226817081520249,0,0.0,0.0,0.0,0.5029529999317338,1.0,0.16714416133346546,1.0,0.2139768309165687,1.0,0.6285909716520662,0.0,0.0,0.0,1.0,0.46273327562751077,1.0,0.0,0.2862997625209229,1.0,0.0,1.0,1.0,1.0,1.0,0.28403862206074554,0.0,0.4880901314067098,1.0,1.0,0.0,0.18808124688808978,1.0,1.0,1.0,0.0,1.0,1.0,0.0,0.0,0.5416561453678856,1.0,1.0,0.35437459837604135,1.0,0.0,1.0,0.1996443694683938,0.0,1.0,0.0,0.0,0.0,0.0,0.0,1.0,1.0,0.0,1.0,1.0,0.5425297891207004,0.0,0.7924111738619906,1.0,0.7102277126796575,0.0,0.0,0.53927012869969,0.09189102976877164,1.0,1.0,1.0,0.0,0.3183080312509874,0.7120827758560527,0.0,1.0,0.0,1.0,0.0,1.0,1.0,1.0,1.0,1.0,1.0,1.0,0.0,1.0,0.24629871923572128,0.0,0.0,0.0,0.4182621153566404,0.0,1.0,1.0,0.41606596273436686,1.0,0.0,0.0
61,product/amplitude,aligned10,3,5.069870683883021,4.998847247070053,5.18581437868108,5.069305647641966,0.2728741659029037,-3.2455834005980586,31.191636122995988,189.42667235899717,1,1,excluded,r_hat_max 1.515 > 1.1; n_eff_min 6.2 < 16.0,1.5149158975761008,1.027457774507051,0.625615763546798,6.165727167914059,0,63.0,1.4022242009944046,6.17299462172612,1.5149158975761008,6.165727167914059,1.0282711192590157,80.93484532256811,2.914921614921873,2.226623381244331,0,0.0,0.21426849065662817,0.0,0.38140305583840195,1.0,0.1761199968231817,1.0,0.22954629847150634,1.0,0.6255187821974171,0.0,0.0,0.0,1.0,0.46389211643339207,1.0,0.1506356832601182,0.34138950095777865,1.0,0.0,1.0,1.0,1.0,1.0,0.0,0.0,0.48500837810497244,1.0,1.0,0.0,0.0,1.0,1.0,1.0,0.0,1.0,0.7205810974357437,0.0,0.0,0.0,1.0,1.0,1.0,1.0,0.0,1.0,0.0,0.30999817865897233,1.0,0.0,0.0,0.0,0.0,0.15484152225468534,1.0,1.0,0.0,1.0,1.0,0.5372139228370143,0.0,1.0,1.0,0.7037551389574013,0.0,0.0,0.54337009450464,0.12217228795443008,0.9622278028061327,1.0,1.0,0.0,0.28592245211851547,0.6712300242582202,0.0,1.0,0.0,1.0,0.0,1.0,0.919726146427361,0.8774304588560345,1.0,1.0,1.0,1.0,0.0,0.9543853481694323,1.0,0.0,0.0,0.09112442031305772,0.4027591776763521,0.0,0.8310502155632733,1.0,1.0,0.0,0.0,0.0
62,product/amplitude,aligned10,3,5.0119027721445,5.041768121845815,5.18581437868108,5.069305647641966,0.2728741659029037,-3.1808910329697455,32.27366543188691,233.55448827682994,1,1,excluded,r_hat_max 1.684 > 1.1; n_eff_min 4.4 < 16.0,1.6839461897701744,1.026685395158189,0.6600985221674877,4.438337484594284,0,63.0,1.6839461897701744,4.438337484594284,1.2627446777570708,8.7239987143948,1.521962669577986,6.317809904404405,2.949678857969633,2.2252142267199706,0,0.0,1.0,0.0,0.45781014307851475,1.0,0.0,1.0,0.22914957690060536,1.0,0.6421111116013619,0.0,0.0,0.0,1.0,0.47117098869663004,1.0,0.16311159536577333,0.2994432641613383,1.0,0.0,1.0,0.6333786329163144,1.0,1.0,0.2607759651224924,0.0,0.0,1.0,1.0,0.0,1.0,1.0,1.0,1.0,0.0,1.0,0.5888284141421609,0.0,0.0,0.4581391482508554,1.0,1.0,0.8415625619362872,1.0,0.0,1.0,0.23949690733145795,0.0,1.0,0.0,0.0,0.051956445369239886,0.0,0.0,1.0,1.0,0.0,1.0,1.0,0.5367105121553972,0.0,1.0,1.0,0.7054694656177628,0.0,0.0,0.5510213030521357,0.09549384240558026,1.0,1.0,1.0,0.0,0.5418949241852073,0.6369355064680112,0.0,1.0,0.0,1.0,0.0,1.0,1.0,0.931158264400536,1.0,1.0,1.0,0.502192346194572,0.0,1.0,0.23551315988244365,0.0,0.0,0.09576510753026349,0.4820284658864419,0.0,1.0,1.0,0.42713806238407565,1.0,0.0,0.0
63,product/amplitude,aligned10,3,4.587760024977939,4.529419145045752,5.18581437868108,5.069305647641966,0.2728741659029037,-3.2229148927003797,32.74215939687565,220.72096410603262,1,1,excluded,r_hat_max 1.540 > 1.1; n_eff_min 5.3 < 16.0,1.5402550266999295,1.0259909553242372,0.6650246305418719,5.333908760021934,0,63.0,1.5045031352076665,5.333908760021934,1.5402550266999295,5.392422458504327,1.0132072741625706,76.71513925472368,2.982412570893044,2.2224793863168726,0,0.0,1.0,0.0,0.4395279386906009,1.0,0.19873423336318025,1.0,1.0,1.0,0.6231904925742379,0.09727706364368519,0.0,0.0,1.0,0.46659966839857875,1.0,0.14262890032173917,0.310821874096491,1.0,0.0,1.0,0.9495470318884588,1.0,1.0,0.0,0.0,0.0,0.24691127115675357,1.0,0.0,0.0,1.0,1.0,1.0,0.3452446679750624,1.0,0.7199463470030629,0.0,0.0,0.5804070969684672,1.0,1.0,1.0,1.0,0.0,1.0,0.0,0.2968487949400717,1.0,0.0,0.0,0.0,0.0,0.0,1.0,0.0,0.0,1.0,1.0,0.5443177447027507,0.0,0.8402988847483347,1.0,0.7187593522104035,0.0,0.0,0.6017490234209559,1.0,1.0,1.0,1.0,0.0,0.31754513368346116,1.0,0.0,1.0,0.0,1.0,0.0,1.0,0.0,1.0,1.0,1.0,1.0,0.6053755522135075,0.0,1.0,0.33507989948774747,0.0,0.0,0.09577873622281696,0.3985812675871099,0.0,1.0,1.0,0.46275097156454453,1.0,0.0,0.0
64,product/amplitude,aligned10,3,5.217463588423631,5.094191238303381,5.217463588423631,5.094191238303381,0.24798857524148854,-3.1481239380076893,30.90730633586645,197.386765334988,1,1,excluded,r_hat_max 1.540 > 1.1; n_eff_min 6.5 < 16.0,1.5395457505291812,1.0216244879132623,0.6650246305418719,6.525459379233718,0,63.0,1.5395457505291812,6.525459379233718,1.3292939489472735,6.951956301674826,1.1149836114758098,34.1545302603739,3.0074961248631205,2.214017819248693,0,0.0,0.18028188489052394,0.0,0.44286761143319453,1.0,0.17891618765847575,1.0,0.21001209272345395,1.0,0.6325293300248498,0.0,0.0,0.0,1.0,0.4662999134615793,1.0,0.16108008111942018,0.31574131493202784,1.0,0.0,1.0,1.0,1.0,1.0,0.48055124262479354,0.0,0.45206982820844893,1.0,0.911640158386234,0.0,0.170715897562307,1.0,1.0,1.0,0.0,1.0,0.7208023760831325,0.0,0.0,0.5724362257455199,0.546920151700263,1.0,1.0,1.0,0.0,1.0,0.0,0.0,1.0,1.0,0.0,0.0,0.0,0.0,1.0,0.0,0.0,1.0,1.0,0.5317365013435136,0.0,1.0,1.0,0.7458380114431783,0.0,0.0,0.5386158162283449,0.0,1.0,1.0,0.9425991923559989,0.0,1.0,0.7002274880604182,0.0,1.0,0.0,1.0,0.0,1.0,1.0,0.8909265445802309,1.0,1.0,1.0,0.9391018283381545,0.0,1.0,0.0,0.0,0.0,1.0,0.3984850598197963,0.0,0.8334191751221752,1.0,0.42431963591864663,1.0,0.0,0.0
65,product/amplitude,aligned10,3,5.032035657500032,5.08433977394891,5.217463588423631,5.094191238303381,0.24798857524148854,-3.116264219748056,37.521387381944805,194.65402718097903,1,1,excluded,r_hat_max 1.395 > 1.1; n_eff_min 6.9 < 16.0,1.3947526874688303,1.0250233092702847,0.645320197044335,6.926983530828755,0,63.0,1.2558280288712926,9.219791813960645,1.3947526874688303,6.926983530828755,1.0196190611537685,62.505613100486094,3.041495624302513,2.213694483316573,0,0.0,0.0,0.0,0.40753402047201653,1.0,0.16525111479337815,1.0,0.21458130929951297,1.0,0.6246351577327032,0.0,0.0,0.0,1.0,0.47540137666101345,1.0,1.0,0.3198465910527706,1.0,0.1264471417470292,1.0,1.0,1.0,1.0,0.22832670644288727,0.0,0.4240451512068565,1.0,1.0,0.0,0.0,1.0,1.0,1.0,0.0,1.0,0.7159131368262446,1.0,0.0,0.5504716959271618,1.0,1.0,0.8467208264432747,0.8706397956098273,0.0,0.7928799275744226,0.1335576721960336,0.0,1.0,1.0,0.0,0.0,0.0,0.0,1.0,0.0,0.0,1.0,1.0,0.533928287235376,0.0,1.0,1.0,0.703120676788596,0.0,0.0,0.5361759015804008,0.0,0.9564295931161025,1.0,1.0,0.0,1.0,0.6997351998240154,0.0,1.0,0.0,1.0,0.0,1.0,0.9387866523224284,1.0,1.0,0.0,1.0,0.9828110203970686,0.0,1.0,1.0,0.0,0.0,1.0,0.34567062120501685,0.06416086005211755,1.0,1.0,0.47733265226895494,1.0,0.0,0.0
66,product/amplitude,aligned10,3,5.038079812590284,5.060437896275019,5.217463588423631,5.094191238303381,0.24798857524148854,-3.214287317354363,37.485528715886176,197.98776675807312,1,1,excluded,r_hat_max 1.420 > 1.1; n_eff_min 7.0 < 16.0,1.419856348205457,1.025299169264479,0.625615763546798,7.004545651660414,0,63.0,1.2967762941818501,8.078987750068421,1.419856348205457,7.004545651660414,1.0239620441244037,70.02155708034698,3.071655321775203,2.210275684826951,0,0.0,0.2072395063326761,0.0,0.3838692217025923,1.0,0.16824985683024485,1.0,0.26519338073164755,1.0,0.6159618993995438,0.0,0.0,0.0,1.0,0.4720682903704412,1.0,0.1570746145648136,0.3424562981585248,1.0,0.0,1.0,1.0,1.0,0.0,0.47526081319411306,0.0,0.34223478879919417,1.0,1.0,0.0,0.0,1.0,1.0,1.0,0.0,0.9679239151584856,0.7012030287307864,0.0,0.0,1.0,1.0,1.0,0.8383611582975561,1.0,0.0,1.0,0.0,0.0,1.0,1.0,0.0,0.0,0.0,0.0,1.0,1.0,0.0,1.0,1.0,0.5305189530794994,0.0,1.0,0.6951956807646269,1.0,0.0,0.0,0.5441142622359348,0.061603700502146315,1.0,1.0,1.0,0.0,1.0,0.6877382886199479,0.0,1.0,0.0,1.0,0.0,1.0,1.0,1.0,1.0,1.0,1.0,0.4863374006770472,0.0,1.0,0.0,0.0,0.0,1.0,0.4102349025244038,0.0,1.0,1.0,0.465369254994042,1.0,0.0,0.0
67,product/amplitude,aligned10,3,5.018050769441866,5.0863136256653325,5.217463588423631,5.094191238303381,0.24798857524148854,-3.114616071377082,40.17802472994663,234.00647598714568,1,1,excluded,r_hat_max 1.476 > 1.1; n_eff_min 6.6 < 16.0,1.4762159013583527,1.019405328428687,0.6650246305418719,6.562520921311888,0,63.0,1.4762159013583527,6.562520921311888,1.2970672347496806,7.448276591603951,1.008804156734207,64.40689598874819,3.1010049410411,2.2066390302625023,0,0.04558155119536671,0.0,0.0,0.515556325251472,1.0,0.0,1.0,0.2285198982470211,1.0,0.6152702179787273,0.0,0.0,0.0,1.0,0.47450934364313013,1.0,0.15969331972551137,0.32949242071394136,1.0,0.0,1.0,1.0,1.0,1.0,0.2556449870361467,0.0,0.0,1.0,1.0,0.0,0.0,1.0,1.0,1.0,0.0,1.0,0.6451961363299008,0.0,0.0,0.555708585151016,0.5838809396104317,1.0,1.0,0.6625368042184825,0.11776319309729724,1.0,0.0,0.0,1.0,1.0,0.0,0.25915345395298783,0.0,0.0,1.0,1.0,0.0,1.0,1.0,0.5421643217666201,0.0,1.0,1.0,0.7113494164673327,0.0,0.0,0.5215265013719388,0.0,0.9395026699077565,0.0,1.0,0.06211817641863446,1.0,0.734497973329244,0.0,1.0,0.0,1.0,0.0,1.0,1.0,1.0,1.0,1.0,1.0,0.6325610991040646,0.0,1.0,0.27598666051045584,0.0,0.0,1.0,0.4137174978907954,0.08198134535412623,0.8233701517192938,0.7931974039581144,0.28661083535489035,1.0,0.0,0.0
68,product/amplitude,aligned10,3,5.1962166719851375,5.049345510672469,5.217463588423631,5.094191238303381,0.24798857524148854,-3.0802621514291024,37.58150423504412,264.88111553899944,1,1,excluded,r_hat_max 1.585 > 1.1; n_eff_min 5.9 < 16.0,1.584543078231419,1.0277241488055897,0.6059113300492611,5.859836983610022,0,63.0,1.4265378950012053,6.586037816746443,1.584543078231419,5.859836983610022,1.054127063507341,24.086317793835107,3.129196791458758,2.2024757423407637,0,0.0,0.17248145381873065,0.0,0.4397566762554717,1.0,0.1539662246659979,1.0,0.20686801975734614,1.0,0.6300300180297161,0.0,0.0,0.0,1.0,0.46765779463740764,1.0,0.0,0.3162937301162278,1.0,0.0,1.0,1.0,1.0,0.0,0.27681065887149764,0.0,0.0,1.0,1.0,0.0,0.29736536480147063,1.0,1.0,1.0,0.0,0.9383359127421098,0.761114127881779,0.0,0.0,0.6215064507918037,0.4466457036939842,1.0,1.0,1.0,0.0,1.0,0.0,0.0,1.0,0.5894470104821005,0.0,0.0,0.0,0.0,1.0,0.0,0.0,1.0,1.0,0.5342788116045057,0.0,0.0,1.0,0.7065692935117613,0.0,0.0,0.5406619057039229,0.09026263724545652,0.8513664602309677,1.0,1.0,0.0,1.0,0.7050073927761349,1.0,1.0,0.0,1.0,0.0,1.0,1.0,0.8649101922323796,1.0,1.0,1.0,1.0,0.0,0.49484136547039825,0.0,0.0,0.0,1.0,0.4068123731013116,0.0,0.534604791955987,1.0,0.42174978502183497,0.0,0.0,0.0
69,product/amplitude,aligned10,3,5.084587557506411,5.109662503339126,5.217463588423631,5.109662503339126,0.2325173102057434,-3.838980662535723,39.90342327510007,235.45064383000135,1,1,excluded,r_hat_max 1.366 > 1.1; n_eff_min 7.2 < 16.0,1.3659007627661348,1.0241943626197203,0.6600985221674877,7.212016692875476,0,63.0,1.3659007627661348,7.212016692875476,1.3202141203052153,8.920754441014541,1.0375201421637947,38.33416532348881,3.159153601321459,2.2003682457476073,0,0.0,0.0,0.0,0.5082122370657469,1.0,0.15812924265252856,1.0,0.22886070176763615,1.0,0.6484628903957633,0.0,0.0,0.0,1.0,0.4559419714502357,1.0,0.0,0.31874359912283623,1.0,0.0,1.0,1.0,1.0,1.0,1.0,0.0,0.0,1.0,1.0,0.0,0.3224937481124293,1.0,1.0,0.9304665451136437,0.0,1.0,0.6775004475427718,0.0,0.0,0.6861099271965511,0.345257094878015,1.0,0.8240613520757665,1.0,0.0,1.0,0.0,0.0,1.0,0.7241006296738166,0.0,0.0,0.0,0.0,1.0,0.0,0.0,1.0,1.0,0.541031361090558,0.0,0.0,1.0,0.7839637122711339,0.0,0.0,1.0,0.0,1.0,1.0,1.0,0.0,0.5238394235925172,0.6336786562020387,1.0,1.0,0.0,1.0,0.0,1.0,1.0,1.0,1.0,1.0,1.0,0.9894676974602847,0.0,1.0,0.0,0.0,0.0,1.0,0.3934298157396235,0.0,0.5623090294984188,1.0,0.4295651277916393,0.0,0.0,0.0
70,product/amplitude,aligned10,3,5.1252912571602005,5.0848841805411915,5.217463588423631,5.109662503339126,0.2325173102057434,-3.3958711847824157,36.953229856910184,218.2103676989209,1,1,excluded,r_hat_max 1.804 > 1.1; n_eff_min 5.1 < 16.0,1.8036931756739623,1.035452317629167,0.5714285714285714,5.1081844107573815,0,63.0,1.8036931756739623,5.1081844107573815,1.6003073342715077,6.61362955682967,1.0260070163167363,109.43632726386637,3.18665980069553,2.196510685203965,0,0.0,0.0,0.0,0.0,1.0,0.17639647728193425,1.0,0.23325439470516923,1.0,0.6255155767188271,0.0,0.0,0.0,1.0,0.46469844100654994,1.0,0.0,0.30791879817410306,1.0,0.0,1.0,1.0,1.0,0.0,0.0,0.0,0.0,1.0,1.0,0.0,0.1914804503060694,1.0,0.0,1.0,0.0,0.9401712237811772,0.7504258164133275,0.0,0.0,0.562013231510582,0.5310372319125372,1.0,1.0,1.0,0.0,1.0,0.0,0.0,1.0,0.631394408934854,0.0,0.0,0.0,0.0,1.0,0.0,0.0,1.0,0.9163232677885638,0.5226816285856858,0.0,0.0,1.0,0.7120300690297134,0.0,0.0,0.5563839577497278,0.0,1.0,1.0,0.938384228226465,0.0,1.0,0.691115714301506,1.0,0.617481763502003,0.0,1.0,0.0,0.0,1.0,1.0,1.0,1.0,1.0,1.0,0.0,1.0,1.0,0.0,0.0,1.0,0.41524179696359825,0.0,1.0,1.0,0.9334019621701568,0.0,0.0,0.0
71,product/amplitude,aligned10,3,5.085837593536048,5.099443485400949,5.217463588423631,5.109662503339126,0.2325173102057434,-2.737496908490995,41.589502203976735,300.72972055897117,1,1,excluded,r_hat_max 1.517 > 1.1; n_eff_min 5.7 < 16.0,1.5170546084733236,1.0251746289780352,0.625615763546798,5.712400730970826,0,63.0,1.5170546084733236,6.455057656926469,1.448689986964386,5.712400730970826,1.2657272629232597,10.026672527105875,3.2139644690964406,2.192919147626741,0,0.0,0.0,0.0,0.42556849679893927,1.0,0.17008334425062044,1.0,1.0,1.0,0.6219477341357263,0.0,0.0,0.0,1.0,0.46762129110971823,1.0,0.0,0.2885631421577224,1.0,0.0,1.0,0.0,1.0,1.0,0.4874946064277423,0.0,0.46186054224918593,1.0,0.8555797867213122,0.0,0.23599648449399985,1.0,1.0,1.0,0.0,1.0,1.0,0.45644893673307235,0.0,0.0,0.5269606609299042,1.0,1.0,1.0,0.0,1.0,0.0,0.2720044545005881,1.0,0.42835223494570046,0.0,0.0,0.0,0.0,1.0,0.0,0.0,1.0,1.0,0.5448711787580681,0.0,0.0,1.0,1.0,0.0,0.0,0.5482408675489995,0.0,1.0,0.0,0.9684340053888312,0.0,1.0,0.6886020260628429,0.0,1.0,0.0,1.0,0.0,0.30281991729767455,1.0,0.0,1.0,1.0,1.0,0.5022905694829771,0.0,0.0,0.0,0.0,0.0,1.0,0.4074844017354157,0.0,0.559192216491717,1.0,0.6494812959929069,0.20648828612668405,0.0,0.0
72,product/amplitude,aligned10,3,5.0972110126447765,5.098390911111713,5.217463588423631,5.109662503339126,0.2325173102057434,-3.346987838940191,37.958909921813756,210.68595511303283,1,1,excluded,r_hat_max 1.576 > 1.1; n_eff_min 5.3 < 16.0,1.5757066521851877,1.0235042947383193,0.6551724137931034,5.315546669193012,0,63.0,1.3517709114371903,9.64669054319589,1.5757066521851877,5.315546669193012,1.105698549639121,12.117450081018129,3.239962706935879,2.18862826503679,0,0.0,0.0,0.0,0.40422815204291723,1.0,0.0,1.0,0.1892090706720461,1.0,0.6261877459125657,0.03311192808310877,0.0,0.0,0.9547115822899602,0.46155062708347705,1.0,0.13799194271316226,0.343389796032636,1.0,0.0814587332369818,1.0,1.0,1.0,1.0,0.5562270467113906,0.0,0.0,1.0,1.0,0.0,0.27586828293605065,1.0,1.0,1.0,0.0,1.0,0.758319711706268,0.0,0.0,0.0,0.6432652486714908,1.0,0.2847397099462198,1.0,0.0,1.0,0.4700817745574826,0.0,1.0,0.0,0.0,0.0,0.0,0.0,1.0,0.0,0.0,1.0,1.0,0.5340579043725584,0.0,0.0,1.0,0.7249973239578467,0.0,0.0,0.5413474893224911,0.0,1.0,1.0,1.0,0.0,1.0,0.6969510689845808,1.0,0.5144568816407172,0.0,1.0,0.0,0.2504163019273629,1.0,0.8297140318856016,1.0,0.7331273151672284,1.0,1.0,0.0,0.5603335259381615,1.0,0.0,0.0,1.0,0.4067243380984665,0.0,1.0,1.0,1.0,0.0,0.0,0.0
73,product/amplitude,aligned10,3,5.131647946233618,5.09625571067387,5.217463588423631,5.109662503339126,0.2325173102057434,-3.1834424664769205,41.60045072808862,282.7714395120274,1,1,excluded,r_hat_max 1.392 > 1.1; n_eff_min 7.9 < 16.0,1.3924165539878706,1.0221281086583234,0.6650246305418719,7.9324952194106375,0,63.0,1.3924165539878706,9.160283262090125,1.3517075836814556,7.9324952194106375,1.1055883851807478,19.538921420759593,3.2654044645483298,2.1842802794122345,0,0.0,0.20240082089413772,0.0,0.39775159146565275,1.0,0.0,1.0,0.23046704192765857,1.0,0.6370769358001649,0.0,0.0,0.0,1.0,0.4661759479820621,1.0,0.0,0.29694841068878763,1.0,0.0,1.0,1.0,1.0,0.7409036258591049,0.47777587883020606,0.0,0.0,1.0,0.8772030543970283,0.0,0.19341466743544924,1.0,1.0,1.0,0.0,1.0,0.7298209906662011,1.0,0.0,0.5518665798651777,0.49183269484876746,1.0,1.0,0.8905940550085476,0.0,1.0,0.0,0.0,1.0,0.6658602343969029,1.0,0.0,0.0,0.0,1.0,0.0,0.0,1.0,1.0,0.533289030496008,0.0,0.0,1.0,0.7034577103164712,0.0,0.0,0.5404198761187263,0.0,1.0,1.0,0.9451877053608508,0.0,1.0,0.6887107255358604,0.0,0.5433292080555356,0.0,1.0,0.0,1.0,0.957862147496984,0.7720011341526563,1.0,1.0,1.0,1.0,0.0,0.5221067614483039,0.0,1.0,0.0,1.0,0.39607786227264297,0.0,0.5648309755007761,1.0,0.4314625340165682,0.0,0.0,0.0
74,product/amplitude,aligned10,3,5.052657071869981,5.073780519950399,5.217463588423631,5.109662503339126,0.2325173102057434,-3.606751077764618,38.63651787000708,247.57370821991935,1,1,excluded,r_hat_max 1.450 > 1.1; n_eff_min 6.6 < 16.0,1.4499232446167636,1.0224710823370904,0.6896551724137931,6.630502391671107,0,63.0,1.3874714873396425,8.19120309175752,1.4499232446167636,6.630502391671107,1.074121474697795,51.68234086182971,3.2906239710575904,2.180145865881298,0,0.0,0.0624882930177051,0.0,0.4173882743313739,1.0,0.16913139019326218,1.0,0.23589988904086592,1.0,0.6285106695156544,0.0,0.0,0.0,1.0,0.46378379363303207,1.0,0.12792954180082677,0.0,1.0,0.0,1.0,1.0,1.0,0.0,0.4743141218464923,0.0,0.0,1.0,1.0,0.0,0.20535045458662857,1.0,0.0,1.0,0.0,1.0,0.5896122216429429,0.15361809492457232,0.0,0.4527912566637695,0.4125336324219501,1.0,0.0,1.0,0.0,1.0,0.0,0.2648392546112768,1.0,0.4330664083833949,0.0,0.0,0.0,0.0,1.0,0.0,0.0,1.0,1.0,0.5453001229909511,0.0,0.0,1.0,1.0,0.0,0.0,0.5322770015670742,0.0786075690983133,1.0,1.0,1.0,0.0,1.0,0.7061309656576417,0.6317012261236505,1.0,0.0,1.0,0.0,0.2776320522098743,1.0,0.8894609099936479,1.0,1.0,1.0,1.0,0.0,0.6586623009530415,1.0,0.0,0.0,1.0,0.4016657773258225,0.0,1.0,1.0,0.37157416677013266,1.0,0.0,0.0
75,product/amplitude,aligned10,3,5.214093432931102,5.080553060411111,5.217463588423631,5.109662503339126,0.2325173102057434,-3.605612776331089,42.821917100809515,247.82458385103382,1,1,excluded,r_hat_max 1.490 > 1.1; n_eff_min 6.2 < 16.0,1.4902619978377845,1.018923485718235,0.6798029556650246,6.1996219584966195,0,63.0,1.2888098098488878,7.8707830658230975,1.4902619978377845,6.1996219584966195,1.007595498087939,27.44896056645131,3.314117745735089,2.1749728813087708,1,0.0,0.1763989999814615,0.0,1.0,1.0,0.35532796340200584,1.0,0.0,1.0,0.6320795457567265,0.0,0.0,0.0,1.0,0.4573016287475,0.0,0.0,0.3086116209271855,1.0,0.11457510091672919,1.0,1.0,1.0,0.0,0.4281364538594115,0.0,0.0,1.0,0.9195567932238015,0.0,0.18860178979357334,1.0,1.0,1.0,0.0,0.0,1.0,0.0,0.0,0.3300612171685372,0.0,1.0,1.0,1.0,0.0,1.0,0.0,0.0,1.0,1.0,0.0,0.0,0.0,0.09429825414698002,1.0,0.0,0.0,0.8995300701535347,1.0,0.511330283806468,0.0,0.0,1.0,0.0,0.0,0.0,0.5465655843471885,0.0,0.8796892968635406,1.0,1.0,0.0,1.0,0.6911938287094228,1.0,0.6793698335609727,0.0,1.0,0.0,1.0,1.0,0.0,1.0,1.0,1.0,1.0,0.0,0.4885808997725439,0.0,0.7177239338709479,1.0,1.0,0.4442977943316059,0.0,1.0,1.0,1.0,1.0,0.0,0.0
76,product/amplitude,aligned10,3,4.971992375204475,5.090119772916438,5.217463588423631,5.109662503339126,0.2325173102057434,-3.033811368239166,37.293841530103236,271.9998974238988,1,1,excluded,r_hat_max 1.708 > 1.1; n_eff_min 4.7 < 16.0,1.7080729132363779,1.0343273799360326,0.5714285714285714,4.731232715652591,0,63.0,1.599217737503547,5.666098632062129,1.7080729132363779,4.731232715652591,1.022662807726461,79.22495368385721,3.339117425829773,2.171436695181422,0,0.0,0.15173813451813384,0.0,0.39124839669856615,1.0,0.062075423549402785,1.0,0.0,1.0,0.6290626512503071,0.0,0.0,0.0,1.0,0.4606887473458764,1.0,0.0,0.0,1.0,0.0,1.0,1.0,1.0,1.0,0.4647332213117307,0.0,0.4128778106394167,1.0,0.8745343118738667,0.0,0.26731725296629916,1.0,1.0,0.0,0.0,0.9147176185454484,1.0,0.0,0.0,0.0,1.0,1.0,1.0,1.0,0.0,1.0,0.0,0.0,1.0,1.0,0.0,0.0,0.0,0.0,1.0,0.0,0.0,1.0,1.0,0.5233950501733047,0.0,0.767678334116548,1.0,0.5200546385300138,0.0,0.0,0.5456252315264283,0.0,0.9644990704432929,1.0,0.9356940073510829,0.0,1.0,0.7278610786973702,1.0,1.0,0.0,1.0,0.0,1.0,1.0,0.7572988043103421,1.0,1.0,1.0,0.36031019957504345,0.0,0.5177487355561172,1.0,0.7295625805595318,1.0,1.0,0.4238967474649978,0.0,0.8191187785084038,1.0,0.4384180760003064,1.0,0.0,0.0
77,product/amplitude,aligned10,3,5.202866748333732,5.098645138574208,5.217463588423631,5.109662503339126,0.2325173102057434,-2.9176724301144503,42.984798199962825,204.18768980307505,1,1,excluded,r_hat_max 1.536 > 1.1; n_eff_min 5.6 < 16.0,1.535915882326028,1.0279235298225156,0.6305418719211823,5.615386849422432,0,63.0,1.4225885582620486,7.1058258774409016,1.535915882326028,5.615386849422432,1.0567867246005846,55.64962263054898,3.3603235940034706,2.1651972406155386,0,0.0,0.20401164369711008,0.0,1.0,1.0,0.17561162591105292,1.0,0.1992497968708095,1.0,0.6442924255244795,0.0,0.0,0.0,1.0,0.44428137725990563,0.0,0.0,0.2689664735597641,1.0,0.0,1.0,0.0,1.0,0.0,0.4859549566286873,0.0,0.0,1.0,1.0,0.0,0.19298819729666047,1.0,1.0,1.0,0.0,0.0,0.8168291796079213,0.0,0.0,0.5375546458372171,0.0,1.0,1.0,1.0,0.0,1.0,0.0,0.0,1.0,0.6213527373473028,0.0,0.0,0.0,1.0,1.0,0.0,0.0,1.0,1.0,0.52098582164188,0.0,0.0,1.0,0.695500703844311,0.0,0.0,0.5583985303893353,0.0,0.8492494568990641,0.5935907143194658,1.0,0.0,1.0,0.700286943131126,0.0,0.6091154493875527,0.0,1.0,0.0,1.0,1.0,0.0,1.0,1.0,1.0,1.0,0.0,0.5477825517818997,0.0,0.19879485740474004,1.0,1.0,0.4180552270196561,0.04892611711530506,1.0,1.0,1.0,0.0,0.0,0.06569200857374338
78,product/amplitude,aligned10,3,4.962178220268376,5.083537498667368,5.217463588423631,5.109662503339126,0.2325173102057434,-2.593691819893181,40.47562695504166,286.1710010038223,1,1,excluded,r_hat_max 1.486 > 1.1; n_eff_min 6.1 < 16.0,1.485743627207245,1.0278580460984263,0.6059113300492611,6.086051456599159,0,63.0,1.485743627207245,6.086051456599159,1.3205661287710575,8.85254153856055,1.1661387752466783,18.29096399063107,3.3839459421359104,2.161236380683913,0,0.0,0.1606600612028477,0.0,0.5336595342962297,1.0,0.17338109721603456,1.0,0.3783600286993274,1.0,0.6264363597375213,0.0,0.0,0.0,0.6247099640821436,0.4725074243645017,0.0,0.0,0.3199755566791215,1.0,0.11548758641509733,1.0,0.0,1.0,0.33740321848443977,0.27430261195162803,0.0,0.0,1.0,1.0,0.0,0.18112492211606546,1.0,1.0,1.0,0.0,1.0,0.5498873547560984,0.0,0.0,0.5145624301542712,0.0,1.0,0.7497736252448175,1.0,0.0,1.0,0.0,0.0,1.0,0.0,0.0,0.0,0.0,0.0,1.0,0.0,0.0,0.0,1.0,0.5286491628981342,0.0,0.0,1.0,0.0,0.0,0.0,0.486832918723252,0.0,1.0,0.0,1.0,0.0,1.0,0.6914050188909991,0.0,0.6226151639860332,0.0,1.0,0.0,1.0,1.0,0.0,1.0,1.0,1.0,0.0,0.0,1.0,0.0,0.2781814063437089,1.0,1.0,0.3942027621930196,0.0,0.8260908980880213,1.0,0.32987427100240213,0.0,0.0011796605351477168,0.0
79,product/amplitude,aligned10,3,5.036495511981512,5.075062011199625,5.217463588423631,5.109662503339126,0.2325173102057434,-3.533667005290007,42.470981679158285,225.84500290313736,1,1,excluded,r_hat_max 1.521 > 1.1; n_eff_min 6.3 < 16.0,1.521136500080809,1.0261774421808063,0.6748768472906403,6.294979801813037,0,63.0,1.3538060759109771,8.383790823906297,1.521136500080809,6.294979801813037,1.0768437628122318,37.58172160694844,3.4039235659097384,2.1547498837555255,0,0.0,0.0,0.0,1.0,1.0,0.16335396207437589,1.0,0.22767912774288818,1.0,0.6358088617343753,0.0,0.0,0.0,1.0,0.46172390681646985,0.0,0.0,0.2859321397627056,1.0,0.0,1.0,0.0,1.0,0.0,0.46649146988701284,0.0,0.0,1.0,0.9092127178871683,0.0,1.0,1.0,1.0,1.0,0.0,0.0,1.0,0.0,0.0,0.386043592506319,0.4766502257314965,1.0,1.0,1.0,0.0,1.0,0.0,0.0,1.0,1.0,0.0,0.0,0.0,1.0,1.0,0.0,0.0,1.0,1.0,0.5088897706582858,0.0,0.0,1.0,0.6852154734193131,0.0,0.0,0.5463092666223122,0.0,1.0,1.0,1.0,0.0,0.4550732754090966,0.6993584178656841,0.0,1.0,0.0,1.0,0.0,1.0,0.9543232084916274,0.0,1.0,1.0,1.0,1.0,0.0,0.7152673708428711,1.0,0.0,0.0,1.0,0.41481693548169957,0.0,1.0,1.0,0.6823975649129639,0.0,0.0,0.1201391524586681
80,product/amplitude,aligned10,3,5.154600658041088,5.095176446820316,5.217463588423631,5.109662503339126,0.2325173102057434,-3.517316587916605,38.69348590192385,191.36728505394422,1,1,excluded,r_hat_max 1.487 > 1.1; n_eff_min 6.3 < 16.0,1.4865637396710647,1.0354207830560553,0.5911330049261084,6.269401194410869,0,63.0,1.4865637396710647,6.4442518868679315,1.4611028928867227,6.269401194410869,1.0502817468515488,15.89179570213951,3.4243307152356364,2.1489090048255397,0,0.0,0.19325419450531833,0.0,0.0,1.0,0.0,1.0,0.2096950269188024,1.0,0.6256686602256522,0.0,0.0,0.0,1.0,0.45123004799058447,1.0,0.0,0.28286141567519946,1.0,0.0,1.0,1.0,0.0,0.0,1.0,0.0,0.0,1.0,1.0,0.0,0.19707338219037068,1.0,1.0,1.0,0.0,0.0,0.7666773414998718,0.0,0.0,0.5307083092809962,0.0,1.0,1.0,1.0,0.0,1.0,0.0,0.2726444060542175,1.0,0.5146876828344215,0.0,0.0,0.0,1.0,1.0,0.0,0.0,1.0,1.0,0.5233079865288668,0.0,0.0,1.0,0.7255716404606544,0.0,0.0,0.5604220708810975,0.0,1.0,1.0,1.0,0.0,1.0,0.698573654391725,0.0,0.6246382463091853,0.0,1.0,0.0,1.0,1.0,0.0,1.0,1.0,1.0,1.0,0.0,0.0,0.0,1.0,1.0,1.0,0.42551288877538673,0.0,1.0,1.0,1.0,1.0,0.0,0.0
81,product/amplitude,aligned10,3,5.1310001746233524,5.1088374621085695,5.217463588423631,5.109662503339126,0.2325173102057434,-3.650560481594634,43.81997766206041,253.84941362892278,1,1,excluded,r_hat_max 1.707 > 1.1; n_eff_min 4.4 < 16.0,1.707196129950293,1.0325467231840808,0.5615763546798029,4.388252880796225,0,63.0,1.384847745398198,7.598594363422728,1.707196129950293,4.388252880796225,1.1571031322998993,18.570125359739993,3.4456920725542224,2.144132579631724,0,0.0,0.20066400839590798,0.0,1.0,1.0,0.35294366176153147,1.0,0.2051939436935702,1.0,0.6221804050717384,0.0,0.0,0.0,1.0,0.4543423739680102,1.0,0.0,0.32796441137285715,1.0,0.10325259596674062,1.0,1.0,1.0,0.0,0.3785443296835771,0.0,0.0,1.0,1.0,0.0,0.15532092907278242,1.0,1.0,1.0,0.0,0.0,0.8355720256680738,1.0,0.0,0.5763537834772365,0.0,1.0,1.0,1.0,0.0,1.0,0.0,0.0,1.0,0.4823247507741433,0.0,0.0,0.0,0.0,1.0,0.0,0.0,1.0,1.0,0.5431870853007783,0.0,0.0,1.0,0.7249591758485485,0.0,0.0,0.6121557548431175,0.0,0.7794636121484394,1.0,1.0,0.0,1.0,0.698763283637723,1.0,0.5362166029227416,0.0,1.0,0.0,1.0,1.0,0.0,1.0,1.0,1.0,0.9389760353805768,0.0,0.508768672587604,0.0,0.0,0.0,1.0,0.4064311531551153,0.0,1.0,1.0,1.0,1.0,0.0,0.014850630167902331
82,product/amplitude,aligned10,3,5.1128208952714775,5.099910396402652,5.217463588423631,5.109662503339126,0.2325173102057434,-3.8184950694021573,40.478644957067445,239.87428041384555,1,1,excluded,r_hat_max 1.322 > 1.1; n_eff_min 7.5 < 16.0,1.3223067414081122,1.0142087519130563,0.7783251231527094,7.506354164133494,0,63.0,1.3223067414081122,8.899692461868643,1.2969067719194742,7.506354164133494,1.0115224118597828,25.070600479103337,3.466244610384334,2.139031271742781,0,0.0,0.19496916078995083,0.0,0.7134358124808037,1.0,0.16918351687255323,1.0,0.1552003269120219,1.0,0.6387751936092086,0.0,0.0,0.0,1.0,0.449373035824539,1.0,0.1926007088566918,0.2932480008898792,1.0,0.0,1.0,1.0,1.0,0.0,0.7891779208970869,0.07461022143171249,0.0,1.0,1.0,0.0,0.1855775114781708,1.0,1.0,1.0,0.0,1.0,0.7246013081747747,0.41039242013702415,0.0,0.0,0.0,1.0,1.0,1.0,0.0,1.0,0.0,0.0,1.0,1.0,0.0,0.0,0.0,0.19948974791987867,1.0,0.0,0.0,1.0,1.0,0.5243543689772107,0.2721743918539569,0.0,1.0,0.7018551468679339,0.2072001265222809,0.0,0.5525247884927195,0.0,0.8678463049772958,1.0,1.0,0.0,1.0,1.0,1.0,1.0,0.0,1.0,0.0,1.0,1.0,0.5477062034520492,1.0,1.0,1.0,0.9909936337659893,0.0,0.0,0.0,0.0,1.0,1.0,0.40677904209257715,0.0,1.0,1.0,1.0,0.4474177617144194,0.0,0.0
83,product/amplitude,aligned10,3,5.187301926714907,5.088645077033989,5.217463588423631,5.109662503339126,0.2325173102057434,-3.286125838083823,43.648894981015474,309.6732918359339,1,1,excluded,r_hat_max 1.623 > 1.1; n_eff_min 4.4 < 16.0,1.6232046432302387,1.022096783152996,0.6650246305418719,4.411596912501458,0,63.0,1.2886011562058035,9.090681582247145,1.6232046432302387,4.411596912501458,1.0135304762028214,17.40429090931169,3.4860828788769496,2.133682376973458,0,0.0,0.0,0.0,0.42030022537973255,1.0,0.18140928170988072,1.0,0.0,1.0,0.6549394747768715,0.0,0.0,0.0,1.0,0.47061704083225847,0.0,0.0,0.1456392835049959,1.0,0.0,1.0,1.0,1.0,1.0,0.2949938197797832,0.0,0.0,1.0,1.0,0.0,0.17215633626042917,1.0,1.0,1.0,0.0,0.0,0.7722267491913282,0.0,0.0,0.539865911412057,0.0,1.0,1.0,1.0,0.0,1.0,0.0,0.0,1.0,0.6081689649160212,0.0,0.03546694828297942,0.0,0.0790990257845706,1.0,1.0,0.0,1.0,1.0,0.5322323788285245,0.0006827477705931802,1.0,1.0,0.6932817715173598,0.0,0.0,0.5403717894442472,0.0,0.9167222650482253,0.5818785973006425,1.0,0.0,1.0,0.0,0.0,0.6120345534126076,0.0,1.0,0.0,0.9977153287463467,1.0,0.8678824593588881,1.0,1.0,1.0,1.0,0.0,0.0,0.0,0.7238068871259657,0.0,1.0,0.3908457313328023,0.0,1.0,1.0,1.0,0.0,0.0,0.0
84,product/amplitude,aligned10,3,5.1555085095540045,5.096782425041243,5.217463588423631,5.109662503339126,0.2325173102057434,-3.2503527318455365,41.13632070203312,192.95590374595486,1,1,excluded,r_hat_max 1.569 > 1.1; n_eff_min 5.8 < 16.0,1.5687867836501468,1.0228529522860046,0.6502463054187192,5.8134728235546795,0,63.0,1.324447570883481,9.1398059251774,1.5687867836501468,5.8134728235546795,1.0186622698192482,51.982602579886304,3.506335486589306,2.128954394735963,0,0.0,0.17962613334604038,0.0,1.0,1.0,0.17348111606390076,1.0,0.0,1.0,0.6291845143223428,0.0,0.0,0.0,1.0,0.46004319027435703,0.0,0.0,0.0,1.0,0.04963331349911119,1.0,0.0,1.0,0.0,1.0,0.0,0.0,1.0,1.0,0.0,0.15590241702273325,1.0,1.0,1.0,0.0,0.0,0.7601637073858937,0.0,0.0,0.3449580274596321,0.6274829829394503,1.0,1.0,1.0,0.0,1.0,0.15452170611194352,0.0,1.0,0.690515047322104,0.0,0.0,0.0,1.0,1.0,0.4086045466138962,0.0,1.0,1.0,0.5297800521301375,0.0,1.0,1.0,0.767679501839588,0.0,0.0,0.5351994683851343,0.0,0.8708369055077199,1.0,1.0,0.8058719602417527,0.7056303100796616,0.7101202273455849,0.0,0.0,0.0,1.0,0.0,1.0,1.0,0.0,1.0,1.0,1.0,1.0,0.0,0.0,0.0,0.19302480013345488,0.0,1.0,0.0,0.0,1.0,1.0,1.0,0.2875148985868893,0.0,0.0
85,product/amplitude,aligned10,3,5.153949586279788,5.09162405867468,5.217463588423631,5.109662503339126,0.2325173102057434,-3.596745725303179,44.226602723123506,208.90414301794954,1,1,excluded,r_hat_max 1.480 > 1.1; n_eff_min 6.2 < 16.0,1.480061457060681,1.0241095158658062,0.645320197044335,6.165980496488638,0,63.0,1.3413744018865046,6.838879178566171,1.480061457060681,6.165980496488638,1.0688610165564851,18.72611251932717,3.5257375221535967,2.123851403893516,0,0.0,0.21365835421085919,0.0,0.41626948606081904,1.0,0.3936839633596874,1.0,0.6144896143659614,1.0,0.6373499338844488,0.0,0.0,0.0,1.0,0.47121246084428553,0.0,0.0,0.295531201071991,1.0,0.0,1.0,1.0,1.0,0.0,0.0,0.0,0.0,1.0,1.0,0.0,0.16728049391310448,1.0,0.8943777929168695,1.0,0.0,0.0,1.0,0.0,0.0,0.5770830949019415,0.0,1.0,1.0,1.0,0.0,1.0,0.0,0.0,1.0,1.0,0.0,0.0,0.0,0.0,1.0,0.0,0.0,1.0,1.0,0.5335163453093729,0.0,0.8726975766841586,1.0,0.7078893860368699,0.0,0.0,0.5657329815524387,0.0,0.8879220517618709,1.0,1.0,0.0,1.0,0.701325536909318,1.0,0.0,0.0,1.0,0.0,1.0,0.0,0.8639868177377772,1.0,0.8919206929176071,1.0,1.0,0.0,0.0,0.0,0.7528583944834969,1.0,1.0,0.42543123310824044,0.0,1.0,1.0,1.0,1.0,0.0,0.0
86,product/amplitude,aligned10,3,5.157220780658478,5.100173141598304,5.217463588423631,5.109662503339126,0.2325173102057434,-3.7226584022424776,41.72192692407407,214.08774195192382,1,1,excluded,r_hat_max 1.509 > 1.1; n_eff_min 5.6 < 16.0,1.5093504116742895,1.0259136591053424,0.6305418719211823,5.577492111428524,0,63.0,1.5093504116742895,5.577492111428524,1.3260463729112804,6.682341047988542,1.1416514694990096,29.62194276955115,3.5446702205736687,2.1186699285069546,0,0.0,0.18671422771894108,0.0,0.0,1.0,0.0,1.0,0.0,1.0,0.6419304135678565,0.0,0.0,0.0,1.0,0.43327894525506816,0.30644836716297685,0.13749882050120782,0.2891437283053661,1.0,0.0,1.0,1.0,1.0,0.0,0.23609615478037144,0.0,0.0,1.0,1.0,0.0,0.24322823940481442,1.0,1.0,1.0,0.0,0.0,0.9302109039526177,0.0,0.0,0.0,0.0,1.0,1.0,0.0,0.0,1.0,0.0,0.0,0.552189660813744,0.6214438547308954,0.0,0.0,0.0,0.0,1.0,0.0,0.0,1.0,1.0,0.5195095348139266,0.0,1.0,1.0,0.0,0.0,0.0,0.5655763184248941,0.0,1.0,1.0,1.0,0.0,0.3424263261749675,0.0,1.0,0.5804299845075744,0.0,1.0,0.0,1.0,1.0,0.0,1.0,1.0,1.0,1.0,0.0,0.4727420486103276,0.2190242190387907,1.0,0.0,1.0,0.39181908161509993,0.08003674595249244,1.0,1.0,1.0,1.0,0.0,0.0
87,product/amplitude,aligned10,3,5.120172818227595,5.1083562923214805,5.217463588423631,5.109662503339126,0.2325173102057434,-3.7784205520543344,44.89453707681969,225.40260145091452,1,1,excluded,r_hat_max 1.513 > 1.1; n_eff_min 5.9 < 16.0,1.5132624038397795,1.0312180382344533,0.6059113300492611,5.934732407220503,0,63.0,1.5132624038397795,5.934732407220503,1.423106038250519,7.672598695478442,1.2383198351706024,11.321237912908302,3.5632052844826894,2.113459835549047,0,0.0,0.19717263150796382,0.0,0.0,1.0,0.1780322189401152,1.0,0.18097979498736108,1.0,0.638632848559366,0.0,0.0,0.0,1.0,0.4526668051098341,0.0,0.1648690780174563,0.3213227750365242,1.0,0.10049965810892293,1.0,1.0,1.0,0.0,0.47491367263784007,0.0,0.0,1.0,1.0,0.0,0.0,1.0,1.0,1.0,0.0,1.0,1.0,0.0,0.0,0.2902939677935644,0.0,1.0,1.0,1.0,0.0,1.0,0.0,0.0,1.0,0.5739182756643781,0.0,0.0,0.0,0.0,1.0,0.0,0.0,1.0,1.0,0.5355802165148712,0.0,1.0,1.0,0.6982008881836952,0.0,0.0,0.5497290496371291,0.0,0.8966834924331982,1.0,1.0,0.0,1.0,0.6889149304456208,0.0,0.587349525830676,0.0,1.0,0.0,1.0,1.0,0.8752168524891455,1.0,1.0,1.0,0.9438297425989821,0.0,0.0,0.0,0.0,0.0,1.0,0.4370539095207404,0.0,0.0,1.0,0.4234548474667946,1.0,0.0,0.0
88,product/amplitude,aligned10,3,5.066018006096747,5.083339161203123,5.217463588423631,5.109662503339126,0.2325173102057434,-3.7940042040244872,41.81635777000338,230.80913753109053,1,1,excluded,r_hat_max 1.458 > 1.1; n_eff_min 7.1 < 16.0,1.4582481137104193,1.0155764085471048,0.7389162561576355,7.129759740216915,0,63.0,1.4582481137104193,7.129759740216915,1.3157719254558078,8.62968544201512,1.0214729710456505,57.943902092223006,3.5808980973661546,2.107887207553532,0,0.0,0.1804554496331866,0.0,0.4563497652962986,1.0,0.2449231504874576,1.0,0.0,1.0,0.6595567689059275,0.0,0.0,0.0,1.0,0.46228846139763324,1.0,0.0,0.3122780989316301,1.0,0.10063410210461145,1.0,0.0,1.0,0.0,0.4590413748442461,0.0,0.0,1.0,1.0,0.0,0.0,1.0,1.0,1.0,0.0,0.0,1.0,0.0,0.0,0.4326624019659656,0.0,1.0,1.0,1.0,0.0,1.0,0.0,0.0,1.0,0.5828503614155627,0.0,0.0,0.0,1.0,1.0,0.0,0.0,1.0,1.0,0.5203778405040324,0.0,1.0,1.0,1.0,0.0,0.0,0.5518437221732357,0.0,1.0,0.6161357092351403,1.0,0.0,1.0,0.0,0.0,0.7531448866219619,0.0,1.0,0.0,1.0,1.0,0.0,1.0,1.0,1.0,1.0,0.0,0.49176392552738607,0.0,1.0,0.0,1.0,0.3959806209350946,0.44209512476853446,1.0,1.0,1.0,0.338439325935256,0.0,0.0
89,product/amplitude,aligned10,3,5.072161627393602,5.1002704016028355,5.217463588423631,5.109662503339126,0.2325173102057434,-4.018811101813231,44.604301969055086,197.7276698150672,1,1,excluded,r_hat_max 1.488 > 1.1; n_eff_min 6.6 < 16.0,1.488271691988578,1.0184962131752309,0.6896551724137931,6.599351340655858,0,63.0,1.488271691988578,6.599351340655858,1.3719205391092415,7.981768456874314,1.0800442048981633,39.69518682324158,3.597584837913689,2.101848799745568,0,0.0,0.17882941715630996,0.0,0.30536254651984013,1.0,0.1596187446898701,1.0,0.15118297277463263,1.0,0.6500700839400521,0.0,0.0,0.0,1.0,0.4477698401317025,0.0,0.0,0.2649210671831026,1.0,0.0,1.0,1.0,0.0,1.0,0.2960891414125107,0.0,0.0,1.0,1.0,0.0,0.0,1.0,1.0,1.0,0.0,0.0,0.7322610108283976,0.0,0.0,0.5683932440428567,0.5117392316544411,1.0,1.0,1.0,0.0,1.0,0.0,0.0,0.7309685789530737,0.6326416330280852,0.0,0.0,0.0,0.0,1.0,0.0,0.0,1.0,1.0,0.5251723996815015,0.0,0.0,1.0,0.0,0.0,0.0,0.5477811328222664,0.0,0.5189575543703986,1.0,1.0,0.0,1.0,0.660429152780106,1.0,0.0,0.0,1.0,0.0,1.0,1.0,0.0,1.0,1.0,1.0,1.0,0.0,1.0,0.0,0.3254774220395051,1.0,1.0,0.3648236409393084,0.0,1.0,1.0,1.0,1.0,0.0,0.0
90,product/amplitude,aligned10,3,5.121102463597019,5.082327581419848,5.217463588423631,5.109662503339126,0.2325173102057434,-4.083950423347398,37.215157913044095,201.2020550800953,1,1,excluded,r_hat_max 1.598 > 1.1; n_eff_min 5.6 < 16.0,1.5982568227917606,1.0366437899109164,0.5862068965517241,5.649173688809023,0,63.0,1.5164539427534454,6.81629671012377,1.5982568227917606,5.649173688809023,1.119574464283961,23.21262865112743,3.613969024463466,2.095846693182468,0,0.0,0.0,0.0,1.0,1.0,0.1817388755775426,1.0,0.168555689920721,1.0,0.634893416347042,0.0,0.0,0.0,1.0,0.43786462066601683,1.0,0.0,0.27605634056740813,1.0,0.0,1.0,1.0,1.0,1.0,1.0,0.0,0.0,1.0,1.0,0.0,0.2667272351194561,1.0,1.0,1.0,0.0,0.0,0.769113496782393,0.0,0.0,0.5591764574126671,0.0,1.0,0.3551459328546396,1.0,0.0,1.0,0.0,0.0,1.0,1.0,0.0,0.0,0.0,0.0,1.0,1.0,0.0,1.0,1.0,0.5042762000171713,0.0,0.8826856415208568,1.0,1.0,0.0,0.0,0.5578110254846281,0.0,0.8655231518246778,1.0,1.0,0.0,1.0,0.7007606894808941,0.0,0.0,0.0,1.0,0.0,1.0,1.0,0.0,1.0,1.0,1.0,1.0,0.0,0.0,0.0,1.0,0.0,1.0,0.4006787755232359,0.0,1.0,1.0,1.0,0.0,0.0,0.0
91,product/amplitude,aligned10,3,5.200473603176634,5.1215149718328865,5.217463588423631,5.1215149718328865,0.22066484171198297,-3.987935487814867,41.35541464295238,239.5666230171919,1,1,excluded,r_hat_max 1.674 > 1.1; n_eff_min 5.0 < 16.0,1.673629540913265,1.0236191604788352,0.6502463054187192,4.950881494902036,0,63.0,1.673629540913265,4.950881494902036,1.5055613988371828,6.355811473725473,1.1682378082524938,13.74933823899467,3.6305309303880104,2.090212914966577,0,0.0,0.0,0.1492493593102192,0.0,1.0,0.16880828275397564,1.0,0.0,1.0,0.6425638921748849,0.0,0.0,0.0,1.0,0.4524950190202866,0.0,0.0,0.0,1.0,0.0,1.0,1.0,1.0,1.0,0.0,0.0,0.0,1.0,0.920968351227122,0.0,0.25295116253293337,1.0,1.0,0.9928262134247356,0.0,0.0,0.7789428398486752,0.0,0.0,0.6025179394610798,0.0,1.0,1.0,1.0,0.0,1.0,0.0,0.0,1.0,0.5979238986070643,0.7365159987085165,0.0,0.0,0.4290532501560064,1.0,0.935227403249791,0.0,1.0,1.0,0.557546739833691,0.0,1.0,1.0,0.6926364832977897,0.0,0.09101534620604043,0.5541969182818317,0.0,0.8797861457608418,1.0,1.0,0.0,1.0,0.7098223938871899,0.0,0.6936666763716661,0.0,1.0,0.0,1.0,1.0,0.8723537758194531,1.0,1.0,1.0,1.0,0.0,0.0,0.0,1.0,1.0,1.0,0.39981697018688295,0.0,1.0,1.0,1.0,0.6944808179294114,0.0,0.0
92,product/amplitude,aligned10,3,5.108877040084451,5.122366237896374,5.217463588423631,5.122366237896374,0.21981357564849535,-3.6763212855929392,38.91876510507427,257.00408665603027,1,1,excluded,r_hat_max 1.380 > 1.1; n_eff_min 6.8 < 16.0,1.380385120261553,1.0225494581468866,0.6798029556650246,6.7684029641363805,0,63.0,1.380385120261553,6.7684029641363805,1.296764871111931,8.767382015425385,1.045919712182809,38.372372369848335,3.647595524657452,2.0851859011102243,0,0.0,0.19431375288488648,0.0,0.0,1.0,0.0,1.0,0.0,1.0,0.6381589639226183,0.0,0.0,0.0,1.0,0.43963798448228736,0.228238875847168,0.0,0.3024260525374152,1.0,0.05415003775333519,1.0,1.0,1.0,1.0,1.0,0.0,0.0014172607735732567,1.0,0.8180183749188145,0.0,0.2386546130086094,1.0,1.0,1.0,0.0,0.0,0.8136762287323328,0.0,0.0,0.5460026654094381,1.0,1.0,1.0,1.0,0.0,1.0,0.0,0.0,1.0,0.7869172423625808,0.46753652528695655,0.0,0.0,0.40175495937018674,1.0,0.9329389206543565,0.0,1.0,1.0,0.5470574329293023,0.0,0.9770582125364785,1.0,0.7188495451799717,0.0,0.0,0.5663583261895448,0.0,1.0,1.0,1.0,0.0,1.0,0.7303846773200072,0.0,0.6826116807043973,0.0,1.0,0.0,1.0,1.0,0.8636694664135802,1.0,1.0,1.0,1.0,0.0,0.0,0.1287686086079653,0.6817824324025016,0.506937157051487,1.0,0.4009296858835625,0.09648626778819407,1.0,1.0,1.0,1.0,0.0,0.0
93,product/amplitude,aligned10,3,5.09628357480021,5.08241272215957,5.217463588423631,5.122366237896374,0.21981357564849535,-3.5898791630757207,41.72768275602721,249.61024574493058,1,1,excluded,r_hat_max 1.391 > 1.1; n_eff_min 6.8 < 16.0,1.3912361544700642,1.0231304612227043,0.6354679802955665,6.839141443509559,0,63.0,1.3641382616593527,7.094221406575475,1.3912361544700642,6.839141443509559,1.0212658028519908,62.52109433493194,3.663308229124409,2.079413702687827,0,0.0,0.16596062368943876,1.0,1.0,1.0,1.0,1.0,0.0,1.0,0.6307749141918283,0.0,0.0,0.0,1.0,0.4689256874138327,0.0,0.14716064637192658,0.14577262086831913,1.0,0.0,1.0,1.0,1.0,1.0,0.3190389402147452,0.0,0.0,1.0,0.9198655017762177,0.0,0.2692870641943818,1.0,1.0,1.0,0.0,0.0,1.0,0.0,0.0,0.6058645072513633,0.0,1.0,1.0,0.0,0.0,1.0,0.0,1.0,1.0,0.4232386705106257,0.0,0.0,0.0,0.11269886527352638,1.0,0.4474030798325012,0.0,1.0,1.0,0.5223559963579815,0.0,0.0,1.0,0.699043934237007,0.0,0.0,0.5569312734247903,0.0,1.0,1.0,1.0,1.0,1.0,0.6795151102387266,0.0,0.4210499492580229,0.0,1.0,0.0,1.0,1.0,0.9127575736328927,1.0,1.0,1.0,1.0,0.0,1.0,0.0,1.0,1.0,1.0,0.4083504450498132,0.0,1.0,1.0,1.0,0.0,0.0,0.0
94,product/amplitude,aligned10,3,4.913334491274076,5.07385759151289,5.217463588423631,5.122366237896374,0.21981357564849535,-4.129493049963189,37.31203822698444,253.56706793792546,1,1,excluded,r_hat_max 1.473 > 1.1; n_eff_min 5.5 < 16.0,1.4727852490730446,1.0277633967736406,0.6059113300492611,5.529261041188184,0,63.0,1.4727852490730446,5.529261041188184,1.4686034699875834,6.227970868276314,1.0113108218329652,39.092697646933274,3.6785526476954282,2.0735414733741595,0,0.0,0.0,0.0,0.0,1.0,0.17318075100620733,1.0,0.19904474746057202,1.0,0.6530428494986262,0.0,0.0,0.0,1.0,0.4624757648776779,0.0,0.0,0.0,0.918264388793988,0.0,1.0,1.0,1.0,0.0,0.0,0.0,0.0,1.0,1.0,0.0,0.21758772866037054,1.0,1.0,1.0,0.0,0.0,0.7634522075030519,0.0,0.0,0.5869436909186317,0.0,1.0,1.0,1.0,0.0,1.0,0.0,0.0,1.0,0.6817133420389799,0.0,0.0,0.0,0.0,1.0,1.0,0.0,0.8979182396951906,1.0,0.5528119234947442,0.0,0.0,1.0,0.6932480243523216,0.0,0.0,0.5610596207031523,0.0,1.0,1.0,1.0,1.0,0.36606169741615996,1.0,0.0,0.665406317553186,0.0,1.0,0.0,0.0,1.0,0.8763778038539232,1.0,1.0,1.0,1.0,0.0,0.3728703699803063,0.0,1.0,1.0,1.0,0.39019551835021915,0.0,1.0,1.0,1.0,0.5700882641851077,0.0,0.0
95,product/amplitude,aligned10,3,5.184891530769352,5.086241510005712,5.217463588423631,5.122366237896374,0.21981357564849535,-3.7598224972465624,41.871679401025176,249.8153339808341,1,1,excluded,r_hat_max 1.547 > 1.1; n_eff_min 4.8 < 16.0,1.5469866489544384,1.029010862435447,0.5911330049261084,4.778670270143418,0,63.0,1.3360845554393268,7.263200732124038,1.5469866489544384,4.778670270143418,1.1285302913245616,26.26910387388974,3.691550351312046,2.066445245756076,0,0.0,0.19826280168238478,0.8393454034203515,1.0,1.0,0.41568284151573637,1.0,0.0,1.0,0.637505368217363,0.0,0.0,0.0,1.0,0.45695100663015714,0.0,0.0,0.014807244112106198,1.0,0.0,1.0,1.0,1.0,1.0,1.0,0.0,0.0,1.0,0.9306473915805288,0.0,0.26309004795231017,1.0,0.0,1.0,0.0,0.07190948271125548,0.7613437326140852,0.0,0.0,0.5337736121126766,0.0,1.0,0.36249358245463154,0.0,0.0,1.0,0.20111350604880024,0.1704510954476074,1.0,0.549328799203232,0.0,0.0,0.0,1.0,1.0,0.0,0.0,1.0,1.0,0.5156325632332067,0.0,1.0,1.0,0.7032829888487766,0.0,0.0,0.5418221267821864,0.0,1.0,0.6067615267131091,1.0,0.0,1.0,0.0,1.0,0.5390101126465229,0.0,1.0,0.0,1.0,0.0,0.871093381788284,1.0,1.0,1.0,1.0,0.0,0.0,0.0,0.0,1.0,1.0,0.4714836570629695,0.04863561519520171,1.0,1.0,1.0,1.0,0.0,0.0
96,product/amplitude,aligned10,3,5.197771144605338,5.094756561659259,5.217463588423631,5.122366237896374,0.21981357564849535,-3.6856545826949327,38.238885677885264,268.1667046630755,1,1,excluded,r_hat_max 1.437 > 1.1; n_eff_min 6.0 < 16.0,1.436605731400294,1.0245902293732576,0.6650246305418719,6.0186510453211195,0,63.0,1.3755215906847276,7.541752640917597,1.436605731400294,6.0186510453211195,1.0278536055768377,81.40367439818846,3.7071059885980593,2.061238133195021,0,0.0,0.19300979328739226,0.5338846961913605,0.4137202562072083,1.0,0.15100789239499118,1.0,0.0,1.0,0.625235797622238,0.0,0.0,0.0,1.0,0.4581535862173906,0.0,0.0,0.23595034910580975,1.0,0.0,1.0,1.0,1.0,1.0,0.4265971764888113,0.0,0.0,1.0,1.0,0.0,0.24169047975899957,1.0,1.0,1.0,0.0,0.0,0.8409024161338455,0.0,0.0,0.5616023106383936,0.405364679263996,1.0,1.0,1.0,0.0,0.0,0.0,0.0,1.0,0.6039248645450781,0.7389950144171237,0.0,0.0,1.0,1.0,0.0,0.0,1.0,1.0,0.5275934011486124,0.0,0.8942076511627397,1.0,0.6971366462155839,0.0,0.0,0.5492179258763926,0.0,0.8577419876306861,1.0,1.0,0.0,1.0,0.0,1.0,0.5344240925007423,0.0,1.0,0.0,1.0,1.0,0.8893512270956961,1.0,1.0,1.0,1.0,0.0,0.0,0.0,0.0,0.0,1.0,0.4231928310962059,0.0,1.0,1.0,1.0,0.7102748459284423,0.0,0.0
97,product/amplitude,aligned10,3,5.173212604938245,5.094303595187193,5.217463588423631,5.122366237896374,0.21981357564849535,-3.5110762807845974,43.0894378030207,256.3684395409655,1,1,excluded,r_hat_max 1.537 > 1.1; n_eff_min 5.5 < 16.0,1.5368480671058342,1.0477338985771778,0.5172413793103449,5.505066953655008,0,63.0,1.5368480671058342,5.505066953655008,1.4654375379056381,6.080953321751743,1.1007046867228885,65.29804179289576,3.722473670618753,2.0561063897671286,0,0.0,0.18377366908098522,0.1447112316733332,1.0,1.0,0.3557735873464386,1.0,0.0,1.0,0.6395472377740665,0.0,0.0,0.0,1.0,0.45641238951647556,0.0,0.09815341696910461,0.26871359765519703,1.0,0.0,1.0,1.0,1.0,1.0,0.22154711779242622,0.0,0.0,1.0,1.0,0.0,0.24481742263162437,1.0,0.0,0.956824517597748,0.0,1.0,0.7806703150848545,0.0,0.0,0.5692931881965222,0.0,1.0,1.0,0.0,0.0,0.0,0.0,0.0,1.0,0.5990417253541122,0.6927470696364623,0.0,0.0,1.0,1.0,0.0,0.0,1.0,1.0,0.5229164458940392,0.0,1.0,1.0,0.7059129607242723,0.0,0.0,0.5419267695558109,0.0,0.8721720631163131,1.0,1.0,0.0,1.0,0.6039835170702909,1.0,0.6853734503109946,0.0,1.0,0.0,1.0,0.0,0.0,1.0,1.0,1.0,1.0,0.0,0.0,0.0,0.0,0.0,1.0,0.4243745835780419,0.0,1.0,1.0,1.0,0.696804709959035,0.0,0.06330803427531605
98,product/amplitude,aligned10,3,5.03428259017126,5.098984834209239,5.217463588423631,5.122366237896374,0.21981357564849535,-3.9299945512149934,41.049728584010154,251.7035495939199,1,1,excluded,r_hat_max 1.649 > 1.1; n_eff_min 5.9 < 16.0,1.6492778853511976,1.0289939596600437,0.6551724137931034,5.93137679852784,0,63.0,1.508742829648935,6.287616585408723,1.6492778853511976,5.93137679852784,1.0303458523269768,23.157728273024077,3.7372771291322175,2.0507783381744886,0,0.0,0.20519411951290478,0.1564267142637866,0.41369015710443635,1.0,0.1774311305769916,1.0,0.0,1.0,0.6377033015652642,0.0,0.0,0.0,1.0,0.45538948200397744,0.0,0.0,0.2938690866970197,1.0,0.0,1.0,1.0,1.0,1.0,1.0,0.0,0.0,1.0,0.9451706630625649,0.0,0.2698150301550348,1.0,1.0,1.0,0.0,0.0,0.7915505534003542,0.0,0.0,0.542892110385681,0.4598074088555181,1.0,0.3023216135121255,0.0,0.0,0.0,0.20558021175876698,0.0,1.0,0.3634797053222939,0.8059999772361521,0.0,0.0,1.0,1.0,0.0,0.0,1.0,0.885823343271338,0.5270485074663509,0.0,1.0,0.8293331471820525,0.6947271939979183,0.0,0.0,0.5667170408032279,0.0,0.8734484083957552,1.0,1.0,0.0,1.0,0.0,1.0,0.6184669119369749,0.0,1.0,0.0,1.0,1.0,0.0,1.0,1.0,1.0,1.0,0.0,0.0,0.0,0.0,0.0,1.0,0.5034596138874344,0.0,1.0,1.0,1.0,1.0,0.0,0.0
99,product/amplitude,aligned10,3,5.026849370665361,5.05968001424537,5.217463588423631,5.122366237896374,0.21981357564849535,-3.4988611860734875,43.24423807603307,232.19586686394177,1,1,excluded,r_hat_max 1.504 > 1.1; n_eff_min 7.2 < 16.0,1.5041477978434794,1.0258995092904712,0.6798029556650246,7.207078642275044,0,63.0,1.5041477978434794,7.684283122657229,1.4194801561329236,7.207078642275044,1.454322467543655,9.321014215224855,3.7503781943952377,2.044512306720172,0,0.0,0.18020196308595263,0.7835301353027756,1.0,1.0,0.1588909650911715,1.0,0.0,1.0,0.6285151722586172,0.0,0.0,0.0,1.0,0.4677272790810646,0.2998375739622098,0.0,0.0,1.0,0.0,1.0,1.0,1.0,1.0,1.0,0.0,0.0,1.0,1.0,0.0,0.2414961490760151,1.0,0.0,1.0,0.0,1.0,0.8667021586307849,0.0,0.0,0.555884170455848,0.0,1.0,1.0,1.0,0.0,1.0,0.0,0.0,0.5331712593290187,0.5929840631102357,0.0,0.0,0.0,0.42853552252419064,1.0,0.0,0.0,1.0,1.0,0.5012518633769925,0.0,1.0,1.0,0.6859044017057067,0.0,0.09065203430567616,0.5579876408326992,0.0,1.0,0.562827017801952,0.9399858552023478,0.0,1.0,0.0,1.0,0.5422328962710885,0.0,1.0,0.0,1.0,1.0,0.8383066183193844,1.0,0.9068926486358153,1.0,1.0,0.0,0.0,0.1945581778202746,0.0,0.7237365461919903,1.0,0.3874814042693901,0.0,1.0,1.0,1.0,1.0,0.0,0.0
100,product/amplitude,aligned10,3,5.070335140109535,5.0969623098598005,5.217463588423631,5.122366237896374,0.21981357564849535,-3.8776537789377903,41.69246449205093,253.57049931189977,1,1,excluded,r_hat_max 1.565 > 1.1; n_eff_min 5.9 < 16.0,1.564555734691928,1.0244412195045554,0.6157635467980296,5.926542142606943,0,63.0,1.4270336758404174,5.926542142606943,1.564555734691928,6.3614637344951435,1.0447112219119914,46.35218147896621,3.7631429061579396,2.03822499135376,1,0.0,0.0,1.0,1.0,1.0,0.0,1.0,0.0,1.0,0.6266336752560847,0.0,0.0,0.0,1.0,0.4501118045145567,1.0,0.0,0.172431978778484,1.0,0.0,1.0,1.0,0.6531384108068048,0.0,0.34233813967290605,0.0,0.0,1.0,1.0,0.0,0.18446937288597254,1.0,1.0,1.0,0.0,0.07778931855405083,0.7820658509926423,0.0,0.0,0.0,0.15309227439649017,1.0,1.0,1.0,0.0,0.0,0.0,0.2656356429387341,1.0,0.5800762550588674,0.6962235139996262,0.0,0.0,1.0,1.0,0.4452935868957923,0.0,1.0,1.0,0.5241218468822125,0.0,0.8915400390779116,1.0,0.6995218647860081,0.0,0.0,0.5431339272093787,0.0,0.8171849004318911,1.0,1.0,0.0,1.0,0.6773521413276895,1.0,0.5535189374627607,0.0,1.0,0.0,1.0,0.0,0.9352253691079082,1.0,1.0,1.0,1.0,0.0,0.0,0.0,0.7279904659812954,0.0,1.0,0.39947308387496006,0.050496799572055696,0.508709581752109,1.0,1.0,0.6914119076998807,0.0,0.0
101,product/amplitude,aligned10,3,5.156145819475543,5.100158649970297,5.217463588423631,5.122366237896374,0.21981357564849535,-4.053516092690754,42.61567523283884,241.120606651064,1,1,excluded,r_hat_max 1.630 > 1.1; n_eff_min 4.8 < 16.0,1.6303469771909795,1.0346416725834275,0.5615763546798029,4.829348140059236,0,63.0,1.6303469771909795,4.829348140059236,1.398380298934196,6.4856593198834265,1.263566500706083,13.352944981085784,3.7760854035237967,2.0322351367188003,0,0.0,0.17234820771842382,0.0,0.3929069523120696,1.0,0.0,1.0,0.0,1.0,0.6288028076450546,0.0,0.0,0.0,1.0,0.4590417506409293,1.0,0.0,0.0,1.0,0.0,1.0,1.0,1.0,1.0,0.24155152909953834,0.0,0.0,1.0,0.9163797770065754,0.0,0.19352258724949895,1.0,1.0,1.0,0.0,0.0,0.373912361566843,0.0,0.0,0.5674203015675621,0.0,1.0,1.0,1.0,0.0,1.0,0.0,0.0,1.0,0.6051906770896005,0.0,0.0,0.0,1.0,1.0,0.0,0.0,1.0,0.9406282255353805,0.5328288293912326,0.0,1.0,1.0,0.6843045120005625,0.0,0.0,0.5475618086765115,0.0,0.8452007461870368,1.0,1.0,0.0,1.0,0.6963444131763111,1.0,1.0,0.0,1.0,0.0,1.0,1.0,0.29147667338214056,1.0,1.0,1.0,1.0,0.0,0.0,0.0,0.0,0.0,1.0,0.42830060109717105,0.0,1.0,1.0,0.4153919267204009,0.0,0.0,0.0
102,product/amplitude,aligned10,3,4.99414454746054,5.00234733730804,5.217463588423631,5.122366237896374,0.21981357564849535,-4.315783109335593,40.664469056995586,201.06410461012274,1,1,excluded,r_hat_max 1.577 > 1.1; n_eff_min 5.4 < 16.0,1.5766456978569843,1.0311268240747369,0.6502463054187192,5.391955785548788,0,63.0,1.3929963632239142,7.274840478409162,1.5766456978569843,5.391955785548788,1.0298574990905622,54.12669334722172,3.7896154076017554,2.026814943792895,0,0.0,0.22038200620929674,0.0,0.0,1.0,0.7355939444260859,1.0,0.0,1.0,0.6345426414575953,0.0,0.0,0.0,1.0,0.42563967575121076,0.0,0.0,0.25271857156208694,1.0,0.07003519278608966,1.0,1.0,1.0,1.0,0.49442675226282673,0.0,0.0,1.0,1.0,0.0,0.20137881095173027,1.0,1.0,1.0,0.0,0.0,0.7278293505271839,0.0,0.0,0.5103030823623563,0.0,1.0,1.0,1.0,0.0,1.0,0.0,0.0,1.0,1.0,0.0,0.0,0.0,0.17033494291901544,1.0,0.020066953574619954,0.0,1.0,1.0,0.5450840985430577,0.0,0.7856576372846872,1.0,0.751967587488445,0.0,0.0011692914992763891,0.5548532797495992,0.13157760450897568,0.872423436941845,1.0,1.0,0.0,1.0,0.6944320713768627,1.0,0.0,0.0,1.0,0.0,1.0,0.0,0.5600484809210402,1.0,1.0,1.0,1.0,0.0,0.0,0.0,1.0,0.0,1.0,0.4232969460189828,0.0,1.0,1.0,1.0,1.0,0.0,0.0
103,product/amplitude,aligned10,3,5.107405831527082,5.076817914152881,5.217463588423631,5.122366237896374,0.21981357564849535,-3.8214587106101963,43.09787406097166,293.0941655219067,1,1,excluded,r_hat_max 1.730 > 1.1; n_eff_min 4.6 < 16.0,1.7301916780136928,1.0364762192451709,0.5911330049261084,4.646051260815677,0,63.0,1.4862930764941065,6.481713486437193,1.7301916780136928,4.646051260815677,1.2056901860684694,10.809563191611467,3.8013098652702872,2.0204071573816957,0,0.0,0.0,0.0,0.5756300530792323,1.0,0.0,1.0,1.0,1.0,0.6299668528586208,0.0,0.0,0.0,1.0,0.4611199561565772,1.0,0.12925787569639222,0.30942429096642443,1.0,0.7750131090712413,1.0,1.0,1.0,0.5547692081556839,0.42269552065639643,0.0,0.0,1.0,1.0,0.0,0.2811437513618936,1.0,0.9613053625447915,1.0,0.0,0.0,1.0,0.0,0.0,0.6423824133709982,0.0,1.0,1.0,1.0,0.0,0.0,0.09011723393727551,0.0,1.0,0.6081277248354473,0.0,0.02031426193666439,0.0,1.0,1.0,0.46871228619512423,0.0,1.0,1.0,0.5109920413457304,0.0,1.0,1.0,0.0,0.0,0.0,0.46312154942677647,0.0,1.0,1.0,1.0,0.0,1.0,0.6508664515526088,0.01285183703272666,0.7356919401087018,0.0,1.0,0.0,1.0,1.0,0.2625583549900519,1.0,1.0,1.0,1.0,0.0,0.0,0.0,0.0,1.0,1.0,0.39166799278840375,0.05065467240617807,1.0,1.0,1.0,0.0,0.0,0.0
104,product/amplitude,aligned10,3,5.04054541668402,5.098602336025371,5.217463588423631,5.122366237896374,0.21981357564849535,-4.421171463987447,40.8953277671244,283.6634356980212,1,1,excluded,r_hat_max 1.543 > 1.1; n_eff_min 5.4 < 16.0,1.5429439242626644,1.0278617287643244,0.6502463054187192,5.407214124505086,0,63.0,1.5302734317348012,5.415489039252864,1.5429439242626644,5.407214124505086,1.100234623356973,40.42319937534969,3.813868480330448,2.0147058558960635,0,0.0,0.18659511864281103,0.0,1.0,1.0,0.0,1.0,0.0,1.0,0.6289479780512807,0.0,0.0,0.0,1.0,0.4631159768610897,0.0,0.1684123897826301,0.1948622697798368,1.0,0.0,1.0,0.0,1.0,0.0,0.0,0.0,0.0,1.0,1.0,0.0,0.18916409539682588,1.0,1.0,1.0,0.0,0.0,0.7659487953584212,0.0,0.0,0.5392993676574186,0.0,1.0,0.6971871110230152,0.0,0.0,1.0,0.0,0.0,1.0,0.5536001160472972,0.0,0.0,0.0,1.0,1.0,0.0,0.0,1.0,1.0,0.534684882879576,0.0,1.0,1.0,0.709408289529816,0.0,0.0,0.5710700096540711,0.0,1.0,1.0,1.0,0.0,1.0,0.6985778793925295,0.0,0.4847156451182882,0.0,1.0,0.0,1.0,1.0,0.0,1.0,1.0,1.0,1.0,0.0,0.5180589167669619,0.0,0.08858534233575946,1.0,1.0,0.42860262152563394,0.0,1.0,1.0,1.0,0.0,0.0,0.0
105,product/amplitude,aligned10,3,5.040237195036593,5.087864987720362,5.217463588423631,5.122366237896374,0.21981357564849535,-4.66668915576782,43.118859162088484,216.9957910599187,1,1,excluded,r_hat_max 1.429 > 1.1; n_eff_min 6.8 < 16.0,1.428639588922034,1.017855825090452,0.625615763546798,6.83001382168671,0,63.0,1.428639588922034,6.83001382168671,1.2870210828323103,10.228126474326322,1.0431809981438414,23.380614047534404,3.82555111781953,2.008625525803616,0,0.0,0.1749506912940974,0.0,1.0,1.0,0.1419847702957967,1.0,0.0,1.0,0.6344355419249301,0.0,0.0,0.0,1.0,0.4572736786313245,0.0,0.0,0.242810691712606,1.0,0.0,1.0,1.0,1.0,1.0,0.42081067398668953,1.0,0.0,1.0,0.8857485954694585,0.0,0.20243121564557615,1.0,0.0,1.0,0.0,0.7277695264579025,1.0,0.0,0.0,0.5947859241872034,0.0,1.0,1.0,1.0,0.0,0.0,0.0,0.0,1.0,0.6070091546999106,0.0,0.0,0.0,0.0,1.0,0.9219720399452126,0.0,1.0,1.0,0.517626977228027,0.0,1.0,1.0,0.705395898984595,0.0,0.0,0.5372299269815202,0.0,0.8536772632946831,1.0,1.0,0.0,1.0,0.0,0.0,1.0,0.0,1.0,0.0,1.0,1.0,0.8897898336010353,1.0,1.0,1.0,1.0,0.0,0.0,0.0,0.0,0.0,1.0,0.0,0.0,1.0,1.0,1.0,0.2748636146734495,0.0,0.3604773245557099
106,product/amplitude,aligned10,3,5.276849653449223,5.078161191404125,5.276849653449223,5.122366237896374,0.21981357564849535,-4.899997608656443,42.195571065181866,275.62091886694543,1,1,excluded,r_hat_max 1.437 > 1.1; n_eff_min 5.4 < 16.0,1.4371121112150538,1.0384537219193666,0.5862068965517241,5.418940611773527,0,63.0,1.4371121112150538,5.418940611773527,1.3567171870180201,7.432514353289959,1.0148924190876598,76.69914340565303,3.837010420434785,2.0025739936777645,0,0.0,0.2261489270306014,0.0,0.4121923347991399,1.0,0.2086851580199179,1.0,0.2059924823232884,1.0,0.6426763824616785,0.0,0.0,0.0,1.0,0.45952771003383724,1.0,0.0,0.0,1.0,0.0,1.0,0.0,1.0,0.0,0.25086655663290697,0.0,0.0,1.0,0.9136226515153901,0.0,0.24383553448914178,1.0,1.0,1.0,0.0,0.0,1.0,0.0,0.0,0.6636183674993572,0.0,1.0,1.0,0.0,0.0,1.0,0.0,0.0,1.0,0.5786234743500237,1.0,0.0,0.0,1.0,0.24947328967890744,1.0,0.0,1.0,1.0,0.5100495291493885,0.0,0.0,1.0,0.7269475730981219,0.0,0.0,0.5457402964318464,0.0,0.8628019221896106,1.0,1.0,0.0,1.0,0.6888746164740509,1.0,0.6629649662341279,0.0,1.0,0.0,1.0,1.0,0.0,1.0,1.0,1.0,1.0,0.0,1.0,0.0,0.0,1.0,1.0,0.4104121526737911,0.0,1.0,1.0,1.0,0.0,0.0,0.0
107,product/amplitude,aligned10,3,5.020182995738611,5.060976574454399,5.276849653449223,5.122366237896374,0.21981357564849535,-4.508036947106513,43.68536930391565,254.86222150316462,1,1,excluded,r_hat_max 1.559 > 1.1; n_eff_min 4.8 < 16.0,1.5585067255017169,1.0296524947628471,0.5862068965517241,4.842398501121884,0,63.0,1.5052801422273407,6.856139520293874,1.5585067255017169,4.842398501121884,1.0118861132020065,47.80870996801166,3.8504668618648266,1.9980032965672103,0,0.0,0.0,0.4850087640049228,0.0,1.0,0.3458582280966189,1.0,1.0,1.0,0.6403937665271814,0.0,0.0,0.0,1.0,0.47008141344500115,1.0,0.09025953507277429,0.020012762842033023,1.0,0.0,1.0,1.0,1.0,1.0,1.0,0.0,0.0,1.0,0.0,0.0,0.0,1.0,1.0,1.0,0.0,1.0,1.0,0.0,0.0,0.5552585589757418,0.0,1.0,1.0,0.0,0.0,1.0,0.0,0.0,1.0,0.608427494567807,1.0,0.0,0.0,1.0,0.3435847915431929,1.0,0.0,1.0,1.0,0.5028856414526686,0.0,0.0,1.0,0.687045221550644,0.0,0.0,0.5345087779775839,0.0,0.8555801131474058,1.0,1.0,0.0,1.0,0.7046602952567792,1.0,0.0,0.0,1.0,0.0,1.0,1.0,0.16160044111423824,1.0,1.0,1.0,1.0,0.0,1.0,0.32613201857486257,0.0,0.0,1.0,0.0,0.0,1.0,1.0,1.0,1.0,0.0,0.0
108,product/amplitude,aligned10,3,4.941787575343065,5.063932395539722,5.276849653449223,5.122366237896374,0.21981357564849535,-5.360289276594535,41.71349834022112,261.2284938690718,1,1,excluded,r_hat_max 1.644 > 1.1; n_eff_min 5.1 < 16.0,1.6438330596977526,1.0248556662434585,0.6305418719211823,5.06032923174838,0,63.0,1.4236384222463043,6.704796682875692,1.6438330596977526,5.06032923174838,1.1015727466887686,56.64270797037007,3.861297566808102,1.991884935749091,0,0.0,0.23682257281045935,0.0,0.395441945503797,1.0,0.42778177644326915,1.0,0.0,1.0,0.6584271773101426,0.0,0.0,0.0,1.0,0.4438065542858684,1.0,0.2150284541419154,0.0,1.0,0.0,1.0,1.0,1.0,0.0,1.0,0.0,0.0,1.0,0.90795084584477,0.0,0.0,1.0,1.0,1.0,0.0,0.0,1.0,1.0,0.0,0.0,0.0,1.0,1.0,0.0,0.0,1.0,0.0,0.0,1.0,0.5756775660961585,0.5626287201943576,0.0,0.0,1.0,0.25746947335558523,1.0,0.0,1.0,1.0,0.4929843988892856,0.0,0.0,1.0,0.7248054493392914,0.0,0.0,0.5626636397758911,0.0,1.0,0.0,1.0,0.0,1.0,0.6160833348792915,1.0,1.0,0.0,1.0,0.0,1.0,1.0,0.0,1.0,1.0,1.0,1.0,0.0,0.9797459122552602,0.0,0.0,1.0,1.0,0.41512378827921,0.0,1.0,1.0,0.3897092607339814,0.0,0.0,0.0
109,product/amplitude,aligned10,3,5.13038420193089,5.0897047795038475,5.276849653449223,5.122366237896374,0.21981357564849535,-3.2615038245182815,43.78685569996014,246.21394814690575,1,1,excluded,r_hat_max 1.643 > 1.1; n_eff_min 5.6 < 16.0,1.6425508663130384,1.0248634132190404,0.6650246305418719,5.568493348413747,0,63.0,1.6425508663130384,5.568493348413747,1.5293755338418598,6.522912026133871,1.031208395236547,64.2659950705435,3.871210319179983,1.9854011970250307,0,0.0,0.1066488120401143,0.004170179646916675,1.0,1.0,0.2639053988214882,1.0,0.21842676412179649,1.0,0.6298215506977635,0.0,0.0,0.0,1.0,0.467925051456413,1.0,0.0,0.13396969265336434,1.0,0.0,1.0,0.0,1.0,1.0,0.24470636649527563,0.0,0.0,1.0,0.9388005523455826,0.0,0.27782453013577496,1.0,0.0,1.0,0.0,0.0,1.0,0.0,0.0,0.6094377917510564,1.0,1.0,1.0,0.0,0.0,1.0,0.0,0.1694536427536992,0.0,0.6056014751872086,1.0,0.0,0.0,0.0,1.0,0.0,0.0,1.0,1.0,0.5291445598837913,0.0,0.0,1.0,0.7140754301289841,0.0,0.0,0.5173412747761046,0.0,0.8419592231003225,1.0,1.0,0.0,0.7085980306115585,0.712018218315973,1.0,0.6509933318418738,0.0,1.0,0.0,1.0,1.0,0.8800170291133791,1.0,0.0,1.0,1.0,1.0,0.0,0.0,0.0,1.0,1.0,1.0,1.0,1.0,1.0,1.0,0.0,0.0,0.0
110,product/amplitude,aligned10,3,4.979354590988534,5.0790144517170415,5.276849653449223,5.122366237896374,0.21981357564849535,-5.517145625923755,42.53946492704563,268.39897158998065,1,1,excluded,r_hat_max 1.506 > 1.1; n_eff_min 5.5 < 16.0,1.5063901014545085,1.0239430066908974,0.6502463054187192,5.4544694848748225,0,63.0,1.4851981996333454,6.365977654964498,1.5063901014545085,5.4544694848748225,1.0496608377741026,44.650967670917424,3.8826573544777183,1.9799661557995896,0,0.0,0.2162282847644812,0.0,0.4143680684923896,1.0,0.0,1.0,0.18516816190592614,1.0,0.6203548820770189,0.0,0.0,0.0,1.0,0.47510054204256064,1.0,0.0,0.0,1.0,0.0,1.0,0.0,1.0,0.0,0.23525063901496585,0.0,0.0,1.0,0.9262459972209052,0.0,0.27197373485524334,1.0,1.0,1.0,0.0,0.0,0.7528885622431439,0.0,0.0,0.6200313268640274,0.0,1.0,1.0,0.0,0.0,1.0,0.0,0.17242143031700088,1.0,0.608661625594662,1.0,1.0,0.0,1.0,1.0,1.0,0.0,1.0,1.0,0.5299400908661522,0.0,0.0,1.0,0.0,0.0,0.0,1.0,0.0,0.7974700081268641,1.0,1.0,0.0,1.0,0.6750160710616998,1.0,0.6098785537423034,0.0,1.0,0.0,1.0,1.0,0.8869596522151408,1.0,1.0,1.0,1.0,0.0,1.0,0.0,0.0,0.0,1.0,1.0,0.0,1.0,1.0,1.0,0.0,0.0,0.0
111,product/amplitude,aligned10,3,5.151311952377672,5.110475259209589,5.276849653449223,5.122366237896374,0.21981357564849535,-5.811338491259061,44.05358819104731,293.04450237285346,1,1,excluded,r_hat_max 1.515 > 1.1; n_eff_min 5.7 < 16.0,1.5150852893026117,1.0310531943235344,0.6157635467980296,5.7465827745514435,0,63.0,1.5150852893026117,5.7465827745514435,1.339286777006461,7.530924895900799,1.022717045326979,57.85043906449634,3.8925375097615995,1.9737492718491325,0,0.0,0.22246821787016574,0.2955160715804473,1.0,1.0,0.1793367615746247,1.0,0.2750520419353753,1.0,0.6290985719434158,0.0,0.0,0.0,1.0,0.4592907169953661,1.0,0.0,0.2989996045736195,1.0,0.0,1.0,1.0,1.0,1.0,0.2695903933896012,0.0,0.0,1.0,0.9195791048977908,0.0,0.3196656790670208,1.0,1.0,1.0,0.0,0.0,1.0,0.0,0.0,1.0,0.6216461745181568,1.0,1.0,0.9038902360650172,0.0,1.0,0.0,0.0,1.0,0.6359054911772627,1.0,0.0,0.0,1.0,0.0,0.0,0.0,1.0,1.0,0.5930048014244964,0.0,0.8907978325294604,1.0,0.708293514662843,0.0,0.0,0.5106611316052357,0.0,1.0,1.0,1.0,0.0,0.6943909966368939,0.0,1.0,1.0,0.0,1.0,0.0,1.0,0.5264498027167854,0.0,1.0,1.0,1.0,1.0,0.0,0.0,0.0,0.0,1.0,1.0,0.43603536470048504,0.0,0.9579036577350536,1.0,1.0,0.7184335666584318,0.0,0.0
112,product/amplitude,aligned10,3,5.018797437846886,5.095518066308818,5.276849653449223,5.122366237896374,0.21981357564849535,-5.280517555544996,40.404751871014014,240.8104862140026,1,1,excluded,r_hat_max 1.581 > 1.1; n_eff_min 6.4 < 16.0,1.5814812582961244,1.0359441991182246,0.5714285714285714,6.357692642221909,0,63.0,1.5331087255669458,6.357692642221909,1.5814812582961244,6.4308489214058575,1.1634199183406329,11.82474324060564,3.903776567284957,1.968482765402453,0,0.0,0.1886895919813703,0.49662685358768566,1.0,1.0,0.0,1.0,0.2364049438449491,1.0,0.6414864958035799,0.0,0.0,0.0,1.0,0.4585178533442215,1.0,0.12594939361868257,0.3197767019396385,1.0,0.0,1.0,0.0,1.0,0.0,0.23227197608493227,0.0,0.0,1.0,0.9046750535371696,0.0,0.40862088186900275,1.0,1.0,1.0,0.0,0.1536397428464098,1.0,0.0,0.0,0.6533968638485023,0.6141106766958603,1.0,0.0,1.0,0.0,1.0,0.0,0.0,1.0,0.6113764025277294,1.0,0.030310143685482637,0.0,0.0,1.0,0.3777563370418111,0.0,1.0,1.0,0.5256903418658065,0.0,0.0,1.0,0.7426226380516419,0.0,0.0,0.5363129567122998,0.0,0.8863206231239515,1.0,1.0,0.0,0.7191530579478471,0.0,1.0,0.6423043874281826,0.0,1.0,0.0,1.0,1.0,0.0,1.0,1.0,1.0,1.0,0.0,0.0,0.0,0.0,1.0,1.0,0.40963568773760073,0.10001252682478945,1.0,1.0,1.0,0.0,0.0,0.0
113,product/amplitude,aligned10,3,4.959813445913303,5.084216736430593,5.276849653449223,5.122366237896374,0.21981357564849535,-5.107899059906419,44.18043877999298,229.71024188981391,1,1,excluded,r_hat_max 1.463 > 1.1; n_eff_min 6.0 < 16.0,1.462954760537986,1.0223184712892643,0.6798029556650246,6.020831116505362,0,63.0,1.4354922503717058,6.020831116505362,1.462954760537986,6.346811026945604,1.0473664667318914,72.50136464849147,3.9136440086173634,1.962533583906658,0,0.0,0.0,0.0,0.7714100839121243,1.0,0.0,1.0,0.6165540128319853,1.0,0.6402601109750489,0.0,0.0,0.0,1.0,0.4590210145292606,0.0,0.0,0.30791197024710015,1.0,0.0,1.0,0.119485943612775,1.0,1.0,0.42573970079604867,0.0,0.0,1.0,1.0,0.0,0.0,1.0,0.0,0.9920818691705395,0.0,0.0,0.8243891557331838,0.0,0.0,0.5513892163604351,0.0,1.0,1.0,1.0,0.0,1.0,0.4972283019417361,1.0,1.0,0.6398114228261362,0.8581740517605971,0.0,0.0,1.0,0.0,0.0,0.11089482814104065,1.0,1.0,0.5150860074154806,0.0,1.0,1.0,0.7082954233155274,0.0,0.0,0.516536348020119,0.0,1.0,1.0,1.0,0.0,1.0,0.6948774854796754,1.0,0.6380422032574242,0.0,1.0,0.0,1.0,1.0,0.8824678139712756,1.0,1.0,1.0,1.0,0.0,0.0,0.0,0.0,0.0,1.0,0.4350280167146678,0.0,0.5556217362784307,1.0,1.0,0.7250424936759076,0.0,0.0
114,product/amplitude,aligned10,3,4.937998857670798,5.090762924785107,5.276849653449223,5.122366237896374,0.21981357564849535,-4.943985795678099,42.776488760951906,235.040308898082,1,1,excluded,r_hat_max 1.567 > 1.1; n_eff_min 5.1 < 16.0,1.5667222819650428,1.0273954572054451,0.6206896551724138,5.099631114827665,0,63.0,1.331130196835738,8.469041555119196,1.5667222819650428,5.099631114827665,1.1309663761620166,15.99296786842316,3.9228209335059243,1.9563407291954766,0,0.0,0.25136543503680847,0.0,0.41524133505136657,1.0,0.15228616835152065,1.0,0.13392472512198092,1.0,0.627654152344099,0.0,0.0,0.0,1.0,0.4658256457312852,1.0,0.0,0.0,1.0,0.0,1.0,1.0,1.0,0.0,0.27462173418164226,0.0,0.0,1.0,1.0,0.0,0.2637595218411882,1.0,1.0,1.0,0.0,0.0,1.0,0.0,0.0,0.6266771968684218,0.5888162780512316,1.0,1.0,0.48789804229057193,0.0,1.0,0.0,0.0,1.0,0.0,0.0,0.0,0.0,1.0,0.3851196540515644,0.0,0.0,1.0,1.0,0.5289402810125321,0.04977149957034876,1.0,1.0,1.0,0.0,0.02262780516351604,0.5401016715080028,0.0,0.8322991422641658,1.0,1.0,0.0,1.0,0.695057727647762,0.7351462377578801,0.7105796194333616,0.0,1.0,0.0,1.0,0.3281185908813651,0.0,1.0,0.0,1.0,0.942410747090061,0.0,0.0,0.0,0.0,0.0,1.0,0.42834781497418306,0.0,1.0,1.0,1.0,0.21396469323907408,0.0,0.0
115,product/amplitude,aligned10,3,5.2365743496445685,5.124262222271894,5.276849653449223,5.124262222271894,0.21791759127297539,-5.8498926206654875,41.93505675508641,222.0249213569332,1,1,excluded,r_hat_max 1.467 > 1.1; n_eff_min 6.0 < 16.0,1.4670580187135625,1.0266089185046754,0.6108374384236454,6.0347766761472075,0,63.0,1.3690598973249215,9.111833138436552,1.4670580187135625,6.0347766761472075,1.0311082467346588,44.44126844512238,3.931648567629097,1.9500954182925945,0,0.0,0.0,1.0,1.0,1.0,0.2234705192310498,1.0,0.2459178550892834,1.0,0.6328140436764099,0.0,0.0,0.0,1.0,0.4502162413483546,1.0,0.0,0.0,1.0,0.10687715256993832,1.0,0.8201210982402267,1.0,1.0,1.0,0.0,0.0,1.0,1.0,0.0,0.28539833380458207,1.0,1.0,1.0,0.0,0.0,1.0,0.0,0.0,0.0,0.0,1.0,1.0,0.0,0.0,1.0,0.0,0.0,0.5649172344752428,0.6398858047305472,0.0,0.0,0.0,1.0,1.0,0.0,0.0,1.0,1.0,0.5666577038017586,0.0,0.0,1.0,0.7186730522772726,0.0,0.0,0.5430605747951872,0.0,0.8326516640271122,0.6183805653499111,1.0,0.0,1.0,0.7006250631716606,0.0,1.0,0.0,1.0,0.0,1.0,1.0,0.0,1.0,1.0,1.0,1.0,0.0,1.0,0.0,1.0,1.0,1.0,0.4504384513310556,0.0,1.0,1.0,1.0,0.0,0.0,0.0
116,product/amplitude,aligned10,3,4.931397776264119,5.122569520752682,5.276849653449223,5.124262222271894,0.21791759127297539,-4.71968272905372,42.84835672285408,237.19058506097645,1,1,excluded,r_hat_max 1.493 > 1.1; n_eff_min 6.0 < 16.0,1.493046832800212,1.0168889274232091,0.6896551724137931,6.010787558767302,0,63.0,1.3242627486414433,6.010787558767302,1.493046832800212,6.019467777224632,1.0103418143388752,46.18188260592699,3.9428979278188856,1.9454155833556073,0,0.0,0.18502778382547194,0.14598836105733112,0.49048798225477036,1.0,0.32538534811190994,1.0,0.3138658532026057,1.0,0.6381610977761173,0.0,0.0,0.0,1.0,0.45221022025358915,1.0,0.0,0.0,1.0,0.0,1.0,1.0,1.0,1.0,0.25221747346872747,0.0,0.20151839299799734,1.0,1.0,0.0,0.2644501862146886,1.0,0.1888279958147389,1.0,0.0,1.0,0.8361498565682689,0.0,0.0,0.0,0.0,1.0,1.0,1.0,0.0,1.0,0.0,0.0,1.0,0.6455233795845394,0.0,0.0,0.0,0.0,1.0,0.0,0.0,1.0,1.0,0.5602295135644321,0.0,0.0,1.0,0.6996764099423882,0.0,0.0,0.5429198045329885,0.0,0.9107913461284587,1.0,1.0,0.0,1.0,0.7016899537686776,0.0,1.0,0.0,1.0,0.0,1.0,1.0,0.7165201386686623,1.0,1.0,1.0,1.0,1.0,1.0,0.0,0.1975086889439386,0.0,1.0,0.42366719515924633,0.0,1.0,1.0,0.9599062313638429,1.0,0.0,0.0
117,product/amplitude,aligned10,3,5.127532099484075,5.112478076605562,5.276849653449223,5.124262222271894,0.21791759127297539,-4.74539012151441,44.24005442508496,213.77475250302814,1,1,excluded,r_hat_max 1.444 > 1.1; n_eff_min 6.6 < 16.0,1.4441814649509186,1.0243809345819632,0.7142857142857143,6.631092066873211,0,63.0,1.2930066335826118,8.898467627777274,1.4441814649509186,6.631092066873211,1.01851484040376,92.4681179807836,3.9513466444722636,1.9392201011071173,0,0.0,0.0,1.0,1.0,0.0,0.0,1.0,0.0,1.0,0.6362394084847334,0.0,0.0,0.0,1.0,0.4567140165006662,1.0,0.0,0.33917867930493667,1.0,0.0,1.0,1.0,1.0,1.0,1.0,0.0,0.0,1.0,0.9115832010675736,0.0,0.1926585008937451,1.0,1.0,1.0,0.0,0.0,1.0,0.0,0.0,0.5557070675808532,0.0,1.0,1.0,0.0,0.0,1.0,0.15141007767680595,0.0,0.0,0.601802316117342,0.0,0.0,0.0,1.0,1.0,0.0,0.0,1.0,1.0,0.5448232742411,0.0,0.0,1.0,1.0,0.0,0.0,0.5353078621542887,0.0,0.8444639393613298,1.0,1.0,0.0,1.0,0.6827916859790453,0.0,0.0,0.0,1.0,0.0,1.0,1.0,0.0,1.0,1.0,1.0,1.0,0.0,1.0,1.0,1.0,1.0,1.0,0.4946534298312076,0.0,1.0,1.0,1.0,0.0,0.0,0.065676472179191
118,product/amplitude,aligned10,3,5.098711778066625,5.10629301909574,5.276849653449223,5.124262222271894,0.21791759127297539,-4.683807339442726,43.18951134616509,227.09345991513692,1,1,excluded,r_hat_max 1.478 > 1.1; n_eff_min 5.8 < 16.0,1.4781684557961676,1.0282698047371719,0.6108374384236454,5.806729272799544,0,63.0,1.4282736711527493,5.806729272799544,1.4781684557961676,6.383912693755669,1.0098074301068187,45.475388320681866,3.961314317819822,1.9339932270206883,0,0.0,0.0918018619152753,1.0,1.0,1.0,0.22787506071252955,1.0,0.22372928599821884,1.0,0.6354246843520773,0.0,0.0,0.0,1.0,0.45928745135015214,1.0,0.0,0.32239204047875986,1.0,0.0,1.0,1.0,1.0,1.0,0.487592392580347,0.0,0.0,1.0,1.0,0.0,1.0,1.0,1.0,1.0,0.0,0.0,0.0,0.28256317876789416,0.0,0.6674889095626344,0.0,1.0,1.0,0.0,0.0,1.0,0.0,0.0,0.5307072322670081,0.6397302712680638,0.0,0.0,0.0,1.0,1.0,1.0,0.0,1.0,1.0,0.5388113672405477,0.0,0.9188995214494677,1.0,0.7179572855363366,0.0,0.0,0.5410312521331447,0.0,1.0,1.0,0.7961878302225595,0.0,1.0,0.6977264254049647,1.0,0.5752787298392772,0.0,1.0,0.0,1.0,1.0,0.0,1.0,1.0,1.0,1.0,0.0,0.0,0.0,1.0,1.0,1.0,0.20774835201867467,0.05812288322142899,1.0,1.0,1.0,0.0,0.0,0.0
119,product/amplitude,aligned10,3,5.140804352775717,5.109716065886647,5.276849653449223,5.124262222271894,0.21791759127297539,-5.640347460646479,45.00325540197082,242.7722107048612,1,1,excluded,r_hat_max 1.618 > 1.1; n_eff_min 5.4 < 16.0,1.6182901244500163,1.029536747677908,0.625615763546798,5.41895242847112,0,63.0,1.6182901244500163,5.41895242847112,1.4493135278399254,7.072308750628006,1.0583720053276964,28.30765797901198,3.970872279670635,1.928646755159196,0,0.0,0.0,0.8993610023236221,0.0,0.0,0.1905805122607199,1.0,0.0,1.0,0.6328385343324692,0.0,1.0,0.0,1.0,0.46304401733783634,1.0,0.0607521015215992,0.27218680477845036,1.0,1.0,1.0,1.0,1.0,0.7761897128818476,1.0,0.0,0.0,1.0,1.0,0.0,0.2397645091105135,1.0,1.0,1.0,0.0,0.0,0.8652115964055838,0.0,0.0,0.7279187826713894,0.0,1.0,1.0,0.0,0.0,1.0,0.0,0.20621121580013713,0.0,1.0,0.0,0.0,0.0,1.0,1.0,0.0,0.0,1.0,1.0,0.5490923916343597,0.0,1.0,1.0,0.0,0.0,0.0,0.543444049214879,0.0,0.7921465611053745,1.0,1.0,0.0,0.6942037054028194,0.6992871931264071,0.0,0.6341972996923108,0.0,1.0,0.0,1.0,1.0,0.0,1.0,1.0,1.0,1.0,0.0,1.0,0.0,0.0,1.0,1.0,0.5450455814063719,1.0,0.9616517845392458,1.0,1.0,0.0,0.0,0.0
120,product/amplitude,aligned10,3,5.161745772598526,5.111319023577443,5.276849653449223,5.124262222271894,0.21791759127297539,-5.525114368839689,42.905463551869616,294.95855877315626,1,1,excluded,r_hat_max 1.338 > 1.1; n_eff_min 8.1 < 16.0,1.3377322700724932,1.0252809218351304,0.6945812807881774,8.085952968501909,0,63.0,1.2699128702473879,8.790740240164842,1.3377322700724932,8.085952968501909,1.0835499426713673,41.71739303865047,3.980621713613177,1.9235363555102556,0,0.0,0.13128222517348745,1.0,1.0,1.0,0.356124201602061,0.8626915666467219,0.0,1.0,0.6357617458447203,0.0,0.0,0.09164057350862746,0.0,0.45918684973077195,1.0,0.16590178152474366,0.30330779810006664,1.0,0.0,1.0,1.0,1.0,1.0,0.7253219916707097,0.0,0.0,1.0,0.8882753084801038,0.0,0.18577040460060884,1.0,1.0,1.0,0.0,0.0,0.0,0.0,0.0,1.0,0.4249267116190383,1.0,1.0,0.0,0.0,1.0,0.0,0.11423588195626831,0.0,0.6275303776821299,0.0,0.0,0.0,1.0,1.0,0.0,0.0,1.0,1.0,0.5458892565292833,0.0,1.0,1.0,0.6437586455491076,0.0,0.0,0.5457575239490059,0.0,0.0,1.0,1.0,0.0,1.0,0.40914957428119697,1.0,1.0,0.0,1.0,0.0,1.0,1.0,0.0,1.0,1.0,1.0,1.0,0.0,0.0,0.8911044081508112,1.0,1.0,1.0,0.4503096329842692,1.0,1.0,1.0,1.0,0.0,0.0,0.0
121,product/amplitude,aligned10,3,5.211476362227059,5.084822212254347,5.276849653449223,5.124262222271894,0.21791759127297539,-5.734135201776996,44.511032776907086,302.5163080901839,1,1,excluded,r_hat_max 1.352 > 1.1; n_eff_min 7.8 < 16.0,1.352427157953381,1.0226931039955292,0.6059113300492611,7.804450945565789,0,63.0,1.352427157953381,8.196968138023061,1.3222680986380428,7.804450945565789,1.1921261504670257,13.965701729953237,3.99038306947256,1.9185535572293002,0,0.0,0.16049198581828877,1.0,0.0,1.0,0.1833960526363714,1.0,0.0,1.0,0.6304161344771437,0.0,1.0,0.0,1.0,0.46356303026742185,1.0,0.0,0.0,1.0,1.0,1.0,1.0,1.0,1.0,1.0,0.0,0.0,1.0,1.0,0.009984772389141956,0.20516469848550617,1.0,1.0,1.0,0.0,0.0,0.4088680855051005,0.0,0.0,0.0,0.0,1.0,1.0,0.0,0.0,1.0,0.1680296907212985,0.11615234829039066,0.5722638120113015,1.0,0.0,0.0,0.0,0.0,1.0,0.0,0.0,1.0,1.0,0.5433927620258575,0.0,0.8835711665130863,1.0,0.7112662826705815,0.0,0.0,0.45209174273912284,0.07090635232926149,0.8211996430575166,1.0,1.0,0.0,1.0,0.0,0.0,0.5406008912792044,0.0,1.0,0.0,1.0,1.0,0.0,1.0,1.0,1.0,1.0,0.0,1.0,0.0,0.0,1.0,1.0,0.41790659623287424,1.0,0.5281556639661039,1.0,1.0,0.0,0.0,0.0
122,product/amplitude,aligned10,3,5.10797231992979,5.095720616106495,5.276849653449223,5.124262222271894,0.21791759127297539,-5.548339312193663,43.21108491090126,277.03236049204133,1,1,excluded,r_hat_max 1.575 > 1.1; n_eff_min 6.0 < 16.0,1.5751383211003434,1.0229897137599617,0.6206896551724138,6.015963727232162,0,63.0,1.5751383211003434,6.015963727232162,1.335719178263079,6.987843157746187,1.0189368698453292,36.6818826484819,4.000392030888581,1.9138439239102942,0,0.0,0.0,1.0,1.0,1.0,0.0,1.0,0.0,1.0,0.6313143723983735,0.0,1.0,0.0,0.0,0.46592882966155524,1.0,0.13491017339091352,0.12651594729121518,1.0,0.0,1.0,1.0,1.0,1.0,1.0,0.0,0.0,1.0,1.0,0.03307936108652177,0.2995575438145541,1.0,1.0,1.0,0.0,0.0,1.0,0.0,0.0,1.0,0.0,1.0,1.0,0.0,0.0,1.0,0.0,0.0,1.0,1.0,0.0,0.0,0.0,1.0,1.0,0.0,0.0,1.0,1.0,0.5462417156409013,0.0,0.0,1.0,0.5819793888587795,0.0,0.0,0.5088987258149955,0.0690529339636084,0.0,1.0,1.0,0.0,1.0,0.0,1.0,1.0,0.0,1.0,0.0,1.0,1.0,0.0,1.0,1.0,1.0,1.0,0.0,0.0,1.0,1.0,1.0,1.0,0.4542909512817596,1.0,1.0,1.0,1.0,0.0,0.0,0.0
123,product/amplitude,aligned10,3,5.1226579250797615,5.11321124894047,5.276849653449223,5.124262222271894,0.21791759127297539,-5.488167957542149,44.795172340935096,262.36804354796186,1,1,excluded,r_hat_max 1.493 > 1.1; n_eff_min 5.3 < 16.0,1.4927293618531028,1.0355120089239003,0.6009852216748769,5.3244010782010776,0,63.0,1.3333458038307768,6.910778989082455,1.4927293618531028,5.3244010782010776,1.03542459654182,15.375991843995328,4.009396748685664,1.9086414220495962,0,0.0,0.0,1.0,0.38670746687517715,1.0,0.1869069683128039,1.0,1.0,1.0,0.6400843141331544,0.0,1.0,0.0,0.0,0.45066991841777027,1.0,0.0,0.0,1.0,1.0,1.0,1.0,1.0,1.0,1.0,0.0,0.0,1.0,0.9079655967540528,0.0,0.19169516598399816,1.0,1.0,1.0,0.0,0.0,0.5581335068006008,0.4517876370972206,0.0,1.0,1.0,1.0,1.0,0.0,0.0,1.0,0.0,0.0,1.0,1.0,0.0,0.0,0.0,0.10785732389867171,1.0,0.0,0.0,1.0,1.0,0.5402887437754595,0.0,0.8972746293866006,1.0,0.7067649134230842,0.0,0.0,0.529083150628703,0.0,0.8198035804072903,1.0,1.0,0.0,1.0,0.0,0.0,0.5813704115905436,0.0,1.0,0.0,1.0,0.0,0.0,1.0,1.0,1.0,1.0,0.0,1.0,0.0,0.0,1.0,1.0,0.4360003040925059,1.0,0.0,1.0,1.0,0.0,0.0,0.0
124,product/amplitude,aligned10,3,5.220389455662713,5.09933526121446,5.276849653449223,5.124262222271894,0.21791759127297539,-5.970427444153575,42.861555533949286,246.74685409106314,1,1,excluded,r_hat_max 1.572 > 1.1; n_eff_min 6.3 < 16.0,1.5717729760200556,1.0240468240128613,0.6403940886699507,6.262325782070579,0,63.0,1.5310797417121504,6.262325782070579,1.5717729760200556,6.625799548818327,1.1121892610286035,23.546649145515183,4.01837466139852,1.9035356349450667,0,0.0,0.29045337912764796,1.0,1.0,1.0,0.19475671872408082,1.0,0.0,1.0,0.6308093811472476,0.0,1.0,0.0,1.0,0.4633833209601638,1.0,0.0,0.2390029632381882,1.0,1.0,1.0,1.0,1.0,1.0,1.0,0.0,0.0,1.0,1.0,0.0,0.0,1.0,1.0,1.0,0.0,0.0,1.0,0.0,0.0,0.0,0.0,1.0,1.0,0.0,0.0,1.0,0.0,0.13633633168766077,1.0,1.0,0.0,0.0,0.0,0.11065893870711249,1.0,0.0,0.0,1.0,1.0,0.5794324137205701,0.0,0.0,1.0,0.697343557857686,0.0,0.0,0.5413770814223048,0.04870267468412925,0.8820870700087969,1.0,1.0,0.0,1.0,0.0,0.0,0.0,0.0,1.0,0.0,1.0,1.0,0.0,1.0,1.0,1.0,1.0,0.0,0.5570244680922805,0.0,1.0,1.0,1.0,0.0,1.0,0.5347842307621054,1.0,1.0,0.0,0.0,0.0
125,product/amplitude,aligned10,3,5.071890178315724,5.062336037697219,5.276849653449223,5.124262222271894,0.21791759127297539,-5.599626260385948,45.26431345101446,235.68276863801293,1,1,excluded,r_hat_max 1.822 > 1.1; n_eff_min 4.2 < 16.0,1.8222400358069124,1.023379238387905,0.6305418719211823,4.174686793302175,0,63.0,1.3957349880291399,6.519600539339685,1.8222400358069124,4.174686793302175,1.052447226978224,104.77027832130385,4.027990779752633,1.8989277440151622,1,0.0,0.08900092266199504,1.0,1.0,1.0,0.28733395470259665,1.0,0.21084337084173516,1.0,0.6277589258855832,0.0,1.0,0.0,1.0,0.3773225732918052,1.0,0.0,0.31043532001819074,1.0,1.0,1.0,1.0,1.0,1.0,0.758513166941314,0.0,0.0,1.0,0.5467697574583696,0.0,0.17170929811491717,1.0,1.0,0.9602387186522905,0.0,0.0,1.0,0.0,0.0,0.0,0.0,1.0,1.0,0.0,0.0,1.0,0.0,0.17032059274322223,1.0,1.0,0.0,0.0,0.0,0.0,1.0,0.0,0.0,1.0,1.0,0.5628246312380288,0.0,0.9064562032827921,1.0,0.6660326490124403,0.0,0.0,0.5842681958696949,0.05720431089601279,1.0,1.0,1.0,0.0,1.0,0.0,0.0,0.0,0.0,1.0,0.0,1.0,1.0,0.0,1.0,1.0,1.0,1.0,0.0,0.5851154302833201,0.0,0.7204360847075375,1.0,1.0,0.40222366642559787,1.0,1.0,1.0,0.41082574860525073,0.0,0.0,0.0
126,product/amplitude,aligned10,3,5.117047472167888,5.110475630968425,5.276849653449223,5.124262222271894,0.21791759127297539,-5.096102179146767,43.39843006199226,236.90036824694835,1,1,excluded,r_hat_max 1.700 > 1.1; n_eff_min 4.2 < 16.0,1.700074837833063,1.0260791640444837,0.645320197044335,4.159919763704984,0,63.0,1.700074837833063,4.159919763704984,1.423990892900546,9.342841047956819,1.3750901208098267,9.150514242672584,4.036275695614244,1.8936441299642368,0,0.0,0.1896601338248739,0.8399683497841567,1.0,0.0,0.0,1.0,0.0,1.0,0.6463060236814738,0.0,0.0,0.0,1.0,0.4643309178007851,1.0,0.0,0.30107944494071653,1.0,0.13085603875268403,1.0,0.0,1.0,1.0,1.0,0.0,0.0,1.0,1.0,0.0,0.2284729591587941,1.0,1.0,1.0,0.0,0.0,1.0,0.0,0.0,0.3862229527385136,0.0,1.0,1.0,0.0,0.0,1.0,0.24197561706029283,0.12816929604589145,1.0,1.0,0.0,0.0,0.0,0.0,1.0,1.0,0.0,1.0,1.0,0.5525422581496591,0.0,0.0,1.0,0.7027119726555682,0.0,0.0,0.4029457270032984,0.0,0.8173450922523248,1.0,1.0,0.0,1.0,0.0,0.053893273071190885,0.0,0.0,1.0,0.0,1.0,0.9570434406459285,0.0,1.0,1.0,1.0,1.0,0.0,0.9271138224605259,1.0,1.0,1.0,1.0,0.4135840802326154,1.0,1.0,1.0,1.0,0.0,0.0,0.0
127,product/amplitude,aligned10,3,5.1899728549498665,5.115650620396434,5.276849653449223,5.124262222271894,0.21791759127297539,-5.818519536173126,45.87807834800333,227.90706291096285,1,1,excluded,r_hat_max 1.346 > 1.1; n_eff_min 6.6 < 16.0,1.3455582307719933,1.0295706260632103,0.5862068965517241,6.5993363907030655,0,63.0,1.3455582307719933,8.237340391210095,1.332009432368642,6.5993363907030655,1.2041482700495214,7.955077846434614,4.044785709602856,1.8885914630348433,0,0.0,0.0,1.0,1.0,1.0,0.277031166390158,1.0,0.0,1.0,0.6340605125953245,0.0,0.0,0.4034163827953818,1.0,0.4595534513634389,1.0,0.0,0.4236665443407247,1.0,0.0,1.0,0.0,1.0,1.0,1.0,0.7007932510295758,0.0,1.0,0.9374064527095846,0.0,0.2196217616538865,1.0,1.0,1.0,0.0,0.0,0.4545888567785176,0.0,0.0,0.0,1.0,1.0,1.0,0.0,0.0,1.0,0.0,0.1110017882338079,0.5776695483147397,0.5809193476169683,0.0,0.0,0.0,0.12210455330027,1.0,0.0,0.0,1.0,1.0,0.5553769428086457,0.0,0.0,1.0,0.7049804461563937,0.0,0.0,0.5382161754834146,0.0,0.8162898299241661,1.0,1.0,0.0,0.6716788641166952,0.681044851957484,0.0,0.5170564518068897,0.0,1.0,0.0,1.0,1.0,0.26430855048509866,1.0,1.0,1.0,1.0,0.0,0.0,0.0,1.0,1.0,1.0,0.0,0.0,1.0,1.0,1.0,0.0,0.0,0.0
128,product/amplitude,aligned10,3,5.133488646955181,5.068487782291428,5.276849653449223,5.124262222271894,0.21791759127297539,-4.960327518086358,41.594851766945794,279.1529126709793,1,1,excluded,r_hat_max 1.471 > 1.1; n_eff_min 6.2 < 16.0,1.470746378897241,1.029791659527,0.6009852216748769,6.220064961937053,0,63.0,1.4247935306645918,6.220064961937053,1.470746378897241,6.787577282420331,1.0196087222208634,36.503852980503844,4.05373248417588,1.8838996655378466,0,0.0,0.0,1.0,1.0,1.0,0.2292552947412744,1.0,0.19636455149562781,1.0,0.6313800390319001,0.0,1.0,0.0,1.0,0.49852853097628613,1.0,0.0,0.3105558369231916,1.0,1.0,1.0,1.0,1.0,1.0,1.0,0.0,0.0,1.0,1.0,0.0,0.1710951526438925,1.0,1.0,1.0,0.0,0.0,0.7203575643040058,0.0,0.0,0.5677773886684538,0.0,1.0,1.0,0.0,0.0,1.0,0.0,0.0,0.08328217490953688,0.5950188904017455,0.0,0.0,0.0,0.07710426210967888,1.0,0.0,0.0,1.0,1.0,0.5569199697812679,0.0,0.0,1.0,0.6752069084246214,0.0,0.08885196139720968,0.5405449107644754,0.0,0.8546773418104512,1.0,1.0,0.0,1.0,0.0,0.0,1.0,0.0,1.0,0.0,0.0,1.0,0.0,1.0,1.0,1.0,1.0,0.0,0.0,0.0,1.0,1.0,1.0,0.0,1.0,0.0,1.0,1.0,0.0,0.0,0.0
129,product/amplitude,aligned10,3,5.04515764353981,5.03461530544241,5.276849653449223,5.124262222271894,0.21791759127297539,-5.989932114356813,48.635857799090445,264.8720974831376,1,1,excluded,r_hat_max 1.585 > 1.1; n_eff_min 6.2 < 16.0,1.5853399549434084,1.0248428842027337,0.6157635467980296,6.2358189012018,0,63.0,1.4125566151567674,7.705453305194259,1.5853399549434084,6.2358189012018,1.205587812480154,16.41016642886783,4.062102686988122,1.87897137695592,0,0.0,0.0,1.0,1.0,1.0,0.20877993896579208,1.0,0.21010447435840104,1.0,0.6284058397833925,0.0,1.0,0.0,1.0,0.4617704052438,1.0,0.0,0.3317546244244449,1.0,0.08393219569101008,1.0,0.8217773418322899,1.0,1.0,0.6011444596905272,0.0,0.0,1.0,1.0,0.0,0.1974720106797454,1.0,1.0,1.0,0.0,0.0,1.0,0.0,0.0,1.0,0.0,1.0,1.0,0.0,0.0,1.0,0.0,0.1681651613378539,0.5973002825518804,0.6672705384540449,0.0,0.015255369302940506,0.0,0.0,1.0,0.0,0.0,1.0,1.0,0.4775240040713614,0.0,0.0,1.0,0.7143767185466272,0.0,0.0,0.537939388832932,0.0,0.8590054516340001,1.0,1.0,0.0,0.6333096147303408,0.6754044257547482,0.10119992024997165,1.0,0.0,1.0,0.0,1.0,1.0,0.0,1.0,1.0,1.0,1.0,0.0,1.0,0.0,0.9933758166786482,1.0,1.0,0.4019203434515515,1.0,1.0,1.0,1.0,0.0,0.0,0.0
130,product/amplitude,aligned10,3,5.333911690249247,5.118050873190156,5.333911690249247,5.124262222271894,0.21791759127297539,-5.594099822762619,48.15697741997428,225.10347908502445,1,1,excluded,r_hat_max 1.664 > 1.1; n_eff_min 6.4 < 16.0,1.6635980187695518,1.0338739218565707,0.5911330049261084,6.416518387306511,0,63.0,1.2500248734201174,9.84744835199667,1.6635980187695518,6.416518387306511,1.17775903809564,17.531722183024847,4.069664648192366,1.8737001163746099,0,0.0,0.19944025180704905,1.0,1.0,1.0,0.0,0.003205726577710963,0.0,1.0,0.6280760031641073,0.0,0.0,0.0,1.0,0.45819160408017795,1.0,0.14046432912555779,0.25141442277626236,1.0,0.0,1.0,0.0,1.0,1.0,1.0,1.0,0.0,1.0,0.9271661852431092,0.0,0.18464524981986272,1.0,1.0,1.0,0.0,0.0,0.0,0.0,0.0,0.0,1.0,1.0,1.0,0.0,0.0,1.0,0.0,0.0,0.0,1.0,0.0,0.0,0.0,0.09203966917102419,1.0,0.0,0.0,1.0,1.0,0.5724669384834574,0.0,0.0,1.0,0.7014773550357041,0.0,0.0,0.5448417833956373,0.0,0.8006421018628964,1.0,1.0,0.0,1.0,0.0,0.0,0.5595490330793558,0.0,1.0,0.0,1.0,1.0,0.0,1.0,1.0,1.0,0.9373274449930894,0.0,0.0,0.0,1.0,1.0,1.0,0.4195375724889636,0.0,1.0,1.0,1.0,0.0,0.0,0.0
131,product/amplitude,aligned10,3,5.170181673525781,5.089223032708757,5.333911690249247,5.124262222271894,0.21791759127297539,-5.448029592761332,49.574445604812354,241.3209149108734,1,1,excluded,r_hat_max 1.613 > 1.1; n_eff_min 5.4 < 16.0,1.6128842774421752,1.0321509138487608,0.5812807881773399,5.431369346052427,0,63.0,1.5979010603050487,5.780709819976017,1.6128842774421752,5.431369346052427,1.0231340968878067,26.376822981217273,4.079315388971427,1.8697754611818578,0,0.0,0.0,1.0,1.0,1.0,0.0,0.0,0.18363333563751985,1.0,0.6310992841390248,0.0,0.0,0.0,1.0,0.4574044145724103,1.0,0.13001123534054804,0.21762388756863313,1.0,1.0,1.0,0.0,1.0,1.0,1.0,1.0,0.0,1.0,1.0,0.0,0.19888203477505537,1.0,1.0,1.0,0.0,0.0,0.7439768163579399,0.0,0.0,0.33732064344072854,0.0,1.0,1.0,0.0,0.0,1.0,0.0,0.0,0.0,1.0,0.0,0.0,0.0,0.21040329993492415,1.0,0.0,0.0,1.0,1.0,0.6211025356090626,0.0,0.9004014573727719,1.0,0.7049423489131932,0.0,0.0,0.5300477260925802,0.0,0.7753144457908416,1.0,1.0,0.0,1.0,0.0,0.0,0.5418478919732252,0.0,1.0,0.0,1.0,1.0,0.0,1.0,1.0,1.0,1.0,0.0,0.0,0.0,0.7493236324108077,1.0,1.0,0.41645949726337905,0.0,1.0,1.0,1.0,0.0,0.0,0.0
132,product/amplitude,aligned10,3,4.771905062371374,4.713928254831041,5.333911690249247,5.124262222271894,0.21791759127297539,-6.21032831004155,47.82279276102781,237.75815052492544,1,1,excluded,r_hat_max 1.581 > 1.1; n_eff_min 5.5 < 16.0,1.5805487663147846,1.0315541599315468,0.6009852216748769,5.488118586119784,0,63.0,1.5805487663147846,5.488118586119784,1.4175990119764796,7.014808548463087,1.0704496887124444,16.109306412865074,4.087579527490778,1.8650795543940133,0,0.0,0.0,1.0,1.0,1.0,0.0,0.0,0.0,1.0,0.6326160344779836,0.0,0.0,0.0,0.8825276729712536,0.4634052690240759,1.0,0.0,0.27211753368509456,1.0,0.0,1.0,1.0,1.0,0.7258020013565148,1.0,0.0,0.0,1.0,1.0,0.0,0.0,1.0,1.0,1.0,0.0,0.0,0.0,0.0,0.0,0.0,1.0,1.0,1.0,0.0,0.0,1.0,0.15388508755684754,0.0,0.0,1.0,0.0,0.0,0.0,0.1267710059666261,1.0,0.0,0.0,1.0,1.0,0.5627361244750864,0.0,0.0,1.0,0.7062900953012522,0.0,0.0,0.5399269726267589,0.24752439422102138,0.8497059895398917,1.0,1.0,0.0,1.0,0.0,0.0,0.0,0.0,1.0,0.0,1.0,1.0,0.0,1.0,1.0,1.0,1.0,0.0,0.0,0.0,1.0,1.0,1.0,1.0,0.0,1.0,1.0,1.0,0.0,0.0,1.0
133,product/amplitude,aligned10,3,5.039578781491912,5.098082710247733,5.333911690249247,5.124262222271894,0.21791759127297539,-5.748506813520976,50.6042051599361,238.6393604062032,1,1,excluded,r_hat_max 1.353 > 1.1; n_eff_min 7.2 < 16.0,1.3534352759343302,1.0343813537091344,0.6157635467980296,7.234220132051978,0,63.0,1.2792702599475325,7.548569357682204,1.3534352759343302,7.234220132051978,1.0455654526863671,18.227436485108225,4.092724832264317,1.8589948990435454,0,0.0,0.21487283636823648,1.0,0.0,1.0,0.0,0.0,0.0,1.0,0.626477263755046,0.0,1.0,0.0,1.0,0.45726770872734646,1.0,0.0,0.26707376260470195,1.0,0.0,1.0,0.0,1.0,1.0,1.0,1.0,0.0,1.0,1.0,0.0,0.21330712816310618,1.0,1.0,0.9403068923411287,0.0,0.0,0.0,0.0,0.0,0.0,1.0,1.0,1.0,0.0,0.0,1.0,0.0,0.0,1.0,1.0,0.0,0.0,0.0,0.0,1.0,0.0,0.0,1.0,1.0,0.5537831715104997,0.0,0.0,1.0,0.0,0.0,0.0,0.5366554799945236,0.05539960893053652,0.8847456373129539,1.0,1.0,0.0,1.0,0.0,0.0,0.7021518658785232,0.0,1.0,0.0,1.0,1.0,0.0,1.0,1.0,1.0,1.0,0.0,0.0,1.0,0.0,1.0,1.0,0.3967989521629241,0.0,0.5363162792749135,1.0,1.0,0.0,0.0,0.0
134,product/amplitude,aligned10,3,4.995876960403335,5.086025263958819,5.333911690249247,5.124262222271894,0.21791759127297539,-5.648295090005821,48.55755789508112,239.89085604716092,1,1,excluded,r_hat_max 1.334 > 1.1; n_eff_min 9.0 < 16.0,1.3339612043470217,1.0229182889707036,0.6403940886699507,8.9940544053558,0,63.0,1.2714639127942728,9.438042117410264,1.3339612043470217,8.9940544053558,1.0356496808096542,41.793281122693216,4.0997909065122835,1.853837271819661,0,0.0,0.0,0.0,1.0,1.0,0.0,0.0,0.0,1.0,0.6194658970474588,0.0,0.0,1.0,1.0,0.4567124081640563,1.0,0.09250359723311954,0.0,1.0,1.0,1.0,1.0,1.0,1.0,1.0,1.0,0.0,1.0,0.8578047082997851,0.0,1.0,1.0,1.0,1.0,0.0,1.0,1.0,0.0,0.0,0.1565359470561486,0.0,1.0,1.0,0.0,0.0,0.8536267902991065,0.0,0.0,0.0,1.0,0.0,0.0,0.0,0.1275708426518678,1.0,0.0,0.0,1.0,1.0,0.5566773615515602,0.0,0.0,1.0,0.7069249276139552,0.0,0.0,0.5364833427831788,0.07256968784679327,0.8036856352204497,1.0,1.0,0.0,1.0,0.0,0.0,0.559972682200549,0.0,1.0,0.0,1.0,1.0,0.0,1.0,1.0,1.0,1.0,0.0,0.0,0.0,1.0,1.0,1.0,0.0,1.0,1.0,1.0,1.0,0.0,0.0,0.0
135,product/amplitude,aligned10,3,5.149624644057926,5.109231029425759,5.333911690249247,5.124262222271894,0.21791759127297539,-6.786635200367096,50.665062431944534,249.7556238770485,1,1,excluded,r_hat_max 1.551 > 1.1; n_eff_min 5.4 < 16.0,1.5507163070606564,1.0174182549093644,0.6798029556650246,5.353008957276026,0,63.0,1.344732313268441,5.942608825911107,1.5507163070606564,5.353008957276026,1.0175200835699347,48.604846224552766,4.1064285809855505,1.8485560225742816,0,0.0,0.0,1.0,1.0,1.0,0.258796074947352,1.0,0.0,1.0,0.6315690185615012,0.0,1.0,0.0,1.0,0.46450413375641,1.0,1.0,0.27469731672287406,1.0,1.0,1.0,0.0,1.0,1.0,1.0,1.0,0.0,1.0,0.9271264607896348,0.0,0.2014025345866496,1.0,1.0,1.0,0.0,0.0,0.0,0.0,0.0,0.0,1.0,1.0,1.0,0.0,0.0,1.0,0.0,0.0,1.0,1.0,0.0,0.0,0.0,0.0,1.0,0.0,0.0,1.0,1.0,0.5885923148262583,0.0,0.0,1.0,1.0,0.0,0.0,0.5394207657816851,0.0,0.0,1.0,1.0,0.0,1.0,0.0,1.0,0.5491133168239699,0.0,1.0,0.0,1.0,1.0,0.0,1.0,1.0,1.0,0.0,0.0,1.0,0.0,1.0,1.0,1.0,0.0,0.0,1.0,1.0,1.0,0.0,0.0,0.0
136,product/amplitude,aligned10,3,5.082064850052994,5.121186617644841,5.333911690249247,5.124262222271894,0.21791759127297539,-6.773348461149716,48.60221362509765,261.2906101809349,1,1,excluded,r_hat_max 1.519 > 1.1; n_eff_min 6.8 < 16.0,1.5190702271340066,1.0257144575655663,0.6305418719211823,6.784851664481633,0,63.0,1.5190702271340066,6.784851664481633,1.3428458541137187,7.402401521448016,1.2148057736722935,10.270013460527771,4.114099140272847,1.843902453097243,0,0.0,0.3173413842748205,1.0,1.0,1.0,0.3694911287993374,1.0,0.2089133394941718,1.0,0.6394245062177576,0.0,0.0,0.0,1.0,0.45587512966925,1.0,1.0,0.0,1.0,1.0,1.0,0.0,1.0,1.0,1.0,1.0,0.0,1.0,0.9233961584107067,0.0,0.1990285223772097,1.0,1.0,1.0,0.0,0.0,0.7748167405727009,0.0,0.0,0.33471432561591113,0.0,1.0,1.0,0.0,0.0,1.0,0.0,0.0,0.0,1.0,0.0,0.0,0.0,0.0933436723034757,1.0,0.0,0.0,1.0,1.0,0.5641996471781892,0.0,0.8841254049658642,1.0,0.6926279509999037,0.0,0.0,0.5277661333518949,0.0,0.0,1.0,1.0,0.0,0.3078430588810885,0.0,0.0,0.4283441694642443,0.0,1.0,0.0,1.0,1.0,0.0,1.0,1.0,1.0,0.9086820568154848,0.0,1.0,0.0,0.7338608986327637,1.0,1.0,0.41126858788036685,0.03380059097342442,0.0,1.0,1.0,0.0,0.0,0.0
137,product/amplitude,aligned10,3,4.959752069979212,5.117238949575311,5.333911690249247,5.124262222271894,0.21791759127297539,-5.956273414016172,50.84053808101453,196.78569477284327,1,1,excluded,r_hat_max 1.525 > 1.1; n_eff_min 6.2 < 16.0,1.525240048525365,1.023779024107792,0.5911330049261084,6.169850932275666,0,63.0,1.525240048525365,6.169850932275666,1.4555749728330099,6.593829954773695,1.0365503894613757,33.186634818810795,4.121164583409928,1.8390073675203613,0,0.0,0.13827914259651403,1.0,1.0,1.0,0.0,1.0,0.2256565948133569,1.0,0.6201382427005863,0.0,0.0,0.0,1.0,0.4537249883887727,1.0,0.0,0.2260477662940326,1.0,1.0,1.0,1.0,1.0,1.0,1.0,0.0,0.0,1.0,0.9248169537965376,0.0,0.0,1.0,1.0,1.0,0.0,0.0,0.0,0.0,0.0,0.0,1.0,1.0,0.8766663604293067,0.0,0.0,1.0,0.06216687086188713,0.0,0.0,0.4616469387256983,0.0,0.0,0.0,0.07683236943119413,1.0,0.0,0.0,1.0,1.0,0.5745147506710473,0.0,0.0,1.0,0.7268415457328701,0.0,0.0,0.47010253548671393,0.0,1.0,0.617781291793081,1.0,0.0,1.0,0.0,0.0,0.5485019421466492,0.0,1.0,0.0,1.0,1.0,0.3277246637663225,1.0,1.0,1.0,1.0,0.0,0.6207188604755846,0.0,1.0,1.0,1.0,0.4827426466521435,0.0,1.0,1.0,1.0,0.0,0.0,0.1568350747971793
138,product/amplitude,aligned10,3,4.968292889706366,5.05302500768789,5.333911690249247,5.124262222271894,0.21791759127297539,-6.175457784579205,48.558970818063244,282.1253919361625,1,1,excluded,r_hat_max 1.461 > 1.1; n_eff_min 6.8 < 16.0,1.4609944441516163,1.036253786723027,0.5665024630541872,6.830755089337629,0,63.0,1.3863429344710796,7.744093194639545,1.4609944441516163,6.830755089337629,1.0593862465488115,27.57142608157776,4.127241304327097,1.833712126562865,0,0.0,0.08562141333491405,1.0,1.0,1.0,1.0,0.0,0.0,1.0,0.6315912572013854,0.0,0.0,0.0,0.9504116516282983,0.4730976477360302,1.0,0.1485965489522047,0.27761297884246955,1.0,0.031556266959602244,1.0,0.0,1.0,0.747480547447637,1.0,1.0,0.0,1.0,0.913323297086592,0.0,0.19704033165435836,1.0,1.0,1.0,0.0,0.0,1.0,0.0,0.0,0.0,1.0,0.9740913920117463,1.0,0.0,0.0,1.0,0.0,0.0,1.0,1.0,0.0,0.0,0.0,0.0,1.0,0.0,0.0,1.0,0.8271748563686346,0.5595008449120414,0.0,0.0,1.0,0.6992870863056261,0.0,0.0,0.5429354870839026,0.0,0.9348519907973022,1.0,1.0,0.4507516044731022,1.0,0.0,1.0,0.5666931085982421,0.0,1.0,0.0,1.0,1.0,0.0,1.0,1.0,1.0,0.7260470159427582,0.0,0.0,0.4937241824125862,1.0,1.0,0.0,0.39236696345971306,1.0,1.0,1.0,0.4644064307776034,0.0,0.0,0.0
139,product/amplitude,aligned10,3,5.163999358721335,5.1163888173509635,5.333911690249247,5.124262222271894,0.21791759127297539,-6.4294448127207104,50.78552221902646,239.76703389687464,1,1,excluded,r_hat_max 1.597 > 1.1; n_eff_min 5.6 < 16.0,1.597345870459303,1.0181806801776248,0.6847290640394089,5.622049988770631,0,63.0,1.597345870459303,5.622049988770631,1.3826206661379512,7.469461227904235,1.0175773481188324,24.199592167082127,4.133292035157163,1.8284862263254913,0,0.0,0.0,1.0,1.0,1.0,0.25772321371499607,1.0,0.0,1.0,0.629651025309302,0.3000707017134469,1.0,0.0,0.0,0.46100845006005614,0.7288925365529937,0.0,0.25178899696174883,1.0,0.0,0.8029750919261814,1.0,1.0,1.0,1.0,0.0,0.0,1.0,0.862530447593281,0.0,0.21700734545296915,1.0,1.0,1.0,0.0,0.0,1.0,0.0,0.0,0.0,0.38721651224056247,1.0,1.0,0.0,0.0,1.0,0.0,0.0,0.5573512984029078,1.0,0.0,0.0,0.0,1.0,1.0,1.0,0.0,1.0,1.0,0.5726102326833539,0.0,1.0,1.0,0.7069157436458923,0.0,0.02159212285899906,0.5037874493754215,0.0,0.0,1.0,1.0,0.0,1.0,0.3254784120870948,1.0,1.0,0.0,1.0,0.05667647166444357,1.0,0.9221444280257458,1.0,1.0,1.0,1.0,1.0,0.0,0.5308522530658292,0.0,0.0,1.0,1.0,0.43654093598178945,1.0,1.0,1.0,1.0,0.0,0.0,0.0
140,product/amplitude,aligned10,3,2.490827193623007,2.50782452241023,5.333911690249247,5.124262222271894,0.21791759127297539,-5.877720914998818,48.81187065411359,247.37692672596313,1,1,excluded,r_hat_max 1.999 > 1.1; n_eff_min 3.5 < 16.0,1.998810694473434,1.0355571742936858,0.5665024630541872,3.4855879423777885,0,63.0,1.998810694473434,3.4855879423777885,1.5369293831717616,4.8867447235659025,1.055570030498746,31.195169045924565,4.140654230325479,1.8240106332302732,0,0.0,0.0,1.0,1.0,1.0,0.0,0.0,0.0,1.0,1.0,0.0,0.0,0.0,1.0,1.0,1.0,1.0,0.2873550717689034,1.0,1.0,0.0,1.0,1.0,1.0,1.0,0.0,0.0,1.0,0.9115342071366869,0.0,0.19339682595046045,1.0,1.0,1.0,0.0,0.0,0.0,0.0,0.0,0.8639573060300495,0.0,1.0,1.0,0.0,0.0,1.0,0.0,0.0,0.01053356322980259,1.0,0.0019020565959020606,0.0,0.0,1.0,1.0,1.0,0.0,1.0,1.0,0.0,0.0,1.0,1.0,0.7499075456767155,0.0,0.0,0.0,1.0,0.0,1.0,1.0,0.0,1.0,0.0,0.0,0.0,0.0,0.9983534081221664,0.014685786065246483,1.0,1.0,0.0,1.0,1.0,1.0,0.7963488310266662,0.0,0.0,0.02009099963365928,1.0,1.0,1.0,0.4731051530825857,0.0,1.0,1.0,1.0,1.0,0.0,1.0
141,product/amplitude,aligned10,3,5.02044541997118,5.107175821975492,5.333911690249247,5.124262222271894,0.21791759127297539,-5.7299989523034505,51.36216755700298,306.8211844358593,1,1,excluded,r_hat_max 1.518 > 1.1; n_eff_min 6.1 < 16.0,1.5179432230966203,1.034551619013114,0.5812807881773399,6.147297130786415,0,63.0,1.4704637550483342,6.519401922090938,1.5179432230966203,6.147297130786415,1.03478531529912,32.08400138766802,4.128953329355959,1.8227963386652546,0,0.0,0.044861156350152996,1.0,1.0,1.0,0.0,1.0,0.17286329735276756,1.0,0.6391560545445503,0.0,1.0,0.0,0.0,0.4668114718295376,1.0,0.1388057526003195,0.2847462392816975,1.0,0.0,0.0,1.0,1.0,1.0,1.0,0.0,0.0,1.0,0.9272900988782374,0.0,0.15177496456099193,1.0,1.0,1.0,0.0,0.0,1.0,0.0,0.0,1.0,0.46082127607352286,1.0,1.0,0.0,0.0,1.0,0.0,0.11770822003376252,0.0,1.0,0.0,0.0,0.0,1.0,1.0,1.0,0.0,1.0,1.0,0.5492854432456477,0.0,1.0,1.0,0.7048147367707259,0.0,0.0,0.5046580419279689,0.0,0.7753472337601388,1.0,1.0,0.0,1.0,0.4943243961928761,1.0,1.0,0.0,1.0,0.0,0.38454290632655225,1.0,1.0,1.0,1.0,1.0,1.0,0.0,0.5035827475134231,0.0,0.0,1.0,1.0,0.4070139458155354,0.0,0.5414683946716273,1.0,1.0,1.0,0.0,0.0
142,product/amplitude,aligned10,3,4.996500297782327,5.011002122781795,5.333911690249247,5.124262222271894,0.21791759127297539,-6.881867123572896,49.60832614591345,272.14146204292774,1,1,excluded,r_hat_max 1.377 > 1.1; n_eff_min 6.7 < 16.0,1.3765807626941633,1.0245420415947757,0.6699507389162561,6.722491685288352,0,63.0,1.338471099863491,6.722491685288352,1.3765807626941633,8.744320381490311,1.0054497301808958,140.95701559253226,4.13523144267015,1.8178958907165046,0,0.0,0.26715110379613316,1.0,1.0,1.0,0.1972696739719287,1.0,0.0,1.0,0.6316407111754072,0.0,0.0,0.0,1.0,0.429342114690443,0.0,0.0,0.2111527588777439,1.0,0.0,1.0,0.0,1.0,1.0,1.0,0.6530144552843234,0.0,1.0,0.8982984332987417,0.0,0.0,1.0,1.0,1.0,0.0,0.0,0.3253009429057479,0.0,0.0,0.0,0.3926235874891561,1.0,1.0,0.0,0.0,1.0,0.0,0.14255478097747454,1.0,0.5947609063454427,0.0,0.0,0.0,0.10229961955542549,1.0,0.0,0.0,1.0,1.0,0.6784294392891871,0.0,0.0,1.0,0.5818494798085909,0.0,0.0,0.555064222610502,0.0,0.7410992513330902,1.0,0.9776489506685143,0.0,0.6940892087255424,0.7072376793119398,0.0,0.513929656237409,0.0,1.0,0.0,1.0,1.0,0.0,1.0,1.0,1.0,0.9340672374301774,0.0,0.0,0.0,1.0,1.0,1.0,0.4166700963268684,1.0,1.0,1.0,1.0,0.0,0.0,0.0
143,product/amplitude,aligned10,3,5.154500038464557,5.106722501685956,5.333911690249247,5.124262222271894,0.21791759127297539,-7.131504608037007,51.3252257630229,261.60334107186645,1,1,excluded,r_hat_max 1.622 > 1.1; n_eff_min 5.8 < 16.0,1.6221159108634877,1.0267695988001324,0.5763546798029556,5.815171595307776,0,63.0,1.297612313853549,8.265279208731863,1.6221159108634877,5.815171595307776,1.0773098451645309,22.385381353930484,4.141254301796809,1.812949637319858,0,0.0,0.0,1.0,0.0,1.0,0.0,1.0,0.0,1.0,0.6315375970283323,0.0,1.0,0.0,1.0,0.46235761701033007,1.0,0.1628238333824339,0.3085924157827703,1.0,1.0,1.0,0.0,1.0,1.0,1.0,0.0,0.0,1.0,1.0,0.0,0.2497092212128611,1.0,1.0,1.0,0.0,0.5649606057675111,0.5005843028394511,0.0,0.0,0.0,0.0,1.0,1.0,0.0,0.0,1.0,0.0,0.0,0.544557600532688,0.5809904923345757,0.0,0.0,0.0,1.0,1.0,0.0,0.0,0.9458257905754557,1.0,0.5736112087958576,0.0,1.0,1.0,1.0,0.0,0.0,0.5498117468171002,0.027024603318074793,0.0,1.0,1.0,0.0,0.3161477467853296,0.6745787195129442,0.0,0.6277174616386196,0.0,1.0,0.0,1.0,0.0,0.0,1.0,1.0,1.0,1.0,0.0,1.0,0.0,0.0,1.0,1.0,0.0,1.0,1.0,1.0,1.0,0.0,0.0,0.0
144,product/amplitude,aligned10,3,5.322635636018238,5.115632256714378,5.333911690249247,5.124262222271894,0.21791759127297539,-7.148848530923278,46.151101308874786,310.26103002298623,1,1,excluded,r_hat_max 1.411 > 1.1; n_eff_min 6.3 < 16.0,1.4111114531964448,1.0282263622591112,0.6502463054187192,6.297841168160772,0,63.0,1.3980893267423313,6.582206703350415,1.4111114531964448,6.297841168160772,1.042912538199315,37.07463520337915,4.148290730523668,1.8086021127017884,0,0.0,0.2944268898720572,0.0,1.0,1.0,0.0,0.0,0.0,1.0,0.6313569212287808,0.0,0.0,0.0,1.0,0.4710807294892663,1.0,0.0,0.4210765380203818,1.0,0.0,1.0,0.0,0.8277099075320928,1.0,0.34835108240872287,1.0,0.0,1.0,0.5624377444638494,0.01578102305197708,0.2418443887748856,1.0,1.0,1.0,0.0,0.0,0.0,0.0,0.0,1.0,0.0,1.0,1.0,0.0,0.0,1.0,0.0,0.0,0.6335377611533228,1.0,0.0,0.0,0.0,0.12578654274947831,1.0,0.0,0.0,1.0,1.0,0.56584153181692,0.0,0.0,1.0,1.0,0.0,0.0,0.5664833567740074,0.0,0.1982995198304627,1.0,1.0,0.0,1.0,0.0,0.0,0.0,0.0,1.0,0.0,0.6569178094281132,1.0,0.0,1.0,1.0,1.0,1.0,0.0,1.0,0.0,1.0,1.0,1.0,0.0,0.0,1.0,1.0,1.0,0.0,0.0,0.0
145,product/amplitude,aligned10,3,5.123101482314746,5.06068928951935,5.333911690249247,5.124262222271894,0.21791759127297539,-4.853647088020928,52.19909865409136,267.0074781428557,1,1,excluded,r_hat_max 1.626 > 1.1; n_eff_min 5.1 < 16.0,1.626179744945676,1.0283983250194813,0.625615763546798,5.134508085675504,0,63.0,1.3961595903149915,7.260171959886964,1.626179744945676,5.134508085675504,1.0397047283713103,38.48478710174172,4.156389660906388,1.8049731409166323,0,0.0,0.18426534113523663,0.0,1.0,1.0,0.23367946812203289,0.13062393900067273,0.0,1.0,0.6214722109049674,0.0,0.0,0.0,1.0,0.4623382108794264,1.0,0.1307766382300696,0.4342995237962469,1.0,0.0,1.0,0.0,0.8343228260037818,1.0,0.34629849982636124,1.0,0.0,1.0,0.6958973354849303,0.0,0.24480951988472657,1.0,0.9126760631714597,1.0,0.0,0.0,0.0,0.0,0.0,0.0,0.0,1.0,1.0,0.0,0.0,1.0,0.11417751062784293,0.0,0.5510971637332835,1.0,0.0,0.0,0.0,1.0,1.0,0.0,0.0,1.0,1.0,0.5653640417514919,0.0,0.9024655243527228,1.0,0.7056116182425768,0.0,0.0,0.5365112843149736,0.0,0.20603605298036923,1.0,1.0,0.0,1.0,0.0,0.0,0.0,0.0,1.0,0.0,0.556941057237674,0.0,0.0,0.899654897760089,1.0,1.0,1.0,0.0,1.0,0.0,1.0,1.0,1.0,0.0,0.06344456143062831,1.0,1.0,1.0,0.0,0.0,0.0
146,product/amplitude,aligned10,3,5.041498174643787,5.103376734027504,5.333911690249247,5.124262222271894,0.21791759127297539,-6.131707366595217,50.095179438823834,265.35958849499,1,1,excluded,r_hat_max 1.423 > 1.1; n_eff_min 7.2 < 16.0,1.4229091718792533,1.0220582439858104,0.6502463054187192,7.159325535821688,0,63.0,1.3217332270138271,11.514250399110434,1.4229091718792533,7.159325535821688,1.0150325411403922,79.66372633487126,4.163010974751651,1.8005472846855062,0,0.0,0.26897363752131065,0.0,0.39492829463273876,1.0,0.24274111119256433,1.0,0.0,1.0,0.6342381376781902,0.0,0.0,0.0,1.0,0.46398343219571164,1.0,0.0,0.4133046436940955,1.0,0.0,1.0,0.0,0.1192126956603871,1.0,0.385989026646569,0.0,0.0,1.0,0.0,0.0,0.2610835894641902,1.0,1.0,1.0,0.0,0.0,0.0,0.5923012591447734,0.0,1.0,0.0,1.0,0.3613843712504335,0.0,0.0,1.0,0.0,1.0,0.6513056599387601,1.0,0.0,0.0,0.0,1.0,1.0,0.0,0.0,1.0,1.0,0.6000813749265801,0.0,0.8839088651890991,1.0,0.7092193420349164,0.0,0.0,0.5571154266361188,0.0,0.3005823178982937,1.0,1.0,0.0,1.0,0.6920978946396719,0.0,0.5452005356439769,0.0,1.0,0.0,1.0,1.0,0.0,1.0,1.0,1.0,0.5217182554830793,0.0,1.0,0.0,0.0,1.0,1.0,0.0,1.0,1.0,1.0,1.0,0.0,0.0,0.0
147,product/amplitude,aligned10,3,5.201048094902495,5.097298205283581,5.333911690249247,5.124262222271894,0.21791759127297539,-6.2585141143836935,52.66802205494605,245.54166370793246,1,1,excluded,r_hat_max 1.578 > 1.1; n_eff_min 6.6 < 16.0,1.5779014087652192,1.030885782146803,0.5911330049261084,6.567504503984884,0,63.0,1.424619419235213,6.905448713947048,1.5779014087652192,6.567504503984884,1.0309023581809618,25.552186358879716,4.168987078152278,1.7958648389187961,0,0.0,0.0,0.0,1.0,1.0,0.17813525734964727,1.0,0.0,1.0,0.6389606685462629,0.0,0.0,0.0,1.0,0.47666244541300795,1.0,0.0,0.26872865581437755,1.0,0.0,1.0,0.0,1.0,1.0,1.0,0.0,0.0,1.0,0.6047557075920864,0.0,0.2808942914486064,1.0,1.0,1.0,0.0,0.0,0.0,0.0,0.0,0.6587372515781271,0.0,1.0,1.0,0.0,0.0,1.0,0.0,0.0,0.0,1.0,0.0,0.0,0.0,0.0,1.0,0.0,0.0,1.0,1.0,0.5501172931059204,0.0,0.0,1.0,0.7157258842585025,0.0,0.0,0.4321897419998439,0.0,0.0,1.0,1.0,0.0,0.7066227456507417,0.0,0.0,0.0,0.0,1.0,1.0,0.6581125013865334,0.0,0.0,1.0,1.0,1.0,1.0,0.0,1.0,0.0,1.0,1.0,1.0,0.0,0.0,1.0,1.0,1.0,0.0,0.0,0.0
148,product/amplitude,aligned10,3,5.1889012914004615,5.100105057395344,5.333911690249247,5.124262222271894,0.21791759127297539,-6.217622925070286,49.56333336606622,273.6101723648608,1,1,excluded,r_hat_max 1.510 > 1.1; n_eff_min 6.6 < 16.0,1.510102057840726,1.0352667804098532,0.5812807881773399,6.573825973886038,0,63.0,1.510102057840726,7.149946568413027,1.368421033898209,6.573825973886038,1.0241069730608703,34.87263344755368,4.175960463400591,1.7917833094998985,0,0.0,0.0,0.0,1.0,1.0,0.23747039927964805,0.0,0.0,1.0,0.6323186476763739,0.0,0.0,0.0,1.0,0.4630551364826639,1.0,0.0,0.30941559397691054,1.0,0.0,1.0,0.0,1.0,1.0,0.3506839758289096,0.0,0.0,1.0,1.0,0.0,0.24754008034118918,1.0,1.0,1.0,0.0,0.0,0.42775956667983633,0.0,0.0,1.0,0.0,1.0,1.0,0.0,0.0,1.0,0.0,0.0,0.6259448733548423,1.0,0.0,0.0,0.0,0.48998838694449715,1.0,0.0,0.0,1.0,1.0,0.5543103265563045,0.0,1.0,1.0,1.0,0.0,0.0,0.5654171861399371,0.040893242293593826,0.0,1.0,1.0,0.0,1.0,0.0,0.0,0.0,0.0,1.0,1.0,0.5530328241807246,0.0,0.0,1.0,1.0,1.0,1.0,0.0,1.0,0.0,1.0,1.0,1.0,0.0,0.0,1.0,1.0,1.0,0.0,0.0,0.0
149,product/amplitude,aligned10,3,5.217008444039694,5.107908434449079,5.333911690249247,5.124262222271894,0.21791759127297539,-7.719265833729464,52.47152063413523,256.82318274187855,1,1,excluded,r_hat_max 1.476 > 1.1; n_eff_min 5.3 < 16.0,1.475500250919497,1.034046493935888,0.5812807881773399,5.317075664521484,0,63.0,1.475500250919497,5.317075664521484,1.428833094146952,7.039930053370229,1.0280990732717088,138.82386403446026,4.182758723991193,1.7876746214218249,0,0.0,0.0,0.0,1.0,0.0,0.0,1.0,0.0,1.0,0.6333106952091925,0.0,0.0,0.0,1.0,0.4714544912348607,0.0,0.16473613602338066,1.0,1.0,0.0,1.0,0.0,1.0,1.0,1.0,0.0,0.0,1.0,1.0,0.0,0.09275316787093014,1.0,1.0,1.0,0.0,0.0,0.0,0.0,0.0,1.0,0.0,1.0,1.0,0.0,0.0,1.0,0.0,0.0,1.0,1.0,0.0,0.0,0.0,0.0,1.0,0.0,0.0,1.0,1.0,0.5680899108293087,0.0,0.0,1.0,0.7153736539507402,0.0,0.0,0.5584650527179432,0.0,0.0,1.0,1.0,0.0,0.7460677089600956,0.0,0.0,0.0,0.0,1.0,1.0,1.0,0.0,0.0,1.0,1.0,1.0,1.0,0.0,1.0,0.24469147330105454,1.0,0.8253372999600775,1.0,0.0,1.0,1.0,1.0,1.0,0.0,0.0,0.0
150,product/amplitude,aligned10,3,4.967094877986109,5.13308711993295,5.333911690249247,5.13308711993295,0.20909269361191907,-6.814665468531167,50.11912206094712,274.33550914307125,1,1,excluded,r_hat_max 1.491 > 1.1; n_eff_min 6.9 < 16.0,1.4914708861487918,1.024684042438394,0.6600985221674877,6.934234812482572,0,63.0,1.4914708861487918,6.934234812482572,1.3973685814115968,7.916914961859693,1.165075588414439,13.53182290462084,4.1896537221248495,1.7836925063713662,1,0.0,0.0,0.6445717315291786,1.0,1.0,0.17843563285815206,1.0,0.0,1.0,0.6341209971988782,0.0,0.0,0.0,1.0,0.4616633332573137,0.31114716949365934,0.12843421133881616,1.0,1.0,0.0,1.0,0.0,0.0,1.0,0.7344020726608267,1.0,0.0,1.0,0.6211008828806036,0.06457697120463055,0.2137516036565402,1.0,1.0,1.0,0.0,0.0,0.0,0.0,0.0,0.0,0.0,1.0,1.0,0.0,0.0,1.0,0.0,0.0,0.5604240363098744,0.6044973030428484,0.0,0.0,0.0,0.0,1.0,0.0,0.0,1.0,1.0,0.5593471760804809,0.0,1.0,1.0,0.8547415790809182,0.0,0.0,0.5640922853153538,0.0,0.8337204515672134,1.0,1.0,0.0,0.7816058066680258,0.0,0.0,0.0,0.0,1.0,0.2877474498992896,1.0,1.0,0.0,1.0,1.0,1.0,1.0,0.0,1.0,0.0,1.0,1.0,1.0,0.0,0.0,1.0,1.0,1.0,0.0,0.0,0.0
151,product/amplitude,aligned10,3,5.1128484844570625,5.098238640493255,5.333911690249247,5.13308711993295,0.20909269361191907,-6.474249042711904,52.73427367187105,275.4920108320657,1,1,excluded,r_hat_max 1.723 > 1.1; n_eff_min 4.5 < 16.0,1.7226312295628279,1.0210945312940514,0.6650246305418719,4.531172348476193,0,63.0,1.7226312295628279,4.531172348476193,1.2966856258975128,6.7532089953967755,1.0454493609819446,45.45632007702926,4.194802339051083,1.778894395081926,0,0.0,0.28645846346101106,0.0,1.0,0.0,0.2213934894257429,0.0,0.18867823265864977,1.0,0.6328057112158079,0.0,0.0,0.0,1.0,0.46621532822348827,0.0,0.0,0.32106895127975543,1.0,0.0,1.0,0.0,1.0,1.0,1.0,0.0,0.0,1.0,0.5453572338369458,0.0,0.0,1.0,1.0,1.0,0.0,0.04202871406433208,0.4400747744777321,0.0,0.0,1.0,0.0,1.0,1.0,0.0,0.0,1.0,0.0,0.0,1.0,1.0,0.0,0.0,0.0,0.43838905593769506,1.0,0.0,0.0,1.0,1.0,0.5562849354697563,0.0,0.43934625930828425,1.0,0.7280383788777058,0.0,0.0,0.5467000106716652,0.041079195468780534,0.0,1.0,0.4433128643466353,0.0,1.0,0.0,0.0,0.5355009003981336,0.0,1.0,1.0,0.585731569167336,0.0,0.0,1.0,1.0,1.0,1.0,0.0,0.9922678813857417,0.0,1.0,0.894412200411829,1.0,0.41626521515693365,0.0,1.0,1.0,1.0,0.0,0.0,0.0
152,product/amplitude,aligned10,3,4.954165862199534,5.106625502201344,5.333911690249247,5.13308711993295,0.20909269361191907,-6.610900386870844,49.41440939204767,266.5294077580329,1,1,excluded,r_hat_max 1.881 > 1.1; n_eff_min 3.7 < 16.0,1.8814230479279699,1.0275027357615336,0.6157635467980296,3.6528227036069514,0,63.0,1.5475209024970216,5.533257672407906,1.8814230479279699,3.6528227036069514,1.0155003229372472,67.39933192387474,4.200842116323492,1.7745857921598067,0,0.0,0.0,0.0,1.0,1.0,0.19050056638634721,1.0,0.0,1.0,0.6316464001716396,1.0,0.0,0.0,1.0,0.4672926621237199,1.0,0.0,0.2950409128809235,1.0,0.0,1.0,0.0,0.8203607892421458,1.0,1.0,1.0,0.0,1.0,1.0,0.0,0.2241947750883433,1.0,1.0,1.0,0.0,0.0,0.0,0.0,0.0,0.5794706250885023,0.0,1.0,1.0,0.0,0.0,1.0,0.0,0.13912759497557764,0.743505314224024,1.0,0.0,0.0,0.0,1.0,1.0,0.0,0.0,1.0,1.0,0.5507170215480279,0.0,0.0,1.0,0.7040036500232615,0.0,0.0,0.571601740128211,0.0,0.0,1.0,1.0,0.0,1.0,0.0,0.0,0.0,0.0,1.0,1.0,0.27230212746603394,0.0,0.0,1.0,1.0,1.0,1.0,0.0,1.0,0.0,1.0,1.0,1.0,0.5157141644209428,0.22289908208232126,1.0,1.0,1.0,0.0,0.0,0.0
153,product/amplitude,aligned10,3,5.242585044053613,5.103363236355083,5.333911690249247,5.13308711993295,0.20909269361191907,-6.03597383095897,53.14348436985165,319.2382449088618,1,1,excluded,r_hat_max 1.538 > 1.1; n_eff_min 6.6 < 16.0,1.5375466344886346,1.018176540946453,0.7438423645320197,6.559107441459623,0,63.0,1.2244085726272698,7.401360275827934,1.5375466344886346,6.559107441459623,1.0235958583041622,46.311931925709914,4.20576580093706,1.7698183265306844,0,0.0,0.18834122114008794,1.0,1.0,0.28101929071595433,0.1737990007783102,0.0,0.0,1.0,0.6323278086604474,0.0,0.0,0.3800144692652899,1.0,0.474764377667616,0.0,0.3563374570465661,0.41618924990919076,1.0,0.0942859125504551,1.0,0.0,1.0,1.0,0.44218893792032793,0.0,0.0,1.0,0.7268922549787822,0.018124221554590307,0.21956819048500614,1.0,0.9458483302511765,1.0,0.0,0.0,0.49143437126225925,0.0,0.0,0.7138901523456596,0.0,1.0,1.0,0.0,0.0,1.0,0.0,0.0,0.0,1.0,1.0,0.0,0.0,0.0,0.9963255391256677,0.0,0.0,1.0,1.0,0.5676940467677237,0.0,0.0,1.0,0.6964333513871223,0.0,0.0,1.0,0.03050869994728387,0.2484484890869232,0.0,1.0,0.0,1.0,0.20811623577327965,0.0,0.0,0.0,1.0,0.0,1.0,1.0,0.0,1.0,1.0,1.0,1.0,0.0,1.0,0.0,0.7693716359656915,1.0,1.0,0.0,0.0,1.0,1.0,0.7164672108603808,0.0,0.0,0.0
154,product/amplitude,aligned10,3,5.0288018271475945,5.127438400528776,5.333911690249247,5.13308711993295,0.20909269361191907,-7.010731115852746,50.787300404161215,300.95515803294256,1,1,excluded,r_hat_max 1.432 > 1.1; n_eff_min 7.1 < 16.0,1.4323903474102369,1.0179189894658507,0.6403940886699507,7.050626895964196,0,63.0,1.4323903474102369,7.050626895964196,1.3846887746722578,9.371089492966895,1.062430580843306,32.996969089587814,4.21249839342483,1.766027387101406,0,0.0,0.30560377451522136,0.0,1.0,1.0,0.23149456230479026,1.0,0.20247417878043095,1.0,0.628048424171147,0.0,0.0,0.013615821667544532,1.0,0.46504086952070317,0.0,0.11317003955023185,0.29954880843555864,1.0,0.04546666367230354,1.0,0.0,1.0,1.0,1.0,1.0,0.0,1.0,1.0,0.016156901898145507,0.2244917899093442,1.0,1.0,1.0,0.0,0.0,0.0,0.0,0.0,1.0,1.0,1.0,1.0,0.0,0.0,1.0,0.0,0.0,0.3881402703233106,0.0,0.002656839191596109,0.0,0.0,0.8039487051102983,1.0,0.0,0.0,1.0,1.0,0.5653350068200212,0.0,1.0,1.0,1.0,0.0,0.0,0.8314329085394544,0.0,0.6591547394032794,1.0,1.0,0.0,0.9822672651392116,0.0,0.0,0.0,0.0,1.0,1.0,1.0,0.0,0.0,0.9784462644642798,1.0,1.0,1.0,0.0,1.0,0.0,1.0,1.0,1.0,0.0,0.0,1.0,1.0,0.0,0.0,0.0,0.0
155,product/amplitude,aligned10,3,4.9501458756647505,5.102248685406284,5.333911690249247,5.13308711993295,0.20909269361191907,-5.6864106432088235,54.36715485318564,288.196962390095,1,1,excluded,r_hat_max 1.416 > 1.1; n_eff_min 5.5 < 16.0,1.415844837770239,1.0364621934222769,0.5911330049261084,5.463798247056179,0,63.0,1.415844837770239,5.463798247056179,1.4042775263048741,7.206773570106761,0.9987925097750349,45.637938697328636,4.217764867190784,1.7615341059247387,0,0.0,0.18855660015814765,1.0,1.0,1.0,0.20202596146641547,0.11501993229239181,0.0,1.0,0.6349192192983216,0.0,1.0,0.39040231343311055,1.0,0.46897052696366115,0.12239963016131905,1.0,0.315461949374758,1.0,0.14323840128973903,1.0,0.0,1.0,1.0,0.3377813729779382,0.0,0.0,1.0,0.657366585355252,0.0,0.2684779873881797,1.0,1.0,1.0,0.0,0.0,0.5841824459535808,0.0,0.0,1.0,0.3734710696561095,1.0,1.0,0.0,0.0,1.0,0.2169698990003533,0.0,0.0,1.0,1.0,0.0,0.0,0.0,1.0,0.0,0.0,1.0,1.0,0.5448381664897656,0.0,0.0,1.0,1.0,0.0,0.0,0.5190703995786381,0.0,0.16655073976859758,1.0,1.0,0.0,0.8141086904106053,0.6460948541520548,0.0,0.0,0.0,1.0,0.023972158282001752,1.0,1.0,0.0,1.0,1.0,1.0,1.0,0.0,1.0,0.2143814384852412,1.0,1.0,1.0,0.0,0.0,1.0,1.0,1.0,0.0,0.0,0.0
156,product/amplitude,aligned10,3,5.041897267907487,5.085641206062036,5.333911690249247,5.13308711993295,0.20909269361191907,-5.465550711030282,50.78261521295644,256.3878213278949,1,1,excluded,r_hat_max 1.422 > 1.1; n_eff_min 7.0 < 16.0,1.4223495145683547,1.0192515726832188,0.6600985221674877,7.010289631201303,0,63.0,1.3711171621563256,7.010289631201303,1.4223495145683547,7.331204083197562,1.0093109413123125,15.610679099570014,4.2224596172451045,1.756851635844944,0,0.0,0.22346118265349457,0.0,1.0,0.3165446675519856,0.0,1.0,0.0,1.0,0.6247221310520086,0.0,0.0,0.0,1.0,0.45641355019378793,1.0,0.15689020749335827,1.0,1.0,0.0,1.0,0.0,1.0,1.0,1.0,0.0,0.0,0.8378822134121562,0.7700636191114443,0.0,0.2421179382312657,1.0,1.0,1.0,0.0,0.0,0.49811933022088173,0.0,0.0,0.7338445236350409,0.0,1.0,1.0,0.0,0.0,1.0,0.0,0.18834166888709106,0.6241582028408357,1.0,0.0,0.0,0.0,0.14316829667706468,1.0,0.0,0.0,1.0,1.0,0.5648500103013285,0.0,0.0,1.0,0.6893098198754422,0.0,0.0707167478599765,0.561319682078878,0.0,0.0,1.0,1.0,0.0,1.0,0.0,1.0,0.0,0.0,1.0,0.0,1.0,0.0,0.0,1.0,1.0,1.0,1.0,0.0,1.0,0.0,0.7147329871012171,0.8303982445370336,1.0,0.0,1.0,1.0,1.0,1.0,0.0,0.0,0.0
157,product/amplitude,aligned10,3,4.9635198448505795,5.041253080437921,5.333911690249247,5.13308711993295,0.20909269361191907,-6.713183955612033,53.090091454098,256.13625927688554,1,1,excluded,r_hat_max 1.621 > 1.1; n_eff_min 4.8 < 16.0,1.6213048206480676,1.0359100793348917,0.5763546798029556,4.848619960015003,0,63.0,1.6213048206480676,5.053287001410601,1.5709223010839315,4.848619960015003,1.0103198529967587,52.133926628764556,4.2276789653384945,1.7524605408405012,0,0.0,0.0,0.0,1.0,0.0,0.16659365149692987,0.0,0.0,1.0,0.7078665512914281,0.0,0.0,0.0,1.0,0.4944846987236358,1.0,0.0,0.0,1.0,0.0,1.0,1.0,1.0,1.0,1.0,0.0,0.0,1.0,1.0,0.0,0.19860095141788833,1.0,1.0,1.0,0.0,0.0,0.0,0.0,0.0,0.68914615514034,0.0,1.0,1.0,0.0,0.0,1.0,0.0,0.0,1.0,1.0,0.0,0.0,0.0,0.0,1.0,0.0,0.0,1.0,1.0,0.592032860227406,0.0,0.0,1.0,0.6996735775201627,0.0,0.09122154891055304,0.5462034757269877,0.0,0.0,1.0,1.0,0.0,0.0,0.0,0.0,0.0,0.0,1.0,0.0,0.6757617122050474,1.0,0.0,1.0,1.0,1.0,1.0,0.0,0.0,0.0,0.6950750103154435,1.0,1.0,0.0,0.0,1.0,1.0,1.0,0.0,0.0,0.0
158,product/amplitude,aligned10,3,5.086749264208951,5.1068137752120215,5.333911690249247,5.13308711993295,0.20909269361191907,-6.2995651059879005,51.84287975705229,315.91178917186335,1,1,excluded,r_hat_max 1.360 > 1.1; n_eff_min 7.5 < 16.0,1.3603748832843943,1.032852986049984,0.5862068965517241,7.470594131063,0,63.0,1.312993492970633,7.513527449297115,1.3603748832843943,7.470594131063,1.1861926118844774,11.544832724321397,4.2323361860949005,1.7478803664877178,0,0.0,0.0,0.9045729488354877,1.0,0.0,0.0,1.0,0.0,1.0,0.6280644258754056,0.0,0.0,0.0,1.0,0.47104584348624734,1.0,0.0,0.250185730474194,1.0,0.0,0.7051253966458492,0.0,1.0,1.0,0.5861915409162296,0.0,0.0,1.0,0.8029999845008071,0.02053946732548573,0.1726062436155798,1.0,1.0,0.7843479525287568,0.0,0.0,0.3817498796498822,0.0,0.0,0.3588746320488423,0.0,1.0,1.0,0.0,0.0,1.0,0.0,0.0,0.5989610575467103,1.0,0.0,0.0,0.0,0.22924285695242552,1.0,0.0,0.0,1.0,1.0,0.5683678381485003,0.0,0.0,1.0,0.7072473871308779,0.0,0.0,0.5686178764614205,0.032983300495953854,0.0,1.0,1.0,0.0,0.6885763680661516,0.0,0.0,1.0,0.0,1.0,0.0,1.0,0.8810720181387488,0.0,1.0,0.6225310932995516,1.0,1.0,0.0,1.0,0.0,0.7952039357777492,1.0,1.0,0.30637414415687997,0.0,1.0,1.0,1.0,0.0,0.0,0.0
159,product/amplitude,aligned10,3,4.999166099165703,5.094105233147885,5.333911690249247,5.13308711993295,0.20909269361191907,-6.93548546310617,53.621275381185114,302.3559521329589,1,1,excluded,r_hat_max 1.509 > 1.1; n_eff_min 6.5 < 16.0,1.5094212752452618,1.0199972379570865,0.7241379310344828,6.538340880619872,0,63.0,1.5094212752452618,6.538340880619872,1.2586100036577625,8.719724015653009,1.0927185171586218,30.132949782901953,4.23770985325285,1.7436839893756046,0,0.0,0.19721885847067167,0.0,1.0,1.0,0.1726027484359454,0.005629259955360401,0.2043864664284772,1.0,0.6357122817988117,0.0,0.0,0.0,1.0,0.46826073325945605,1.0,0.0,0.3493967658025756,1.0,1.0,1.0,0.0,1.0,1.0,1.0,0.0,0.0,1.0,0.9251346266287666,0.0,0.0,1.0,0.0,1.0,0.0,0.0,0.0,0.0,0.0,0.0,0.0,1.0,1.0,0.0,0.0,1.0,0.0,0.0,1.0,1.0,0.0,0.0,0.0,0.0,1.0,0.0,0.0,1.0,1.0,0.5518663342104182,0.0,1.0,1.0,0.6817462376807102,0.0,0.0,0.508248999676896,0.0,0.5429657612616625,0.0,1.0,0.0,0.7311886266154155,0.32497585499388243,0.0,1.0,0.0,1.0,0.0,0.7537737497279348,0.0,0.0,0.937187989826507,1.0,1.0,1.0,0.0,1.0,0.0,1.0,1.0,1.0,0.0,0.0,1.0,1.0,0.7256333610390749,0.0,0.0,0.0
160,product/amplitude,aligned10,3,5.150571584157348,5.116952952475747,5.333911690249247,5.13308711993295,0.20909269361191907,-7.708942589540422,48.09155131597072,263.53613951196894,1,1,excluded,r_hat_max 1.476 > 1.1; n_eff_min 6.2 < 16.0,1.4763268752947531,1.017603124695025,0.6798029556650246,6.230934595396696,0,63.0,1.232051967346585,11.339529755103316,1.4763268752947531,6.230934595396696,1.0133705941229518,24.734000393634872,4.242468954789806,1.739262010668635,0,0.0,0.0,1.0,1.0,0.0,0.21685459367319798,0.0,0.0,1.0,0.6288486762388622,0.0,0.0,0.0,1.0,0.45288518644701,1.0,0.0,0.37821386282103125,1.0,0.0,1.0,0.0,1.0,1.0,0.27649333969346485,1.0,0.0,1.0,0.9423415330684083,0.0,0.23745642632716277,1.0,0.9297640555161528,1.0,0.0,0.0,0.0,0.0,0.0,0.6933132809917099,0.0,1.0,1.0,0.0,0.0,1.0,0.0,0.0,0.549979824971958,1.0,0.0,0.0,0.0,0.09321691908206878,1.0,0.0,0.0,1.0,1.0,0.5509136000366366,0.0,0.0,1.0,1.0,1.0,0.0,0.5465547508881932,0.0,0.0,1.0,0.916048332277935,0.0,1.0,0.0,0.0,1.0,0.0,1.0,0.0,1.0,0.5069175466914461,0.0,1.0,1.0,1.0,1.0,0.0,0.0,0.0,0.0,1.0,1.0,0.0,0.0,0.7333779797223317,1.0,1.0,0.3695702124133076,0.0,0.0
161,product/amplitude,aligned10,3,5.046707482360027,5.117188706177408,5.333911690249247,5.13308711993295,0.20909269361191907,-7.718610293584293,54.00386762106791,309.2132939088624,1,1,excluded,r_hat_max 1.490 > 1.1; n_eff_min 6.7 < 16.0,1.4900861385250537,1.0267269536580574,0.5960591133004927,6.710307586732553,0,63.0,1.4402232013651044,8.036550111943379,1.4900861385250537,6.710307586732553,1.031681974548059,31.668479064827466,4.2481093437920885,1.7353194400727467,0,0.0,0.20620039005035745,1.0,1.0,0.0,0.24949582358595623,1.0,0.0,1.0,0.6349844749220898,0.0,0.0,0.0,1.0,0.4602792731218999,1.0,0.0,0.4217384803470842,1.0,0.0,1.0,0.6115459647628663,1.0,1.0,0.45544077793558857,1.0,0.0,1.0,0.6463647195803732,0.0,0.0,1.0,0.7622898655114663,1.0,0.0,0.0,1.0,0.0,0.0,1.0,0.0,1.0,1.0,0.0,0.0,1.0,0.0,0.0,1.0,1.0,0.0,0.0,0.0,0.21662182324809645,1.0,0.0,0.0,1.0,1.0,0.5775909341479937,0.0,1.0,1.0,0.028632051545405744,1.0,0.0,0.5520540656866905,0.0,0.0,1.0,1.0,0.0,1.0,0.0,0.0,1.0,0.0,1.0,0.0,1.0,1.0,0.0,1.0,1.0,1.0,1.0,0.0,0.0,0.0,0.0,1.0,1.0,0.0,0.06434787084040035,1.0,1.0,0.6409364441458195,0.0,0.0,0.0
162,product/amplitude,aligned10,3,5.201735049310312,5.1092992958169035,5.333911690249247,5.13308711993295,0.20909269361191907,-6.935664546982768,52.899883035803214,304.16697907610796,1,1,excluded,r_hat_max 1.374 > 1.1; n_eff_min 6.6 < 16.0,1.3744644590060096,1.0270958928270746,0.625615763546798,6.625448689045793,0,63.0,1.3744644590060096,6.625448689045793,1.280851832285792,8.792823467825102,1.0610118592097189,16.987961215069777,4.253038961931397,1.7310856602344817,0,0.0,0.20311038495074074,0.0,0.0,1.0,0.28065243916507787,1.0,0.0,1.0,0.6307539592871313,0.0,0.0,0.21199761120274122,1.0,0.46461345642693147,1.0,0.27207008882672545,0.3117751012597775,1.0,0.0,1.0,0.0,1.0,1.0,1.0,0.6804670634277243,0.0,1.0,1.0,0.0,0.18475151079844496,1.0,0.9362897627575159,1.0,0.0,0.0,0.9345668311881292,0.30430343507742885,0.0,0.6573338128913019,0.0,1.0,1.0,0.0,0.0,1.0,0.0,0.0,0.5900768719147007,0.5915807649775869,0.0,0.0,0.0,0.10105809313563985,1.0,0.0,0.0,1.0,1.0,0.5878368640901036,0.0,0.2446523220518721,1.0,0.7244701931432164,0.0,0.0,1.0,0.0,1.0,1.0,1.0,0.0,1.0,0.0,0.0,0.5588132078569656,0.0,1.0,1.0,0.6186426390341996,0.0,0.0,1.0,0.9339134291065252,1.0,1.0,0.0,1.0,1.0,0.6048473983567839,0.8645081142583982,1.0,0.0,1.0,1.0,1.0,1.0,0.0,0.0,0.0
163,product/amplitude,aligned10,3,4.864950561899615,4.9303250963381124,5.333911690249247,5.13308711993295,0.20909269361191907,-7.283659537721455,54.71037477510981,306.9123114559334,1,1,excluded,r_hat_max 1.426 > 1.1; n_eff_min 6.4 < 16.0,1.42550441817733,1.0158899612988945,0.7093596059113301,6.4122029417241455,0,63.0,1.4061340900800963,6.4122029417241455,1.42550441817733,8.385193449014134,1.0053862486508962,22.735087579981098,4.25885918332636,1.727356624189118,0,8.409011894816962e-05,0.0,1.0,1.0,1.0,0.3184029440086928,0.0,0.17278187863673986,1.0,0.621667263942227,0.0,0.0,0.0,1.0,0.4636664101310638,1.0,0.14633655036455753,0.45401410541004966,1.0,0.0,1.0,0.0,1.0,1.0,0.3022938307379581,0.0,0.0,1.0,0.9204954137240053,0.01881164383483893,0.23116055026333215,0.422151393829639,0.9814663779121382,1.0,0.0,0.0,0.7173802922387111,0.0,0.11388548355710362,0.12952317258195695,0.0,1.0,1.0,0.0,0.0,1.0,0.0,0.007505369251790578,0.5499626921423105,0.6731108892711425,0.0,0.0,0.0,1.0,1.0,0.0,0.0,1.0,1.0,0.5605625228676494,0.0,0.10129977363455496,1.0,1.0,0.0,0.0,0.5529487625895952,0.03719633315191618,0.0,1.0,1.0,0.0,1.0,0.0,0.0,0.5484862524066174,0.0,1.0,0.0,0.3607632492593624,0.8806750313880108,0.0,1.0,0.9241933716938961,1.0,1.0,0.0,0.9653321300537688,0.0,0.0,1.0,1.0,0.0,1.0,1.0,1.0,1.0,0.0,0.0,0.0
164,product/amplitude,aligned10,3,5.244548252713583,5.116589722316715,5.333911690249247,5.13308711993295,0.20909269361191907,-7.4302649558983145,51.914415976032615,325.6512819828931,1,1,excluded,r_hat_max 1.400 > 1.1; n_eff_min 6.3 < 16.0,1.3999611662859934,1.0248999357677917,0.6650246305418719,6.291118948515463,0,63.0,1.3528582447492399,7.852792639142174,1.3999611662859934,6.291118948515463,1.1144541428322912,28.788099386289012,4.262554862464001,1.7227285056796295,0,0.0,1.0,0.0,0.0,1.0,0.23154201457367338,1.0,0.0,1.0,0.6298452563734823,0.0,0.0,0.0,1.0,0.4540541156297408,1.0,0.0,0.23929128446724007,1.0,0.0,1.0,0.0,1.0,1.0,0.0,1.0,0.0,1.0,0.8346601953887165,0.0,0.4347520050381084,1.0,0.9742369282749033,1.0,0.0,0.0,0.759270428778138,0.4724782925170507,0.0,0.0,0.0,1.0,1.0,0.0,0.0,1.0,0.0,0.0,1.0,0.5943613682871725,0.0,0.0,0.0,1.0,1.0,0.0,0.0,1.0,1.0,0.5510268453243073,0.0,0.8741153636374487,1.0,1.0,0.0,0.0,0.5206470788503054,0.0,0.2520374916618943,1.0,1.0,0.0,1.0,0.1441449093119755,0.0,0.4960874050948225,0.0,1.0,1.0,1.0,1.0,1.0,1.0,1.0,1.0,1.0,0.0,0.9529213475917895,0.9338154937838637,0.5646848747322978,1.0,1.0,0.4232734378341422,1.0,1.0,1.0,1.0,1.0,0.0,0.0
165,product/amplitude,aligned10,3,4.933935436795372,5.103005916954988,5.333911690249247,5.13308711993295,0.20909269361191907,-6.780133495011187,54.57270936993882,292.0695211440325,1,1,excluded,r_hat_max 1.543 > 1.1; n_eff_min 5.9 < 16.0,1.543393583160416,1.0278795869147044,0.645320197044335,5.858691928437348,0,63.0,1.4434997869012782,6.8662251386880655,1.543393583160416,5.858691928437348,1.0168353145251094,53.41560367674888,4.268506337556423,1.7191904391688877,0,0.0,0.3137576136386187,0.0,1.0,0.0,0.0,1.0,0.0,1.0,0.6316786385413032,0.0,0.0,0.0,1.0,0.4681164679975979,1.0,0.0,0.4308718817597571,1.0,1.0,0.7961292368716805,0.0,0.8300904259950056,1.0,0.34619501237154626,1.0,0.038572803738545776,1.0,0.9077110401972036,0.0,0.32273836410325374,1.0,1.0,1.0,0.0,0.0,0.7232616412810906,0.0,0.0,0.0,1.0,1.0,1.0,0.0,0.0,1.0,0.0,0.0,0.5621109505164216,0.6183250684750309,0.0,0.0,0.0,0.11980872570122436,1.0,0.0,0.0,1.0,1.0,0.5554545520972978,0.0,0.0,1.0,0.6974608368042937,0.5444214994373759,0.0,0.7357882217972501,0.01328104004983147,0.24557978856102441,0.5753013101604975,1.0,0.0,1.0,0.7204091335662725,0.0,0.3428094954974446,0.0,1.0,1.0,0.6465107707020236,1.0,1.0,1.0,1.0,1.0,1.0,0.0,0.0,0.0,1.0,1.0,1.0,0.36332215023194764,1.0,1.0,1.0,1.0,0.0,0.0,0.0
166,product/amplitude,aligned10,3,5.1958343158107585,5.0704494960785915,5.333911690249247,5.13308711993295,0.20909269361191907,-6.795416210389023,52.77865695091896,308.3056150129996,1,1,excluded,r_hat_max 1.499 > 1.1; n_eff_min 6.6 < 16.0,1.4988694955524247,1.0208431567986263,0.7093596059113301,6.554400097229921,0,63.0,1.4988694955524247,8.957641032625208,1.3028869799586724,6.554400097229921,1.0065841426094868,31.785822185078963,4.272514946587982,1.7147776030805348,0,0.0,1.0,0.0,0.0,1.0,0.2642574454708861,1.0,0.2579228030772264,1.0,0.6252175283819438,0.07371097610507922,0.0,0.6181001938789904,1.0,0.4974778330876518,1.0,0.0,0.2626448752946703,1.0,0.0,1.0,0.0,1.0,1.0,1.0,0.0,0.0,1.0,1.0,0.0,0.32371090921397383,1.0,1.0,1.0,0.0,0.0,1.0,0.0,0.0,0.6174557657747659,0.0,1.0,1.0,0.0,0.0,1.0,0.0,0.0,1.0,1.0,0.5945311422151509,0.07709975206051624,0.0,1.0,1.0,0.0,0.0,1.0,1.0,0.5717984980636476,0.0,1.0,1.0,0.7605755733443478,0.0,0.0,1.0,0.0,0.7901695953811924,1.0,0.0,0.0,1.0,0.0,1.0,0.5782785560829002,0.0,1.0,1.0,1.0,0.0,0.0,1.0,1.0,1.0,1.0,0.0,0.7013748589448278,1.0,0.759518864129868,1.0,1.0,0.0,1.0,0.7484907517700399,1.0,1.0,0.0,0.0,0.0
167,product/amplitude,aligned10,3,5.079029964844923,5.105140334731405,5.333911690249247,5.13308711993295,0.20909269361191907,-6.7192226830817585,55.584956692066044,230.26719014602713,1,1,excluded,r_hat_max 1.356 > 1.1; n_eff_min 8.5 < 16.0,1.356431177723582,1.027666296220389,0.6354679802955665,8.470158981396933,0,63.0,1.2728035352479177,9.556521907624846,1.356431177723582,8.470158981396933,1.1345853172042137,22.39923285813226,4.278043805086322,1.7111192254310867,0,0.0,1.0,0.0,0.0,1.0,0.1852270792371752,1.0,0.0,1.0,0.602073064559473,0.0,0.0,0.2764772145753874,1.0,0.4465557720159674,1.0,0.0,0.34023301752123947,1.0,0.0,1.0,0.0,1.0,1.0,1.0,0.0,0.0,1.0,1.0,0.0,0.2288857486774705,1.0,1.0,1.0,0.0,0.0,0.0,0.0,0.0,0.563018612661435,0.0,1.0,1.0,0.0,0.0,1.0,0.0,0.0,1.0,1.0,0.6582627330300485,0.0,0.0,0.0,1.0,0.0,0.0,1.0,1.0,0.5736677103159722,0.0,0.8829163130549212,1.0,0.7749893336450333,0.0,0.0,0.5205472678914742,0.0,0.8237119632703155,1.0,0.0,0.0,1.0,0.0,1.0,1.0,0.0,1.0,1.0,1.0,0.0,1.0,1.0,1.0,1.0,0.5377893179568436,0.0,1.0,0.903927951545142,0.0,1.0,1.0,0.0,1.0,1.0,1.0,1.0,0.0,0.0,0.0
168,product/amplitude,aligned10,3,5.046509235767698,5.114973705887846,5.333911690249247,5.13308711993295,0.20909269361191907,-7.086974420578244,52.67380287591368,243.60294186486863,1,1,excluded,r_hat_max 1.475 > 1.1; n_eff_min 5.3 < 16.0,1.4753322692219872,1.0199771060897054,0.6945812807881774,5.271226509993945,0,63.0,1.4753322692219872,5.271226509993945,1.2839465008572535,8.32880181045913,1.1719369259697328,21.46486641782418,4.282811579846792,1.7071312324272279,0,0.0,1.0,0.8949401235341837,0.0,1.0,0.25575164448127724,0.0,0.0,1.0,0.6294584541866055,0.0,0.0,0.0,0.0,0.46200413811072893,1.0,0.0,0.27207012186572654,1.0,0.0,1.0,1.0,1.0,1.0,0.31755776706392336,0.0,0.0,1.0,1.0,0.0,0.185110341460822,1.0,1.0,1.0,1.0,0.6047067194489097,0.0,0.0,0.0,0.5928414523538225,0.0,1.0,1.0,0.0,0.0,1.0,0.0,0.2928714600404522,0.5727356544665572,1.0,0.0,0.0,0.0,1.0,1.0,0.0,0.0,1.0,1.0,0.5763626365101759,0.0,1.0,1.0,1.0,0.0,0.0,1.0,0.0,0.0,1.0,1.0,0.0,1.0,0.14871259165898668,1.0,0.47473842015073864,0.0,1.0,0.0,1.0,0.9570081963300312,0.0,1.0,1.0,1.0,1.0,0.0,0.0,0.9351741382119598,0.5948359666662094,1.0,1.0,0.0,1.0,1.0,1.0,1.0,0.0,0.0,0.0
169,product/amplitude,aligned10,3,5.064237417184224,5.0617916227875845,5.333911690249247,5.13308711993295,0.20909269361191907,-7.858660405674593,55.083860704209656,300.3932713167742,1,1,excluded,r_hat_max 1.475 > 1.1; n_eff_min 5.6 < 16.0,1.4745673657642113,1.0197727471960003,0.6748768472906403,5.648060893602174,0,63.0,1.4745673657642113,5.648060893602174,1.3951237394569602,7.759423065864219,1.1692899718606018,12.872517617795491,4.287330500887744,1.7030805477944924,0,0.0,0.0,0.0,1.0,1.0,0.0,0.6991466609135343,0.0,0.8491889628877194,0.7599270749004146,0.0,0.0,0.38096272887879246,1.0,0.4534010968677966,1.0,0.23829113945765973,0.2724198105759085,1.0,0.0,1.0,0.0,1.0,1.0,1.0,0.0,0.0,1.0,1.0,0.009223173545948664,0.23384706209027908,1.0,1.0,1.0,0.1824349600509801,0.00026070695285269245,1.0,0.5298339328821013,0.0,0.647776245117364,0.0,1.0,1.0,0.0,0.0,1.0,0.0,0.0,0.11686294304935152,0.9341293032399534,0.0,0.0,0.0,1.0,1.0,0.0,0.0,1.0,1.0,0.5870838193984266,0.0,0.0,0.9990754946640223,0.846325583140685,0.0,0.0,0.6069495824848686,0.0,1.0,1.0,1.0,0.0,0.29659073890128906,0.0,0.0,0.6091610971172989,0.0,1.0,1.0,1.0,0.0,1.0,1.0,1.0,1.0,1.0,0.0,1.0,0.0013970994581935087,1.0,1.0,1.0,0.0,0.0,0.37814756741303435,1.0,1.0,0.0,0.0,0.0
170,product/amplitude,aligned10,3,5.067586819601991,5.110381236283836,5.333911690249247,5.13308711993295,0.20909269361191907,-7.2314049604886375,53.8891515370924,255.21901994687505,1,1,excluded,r_hat_max 1.387 > 1.1; n_eff_min 6.9 < 16.0,1.3865950770020001,1.0183749492454859,0.6995073891625616,6.869396663884547,0,63.0,1.3538297705797648,8.911221508666259,1.3865950770020001,6.869396663884547,1.0095016975366282,33.344243811555415,4.29190054157184,1.699103085878332,0,0.0,0.0,0.0,0.0,1.0,0.17797192665967043,1.0,0.0,1.0,0.6389263564940911,0.0,1.0,0.0,1.0,0.46927604201713247,1.0,0.23703949457348206,0.2898225767043055,1.0,0.0,1.0,0.0,1.0,1.0,1.0,0.59562784019633,0.0,1.0,0.7196690160213675,0.0,0.2558153681826533,1.0,1.0,1.0,0.0,0.05562841972192034,0.7406876854378387,0.0,0.0,0.0,0.0,1.0,1.0,0.0,0.0,1.0,0.0,0.0,1.0,0.6032425798391138,0.0,0.0,0.0,1.0,0.8394167857728065,0.0,0.0,1.0,1.0,0.5653273370933263,0.0,0.8575807512266261,1.0,0.7478039347285977,0.0,0.0,1.0,0.0,0.8421477635526519,1.0,0.8537738201418418,0.0,1.0,0.193498550645362,0.0,1.0,0.0,0.9629230426117661,0.0,1.0,0.0,1.0,1.0,1.0,1.0,0.9335422343976381,0.0,1.0,1.0,0.0,1.0,1.0,0.0,1.0,1.0,1.0,1.0,0.0,0.0,0.0
171,product/amplitude,aligned10,3,4.2219856446599255,4.440411795687127,5.333911690249247,5.13308711993295,0.20909269361191907,-6.596653000324641,53.53437497606501,288.4189731120132,1,1,excluded,r_hat_max 1.321 > 1.1; n_eff_min 7.5 < 16.0,1.3214797478646438,1.0199662579008266,0.6945812807881774,7.4780351772985165,0,63.0,1.3214797478646438,7.4780351772985165,1.2146382351229106,9.52009993692118,1.050300092845076,76.50887408527049,4.296436718636344,1.6951597605308537,0,0.0,0.15855447216729673,1.0,1.0,1.0,0.2537914670722471,0.0,0.0,1.0,0.29688605694755416,0.0,0.0,0.0,1.0,0.4579199052771187,1.0,0.0,0.31221072754777446,1.0,0.0,1.0,0.0,0.9319078560158666,1.0,1.0,0.0,0.0,1.0,0.9300279498715246,0.0,0.2700945124933076,1.0,1.0,1.0,0.0,0.0,1.0,1.0,0.0,0.6636090907868823,0.0,1.0,1.0,0.0,0.0,1.0,0.0,0.0,0.8637497260071477,1.0,0.0,0.0,0.0,1.0,1.0,0.0,0.0,1.0,1.0,0.5780108903494375,0.0,0.8866687185197353,1.0,0.7014690845722006,0.0,0.0,0.5619505960707822,0.0,0.9059266042450105,1.0,1.0,0.0,1.0,0.0,0.0,0.0,0.0,1.0,0.0,1.0,0.0,0.0,1.0,1.0,1.0,1.0,0.0,0.9754148487314246,0.0,1.0,1.0,1.0,0.0,0.0,0.9387368952579598,1.0,1.0,0.0,0.0,0.0
172,product/amplitude,aligned10,3,5.230078729812912,5.121628429565901,5.333911690249247,5.13308711993295,0.20909269361191907,-7.38396700591923,53.18933434900828,291.2542566799093,1,1,excluded,r_hat_max 1.428 > 1.1; n_eff_min 6.7 < 16.0,1.4284848763133775,1.0182205613899682,0.7044334975369458,6.687410740319769,0,63.0,1.4284848763133775,6.687410740319769,1.284035433706549,8.102673025758405,1.0381340582510028,77.66098894316667,4.296003863555086,1.6902342649015405,0,0.0,0.0,1.0,1.0,1.0,0.0,1.0,0.0,1.0,0.6471869432083797,0.0,0.0,0.0,1.0,0.451178637091175,0.0,0.26862663590954383,0.0,1.0,1.0,1.0,0.0,1.0,1.0,0.0,0.0,0.0,1.0,1.0,0.0,0.3421217109202086,1.0,1.0,1.0,0.0,0.0,0.3770624373396147,0.4638291891767144,0.0,0.6671895540570514,0.0,1.0,1.0,1.0,0.0,1.0,0.0,0.0,1.0,1.0,0.0,0.0,0.0,1.0,1.0,0.0,0.0,1.0,1.0,0.5573783677865972,0.0,0.3819667747799679,1.0,1.0,0.0,0.0,1.0,0.0,0.24569099152268775,1.0,1.0,0.0,1.0,0.0,0.4086731453624255,0.629476490965387,0.0,1.0,0.12468002941326456,1.0,1.0,0.0,1.0,1.0,1.0,1.0,0.0,1.0,1.0,0.9596698714336854,1.0,1.0,0.0,1.0,0.0,1.0,1.0,0.0,0.0,0.0
173,product/amplitude,aligned10,3,5.348946858198654,5.120729777993942,5.348946858198654,5.13308711993295,0.20909269361191907,-7.452447042188119,55.71305565582588,276.4070905339904,1,1,excluded,r_hat_max 1.478 > 1.1; n_eff_min 5.6 < 16.0,1.4779449496228425,1.0180141347977094,0.7339901477832512,5.600620661230819,0,63.0,1.2278583701246437,10.101702461005685,1.4779449496228425,5.600620661230819,1.0319773031396469,43.59656575142676,4.301403140238658,1.6868290431650332,0,0.0,0.0,1.0,0.19977018155580673,1.0,0.0,1.0,0.0,1.0,0.6447004799836816,0.0,0.0,0.49875438435339264,1.0,0.45564915812447443,1.0,0.0,0.3137421716162743,1.0,1.0,1.0,0.0,1.0,1.0,0.0,0.0,0.0,1.0,1.0,0.0,0.29447358135135643,1.0,1.0,1.0,0.0,0.0,0.0,0.47232738066020896,0.0,1.0,0.0,1.0,1.0,1.0,0.0,0.0,0.0,0.0,1.0,1.0,0.0,0.0,0.0,1.0,1.0,0.0,0.0,1.0,1.0,0.5765786906488286,0.0,0.0,1.0,1.0,0.0,0.0,0.5520821456960079,0.0,0.253554344070527,1.0,1.0,0.0,1.0,0.0,1.0,0.599365376809933,0.0,1.0,1.0,1.0,1.0,0.0,1.0,1.0,1.0,1.0,0.0,1.0,1.0,1.0,1.0,1.0,0.0,1.0,0.0,1.0,1.0,1.0,0.0,0.0
174,product/amplitude,aligned10,3,5.09701659713721,5.10785772026742,5.348946858198654,5.13308711993295,0.20909269361191907,-5.836910691179373,52.14319309196435,262.4041533768177,1,1,excluded,r_hat_max 1.501 > 1.1; n_eff_min 6.1 < 16.0,1.501499452888187,1.0363026302180793,0.5911330049261084,6.147856636099394,0,63.0,1.3847742392158535,8.434534482302507,1.501499452888187,6.147856636099394,1.013538186471608,94.18997887107814,4.30742350643383,1.6838378021614682,0,0.0,0.0,1.0,0.27036588885875273,1.0,0.0,1.0,0.0,1.0,0.6356214999677012,0.0,0.0,1.0,1.0,0.470062615119973,1.0,0.0,0.2587004197121663,1.0,0.0,1.0,0.0,1.0,1.0,0.0,0.0,0.0,1.0,1.0,0.0,0.2553855796781648,1.0,1.0,1.0,0.0,0.0,0.9407530384499735,0.4667228423378108,0.0,0.7315395711629598,0.0,1.0,1.0,1.0,0.0,0.0,0.0,0.0,1.0,1.0,0.0,0.0,0.0,1.0,1.0,0.0,0.0,1.0,1.0,0.5806914364035737,0.0,0.8710349950894941,1.0,1.0,0.0,0.0,0.5298611482499868,0.0,0.8540246870647982,1.0,1.0,0.0,1.0,0.0,1.0,0.6051328092116843,0.0,1.0,1.0,1.0,1.0,0.0,1.0,1.0,1.0,1.0,0.0,1.0,1.0,1.0,1.0,1.0,0.0,1.0,0.0,1.0,1.0,1.0,0.0,0.0
175,product/amplitude,aligned10,3,4.921850904021995,4.900335668474057,5.348946858198654,5.13308711993295,0.20909269361191907,-7.642778360168769,58.51213098014705,283.7106371410191,1,1,excluded,r_hat_max 1.373 > 1.1; n_eff_min 7.2 < 16.0,1.373133848017144,1.0183826798744753,0.6995073891625616,7.2420067904496355,0,63.0,1.235964106824069,10.26526033467141,1.373133848017144,7.2420067904496355,1.041308179260645,24.65559733967205,4.311935466952135,1.68007447129149,1,0.0,1.0,0.0,0.0,1.0,0.11766344456987222,1.0,0.0,1.0,0.6365623355665732,0.0,0.0,0.4220309210110055,1.0,0.4505515708625254,0.0,0.0,0.4610764461897612,1.0,0.0,1.0,0.0,1.0,1.0,0.2339420251392845,0.0,0.0,1.0,0.7887218703149259,0.0,0.5263975956232971,1.0,0.935401532227556,1.0,0.19312365652990546,0.0,0.7657005156920957,0.4643068467084522,0.0,1.0,0.0,1.0,1.0,0.0,0.0,1.0,0.0,0.0,1.0,0.5751040643507576,0.0,0.0,0.0,1.0,1.0,0.0,0.0,1.0,1.0,0.3911760096510581,0.0,0.26222217020788935,1.0,1.0,0.0,0.0,0.5433401185422982,0.0,0.26375302133564577,1.0,1.0,0.0,1.0,0.0,0.0,0.5871129290265076,0.0,1.0,1.0,1.0,1.0,0.0,1.0,1.0,1.0,1.0,0.0,1.0,1.0,0.765788687234714,1.0,1.0,0.0,1.0,0.0,1.0,1.0,1.0,0.0,0.0
176,product/amplitude,aligned10,3,4.992599868188052,5.124390301192626,5.348946858198654,5.13308711993295,0.20909269361191907,-8.094428631388464,50.65490813902579,214.13608501385897,1,1,excluded,r_hat_max 1.295 > 1.1; n_eff_min 7.8 < 16.0,1.2946867744031916,1.0260024838943251,0.6600985221674877,7.771538118547872,0,63.0,1.2946867744031916,7.850321855196158,1.2496621456523678,7.771538118547872,1.025661186683285,25.22295950135165,4.315400895571849,1.675921851671061,0,0.0,0.0,1.0,0.3376891029846747,1.0,0.3495867966052778,1.0,0.15342204334450252,1.0,0.6552076564971631,0.0,1.0,0.4717092187880471,1.0,0.4356947157540944,0.7160819618236308,0.2948624957975039,0.4120089295514516,1.0,1.0,1.0,0.0,1.0,1.0,1.0,0.0,0.0,1.0,1.0,0.0,0.30581767149720973,1.0,1.0,1.0,0.0,0.4936671411862289,0.0,0.4725436745225846,0.0,1.0,0.0,1.0,1.0,0.0,0.0,0.4169615644410934,0.0,0.0,0.5430255890229898,1.0,0.0,0.0,0.0,1.0,1.0,1.0,0.0,1.0,1.0,0.5543750089923334,0.0,1.0,1.0,1.0,0.0,0.0,0.0,0.0,0.0,1.0,0.9462419934849908,0.0,0.27653331462599,0.0,0.0,0.5458748324944142,0.0,1.0,0.0,1.0,0.0,0.0,1.0,1.0,1.0,1.0,0.0,1.0,0.08022941961761108,0.0,0.45772360930497613,0.9587038102254386,0.0,1.0,0.6790396855068618,1.0,0.426368659655389,1.0,0.0,0.0
177,product/amplitude,aligned10,3,5.335332452481716,5.136622131659984,5.348946858198654,5.136622131659984,0.2055576818848852,-6.866796059292424,56.97771094809286,279.7484520729631,1,1,excluded,r_hat_max 1.561 > 1.1; n_eff_min 6.4 < 16.0,1.5607150104819847,1.0200123811720103,0.7192118226600985,6.388574217371518,0,63.0,1.5607150104819847,6.388574217371518,1.3024039077920322,8.664855248698382,1.0230484398372786,46.422946686114294,4.319226878467986,1.671951532034665,0,0.0,0.0,0.0,0.17759008049298536,1.0,0.23212850871416324,0.0,0.0,1.0,0.6359353501726922,0.0,0.0,0.0,1.0,0.4428640971118937,1.0,0.0,1.0,1.0,0.0,1.0,0.0,1.0,1.0,0.0,0.0,0.0,1.0,0.7402454396956063,0.01691424852148602,0.0,1.0,0.9223367776083177,1.0,0.0,0.0,1.0,0.4410101104449073,0.0,0.6240678593465498,0.0,1.0,1.0,1.0,0.020604623116992543,0.0,0.0,0.0,1.0,0.611632726374045,0.0,0.0,0.0,0.9996786076058071,1.0,0.0,0.0,1.0,1.0,0.5679585106253581,0.0,0.0,1.0,1.0,0.0,0.0,0.5602788478215821,0.0,1.0,1.0,1.0,0.0,0.5936583589028962,0.0,1.0,0.5657415045363499,0.0,1.0,1.0,1.0,1.0,0.0,1.0,1.0,1.0,1.0,0.0,1.0,1.0,1.0,1.0,1.0,0.0,1.0,0.0,1.0,1.0,0.0,0.0,0.0
178,product/amplitude,aligned10,3,5.233163607232134,5.122756992918153,5.348946858198654,5.136622131659984,0.2055576818848852,-6.539802439774627,54.91623201104812,242.7214213819243,1,1,excluded,r_hat_max 1.361 > 1.1; n_eff_min 7.5 < 16.0,1.3606859565354434,1.0265997167766117,0.5911330049261084,7.499096269361511,0,63.0,1.3358668578328654,8.737617641879355,1.3606859565354434,7.499096269361511,1.0499103035125967,47.34670750822067,4.324935336748962,1.6689772669801721,0,0.0,0.0,0.0,1.0,1.0,0.3554932377305427,0.0,0.0,0.0,0.6313105276532526,0.0,0.0,0.0,1.0,0.45215483661399497,1.0,0.245622744727608,0.3017827139913427,1.0,0.0,1.0,0.0,1.0,1.0,0.0,0.0,0.0,1.0,1.0,0.0,0.23803982067175178,1.0,0.0,1.0,0.0,0.0,0.3843165295777275,0.0,0.0,0.6095823966896733,0.0,1.0,1.0,1.0,0.0,1.0,0.0,0.0,0.0,1.0,0.0,0.0,0.0,1.0,1.0,0.0,0.0,1.0,1.0,0.5735947402825174,0.0,0.0,1.0,0.7845663562822927,0.0,0.0,0.542654901854112,0.0,0.8113556650951197,1.0,1.0,0.0,0.6882302959145029,0.0,0.0,0.5389607960815986,0.0,1.0,1.0,1.0,1.0,0.0,1.0,1.0,1.0,0.939264295343482,0.0,1.0,0.0,0.7263001395780274,1.0,1.0,0.0,0.0,0.0,1.0,1.0,0.0,0.0,0.0
179,product/amplitude,aligned10,3,5.080847663982554,5.120702787369992,5.348946858198654,5.136622131659984,0.2055576818848852,-6.528090378364195,56.93499954696745,266.7985222500283,1,1,excluded,r_hat_max 1.492 > 1.1; n_eff_min 6.9 < 16.0,1.492182517202474,1.021342555829222,0.6945812807881774,6.87431069484308,0,63.0,1.492182517202474,6.87431069484308,1.2144369354627063,8.22581993566998,1.058034182465149,33.91644743211996,4.330009237701382,1.6656849234293207,0,0.0,0.0,0.0,1.0,1.0,0.18354972064415218,0.0,0.0,0.0,0.6463987390139413,0.0,0.0,0.0,1.0,0.45613309765292703,1.0,0.16124012444587937,0.3968642747571011,1.0,0.0,1.0,0.0,1.0,1.0,0.0,0.0,0.0,1.0,0.5278203936884264,0.0,0.20338849901766942,1.0,0.0,1.0,0.0,0.0,0.454014039490615,0.43770635318959583,0.0,0.6864455242962918,0.0,1.0,1.0,1.0,0.0,0.0,0.0,0.0,1.0,0.9294480499358213,0.0,0.0,0.0,1.0,1.0,0.0,0.0,1.0,1.0,0.5658117232056431,0.0,0.00965706525404052,1.0,1.0,0.0,0.0,0.5460407485113066,0.0,1.0,1.0,1.0,0.0,1.0,0.27400532579360287,1.0,0.5743203090106936,0.0,1.0,1.0,1.0,1.0,0.0,1.0,1.0,1.0,0.9285216310345267,0.0,1.0,1.0,0.7788674382610556,1.0,1.0,0.3766563608892714,0.04608879976679726,0.0,1.0,1.0,0.0,0.0,0.0
180,product/amplitude,aligned10,3,5.162237950192379,5.127779193393725,5.348946858198654,5.136622131659984,0.2055576818848852,-6.957681541188089,54.65115422103554,235.66183536802419,1,1,excluded,r_hat_max 1.613 > 1.1; n_eff_min 6.5 < 16.0,1.6131620729126868,1.024871674077224,0.6403940886699507,6.4665717622023395,0,63.0,1.383711099463674,6.4665717622023395,1.6131620729126868,6.744386992271109,1.071611721798147,33.622754491854735,4.3341805622918335,1.661988848125113,0,0.0,0.13661816698723167,1.0,0.0,1.0,0.17694011616503424,0.0,0.0,0.0,0.6446234747890599,0.0,0.0,0.25504070105845894,1.0,0.4366339004321641,1.0,0.0,0.3405338260096675,1.0,0.0,1.0,0.0,1.0,1.0,0.0,0.0,0.0,1.0,1.0,0.0,0.1597091768910162,1.0,1.0,1.0,0.0,0.0,1.0,0.0,0.0,1.0,0.0,1.0,1.0,1.0,0.0,0.0,0.0,0.16196705994642505,1.0,1.0,0.0,0.0,0.0,1.0,1.0,0.0,0.0,1.0,1.0,0.5575835188403827,0.0,1.0,1.0,0.7110715756953812,0.0,0.0,0.8998975094018022,0.0,0.28820726508641514,1.0,1.0,0.0,1.0,0.0,1.0,0.8076891952888925,0.0,1.0,1.0,1.0,1.0,0.0,1.0,1.0,1.0,1.0,0.0,1.0,1.0,1.0,1.0,1.0,0.0,1.0,0.0,0.0,1.0,1.0,0.0,0.0
181,product/amplitude,aligned10,3,5.0492828239812075,5.099331291367872,5.348946858198654,5.136622131659984,0.2055576818848852,-7.771930141684948,58.05533850705251,257.64224604610354,1,1,excluded,r_hat_max 1.434 > 1.1; n_eff_min 6.3 < 16.0,1.4337648243101828,1.0247307327057396,0.6403940886699507,6.315381670197995,0,63.0,1.2666557650710102,7.59033573422819,1.4337648243101828,6.315381670197995,1.0166808562894303,108.88516818385008,4.3387554649874165,1.6585275010558236,0,0.0,1.0,1.0,0.0,1.0,0.0,1.0,0.0,1.0,0.638552132271417,0.0,0.0,0.0,1.0,0.46236533020200854,1.0,0.0,1.0,1.0,1.0,1.0,0.0,1.0,1.0,0.0,0.5834239482469574,0.0,1.0,1.0,0.0,0.1823817126897931,1.0,1.0,1.0,0.0,0.0,0.0,0.0,0.0,1.0,0.0,1.0,1.0,1.0,0.0,0.0,0.0,0.0,1.0,1.0,0.0,0.0,0.0,1.0,1.0,0.0,0.0,1.0,1.0,0.5619018345777071,0.0,0.0,1.0,0.720908597248525,0.0,0.0,0.5610515831162021,0.05536486160868783,0.8330514882524149,1.0,1.0,0.0,1.0,0.0,1.0,0.5776811967764091,0.0,1.0,1.0,1.0,1.0,0.0,1.0,1.0,1.0,1.0,0.0,1.0,1.0,1.0,1.0,1.0,0.0,1.0,0.0,0.0,1.0,1.0,0.0,0.0
182,product/amplitude,aligned10,3,5.2048247985998914,5.12640171215505,5.348946858198654,5.136622131659984,0.2055576818848852,-7.05454534309723,55.161392390029505,309.39178438601084,1,1,excluded,r_hat_max 1.504 > 1.1; n_eff_min 6.5 < 16.0,1.5035530881965606,1.0281313860043846,0.6157635467980296,6.4964388908541215,0,63.0,1.414274888495205,6.883132186852641,1.5035530881965606,6.4964388908541215,1.063158898804516,38.712874947048,4.342659461465405,1.6547985728156198,0,0.0,0.0,0.0,1.0,1.0,0.2782740428516269,0.0,0.0,0.0,0.6311972732964428,0.0,0.0,0.5210188448187865,1.0,0.4559503276045804,1.0,0.0,1.0,1.0,0.0,1.0,0.0,1.0,1.0,0.0,0.0,0.0,1.0,1.0,0.01611631388497156,0.0,1.0,1.0,1.0,0.0,0.0,1.0,1.0,0.0,0.6366380919808171,0.0,1.0,1.0,1.0,0.0,0.0,0.0,0.0,0.0,1.0,0.0,0.0,0.0,1.0,1.0,0.0,0.0,1.0,1.0,0.5821706727165548,0.0,0.48180219817627795,1.0,1.0,0.0,0.0,0.5015645079023303,0.0,1.0,1.0,1.0,0.0,0.38426802056294407,0.0,1.0,1.0,0.0,1.0,1.0,1.0,1.0,0.0,1.0,1.0,1.0,0.9603180230965537,0.0,1.0,1.0,0.0,1.0,1.0,0.0,0.0,0.0,1.0,1.0,0.0,0.0,0.0
183,product/amplitude,aligned10,3,4.967873660677434,5.0183905510819615,5.348946858198654,5.136622131659984,0.2055576818848852,-7.224713506990794,58.61030029784888,219.59365454223007,1,1,excluded,r_hat_max 1.346 > 1.1; n_eff_min 7.6 < 16.0,1.3458879073619603,1.0232066919223173,0.6354679802955665,7.588430167027283,0,63.0,1.3458879073619603,8.036177414517438,1.3252722022880286,7.588430167027283,1.0243070537870302,78.20062790437335,4.347370747460674,1.651494571958166,0,0.0,0.0,0.0,0.0,1.0,0.0,0.0,0.0,0.0,0.6365734937354941,0.0,0.0,0.37436461106762614,1.0,0.35100738968399303,1.0,0.0,1.0,1.0,0.5566718845483508,1.0,0.0,1.0,1.0,0.3645554546709,0.0,0.0,1.0,1.0,0.0,0.19845014766970828,1.0,1.0,1.0,0.0,0.0,1.0,0.0,0.0,0.6296625732525689,0.0,1.0,1.0,1.0,0.0,0.0,0.0,0.0014514624264501377,0.5503713499120038,0.6088013232278963,0.0,0.0,0.0,1.0,1.0,0.0,0.0,1.0,1.0,0.5605599309354,0.0,0.0,1.0,1.0,0.0,0.0,0.5554399530841757,0.02130163908476353,0.2832561174364403,1.0,1.0,0.0,0.5695920043875224,0.0,1.0,0.6712246697680133,0.0,1.0,1.0,1.0,1.0,0.0,1.0,1.0,1.0,1.0,0.0,1.0,1.0,0.0,1.0,1.0,0.0,0.0,0.46962083897111445,1.0,1.0,0.0,0.0,0.0
184,product/amplitude,aligned10,3,5.214544319033329,5.103872363485894,5.348946858198654,5.136622131659984,0.2055576818848852,-7.9187138078288815,54.53809931897558,280.72001059912145,1,1,excluded,r_hat_max 1.573 > 1.1; n_eff_min 5.3 < 16.0,1.5725048617538866,1.0322668952211138,0.5665024630541872,5.2784776565634175,0,63.0,1.5725048617538866,6.096677417260964,1.5295214359139266,5.2784776565634175,1.087530887524684,18.849524424913238,4.350743045902069,1.6476323792649783,0,0.0,0.08321371431065659,0.0,1.0,1.0,0.0,0.0,0.0,1.0,0.6355255190159042,0.0,0.0,0.23473511584416548,1.0,0.4702699344555262,1.0,0.0,0.23421634685412845,1.0,0.0,1.0,0.0,1.0,1.0,0.0,0.0,0.0,1.0,1.0,0.0,0.09452715986855581,1.0,1.0,1.0,0.0,0.0,1.0,0.4108849352328664,0.0,1.0,0.0,1.0,1.0,1.0,0.0,0.0,0.0,0.34954909294595443,0.0,1.0,0.0,0.0,0.0,1.0,1.0,0.0,0.0,1.0,1.0,0.5899496094041625,0.0,0.0,1.0,1.0,0.0,0.0,0.557884174645662,0.0,1.0,1.0,1.0,0.0,1.0,0.0,1.0,1.0,0.0,1.0,1.0,1.0,1.0,0.2574975252470774,1.0,1.0,1.0,1.0,0.0,1.0,0.9367621864293975,0.0,1.0,1.0,0.0,0.0,0.0,1.0,1.0,1.0,0.0,0.05227854122353961
185,product/amplitude,aligned10,3,5.193532954009931,5.110090463909467,5.348946858198654,5.136622131659984,0.2055576818848852,-7.953593044219097,57.75582674704492,260.70533540588804,1,1,excluded,r_hat_max 1.526 > 1.1; n_eff_min 5.3 < 16.0,1.5261334455666944,1.0223798268411537,0.6206896551724138,5.3303676709067,0,63.0,1.5261334455666944,5.8468302451728285,1.4754353022196074,5.3303676709067,1.043138464886186,38.84477683288042,4.35541224197305,1.6443934748225137,0,0.0,0.0,0.0,0.0,1.0,0.35817072953349377,0.0,0.0,1.0,0.6283319035679643,0.0,0.0,0.41729925750658164,1.0,0.4594793912752922,0.0,0.1646835808363156,0.0,1.0,0.0,1.0,0.0,1.0,1.0,0.0,0.14598968301553591,0.0,1.0,0.7068063571184126,0.0,0.4332368278401472,1.0,0.920996069943345,1.0,0.0,0.0,1.0,1.0,0.0,0.5179332209347806,0.0,1.0,1.0,1.0,0.0,0.0,0.0,0.0,1.0,0.5587867340853804,0.0,0.0,0.0,1.0,1.0,0.0,0.0,1.0,1.0,0.593016015505858,0.0,0.23637307706899152,1.0,0.9027736994893901,0.0,0.0,0.5281608237198981,0.0,0.2487234526005581,1.0,0.3398476102840809,0.0,0.0,0.0,1.0,1.0,0.0,1.0,1.0,1.0,1.0,0.0,1.0,0.7418603360874103,1.0,1.0,0.0,0.7841443277994913,1.0,1.0,1.0,1.0,0.0,1.0,0.0,1.0,1.0,0.0,0.0,0.0
186,product/amplitude,aligned10,3,5.239902619197048,5.122529986970331,5.348946858198654,5.136622131659984,0.2055576818848852,-6.904110458820503,53.218414838891476,334.1477802069858,1,1,excluded,r_hat_max 1.585 > 1.1; n_eff_min 5.6 < 16.0,1.5850668739278981,1.0373451684818469,0.5665024630541872,5.584170739790248,0,63.0,1.5243793117798115,5.595341180729634,1.5850668739278981,5.584170739790248,1.085593272372523,16.61921995160237,4.359918267306581,1.641111938221781,0,0.0,0.0,1.0,0.3039088948294833,1.0,0.2703332085734536,0.0,0.0,1.0,0.6307107204418962,0.0,0.0,0.0,1.0,0.4595660806917782,1.0,0.0,0.0,1.0,0.0,1.0,0.0,1.0,1.0,0.0,0.0,0.0,1.0,0.8537817961968828,0.010625459996850477,0.18487372289681592,1.0,0.8730689548070049,1.0,0.0,0.0,1.0,0.311915818829418,0.0,1.0,0.0,1.0,1.0,1.0,0.0,0.0,0.0,0.0,1.0,1.0,0.0,0.0,0.0,1.0,1.0,0.0,0.0,1.0,1.0,0.5765948274511571,0.0,0.0,1.0,1.0,0.0,0.0,0.5448775431749249,0.0,1.0,1.0,1.0,0.0,0.0,0.0,1.0,1.0,0.0,1.0,1.0,0.999433179409182,1.0,0.0,1.0,1.0,1.0,1.0,0.0,1.0,1.0,1.0,1.0,1.0,0.0,1.0,0.0,1.0,1.0,1.0,0.0,0.0
187,product/amplitude,aligned10,3,5.168123450638289,5.064169611972497,5.348946858198654,5.136622131659984,0.2055576818848852,-6.5900774892686345,59.35095659806393,263.86464177817106,1,1,excluded,r_hat_max 1.519 > 1.1; n_eff_min 5.0 < 16.0,1.5187928494759149,1.0504759053109498,0.4975369458128079,5.025478084129603,0,63.0,1.437251559577884,7.096658386191325,1.5187928494759149,5.025478084129603,1.0979966859909047,18.42364448275059,4.364624065979792,1.637975848601194,0,0.0,0.0,0.0,0.4251287702960368,1.0,0.31106240800552415,0.0,0.0,1.0,0.6259603609777158,0.0,0.0,0.0,1.0,0.48957836488669615,0.0,0.0,0.0,1.0,0.0,1.0,0.0,1.0,1.0,0.21907109903840385,0.0,0.0,1.0,1.0,0.0,0.2560101688058134,1.0,1.0,1.0,0.0,0.0,1.0,0.4586237105405334,0.0,1.0,0.0,1.0,1.0,1.0,0.0,0.0,0.0,0.0,1.0,1.0,0.0,0.0,0.0,1.0,0.9951612960421018,0.5281865935301353,0.0,1.0,1.0,0.5835841349424051,0.0,0.0,1.0,0.6247734591457184,0.0,0.0,0.881786797705981,0.05357145252150142,0.23361976979148127,1.0,1.0,0.0,0.7277406240014839,0.0,1.0,0.6053423220577241,0.0,1.0,1.0,1.0,1.0,0.0,1.0,1.0,1.0,0.9488176044825737,0.0,1.0,1.0,1.0,1.0,1.0,0.0,1.0,0.0,1.0,1.0,0.0,0.0,0.06049384147836296
188,product/amplitude,aligned10,3,5.2997599478546205,5.132516275212893,5.348946858198654,5.136622131659984,0.2055576818848852,-7.956296904181237,54.96549123013392,293.295096905902,1,1,excluded,r_hat_max 1.377 > 1.1; n_eff_min 8.5 < 16.0,1.3765296346621951,1.018113161332887,0.7339901477832512,8.522672974203346,0,63.0,1.3474553395888418,10.032526250269886,1.3765296346621951,8.522672974203346,1.0127819997692198,54.60095813990302,4.368897998876912,1.6346588716796144,0,0.0,0.13400522888539326,0.0,0.0,1.0,1.0,0.0,0.0,1.0,0.6344446607248555,0.34776109984518255,0.0,0.0,1.0,0.45372360283723956,1.0,0.0,0.0,1.0,0.0,1.0,0.0,1.0,1.0,0.0,0.0,0.0,1.0,1.0,0.02248730350738257,0.0,1.0,1.0,1.0,0.0,0.0,1.0,0.4143897104897766,0.0,1.0,0.0,1.0,1.0,1.0,0.0,0.0,0.0,0.0,1.0,0.5854175336537135,0.0,0.0,0.0,1.0,1.0,0.0,0.0,1.0,1.0,0.5778344629377827,0.0,0.0,1.0,0.7360281077395934,0.0,0.0,0.5907505518329804,0.0,1.0,1.0,1.0,0.0,0.6442775849875377,0.0,1.0,0.5911625038665433,0.0,1.0,1.0,1.0,1.0,0.0,1.0,1.0,1.0,1.0,0.0,1.0,0.8958399492218054,0.7235097244907681,1.0,1.0,0.0,1.0,0.0,1.0,1.0,0.0,0.0,0.0
189,product/amplitude,aligned10,3,5.288167801678923,5.126614157235245,5.348946858198654,5.136622131659984,0.2055576818848852,-6.559970696562061,58.90791270905174,329.3766342429444,1,1,excluded,r_hat_max 1.507 > 1.1; n_eff_min 5.3 < 16.0,1.5071183289999481,1.032530440293056,0.5812807881773399,5.287085040117861,0,63.0,1.3882095085676145,8.863495629735949,1.5071183289999481,5.287085040117861,1.0176394403870979,41.21439838477061,4.373823194374149,1.6317266621945297,0,0.0,0.10277351244497898,0.0,0.19777504394233852,1.0,1.0,0.039988542501477396,0.0,1.0,0.6353672168438976,0.25715516839407204,0.0,0.0,1.0,0.46002308232817085,1.0,0.2729489204294927,0.15203237800813277,1.0,0.0,1.0,0.0,1.0,1.0,0.0,0.0,0.0,1.0,1.0,0.01844507717997193,0.42197730145753004,1.0,1.0,1.0,0.0,0.0,1.0,0.35213053159336477,0.0,0.4824147441001516,0.0,1.0,1.0,0.8664826633761394,0.0,0.0,0.0,0.0,1.0,1.0,0.0,0.0,0.0,1.0,1.0,0.0,0.0,1.0,1.0,0.5774914436701308,0.0,0.0,1.0,0.7707248031552665,0.0,0.0,0.5340537141952945,0.0,1.0,1.0,1.0,0.0,0.6748331057817282,0.0,1.0,0.6580980113917921,0.4122129092745081,1.0,1.0,1.0,1.0,0.0,1.0,1.0,1.0,1.0,0.0,1.0,0.6092744015330085,1.0,1.0,1.0,0.0,1.0,0.0,1.0,1.0,0.0,0.0,0.0
190,product/amplitude,aligned10,3,4.9926268913734235,5.119980537381121,5.348946858198654,5.136622131659984,0.2055576818848852,-6.983459676550741,57.237637501908466,291.47010670695454,1,1,excluded,r_hat_max 1.438 > 1.1; n_eff_min 7.6 < 16.0,1.4379306279470467,1.0240733708749403,0.6305418719211823,7.571072537954344,0,63.0,1.3852265571301565,8.480018770591956,1.4379306279470467,7.571072537954344,1.0404131047668765,22.45991604023734,4.378635534412594,1.6287711787947494,0,0.0,0.0,0.0,0.0,1.0,1.0,0.0,0.0,1.0,0.6410644981975381,0.30760077430539945,0.0,0.0,1.0,0.45805851612270754,1.0,0.0,0.0,1.0,0.0,1.0,0.0,1.0,1.0,0.0,0.0,0.0,1.0,0.7438194998257299,0.0,0.0,1.0,0.999935975160648,1.0,0.0,0.0,0.49488654874621785,0.3547178137800587,0.0,1.0,0.0,1.0,1.0,1.0,0.0,0.0,0.0,0.0,0.0,1.0,0.0,0.0,0.0,1.0,1.0,0.0,0.0,1.0,1.0,0.5723298016494159,0.0,0.0,1.0,0.7734623390004064,0.0,0.0,0.5526601530345941,0.0,1.0,1.0,1.0,0.0,1.0,0.0,1.0,0.5358930389049977,1.0,1.0,1.0,1.0,1.0,0.0,1.0,1.0,1.0,1.0,0.0,1.0,1.0,0.0,1.0,1.0,0.20285664145156615,1.0,0.0,1.0,1.0,0.0,0.0,0.0
191,product/amplitude,aligned10,3,5.072371609743656,5.121919608877924,5.348946858198654,5.136622131659984,0.2055576818848852,-8.024956247468412,59.15849176002666,302.6786235200707,1,1,excluded,r_hat_max 1.470 > 1.1; n_eff_min 5.8 < 16.0,1.4698344116618707,1.033538781224075,0.5665024630541872,5.800332462276713,0,63.0,1.4303355114755811,5.800332462276713,1.4698344116618707,7.650640747034605,1.0408703084237863,30.102881807386222,4.381850148846945,1.6251059839569566,0,0.0,0.18485399303712233,0.0,1.0,1.0,0.2626955366366981,0.0,0.0,1.0,0.6304830267827631,0.0,0.0,0.0,1.0,0.44997133681775076,1.0,0.0,0.0,1.0,0.0,1.0,0.0,1.0,1.0,0.0,0.0,0.0,1.0,1.0,0.0,0.32708574325945616,1.0,1.0,1.0,0.0,0.0,1.0,1.0,0.0,0.5304835010075941,0.0,1.0,1.0,0.7996792370403032,0.0,0.0,0.0,0.19007652739392333,1.0,1.0,0.0,0.0,0.0,1.0,1.0,0.0,0.0,1.0,1.0,0.5815463642843314,0.0,0.0,1.0,1.0,0.0,0.0,1.0,0.0,0.7854960358656927,1.0,1.0,0.0,0.6355185229066997,0.0,1.0,0.5982878119087224,0.0,1.0,1.0,1.0,1.0,0.0,1.0,1.0,1.0,1.0,0.0,1.0,0.6339947253996564,1.0,1.0,1.0,0.0,0.0,0.0,1.0,1.0,0.0,0.0,0.0
192,product/amplitude,aligned10,3,5.0578570096792985,5.131007068941255,5.348946858198654,5.136622131659984,0.2055576818848852,-7.579428629203788,51.866055188002065,279.3777870258782,1,1,excluded,r_hat_max 1.399 > 1.1; n_eff_min 6.7 < 16.0,1.3994094306894607,1.0235294864521947,0.6699507389162561,6.670706363315651,0,63.0,1.3187282619980074,6.670706363315651,1.3994094306894607,6.920038477619088,1.0206017189574912,26.364494452706953,4.385446614789115,1.621630325374985,0,0.0,0.06137595841772576,0.0,1.0,1.0,1.0,0.0,0.0,1.0,0.6377213068081702,0.0,0.0,0.25916164378336176,1.0,0.45644688323771937,1.0,0.0,0.3905659998088879,1.0,0.0,1.0,0.0,1.0,1.0,0.0,0.0,0.0,1.0,1.0,0.022584350417620226,0.29918203388378434,1.0,1.0,1.0,0.0,0.0,0.4267745873892519,0.0,0.0,0.7135455241018351,0.0,1.0,1.0,1.0,0.0,0.0,0.0,0.0,1.0,0.541239086799022,0.0,0.0,0.0,1.0,1.0,1.0,0.0,1.0,1.0,0.578207504356766,0.0,1.0,1.0,0.0642944577632577,0.0,0.0,0.592775741107122,0.0,0.42984032794374927,1.0,1.0,0.0,1.0,0.0,0.32903237425733445,0.6480950184743139,0.0,1.0,1.0,1.0,1.0,0.0,1.0,1.0,1.0,1.0,0.0,1.0,1.0,1.0,1.0,1.0,0.0,1.0,0.0,1.0,1.0,0.0,0.0,0.0
193,product/amplitude,aligned10,3,5.192539336650954,5.123088584939316,5.348946858198654,5.136622131659984,0.2055576818848852,-6.77981601055609,62.26809188793413,323.31321351998486,1,1,excluded,r_hat_max 1.320 > 1.1; n_eff_min 8.8 < 16.0,1.3200525884964722,1.0259395797020316,0.6995073891625616,8.81513029546608,0,63.0,1.3200525884964722,8.81513029546608,1.2983651510152916,9.551204364918686,1.0052796775216557,59.58511511139233,4.388930606472484,1.6181440404906964,0,0.0,0.2013953269900638,0.0,0.41460965328334004,1.0,0.25706303043285833,0.0,0.0,1.0,0.6310860353734762,0.0,0.0,0.0,1.0,0.46241836271926706,0.0,0.3588979402346734,0.0,1.0,0.0,1.0,0.0,1.0,1.0,0.0,0.0,0.0,1.0,1.0,0.014555653035968093,0.3863291946622916,1.0,1.0,1.0,0.0,0.0,1.0,0.45409023736299425,0.0,0.6155081922024812,0.0,1.0,1.0,1.0,0.0,1.0,0.0,0.0,1.0,1.0,0.0,0.0,0.0,1.0,1.0,0.0,0.0,1.0,1.0,0.5706478885756741,0.0,0.0,1.0,0.8402530658218176,0.0,0.0,0.5436088491679731,0.0,1.0,1.0,1.0,0.0,0.2887095259409293,0.0,1.0,1.0,0.0,1.0,1.0,1.0,1.0,0.0,1.0,1.0,1.0,1.0,0.0,1.0,1.0,1.0,1.0,1.0,0.0,1.0,0.0,1.0,1.0,0.0,0.0,0.0
194,product/amplitude,aligned10,3,5.161525714194952,5.122363200420918,5.348946858198654,5.136622131659984,0.2055576818848852,-7.76511411399972,60.194511853856966,297.7605296031106,1,1,excluded,r_hat_max 1.598 > 1.1; n_eff_min 5.3 < 16.0,1.5977159703320707,1.0223709255089672,0.6354679802955665,5.311694440688633,0,63.0,1.5977159703320707,5.311694440688633,1.3812785119593758,7.939792911729204,1.0605065031704743,31.499208000724586,4.3930729195146405,1.6149937831372756,0,0.0,0.0,1.0,0.1809062187243428,1.0,0.0,1.0,0.0,1.0,0.6375094803350131,0.0,0.0,0.0,1.0,0.4623228160978872,1.0,0.23707285115841867,0.0,1.0,0.0,1.0,0.0,1.0,1.0,0.24369114128357622,0.0,0.0,1.0,0.5638154189934161,0.017230483162713344,0.2548659031393986,1.0,1.0,1.0,0.0,0.0,1.0,0.4452283100092453,0.0,0.5614760168856573,0.0,1.0,1.0,1.0,0.0,0.0,0.0,0.0,1.0,1.0,0.0,0.0,0.0,1.0,1.0,0.0,0.0,1.0,1.0,0.5551929591388847,0.0,1.0,1.0,0.8890244309632745,0.0,0.0,0.5457779850395716,0.0,0.7985098187276282,1.0,1.0,0.0,0.6255138958606636,0.0,1.0,0.5695357630416502,0.3765359040196052,1.0,1.0,1.0,1.0,0.0,1.0,1.0,1.0,1.0,0.0,1.0,1.0,0.6130955619652204,0.8769691821287914,1.0,0.0,1.0,0.0,1.0,1.0,1.0,0.0,0.05798618019883113
195,product/amplitude,aligned10,3,5.030477528166865,5.1103662885629175,5.348946858198654,5.136622131659984,0.2055576818848852,-7.96749364578406,63.062148534925655,306.56238389993086,1,1,excluded,r_hat_max 1.469 > 1.1; n_eff_min 6.2 < 16.0,1.468908295845906,1.035531806277603,0.5665024630541872,6.177688954833134,0,63.0,1.454867834967056,6.177688954833134,1.468908295845906,6.9141877716168425,1.0438688260535864,25.231086560930468,4.397013703077104,1.6117823321077847,0,0.0,0.0,0.0,0.12195926069657773,1.0,1.0,0.0,0.0,1.0,0.6397945879272361,0.0,0.0,0.0,1.0,0.4695819916675626,1.0,0.3581584124402643,0.24363038082824007,1.0,0.0,1.0,1.0,1.0,1.0,0.0,1.0,0.0,1.0,0.9265111733372702,0.0,1.0,1.0,0.0,0.6436463502112146,0.13109921402297914,0.0,1.0,0.43806548046576993,0.0,0.0,0.0,1.0,1.0,1.0,0.0,1.0,0.1223055331333216,0.0,0.5595469816357584,1.0,0.0,0.0,0.0,1.0,1.0,0.0,0.0,1.0,1.0,0.5704146318799757,0.0,0.0,1.0,1.0,0.0,0.0,0.6202422341286883,0.0,1.0,1.0,1.0,0.0,0.6607900429390622,0.0,1.0,1.0,0.0,1.0,1.0,1.0,0.9996251457779863,0.0,1.0,1.0,1.0,1.0,0.0,1.0,0.0,0.6895412837541935,1.0,1.0,0.0,1.0,0.0,1.0,1.0,0.0,0.0,0.0
196,product/amplitude,aligned10,3,5.164917021440177,5.1325956553370595,5.348946858198654,5.136622131659984,0.2055576818848852,-8.462510358607492,58.229475019034,288.42938352399506,1,1,excluded,r_hat_max 1.472 > 1.1; n_eff_min 6.7 < 16.0,1.4721548209860833,1.036051904124718,0.5714285714285714,6.66039528634021,0,63.0,1.3935837225661776,7.686003159491457,1.4721548209860833,6.66039528634021,1.1707068686622908,9.862449995993694,4.400245661368379,1.6082987507997695,0,0.0,0.1849954902586035,1.0,0.0,1.0,0.2884584050384323,0.0,0.0,1.0,0.6346689804223745,0.0,0.0,0.0,1.0,0.45574834940649533,1.0,0.0,0.41794453063846304,1.0,0.0,1.0,0.0,1.0,1.0,0.0,0.0,0.0,1.0,1.0,0.025514936201444346,0.22626607132656965,1.0,1.0,1.0,0.0,0.0,0.9348456634127992,0.0,0.0,0.5923602998896054,0.0,1.0,1.0,0.8985522712871712,0.0,0.0,0.0,1.0,1.0,1.0,0.0,0.0,0.0,1.0,1.0,0.0,0.0,1.0,1.0,0.5619763469700231,0.0,0.24766381415756125,1.0,0.7340712906494898,0.0,0.0,0.4894177039062387,0.0,1.0,1.0,1.0,0.0,1.0,0.0,1.0,0.5899232636137541,0.0,1.0,1.0,1.0,1.0,0.0,1.0,1.0,1.0,1.0,0.0,1.0,0.0,1.0,1.0,1.0,0.0,1.0,0.0,1.0,1.0,1.0,0.0,0.0
197,product/amplitude,aligned10,3,4.936292168506651,4.794294558841946,5.348946858198654,5.136622131659984,0.2055576818848852,-8.8029581914711,59.75990099902265,304.22398991696537,1,1,excluded,r_hat_max 1.488 > 1.1; n_eff_min 7.0 < 16.0,1.487554318167047,1.0156923028077702,0.7339901477832512,6.993573022748137,0,63.0,1.487554318167047,6.993573022748137,1.3445482056792395,7.330422823125442,1.0051314144753098,47.39860675356569,4.404127241876357,1.605131727650921,0,0.0,0.0,1.0,1.0,1.0,0.022248785895069345,1.0,0.0,1.0,0.6419751020286851,0.0,0.0,0.0,1.0,0.45748855257682525,0.0,0.048585162719436935,0.0,1.0,1.0,1.0,0.0,1.0,1.0,0.0,0.0,0.0,1.0,1.0,0.0,0.26464238280367863,1.0,1.0,1.0,0.0,0.0,1.0,0.42900245567790557,0.0,0.6292559731046522,0.0,1.0,1.0,1.0,0.0021638274308493338,1.0,0.0,0.0,1.0,0.6529209337676064,0.0,0.0,0.0013426388489939526,1.0,1.0,0.0,0.0,1.0,1.0,0.7541710485132752,0.0,0.2500130627214467,1.0,1.0,0.0,0.0,0.5312407241607224,0.0,0.2507911351189549,1.0,1.0,0.0,0.5640545040173234,0.0,1.0,0.6127266485553535,0.0,1.0,0.0,1.0,1.0,0.1957507391855542,1.0,1.0,1.0,1.0,0.0,1.0,0.8980737472435449,0.7674786102306143,1.0,1.0,0.0,1.0,0.08565383726312135,1.0,1.0,0.0,0.0,0.0
198,product/amplitude,aligned10,3,5.042745854170939,5.123738743136809,5.348946858198654,5.136622131659984,0.2055576818848852,-7.4104462214684474,67.04644440300763,325.1052546100691,1,1,excluded,r_hat_max 1.367 > 1.1; n_eff_min 6.5 < 16.0,1.3672915493957665,1.014389845130246,0.6650246305418719,6.500261645758849,0,63.0,1.295984045156266,6.500261645758849,1.3672915493957665,7.474612194101297,1.0239363140818354,63.90612605776153,4.406814943526006,1.6015175855973776,0,0.0,0.0,1.0,0.20619613121318356,1.0,0.2637039433807184,0.0,0.0,1.0,0.632608978479256,0.0,0.0,0.0,1.0,0.46598290071006643,1.0,0.0,0.3253243483627829,1.0,1.0,1.0,0.0,1.0,1.0,1.0,0.0,0.0,1.0,1.0,0.02211870954553648,0.2800371397252637,1.0,0.9205143949769151,1.0,0.0,0.0,1.0,1.0,0.0,1.0,0.0,1.0,1.0,1.0,0.08661002326014859,0.0,0.0,0.0,1.0,1.0,0.0,0.0,0.0,1.0,1.0,1.0,0.0,1.0,0.0,0.5671406675568614,0.0,0.0,1.0,0.712841875114694,0.0,0.0,0.544677851787966,0.0,1.0,1.0,1.0,0.0,1.0,0.1366158415123312,1.0,1.0,0.0,1.0,1.0,1.0,0.5396310952007843,0.0,1.0,1.0,1.0,1.0,0.0,1.0,0.8792408396176078,0.7429099054247198,1.0,1.0,0.0,1.0,1.0,1.0,1.0,0.5496136051819988,0.0,0.0
199,product/amplitude,aligned10,3,5.055917154388246,5.122381692965177,5.348946858198654,5.136622131659984,0.2055576818848852,-8.401812671250767,62.75715104700066,259.8768696519546,1,1,excluded,r_hat_max 1.572 > 1.1; n_eff_min 5.4 < 16.0,1.5719783053373073,1.0187533453921425,0.6798029556650246,5.358797076006921,0,63.0,1.5397472844684548,8.129879430527511,1.5719783053373073,5.358797076006921,1.148843124505287,24.942386000431682,4.410010576242813,1.5981213439426787,1,0.0,0.0,1.0,0.36772053310178643,1.0,0.23153173109230413,1.0,0.0,1.0,0.6268320545630373,0.2457873383704145,0.0,1.0,1.0,0.4486780774949517,1.0,0.23797719777417214,0.25506520654828985,1.0,0.0,1.0,0.0,1.0,1.0,0.0,0.0,0.0,1.0,1.0,0.0,0.16876877222018863,1.0,0.653348257873677,1.0,1.0,0.0,1.0,0.41519403366884516,0.0,1.0,0.0,1.0,1.0,1.0,0.0,1.0,0.0,0.0,1.0,0.6127551312792204,0.0,0.0,0.0,1.0,1.0,0.0,0.0,1.0,1.0,0.5783272186302524,0.0,0.0,1.0,1.0,0.0,0.0,0.48846166207263125,0.0,0.24360022853610327,1.0,1.0,0.0,0.0,0.0,1.0,0.5898644825572512,0.37288296161776574,1.0,1.0,1.0,1.0,0.3274562290147722,1.0,1.0,1.0,1.0,0.0,1.0,0.0,0.7622577502604853,1.0,1.0,0.0,1.0,0.0,1.0,1.0,1.0,0.0,0.0
