t,method,family,seed,y,f,best_obs,best_f,regret,acq_value,fit_wall_s,acq_wall_s,fit_calls,nuts_attempts,status,reason,r_hat_max,r_hat_median,frac_r_hat_below_1_05,n_eff_min,divergences,num_steps_mean,r_hat_max_native,n_eff_min_native,r_hat_max_ell,n_eff_min_ell,r_hat_max_global,n_eff_min_global,y_mean,y_std,sobol_computed,x_0,x_1,x_2,x_3,x_4,x_5,x_6,x_7,x_8,x_9,x_10,x_11,x_12,x_13,x_14,x_15,x_16,x_17,x_18,x_19,x_20,x_21,x_22,x_23,x_24,x_25,x_26,x_27,x_28,x_29,x_30,x_31,x_32,x_33,x_34,x_35,x_36,x_37,x_38,x_39,x_40,x_41,x_42,x_43,x_44,x_45,x_46,x_47,x_48,x_49,x_50,x_51,x_52,x_53,x_54,x_55,x_56,x_57,x_58,x_59,x_60,x_61,x_62,x_63,x_64,x_65,x_66,x_67,x_68,x_69,x_70,x_71,x_72,x_73,x_74,x_75,x_76,x_77,x_78,x_79,x_80,x_81,x_82,x_83,x_84,x_85,x_86,x_87,x_88,x_89,x_90,x_91,x_92,x_93,x_94,x_95,x_96,x_97,x_98,x_99
20,additive/amplitude,interaction_g0.50,6,0.9763095723906383,1.0531663578742163,1.597862878081709,1.5526786252491325,2.443012076291903,-0.900867985894616,31.301411834079772,211.237837087363,1,1,excluded,r_hat_max 1.362 > 1.1; n_eff_min 6.7 < 16.0,1.361935011547849,1.0264908479208235,0.6059113300492611,6.718291632010083,0,63.0,1.3521640418228398,6.718291632010083,1.361935011547849,7.889485904021344,1.1502387535177858,28.450689613837852,0.2236277816359043,0.9748068597712287,0,1.0,0.6330040336844922,0.0,0.0,1.0,1.0,0.0,0.5343768541297231,1.0,0.0,0.6120491590088531,0.0,0.0,1.0,1.0,1.0,0.0,0.025124286283257788,1.0,0.0,1.0,0.9504620229366368,1.0,0.0,0.2563161835708085,1.0,0.8960756198672366,0.9269919833033885,0.0,1.0,0.0,0.0,0.6429142287498504,1.0,0.0,0.015316498603615487,0.015338317453662043,0.0,1.0,1.0,0.0,0.2828432603481864,0.5439961336738334,0.4094846666635264,0.3558689678606609,1.0,0.0,0.0,1.0,0.0,0.0,0.0,0.0,0.0,0.0,1.0,0.2735953994790363,1.0,0.0,1.0,1.0,0.932459696982891,1.0,0.0,0.0,1.0,0.0,1.0,1.0,0.5197061969082445,0.15683787738294042,1.0,0.024820395788512417,0.2873292293011644,1.0,0.0,0.3099692563891721,0.0,0.0,0.8805638016235832,0.0,1.0,0.13708556415067388,0.0,0.2565184357195185,0.0,0.0,1.0,1.0,0.0,1.0,0.01611657629621599,1.0,1.0,1.0,0.59420802718382,0.0,0.8070306718717123,0.5469227729640171,0.0
21,additive/amplitude,interaction_g0.50,6,1.1441198255328258,1.1309465939459984,1.597862878081709,1.5526786252491325,2.443012076291903,-1.3076195350101716,26.26429731398821,222.75635948590934,1,1,excluded,r_hat_max 1.401 > 1.1; n_eff_min 7.6 < 16.0,1.4008823022513763,1.0189862896106459,0.7142857142857143,7.552707203949724,0,63.0,1.3725218917359239,7.625119530037329,1.4008823022513763,7.552707203949724,1.003259653149308,19.638559722087255,0.25946977167184404,0.9647235118843062,0,1.0,0.4036789946058106,0.11877491996423799,1.0,1.0,1.0,0.0,0.9577632589832086,1.0,1.0,0.0,0.0,0.0,0.0,1.0,1.0,0.20393056193639575,0.0,0.0,0.0,0.0,1.0,1.0,0.0,1.0,1.0,1.0,0.8456572793962499,0.7572632327350733,0.6795071042646602,0.050706174848486676,0.0,1.0,0.6936591431104625,0.0,1.0,1.0,1.0,0.4856765836075209,1.0,0.0,0.0,0.0,0.0,0.0,0.5624540074322636,1.0,0.46843651192454056,0.3528268253064912,0.0,1.0,0.7649152208695774,0.0,1.0,0.0,1.0,0.0,0.9714409148121355,0.0,1.0,0.5731695864939741,1.0,0.9029499634775898,0.5174386389237945,0.0,0.0,0.49546802828917075,1.0,1.0,0.2295630608926481,0.0,1.0,0.0,0.9825590174455602,1.0,1.0,0.9406351792595395,0.0,0.12458420918993726,1.0,0.0,1.0,1.0,1.0,0.9314164303712542,0.0,0.0,0.0,1.0,0.0,1.0,1.0,0.7530938908852273,0.5554727180200749,0.23825732223977944,0.0,1.0,0.0,0.5224152623769364,0.0
22,additive/amplitude,interaction_g0.50,6,1.6298971643858449,1.6614697681833448,1.6298971643858449,1.6614697681833448,2.334220933357691,-1.175594938963556,26.525913789868355,323.6764987995848,1,1,excluded,r_hat_max 1.412 > 1.1; n_eff_min 6.1 < 16.0,1.4122279220969252,1.028259940278039,0.625615763546798,6.119794554540072,0,63.0,1.4122279220969252,6.119794554540072,1.38845187098212,6.223626619632292,1.0021705591967345,48.93313174840337,0.2996811377564341,0.9603870733069949,0,1.0,0.0,0.0,0.3501430292032077,0.0,0.0,0.0,0.0,0.0,0.16240006222491224,1.0,1.0,0.0,0.0,0.548688878495554,0.0,1.0,1.0,0.6905392209917698,0.6848270190815804,0.5616252262353041,0.8854499779368875,0.0,1.0,1.0,1.0,0.0,1.0,0.0,1.0,0.7161933627013847,0.0,0.0,1.0,0.0,1.0,0.0,1.0,0.7370324855736244,0.0,0.41031230627603416,0.1988681841594059,0.0,0.3771302402635692,0.23904597714191436,1.0,0.34911325455410047,1.0,0.20711395351367687,0.0,0.3876303926262451,0.0543555856143363,0.0,1.0,0.0,0.8602427233983936,0.0,1.0,1.0,1.0,1.0,1.0,1.0,0.6411267854831676,0.6177881057295601,0.8028489955432729,0.3896645495725216,1.0,0.023396597334782977,0.0,0.22730312495670543,1.0,0.0,0.021799425234085925,1.0,1.0,0.0,0.0,1.0,1.0,0.0,1.0,1.0,1.0,1.0,0.0,0.0,0.8457343976723907,1.0,0.3006619019738144,1.0,1.0,0.0,0.7554603587203815,0.25464928814940224,0.6247129797316742,0.5939189547462093,0.0,0.5781709785763132,0.0
23,additive/amplitude,interaction_g0.50,6,2.4315687376963675,2.459506402425671,2.4315687376963675,2.459506402425671,1.5361842991153645,-0.9137858493127768,26.728574852924794,284.7721669971943,1,1,excluded,r_hat_max 1.552 > 1.1; n_eff_min 7.3 < 16.0,1.552351388129145,1.0251175963175811,0.5812807881773399,7.335986146694848,0,63.0,1.552351388129145,7.335986146694848,1.382889679466822,8.037816385445662,1.1566238837571055,16.410754747060487,0.35751661717510413,0.9776656819117908,0,1.0,0.5573226246595253,0.0,0.017652134021485362,0.4338609539451933,0.0,0.0,0.0,0.0,0.0,0.0,0.0,0.0,0.47089740097635685,0.622323038081631,1.0,0.0,1.0,0.8421754205714558,0.0,0.6497811201707534,1.0,1.0,0.0,0.25675146731421206,0.549725242979237,1.0,0.0,0.3306609088349331,1.0,1.0,1.0,0.0,0.27290008371288516,1.0,0.0,0.0,1.0,0.4768437081467399,0.0,0.44772086868848293,0.8683677899321005,0.6149334203997152,0.24783272999225078,0.0,0.5490848584969401,0.44543046457839053,0.0,1.0,0.0,1.0,0.0,1.0,1.0,0.0,0.90732189371637,0.2192860809295369,0.23982981035916434,0.16992399142312803,1.0,0.5674796656820088,0.0,1.0,0.6231097127447345,1.0,0.7987830502403548,0.0,0.6382698671406085,0.027712197362722523,0.29258756872653824,1.0,1.0,0.3466176994556096,0.0,0.0,0.0,0.1363472252924168,0.0,0.2510425462048063,0.07273736423508449,0.0,1.0,0.0,0.8857547587423292,0.0735547952670804,0.32042875288206896,0.38560269352459814,0.0,1.0,0.26620583893426186,1.0,0.0,0.7263491216026076,0.5047349799085457,1.0,0.5186495591029798,0.6614972668656613,0.08524643840059591,0.6051902381060935,0.0
24,additive/amplitude,interaction_g0.50,6,2.000158468378909,1.967687044547029,2.4315687376963675,2.459506402425671,1.5361842991153645,-1.3186717595182862,26.446503611747175,214.6799021968618,1,1,excluded,r_hat_max 1.368 > 1.1; n_eff_min 8.1 < 16.0,1.3684110751253677,1.0221821652033654,0.6600985221674877,8.074650492164084,0,63.0,1.3684110751253677,8.074650492164084,1.2958932565798515,8.571150955765395,1.05275895127513,17.76428389057375,0.44393545553015673,1.0429635119101033,0,1.0,0.0,0.0,0.0,0.43318143545256266,0.035836959279614604,0.300141192531675,0.666374208328408,0.0,0.15001688588731074,0.0,0.0,0.23138296367075825,0.6067671676966023,0.8928640390015402,1.0,0.0,1.0,1.0,0.0,0.0,1.0,0.8361927154231238,0.0,0.0,0.5241234455856041,1.0,0.0,0.0,1.0,1.0,1.0,0.0,1.0,0.0,0.0,0.0,1.0,0.0,0.0,0.0,0.34007566192642663,0.0,0.0,0.0,0.0,1.0,0.0,1.0,0.0,1.0,0.01945706023116181,1.0,1.0,0.0,1.0,0.0,0.25882218554794156,0.0,0.7847889616736055,0.5566125452757451,0.0,1.0,0.0,1.0,1.0,0.0,1.0,0.0,0.2545264301875921,1.0,1.0,0.0,0.0,0.0,0.0,0.0,0.0,0.0,0.0,0.1189828927482867,1.0,0.0,1.0,1.0,0.0,0.07331261951112543,0.0,1.0,0.2812595706926178,1.0,0.0,0.0,1.0,1.0,1.0,1.0,0.0,0.5715697324406976,0.0
25,additive/amplitude,interaction_g0.50,6,2.577685486199155,2.459506402425671,2.577685486199155,2.459506402425671,1.5361842991153645,-2.101739755079105,26.891820200253278,294.1247336640954,1,1,excluded,r_hat_max 1.612 > 1.1; n_eff_min 5.0 < 16.0,1.611904335559463,1.0231449750089923,0.6502463054187192,5.02090523685301,0,63.0,1.5925187813773998,5.02090523685301,1.611904335559463,5.336394934190134,1.0055149618333201,113.14923679282037,0.5061843760441068,1.066424046152595,1,0.9050951763865211,0.6427139870122721,0.0,0.0,0.4726018520072841,0.0,0.30936531881240287,0.0,0.0,0.2106979324753681,0.0034975089507382606,0.0,0.06787087579091686,0.0,0.24974302152445163,1.0,0.0,1.0,0.8256133934385376,0.0,0.0,1.0,1.0,0.0,0.0,1.0,1.0,0.0,0.36922331082819565,1.0,1.0,1.0,0.0,0.0,0.0,0.5014599945961805,0.0,0.838197929698035,0.5073478730229632,0.0,0.4480514668165142,0.8682819225053084,0.4851447647196913,1.0,0.0,0.0,0.4373289295774585,0.0,1.0,0.0,0.03223414778480276,0.0,1.0,1.0,0.0,1.0,0.0,0.24919693161597417,0.9035686426211249,1.0,0.6357228916509656,0.0,1.0,0.6352853129056274,1.0,0.3919308297089133,0.0,1.0,0.0,0.0,1.0,1.0,0.0,0.0,0.0,0.009518679068318008,0.0,0.0,0.0,0.0,0.0,1.0,0.0,1.0,0.0,0.31522669627598227,0.0,0.0,1.0,0.0,1.0,0.0,0.7726861011031578,0.3899597424155975,1.0,0.5011238972896652,0.5401238027086956,0.0,0.5714293600950656,0.055976095391639204
26,additive/amplitude,interaction_g0.50,6,2.382028481618937,2.459506402425671,2.577685486199155,2.459506402425671,1.5361842991153645,-2.106110728448039,27.163285959977657,143.2909101350233,1,1,excluded,r_hat_max 1.508 > 1.1; n_eff_min 5.3 < 16.0,1.507990426054442,1.0226893641167971,0.6650246305418719,5.271834582218127,0,63.0,1.2780014845516088,6.654321659329328,1.507990426054442,5.271834582218127,1.1135840394101804,15.612506854697356,0.5858574956654549,1.119023957414198,0,1.0,0.43414098281051783,0.0,0.0,1.0,0.0,0.0,0.0,0.0,0.2348280450335846,0.0,0.0,0.0,0.0,0.2863183092754925,1.0,0.0,1.0,0.8197474591457709,0.0,0.0,1.0,1.0,0.0,0.29949331545990593,1.0,1.0,0.0,0.0,1.0,1.0,1.0,0.0,0.0,0.0,1.0,0.015679418070917904,1.0,0.7245054833152298,0.0,0.4556614247403285,1.0,0.0,1.0,0.0,0.5628770117529838,0.4483392896854197,0.0,1.0,0.11660328704395535,0.0,0.0,1.0,1.0,0.0,0.9011514687398862,0.0,1.0,1.0,1.0,1.0,0.0,1.0,0.6391819665619202,1.0,0.5786233780383858,0.0,0.7658180797999931,0.0,0.0,1.0,1.0,0.12632999760298977,0.0,0.0,0.0,0.0,0.0,0.0,0.0,0.0,1.0,0.0,1.0,0.0,0.0,0.0,0.0,1.0,0.0,1.0,0.0,0.6940473321349385,1.0,1.0,0.4519972543413747,0.8217485781411903,0.2810463791862613,0.5344699770753658,0.0
27,additive/amplitude,interaction_g0.50,6,0.23673325922005392,0.20608329868413044,2.577685486199155,2.459506402425671,1.5361842991153645,-2.5474863698762436,27.249358952976763,182.80681719025597,1,1,excluded,r_hat_max 1.477 > 1.1; n_eff_min 5.8 < 16.0,1.4771940140678728,1.0275422269322163,0.625615763546798,5.829993129422314,0,63.0,1.3312173677288788,7.213980753778827,1.4771940140678728,5.829993129422314,1.0687889423331545,15.967555806228608,0.6523823469970653,1.1493044636087135,0,0.0,1.0,0.0,0.0,0.0,0.002759214248773379,0.34474068199062796,0.0,0.0,0.0,0.0,0.0,0.0,0.0,0.0,0.0,0.0,1.0,1.0,1.0,0.0,0.0,0.0,0.0,1.0,1.0,1.0,1.0,0.0,1.0,1.0,1.0,1.0,1.0,1.0,1.0,1.0,1.0,0.5102401245155783,1.0,0.46480865787744746,0.8100467667841481,0.47915220518944956,1.0,0.0,1.0,1.0,1.0,1.0,0.0,0.0,0.0,0.22570470678375376,1.0,0.0,1.0,0.011946922760634646,0.13762679085120005,1.0,1.0,0.6272054098788156,0.0,1.0,1.0,1.0,0.6062770675859717,1.0,0.0,0.0,0.0,0.0,1.0,0.0,0.0,0.0,0.0,1.0,1.0,0.6690995754064959,0.07024064024416794,0.0,0.44964634632640577,1.0,0.9186074356121406,0.0,0.0,1.0,1.0,1.0,1.0,0.0,1.0,1.0,0.518292413116944,1.0,1.0,0.521371551129498,0.820470720659948,0.0,0.06121838880883272
28,additive/amplitude,interaction_g0.50,6,2.2602847198369242,2.370466684267006,2.577685486199155,2.459506402425671,1.5361842991153645,-2.0565532606075587,27.72014599200338,157.86847089370713,1,1,excluded,r_hat_max 1.569 > 1.1; n_eff_min 6.0 < 16.0,1.569133748315584,1.0175017974431853,0.6502463054187192,5.992774059824541,0,63.0,1.569133748315584,5.992774059824541,1.404691255379895,6.667045127201958,1.09364038113138,38.29565133338878,0.6375377367193149,1.1312274349346023,0,1.0,0.0,0.0,0.0,1.0,0.0,0.0,0.0,0.0,0.2203350416216033,0.0,0.0,0.0,0.0,1.0,1.0,0.0,1.0,1.0,0.0,0.0,0.9575837640116559,1.0,0.0,0.0,1.0,0.0,0.0,0.30864238231716606,1.0,1.0,1.0,0.0,0.0,0.0,1.0,0.0,1.0,0.7234088798262069,0.0,0.437766719212544,1.0,0.5450409737390447,1.0,0.0,0.26487616252166535,0.0,0.0,1.0,0.11034831487716906,0.0,0.0,1.0,1.0,0.3813425767427107,1.0,0.0,0.9994309836119682,1.0,1.0,1.0,0.0,1.0,0.6074925419601896,1.0,0.0,0.0,1.0,0.0,0.64089732866353,1.0,1.0,0.10269462149711961,0.0,0.0,0.0,0.0,0.0,0.0,0.0,0.0,1.0,0.0,1.0,0.47174574566209493,0.3832600822705125,0.3050312530316169,0.0,1.0,0.0,0.6425847568327754,0.0,0.7472490912815528,0.4638473127224508,1.0,0.4008838927404799,0.7565027365383065,0.13251534434434356,0.5395783398252462,0.0650590203237374
29,additive/amplitude,interaction_g0.50,6,2.3370700008734566,2.459506402425671,2.577685486199155,2.459506402425671,1.5361842991153645,-2.4553501687299937,27.80250961193815,151.81863210024312,1,1,excluded,r_hat_max 1.329 > 1.1; n_eff_min 8.1 < 16.0,1.3289624228824197,1.028491345560256,0.6305418719211823,8.12904708211978,0,63.0,1.3289624228824197,8.12904708211978,1.3074060328453376,8.760958818093146,1.0262566120713739,126.23222415294333,0.6934945292406118,1.15031357527404,0,1.0,0.0,0.0,0.0,1.0,1.0,0.0,0.0,0.0,0.0,0.0,0.0,0.0,0.0,0.2753548583361812,1.0,0.0,1.0,1.0,0.0,0.0,1.0,1.0,0.2341114771563272,0.0,0.6965329202244562,0.8985585521161118,0.0,0.0,1.0,1.0,1.0,0.0,0.0,0.0,1.0,0.0,1.0,0.4899061893196479,0.0,0.4836673207590109,1.0,0.0,0.4284227821502163,0.0,0.4941054761725929,0.0,0.0,1.0,0.0,0.0,0.0,1.0,1.0,0.0,1.0,0.0,1.0,1.0,1.0,1.0,0.0,1.0,0.0,1.0,0.6384348118626951,0.026854870283828335,1.0,0.0,0.0,1.0,1.0,0.0,0.0,0.0,0.0,0.0,0.0,0.1425999215664745,0.0,0.0,1.0,0.0,1.0,0.8106713554146137,0.35676004421653373,0.0,0.0,1.0,0.5103166333431639,1.0,0.0,0.772230013190718,0.0,1.0,0.4636665219704126,0.0,0.2654448664338481,1.0,0.0
30,additive/amplitude,interaction_g0.50,6,2.3838871025523924,2.459506402425671,2.577685486199155,2.459506402425671,1.5361842991153645,-2.1966865656368597,28.248060448095202,167.83650195412338,1,1,excluded,r_hat_max 1.516 > 1.1; n_eff_min 5.3 < 16.0,1.5164199954470365,1.024959804154186,0.6650246305418719,5.292580577485688,0,63.0,1.5164199954470365,5.292580577485688,1.440266009611536,6.309560543001175,1.0210338694485008,57.66507846355065,0.7482803782950399,1.168827246653489,0,0.9098582932607956,0.41371798611507166,0.0,0.0,1.0,0.0,0.0,0.0,0.0,0.11965140846806117,0.0,0.0,0.29932346323765524,0.0,0.4628841842956061,1.0,0.0,0.2825668552094331,0.8702216303185595,0.0,0.0,1.0,0.976781938093615,0.1421632334567542,0.0,1.0,1.0,0.0,0.8709508013759746,1.0,1.0,1.0,0.0,0.0,0.0,1.0,0.0,1.0,0.0,0.0,0.44864332294654885,0.0,0.5588878987363108,1.0,0.17564453365000407,0.0,0.0,0.0,1.0,0.0,0.0,0.0,1.0,1.0,0.0,1.0,0.0,1.0,1.0,1.0,0.8900391775506642,1.0,1.0,0.6178069943854049,1.0,0.19257292846990723,0.0,1.0,0.0,0.0,1.0,0.9929797154452231,0.0,0.0,0.0,0.0,0.0,0.0,0.12982089068994512,0.0,0.0,1.0,0.0,1.0,0.0,0.3186097941150853,0.0,0.0,1.0,0.0,1.0,0.0,0.7505487406075575,0.6991709079967348,1.0,0.3997253399929953,1.0,0.0,0.5868990733059134,0.0
31,additive/amplitude,interaction_g0.50,6,2.011272606511001,2.178248320138445,2.577685486199155,2.459506402425671,1.5361842991153645,-2.300346360011356,27.52920692693442,244.31359365396202,1,1,excluded,r_hat_max 1.706 > 1.1; n_eff_min 5.4 < 16.0,1.7064797613858922,1.0282290756867694,0.625615763546798,5.426038933301816,0,63.0,1.3270520034928175,9.923104620286816,1.7064797613858922,5.426038933301816,1.1188335784720123,13.605284367888927,0.8010418855291481,1.1855803840179016,0,1.0,0.42184079608862607,0.0,0.0,1.0,0.0,0.0,0.0,0.0,0.22323138304295964,0.0,0.0,0.0,0.0,0.0,1.0,0.0,1.0,1.0,0.0,0.0,1.0,1.0,0.0,0.0,1.0,1.0,1.0,1.0,1.0,1.0,1.0,0.0,0.0,0.0,1.0,0.0,1.0,0.7405057511898742,0.0,0.498648043917469,1.0,0.0,1.0,0.448647429397521,0.5043182721367035,0.46306062221457384,0.0,1.0,0.0,0.0,0.0,1.0,1.0,0.0,0.9134019461737117,0.0,1.0,0.15826070597330164,1.0,1.0,1.0,1.0,0.0,1.0,1.0,0.0,1.0,0.0,0.0,1.0,0.7245524629664775,0.0,0.0,0.0,0.0,0.0,0.0,0.0,0.0,0.08738359809495251,1.0,0.0,1.0,0.0,0.3651015666236006,0.0,0.0,1.0,0.2824789547460405,1.0,0.0,0.0,0.5350974745633823,1.0,0.5079193097098814,0.5146896678857169,0.0,1.0,0.0
32,additive/amplitude,interaction_g0.50,6,3.243527660244496,3.2318078743655936,3.243527660244496,3.2318078743655936,0.7638828271754421,-1.0969866860071986,26.86255949921906,200.96926389588043,1,1,excluded,r_hat_max 1.403 > 1.1; n_eff_min 7.3 < 16.0,1.4032559649068361,1.011793425852062,0.7339901477832512,7.250019950412248,0,63.0,1.2527547844513092,10.412777612251546,1.4032559649068361,7.250019950412248,1.0970127772757046,15.886389341057058,0.8388615955598311,1.185755482791978,0,1.0,0.5790416086922204,0.0,0.0,1.0,0.9013691305799203,0.0,0.0,0.0,1.0,0.0,0.0,0.0,0.0,0.3920773900959824,1.0,1.0,1.0,0.7635449278368086,0.0,0.7258250303950395,1.0,0.0,0.0,0.0,0.0,0.41467921080443654,0.0,0.36848186251440407,0.5052746761035973,1.0,1.0,0.0,0.0,0.03700009921455757,0.0,0.0,0.8609911369484863,0.3137375262820219,0.0,0.4475531429429878,0.6326500282709396,0.6062294315059181,0.2689129569838267,0.0,0.5923289125198677,0.0,0.0,0.8311892046236098,0.0,1.0,1.0,1.0,1.0,0.0,0.9489191672725833,0.0,0.22544187507223165,1.0,1.0,0.6075630893076278,0.0,1.0,0.6256628848988607,1.0,0.40429873056616655,0.0,0.9129014788524017,0.0,0.0,1.0,1.0,0.0,0.0,0.8726696004494581,1.0,0.0,0.0,0.1230476436824665,0.0,1.0,1.0,0.0,1.0,0.0,0.31603130914541816,0.0,0.6030318295237252,0.0,0.0,1.0,0.0,0.8016410852175598,0.5061071189344575,0.0,0.0,0.6463024753065291,0.0,1.0,0.0
33,additive/amplitude,interaction_g0.50,6,3.3091808308853583,3.2318078743655936,3.3091808308853583,3.2318078743655936,0.7638828271754421,-1.4436272775478958,27.711044117808342,242.13375760568306,1,1,excluded,r_hat_max 1.650 > 1.1; n_eff_min 4.5 < 16.0,1.6499809182753462,1.0233415028720698,0.6305418719211823,4.524648548048778,0,63.0,1.6499809182753462,4.524648548048778,1.4791121373565665,6.3535079034083655,1.162346600596327,24.457469711425496,0.9117302641866392,1.2382748036304623,0,1.0,0.5541675054844019,0.0,0.0,0.9414459903816763,1.0,0.0,0.0,0.0,1.0,0.0,0.0,0.0,0.0,1.0,1.0,1.0,1.0,0.7354276088099538,0.0,0.7330976181470858,1.0,0.0,0.0,0.0,0.0,1.0,0.0,0.6000245754869107,0.3505044846292585,1.0,1.0,0.0,0.0,0.0,0.5344659141211556,0.0,1.0,0.4913891337456158,0.0,0.439854882576188,1.0,0.638240038698914,1.0,0.0,0.6709522531949644,0.0,0.0,1.0,0.0,1.0,1.0,1.0,1.0,0.0,1.0,0.0,0.0,1.0,1.0,0.0,0.0,1.0,1.0,1.0,0.0,0.0,1.0,0.0,0.0,0.4660047639722301,1.0,0.0,0.0,1.0,1.0,0.0,0.0,0.11606724304853651,0.0,1.0,1.0,0.0,1.0,0.0,0.3259984343248763,0.0,0.6317701166632025,0.0,0.0,1.0,0.0,0.759389243380587,0.0,0.0,0.0,0.6433230318703583,0.0,0.6164554147524735,0.0
34,additive/amplitude,interaction_g0.50,6,3.143800059108817,3.2318078743655936,3.3091808308853583,3.2318078743655936,0.7638828271754421,-2.2152093326049833,29.005431259050965,299.00913693988696,1,1,excluded,r_hat_max 1.651 > 1.1; n_eff_min 4.8 < 16.0,1.6509099688710491,1.0429006383892694,0.5320197044334976,4.771391551685692,0,63.0,1.6509099688710491,4.771391551685692,1.4198502898910226,7.42822882569459,1.1550054472636826,10.562156609108833,0.9822435161483662,1.2854207977864744,0,1.0,0.5770620544943399,0.0,0.0,1.0,0.893881256636953,0.0,0.0,0.0,1.0,0.0,0.0,0.35121720986740523,0.0,1.0,1.0,1.0,1.0,0.0,0.0,1.0,1.0,0.0,1.0,0.0,0.0,1.0,0.0,0.2761969143459565,0.0,1.0,1.0,0.0,0.0,0.0,0.0,0.0,1.0,0.2502621329681574,0.9456902762201388,0.4296842303086317,0.0,0.5359925978995931,1.0,0.0,0.6130740884177224,0.0,0.0,1.0,0.0,1.0,1.0,1.0,1.0,0.0,1.0,0.0,0.0,1.0,1.0,0.0,0.0,0.5577541865657505,1.0,0.0,0.0,0.0,1.0,0.3693162919809106,0.0,0.6382904424762255,1.0,0.0,0.40140253814675914,1.0,1.0,0.0,0.0,0.0,0.0,1.0,1.0,0.0,0.8027320185827329,0.0,0.3128476659941312,0.0,1.0,0.0,0.0,1.0,0.0,1.0,0.0,0.0,0.0,0.05353837647459372,0.0,1.0,0.0
35,additive/amplitude,interaction_g0.50,6,3.1278011262877983,3.2318078743655936,3.3091808308853583,3.2318078743655936,0.7638828271754421,-2.1211151861331095,29.51181045267731,258.19042777689174,1,1,excluded,r_hat_max 1.844 > 1.1; n_eff_min 4.1 < 16.0,1.8442658720759884,1.0381971744117997,0.5467980295566502,4.111147499068505,0,63.0,1.3735058901429955,7.0040321830144014,1.8442658720759884,4.111147499068505,1.1221295196842844,19.383291107569352,1.0440022745186648,1.3171100070247228,0,1.0,1.0,0.0,0.0,0.9489471892574207,1.0,0.0,0.0,0.0,1.0,0.0,0.0,0.0,0.0,0.36141728284700375,1.0,1.0,1.0,0.0,0.0,0.9754793808400819,1.0,0.0,0.0,0.0,0.0,1.0,0.0,0.41194119855626843,0.3267855033464208,1.0,1.0,0.0,0.0,0.0,0.5369157888103578,0.0,0.7763500604488345,1.0,0.0,0.4398702456884747,1.0,0.6304259281670768,1.0,0.0,0.0,0.0,0.0,0.9972734052670206,0.0,1.0,1.0,1.0,1.0,0.39576119621545397,1.0,0.0,0.0,1.0,1.0,0.0,0.0,1.0,0.6450713372422661,1.0,0.0,0.0,0.8790527168344409,0.0,0.0,1.0,1.0,1.0,0.0,1.0,1.0,0.0,0.0,0.0,0.0,1.0,1.0,0.0,1.0,0.0,1.0,0.0,0.6199503580308837,0.0,0.0,1.0,0.0,0.7767586667080432,0.0,0.0,0.19691887708228695,1.0,0.2620448604675791,0.6554784891522586,0.0
36,additive/amplitude,interaction_g0.50,6,3.1998926073938074,3.2318078743655936,3.3091808308853583,3.2318078743655936,0.7638828271754421,-2.0474432356762797,29.1952307629399,291.0464641810395,1,1,excluded,r_hat_max 1.607 > 1.1; n_eff_min 5.6 < 16.0,1.6072973636842975,1.032726152091507,0.5862068965517241,5.577267842391976,1,62.84765625,1.6072973636842975,5.577267842391976,1.3030161795161666,9.194156041167506,1.5630866227206417,6.024079755613098,1.1018855759566963,1.3430774928904932,0,1.0,0.6071747482392436,0.0,0.0,1.0,0.9165608274317496,0.0,0.0,0.0,1.0,0.0039302958497514084,0.0,0.0,0.18435962243019594,0.313716667197671,1.0,1.0,1.0,0.7051599070943768,0.010820583950146718,1.0,1.0,0.0,1.0,0.24200839113441716,0.0,0.0,0.0,0.24101182562490148,0.4316660290871149,1.0,1.0,0.0,0.0,0.0,0.0,0.0,1.0,0.0,0.046745944245313836,0.43302790561287297,0.0,0.4807881407833669,0.2742328433478976,0.0,0.5850918455898678,0.0,0.0,1.0,0.0,1.0,1.0,1.0,1.0,0.0,0.9014665541723401,0.0,0.09950536320758897,1.0,1.0,0.5250254812699587,0.0,1.0,1.0,1.0,0.0,0.0,1.0,0.0,0.0,1.0,1.0,0.0,0.0,1.0,1.0,0.0,0.0,0.2829753774372628,0.0,1.0,1.0,0.0,1.0,0.0,0.31812914772966205,0.0,1.0,0.0,0.39742544878198593,1.0,0.0,0.748279065092568,0.349514251739793,0.0,0.0,0.6082253267633315,0.0,0.6893416023607845,0.0
37,additive/amplitude,interaction_g0.50,6,3.078104768062158,3.0012088909131784,3.3091808308853583,3.2318078743655936,0.7638828271754421,-1.4575433997624712,29.7738399929367,335.33661132026464,1,1,excluded,r_hat_max 1.378 > 1.1; n_eff_min 9.1 < 16.0,1.3779374288781254,1.0134183593286412,0.7044334975369458,9.05244417712878,0,63.0,1.2888200894217348,9.05244417712878,1.3779374288781254,10.678099849036085,1.0120085957394076,62.729712781056804,1.15858846869824,1.3677909582757137,0,1.0,0.5418669533166453,0.24792314043378993,0.0,1.0,0.8778685892048087,0.0,0.0,0.0,1.0,0.0,0.0,0.24175677602453793,0.0,0.6258678909374356,1.0,1.0,1.0,0.8446994523146627,0.0,0.7224953704967157,1.0,0.0,0.0,0.0,0.0,1.0,0.0,0.5591164533179712,0.2820556613500722,1.0,1.0,0.0,0.0,0.6182103305338963,0.0,0.0,1.0,0.0,0.0,0.46435997869663626,0.8589425411054236,0.5914379504143462,0.49802341704661884,0.0,0.5445363379088797,0.0,0.0,1.0,0.0,1.0,1.0,1.0,1.0,0.0,0.8732721035227324,0.0,0.24291598261557737,1.0,1.0,0.0,0.0,1.0,1.0,1.0,0.0,0.0,0.7550663294715977,0.0,0.0,1.0,0.9870439780611997,0.1752450366834858,0.0,0.0,0.9804245080131736,0.0,0.0,0.0,0.0,1.0,1.0,0.0,1.0,0.0,0.10020709423166617,0.0,0.7864200082148692,0.0,0.0,1.0,0.0,0.7759040901054998,1.0,0.0,0.0,0.2657290728479737,0.08568103446312668,1.0,0.0
38,additive/amplitude,interaction_g0.50,6,3.1035869177482214,3.2318078743655936,3.3091808308853583,3.2318078743655936,0.7638828271754421,-1.4269376306852832,28.24967684596777,283.54885038826615,1,1,excluded,r_hat_max 2.174 > 1.1; n_eff_min 3.3 < 16.0,2.173926350359245,1.0244563497954746,0.6354679802955665,3.3021269106569915,0,63.0,2.173926350359245,3.3021269106569915,1.938115614311205,3.986690652497721,1.0776030185438341,29.16208820724108,1.2091020555236063,1.3842070604471162,0,0.9145305438134415,0.6002480541233961,0.0,0.0,1.0,0.9258043185623921,0.0,0.0,0.0,1.0,0.0,0.0,0.0,0.0,0.7319093981572026,0.6443973630087537,1.0,1.0,0.0,0.0,0.6993868014046695,1.0,0.0,0.26340489270533307,0.0,0.0,1.0,0.0,0.5666620804802014,0.0,1.0,1.0,0.0,0.0,0.0,0.5231760050245425,0.0,1.0,0.14417226723988139,0.0,0.4546963926039163,0.8795566207680794,1.0,0.7034277934842922,0.0,0.5333531845170283,0.0,0.0,1.0,0.0,1.0,0.7372551936803758,1.0,1.0,0.0,0.8968779444599229,0.0,0.0,1.0,1.0,0.0,0.0,0.9616626885788082,1.0,1.0,0.0,0.0,1.0,0.0,0.0,1.0,1.0,0.0,0.0,1.0,1.0,0.0,0.0,0.14673214651334318,0.0,1.0,1.0,0.0,0.6796202195345795,0.0,0.3239001162144727,0.0,1.0,0.31804362843566025,0.0,1.0,0.0,0.8680563353799435,0.0,0.0,0.0,0.6411959040621849,0.0,0.9191221950813513,0.379675857352852
39,additive/amplitude,interaction_g0.50,6,3.075015511334479,3.2318078743655936,3.3091808308853583,3.2318078743655936,0.7638828271754421,-1.9237917638921727,30.083394209854305,334.28971394104883,1,1,excluded,r_hat_max 1.448 > 1.1; n_eff_min 5.7 < 16.0,1.4480698822645972,1.0206375819815607,0.6305418719211823,5.653375741979963,0,63.0,1.3571604661912866,7.561957799015676,1.4480698822645972,5.653375741979963,1.0150683448937428,28.97881388529122,1.2576785904524426,1.398773771213868,0,1.0,0.6336492439528908,0.0,0.0,0.9406581497371457,1.0,0.0,0.0,0.2763005274149982,1.0,0.0,0.0,0.0,0.0,0.6003441643098184,1.0,1.0,1.0,0.7129866879660002,0.0,1.0,1.0,0.0,0.0,0.23567493565396827,0.0,1.0,0.0,0.5087086595579905,0.3663565221447124,1.0,1.0,0.0,0.0,0.0,0.0,0.01046859248769918,1.0,0.44147104095204204,0.0,0.4564730819250045,1.0,0.6046218098694278,1.0,0.0,0.6421404476603718,0.0,0.0,0.17904594494709725,0.0,1.0,1.0,1.0,1.0,0.0,1.0,0.28200333277230005,0.0,0.9145968528813134,1.0,0.40046536735914356,0.0,1.0,1.0,1.0,0.0,0.0,1.0,0.0,0.0,0.5419785518080341,1.0,0.003961300543362639,0.0,1.0,1.0,0.11942125728317698,0.0,0.12190426416470054,0.0,1.0,1.0,0.0,1.0,0.0,0.3152881330251323,0.0,0.0,0.0,0.0,1.0,0.0,1.0,0.0,0.0,0.0,0.0,0.0,0.6443394100852164,0.0
40,additive/amplitude,interaction_g0.50,6,3.2376245785637563,3.2318078743655936,3.3091808308853583,3.2318078743655936,0.7638828271754421,-2.0095004495461604,28.49620330799371,326.034998069983,1,1,excluded,r_hat_max 3.138 > 1.1; n_eff_min 3.2 < 16.0,3.138434767524138,1.0318618396982047,0.6108374384236454,3.1837087035098035,0,63.0,3.138434767524138,3.1837087035098035,2.327639301517531,3.5740872993285775,1.0437682952433847,46.92396735759078,1.3031120134744931,1.4100203908569882,0,1.0,0.6028602686842206,0.0,0.0,0.9092328506620552,1.0,0.0,0.0,0.008142439585272502,0.0,0.0,0.0,0.0,0.436209074818098,1.0,1.0,1.0,1.0,0.7410234088189416,0.0,0.7302761591246152,1.0,0.1457189998892648,0.3900587311390578,0.2797463402389987,0.0,1.0,0.0,0.1570281195881564,0.45933123639258666,1.0,1.0,0.0,0.21907901973593744,0.0,0.0,0.0,0.810684068868968,0.0,0.0,0.4368643040828223,0.0,0.5931926958332018,0.35212507022980916,0.0,0.499977339753942,0.0,0.0,1.0,0.0785726678792211,1.0,1.0,1.0,1.0,0.0,1.0,0.0,0.0,1.0,1.0,0.0,0.0,1.0,0.9769092305653291,1.0,0.5569763273578555,0.0,0.9066138931658058,0.0,0.0,0.775274554330594,1.0,0.0,0.0,1.0,0.9925901099005353,0.0,0.0,0.0,0.0,1.0,1.0,0.0,1.0,0.0,0.3298799896678952,0.0,0.838120476699009,0.0,0.0,1.0,0.0,1.0,0.0,0.0,0.11393665343218998,0.6319569292323122,0.0,0.6104406496345064,0.0
41,additive/amplitude,interaction_g0.50,6,2.999744219997993,2.979163718796281,3.3091808308853583,3.2318078743655936,0.7638828271754421,-2.0554500952963988,29.890262353699654,229.96291717421263,1,1,excluded,r_hat_max 1.504 > 1.1; n_eff_min 6.3 < 16.0,1.5035917020522145,1.0278679007898661,0.6305418719211823,6.335593088750755,0,63.0,1.4035588728678052,7.015952439712285,1.5035917020522145,6.335593088750755,1.232560392337584,14.918421222474963,1.3502952467693532,1.4243300728388455,0,0.944449985085478,0.5837202014577993,0.0,0.0,0.7846614080548562,1.0,0.0,0.0,0.0,1.0,0.0,0.035501446198035434,0.041212640170269245,0.0,1.0,1.0,1.0,1.0,0.681956711894595,0.0,0.7298982410383364,1.0,0.0,0.0,0.0,0.0,1.0,0.0,0.3441525807977051,0.0,1.0,1.0,0.0,0.0,0.0,0.48130773764257156,0.0,0.8681940490698649,0.0,0.0,0.43423364465719355,0.0,0.0,1.0,0.0,0.5843440006362902,0.0,0.0,1.0,0.0,1.0,1.0,1.0,1.0,0.2988706470954465,1.0,0.0,0.0,1.0,1.0,0.0,0.0,1.0,1.0,1.0,0.4012021911597716,0.0,1.0,0.02556245945664374,0.0,1.0,1.0,1.0,0.0,0.9548867908105915,1.0,0.0,0.0,0.10227804207993806,0.06126808428951097,1.0,1.0,0.0,0.9294667464774615,0.0,0.32178232294564474,0.0,0.4292451981191136,0.0,0.0,1.0,0.0,0.7681261642303626,0.0,0.0,0.0,0.6787214637614237,0.0,0.7824960751863975,0.0
42,additive/amplitude,interaction_g0.50,6,3.0666690986133895,3.2318078743655936,3.3091808308853583,3.2318078743655936,0.7638828271754421,-1.7503177771280587,29.996623378247023,305.45518789673224,1,1,excluded,r_hat_max 1.543 > 1.1; n_eff_min 5.4 < 16.0,1.5429451108981043,1.0211355947726657,0.645320197044335,5.4220530707378,0,63.0,1.3984217990807315,5.4220530707378,1.5429451108981043,5.9850468480100005,1.0192014084945091,41.422801785076615,1.389567841370035,1.4295625886676502,0,1.0,0.2931922904338086,0.0,0.3279543265851746,1.0,1.0,0.0,0.0,0.0,0.21539199361660485,0.0,0.0,0.0,0.41023472465802296,1.0,1.0,1.0,1.0,0.716662718092633,1.0,0.5644286962604878,1.0,0.0,1.0,0.0,0.0,0.8776514651512508,0.0,0.0,0.4497162650542672,1.0,1.0,0.0,0.0,0.0,0.5493692495445132,0.0,1.0,0.27346314041201636,0.0,0.4638545485681734,0.0,0.6183052453174209,1.0,0.0,0.5992426731183625,0.0,0.0,0.0,0.13220422013735103,1.0,1.0,1.0,1.0,0.0,1.0,0.0,1.0,1.0,1.0,1.0,0.0,1.0,1.0,0.8005194321241357,0.44914139861856267,0.0,0.9137202342508777,0.0,0.0,1.0,1.0,0.0,0.0,0.9369012201777639,1.0,0.0,0.0,0.0,0.0,1.0,1.0,0.0,1.0,0.0,0.2643089624691337,0.0,0.2975386380146255,0.0,0.0,1.0,0.0,1.0,0.0,0.0,0.0,1.0,0.0,0.6002096727594991,0.0
43,additive/amplitude,interaction_g0.50,6,3.2767283958460176,3.2318078743655936,3.3091808308853583,3.2318078743655936,0.7638828271754421,-1.5303074683708582,30.66936309216544,332.7307822727598,1,1,excluded,r_hat_max 1.592 > 1.1; n_eff_min 4.4 < 16.0; divergences 9 > 5,1.5919691079693528,1.0303883553504476,0.6059113300492611,4.404195086189747,9,62.18359375,1.5500374625676792,4.404195086189747,1.5919691079693528,4.598726830826926,1.195502450964363,10.630719968694635,1.428570196189648,1.435274253958765,0,1.0,1.0,0.0,0.0,0.9882039906873306,1.0,0.0,0.0,0.0,1.0,0.0,0.0,0.0,0.0,0.2103593737757125,0.9858404944686847,1.0,1.0,0.7288765198544834,0.0,0.9701154791253417,1.0,0.0,1.0,0.0,0.0,0.8638385651339883,0.0,0.07334920410035967,0.4205540647196142,1.0,1.0,0.0,0.0,0.23668902251130788,1.0,0.0,0.9420695706595602,0.4910479386873313,0.0,0.43917879171966806,1.0,0.6497286146871303,1.0,0.0,1.0,0.0,0.0,1.0,0.0,1.0,1.0,1.0,1.0,0.0,1.0,0.0,0.0,1.0,1.0,0.0,0.0,1.0,1.0,1.0,0.0,0.04440239158726242,0.8162069457255525,0.0,0.0,0.3572813661791435,1.0,0.0,0.0,1.0,1.0,0.0,0.0,1.0,0.0,1.0,1.0,0.0,1.0,0.0010183976695250236,0.33253472609298407,0.0,0.8690825913839147,0.0,0.018215244943924375,1.0,0.0,1.0,0.0,0.0,0.0,0.8678344339725927,0.0,0.5422955150035818,0.0
44,additive/amplitude,interaction_g0.50,6,3.3049655215430165,3.2318078743655936,3.3091808308853583,3.2318078743655936,0.7638828271754421,-1.2702263373460656,30.264539305586368,341.20692074205726,1,1,excluded,r_hat_max 1.370 > 1.1; n_eff_min 7.4 < 16.0,1.369892028325777,1.0395264427560242,0.5566502463054187,7.3986238822040304,0,63.0,1.369892028325777,7.405588799302504,1.3650129114617497,7.3986238822040304,1.0330025906166143,31.82742396920207,1.4705737916363837,1.4453576417819052,0,1.0,0.5366042696860711,0.0,0.0,1.0,0.8586399939196647,0.0,0.0,0.0,1.0,0.0,0.0,0.3273003705703532,0.40146812061033244,0.8911883850640686,1.0,1.0,1.0,0.7716579537563534,0.0,0.742646707319656,1.0,0.15530894703408796,1.0,0.0,0.0,0.8723193315087714,0.0,0.6030721985867676,1.0,1.0,1.0,0.0,0.0,0.0,0.0,0.0,1.0,0.5458025457350731,0.0,0.44791389393627334,1.0,1.0,1.0,0.0,0.6772707924819032,0.43642780776672985,0.0,0.990503927526601,0.0,1.0,1.0,1.0,1.0,0.0,1.0,0.0,0.0,1.0,0.9881542048540326,0.0,0.0,0.5738069222664777,0.6534759457035791,1.0,0.0,0.020404975664692966,1.0,0.0,0.0,0.4917553753773354,1.0,0.0,0.0,1.0,1.0,0.0,0.0,0.24009904532083118,0.0,1.0,1.0,0.0,1.0,0.0,1.0,0.0,0.856851126343166,0.0,0.0,1.0,0.0,0.7352903254127956,0.0,0.0,0.0,0.6420382023296728,0.0,0.6133236067569515,0.0
45,additive/amplitude,interaction_g0.50,6,3.291426871417493,3.2318078743655936,3.3091808308853583,3.2318078743655936,0.7638828271754421,-1.889916629973376,30.224092877935618,178.28942811721936,1,1,excluded,r_hat_max 1.723 > 1.1; n_eff_min 4.5 < 16.0,1.7228070606176251,1.0220405880236945,0.6847290640394089,4.513436585249464,0,63.0,1.7228070606176251,4.513436585249464,1.4742804926940398,7.305234167583386,1.143343314041189,15.701345291320495,1.5113380523009754,1.4545621620957847,0,0.9981822448517365,1.0,0.0,0.0,1.0,1.0,1.0,0.0,0.0,0.0,0.0,0.0,1.0,0.0,0.37713961643153876,1.0,1.0,1.0,0.7343077903792578,0.0,1.0,1.0,0.0,1.0,0.16372937187073913,0.0,1.0,0.0,0.0,0.16280291428076857,1.0,1.0,0.0,0.0,0.0,0.0,0.0,0.7665908950359626,1.0,0.0,1.0,1.0,1.0,1.0,0.0,0.0,0.0,0.0,0.21360003594597685,0.07348349643723882,1.0,1.0,1.0,0.0,0.0,1.0,0.0,0.0,1.0,0.9993592383070748,0.0,0.0,1.0,0.6368092623270621,0.0,0.0,0.0,1.0,0.0,0.0,0.3223091535001999,1.0,0.0,0.0,1.0,1.0,0.0,0.0,0.0,0.0,1.0,1.0,0.0,1.0,0.0,0.3027399052919597,0.0,0.0,0.0,0.0,1.0,0.0,1.0,0.0,0.0,0.0,0.6245272208013569,0.0,0.472822440440605,1.0
46,additive/amplitude,interaction_g0.50,6,3.097235151295035,3.2318078743655936,3.3091808308853583,3.2318078743655936,0.7638828271754421,-1.6692030244550882,30.617146824020892,290.7234972869046,1,1,excluded,r_hat_max 1.378 > 1.1; n_eff_min 7.3 < 16.0,1.378439002791764,1.0385002743452123,0.5665024630541872,7.341923690999022,0,63.0,1.378439002791764,7.341923690999022,1.316372315026145,7.9870281274352815,1.291753881057414,8.200651635593003,1.5500356353252476,1.461897440509286,0,1.0,0.6800931868961538,0.0,0.0,1.0,0.8994378894299414,1.0,0.0,0.0,0.0,0.0,0.0,0.7377123460398167,0.4352689033128132,0.2778117808846795,1.0,1.0,1.0,0.4029402156158062,0.0,0.6654223093282764,1.0,1.0,1.0,0.0,0.0,0.4154513225847534,0.0,1.0,0.5105712421014493,1.0,1.0,0.0,0.0,0.19456322471526624,0.0,0.0,0.8733793240101213,0.4891213754611503,0.0,0.7459130583050498,1.0,0.656342214101463,0.0,0.0017787472977628964,0.0,0.0,0.0,1.0,0.0,1.0,1.0,1.0,1.0,0.0,1.0,0.0,0.0,1.0,1.0,0.0,0.0,0.5741601045490594,0.7742778176673174,1.0,0.0,0.030790846047660084,0.8174012985465725,0.0,0.0,0.49562501136023224,0.746638842472183,0.0,0.02560273243921361,1.0,1.0,0.0,0.0,0.0,0.0,1.0,1.0,0.0,1.0,0.0,0.5566393244000379,0.0,0.0504467786737302,0.0,0.0,1.0,0.0,0.7587249799173583,0.24863807780757172,0.0,0.0,0.8142468240356098,0.0,0.5540833607035776,1.0
47,additive/amplitude,interaction_g0.50,6,3.262111115217915,3.2318078743655936,3.3091808308853583,3.2318078743655936,0.7638828271754421,-2.2295969293314943,30.889817907940596,313.22793316980824,1,1,excluded,r_hat_max 1.869 > 1.1; n_eff_min 3.6 < 16.0,1.8691066050376035,1.0333056443411461,0.5763546798029556,3.5526048285603657,0,63.0,1.8691066050376035,3.5526048285603657,1.5462853872037565,4.63224290760693,1.1360118880137318,36.700140524211896,1.5829547739629029,1.46339392530384,0,1.0,1.0,0.0,0.0,1.0,0.8914445467451442,0.0,0.0,0.0,1.0,0.0,0.0,1.0,0.0,1.0,1.0,1.0,1.0,0.7815459496222701,0.0,0.7499548668204432,1.0,0.0,1.0,0.0,0.5878784593280725,0.8167686965646903,0.0,0.26694842301723043,1.0,1.0,1.0,0.0,0.0,0.0,0.5380678781855529,0.0,0.7711036663003101,0.49511373043059737,0.0,0.4844136384537819,1.0,1.0,1.0,0.0,0.6033889020778668,0.0,0.0,1.0,0.0,1.0,1.0,1.0,1.0,0.0,1.0,0.0,0.0,0.9988971417538666,1.0,0.0,0.0,1.0,0.6335084706809485,0.0,0.6585556556259741,0.0,1.0,0.0,0.0,0.4119854235381612,1.0,0.17382412725073723,0.0,1.0,0.8381507154069017,0.0,0.0,1.0,0.0,1.0,1.0,0.0,1.0,0.0,0.2880799204796586,0.0,0.6500032395711113,0.0,0.0,1.0,0.0,0.7583600053242893,0.0,0.0,0.0,0.6663421121299931,0.0,0.5888764474055644,0.0
48,additive/amplitude,interaction_g0.50,6,3.384231980052844,3.266127848408416,3.384231980052844,3.266127848408416,0.7295628531326197,-1.659114831744569,29.608668896369636,248.8969875788316,1,1,excluded,r_hat_max 1.410 > 1.1; n_eff_min 8.9 < 16.0,1.4096913184872963,1.03691931266135,0.5714285714285714,8.931356095681645,0,63.0,1.3427937034607784,9.965661257783117,1.4096913184872963,8.931356095681645,1.1384683706292367,22.572556268767027,1.6179371977390489,1.4677956030261645,0,1.0,1.0,0.1001437587758044,0.40675424020327333,0.4540812234189004,1.0,0.0,0.0,0.0,1.0,1.0,0.0,0.35711016337688933,0.0,0.3553190563569499,1.0,1.0,1.0,0.7631311241293882,0.0,0.5463996145336798,1.0,0.07210812496575744,1.0,1.0,0.0,0.33071222404874406,0.0,0.0,0.6751233527795053,0.632607852116283,0.0,0.0,0.0,0.0,0.0,0.0,1.0,0.5484964495287247,0.0,0.5148806692137047,0.8676512321140863,1.0,0.0,0.0,0.0,0.3417502139025891,0.0,0.34611445326638846,0.0,1.0,1.0,1.0,0.0,0.0,0.7147833239682063,0.0,0.0,1.0,1.0,0.0,0.0,0.6293888803396859,0.6392514337814679,0.8638440928705984,0.0050926511994713675,0.0,0.9149928849239162,0.0,0.0,0.38352099714015964,1.0,0.0,0.0,1.0,1.0,0.0,0.0,1.0,1.0,1.0,1.0,0.0,1.0,0.0,1.0,0.0,0.8477727364670392,0.0,0.0,1.0,0.0,0.7658138178091181,0.0,0.0,0.0,0.6247541198481104,0.0,0.605147994870058,0.0
49,additive/amplitude,interaction_g0.50,6,2.314468277796932,2.1765994361813505,3.384231980052844,3.266127848408416,0.7295628531326197,-2.0160843780277418,31.420200276188552,295.28836653521284,1,1,excluded,r_hat_max 1.423 > 1.1; n_eff_min 5.5 < 16.0,1.4231055804039152,1.0216971392374947,0.6650246305418719,5.5148960643043194,0,63.0,1.4231055804039152,5.5148960643043194,1.40094210725211,7.014063217525553,1.031892239857318,47.71708644512896,1.6539840300311672,1.4740508995922936,0,1.0,0.7346375602914273,0.0,0.2847381948821562,0.4755561733350433,1.0,0.0,0.0,0.0,1.0,1.0,0.0,0.0,0.0,0.0,1.0,1.0,1.0,0.7587787962476286,0.0,0.72699580428249,1.0,0.05586929233846394,1.0,0.26523148320786377,0.0,0.3988881390201687,0.28499344387716985,0.6811130986109727,0.4535307111496256,0.7650232378932712,0.0,0.0,0.0,0.0,0.0,0.0,1.0,1.0,0.0,1.0,1.0,1.0,1.0,0.0,0.5063711148415622,0.42964835978117033,0.0,1.0,0.0,1.0,1.0,1.0,0.0,0.0,0.7171010138745422,0.0,0.0,1.0,1.0,0.0,0.0,0.6271952032570672,0.6290615079226233,0.0,0.0,0.0,1.0,0.0,0.0,0.43354232886300603,0.7257093344172908,0.0,0.046056125497986114,1.0,1.0,0.0,0.0,1.0,1.0,1.0,1.0,0.0,1.0,0.0,0.8975363046524208,0.0,0.8695819255879281,0.0,0.0,1.0,0.0,1.0,0.0,0.0,0.0,0.511878604561269,0.0,1.0,0.0
50,additive/amplitude,interaction_g0.50,6,1.6808566937882239,1.7010999002422609,3.384231980052844,3.266127848408416,0.7295628531326197,-2.193217071956305,31.056495222263038,302.443640912883,1,1,excluded,r_hat_max 2.496 > 1.1; n_eff_min 3.6 < 16.0; divergences 18 > 5,2.495588758037453,1.0349121979294713,0.5960591133004927,3.639268623989981,18,61.52734375,2.495588758037453,3.639268623989981,2.352295808982314,4.0522593054483735,1.183536194267164,15.937133654438334,1.6671937149864826,1.4621627223231306,1,1.0,1.0,0.0,0.0,0.9983963345140778,0.9791994818023078,0.7626018730109508,0.0,0.0,0.09149061348877352,1.0,0.0,1.0,0.0,0.3646626398250042,1.0,1.0,1.0,0.0007587817912600073,0.0,0.5502219192970282,0.972281179037258,0.0,1.0,1.0,0.0,1.0,0.43569910125830374,0.19058351413148275,0.0,1.0,1.0,0.0,0.0,0.030850179672166946,0.0,0.0,0.8406125610734545,0.5441739089475137,0.0,0.5195865265677698,1.0,0.5455155124556978,0.0,0.0,0.0,0.3540474231451541,0.34525564815463594,0.0,0.0,1.0,1.0,1.0,0.0,0.0,1.0,0.0,0.0,1.0,1.0,0.0,0.04828650507389723,0.5568728098574064,0.6446868313735945,1.0,0.0,0.0,0.8911673509296942,0.0,0.0,0.17971231768436857,1.0,0.0,0.0,1.0,1.0,0.0,0.0,0.0,0.0,1.0,1.0,0.0,1.0,0.0,1.0,0.0,0.6611723329504011,0.0,0.0,1.0,0.0,0.7552524336120574,0.41419929011580436,0.0,0.0,0.603953481647739,0.0,0.5603360513376068,0.0
51,additive/amplitude,interaction_g0.50,6,3.189423227625962,3.2347415984304364,3.384231980052844,3.266127848408416,0.7295628531326197,-1.9576817075427442,31.437443767208606,303.42016527894884,1,1,excluded,r_hat_max 1.476 > 1.1; n_eff_min 7.1 < 16.0,1.4758113987639674,1.0275485359922882,0.625615763546798,7.1027078969996795,0,63.0,1.3855211295461147,7.1027078969996795,1.4758113987639674,7.328062813862962,1.0115200823970447,82.58300982615852,1.667461616531615,1.4477580662922365,0,1.0,1.0,0.0,0.4302750184024893,1.0,1.0,0.011047743182701852,0.0,0.0,1.0,1.0,0.0,0.0,0.16656620330950336,0.0,1.0,1.0,1.0,0.7339243342694242,0.0,1.0,1.0,0.0,1.0,0.0,0.0,0.7710433086502652,0.0037226809860872643,1.0,0.457316684702372,0.6275257994612932,1.0,0.0,0.0,0.0,0.0,0.0,0.6808846946913992,1.0,0.0,1.0,1.0,1.0,1.0,0.471534248420375,0.7449637752643683,0.3972809720260824,0.0,1.0,0.0,1.0,1.0,1.0,0.0,0.0,0.0,0.0,0.0,1.0,1.0,0.0,1.0,1.0,0.6238531179969355,0.0,1.0,0.0,1.0,0.0,0.0,0.0,1.0,0.0,0.0,1.0,1.0,0.0,0.0,1.0,1.0,1.0,1.0,0.0,1.0,0.0,1.0,0.0,1.0,0.0,0.0,1.0,0.0,0.0,0.0,0.0,0.0,0.6055020858027829,0.0,1.0,0.0
52,additive/amplitude,interaction_g0.50,6,3.2723673118624155,3.211057926088697,3.384231980052844,3.266127848408416,0.7295628531326197,-2.0972824455236356,31.344310777727515,285.1405556597747,1,1,excluded,r_hat_max 1.388 > 1.1; n_eff_min 6.6 < 16.0,1.3884819266311017,1.0215991944121179,0.7339901477832512,6.557093542063004,0,63.0,1.3884819266311017,6.557093542063004,1.289964975157565,7.903264752606008,1.0260334652303873,106.93744408336752,1.69673010905266,1.448925304438798,0,1.0,1.0,0.14735698610041917,0.0,0.9489314108263732,0.8801115703809848,0.0,0.0,0.0,1.0,0.0,0.0,0.40280711025021454,0.17838335364984204,0.0,1.0,1.0,1.0,0.7998111285289744,0.0,0.7411164627617983,1.0,0.0,1.0,0.21081071346552624,0.0,1.0,0.0,0.0,0.6572743882769054,0.7693152488587754,0.0,0.0,0.0,0.0,0.0,0.0,0.7649609721521413,0.7508451928595704,0.0,0.44015451648758425,0.9153992793194289,0.6809018210931632,1.0,1.0,0.5924773550692619,0.4032461764705154,0.0,1.0,1.0,0.0,1.0,1.0,0.0,0.0,0.8273390345982751,0.0,0.0,0.1831164279825758,1.0,0.0,0.0,0.0,0.0,0.8323531814588413,0.0,0.0,0.8938487957536355,0.0,0.0,0.4438304221486812,1.0,0.0,0.0,1.0,1.0,0.0,0.0,0.0,0.0,1.0,1.0,0.0,1.0,0.0,0.32830076636299715,0.0,1.0,0.0,0.0,1.0,0.0,0.7766128429349791,0.0,0.0,0.0,0.5578987106613353,0.0,1.0,0.0
53,additive/amplitude,interaction_g0.50,6,3.0785246006437457,3.2318078743655936,3.384231980052844,3.266127848408416,0.7295628531326197,-3.0951171361568397,31.90421380009502,303.39426544541493,1,1,excluded,r_hat_max 1.469 > 1.1; n_eff_min 6.2 < 16.0,1.4693998469337817,1.0205759677476984,0.6551724137931034,6.158761949227657,0,63.0,1.4693998469337817,6.571070238392912,1.420059042167746,6.158761949227657,1.0703575515597517,54.53942921996588,1.7264591128792592,1.45111399262439,0,1.0,1.0,0.0,0.0,0.49000228419895137,1.0,0.0,0.0,0.0,1.0,1.0,0.0,0.311873658642373,0.44439135428715115,0.0,1.0,1.0,1.0,0.7513736174619908,0.0,1.0,1.0,0.0,1.0,0.27136133786157696,0.0,1.0,0.0,1.0,0.45632619875338437,1.0,0.0,0.0,0.0,0.035688086813824585,0.0,0.0,1.0,0.5778521723224668,0.0,1.0,1.0,1.0,0.27075131945485564,0.42119672691026594,0.0,0.44200617863844155,0.0,0.8292304364721867,0.06432556137765882,1.0,1.0,1.0,0.0,0.0,0.5282295404776611,0.0,0.0,1.0,1.0,0.0,0.0,1.0,0.6380953786557859,0.8933509260755176,0.006875908052299146,0.0,1.0,0.0,0.0,0.37518941226324076,0.0,0.0,0.0,1.0,1.0,0.0,0.0,1.0,0.0,1.0,1.0,0.0,1.0,0.0,1.0,0.0,0.7406369924149906,0.0,0.0,1.0,0.0,1.0,0.29193588289435835,0.0,0.0,0.5964310317726819,0.0,1.0,0.0
54,additive/amplitude,interaction_g0.50,6,3.16444654181514,3.2318078743655936,3.384231980052844,3.266127848408416,0.7295628531326197,-2.5422772782503724,31.705203880090266,236.58794244006276,1,1,excluded,r_hat_max 1.399 > 1.1; n_eff_min 7.3 < 16.0,1.3987057659806115,1.0335396882888608,0.6157635467980296,7.326119966858928,0,63.0,1.3987057659806115,7.326119966858928,1.354583132978303,7.86962154210336,1.2772998888652343,11.453929779423664,1.7514973626526755,1.4491249860985518,0,1.0,1.0,0.0,0.345354828148431,1.0,1.0,0.0,0.0,0.0,1.0,0.0,0.0,0.38879552859883043,0.0,1.0,1.0,1.0,1.0,0.7467866014068735,0.0,0.7323340818632745,1.0,0.0835561408471356,1.0,0.0,0.0,0.0,0.0,0.0,0.48843081966516755,0.0,1.0,0.0,0.0,0.0,0.0,0.0,0.8389193995151736,1.0,0.0,0.44383184717006713,0.7009432785077238,1.0,1.0,0.0,0.5043524289734809,0.0,0.0,0.3509515806461539,0.0,1.0,1.0,1.0,0.0,0.0,1.0,0.0,0.0,1.0,1.0,0.0,1.0,0.6246474285746653,0.0,1.0,0.0,0.0,0.9089279193258873,0.0,0.0,0.48158764314991137,1.0,0.0,0.0,1.0,1.0,0.0,0.0,0.0,0.0,1.0,1.0,0.0,1.0,0.0,1.0,0.0,0.6998988119027131,0.0,0.0,1.0,0.0,0.0,0.0,0.0,0.5060325397170203,0.611161891175157,0.0,0.6218167887373864,0.0
55,additive/amplitude,interaction_g0.50,6,1.1396275535149678,1.0306919112104267,3.384231980052844,3.266127848408416,0.7295628531326197,-2.82830238572729,32.08744378713891,331.4399085449986,1,1,excluded,r_hat_max 1.462 > 1.1; n_eff_min 7.3 < 16.0,1.4624975972424445,1.0233841281370053,0.6403940886699507,7.335950187797611,0,63.0,1.2993810340497565,7.335950187797611,1.4624975972424445,7.67064884321452,1.0140414779192208,100.91046989002297,1.7771873477283566,1.4482474732502633,0,1.0,1.0,0.4883668421919889,0.4071760051414628,1.0,0.7602738630432504,0.0,0.0,0.0,1.0,0.3000187524594408,0.0,0.0,0.0,0.19855401205655204,1.0,1.0,1.0,0.7687666446551769,0.0,1.0,1.0,0.09469767088628832,0.9797220119880308,1.0,0.0,0.41038258693271,0.5022891409505518,0.0,0.7530785649288432,0.6177051543115852,0.2910575250789275,0.0,0.0,0.005967189982412643,0.0,0.0,0.894671355154325,0.7373643981661349,0.0,0.48027823957443444,1.0,1.0,0.22597357097233847,0.0,0.6990469006587081,0.23447938938547955,0.0,0.9517335701623048,1.0,0.965316584431308,1.0,1.0,0.0,0.0,0.9135213051885851,0.0,0.0,0.20879744098221792,1.0,0.0,0.0,0.0,0.6601873195136336,0.0,0.0,0.0,1.0,0.0,0.0,0.38547648200440265,1.0,0.0,0.0,1.0,1.0,0.0,0.0,0.0,1.0,1.0,1.0,0.0,1.0,0.0,0.3453848962396395,0.0,0.8502382422158434,0.0,0.0,1.0,0.0,0.730527098158047,0.0,0.0,0.0,0.6257945775114401,0.0,0.4912001337698111,0.0
56,additive/amplitude,interaction_g0.50,6,3.238918325990608,3.2318078743655936,3.384231980052844,3.266127848408416,0.7295628531326197,-3.0914348718853133,31.6973034478724,256.24840522231534,1,1,excluded,r_hat_max 1.491 > 1.1; n_eff_min 5.8 < 16.0,1.4908355939540576,1.02063032408272,0.6896551724137931,5.832435318561171,0,63.0,1.4908355939540576,6.621067495785142,1.3838644821101955,5.832435318561171,1.0237837485423285,34.45808977529633,1.7658023514031174,1.4377398233670606,0,1.0,1.0,0.0,0.46996100032395893,1.0,0.8480640329188954,0.0,0.0,0.0,0.25793017741915275,0.0,0.0,1.0,0.0,0.3642437231733475,1.0,1.0,1.0,1.0,0.0,1.0,1.0,0.0,0.5110977053288039,1.0,0.0,0.35185855011806605,0.0,0.37956386969678557,0.6994368930611103,1.0,0.0,0.0,0.0,0.0,0.0,0.0,0.6088417347904905,1.0,0.0,0.5104556394403524,1.0,1.0,0.0,0.0,1.0,0.4100077122159632,0.0,1.0,0.0,0.0,1.0,1.0,0.22907684084751107,0.0,0.7285177544885291,0.0,0.0,0.17729602123450364,1.0,0.0,0.0,0.6211063034945699,0.0,0.0,0.0,0.0,1.0,0.0,0.0,0.4638453349868863,1.0,0.0,0.0,1.0,1.0,0.0,0.0,1.0,1.0,1.0,1.0,0.0,1.0,0.0,1.0,0.0,1.0,0.0,0.0,1.0,0.0,1.0,0.0,0.0,0.06606587185781486,0.636197609021388,0.0,0.6125541433787882,1.0
57,additive/amplitude,interaction_g0.50,6,2.971178836584142,2.965392924971187,3.384231980052844,3.266127848408416,0.7295628531326197,-3.0687554501407606,32.15168428327888,284.9331127591431,1,1,excluded,r_hat_max 1.440 > 1.1; n_eff_min 5.3 < 16.0,1.4396000831466313,1.02995595799226,0.6157635467980296,5.31148875115106,0,63.0,1.4396000831466313,5.31148875115106,1.4076047375622562,7.000527962602543,1.0705789523498461,27.672258847155256,1.7916464913081611,1.4381357574584392,0,1.0,1.0,0.20179576809409536,0.0,0.8997125674297517,1.0,1.0,0.0,0.0,1.0,0.0,0.0,0.41684981520849307,0.0,0.36404866914436823,1.0,1.0,1.0,0.7898143233929973,0.0,0.7174774166831641,1.0,0.0,1.0,1.0,0.0,0.33528082902785344,0.009901809832583031,0.13297123691142862,0.6614394164082117,0.7123213954015181,0.0,0.0,0.0,0.0,0.0,0.0,1.0,1.0,0.0,0.4422950514777066,0.9145330892548358,1.0,1.0,1.0,0.659768246159391,0.25771166331411616,0.0,1.0,0.0,1.0,1.0,1.0,0.0,0.0,0.7538779525947659,0.0,0.003481267341070415,1.0,0.9966623268197851,0.0,0.0,0.0,0.6518325405814851,0.8162702315511481,0.0,0.0,0.8814143359896296,0.0,0.0,0.4738372649665827,1.0,0.0,0.0,1.0,1.0,0.0,0.0,0.0,1.0,0.9693274876680655,0.9693665037139739,0.0,1.0,0.0,1.0,0.0,0.8147614111253997,0.0,0.32190856669233686,1.0,0.0,0.7608675369940621,0.0,0.0,0.0,0.6164572610234995,0.0,0.4432272908891306,0.0
58,additive/amplitude,interaction_g0.50,6,2.281004878,2.2465946456047785,3.384231980052844,3.266127848408416,0.7295628531326197,-3.296015665586698,31.660063544288278,299.766755356919,1,1,excluded,r_hat_max 1.411 > 1.1; n_eff_min 6.9 < 16.0,1.4111235623613652,1.0216472638692935,0.6798029556650246,6.9091701838138535,0,63.0,1.2657889994629663,13.42508122437779,1.4111235623613652,6.9091701838138535,1.046112285347835,47.296019847929955,1.811983255881885,1.4339280071629816,0,1.0,0.632030850987466,1.0,0.41634287518018015,1.0,1.0,1.0,0.0,0.0,1.0,1.0,0.0,0.0,0.0,0.36689984242276763,1.0,1.0,1.0,0.0,0.0,1.0,1.0,0.07220667251842602,1.0,1.0,0.0,0.5883374525069827,0.0,0.11602289795897236,1.0,0.6835672659640393,0.0,0.0,0.0,0.04788194165994952,0.0,0.0,0.7052407487894397,0.5065868839292628,0.0,0.47854787513005076,0.9721519868535209,1.0,1.0,0.5957084431875413,0.0,0.36574881870624765,0.0,1.0,0.0,1.0,1.0,1.0,1.0,0.0,1.0,0.0,0.25402892334855537,1.0,1.0,0.0,1.0,0.5849665777796023,0.9130482623846157,0.0,0.0,0.0,0.0,0.0,0.0,0.0,1.0,0.0,0.0,1.0,1.0,0.0,0.0,1.0,1.0,1.0,1.0,0.0,1.0,0.0,0.35387139781083865,0.0,1.0,0.0,0.024779198281821815,1.0,0.0,0.8139672989423342,0.0,0.0,0.0,0.6249784462082266,0.0,0.46625535719536204,0.0
59,additive/amplitude,interaction_g0.50,6,3.2272640401849846,3.2318078743655936,3.384231980052844,3.266127848408416,0.7295628531326197,-2.726787162842739,32.54456489579752,245.17307852301747,1,1,excluded,r_hat_max 1.452 > 1.1; n_eff_min 5.7 < 16.0,1.4515639792148876,1.027393362532513,0.5862068965517241,5.701377161575097,0,63.0,1.4515639792148876,5.762077961541102,1.3916201418571743,5.701377161575097,1.0433778760440986,29.030816164156263,1.8199327749008363,1.4230125927586983,0,1.0,1.0,0.0,0.0,1.0,0.8374527264464356,0.010214700980712364,0.0,0.0,0.0,1.0,0.0,1.0,0.0,0.2578334818302478,1.0,1.0,1.0,0.7853859468436256,0.0,0.741829519410106,1.0,0.11998079591082712,1.0,0.0,0.0,1.0,0.0,0.0,0.354513842850192,0.6030286536719628,0.6079105100021874,0.0,0.0,0.0,0.0,0.0,0.7919671787008823,0.5377476396131229,0.0,0.5723056650603172,0.9000633976097556,1.0,0.34341139481943667,0.0,0.0,0.33187798913744515,0.0,0.0,0.0,1.0,1.0,1.0,0.0,0.0,0.0,0.0,0.0,0.11216156766114764,0.0,0.0,0.0,0.6213219735744064,0.6659551783144783,0.7364274571702611,1.0,0.0,1.0,0.14944364608344368,0.0,1.0,1.0,0.0,0.0,1.0,1.0,0.0,0.0,0.0,0.8893677990330465,1.0,1.0,0.0,1.0,0.0,1.0,0.0,0.9093798582828094,0.0,0.039392074293362445,1.0,0.0,0.0,0.0,0.0,0.0,0.6023479138699595,0.0,0.582413021681023,0.0
60,additive/amplitude,interaction_g0.50,6,3.29366909580972,3.2318078743655936,3.384231980052844,3.266127848408416,0.7295628531326197,-2.665269085352456,32.19231338519603,310.20445568393916,1,1,excluded,r_hat_max 1.563 > 1.1; n_eff_min 6.3 < 16.0,1.562920005444292,1.020096596194913,0.6699507389162561,6.321350570808153,0,63.0,1.3317262531088994,10.631404734197183,1.562920005444292,6.321350570808153,1.0269060319818348,57.65506544257085,1.8433882959889054,1.4225592964320541,0,1.0,1.0,0.0,0.3963086954826706,0.2829185029817874,1.0,0.0,0.0,0.0,1.0,0.0,0.0,1.0,0.1712428406079298,0.2795888485138082,0.7906735025610343,1.0,1.0,0.7658128138962967,0.0,0.6296526173324186,1.0,0.0,1.0,0.0,0.0,0.36482414362164606,0.0,0.6184776361738624,0.6505579294771842,1.0,1.0,0.40590621395775145,0.21256043795460372,0.0,0.0,0.0,0.7775820560766541,1.0,0.0,0.5704298648021218,1.0,0.6688397234191358,0.0,0.0,0.6937417295137762,0.4891256056245179,0.0,1.0,1.0,1.0,1.0,1.0,0.0,0.0,0.7366484055688145,0.0,0.0,0.19511868452633072,1.0,0.0,0.0,0.0,0.669689077696863,0.0,0.0,0.0,0.935152446753874,0.0,0.0,0.38107602717872996,1.0,0.0,0.0,1.0,1.0,0.0,0.0,0.2372690110182822,0.0,1.0,1.0,0.0,1.0,0.0,1.0,0.0,1.0,0.0,0.0,1.0,0.0,1.0,0.0,0.0,0.0,0.6417399133954725,0.0,0.6073610046593222,1.0
61,additive/amplitude,interaction_g0.50,6,1.950504650889255,1.9765012412562997,3.384231980052844,3.266127848408416,0.7295628531326197,-2.662868816188085,33.07155652856454,306.05576236499473,1,1,excluded,r_hat_max 1.570 > 1.1; n_eff_min 5.4 < 16.0,1.5698156432174613,1.0236653474211608,0.6699507389162561,5.416438822290205,0,63.0,1.5698156432174613,5.416438822290205,1.3648563975671988,8.189533107242298,1.1284650175127873,18.497454611860817,1.867163391067935,1.422819476045844,0,1.0,1.0,0.12326117113103573,0.49347571198355195,0.4265656454146538,1.0,0.0,0.0,0.0,0.8752070148251115,0.0,0.18169980190831322,1.0,0.0,0.27625426467727326,1.0,1.0,1.0,0.7602980340052188,0.46769146548302803,0.6692759754330092,1.0,0.0,0.9461485278595705,0.20974371698413144,0.0,0.8441879476812888,0.0,0.19098692144117355,0.0,1.0,1.0,0.0,0.0,0.0,0.2522774879863611,0.0,0.7924511844753842,1.0,0.026767612655468394,1.0,0.0,0.6626273745538189,1.0,0.0,0.6039092504241991,0.32209575404950774,0.0,0.5370982423568401,1.0,1.0,1.0,1.0,0.0,1.0,0.0,1.0,0.0,1.0,0.9886649986972015,0.0,0.0,0.6309420570794583,0.6214087738266201,1.0,1.0,0.0,1.0,0.0,0.0,0.4617879980052177,1.0,0.0,0.4698866621991721,1.0,1.0,0.0,0.0,1.0,1.0,1.0,0.0,0.0,1.0,0.0,0.3152459103083104,0.0,0.8343364739822458,0.0,0.0,1.0,0.0,0.3190676543281653,0.0,0.0,0.0,1.0,0.0,1.0,1.0
62,additive/amplitude,interaction_g0.50,6,2.0101327289367923,2.0980446649370923,3.384231980052844,3.266127848408416,0.7295628531326197,-2.240273725119694,32.3804900390096,299.4257223913446,1,1,excluded,r_hat_max 1.567 > 1.1; n_eff_min 6.8 < 16.0,1.5667195388228379,1.0292587340449233,0.6551724137931034,6.792804043729196,0,63.0,1.3478807757478874,7.546869828363237,1.5667195388228379,6.792804043729196,1.047980241177028,62.106406108328706,1.868507604936021,1.4113375301204867,0,1.0,1.0,0.0,0.0,0.9069941367882975,0.6622755215137208,0.0,0.0,0.0,0.0,0.4810078925068844,0.0,0.3700990098541332,0.16013699261069972,0.0,1.0,1.0,0.7980387043702275,0.7690917233999792,0.0,0.5464556855167432,1.0,0.14630206730845913,1.0,0.0,0.0,0.31764219465059984,0.30492133720101666,0.4575850470413317,0.5241284230242175,0.5918225989468939,1.0,0.0,0.0,0.0,0.0,0.0,0.4096824852698433,0.6114878371133672,0.0,0.4435871681767516,1.0,0.5589289253690654,0.5012547180297799,0.0,0.7867533126807394,0.0,0.0,1.0,0.0,0.0,1.0,1.0,0.1660405923312398,0.0,0.7629119327104914,0.0,0.0,0.17564998603825996,1.0,0.0,0.0,1.0,0.6416340597745326,0.04728784633915922,0.5549194635761848,0.01760226095637409,1.0,0.0,0.0,0.6612480554395705,1.0,0.0,0.0,1.0,1.0,0.0,0.07671156747900486,0.0,0.0,1.0,1.0,0.0,1.0,0.0,1.0,0.0,0.9673159921563047,0.0,0.0,1.0,0.0,0.7368790519306577,0.0,0.0,0.0,0.5111581115230464,0.0,1.0,0.0
63,additive/amplitude,interaction_g0.50,6,3.258011530670065,3.2340389196189436,3.384231980052844,3.266127848408416,0.7295628531326197,-2.1713830816781705,32.09411081997678,351.10245946096256,1,1,excluded,r_hat_max 1.480 > 1.1; n_eff_min 6.2 < 16.0,1.4799723221189993,1.0306688405728395,0.5862068965517241,6.163888572898954,0,63.0,1.2507316015823633,8.361549204632565,1.4799723221189993,6.163888572898954,1.1002239889497145,50.204467300220394,1.8707556227773032,1.40020352252745,0,1.0,0.7328394030623808,0.0,0.0,1.0,0.9083406182064757,0.0,0.17588659386321703,0.0,1.0,0.0,0.0,0.8983433826613334,0.19271408640917242,0.39324854363508527,0.5459220732238261,1.0,1.0,0.7511863629513474,0.0015870507413665612,0.7674996527595397,1.0,0.0,1.0,0.0,0.0,1.0,0.0026811688570487447,0.7098923154930916,0.3293464129936005,1.0,0.11931711993077841,0.30359868382967153,0.12222150724528386,0.0,0.06028576350186986,0.0,1.0,0.5511006289076985,0.0,0.4981164276042793,1.0,0.6671645395602521,0.32992832350583173,0.0,0.533292765484525,0.48847430301840933,0.0,1.0,0.04659198777461741,1.0,1.0,1.0,0.0,0.0,0.8036941042420965,0.0,0.7154166238751204,0.21400226401054284,0.0,0.0,0.0,0.48731330030616543,0.2771262589858317,0.8379188962128117,0.0,0.41152430459471784,0.866036684597907,0.0,0.0,0.3826009491244786,0.7120083063486763,0.0,0.0,1.0,1.0,0.0,0.0,0.0,0.0,1.0,1.0,0.0,0.0,0.0,1.0,0.0,0.9657441786027844,0.0,4.224404301614047e-05,1.0,0.0,0.7834127568078761,0.0,0.0,0.4024568353374607,0.3406876314590412,0.0,0.8606395420119041,0.0
64,additive/amplitude,interaction_g0.50,6,3.12450239708954,3.233066464274425,3.384231980052844,3.266127848408416,0.7295628531326197,-2.1752395262094137,32.635048357304186,334.4254521629773,1,1,excluded,r_hat_max 1.547 > 1.1; n_eff_min 6.8 < 16.0,1.547415665344202,1.031469514181201,0.625615763546798,6.841576002060313,0,63.0,1.320446341916181,9.52814110959476,1.547415665344202,6.841576002060313,1.0227868062303795,78.4789069736451,1.8924314963381272,1.3998343258764085,0,1.0,0.5197385953814092,0.0,0.2145815784699193,1.0,1.0,0.0,0.3298010037528033,0.0,1.0,0.0,0.0,1.0,0.4089777034101117,0.0,0.6302474538363215,1.0,1.0,0.7673065687469378,0.04545576257926292,1.0,1.0,0.052698141326332104,1.0,0.0,0.0,1.0,0.0014222604358947652,1.0,0.4646336233322552,1.0,1.0,0.0,0.0,0.40196982970594713,0.0,0.0,1.0,1.0,0.0,0.4694885284271117,0.8688980282676269,1.0,0.8472417656108625,0.4528899334079422,0.4789474789456034,0.46268746827896406,0.0,0.19103253157332958,0.0,1.0,1.0,0.37185550795125644,0.7058015811597599,0.0,1.0,0.0,0.0,0.5029276039873668,0.5480795468276879,0.0,0.0,0.0,0.6068535969293414,0.5337662601129575,0.0,0.0,1.0,0.8932028575963116,0.0,0.5113692669199243,0.7756999956155738,0.8590439832422326,0.0,0.8602357551243963,1.0,0.0,0.0,0.0,0.0,1.0,1.0,0.0,1.0,0.0,1.0,0.0,0.8554269764766972,0.0,0.3858786959234253,0.4588100173117049,0.5241351664860898,1.0,0.0,0.0,0.08026890953700669,0.3367998988997557,0.0,0.5990869261148694,0.0
65,additive/amplitude,interaction_g0.50,6,1.3420945563215394,1.4675293976620967,3.384231980052844,3.266127848408416,0.7295628531326197,-1.3789451306547202,37.731770823244005,335.2813350558281,1,1,excluded,r_hat_max 1.532 > 1.1; n_eff_min 5.2 < 16.0,1.5317268020159034,1.025477105753244,0.6157635467980296,5.187870228928281,0,63.0,1.5317268020159034,5.187870228928281,1.3136778429150102,7.1485383619329275,1.0265176789280608,36.06308177880348,1.9113864332727644,1.397277340632762,0,1.0,1.0,0.0,0.0,0.5136074405985418,1.0,0.0,0.0,0.035719304148557375,0.9606149785613365,0.0,0.5580166073359699,1.0,0.17864026207607545,0.3574437647402894,1.0,1.0,0.28345810162266877,1.0,0.3172961599485214,0.7946737685789056,0.3803671741001334,0.0,0.998145498682653,0.0,0.28184541978240185,0.3500924332185238,0.002047956203337064,1.0,0.2633342892963957,1.0,0.5939066893178265,0.0,0.0,0.18693125942869235,0.5303256138605922,0.0,0.9818554005702026,1.0,0.8205773103411188,0.5146165648012054,0.38536861378970516,0.6762574053221232,0.7099634778050896,0.0,0.5829205669499089,0.3401634040202843,0.0,0.28997262360887455,0.0,0.24390816322273612,1.0,1.0,0.23061487756888838,0.0,0.7222223755874355,0.7487180576375358,0.0,0.9474061577057983,0.0,0.6474189551358814,0.0,1.0,0.21199801397538262,0.8733188455651947,0.0,0.0,1.0,0.8659847217053118,0.0,0.4428172857969962,0.6767116981583936,0.0,0.0,1.0,0.9711564567451468,0.08037530066159261,0.0,0.3351592605720571,0.4940013004107641,1.0,0.6671313369193961,0.35599637215019864,0.07827833049626443,0.0,0.878258874570848,0.0,0.41140843377189346,0.8287304781971611,0.0,0.7725527598964521,0.0,0.862470792976792,0.03164851565207585,0.0,0.0,0.5246866376120586,0.0,1.0,1.0
66,additive/amplitude,interaction_g0.50,6,3.4555246199385787,3.2318078743655936,3.4555246199385787,3.266127848408416,0.7295628531326197,-2.175951386797001,36.41884705610573,324.1169167361222,1,1,excluded,r_hat_max 1.699 > 1.1; n_eff_min 4.8 < 16.0,1.699202865697768,1.0285909224511096,0.6157635467980296,4.828621408801516,2,62.796875,1.5000314811678703,4.828621408801516,1.699202865697768,5.021075628149368,1.069478836489054,16.289098517610512,1.9027607987735033,1.3883942140030041,0,0.8030834609126372,0.5722678509626299,0.0,1.0,1.0,1.0,0.0,0.12463086153812003,0.33997339545747385,1.0,0.0,0.0,1.0,0.0,0.0,1.0,0.6945216173719273,1.0,0.7566798918058008,0.0,0.7418891123043324,1.0,0.0,0.40108938453060117,0.0,0.0,0.8713483103888594,0.0,0.5874180229170829,0.43424662063606967,0.8266953502845783,0.0,0.4532459914867023,0.0,0.0,0.0,0.0,1.0,0.6111462140868844,0.0,1.0,0.9035964870522273,1.0,1.0,0.5372716622485618,0.6258394859021094,0.47866379572428164,0.04413126665855017,1.0,0.0,1.0,1.0,1.0,0.0,0.0,0.0,0.2303941419177616,0.0,0.9924954728317185,1.0,0.0,0.5820367567102074,0.35246767523414935,0.0,0.8233662801825837,1.0,0.0,0.843841073964676,0.0,0.0,0.5456447812820437,1.0,0.0,0.02171367758604472,1.0,1.0,0.0,0.0,1.0,0.0,1.0,1.0,0.0,1.0,0.0,0.30759283498966383,0.0,0.9042735883787205,0.0,0.0,1.0,0.0,0.7978846298418222,0.0,0.7587002130371183,0.0,0.03716396512907381,0.0,0.6097231622013005,1.0
67,additive/amplitude,interaction_g0.50,6,-0.34060465988200694,-0.350784351361621,3.4555246199385787,3.266127848408416,0.7295628531326197,-1.695563594559835,40.27116452809423,274.49581755604595,1,1,excluded,r_hat_max 1.366 > 1.1; n_eff_min 8.1 < 16.0,1.3664508353734293,1.0244999248554616,0.6305418719211823,8.0680230658908,0,63.0,1.3370543970058426,8.0680230658908,1.3664508353734293,8.103820223376772,1.18348936613544,17.211186975000178,1.9259363781938779,1.3907972042935683,0,0.8453445190092963,0.5602803882825822,0.061189290369166385,1.0,1.0,0.8070512463459154,0.08236275883245345,0.1286024958098207,0.5694357366895508,1.0,0.008673031675482683,0.0,1.0,0.0,0.26943165679065645,0.6308649318406186,0.8000667654807985,1.0,0.6970532824426353,0.0,0.7507959814594725,1.0,0.0,0.4232578205414759,0.1956505659849692,0.0,1.0,0.0,0.6242998979000772,0.3237940528680177,1.0,0.0,0.0,0.0,0.0,0.0,0.0,1.0,0.5329276998941144,0.0,1.0,0.910302021771486,1.0,1.0,0.5293775534762891,0.6718934213717568,0.42371938423388206,0.0,0.0,0.09424872487736485,1.0,0.9286167369198911,1.0,0.0,0.0,0.20896544775760512,0.0,0.0,0.8319439700632907,1.0,0.0,0.789483985309049,0.24482229351417437,0.0,0.8324165442093742,1.0,0.0,0.903597411089437,0.0,0.0,0.6294411623549682,1.0,0.0,0.7461417094979924,1.0,1.0,0.0,0.0,1.0,0.0,0.5814368444550494,1.0,0.0,1.0,0.0,0.3379699344069349,0.0,1.0,0.0,0.0,1.0,0.0,1.0,0.0,0.7347792956242092,0.4499672366729959,0.04081391047049992,0.0,0.6079533735657113,1.0
68,additive/amplitude,interaction_g0.50,6,3.2869738370274737,3.2318078743655936,3.4555246199385787,3.266127848408416,0.7295628531326197,-0.17944497940885196,36.40689909923822,354.42344615934417,1,1,excluded,r_hat_max 1.465 > 1.1; n_eff_min 6.8 < 16.0,1.4653103961489813,1.0266450626457055,0.6600985221674877,6.771289151495315,0,63.0,1.4653103961489813,6.771289151495315,1.3599241405422988,9.106112532818864,1.007437210706709,104.72692968950255,1.8926048923398204,1.4072338895302092,0,1.0,1.0,0.0,0.8181008279021241,1.0,0.8754930814885256,0.0,0.0,0.0,0.5814143912439889,0.42039964914937467,0.0,0.37024998335245696,0.1562678386851545,0.0,1.0,1.0,1.0,0.7513307032110216,0.0,0.7453888618615616,1.0,0.30722275190399867,1.0,0.0,0.0,1.0,0.0,0.0,0.5906023979950261,0.0,1.0,0.45183056823764406,0.0,0.0,0.0,0.0,1.0,0.5445685986597408,0.0,1.0,0.875257178493813,1.0,0.09876484985542522,0.0,0.0,0.45656931111852045,0.0,1.0,0.014249689535821017,1.0,1.0,1.0,0.0,0.0,0.0,0.0,0.0,1.0,1.0,0.0,0.0,0.7351265738015111,0.8947632793130806,0.11276568266624018,1.0,0.6238475907236706,1.0,0.21380339607546792,0.0,0.6384145355949795,1.0,0.0,0.0,1.0,1.0,0.0,0.0,0.24186427624197887,0.0,1.0,1.0,0.0,0.7941909358794801,0.0,0.2873983814299908,0.0,0.8878396670023854,0.0,0.0,1.0,0.0,0.3401149054654238,0.0,0.0,0.0,0.16154993299839718,0.0,0.7288327212983399,0.42152630898830556
69,additive/amplitude,interaction_g0.50,6,3.252794860714845,3.2318078743655936,3.4555246199385787,3.266127848408416,0.7295628531326197,-0.24275751474336227,40.105271119624376,347.5738101680763,1,1,excluded,r_hat_max 1.427 > 1.1; n_eff_min 5.4 < 16.0,1.4273344149580356,1.0300428645723085,0.6206896551724138,5.435011465232672,0,63.0,1.4273344149580356,5.435011465232672,1.4033743753370125,7.530863867485079,1.0162846544947284,23.96722887503977,1.9128131379150037,1.4069031566082846,0,1.0,1.0,0.0,0.928415646230002,0.7327415039006574,0.9802091934766509,0.0,0.35109962821036084,0.0,1.0,0.021232119631619202,0.0,0.35323046009603987,0.4078003420664377,0.0,0.8142077996552025,0.8849053578755987,1.0,0.7260861727205817,0.0,0.7003406166773456,1.0,0.0,0.9054779611379343,0.0,0.0,0.07995345037722996,0.0,0.0,0.36240895442350285,0.5600701865661033,1.0,0.04570964009491559,0.0,0.0,0.0,0.0,0.8287892968092528,0.5750189943462749,0.0,1.0,1.0,1.0,0.3617608255587882,0.2401219050092967,0.24414473033201822,0.0,0.0,0.9422301906689955,0.8074611390587155,1.0,0.25712082236225436,0.7098185826475993,0.0,0.0,0.0,0.0,0.0,0.18862243337363646,1.0,0.0,0.0,0.680258726204575,0.6479071758793643,0.10877242820288986,0.3191790517514518,0.21806363111911015,1.0,0.0,0.003789037710334185,0.4607661547553558,1.0,0.04402826113848522,0.0,1.0,1.0,0.0,0.0,1.0,0.0,1.0,1.0,0.0,0.9965832510805336,0.0,1.0,0.0,1.0,0.0,0.0,1.0,0.0,0.7000671500866634,0.0,0.4649885538482107,0.0,0.5882241520108676,0.7368292596474978,0.23564958087675678,0.993875417612009
70,additive/amplitude,interaction_g0.50,6,0.9655392633414,1.1456083469921228,3.4555246199385787,3.266127848408416,0.7295628531326197,0.010018679679304032,36.010883572045714,338.7087764511816,1,1,excluded,r_hat_max 1.593 > 1.1; n_eff_min 6.1 < 16.0,1.5930215471590512,1.0317794870326449,0.5862068965517241,6.106244628237725,0,63.0,1.5930215471590512,6.106244628237725,1.3951545968477372,8.342933577174046,1.258108040595478,9.338577364860683,1.9319557339550015,1.4058392421902686,0,0.6821762196454839,0.6862648295590339,0.0,0.11786688034546915,0.7242651663513019,0.9481816687632435,0.4109285734610747,0.49883694034501497,0.0,0.5755201537885041,0.8716423973914027,0.0,0.4161415380130958,0.0,0.2756616594452023,1.0,0.19789398455847998,1.0,0.8636307359135541,0.0,0.3876694655460168,1.0,0.5751693776908328,0.219562217034754,0.0,1.0,0.8845248763373759,0.6610939071269306,0.340002359541979,0.7209296639481165,0.7647819206973802,1.0,0.7904138686660317,0.0,1.0,0.45213562307038074,0.1508885483595546,0.1520052530127163,0.6306240894063514,0.9759612773335323,1.0,1.0,1.0,0.6035879873196578,1.0,0.706933325537004,0.21876360318081609,0.03697641919374735,1.0,0.7357668240886613,0.0,0.7482361296496834,1.0,0.0,0.0,0.0,0.01409042353249383,0.3091479837118348,0.37309574012839286,0.44082849211559144,0.0,0.34070027472355674,0.5985573473825785,0.8795478764050472,0.8654116589552949,0.35444821019722095,1.0,0.7836695867958161,0.3348445332669477,0.930303622124795,0.07015075055138083,1.0,0.0,0.7096640614738541,0.141615552915141,0.030803058889545792,0.0,0.03797052689186886,0.5748260422921975,0.17714306936576427,1.0,0.20052974321680603,0.3756675498096508,0.0,0.0,0.4182451800628727,1.0,1.0,0.0,0.16929855932951574,0.9717905364662854,0.778005042094234,0.6468745941885718,0.0,0.4682162481173781,0.0,0.6295728047855892,0.46084597557432705,0.4772580796810687,0.7676075499708205
71,additive/amplitude,interaction_g0.50,6,2.6154310848244444,2.486847266546141,3.4555246199385787,3.266127848408416,0.7295628531326197,0.08440149308096156,40.51838319096714,305.4426071578637,1,1,excluded,r_hat_max 1.520 > 1.1; n_eff_min 6.8 < 16.0,1.5203753129298943,1.0263743373617598,0.6502463054187192,6.825310369031668,0,63.0,1.329042993251116,7.44387079833917,1.5203753129298943,6.825310369031668,1.0238494477064757,18.507223287887236,1.9183442343688948,1.4005415685864044,0,1.0,0.5232714996839664,0.10809616700395235,0.7896115546174516,1.0,0.5317704077406197,0.34736999428353904,0.0,0.0,0.926624142756629,0.0,0.0,0.0,0.0,0.0,0.8547009872566209,0.7813097684779224,1.0,0.7605708957771239,0.0,1.0,1.0,0.11987093259110895,0.40921339085472397,0.0,0.0,1.0,0.0,0.6041847007311739,0.5048102743991664,1.0,0.36230877074158274,0.3814962068846892,0.27193243622747965,0.0,0.0,0.0,1.0,0.618703926372656,0.0,1.0,0.8737084980459476,1.0,1.0,0.0,0.5571391254645011,0.46896618271817553,0.0,1.0,0.0,1.0,0.898348687563303,1.0,1.0,0.0,0.44292829365274,0.0,0.7451744427306869,1.0,1.0,0.0,0.17043363634105055,0.0,0.5626271142027687,1.0,0.0,0.36307129938517985,0.8147087676081461,0.0,0.0,0.49199877873659525,1.0,0.0,0.05528833542497235,1.0,1.0,0.0,0.2957439783540657,1.0,0.0,0.0,1.0,0.0,1.0,0.0,0.20928929355731432,0.0,1.0,0.0,0.10484633297319224,1.0,0.0,0.9593633054687782,0.0,0.5621692420040443,0.17660611092412257,0.6300425509887021,0.0,0.3675989155254652,0.09571444292560408
72,additive/amplitude,interaction_g0.50,6,3.2208416564200313,3.268905882237633,3.4555246199385787,3.268905882237633,0.7267848193034028,-1.5488646957622711,36.79302765801549,341.85044541209936,1,1,excluded,r_hat_max 1.310 > 1.1; n_eff_min 8.1 < 16.0,1.3100615883468525,1.019970265835239,0.7044334975369458,8.086566124486179,0,63.0,1.3100615883468525,8.086566124486179,1.2288655897387237,10.606513911631714,1.0361961771542054,49.348160244530135,1.928025996180777,1.3931721682472065,0,1.0,0.5931038604543806,0.09642616834626866,1.0,1.0,1.0,0.0,1.0,0.3496318121701605,1.0,0.0,0.0,1.0,0.0,0.5767483496290621,1.0,0.6425238849956781,1.0,0.7455522218549722,0.0,0.8767458577744932,1.0,0.0,0.49197008357354466,0.0,0.0,0.796840787840064,0.0,0.38091377078137106,1.0,0.2806496588086476,0.0031786969783976268,0.26788240185738593,0.0,0.0,0.07027054113713026,0.0,1.0,1.0,0.0,0.49184479453161845,0.6451188940395733,1.0,1.0,1.0,0.13576003463918052,0.48320735965921185,0.04601411236189772,1.0,0.29347746914436706,1.0,1.0,1.0,0.0,0.0,0.0,0.0,0.2588981310231021,0.1921986371812475,0.9893180279463872,0.0,1.0,0.42846681599567144,0.4105748441188949,0.0011474379151233717,0.35121983532474804,0.40392642268136836,0.8631262278427984,0.0,0.0,0.5680536365156255,0.9690599728230809,0.0,0.0,1.0,1.0,0.0,0.0,1.0,1.0,1.0,1.0,0.0,1.0,0.05065385440565847,0.3107287796049336,0.0,0.8534530459906242,0.0,0.0,1.0,0.0,0.5740971625829475,0.0,0.0,0.0,0.5182094008329272,0.0,0.5890831061602049,1.0
73,additive/amplitude,interaction_g0.50,6,3.3451620555870494,3.2318078743655936,3.4555246199385787,3.268905882237633,0.7267848193034028,-1.0410097312801256,43.21203678799793,342.3859605882317,1,1,excluded,r_hat_max 1.656 > 1.1; n_eff_min 5.8 < 16.0,1.6557079081800434,1.0283322163520192,0.6108374384236454,5.76058554217997,0,63.0,1.6557079081800434,5.854543548521299,1.5182654886710312,5.76058554217997,1.0611530392665844,31.91738983005073,1.945735799745698,1.3917336312574486,0,1.0,1.0,0.0,0.0,1.0,1.0,0.0,0.0,0.0,1.0,0.0,0.0,1.0,1.0,0.0,1.0,1.0,1.0,1.0,0.0,0.7210007198634024,1.0,0.0,0.17843154797448543,0.13783357258506923,0.0,0.0,0.0,0.013122959882132164,0.5028076150323998,0.0,1.0,0.4759317458847223,0.0,0.0,0.06937594835768078,0.0,0.7194533893604945,0.45122550531613875,0.0,1.0,0.8681606732929067,1.0,0.337684725379192,0.2863662280058502,0.3010716888789852,0.0,0.5934320418919611,0.6484507240449204,0.05595887894612635,1.0,0.7067958483334191,0.0,0.0,0.0,0.0,0.0,1.0,0.1556305296179752,1.0,0.0,0.0,0.7056475668536949,1.0,0.6467847996913993,0.0,0.627168559489657,0.9165830859460931,0.0,0.0036718174205661877,0.42882119282481385,0.8500910748877526,0.9881316363664451,0.019938574395599522,1.0,1.0,0.0,0.43598657140362224,1.0,0.0,1.0,1.0,0.0,1.0,0.0,1.0,0.0,0.9229978567890305,0.0,0.0,1.0,1.0,1.0,0.0,0.0,0.06952090466972057,0.413375074978014,0.17181693562933678,1.0,0.0
74,additive/amplitude,interaction_g0.50,6,3.213821504279365,3.2471894056733244,3.4555246199385787,3.268905882237633,0.7267848193034028,-0.4716776193726129,37.39483215101063,312.64909058623016,1,1,excluded,r_hat_max 1.657 > 1.1; n_eff_min 3.9 < 16.0,1.6570629652093962,1.0192888945562004,0.6600985221674877,3.8808405467744533,0,63.0,1.6570629652093962,3.8808405467744533,1.6203980051000553,4.1384712674732,1.6460104748801543,4.351178534083329,1.964646965365176,1.3917093883066962,0,0.959372667531362,0.4127001630609193,0.11950912985471496,0.3793991431596195,1.0,1.0,0.0,0.14930835303483436,0.0,1.0,0.02198467066315066,0.0,0.0,0.9419487393764053,0.17283187146228832,1.0,1.0,1.0,0.7800577774799896,0.0,1.0,1.0,0.5969363544834618,0.0,0.0,0.0,0.0,0.0,0.0,0.8985636158693819,0.0,0.9115775287172313,0.46427030467513775,0.0,0.0,0.0,0.0,0.7337741704767669,0.5835842063890295,0.06751324945350803,0.3138271660027354,1.0,0.7721036818234827,0.0,0.0,0.49602858801113897,0.0,0.0,1.0,0.32719952159163196,1.0,1.0,0.0,1.0,0.0,0.0,0.0,1.0,0.0,0.31163912638569247,0.0,0.0,0.6272206912283765,0.0363596280387,0.6514019424717803,0.934224663563886,0.5094418600872306,0.7757520637470658,0.09603479492099518,0.0,0.19747216927401892,1.0,0.21779705481529443,0.027764867673458787,1.0,1.0,0.0,0.0,1.0,1.0,1.0,1.0,0.0,1.0,1.0,0.29765416975848796,0.0,1.0,0.0,0.32306207649965746,1.0,0.8235134229293192,1.0,0.0,0.0,0.0,0.6142422301720082,0.4507146706017105,0.6501212946606975,0.45819681610352714
75,additive/amplitude,interaction_g0.50,6,3.3530630968705792,3.2318078743655936,3.4555246199385787,3.268905882237633,0.7267848193034028,-0.3193355218627274,41.23694476298988,332.75988871464506,1,1,excluded,r_hat_max 1.315 > 1.1; n_eff_min 8.5 < 16.0,1.3153278362421057,1.0149849817565546,0.7438423645320197,8.536410324116483,0,63.0,1.2628805241535723,9.42321739048008,1.3153278362421057,8.536410324116483,1.0205246577773985,41.40064724461793,1.9813026258840318,1.389805275534173,1,1.0,0.5176298290500032,0.0,1.0,0.4502154070926744,1.0,0.0,0.0,0.0,1.0,1.0,0.0,0.5931971873116428,0.0,0.0,1.0,1.0,1.0,0.7968723571100627,0.0,0.733862806945807,1.0,0.0007020915954520767,1.0,0.0922683680005614,0.0,0.9695449985178664,0.0,0.007372442383894198,0.6488016268337733,0.16413223295912605,1.0,0.4339571794912662,0.0,0.0,0.09333598224875586,0.0,0.8465647091155185,0.6407822189612571,0.0,1.0,0.8523084122711421,0.6574999981193889,0.9474186564780296,0.0,0.42686124747868937,0.173374719478941,0.44116614490256767,1.0,0.0,1.0,1.0,0.8255117553457942,0.0,0.0,0.0,0.0,0.0,1.0,1.0,0.0,0.005085348231431746,0.7254856020815659,0.6844264499691592,0.3676463396807173,0.0,0.4139102881668244,1.0,0.0904999411541108,0.0,0.3313173761424608,1.0,0.2731219981762371,0.38504368763241936,1.0,1.0,0.0,0.0,1.0,0.0,1.0,1.0,0.3153292225963253,0.42712566240336153,0.0,0.2677093493100485,0.0,1.0,0.0,0.0,1.0,0.5808642558904901,0.8315755624507238,0.0,0.016451621179700275,0.0,0.5844220773462631,0.0,0.9893257532739987,1.0
76,additive/amplitude,interaction_g0.50,6,3.2272603238753725,3.2318078743655936,3.4555246199385787,3.268905882237633,0.7267848193034028,-1.0642178979986645,37.14592112088576,320.60009528603405,1,1,excluded,r_hat_max 1.419 > 1.1; n_eff_min 6.2 < 16.0,1.4192282365138527,1.0306452340494927,0.645320197044335,6.195277704985891,0,63.0,1.4192282365138527,6.195277704985891,1.368870750853166,6.906265316458653,1.0258755966391453,25.115093177891108,1.9993521057654338,1.3894521355907954,0,0.9601995002455661,1.0,0.0,0.4694074285264367,1.0,1.0,0.0,0.0,0.0,1.0,0.0,0.0,1.0,0.0,0.0,0.7621011820404829,1.0,1.0,0.7557570453084828,0.0,0.5428108980538351,1.0,0.0,0.0,0.47933047333078604,0.0,1.0,0.0,0.3167771973417621,0.0,0.7867790330511417,0.0,0.0,0.0,0.0,0.0,0.0,1.0,0.7508740822539796,0.0,0.41180709096921425,0.9162838744933459,1.0,1.0,0.4479104700197491,0.0,0.46151919296922994,0.9065782541167534,1.0,0.0,1.0,1.0,0.0,0.0,0.0,0.0,0.0,0.0,0.8998304053266812,1.0,0.0,0.5799653489419679,0.5773697588832586,0.0,0.0,1.0,0.0,0.8510489689441203,0.12340193214854686,0.0,0.536547561681767,1.0,0.42878483327662187,0.0,0.7325591577804538,1.0,0.0,0.0,1.0,0.0,1.0,1.0,0.0,1.0,0.0,1.0,0.0,0.8627613718665122,0.0,0.0,1.0,0.0,1.0,0.0,0.0,0.0,0.05276060609835733,0.0,0.72678361924215,0.0
77,additive/amplitude,interaction_g0.50,6,3.2342757343085315,3.2318078743655936,3.4555246199385787,3.268905882237633,0.7267848193034028,-0.5570463952956328,41.581508319824934,343.5266541321762,1,1,excluded,r_hat_max 1.462 > 1.1; n_eff_min 6.0 < 16.0,1.4624708086533524,1.0274126657191016,0.6157635467980296,5.955588846598179,0,63.0,1.2274561799464077,10.195398950435894,1.4624708086533524,5.955588846598179,1.016799883072444,26.458836346596886,2.0152989657408877,1.3873830702156604,0,1.0,0.7245185720248428,0.0,0.0,0.14103613410945257,1.0,0.0,0.0,1.0,1.0,0.0,0.0,1.0,1.0,0.0,1.0,0.0,0.051434531999335203,0.7712693836414716,0.0,0.11879164673842038,1.0,0.05922745471065303,0.33096804582473943,0.0,0.014647939639365578,1.0,0.0,0.0,1.0,0.10470408801679902,1.0,0.3837114911953197,0.0,0.0,0.0,0.0,0.7521094245588461,0.690733291717501,0.11700398725311241,0.43726051789411763,0.9335926394975294,0.78466722932738,0.49434505815169044,0.0,0.3919526454271661,0.40132363361109674,0.5294518244977743,0.35161455444652867,0.0,0.13098530654134538,1.0,0.9167231655617312,0.0,0.0,0.0,0.34628694129552423,0.0,0.16037674790582102,1.0,0.1389725839846595,0.0,0.7356757502725807,1.0,0.8088406357532821,0.0,0.024187685618879667,0.9039092892362609,0.0,0.0,0.24806959477284715,0.8662091223428513,0.0,0.013835141678316419,1.0,0.27717577650714953,0.3569125399842939,0.0,1.0,0.0,1.0,1.0,0.0,1.0,0.0,0.27279557619975536,0.0,1.0,0.0,0.0,1.0,0.7408271865949759,1.0,0.0,0.0,0.0,0.15999072704888323,0.0,1.0,0.9611798345570806
78,additive/amplitude,interaction_g0.50,6,3.3881974725858233,3.27984657111483,3.4555246199385787,3.27984657111483,0.7158441304262055,-1.129336930066963,38.2036108719185,318.45293207187206,1,1,excluded,r_hat_max 1.617 > 1.1; n_eff_min 3.9 < 16.0,1.6172041349357154,1.039001521343662,0.5615763546798029,3.920925753315861,0,63.0,1.6172041349357154,3.920925753315861,1.5065330815102052,5.960009294994806,1.2843749870507866,6.383874239496539,2.0309268730302166,1.3852654176741175,0,1.0,1.0,0.061319242836866766,1.0,0.9819049937258202,1.0,0.0,0.46064975050205503,0.0,1.0,0.0,0.0,0.31103059977603253,1.0,0.0,0.7872931472058676,0.8440694297407043,1.0,0.7467549769956434,0.0,0.20287339149191205,1.0,0.0,0.0,0.0,0.0,1.0,0.0,0.0,0.43248978044677144,0.5812733120939525,1.0,0.4219310767632235,0.0,0.0,0.0,0.0,0.24722241060786618,0.6166272228513785,0.0,1.0,1.0,1.0,0.35608595428054485,0.2612935706415798,0.0,0.0,0.0,0.342990054869753,1.0,1.0,0.45543261801151125,0.0,0.0,0.0,0.0,0.0,0.6234800190505243,0.0,1.0,0.0,0.0,0.961261248063019,1.0,0.556972004864784,0.011975029496638779,0.16167117257479918,1.0,0.0,0.0,0.5691738713769621,1.0,0.3163500963976989,0.39713319311808426,1.0,1.0,0.0,0.0,1.0,0.0,1.0,1.0,0.0,1.0,0.0,1.0,0.0,1.0,0.0,0.0,0.9553559790110612,0.4041656527956783,1.0,0.0,1.0,0.0,0.746611862469508,1.0,0.0,0.0
79,additive/amplitude,interaction_g0.50,6,2.5581219067156344,2.6321916677854036,3.4555246199385787,3.27984657111483,0.7158441304262055,0.15078740677310654,43.16255611740053,329.818866847083,1,1,excluded,r_hat_max 1.493 > 1.1; n_eff_min 7.1 < 16.0,1.4928626184959461,1.0345512129120074,0.6059113300492611,7.105462586782585,0,63.0,1.2928030104324753,8.311798063613999,1.4928626184959461,7.105462586782585,1.0887179179656756,53.73392261659448,2.048107513530921,1.3848080173100308,0,0.8334392125559905,1.0,0.0,1.0,1.0,1.0,0.0,0.0,1.0,1.0,0.0,0.0,1.0,0.0,0.0,1.0,1.0,1.0,1.0,0.0,0.545100484830224,0.5672057209913804,0.0,0.38367380222124714,0.07749744411320449,0.0,0.7516857953474062,0.0,0.6175565784558993,0.8110117467611013,0.0,0.0,1.0,0.0,0.0,0.13028082494554055,0.07784983168304951,0.8248285358887673,0.28657360974955903,0.06691076985724079,1.0,1.0,1.0,1.0,1.0,0.5739080467204378,0.44298535954132934,0.0,1.0,0.0,1.0,1.0,0.19923275556894526,0.0,0.0,0.0,0.0,0.0,1.0,0.0,0.0,0.0,0.4447477559210935,0.43789631792863604,0.639906305795631,1.0,0.0,0.926000498637211,0.0,1.0,0.33744777966732326,1.0,0.03681619832449061,0.017471246608215953,1.0,1.0,0.0,0.0,0.628411774154572,0.0,1.0,1.0,0.0,0.6320472594577745,0.0,0.3270592428421855,0.0,1.0,0.0,0.0,0.5364657684611581,0.0,1.0,0.0,0.5980069041288408,0.0,0.4077771405453287,0.2531498968708315,0.6536308203319424,0.6602809680164365
80,additive/amplitude,interaction_g0.50,6,2.4356591258939146,2.4127034788284214,3.4555246199385787,3.27984657111483,0.7158441304262055,-1.772422885020037,36.79573007207364,342.1698571727611,1,1,excluded,r_hat_max 1.778 > 1.1; n_eff_min 5.0 < 16.0,1.778267226947077,1.0397625622806792,0.5467980295566502,4.951712143641591,0,63.0,1.4760646503498187,4.951712143641591,1.778267226947077,5.171274180865978,1.0167507855492295,11.033702770496813,2.054482693445729,1.3772918608061295,0,1.0,0.5542126713478546,0.0,0.19199008353892139,1.0,1.0,0.0,0.4681447370908892,0.0,1.0,1.0,0.10783522842388085,0.4143737501493623,0.0,0.0,0.8426139125729516,1.0,1.0,0.7293130716179504,0.0,0.9685612983928111,1.0,0.0,0.0,0.0,0.0,0.9251745821831036,0.0,0.0,0.41087926539066066,0.634014839421962,1.0,0.3717156463477811,0.21062720144206643,0.0,0.0,0.0,1.0,0.7242289661020478,0.0,0.33145066031403053,0.9140230805319522,1.0,0.0,0.0,0.3958924598005637,0.0,0.5445379961765824,1.0,0.1392717175535061,1.0,1.0,0.6289223336849047,0.0,0.0,0.0,0.0,0.0,1.0,1.0,0.0,0.0,0.0,1.0,0.5775392019204437,0.0,0.772279154020106,0.826826927182325,0.0,0.0,0.4446243049535566,0.7995421487452679,1.0,0.3900940342875893,0.8890908922668853,1.0,0.0,0.0,1.0,0.0,1.0,1.0,0.0,0.8452044680144231,0.6729718255626657,0.3051808125357818,0.0,0.9121602649135594,0.0,0.0393792141584956,1.0,1.0,0.6222207278405966,0.0,0.0,0.09523295811132475,0.6302981320840176,0.0,0.6381494057262602,0.32280404269213214
81,additive/amplitude,interaction_g0.50,6,3.3584819846076748,3.2318078743655936,3.4555246199385787,3.27984657111483,0.7158441304262055,-0.7917805230933856,43.37668996863067,348.8239399846643,1,1,excluded,r_hat_max 2.270 > 1.1; n_eff_min 3.1 < 16.0,2.2696811443548426,1.0336073752131092,0.5862068965517241,3.140901951339748,0,63.0,2.2696811443548426,3.140901951339748,2.262013377581747,3.763156165740504,2.133158912547935,3.4531917244236667,2.0591885753278056,1.3694106657488863,0,1.0,0.5949610437616851,0.0,1.0,0.9805641013531297,1.0,0.0,0.0,0.0,1.0,0.0,0.0,0.36670134858024206,0.9243287240297642,0.6672261627688932,0.9334669159557334,1.0,1.0,0.8830757467695644,0.0,0.24397069299069246,1.0,0.0,0.4900432386441948,0.0,0.0,1.0,0.0,0.03247293662930385,0.6756525693993378,0.0,0.9957904958313615,0.39738932491379153,0.0,0.0,0.0,0.0,0.646683700275408,0.36087976647850245,0.0,1.0,1.0,1.0,0.3487360536238773,0.6256377309264025,0.0,0.07563629739524852,0.0,1.0,1.0,1.0,0.31310339803613324,0.0,0.0,0.0,0.0,0.0,1.0,0.0,1.0,0.0,0.0,0.6756494446016897,1.0,0.5015160720742815,0.5060249826062722,0.06957861378438167,0.9510499693856445,0.07951854773115724,0.0,0.2692500530610354,1.0,0.0,0.0373656918199435,1.0,1.0,0.0,0.2062492033843687,1.0,0.0,1.0,1.0,0.0,1.0,0.0,1.0,0.0,1.0,0.0,0.0,0.9709673703082378,0.34405562868377454,1.0,0.0,0.7706763546299846,0.0,0.4666433521539539,0.5191946640657427,0.5294767449891581,0.0
82,additive/amplitude,interaction_g0.50,6,3.3502391766141923,3.1230367117716162,3.4555246199385787,3.27984657111483,0.7158441304262055,-1.4175223541710453,40.514270410872996,310.19754369789734,1,1,excluded,r_hat_max 1.397 > 1.1; n_eff_min 6.4 < 16.0,1.3967568274455633,1.0195534945695675,0.6502463054187192,6.374769710021767,0,63.0,1.3967568274455633,8.576161614677298,1.347667627070557,6.374769710021767,1.1474278586062443,9.702727197250699,2.0750336169043893,1.3684854869442589,0,1.0,0.6032237180296942,0.0,0.9994247061632405,0.1146149790179523,1.0,0.0,1.0,0.0,1.0,1.0,0.015587609144340615,1.0,1.0,1.0,1.0,1.0,1.0,0.7555537119877612,0.0,0.24895413327952093,1.0,0.0,1.0,0.0,0.0,1.0,0.0,0.0,0.4257865692604122,0.8181149497421263,0.9135250322828866,0.3180449810905086,0.0,0.0,0.0,0.0,0.5295385106020266,1.0,0.0,1.0,0.8314302119131195,0.6785138441980735,1.0,0.2776056976032839,0.0,0.0,0.6713331038280134,1.0,0.0,0.6912668792002072,1.0,1.0,0.0,0.0,0.0,0.2428042773672699,0.594816124594423,0.10400171156254322,1.0,0.0,0.007347620234385209,1.0,0.0,0.818872204952837,0.011345135146000843,0.5807904539724728,0.8669998335378364,1.0,0.0,0.438930213576277,1.0,0.34215508382121346,0.3952144384290054,1.0,1.0,0.0,0.0,1.0,0.0,1.0,1.0,0.0,0.0,0.0,1.0,0.0,0.8702845980901298,0.0,0.0,1.0,0.36616292600142025,0.38668333598998267,0.0,0.0,0.0,0.5071899323187432,0.0,1.0,1.0
83,additive/amplitude,interaction_g0.50,6,3.114444125094195,3.2318078743655936,3.4555246199385787,3.27984657111483,0.7158441304262055,-1.11156742735204,43.282712216023356,344.1718453182839,1,1,excluded,r_hat_max 1.453 > 1.1; n_eff_min 7.6 < 16.0,1.4533392443558484,1.0271868055989068,0.6502463054187192,7.562660953908547,0,63.0,1.3317890249075572,7.562660953908547,1.4533392443558484,8.265878807457764,1.1315151487864026,19.705257953619192,2.090397539310531,1.3673131878494489,0,1.0,1.0,0.0,0.0,0.3529475713093549,0.8992952628137995,0.0,0.0,0.0,1.0,0.0021706332031066447,0.0,0.42412291203876645,1.0,0.9722637662302875,1.0,1.0,1.0,0.7950072218011005,0.0,1.0,1.0,0.0,1.0,0.0,0.0,0.0,0.0,0.0,0.6550131449849438,0.6094488275975419,0.9270497969935484,0.33655078382953385,0.0,0.0,0.0,0.0,0.588144204860228,0.7508594744993522,0.0,1.0,0.8618604495573001,1.0,0.3411438085982439,0.2920507367665873,0.0,0.0,0.43551021721076777,0.8224394938227035,0.0,0.8271311324387363,1.0,0.0,0.0,0.13664444960277294,0.0,0.0,1.0,0.0,1.0,0.0,0.0,1.0,0.7025595840664507,0.7316287009626858,0.05014372519901101,0.3207591057649198,1.0,0.23567892736180818,0.0,0.8586673592155136,1.0,0.40317796107811027,0.0007045633686305267,1.0,1.0,0.0,0.0,1.0,0.0,1.0,1.0,0.0,1.0,0.0,1.0,0.017867393317754603,1.0,0.0,0.0,1.0,0.4363652972740631,1.0,0.0,0.0,0.0,0.07588012876069844,0.0,0.6187046749626083,0.07475678000053121
84,additive/amplitude,interaction_g0.50,6,3.1760436528702507,3.2318078743655936,3.4555246199385787,3.27984657111483,0.7158441304262055,-1.7267079733984771,39.738023650832474,220.919110967312,1,1,excluded,r_hat_max 1.517 > 1.1; n_eff_min 5.9 < 16.0,1.5166736653500346,1.0310168568919615,0.5960591133004927,5.870341945738783,0,63.0,1.5166736653500346,6.007874928081209,1.376935264269042,7.090372906387134,1.4561423845671007,5.870341945738783,2.1025885700936704,1.3636804697510938,0,1.0,0.4915118388497686,0.0,1.0,0.9058785429711057,1.0,0.0028164430221569244,0.0,0.0,1.0,0.0,0.0,0.5925500678486376,1.0,1.0,1.0,0.676627976465788,1.0,0.7582351945485687,1.0,0.4651485394072119,1.0,0.0,0.49651971821666746,0.1867598100279608,0.0,1.0,0.0,0.3377210752617299,0.46611229460540304,0.0,0.9279382695211442,0.19777437432056733,0.0,0.0,0.0,0.0,0.6372281911045462,1.0,0.0,1.0,0.7297321844333828,0.15746692843694482,1.0,0.24434380273793616,0.09638058395341065,0.0,0.4900737398153521,0.348120366902403,0.0,1.0,0.500860300068035,1.0,1.0,0.0,0.0,0.0,0.6233513485491302,0.15890198714502346,1.0,0.0,0.5007823545009019,1.0,1.0,0.7830555882578002,0.0,0.3126839479615743,0.6155688229523137,0.0,0.0,0.4530216476182272,1.0,0.2735982092511976,1.0,1.0,1.0,0.0,0.0,1.0,0.0,1.0,1.0,0.8310991419035236,0.0,0.0,1.0,0.0,1.0,0.0,0.0,1.0,0.0,1.0,0.6475512699560458,0.0,0.0,0.6820888610484057,0.0,0.8654413771582542,0.05147105892950641
85,additive/amplitude,interaction_g0.50,6,3.658264981093886,3.6700036183598908,3.658264981093886,3.6700036183598908,0.3256870831811449,-0.454178914689646,43.41897875536233,345.8006500643678,1,1,excluded,r_hat_max 1.530 > 1.1; n_eff_min 5.9 < 16.0,1.5295191488889273,1.0204789108313832,0.6551724137931034,5.88343660242664,0,63.0,1.5295191488889273,5.88343660242664,1.3882482893998989,7.271993710533726,1.0884918110620347,20.691051364079446,2.1152174534204535,1.3605673594086933,0,1.0,0.5818606932128387,0.0,1.0,0.0,0.034772182558269915,0.9911103577677083,0.9302966045705722,0.0,1.0,0.006298228327034337,1.0,1.0,1.0,0.0,1.0,0.8278193985163737,0.0,0.9844972683274864,0.0,0.1205607616833907,1.0,0.0,0.0,0.0,0.0,1.0,0.0,0.0,0.4451910224968426,0.5124120112525267,0.0,0.46613566953103397,0.2133963111401327,0.0,0.0,0.5389411948449884,1.0,0.0,0.0,1.0,0.8617867685810987,0.5892175320568815,0.8742020536781021,0.0,1.0,1.0,0.6173271225327598,0.5130779345076205,1.0,1.0,0.30595275354714235,0.0,0.1318650833294897,0.0,0.8190901254106523,0.0,0.19279560107994703,0.17668029594896917,1.0,0.0,0.0,0.4058811498875928,0.49836003600340045,0.7520051907413412,0.0,0.6813031418135692,1.0,1.0,0.0,0.0,1.0,0.0,1.0,1.0,1.0,0.7320980085262624,1.0,1.0,1.0,0.9446635622442485,1.0,1.0,1.0,0.0898434637973667,0.27348292761891047,0.0,0.8876309204902498,0.0,0.2640826547099178,0.32836697504597734,1.0,0.8125086708225427,0.38888159332813016,0.9298987900491916,0.0,0.6910766736650649,0.0,0.0,0.0
86,additive/amplitude,interaction_g0.50,6,3.2701765378902246,3.2318078743655936,3.658264981093886,3.6700036183598908,0.3256870831811449,-1.0752562769128318,38.7246343488805,232.35972456401214,1,1,excluded,r_hat_max 1.693 > 1.1; n_eff_min 6.0 < 16.0,1.6932125658239023,1.0284307095886351,0.6305418719211823,5.98941944650859,0,63.0,1.6932125658239023,6.0218433063759305,1.4759581560283657,5.98941944650859,1.0015041576511134,60.83840525581323,2.133159866532935,1.3627115177527431,0,1.0,0.5016065975681112,0.0,1.0,0.6956719352732538,0.44382198738933337,0.0,0.05554488502673028,0.0,1.0,0.0,0.0,1.0,1.0,0.0,0.7623655768391016,0.7346971104992815,0.0,0.8120879497319652,0.0,0.5321791408477337,1.0,0.07592349155970939,0.8721321793339861,0.0,0.0,0.0,0.0,0.0,0.34491981730112803,0.5095226529398944,1.0,0.05030066932104134,0.0,0.37332696000314053,1.0,0.0,1.0,0.4061606900981467,0.0,0.9959351952421522,1.0,0.4137938565111342,1.0,0.17529907195389555,0.0,0.0,1.0,0.34610171052576555,1.0,0.3877193161967278,0.0,0.0,1.0,0.0,0.05662529772402628,0.0,0.08070573701919022,0.1964232319353415,1.0,0.0,0.5881769967833945,1.0,0.032748203584393905,0.16646205508171819,1.0,0.08523411019201294,1.0,0.987080431932946,0.0,0.5132957732066775,1.0,0.0,0.0,1.0,1.0,0.5558553756592093,1.0,0.0,0.0,1.0,1.0,0.0,1.0,0.0,1.0,0.0,0.0,0.0,0.31053541236431165,1.0,0.0,0.0,0.0,0.7933390887624775,0.0,0.16301545450709085,0.29243317151648784,0.4548451934062339,1.0
87,additive/amplitude,interaction_g0.50,6,3.9011785570614603,3.942455536572489,3.9011785570614603,3.942455536572489,0.053235164968546744,-0.12973091266639214,41.57283244887367,358.9565321956761,1,1,excluded,r_hat_max 1.383 > 1.1; n_eff_min 8.3 < 16.0,1.38264689588963,1.030535954775602,0.625615763546798,8.319449766982293,0,63.0,1.38264689588963,9.091535685566223,1.2926991412567796,8.319449766982293,1.0815463875785933,18.325897755023515,2.146229023674973,1.360267289464037,0,1.0,1.0,0.0,1.0,0.0,0.0,0.7945800963353566,1.0,0.0020667314843084766,1.0,0.0,1.0,1.0,1.0,0.0,1.0,0.8407177573064479,0.0,0.9098243391977259,0.0,0.10746696644278157,1.0,0.0,0.0,0.00020207570646347322,0.0,1.0,0.0,0.09078218472704604,0.22187355068951378,0.0,0.0,0.4583201705189411,0.0,0.0,0.11760855310804462,0.14095352140835146,1.0,0.20544005948170443,0.17670238012803616,0.7232958093553447,1.0,0.6799920702083134,1.0,0.0,1.0,0.6287410973299092,0.6136457009902611,0.29699659028391573,1.0,1.0,0.4094401101369429,0.0,0.0,0.0,0.8261672306816923,0.31675185924961996,0.22376234410068094,0.15760831695801222,1.0,0.4488701734961549,0.0,0.726564922153273,0.23872349254790684,0.8022376308160801,0.0,0.5086955019963948,1.0,1.0,0.0,0.0,1.0,0.0,1.0,1.0,0.4914134629378844,0.5391017584475248,0.0,1.0,1.0,1.0,1.0,1.0,1.0,0.0,0.45743349814014284,0.0,0.9451827680882755,0.0,0.2863272185545477,0.38437959768343766,0.7715841700652071,0.7981663898293498,0.41592649067612103,0.8396478603057997,0.0,0.38046561545361623,0.1478495396268817,0.0,0.0
88,additive/amplitude,interaction_g0.50,6,3.9067606573735323,3.942455536572489,3.9067606573735323,3.942455536572489,0.053235164968546744,-0.7123448897901232,38.53734080120921,292.82814973732457,1,1,excluded,r_hat_max 1.403 > 1.1; n_eff_min 7.0 < 16.0,1.4026477588645316,1.0311277919670536,0.6206896551724138,7.00213571033199,0,63.0,1.2980654223875583,10.656153112521245,1.4026477588645316,7.00213571033199,1.1147944942680317,37.192884546226175,2.166171632008911,1.3652476764471884,0,1.0,1.0,0.0,1.0,0.0,0.07107087724381896,0.8169595956554485,1.0,0.0,1.0,0.0,1.0,1.0,1.0,0.0,1.0,0.7041407199436285,0.0,0.7704988655697768,0.0,0.19563240757425235,1.0,0.0,0.4751844597637987,0.0,0.0,1.0,0.0,0.0,0.19079159270718427,0.11510721687400988,0.0,0.4505185507353766,0.0,0.0,0.4306848079792405,0.0,1.0,0.0,0.0,0.5460720024013407,1.0,0.6504995209086841,1.0,0.0,1.0,0.7030086214834823,0.0,0.07389103674871529,1.0,1.0,0.4637093532156219,0.0,0.0,0.0,0.7912754740769721,0.48213240382029365,0.6403006465428235,0.16696016875255332,1.0,0.0,0.0,0.7174126912343998,0.0,1.0,0.0,0.08239722430333904,1.0,1.0,0.0,0.19719595968907153,1.0,0.07290054881058071,0.03139471455000236,1.0,0.5714877903145797,0.26599177896246917,0.3013769258053559,1.0,1.0,1.0,0.9145915616849665,1.0,1.0,0.0,1.0,0.0,0.836171581415791,0.0,0.26707687281754094,0.4632864564310178,0.27775221421042245,0.8301780200149896,0.0,0.0,0.0,0.20595578360819924,1.0,0.0,0.0
89,additive/amplitude,interaction_g0.50,6,4.099317028710215,3.942455536572489,4.099317028710215,3.942455536572489,0.053235164968546744,-0.43319481934968884,43.57309013418853,333.8623656989075,1,1,excluded,r_hat_max 1.406 > 1.1; n_eff_min 5.9 < 16.0,1.4064760396012765,1.0272079602769772,0.6206896551724138,5.882086199275147,0,63.0,1.4064760396012765,5.882086199275147,1.3759336779860512,8.115118225699854,1.0650391805928825,31.088498424470995,2.185728812069187,1.369896725091869,0,1.0,1.0,0.0,1.0,0.03703378566179909,0.05738235729100601,0.0,1.0,0.6121637140586891,1.0,0.0,1.0,1.0,1.0,0.5331210632986646,0.07166563255562049,0.17604941402817217,0.0,0.7669613608471146,0.008929666151865537,0.0,1.0,0.3511612020915789,0.0,0.0,0.8729621112388729,1.0,0.0,0.3768313704326168,0.0,0.0,0.0,0.151731666418745,0.0,0.7420803522759162,0.850921341309242,0.0,0.20837738666291308,0.0,0.7970189394052534,0.7897888198930205,0.7366969937623856,0.7364875511566071,1.0,0.7294639531512928,0.26961799880247755,0.4501187674018138,0.7111963862464105,0.3413541553102305,0.5326566745441866,0.7958452586658882,1.0,0.0,1.0,0.0,0.7986932737726511,1.0,0.8693545339227627,0.0,0.49074567504455957,0.0,0.0,0.9121088241709736,0.0,0.8095425499253506,0.0,0.0,1.0,1.0,0.0,0.17501321063736155,1.0,0.0,0.0,1.0,1.0,0.7613412923253005,0.0,1.0,1.0,1.0,1.0,0.6407327508635909,1.0,0.0,0.3349148449563011,0.6070047585758545,0.8892840551973789,0.0,0.433031211922966,0.547259771178469,1.0,0.7260723808485736,0.0,0.0,0.0,0.0,1.0,1.0,1.0
90,additive/amplitude,interaction_g0.50,6,2.650017821828346,2.6109401862232398,4.099317028710215,3.942455536572489,0.053235164968546744,-1.343353527199529,38.87043287791312,337.01138235721737,1,1,excluded,r_hat_max 1.427 > 1.1; n_eff_min 6.3 < 16.0,1.427076842797369,1.026047915058289,0.6009852216748769,6.283531893352986,0,63.0,1.427076842797369,6.343809829753942,1.4255826146675432,6.283531893352986,1.1191391150188827,48.60342840115182,2.2069909033651984,1.376953357176848,0,1.0,1.0,0.0,1.0,0.0,0.0,0.0,1.0,0.0,1.0,0.0,1.0,1.0,1.0,0.1898391439514558,1.0,1.0,0.0,0.8025884588915443,0.0,0.17061167542622965,0.6556494192709934,0.0,0.3199146838781914,0.0,0.0,1.0,0.0,0.24591885513082648,0.16504351588499996,0.0,0.0,0.4617148549134108,0.0,0.6818490911623004,0.6891830227788667,0.0,0.0,0.0,1.0,0.9435527223288172,0.8057416886920648,0.6431402526457787,1.0,0.0,0.8690194263738746,0.4849871836575994,0.0,0.3771164738179423,1.0,1.0,1.0,0.0,0.0,0.0,0.8295280479745775,1.0,0.3735724942526592,0.13051771834893977,0.0,0.0,0.0075673744235489355,0.7423146093767096,0.0,1.0,0.0,0.0,1.0,1.0,0.0,0.14697659031964785,1.0,0.0,0.02201033435770846,1.0,1.0,1.0,0.0,0.5572862375253078,1.0,1.0,1.0,1.0,1.0,0.0,0.7376498131601694,0.0,0.8855438204473661,0.0,0.7205104374362145,0.0,0.7503521542356202,1.0,0.0,0.0,0.0,0.3436173786665746,1.0,0.0,0.0
91,additive/amplitude,interaction_g0.50,6,3.8550474228710168,3.942455536572489,4.099317028710215,3.942455536572489,0.053235164968546744,-1.7063731239742432,41.42174344602972,307.8521998068318,1,1,excluded,r_hat_max 1.683 > 1.1; n_eff_min 5.3 < 16.0,1.6830115328136868,1.0213952885075548,0.6305418719211823,5.288772455372593,0,63.0,1.294020330423201,7.026107371618249,1.6830115328136868,5.288772455372593,1.1062937459137103,16.98283816454018,2.2118593310406176,1.3701454375021551,0,1.0,1.0,0.0,1.0,0.03166317166925014,0.0,0.0,1.0,0.0,1.0,0.0,1.0,1.0,1.0,0.0,0.0,1.0,0.0,0.9159526315201577,0.0,0.04698551588638558,1.0,0.16300739308658957,0.0,0.0,1.0,1.0,0.0,0.0,0.2558090506063886,0.0,0.0,1.0,0.0,0.7449556944956576,1.0,0.1597365749615242,0.19315089533738022,0.0,1.0,1.0,1.0,0.6611506077299926,1.0,0.8075581917674429,0.0,0.6668013519150252,0.9096733410926848,0.33306384630808666,1.0,1.0,1.0,0.0,1.0,0.0,0.8149772363566751,1.0,0.20162416590454157,1.0,0.06830263373998512,0.0,2.558960738359796e-06,0.8121223439163535,0.026551976354474423,0.8902943932631899,0.0,0.0,1.0,1.0,0.0,0.0,1.0,0.0,1.0,1.0,1.0,0.7336987217675818,0.4343508041199807,0.2407381842108429,1.0,1.0,1.0,1.0,1.0,0.0,0.29492337587670564,1.0,0.8601124651541974,0.0,0.42736406397300886,0.0,0.642911537642642,1.0,0.0,0.05889856474386817,0.0,0.5101912316576827,1.0,1.0,1.0
92,additive/amplitude,interaction_g0.50,6,0.6917678350481381,0.5566844871402803,4.099317028710215,3.942455536572489,0.053235164968546744,-0.6195561855736118,38.67708337586373,353.9770992640406,1,1,excluded,r_hat_max 1.654 > 1.1; n_eff_min 4.4 < 16.0,1.6544913765052502,1.032131258634703,0.6059113300492611,4.355151194142769,0,63.0,1.6477716626850498,4.355151194142769,1.6544913765052502,5.15180596799601,1.1651039636686316,15.066782794572442,2.229720071169209,1.373288990222363,0,0.8184930472321225,0.9759816908061384,0.0,1.0,0.0,0.0,0.8535408870733908,1.0,1.0,1.0,0.0,1.0,1.0,1.0,0.0,1.0,0.08260428057920907,0.09183041082660294,1.0,0.0,0.0,1.0,0.0,0.0,0.12255248235012767,0.8882805670316726,1.0,0.0,0.0026550438122705613,0.6716902092603245,0.0,0.0,1.0,0.6177619601001791,0.0,0.0,0.6473666829997654,0.2931799748132656,0.0,0.7601758660306751,1.0,0.20437990079836854,0.7385738766384315,1.0,0.0,0.9975560471066895,1.0,1.0,0.3438179749862392,0.19900083212332964,1.0,0.3961879116094473,0.0,0.0,0.0,0.8210835767583,0.0,0.1651650330755433,0.0,1.0,0.0,0.0,0.44418967027167844,0.0,0.912368985757703,0.0,0.0,1.0,1.0,0.0,0.0,1.0,0.0,0.0,1.0,1.0,0.7219478713116093,0.9179633805602282,1.0,1.0,0.6085437743928177,1.0,0.9539147051468315,1.0,0.0,0.0,0.0,0.9277432971501244,0.0,0.0,0.8058577013707656,1.0,0.06449914949138853,0.8764950250625388,1.0,0.0,0.5348326806542526,1.0,0.0,0.0
93,additive/amplitude,interaction_g0.50,6,1.0877640371336716,1.0545474693391812,4.099317028710215,3.942455536572489,0.053235164968546744,-0.5294157756696376,42.45375593891367,347.38781636208296,1,1,excluded,r_hat_max 1.442 > 1.1; n_eff_min 6.4 < 16.0,1.4417070938409888,1.0350304293694839,0.5862068965517241,6.439744052411664,0,63.0,1.2746078911063266,6.526552720615896,1.4417070938409888,6.439744052411664,1.1494813612451356,21.51915724354503,2.213182950350703,1.3750649941234099,0,1.0,1.0,0.0,1.0,0.07377897066940117,0.052373340163904,0.05642346910012522,1.0,1.0,1.0,0.0,1.0,1.0,1.0,0.38294125911347093,0.0,0.2589880939269762,0.0,0.7626142556158007,0.0,0.0,1.0,0.0,0.0,0.0473838289038264,0.9539929310124015,1.0,0.0,0.4290985314501086,0.0,0.0,0.0,1.0,0.5102456069249666,0.6650775554017266,0.5541804512460552,0.0,0.4743519588093631,0.0,0.0,1.0,0.0,0.5122996817698207,1.0,1.0,0.27540190118123203,1.0,0.7163997595559026,0.34417912436329273,0.0,1.0,1.0,0.0,1.0,0.0,1.0,0.0,0.4193678678492986,0.0,0.4971036847388647,0.0,0.0,0.9511800582683911,0.0,0.6784176572966762,0.0,0.0,1.0,1.0,0.0,0.2624124579842328,1.0,0.0,0.02624013759792209,1.0,1.0,0.747938428187114,0.0,1.0,1.0,0.655660680378123,1.0,0.5413787739195591,1.0,0.0,0.0,0.6063653039832705,0.8985141309700877,0.0,0.3063127548491802,0.9811111074786248,1.0,0.653217130967961,0.0,0.8217657095265054,0.0,0.5726912909967606,1.0,1.0,1.0
94,additive/amplitude,interaction_g0.50,6,0.4912491051179159,0.4986029236029932,4.099317028710215,3.942455536572489,0.053235164968546744,-0.8855799760336804,39.13600931176916,359.0002954923548,1,1,excluded,r_hat_max 1.359 > 1.1; n_eff_min 8.2 < 16.0,1.358911951712577,1.0242495202517161,0.6305418719211823,8.174519774028035,0,63.0,1.2948939368514674,9.112242642718092,1.358911951712577,8.174519774028035,1.005863773876553,17.9429713771269,2.2012104087207343,1.3725959302418616,0,0.3327339551731837,0.5544947461587382,0.007742345899928736,1.0,0.0,0.10394086265459936,0.2817102709593144,1.0,0.9240941746802257,1.0,0.0,1.0,1.0,1.0,0.3711438389862333,0.0,0.0,0.0,1.0,0.0,0.0,1.0,0.0,0.0,0.002454212075099576,1.0,1.0,0.0,0.17783645053336417,0.4848555394506216,0.020229476774370512,0.0,0.6015324767115388,1.0,0.0,0.20036838382897013,0.556031073093673,0.35580353882640664,0.0,0.0,0.6939454705524645,0.0,0.869793015502582,1.0,0.0,1.0,1.0,1.0,0.5414114216803054,1.0,1.0,1.0,0.0,0.0,0.0,1.0,0.0,0.22574274175830386,0.0,1.0,0.0,0.0,0.0,0.030139025085949237,0.8182782974790532,0.0,0.08270371749417718,0.9192590110956159,1.0,1.0,0.0012559736883233086,1.0,0.0,0.4868733762043287,1.0,1.0,0.6043653862740903,0.934663990355913,1.0,1.0,0.6018417736413565,1.0,0.0,1.0,0.0,0.31848101462113876,0.0,0.8693257532503658,0.0,0.0,0.9967900544172433,1.0,0.05585859510602682,0.6275134916390505,1.0,0.0,0.3329424742205359,0.4763274051403285,1.0,0.00010712503998420524
95,additive/amplitude,interaction_g0.50,6,-1.8160847162244802,-1.7455754574501334,4.099317028710215,3.942455536572489,0.053235164968546744,-0.48615017844149877,42.04415820306167,356.595198339317,1,1,excluded,r_hat_max 1.449 > 1.1; n_eff_min 6.0 < 16.0,1.449271928317403,1.0188896929859244,0.6600985221674877,5.999208442506424,0,63.0,1.3890821809674685,5.999208442506424,1.449271928317403,6.194045817433391,1.0066747836743242,52.89789743571833,2.183210816051231,1.3764601062841813,0,0.7697418380585963,1.0,0.0,1.0,0.0,0.1739029621815331,0.9116502253623578,0.13347390683742433,0.6990980616369229,1.0,1.0,1.0,0.1458959094123732,1.0,0.44498968795953725,0.0,0.49200868477604537,0.5999707648004622,0.8086463941692457,0.0,0.0,0.2602043312253194,0.2893353096240463,0.0,1.0,0.933196638452397,0.35906166357595865,0.0,0.0057857743520935805,0.8956801349975635,0.0,0.0,1.0,0.2675792032992652,0.2778524997173628,0.5455723684343581,1.0,0.7981299692050119,0.0,0.0,1.0,0.6454852489528334,0.675450298846325,0.8252061915229041,0.7192934527243912,0.28014164716336604,0.5643243148192384,1.0,0.37307529134258316,0.32624295201945014,0.9743843759205286,0.6658713361816002,0.0,0.5214094152275678,0.0,0.9937498787611989,0.5976626672211148,0.7508613298463804,1.0,0.9609149601859074,0.0,0.0,0.05099497875393248,0.0,0.6442341529721491,1.0,0.5792287097003028,0.9322747681045165,1.0,0.3907096050570704,0.5706857005943086,1.0,0.5843434164461523,0.0,0.5345480594038315,1.0,0.3763582048027243,0.7593150390707628,0.13998546938320774,1.0,0.20040241209967424,1.0,0.0,0.39385253371554946,0.0,1.0,0.0,0.880198594031015,0.0,0.0,0.5359657520872038,1.0,0.03483540418728061,0.0,1.0,0.56971381145002,0.906968102962342,1.0,0.2282852725022252,1.0
96,additive/amplitude,interaction_g0.50,6,3.0584471524216132,3.083803822914189,4.099317028710215,3.942455536572489,0.053235164968546744,-0.41029106437748686,35.07976648490876,341.57016187813133,1,1,excluded,r_hat_max 1.704 > 1.1; n_eff_min 3.6 < 16.0,1.70442987764871,1.0254295097362915,0.6354679802955665,3.6238205662670473,0,63.0,1.70442987764871,3.6238205662670473,1.5975705029722849,4.194577212029764,1.440397910797872,5.482496931675609,2.1415514875900263,1.4282083293942776,0,1.0,0.9980472639694349,0.08568924106250647,1.0,0.10479587541772374,1.0,0.14180762808091413,1.0,0.6125509046628184,1.0,0.0,0.7973549781224453,1.0,1.0,0.0,0.32571562857268693,1.0,0.0,1.0,0.0,0.24824727066139868,1.0,0.6595074336434334,0.3171971506005189,0.0,0.0,1.0,0.0,0.0,0.5923230723337781,0.05519051955501542,0.0,0.2027314162278862,0.0,0.7727347865187059,0.8690395408857677,0.0,1.0,0.22776974269566183,0.06772702209551938,0.5544801914239461,1.0,0.722993776660606,1.0,0.02206196452959045,1.0,0.43767994874079524,0.0,0.06822506412656189,1.0,1.0,0.2907182708587578,0.0,0.0,0.0,0.3631573876344299,0.31890968122654595,0.4289598442173889,0.17985050781756304,0.0,0.4382565816281397,0.0,0.8070675748344791,0.4545048732726793,0.5184503794260049,0.0,0.0,0.9223141994747494,1.0,0.0,0.0,1.0,0.04504472107368056,0.6469579356128913,1.0,0.2716827004818569,0.26643043030653435,0.31367780462801015,1.0,0.7527217071351484,1.0,1.0,1.0,1.0,0.0,0.6519782964512707,0.0,0.7318631781039329,0.14582600800535012,0.433319227278074,0.34622780448619056,0.045621973094279476,1.0,0.0,0.0375672236144034,0.0,0.0,0.0,1.0,0.0
97,additive/amplitude,interaction_g0.50,6,2.861411988322957,2.898541416312657,4.099317028710215,3.942455536572489,0.053235164968546744,0.8207069624064744,42.766900232061744,359.82799786981195,1,1,excluded,r_hat_max 1.598 > 1.1; n_eff_min 5.3 < 16.0,1.5978029662332458,1.0184230945190313,0.6600985221674877,5.279222241019561,0,63.0,1.3680246977211803,7.618935308690805,1.5978029662332458,5.279222241019561,1.006429328967668,35.3008955316113,2.151004020217156,1.4238426943133955,0,0.31221317093507706,0.992041769958923,0.0,1.0,0.046828139433251904,0.0356683115117655,1.0,1.0,1.0,0.8491620844406337,1.0,1.0,1.0,0.0,0.0,0.0,0.03440319895426733,0.5752109728513306,1.0,0.018097638143874682,0.0,1.0,0.16745999978848247,0.0,0.0,0.8739316875910651,1.0,0.0,0.0,0.4903187413636707,0.7802862956046839,0.027034017345902335,0.8166628652504797,0.0626310916326839,0.1097521440544638,0.0,0.9972566199636631,0.3031989391546433,0.0,0.7529972930579609,0.7929244983642417,0.5338988538249959,0.7565283170906003,1.0,1.0,0.13454458239790945,1.0,0.9909941418298606,0.024229220360088694,0.0,0.928581244557726,0.3936209436054374,1.0,0.0022662942845823844,0.0,0.7105210550790437,0.0,0.8386157298802015,0.0,1.0,0.0,0.0,0.5348487478261345,0.0,0.8528338963123995,0.9956171161960523,0.6694324760426683,1.0,1.0,0.07074654606655606,0.0,1.0,0.0,0.0,0.6824723194596971,1.0,0.0,0.8621637524543896,1.0,0.9038998415618246,0.09227726554998739,0.9641494541311957,0.2866760231240321,0.05590928339797402,0.0,1.0,0.8221357915151839,1.0,0.0,0.08577656150719268,0.5399261829141799,0.5073773100813808,0.4045377649330965,0.9122822676269012,1.0,0.3047572060811372,0.496736313299526,1.0,0.21431988104885283,1.0
98,additive/amplitude,interaction_g0.50,6,3.911595149193332,3.942455536572489,4.099317028710215,3.942455536572489,0.053235164968546744,1.0998116694931386,40.3495210907422,342.57477832911536,1,1,excluded,r_hat_max 1.460 > 1.1; n_eff_min 5.8 < 16.0,1.459708518053027,1.0300310096581489,0.6354679802955665,5.824438555322875,0,63.0,1.459708518053027,5.824438555322875,1.4389207476500172,7.091106572038992,1.0873821227586555,36.82382040417407,2.158253081116195,1.4183575851301777,0,0.19295655617753968,1.0,0.0,1.0,0.05522369300790838,0.0,0.2948032114557642,0.9075503069652884,0.2893242565009861,1.0,0.06597707199715878,1.0,1.0,0.0,0.0,0.08934399227271951,0.8502740163040763,1.0,1.0,0.0,0.0,1.0,0.0,0.0,1.0,1.0,1.0,0.0,0.4291455650730877,0.26054789147010293,0.42331988666114667,0.173184917116399,1.0,0.6971777492721164,0.8017529284129608,0.0,0.8931751110733438,0.936971771146981,0.0,1.0,1.0,1.0,0.47793999534929327,1.0,0.9447982539405302,0.4894841028572582,1.0,0.6455089277280937,0.2472540680301318,0.9914364576144863,1.0,0.7291647001225469,1.0,1.0,0.0,0.7718106802139548,1.0,0.6964987353044112,0.946307963245093,0.29700059131241513,0.0,0.0,0.18827064803024657,0.22534624574092843,1.0,0.0,1.0,1.0,0.5181967299942538,0.0,0.08609994058331598,1.0,0.0,0.0,0.0,1.0,0.2960193291136702,1.0,1.0,1.0,1.0,1.0,0.7254201105153162,1.0,1.0,0.0,0.8823688361144358,0.7471443694869571,1.0,0.9000909624613183,0.6503071234679045,0.14310848225730985,0.722735842303428,0.48895683215140584,0.8011094603570893,0.0,0.535918590677416,1.0,0.260957141089608,0.0
99,additive/amplitude,interaction_g0.50,6,0.3778655934548805,0.352548573474994,4.099317028710215,3.942455536572489,0.053235164968546744,-0.18375316887532822,42.94068444194272,341.3942100633867,1,1,excluded,r_hat_max 1.836 > 1.1; n_eff_min 4.2 < 16.0,1.8355748125869775,1.0400152715201312,0.5615763546798029,4.236118810741276,0,63.0,1.8355748125869775,4.236118810741276,1.506752596026282,6.0642497946317775,1.1198856343975858,26.186272081160723,2.175963607056368,1.422025526659134,0,1.0,0.9337497375275425,0.9999998142063338,1.0,1.0,0.0,1.0,1.0,0.0,0.0,0.0,0.32141306897667254,0.0,0.0,0.006203067401643447,0.8138712908368068,0.15995172091455437,1.0,0.9999970420167474,1.0,1.0,1.0,0.1726780847511996,0.0,0.0,1.0,0.7904990359574937,0.0,8.803332392319018e-07,0.0,0.0,0.5951302510539626,0.194431496775254,0.0,0.0,0.39918711010207664,0.26712892037055114,0.39371416121231223,0.7839856400866786,0.18148213592475418,1.0,1.0,0.9316576165898351,1.0,1.0,0.0,0.4527210982992842,1.0,1.0,0.49498344788117965,0.87877647205952,1.0,0.8994833286201366,1.0,0.9999992911961703,1.0,0.3969994027183519,1.0,0.1953734923237508,0.7949458088279823,0.39163713049736726,0.0,0.18752397420438516,0.0,0.0,0.0,1.0,1.0,0.03568560741815095,0.6009194854582998,0.0,1.0,0.0,0.0,1.0,1.0,0.0,0.4085232073992965,1.0,1.0,0.9446124804312224,0.0,0.8736313947287436,1.0,0.4499006373060783,0.0,1.0,0.8132400718237255,0.0,0.2830270310983671,0.015398012259552257,1.0,0.0,0.01426483171677885,0.6404294015366891,0.9951798918825221,0.5149884084057501,1.0,0.0,0.0
100,additive/amplitude,interaction_g0.50,6,0.5347856494924206,0.4580461203825582,4.099317028710215,3.942455536572489,0.053235164968546744,1.1357882752928234,38.799954203888774,295.8061381839216,1,1,excluded,r_hat_max 1.324 > 1.1; n_eff_min 7.1 < 16.0,1.3243963755387038,1.0204445199366832,0.6403940886699507,7.130189904754899,0,63.0,1.2888908551446947,7.177566172972725,1.3243963755387038,7.130189904754899,1.0991657753004525,20.516005505849765,2.1579826269203535,1.4261638340331069,1,0.0884761248028056,0.4862408258204095,0.0,1.0,0.710452089710318,1.0,0.2179369371999543,1.0,0.27551032764973127,1.0,0.8847077087864954,1.0,0.11167281413704308,1.0,0.5342982672690197,0.37633703785084005,0.44152166325650993,1.0,1.0,0.0,0.0,0.017457739919338442,0.35289140363927357,1.0,0.26608817504842736,0.5467054002954116,0.9333992678696784,0.0,0.0,0.17150960581332422,0.6870757340706868,0.0,1.0,0.6297676052301789,0.0,0.0,0.0,0.2097406763182351,0.18407378421235798,0.41244796561613745,1.0,0.32845819743022525,0.7077951604753521,0.10249366100663089,0.0,0.0,0.9900870895222526,0.6968719594411749,1.0,0.5011677604830558,0.6351730046840314,0.024106503161040935,0.34703034256074894,0.8702513923979728,0.4712638493709504,0.9004782765457147,0.9005065341327543,0.5488911127116195,1.0,0.3930604920952684,0.176959185950476,0.0,0.4885798757533687,0.09918941360559837,0.9964531473352493,0.0,0.6087303538007715,0.49569773729857824,0.0,0.4292414061797207,0.33259839389055995,1.0,0.02567291577693173,0.029374598103535064,0.5922238612568044,1.0,0.7390032002910304,0.5363231841847638,0.33620203449288,0.9904047130481849,1.0,1.0,0.6018974107689262,1.0,0.0,0.09335723403389293,0.4147859579310018,0.9937190537499768,0.23928577737144907,0.8870557755929446,0.7432554522191668,0.7261325717806402,0.2308606196769372,0.04307934279129583,0.8698758132530726,0.7790488136616027,0.3697328726337983,0.36769334048681435,0.3279488136240827,0.770895979277841
101,additive/amplitude,interaction_g0.50,6,-0.502821634458462,-0.5074748632437793,4.099317028710215,3.942455536572489,0.053235164968546744,0.8930316623053223,42.788421960081905,349.365285302978,1,1,excluded,r_hat_max 1.565 > 1.1; n_eff_min 5.8 < 16.0,1.5653910714449932,1.027857243678477,0.6502463054187192,5.750369627326665,0,63.0,1.4841386988992207,5.750369627326665,1.5653910714449932,7.0839038431891606,1.0504426772392625,44.11022522443014,2.1419113697180965,1.4281574703155113,0,0.5977311479643098,1.0,0.0,0.7932291827756489,0.038882742083586504,0.0,0.0,0.24893504902806785,0.9866324998054558,0.5225452342889209,0.0,0.455478749826923,1.0,0.8629093008256291,0.4315546727378354,1.0,1.0,1.0,1.0,0.5002603705286599,0.04787484464435662,1.0,0.0,1.0,0.1106537216504482,0.10205035555423494,0.28151309031083854,0.0,0.5802037459483042,0.40108898806383714,0.10273939447560727,1.0,0.5679220407362964,0.1908040618033074,0.2239248726586923,0.8857641797720729,0.5110184454941344,0.8142724481785798,0.0,0.66279801961868,0.8413551718835643,0.3091968498484732,0.6450820091171969,1.0,1.0,0.4387287018949105,0.7220066077625505,0.0,0.49940852420348897,0.5870814588109277,0.4782290459088001,0.1896642189477629,1.0,0.959475987119716,0.5019124205365445,0.2578056515834154,0.1098998842859443,0.8062990388192983,1.0,0.3477016064601691,0.0,0.2096298343551009,1.0,0.1513855988250797,1.0,1.0,0.4854780967371144,0.7106138042396255,0.4389330725691649,0.0,0.3406025551745913,1.0,0.0,0.14511170423130765,0.0,0.8046062839812483,0.611053570731984,0.7693426543244165,0.7788573265406572,0.6207982793515964,0.2856456159388151,0.18642171959852571,0.28544194257127914,0.510805775423337,0.031963182601468375,1.0,0.6342052102819635,1.0,0.0,1.0,0.40934068185889066,0.261288767419821,0.8064363338412567,0.3547026792509464,1.0,0.0,1.0,0.9225791974887718,0.7404559769946681,1.0
102,additive/amplitude,interaction_g0.50,6,4.0560046374897585,3.942455536572489,4.099317028710215,3.942455536572489,0.053235164968546744,-0.627691890239717,39.98821940692142,326.69459723494947,1,1,excluded,r_hat_max 1.362 > 1.1; n_eff_min 7.1 < 16.0,1.3623545328161213,1.0288342302672204,0.625615763546798,7.124920758239531,0,63.0,1.3003556427925658,10.039354203288612,1.3623545328161213,7.124920758239531,1.019697755298622,130.38305286374543,2.1159826147751892,1.4448320609080778,0,1.0,1.0,0.0,0.30003702771408025,0.0,0.0,0.572900224667491,1.0,0.0,1.0,0.0,1.0,0.9920796800115098,0.9445096731013691,0.0,0.0,0.762455269592255,0.14046905309578508,0.823360558727297,0.0,0.0,1.0,0.8699884683040168,0.03973837388430947,0.0,1.0,1.0,0.0,0.4682137626450236,0.3854488325661992,0.2753407742846315,0.0,0.40644397096870727,0.3223133223378378,0.7885396905517482,1.0,0.0,1.0,0.0,1.0,1.0,0.7941073080683491,0.5842530061772714,1.0,0.8579462689414015,0.0,0.6646178326801644,0.7526875616432963,0.24552739454332115,0.0,0.794759951414555,0.28143776254165176,0.0,1.0,0.0,0.7063111182491748,0.22641742171754864,0.2177724418213743,0.05043270167736852,0.7086142175766303,0.4627110221818949,0.0,1.0,0.42799354520660005,1.0,0.0,1.0,1.0,1.0,0.0,0.21119357032017322,0.9003868992669732,0.4700044976620641,1.0,1.0,0.0,0.6756588917364619,1.0,0.18702951608682158,0.9041800574838407,1.0,1.0,0.7691279379897558,1.0,0.0,0.49293755058659977,0.5935085218520542,0.1109728452171751,0.21671668358992055,0.5045198106016735,0.565942142864803,0.0,0.9663923632855018,0.6612844167839117,0.0,0.0,0.0,1.0,0.27247279143928327,0.8847921360167139
103,additive/amplitude,interaction_g0.50,6,3.9742268371468854,3.942455536572489,4.099317028710215,3.942455536572489,0.053235164968546744,0.7728044969370029,43.30666094413027,367.792933951132,1,1,excluded,r_hat_max 1.471 > 1.1; n_eff_min 5.4 < 16.0,1.4708618936071076,1.0262955482295182,0.625615763546798,5.421319117109012,0,63.0,1.4708618936071076,5.421319117109012,1.3386568111268813,7.070266161518981,1.206218956542051,14.36192514540552,2.134817780044263,1.4503303694764216,0,0.5761525684143414,1.0,0.0,1.0,0.0,0.0,0.11121297219083062,1.0,0.0012123272083637254,1.0,0.0,1.0,1.0,0.6233008397146864,0.0,0.31255786268804064,0.21131223669437876,0.669714235051591,0.6779385062638427,0.0,0.0,1.0,0.6743494046595141,0.0,0.0,0.14006948259275429,1.0,0.0,0.36676095753673327,0.8710839988875652,0.8539250705502417,0.0,0.46823253755403155,0.2851565268526816,0.0,0.8765188923129968,0.7802006032515685,0.7561385792564754,0.6261302553668389,0.4038624100088767,0.605142447996735,0.821876143202027,0.7375703318434687,1.0,0.7316040115378638,1.0,0.2284114716668096,0.8818770836714155,0.31320284103531726,0.1677590589975905,0.7346984262731925,0.46746216025952037,0.3909929267029297,0.18281237123208632,0.0,0.7979805657968438,0.12989212838555841,0.10362472752333554,0.04413700282113322,0.7986456502267406,0.489837841305598,0.0,0.898587884425891,0.061752817736082426,0.580975954786075,0.2881304617776519,0.6958029299563233,0.9863367793530439,1.0,0.12797677453887432,0.2985752270831321,1.0,0.0,1.0,0.7013764188782826,0.13143322040589978,0.15640718971128637,0.004975675629184197,1.0,0.6892362088492628,1.0,1.0,0.30482591811465015,0.28891766021126947,0.0,0.16193673508268794,0.6071076858735153,0.4219739390826044,0.0,0.25414292688330936,0.9823859258136168,0.730057625369535,0.19921716316697927,0.5763103309971035,1.0,0.0,0.4816748988081627,0.7982881254686068,0.0,0.0
104,additive/amplitude,interaction_g0.50,6,2.0433013153158814,2.1653436431280557,4.099317028710215,3.942455536572489,0.053235164968546744,0.387751870210693,39.55992136662826,358.85167507315055,1,1,excluded,r_hat_max 1.516 > 1.1; n_eff_min 5.4 < 16.0,1.516170360898084,1.0169049370648062,0.6945812807881774,5.416660347871168,0,63.0,1.516170360898084,5.416660347871168,1.2803798041432437,7.683232585533679,1.0502088258723608,35.37846411397134,2.1525044055933256,1.4544596053853605,0,1.0,0.7970767289528009,0.0,0.5384540304398807,0.2371801379513288,0.14157613535743682,0.6130227652512223,0.6510905726201596,0.0,0.8955330079014272,0.6474839123354124,1.0,1.0,0.00011913730271315875,0.6753011403956524,0.0,0.26236989801025296,0.024684475969321107,0.8806555855472457,0.0,0.0,1.0,0.5453110602783452,0.0,0.0,0.7145950756293428,0.10093473738504119,0.8214515697113012,0.2511758919835725,0.34648297432455677,0.8752844281124338,0.9935638286359968,0.4252045976785368,0.3071297562316695,0.5116328529791782,1.0,0.1303591282479726,0.6957857499504104,0.9509131669628519,0.8607622141237973,0.8147103481487945,0.8132564125531969,1.0,0.3721817571941028,0.926825313936077,0.5863829810220091,0.33650606534384436,0.5096717728773799,0.25623498626332086,0.04308164845372087,0.5671298939224438,0.6786187271348036,0.20046547523559638,1.0,0.8341020380096378,0.725199722874732,0.03340246389586493,0.25691474960736665,1.0,0.7221351689314325,0.012578928163961195,0.6277713004115482,0.330219400437563,0.17849711804960822,0.988653760404906,0.9587806829131347,0.7227349012493066,1.0,0.8808191836459777,0.41393566535687293,0.2979961505661508,1.0,0.48684019738513495,0.6996339514920062,1.0,0.027283680250795344,0.8190758556594954,0.0,0.6030425676644103,0.22636667564676474,0.030522306361536376,0.2901695766542971,0.0,0.2005702131423636,0.0,0.3179848122321968,0.9343132217200782,0.5782246074740944,0.05994637368113922,0.2265601938684869,0.525519563574798,0.8049311888511825,0.7952694570079418,0.0,0.5829134670715236,0.06556978025882923,0.9233177379291123,0.8311173725589199,0.10734195472099267,0.422438716797337
105,additive/amplitude,interaction_g0.50,6,3.7829938307453284,3.942455536572489,4.099317028710215,3.942455536572489,0.053235164968546744,0.4736898524783073,43.33478251704946,351.12011729972437,1,1,excluded,r_hat_max 1.739 > 1.1; n_eff_min 4.0 < 16.0,1.7393532377234382,1.0284135090058593,0.625615763546798,4.024209535150183,0,63.0,1.7393532377234382,4.024209535150183,1.3189187597873282,7.621303063381476,1.0082188573572,104.002002036678,2.151464376162112,1.447555894422316,0,1.0,0.40457815331164704,0.0,0.9417995000700746,0.1659940221174089,0.0,0.8096709821110981,1.0,0.0,0.2687020240915933,0.0,1.0,0.9434242284611003,0.5247968816078616,0.8419054694258505,1.0,0.09844857814933691,0.5631158500363338,0.9424097467328136,0.3004769392968279,0.0,1.0,1.0,0.16415183340603642,0.0,1.0,1.0,0.0,0.6383875660194331,0.2077873963443245,0.6781531575359745,0.332568208366074,1.0,0.7549543988425147,0.0,0.9252749943655812,0.33493817999550274,1.0,0.0,0.0,1.0,1.0,0.5047577949080536,1.0,1.0,0.0,1.0,0.7584490046232403,1.0,0.2267265286159847,1.0,0.5016666331762367,0.06810261003447562,1.0,0.0,0.8117747660339314,0.8034530202602912,1.0,0.35276309216953194,0.8600210149309409,0.9550845464602254,0.010941347082817866,1.0,0.1243736912521031,1.0,0.051971842529910425,0.2837834296176062,1.0,0.998168881585082,0.7019393189386511,1.0,0.3100255723289211,0.10265552693814436,0.02744537689240717,1.0,0.001688047599335756,0.0,0.005026883359708918,1.0,0.0,1.0,1.0,0.839071554410794,0.32328865463286854,0.2162772243326978,1.0,0.6076511018976782,0.0,0.9399363850234729,0.4736966360360999,0.5987563125464993,0.12959082641429823,0.35901298750100286,0.5540994161552248,0.7037810755132702,0.0006483152700476801,0.6838557431601665,1.0,0.0,0.08954371680056163
106,additive/amplitude,interaction_g0.50,6,0.4883044083463181,0.45761247306510944,4.099317028710215,3.942455536572489,0.053235164968546744,-0.7243524296195778,41.29317533830181,344.255633728113,1,1,excluded,r_hat_max 1.677 > 1.1; n_eff_min 5.5 < 16.0,1.6770807201930247,1.0298226252595108,0.5911330049261084,5.533347072037129,0,63.0,1.6770807201930247,5.682710405526247,1.4819217201442456,5.533347072037129,1.0913657034346422,39.46541081265943,2.1668561634695007,1.4493188813145175,0,0.3447612143799847,0.34471504571184364,0.0,0.7939820736980457,0.3556744588127222,0.2197835842215033,0.44323407880011617,0.9831271132845557,0.0,0.2564192563937926,0.0,0.06031824020749613,1.0,0.8737706845372553,0.7850436334352561,0.10806612341522785,0.6172516849744298,0.1298076724167177,0.7627341985243112,0.0,0.0,1.0,0.48862708789271525,0.5456575463326546,0.0,0.9196009861884975,0.0,0.8109367176438675,0.3430906569445968,0.33009780705134356,0.17116567167056773,0.5776179618319894,0.29760433289594396,0.4317115530340707,0.0,0.0,0.3979061481750398,0.9285725163998612,0.3523245665475734,0.33970475424913243,0.6906354658698743,1.0,0.7141991506421903,0.3837121852584465,0.5801405316955615,0.07356995921806601,0.40560678725427407,0.8129386226878237,0.2812479095841357,0.557307773112452,0.13376609152731458,0.2734777241151709,0.9406507904202774,1.0,0.0,0.709514043277208,0.5588936586803447,0.8763620094163312,0.1892614137687035,0.8047107164453555,0.39086089309423677,0.5954796827142247,0.8809685729884182,0.3473192768667079,0.7780464821770882,0.0,0.6108419708977101,1.0,0.7323620618769583,0.0,0.12766789846394444,0.565091354353847,0.14437914121194903,1.0,0.7205272758196644,0.5489884471495826,0.5383451167752998,0.3700945627944027,1.0,0.995007319050554,0.9886032174752193,0.846163523652021,0.5105107380246123,0.3564129855396154,0.07500095209818672,0.8951213409240958,1.0,0.2832319626369312,0.9204667049745437,0.40552119622995597,0.9649107560031931,0.456698873769895,0.0,0.7922932700774373,0.841779669813283,0.0,0.641273300760314,0.915952315413913,0.3070941884684185,0.37227395552557374
107,additive/amplitude,interaction_g0.50,6,4.030427008263521,3.942455536572489,4.099317028710215,3.942455536572489,0.053235164968546744,-0.6843795501530305,42.890290663111955,356.62222486687824,1,1,excluded,r_hat_max 1.571 > 1.1; n_eff_min 4.4 < 16.0,1.5712062823330415,1.0375100564082074,0.5517241379310345,4.417453390846619,2,62.76953125,1.558322223784928,4.417453390846619,1.5712062823330415,5.765420065215503,1.4950538456332945,5.225183984678459,2.1511687638889105,1.451544060822313,0,0.6032958179749924,1.0,0.0,0.8542677767532011,0.0,0.0,0.8314287773513519,1.0,0.0,0.0,0.0,1.0,0.6801317245906561,0.15505328689269623,0.0,0.06652792849609025,0.8268321786138878,0.10910272434199277,0.7292981173893845,0.0,0.0,1.0,0.8424725219923965,0.08659945305295019,0.0,0.8714641825994444,1.0,0.0,0.2802203134725321,0.5710364474508359,0.2668632031775135,0.0,0.42453621018820975,0.15326782818943183,0.7841242969583979,0.8665609688299677,0.8967285589881365,1.0,0.0,0.7819239024895229,0.6731131130053065,0.823545501377566,0.5715969732319558,1.0,0.9508555194987375,0.5576522815021163,0.4530590359443848,1.0,0.17759041812040455,0.0,0.7038498610178242,0.3583803556604982,0.2021705186790799,1.0,0.0,0.6983523333101902,0.0,0.7061870774877778,0.9603947913579182,0.7465417595069949,0.3328568240766963,0.0,0.9438314012159889,0.37452523379447084,0.7563158766630522,0.0,0.8643964815642935,1.0,0.0,0.0,0.8127753477723787,1.0,0.256824333975759,1.0,1.0,0.0,0.18209752590769254,0.09006649975436755,1.0,0.0,1.0,0.9689670467618285,1.0,1.0,0.9710264354272912,0.5613031992470562,0.5447830145517348,1.0,0.15663064752001707,0.37479937347579123,0.06312286071873786,0.3445499200214248,0.8141397084741788,0.654359978166395,0.11872361233683702,0.0,0.0,1.0,0.0,0.540292561505197
108,additive/amplitude,interaction_g0.50,6,3.876228729524253,3.942455536572489,4.099317028710215,3.942455536572489,0.053235164968546744,-0.6201430882832129,41.30884444434196,238.6161085856147,1,1,excluded,r_hat_max 1.621 > 1.1; n_eff_min 5.1 < 16.0,1.6211593045395585,1.0392594984904109,0.5615763546798029,5.0750108902113675,0,63.0,1.6211593045395585,5.262251346297225,1.5226893312009355,5.0750108902113675,1.0990887703480632,36.005163689412896,2.1685693031886752,1.4559767900334097,0,1.0,1.0,0.0,1.0,0.0,0.0,1.0,1.0,0.0,1.0,0.0,1.0,1.0,0.6526281000369556,0.0,0.0,0.8509708201880891,0.39369948650698194,0.6091697741596106,0.8329161706520263,0.0,1.0,1.0,0.0,0.0,0.0,1.0,0.0,0.0,1.0,1.0,1.0,0.4454272913091589,0.03798864866472508,0.0,0.8745275592194057,1.0,1.0,0.0,0.05332472296235098,0.5488275234585711,0.8114279778695902,0.5276617144096564,1.0,0.26253304532302263,0.0,0.6280859009937996,0.6610636895785027,1.0,0.0,1.0,0.4874677932804063,0.16942573785853576,1.0,0.4373819530280797,0.6137998928732489,0.7900688439563964,0.6672288958705794,0.0,0.7208864016960609,0.491668940287294,0.0,0.7670695846626987,0.2785083530325024,1.0,0.45403039417846064,0.6895046874761065,1.0,0.9216427879441628,0.0,1.0,1.0,0.49258276176027593,0.0,1.0,0.14860057187575387,0.0,0.0,1.0,0.0,1.0,1.0,1.0,0.1849814296506481,1.0,1.0,0.12129761589728756,0.0,0.0,0.3437858551138059,0.49742727210064314,0.0,1.0,0.9264002467324125,0.005352193698797578,0.12995570737965434,0.16408916482095057,0.792691424572565,0.0,0.07099022483811993
109,additive/amplitude,interaction_g0.50,6,1.5851664520176882,1.755983835900261,4.099317028710215,3.942455536572489,0.053235164968546744,1.1916579336616402,43.06777184130624,327.22346338117495,1,1,excluded,r_hat_max 1.858 > 1.1; n_eff_min 4.6 < 16.0,1.8582720169802398,1.0357139147406869,0.5566502463054187,4.6135437876795775,0,63.0,1.4740528216550204,5.625998007851467,1.8582720169802398,4.6135437876795775,1.017423746219754,28.852722352494453,2.1842359034302863,1.458399072362841,0,0.0,1.0,0.054095412490450905,0.716500965915511,0.1492359942442067,0.0,0.0,0.08087790943974242,0.8712385941335725,1.0,0.3181958435539349,0.25297386309559805,0.749243686364863,0.9333694265299972,0.03999488514004751,0.8534915171321099,0.5228365945531035,0.27077159380429167,1.0,0.0,0.0,0.9708667469908632,0.8048150920648234,0.39117718351061814,0.0,0.6909842428156887,0.976837383185749,0.0,0.023357291693036106,0.621471686746346,0.0,0.00296752145156237,0.4167833091855032,0.5046330836126354,0.1412478870919133,0.8495121711280965,0.0,0.7821680011378815,0.4686155848749482,1.0,1.0,0.7257728203053387,1.0,1.0,0.0,0.3998526521176847,0.4375776130200993,0.8189755162361991,1.0,0.37709683644779535,1.0,0.0,0.6844379068323128,0.0,0.8750106526823488,0.0,0.7017292626217583,0.0,0.0,0.6087592903470557,0.0,0.0,0.09533262638757493,0.4209057332614903,0.6973771117043387,0.3732916622070261,0.8680845477626857,1.0,0.0,0.0,0.3662607982096614,1.0,0.37923748971568855,0.050194952655258154,1.0,0.5194382350497678,0.6011032289189457,1.0,0.9545736317121134,0.3014159391854904,1.0,0.9050834559896241,0.6471179867524053,1.0,0.491908879828984,0.12225555305353232,0.1841692756309947,0.5970748499017634,0.4346614300300378,0.010482034765446112,0.8108845768654985,1.0,0.06693188324286235,0.44979728512104244,1.0,0.0,0.4937517944541436,1.0,0.0,0.813566948852977
110,additive/amplitude,interaction_g0.50,6,-0.8301738112963506,-0.8097269357239998,4.099317028710215,3.942455536572489,0.053235164968546744,0.9851484180301493,41.67753109196201,326.64954790705815,1,1,excluded,r_hat_max 1.835 > 1.1; n_eff_min 3.4 < 16.0,1.8353702693467167,1.0539287540360653,0.4827586206896552,3.44572448091636,0,63.0,1.8353702693467167,3.44572448091636,1.7510458246894811,3.8308709725580288,1.22016449027321,7.031045076808623,2.1787898175083535,1.4528678778046007,0,1.0,0.30526894102884766,0.6869568805069323,1.0,0.0,0.0,0.5139030503364241,0.0648730744611406,0.0,0.9650000471485373,0.0,1.0,0.6544674021779677,0.28428687536214997,0.07141541474580976,0.7055290736063069,0.0,1.0,0.9206705189947658,0.0,0.0,0.483424798180138,0.7559919362241592,0.27300796134637956,0.25623684859009765,0.8737920827694122,0.5085190795372533,0.4326793193531851,0.34569058759560756,0.218367899878721,1.0,0.4509752443665143,0.46885300904883237,0.4891876491719991,0.7608974792682117,0.6597558216796574,0.7540968986252337,0.025950239766448443,0.35725292409857856,0.385844442481358,1.0,0.5963142432019723,0.5808003328542467,1.0,0.7681193095564439,0.9310241162671097,1.0,0.7086691656929723,0.5057592122456935,1.0,0.5017440097789778,0.8795414427102239,0.0,1.0,0.0,0.7686344149365624,1.0,0.834648746194346,0.9832122216260635,0.5313182296605494,0.0,0.0,0.6674946493315495,0.0,1.0,0.9411934038353151,0.015658863061907603,0.7746077329807018,0.7523302206975474,0.13312138680142915,0.11014304104855169,1.0,0.0,0.25938629529751506,0.9650455540424641,0.822332369050057,0.045283528232146285,0.5036638093505343,1.0,0.6295404724283976,1.0,0.32614721148312203,0.6404434251592446,0.34923305056482123,0.0,0.5041559665296877,0.5579925809558297,0.999142244981795,0.0,0.672303607894371,0.7107511222489492,0.07481507851430277,0.91235260354095,0.8410484167809664,0.1659629114697486,0.02028097718032494,0.20182203600759197,1.0,0.0,0.0
111,additive/amplitude,interaction_g0.50,6,3.9665586370203623,3.942455536572489,4.099317028710215,3.942455536572489,0.053235164968546744,0.7942737393212287,43.79947883076966,341.1274537718855,1,1,excluded,r_hat_max 1.311 > 1.1; n_eff_min 7.1 < 16.0,1.3114193531971416,1.0255248690291316,0.625615763546798,7.070185435313759,0,63.0,1.3114193531971416,9.144161263420306,1.3097950827963725,7.070185435313759,1.0060427355609047,100.49420796442888,2.1516820370686713,1.4739878296381628,0,0.8329989719831177,0.7452815379364033,0.0,0.5864229846798138,0.0,0.0,0.7894740647703983,1.0,0.0,1.0,0.0,1.0,1.0,0.7807486470504009,0.0,1.0,0.7040334460326365,1.0,0.8865090151835485,0.0,0.0,1.0,0.2774559465116109,0.44666246375396423,0.0,0.8001239986187246,1.0,0.0,0.042588523403582004,0.3497962843299805,0.8515938300947629,0.0,0.4819018293298952,0.0,0.0,0.9112553694237071,0.2428203219822446,1.0,0.0,0.0,1.0,0.8082233962444612,0.5569342113736083,1.0,0.7382161046345515,1.0,1.0,0.44782777013510533,0.48845272589269445,0.0,1.0,0.0,0.223407297777735,0.0,0.0,0.7780701021290959,0.08655101653664583,0.2557754633576433,0.0,0.7025983406021171,0.0,0.0,0.5964065008612687,0.3087604601929295,0.6823235489360251,0.0,0.6036721852082404,1.0,1.0,0.0,0.384215174439007,1.0,0.49892811180620034,1.0,1.0,0.0,0.0,1.0,0.9070016965349207,1.0,1.0,1.0,0.8405778312919847,1.0,0.0,0.32960816415991906,0.0,0.8577005903792042,0.0,0.1945732258196391,0.4133089658016997,0.2795885694376843,0.0,0.0,1.0,0.0,0.4427377778345705,1.0,0.0,0.0
112,additive/amplitude,interaction_g0.50,6,3.931523224751497,3.942455536572489,4.099317028710215,3.942455536572489,0.053235164968546744,0.06818650761072265,37.940833766013384,365.86571725131944,1,1,excluded,r_hat_max 1.725 > 1.1; n_eff_min 5.5 < 16.0,1.7252256222643354,1.0194235052186975,0.6847290640394089,5.532533492839949,0,63.0,1.2871401838224186,8.775408355472454,1.7252256222643354,5.532533492839949,1.0055562392319006,54.302316270855044,2.1678862924253828,1.4772906604250695,0,0.7250573396052078,1.0,0.0,1.0,0.034721706467668395,0.10318394790170958,0.8686207341637734,1.0,0.09418682147962452,1.0,0.0,1.0,1.0,1.0,0.0,1.0,0.8527953399117747,0.08618705888948772,0.8494565479809758,0.0,0.0,1.0,0.3471456940771307,0.0,0.0,0.1111554928343463,1.0,0.0,0.0,0.39834366046016156,0.0,0.0,1.0,0.5559870162141562,0.0,0.0,0.0,0.8105397338736091,0.0,0.0,1.0,0.7280804726006512,0.5797336818494682,1.0,0.0,0.7595354688587035,1.0,0.8959800283421956,0.5852399665733348,1.0,1.0,0.34193566309152074,0.0,0.0,0.0,0.767930503988342,0.13477338036291456,0.0,0.0,1.0,0.3810203143240467,0.0,0.897141286175929,0.0,0.946776257456448,0.0,0.6541955716627048,1.0,1.0,0.0,0.28565210528059887,1.0,0.18157435244779943,0.9829887531452702,1.0,0.7024778540579282,0.5257451195327344,0.4070677060027629,1.0,0.9673178409355317,1.0,1.0,0.7168978943310346,1.0,0.0,0.3345655890328973,0.0,0.9923158022934885,0.0,0.0,0.7920547463842417,0.3139393768533419,0.8390310960872965,0.32345716941767994,1.0,0.0,0.5588627237098454,0.34981397793397667,0.046853524886672396,0.01093013395392322
113,additive/amplitude,interaction_g0.50,6,3.871794905547015,3.942455536572489,4.099317028710215,3.942455536572489,0.053235164968546744,0.40175605172074036,44.558105249889195,348.8203770350665,1,1,excluded,r_hat_max 1.564 > 1.1; n_eff_min 6.8 < 16.0,1.563839094940489,1.0158111713981863,0.7044334975369458,6.839580073227008,0,63.0,1.3918429579069242,6.9337143250261795,1.563839094940489,6.839580073227008,1.0025231795538314,85.15125145693933,2.183493698906145,1.4799853841452446,0,0.9217858279294769,1.0,0.0,1.0,0.15906883161206087,0.04172656936014149,0.30588075238742235,1.0,0.0,1.0,0.0,1.0,1.0,0.9457230847033914,0.0,0.0,0.0,0.39550983996936945,0.7333303108251755,0.0,0.0,1.0,0.8173053340891001,0.0,0.0,0.3142598166776058,1.0,0.0,0.0,0.23623780870382668,0.8427772536079191,0.009163567905104024,0.38629022786907313,0.01486392717602723,1.0,0.8926333089397095,0.0,1.0,0.0,0.4798191283286754,1.0,0.7808736042711966,0.28098904151880416,1.0,0.7307983646975761,0.0,0.8336416779368817,0.5187879266305101,0.335011996519936,0.258599276396499,0.7834405399068568,0.36593542313708594,1.0,1.0,0.0,0.7325439234233277,0.32124566050355124,0.8309304782035244,0.0,1.0,0.6245721045388262,0.14902132782800376,0.873100558396551,0.0,0.8437561346097966,0.0,1.0,0.15465868044370643,0.13922845644845439,0.0,0.2718521639761204,1.0,0.28800195776444143,1.0,1.0,0.0,0.7815400832810986,0.7244918610344621,1.0,0.17830667239739803,1.0,1.0,0.734000789778249,1.0,0.0,0.7195320885057209,1.0,0.0,0.0,0.32905071044939427,1.0,0.0,1.0,0.5554299841637317,0.0,0.07114296184936093,0.19479480748960357,1.0,1.0,1.0
114,additive/amplitude,interaction_g0.50,6,3.8536983992506837,3.9428770123975094,4.099317028710215,3.9428770123975094,0.05281368914352624,0.3077942256445012,41.90937756001949,300.92345234099776,1,1,excluded,r_hat_max 1.633 > 1.1; n_eff_min 4.4 < 16.0,1.632926658188451,1.0358246190287144,0.5566502463054187,4.405661448587228,0,63.0,1.5083828184882393,4.405661448587228,1.632926658188451,4.842417782571597,1.0221910948320803,22.501333330081184,2.1983033586135208,1.4818660270168138,0,0.8332971627950724,0.7463277125419343,0.00030779945942360884,0.9998620653221201,0.03503869268503505,0.0,0.8710185161036933,0.9986090199163951,0.09014746140982706,1.0,0.0002922336233630167,1.0,0.9996950194190173,0.9999760188186207,0.0,1.0,0.7058489427376216,1.0,0.8922379338203369,0.0,8.281974562758236e-07,1.0,0.3440671149089645,0.0008555459046166008,0.0013374876783699464,0.800272269269641,1.0,0.0,0.04014273894030202,0.3515949311701034,0.8509875095301862,4.501264806181027e-05,0.48381371338182566,0.00025120376965191455,0.0,0.9145990153613263,0.2452631248294594,1.0,0.0,0.0,1.0,0.8090309781962297,0.5793361627711641,0.9996417517057363,0.7383775281790799,1.0,1.0,0.4478812089251982,0.4917780368430063,0.0,0.823926327089932,0.0003683680995931842,0.22322213551204065,0.0,0.0005683597493995684,0.7763253076640242,0.08608967328499341,0.00016836289388589995,0.0014228916924986436,0.7037954284605634,0.0,0.0,0.5954814436925152,0.3075065607333621,0.682763593920731,0.00046314255259397084,0.6548402848782199,1.0,0.9990554866535523,0.0,0.3843011159954115,0.9996433198743985,0.4988313811800217,1.0,0.9989828461872654,0.7018205423544889,0.0,0.40912240798992705,0.9999888347593436,1.0,1.0,0.999648836609129,0.8413182033270935,1.0,0.0002742369458334986,0.33352615025623195,0.001076185755456215,0.8582452400899475,0.0,0.0012482138973455706,0.4132259556611432,0.27919429246036703,0.0008895768851704831,0.0,0.9995145010435998,0.0,0.5612138295850156,1.0,0.04659755058055438,0.0
115,additive/amplitude,interaction_g0.50,6,1.0634566552936215,1.0399655096504041,4.099317028710215,3.9428770123975094,0.05281368914352624,1.0544000044519497,43.857777427881956,348.7377803637646,1,1,excluded,r_hat_max 1.630 > 1.1; n_eff_min 5.4 < 16.0,1.6297395192720803,1.031982031021525,0.6206896551724138,5.357415931545345,0,63.0,1.5503246666400365,5.802230647929226,1.6297395192720803,5.357415931545345,1.034144783774735,24.30154789395845,2.212698098097322,1.4833926240686461,0,0.6974095931960831,1.0,0.046449993484620436,1.0,0.04782916540599275,0.01659242030762894,0.5767250033072315,1.0,0.0,0.06004502806073007,0.9851679666311353,1.0,0.8945026158508944,0.13925395043345018,0.9871278721479403,0.8633673784452428,0.8064398685852991,0.027059477064728957,0.733289057446863,0.0,0.0,0.7503335449579881,0.37439159038889896,0.7294479020008163,0.054418858660061645,0.06269779582384347,0.8111083240607165,0.6561239438222092,0.3750988537874396,0.7699369944435857,0.0,0.2837085931589125,0.467243683795263,0.8154278068835853,1.0,0.04819689971000431,0.8390703012928139,0.10770821712780682,0.0,1.0,1.0,0.6431501489476116,1.0,1.0,0.6213538338428511,0.0,0.5250545136641531,0.695142081802635,1.0,0.0,0.5605981374605525,0.36921199629856405,0.8435585861740389,0.30342794033584763,0.5240812913020476,0.6306048001906862,0.2176670275073455,0.3077907113630169,0.026482791780121515,0.7542376498436659,0.0,0.0,1.0,1.0,1.0,0.30146041158341075,0.0,0.6876300141098493,0.0,0.0,0.17555623875143223,1.0,0.2672502352932536,0.0,1.0,0.9480346210598168,1.0,0.29685415693248335,0.9211659780170492,0.4810362984160337,1.0,1.0,0.5295687638005723,1.0,0.0,0.586060420403303,0.5132617901151283,0.9593727774977153,0.08480150544459165,0.41866955958046803,0.5288930424126422,1.0,0.4751611576888073,0.6014628755660792,0.8563674846994604,0.0,0.6501951111664376,0.20880321215786427,0.4851207207756903,1.0
116,additive/amplitude,interaction_g0.50,6,3.9194473980461444,3.965274055439757,4.099317028710215,3.965274055439757,0.030416646101278477,0.05374657809983008,42.02710459101945,362.527162109036,1,1,excluded,r_hat_max 1.408 > 1.1; n_eff_min 7.1 < 16.0,1.4082559099014988,1.0328851009731939,0.6206896551724138,7.128446983875876,0,63.0,1.4082559099014988,7.128446983875876,1.4058347558068167,7.619918434362576,1.126254714067841,19.524251416092106,2.202790844280049,1.4808011081448553,0,0.9811687577875633,0.3827291133770289,0.11263923442859415,1.0,0.0,0.0,0.7458693977471108,1.0,0.0,0.0,0.0,1.0,1.0,0.16481562746365427,0.0,0.1219081004096881,0.2344549333352929,0.0041188679325362835,0.9431993783749011,0.0,0.003923714381146405,1.0,0.8297880639286839,0.0633571203324217,0.29676895004864884,1.0,1.0,0.0,0.6065044964255547,0.33439543493852486,0.660258842694054,0.0,0.4587448152659836,0.03367962787111836,0.6751026634303005,0.90495486923187,1.0,1.0,0.0,0.8420158332451488,1.0,0.8333044969252063,0.49043711369482407,1.0,1.0,0.7822539156264167,0.9821830290679143,0.669994650802627,1.0,0.0,1.0,0.47134953401028046,0.0051844912840359825,1.0,0.0,1.0,0.23446157279064025,0.34272227437155867,0.0,1.0,0.5956924721809114,0.12948198720348805,0.8219775352758002,0.0,0.8485960481322691,0.0,0.8186209935343721,0.938335932815959,1.0,0.0,1.0,1.0,0.0,0.0,1.0,0.12828116686933289,0.4733040137751944,0.5350975191101505,1.0,0.0,1.0,1.0,1.0,1.0,1.0,0.9827146182622268,0.29168536980984383,0.8798626684739744,0.024331115926535276,0.5041053708123467,0.05414969204679261,0.00100788164049865,1.0,0.41506655660290503,0.586933965998905,0.06134061376828717,0.0,1.0,0.0,0.0
117,additive/amplitude,interaction_g0.50,6,-1.1814786783851203,-1.0277548195172685,4.099317028710215,3.965274055439757,0.030416646101278477,0.5720322685748656,43.747896551154554,347.89768937882036,1,1,excluded,r_hat_max 1.428 > 1.1; n_eff_min 8.1 < 16.0,1.4279430334046013,1.0167039001402611,0.6798029556650246,8.05719139848284,0,63.0,1.2819823976489861,10.078782912387696,1.4279430334046013,8.05719139848284,1.0129991147574708,55.291690826709655,2.2174631225173655,1.482903324013792,0,0.3992874634706026,0.4424364504422363,0.0031389788613993136,1.0,0.0,1.0,0.2495115487993942,0.0,0.5010633612215775,1.0,1.0,0.25310622737651634,0.46325743655501855,0.30990335253286105,0.0,0.4274628059090094,0.8310929813540702,0.0,0.14357762342805502,0.5557080784720382,0.0,0.7897888273661982,0.07301119193487511,0.2274802937933699,0.0,0.7894147522213117,0.5353190503109396,0.0,0.11721146004567878,1.0,0.40620414074203925,0.0,0.4179526384690421,0.6271458835760866,0.9251793134228198,0.9417874254303145,0.45445376307468166,0.1705984319923631,0.2909624581653779,1.0,0.9236158349193989,0.9689872975978854,0.6054812194571816,0.18241461434240547,0.0,0.3820421259404443,0.3772011794251055,0.21528980500591113,1.0,0.0,0.4684497500235946,0.1955691272818625,0.5491898084981248,0.6871960971768897,0.5746783314682941,0.01797400584919141,0.5117074548910191,0.0055594254124341595,0.5738329741235662,0.9788053175500441,0.0,0.0,0.06015784373751756,0.9572477010293327,0.4345050879841739,0.0,1.0,1.0,0.0,0.007480994407195409,0.4672797688172356,1.0,0.6079998703133622,0.7787803642009898,1.0,1.0,1.0,1.0,1.0,0.37853664856205027,0.3946593840468665,1.0,0.5291451827477641,0.8779882007631505,0.0,0.5386753724806242,0.2094063687159496,1.0,0.16291332694903402,0.5189138218877976,0.11576770711671108,0.4514711968768499,0.07744812373951411,0.7213049438244854,0.8834679903411853,0.0,0.3318942524777969,0.08791764622601309,0.0,0.4334279620181128
118,additive/amplitude,interaction_g0.50,6,1.7949831245149506,1.9117212068058054,4.099317028710215,3.965274055439757,0.030416646101278477,1.0406851762900793,42.10179157322273,323.24133587582037,1,1,excluded,r_hat_max 1.677 > 1.1; n_eff_min 5.4 < 16.0,1.6767260098028738,1.0242784766257542,0.6403940886699507,5.397752827362485,0,63.0,1.3089316789339276,11.237677337925446,1.6767260098028738,5.397752827362485,1.11072466736657,27.437552894118532,2.1886585309842936,1.5091196379524132,0,1.0,1.0,0.0,1.0,0.0,0.0,0.12436362048042704,1.0,0.598922983331312,1.0,0.0,1.0,1.0,1.0,0.0,0.13742879480185885,0.7819756036137075,0.182345701065987,1.0,0.0,0.0,0.5674739090714541,0.3564173170756176,0.0,0.0,0.8845792691854594,1.0,0.0,0.1862021680092067,0.7427204773183596,0.677604325391352,0.0,0.34011533716653586,1.0,0.7933419668836743,0.8557151436746927,0.0,0.3984760953154682,0.0,1.0,1.0,0.41531331008389005,1.0,1.0,0.8710690984504451,0.0,1.0,0.7173418755262788,0.6376734151176673,0.0,0.7443792813722225,1.0,0.0,0.679490381988072,0.3747880254961095,0.17100452671700322,1.0,0.26808985844735067,0.0,0.6216143710835712,0.0,0.0,0.9240073487688334,0.3871112915718325,1.0,0.0,0.0,1.0,0.9404023301084368,0.0,0.3483678359800271,1.0,0.0,0.0,1.0,1.0,1.0,0.0,1.0,0.6694364172680456,1.0,1.0,0.2860404303646254,1.0,0.0,0.0,0.5433654388250438,0.9128502679322081,0.17498607826339188,0.0,1.0,1.0,0.7493092943221935,0.0,0.5151176187772377,0.0,0.0,1.0,0.0,1.0
119,additive/amplitude,interaction_g0.50,6,2.5184440193835336,2.4013794984480685,4.099317028710215,3.965274055439757,0.030416646101278477,-0.19151608694014088,44.64866217644885,346.8032109220512,1,1,excluded,r_hat_max 1.413 > 1.1; n_eff_min 6.4 < 16.0,1.4129820264629749,1.0164111013213455,0.7044334975369458,6.411187977427081,0,63.0,1.3103140358518468,7.178644423424044,1.4129820264629749,6.411187977427081,1.0056505592920642,96.15027151477179,2.185350334291274,1.503195038713432,0,0.8760503776424208,1.0,0.0,1.0,1.0,0.5770723941710454,0.6726508635814826,0.891915676115932,1.0,1.0,0.0,1.0,1.0,0.0,0.0,0.0,1.0,0.060684726712983764,1.0,0.0,0.0,1.0,0.0,1.0,1.0,0.8196195625549405,1.0,0.0,0.0,0.6517770692596133,0.3373816124574254,0.0,1.0,1.0,0.0,0.0,1.0,0.9255871051040002,0.0,0.2173193411866726,1.0,0.033276264947305366,0.15236903870568744,0.0,0.33725255856025044,0.0,1.0,0.6996561657121783,1.0,0.0,1.0,0.38533575473502024,0.0,0.260955059933943,0.0,1.0,0.0,0.2130821243458234,0.0,1.0,0.0020139938130867238,0.0,0.882593693259801,0.0,0.7919717020899859,1.0,0.6445826316064669,1.0,0.0,0.0,0.35153756057459346,0.9991350213177727,0.3017249533134442,1.0,1.0,0.9271874681403596,0.0,1.0,0.2493928845493975,1.0,0.7683090431781718,1.0,0.0,0.48893983056003315,1.0,1.0,2.9565748158574915e-12,0.6178112338751213,0.002104031102911976,0.0,0.5576616789734481,0.0,0.5889482368419078,0.7094709689110731,0.8295385532081562,0.0,0.5110576028565038,1.0,0.6712053368055373,1.0
120,additive/amplitude,interaction_g0.50,6,1.9326170833790388,1.951143054571404,4.099317028710215,3.965274055439757,0.030416646101278477,1.251414703120688,41.14704078808427,359.6757075502537,1,1,excluded,r_hat_max 1.457 > 1.1; n_eff_min 5.6 < 16.0,1.4572700736499187,1.0415958272377372,0.5467980295566502,5.647918144663827,0,63.0,1.3679757069917862,5.647918144663827,1.4572700736499187,6.233908008241446,1.0397257897555956,19.030552122197047,2.1881261150003772,1.497224850662973,0,0.9999685713206491,1.0,0.0,1.0,0.0,0.0,0.0,1.0,0.0,1.0,0.332472318709138,1.0,1.0,0.0,0.0,1.0,0.6318184957802275,0.43572990752360263,0.6940123886331809,0.0,0.0,0.5723423864978069,0.11320837761339758,0.21742243089295987,1.0,0.0,0.6643248050195378,0.0,0.6072513504362698,0.592447443779833,0.8924872689335691,0.0,0.7278179182228772,0.13777002599930321,0.0,0.9051436078533716,0.7393237370613235,0.5104399896410746,0.0,0.36054096060987156,1.0,0.7238255082666074,1.0,0.06717662479573344,0.2370753848889755,0.0,0.5871125703754577,0.6345166164672785,1.0,0.13679331945548093,1.0,0.45982362453378484,0.0,0.0,0.0,0.8081132727931312,0.0,0.6726428002709014,0.21431225487874692,0.8081455581668836,0.0,0.0,0.44866559202517564,0.0,1.0,0.0028808195636999393,0.0,0.45822850707222096,0.36602875899903925,0.0,0.32245092793081664,1.0,0.0,0.015746675422658316,0.0,0.0,1.0,0.0,1.0,0.5028655972605334,1.0,1.0,0.4716501276612101,0.7883089801763996,0.24202416940417487,0.0,0.010359162519699724,0.8714865517936868,0.4965076996047799,0.8870988531278419,0.685000903547543,1.0,0.4645306619857537,0.37377303667985096,1.0,0.6488558039395117,0.8511515169992302,0.7935894720581269,0.4932998363625694,0.20429666234850982
121,additive/amplitude,interaction_g0.50,6,3.344160315515896,3.2318078743655936,4.099317028710215,3.965274055439757,0.030416646101278477,-0.21371016011659405,44.10766650317237,339.0647791051306,1,1,excluded,r_hat_max 1.729 > 1.1; n_eff_min 4.8 < 16.0,1.7288316454014259,1.0417350438912605,0.5467980295566502,4.797358519461338,0,63.0,1.7288316454014259,4.797358519461338,1.5389878734500355,6.093105076865427,1.2868236927368808,6.909885631543917,2.1860144701109445,1.4912045597852162,0,0.6737154326591283,0.5236269361275683,0.0,1.0,0.5444023121354994,1.0,0.041276252950552324,0.8517579124979636,0.0,0.412656816080073,1.0,0.0,1.0,1.0,0.0,1.0,0.7151344073503527,0.0,0.8983422032697586,0.0,0.27486234593964304,1.0,0.5246631993555736,0.0,0.7623902822801997,0.6925744457745155,1.0,0.0,0.0,0.5010241090838655,0.8150031031590036,0.0,0.44349582171264496,0.19358915343879038,1.0,0.0,0.45181792802498094,1.0,1.0,0.0,0.7767548296965844,0.872158687214811,0.5779550878502062,0.0,0.5922318366413816,0.25418767768275513,0.02966259912841479,0.33123739082446735,0.2597933171580273,1.0,1.0,0.5344486015162458,0.10398826515385949,1.0,0.0,0.4914310673531032,1.0,0.6901475172284042,1.0,0.6170014736455174,0.8656755672349736,1.0,0.8094219010693857,0.1345878231456228,0.4998900857140259,0.37884760808775575,0.6404208415947461,1.0,1.0,0.0,1.0,0.9616804342786465,0.0,0.0,0.07241517776306382,0.0,0.0,0.2255607996078289,0.2673928876807598,0.8385890081792484,1.0,1.0,0.7180535341123343,1.0,1.0,0.4187354599396841,0.44670173397482865,0.7421716321210299,0.10856756941674224,0.31040408330463864,0.7804653286940546,0.14281790963567123,0.9330589821814577,0.49879521225025436,0.0,0.055796662764567885,0.6453076677054489,0.5415442993846632,1.0,0.966160573771435
122,additive/amplitude,interaction_g0.50,6,3.7972606321280424,3.942455536572489,4.099317028710215,3.965274055439757,0.030416646101278477,-0.542005127583248,42.80235857702792,338.9353411020711,1,1,excluded,r_hat_max 1.510 > 1.1; n_eff_min 5.7 < 16.0,1.5103450913115604,1.0278609553402704,0.6009852216748769,5.665737695801922,0,63.0,1.3129913746167396,7.619842965720033,1.5103450913115604,5.665737695801922,1.0513275733440777,23.671751196916865,2.1955074688437723,1.4887471992959758,0,1.0,1.0,0.0,0.08619519874035553,0.05157008570951578,0.0,0.8076946168690781,1.0,0.0,1.0,0.0,1.0,1.0,0.2254067738345428,0.0,0.0,1.0,0.0,0.9391096177163836,0.0,0.10523322198168657,1.0,0.9411104385222088,0.0,0.0,0.41142000186119987,1.0,0.0,0.0,0.6889263149062846,0.4470524533657698,0.0,0.6784313333448297,0.0,0.618369732567744,1.0,0.0,1.0,0.0,0.47148757387506307,0.757531731785888,1.0,0.35063934310353145,1.0,1.0,0.20560382431084617,0.7454385032038804,0.620618043868556,0.3571883873750331,0.0,0.7958807083019326,0.5194310820151861,0.1555432627298759,1.0,0.0,0.6970465613824509,0.0,0.172693478276828,0.978008536847968,1.0,0.6158472256756661,0.0,1.0,0.0,0.7961628282053625,0.0,0.6906530385816657,1.0,1.0,0.0,1.0,0.6321141265133853,0.45252975651070027,1.0,1.0,0.0,0.23700553439528319,0.0,1.0,0.0,1.0,1.0,1.0,1.0,1.0,0.31218853776258726,0.17188358192973996,0.922569031268168,0.0,0.2370037780566441,0.0,0.23306684913556555,1.0,0.3829689811349765,0.0,0.0,0.54873209176308,1.0,0.2906652653846308,0.4587982590513368
123,additive/amplitude,interaction_g0.50,6,3.9901324677239156,3.942455536572489,4.099317028710215,3.965274055439757,0.030416646101278477,-0.06757286850792754,44.73847181117162,339.54605699004605,1,1,excluded,r_hat_max 1.640 > 1.1; n_eff_min 5.6 < 16.0,1.6404515349917537,1.0382508191465027,0.5714285714285714,5.584423615764115,0,63.0,1.5235158676989216,5.584423615764115,1.6404515349917537,6.116253259835698,1.0971519363157982,20.82273627201716,2.208529852285108,1.489643591924895,0,1.0,0.9598194720818812,0.0,0.8544956518173021,0.007536105012722747,0.8960686298201246,0.8780432931238137,1.0,0.0,1.0,0.0,1.0,1.0,0.524368590581031,0.0,0.0,0.8367282667120075,0.0766011362702201,0.6642073067850405,0.0,0.7300899385118851,1.0,0.4127993116880903,0.10990588535095207,0.0,0.87996619687903,1.0,0.0,0.06914338203946248,0.5133357979712393,0.27662259841454967,0.0,0.4843221688509191,0.0,0.745479338028351,1.0,0.9012936108920363,0.7774979377246204,0.0,0.7902095361988084,0.6347063226339585,0.8713479644299505,0.5334174190757046,1.0,1.0,0.5096742032654017,0.2872711123468284,0.6626083269038723,0.0,0.0,1.0,0.4088874728104817,0.0,1.0,0.0,0.7637173955589251,0.0,1.0,0.31877019348003643,1.0,0.0,0.0,0.8070540688835824,0.2720202274246061,0.8557980124738334,0.03569868803807163,0.679040275867484,1.0,0.8668716505769757,0.0,0.0,1.0,0.1777140066220895,1.0,1.0,0.1287154608156772,0.0,0.0,1.0,0.006439319394614782,1.0,1.0,0.0,1.0,0.7606407022572104,0.3090897578075389,0.6188885346213676,0.7169612451098865,0.1973322697088867,0.44498265404331194,0.5748328438907628,0.0,1.0,0.6917613233261585,0.0,0.0,0.0,0.48209410805283015,1.0,1.0
124,additive/amplitude,interaction_g0.50,6,0.9337985519257169,0.9750165679772462,4.099317028710215,3.965274055439757,0.030416646101278477,0.7936821657829607,43.562747492454946,356.3121473179199,1,1,excluded,r_hat_max 1.417 > 1.1; n_eff_min 6.3 < 16.0,1.417439959035262,1.0275599819225296,0.6009852216748769,6.324506372507493,0,63.0,1.417439959035262,6.324506372507493,1.3798531749155387,9.237127333789577,1.091460359712148,23.9429297945633,2.2228976153128404,1.4921574228428642,0,0.26333283441015454,0.21918006053279937,0.7775087632608029,1.0,0.6065839748636432,0.48441315895569903,0.7439775584880166,0.7897563914671702,0.0,0.558969050089814,1.0,1.0,0.999106420482797,0.8491204240799369,0.6803412260532313,0.9875916334681989,0.7075559688022961,0.45737787388448375,0.9142627789346376,0.0,0.24698499590140974,1.0,0.4671060340933105,0.48983496380820524,0.6907504472584022,0.825611421323263,1.0,0.0016654113478972402,0.20396903004397499,0.8857836298374683,0.7267790751943125,0.4586388860254897,1.0,0.4562647554068751,0.0,0.21287546581418,0.8900093021292932,1.0,0.9427563526946501,0.11880948366223153,0.9720346896896815,0.9488297584141484,0.46391369640466457,0.47055283203069637,0.0,0.6356730947665408,0.9646114931557829,0.0,0.03519636804709736,0.13557592713545744,0.759796054608797,0.359266257921994,0.10149928171162012,0.8953321664749523,0.0,0.6132565674524451,0.0,0.36093544575328834,0.4676849702803307,0.6682370824554107,0.3466778223883852,0.618465746352022,0.4581873221303372,0.40979945606674184,0.6739231287827088,0.8749171766187007,0.7876388603120656,0.19168795052156623,0.8904887342022281,0.9695820913731028,0.10285487406538188,1.0,0.6357644684915662,0.713433692755581,0.03784433754710515,0.0,0.0,0.4189907121076268,0.06034949978997552,0.19572278915276398,0.28595187203651967,0.6286693078047239,0.03604324456007089,0.26568918273536163,0.7937988807896234,0.673641906504228,0.4744666731738517,0.8734844026362025,0.0,0.8132452690355578,0.7184869882093681,0.08361826443046926,0.30911027814458303,0.0,0.5092854533628881,0.05095463328424065,0.4632112513607023,0.18970751910675804,0.0557913191442878,0.0
125,additive/amplitude,interaction_g0.50,6,4.002197928652899,3.942455536572489,4.099317028710215,3.965274055439757,0.030416646101278477,-0.5763479016208559,45.117282981052995,353.4408696773462,1,1,excluded,r_hat_max 1.539 > 1.1; n_eff_min 5.4 < 16.0,1.5392260375471294,1.0332266843857691,0.6305418719211823,5.3782968658969015,0,63.0,1.3289401648703432,5.3782968658969015,1.5392260375471294,5.420882348453957,1.087293116468557,13.99553029841949,2.212584822805743,1.4906070447375486,1,1.0,1.0,0.0,0.5384394353434276,0.02908655741939324,0.0,0.0,1.0,0.0,0.5833631310933988,0.0,1.0,1.0,0.8043302761345011,0.24412225472519986,0.0009891237566014043,1.0,0.0,0.895496278848462,0.3983687232316177,0.12646712940070295,1.0,0.40843046226092905,0.0,0.0,0.5607411279380259,1.0,0.0,0.5587671407539729,0.4008990714714791,0.32654451646356375,0.0,0.6582227146063452,0.031592687404124645,0.7494643757962364,0.06831779115897317,0.138430748106855,1.0,0.0,0.8298399923984838,0.7452772050574398,1.0,0.4964867893774352,1.0,0.9388430206361386,0.5538921647683777,0.7504220453591504,0.0,0.318236320988556,0.9955480895347064,1.0,0.5011541135885568,0.1043923307616195,0.8179221736974728,0.0,0.6544037024889063,1.0,0.27996986953656017,0.0,0.30666808999958783,0.1562743719260406,0.16421140910462928,0.8725094826228088,0.33122867262583283,1.0,0.22546090784532596,0.6159691710162658,1.0,1.0,0.0,0.23893069971392,0.942650241170883,0.0,0.38661246348757006,1.0,1.0,0.0,0.3164845746639438,0.5881673779278781,1.0,1.0,1.0,0.8721574550940061,1.0,1.0,0.2967124786410144,0.6071593733563311,0.8204254410511853,0.2861194791830229,0.3926368350994607,0.4699547183937921,0.0,0.925515111940051,0.0,0.010582974635906715,0.0,0.46520504767971765,1.0,1.0,0.915027890883536
126,additive/amplitude,interaction_g0.50,6,3.4987806272942366,3.563906997336983,4.099317028710215,3.965274055439757,0.030416646101278477,-0.3181649606513597,42.6771704130806,336.28298918064684,1,1,excluded,r_hat_max 1.538 > 1.1; n_eff_min 5.4 < 16.0,1.5379230679101548,1.0204981457895115,0.6847290640394089,5.368097471866542,0,63.0,1.5287007916055935,5.368097471866542,1.5379230679101548,6.340068560422928,1.0151894853163563,42.23826630074944,2.2267881014235775,1.4931482849917797,0,0.7217166770833845,1.0,0.0,1.0,0.25347827897387853,0.0,1.0,0.012661569138757094,1.0,0.9902537242866288,0.0,0.883348422593153,1.0,0.05120883527293331,0.0,0.0,0.1919629840252711,0.801799297522947,0.6405684045838514,0.0,0.0,1.0,0.4015919699862503,0.0,0.0,0.5970000396224693,1.0,0.0,0.6188605557663144,0.6378054489796572,0.0,1.0,1.0,0.0,0.7177786467549835,0.31809152969336507,1.0,1.0,1.0,0.9487615963583577,0.5955274391422576,1.0,0.5639239134119641,1.0,0.7951411386548061,1.0,0.33858891049002543,0.7723119238714229,0.3319704641970111,0.20248806494601512,0.841133706991137,1.0,0.0,0.0,0.0,1.0,0.0,0.0,0.5545394799186317,0.0,0.5407130758473914,0.0,0.8412289900070373,0.0,0.47083052440995665,0.8107562471148055,1.0,0.19045759425894485,1.0,1.0,0.7613891923671515,1.0,1.0,1.0,0.4338974001258116,0.10070127030242414,0.0,0.0,0.6350423593103399,0.0,1.0,0.7952797842589221,0.18658417548845707,0.7789661408989197,1.0,0.3890196924728962,1.0,0.2160921300754038,0.0,0.30218668468949145,0.5291940999613678,0.3057708790064455,0.7780654792515788,0.8594547744891787,0.5740494723397356,0.19609614107570558,0.4233330073191262,1.0,0.26558652019117673,0.9038508551629615
127,additive/amplitude,interaction_g0.50,6,3.883372680998269,3.942455536572489,4.099317028710215,3.965274055439757,0.030416646101278477,-0.38141895010390314,45.54321030387655,233.135397171136,1,1,excluded,r_hat_max 1.403 > 1.1; n_eff_min 6.1 < 16.0,1.403093606787861,1.040787646738862,0.5812807881773399,6.138893074419267,0,63.0,1.3969839048525288,6.138893074419267,1.403093606787861,6.398989416472642,1.0825226780766808,66.75690705739683,2.2368037906036617,1.4915013627790206,0,1.0,1.0,0.0,0.3999988181347776,0.04624306473777373,0.0,0.0,1.0,0.0,1.0,0.0,1.0,1.0,0.0,0.0,0.04992032686673714,1.0,0.0,1.0,0.0,0.22866697496350935,1.0,0.8749932147572439,0.0,0.0,0.0,1.0,0.0,0.7961270271160511,0.4670221065186625,0.7157569970974893,0.10337188361865873,0.22550165564101748,0.0,0.0,1.0,0.0,1.0,0.0,1.0,0.5297286072911732,0.8547348926760825,0.41070872240302725,1.0,0.8081942177573165,0.5784775382430548,0.0,0.6069096247834724,0.34998757734410607,0.0,1.0,0.3920386442727445,0.0,1.0,0.0,0.7428875838525985,0.0,0.11186466474910371,0.0,0.6858915697460332,0.0,0.0,0.8780174863812407,0.7328108515136809,0.8387284118361995,0.0315007532073526,0.8323067568021335,1.0,1.0,0.0,0.2579511020166639,1.0,0.0,1.0,1.0,0.0,0.0,0.0,0.4349153104005018,0.863034134826729,1.0,1.0,0.8082447037547381,1.0,1.0,0.26796510106221005,0.6156465587848005,0.0,1.0,0.0,0.0,0.19132381288558029,0.7810032589957908,0.2979717646989722,0.0,0.0,0.549304916813292,0.505328664925995,1.0,0.9292966390599585
128,additive/amplitude,interaction_g0.50,6,3.9962982373362594,3.942455536572489,4.099317028710215,3.965274055439757,0.030416646101278477,-0.5969936430539455,41.133502626791596,316.94927016692236,1,1,excluded,r_hat_max 1.500 > 1.1; n_eff_min 5.2 < 16.0,1.4995090023948154,1.0383611962015247,0.5665024630541872,5.212258414083063,0,63.0,1.3946060398602327,7.800777069190777,1.4995090023948154,5.212258414083063,1.1049160741982096,14.896537708980711,2.249667610059869,1.4927198329849576,0,1.0,1.0,0.0,0.9905213907705225,0.03669688142210477,0.0,0.880815730754495,1.0,0.1584065341670352,0.16686603034394967,0.0,1.0,1.0,0.7405178624091643,0.0,0.11173177186041743,0.20583686266167828,0.7694012924398417,0.8031851405322581,0.0,0.013180340709955468,1.0,0.9491411684372342,0.0,0.0,0.5087578346536828,1.0,0.0,0.6884851627378298,0.0,0.33739972846625527,0.5256919674610392,0.31941137659132657,0.0,0.6744030127143925,0.0,0.0,0.9972167831471564,0.0,0.8398637721977424,1.0,1.0,0.49874838352127737,1.0,0.8510101716086697,0.0,0.4530923144845995,0.4034701433760597,0.6626514462895112,1.0,1.0,0.7212934388968381,1.0,1.0,0.0,0.709829121577909,1.0,0.0,0.0,1.0,0.0,0.0,0.8405132804971506,0.0,1.0,0.0,0.8734273751479048,1.0,1.0,0.0,0.5625196765793284,1.0,0.0,0.0332469009925065,1.0,0.6396778726862345,0.0,0.015516289598910368,1.0,0.6755190455806851,1.0,1.0,1.0,1.0,1.0,1.0,0.723226140150661,0.0,0.0,0.2984743365341944,0.3448841989111422,0.0,1.0,0.42474844439855625,0.0,0.13716814371000668,0.5554306932585814,1.0,1.0,1.0
129,additive/amplitude,interaction_g0.50,6,2.26643880759786,2.257395330594118,4.099317028710215,3.965274055439757,0.030416646101278477,0.13930516944931481,47.429703522939235,342.4718240359798,1,1,excluded,r_hat_max 1.590 > 1.1; n_eff_min 5.7 < 16.0,1.5903268079011725,1.0276334614080815,0.6354679802955665,5.685535094994111,0,63.0,1.3430188305739694,7.877797997162109,1.5903268079011725,5.685535094994111,1.0164153863065077,85.42719219417073,2.263207382364337,1.4947926913894414,0,0.6460333206223137,0.19662161881211457,0.029817796876634262,0.7003747483335573,0.08640525150055604,0.7349905843307595,0.28577425278740337,0.685827966712783,0.032995833680337885,0.6263983643766504,0.8554227585238241,1.0,1.0,0.4894595338488638,0.11903499480069431,0.3922470253687988,0.7821625082040105,0.6602801046484045,0.6890238441325436,0.0,0.0,0.7447045404155864,0.3671961507567077,1.0,1.0,0.8951399841397619,0.5584298670455335,0.6559712450243618,0.3799145006204924,0.8729030293056742,0.295556286525344,0.0,0.8979543788723138,0.024088769234485424,0.995103421591664,0.24854531521932466,0.5040713817841675,0.4954431014844422,0.5404006832625052,0.6354090600122194,0.9598543931874561,0.38368695816214177,0.685139055473902,0.6037187551125375,0.27329234412356873,0.13250233570947642,0.3469843515450755,0.23071083298242107,0.8246234552440206,0.7953265142368724,0.5056093364311294,0.5052873160092328,0.0,0.0,0.26706187333818177,0.6115556190885887,0.4166003859772521,0.15105006552468617,0.0,0.483378473182659,0.05157838905460765,0.1206253926678981,0.1505841443764757,0.07539374458170335,0.7305040419592145,0.11661529572435116,1.0,0.8677076728536687,0.25541985705610143,0.6450774313774641,0.03901184346985557,1.0,0.7340963730042757,0.12925780579128054,1.0,0.0,0.5477418001467951,0.9794922122814861,0.7801949521952795,0.7585009681394571,0.4095186930202754,1.0,0.14019960088311315,0.8069507027307852,1.0,0.3620792505696708,0.675767319931182,0.8573060493015113,0.07290915472278826,0.09955155464119476,0.49533781333016996,0.12836561078813205,0.7882841583182203,0.10088663815581357,0.9962923323578621,0.7806920850845279,0.6283362991654179,1.0,0.648205125904499,0.06397281801475731
130,additive/amplitude,interaction_g0.50,6,3.776808947240454,3.913653118899478,4.099317028710215,3.965274055439757,0.030416646101278477,0.48589062118157766,45.86596365598962,349.4426720603369,1,1,excluded,r_hat_max 1.700 > 1.1; n_eff_min 3.9 < 16.0,1.7001177976611521,1.0354639358291802,0.6009852216748769,3.9135970771209614,0,63.0,1.7001177976611521,3.9135970771209614,1.5977678732899745,4.971692839331007,1.1360805780603782,10.578637698436408,2.263232239481518,1.4890324166064288,0,1.0,1.0,0.0,0.2705057766320558,0.0,0.013154004822866565,0.0,0.8561691863633207,0.0,0.12780504568637324,0.0,0.974025596255409,1.0,0.2734265818783553,0.0,0.08016735063481949,0.4837628495788509,0.0,0.8642376511842047,0.0,0.39295087166951664,1.0,0.9417055876260038,0.12733044029443072,0.0,0.0,1.0,0.0,0.5742901216576376,0.3939357499084496,0.9624666355320666,0.0,0.6116349956150472,0.09359921776541642,0.7513200060483577,1.0,0.027568254007167652,0.7777357810026154,0.22814176818674664,0.7942361291903689,0.7517095036803897,0.9953780417618351,0.34078477630251003,1.0,0.9528662996162149,0.7713649618736523,0.15269269620026615,0.6500410874080625,0.17993069923802577,0.5475862020744217,1.0,0.4799690282463387,0.0,0.008358512127407488,0.0,0.7243885566966778,0.0,0.2484478571619944,0.0632295263239204,0.45060816677797055,0.45843624081261786,0.07153789407833404,1.0,0.052441418019787724,0.8316493398833168,0.8145453905564077,1.0,1.0,1.0,0.14973746592310083,0.7764518541900697,1.0,0.0,0.03902785963193999,0.995756763585938,0.11564530231074163,0.3210295663319345,0.0,0.7700157239695568,0.853251407280681,1.0,1.0,0.07471049012415719,1.0,0.0,1.0,0.9049548778930888,0.776014407792794,0.0,0.4875132991959842,0.31009852335773713,0.0,1.0,0.5857665992852226,0.21039679325654162,0.6461926383769485,0.06403686767070045,0.5501854319303204,1.0,0.2780823810609093
131,additive/amplitude,interaction_g0.50,6,3.923736588799403,3.942455536572489,4.099317028710215,3.965274055439757,0.030416646101278477,0.3540632927951828,49.07360951695591,321.2759715919383,1,1,excluded,r_hat_max 1.405 > 1.1; n_eff_min 7.0 < 16.0,1.4045042825385892,1.0203220442970617,0.625615763546798,7.0289586329064,0,63.0,1.3719117208678777,7.0289586329064,1.4045042825385892,7.072008156758155,1.0131028514824847,89.87184163034442,2.2747862601514335,1.4891764885878322,0,0.7125752449794025,1.0,0.0,0.95489633095181,0.0,0.07058857387948379,0.8501960145857691,0.6858343461709233,0.0,0.9945374664744925,0.0,1.0,1.0,0.7086681470259475,0.0,1.0,0.08354290750475042,1.0,0.5248891185370905,0.0,0.0,1.0,0.24218603389991408,0.0,0.0,0.708444620350386,1.0,0.0,0.10112980492693115,0.33010080093349975,0.578740113492975,0.0,0.43042598434699325,0.07612854707711572,0.0,0.6227895111230008,1.0,1.0,0.0,0.157513601940163,0.6920278383964694,0.7972400224304603,0.5300549515614097,1.0,1.0,0.9920206543152119,0.2685800583600487,0.6461354453480792,0.3126855363733256,0.0,1.0,0.0,0.13521985544593046,0.0336317254870057,0.0,0.749574844771475,0.030050808619210716,0.0,0.0,0.39645534970587337,0.0,0.0,0.8771251454528896,0.0,1.0,0.09349194460588739,1.0,1.0,1.0,1.0,1.0,1.0,1.0,1.0,1.0,0.06343690247624793,0.0,1.0,0.3052198179929881,1.0,1.0,1.0,0.7833557809545122,0.7836239453027315,0.0,1.0,0.9929262724380796,0.8521353698529791,0.0,0.3439904940560343,0.5191975849005418,0.0,1.0,0.09322500923024388,0.9348936236367814,0.08704523967460306,0.213077168956532,1.0,0.0,0.0
132,additive/amplitude,interaction_g0.50,6,4.209129269110801,3.9526365672968735,4.209129269110801,3.965274055439757,0.030416646101278477,1.1303829603585895,45.769211392849684,333.0212750174105,1,1,excluded,r_hat_max 1.585 > 1.1; n_eff_min 5.2 < 16.0,1.584992666730989,1.031547136826788,0.5911330049261084,5.157542584934572,0,63.0,1.5396155181283688,5.157542584934572,1.584992666730989,5.328078899419386,1.0071984986355462,81.32214307766908,2.2872783080957366,1.4903989319395634,0,0.9148096822489488,1.0,0.0077794483918763755,0.8371167240516288,0.0,0.0,0.0,1.0,0.0,0.827325667591668,0.0,1.0,1.0,0.8611050023496347,0.5067255230667256,0.006982038171191511,0.8505015832533802,0.0,0.6279029858884294,0.0,0.0,1.0,0.044636670995869605,0.0,0.0,0.6199812423567554,1.0,0.0,0.5055682320563014,0.3929571281465293,0.13355684316036345,0.0,0.4356369123265622,0.19826743114228199,0.6973315573964924,0.0,1.0,0.7343200010909573,0.0,0.7642684580522143,1.0,0.8554865704995216,0.6307196437578103,1.0,0.5519326282785227,0.37488821535939953,0.39129387089760076,0.1296629986694093,0.46865203510849196,1.0,1.0,0.4264072550736361,0.0,0.9409759057033987,0.0,0.7343511540922589,1.0,0.8786870603039383,0.0,0.0,0.0,0.0,0.8870063428561927,0.010234766737387444,1.0,0.0,0.8738872676886751,0.8845477795165863,1.0,0.0,0.19324609217112898,1.0,0.0,0.2417534725735938,1.0,1.0,0.0,0.27477769852009243,1.0,1.0,1.0,1.0,0.7868667619479193,0.6651023575864065,1.0,0.5899659808789696,0.3936846414741502,0.8852508084521239,0.25808837670995394,0.6626090010716201,0.5430544413197901,0.0,0.913980041808692,0.0016439579396446218,0.0,0.0,0.46675745386425205,1.0,1.0,1.0
133,additive/amplitude,interaction_g0.50,6,0.6812042975557041,0.7524135117398212,4.209129269110801,3.965274055439757,0.030416646101278477,1.1297154359833739,46.76736035896465,341.73212994402274,1,1,excluded,r_hat_max 1.492 > 1.1; n_eff_min 6.8 < 16.0,1.491874904558798,1.0372272320115177,0.5467980295566502,6.762065446138713,0,63.0,1.29802005272468,7.983115047781182,1.491874904558798,6.762065446138713,1.062352822375369,48.436700802003756,2.3017283153214136,1.4940379891476907,0,0.08332562406545492,1.0,0.006442514531412066,0.8410537677823241,0.0,0.0,0.10360042307584998,0.9393700533753969,0.0,0.2445808677880291,0.2586888961257925,0.37150419787874517,0.46277112642777796,0.3491428370720717,0.0,0.4331029166340567,0.5160432103601377,0.20695004068537065,0.8291584414982529,0.13095849441534285,0.24586027088256635,1.0,0.08155968408319504,0.0209590906238152,0.7138416910242482,0.44105625721596564,0.9609017385356884,0.6817609868067054,0.4280215668269788,0.6237692252963509,0.33898498037133445,0.5617794531365852,0.7210734619146423,0.12224884470660118,0.37950581578298753,0.04543458104768187,1.0,0.4073390088002596,0.4692806017970428,0.5543727788631855,1.0,0.7224201252423632,0.45041131467279866,1.0,0.958260768738231,0.41302163033959305,0.7236204867383577,0.7201496857320907,0.7159497944106874,1.0,0.312858147066884,0.3777168434597449,0.0,0.5189929960462447,0.1866593523395034,0.22802535965799764,0.6851348643438572,0.8346001524359885,0.12888144922385167,0.0,0.10478220606478804,0.058782451638306976,0.966471394823001,0.3308987354501309,0.7640502668842395,0.5422722094745194,1.0,0.9629294865981028,0.033400852924485434,0.25392554393257394,0.15852790135644804,1.0,0.0,0.0,0.7404616788651991,0.2865187642051571,0.658342149890075,0.51278801715798,0.9945617856000333,1.0,0.41650973537126357,0.18691232676805147,0.06770928427731698,0.30023393233775414,0.0,0.0013299744518100167,0.6619831282411,0.3423101802594651,0.0,0.2873199323828037,0.37281295966852523,0.0,0.8695948203345588,0.6948789838586563,0.8010458060225174,0.13659676145305344,0.5821583837853083,0.8256937648110594,1.0,0.25671833138451694
134,additive/amplitude,interaction_g0.50,6,3.8698117480875758,3.942455536572489,4.209129269110801,3.965274055439757,0.030416646101278477,-0.5197148178475279,46.84799846820533,351.9284779429436,1,1,excluded,r_hat_max 1.673 > 1.1; n_eff_min 4.8 < 16.0,1.6731888027703585,1.0278759468542116,0.6108374384236454,4.829166807356564,0,63.0,1.6731888027703585,4.829166807356564,1.4073855660109247,7.457743392138943,1.4410631967277798,9.754927704330427,2.2896348525022665,1.4949726338442488,0,1.0,1.0,0.0,0.22489787452733973,0.0,0.0,1.0,1.0,0.0,0.9940606699984786,0.0,1.0,1.0,0.7158356217737326,0.0,0.0,0.6837881546985264,0.11304099099453693,0.8939174220514955,0.0,0.06971770432349776,1.0,0.9697127720065807,0.4614192882675864,0.0,0.0,1.0,0.0,0.5032225045774663,0.44982994628220757,0.26561519546364826,0.31748557340332517,0.4586037546029685,0.5679294136721103,0.5240777770075551,0.8154026212935941,0.0,1.0,0.0,0.8074069141739657,0.5378063492553854,0.8727887737422333,0.6345680184948771,1.0,0.40873053865560344,0.1707207167986133,0.4279341260443155,0.8604555466805552,0.17608282158358032,0.28922822300515855,1.0,0.6255250331629327,0.0,0.5890309654233684,0.0,0.8214665046029607,0.12634843316566421,0.24204173263492265,0.0,1.0,0.6242942105227313,0.0,0.8650762095069818,0.0,1.0,0.0,0.9363467742871439,0.0,1.0,0.0,0.6207653782736009,1.0,0.1182860723522751,1.0,1.0,0.0,0.8083768427989121,1.0,1.0,1.0,1.0,1.0,1.0,1.0,0.0,0.4305610980502246,0.6499220763661937,0.024674892516577354,0.7926471679755352,0.275177180876163,0.0,0.0,0.7996656229427513,1.0,0.0,0.0,0.4412426513921447,1.0,0.0,0.7981374150199215
135,additive/amplitude,interaction_g0.50,6,1.83330250570961,1.7734653429677023,4.209129269110801,3.965274055439757,0.030416646101278477,0.5013861773974919,46.680469387210906,338.30135895498097,1,1,excluded,r_hat_max 1.649 > 1.1; n_eff_min 4.6 < 16.0,1.6487892294418678,1.035167065566433,0.5812807881773399,4.550076721284015,0,63.0,1.4995283730411921,5.593784697446783,1.6487892294418678,4.550076721284015,1.0582933472365992,35.65858642000326,2.301339866543639,1.4955758177717253,0,0.48896895709491944,1.0,0.3014822550946677,1.0,0.0,0.11444741999433264,1.0,0.7537691195272431,0.0,0.42145581188061815,0.0,1.0,1.0,0.7598207648401839,0.0,0.0,0.0,0.8617645821889205,0.5463401453141666,0.0,0.0,1.0,0.9767251828581076,0.0,0.0,0.3487272334511812,1.0,0.0,0.46784350232837574,0.24151356138733376,0.0,0.3917757720495762,1.0,0.0,0.8086869087942894,0.18752283951259957,0.8648656509210969,0.8047003945893426,0.0,0.6653063565105849,0.5485044974892004,0.8115351815028871,0.5421669510124303,1.0,0.8178624134583349,0.364437254452988,0.403566505972764,0.23501038328868734,1.0,0.8492773518097796,1.0,1.0,0.7316081066719966,1.0,0.0,1.0,1.0,0.0,0.0,0.1609918992378456,0.09675743136237937,0.0,0.9359544121055955,0.03303856216654905,0.599647728682815,0.09252910945076767,1.0,0.894116249662336,1.0,0.42217294862738763,0.16095429306292244,1.0,0.0,0.0,1.0,0.7047284484249379,0.0,0.0,0.8465072737775216,1.0,0.7474686614894074,0.8736032861771671,0.7191802242687545,0.5329686599866513,1.0,1.0,1.0,0.0,0.0,0.32009390071786475,0.49154135943590904,0.0,1.0,0.6167195973290709,0.0,0.3593000267460835,0.40857321383218836,1.0,0.33212232602905817,1.0
136,additive/amplitude,interaction_g0.50,6,3.8156139970765808,3.7920874157881,4.209129269110801,3.965274055439757,0.030416646101278477,-0.5405109599900912,46.424337432254106,332.0252140779048,1,1,excluded,r_hat_max 1.455 > 1.1; n_eff_min 6.1 < 16.0,1.4553316327435029,1.030186084255007,0.5812807881773399,6.123743387864333,0,63.0,1.4553316327435029,6.123743387864333,1.408946227888771,7.308055988968604,1.1369171371184423,18.985282592584497,2.2978984153610362,1.490603650046608,0,1.0,1.0,0.0,0.7839998744008195,0.0,0.0,1.0,1.0,0.0,0.28220103825928083,0.0,1.0,1.0,0.5069382643165495,0.0,0.0,0.09700333290546022,0.6821698070239081,0.6717772204097754,0.09906597322238091,0.1624907879065879,1.0,0.7990354227086119,0.2463255033493358,0.0,0.0,1.0,0.0,0.5579121501488278,0.5007190238519408,0.18596249675258622,0.6739479570403779,0.4700525339012071,0.0,0.4868475691311054,0.0,0.4094133101953295,1.0,0.0,0.7983624582722856,1.0,0.8468295437109351,0.5213475200662457,1.0,0.0,0.0,0.46633569077238957,0.2060698148014802,0.32692002220366806,1.0,1.0,0.30105815862788493,1.0,0.7248642959882844,0.0,0.8036424920696781,0.7681237547702885,0.08324390296708196,0.17060203316859068,1.0,0.11029780528149657,0.0,0.8597061303309703,0.0,1.0,0.10555881718125498,0.4752180049312695,1.0,1.0,0.0,0.5096870889893134,1.0,0.0,0.0,1.0,0.13854016413806958,0.024861688898990077,0.0,1.0,1.0,0.9692237655423338,0.8173416986598978,0.9368530739985799,1.0,1.0,1.0,0.31944885837652054,0.0,0.85149339908058,0.40351440230196606,0.255347057771739,0.0,0.8264837245403587,0.9335475415284407,0.0,0.0,0.3685002574923364,1.0,1.0,0.9553148977109026
137,additive/amplitude,interaction_g0.50,6,2.1674873527010883,2.205937773695631,4.209129269110801,3.965274055439757,0.030416646101278477,0.8321468059142552,48.99117866391316,344.52966585801914,1,1,excluded,r_hat_max 1.465 > 1.1; n_eff_min 6.0 < 16.0,1.4647507037808083,1.0272249000237597,0.6354679802955665,6.046572386776075,0,63.0,1.3992198539415972,6.046572386776075,1.4647507037808083,6.639643288587107,1.0295294347100266,27.443583455082223,2.308976631285967,1.4907621718276012,0,0.7201417033423256,1.0,0.0,0.9282532459866556,0.8434137711911801,0.7241264422100724,0.0,0.7902524949593508,1.0,0.6759496826801457,0.4011936812137974,1.0,0.4274473658050594,0.8929061664710503,0.1951629154486777,0.19690163545578557,0.4729664746020792,0.0,1.0,0.0,1.9420238675887916e-09,0.7446841222155002,0.0,0.14041030012181716,0.0,0.9763836509066302,1.0,0.0,2.057104313233506e-08,0.8908195704827208,0.28897296114428167,0.0,0.9574310828259427,0.30221258310606364,0.33874714755852864,0.383878070169065,1.0,0.3699655088454875,0.5883182061564595,0.865123810262107,1.0,0.8963709662742249,0.42899984535375574,0.0,0.18971465667938744,0.6884656133463308,0.28469329645879465,4.025612527141545e-06,0.7007681268296487,1.0,0.6053877163672939,0.9391237685902681,0.0,0.6064337815216121,0.0,0.784770164351709,1.0,1.0,1.0,1.0,0.0,0.08569900148611612,0.5101070063403629,0.41799603199199026,0.7107287424858287,0.0,0.9999989576344096,0.7363057327302996,1.0,0.0,0.999998308354289,1.0,0.8890156281812923,1.6309183818860472e-05,1.0,0.18743946123344857,0.0043200729268006765,0.8377727138749259,1.0,1.0,0.05603568962993042,1.0,0.6639215722663809,0.6509207249494116,0.5177956340731766,0.20625181423968453,2.2475962647106953e-05,0.7109857269244837,0.0,0.3172306614038924,0.5858722742464347,0.0,0.5086854271043004,0.0,1.0,0.0,0.9999949556536486,1.0,1.0,1.0
138,additive/amplitude,interaction_g0.50,6,2.632713964337589,2.4613332776666206,4.209129269110801,3.965274055439757,0.030416646101278477,-0.5737402632311497,46.21410358417779,333.4879252081737,1,1,excluded,r_hat_max 1.353 > 1.1; n_eff_min 7.5 < 16.0,1.3531078875478049,1.0137445069990854,0.7389162561576355,7.478185904075098,0,63.0,1.2719475297546168,9.431513006851736,1.3531078875478049,7.478185904075098,1.0528236427013977,70.11318549839568,2.3079513466585406,1.4853995168519094,0,0.9155049334984999,0.9360589570619771,0.0,1.0,0.0,0.0,0.593195188280813,1.0,0.3164035717882577,0.8259035113203147,1.0,0.0,1.0,0.0,0.9083646052920862,0.7942469718191134,0.48302265356366725,0.8355247268385438,0.5466734344558034,0.0,0.0,1.0,0.0,0.13544998720656778,0.4006113126054009,0.10514091184686768,1.0,0.0,0.4515700585610777,0.0,0.0,0.2870101240276958,0.10746254354393309,0.0,1.0,0.1367297707252338,1.0,0.0,0.2208709247652201,0.900393626727572,1.0,0.7413107966595567,0.27715715339694463,1.0,0.0,0.7895887528530032,0.7180397279918346,0.0,0.2747526011006675,0.03337120871625327,0.7360539503420667,0.3740877155631229,0.0,0.0,0.0,0.4855811863448007,0.1592104328411162,0.6994189981827791,1.0,0.17286229912387194,0.48456450290646597,0.0,0.9306011640247422,0.030124935925464294,1.0,0.5487647728349874,1.0,0.886678092250772,0.8922765467915871,0.7757415818431579,0.0,1.0,0.1195303219309177,0.03855896542891935,1.0,0.0,0.6954206180290897,0.9808584394181887,1.0,1.0,0.004476087102281776,0.3556993090939341,0.25482127628414003,0.0,0.6517629846068311,0.888255273099807,0.09397742946662815,0.6604545623465611,0.08128401425454869,1.0,0.4653750138204341,0.34790912261891216,0.7977386569817685,0.17816086736958045,0.19899160250391942,0.931279561814396,0.13140216325357756,1.0,0.0,0.9708875192796703
139,additive/amplitude,interaction_g0.50,6,3.801068508294371,3.942038981196167,4.209129269110801,3.965274055439757,0.030416646101278477,0.6203414053711316,48.98295845882967,341.76173370471224,1,1,excluded,r_hat_max 1.562 > 1.1; n_eff_min 5.6 < 16.0,1.5622019583459037,1.0165115074623685,0.7438423645320197,5.613589702146764,0,63.0,1.2809691589335004,8.639501622072059,1.5622019583459037,5.613589702146764,1.0435984076015632,54.39111548813071,2.3102877683684615,1.48030117968707,0,1.0,1.0,0.0,1.0,0.0,0.0,0.0,1.0,0.03647995699680344,1.0,0.0,0.9991646032730221,1.0,1.0,0.5193739880819107,0.08010768390407456,0.7824965002923343,0.0,0.7497741862909871,0.0,0.0,1.0,0.0,0.02566722661634187,0.11921645088434009,1.0,0.9856425466725394,0.0,0.49803554859058613,1.0,0.2841693838255712,0.0,0.4358270762856929,1.0,1.0,0.04301329522100787,1.0,0.48677887534324826,0.0,0.7823694712192995,1.0,0.24823985567284446,0.7143602933412253,1.0,0.0,0.2469392831811441,0.40334531112483274,0.3999280289959564,1.0,0.0,1.0,0.3024510272123735,0.0,0.22828358727563433,0.3503420268190928,0.3923944040663499,0.333054075478565,0.5786359185160741,0.0,0.0,0.0,0.0,0.9403997955938778,0.0,1.0,0.0,0.8889145378387642,1.0,1.0,0.0,0.33505043059038114,1.0,0.0,0.022639781418141196,1.0,1.0,0.0,0.0,0.4818912080906768,1.0,1.0,1.0,0.2142662070969499,1.0,1.0,0.13187641914686335,0.33118952866673973,0.892147974298269,0.0,0.5081462884261356,0.8630114220127333,0.0,0.7965711046362041,0.0,0.21033826755197843,0.0,0.49717194991617586,1.0,1.0,1.0
140,additive/amplitude,interaction_g0.50,6,4.066522151877308,3.942455536572489,4.209129269110801,3.965274055439757,0.030416646101278477,-0.027890363836508225,47.147796200122684,326.34012953424826,1,1,excluded,r_hat_max 1.515 > 1.1; n_eff_min 6.4 < 16.0,1.514682326570243,1.0225441136176334,0.7142857142857143,6.3798059959888365,0,63.0,1.514682326570243,6.773004394778189,1.4760444257324545,6.3798059959888365,1.1100922731291532,24.141301136949703,2.3209362022250755,1.480337998840269,0,1.0,1.0,0.0,0.6433187951185192,0.0,0.0,0.6157378811684943,1.0,0.0,0.7050144218652443,0.0,1.0,1.0,0.14400994383128124,0.0007742431653287591,0.0761671092715957,0.6892121807201185,0.6269800120896691,0.4206040177706214,0.0,0.0,1.0,0.36261141661193336,0.302628855896168,0.12354543117753092,0.0,1.0,0.0,0.8066988127255258,0.5712687302705677,1.0,0.0,0.11750979858204853,0.06023595577610832,0.8630902158786249,0.973325859230818,0.5424697674026122,1.0,0.0,0.7877772390100306,1.0,0.7943672711284752,0.6385977483306353,1.0,0.7565076325663183,0.11405884122612868,0.2770885947902412,0.674008430279013,0.2957793165816363,0.0,1.0,0.12019473086144779,0.05007569566788854,0.8510242213472823,0.24380488309608875,0.7405889223223128,0.2148726712904112,1.0,0.0,0.9957474466774376,0.19039683322817474,1.0,0.7942701928420174,0.0,1.0,0.0,0.7438989923219398,0.0,1.0,0.0,0.30150810282831925,0.9604376271739158,0.6982729814314007,1.0,1.0,0.2354538965584039,0.0,0.2791168636097663,1.0,0.9267348229985489,1.0,1.0,0.25586527346515675,0.72187874496495,1.0,0.3284297766284647,0.6692601686527535,0.4178638591186997,0.5851748033966537,0.4255969898948352,0.5118990120966374,0.23604702491265703,0.826082641681408,0.0,0.42641497307746556,0.5093730358413053,0.10826413804056441,1.0,1.0,0.99693972162718
141,additive/amplitude,interaction_g0.50,6,3.4587941299314933,3.296592430742559,4.209129269110801,3.965274055439757,0.030416646101278477,-1.0772155098447018,49.73692179005593,354.8203743691556,1,1,excluded,r_hat_max 1.395 > 1.1; n_eff_min 6.7 < 16.0,1.3948166354298062,1.0323406828536892,0.5862068965517241,6.651225094416075,0,63.0,1.3862042549630549,7.336034011267638,1.3948166354298062,6.651225094416075,1.1442375136326424,29.330902369793247,2.3333162444211903,1.4823346130066244,0,0.7692994391173489,1.0,0.015097798311284326,1.0,0.027025516021623633,0.0,0.5555272183615616,1.0,0.39345138907285093,0.7475824733867759,0.0,1.0,1.0,0.0,0.0,0.0,0.7331219893044222,0.6364084768346575,0.7960047017873773,0.0,0.0,0.999960474543418,0.15441752438132403,0.32441173107549864,0.20800695482985262,0.12234167964215392,1.0,0.19107058830009474,0.16045178390727763,0.7330564826654636,0.8462493346768625,0.0,0.5622578122699377,0.27989148543687264,0.7321028989612168,0.560223692767004,1.0,0.8382190496140091,0.0,0.796954538074851,1.0,0.8582161185414585,0.626536751149905,1.0,0.7886225114136189,0.0,0.3508875294039139,0.6071747541659586,0.3941699342269166,0.0,1.0,0.1678437424640909,0.0,0.9019451526303024,0.0,0.6979451360083634,0.2177709442715751,0.828507574725266,0.0,0.7841768818335834,0.0,0.8807331675885919,0.7812281314204468,0.0,1.0,0.05222607489022424,0.9484306418852587,0.0,1.0,0.0,0.17034626639086875,1.0,0.8330560969318688,0.9872632267837503,1.0,0.05740116950328867,0.0,0.3151327471423316,1.0,0.6378333069519465,1.0,1.0,0.2537906664308195,0.5551037312402964,1.0,0.42286310865799964,0.39063707560417293,0.8239981076282931,0.5536374158633938,0.5145485335024613,0.5328831541864517,0.3394232260717198,0.8107533719690608,0.0,0.6863168467767291,0.4898042427697224,0.044017541058545516,1.0,1.0,1.0
142,additive/amplitude,interaction_g0.50,6,1.7885488594109114,1.871975192580574,4.209129269110801,3.965274055439757,0.030416646101278477,-0.873259674439204,47.24779350636527,326.0809615030885,1,1,excluded,r_hat_max 1.538 > 1.1; n_eff_min 4.3 < 16.0,1.53824901102901,1.028088749346455,0.6206896551724138,4.337094873425897,0,63.0,1.53824901102901,5.515404141713608,1.5097551014077706,4.337094873425897,1.0072813954397821,72.63285468280743,2.3412421450233762,1.480101163839561,0,0.7049335948410246,1.0,0.0,0.39447121433164345,1.0,0.05122353558472374,0.7384570103089191,1.0,0.6998030664264556,0.5494256902056841,0.13425791643578938,1.0,1.0,0.7388044271423708,0.1249981192302488,0.11561753328658105,0.7930311328502342,0.3004637353965496,0.7511069389652578,0.0,0.0,0.999968187206999,0.0,1.0,0.3876072666589237,0.6274111716476255,0.2140566084135167,0.6539311400449889,0.5967188304651567,0.660115109808342,0.9446551336334448,1.0,0.3796579467832159,0.30656236652397006,0.3749169374747195,0.544822330389206,0.6758724556000795,0.0,0.8091920602446154,1.0,1.0,0.7764466331311014,0.6938897972675214,0.36400978385564536,0.32150202844747994,0.023321063503728673,0.2047870239136187,0.8890293336940837,0.6985724159990037,1.0,0.41374855835320007,0.01909074449119488,0.0,0.9406822984609073,0.005921508973271129,0.7851766765522536,0.4764704298380425,1.0,0.0,0.4586453411911139,0.06804609290185966,0.05127088472523794,0.9444341717157042,0.0,0.5330671395603606,0.8794781648065525,1.0,0.38450551903670604,0.5878009159367759,0.0,0.34439042901890654,0.9129780626653192,0.38598923843213456,0.6952726817170827,0.8279932697678987,0.6155949299072372,0.6981250308908393,0.19331627158642242,0.0,0.0,1.0,0.6612292726134145,0.3352338459549337,0.05420670073856007,1.0,0.24815185122955555,0.4990535095462412,0.2829177444621406,0.1275021246095879,0.8655703925971427,0.6110663704499636,0.21427867798666392,0.5151869418179321,0.0,0.6321203260264189,0.1199892667206899,0.526719232522826,1.0,1.0,0.9057052973434342
143,additive/amplitude,interaction_g0.50,6,2.608046540497838,2.6690783925967496,4.209129269110801,3.965274055439757,0.030416646101278477,-0.42153986719184067,49.61433846084401,333.4322157702409,1,1,excluded,r_hat_max 2.132 > 1.1; n_eff_min 3.6 < 16.0,2.1317377173282046,1.0631888296249365,0.4187192118226601,3.593298252740568,0,63.0,2.1317377173282046,3.593298252740568,1.6540806389581537,4.390194948202839,1.1284551645379113,16.49048604805516,2.3373771570121,1.4756358268149752,0,0.4048515660062738,1.0,0.0,0.9992397846061624,0.0,0.0,0.6057885565116468,0.6793909644855178,0.0,0.5784673844724112,0.0,1.0,1.0,0.0,0.6423042024795217,0.0,0.5675628408862021,1.0,0.6930346154671164,0.0,0.13575984664493557,1.0,0.0,0.4470381042710035,0.46461329271238094,0.0,0.8168074642682828,1.0,0.0,0.42114490745054817,0.6852618651144032,0.6372494778850645,0.5268323344915409,0.0,1.0,0.0,0.7054154629559093,1.0,0.0,1.0,0.43437709358576243,1.0,0.5770043912181426,0.10101879161740666,0.0,1.0,0.4164552577794553,0.6507939042721034,1.0,0.5354037369634544,1.0,0.3187660478914609,0.0,1.0,0.0,0.7389597450231582,0.6359771934108305,0.6648980056192283,0.6587279736481313,1.0,0.5045649530036116,0.4431329733031725,0.9112702651139674,0.0,0.9465439905839871,0.0,1.0,0.2612783905981186,0.0,0.24162105061230765,0.8447878025115668,1.0,0.6051287313895338,1.0,1.0,0.08063807224608507,0.2921611295151749,1.0,1.0,0.0,0.6329755859597883,1.0,0.0,1.0,0.9697403074707722,0.6635550389045077,0.0,0.8770265682630547,0.0,0.7469578963194276,0.0,0.01669594980471343,0.8411765263348446,0.8649575700104587,0.942864626305311,0.0,0.0,0.6797897187841194,0.35564237600726695,1.0
144,additive/amplitude,interaction_g0.50,6,-2.6625922863636635,-2.671534117471654,4.209129269110801,3.965274055439757,0.030416646101278477,1.0539708178965514,42.11679918365553,354.6251507997513,1,1,excluded,r_hat_max 1.493 > 1.1; n_eff_min 5.7 < 16.0,1.4933369338238216,1.0252358641943369,0.6009852216748769,5.715325229866745,0,63.0,1.4933369338238216,5.715325229866745,1.4559943720677708,6.406877877303821,1.001607176566898,55.351002095998425,2.339256805508528,1.4706749430892097,0,0.7208561961588648,0.5455652797843747,0.05445246333135419,0.7935993392636781,0.0,0.0,0.5240294020276771,0.08816237048171424,1.0,0.8987332589752682,0.3450200924628333,1.0,1.0,0.0,0.11814877552955427,0.01793185858050103,0.6384041693822881,0.06384549482470299,0.756066666488783,0.0,0.0,0.09335697401757737,0.3718036068800955,0.5775989501814123,0.0,0.2539247702942507,1.0,0.0,0.5058255386523202,0.7777747332716479,0.014930820134824815,0.0,0.4212577206291441,0.2316619279753963,0.6632889060458111,0.22104489825821594,1.0,0.8285189980079937,0.0,0.9245310101828916,1.0,0.27652951854096947,1.0,1.0,0.6427662844971,0.6640357446844701,0.3520181322560318,0.09449448041970103,0.0,1.0,1.0,0.8037484829295962,0.4071891104988261,0.020163013148461764,0.22509877987249152,0.34947565617006815,0.8081638466647023,0.12147251145441938,1.0,0.6409483521711967,0.0,0.45007855476017666,0.36945228359592686,0.28430909740372295,0.17937329863791776,0.6820007120183056,0.7360836136980607,0.0,0.8514327072788748,0.4785094066482894,0.2573927683517586,1.0,0.6249279184162477,0.8295289847207713,0.5893007973667282,0.12405212517302862,0.6838142962526287,0.1258479490879403,1.0,0.261402097651818,0.40281956338664443,1.0,0.9105389074172783,0.2794712641665411,1.0,0.5294531807078691,0.25810195695794075,0.6245944839197479,0.11723040082499013,0.5560943566283509,0.8536944193837077,0.37686152703778447,0.533734137306206,0.6188418052423054,1.0,0.6236438758605836,0.6276869724811643,0.8224034806984613,0.041104812770624076,1.0
145,additive/amplitude,interaction_g0.50,6,3.7730467780660564,3.942455536572489,4.209129269110801,3.965274055439757,0.030416646101278477,-0.527708466107843,51.16764751402661,340.5863176221028,1,1,excluded,r_hat_max 1.902 > 1.1; n_eff_min 4.5 < 16.0,1.9018231238795118,1.0340913662451312,0.5714285714285714,4.51314153272824,0,63.0,1.9018231238795118,4.51314153272824,1.5321095481141576,7.142802967653762,1.0966033286099797,32.96934229791926,2.304761294530099,1.5229312989752775,0,1.0,0.0,0.0,1.0,0.0,0.027912222363574133,0.6758574988944359,1.0,0.0,1.0,0.0,1.0,1.0,0.6437526450752471,0.0,0.2767711034365097,0.21635652225408933,0.6722460643224142,0.22801650117878197,0.0,0.0,1.0,0.770358757619631,0.06765019091922914,0.0,0.8725156211233778,1.0,0.0,0.3496285597412004,0.33317723552913625,0.8334228521835214,0.0,0.4513608884642868,0.0,1.0,1.0,0.0,1.0,0.11296789848715762,0.05163218295828145,0.7279439540518444,0.8375282496795446,0.4490117084634403,1.0,0.8361941054612266,0.20655891366759865,0.7806348898702001,0.6045035585150331,0.2695865161285273,0.0,1.0,0.3966686499695736,0.0,0.8871335927610254,0.0,0.0,0.0,0.5603825985932569,0.08506891504928983,1.0,1.0,0.1124567311748473,0.7666536991937952,0.0,1.0,0.0,0.8465693062526902,0.9214725158618392,1.0,0.0,0.5137496916734107,1.0,0.9171125972002953,1.0,1.0,0.0,0.0,1.0,1.0,0.751731218201544,1.0,1.0,0.08345565451856701,1.0,1.0,1.0,0.30925370817685033,0.13892978993490654,0.5778192205744789,0.39409929555081624,0.5116070775419101,0.0,1.0,0.0,0.0,0.0,0.0,0.4053948175379878,0.6529043435784099,1.0
146,additive/amplitude,interaction_g0.50,6,2.3248279506799654,2.3068184062831536,4.209129269110801,3.965274055439757,0.030416646101278477,0.28995853597849575,47.032853349111974,362.66549645597115,1,1,excluded,r_hat_max 1.697 > 1.1; n_eff_min 4.9 < 16.0,1.6972722167373353,1.0363102171364245,0.5862068965517241,4.89403140274425,0,63.0,1.6972722167373353,4.89403140274425,1.4666482086031127,5.8655436330736945,1.0296132056844787,98.95867362259433,2.314818044417332,1.5225304697764812,0,0.06530827011398936,1.0,0.020409576205412124,0.8068638571234905,0.0,0.022622077115103476,0.5440167725560389,0.17155824159706365,0.2616595236356268,0.612985570581008,0.731110007531712,1.0,1.0,0.07619294419939032,0.0,0.9563383429107934,0.6794644589778738,0.7598969109335971,0.7990759202472211,0.0,0.0,0.6324517173373246,0.04596341324249671,0.20440828847155246,0.8356814499905789,0.05095543596370843,0.34414218106064337,0.0,0.29967880101458877,0.5851395540146199,0.7283627303063778,0.38856978185537216,0.3762219767933413,0.08210030345446598,0.23043064299116303,0.22826582346146337,0.990798998068219,0.11609948141157203,0.5430117956718207,0.6568943704577317,0.5845532356435493,0.9908289018835453,0.7814824898662321,1.0,0.7882628742643681,0.09329728809151282,0.1358259772805245,0.1850609166576126,0.9348305625325759,1.0,0.7223838365470162,0.08268607874982511,0.4462030772643866,0.0,0.0,0.8468586420884517,1.0,0.34616017685231876,0.08454007617514166,0.40850039975385466,0.20707402172554085,0.10881526713133154,0.5702651971387694,0.6799087568984965,1.0,0.7735166506579451,0.781024942872644,0.23119119398602864,0.0,0.10305355890122311,0.17730061910973424,1.0,0.1311476833604217,0.459151419895759,0.40163831276695067,0.30251614845997876,0.5546487008432636,1.0,1.0,0.0,0.9676604069413015,1.0,0.0,0.03415504945273336,1.0,0.4911025537823153,0.8217456213571843,1.0,0.08995174082841007,0.831599116879795,0.5848994487795813,1.0,0.7357001751397529,0.0,0.7503290708499876,0.4919711879632999,0.3819557150005845,0.9058273362965922,0.0,1.0
147,additive/amplitude,interaction_g0.50,6,4.082907990672418,3.942455536572489,4.209129269110801,3.965274055439757,0.030416646101278477,-0.21729679761431742,50.92963466932997,336.57389802485704,1,1,excluded,r_hat_max 1.617 > 1.1; n_eff_min 5.5 < 16.0,1.6166959953659292,1.02568344749134,0.6354679802955665,5.488109726214873,0,63.0,1.6166959953659292,5.950486377435123,1.3919120194376913,5.488109726214873,1.0369359420085342,37.95271601413249,2.314886139017758,1.51734318043596,0,0.9797942162005517,1.0,0.0,1.0,0.0,0.0,0.788759606924628,0.6792781684697238,0.026314237599591568,0.8049802717623676,0.0,1.0,1.0,0.5978348828239434,0.0,1.0,0.477606714457907,0.740442094664804,0.7054299135081443,0.0,0.0,1.0,0.3465230508709212,0.0,0.0,1.0,1.0,0.0,0.5775968009078292,0.3266626222171477,0.0,0.0,0.5833877379908095,0.0,0.0,0.8889604382355789,1.0,0.8827531071483353,0.0,0.7405368742230634,1.0,0.8195769027592779,0.6362703381717165,1.0,0.7732514586248569,0.8180808462082337,0.39507684962396034,0.6854580457776485,0.33732002648913967,0.0,1.0,0.4975881477616115,0.2618601218590021,0.0,0.0,0.7711664245180662,0.5929014459040451,0.11644482918525038,0.0,0.043286509768174566,0.0,0.0,0.5572041765549093,0.0729970423934253,0.863229182039357,0.34975449617596627,1.0,1.0,1.0,0.9403340594637739,0.9056380447925712,1.0,1.0,1.0,1.0,0.0,0.013560843063690618,0.6225804796345319,0.8436177320852088,1.0,1.0,1.0,0.7269652388847613,0.5887065506666225,0.0,0.3367537809167524,0.2759109747714155,1.0,0.0,0.38502037262789524,0.4735913052170229,0.0,0.9806455836664455,0.0,0.6570619049603311,0.0983604784958711,0.11879524781750353,1.0,0.014130183096346262,0.0
148,additive/amplitude,interaction_g0.50,6,4.0030210912228235,3.942455536572489,4.209129269110801,3.965274055439757,0.030416646101278477,-0.8417700685931475,48.42453864496201,332.2523702927865,1,1,excluded,r_hat_max 1.564 > 1.1; n_eff_min 4.5 < 16.0,1.5640955138625308,1.0314160313175673,0.6206896551724138,4.472374026557246,0,63.0,1.5287411860670976,4.472374026557246,1.5640955138625308,5.4013265971812885,1.0598112391965075,15.68739361942294,2.3268322326100197,1.5191287919665435,0,1.0,1.0,0.0,1.0,0.09283322787081887,0.01913114693819408,0.79654182610313,1.0,0.08523890130399997,0.8373013527343259,0.0,1.0,1.0,0.4239730849251584,0.0,0.0,1.0,0.0,0.42538014197530305,0.0,0.0,1.0,0.7089601929755316,0.0,0.0,0.5987619845630989,1.0,0.0,0.18313879887570247,0.6114081808808861,0.32552629256726445,0.0,0.4412446864722317,0.0,0.10674945072569345,0.7725418248747873,1.0,0.7511428888335194,0.0,0.7733569028832521,0.7885246121723963,0.71300836531587,0.14573882189801712,1.0,0.27660344874937004,1.0,0.5276732692723034,0.641200546785895,0.3136590074580861,0.0073993990387320385,1.0,0.0,0.0,0.0,0.0,0.693554658310486,0.0,0.20726725862575637,0.0,0.052883638171079606,0.023268080397356748,0.11710868814208768,0.8696608191008125,0.0,1.0,0.3146479219768429,0.9575757479632789,1.0,1.0,0.0,1.0,1.0,1.0,1.0,1.0,0.0,0.18197394155617913,1.0,1.0,0.8560908278939613,1.0,1.0,0.15210086466827052,0.8021153281836866,0.0072058450351432145,0.6131527232845135,0.0,1.0,0.0,0.3167966647125402,0.4702742959540655,0.0,1.0,0.931044634520955,0.6852572581517946,0.0,0.17165499858321154,1.0,0.0,0.09780464517362954
149,additive/amplitude,interaction_g0.50,6,-0.4064388601175014,-0.5063430811251672,4.209129269110801,3.965274055439757,0.030416646101278477,0.6056007210007412,51.4672994366847,327.0534400562756,1,1,excluded,r_hat_max 1.603 > 1.1; n_eff_min 5.6 < 16.0,1.6029474054464228,1.0345905906209778,0.5517241379310345,5.626477222964466,0,63.0,1.5843421275821898,5.626477222964466,1.6029474054464228,6.0645505667870685,1.2400474433340347,8.652106079528458,2.3380818222651385,1.5201953492161637,0,0.6656692766377544,1.0,0.0,1.0,0.0,0.7271752191808176,0.1937957560119657,0.5873623280321553,0.7655764873593751,0.8288140408148318,0.4131994792432975,1.0,1.0,0.9330066751289012,0.3351719708239746,0.0,0.7098380413078544,0.0522207550913185,0.5616676751545977,0.0,0.6694463273007676,0.23003269721801983,0.09626619200714889,0.0,0.8747040757610168,0.9824697194141269,0.2645871588208746,0.0,0.5335940571384932,1.0,0.08217535537327275,0.22632464842694772,0.4110811916392437,0.7288123931185624,0.6088906074396363,0.788991210786616,0.8887884500167261,0.5081495660608206,0.3655156025249623,0.6854884234141062,1.0,0.6845073805675672,0.7155562587780038,1.0,0.5802768880967897,0.5646253222580367,0.41371493271160187,0.7410078921710747,0.9815284191376437,1.0,1.0,1.0,0.1450732274842406,0.024885549166399346,0.9818473577463036,0.3261156895612845,0.5418443082070739,0.7165759563742858,0.0,0.0,0.0,0.0,0.34670848033960133,0.3724802309567241,0.8462782944481242,0.2210933741884675,0.6858486173274998,1.0,0.0,0.0,0.7101766035008179,1.0,0.0,0.0,1.0,0.0,0.6146295325153245,0.19787926166554057,1.0,0.8019337950071004,0.8772672594343417,0.9976924970972653,0.627223190698784,0.9938089024266551,0.10644793770624546,0.4810956842975179,0.5280506621799858,1.0,0.1796826192533074,0.702948865863435,0.5626152927184337,0.3787368144211438,0.8613592388315298,0.625306441230403,1.0,0.0,0.7896600544433926,0.0,0.45833415733806016,0.0
150,additive/amplitude,interaction_g0.50,6,3.0426626857596966,3.1408538783689295,4.209129269110801,3.965274055439757,0.030416646101278477,0.8585113564681026,48.15801495499909,329.32509219413623,1,1,excluded,r_hat_max 1.585 > 1.1; n_eff_min 5.5 < 16.0,1.5854698681453276,1.0296821216811816,0.5862068965517241,5.533597265278874,0,63.0,1.5854698681453276,5.533597265278874,1.5298394323836724,6.249234388684913,1.4028444011840544,6.316515659183599,2.319785017715921,1.5314922328337353,1,0.5452128049833678,0.8171037496343486,0.0,1.0,0.45495528546217195,0.1336756544390506,0.26027658894072336,0.3926862850969772,0.0,1.0,1.0,1.0,0.9884747885242016,0.07821488720910184,1.0,0.0,0.8298834552734441,0.016741196120812762,0.5273085030956286,0.37592001648524775,0.23940922210113147,1.0,0.37165949853640534,0.7248401800056087,0.03697576030416586,0.9538208765744604,1.0,0.0,0.43010767005731443,0.0,0.0,0.0,0.4598815838967968,0.18352373246627993,0.4533669038172999,0.0,1.0,0.2404701907858461,0.8015773995249948,0.7519709433169836,0.4666049575067739,0.0,0.34514687134210886,1.0,0.5085560141456645,0.48881889358439706,0.5100454554571952,0.8688167093539902,0.9468164924804814,1.0,0.9235799850024835,0.0,0.5119704207391279,0.7162747921098498,0.0,0.8175902766127532,1.0,0.7529259172796762,0.0,0.1608834125445464,0.0,0.0,0.9500898895233048,0.25335159092121845,0.9557740538826441,0.0,0.6510882596376467,1.0,0.0,0.0,0.3268158688581553,1.0,0.37526195058074024,0.7502845000608604,1.0,0.6345914650762465,0.98582822911831,0.8541962803300642,0.9937768523442356,0.0,0.8505643142896707,1.0,0.7312504121545058,0.20464393043672424,0.9362957080316935,0.8149183249500227,0.5650914611932836,1.0,0.5016619616306872,1.0,0.0,0.0,0.4605153668885134,0.597309374176446,0.07858158738749717,0.24717785800669406,0.6567235967736026,1.0,0.9090351528611225,1.0
151,additive/amplitude,interaction_g0.50,6,3.99266223718036,3.942455536572489,4.209129269110801,3.965274055439757,0.030416646101278477,-0.4386969861152692,52.00952694192529,323.113777265884,1,1,excluded,r_hat_max 1.683 > 1.1; n_eff_min 4.4 < 16.0,1.6827377889659123,1.03310575189059,0.5467980295566502,4.442606394458027,0,63.0,1.5955668295560257,4.442606394458027,1.6827377889659123,4.593550635667604,1.080465377115929,14.519253563577912,2.3245722870407146,1.527538296627867,0,0.0,1.0,0.0,0.0,0.25977731455025466,0.0,0.0,0.04070826078100714,0.0,0.6463784813527875,1.0,1.0,1.0,1.0,1.0,0.0670136682974282,0.8558178945013156,0.4638824290825871,0.6013356339933019,0.28578881586922017,0.6972496506254424,1.0,1.0,0.6154917921168569,0.0,0.0,0.0,0.0,0.6095268811480248,0.1586321324840884,0.293867394474605,0.0,1.0,0.0,0.5183541014332294,0.0,0.0,1.0,0.0,0.7996489049220732,0.4037304267379643,0.9173333725757015,0.2613747415497258,1.0,0.36490285242536785,0.12438106793228984,0.46534450163084407,0.8206757083804728,0.45726118119018794,1.0,1.0,0.047094586803200354,0.0,0.635663843507141,0.0,0.6730625434801415,0.048689925837255364,0.0970631180750232,0.0,0.06700253412298417,0.9378522304918916,1.0,0.8357074939855033,0.06152179552856733,0.8143394689455441,0.16568411848024653,0.6655471302385196,0.6629156077663004,1.0,0.0,0.44981817103935035,0.035276217519558714,0.1442054418353579,0.03626786590576463,1.0,0.11144852252022565,0.0,0.9928277884397403,0.7414057118834985,0.8813556658079279,1.0,0.9926984202065421,0.7424293690365514,1.0,0.9541228497021039,0.29140254905080265,0.0,0.7096811188569708,0.6240617816721846,0.0,0.0,0.0,0.9140780846928358,0.5152846695347381,0.0,0.0,0.0,1.0,1.0,0.8150313626996798
152,additive/amplitude,interaction_g0.50,6,3.2926554888844075,3.2318078743655936,4.209129269110801,3.965274055439757,0.030416646101278477,-0.3898302605796031,47.96814417978749,304.4914339450188,1,1,excluded,r_hat_max 1.429 > 1.1; n_eff_min 7.8 < 16.0,1.4291662798925624,1.0133984413652157,0.7487684729064039,7.750900555758017,0,63.0,1.2993143211380962,10.402600086886464,1.4291662798925624,7.750900555758017,1.0109218665298638,44.02185977271186,2.3355465630284753,1.5284658166374818,0,0.9118520552874813,1.0,0.0,0.07571346352562872,0.06611628902351258,0.0,0.008721145198918874,0.684619228162072,0.0,1.0,0.0,0.0,0.9964108974492519,0.5842728836430733,0.0,0.08536746143127243,1.0,0.0,0.6028525526218419,0.0,0.3065961109813631,1.0,1.0,0.05752934656296291,0.0,0.0,1.0,0.0,0.7267575755213989,0.42587990231447265,0.8279275074027211,0.0,0.7918756356287021,0.008074697559105996,0.4360262887663128,1.0,0.1293366554638105,1.0,0.0,0.8322240861949423,0.8091366136735502,0.8517682501726765,0.27385858111689027,1.0,0.3052944104353547,1.0,0.0,0.4850010212784789,0.2832050665140972,0.0,1.0,0.0,0.0,0.9896780911642964,0.0,0.7221740398780968,0.0,1.0,0.0,1.0,1.0,0.10821940146082076,1.0,0.0,0.8095541083310553,0.0,0.8001930487980281,1.0,1.0,0.0,0.5095260328738106,0.7825459474582391,0.49713957364245726,1.0,1.0,0.2251228555032805,0.0,1.0,0.6892106726665935,0.874846101652611,1.0,1.0,0.8151539661540639,1.0,0.957413403781676,0.27955382224220304,0.6718582484612292,0.0,0.47390465061915155,0.026338152955116483,0.4167129082999667,0.0,1.0,0.5351729193426655,0.0,0.01016365571596661,0.0,1.0,0.7133674600000283,0.32133952099837926
153,additive/amplitude,interaction_g0.50,6,4.0031206694974095,3.9422678713815698,4.209129269110801,3.965274055439757,0.030416646101278477,0.4742513197503757,52.68846715288237,349.99038839666173,1,1,excluded,r_hat_max 1.668 > 1.1; n_eff_min 4.5 < 16.0,1.6680907131534422,1.0336288834861571,0.6059113300492611,4.537577336681696,0,63.0,1.6680907131534422,4.537577336681696,1.4964291560591008,4.959850658543136,1.2140115923492132,6.052933143075288,2.3418021769229584,1.5254135806733446,0,0.0170870101125967,1.0,0.0,0.6806148849349551,0.0,0.22428755773531195,0.6737687598745021,1.0,0.0,0.23591295622229305,0.0,1.0,1.0,1.0,0.13904024023921968,0.03144659330201434,0.1588818204561029,0.6166071558772673,1.0,0.11425494234359311,0.0,0.9999540625996356,0.22447838617711294,0.0,0.0,0.607375433613468,1.0,0.0,0.08116145428515925,0.3554116116433337,0.019511641180014073,0.0,0.43077023435182416,0.11735627882691971,0.0,0.6629896873481135,1.0,0.8702116276827055,0.0,1.0,1.0,0.8403557181167123,0.35947565251080316,1.0,0.7691245969961553,0.0,0.9237012599853206,0.7602341206378189,0.6788999291331345,0.00028061766247228627,1.0,0.0,0.2415470354137635,0.35743436420109936,0.25131656627629856,0.9376979064260544,1.0,0.42534404895928407,0.0,0.08901889925170893,0.0,0.7285778554476109,1.0,0.4072328801149403,0.7575884428237365,0.09666481954449403,1.0,1.0,1.0,0.18109162568996534,0.9858285730850951,1.0,0.732382094756089,1.0,1.0,0.0,0.0,1.0,0.6295337806769656,1.0,1.0,1.0,0.0,0.7549844903908232,0.0,0.7342505205562244,0.13931919650771785,1.0,0.0,0.3742819464592538,0.33894385717127395,0.0,0.8131216634239027,0.9978625817091634,0.9023658255737378,0.0,0.0,1.0,0.0,0.0
154,additive/amplitude,interaction_g0.50,6,4.09655411973792,3.942455536572489,4.209129269110801,3.965274055439757,0.030416646101278477,-0.2780183979690771,48.52211358305067,315.45273440983146,1,1,excluded,r_hat_max 1.617 > 1.1; n_eff_min 6.0 < 16.0,1.616537482017591,1.0393195741974202,0.5566502463054187,6.032190181646474,0,63.0,1.3568395352199518,6.965278630110721,1.616537482017591,6.032190181646474,1.007196317166402,36.63405446164386,2.3525899593422728,1.5262969911143613,0,0.9203765061647782,1.0,0.0,0.9250155709139247,0.9522031485442572,0.09457068487198056,0.8232165652841786,0.6603182840332933,0.0,1.0,0.0,1.0,1.0,1.0,0.0,0.0,0.8017520942360173,0.8083542214600593,0.9627577167432388,0.15941697905379684,0.0,1.0,0.7692495359410072,0.07028866925123121,0.0,0.6903557999181894,1.0,0.0,0.86849968733136,0.4242658701420226,0.25965323390553574,0.0570837038864385,0.49731610764057727,0.02627725727559713,0.870736639468617,0.8753766090110675,0.27034430966469064,1.0,0.0,0.6880971521838162,0.19212518658727806,1.0,0.6209450338689781,0.9539047821825507,0.16636753133928023,0.08815370923987231,0.4217040359654502,0.6815911748341424,0.5103962609880676,0.0,0.5058236431599058,0.0,0.0,1.0,0.0,0.7077399827074464,0.21861200226026217,0.058465078775024326,0.0,0.0,0.4259017025168205,0.0,1.0,0.0,0.8573919613450167,0.11755759272036916,1.0,1.0,1.0,0.07888561291116483,1.0,1.0,0.5596607082416004,1.0,1.0,0.041323751622614924,0.4784196818588099,1.0,0.2313700473295059,1.0,1.0,1.0,0.7851735291379162,1.0,0.4224298871884416,0.2901106318243912,0.5365147296692006,0.04876270991419846,0.2891870089398324,0.3431043793248492,0.0,0.0,1.0,0.49183416448191963,1.0,0.27110929231138486,0.1539522896751464,1.0,0.0,1.0
155,additive/amplitude,interaction_g0.50,6,4.000008282174993,3.942455536572489,4.209129269110801,3.965274055439757,0.030416646101278477,-0.1826474721663569,51.52199705084786,327.3763778889552,1,1,excluded,r_hat_max 1.595 > 1.1; n_eff_min 5.3 < 16.0,1.5954303932744764,1.0330828839278623,0.5763546798029556,5.25317273780781,0,63.0,1.5452276515988996,5.816390283807858,1.5954303932744764,5.25317273780781,1.0337454543973317,78.42536727874501,2.363841341022245,1.5277592589642237,0,0.8902025675800804,1.0,0.0,0.7028619017441261,0.0007845019411102216,0.06984449997824096,0.6215413188913187,1.0,0.0,0.6771207444708519,0.0,1.0,1.0,0.16658069537689563,0.0,0.27237721630409156,1.0,0.0,0.7064443011168164,0.419791056090109,0.0,1.0,0.8619774284731166,0.4649884488315237,0.0,0.5382645096030114,1.0,0.0,0.0,0.1854599009364117,0.7843968764222043,0.0,0.4167005324872144,0.0,0.7448566745333337,0.796291423909211,0.0,1.0,0.20224254699659167,0.7081493652685197,1.0,0.8073582313675844,0.43478269408653114,1.0,1.0,0.0,0.1362465150306493,0.750743103792891,0.5605336023113273,0.0,1.0,0.0,0.18835140133719816,0.03863202662259232,0.05601059635144465,0.4404810671751434,0.23150611624646616,0.32748730894370714,0.6531202241174802,0.0,0.5320694438144599,0.11664394194276653,0.7032813237798186,0.5280691100073531,1.0,0.5815567363485429,0.823520539830554,1.0,1.0,0.0,1.0,0.575240536369256,0.21736417811670838,1.0,0.7119744904553434,0.08401342088514761,0.2024720591232659,1.0,1.0,0.0,1.0,1.0,1.0,1.0,1.0,1.0,0.3392522394641049,0.3886830419257267,0.0,0.6497305311243213,0.0,0.0,1.0,0.3930558141682503,0.7940403298522063,0.0,0.6523435764762016,0.9987262124908123,0.6505493550960478,0.8273229327937486
156,additive/amplitude,interaction_g0.50,6,3.9158509277023295,3.942455536572489,4.209129269110801,3.965274055439757,0.030416646101278477,1.1440528516472477,48.12979267304763,278.7975452938117,1,1,excluded,r_hat_max 1.502 > 1.1; n_eff_min 5.9 < 16.0,1.502205064372437,1.0384572275940003,0.5566502463054187,5.902209253370413,0,63.0,1.3473409277769282,8.905729846419666,1.502205064372437,5.902209253370413,1.1514981519382506,14.986487242457223,2.374329590645019,1.5284426809191076,0,0.4280058893633739,1.0,0.0,1.0,0.4113921458702412,0.40760509952913787,0.5285159545290828,0.9861800884686324,0.159682971308103,0.6656330677269171,0.0,1.0,1.0,0.9372944491525907,0.520554973798114,0.0,0.8953836770244535,0.0,1.0,0.3260525968458063,0.0,1.0,0.2870218495093001,0.4493978134101235,0.2242538509381611,0.36611403032780687,1.0,0.0,0.6250729326108863,0.3066114000056987,0.0,0.0,0.48570324553768507,0.32570348581438385,0.8520217834629492,0.2472409859948465,0.44911754514426977,0.734026416649474,0.0,0.5824509002931699,1.0,1.0,0.567126494340881,1.0,1.0,0.6231840050575846,0.4015235429615731,0.0,0.5813761125124868,1.0,0.9570901066681515,0.46915807779743735,0.09809325860825245,1.0,0.0,0.7735544810670894,1.0,0.192645615209895,0.366665904710245,0.0,0.4359047351451096,0.0,0.6167139805768801,0.501520832129469,1.0,0.8268006771255434,1.0,0.5887754661151638,1.0,0.4788117725194096,0.3895784552456204,1.0,0.0,0.8762302244235033,1.0,1.0,0.0,0.5201676463498304,0.9951214151574794,1.0,1.0,0.44816874584027444,0.6353426874550681,0.47879985527412255,1.0,0.6250811956780871,0.21612828301795917,0.8270276648968539,0.0,0.5450805835169665,0.47440256263432334,0.0,1.0,0.0,0.543682628073382,0.06432406691124139,0.4514775708684417,1.0,1.0,0.6663060973942719
157,additive/amplitude,interaction_g0.50,6,3.8250519823095126,3.942455536572489,4.209129269110801,3.965274055439757,0.030416646101278477,0.4829586602439724,52.79817007109523,334.4429775243625,1,1,excluded,r_hat_max 1.488 > 1.1; n_eff_min 4.9 < 16.0,1.4881089418715583,1.0228925775424134,0.6551724137931034,4.927994483392687,0,63.0,1.3947614166939777,5.957214166006303,1.4881089418715583,4.927994483392687,1.0384939625364693,19.91039057637296,2.3841481978874226,1.5284948029628307,0,0.9391743856984014,0.0,0.0,0.6042309084994262,0.5208931077064055,0.26470254803851595,0.2037065768501663,1.0,1.0,0.8584116314451579,0.5791277312200646,1.0,1.0,0.8355960460125079,1.0,0.0,1.0,0.7703288714121009,0.5699437005597399,0.11000029124569989,1.0,1.0,0.0,0.7289073582789011,0.0,0.0,1.0,0.0,0.399029926686647,0.8001886652127451,0.5488350425062484,0.0,0.7342280391209076,0.0,0.5186131331810052,0.0,0.7241717554628895,0.6218555140169385,0.45651368184785485,0.9573798303452073,0.43393663984006514,0.8446607876258625,0.5768766865280878,1.0,0.5404742534102224,0.4428496384154411,0.4239533474758683,0.7845186841583865,1.0,0.5169492791556888,0.952089492500579,0.327760541184138,0.0,0.0,0.0,0.0,0.06782080375402949,0.24390551466604998,0.1024949419785426,0.2561804080697632,0.8280209173541423,0.0,1.0,0.3310004998939315,0.8590871944503541,0.23112507355855774,0.6812233256177717,0.19510904293396886,0.276728572801386,1.0,1.0,0.10482665011912275,1.0,0.9740658686176016,1.0,0.0,0.0,0.48404093440428003,1.0,0.0,1.0,1.0,0.7264513842660649,0.15820704326912374,0.8599525920684666,0.6571373498007257,0.37147389609135084,0.5781207991137391,0.0,0.4653006003050542,0.0,0.362955048379463,1.0,1.0,0.5053253937252037,0.0,0.5425474073652007,0.6100840829731983,1.0,1.0
158,additive/amplitude,interaction_g0.50,6,-2.7044681144182925,-2.582137330056618,4.209129269110801,3.965274055439757,0.030416646101278477,0.32524275514367984,48.67125038104132,347.1715089310892,1,1,excluded,r_hat_max 1.531 > 1.1; n_eff_min 5.4 < 16.0,1.5314758834709779,1.030101624688469,0.5911330049261084,5.4369439046118995,0,63.0,1.5314758834709779,5.4369439046118995,1.4240851067931926,6.374532437689705,1.065015655520486,104.78295407077873,2.3932678420926257,1.5279290031876607,0,0.0,1.0,0.030272850466880902,1.0,0.17202123601063354,0.0,0.4499000988875305,0.1619749648054921,0.0,0.6911606938090874,0.7043301811744598,1.0,1.0,0.02834556579325242,0.34115981827170305,0.8840962732605873,0.4371631853383739,0.9981240166425486,0.7757662165697721,0.0,0.0,0.035215613942753916,0.19407391703119717,0.2754413672052627,1.0,0.29970199983439993,0.993036042354953,0.0,0.4253250405174668,0.48200497300765593,0.0,0.46707191030862566,0.7450828996989148,0.16226884942139155,0.9108651262175234,0.0,0.979122227906683,0.46526528981168724,0.0,0.9497323111462505,1.0,0.0,0.7493627267846732,0.3205771812497158,0.5562679716538458,0.37461259961392335,0.3062254410638387,0.05472214012953293,0.6456172447144208,1.0,0.5725954616170187,0.0,0.3835084522052365,0.30520505526425085,0.09428379189813393,0.7590065569574679,1.0,0.9393851437141364,0.15430025910210646,0.0,0.0,0.20254184674706635,0.0,0.0,1.0,0.297512757632722,1.0,0.8737487310168801,0.6238822317777013,0.0,0.4110019301949331,1.0,0.511374490475384,0.0,1.0,0.0,0.0112466324796335,1.0,1.0,0.0,0.4147291102126301,1.0,0.2833154822820747,0.0,0.439254572331567,0.4471232799641322,0.6508640578496877,1.0,0.38054642853013027,0.3563283728394512,0.6291908240703534,1.0,0.6981032999898438,0.39536806052948925,0.40609382569563585,0.6214763552366688,0.0,1.0,0.0,1.0
159,additive/amplitude,interaction_g0.50,6,2.7188659085920053,2.7033835740897487,4.209129269110801,3.965274055439757,0.030416646101278477,0.18826221654270148,52.681621042080224,339.73972697230056,1,1,excluded,r_hat_max 4.418 > 1.1; n_eff_min 3.1 < 16.0,4.418365289812504,1.0512137202181788,0.4876847290640394,3.083017657802816,0,63.0,2.736692554810586,3.3669275361120437,4.418365289812504,3.083017657802816,1.709253414588656,4.861568778218344,2.361206609661739,1.5755303875093514,0,0.5233864564339936,1.0,0.0,1.0,0.0,0.0,0.44753312944636264,0.8600553934421846,0.0,0.7345532773947437,0.0,1.0,1.0,0.16916741634052296,0.10365344716068696,0.07015995678792589,0.8509940607015782,0.2065761880046338,0.8070548355107887,0.04500748954916421,0.0,0.8345493851525172,0.7174491052163086,0.25893434713265356,0.038187796091202056,0.6956444822104348,1.0,0.17502164784870283,0.12254540890081621,0.11615159595976059,0.25174498158430525,0.0,0.48947920409613177,0.0,0.7523294646305759,0.676030778424803,0.0,0.7852884157955814,0.14725064761548762,0.8927184800024097,1.0,0.8538765634307932,0.750787622623147,1.0,0.4605286470154057,0.0,0.4421433274852744,0.6573073938746915,0.6668050478784153,0.0,0.6039613228719665,0.0,0.2311804518280319,0.0,0.028589810702147243,0.6600457480283642,0.331320731974622,0.28349070070252264,0.7645281768548075,0.0,0.4187801145031459,0.0,1.0,0.34599777960933814,0.9064390196787803,0.3541363277351327,0.8981696110234779,0.9028412083053238,1.0,0.08916800686373087,0.8264932955721953,1.0,0.22462653206515723,0.6373866326871765,1.0,0.09132477998030539,0.0,1.0,1.0,0.0,1.0,1.0,0.6297330593154589,1.0,0.9260518020639559,0.7239333285841694,0.5624189709592157,0.91510097572575,0.0,0.5068197475959944,0.0,0.0,0.7624049499043541,0.5392714266880111,0.9485255664811659,0.0,0.2975925334631339,1.0,0.6946970863690697,1.0
160,additive/amplitude,interaction_g0.50,6,3.1780940738839636,3.1526389045165115,4.209129269110801,3.965274055439757,0.030416646101278477,0.736099984714083,45.432342721149325,341.01921847322956,1,1,excluded,r_hat_max 1.399 > 1.1; n_eff_min 6.3 < 16.0,1.3992307650334757,1.0209944722404871,0.6699507389162561,6.331268737507183,0,63.0,1.3992307650334757,6.331268737507183,1.274245848641449,9.567667656382358,1.011784831127924,27.199445084486598,2.363441980280053,1.5708520478261083,0,0.8121928779746055,1.0,0.0,0.7236377624021648,0.0,0.08533799043750133,0.9427530723346527,0.6646671129277701,0.0,0.992919186139847,0.0,1.0,1.0,0.8973496682317205,0.0,0.0,0.8664729278806188,0.7771803546558265,1.0,0.15768486302147403,0.0,1.0,0.7752999467824117,0.4671058703674894,0.0,0.910753176356427,1.0,0.0,0.0021625646719828765,0.249957988436804,1.0,0.0,1.0,0.20311209641332917,0.8611866008938482,0.8555883071738708,1.0,0.9033359177211647,0.0,0.7348332848272747,0.681215702534006,1.0,0.4067709839256843,1.0,1.0,0.0,1.0,0.2970149091209625,0.6010736038688631,0.0,0.9128108058896075,0.5523764019648354,0.0,1.0,0.0,0.95517777030335,0.0,0.47140523253469574,0.0,0.0,0.0,0.0,0.5759812580151938,0.26107196331034466,1.0,0.0,0.8344736470848779,0.9054453793057732,0.0,1.0,0.047811693362799466,1.0,0.36809353665424627,1.0,1.0,0.0,0.44209065205431386,1.0,0.9997953211111967,0.8438325333158383,0.8522756977455435,1.0,0.7887501744173535,0.9826858238120215,0.0,0.1943744060289331,0.24540500738974835,0.08944827434756367,0.21224923197008377,0.5228996822245267,0.40317604616861097,0.0,1.0,0.8801700662311822,1.0,0.0,0.11331189545615965,0.6233145431320355,0.9145631725619716,1.0
161,additive/amplitude,interaction_g0.50,6,4.008303272486728,3.942455536572489,4.209129269110801,3.965274055439757,0.030416646101278477,0.38052933519373466,53.12880652025342,343.75995091488585,1,1,excluded,r_hat_max 1.687 > 1.1; n_eff_min 5.5 < 16.0,1.6874657287050696,1.0260487795721644,0.6403940886699507,5.4519411407840295,0,63.0,1.6874657287050696,5.4519411407840295,1.376010925081385,7.521454283901814,1.0298381002533445,120.78067262418368,2.368501931172003,1.5672734581648358,0,0.7933009469851847,1.0,0.0,0.7110562835799485,0.0,0.0,0.925511064793957,1.0,0.0,0.13167679486542042,0.0,1.0,1.0,0.0,0.0,0.003925604758861235,0.5837551106227917,0.10405782293624434,0.5870078504312056,0.3462890427560649,0.0,1.0,0.836670567187898,0.029512330910320954,0.087887516596495,1.0,0.7971139146000852,0.0,0.5960997677565505,0.625387986170104,0.5000072768178758,0.0,0.8859643608245048,0.5325035162411305,0.2884203959943348,0.0,1.0,0.7986965441265131,0.0,0.760236678344351,1.0,0.9992061947755175,0.5002409893206009,1.0,1.0,0.0711824715011532,0.6145577822218427,0.9741882053411938,1.0,0.0,1.0,0.10038608032168801,0.0,1.0,0.0,0.9399146371824845,0.0,0.4204949885589105,1.0,0.32922352747579614,0.0,0.0,0.884013944938397,0.0,1.0,0.0,0.726218160755329,0.8522736292904131,0.0,0.6145058721136096,0.3366294464662807,1.0,0.0,1.0,1.0,0.9514916236177235,0.0,0.3881223208515656,0.5857085073558759,0.0,1.0,0.9720954158883542,0.8470576131944263,1.0,0.9632654401842049,0.27884601370646184,0.4282734867810296,0.8665417891026964,0.0,0.41915646503180654,0.38935765663878114,0.0,0.8899888917643597,1.0,0.7950666074784593,0.07723978835929317,0.7221908278104227,1.0,1.0,0.9644941476358478
162,additive/amplitude,interaction_g0.50,6,3.3743856852117102,3.262803057559072,4.209129269110801,3.965274055439757,0.030416646101278477,0.9134665076594746,50.73706626985222,350.1924599497579,1,1,excluded,r_hat_max 1.634 > 1.1; n_eff_min 5.0 < 16.0,1.6335823296733458,1.0281412092037239,0.5911330049261084,4.990877760987454,0,63.0,1.6335823296733458,4.990877760987454,1.4152663775408563,8.216964057105058,1.097461757886149,48.26322181403352,2.3786241616739456,1.5676987752977793,0,0.0,0.7750710030959327,0.726042749585842,0.8959505452890056,0.20934291467972896,0.22489195375718601,0.8727667653705772,0.2945520380196696,0.6271568817773051,0.7709018770788134,0.0,1.0,1.0,0.9316454164356003,0.8841551150020213,0.6091656971813982,0.8318192315557551,0.34788646453193695,1.0,0.7344968334640536,0.0,1.0,0.0,0.7308430784104702,0.0,0.14191990028000215,0.0,0.0,0.5539041095375045,1.0,0.3738562786629844,0.0,0.2377509261374963,0.5413029000832722,0.7749617514605868,0.0,0.7961610819275425,0.49236219436656503,0.0,0.403499468712195,0.3280832119705846,0.5340533522916837,0.6800926075340662,0.16218723527568846,0.13774000263667796,0.09600399577835775,1.0,0.18131051701770787,0.8542166600896122,0.8486138881440922,0.2632642386654049,0.17347693334637965,0.10286017772854028,0.26120720024858207,0.0,0.3477127055613279,0.4078623738041376,0.1318977463170216,0.6486039633340757,0.5007936787569763,0.1152611109142059,1.0,0.4820612514430412,1.0,0.7777675907481941,0.0,0.7615375977751501,0.44925791805595516,0.21041796461639312,0.6858934932364649,0.0,0.1393706476786727,1.0,0.155886176915796,0.34234380039755696,0.24902440716628876,1.0,0.9720029394449345,0.9705292157831671,0.20521367282377692,1.0,0.733419183086578,0.2680220208167898,0.7111612951820521,1.0,0.08481108284051289,0.7166440178991521,0.59901599103135,0.050900714789978936,1.0,0.0,0.047262151846150444,1.0,0.36199284504224655,0.0,0.0,0.3856420549415159,0.6104222003382885,0.24267498299674684,0.623231774516879
163,additive/amplitude,interaction_g0.50,6,2.2135770676984396,2.3925777785953235,4.209129269110801,3.965274055439757,0.030416646101278477,0.9456015884787554,52.58279234403744,351.1629647258669,1,1,excluded,r_hat_max 3.139 > 1.1; n_eff_min 3.1 < 16.0,3.1393569587305676,1.0355669256060456,0.5763546798029556,3.144889231761691,0,63.0,2.4283638791117435,3.5650636566411587,3.1393569587305676,3.144889231761691,1.6690072554805488,4.797770640372324,2.384733128076018,1.5648154575713342,0,0.37795267784413394,1.0,0.0,0.9316489235327207,0.0,0.0,0.23619991105163757,0.014502145153790957,0.0,0.722776169707674,0.0,1.0,1.0,0.0,0.7001708888274275,0.0,0.9993535029273991,1.0,0.865949424581313,0.051297692822365966,0.16008344855882187,0.6262835378347895,0.0,0.7243305920432603,0.2377276113021248,0.352056413476719,0.29774790104690874,0.0,0.49824355035731943,0.0,0.47098655779614923,0.7582393824367736,1.6842774193682902e-05,0.8230008274606576,0.8298462001533123,0.0,0.9978516797946418,1.0,0.21261948903354888,1.0,0.1458739704573267,0.0,1.0,0.6429280355361986,0.6030651167199509,0.1983461717568631,0.1814290800646273,0.382768547099599,0.5120125271041494,1.0,0.066458628399294,0.8045694816644169,1.0,0.7658264740294615,0.0,0.5834940567612524,0.8492941247014651,0.9887734323564232,0.66718297467477,0.0,0.0,0.39609808610596525,0.7706441860787553,0.07679676730145571,1.0,0.07304766803492928,0.9838128913481112,0.9445397207330223,0.541350641856245,1.0,0.5585301398140164,1.0,0.41510446769152287,0.0,1.0,0.6182895552401794,0.057844793098585,0.6452420353082269,1.0,0.0,1.0,0.9444874053428484,0.7883257112465214,0.8684233704646962,0.0,0.5700688694825117,0.8866723360349,0.5798414983980481,0.0,0.5173678714212231,0.0,0.6485032550609101,1.0,0.17778768297258238,1.0,0.19389319655127443,0.0,0.9339689114968891,0.5312753702732648,1.0
164,additive/amplitude,interaction_g0.50,6,2.997596658079233,2.937801246980591,4.209129269110801,3.965274055439757,0.030416646101278477,-0.544943141649473,51.00766284391284,369.7909888890572,1,1,excluded,r_hat_max 1.534 > 1.1; n_eff_min 4.5 < 16.0,1.5342631849634043,1.039468825840594,0.5714285714285714,4.494996464218867,0,63.0,1.4915459548333214,5.17394736291994,1.5342631849634043,4.494996464218867,1.0947743057347603,12.10127962954094,2.3836894935615205,1.560094283857479,0,0.7313551675211911,1.0,0.028797586234350282,0.7550545660992574,0.44620688844904366,0.0,0.49140000772622344,0.5585911634865276,0.0,0.6922182118124924,0.04268467002656596,1.0,0.3708096267365672,0.019490218165710425,0.057319229562095134,0.08751276331553216,0.9083397186306736,0.2261939860399051,0.7106628822370109,0.07241543769181247,0.09062080275035794,0.999834006175155,0.6950912059487006,0.31804316391834725,0.28035304258984395,0.6403609529787956,0.4780298714003237,0.5762064106591624,0.40488340569616255,0.3247694427276864,0.9246426089115896,0.38490312217872824,0.5704973586278024,0.05376008123870264,0.18223012553345555,0.4467502603843888,0.13332523295754498,0.9137311420255051,0.7372705722051438,0.9036218649933339,0.8463285721520089,0.8538878678287394,0.4926037133115093,0.4689890200771385,0.7332562066848848,0.0587484725404236,0.10793071970085223,0.7069398268089246,0.8188945482425916,0.8258487887071431,0.7496049811629247,0.1586183157791607,0.0,0.7469442463038493,0.2670962577017505,0.6817372942941763,0.28320550564690755,0.6617648753778137,0.3844876546373278,0.0,0.4030418060373806,0.2965628548943015,0.769126750736454,0.2764769993184482,0.6037798810273386,0.555164469953417,0.9286476455783699,0.905886748113841,0.5842640509213819,0.06876762516434312,0.13115520999814173,0.4288805960338781,0.748239657281125,0.19030840107785224,0.896565040996039,0.09020116339522428,0.12595712473326146,1.0,0.952276676369893,0.06901395356020003,0.4573438086174628,0.024540053653524026,0.6271146315501481,0.4030483646800294,0.6680607090944989,0.5451449651477996,0.41841308439041136,0.8310459657327008,0.21420792486838833,0.6707428806434439,0.20883128836897938,0.12329710804034523,0.6976938793679454,0.5938967892308606,0.9142018267606631,0.15712429221354393,0.00859999893290133,0.8461680728681928,0.30308340004378065,1.0
165,additive/amplitude,interaction_g0.50,6,4.136619937678731,3.9427591706262266,4.209129269110801,3.965274055439757,0.030416646101278477,-0.5345097930469884,52.7800851278007,333.43923241086304,1,1,excluded,r_hat_max 1.584 > 1.1; n_eff_min 6.4 < 16.0,1.5841115587359513,1.0250363073552058,0.6206896551724138,6.400728061663712,0,63.0,1.3182562115783594,7.339579828892414,1.5841115587359513,6.400728061663712,1.26470915163613,17.29459328482374,2.387410143043446,1.5560891975978843,0,0.0,1.0,0.0,1.0,0.0,0.050405902615922496,0.0,0.5346785638351464,0.007376970012729681,0.6956924890845291,0.0,0.9996011359006338,1.0,0.4322556067099864,0.0,0.0,0.2613852723767752,0.9999839776235717,0.7665396546230598,0.0,0.0,1.0,0.3601295790030627,0.01041186537209272,0.18979114409990985,0.01439590749904818,1.0,0.020752517618717558,0.058743790125944266,0.9652821686412717,0.885429700949611,0.0,1.0,0.08465038076165227,1.0,0.0,1.0,0.41413702597872004,0.0,0.8518028833247926,1.0,1.0,0.9913704505277204,1.0,0.75327994351093,0.1121148076853774,0.9771527182774843,0.6970533761863245,0.9054489900927502,0.0,0.5828404579259151,0.09976559686354866,0.0,0.8714362934667681,0.26703450379634514,0.7378688213041984,0.5227370368059805,0.76622615121976,0.0,0.0,0.0,0.972048200272183,0.8370849998903619,0.12542199019420097,0.5641012281077288,0.00047420818199855403,1.0,0.353287989098549,1.0,0.02825986262798098,0.0,1.0,0.9123209733579709,0.4055953644034303,1.0,9.049790729720275e-06,0.0,0.2971277551595642,0.9449161423785315,0.939683352156667,1.0,1.0,0.27418548904317613,0.6236952793984277,1.0,0.2992216637403754,0.0,1.0,0.5783318425765153,0.42603963510218507,0.0672516793681156,0.0,0.9215552032329897,0.0,1.0,0.0,0.005490708168248937,1.0,1.0,1.0
166,additive/amplitude,interaction_g0.50,6,0.6067099684261162,0.5837984068263622,4.209129269110801,3.965274055439757,0.030416646101278477,0.8967127415208158,49.97741785598919,333.0747513859533,1,1,excluded,r_hat_max 1.356 > 1.1; n_eff_min 6.8 < 16.0,1.3560823697939972,1.0256121439144168,0.6059113300492611,6.81278623741292,0,63.0,1.3385630240353388,7.281738378240303,1.3560823697939972,6.81278623741292,1.1459873556504432,17.026425233722968,2.3979475514448634,1.5572886254738112,0,0.9737434286422576,1.0,0.0,1.0,0.2944082563087405,1.0,0.8442609570128536,0.0,0.6436175651675676,0.6383012404123681,0.0,1.0,1.0,0.0,0.0,0.07451706991159542,0.27828416843758813,1.0,1.0,0.0,0.011240245412804706,1.0,0.0,0.5720660891688785,0.004269030384327284,1.0,0.0,0.0,0.0015137369249735816,0.4720328131365779,0.15763396232722135,0.0,1.0,0.0,1.0,0.0,1.0,1.0,0.0,0.733173402346849,0.4248477783422713,0.7700866105963137,0.27831873241129135,1.0,0.9994843092462251,0.02403517893602386,1.0,1.0,0.04571313688502401,0.7388363059281072,0.7427872405722247,1.0,0.0,0.0,0.0,0.906766914871253,0.1619039552069596,1.0,0.0,0.0,0.001135698235405313,0.0,0.15603632864804287,0.44493205371727124,0.6062066867028462,0.34123160903215916,1.0,0.7677645819796864,1.0,1.0,0.12920388324139306,1.0,0.7824387711926913,0.057024021524293374,0.5446699892765734,0.38836243196484,0.0,0.5619335537274633,0.7117426906760036,1.0,0.4522149151189315,1.0,0.0,0.6462487227140747,1.0,0.838989235003391,0.0,1.0,0.4090924071127581,0.998878956342361,0.2719316809591516,0.0,1.0,0.9268165685532634,0.9101772549725304,0.0,0.6910713880632101,1.0,0.9091328738438094,1.0
167,additive/amplitude,interaction_g0.50,6,2.495903595792654,2.385648145726281,4.209129269110801,3.965274055439757,0.030416646101278477,-0.3907995027072002,53.846377269830555,336.41601165384054,1,1,excluded,r_hat_max 1.390 > 1.1; n_eff_min 5.9 < 16.0,1.3904646256803763,1.0256432978647356,0.6206896551724138,5.884055345798876,0,63.0,1.3753021319225034,5.884055345798876,1.3904646256803763,6.145865247369317,1.0424314875178071,34.25715721545064,2.387221577893853,1.5587571138472256,0,0.33968315312591435,1.0,0.0002615088963737457,0.9763058324885381,0.0,0.0,0.7457838331104211,0.4830721918875529,0.0,0.37411138038967096,0.0,1.0,1.0,0.9698651348276182,0.0,0.0,0.712651628476557,0.7374394199872307,0.7962912244639333,0.0,0.0,0.9997916334543887,0.25446827758190055,0.0,0.0,0.6660640136147924,0.9040535739529335,0.47933324343453776,0.5009788002836331,0.6204469823033605,0.12484236357607943,0.0,0.4221392134397737,0.16890845027202167,0.0,0.4606526137221242,1.0,0.6505032362604519,0.0,0.7924654991951028,1.0,0.8616307165620675,0.7216367504432535,1.0,0.5721250493100318,0.0,0.3543701639195984,0.6012873055440302,0.5160814036880537,0.0,0.9537674374037358,0.03762462883689493,0.0,0.9314840233860118,0.3215442940221027,0.8208558024435122,1.0,0.3482910027713727,0.0,0.0,0.0,0.5403086731926992,1.0,0.0,0.8210602977792779,0.14168239042910785,0.878225108831916,1.0,1.0,0.017023617328572445,0.5762646581252621,1.0,0.3756827023341312,0.9401563019367815,1.0,0.0871120288109766,0.0,1.0,0.7902989405380174,1.0,1.0,0.9954639590930779,0.0,0.6784693540453297,0.0,0.4007966915358887,0.3636230459338648,0.829519909660364,0.19591105869396924,0.2401038217948114,0.4417969107285587,0.0,0.8211755716394485,0.784115302832756,1.0,0.12538094450329712,0.0,1.0,0.0,0.22003381644492653
168,additive/amplitude,interaction_g0.50,6,-0.6366830032610771,-0.6053029925469905,4.209129269110801,3.965274055439757,0.030416646101278477,0.8991302744294871,50.40871144970879,272.20892650913447,1,1,excluded,r_hat_max 1.563 > 1.1; n_eff_min 5.2 < 16.0,1.5627012729274994,1.0325689677054077,0.6305418719211823,5.190734485924613,0,63.0,1.5627012729274994,5.190734485924613,1.4962657327917315,6.02750969295379,1.004466585354133,47.8619193519215,2.38786849466706,1.5541335169087,0,0.025663483594969907,0.4911944274266102,0.0,0.8117966550194511,0.45840621312197016,0.0,0.6523565526096834,0.04334173060715785,0.5652705346834571,0.7373633293875402,0.5188520599819525,1.0,0.5630135627006239,0.8443178465686,0.8456772274169604,0.08600349365849363,0.5832016767013376,0.5435538331410453,0.923549673478313,0.15623350036812014,0.0,0.4830170561489777,0.10025909257345765,0.32258106715971163,0.10192594972483664,0.13479099015435336,0.7155349164671483,0.6819235939302274,0.6041316450085085,0.6111968508482396,0.7408604122135507,0.0,0.590429498715086,0.16286683466874224,0.3078900048565297,0.0,0.2477281078505006,0.6930069964450523,0.6968807830501886,0.5953714632175556,0.16564323482800905,0.9999986603321039,0.20251503285050115,0.18628905575571444,0.6227636762956372,0.0,0.08805719981968477,0.999999050958816,0.4301833236171785,0.8817353961881114,0.44061545970345845,0.0,0.0,0.629472013657099,0.2973914086493431,0.8685713701506766,1.0,0.848331418507875,0.39940035734324025,0.44282519659067743,0.0,0.09637180708841277,0.44486038048720233,1.0,0.843513091712366,0.5347567540335021,0.3280928526357141,0.716743108556011,0.8503559248979129,0.0,0.1011471249771461,0.775936126310079,0.0,0.5726767333297201,0.9881312709531546,0.0,0.8612999486313643,0.6328314740915729,0.8504636558447937,0.9891748888835025,0.0,1.0,0.6170084393286345,0.4554086589561947,0.96051994117756,0.41658742471710636,0.6802806917447585,0.40337240716253675,0.35227931244558763,0.38042480728573613,0.4138838797967059,0.9564302111877374,1.0,0.4919361898367107,0.7100103596075016,0.0002732802910892725,0.3905463265142736,0.42679487517629977,0.528733226673337,0.2546334363213679
169,additive/amplitude,interaction_g0.50,6,3.989590084570487,3.942455536572489,4.209129269110801,3.965274055439757,0.030416646101278477,-1.0841900980586452,53.107827834784985,317.884629832115,1,1,excluded,r_hat_max 1.713 > 1.1; n_eff_min 4.9 < 16.0; divergences 6 > 5,1.712974587579048,1.0273913692111827,0.5911330049261084,4.85478806565941,6,62.7734375,1.4873876260439438,4.889386711018317,1.712974587579048,4.85478806565941,1.0293673618908858,29.883884890090982,2.3699717402414495,1.5667955995044613,0,1.0,1.0,0.0,0.0,0.8671859022189587,0.0,0.6259494897606864,1.0,0.2605054642471608,1.0,0.0,1.0,1.0,1.0,0.0,0.0,0.9353751724861462,0.6684188440233083,0.6580250292298925,1.0,0.15105570324991302,1.0,0.8649399377400345,0.0,0.0,0.0,1.0,0.0,0.0,0.28034020722435693,0.5033272231728966,0.14814219004188714,1.0,0.0,0.0,1.0,0.0,1.0,0.0,0.0029280798522290288,0.5615205246305833,0.8749943512828797,0.4895255213165169,1.0,0.773268808264276,0.11703634524767852,0.09847664805149452,0.6792215251903311,0.2417332107463677,0.0,1.0,0.0,0.0,1.0,0.0,0.7882150607313084,0.0,0.584490221793159,0.0,1.0,1.0,0.0,1.0,0.21714423860138277,0.845736800701146,0.0,0.8347986508013188,0.0,0.9147801017050643,0.12344675775719545,1.0,0.0,1.0,1.0,1.0,0.0,0.4754692638608149,1.0,0.5511238936043062,0.0,1.0,1.0,0.1640218969318451,1.0,1.0,0.23493510415187527,0.0,0.0,0.0,0.0,0.0,0.0,1.0,0.0,0.0,0.0,0.0,0.7600566785202612,1.0,1.0
170,additive/amplitude,interaction_g0.50,6,3.8817677734239417,3.911791843552307,4.209129269110801,3.965274055439757,0.030416646101278477,-0.6470186002148655,50.80314336204901,345.98416623519734,1,1,excluded,r_hat_max 1.359 > 1.1; n_eff_min 8.0 < 16.0,1.3593994588415526,1.0235594293857895,0.6650246305418719,8.024294457412896,0,63.0,1.2928146041549435,8.456973530202765,1.3593994588415526,8.024294457412896,1.0359684693701379,53.183366622201525,2.3794989069727968,1.5670825672964726,0,1.0,1.0,0.0,0.9975646487715527,1.0,0.0,0.45657513372028397,1.0,0.0,0.0,0.0,0.9994399695884558,1.0,0.876442865872599,0.0,0.8921342349921426,0.782351238508624,0.9985198775890318,0.6625226242948722,0.0,0.0,0.9925064783532397,0.0,0.09946199582087237,0.8806868668834876,0.683426640217009,0.9732054856121967,0.0,0.629051011513165,0.0517320276256536,0.0,0.0,0.9741133712643117,1.0,0.0,0.0,1.0,1.0,0.0,0.4746480445863705,1.0,0.8164196060302019,0.5842893579066275,1.0,0.003650682131577524,0.0,0.12132997354666102,1.0,1.0,0.0,1.0,0.3965678976027669,0.0,0.41720592191009875,0.0,1.0,0.09882024783033437,0.9439127773954609,0.0,0.0,0.0,0.0,0.7389918039569406,0.0,1.0,0.3566670720045201,1.0,1.0,1.0,0.7871488780282778,0.3232063109486037,1.0,0.3796028836177916,1.0,1.0,0.0,0.0,1.0,0.0,1.0,1.0,1.0,0.27783203064729906,0.9859492829300638,0.0,0.0,0.0,1.0,0.0,0.6421108029368975,0.5878881599136867,1.0,0.7257288154687834,0.0,1.0,0.0,0.0,1.0,1.0,0.7514521273936163
171,additive/amplitude,interaction_g0.50,6,4.002962886692578,3.945760660433699,4.209129269110801,3.965274055439757,0.030416646101278477,0.3059078266660946,54.30075917439535,333.15027429535985,1,1,excluded,r_hat_max 1.999 > 1.1; n_eff_min 4.2 < 16.0,1.9986962793679164,1.0306160433708467,0.5615763546798029,4.232784872077123,0,63.0,1.9986962793679164,4.232784872077123,1.6356775336814804,4.3748668300932865,1.4361643957740216,7.655041288947149,2.3882841050222186,1.5666867027101754,0,0.0,1.0,0.0,0.7317403710437108,0.0,0.0,0.48529192640049884,1.0,0.0,0.8033282132286818,0.0,1.0,1.0,0.9583947842838739,0.24019718040104338,0.0,0.8435905761899207,0.8090797665662408,0.8656424094633537,0.46558203040744267,0.0,1.0,0.21286581667890572,0.0,0.0,0.0,1.0,0.004337995411212189,0.4840930051914984,0.8169886916317933,0.6434829776031894,0.0,1.0,0.13254120534784436,0.08041171237686297,0.0538663646595708,0.6072361286953727,0.8581588532472203,0.0,0.7986367034916025,1.0,1.0,0.5783649985285001,1.0,1.0,0.5705608268768366,1.0,0.6243347028642007,0.42649690823788683,0.0,1.0,0.4322462289950189,0.1460796775127582,0.5577797969721945,0.26715807330186125,0.7267089106999264,1.0,0.6002099625597913,0.0,0.050018426497518954,0.0,0.0,0.7794419997310639,0.4483784141356065,1.0,0.6087015172256562,0.951059570222155,1.0,0.9312714611626833,0.19922665727816305,1.0,1.0,0.428679071477909,0.08845830619737607,1.0,0.0,0.8297042487367725,1.0,0.9172820741778769,0.8458715749059779,1.0,1.0,0.0,0.5313486792000833,1.0,0.1776915177767606,0.4856457659273778,0.6375102747163226,0.3222600723193558,0.643510160199925,0.0,0.0,0.9074220749067275,0.3213080341406775,1.0,0.0,0.36062951347745403,1.0,1.0,1.0
172,additive/amplitude,interaction_g0.50,6,-0.1440539149605221,-0.10463631693879533,4.209129269110801,3.965274055439757,0.030416646101278477,0.6719478962533829,50.26321758469567,272.9393277927302,1,1,excluded,r_hat_max 1.504 > 1.1; n_eff_min 5.6 < 16.0,1.5043637836178358,1.0374922513129972,0.5714285714285714,5.626422565979245,0,63.0,1.5043637836178358,5.626422565979245,1.3628662371987443,6.780954942107443,1.0714065667413455,42.93981591621619,2.3976717723575116,1.566941853601065,0,0.7078428897555704,0.49676212167842043,0.17996669048809014,0.07262662474169088,0.11011100512033212,0.06592351125966872,0.22486026568262504,0.5122400512594096,0.2818398291458942,0.39735756625086943,0.15589417577628328,0.0,0.900367291553554,0.029904355279517382,0.38696100522774596,0.7684135060281578,0.19928714360910146,0.529424468356416,0.6349728005148736,0.10506511276015043,0.14490531259985417,0.701135080802328,0.4089360223307836,0.006319647860895432,0.5382039973538209,0.6460219436119563,0.9671798595613644,0.0,0.3657483865023641,0.006244525316373001,0.7156818903936354,0.9445267797098398,0.6546493522479663,0.6289708575148053,0.6571719947596429,0.34113737717929166,0.8969036410163551,0.7517313962002337,0.4060276988485604,0.22269739366455482,0.46891559259257115,0.4697264282909002,0.12945490525113038,0.8394736705259399,0.602340100735623,0.4792111774388966,0.8918441372083115,0.7563398291683079,0.5000220554735676,0.9903036647765412,0.9249723201022506,0.5912237900647407,0.0002546278652229067,0.6580083121667214,0.9271544786251449,0.6648129665841439,0.8399778312783064,0.9114949569596714,0.8902042948072048,0.7743076683868404,0.41472065307543116,0.6014997032653415,0.6848108365486116,0.5182881138266627,0.9038228779160932,0.9993440321754584,0.2734952757152878,0.563067426259228,0.22705125683284022,0.4817078984327944,0.1110918714096417,0.18458999135244764,0.9040058879166231,0.057753147336924736,0.2543116051020223,0.3753744877796743,0.7155425205202676,0.38475255226657856,0.34604505323218004,0.02136713991106624,0.4025231184362327,0.08752032928554807,0.5733508237603626,0.746743175328422,0.3305620101971804,0.4592442532574594,0.8823119458345723,0.31328409911659844,0.6723211262593732,0.9495234514217005,0.9476017819007829,0.7687913011752745,0.36889571239337066,0.5334348006877995,0.3721790162607684,0.5855803743193764,0.2864371072218373,0.09611226751996156,0.13725467795846316,0.2717133872106564
173,additive/amplitude,interaction_g0.50,6,3.8756049575614497,3.942455536572489,4.209129269110801,3.965274055439757,0.030416646101278477,0.269087294754061,53.67702300474048,336.8379731308669,1,1,excluded,r_hat_max 1.437 > 1.1; n_eff_min 6.0 < 16.0,1.4374608737096144,1.0380641239549961,0.5763546798029556,5.953989445909948,0,63.0,1.4374608737096144,5.953989445909948,1.3739533932439352,7.696323064630924,1.0265325940442558,33.55374064409394,2.382979716361454,1.5742431729199682,0,1.0,1.0,0.0,0.0,0.0,0.0,0.541094269939924,0.740584943725537,0.0,0.8055573089594997,0.0,1.0,1.0,1.0,0.0,0.0,1.0,0.8323957162284482,0.6654066459149306,0.6079065879917902,0.05716958277697573,1.0,0.0,0.0,0.0,0.0,1.0,0.0,0.5862886716545819,0.3617757714046337,0.4913899951137458,0.9719716852261684,0.46385159414325855,0.0,0.0,0.7815501085228532,0.09157385364444937,0.9344136726099811,0.0,0.7811244557224695,0.8052993272660817,0.8877640944602286,0.4874546760623175,1.0,0.0,0.15164391556286144,0.16383037341149947,1.0,1.0,0.0,1.0,0.39744918013230957,0.0,1.0,0.0,0.8014654917854188,0.0,0.0,0.0,1.0,0.5453374290047128,0.0,0.7431743862815621,0.3898628226967492,0.7540548420335071,0.0,1.0,0.0,1.0,0.0,0.29918471966826016,0.9553656641179435,1.0,1.0,1.0,0.0,0.5441661660245891,0.006396491489169275,1.0,1.0,1.0,1.0,1.0,0.9867566819182009,1.0,0.06551676744585955,0.0,0.6733475200950714,0.6742478625335505,0.6994582001191085,0.0,0.12425088538426288,0.7887715361751312,0.4162031809367202,0.4134568086833691,0.0,0.366882827468025,0.6898773358438075,1.0,0.0
174,additive/amplitude,interaction_g0.50,6,3.952564700546247,3.944283790229899,4.209129269110801,3.965274055439757,0.030416646101278477,-0.3214492265864597,51.17266486492008,338.6654475997202,1,1,excluded,r_hat_max 1.583 > 1.1; n_eff_min 5.7 < 16.0,1.5829765945728609,1.0225148081096158,0.6354679802955665,5.733509881894118,0,63.0,1.5829765945728609,5.733509881894118,1.423019275099434,6.048360136443198,1.2543273086131335,12.85835981835158,2.391558022345362,1.5737628183943944,0,1.0,1.0,0.0,0.5715447396974145,0.036551062898822415,0.06331237745987395,0.8086125027240442,1.0,0.09361282916815962,0.6510856785076442,0.06595186582715802,1.0,1.0,0.07148602188839977,0.0,0.0,0.5394669767433335,0.34110005871699617,0.7300818278534844,0.0,0.14694593666624597,1.0,0.2267296505001831,0.704767758085439,0.0,0.8052045025091659,0.9508722943876662,0.002138450769452813,0.0,0.3582241054723273,0.33054973586501163,0.31717597806619036,1.0,0.0,0.16169809930044615,0.9046561265141245,0.007180240163780606,1.0,0.0,1.0,1.0,0.9803231371981057,0.4449090219256408,0.7325137082871722,1.0,0.0,0.5831503892273017,0.7387107699977561,1.0,0.013810005694742472,0.9285800278958893,0.25228464625007613,0.0,1.0,0.0087578146368789,0.7652778562160106,0.1373436496082113,0.6832235078864708,0.0,0.09478729733792553,0.8846847903004482,0.0,0.7511865222333566,0.0,0.8820126919358108,0.03570260041317726,1.0,1.0,0.6921810381089248,0.06661748470507664,0.8989525952413546,1.0,0.5504848706212253,1.0,1.0,0.031344841220007066,0.29375276090803154,0.4591392515666204,0.11451928217096279,0.8925664141848078,1.0,1.0,0.0,0.9431912331690446,0.10267828954293183,0.8299413654290615,0.16803835808541545,0.6563331232065782,0.4797552445988049,0.4621577134649745,0.15622291731998977,0.0,0.8965565685222049,0.6885582070779569,0.04384786381902918,0.0,0.0,1.0,0.6193100274724406,1.0
175,additive/amplitude,interaction_g0.50,6,3.9345636933015213,3.937441655624462,4.209129269110801,3.965274055439757,0.030416646101278477,-0.9271105737139274,54.28254071623087,321.9956699023023,1,1,excluded,r_hat_max 1.599 > 1.1; n_eff_min 4.5 < 16.0,1.5985770033767024,1.0304739089232227,0.6108374384236454,4.456580395985764,0,63.0,1.5552336816810362,5.284535569952589,1.5985770033767024,4.456580395985764,1.1558997057883893,7.518451307442441,2.4004780605065097,1.5736649392871855,1,0.0,1.0,0.0,0.8247632514032526,0.4469022515726092,0.0,0.30565631692977024,1.0,0.24192257755035204,0.8185562128242772,0.0,0.9992731546530768,1.0,1.0,0.2126065436999499,0.0,0.8067429944899128,0.8065331174041233,0.9003153299110004,0.3582941858116621,0.0,0.997669091094342,0.32610928147513063,0.0,0.0,0.357885412893158,1.0,0.013243053914973959,0.5624757359050686,0.7564242083382827,0.0,0.0,1.0,0.0,0.051082501805496186,0.06217700158359827,0.6368264843682157,0.8201564211277853,0.0,0.7459310690112112,1.0,0.8407872929392123,0.6298717962409154,1.0,0.5747946265860137,0.7794886945929285,0.4533764273657662,0.4635773241106038,0.5632538525857396,0.0,1.0,0.003737143114088675,0.0,0.5026477407972861,0.2655300127980948,0.7007428928184518,1.0,0.6440788151287109,0.0,0.0,0.0,0.0,1.0,0.32815956033910343,1.0,0.3368021295178218,0.8470419594679137,1.0,0.9178272549652544,0.17018804082614497,0.8282410277624961,1.0,0.059683981277469204,0.12906502363707825,1.0,0.0,0.6173199001398937,1.0,0.768272280564818,0.8971850011733509,1.0,1.0,0.0,0.5498955457572117,0.9620238737765038,0.29213912836331596,0.5085088656079026,1.0,0.0,0.39618667508038347,0.0,0.0,0.7804790799451862,0.5111001599742295,1.0,0.0,0.07669760288868854,1.0,1.0,1.0
176,additive/amplitude,interaction_g0.50,6,3.8997056754893205,3.9871000705352544,4.209129269110801,3.9871000705352544,0.00859063100578128,-1.0618294189725637,47.09782268805429,231.3570650019683,1,1,excluded,r_hat_max 1.627 > 1.1; n_eff_min 5.2 < 16.0,1.626587457639625,1.0402802268781897,0.5714285714285714,5.217667234071152,0,63.0,1.626587457639625,5.808284875600362,1.5890710337682523,5.217667234071152,1.0583841341084617,43.93922411640316,2.40919445614739,1.5734187259306605,0,0.0,1.0,0.06107624839917649,1.0,0.0,0.050703145489149275,0.0009328437829837086,0.5357831304717627,0.005309741587100729,0.698729071164746,0.0,1.0,1.0,0.42774713566651407,0.0,0.0,0.2696549115712131,1.0,0.7357374549143643,0.00031209966824638616,0.0,0.9991970507791977,0.36450920324977687,0.007545415814762244,0.19038394420953958,0.01316488995676668,0.9991818004453441,0.0,0.05868212305514342,0.9571081399094107,0.8814373329162669,0.0,0.9996643475656252,0.09833761360304111,0.9931752304633781,0.0,1.0,0.4183031908174817,0.0,0.8203117517059207,1.0,0.9970752758117867,0.9935839939264334,1.0,0.742209420659531,0.11017050126967046,0.967631755235608,0.7027319903488382,0.9075426899479422,0.0,0.5892827281574322,0.09563312730828102,0.0,0.8745924600770176,0.2560819983024752,0.7347620826334632,0.5298977265563908,0.7741769533012013,0.0,0.0,0.0,0.9723648737791923,0.8338507653950277,0.12538332960411672,0.5597644742565723,0.0,0.9988537667827747,0.35744268413233404,1.0,0.031184942922459966,0.0,1.0,0.9146511757494871,0.3999507686035578,1.0,0.000440054075490716,0.0,0.3133106691942716,0.9471090579774901,0.9401025894362831,0.9999781997142959,1.0,0.2734607109626318,0.6254169085638862,1.0,0.3007539883540333,0.0010944579331415355,1.0,0.5672570844567651,0.42176426289321034,0.06602098997694064,0.0,0.9204880386733634,0.0,1.0,0.0023142362990065495,0.0011325931649265686,1.0,1.0,1.0
177,additive/amplitude,interaction_g0.50,6,3.878680165202206,3.942455536572489,4.209129269110801,3.9871000705352544,0.00859063100578128,0.3295924833964494,55.52303764503449,347.62508949497715,1,1,excluded,r_hat_max 1.401 > 1.1; n_eff_min 7.0 < 16.0,1.4007049752007565,1.0174781012516032,0.6699507389162561,7.02757118204856,0,63.0,1.4007049752007565,7.0865845746457685,1.3508164681402193,7.02757118204856,1.0126768470569663,65.68114746049457,2.4176154234883054,1.5729400552470683,0,1.0,1.0,0.0,0.9362145446687702,0.6729661527757124,0.0,0.6210776978668104,1.0,0.0,0.27542100449929785,0.0,1.0,1.0,1.0,0.7854580511109577,1.0,0.788061184893731,0.8009906811356035,0.30291615852760373,0.7636545231637061,0.0,1.0,0.2875896571361769,0.21585922693919593,0.0,0.878636180744037,1.0,0.0,0.3943937192958899,0.5478869849997475,0.1773214234591926,0.5206371325533788,0.6277872012669753,0.0,0.0,0.525778638784324,0.0,0.8572487943667408,0.0,0.811613098577975,1.0,1.0,0.5482903007505412,0.8909988212043327,0.6731732117366588,0.0,0.5035420976575188,0.752557345829018,0.5495259027558899,0.0,1.0,0.4956441313268404,0.05483620181010436,1.0,0.05784272053171515,0.43902947240208545,0.31228483179277516,0.0,0.23374017822916887,0.0,0.6982172438026132,0.0,0.7096436079081582,0.8052786139097864,1.0,0.0,1.0,0.38780019247338265,1.0,0.10984692962171651,0.296674036343396,1.0,0.7611823867407848,1.0,1.0,0.0,0.18998881877641854,1.0,0.6679360225477141,0.2564653331375946,1.0,0.8686207575224592,0.8427080665985694,1.0,0.0,0.11456321980364872,0.5280685900273777,1.0,0.0,0.24964898929583404,0.0,0.0,0.6978688732943891,0.0,0.6494058632372758,0.10589453584686868,0.0,1.0,0.0,0.6861065093362552
178,additive/amplitude,interaction_g0.50,6,1.8685229890871253,2.017086111319313,4.209129269110801,3.9871000705352544,0.00859063100578128,0.48199082126766113,51.697668970096856,339.9863164559938,1,1,excluded,r_hat_max 1.442 > 1.1; n_eff_min 6.9 < 16.0,1.4417918390065967,1.0188325659851218,0.6847290640394089,6.914594643127249,0,63.0,1.4417918390065967,6.914594643127249,1.4224489126651418,7.173693703124855,1.01740170086582,204.80551707015147,2.4258236523743384,1.5723123515797393,0,0.17563277846279024,1.0,0.0,1.0,0.2576722387954224,0.28101461440285586,0.41339924465995925,0.0,0.0,0.7701929577956921,0.0,0.9993152878082745,1.0,0.0,0.0,0.021182582672286718,0.7895761466036015,0.6577682811747717,0.7092113415892403,0.0,0.0,0.8782839090801823,0.9829304429142126,0.38344361880928396,0.0,0.9145849948060183,0.2954266781651511,0.4147688216208952,0.6501524832092692,0.003215520535494911,0.27657664180513125,0.0,0.6593507179810959,0.7918464488943533,1.0,0.0,1.0,0.12642566232813096,1.0,0.26048535460869865,1.0,0.7441474871606248,1.0,1.0,0.09738146452346087,0.8431553663902955,0.2647219859910021,0.21516033962455358,0.9719195231192875,1.0,0.9202165311410891,0.0,0.0,1.0,0.7142190121709524,0.7039298953181102,0.5321948489778445,1.0,0.0,0.46673177629829454,0.0,0.0,0.07525681675566322,0.18432413589736032,0.5452276889085163,0.3507292620085147,1.0,1.0,0.2613345231378538,0.09675737263402644,0.3442001040201561,1.0,0.43391033662234363,0.15679633598508028,1.0,0.0,0.45664061721276167,1.0,0.8688264234035951,0.8506350828437815,1.0,1.0,0.8968240981947851,1.0,0.0,0.37778035258380194,0.0,0.932938900081635,0.5394763615100554,0.0,0.2853040753391884,0.0,0.7662246719452479,0.0,1.0,0.11348522113830146,0.0,1.0,0.0,0.6110121209819376
179,additive/amplitude,interaction_g0.50,6,3.836936901999964,3.942455536572489,4.209129269110801,3.9871000705352544,0.00859063100578128,0.006224130722529697,54.63686669385061,304.15209573693573,1,1,excluded,r_hat_max 1.412 > 1.1; n_eff_min 8.0 < 16.0,1.4121847209030813,1.0271119683375245,0.6650246305418719,7.954885053816136,0,63.0,1.4121847209030813,7.954885053816136,1.3469116645519545,8.387684896905263,1.2021790477105478,19.217108963424593,2.4227102408475942,1.5684643954952047,0,0.6296301150414068,0.9954194219752206,0.0,0.5881313928347229,0.007326684124027627,0.5627376213840395,0.779931006523502,1.0,0.08278671709123332,0.44019700379904964,0.49965135726657134,1.0,1.0,0.9981765780211851,1.0,0.20283061976608255,0.757515728709186,1.0,0.7500370148123461,0.24560950011518323,0.0,1.0,0.41347920940860106,0.585526487978188,0.0,0.0,0.6432666233771143,0.0,0.15044101979475535,0.0,0.48499097877149117,0.14695829540984992,0.23999186853236734,0.059127922129146096,0.08913116237146541,0.4016790921046896,0.3682169784807433,0.6917669627405548,0.0,0.7952264807520049,1.0,1.0,0.4931810877618955,1.0,0.3695548814090739,0.5869076830849356,0.18114902659018584,0.6528920358910676,0.9413853611694918,0.8453493897895694,0.8880010393356551,0.3038756944518177,0.0,0.058230585255451224,0.26723819665547244,0.5187236981748871,1.0,0.6556528569462723,0.6999595629013631,0.03006305980940605,0.13454006391262327,0.0,1.0,0.36555641805013805,1.0,0.38304441896507807,0.5756018318295583,0.7813960626682026,0.7677299091461472,0.0,0.9053263920531963,1.0,0.5614637943217419,0.019993676334335155,0.9709491490212848,0.1210359075902186,0.11603833593861353,1.0,1.0,1.0,1.0,0.2373957795795644,0.0,0.6650965728563604,0.8575813953639698,0.9925664412569182,0.14655776330780645,1.0,0.0,0.9582237644179545,0.06707950438714361,0.0,0.8088855158761651,0.0,0.8395790419305198,0.24279738845814772,0.9210469333903984,0.44244291307479156,1.0,1.0
180,additive/amplitude,interaction_g0.50,6,3.934301503789502,3.942455536572489,4.209129269110801,3.9871000705352544,0.00859063100578128,-0.49880554586307735,54.22179415868595,323.99091999977827,1,1,excluded,r_hat_max 1.742 > 1.1; n_eff_min 4.5 < 16.0,1.741923608846394,1.0462978411221937,0.5221674876847291,4.491546942663162,0,63.0,1.741923608846394,4.491546942663162,1.4314079211485269,5.870030151111291,1.0168538077862148,42.64823219036828,2.4305670556317738,1.5676297500096255,0,1.0,1.0,0.0,0.0,0.8117888329627477,0.49425519962140385,0.6137452540869537,1.0,0.0,1.0,0.0,1.0,1.0,0.47860100528476196,0.0,0.30738257961674814,1.0,0.7417660595282237,0.5812033092142861,0.6157203901289378,0.42448613580739564,1.0,0.8390634235599062,0.0,0.0,0.0,1.0,0.0,0.0,0.20795542248484736,0.5207578385801535,0.37343602875845505,1.0,0.0,0.0,1.0,0.0,1.0,0.0,0.11029352312548708,0.5662106774006966,1.0,0.45810742356047035,1.0,0.8552808368098155,0.0,1.0,0.6090272865539259,0.3186493663670119,0.0,1.0,0.0,0.1132571058870441,0.7890096022939057,0.0,0.7259595297725967,0.06208984835071649,0.6423326838373407,0.0,0.0,0.8318200014463782,0.0,0.8803959782367432,0.5198283878388351,1.0,0.0,0.8044168159142061,0.18272638706392041,0.5377724307436709,0.736447125594408,1.0,0.3489388363289155,1.0,1.0,1.0,0.0,0.0,1.0,0.2958247566993983,0.0,1.0,1.0,0.1284985274324827,1.0,0.7965213580346637,0.29653216869204085,0.0,0.12789969421205385,0.05423234283140291,0.09933996608954879,0.0,0.0,0.8959905650034642,0.0,0.0,0.23234320846739503,0.0,1.0,1.0,1.0
181,additive/amplitude,interaction_g0.50,6,3.8772320526513653,3.964950065774754,4.209129269110801,3.9871000705352544,0.00859063100578128,0.19489864351487718,55.104831151198596,339.29663153970614,1,1,excluded,r_hat_max 1.660 > 1.1; n_eff_min 5.7 < 16.0,1.6597191896589538,1.0313596669938763,0.6305418719211823,5.7319734157067925,0,63.0,1.6597191896589538,5.7319734157067925,1.4717312748046407,6.311020866259835,1.0748735149615898,60.555330240337206,2.438874980759717,1.5672618737382553,0,0.9438368068806151,1.0,0.018403559712550397,0.6343971933007813,0.05796304522798154,0.27437698615033135,0.4399745881427234,1.0,0.27641619438278836,0.845589776661331,0.0,1.0,1.0,0.7225073762336267,0.0,0.0,0.6101653914138818,0.6914958155889878,0.746324635736164,0.1762716628138065,0.0,1.0,0.022696997260007318,0.0,0.0,0.584127602212931,1.0,0.0,0.5831547350284314,0.36333553400960616,0.11096551896484882,0.0,0.4551622769687514,0.5241953296673794,0.9727224555027721,0.0,0.6439641662610571,0.7558450338857343,0.0,0.6054307261959156,0.9063686756024988,0.8022620802851791,0.7948536370133933,1.0,0.5159751628826779,0.5709256358767282,0.2761219751853167,0.6944020106312692,1.0,1.0,1.0,0.2485048408979085,0.04146051678280909,1.0,0.0,0.8139719690148666,1.0,0.8091621162596822,0.0,0.13563393222371542,0.0,0.0,0.7968100468733574,0.19590864284684084,0.7076958883885548,0.046060032012436455,0.8457530293702136,0.0,0.9253891004663185,0.0,0.0,1.0,0.0,0.2208920384496671,1.0,0.0,0.0,0.2722396880493456,0.7653439952815206,1.0,1.0,1.0,1.0,0.9657568219896558,1.0,0.39999089113964204,0.0,0.7335654669045449,0.0,0.4012786123694278,0.09172906249696205,0.41645201759393713,0.985458881155819,0.0,0.0,0.24513052167212798,0.5071473971573733,0.7525365913109323,1.0,0.8343244564046961
182,additive/amplitude,interaction_g0.50,6,3.8685279128192227,3.952284814324212,4.209129269110801,3.9871000705352544,0.00859063100578128,-1.1241517528309706,50.70080541912466,183.90681829443201,1,1,excluded,r_hat_max 1.754 > 1.1; n_eff_min 4.8 < 16.0,1.753748595948207,1.0254587030064144,0.6403940886699507,4.794577902602703,0,63.0,1.753748595948207,4.794577902602703,1.3735588691944431,8.873663053338033,1.0469630712206393,31.749033918026182,2.446778041594287,1.5665626506325137,0,0.9135396581960391,0.9995779058544425,0.007567573048494289,0.8391052431475089,0.0,0.0008938581838713386,0.0,1.0,0.0006211467093319547,0.8270360285256043,0.0,1.0,1.0,0.7083293289863327,0.5064513892803669,0.006792123806266899,0.8506514500241725,2.9385484485197706e-05,0.6280766396143673,4.8954742278410205e-05,0.002268597996668517,1.0,0.04399508654668568,0.0,0.0,0.6189649775324941,1.0,0.0,0.5057254622278496,0.3932637373094651,0.13317413826351404,8.066581739900813e-05,0.4359281171909042,0.1977910471671429,0.6975882274083127,0.0,1.0,0.7356184073047205,0.0,0.7642220875992352,1.0,0.8562339176804238,0.6305006874281353,1.0,0.9983274204812189,0.37482960667493875,0.391590000455046,0.12956668234880397,0.3115930399016823,0.0006078873297760301,1.0,0.4263880311889251,0.0,0.9414358800137043,0.00045989578188298163,0.7344258613397038,0.029755961873061443,0.8777354254034578,0.0,0.0,0.0012289818891013206,0.0,0.8878676189937813,0.01019618205350612,0.9999063231325847,0.0,0.874001377207475,0.8848961631658826,0.9967096014012139,0.0,0.1933095992772019,0.9999452651749412,0.0,0.2416820359528265,1.0,0.9999005492061854,0.0,0.27473249396896937,0.9987074927954306,1.0,0.9999822281351415,1.0,0.786552763423965,0.6647440590326785,1.0,0.5901201083740013,0.39356006151955586,0.8849016047161653,0.2578806010638942,0.6626627055838662,0.5497282391126596,0.0,0.9142054091640399,0.00159923473208045,0.0,0.0,0.46698915102790556,1.0,1.0,1.0
183,additive/amplitude,interaction_g0.50,6,1.9618872306946615,1.8905277246190446,4.209129269110801,3.9871000705352544,0.00859063100578128,0.43757735908287954,55.93991696089506,298.2773020877503,1,1,excluded,r_hat_max 1.676 > 1.1; n_eff_min 4.6 < 16.0,1.675515600928512,1.0162005654917063,0.6502463054187192,4.6497772289526,0,63.0,1.675515600928512,4.6497772289526,1.4705041230895777,7.596943803738971,1.0177468260468683,30.756946141300222,2.454547166573658,1.5657884428225344,0,0.0,1.0,0.008702998281228834,0.9555029176676353,0.881875604541222,0.007874571394934601,0.21618467194331142,0.36186543802481613,0.0,0.7527244586901151,0.9496446897644368,0.0,0.32483974324622383,0.9001306410027393,0.0,0.5814941188546154,1.0,0.8636170585782951,0.7625107351883644,0.0,0.19940328515022485,0.34435852256526434,0.8503664662655399,0.3474146958080936,0.0,0.21023384444005333,1.0,0.01873496849659639,0.176858931380915,0.5272099406226405,0.19022511754288587,0.053517248768289026,0.6223259933777319,0.08398881436379282,0.737622539195569,0.7837718967527053,0.779125956271607,0.21522027025730503,0.49075253324423557,1.0,0.3173081892421568,0.5639520403898781,0.8821446016287621,1.0,0.38248934538496954,0.2839631429017026,0.26263357834140516,0.7379569496136733,0.914417049209723,1.0,0.3470601150935399,0.0,0.82305011880086,0.6538829610017852,0.0,0.8109017146499179,1.0,0.5833583532483227,0.0,0.4989846972206822,0.0,0.6532501620928896,0.3554199943318397,0.0,1.0,0.3858122874987302,1.0,0.9185306874399025,0.0,0.6206401223599165,0.22658022969805197,0.8518643304795793,1.0,0.439251536324225,1.0,0.0,0.0,0.7773494540898072,1.0,1.0,0.9644290734629488,1.0,0.31967399514927564,0.2977249425398945,0.06729599716776817,0.22624669016171628,0.5230091814844956,1.0,0.0,0.6235888214134284,0.3093763353209951,0.22059034001050545,0.7690973359288881,0.0,1.0,0.5239426859947888,0.0,1.0,0.0,1.0
184,additive/amplitude,interaction_g0.50,6,-0.4771998121105739,-0.6293679502004126,4.209129269110801,3.9871000705352544,0.00859063100578128,0.33198504460617384,51.723328575026244,342.5800708066672,1,1,excluded,r_hat_max 1.593 > 1.1; n_eff_min 4.6 < 16.0,1.5928756734305207,1.0194330058535355,0.7142857142857143,4.60753316330709,0,63.0,1.258737962110196,8.005214715155711,1.5928756734305207,4.60753316330709,1.0644469789182167,25.68160327506935,2.4518696669221414,1.5619478078884643,0,0.03156703122867884,1.0,0.0,1.0,0.48205898432450606,0.546580395794668,0.24470491610449133,0.49440474348019176,0.6314594943161539,0.0,0.9484427855662917,0.5797008775671233,0.8600982562653335,0.6096840838597007,0.3290733297975729,0.06559709160396197,0.5589366906799365,0.5977486868922128,1.0,0.3995006639694939,0.2271876810181958,1.0,0.32732698782663966,0.04501887361707779,0.3628611392735396,0.0,0.0,0.006016156885666737,0.9619713506024572,0.9364133600969385,0.21495503044848593,0.0,1.0,0.023991049322224223,0.32067774655102815,0.04507132462330967,0.2667563794596339,0.6004370255525248,0.5242223346118071,0.6717025610723935,0.41430336426153236,0.5276932894224646,0.5628811710612118,0.815072917817357,0.6805643965568162,0.5241321420144365,0.3670785804692719,0.8626803054287245,1.0,0.3988303283651662,0.5962462011826601,0.08166145859025524,0.13874861962809618,1.0,0.3003479448346581,0.6995448936847501,0.1998132690794459,0.5143748941750783,0.0,0.7675989192982873,0.1588893604526806,0.1604961340597226,0.695227184596602,0.310735269876973,0.7483359422447651,0.24747827232587913,0.32640238963561075,0.352278486876138,1.0,0.1611531006075532,0.19600360661313324,0.36592912761994156,0.05426318933675568,0.7535972485635127,0.04191458931694067,0.005268655870443147,0.578122976038079,0.14119612547574167,0.7852476872732371,0.9079538072839126,0.34432751705828474,0.90379837837574,0.4997638671833798,0.49399807439283566,0.7755297245947325,0.2317366202191209,0.0,0.3494883773352363,0.19694734393324942,0.34217029825622103,0.5358270350593691,0.07231331677100761,1.0,0.0,0.859150084216442,0.7994002755226589,0.4203168605515535,1.0,1.0,0.6961098402558771
185,additive/amplitude,interaction_g0.50,6,3.921125368305399,3.9388270715076876,4.209129269110801,3.9871000705352544,0.00859063100578128,-1.0537934817697927,55.2596756471321,260.60585258575156,1,1,excluded,r_hat_max 1.501 > 1.1; n_eff_min 6.2 < 16.0,1.5012558840071633,1.0183699043179133,0.6748768472906403,6.183794596543324,0,63.0,1.5012558840071633,6.183794596543324,1.4108358536716767,7.707932231347922,1.0151602429212767,32.02551566020339,2.4360368589273698,1.57245610647934,0,0.0,1.0,0.0,1.0,0.0,0.0,0.0,1.0,0.0,0.0,0.0,1.0,1.0,1.0,0.0,0.0,1.0,0.6345571736223166,0.7864074785405367,0.0,0.0,1.0,0.0,0.0,0.04024852033254215,0.0,1.0,0.0,0.6160465128313735,1.0,0.23137529899553266,0.0,1.0,0.0,1.0,0.0,1.0,1.0,0.0,0.0,1.0,1.0,0.5579444433822991,1.0,0.7481152370648423,0.2875855509648084,0.46784882391142013,0.0,0.4693724217782468,1.0,1.0,0.43236703603805887,0.188482275091997,0.9673332115592704,0.0,0.7972272023381638,0.10374892912677185,0.0,0.0,0.0,0.5534046070169737,0.016189369938382395,1.0,0.0,0.839223224439432,0.0,1.0,0.0,1.0,0.0,0.1885056748827097,0.0,0.0,0.40011946781317104,1.0,1.0,0.0,0.33212371996500684,0.6352027789479808,1.0,0.9992637223287861,1.0,0.0,0.6334749014391463,1.0,0.33639678652036237,0.3497813903297336,0.4000913419399873,0.035383578545008766,0.4295022833307004,0.5475332238268016,0.0,1.0,0.0,0.0,0.0,0.5606233965211773,1.0,1.0,1.0
186,additive/amplitude,interaction_g0.50,6,3.9521917821734247,3.946061481918411,4.209129269110801,3.9871000705352544,0.00859063100578128,0.5655813337362061,52.27274773968384,258.7806337950751,1,1,excluded,r_hat_max 1.514 > 1.1; n_eff_min 6.3 < 16.0,1.5141167571939778,1.0405803639776854,0.5615763546798029,6.2516772289285845,0,63.0,1.5141167571939778,6.6332976399897206,1.327741835323182,6.2516772289285845,1.017653423364711,46.58702116605182,2.4440212057519832,1.571979094155177,0,6.624399789418955e-06,0.9998448057834991,0.0003905736087650624,0.9995914542267899,0.0002541937255265119,0.05021556857860119,0.00025751427677107234,0.5361911176561351,0.007386508798690124,0.69525552688092,6.906097942443479e-05,1.0,0.9984848101792264,0.43151753498567713,0.001614451228899712,0.0016932503427249518,0.26241358746140436,0.9991291915168283,0.7661641303013585,0.0006579773676633345,0.00043901701664666824,0.9998340063777144,0.3601031662146712,0.011067929523356543,0.19252114870768552,0.014347360807709226,0.9989723115692951,0.016085422764775245,0.05671466483911578,0.9667154359260605,0.8866289726383476,0.0008840068624299981,0.9997719641768134,0.08431928543000343,0.9992094204259695,5.215962868612647e-05,0.999326308218689,0.41448270286583305,4.7798897312888664e-05,0.8518821762246612,0.9981062553299931,0.9991689192927723,0.9933879769884426,0.9987255105432296,0.7526391031335947,0.1118502066179943,0.976836639719903,0.6970693512635219,0.9050109111929412,0.000766152334361154,0.5819307868575786,0.09952355137730864,0.0001323935798982374,0.8719611624031884,0.2671443889650996,0.7383456130511087,0.5221642866485412,0.7657081494055721,0.00040459761495841186,0.00072740129265434,4.521513599256637e-05,0.9727423133189782,0.8376352728847735,0.12672525226204884,0.5630892478599454,0.0007562126951224496,0.9993996022682745,0.35519644918769594,0.9999431507999395,0.027193726330016564,5.0344479235602514e-05,0.9987248449434628,0.9120797613585935,0.40566296218177084,0.9993544516018048,0.00030815641149419757,0.0021783313566478674,0.29747385987087605,0.9464894040014721,0.9404917925617224,1.0,0.998291443230847,0.27491219331004385,0.6252637011121277,0.9990405963711092,0.2987254451811746,0.0009564257803283729,0.9999979721101637,0.5798254370341829,0.4262522771157074,0.06697171516954183,1.0609181519397955e-06,0.9201486325914362,0.00033327361291927456,0.9982831334252308,0.0015775166530726267,0.0039763907231434035,0.9991977057911995,0.9996703339619911,0.9981540937216007
187,additive/amplitude,interaction_g0.50,6,3.991573325851917,3.942455536572489,4.209129269110801,3.9871000705352544,0.00859063100578128,-0.42478468887419796,55.281940318178385,346.8533956659958,1,1,excluded,r_hat_max 1.451 > 1.1; n_eff_min 6.3 < 16.0,1.4506656394992181,1.022227019487431,0.6896551724137931,6.278279504102637,0,63.0,1.4506656394992181,6.278279504102637,1.2723642765683114,8.434528465609167,1.0296369142606592,44.83601417348054,2.4520862890483546,1.5716240682809488,0,1.0,1.0,0.0,0.18156859500562192,0.0,0.013248117701085818,0.6090125237865078,0.6902758993410291,0.03693313776990106,0.6355213267932915,0.0,1.0,1.0,0.8330733980419479,0.0,0.0,0.8603204980404152,0.7219366800383217,0.6178610290972925,0.0,0.15517732787487945,1.0,0.830874329086689,0.4500935388735791,0.0,0.5010610910770986,1.0,0.0,0.0376740612021012,0.38312329405650736,0.7335583317424066,0.9969165482771871,0.49498266601547647,0.07775133398415904,0.0,0.9477462994874046,0.20779988605562202,1.0,0.2368762258532262,0.7920159941861106,0.7138613485682384,1.0,0.48892513560605555,1.0,0.7932316137069919,0.09252413295103337,0.063794379285218,0.6670391970437849,0.7364111153704822,0.0,1.0,0.09606766831931579,0.0,0.0,0.0,0.7844563975835671,0.0,0.566460874641433,0.0,0.0,0.7695361130697767,0.48958638376226066,1.0,0.3639271226757606,1.0,0.5451640880890916,0.6456513871961852,1.0,1.0,0.22474803067871194,1.0,0.8426789503782859,1.0,1.0,1.0,0.0,0.5027283028945834,1.0,1.0,0.0,1.0,1.0,1.0,1.0,1.0,1.0,0.0,1.0,0.0,0.5396639786964639,0.0,0.12768522776955984,0.799471569358774,0.0,1.0,0.0,0.22980053247194196,1.0,1.0,0.7762006443850984
188,additive/amplitude,interaction_g0.50,6,2.158899040190512,2.2135067891827696,4.209129269110801,3.9871000705352544,0.00859063100578128,0.8175483827051768,53.46672868030146,324.67782692285255,1,1,excluded,r_hat_max 1.687 > 1.1; n_eff_min 5.0 < 16.0,1.6869212511325111,1.0316515008335125,0.5714285714285714,5.011465685798373,0,63.0,1.6869212511325111,5.767991021470983,1.5434266077777177,5.011465685798373,1.0737799926724816,35.26791560809454,2.4602750498824157,1.5714335295230235,0,0.0,0.7950003535315672,0.0,1.0,0.13004531108855033,0.37800074136568373,0.714557109112891,0.0,0.3320770950734561,0.1554354417205633,0.0,0.9967479005694739,0.8172895469560368,0.471567154394241,0.0,0.387677277759081,0.8374518605726878,1.0,0.9561926965757453,0.9437727056015851,0.20398030387539975,1.0,0.4913978291209613,0.7255179413850549,0.589876023812035,0.39914144032646576,0.9243493541909709,0.0,0.9896063388426022,0.4298486485180333,0.8455598741316387,0.0,1.0,0.0,0.4628557056168241,0.37102988882801946,1.0,1.0,0.764984170754803,0.7965238289649806,1.0,0.5953759041647076,0.6274398125776142,0.7191648725177175,0.951983182608055,0.40820366291892296,0.34979890673126907,0.9748411401824437,0.7784726288916084,0.2256869896663905,0.9747142703091513,0.517456872316069,0.0,0.6744624921270641,0.0,0.8528576312167241,0.90037817494963,0.4618178700157274,1.0,0.0,0.0,0.597426464238517,0.2508371488716648,0.37972188613405555,0.32501388102567547,1.0,0.8235259387769889,0.4967655829666326,0.0,1.0,0.32754209159647524,1.0,0.26012695899418986,0.027167878729306726,0.5017441538419688,0.968270002657842,0.31249349707365903,0.747304004256221,0.5801964794936266,0.0,0.17342009927044222,0.8812725325264865,0.2001695101044409,0.6281059957883771,0.43424478572519287,0.4123415953181838,0.6364826738698575,1.0,0.0,0.6792002188602656,0.5428407570288614,0.0,0.7873284875123517,0.05105099176422487,0.6878153699950558,0.33041951846590817,0.020361103487091144,0.252620407889084,1.0,0.7026758233314476
189,additive/amplitude,interaction_g0.50,6,2.2282905322523208,2.1409273066717094,4.209129269110801,3.9871000705352544,0.00859063100578128,0.7911376219253641,55.02343288902193,315.71397090889513,1,1,excluded,r_hat_max 1.498 > 1.1; n_eff_min 5.9 < 16.0,1.497622957885893,1.031200268568126,0.5862068965517241,5.912635486288504,0,63.0,1.497622957885893,5.912635486288504,1.4662515936448481,6.800564346907588,1.1610730674450775,13.51871540771024,2.458680467820554,1.5674232796761445,0,0.4954982696688005,1.0,0.015522228725122392,1.0,0.0,0.396026368193679,0.0,0.0,0.6497765024366535,0.5709693498037234,0.0,0.2533284904901737,0.9172563267559631,0.9859929681637276,0.04838479571062248,0.31496889813602047,0.4878400972970283,0.6657535102893596,0.8063093821516236,0.7777390403286774,0.25576369457987486,0.2302524936927383,0.4225124656275603,0.6147046198803069,0.0,0.47576523727097836,0.9234844030332782,0.0,0.5726610952531933,0.786101896178162,0.1270111492313139,0.0,0.6285060959402402,0.0,0.0,0.6032969371778635,1.0,1.0,0.2685856169529739,0.9905175400739482,0.8782010215185505,0.8265753454687426,0.8697069307577208,0.932904014882627,0.5846349707710086,0.9210053373304182,0.4217778661206192,0.1307442424080722,0.5207251837596512,1.0,0.9950068094112211,0.0468156673927606,0.0,0.8404717443755484,0.3984006505730169,0.5018665297907821,1.0,0.8520925566828179,0.9227219660709834,0.41496107544713406,0.160541221837512,0.49250774815408704,0.2833397655794026,0.520824706945295,0.31970806503498694,0.24753779616782648,0.8377935602886394,1.0,0.49423976524567703,0.2320301571140909,0.26057636411055213,0.5736020025550709,0.5606706791099182,0.42334106453551684,1.0,0.3818537597048937,0.0360894083406097,1.0,1.0,0.5973258490627972,0.9448255666808767,0.9878874496557497,0.0,0.6129778112439971,0.33429053510811507,0.44637029569363,0.0,0.7655103815429141,0.18515007459109842,0.561076219271581,0.5995896934958644,0.9093243530042714,1.0,0.7869208269040886,1.0,0.4168993688091309,0.0,0.9937650030079961,0.06356709721751423,1.0
190,additive/amplitude,interaction_g0.50,6,3.904848551283995,3.942455536572489,4.209129269110801,3.9871000705352544,0.00859063100578128,-0.23821933100805337,53.43868605606258,356.97145515307784,1,1,excluded,r_hat_max 1.802 > 1.1; n_eff_min 4.2 < 16.0,1.802444980712665,1.0153791814757898,0.6896551724137931,4.204893885171931,0,63.0,1.802444980712665,4.225618010689565,1.6918164059941387,4.204893885171931,1.3864556855661947,6.013329729607151,2.4574678892123,1.5633819188175457,0,0.6778707232576651,1.0,0.0,1.0,0.030263362367129183,0.0,0.7475450487113154,0.8764555373984454,0.0,0.31569536717870106,0.0,1.0,1.0,0.33520070595365714,0.0,0.05200699523734803,1.0,0.4702602324697646,0.704808211369169,0.057793293501204115,0.0013582311902776837,1.0,0.8116873992780163,0.016770646297834795,0.0,0.6549554238210373,1.0,0.0,0.23085688906099203,0.5255940427967618,0.4524860093348942,0.3570399858786056,0.3911161491961868,0.0,0.8390617456873621,0.5090817364638742,1.0,1.0,0.0,0.7716355844120462,0.6988292228979469,1.0,0.5369018525349544,1.0,0.8961895214855861,0.21429998583632973,0.4541339695697194,0.7816188983507203,0.6445053812130395,0.0,0.6054144912486001,0.33112129703106746,0.0,0.7695409203514239,0.0,0.7563616690179401,0.1657166961682423,0.7881887457046934,0.6817210782872096,0.035182128245777676,0.5106112732745797,0.0,1.0,0.0,0.8704341680372557,0.0,0.6819395886726369,1.0,0.0,0.0,0.8537236047844771,1.0,0.5642715904444694,1.0,1.0,0.0,0.016404828389143908,0.4376254469366215,0.8297457566124058,0.0,1.0,1.0,0.9947370244632214,0.5478720162845038,1.0,0.7093475079828344,0.6994917233760597,1.0,0.1428556364063535,0.5362838407445062,0.07738617920961646,0.5062206148718793,0.8364228293888099,0.7104296501281144,0.016575170159008924,0.3384250493375778,0.0,0.9880310114545297,0.40555507592361156,0.7643521860134308
191,additive/amplitude,interaction_g0.50,6,1.279822873596447,1.2183491921801974,4.209129269110801,3.9871000705352544,0.00859063100578128,-0.7562797741808427,57.31195861985907,331.5769009902142,1,1,excluded,r_hat_max 1.394 > 1.1; n_eff_min 7.8 < 16.0,1.393711324450054,1.0264736418859022,0.6502463054187192,7.774173012825355,0,63.0,1.3241301432003703,8.243798329679201,1.393711324450054,7.774173012825355,1.123947024491412,23.32945087683241,2.4650457984378065,1.5627786323090564,0,0.6569423973231512,1.0,0.029157459601080512,0.963438503663524,0.8284754798001083,0.0,0.36030224087526286,0.6449105746095031,0.4302552855332849,0.915014528833613,0.7397818934109553,0.37420056397144846,1.0,0.0,0.0,0.6799645007131795,0.8674305825928101,0.05116243159563665,0.8047187058462194,0.07376197573278859,0.5289370566840895,0.2258190600092091,0.46432193343088374,0.022700970817771036,0.983134142772114,0.7719882582151908,0.8280328309659096,0.37625361924537454,0.3566856092013086,0.8622503768238652,0.0,0.0,1.0,0.3406349119568451,0.0,0.0,1.0,0.5127473888160664,0.4226990980319629,0.7942634279591446,0.2672937947609544,0.7547565360921051,1.0,0.2701816800980179,0.1702562956481011,0.7484003387473975,0.10228968998778272,0.3992657133717014,0.5851309329039813,1.0,0.5066825855895993,0.36349304781536673,0.0,0.5848863343926088,0.5899221555006754,0.6492294517572766,1.0,0.32427970252081406,0.0,0.0,0.0,0.4729088786950005,0.5366466230975492,0.5397347829194403,0.6091291915561217,0.0,1.0,1.0,1.0,0.5732765555859027,0.6006686611664867,1.0,0.27922775390230953,0.29275668035033336,1.0,0.45861701045095776,0.6404162482499463,1.0,0.8688950052975171,0.6131640648321248,0.1128572243941874,0.04646110801264865,0.42897239925934394,0.7872928907703061,0.17544704452515061,0.3188352039116008,0.5596376203770511,0.7680139921581864,0.0,0.0,0.3072636914143289,0.0,0.7685663264663525,0.0,1.0,0.8043550613359945,0.0,1.0,0.5574518585875318,1.0
192,additive/amplitude,interaction_g0.50,6,2.3520844661862976,2.4831843097855777,4.209129269110801,3.9871000705352544,0.00859063100578128,0.2624413355264572,48.77868498908356,347.4191571851261,1,1,excluded,r_hat_max 1.369 > 1.1; n_eff_min 6.4 < 16.0,1.368750077409398,1.019056919087554,0.6650246305418719,6.410201631960971,0,63.0,1.2179601049586952,11.834254016078539,1.368750077409398,6.410201631960971,1.1613504599202296,27.332655846411342,2.4588727623709246,1.5610365716735508,0,0.8137445661454888,1.0,0.057851757458229854,0.6385405701851359,0.21309560534707916,0.0,0.5836300849748731,0.9795494563087203,0.0,0.762425726250448,0.09227414066707566,1.0,1.0,1.0,0.0,0.013597598394679571,0.819378252552096,0.6593642341848378,0.9742441244585991,0.032018646929466335,0.5923125375878876,1.0,0.6804912964928636,0.49981632224295736,0.6678071187794319,0.592660935534375,0.35575408086992955,0.45221181001678606,0.31999078396938746,0.5767038943234445,0.36354537923458,0.24103549639963923,0.5062318295023356,0.04502160197661361,0.4213037384678158,0.29155574320923094,0.9924536412864284,0.3438565804942686,0.29566241475155475,0.7821436380697547,1.0,1.0,0.647934919163601,0.6445496772413398,0.42199677264819885,0.8315911236435153,0.27993069122286884,0.3749645029425816,0.2926403770733749,1.0,0.6401170382659869,0.9021404982839373,0.21680689273079518,0.7795751395319942,0.0,0.6879815624186608,0.8950219243533344,0.17597428642954874,0.0,0.5332771395523087,0.0,0.9072113218037229,0.11865667194736834,0.0,0.3094034973034583,0.4186881488417654,1.0,1.0,0.9134952264997134,0.9834508228100286,0.32522150384927995,0.9642193568069317,1.0,1.0,1.0,0.5847970677183131,0.5732401068951789,0.5003099736219134,1.0,0.0,1.0,1.0,0.14192342688346188,0.0,0.3300931341279988,0.28530019705628396,0.5713559408616833,0.850024969910167,0.31180491130328497,0.15691816968524627,0.6757452143931373,0.2823377836972845,0.8981267693321289,0.0,1.0,0.54617307940307,0.0,1.0,0.0,1.0
193,additive/amplitude,interaction_g0.50,6,3.802573663768909,3.942455536572489,4.209129269110801,3.9871000705352544,0.00859063100578128,0.2994459463641008,59.55785871297121,273.22639556694776,1,1,excluded,r_hat_max 1.494 > 1.1; n_eff_min 6.1 < 16.0,1.4935154283399847,1.0247488095911799,0.6059113300492611,6.088571053691616,0,63.0,1.3158695548578752,8.809572650847768,1.4935154283399847,6.088571053691616,1.0059310211446504,141.48727590079963,2.4583194551368073,1.5570060596171438,0,1.0,1.0,0.0,0.8263205077856,0.0,0.0,0.3349649770715335,1.0,0.0,0.0,0.0,1.0,0.7036817377408794,1.0,0.0,1.0,0.25969761139100855,0.7828442075733163,1.0,0.0,0.0,1.0,0.681326156078586,1.0,1.0,0.8599855544290614,0.633944176168209,0.0,0.0,0.0,0.0,0.0,1.0,0.0,1.0,0.0,1.0,1.0,0.0,0.8812641471117194,1.0,0.8250328625063047,0.4519670254794037,1.0,0.0,0.0,0.08748927180036441,1.0,0.5933106996649163,0.0,0.0,0.3413167577807833,0.0,0.0,0.0,0.8040711364256696,1.0,1.0,0.0,0.0,0.0,0.0,0.0,0.0,1.0,0.36743910800845136,1.0,1.0,1.0,0.0,0.45017202012413404,1.0,0.0,0.0,1.0,1.0,0.0,1.0,0.0,0.0,1.0,1.0,0.0,1.0,0.5072438941926306,0.0,0.0,1.0,0.0,0.0,0.627025321406836,0.0,0.6884020138736374,0.0,1.0,0.0,0.5199865673621021,1.0,1.0,1.0
194,additive/amplitude,interaction_g0.50,6,3.8966128335998933,3.942455536572489,4.209129269110801,3.9871000705352544,0.00859063100578128,-0.4240500159563414,53.385468481108546,343.0176469599828,1,1,excluded,r_hat_max 2.734 > 1.1; n_eff_min 3.0 < 16.0; divergences 8 > 5,2.7335043708516653,1.0558676590274014,0.4729064039408867,2.9686384311670726,8,62.5,2.3547916922688543,3.0040821045794805,2.7335043708516653,2.9686384311670726,1.3314045182437617,6.872115449817037,2.465248600542127,1.55596856117641,0,0.686922030748421,1.0,0.0,1.0,0.15578246267243362,0.0,0.0,0.6794522558274954,0.0,0.6787538556250543,0.0,1.0,1.0,0.5432089548575836,0.0,0.0,0.2019898181067591,1.0,0.6821548740650482,0.017608390061134696,0.027089580288097048,1.0,0.8049756379794343,0.13751940474342664,0.05611193628339069,0.08809986233648673,1.0,0.0,0.0,1.0,0.7945411314850929,0.0,1.0,0.0,1.0,0.0,1.0,0.7892545751197623,0.0,0.9197296896602324,0.8715030592762579,1.0,0.4870781282486596,1.0,0.7272326596372728,0.14408579148632578,0.8404928097236241,0.6053643562400427,0.8582389919340915,0.10496883418215823,0.8242463143685889,0.10771013954752737,0.002789894834119031,0.9326894119436435,0.2666492485179515,0.7382750222272148,0.4433557280155192,0.779297368039172,0.0,0.07843057548256747,0.16490815020827515,0.9890006162909056,0.9640423377909751,0.11862594128134336,0.6586059578620046,0.0,0.9518888886156748,0.08439014354627557,0.7840019100287593,0.20649050715074468,0.3719370811277442,1.0,1.0,0.33345379211458215,1.0,0.16884647281392542,0.0,0.17865299420743017,1.0,0.9522804695324326,1.0,1.0,0.1803019915162675,1.0,0.0,0.38530561010268355,0.20810688969500032,0.9714064586916377,0.6417177213736667,0.20673882563518656,0.5278154637853814,0.0,0.8134826420107582,0.006342871648856382,0.8257680400633698,0.0,0.08901639199255408,1.0,1.0,1.0
195,additive/amplitude,interaction_g0.50,6,3.9914225712250455,3.942455536572489,4.209129269110801,3.9871000705352544,0.00859063100578128,0.47728472425654944,60.92099966900423,345.08319931617007,1,1,excluded,r_hat_max 1.463 > 1.1; n_eff_min 5.0 < 16.0,1.4633672766871006,1.0406823708398143,0.5517241379310345,5.0147992395221515,0,63.0,1.4633672766871006,5.0147992395221515,1.4320644601050205,5.507750916592467,1.058654244762269,16.39833462306724,2.472588929942423,1.555337708528652,0,0.298564414760901,1.0,0.0,0.7785939498430865,0.0,0.0,0.6224465777067677,1.0,0.0,0.19126732905380256,0.6142886327272716,1.0,1.0,1.0,0.0,0.0,0.806850615947571,0.0,0.7065142310371711,0.0,0.5827660391454352,1.0,0.47593861710351304,0.0,0.0,0.6132395914985089,0.7452036110921223,0.0,0.19355327165284222,0.2527433500634153,0.0,0.5889103427769427,0.39863460543898016,0.16487265087773595,0.038810916022496554,0.0,0.39927549515275595,0.094072326945795,0.6020003327916751,0.771450190523023,1.0,0.8485496021932147,1.0,1.0,0.7014439602020852,0.43741414155460684,0.0,0.7765754123666386,0.21633022888065243,1.0,0.326380458592008,0.49163165636276396,0.0,1.0,0.0,0.7658199779035954,1.0,0.8743922343586599,0.0,0.0,0.0,0.0,0.8587180078392248,0.0,1.0,0.4738518262701779,0.6947707220808151,1.0,1.0,0.0,0.5054854801090987,0.8778056127508516,0.0,0.30866481401110096,1.0,1.0,0.0,1.0,0.9382084590959393,1.0,1.0,1.0,0.4694524240358121,0.9610806156805831,0.4249958614918931,0.3108698969163742,0.3989858721700962,1.0,0.03509670618844174,0.07363407376354786,0.5493877560256778,0.0,0.5960699330170139,0.0,0.6485954696651905,0.17968401115727273,0.0,1.0,1.0,0.9925453225760967
196,additive/amplitude,interaction_g0.50,6,3.480988390214748,3.6830240354212567,4.209129269110801,3.9871000705352544,0.00859063100578128,-0.7792269063094766,57.569908315781504,265.8024226920679,1,1,excluded,r_hat_max 3.970 > 1.1; n_eff_min 3.0 < 16.0,3.9701545885199105,1.0507369137419778,0.49261083743842365,3.001131595709595,0,63.0,2.7605279051798215,3.483238176761759,3.9701545885199105,3.001131595709595,1.467164171049726,5.971669740988635,2.480338081173457,1.5551343313174841,0,0.7315765722798531,1.0,0.009933923256474462,1.0,0.0,0.0,0.34312376120342714,1.0,0.0,0.5458738499780731,0.01853125538101376,1.0,1.0,0.9179299486583471,0.3632653436744179,0.0,0.9742995675426084,0.6709039757521164,0.690608121845768,0.0,0.0,1.0,0.0,0.0,0.0,0.2035208214041147,0.7730832850158339,0.0,0.3822570796008222,1.0,0.0,2.9095508350331046e-05,0.47405080230243724,0.0688901472879234,0.7787090958167198,0.0,0.9415271673743051,0.8762307565029898,0.0,0.7524222102142063,1.0,0.7954243280521762,0.6445191267752899,1.0,1.0,0.6374861622223204,0.4552358498915329,0.1262236075513106,0.4704272016712649,1.0,0.6827781876783998,0.3201983874246797,0.2561784670780568,1.0,0.0,0.925230453331188,0.7504909820973266,0.7115728163854249,0.0,0.0,0.1793986786813522,0.0,0.999756246997515,0.4606879905345106,0.9394173346920328,0.24990495842351376,0.6129844159133199,1.0,1.0,0.0,0.0,0.9596198569385381,0.0,0.30829013200774985,1.0,0.9961524012546026,0.0,0.0530400641332902,0.9116981068827275,1.0,0.9447062239878213,1.0,0.7160798430339171,0.911489817331542,1.0,0.2893373022572571,0.0,0.4811263789813393,0.2660546289248025,0.5163078251552958,0.0701035710713857,0.0,1.0,0.04841483491514943,0.0,0.0,0.5350569272326111,1.0,1.0,1.0
197,additive/amplitude,interaction_g0.50,6,2.306182187447461,2.479073059316171,4.209129269110801,3.9871000705352544,0.00859063100578128,0.1742833641374535,59.55696133710444,285.91046093497425,1,1,excluded,r_hat_max 1.556 > 1.1; n_eff_min 4.5 < 16.0,1.5560206937573533,1.0305636871795447,0.6305418719211823,4.4619466463657655,0,63.0,1.5514665712778584,5.649070860310303,1.5560206937573533,4.4619466463657655,1.1648465009422053,21.164047813747356,2.48541752436656,1.552811442116482,0,0.0,1.0,0.0,0.9181323690356353,0.8268431668254268,0.772422017424859,0.9921821533413107,0.2516159724925512,0.7763292894692516,0.5063725368161998,0.8868384798752161,0.03570921020817046,0.8021194645359844,1.0,0.06992879744158607,0.0,0.47554883419151495,0.7155303565396045,0.5769858416162726,0.4286711986350975,0.5308569757600938,0.8344935812823722,0.375928688311265,0.0,0.6366426731055691,0.6259862411580208,0.7870484303185206,0.022962354013506398,0.2835718100862736,0.6264858016965196,0.17522905611797773,0.48710123612101786,0.7872635342294749,5.300444342977567e-07,0.20964092650262525,0.11146509139936991,1.0,0.3550413248391057,0.3896658515695169,0.7180140702611332,0.7981877289950141,0.5968272583251305,0.6523092978926326,0.4925521818554824,0.4682452957580014,0.7665056012264393,0.2656183619246714,0.3588223024897272,0.7383130166740796,0.3034706963267923,0.7025637142737681,0.0,0.5901646105045925,0.7322562641197046,0.6469406890272718,0.4087476171256399,0.12204825116792173,0.17849159404980017,0.45445687566399673,0.22024486492648898,0.5769075349920905,0.6458903247418196,0.6738485226692806,0.2080988624515953,1.0,0.6305565911548756,0.6583906197414626,1.0,0.5651170332575856,0.3597803458044867,0.35429394040168033,0.16520901023294265,0.19496751264185602,0.07419304935970944,0.51751354400387,0.33095176464786286,0.36672981232846535,0.2719896233689507,0.27152262464739285,0.6579917751927575,0.944340079657198,0.5238689981448127,0.4931291929734793,0.703368082590939,0.4466956449368124,0.31973841253564456,0.47232410315739165,0.6203650213506174,0.21860793665847852,0.8766469956763234,0.30069463417181475,0.08592019728511896,0.383125978936434,0.5783974219522771,0.728541443846599,0.2514101403006125,0.0,1.0,0.5630727493392476,0.33609761425471807
198,additive/amplitude,interaction_g0.50,6,3.9327892688511255,3.942455536572489,4.209129269110801,3.9871000705352544,0.00859063100578128,0.13459402797827735,54.26461078599095,334.6919384528883,1,1,excluded,r_hat_max 1.599 > 1.1; n_eff_min 5.5 < 16.0,1.599433983192795,1.0164014806194284,0.6798029556650246,5.512719392132639,0,63.0,1.3165379470245095,7.794022824336246,1.599433983192795,5.512719392132639,1.0164014806194284,14.557625454782029,2.484512295392221,1.5489373481572508,0,1.0,0.95245425566926,0.0,0.7901404687463587,0.19318171719919514,0.0,0.07523912749336367,0.5347482080422215,0.0,0.7627470910246213,0.0,1.0,1.0,0.9996084534084236,0.14263316582959917,0.03743414411527785,1.0,0.5464746733456317,0.8141841043480506,0.0,0.8010766235138941,1.0,0.3278147239977678,0.07289287165226319,0.1738064257297337,0.3993319051489762,1.0,0.0,0.5838205408677216,0.6733571729580441,0.5094427416246875,0.28371185856856096,0.43890183113897785,0.0,0.6320156371922134,0.0,1.0,0.7425320144615302,0.0,0.4342953334282139,1.0,0.8644295797942304,0.5847224541839673,1.0,0.0,0.4072649658413601,0.4327192081664414,0.0,0.41647075396354366,1.0,1.0,0.4210278351479217,0.0,0.8014975590661939,0.0,0.6801038757800832,1.0,0.3310633636269123,0.41670287816355034,0.0,0.026224885936735807,0.0,0.7885836444791173,0.08098674045203218,1.0,0.0,0.6750169007886824,1.0,1.0,0.2520270460511432,0.0,0.7226403774817909,0.0,0.8583555869143873,1.0,0.0,0.4749325938512307,0.06605734213057957,1.0,1.0,1.0,0.44778719023299757,0.7595818234933087,0.5302718766559062,0.7238134792266486,0.7620126829362042,0.4315904266210163,0.8695332244935848,0.0,0.674885074041036,0.06378870551330978,0.034252548456109894,0.774633421788888,0.0,0.004012151236319573,0.2805642254383375,0.2377175906731452,1.0,1.0,1.0
199,additive/amplitude,interaction_g0.50,6,4.047513173243218,3.942455536572489,4.209129269110801,3.9871000705352544,0.00859063100578128,-0.06368485519784128,58.390916865784675,331.5382008841261,1,1,excluded,r_hat_max 1.773 > 1.1; n_eff_min 5.2 < 16.0,1.773166074470015,1.0218243378355267,0.6847290640394089,5.160333338399688,0,63.0,1.3019097912257702,10.20292093821131,1.773166074470015,5.160333338399688,1.043759369215029,141.21365560252067,2.4917900691281956,1.5484307729189968,1,1.0,1.0,0.0,0.9236846404642778,0.8296780269616758,0.0,0.0,1.0,0.0,1.0,0.0,1.0,1.0,0.9527006754607399,0.8963569594765735,0.0,0.8986116912184274,1.0,0.701685345911289,0.0,0.0,1.0,0.959124787301806,0.07036048957534381,0.0,0.0,1.0,0.0,0.0,0.44540112764062384,0.8723335830194848,0.0,0.5043282052191963,0.0,0.0,0.0,0.6267570643386732,1.0,0.0,0.8177025891710513,0.5525157066944943,0.8283568020025346,0.47533410685832705,1.0,0.3214806119300193,0.14107044493696333,0.0,0.8777077132120058,0.5869456525200946,0.0,1.0,0.25714169607962073,0.0,1.0,0.0,0.648919746887591,0.0,0.602321849138957,0.05898267463024295,0.20830819844398157,0.5526400124756045,0.0,0.808830341042219,0.6611127349118141,1.0,0.0,1.0,0.26283023399089156,1.0,0.0,0.20088007323252005,1.0,1.0,1.0,1.0,0.14681838159746713,0.11329377336073648,1.0,1.0,0.0,1.0,1.0,0.0,0.8507331438345433,0.331086139004569,0.25166337733881583,0.0,1.0,0.0,0.7957799015702136,0.26637196572920335,0.6069994995033788,0.8115338904555517,0.0,1.0,0.16745267591778223,0.0,1.0,1.0,0.6746819813665379
