t,method,family,seed,y,f,best_obs,best_f,regret,acq_value,fit_wall_s,acq_wall_s,fit_calls,nuts_attempts,status,reason,r_hat_max,r_hat_median,frac_r_hat_below_1_05,n_eff_min,divergences,num_steps_mean,r_hat_max_native,n_eff_min_native,r_hat_max_ell,n_eff_min_ell,r_hat_max_global,n_eff_min_global,y_mean,y_std,sobol_computed,x_0,x_1,x_2,x_3,x_4,x_5,x_6,x_7,x_8,x_9,x_10,x_11,x_12,x_13,x_14,x_15,x_16,x_17,x_18,x_19,x_20,x_21,x_22,x_23,x_24,x_25,x_26,x_27,x_28,x_29,x_30,x_31,x_32,x_33,x_34,x_35,x_36,x_37,x_38,x_39,x_40,x_41,x_42,x_43,x_44,x_45,x_46,x_47,x_48,x_49,x_50,x_51,x_52,x_53,x_54,x_55,x_56,x_57,x_58,x_59,x_60,x_61,x_62,x_63,x_64,x_65,x_66,x_67,x_68,x_69,x_70,x_71,x_72,x_73,x_74,x_75,x_76,x_77,x_78,x_79,x_80,x_81,x_82,x_83,x_84,x_85,x_86,x_87,x_88,x_89,x_90,x_91,x_92,x_93,x_94,x_95,x_96,x_97,x_98,x_99
20,product/amplitude,decoupled,4,2.8401098114714727,2.8345549278532793,2.8401098114714727,2.8345549278532793,2.4059601919199283,-0.03290371706230344,38.623284853994846,131.1377599730622,1,1,excluded,r_hat_max 1.304 > 1.1; n_eff_min 7.2 < 16.0,1.3044530070280966,1.0239841561999907,0.6798029556650246,7.235968234054469,0,63.0,1.3032264553112984,7.235968234054469,1.3044530070280966,9.619377555260932,1.058449518885511,34.94908934095252,-0.009412407684519498,0.7235888214085026,0,1.0,1.0,1.0,1.0,1.0,0.0,0.0,1.0,1.0,0.0,0.0,0.0,1.0,0.0,0.0,0.0,1.0,0.0,0.0,1.0,0.2150061344923136,0.0317551435986158,1.0,0.0,1.0,0.0,1.0,0.0,1.0,0.0,0.0,1.0,0.6052442572516815,0.0,1.0,0.0,0.0,0.0,1.0,0.0,1.0,0.02518170189671967,1.0,1.0,0.5363801685047561,0.0,0.687531367638908,0.0,1.0,0.0,1.0,1.0,0.0,1.0,0.3075444712460082,1.0,0.967039398485719,1.0,0.0,1.0,1.0,1.0,1.0,1.0,0.0,0.0,1.0,0.0,0.0,0.6640372373151462,1.0,0.45573635490193415,1.0,1.0,0.0,0.0,0.0,0.0,1.0,1.0,0.6845427506571743,1.0,1.0,0.0,1.0,0.0,1.0,0.0,0.8524111623914018,0.0,1.0,1.0,0.0,1.0,0.0,1.0,0.0,1.0,1.0,1.0
21,product/amplitude,decoupled,4,2.889290418594685,2.8345549278532793,2.889290418594685,2.8345549278532793,2.4059601919199283,-1.529188142593608,27.286885536974296,112.28825106704608,1,1,excluded,r_hat_max 1.507 > 1.1; n_eff_min 6.5 < 16.0,1.5067628335950631,1.0255003956031603,0.6600985221674877,6.463868725670456,0,63.0,1.3392311507806351,8.002194441080636,1.5067628335950631,6.463868725670456,1.1388070794316336,19.026625769149035,0.12627912656100393,0.9310704664914983,0,1.0,1.0,1.0,1.0,1.0,0.0,0.0,1.0,1.0,0.0,0.0,0.0,1.0,0.0,0.0,0.0,1.0,0.0,0.0,1.0,0.0,0.0,1.0,0.0,1.0,0.0,1.0,0.0,1.0,0.0,0.0,1.0,0.0,0.0,1.0,0.0,0.0,0.0,1.0,0.0,1.0,0.0,1.0,1.0,0.0,0.0,1.0,0.0,1.0,0.0,1.0,1.0,0.0,1.0,0.0,1.0,1.0,1.0,0.0,1.0,1.0,1.0,1.0,1.0,0.0,0.0,1.0,0.0,0.0,0.0,1.0,1.0,1.0,1.0,0.0,0.0,0.0,0.0,1.0,1.0,0.0,1.0,1.0,0.0,1.0,0.0,1.0,0.0,1.0,0.0,1.0,1.0,0.0,1.0,0.0,1.0,0.0,1.0,1.0,1.0
22,product/amplitude,decoupled,4,2.735476916662365,2.8345549278532793,2.889290418594685,2.8345549278532793,2.4059601919199283,-2.419044506764342,26.9460133749526,78.26053244806826,1,1,excluded,r_hat_max 1.301 > 1.1; n_eff_min 7.5 < 16.0,1.3009024997953453,1.019211454641979,0.7192118226600985,7.545447812705288,0,63.0,1.2198271748552916,7.545447812705288,1.3009024997953453,8.58455584393707,1.1279820452099338,15.387257891038036,0.2518705489261713,1.0764410503378656,0,1.0,1.0,1.0,1.0,1.0,0.0,0.0,1.0,1.0,0.0,0.0,0.0,1.0,0.0,0.0,0.0,1.0,0.0,0.0,1.0,0.0,0.0,1.0,0.0,1.0,0.0,1.0,0.0,1.0,0.0,0.0,1.0,0.0,0.0,1.0,0.0,0.0,0.0,1.0,0.0,1.0,0.0,1.0,1.0,0.0,0.0,1.0,0.0,1.0,0.0,1.0,1.0,0.0,1.0,0.0,1.0,1.0,1.0,0.0,1.0,1.0,1.0,1.0,1.0,0.0,0.0,1.0,0.0,0.0,0.0,1.0,1.0,1.0,1.0,0.0,0.0,0.0,0.0,1.0,1.0,0.0,1.0,1.0,0.0,0.0,0.0,1.0,0.0,1.0,0.0,1.0,1.0,0.0,1.0,0.0,1.0,0.0,1.0,1.0,1.0
23,product/amplitude,decoupled,4,3.2855540782507333,3.273687444873688,3.2855540782507333,3.273687444873688,1.9668276748995197,-2.8876950111001194,27.12236570403911,90.52925358316861,1,1,excluded,r_hat_max 1.366 > 1.1; n_eff_min 7.1 < 16.0,1.3658018213137553,1.0279064124665154,0.6699507389162561,7.117419021838961,0,63.0,1.3658018213137553,7.117419021838961,1.3621831353546545,9.412761272340202,1.008517814216652,109.52005415706248,0.35985343447991885,1.1682776429697261,0,1.0,1.0,1.0,1.0,1.0,0.0,0.0,0.2975201597635162,1.0,0.0,0.0,0.0,1.0,0.0,0.0,0.0,1.0,0.0,0.0,1.0,0.0,0.0,1.0,0.0,1.0,0.0,1.0,0.0,1.0,0.0,0.0,1.0,0.0,0.0,1.0,0.0,0.0,0.0,1.0,0.0,0.4304657429068754,0.0,1.0,1.0,0.0,0.0,1.0,0.0,1.0,0.0,1.0,1.0,0.0,1.0,0.0,1.0,1.0,1.0,0.0,1.0,1.0,1.0,1.0,1.0,0.0,0.0,1.0,0.0,0.0,0.0,1.0,1.0,1.0,0.0,0.0,0.0,0.0,0.0,1.0,1.0,0.0,1.0,1.0,0.0,1.0,0.0,1.0,0.0,1.0,0.0,1.0,1.0,0.0,1.0,0.0,1.0,0.0,1.0,1.0,1.0
24,product/amplitude,decoupled,4,3.4344978732319116,3.273687444873688,3.4344978732319116,3.273687444873688,1.9668276748995197,-2.713096449826523,27.118829576997086,109.14754338888451,1,1,excluded,r_hat_max 1.367 > 1.1; n_eff_min 10.2 < 16.0,1.3674920445198024,1.0153528848726503,0.6995073891625616,10.156162483829863,0,63.0,1.3674920445198024,10.156162483829863,1.1947907281726846,10.468722610525049,1.0719832517381664,52.75204360082104,0.4817576279703694,1.2844444333062555,0,1.0,1.0,1.0,0.0,1.0,0.0,0.0,0.0,1.0,0.0,0.0,0.0,1.0,0.0,0.0,0.0,1.0,0.0,0.0,1.0,0.0,0.0,1.0,0.0,1.0,0.0454239636274907,1.0,0.0,1.0,0.0,0.0,1.0,0.0,0.0,1.0,0.0,0.0,0.0,1.0,0.0,0.0,0.0,1.0,1.0,0.0,0.0,1.0,0.0,1.0,0.0,1.0,1.0,0.0,1.0,0.0,1.0,1.0,1.0,0.0,1.0,1.0,1.0,1.0,1.0,0.0,0.0,1.0,0.0,0.0,0.0,1.0,1.0,1.0,0.0,0.0,0.0,0.0,0.0,1.0,1.0,0.0,1.0,0.0,0.0,1.0,0.0,1.0,0.0,1.0,0.0,1.0,0.9361126706798583,0.0,1.0,0.0,1.0,0.0,1.0,1.0,1.0
25,product/amplitude,decoupled,4,3.289238891930353,3.273687444873688,3.4344978732319116,3.273687444873688,1.9668276748995197,-3.0511597246517903,27.741399652091786,100.07003316702321,1,1,excluded,r_hat_max 1.369 > 1.1; n_eff_min 6.9 < 16.0,1.3685117211626037,1.015424294088318,0.7487684729064039,6.85668428518435,0,63.0,1.3108377980766608,7.672240933610686,1.3685117211626037,6.85668428518435,1.273218633298392,10.0189575512241,0.5998672377808311,1.3851363544688582,1,1.0,1.0,1.0,0.0,0.7264257915351451,0.0,0.0,0.0,1.0,0.0,0.0,1.0,1.0,0.0,0.0,0.0,1.0,0.0,0.0,1.0,0.0,0.0,1.0,0.0,1.0,0.0,1.0,0.0,1.0,0.0,0.0,1.0,0.0,0.0,1.0,0.0,0.0,0.0,1.0,0.0,0.0,0.0,1.0,1.0,0.0,0.0,1.0,0.0,1.0,0.0,1.0,1.0,0.0,1.0,0.0,1.0,1.0,1.0,0.0,1.0,1.0,1.0,1.0,1.0,0.0,0.0,1.0,0.0,0.0,0.0,1.0,1.0,1.0,0.0,0.0,0.0,0.0,0.0,1.0,1.0,0.0,1.0,0.0,0.0,1.0,0.0,1.0,0.0,1.0,0.0,1.0,1.0,0.0,1.0,0.0,1.0,0.0,1.0,1.0,1.0
26,product/amplitude,decoupled,4,3.24944610211763,3.273687444873688,3.4344978732319116,3.273687444873688,1.9668276748995197,-2.6566802812198946,27.9469282948412,91.06537134689279,1,1,excluded,r_hat_max 1.370 > 1.1; n_eff_min 7.8 < 16.0,1.3700948506431594,1.029946186126892,0.6009852216748769,7.844634152894076,0,63.0,1.3700948506431594,7.844634152894076,1.3551549758275563,9.582666468665424,1.097504152581996,27.831646245223343,0.7033046090942742,1.4533728195997537,0,1.0,1.0,1.0,0.0,1.0,0.0,0.0,0.0,1.0,0.1603915383554961,0.0,0.0,1.0,0.0,0.0,0.0,1.0,0.0,0.0,1.0,1.0,0.0,1.0,0.0,1.0,0.0,1.0,0.0,1.0,0.0,0.0,1.0,0.0,0.0,1.0,0.0,0.0,0.0,1.0,0.0,0.0,0.0,1.0,1.0,0.0,0.0,1.0,0.0,1.0,0.0,1.0,1.0,0.0,1.0,0.7051906442956071,1.0,1.0,1.0,0.0,1.0,1.0,1.0,1.0,1.0,0.0,0.0,1.0,0.0,0.0,0.0,1.0,1.0,1.0,0.0,0.47307855927469317,0.0,0.0,0.0,1.0,1.0,0.4785854324475713,1.0,0.0,0.0,1.0,0.0,1.0,0.0,1.0,0.0,1.0,1.0,0.0,1.0,0.0,1.0,0.0,1.0,1.0,1.0
27,product/amplitude,decoupled,4,3.285835752559058,3.273687444873688,3.4344978732319116,3.273687444873688,1.9668276748995197,-2.506387801218181,27.702908175066113,98.35187003714964,1,1,excluded,r_hat_max 1.471 > 1.1; n_eff_min 5.5 < 16.0,1.471171491060484,1.0267045538286421,0.6600985221674877,5.458167327862477,0,63.0,1.2630113169591701,9.698438144531586,1.471171491060484,5.458167327862477,1.1084873217950955,30.994188926090104,0.797606145872917,1.5050819815050562,0,1.0,1.0,1.0,0.0,1.0,0.0,0.0,0.0,1.0,0.0,0.0,0.0,1.0,0.0,0.0,0.0,1.0,0.0,0.0,1.0,0.0,0.0,1.0,0.0,1.0,1.0,1.0,0.0,1.0,0.0,0.0,1.0,0.0,0.0,1.0,0.0,0.0,0.0,1.0,0.0,0.0,0.0,1.0,1.0,0.0,0.0,1.0,0.0,1.0,0.0,1.0,1.0,0.0,1.0,0.41014639787010465,1.0,1.0,1.0,0.0,1.0,1.0,1.0,1.0,1.0,0.0,0.0,1.0,0.0,0.0,0.0,1.0,1.0,1.0,0.0,0.0,0.0,0.0,0.0,1.0,1.0,0.0,1.0,0.0,0.0,1.0,0.0,0.0,0.0,1.0,0.0,1.0,1.0,0.0,1.0,0.0,1.0,0.0,1.0,1.0,1.0
28,product/amplitude,decoupled,4,3.1729941568725684,3.273687444873688,3.4344978732319116,3.273687444873688,1.9668276748995197,-2.9816946973883844,27.58116024895571,106.51564393378794,1,1,excluded,r_hat_max 1.345 > 1.1; n_eff_min 6.1 < 16.0,1.344570834310589,1.0243209429640894,0.6502463054187192,6.063253778142058,0,63.0,1.334260911303219,6.063253778142058,1.344570834310589,6.9901207513821735,1.0359221607253422,44.891241232226584,0.8864714889688506,1.5484151692280155,0,1.0,0.0,1.0,0.0,1.0,0.0,0.0,0.0,1.0,0.0,0.0,0.0,1.0,0.0,0.0,1.0,1.0,0.0,0.0,0.0,0.0,0.0,1.0,0.0,1.0,0.7905052619891072,1.0,0.0,1.0,0.0,1.0,1.0,0.0,0.0,1.0,0.0,0.0,0.0,1.0,0.0,0.0,0.0,1.0,1.0,1.0,0.0,1.0,0.0,1.0,0.0,1.0,1.0,0.0,1.0,0.0,1.0,1.0,1.0,0.0,0.8197253037361649,1.0,1.0,1.0,1.0,0.0,0.0,1.0,0.0,1.0,0.0,0.0,0.7801899086264981,1.0,0.0,0.0,1.0,0.0,0.0,1.0,0.0,0.0,1.0,0.0,0.0,1.0,0.0,1.0,0.0,1.0,0.0,1.0,1.0,0.0,1.0,0.0,0.0,0.0,1.0,1.0,1.0
29,product/amplitude,decoupled,4,1.9481787893861977,2.030603703062777,3.4344978732319116,3.273687444873688,1.9668276748995197,-2.826036631318481,27.858960347948596,114.18498834292404,1,1,excluded,r_hat_max 1.498 > 1.1; n_eff_min 7.5 < 16.0,1.4979842847406188,1.029073284826254,0.625615763546798,7.541519726457638,0,63.0,1.4979842847406188,7.689388903140922,1.4725917163460034,7.541519726457638,1.1345358241505623,13.520556471868806,0.9653170982069099,1.5776500491982492,0,1.0,0.0,1.0,0.0,1.0,1.0,0.0,0.0,1.0,0.0,0.0,0.0,1.0,0.0,0.0,0.0,1.0,0.0,0.0,1.0,0.0,0.0,1.0,0.0,1.0,0.0,1.0,0.0,1.0,0.0,0.0,1.0,0.0,0.0,1.0,0.0,0.0,0.0,1.0,0.0,0.0,0.0,1.0,1.0,1.0,0.0,1.0,1.0,1.0,0.0,1.0,0.0,0.0,1.0,0.0,0.0,1.0,1.0,0.0,1.0,1.0,1.0,1.0,1.0,0.0,0.0,0.0,0.0,0.0,0.0,0.38061709796933707,1.0,1.0,0.0,0.0,0.0,0.0,0.0,0.1766628520005111,1.0,0.40452436877213194,1.0,0.0,0.0,1.0,0.0,1.0,0.0,1.0,0.0,1.0,1.0,0.0,1.0,0.0,1.0,0.0,1.0,1.0,1.0
30,product/amplitude,decoupled,4,3.1878357455199384,3.273687444873688,3.4344978732319116,3.273687444873688,1.9668276748995197,-2.523256406548457,28.651879934128374,99.24850158789195,1,1,excluded,r_hat_max 1.508 > 1.1; n_eff_min 5.2 < 16.0,1.5082125965285085,1.02874615908771,0.645320197044335,5.194424097865369,0,63.0,1.5082125965285085,5.194424097865369,1.2818799286511076,9.745353967436694,1.0731009536163294,68.11460651354369,0.9980791545795529,1.5611344933325122,0,1.0,1.0,1.0,0.0,1.0,0.0,0.0,0.0,1.0,0.0,0.0,0.0,1.0,0.0,0.0,0.0,1.0,0.0,1.0,1.0,0.0,1.0,1.0,0.0,1.0,0.0,1.0,0.0,1.0,0.0,0.2518014802032319,0.0,0.0,0.0,1.0,0.0,0.0,0.0,1.0,0.0,0.0,0.0,1.0,1.0,0.0,0.0,1.0,0.0,1.0,0.0,1.0,1.0,0.0,1.0,0.0,1.0,1.0,1.0,0.0,1.0,1.0,1.0,1.0,1.0,0.0,0.0,1.0,0.0,0.0,1.0,1.0,0.7539103744845904,1.0,0.0,0.5470680014934124,0.0,0.0,0.0,1.0,1.0,0.0,1.0,0.0,0.0,1.0,0.5156491090928468,1.0,0.0,0.6516735075335697,0.0,1.0,0.0,0.0,1.0,0.0,1.0,1.0,1.0,1.0,1.0
31,product/amplitude,decoupled,4,3.212900152283952,3.273687444873688,3.4344978732319116,3.273687444873688,1.9668276748995197,-2.5469577593820993,28.60979219409637,101.34553418098949,1,1,excluded,r_hat_max 1.673 > 1.1; n_eff_min 5.3 < 16.0,1.6726699152550806,1.0400805243969606,0.5665024630541872,5.276152674318144,0,63.0,1.4117436296862647,7.5933544536230455,1.6726699152550806,5.276152674318144,1.0255967820108758,55.638980933496875,1.0687164639647266,1.5837336714228263,0,1.0,1.0,1.0,0.0,1.0,0.0,0.0,0.0,1.0,0.0,0.0,0.0,1.0,0.0,0.0,0.0,1.0,0.49339102940941226,0.0,1.0,0.0,0.0,1.0,0.0,1.0,0.785114722885502,1.0,0.0,1.0,0.0,0.0,1.0,0.0,0.0,0.8905022406282699,0.0,0.0,0.0,1.0,0.0,0.0,1.0,1.0,1.0,0.0,0.0,1.0,0.0,1.0,0.0,1.0,1.0,0.0,1.0,0.0,1.0,1.0,1.0,0.0,1.0,1.0,1.0,1.0,1.0,0.0,0.0,1.0,0.0,0.0,1.0,1.0,1.0,1.0,0.0,0.0,0.0,0.0,0.0,1.0,1.0,0.0,1.0,0.0,0.0,1.0,1.0,1.0,0.0,1.0,0.0,1.0,1.0,0.0,1.0,0.0,0.0,0.0,1.0,1.0,1.0
32,product/amplitude,decoupled,4,3.136045538791315,3.273687444873688,3.4344978732319116,3.273687444873688,1.9668276748995197,-3.164212951778941,27.512949368916452,114.49772063293494,1,1,excluded,r_hat_max 1.554 > 1.1; n_eff_min 6.0 < 16.0,1.55371710329221,1.0245664618409511,0.6502463054187192,5.9879788551687545,0,63.0,1.270466588176929,9.803161902164222,1.55371710329221,5.9879788551687545,1.1238855051138443,29.911437057482434,1.1357222042247024,1.6028142600976514,0,1.0,1.0,1.0,0.0,1.0,0.0,0.0,0.0,1.0,0.0,0.0,1.0,1.0,0.07698291661006716,0.0,0.0,1.0,0.0,0.0,1.0,0.0,0.0,1.0,0.0,1.0,1.0,1.0,0.0,1.0,0.0,0.0,1.0,0.0,0.0,1.0,0.0,0.0,0.0,1.0,0.0,0.0,0.0,1.0,1.0,0.0,0.0,1.0,0.0,1.0,0.0,1.0,1.0,0.0,1.0,0.0,1.0,1.0,1.0,1.0,1.0,1.0,1.0,1.0,1.0,0.0,0.0,1.0,0.0,0.0,0.0,1.0,1.0,1.0,0.0,0.0,0.0,0.0,0.0,1.0,1.0,0.0,1.0,0.0,0.0,1.0,0.0,1.0,0.0,1.0,0.0,1.0,0.0,0.0,1.0,0.0,0.553793353766957,0.0,1.0,1.0,1.0
33,product/amplitude,decoupled,4,3.3610499519365,3.273687444873688,3.4344978732319116,3.273687444873688,1.9668276748995197,-2.5169722276407325,30.429268582956865,126.54387181601487,1,1,excluded,r_hat_max 1.462 > 1.1; n_eff_min 7.1 < 16.0,1.461670125750805,1.0259530999997335,0.645320197044335,7.145428971645184,0,63.0,1.461670125750805,7.469308669999627,1.4288314709597547,7.145428971645184,1.0131422934566594,90.90950742106114,1.196338062847933,1.615159958325538,0,1.0,1.0,1.0,0.0,1.0,0.0,0.0,0.0,1.0,0.0,0.0,0.41554683029906114,1.0,0.0,0.0,0.0,1.0,0.0,0.0,0.0,0.0,1.0,1.0,0.0,1.0,0.05646809182157362,1.0,0.0,1.0,0.0,0.2774576908494712,1.0,0.0,0.0,1.0,0.0,0.0,0.0,1.0,0.0,0.0,0.0,1.0,1.0,0.0,0.0,1.0,0.0,1.0,0.0,1.0,1.0,0.21322207464093687,1.0,0.0,1.0,1.0,1.0,0.0,1.0,0.0,1.0,1.0,1.0,0.0,0.0,1.0,0.0,0.0,0.0,1.0,1.0,1.0,0.0,0.0,0.0,0.0,1.0,1.0,1.0,0.0,1.0,0.0,0.0,0.7336568164424655,0.0,1.0,0.9830952368248106,0.0,0.0,1.0,0.9368574005191689,0.0,1.0,0.0,1.0,0.0,1.0,1.0,0.0
34,product/amplitude,decoupled,4,2.8830499090361905,3.007596216733365,3.4344978732319116,3.273687444873688,1.9668276748995197,-2.6049516582551147,29.899970102822408,108.40253053512424,1,1,excluded,r_hat_max 1.612 > 1.1; n_eff_min 4.5 < 16.0,1.6120500407028007,1.0305807166268595,0.5960591133004927,4.502779723210969,0,63.0,1.3969663903929221,7.579032524907551,1.6120500407028007,4.502779723210969,1.1014958071108472,32.97991278688825,1.260006059585832,1.6327226494016194,0,1.0,1.0,1.0,0.0,1.0,0.0,0.0,0.0,1.0,0.0,0.0,0.0,1.0,0.0,0.0,0.0,1.0,0.0,0.0,0.0,0.0,0.0,1.0,0.0,1.0,0.0,0.8519634611533866,0.0,1.0,0.0,0.0,1.0,0.0,0.0,1.0,0.0,0.0,0.0,0.9467841319120067,0.0,0.0,0.0,1.0,1.0,0.0,0.0,1.0,0.0,1.0,0.0,1.0,1.0,0.0,1.0,0.0,1.0,1.0,1.0,0.0,1.0,1.0,1.0,1.0,1.0,0.0,0.049666567616801584,1.0,0.0,0.09702947463880986,1.0,1.0,1.0,1.0,0.0,0.0,0.0,0.0,1.0,1.0,1.0,0.0,1.0,0.0,0.0,1.0,0.0,1.0,0.0,1.0,0.0,1.0,1.0,0.0,1.0,0.0,1.0,0.0,1.0,1.0,1.0
35,product/amplitude,decoupled,4,3.0380489928618255,3.273687444873688,3.4344978732319116,3.273687444873688,1.9668276748995197,-2.3218837978121316,29.97527214512229,131.91217659413815,1,1,excluded,r_hat_max 1.535 > 1.1; n_eff_min 5.8 < 16.0,1.5351802964840677,1.0266010697451822,0.6206896551724138,5.828042853552741,0,63.0,1.4427393279381862,6.179900692158554,1.5351802964840677,5.828042853552741,0.9980253613612509,45.19999785283296,1.3063787409986993,1.6317881247045387,0,1.0,1.0,1.0,0.0,1.0,0.0,0.0,0.0,1.0,0.0,0.0,0.0,1.0,0.0,0.0,0.0,1.0,0.0,0.0,1.0,0.0,0.0,1.0,0.0,1.0,0.11011584597767202,1.0,0.0,1.0,0.0,1.0,1.0,0.0,0.0,1.0,0.0,0.0,0.079951685978785,1.0,0.0,0.0,1.0,1.0,1.0,0.0,0.0,1.0,0.0,1.0,0.0,1.0,1.0,1.0,1.0,0.0,1.0,1.0,1.0,0.0,1.0,0.0,1.0,1.0,1.0,0.0,0.0,1.0,0.0,0.0,0.0,1.0,0.3886736001301968,1.0,0.0,0.0,0.0,0.0,0.0,1.0,1.0,0.0,1.0,0.0,0.0,1.0,0.0,1.0,1.0,0.0,0.0,1.0,0.9359585233100851,0.0,1.0,0.0,1.0,0.0,1.0,1.0,0.0
36,product/amplitude,decoupled,4,2.6254656092602398,2.6436439569109096,3.4344978732319116,3.273687444873688,1.9668276748995197,-2.035554709458869,29.37546378094703,111.77214202005416,1,1,excluded,r_hat_max 1.592 > 1.1; n_eff_min 5.6 < 16.0,1.5917643171522171,1.0218632041307818,0.6896551724137931,5.574929767363301,0,63.0,1.333476574858665,6.908868697178525,1.5917643171522171,5.574929767363301,1.015207514702051,28.184869474221042,1.3544806924393418,1.6339371509762837,0,1.0,1.0,1.0,0.0,1.0,0.0,0.0,0.0,0.0,0.0,0.0,0.0,1.0,0.0,0.0,1.0,1.0,0.0,0.0,1.0,0.0,1.0,1.0,0.0,1.0,0.7724100987550233,1.0,0.0,1.0,0.0,0.0,1.0,1.0,0.0,0.0,0.0,0.0,0.0,1.0,0.0,0.0,0.0,1.0,1.0,0.08312694892762822,0.0,1.0,0.0,1.0,0.0,1.0,1.0,0.0,1.0,0.0,1.0,1.0,1.0,0.0,1.0,1.0,1.0,0.0,1.0,0.0,0.0,1.0,0.0,0.0,0.0,1.0,1.0,1.0,0.0,6.724497220755235e-05,0.0,0.0,0.0,1.0,1.0,0.0,1.0,0.0,0.0,1.0,0.6012503916400314,1.0,0.0,0.0,0.0,0.0,0.9362468179505962,0.0,1.0,1.0,1.0,0.0,1.0,1.0,1.0
37,product/amplitude,decoupled,4,3.2631094321190073,3.273687444873688,3.4344978732319116,3.273687444873688,1.9668276748995197,-2.9326195485136903,30.14262600801885,117.3300338848494,1,1,excluded,r_hat_max 1.475 > 1.1; n_eff_min 6.4 < 16.0,1.4754741219165108,1.0203855497365901,0.6600985221674877,6.426830985745462,0,63.0,1.345875202722122,7.610674845186662,1.4754741219165108,6.426830985745462,1.0080026567369735,27.168914092965565,1.388831636137204,1.6248306789767146,0,1.0,1.0,1.0,0.0,1.0,0.0,0.0,0.0,1.0,0.0,0.0,1.0,1.0,0.0,0.0,0.0,1.0,0.0,0.0,1.0,0.0,1.0,1.0,0.0,1.0,0.0,1.0,0.0,1.0,0.0,0.24657880977427385,1.0,0.0,0.0,1.0,0.0,0.0,0.0,1.0,0.0,0.0,0.0,1.0,1.0,1.0,0.0,0.0,0.0,1.0,0.0,1.0,1.0,0.0,1.0,0.0,1.0,1.0,1.0,0.0,1.0,1.0,1.0,1.0,1.0,0.0,0.0,1.0,0.0,0.0,0.0,1.0,1.0,0.0,0.0,0.0,0.0,0.0,0.0,1.0,1.0,0.0,1.0,0.0,0.0,1.0,0.0,0.0,0.0,1.0,0.0,1.0,1.0,0.0,1.0,0.0,0.7148599193709703,0.0,1.0,1.0,1.0
38,product/amplitude,decoupled,4,3.275301206925173,3.273687444873688,3.4344978732319116,3.273687444873688,1.9668276748995197,-2.903228591416487,31.2414818899706,134.56343568279408,1,1,excluded,r_hat_max 1.431 > 1.1; n_eff_min 6.9 < 16.0,1.430833729923844,1.0199482710640904,0.6995073891625616,6.908236994821249,0,63.0,1.4031222309211904,8.65538485841776,1.430833729923844,6.908236994821249,1.0002597570521454,52.646224542472666,1.438154736031462,1.631138101814635,0,1.0,1.0,1.0,0.0,1.0,0.0,0.0,0.0,1.0,0.0,0.0,1.0,1.0,0.0,0.0,0.0,1.0,0.0,0.0,1.0,1.0,0.0,0.7894201022827013,0.23934841189542674,1.0,1.0,1.0,0.0,1.0,0.0,0.0,1.0,0.0,0.0,1.0,0.0,0.0,0.0,1.0,0.0,0.0,0.0,1.0,1.0,0.0,0.0,1.0,0.0,1.0,0.0,1.0,1.0,0.2379067338310804,1.0,0.2911725356660642,1.0,1.0,1.0,0.0,0.756653515914672,1.0,1.0,1.0,1.0,0.0,0.0,1.0,0.16307351765071784,1.0,0.0,1.0,0.7910050253583836,1.0,0.0,0.0,0.0,0.0,0.0,1.0,1.0,0.0,1.0,0.0,0.0,1.0,0.0,0.0,0.0,0.0,0.0,1.0,0.9459185501188029,0.0,1.0,0.0,1.0,0.0,1.0,1.0,1.0
39,product/amplitude,decoupled,4,3.1066829090286494,3.273687444873688,3.4344978732319116,3.273687444873688,1.9668276748995197,-2.7967564694043476,29.597803004086018,133.68400086206384,1,1,excluded,r_hat_max 1.467 > 1.1; n_eff_min 7.5 < 16.0,1.4672079750830593,1.0367531812263386,0.5911330049261084,7.460723156925457,0,63.0,1.422479306352837,7.460723156925457,1.4672079750830593,7.871229758842113,1.0794778506085212,28.529583818223625,1.4852610557979673,1.6360662893259024,0,1.0,1.0,1.0,0.0,1.0,0.0,1.0,0.0,1.0,0.0,0.0,0.4400079554008155,1.0,0.0,0.0,0.0,1.0,0.49564105344790593,0.0,1.0,0.0,1.0,1.0,0.0,1.0,0.803306987526033,1.0,0.0,1.0,0.0,0.21657688390809543,1.0,0.0,0.0,1.0,0.0,0.0,0.0,1.0,0.0,0.0,0.0,1.0,1.0,0.0,0.0,0.6949149595501165,0.7995252595245806,1.0,0.0,1.0,1.0,0.0,1.0,0.0,1.0,1.0,0.043649943359784386,0.0,0.0,1.0,1.0,1.0,1.0,0.0,0.0,1.0,0.0,0.0,0.0,1.0,1.0,1.0,0.0,0.0,0.0,0.0,0.0,1.0,1.0,0.0,1.0,0.07844531677738611,0.03332382657639484,1.0,0.0,0.8847337470388067,0.0,1.0,0.0,1.0,0.03967261024299216,0.0,1.0,0.8522264426272577,1.0,1.0,1.0,1.0,0.018387458147214
40,product/amplitude,decoupled,4,3.3029282850534534,3.273687444873688,3.4344978732319116,3.273687444873688,1.9668276748995197,-2.2459178506284694,29.735977983102202,134.72863327502273,1,1,excluded,r_hat_max 1.381 > 1.1; n_eff_min 6.3 < 16.0,1.3811445620802039,1.021842805802573,0.6798029556650246,6.2517679043044785,0,63.0,1.331482933822566,8.52877099771677,1.3811445620802039,6.2517679043044785,1.0425539381734852,32.0756291290148,1.5257966021287346,1.6351994283967106,0,1.0,1.0,1.0,0.0,1.0,0.0,0.0,0.230376852477039,1.0,0.0,0.0,0.45508210790953335,1.0,0.0,0.0,0.0,1.0,0.0,0.0,1.0,0.0,0.0,1.0,0.0,1.0,0.7991151484956096,1.0,0.0,1.0,0.0,0.30455506328789617,0.7424012549134856,0.0,0.0,1.0,0.0,0.0,0.0,1.0,0.0,0.0,0.0,1.0,0.8122825006332869,0.0,0.0,1.0,0.0,0.7201920685112437,0.0,1.0,1.0,0.0,1.0,0.27273643444405116,1.0,1.0,0.857605466823571,0.0,0.8380277780137178,1.0,1.0,1.0,1.0,0.0,0.0,1.0,0.0,0.0,0.0,1.0,0.7812329714771733,1.0,0.0,0.0,0.0,0.0,0.0,1.0,0.8124308803889225,0.0,1.0,0.0,0.0,0.7348245493608137,0.0,0.0,0.17976571350473836,0.7346575093910869,1.0,1.0,0.9124320109414672,0.0,1.0,0.0,0.0,0.0,1.0,1.0,1.0
41,product/amplitude,decoupled,4,3.291087478806708,3.273687444873688,3.4344978732319116,3.273687444873688,1.9668276748995197,-3.12504639569426,30.277936924016103,161.12616790900938,1,1,excluded,r_hat_max 1.460 > 1.1; n_eff_min 5.2 < 16.0,1.4599950417997831,1.028034272594161,0.6305418719211823,5.207857939597226,0,63.0,1.397442629590536,6.724673744933993,1.4599950417997831,5.207857939597226,1.0605051714557023,41.73419576334417,1.5691412773220204,1.6382341374103349,0,1.0,1.0,1.0,0.0,1.0,0.0,0.0,0.0,1.0,0.0,0.0,0.4117020255431375,1.0,0.0,0.0,0.0,1.0,0.0,0.0,1.0,0.0,1.0,1.0,0.0,1.0,0.7948228790639463,1.0,0.0,1.0,0.0,0.0,1.0,0.0,0.27418159943987547,1.0,0.0,0.0,0.0,1.0,0.0,0.0,0.0,1.0,0.0,0.0,0.0,0.6856834013206724,0.0,1.0,0.0,1.0,1.0,0.219623769439887,1.0,0.5131640785236625,1.0,0.8433935387743036,1.0,0.0,0.8243657207924663,0.8695842634526775,1.0,1.0,1.0,0.0,0.0,1.0,0.6906834657503356,0.0,0.0,1.0,1.0,1.0,0.0,0.0,0.0,0.0,0.0,1.0,1.0,0.0,1.0,0.0,0.0,1.0,0.0,0.0,0.9824050484218216,0.5617288693506575,1.0,1.0,1.0,0.08223988706060376,1.0,0.0,0.0,0.0,1.0,0.9967102652876056,0.9342575100163806
42,product/amplitude,decoupled,4,3.4021868175828356,3.273687444873688,3.4344978732319116,3.273687444873688,1.9668276748995197,-3.26224544863803,29.86773090600036,122.90026594791561,1,1,excluded,r_hat_max 1.420 > 1.1; n_eff_min 6.9 < 16.0,1.4203640439932483,1.0228165984398028,0.6354679802955665,6.9191780797971685,0,63.0,1.3934596543130842,6.9191780797971685,1.4203640439932483,7.450722506706753,1.011293554815392,75.59464152874915,1.610139996404989,1.6397644704583472,0,1.0,1.0,1.0,0.0,1.0,0.0,0.0,0.0,1.0,0.0,0.0,1.0,1.0,0.0,0.0,0.0,1.0,0.0,0.0,1.0,0.0,0.8934113769983445,1.0,0.0,1.0,0.7981036576318378,1.0,0.0,1.0,0.0,0.2669210186002744,0.0,0.0,0.0,1.0,0.0,0.0,0.0,1.0,0.0,0.0,0.0,1.0,1.0,0.0,0.0,0.7405587798834299,0.0,1.0,0.0,1.0,1.0,0.0,1.0,1.0,1.0,1.0,1.0,0.0,1.0,1.0,1.0,1.0,1.0,0.0,0.0,1.0,0.0,0.0,0.0,1.0,1.0,1.0,0.0,0.0,0.0,0.0,0.0,1.0,0.0,0.0,1.0,0.0,0.0,1.0,0.0,0.03904317330385632,0.1429684189661497,1.0,0.0,1.0,0.9458322650841147,0.0,1.0,0.0,0.0,0.0,1.0,1.0,0.6120357631081499
43,product/amplitude,decoupled,4,3.026586391661107,3.273687444873688,3.4344978732319116,3.273687444873688,1.9668276748995197,-3.0480087560358564,30.382125103846192,148.52896201005206,1,1,excluded,r_hat_max 1.475 > 1.1; n_eff_min 6.7 < 16.0,1.4751095796909057,1.0198783101614524,0.6600985221674877,6.671211597699744,0,63.0,1.409639943624319,6.933317400168055,1.4751095796909057,6.671211597699744,1.046452401825174,84.18635095875581,1.651815503874241,1.6429376917007266,0,1.0,0.8628789020467622,1.0,0.0,1.0,0.0,0.0,0.0,1.0,0.0,1.0,1.0,1.0,0.0,0.0,0.0,1.0,0.0,0.0,1.0,0.45965015528144865,1.0,0.0,0.0,1.0,0.05055400372600963,1.0,0.0,1.0,0.0,0.0,1.0,0.0,0.0,1.0,0.0,0.0,0.0,1.0,0.885094306193193,0.0,0.0,1.0,1.0,0.0,0.0,1.0,0.0,1.0,0.0,1.0,1.0,1.0,1.0,1.0,1.0,1.0,1.0,0.0,1.0,1.0,1.0,1.0,1.0,0.0,0.0,1.0,0.0,0.0,0.0,1.0,1.0,1.0,0.0,0.0,0.0,0.0,0.0,1.0,0.0,0.0,1.0,0.0,0.0,1.0,0.0,0.0,0.0,0.7150534612349769,0.0,1.0,0.0,0.0,1.0,0.0,0.0,0.027988754504142725,1.0,1.0,0.0
44,product/amplitude,decoupled,4,3.3207860820410517,3.273687444873688,3.4344978732319116,3.273687444873688,1.9668276748995197,-3.0064049818132474,29.804586292942986,139.01603392604738,1,1,excluded,r_hat_max 1.592 > 1.1; n_eff_min 5.3 < 16.0,1.5922467824207704,1.0328753156644461,0.6108374384236454,5.342211017433998,0,63.0,1.5922467824207704,6.025230394570771,1.4972159784601031,5.342211017433998,1.0281076742080593,53.32669036245983,1.6830602967784882,1.6370326792643604,0,1.0,1.0,1.0,0.0,1.0,0.0,1.0,0.18823971541433515,1.0,0.0,0.0,0.5576472019165496,0.9123738012300779,0.0,0.0,0.0,1.0,0.0,0.0,1.0,0.0,0.8879703510708572,1.0,0.0,1.0,1.0,1.0,0.0,1.0,0.0,0.27644643364450955,0.0,0.0,0.0,1.0,0.0,0.0,0.0,1.0,0.0,0.8901095357324231,0.0,1.0,1.0,0.0,0.0,1.0,0.0,1.0,0.24726933360057116,1.0,1.0,0.0,1.0,1.0,1.0,1.0,1.0,0.0,1.0,0.0,1.0,1.0,1.0,0.0,0.0,1.0,1.0,0.0,0.0,1.0,1.0,1.0,0.0,0.0,0.0,0.0,0.0,1.0,0.0,0.0,1.0,0.0,0.0,1.0,0.4828732925280505,0.0,0.0,1.0,0.0,1.0,1.0,0.0,1.0,0.0,0.0,0.0,1.0,1.0,0.9540147463162393
45,product/amplitude,decoupled,4,3.2163321156570572,3.273687444873688,3.4344978732319116,3.273687444873688,1.9668276748995197,-3.0061643525038706,30.386782065965235,118.60547205898911,1,1,excluded,r_hat_max 1.546 > 1.1; n_eff_min 5.9 < 16.0,1.5461004320805307,1.036030056393149,0.6059113300492611,5.872656413157237,0,63.0,1.5461004320805307,6.998265365254324,1.4899604674671318,5.872656413157237,1.0986878075677982,32.28576787786749,1.7194542031176563,1.636643490670746,0,1.0,1.0,1.0,0.0,1.0,0.0,1.0,0.0,1.0,0.0,0.0,0.6677738013516431,1.0,0.0,0.0,0.0,1.0,0.0,0.0,1.0,0.0,1.0,1.0,0.0,1.0,1.0,1.0,0.0,1.0,0.0,0.2681461651738806,0.0,0.0,0.0,1.0,0.0,0.0,0.0,1.0,0.0,0.0,0.0,1.0,1.0,0.0,0.0,0.6900956167680732,0.0,1.0,0.0,1.0,1.0,0.3335358083812527,1.0,1.0,1.0,1.0,1.0,0.0,1.0,0.0,1.0,1.0,1.0,0.05619626741550544,0.0,1.0,0.0,0.0,0.0,1.0,1.0,1.0,0.0,0.0,0.0,0.0,0.0,1.0,0.0,0.0,1.0,0.0,0.0,1.0,0.0,0.0,0.0,1.0,0.0,1.0,1.0,0.0,1.0,0.0,0.0,0.0,1.0,1.0,1.0
46,product/amplitude,decoupled,4,3.2884011751838957,3.273687444873688,3.4344978732319116,3.273687444873688,1.9668276748995197,-3.149872991448147,29.91218235110864,149.11085748719051,1,1,excluded,r_hat_max 1.373 > 1.1; n_eff_min 7.5 < 16.0,1.3729997967089218,1.0204418819042913,0.6305418719211823,7.467150149566874,0,63.0,1.3614289281395116,7.985351276759006,1.3729997967089218,7.467150149566874,1.0617335891132376,58.48178006651615,1.7519950273032954,1.633408147056469,0,1.0,1.0,1.0,0.0,1.0,0.0,0.0,1.0,1.0,0.0,0.0,0.47000942868782136,1.0,0.0,0.0,0.0,1.0,0.0,0.0,1.0,0.0,1.0,0.784424783631624,0.0,1.0,0.7853842526532981,1.0,0.0,1.0,0.6299703707438303,0.31125303102071633,1.0,0.0,0.0,1.0,0.0,0.0,0.0,1.0,0.0,0.0,0.2944719060750862,1.0,1.0,0.0,0.0,1.0,0.0,1.0,0.0,1.0,1.0,0.0,1.0,0.309346029572954,1.0,1.0,1.0,0.0,0.7513151526775952,1.0,1.0,1.0,1.0,0.0,0.0,1.0,0.6689177305096389,0.0,0.0,1.0,1.0,1.0,0.0,0.0,0.0,0.0,0.0,1.0,0.0,0.0,1.0,0.0,0.0,1.0,0.0,1.0,0.0,1.0,1.0,1.0,1.0,0.0,1.0,0.0,0.0,0.0,1.0,1.0,0.6572365102746671
47,product/amplitude,decoupled,4,3.241173662700442,3.273687444873688,3.4344978732319116,3.273687444873688,1.9668276748995197,-2.4008338345386617,30.497606348013505,145.70803047483787,1,1,excluded,r_hat_max 1.616 > 1.1; n_eff_min 5.3 < 16.0,1.6163269425503812,1.023181500211016,0.645320197044335,5.291574439599998,0,63.0,1.2916524248671133,7.7996621590615804,1.6163269425503812,5.291574439599998,1.1859919695116288,11.284043669620303,1.7846845198113932,1.6310767854267274,0,1.0,1.0,1.0,0.0,0.7777195678526735,0.0,0.0,0.0,1.0,0.0,0.0,1.0,1.0,0.0,0.0,0.0,1.0,0.0,0.0,1.0,0.0,0.8975686868135839,1.0,0.0,1.0,1.0,1.0,0.0,1.0,0.0,0.20764694994857957,1.0,0.0,0.0,1.0,0.019646687528953516,0.0,0.0,1.0,0.0,0.0,0.0,1.0,1.0,0.0,0.0,1.0,0.0,1.0,0.0,1.0,1.0,0.0,1.0,0.18187469440172505,1.0,1.0,1.0,0.0,1.0,1.0,1.0,1.0,1.0,0.0,0.0,1.0,1.0,0.0,0.0,1.0,1.0,1.0,0.0,0.0,0.0,0.0,0.0,1.0,0.0,0.5623991382559625,1.0,0.0,0.0,1.0,0.41457642965987346,0.0,0.17410685116597838,1.0,1.0,1.0,0.9357787049308238,0.0,1.0,0.0,0.0,1.0,1.0,1.0,0.0
48,product/amplitude,decoupled,4,3.3368946537987183,3.273687444873688,3.4344978732319116,3.273687444873688,1.9668276748995197,-2.707360763247242,29.569229246815667,122.35936982207932,1,1,excluded,r_hat_max 1.516 > 1.1; n_eff_min 5.7 < 16.0,1.5156615821304091,1.0226778819664677,0.6108374384236454,5.7047213292618615,0,63.0,1.5156615821304091,5.7047213292618615,1.3428797586831807,6.555780203726502,1.0089255292422408,64.8047103491941,1.8150280436215815,1.627347696204321,0,1.0,1.0,1.0,0.0,1.0,0.0,0.0,0.0,1.0,0.0,0.0,1.0,1.0,0.0,0.0,0.0,1.0,0.0,0.0,0.0,0.0,1.0,0.8004645268533327,0.0,1.0,0.8023135449425572,1.0,0.0,1.0,0.0,0.26412525549283616,0.0,0.0,0.0,1.0,0.0,0.47588191875192426,1.0,1.0,0.0,0.0,0.0,1.0,0.0,0.0,0.0,1.0,0.0,1.0,0.0,1.0,1.0,0.0,1.0,1.0,1.0,1.0,1.0,0.0,0.8010148042966979,1.0,1.0,1.0,1.0,0.0,0.0,1.0,1.0,0.0,0.0,1.0,1.0,1.0,0.0,0.0,0.0,0.0,0.0,1.0,0.0,0.0,1.0,0.0,0.0,1.0,0.0,0.04463045548630956,1.0,1.0,0.0,1.0,1.0,0.0,1.0,0.0,0.0,0.0,1.0,1.0,0.9084798985517109
49,product/amplitude,decoupled,4,3.3957632219931497,3.273687444873688,3.4344978732319116,3.273687444873688,1.9668276748995197,-3.0231128102726013,31.333713772008196,128.22396835894324,1,1,excluded,r_hat_max 1.429 > 1.1; n_eff_min 5.6 < 16.0,1.4291301981708762,1.02105925823604,0.6896551724137931,5.6405420310948395,0,63.0,1.4291301981708762,6.427482367831989,1.2932940769087842,5.6405420310948395,1.0236122172207638,27.19071131622764,1.8460865458700946,1.6249666637084854,0,1.0,1.0,1.0,0.0,1.0,0.0,0.0,0.0,1.0,0.0,0.0,1.0,0.8890524124048707,0.0,0.0,0.0,1.0,0.0,0.0,0.0,0.0,1.0,1.0,0.0,1.0,0.7112099627615278,1.0,0.0,1.0,0.0,0.2770991309112047,0.0,0.0,0.0,1.0,0.0,0.59113069511712,0.0,1.0,0.0,0.0,0.2871656882609007,1.0,0.0,0.0,0.0,1.0,0.0,1.0,0.0938618224530507,1.0,1.0,0.0,1.0,1.0,1.0,0.8798702501020921,1.0,0.0,1.0,1.0,1.0,1.0,1.0,0.0,0.0061467653613090836,1.0,1.0,0.0,0.0,1.0,1.0,1.0,0.0,0.0,0.0,0.0,0.0,1.0,0.0,0.0,1.0,0.0,0.0,1.0,0.0,0.0,0.12556703561218296,1.0,0.0,1.0,0.936458911416097,0.0,1.0,0.0,0.0,0.0,1.0,1.0,0.9150326409518568
50,product/amplitude,decoupled,4,3.2650769443960965,3.273687444873688,3.4344978732319116,3.273687444873688,1.9668276748995197,-3.003545899281966,31.64660918409936,131.23923950316384,1,1,excluded,r_hat_max 1.415 > 1.1; n_eff_min 6.8 < 16.0,1.4148931544932328,1.0277295080061999,0.625615763546798,6.827420367272325,0,63.0,1.4148931544932328,7.382430006485102,1.3761594176546894,6.827420367272325,1.1570617687507958,22.449640132192343,1.8770800793925557,1.6231992120164416,1,1.0,1.0,1.0,0.0,1.0,0.0,0.0,0.3700123527206732,1.0,0.0,0.0,0.39630604616346865,1.0,0.0,0.0,0.0,1.0,0.4319035848536467,0.0,0.0,0.0,0.9099783762689585,1.0,0.0,1.0,0.058254417695306204,1.0,0.0,1.0,0.0,0.0,0.0,0.0,0.0,1.0,0.0,0.0,0.0,1.0,0.0,0.0,0.0,1.0,1.0,0.0,0.0,1.0,0.0,1.0,1.0,1.0,1.0,0.0,1.0,0.33826880363801876,1.0,1.0,1.0,0.0,0.727649973388477,0.9185102853039449,1.0,1.0,1.0,0.0,0.0,1.0,1.0,0.0,0.0,1.0,1.0,1.0,0.0,0.0,0.0,0.0,0.0,1.0,0.0,0.0,1.0,0.0,0.0,1.0,0.0,0.0,0.0,0.951119174589339,0.0,1.0,1.0,0.6935810403172656,1.0,0.0,0.0,0.0,1.0,0.9567971689861439,0.6163402651209118
51,product/amplitude,decoupled,4,3.176881077417857,3.273687444873688,3.4344978732319116,3.273687444873688,1.9668276748995197,-3.0831085842815265,31.378618770977482,134.1406653698068,1,1,excluded,r_hat_max 1.392 > 1.1; n_eff_min 6.1 < 16.0,1.3918685243201487,1.017280830953854,0.6502463054187192,6.0647093389184334,0,63.0,1.3666227995748628,6.0647093389184334,1.3918685243201487,8.003658512090704,1.0637523033934184,33.90147242589204,1.9042957041965467,1.6186870992542097,0,1.0,1.0,1.0,0.0,1.0,0.0,0.0,0.21214819946592986,1.0,0.0,0.0,0.31632962042996976,0.3507316369846176,0.0,0.0,0.0,1.0,0.0,0.0,1.0,0.0,1.0,1.0,0.0,1.0,0.06657187816135743,1.0,0.0,1.0,0.0,0.2714112720832051,0.0,0.0,0.0,1.0,0.0,0.0,0.0,1.0,0.0,0.0,0.0,1.0,0.0,0.0,0.0,1.0,0.0,1.0,0.09035611998981244,1.0,1.0,0.0,1.0,1.0,1.0,0.8779493680078295,1.0,0.0,0.8410108854094062,1.0,1.0,1.0,1.0,0.0,0.0,1.0,1.0,0.0,0.0,1.0,1.0,1.0,0.0,0.07793129148121981,0.0,0.0,1.0,1.0,0.0,0.0,1.0,0.0,0.40808983228928014,1.0,0.0,0.047941706929876475,1.0,1.0,0.0,1.0,0.896769460800633,0.0,1.0,0.0,0.0,0.0,1.0,1.0,0.0
52,product/amplitude,decoupled,4,3.586970794350681,3.6656606180735793,3.586970794350681,3.6656606180735793,1.5748545016996283,-3.0159834086710795,31.231167919002473,132.56606193399057,1,1,excluded,r_hat_max 1.362 > 1.1; n_eff_min 5.6 < 16.0,1.3615892959280875,1.0299307367482171,0.625615763546798,5.579583951819466,0,63.0,1.30866358557235,10.189664728466461,1.3615892959280875,5.579583951819466,1.0498662539875723,25.263051862524648,1.9287684998354182,1.6125462068529133,0,1.0,1.0,1.0,0.0,0.9289430070128208,0.0,0.0,0.0,1.0,0.0,0.0,0.4389112240538506,1.0,0.0,0.0,0.0,0.6501675621972358,0.0,0.0,0.0,0.0,1.0,1.0,0.0,1.0,0.7580373199459561,1.0,0.0,1.0,0.0,0.25568462563558614,0.0,0.0,0.0,1.0,0.0,1.0,0.0,1.0,0.0,0.0,0.9432480685403535,1.0,0.24190972374339786,0.0,0.0,1.0,0.0,1.0,0.2848100051984363,1.0,1.0,0.0,1.0,1.0,1.0,1.0,1.0,0.0,0.7757039106120096,1.0,1.0,1.0,0.8041059447612559,0.0,0.0,1.0,1.0,0.0,0.0,1.0,0.7738828558447071,1.0,0.0,0.0,0.0,0.38011844109065474,0.0,1.0,0.0,0.0,1.0,0.0,0.0,1.0,0.0,0.0,0.0,0.0,0.0,1.0,0.9320325362865503,0.0,1.0,0.0,0.0,1.0,1.0,1.0,1.0
53,product/amplitude,decoupled,4,3.206434558018503,3.273687444873688,3.586970794350681,3.6656606180735793,1.5748545016996283,-3.420024500186659,32.01079311897047,156.11686348891817,1,1,excluded,r_hat_max 1.645 > 1.1; n_eff_min 4.9 < 16.0,1.6450316770842164,1.0228202827035484,0.6748768472906403,4.93447680284086,0,63.0,1.6450316770842164,4.93447680284086,1.4391533133033303,6.099033520070304,1.0080812327867934,64.50934834198674,1.960055335580989,1.6131162209821375,0,1.0,1.0,1.0,0.0,1.0,0.0,0.0,0.0,1.0,0.0,0.0,0.5048851132263097,1.0,0.0,0.0,0.0,1.0,0.0,0.0,0.0,0.0,1.0,1.0,0.0,1.0,0.7300768274429077,1.0,0.0,0.8881612591654171,0.0,0.0,0.0,0.0,0.0,1.0,0.0,1.0,0.0,1.0,0.0,0.0,1.0,1.0,1.0,0.0,0.0,0.7345762606663201,0.0,1.0,0.298128912952856,1.0,1.0,0.0,1.0,1.0,1.0,1.0,1.0,0.0,0.6764577156012159,1.0,1.0,0.9965627489857425,0.7995625149071803,0.0,0.001020353146642278,1.0,0.0,0.0,0.0,1.0,0.7838738674434782,1.0,0.0,0.0,0.0,0.0,0.0,1.0,0.0,0.0,1.0,0.0,0.0,1.0,0.0,0.0,0.0,1.0,1.0,1.0,1.0,0.0,1.0,0.0,0.0,0.0,1.0,1.0,1.0
54,product/amplitude,decoupled,4,3.6868968400223303,3.6291802472503885,3.6868968400223303,3.6656606180735793,1.5748545016996283,-3.094052972314743,31.669924115063623,155.15528370789252,1,1,excluded,r_hat_max 1.552 > 1.1; n_eff_min 4.9 < 16.0,1.5520459072406763,1.0182274395070479,0.7339901477832512,4.942696966233486,0,63.0,1.5181061492337335,4.942696966233486,1.5520459072406763,5.632548304329148,1.0357200401370719,85.93476114141889,1.983136432292795,1.6069197720974848,0,1.0,1.0,1.0,0.0,0.9473756886702367,0.0,0.0,0.0,1.0,0.0,0.0,0.4300513958923757,0.9204718386705562,0.0,0.0,0.0,0.0,0.0,0.03089609657551105,0.0,0.0,0.9106596668521088,1.0,0.0,1.0,0.6082198949802075,1.0,0.0,1.0,1.0,0.29761201765113915,0.8838008185947055,0.0,0.8503976851770243,1.0,0.0,1.0,0.0,1.0,0.0,0.0,0.0,1.0,0.24184692388302775,0.0,0.02404001685071294,1.0,0.0,0.0,0.0,1.0,1.0,0.0,1.0,1.0,1.0,1.0,1.0,0.0,1.0,1.0,1.0,1.0,1.0,0.0,0.0,1.0,1.0,0.0,0.0,1.0,1.0,1.0,0.0,0.0,0.0,1.0,0.0,1.0,0.0,0.0,1.0,0.0,0.0,1.0,0.0,0.11082339798887442,0.15442875392771716,0.0,0.0,1.0,1.0,0.411792852034154,1.0,0.0,0.0,1.0,1.0,1.0,0.9510657956006024
55,product/amplitude,decoupled,4,3.0267666838119887,3.025343013112749,3.6868968400223303,3.6656606180735793,1.5748545016996283,-3.3967460244476015,31.901834161952138,152.19810796086676,1,1,excluded,r_hat_max 1.348 > 1.1; n_eff_min 9.0 < 16.0,1.3476641495216128,1.0213888075869446,0.6798029556650246,8.99129189589137,0,63.0,1.3476641495216128,8.99129189589137,1.2955962361041204,9.382758510845532,1.0317166730700784,39.83729839698356,2.0141138942515138,1.6084342678374146,0,1.0,1.0,1.0,0.0,1.0,0.0,0.0,0.31538642069023165,1.0,0.0,0.0,0.4402679460079905,1.0,0.0,0.0,0.0,0.0,0.0,0.0,0.046905943352012626,0.0,0.8494086564047656,0.7786555598061783,0.0,1.0,0.7951116704646232,1.0,0.0,1.0,1.0,0.2863462906607873,0.7921349220942975,0.0,1.0,1.0,0.0,1.0,0.0,1.0,0.0,0.0,0.0,1.0,0.2191378370394475,0.0,1.0,1.0,0.0,0.0,0.0,1.0,1.0,0.0,1.0,1.0,1.0,1.0,1.0,0.0,1.0,1.0,1.0,1.0,0.8822063360570859,0.0,0.0,1.0,1.0,0.0,0.0,1.0,0.8774688616631642,1.0,0.0,0.0,0.0,1.0,0.0,1.0,0.0,0.0,1.0,0.0,0.0,1.0,0.0,0.0,0.11286253712088881,0.0,0.0,1.0,1.0,0.0,1.0,0.0,0.05572809509336723,1.0,1.0,1.0,0.9294025771990932
56,product/amplitude,decoupled,4,3.597590086188071,3.640961049841836,3.6868968400223303,3.6656606180735793,1.5748545016996283,-3.7053465531328684,31.398539550136775,144.6842254609801,1,1,excluded,r_hat_max 1.544 > 1.1; n_eff_min 5.3 < 16.0,1.5442602636921579,1.0248247640089918,0.625615763546798,5.292068011708252,0,63.0,1.2743390053994854,7.668580917927739,1.5442602636921579,5.292068011708252,1.0092354078213863,61.16668502168216,2.0321969797793793,1.5996400122519383,0,1.0,1.0,1.0,0.0,0.9267369105932046,0.0,0.0,0.0,1.0,0.0,0.0,0.4461261806668349,1.0,0.0,0.0,0.0,0.0,0.0,0.0,0.0,0.0,1.0,1.0,0.0,1.0,0.6320443543624559,1.0,0.0,1.0,0.0,0.3711567925724811,0.9085097716023076,0.0,0.842827359837199,0.9116315188296323,0.0,1.0,0.0,1.0,0.0,0.0,0.0,1.0,0.3405853846783007,0.0,0.0,1.0,0.0,1.0,0.0,1.0,1.0,0.0,1.0,1.0,1.0,1.0,1.0,0.0,0.815152883796988,1.0,1.0,1.0,1.0,0.0,0.0,1.0,1.0,0.0,0.0,1.0,1.0,1.0,0.0,0.0,0.0,1.0,0.0,1.0,0.0,0.0,1.0,0.0,0.0,1.0,0.0,0.22353315638221083,0.17237145322086572,0.0,0.0,1.0,0.9359757865131252,0.43163721452195086,1.0,0.0,0.0,1.0,1.0,1.0,0.967687331954077
57,product/amplitude,decoupled,4,3.404219109799569,3.640961049841836,3.6868968400223303,3.6656606180735793,1.5748545016996283,-3.4021982054577116,32.0348156420514,161.11261394200847,1,1,excluded,r_hat_max 1.613 > 1.1; n_eff_min 5.6 < 16.0,1.612917589121549,1.0446466431803594,0.5270935960591133,5.550991456402786,0,63.0,1.612917589121549,5.550991456402786,1.4621913254247203,6.987981585706423,1.2323522155726871,10.502668554385432,2.059660016733918,1.5988096590875043,0,1.0,1.0,1.0,0.0,1.0,0.0,0.0,0.0,1.0,0.0,0.0,0.9984195764496404,1.0,0.0,0.0,0.0,0.0,0.0,0.0,0.0,0.0,0.9060382885677952,1.0,0.0,1.0,0.7743084842748267,1.0,0.0,1.0,0.02090305204427734,0.0,1.0,0.0,0.0,1.0,0.0,1.0,0.0,1.0,0.0,0.0,0.0,1.0,0.23955214299935051,1.0,0.0,1.0,0.0,1.0,0.0,1.0,1.0,0.0,1.0,1.0,1.0,1.0,1.0,0.0,0.8124028476060543,1.0,1.0,1.0,1.0,0.0,0.0,1.0,0.768401122300606,0.0,0.0,1.0,1.0,1.0,0.0,0.0,0.0,1.0,0.0,1.0,0.0,0.0,1.0,0.7857023429576194,0.0,1.0,0.0,1.0,0.2670985646659481,0.0,0.0,1.0,0.9347563772736528,1.0,1.0,0.0,0.0,1.0,1.0,1.0,1.0
58,product/amplitude,decoupled,4,3.5614021517679966,3.669342025337475,3.6868968400223303,3.669342025337475,1.5711730944357325,-3.5624409481469916,31.980568157043308,114.90834755799733,1,1,excluded,r_hat_max 1.466 > 1.1; n_eff_min 7.8 < 16.0,1.4656691587996307,1.0228349355604038,0.6600985221674877,7.75814258549773,0,63.0,1.4002874595291492,8.91197859960453,1.4656691587996307,7.75814258549773,1.0385156173054846,97.19072178969903,2.082842070062636,1.5946009775211523,0,1.0,1.0,1.0,0.0,0.7353220485803484,0.0,0.0,0.3020167743454402,1.0,0.0,0.0,0.40387678002335486,0.9179065566304019,0.0,0.0,0.0,0.648362625269287,0.0,0.0,0.0,0.0,1.0,1.0,0.0,1.0,0.6875076758630974,1.0,0.0,1.0,1.0,0.33369847354312976,1.0,0.0,0.6196854027023797,1.0,0.0,1.0,0.0,1.0,0.0,0.0,0.9337110585730485,1.0,0.27605280778283725,0.0,0.0,1.0,0.0,0.0,0.0,1.0,1.0,0.0,1.0,1.0,1.0,1.0,1.0,0.0,1.0,1.0,1.0,1.0,1.0,0.0,0.0,1.0,1.0,0.0,0.0,1.0,1.0,0.0,0.0,0.0,0.0,1.0,0.0,1.0,0.0,0.0,1.0,0.0,0.0,1.0,0.0,0.06336102695259546,0.0,0.0,0.0,1.0,0.932148011422781,0.41105509326123635,1.0,0.0,0.0,1.0,1.0,1.0,1.0
59,product/amplitude,decoupled,4,3.517805492506654,3.640961049841836,3.6868968400223303,3.669342025337475,1.5711730944357325,-3.393945623715468,30.86442339210771,156.52889051800594,1,1,excluded,r_hat_max 1.446 > 1.1; n_eff_min 6.3 < 16.0,1.446499479026365,1.027083515783942,0.6108374384236454,6.251399496830768,0,63.0,1.4282342195265503,7.6447457731275374,1.446499479026365,6.251399496830768,1.0681879028626242,32.84602947223881,2.1079024104305235,1.5925074503828736,0,1.0,1.0,1.0,0.0,1.0,0.0,0.0,0.0,1.0,0.0,0.0,0.4441666114363697,1.0,0.0,0.0,0.0,0.0,0.0,0.06276760210175464,0.0,0.0,1.0,0.8494766471165435,0.0,1.0,0.7795322302181158,1.0,0.0,1.0,1.0,0.2939694466502602,1.0,0.0,1.0,1.0,0.0,1.0,0.0,1.0,0.0,0.0,0.8461438081144681,1.0,0.0,0.0,0.0,1.0,0.0,0.0,0.0,1.0,1.0,0.0,1.0,1.0,1.0,1.0,1.0,0.0,1.0,1.0,1.0,1.0,1.0,0.0,0.0,0.9680251441042277,1.0,0.0,0.0,1.0,1.0,1.0,0.0,0.0,0.0,0.571718245706826,0.0,1.0,0.0,0.0,1.0,0.0,0.4181277085858395,1.0,0.0,0.11450849265114758,0.12934559016041022,0.0,0.0,1.0,0.9500311287647013,0.0,1.0,0.0,0.0,1.0,1.0,1.0,0.6533265069030395
60,product/amplitude,decoupled,4,3.703436466038482,3.67269923179544,3.703436466038482,3.67269923179544,1.5678158879777677,-3.22689846424731,32.68711401196197,199.6587610989809,1,1,excluded,r_hat_max 1.674 > 1.1; n_eff_min 4.8 < 16.0,1.6737655094735135,1.0348470913799335,0.5812807881773399,4.780919280944403,0,63.0,1.4528472902657512,6.715711596321349,1.6737655094735135,4.780919280944403,1.0833366642090236,37.11917037677942,2.131400795131792,1.5894622520830028,0,1.0,1.0,1.0,0.0,1.0,0.0,0.0,0.0,1.0,0.0,0.0,0.30149249342256157,0.9202137602703949,0.0,0.0,0.0,0.646651337497276,0.0,0.038923588596172606,0.05657054554575604,0.28831863646256034,0.8769786778504242,1.0,0.0,1.0,0.06084987718265562,1.0,0.05407116580593662,1.0,1.0,0.27840931636237304,1.0,0.0,0.0,0.8715706803315696,0.0,1.0,0.0,1.0,1.0,0.0,0.0,1.0,0.26651492735969173,0.0,0.0,0.0,0.0,1.0,0.0,1.0,1.0,0.0,1.0,1.0,1.0,1.0,1.0,0.0,1.0,1.0,1.0,1.0,1.0,0.0,0.0,1.0,1.0,0.0,0.0,1.0,1.0,1.0,0.0,0.0,0.0,1.0,0.0,1.0,0.0,0.0,1.0,0.0,0.0,1.0,0.0,1.0,0.0,0.0,0.0,1.0,0.9441615711505821,0.4453191383937481,1.0,0.0,0.0,1.0,1.0,1.0,1.0
61,product/amplitude,decoupled,4,3.8712209316136286,3.877335661665715,3.8712209316136286,3.877335661665715,1.3631794581074925,-3.151455926688811,32.585133605170995,156.89559185598046,1,1,excluded,r_hat_max 1.649 > 1.1; n_eff_min 4.5 < 16.0,1.6489170032661065,1.036424049797982,0.5714285714285714,4.521522065327464,0,63.0,1.410379052657949,5.971470324205,1.6489170032661065,4.521522065327464,1.0508219076802892,21.827586893062605,2.1571718717040334,1.588969137660858,0,1.0,1.0,1.0,0.0,1.0,0.0,0.0,0.0,1.0,0.0,0.0,0.42546650601051195,1.0,0.0,0.0,0.0,0.49737821074195043,0.0,0.046050411329347056,0.0,1.0,1.0,1.0,0.0,1.0,0.06573300089081566,1.0,0.0,1.0,1.0,0.2858818316120168,0.6671734794798911,0.0,0.0,1.0,0.0,1.0,0.0,1.0,1.0,0.0,0.0,1.0,0.2402276014964722,0.0,0.01756986993390666,1.0,0.0,0.0,0.0,1.0,1.0,0.0,1.0,1.0,1.0,1.0,1.0,0.0,1.0,1.0,1.0,1.0,1.0,0.0,0.0,1.0,1.0,0.0,0.0,0.583114286923446,1.0,0.5869976849299092,0.0,0.0,0.0,1.0,0.0,1.0,0.0,0.0,1.0,0.0,0.0,0.7608042872396507,0.0,1.0,0.10422051928232598,0.0,0.0,1.0,0.947978271121666,0.0,1.0,0.0,0.0,1.0,1.0,1.0,0.937025071830068
62,product/amplitude,decoupled,4,3.842446521038293,3.7857634068092563,3.8712209316136286,3.877335661665715,1.3631794581074925,-3.648113112283736,32.29799128789455,150.2953269679565,1,1,excluded,r_hat_max 1.267 > 1.1; n_eff_min 7.6 < 16.0,1.2666066853096722,1.019487277656121,0.7192118226600985,7.551615024793058,0,63.0,1.2618664381432343,7.551615024793058,1.2666066853096722,8.575041800532516,1.0147178391415759,64.29421012321333,2.18481782428322,1.5908243744812576,0,1.0,1.0,1.0,0.0,0.9519389216216223,0.0,0.0,0.0,1.0,0.0,0.0,0.0,1.0,0.0,0.0,0.0,0.5248007479325354,0.0,0.02979892922682094,0.0,1.0,0.8905272126992292,1.0,0.0,1.0,0.41628058198622275,1.0,0.0,1.0,1.0,1.0,0.0,0.6751455333268375,0.0,1.0,0.0,1.0,0.0,1.0,1.0,0.0,0.0,0.3530881990418942,0.25078131624167654,0.0,0.0,0.0,0.0,0.0,0.0,0.9264913184327177,1.0,0.0,1.0,1.0,0.7817425228851412,1.0,1.0,0.05342130154397676,1.0,1.0,1.0,1.0,1.0,0.0,0.0,1.0,1.0,0.0,0.0,0.0,1.0,0.591919317007003,0.0,0.0,0.0,1.0,0.0,1.0,0.0,0.0,1.0,0.0,0.0,1.0,0.0,0.89854073570657,0.15009507915576106,0.0,0.0,1.0,0.96048632998858,0.0,1.0,0.0,0.0,1.0,1.0,1.0,1.0
63,product/amplitude,decoupled,4,4.051951992154239,4.015808899920763,4.051951992154239,4.015808899920763,1.224706219852445,-3.185719486660185,32.90151218906976,122.52206144388765,1,1,excluded,r_hat_max 1.365 > 1.1; n_eff_min 7.8 < 16.0,1.3645858970613045,1.028396071214997,0.625615763546798,7.763463391132136,0,63.0,1.3363037389910923,7.763463391132136,1.3645858970613045,8.475736603514257,1.14347531730122,28.82808364945125,2.21112939089838,1.591689199022443,0,1.0,1.0,1.0,0.0,1.0,0.0,0.0,0.0,1.0,0.0,0.0,0.4102256143969917,1.0,0.0,0.0,0.0,0.4753572856903876,0.0,0.05470307958326461,0.0,1.0,0.9129342488856742,1.0,0.0,1.0,0.0751519584618849,1.0,0.0,1.0,1.0,0.2830328272110032,0.5968082729704941,0.5956379906538768,0.0,1.0,0.0,1.0,0.0,1.0,1.0,0.0,0.0,0.45884493991505976,0.2799031620141661,0.0,0.0,1.0,0.0,0.0,0.0,1.0,1.0,0.0,1.0,1.0,1.0,1.0,1.0,0.0,0.8788829541384405,1.0,1.0,1.0,1.0,0.0,0.0,1.0,1.0,0.0,0.0,0.0,1.0,0.5346927455672867,0.0,0.0,0.0,1.0,0.0,1.0,0.0,0.0,1.0,0.0,0.0,1.0,0.0,1.0,0.16212967749753399,0.0,0.0,1.0,1.0,0.0,1.0,0.0,0.0,1.0,1.0,1.0,1.0
64,product/amplitude,decoupled,4,3.7878564678229867,3.7770204351016825,4.051951992154239,4.015808899920763,1.224706219852445,-3.354051914894225,30.94156937394291,167.70925921504386,1,1,excluded,r_hat_max 1.471 > 1.1; n_eff_min 5.9 < 16.0,1.4711381480668302,1.0268526187484734,0.6305418719211823,5.916455245389651,0,63.0,1.4711381480668302,5.916455245389651,1.362597971294434,10.07728570270491,1.0057635357239887,54.2878884855302,2.239892244043003,1.5956218147005303,0,1.0,1.0,1.0,0.0,1.0,0.0,0.0,0.0,1.0,0.0,0.0,0.42211415818672704,0.9199740679555745,0.0,0.0,0.0,0.5388483785770215,0.0,0.0,0.0,1.0,0.9107123380206817,1.0,0.0,1.0,0.23451826626415093,1.0,0.0,1.0,1.0,0.3240255491645464,0.5535988091158628,1.0,0.0,1.0,0.0,1.0,0.0,1.0,1.0,0.0,0.0,0.5104110665949679,0.3161884109592822,0.0,0.0,1.0,0.0,0.0,0.0,1.0,1.0,0.0,1.0,0.0,1.0,1.0,1.0,0.0,1.0,1.0,1.0,1.0,1.0,0.0,0.0,1.0,1.0,0.0,0.0,0.0,1.0,1.0,0.0,0.0,0.0,1.0,0.0330067632064376,1.0,0.0,0.0,1.0,0.0,0.0,1.0,0.0,1.0,0.0,0.0,0.0,1.0,0.9354494630419922,0.0,1.0,0.0,0.0,0.6264307972763087,1.0,1.0,1.0
65,product/amplitude,decoupled,4,4.08838283688824,4.117578474045629,4.08838283688824,4.117578474045629,1.1229366457275782,-3.774767144285288,37.727123640011996,142.3698272560723,1,1,excluded,r_hat_max 1.500 > 1.1; n_eff_min 7.0 < 16.0,1.4995878470955242,1.025061774493816,0.6551724137931034,6.986926421246439,0,63.0,1.3389783306964795,7.664180572846262,1.4995878470955242,6.986926421246439,1.046766544169572,20.769985421828952,2.2637070782550026,1.5947215969317365,0,1.0,1.0,0.9268654344942521,0.0,1.0,0.0,0.25100858208031024,0.0,1.0,0.0,0.0,0.4299011680207207,0.9780382252650192,0.0,0.0,0.0,0.45278303638110956,0.0,0.9918490097973168,0.0,1.0,1.0,1.0,0.0,1.0,0.6002574334275319,1.0,0.0,1.0,1.0,0.30225517251789463,0.0,0.0,0.0,1.0,0.0,1.0,0.0,1.0,1.0,0.0,0.0,0.0,0.43902984953276764,0.0,0.0,0.0,0.0,0.0,0.0,1.0,1.0,0.0,1.0,1.0,1.0,1.0,0.0,0.0,1.0,1.0,1.0,1.0,1.0,0.0,0.0,1.0,1.0,0.0,0.0,0.0,1.0,0.0,0.0,0.0,0.0,1.0,0.0,1.0,0.8140023822785183,0.0,1.0,0.0,0.0,1.0,0.0,1.0,1.0,0.0,0.0,1.0,1.0,0.0,1.0,0.0,0.0,1.0,1.0,0.0,0.9624468258308349
66,product/amplitude,decoupled,4,3.1938131097283686,3.273687444873688,4.08838283688824,4.117578474045629,1.1229366457275782,-2.9298823975319097,36.59552661795169,154.65672085783444,1,1,excluded,r_hat_max 1.659 > 1.1; n_eff_min 5.8 < 16.0,1.658673313269961,1.0453007074572525,0.541871921182266,5.783918633647207,0,63.0,1.4358415540438003,7.717250828322251,1.658673313269961,5.783918633647207,1.0523753197018304,14.810245239764269,2.2913536806585366,1.5982134850985792,0,1.0,0.0,1.0,0.0,0.9405168669054578,0.0,0.0,0.0,1.0,0.0,0.0,0.42072017702271464,1.0,0.0,0.0,0.0,1.0,0.0,1.0,0.0,0.748281501247056,0.102460106972965,1.0,0.0,0.8496186822814373,0.0,1.0,0.0,1.0,1.0,0.22570618345112806,0.0,0.12920815519109186,0.0,1.0,0.0,1.0,0.0,1.0,1.0,0.0,0.2197897268619486,0.0,0.3398959042760875,0.0,0.0,0.0,0.0,0.0,0.0,1.0,1.0,0.0,1.0,1.0,1.0,1.0,0.0,0.0,0.899512241731797,1.0,1.0,1.0,0.809887159219468,0.0,0.0,1.0,1.0,0.0,0.0,0.0,1.0,0.5273544817848043,0.0,0.0,0.0,1.0,0.0,1.0,1.0,0.0,1.0,0.0,0.0,1.0,0.0,1.0,1.0,0.0,0.0,1.0,1.0,0.0,1.0,0.0,0.0,1.0,1.0,0.0,0.9409590883104512
67,product/amplitude,decoupled,4,3.6156057585866748,3.640961049841836,4.08838283688824,4.117578474045629,1.1229366457275782,-3.5759764357151447,39.53702884702943,157.0455510870088,1,1,excluded,r_hat_max 1.341 > 1.1; n_eff_min 5.8 < 16.0,1.3409905518296434,1.0194683509440254,0.6995073891625616,5.837518644664728,0,63.0,1.3409905518296434,5.837518644664728,1.3100199733458595,10.261710205524746,1.1016939160673873,57.11861201861042,2.3048232243759967,1.5900116211212711,0,1.0,1.0,1.0,0.0,1.0,0.0,0.27111336016498355,0.0,1.0,0.0,0.0,0.17068298026685014,1.0,0.0,0.0,0.0,0.0,0.0,1.0,0.0,1.0,0.9569966322234283,1.0,0.0,1.0,0.0665882610775391,1.0,0.0,1.0,1.0,0.3873016421345724,0.6309101011331166,0.5935795301120238,0.0,1.0,0.0,1.0,0.0,1.0,1.0,0.4269533288631007,0.0,1.0,0.28380419475340835,0.0,0.0,1.0,0.0,0.0,0.0,1.0,1.0,0.0,0.6281671050158062,1.0,1.0,1.0,0.0,0.0,1.0,1.0,1.0,1.0,1.0,0.0,0.0,1.0,1.0,0.0,0.0,0.0,1.0,0.0,0.0,0.0,0.2115776231060624,1.0,0.0,1.0,0.0,0.0,1.0,0.0,0.0,1.0,0.0,1.0,0.1535843127549302,0.0,0.0,1.0,1.0,0.0,1.0,0.0,0.0,1.0,1.0,0.0,1.0
68,product/amplitude,decoupled,4,4.113578316735829,4.117853694475613,4.113578316735829,4.117853694475613,1.1226614252975944,-3.300828348171268,37.13896669005044,153.90162607911043,1,1,excluded,r_hat_max 1.575 > 1.1; n_eff_min 5.6 < 16.0,1.5750213284746182,1.021219561799434,0.6748768472906403,5.568882819752886,0,63.0,1.319912054502595,8.363869077647205,1.5750213284746182,5.568882819752886,1.0269533122144432,33.268960291862996,2.324099438114389,1.5861443258864645,0,1.0,1.0,0.0,0.0,1.0,0.0,0.22028029823880477,0.0,1.0,0.0,0.0,0.43620010027794937,1.0,0.0,0.0,0.0,0.45261761235112596,0.0,0.0,0.0,1.0,1.0,1.0,0.3377473165042151,1.0,0.6032426698740743,1.0,0.0,1.0,1.0,0.9077726912540411,0.0,0.0,0.0,0.9253839004339363,1.0,1.0,0.0,1.0,1.0,0.0,0.0,0.0,1.0,0.0,0.0,1.0,0.0,0.0,0.0,1.0,1.0,0.0,1.0,1.0,1.0,1.0,0.0,0.0,1.0,1.0,1.0,1.0,1.0,0.0,0.0,1.0,1.0,0.0,0.0,0.0,1.0,0.0,0.0,0.0,0.0,1.0,0.0,1.0,0.8207764145868274,0.0,1.0,0.0,0.0,1.0,0.0,1.0,0.09204902616278236,0.0,0.0,1.0,1.0,0.0,1.0,0.0,0.0,1.0,1.0,0.0,0.9647926451805275
69,product/amplitude,decoupled,4,4.296167205685583,4.118933307121987,4.296167205685583,4.118933307121987,1.121581812651221,-2.9477745067329595,40.168488655937836,141.1875534581486,1,1,excluded,r_hat_max 1.309 > 1.1; n_eff_min 6.7 < 16.0,1.3088468689338513,1.0240723722321818,0.6354679802955665,6.668632316316884,0,63.0,1.3062207655263174,6.668632316316884,1.3088468689338513,8.146052950744007,1.0724936521140414,15.212050131141787,2.3500339146161493,1.5890653774456085,0,1.0,1.0,0.0,0.0,1.0,0.0,0.29676360050503076,0.0,1.0,0.0,0.0,0.4313210925685567,0.944467596225978,0.0,0.0,0.0,0.4487837694657809,0.0,0.08626142347260854,0.0,1.0,1.0,1.0,0.0,1.0,0.7835242942862054,1.0,0.0,1.0,1.0,1.0,0.8840028276559909,0.0,0.0,1.0,1.0,1.0,0.0,1.0,1.0,0.0,0.0,0.0,1.0,0.0,0.0052950045972999385,1.0,0.0,0.0,0.2562000227872622,1.0,1.0,0.0,1.0,1.0,1.0,0.9006452735962864,1.0,0.0,1.0,1.0,1.0,1.0,1.0,0.0,0.0,1.0,1.0,0.0,0.0,0.0,1.0,0.0,0.0,0.0,0.0,1.0,0.0,1.0,0.812483343268266,0.0,1.0,0.0,0.0,1.0,0.0,1.0,0.19243984491625277,0.0,0.0,1.0,0.9671094661294543,0.05284642522217886,1.0,0.0,0.0,1.0,1.0,1.0,1.0
70,product/amplitude,decoupled,4,4.102484006324104,4.026783674319673,4.296167205685583,4.118933307121987,1.121581812651221,-3.9296356750415127,36.99921350018121,160.80517810909078,1,1,excluded,r_hat_max 1.560 > 1.1; n_eff_min 5.2 < 16.0,1.560476896827451,1.0374444915545296,0.5763546798029556,5.214978607703051,0,63.0,1.4332068010691135,6.1947631205814115,1.560476896827451,5.214978607703051,1.0403875533429872,27.675687420484127,2.377835818774284,1.5944869930362282,0,1.0,1.0,0.0,0.0,1.0,0.0,0.26544212664781214,0.0,1.0,0.0,0.0,0.4259264177667028,1.0,0.0,0.0,0.0,0.4233496090912421,0.0,0.06475501237650921,0.0,1.0,1.0,1.0,0.0,1.0,0.6807540439075277,1.0,0.0,1.0,0.27700501870264777,1.0,0.5669562381867392,0.0,0.0,1.0,1.0,1.0,0.0,1.0,1.0,0.0,0.0,0.0,0.8145618612875346,0.0,0.03494581917244023,1.0,0.0,0.0,0.41366415487481645,1.0,1.0,0.0,1.0,1.0,1.0,0.9348289960206622,1.0,0.0,1.0,1.0,1.0,1.0,1.0,0.0,0.0,1.0,1.0,0.0,0.0,0.0,1.0,0.0,0.0,0.0,0.0,1.0,0.0,1.0,0.8508570829623839,0.0,1.0,0.0,0.0,1.0,0.0,1.0,0.20190663414166368,0.0,0.0,1.0,1.0,0.0,1.0,0.0,0.0,1.0,1.0,1.0,1.0
71,product/amplitude,decoupled,4,3.7975837365199863,3.868697468066758,4.296167205685583,4.118933307121987,1.121581812651221,-3.611065991025058,40.984403209993616,156.8622209818568,1,1,excluded,r_hat_max 1.541 > 1.1; n_eff_min 5.4 < 16.0,1.5414280500828392,1.0327377397025905,0.6157635467980296,5.36041716293083,0,63.0,1.5132299075385693,5.592308061966474,1.5414280500828392,5.36041716293083,1.054444141226036,45.287166651786286,2.402126638317239,1.596209119256542,0,1.0,1.0,0.9065040649408413,0.0,1.0,0.0,1.0,0.0,1.0,0.0,0.0,0.42889521373899614,1.0,0.0,0.0,0.0,0.39662494784781344,0.0,0.21937167823640175,0.0,1.0,0.8974146910603931,1.0,0.24068512970437542,1.0,0.7082070054887342,1.0,0.0,1.0,1.0,0.32043275669466365,0.8782437852532472,0.0,0.0,1.0,1.0,0.0,0.0,1.0,0.9059002796480905,0.0,0.023301552948779607,0.0,1.0,0.0,0.0,1.0,0.0,0.0,0.0,1.0,1.0,0.0,1.0,1.0,1.0,1.0,1.0,0.0,0.9290886666099132,1.0,1.0,1.0,1.0,0.0,0.0,1.0,1.0,1.0,0.0,0.0,1.0,0.0,0.0,0.0,0.0,1.0,0.0,1.0,0.822048522628627,0.0,1.0,0.0,0.0,1.0,0.0,1.0,1.0,1.0,0.0,1.0,1.0,0.0,1.0,0.0,0.0,1.0,1.0,1.0,1.0
72,product/amplitude,decoupled,4,4.088321652013953,4.094838106119122,4.296167205685583,4.118933307121987,1.121581812651221,-4.246775602598337,36.90238130395301,155.2246433319524,1,1,excluded,r_hat_max 1.392 > 1.1; n_eff_min 7.1 < 16.0,1.391979267893434,1.0282364329185958,0.6354679802955665,7.085361267136978,0,63.0,1.3825810406253938,7.704610688637241,1.391979267893434,7.085361267136978,1.0786065029999814,36.400253584984505,2.421507986903388,1.593476226562835,0,0.5886749056184486,1.0,0.0,0.0,1.0,0.0,0.3013818080759742,0.0,1.0,0.0,0.0,0.41290656219789124,1.0,0.0,0.0,0.0,0.46064449516866646,0.0,1.0,0.0,1.0,1.0,1.0,0.0,1.0,0.6102212275529023,1.0,0.06714264862553743,1.0,1.0,0.3497096269606829,0.9074287794979089,0.0,0.06025708936522422,1.0,1.0,1.0,0.0,1.0,1.0,0.0,0.0,0.0,0.4561276528605632,0.0,0.0,0.0,0.0,0.0,0.23124683516657843,1.0,1.0,0.0,1.0,1.0,1.0,0.0,1.0,0.0,1.0,1.0,1.0,1.0,1.0,0.0,0.0,1.0,1.0,0.0,0.0,0.0,1.0,0.0,0.0,0.0,0.0,0.0,0.0,1.0,0.7781985197818483,0.0,1.0,0.0,0.0,1.0,0.0,1.0,0.27781556195904994,0.0,0.0,1.0,1.0,0.0,1.0,0.0,0.0,1.0,1.0,1.0,1.0
73,product/amplitude,decoupled,4,4.248961694936311,4.092638214191884,4.296167205685583,4.118933307121987,1.121581812651221,-4.156617498898357,39.628316789865494,147.61866667307913,1,1,excluded,r_hat_max 1.883 > 1.1; n_eff_min 4.8 < 16.0,1.8826033126757267,1.031252635133108,0.6009852216748769,4.817210214676613,0,63.0,1.8826033126757267,4.817210214676613,1.590967970339143,6.291169256739799,1.1128155715310135,23.24178883920574,2.444341050809012,1.5943401444543748,0,1.0,1.0,0.0,0.0,1.0,0.0,0.0,0.0,1.0,0.0,0.0,0.42857094208794505,1.0,0.0,0.0,0.0,0.46117569312806833,0.0,0.0,0.0,1.0,1.0,1.0,0.0,1.0,0.7631257353348696,1.0,0.0,1.0,1.0,1.0,0.4294762464187935,0.0,0.0,1.0,1.0,1.0,0.0,1.0,1.0,0.0,0.0,0.0,1.0,0.0,0.0,1.0,0.0,0.0,0.24746868959095106,1.0,1.0,0.0,1.0,1.0,1.0,0.0,1.0,0.0,1.0,1.0,1.0,1.0,1.0,0.0,0.0,1.0,1.0,0.0,0.0,0.0,1.0,0.20856302197397927,0.0,0.0,0.0,1.0,0.0,1.0,0.8008549858913012,0.0,1.0,0.0,0.0,1.0,0.0,1.0,0.0,0.0,0.0,1.0,1.0,0.15448808317771187,1.0,0.0,0.0,1.0,1.0,1.0,1.0
74,product/amplitude,decoupled,4,4.018331674656129,4.079915998972102,4.296167205685583,4.118933307121987,1.121581812651221,-3.418400677166249,37.603817944880575,168.43641188787296,1,1,excluded,r_hat_max 1.525 > 1.1; n_eff_min 5.1 < 16.0,1.5247110121844185,1.0534075374159004,0.4827586206896552,5.11883659103037,0,63.0,1.4998691331262421,5.40222275595083,1.5247110121844185,5.11883659103037,1.2198046059722714,11.033623006083715,2.4687278162701918,1.5971801292615508,0,1.0,1.0,0.0,0.0,1.0,0.0,0.0,0.0,1.0,0.0,0.0,0.4274703940031329,1.0,0.0,0.0,0.0,0.46394241938976993,0.0,0.083842205295011,0.0,1.0,1.0,1.0,0.0,1.0,1.0,1.0,0.0,1.0,1.0,1.0,1.0,0.0,0.0,1.0,0.0,1.0,0.0,1.0,1.0,0.0,0.0,0.0,1.0,0.0,0.0,1.0,0.0,0.0,0.2900400221659074,1.0,1.0,0.0,1.0,1.0,1.0,0.0,0.0,0.0,1.0,1.0,1.0,1.0,1.0,0.0,0.0,1.0,1.0,0.0,0.6569919393748088,0.0,0.786719435016238,0.0,0.0,0.0,0.0,1.0,0.0,1.0,0.8013053998074159,0.0,0.0,0.0,0.0,1.0,0.3485021895232318,1.0,0.0,0.0,0.0,1.0,1.0,0.0,1.0,0.0,0.0,1.0,1.0,1.0,1.0
75,product/amplitude,decoupled,4,4.221025381434567,4.121326623101655,4.296167205685583,4.121326623101655,1.1191884966715522,-4.544790885379012,42.61228337883949,167.82460502395406,1,1,excluded,r_hat_max 1.649 > 1.1; n_eff_min 5.9 < 16.0,1.6491041001677351,1.0443235717569617,0.5123152709359606,5.862992623711316,0,63.0,1.4848285146022122,6.211043171776276,1.6491041001677351,5.862992623711316,1.0298653985955732,55.643821583970805,2.489389201048671,1.5964214071442837,1,1.0,1.0,0.0,0.0,1.0,0.0,0.0,0.0,1.0,0.0,0.0,0.43056618709479005,0.9240207289231522,0.0,0.0,0.0,0.4495260532100876,0.0,0.0,0.0,1.0,1.0,1.0,0.0,1.0,1.0,1.0,0.0,1.0,1.0,1.0,0.0,0.0,0.0,0.9858807065473214,1.0,1.0,0.0,1.0,1.0,0.0,0.0,0.0,1.0,0.0,0.0,1.0,0.0,0.0,0.0,1.0,1.0,0.0,1.0,1.0,1.0,0.0,1.0,0.0,1.0,1.0,1.0,1.0,1.0,0.0,0.0,1.0,1.0,0.0,0.0,0.0,1.0,0.0,0.0,0.0,0.0,0.30357991033741727,0.0,1.0,1.0,0.0,1.0,0.0,0.0,1.0,0.0,1.0,0.17852823282258967,0.0,0.0,1.0,1.0,0.29612632349628426,1.0,0.0,0.0,1.0,1.0,0.0,1.0
76,product/amplitude,decoupled,4,4.0237308451336125,4.10641336698446,4.296167205685583,4.121326623101655,1.1191884966715522,-4.218484107404161,37.42787221306935,171.81761696189642,1,1,excluded,r_hat_max 1.461 > 1.1; n_eff_min 5.5 < 16.0,1.4609199654179705,1.0204658562636302,0.645320197044335,5.507288561060676,0,63.0,1.4609199654179705,5.507288561060676,1.3868627735643904,7.5105419152859945,1.0087909036611973,33.9302705126068,2.512173887632696,1.5981124032610352,0,1.0,1.0,0.0,0.0,1.0,0.0,0.2529613285102657,0.0,1.0,1.0,0.0,0.43168196257330677,1.0,0.0,0.0,0.04892497101219493,0.45743912759223515,0.0,0.061155979942139026,0.0,1.0,1.0,1.0,0.0,1.0,0.7853911834788523,1.0,0.0,1.0,1.0,1.0,0.0,0.0,0.0,0.8929547487955423,1.0,1.0,0.0,1.0,1.0,0.0,0.0,0.0,1.0,0.0,0.0,1.0,0.0,0.0,0.5862745894119177,1.0,1.0,0.0,1.0,1.0,1.0,0.0,1.0,0.0,1.0,1.0,1.0,1.0,1.0,0.0,0.0,1.0,1.0,0.46264363977914386,0.0,0.0,1.0,0.0,0.0,0.0,0.0,0.0,0.0,1.0,0.8004077683109717,0.0,1.0,0.0,0.0,1.0,0.0,1.0,0.0,0.0,0.0,1.0,0.9689568111272208,0.10020554533226679,1.0,0.0,0.0,1.0,1.0,0.0,1.0
77,product/amplitude,decoupled,4,3.920442869305083,4.081525642184378,4.296167205685583,4.121326623101655,1.1191884966715522,-3.150061233247375,42.189312565140426,152.32855515298434,1,1,excluded,r_hat_max 1.417 > 1.1; n_eff_min 7.7 < 16.0,1.4172067016401475,1.0224965360288085,0.7142857142857143,7.732062346051812,0,63.0,1.2620236701030143,9.631765388414108,1.4172067016401475,7.732062346051812,1.0385968019254181,36.513183373979466,2.53180449747037,1.596897718563493,0,1.0,1.0,0.0,0.0,1.0,0.0,0.0,0.0,1.0,0.0,0.0,0.44411863093182424,1.0,0.0,0.0,0.0,0.4310569429160053,0.0,0.046286070842707305,0.0,1.0,1.0,1.0,0.0,1.0,0.6120013555602759,1.0,0.0,1.0,1.0,1.0,0.0,0.0,0.0,1.0,1.0,1.0,0.0,1.0,1.0,0.0,0.0,0.0,1.0,0.0,0.0,1.0,0.0,0.0,0.20605685938073914,1.0,1.0,0.0,1.0,1.0,1.0,0.7815974743213729,1.0,0.0,0.0,0.5860285865316993,1.0,1.0,1.0,0.0,0.0,1.0,1.0,0.0,0.0,0.0,1.0,0.158793460130243,0.0,0.0,1.0,0.394531093462473,0.0,1.0,1.0,0.0,1.0,0.0,0.0,1.0,0.0,1.0,0.17198798731127776,0.0,0.0,1.0,0.9541485083749248,0.19911261850841236,1.0,0.0,0.0,1.0,1.0,1.0,0.9598912241309402
78,product/amplitude,decoupled,4,4.071862825101448,4.073986942551951,4.296167205685583,4.121326623101655,1.1191884966715522,-4.346401189000402,39.478260662872344,220.2977879010141,1,1,excluded,r_hat_max 1.644 > 1.1; n_eff_min 5.6 < 16.0,1.6436431816582349,1.0428859726196158,0.5320197044334976,5.6368273527115775,0,63.0,1.6436431816582349,5.6368273527115775,1.4721092787190948,6.132020173982058,1.0952315170651536,19.18619432045594,2.549607553519533,1.5943004793300142,0,1.0,1.0,0.0,0.0,1.0,0.0,0.2699577370294803,0.0,1.0,0.0,0.0,0.4721360815041558,0.8638433541549646,0.0,0.0,0.0,0.4650927825971458,0.0,0.026893396083646392,0.0,1.0,1.0,1.0,0.0,1.0,0.8163558416458728,1.0,0.0,1.0,1.0,1.0,0.7200095897458407,0.0,0.0,1.0,1.0,0.6112451982010436,0.0,1.0,0.8812908961507869,0.0,0.0,0.0,1.0,0.0,0.0,1.0,0.33790005239492954,0.0,0.2537006467998765,1.0,1.0,0.0,1.0,1.0,1.0,1.0,1.0,0.0,1.0,1.0,1.0,1.0,1.0,0.0,0.0,1.0,1.0,0.0,0.0,0.0,1.0,0.0,0.0,0.0,0.0,1.0,0.0,1.0,0.210077503580253,0.0,1.0,0.0,0.0,1.0,0.0,1.0,0.15278983388443867,0.0,0.0,1.0,1.0,0.4172861616646822,1.0,0.0,0.0,1.0,1.0,0.0,0.6288186301504355
79,product/amplitude,decoupled,4,4.181633514882319,4.105004176694892,4.296167205685583,4.121326623101655,1.1191884966715522,-4.085675110869426,42.67635728791356,159.0258820638992,1,1,excluded,r_hat_max 1.865 > 1.1; n_eff_min 4.6 < 16.0,1.8652940089166832,1.0450925843691643,0.5369458128078818,4.555250607923435,0,63.0,1.8652940089166832,4.555250607923435,1.3928193779330864,6.2458269125754065,1.1094797346967602,19.344806272190915,2.56887660759019,1.593292356492318,0,1.0,1.0,0.0,0.0,1.0,0.0,0.2946973559809554,0.0,1.0,0.0,0.0,0.40299299268570604,0.9436863466907814,0.0,0.0,0.0,0.4578776344679,1.0,0.0,0.0,1.0,0.9179587829797421,1.0,0.0,1.0,0.7897112483086238,1.0,0.0,1.0,1.0,1.0,1.0,0.0,0.0,1.0,0.7878432561752329,1.0,0.0,1.0,1.0,0.0,0.0,0.0,1.0,0.0,0.0,1.0,0.0,0.0,0.0,1.0,1.0,0.0,1.0,1.0,1.0,0.0,1.0,0.0,1.0,1.0,1.0,1.0,1.0,0.0,0.0,1.0,1.0,0.0,0.0,0.0,1.0,0.0,0.0,0.0,0.0,1.0,0.0,1.0,0.8063933220155861,0.0,1.0,0.0,0.0,1.0,0.0,1.0,0.18840300921049674,0.0,0.0,1.0,1.0,0.0,1.0,0.481413504038826,0.0,1.0,1.0,0.0,1.0
80,product/amplitude,decoupled,4,4.222920226628263,4.11459318869196,4.296167205685583,4.121326623101655,1.1191884966715522,-4.340025391887539,38.42392565798946,138.54723532288335,1,1,excluded,r_hat_max 1.779 > 1.1; n_eff_min 4.3 < 16.0,1.7790532090904922,1.0248177317032676,0.6157635467980296,4.277926354181597,0,63.0,1.7790532090904922,4.277926354181597,1.4377183354151082,7.576460859738985,1.043510872896355,60.16768733738555,2.589036068931342,1.5934096093706724,0,1.0,1.0,0.0,0.0,1.0,0.0,0.0,0.0,1.0,0.0,0.0,0.44078711552192995,1.0,0.0,0.0,0.0,0.45434304531769815,0.5633636225276651,0.0,0.0,1.0,1.0,1.0,0.0,1.0,1.0,0.0,0.0,1.0,1.0,1.0,0.0,0.0,0.2729336113765259,0.984685870904167,1.0,1.0,0.0,1.0,1.0,0.4327874888806449,0.0,0.0,1.0,0.0,0.0,1.0,0.0,0.0,0.0,1.0,1.0,0.0,1.0,1.0,1.0,0.0,1.0,0.0,1.0,1.0,1.0,1.0,1.0,0.0,0.0,1.0,1.0,0.0,0.0,0.0,1.0,0.7523554467223835,0.0,0.0,0.0,1.0,0.0,1.0,0.8033860445750228,0.0,1.0,0.0,0.0,1.0,0.0,1.0,0.1613442488495073,0.0,0.0,1.0,1.0,0.0,1.0,0.0,0.0,1.0,1.0,1.0,0.9694069888226627
81,product/amplitude,decoupled,4,4.07597713575002,4.121113130421609,4.296167205685583,4.121326623101655,1.1191884966715522,-4.144158972878128,43.5071418620646,154.49340413184837,1,1,excluded,r_hat_max 1.605 > 1.1; n_eff_min 5.6 < 16.0,1.604519676047264,1.0347280375339898,0.6206896551724138,5.618739357422811,0,63.0,1.604519676047264,5.618739357422811,1.4389888597695837,6.932907871891965,1.0318675286223473,24.915621087547606,2.6092074782856254,1.5937879188551323,0,1.0,1.0,0.0,0.0,1.0,0.0,1.0,0.0,1.0,0.0,0.0,0.4816027126653457,1.0,0.0,0.0,0.0,0.4498767764610908,0.0,0.046221141501515184,0.0,1.0,1.0,1.0,0.0,1.0,1.0,1.0,0.0,1.0,1.0,1.0,0.0,0.0,0.3725946881822035,1.0,1.0,1.0,0.0,1.0,1.0,0.0,0.0,0.0,0.0,0.0,0.0,0.0,0.0,0.0,0.0,1.0,1.0,0.0,1.0,0.0,1.0,0.0,1.0,0.0,1.0,1.0,1.0,1.0,1.0,0.0,0.0,1.0,1.0,0.0,0.0,0.0,1.0,0.5795855069451863,0.0,0.0,0.0,1.0,1.0,1.0,0.09957293357722188,0.0,1.0,0.0,0.0,1.0,0.24356701830496005,1.0,0.16444677199323088,0.0,0.0,1.0,1.0,0.0,1.0,0.0,0.0,1.0,1.0,1.0,1.0
82,product/amplitude,decoupled,4,4.236251967904486,4.105749438259896,4.296167205685583,4.121326623101655,1.1191884966715522,-4.205787848676416,38.68453719513491,221.5284337559715,1,1,excluded,r_hat_max 1.651 > 1.1; n_eff_min 5.5 < 16.0,1.6508760098316109,1.0294177541552412,0.6354679802955665,5.534869709066455,0,63.0,1.3891900179104222,8.166326821089122,1.6508760098316109,5.534869709066455,1.0102924460567244,57.33379885145626,2.627094913132752,1.5921994713355891,0,0.8854629182854213,1.0,0.0,0.0,1.0,0.0,0.31554630047657,0.0,1.0,0.0,0.09885088098516097,0.4136234655049216,0.9269778107879196,0.0,0.0,0.0,0.45480888793401764,0.45122457846356423,0.0,0.0,1.0,1.0,1.0,0.0,1.0,0.787637916338769,0.0,0.0,1.0,1.0,1.0,0.0,0.0,0.0,1.0,1.0,1.0,0.0,1.0,1.0,1.0,0.0,0.0,1.0,0.0,0.0,1.0,0.0,0.0,0.0,1.0,1.0,0.0,1.0,1.0,1.0,0.0,1.0,0.0,1.0,1.0,1.0,1.0,1.0,0.0,0.014685171138628259,1.0,1.0,0.0,0.0,0.0,1.0,1.0,0.062112950960831484,0.0,0.0,1.0,0.0,1.0,1.0,0.0,1.0,0.0,0.0,1.0,0.0,1.0,0.26234226050412596,0.0,0.0,1.0,1.0,0.11015753863431138,1.0,0.0,0.0,1.0,1.0,1.0,1.0
83,product/amplitude,decoupled,4,4.122074349835128,4.090910576406248,4.296167205685583,4.121326623101655,1.1191884966715522,-3.6943890047384413,44.3904027659446,144.41543573094532,1,1,excluded,r_hat_max 1.769 > 1.1; n_eff_min 3.9 < 16.0,1.7691580748336193,1.0228697090293786,0.6305418719211823,3.865799639525134,0,63.0,1.4390166943197396,6.002004284613669,1.7691580748336193,3.865799639525134,1.0809238615012922,35.38102173465365,2.646482347527592,1.5922868295026857,0,1.0,1.0,0.0,0.0,1.0,0.0,0.9402538825961315,0.0,1.0,0.0,0.0,0.4381427154652976,0.9148955978914717,0.0,0.0,0.0,0.46158033201631443,1.0,0.0,0.0,1.0,1.0,1.0,0.0,1.0,1.0,0.0,0.0,1.0,1.0,1.0,0.8345303063711675,0.0,0.0,1.0,1.0,1.0,0.0,1.0,1.0,0.0,0.0,0.0,1.0,0.0,0.0,1.0,0.0,0.0,0.21818916845052502,1.0,1.0,0.0,1.0,1.0,1.0,0.0,1.0,0.0,1.0,1.0,1.0,1.0,1.0,0.0,0.0,1.0,1.0,0.0,0.0,0.0,1.0,0.0,0.0,0.0,0.0,1.0,0.0,1.0,1.0,0.0,1.0,0.0,0.38758196075390927,1.0,0.0,1.0,0.18495728084920615,0.0,0.0,1.0,1.0,0.06334441028900452,1.0,0.0,0.0,1.0,1.0,1.0,1.0
84,product/amplitude,decoupled,4,4.186694986182324,4.118917930916975,4.296167205685583,4.121326623101655,1.1191884966715522,-4.03862398768994,40.626584235113114,232.07343068905175,1,1,excluded,r_hat_max 1.494 > 1.1; n_eff_min 6.7 < 16.0,1.4936495412005768,1.0241107459866603,0.625615763546798,6.702826976462286,0,63.0,1.3471086004344432,6.976184903973844,1.4936495412005768,6.702826976462286,1.017640439303421,40.44576583497218,2.664048918983634,1.5908509646298985,0,1.0,1.0,0.0,0.0,1.0,0.0,0.0,0.0,1.0,0.0,0.0,0.11952302667141222,0.9266632197309234,0.0,0.0,0.6376432881899795,0.45192805374325346,0.480418517992535,0.0,0.0,1.0,1.0,0.8042942593951031,0.0,1.0,0.7705896139628542,1.0,0.0,1.0,0.0,1.0,0.4328251124880571,0.0,0.0,1.0,1.0,1.0,0.0,1.0,1.0,1.0,0.0,0.0,1.0,0.0,0.0,0.0,0.0,0.0,0.0,1.0,1.0,0.0,1.0,1.0,1.0,0.0,1.0,0.0,1.0,1.0,1.0,1.0,1.0,0.0,0.0,1.0,1.0,0.0,0.0,0.0,1.0,1.0,0.0,0.0,0.0,1.0,0.0,1.0,0.8134813585408717,0.0,1.0,0.0,0.0,1.0,0.0,1.0,0.0,0.0,0.0,1.0,1.0,0.08651930297706571,1.0,0.0,0.0,1.0,1.0,1.0,1.0
85,product/amplitude,decoupled,4,4.017716517481775,4.11894760376846,4.296167205685583,4.121326623101655,1.1191884966715522,-4.631440037571999,43.77762588788755,264.69308480387554,1,1,excluded,r_hat_max 1.827 > 1.1; n_eff_min 4.9 < 16.0,1.8265215488725766,1.0463968995339188,0.5172413793103449,4.899142684547426,0,63.0,1.6181499008334592,6.48487875952649,1.8265215488725766,4.899142684547426,1.1870123536027406,13.716667643787332,2.681962402127148,1.5899646524042164,0,0.0,1.0,0.0,0.0,1.0,0.0,0.296207063262084,0.0,1.0,0.0,1.0,1.0,1.0,0.0,0.0,0.0,0.45190738051723445,0.4475105780349096,0.0,0.0,1.0,0.9100504787683619,1.0,0.0,1.0,0.7887289299851703,0.0,0.0,1.0,1.0,1.0,0.4178808431302931,0.017372134532182365,1.0,1.0,1.0,1.0,0.0,1.0,1.0,0.40055803197320106,0.0,0.0,1.0,0.0,0.0,1.0,0.0,0.0,0.0,1.0,1.0,0.0,1.0,1.0,1.0,0.0,1.0,0.0,1.0,1.0,1.0,1.0,1.0,0.0,0.0,1.0,1.0,0.0,0.0,0.0,1.0,1.0,0.0,0.0,0.0,1.0,0.0,1.0,1.0,0.0,1.0,0.0,0.0,1.0,0.0,1.0,0.16543380413548578,0.0,0.0,1.0,1.0,0.0,1.0,0.0,0.0,1.0,1.0,1.0,1.0
86,product/amplitude,decoupled,4,3.992442670220313,4.118561346478244,4.296167205685583,4.121326623101655,1.1191884966715522,-4.371801406812357,40.61019860999659,203.23796348180622,1,1,excluded,r_hat_max 1.316 > 1.1; n_eff_min 6.4 < 16.0,1.316138032967202,1.030640478136463,0.6059113300492611,6.372059107445004,0,63.0,1.316138032967202,6.372059107445004,1.2725276785412407,8.476386416238414,1.0539648808313877,26.225025909588435,2.697494426724295,1.5871666936017697,0,1.0,1.0,0.0,0.0,1.0,0.0,0.0,0.0,1.0,0.0,0.0,0.40704873654752144,0.9278636169072919,0.021907142206802413,0.0,0.0,0.45216950256362715,0.4689281193736524,0.0,0.0,1.0,1.0,1.0,0.0,1.0,0.7820142280332116,1.0,0.5370974647582295,1.0,1.0,1.0,0.0,0.0,0.0,1.0,1.0,1.0,0.0,1.0,1.0,1.0,0.0,0.0,1.0,0.0,0.0,1.0,0.0,0.0,0.0,1.0,1.0,0.0,1.0,1.0,1.0,0.0,1.0,0.0,1.0,1.0,1.0,1.0,1.0,0.0,0.0,0.98739937559755,1.0,0.0,0.0,0.0,1.0,1.0,0.0,0.0,0.0,1.0,0.0,1.0,1.0,0.0,1.0,0.0,0.0,1.0,0.0,1.0,0.21171856947591253,0.0,0.0,1.0,1.0,0.0,0.901144568338047,0.0,0.0,1.0,1.0,1.0,1.0
87,product/amplitude,decoupled,4,4.051180146775248,4.1143413773856885,4.296167205685583,4.121326623101655,1.1191884966715522,-4.311369365972719,48.61804173211567,196.14675317704678,1,1,excluded,r_hat_max 1.636 > 1.1; n_eff_min 5.3 < 16.0,1.6358292220306876,1.0506080462165215,0.4876847290640394,5.34558243132585,0,63.0,1.6245995658156474,5.34558243132585,1.6358292220306876,5.583992239230538,1.0501470470049672,78.51246159726135,2.7123788892932144,1.5840441988733998,0,1.0,1.0,0.0,0.0,1.0,0.0,0.2970339573909789,0.0,1.0,0.0,0.0,0.4259082684877065,0.8893650662025847,0.0,0.0,1.0,0.4544591434420502,0.0,0.0,0.0,1.0,1.0,1.0,0.0,1.0,1.0,0.0,0.0,1.0,0.6513110244651421,1.0,0.5490143622688659,0.0,0.0,1.0,0.8328131781452487,1.0,0.0,1.0,1.0,0.0,0.0,0.0,1.0,0.0,0.0,0.7611792838258727,0.0,0.0,0.0,1.0,1.0,0.0,1.0,1.0,1.0,0.0,1.0,0.0,1.0,1.0,1.0,1.0,1.0,0.0,0.012029234364572034,1.0,1.0,0.0,0.0,0.0,1.0,0.5362586368846128,0.0,0.0,0.0,0.4163957441937919,0.0,1.0,0.8073549929018714,0.0,1.0,0.0,0.0,1.0,0.0,1.0,0.0,0.0,0.0,1.0,1.0,0.0,1.0,0.0,0.0,1.0,1.0,1.0,1.0
88,product/amplitude,decoupled,4,4.244837410620832,3.9719465920429307,4.296167205685583,4.121326623101655,1.1191884966715522,-3.684617839437358,40.457354275044054,162.47505723987706,1,1,excluded,r_hat_max 1.713 > 1.1; n_eff_min 5.7 < 16.0,1.7128739778995512,1.0296912553141118,0.5911330049261084,5.685395137995534,0,63.0,1.4154469131455618,6.977968745764713,1.7128739778995512,5.685395137995534,1.1010603647631991,10.600997225575222,2.7275925399464196,1.5813978096171863,0,0.971635815711053,1.0,0.0,0.0,1.0,0.0,0.0,0.0,1.0,0.0,0.0,0.3795764847608346,0.9417587883385435,0.0,0.0,0.0,0.4560767821399714,0.5022359807318494,0.0,0.0,1.0,0.93748939881518,1.0,0.0,1.0,0.867735362882967,1.0,0.0,1.0,1.0,1.0,0.34603688614593137,0.0,0.0,1.0,1.0,1.0,0.0,1.0,1.0,0.45582387598404334,0.0,0.0,1.0,0.0,0.0,1.0,0.0,0.0,0.0,1.0,1.0,0.0,1.0,1.0,1.0,0.0,1.0,0.0,1.0,1.0,1.0,1.0,1.0,0.0,0.0,1.0,1.0,0.0,0.0,0.0,1.0,0.07299167142577762,0.04491053032438033,0.0,0.0,1.0,0.0,1.0,0.813520908055898,0.0,1.0,0.08561165881129498,0.0,1.0,0.0,1.0,0.21276860036683348,0.0,0.0,1.0,1.0,0.0,1.0,0.0,0.0,1.0,1.0,1.0,0.9651899926502169
89,product/amplitude,decoupled,4,4.06138051230258,4.059052230464805,4.296167205685583,4.121326623101655,1.1191884966715522,-3.970120368690009,44.302605270873755,247.77956581790932,1,1,excluded,r_hat_max 1.565 > 1.1; n_eff_min 5.1 < 16.0,1.564631357697928,1.0278601070477378,0.5960591133004927,5.100631303309838,0,63.0,1.3978802490894886,7.909974828678488,1.564631357697928,5.100631303309838,1.0965882156410485,27.689713061436354,2.7446402351225365,1.5805995211197128,0,1.0,1.0,0.0,0.0,1.0,0.0,0.0,0.0,1.0,0.0,0.0,0.02464340611297924,1.0,0.0,0.0,0.0,0.4535792042924451,0.0,0.0,0.0,1.0,0.9222135516525616,1.0,0.0,1.0,0.7510794009693226,0.0,0.0,1.0,1.0,1.0,1.0,0.0,0.0,1.0,1.0,1.0,0.0,0.9894148847717468,1.0,1.0,0.0,0.0,1.0,0.0,0.05044470487651957,1.0,0.0,0.0,0.0,1.0,1.0,0.0,1.0,1.0,1.0,1.0,1.0,0.0,1.0,1.0,1.0,1.0,1.0,0.0,0.0,1.0,1.0,0.0,0.0,0.0,0.7726880513886234,1.0,0.0,0.0,0.0,1.0,0.0,1.0,0.8197775229826314,0.0,0.5634868486474714,0.0,0.0,1.0,0.0,0.8794217140588183,0.23479422181025278,0.0,0.0,1.0,1.0,0.0,1.0,0.0,0.0,1.0,1.0,1.0,0.9511668098045579
90,product/amplitude,decoupled,4,3.7295270934135973,3.778549164137049,4.296167205685583,4.121326623101655,1.1191884966715522,-4.512445547074746,36.93032500590198,205.88369313115254,1,1,excluded,r_hat_max 2.190 > 1.1; n_eff_min 3.9 < 16.0,2.190322647557485,1.044660335208658,0.5369458128078818,3.856821644216301,0,63.0,1.645747174357322,5.454928884624457,2.190322647557485,3.856821644216301,1.0487275309865614,13.797400523408035,2.7592706826467595,1.5778423444924328,0,0.8912996866138275,1.0,0.0,0.0,1.0,0.0,0.0,0.0,1.0,0.0,0.0,0.3942136856901423,0.9248667566716133,0.0,0.1090289790237623,0.0,0.4511966882566729,0.5774176201935544,0.47788565082313816,0.0,1.0,1.0,1.0,0.0,1.0,0.7673927927178125,1.0,0.0,1.0,1.0,1.0,0.0,0.0,0.0,1.0,1.0,1.0,0.0,1.0,1.0,0.0,0.0,0.0,1.0,0.0,0.0,1.0,0.0,0.0,0.14170291319618875,0.6632080072366786,1.0,0.0,1.0,1.0,1.0,0.0,1.0,0.0,1.0,1.0,1.0,1.0,1.0,0.0,0.23406113233234593,1.0,1.0,0.0,0.0,0.0,0.7933051581993332,0.4431249101036457,0.0,0.0,0.0,1.0,0.0,1.0,0.8120599430207561,0.0,1.0,0.0,0.0,1.0,0.0,1.0,0.5373281843596791,0.0,0.0,1.0,1.0,0.0,1.0,0.0,0.0,1.0,0.9542942413276654,1.0,1.0
91,product/amplitude,decoupled,4,3.9656329038718527,4.109873536430426,4.296167205685583,4.121326623101655,1.1191884966715522,-4.502185193686649,41.47876313282177,181.62435079202987,1,1,excluded,r_hat_max 1.279 > 1.1; n_eff_min 10.3 < 16.0,1.2788515846804396,1.017241845097685,0.7438423645320197,10.319399496025262,0,63.0,1.2462709519255397,10.319399496025262,1.2788515846804396,10.7074718385182,1.0136176717841525,58.56427154930067,2.7699328410068342,1.5724057100322932,0,1.0,1.0,0.0,0.0,1.0,0.0,0.3081536485374053,0.0,1.0,0.0,0.0,0.0,0.9501483148717789,0.0,0.0,0.0,0.456267052660126,0.0,0.0,0.0,1.0,0.9249504045490957,0.01254551917929696,0.0,1.0,0.8140603093188704,1.0,0.0,1.0,1.0,1.0,0.5223605827030005,0.0,0.0,1.0,1.0,1.0,0.0,1.0,1.0,1.0,0.0,0.0,0.4403744222638327,0.0,0.0,1.0,0.0,0.8528794453559899,0.0,1.0,1.0,0.0,1.0,1.0,1.0,0.0,1.0,0.0,1.0,1.0,1.0,1.0,1.0,0.0,0.0,1.0,1.0,0.0,0.0,0.0,1.0,0.0,0.0,0.0,0.0,1.0,0.0,1.0,1.0,0.0,1.0,0.0,0.0,1.0,0.0,1.0,0.0,0.0,0.0,1.0,0.9839437074481934,0.30316556223839425,1.0,0.0,0.0,1.0,1.0,1.0,0.26667242781411293
92,product/amplitude,decoupled,4,3.8734289287187855,3.8139822028707737,4.296167205685583,4.121326623101655,1.1191884966715522,-3.957780173720816,38.78212667396292,173.87049253215082,1,1,excluded,r_hat_max 1.941 > 1.1; n_eff_min 4.1 < 16.0,1.9414777172686968,1.0238832828218642,0.6354679802955665,4.144937068115991,0,63.0,1.9414777172686968,4.144937068115991,1.4065829886120496,6.693564828772493,1.0493761049729085,28.966562211792304,2.7829295808205847,1.5687435871320845,0,1.0,1.0,0.0,0.0,1.0,0.0,0.35776202459467416,0.0,1.0,0.08555277078333652,0.0,0.42126895795521047,0.9494873517622506,0.0,0.0,0.0,0.47742137272443025,0.4550352488610679,0.0,0.0,1.0,0.9490898090685695,1.0,0.0,1.0,0.8025906458221546,1.0,0.0,1.0,1.0,1.0,1.0,0.0,0.0,0.9105796439430874,1.0,1.0,0.0,1.0,1.0,0.4704382911659051,0.0,0.0,1.0,0.0,0.0,1.0,0.0,0.0,0.29263332213399545,1.0,1.0,0.0,1.0,1.0,1.0,0.0,0.9033649378815577,0.0,1.0,1.0,1.0,1.0,1.0,0.0,0.0,1.0,1.0,0.0,0.0,0.0,1.0,0.16691766951761722,0.024149954905536848,0.0,0.0,1.0,0.0,1.0,0.0,0.0,0.0,0.13793920323725434,0.0,1.0,0.0,0.8655998488238686,0.18047297490862418,0.0,0.0,1.0,1.0,0.0,1.0,0.0,1.0,1.0,1.0,1.0,1.0
93,product/amplitude,decoupled,4,3.9016999434669675,4.110587432469276,4.296167205685583,4.121326623101655,1.1191884966715522,-3.688020549970822,41.68334461306222,301.00593472411856,1,1,excluded,r_hat_max 1.618 > 1.1; n_eff_min 5.1 < 16.0,1.6176423016107113,1.021808104984217,0.6600985221674877,5.092405508678394,0,63.0,1.5100266922826378,7.724993774523197,1.6176423016107113,5.092405508678394,1.0220391217865283,35.74219178841668,2.7946553802603504,1.5643350111822514,0,0.8788976546563176,1.0,0.0,0.0,1.0,0.0,0.0,0.0,1.0,0.0,0.0,0.20173728213410116,1.0,0.0,0.0,0.0,0.4496677740893377,1.0,1.0,0.0,1.0,1.0,1.0,0.0,1.0,0.8781338594378526,1.0,0.0,1.0,1.0,1.0,1.0,0.0,0.0,1.0,1.0,1.0,0.0,1.0,1.0,0.0,0.0,0.0,1.0,0.0,0.0,1.0,0.0,0.0,0.246993512289808,0.6851156394954054,1.0,0.0,1.0,1.0,1.0,0.9009994745314135,1.0,0.0,1.0,1.0,1.0,1.0,1.0,0.0,0.009909986209645437,1.0,1.0,0.0,0.0,0.0,1.0,0.0,0.0,0.0,0.0,1.0,0.0,1.0,0.7428530729983152,0.0,1.0,0.0,0.0,1.0,0.0,1.0,0.1761371244778522,0.0,0.0,1.0,0.9658842454077486,0.12052419526063485,1.0,0.0,0.0,0.0,0.9906663097333297,1.0,1.0
94,product/amplitude,decoupled,4,3.8240396597056914,3.8430378322313277,4.296167205685583,4.121326623101655,1.1191884966715522,-4.263134029608399,37.44506834610365,175.7648586658761,1,1,excluded,r_hat_max 1.396 > 1.1; n_eff_min 7.1 < 16.0,1.3956012732926888,1.022125975795318,0.6798029556650246,7.102967357591615,0,63.0,1.3444732408716693,8.328012235299235,1.3956012732926888,7.102967357591615,1.0375664874027597,54.81844163069833,2.8064324500816973,1.5601312835320107,0,1.0,1.0,0.0,0.12469423484794204,1.0,0.0,0.0,0.0,1.0,0.0,0.0,0.2276996266148669,1.0,0.0,0.0,0.0,0.39241454746665516,0.0,0.0,0.0,1.0,1.0,1.0,0.0,1.0,0.8204406384277612,0.0,0.0,1.0,1.0,1.0,0.8411506799878492,0.0,0.0,1.0,1.0,1.0,0.0,1.0,1.0,0.42561368388478,0.0,0.0,1.0,0.0,0.0,0.0,0.0,0.0,0.0,1.0,1.0,0.0,1.0,1.0,0.9094056780091322,0.0,1.0,0.0,0.8864444171975535,1.0,1.0,1.0,1.0,0.0,0.0,1.0,1.0,0.0,0.0,0.0,1.0,0.0,0.06440416597284222,0.0,0.0,0.0,1.0,1.0,0.8494213751115641,0.0,1.0,0.0,0.0,1.0,0.0,1.0,0.0,0.0,0.0,1.0,1.0,0.22194864328883204,1.0,0.0,0.0,1.0,1.0,0.0,0.8819286453383218
95,product/amplitude,decoupled,4,4.104384191800739,4.109995189962106,4.296167205685583,4.121326623101655,1.1191884966715522,-4.613742627894609,41.50187031598762,259.49094819719903,1,1,excluded,r_hat_max 1.617 > 1.1; n_eff_min 5.4 < 16.0,1.6165564989176178,1.0308987914429093,0.5763546798029556,5.40879867849196,0,63.0,1.4975634938477154,7.74474572709311,1.6165564989176178,5.40879867849196,0.9970546262637835,46.81916038725444,2.8171441049198447,1.555369404862364,0,0.9500132039243862,1.0,0.0,0.0,0.9327891489989493,0.0,0.0,0.0,1.0,0.0,0.0,0.42868002664853333,1.0,0.0,0.0,0.0,0.4562228447044355,0.0,0.0,0.0,1.0,0.9190832283397129,1.0,0.0,1.0,1.0,0.0,0.0,1.0,0.0,1.0,0.0,0.0,0.0,1.0,1.0,1.0,0.0,1.0,1.0,0.4183024785455671,0.0,0.0,1.0,0.0,0.0,1.0,0.0,0.0,0.0,1.0,1.0,0.0,0.0,1.0,1.0,1.0,1.0,0.0,1.0,1.0,1.0,1.0,1.0,0.0,0.0,1.0,1.0,0.0,0.7589404223145799,0.0,1.0,0.0,0.0,0.0,0.0,1.0,0.0,1.0,1.0,0.0,1.0,0.0,0.0,1.0,0.0,1.0,0.23012517012523978,0.0,0.0,1.0,0.9492316721896191,0.13327610830119485,1.0,0.5153080414156263,0.0,1.0,1.0,1.0,1.0
96,product/amplitude,decoupled,4,4.028820846021128,4.099141133248721,4.296167205685583,4.121326623101655,1.1191884966715522,-4.063769737632116,35.114123146981,185.4415022940375,1,1,excluded,r_hat_max 1.846 > 1.1; n_eff_min 4.9 < 16.0,1.8460396610747432,1.0355113961402247,0.5615763546798029,4.8539596093466955,0,63.0,1.8460396610747432,4.8539596093466955,1.3624220338845452,7.448210441574111,1.0652881867884005,29.285349346774197,2.8305528558248536,1.5527571425192424,0,0.592293566668756,1.0,0.0,0.0,1.0,0.0,0.268295482479221,0.0,1.0,0.0,0.09378410690276379,0.4120582608606341,1.0,0.0,0.0,0.0,0.45954323432375416,0.0,0.06260928064134481,0.0,1.0,1.0,1.0,0.0,1.0,1.0,1.0,0.0,1.0,1.0,1.0,0.0,0.0,0.0,1.0,1.0,1.0,0.0,1.0,1.0,0.0,0.0,0.0,1.0,0.0,0.0,1.0,0.0,0.0,0.0,1.0,1.0,0.2071524916621087,1.0,1.0,0.7971313035541584,0.0,1.0,0.0,1.0,1.0,1.0,1.0,1.0,0.0,0.0,1.0,1.0,0.0,0.0,0.0,1.0,0.0,0.0,0.0,0.0,1.0,0.0,1.0,0.7938534715180804,0.0,0.6246071035461407,0.0,0.0,1.0,0.0,1.0,0.15922460388144657,0.0,0.3891782617332817,1.0,1.0,0.07472048363721204,1.0,0.0,0.0,1.0,1.0,1.0,1.0
97,product/amplitude,decoupled,4,4.021993052934574,3.9918182871133414,4.296167205685583,4.121326623101655,1.1191884966715522,-3.966107651773016,42.752704937011,247.21609199699014,1,1,excluded,r_hat_max 1.785 > 1.1; n_eff_min 4.5 < 16.0,1.784725258996077,1.0309897513821222,0.6009852216748769,4.507076890304236,0,63.0,1.784725258996077,5.9554844676584064,1.7681203137096073,4.507076890304236,1.0570642783568907,27.07487955943419,2.8429061340743,1.5494671482773525,0,1.0,1.0,0.0,0.0,1.0,0.0,0.4215580585156098,0.0,1.0,0.0,0.0,0.41941206705153816,0.9226248068198548,0.0,0.0,0.0,0.4553263477856047,0.0,0.0,0.0,1.0,0.9057209231655208,0.7480409259930473,0.0,1.0,0.6780012050822318,1.0,0.0,1.0,1.0,1.0,0.28564535548180026,0.3569167715337508,0.0,1.0,1.0,1.0,0.0,1.0,1.0,0.0,0.0,0.0,1.0,0.0,0.0,1.0,0.0,0.0,0.0,1.0,1.0,0.0,1.0,1.0,1.0,0.0,1.0,0.0,1.0,1.0,0.6259933033742867,1.0,1.0,0.0,0.0,1.0,0.0,0.0,0.0,0.0,1.0,1.0,0.047271864549952365,0.0,0.0,1.0,0.0,1.0,0.8273670056627642,0.0,1.0,0.0,0.0,1.0,0.495700762169266,1.0,1.0,0.0,0.0,1.0,0.9485834297646629,0.07803377878371448,1.0,0.0,0.0,1.0,1.0,1.0,1.0
98,product/amplitude,decoupled,4,3.77779730132894,3.754937036336851,4.296167205685583,4.121326623101655,1.1191884966715522,-5.102476499062407,40.78435809304938,164.60014021908864,1,1,excluded,r_hat_max 1.575 > 1.1; n_eff_min 5.7 < 16.0,1.5750620377334372,1.0347702708121482,0.5911330049261084,5.691262018770678,0,63.0,1.4353352350909057,5.691262018770678,1.5750620377334372,6.282184676569819,1.1020957947777719,18.518365590276638,2.8549376332463434,1.5460890713023072,0,1.0,1.0,0.0,0.0,0.956431929416486,0.0,0.0,0.0,1.0,0.0,0.11497778056180277,0.424038027852741,1.0,0.0,0.0,0.0,0.4514652005374355,0.0,0.0,0.0,1.0,1.0,1.0,0.0,0.8977665079669399,1.0,1.0,0.0,1.0,1.0,1.0,0.0,0.0,0.0,1.0,1.0,1.0,0.0,0.8873908685530016,1.0,0.0,0.0,0.0,1.0,0.0,0.0,1.0,0.0,0.0,0.0,1.0,1.0,0.0,1.0,1.0,1.0,0.0,1.0,0.0,0.9302793178554538,1.0,1.0,1.0,1.0,0.0,0.0,1.0,1.0,0.0,0.0,0.0,1.0,0.0,0.0,0.0,0.0,1.0,0.0,1.0,0.8153088853377491,0.0,1.0,0.0,0.0,1.0,0.0,1.0,0.22278175776626416,0.0,0.0,1.0,1.0,0.0,1.0,0.0,0.0,1.0,1.0,1.0,0.9714001767625949
99,product/amplitude,decoupled,4,3.9795935930496924,4.1188152824383195,4.296167205685583,4.121326623101655,1.1191884966715522,-4.38467717343054,42.915900791063905,205.76685856212862,1,1,excluded,r_hat_max 1.688 > 1.1; n_eff_min 5.3 < 16.0,1.6879174927409346,1.0323449008668981,0.645320197044335,5.328332538835386,0,63.0,1.4471149232427738,5.400344036853119,1.6879174927409346,5.328332538835386,1.1433261095647753,21.74071635417329,2.8642594480754604,1.5410262422377565,0,1.0,1.0,0.0,0.0,1.0,0.0,0.0,0.0,1.0,0.0,0.0,0.4262175744451724,1.0,0.0,0.0,0.0,0.451998843980598,0.430382992884084,0.09425683493874458,0.0,1.0,1.0,1.0,0.0,1.0,0.7142527354313339,1.0,0.0,1.0,0.0,1.0,0.3780051697831665,0.0,0.0,1.0,1.0,1.0,0.0,1.0,1.0,0.39262071278086463,0.0,1.0,1.0,0.0,0.0,0.0,0.0,0.0,0.0,1.0,1.0,0.0,1.0,1.0,1.0,0.0,1.0,0.0,1.0,1.0,1.0,1.0,1.0,0.0,0.0,1.0,1.0,0.0,0.0,0.0,1.0,1.0,0.0,0.0,0.0,1.0,0.0,1.0,1.0,0.0,1.0,0.056509966773631494,0.0,1.0,0.0,1.0,0.22738605843751492,0.0,0.0,1.0,0.9640995673163727,0.12353407622622546,1.0,0.0,0.0,0.0,1.0,1.0,1.0
100,product/amplitude,decoupled,4,4.15983908666034,4.0410887989079605,4.296167205685583,4.121326623101655,1.1191884966715522,-5.40162852637912,39.79802775103599,207.48461474804208,1,1,excluded,r_hat_max 1.634 > 1.1; n_eff_min 5.9 < 16.0,1.6340334721106577,1.0324993666207598,0.6009852216748769,5.85862634570913,0,63.0,1.6340334721106577,5.85862634570913,1.3377588706503878,7.682495089262996,1.0270940170810607,27.61602812462503,2.8754127895252024,1.537312449047599,1,1.0,1.0,0.0,0.0,1.0,0.0,0.0,0.0,1.0,0.0,0.6667537059408284,0.0,0.8766068220582083,0.0,0.0,0.0,0.4536101799482708,0.2604012915136897,0.0,0.0,1.0,1.0,0.8469377713185908,0.0,1.0,1.0,0.0,0.0,1.0,1.0,1.0,0.0,0.0,0.3014682396323568,0.8766381114900675,1.0,1.0,0.0,1.0,1.0,0.0,0.0,0.17822689821712195,1.0,0.0,0.15260213213821536,1.0,0.0,0.0,0.24300212790838532,1.0,1.0,0.0,1.0,1.0,1.0,0.0,1.0,0.0,1.0,1.0,1.0,1.0,1.0,0.0,0.0,1.0,1.0,0.0,0.0,0.0,1.0,0.0,0.0,0.0,0.0,1.0,0.0,1.0,0.7962779928823726,0.0,1.0,0.0,0.0,1.0,0.0,1.0,0.2863080378598057,0.0,0.0,1.0,1.0,0.0,1.0,0.39202176106691367,0.0,1.0,1.0,1.0,0.9872424600555099
101,product/amplitude,decoupled,4,4.12643205637268,4.104610495188777,4.296167205685583,4.121326623101655,1.1191884966715522,-4.482923374973392,42.542868016054854,168.85965510411188,1,1,excluded,r_hat_max 1.388 > 1.1; n_eff_min 6.8 < 16.0,1.3876941289418114,1.0303848146674037,0.6009852216748769,6.776899139192812,0,63.0,1.310081440714447,6.776899139192812,1.3876941289418114,8.333498923419377,1.0653138117331438,78.70902015922607,2.888129881576045,1.5349601644297015,0,1.0,1.0,0.0,0.0,1.0,0.0,0.0,0.0,1.0,0.0,0.2617127302954048,0.4278633708047492,1.0,0.0,0.0,0.5972464539688463,0.4579969314893258,0.0,0.0,0.0,1.0,1.0,1.0,0.0,1.0,1.0,0.0,0.0,1.0,1.0,0.8195301174112531,0.0,0.0,0.4001611389010239,1.0,1.0,1.0,0.0,1.0,1.0,0.0,0.0,0.0,1.0,0.0,0.0,1.0,0.0,0.0,0.2717331262174532,0.9715552589934873,1.0,0.0,1.0,1.0,1.0,0.0,1.0,0.0,1.0,1.0,1.0,1.0,1.0,0.0,0.0,1.0,1.0,0.0,0.0,0.0,1.0,0.8232624686000621,0.0,0.0,0.0,1.0,0.0,1.0,0.8053958535790022,0.0,1.0,0.0,0.0,1.0,0.0,1.0,0.24429404053966763,0.0,0.0,1.0,1.0,0.09393408657308652,1.0,0.0,0.0,1.0,1.0,1.0,1.0
102,product/amplitude,decoupled,4,4.162315838514818,4.103612035521835,4.296167205685583,4.121326623101655,1.1191884966715522,-4.2348627946399615,40.68544707191177,180.92510204808787,1,1,excluded,r_hat_max 1.824 > 1.1; n_eff_min 3.7 < 16.0,1.8244431308589852,1.0360233532855003,0.5911330049261084,3.6872210953243014,0,63.0,1.8244431308589852,3.6872210953243014,1.7168259524547715,4.959557502055585,1.0219307736970304,106.08100053804073,2.900270098976012,1.5322824586137442,0,1.0,1.0,0.0,0.0,1.0,0.0,0.0,0.0,1.0,0.0,0.0,0.4288033820449156,0.5907441763027209,0.0,0.0,0.32517918863178047,0.45829393495446796,0.2448114374787508,0.0,0.0,1.0,1.0,1.0,0.0,1.0,1.0,0.0,0.0,1.0,1.0,1.0,0.33998127456959715,0.0,0.23851557267711745,1.0,0.7761190638201139,1.0,0.0,1.0,1.0,0.0,0.0,0.0,0.48863067117350023,0.0,0.0,1.0,0.0,0.34141895180278126,0.0,1.0,0.9196851695299324,0.0,1.0,1.0,1.0,1.0,1.0,0.0,1.0,1.0,1.0,1.0,1.0,0.0,0.0,1.0,1.0,0.0,0.0,0.0,1.0,0.0,0.0,0.0,0.0,1.0,0.0,1.0,0.7863708892157665,0.0,1.0,0.0,0.0,0.7574359440282361,0.0,1.0,0.26661728090662,0.0,0.0,1.0,1.0,0.3614310604215968,1.0,0.4712972325252484,0.0,1.0,1.0,1.0,1.0
103,product/amplitude,decoupled,4,4.140468247424825,4.110817938648242,4.296167205685583,4.121326623101655,1.1191884966715522,-4.317150082891042,48.4388264270965,274.7737313047983,1,1,excluded,r_hat_max 1.704 > 1.1; n_eff_min 5.6 < 16.0,1.7037910966348329,1.0252403708647753,0.6502463054187192,5.564524636718638,0,63.0,1.3755944501837898,5.564524636718638,1.7037910966348329,5.677205809174631,1.3061258866852512,9.04057044106315,2.9125229702336703,1.5298392203364704,0,1.0,1.0,0.21943360294682113,0.0,1.0,0.0,0.0,0.0,1.0,0.0,0.0,0.2641372987217947,0.0,0.0,0.0,0.0,0.45591756257488386,0.0,0.0,0.0,1.0,1.0,0.8402674441678054,0.0,1.0,0.7288148282418949,1.0,0.025123175945541303,1.0,1.0,1.0,0.22233441099660206,0.0,0.0,1.0,0.0,1.0,0.0,1.0,1.0,0.0,0.0,0.0,1.0,0.0,0.0,1.0,0.0,0.0,0.0,1.0,1.0,0.0,1.0,0.0,1.0,0.17504411359701275,1.0,0.028289507554549672,1.0,0.9251495188156572,1.0,1.0,1.0,0.0,0.003252670313864602,1.0,1.0,0.0,0.40095082534197773,0.0,1.0,0.0,0.0,0.0,0.0,1.0,0.0,1.0,0.7994501544113052,0.0,1.0,0.0,0.0,1.0,0.0,1.0,0.2262019648259934,0.0,0.0,1.0,1.0,0.26595422291214954,1.0,0.0,0.0,1.0,1.0,1.0,1.0
104,product/amplitude,decoupled,4,3.891926675998641,3.7841463321335147,4.296167205685583,4.121326623101655,1.1191884966715522,-4.311371953038052,42.30953454389237,182.37182514183223,1,1,excluded,r_hat_max 1.634 > 1.1; n_eff_min 4.9 < 16.0,1.6335027039919785,1.026021422855378,0.6354679802955665,4.909082239990166,0,63.0,1.6335027039919785,4.909082239990166,1.358242604093585,8.898559726176426,1.0176943616092275,136.38959343196518,2.92433013636051,1.527174928201714,0,1.0,1.0,0.0,0.0,1.0,0.06881660620949505,0.0,0.0,1.0,0.0,0.0,0.7520394417632444,1.0,0.0,0.0,0.0,0.5005376670021946,0.5811625699170356,0.0,1.0,1.0,1.0,1.0,0.0,1.0,0.6015155072668261,0.0,0.0,1.0,1.0,1.0,0.0,0.0,0.315679879877746,1.0,1.0,1.0,0.0,1.0,1.0,0.0,0.0,0.0,0.0,0.0,0.0,1.0,0.0,0.0,0.2409283047398501,1.0,0.44156437958607186,0.0,1.0,1.0,1.0,0.22298149741224738,1.0,0.0,1.0,1.0,1.0,1.0,1.0,0.0,0.0,1.0,1.0,0.0,0.0,0.0,1.0,0.0,0.0,0.0,0.0,1.0,0.0,1.0,0.7757000384263404,0.0,1.0,0.0,0.0,1.0,1.0,1.0,0.2766002554440366,0.0,0.0,1.0,1.0,0.21914776759413945,1.0,1.0,0.0,1.0,1.0,1.0,1.0
105,product/amplitude,decoupled,4,4.189993782076943,4.135710540576918,4.296167205685583,4.135710540576918,1.1048045791962897,-4.524771712374418,43.14981933985837,209.47572360001504,1,1,excluded,r_hat_max 1.856 > 1.1; n_eff_min 4.7 < 16.0,1.8557815916437805,1.0222409308298102,0.6650246305418719,4.72534189333194,0,63.0,1.8557815916437805,4.72534189333194,1.2719803832192298,8.951899062284372,1.0606701189737635,14.852160755830315,2.933545341499921,1.5227878745468235,0,0.8852572681852743,1.0,0.0,0.0,1.0,0.0,0.0,0.0,1.0,0.0,0.0,0.3065650198554951,1.0,0.0,0.0,0.0,0.448124907732636,1.0,0.0,0.0,1.0,1.0,1.0,0.0,1.0,0.7693357282160285,1.0,0.0,1.0,1.0,1.0,1.0,0.0,0.3082023511434328,0.9755176089859795,1.0,0.0,0.0,1.0,1.0,1.0,0.0,0.0,1.0,0.0,0.0,1.0,0.0,0.0,0.2571030690666028,1.0,1.0,0.0,1.0,1.0,1.0,0.9108881743585034,1.0,0.0,1.0,1.0,1.0,1.0,1.0,0.0,0.0,1.0,1.0,0.0,0.0,0.0,1.0,0.0,0.07824301644974034,0.0,0.0,1.0,0.0,1.0,0.7848877583363125,0.0,1.0,0.0,0.0,0.9234223450801393,0.0,1.0,0.16583188249008277,0.0,0.0,1.0,1.0,0.2721136758680407,1.0,0.0,0.0,1.0,1.0,0.9588619543006999,1.0
106,product/amplitude,decoupled,4,4.17594839476527,4.0742631703951355,4.296167205685583,4.135710540576918,1.1048045791962897,-5.177662243546388,41.2168944561854,234.5915598878637,1,1,excluded,r_hat_max 1.619 > 1.1; n_eff_min 5.2 < 16.0,1.6192836618218291,1.0353296468315765,0.5566502463054187,5.22650662106021,0,63.0,1.612372335195565,5.22650662106021,1.6192836618218291,5.991370862100443,1.0791097113995298,10.68516613244099,2.945398628675176,1.5204470397751222,0,1.0,1.0,0.0,0.0,1.0,0.03585847345463282,0.0,0.0,1.0,0.0,0.0,0.14491466175012194,0.9273535595703897,0.0,0.0,0.0,0.44891966313601533,0.27910138113678207,0.0,0.0,1.0,1.0,1.0,0.0,1.0,0.0,0.0,0.022509040599041505,1.0,1.0,1.0,0.8894111772692848,0.0,0.325765169194578,1.0,1.0,0.0,0.0,1.0,1.0,0.0,0.0,0.0,1.0,0.0,0.0,1.0,0.0,0.0,0.0,1.0,1.0,0.0,1.0,1.0,1.0,0.0,1.0,0.061608223035876104,1.0,1.0,1.0,1.0,1.0,0.0,0.0,1.0,1.0,0.0,0.0,0.0,1.0,0.0,0.0,0.0,0.0,1.0,0.0,1.0,0.8053209374126736,0.0,1.0,0.0,0.0,1.0,0.0,1.0,0.0,0.0,0.0,1.0,1.0,0.06326436089755748,1.0,0.0,0.0,1.0,1.0,1.0,1.0
107,product/amplitude,decoupled,4,3.978895941808802,4.10888107144754,4.296167205685583,4.135710540576918,1.1048045791962897,-4.684687592371077,41.95747888088226,238.5773815140128,1,1,excluded,r_hat_max 1.712 > 1.1; n_eff_min 3.8 < 16.0,1.7123868082352198,1.0353003280784598,0.5566502463054187,3.815817544617823,0,63.0,1.7123868082352198,3.815817544617823,1.4417897007914267,5.96588200791405,1.0538886326396653,92.15229715960508,2.9568990937788215,1.5179504631348202,0,1.0,1.0,0.0,0.0,1.0,0.0,0.0,0.0,1.0,0.0,0.0,0.0,1.0,0.0,0.0,0.0,0.4566193439220821,0.0,0.0,0.0,1.0,1.0,1.0,0.0,1.0,0.7668246753840843,0.0,0.0,1.0,1.0,1.0,0.8859147973002177,0.0,0.27600319560716824,1.0,0.6245965691918405,0.0,0.0,1.0,1.0,0.0,0.0,0.0,1.0,0.0,0.0,1.0,0.0,0.0,0.0,1.0,1.0,0.0,1.0,1.0,1.0,0.8829564044724786,1.0,0.7429445697742106,1.0,1.0,1.0,1.0,1.0,0.0,0.0,1.0,1.0,0.0,0.0,0.0,1.0,0.0,0.0,0.0,0.0,1.0,0.0,1.0,0.8042477404438744,0.0,1.0,0.0,0.0,1.0,0.0,1.0,0.21624737995468712,0.0,0.0,1.0,1.0,0.08905608695889564,1.0,0.4744616540553024,0.0,1.0,1.0,0.5821645844375778,1.0
108,product/amplitude,decoupled,4,4.002173841959329,4.117038555275259,4.296167205685583,4.135710540576918,1.1048045791962897,-5.463123776787903,41.32094010501169,173.0185693150852,1,1,excluded,r_hat_max 2.274 > 1.1; n_eff_min 3.8 < 16.0,2.274286554021261,1.0380210292680971,0.5665024630541872,3.7877363866862503,0,63.0,2.274286554021261,3.7877363866862503,1.488931871242878,5.536647155894864,1.0711131933369835,48.61745219852103,2.966362027556877,1.514074043463556,0,1.0,1.0,0.0,0.0,1.0,0.0,0.0,0.0,1.0,0.0,0.16983157417918174,0.3217032697797641,0.7045996771976845,0.0,0.0,0.0,0.45309519845182383,0.0,0.0,0.0,1.0,1.0,0.8822334428829752,0.15313545449424007,1.0,1.0,0.0,0.0,1.0,1.0,1.0,0.0,0.0,0.0,1.0,1.0,0.40584998237367553,0.0,1.0,1.0,1.0,0.0,0.34637828085056216,1.0,0.0,0.0,1.0,0.0,0.0,0.0,1.0,1.0,0.0,1.0,1.0,1.0,0.9086635858875161,1.0,0.0,1.0,1.0,1.0,1.0,1.0,0.0,0.0,1.0,1.0,0.0,0.0,0.0,1.0,0.0,0.0,0.0,0.0,1.0,0.0,1.0,0.7671277666211882,0.0,1.0,0.0,0.0,1.0,0.26374145730249,1.0,0.28238560112627337,0.0,0.0,1.0,1.0,0.0,1.0,0.0,0.0,1.0,1.0,1.0,1.0
109,product/amplitude,decoupled,4,4.14567616028346,4.104923253236982,4.296167205685583,4.135710540576918,1.1048045791962897,-4.315344636038319,43.65614784602076,186.74202411901206,1,1,excluded,r_hat_max 1.589 > 1.1; n_eff_min 5.5 < 16.0,1.5886607303876614,1.0323568258086,0.5812807881773399,5.460022752670449,0,63.0,1.4219372591469925,6.305321750228581,1.5886607303876614,5.460022752670449,1.0284395066073908,29.673787238373784,2.9758648882394683,1.510344895058586,0,0.9150197273299784,1.0,0.0,0.0,1.0,0.0,0.0,0.0,1.0,0.0,0.0,0.15040577991294965,0.9110847410695363,0.0,0.0,0.0,0.45790226358669284,1.0,0.0,0.0,1.0,1.0,1.0,0.0,1.0,1.0,0.0,0.0,1.0,1.0,1.0,0.268232414326567,0.0,0.8168301155273786,0.0,1.0,1.0,0.0,1.0,1.0,0.0,0.0,0.0,0.46490911640839455,0.49489202812354627,0.0,1.0,0.0,0.0,0.0,1.0,1.0,0.0,1.0,0.0,1.0,0.0,1.0,0.0,1.0,1.0,1.0,1.0,1.0,0.0,0.0,1.0,1.0,0.0,0.0,0.0,1.0,0.0,0.0,0.0,0.0,1.0,0.0,1.0,0.8227307473539848,0.0,1.0,0.0,0.0,1.0,0.0,1.0,0.13427386049238876,0.0,0.0,1.0,1.0,0.32374728750643816,1.0,0.0,0.0,1.0,1.0,1.0,0.6375083240982619
110,product/amplitude,decoupled,4,3.8381592784983374,3.79202617581891,4.296167205685583,4.135710540576918,1.1048045791962897,-4.133867423903419,42.002591714961454,273.73442982300185,1,1,excluded,r_hat_max 1.947 > 1.1; n_eff_min 4.2 < 16.0,1.9467166578481283,1.0336163997915486,0.5615763546798029,4.228197650218702,0,63.0,1.9467166578481283,4.228197650218702,1.938724564528491,4.781689790636518,1.4062796771800707,7.828731963619504,2.986499536167141,1.5075581200989778,0,1.0,1.0,0.0,0.0,1.0,0.0,0.0,0.0,1.0,0.0,0.0,0.5213930650645403,0.8740025085213734,0.0,0.11429111715939706,0.1382587720325329,0.4557452345497308,1.0,0.0,0.0,1.0,1.0,1.0,0.0,1.0,0.6139759349661766,1.0,0.0,1.0,0.9028171469793261,0.36829135826930265,0.3348666649646159,0.0,0.4657755470112813,1.0,1.0,1.0,0.0,1.0,1.0,0.0,0.0,0.0,1.0,0.0,0.045531096302326005,1.0,0.0,0.0,0.40206326464500997,1.0,1.0,0.0,1.0,1.0,1.0,0.9580661645686782,1.0,0.0,1.0,1.0,1.0,1.0,1.0,0.0,0.005980660966855776,1.0,1.0,0.0,0.5815391011953832,0.0,1.0,0.0,0.0,0.0,0.0,0.861691637344026,0.0,1.0,0.8110814174099088,0.0,1.0,0.0,0.0,1.0,0.0,1.0,0.16658166874240757,0.22972145438709238,0.09274313498152767,1.0,0.9682363840316742,0.062172740286335126,1.0,0.0,0.0,1.0,1.0,1.0,1.0
111,product/amplitude,decoupled,4,3.773721098246158,3.932501786082042,4.296167205685583,4.135710540576918,1.1048045791962897,-4.183077126541956,43.904467795975506,240.9912915539462,1,1,excluded,r_hat_max 1.724 > 1.1; n_eff_min 4.9 < 16.0,1.7239920655187664,1.0363211538964132,0.5467980295566502,4.863788769664564,0,63.0,1.7239920655187664,4.863788769664564,1.4895855891384853,5.879606335220857,1.1030095093825014,35.0110481970315,2.994172146458413,1.5029078519335908,0,1.0,1.0,1.0,0.0,1.0,0.0,0.0,0.0,1.0,0.0,0.068511626687339,0.3998393786064523,0.8976177801666988,0.0,0.0,0.0,0.44969800192103515,1.0,0.0,0.0,1.0,1.0,1.0,0.0,1.0,0.5628940150669366,0.0,0.0,1.0,0.45235736740653076,1.0,0.0,0.0,0.30469197776171736,1.0,1.0,1.0,0.0,1.0,1.0,0.43460463549286305,0.0,0.0,0.7994251494413865,0.0,0.0,1.0,0.0,0.0,0.0,1.0,1.0,0.0,0.680804575380671,0.29384375421453296,1.0,0.0,1.0,0.0,1.0,1.0,1.0,1.0,1.0,0.0,0.0,1.0,1.0,0.0,0.0,0.0,1.0,0.0,0.0278391033763765,0.0,0.0,1.0,0.0,1.0,0.3348719910764224,0.0,1.0,0.0,0.0,0.722281941845996,0.0,1.0,0.0,0.0,0.0,1.0,1.0,1.0,1.0,0.0,0.0,1.0,1.0,1.0,1.0
112,product/amplitude,decoupled,4,4.271736182196482,4.111238477426022,4.296167205685583,4.135710540576918,1.1048045791962897,-3.785950657602828,39.42251322581433,181.95097173610702,1,1,excluded,r_hat_max 1.649 > 1.1; n_eff_min 5.4 < 16.0,1.649384976333488,1.0283458927882765,0.6206896551724138,5.436859992663081,0,63.0,1.3754028078521054,6.076570778770501,1.649384976333488,5.436859992663081,1.0404706579856282,26.485816640135344,3.001132404956517,1.4979793651181683,0,1.0,1.0,0.0,1.0,1.0,0.0,0.23191646048256725,0.0,1.0,0.0,0.763929991970248,0.12618820255370666,0.8843971296986068,0.0,0.0,0.0,0.45575705832897023,0.26710377791624623,0.0,0.0,1.0,0.0,1.0,0.0,0.003739241713987768,0.06349192940330595,1.0,0.0,1.0,0.0,1.0,0.46234563666228706,0.0,0.3060302863116645,1.0,1.0,1.0,0.0,1.0,0.10003292783540359,0.0,0.0,0.0,1.0,0.35989832278243666,0.0,0.0,0.0,0.0,0.0,1.0,1.0,0.0,0.0,0.0,1.0,0.0015982194618222598,0.0,0.0,1.0,0.0,1.0,1.0,0.0,1.0,0.0,1.0,1.0,1.0,0.0,0.0,1.0,1.0,0.0,0.0,0.0,1.0,0.0,1.0,1.0,0.0,1.0,0.0,0.0,1.0,0.0,1.0,0.2645359184729789,0.0,0.0,1.0,1.0,0.0,0.0,0.0,0.0,1.0,1.0,1.0,1.0
113,product/amplitude,decoupled,4,4.301239729206214,4.113181217202682,4.301239729206214,4.135710540576918,1.1048045791962897,-3.7905479620574787,44.09430473903194,163.68459846405312,1,1,excluded,r_hat_max 1.727 > 1.1; n_eff_min 4.7 < 16.0,1.7270680251876391,1.023842038858975,0.6748768472906403,4.748003868135409,0,63.0,1.5005582120349732,6.224167314842162,1.7270680251876391,4.748003868135409,1.025562523583822,73.10763975234671,3.01237668617103,1.4960764937863127,0,0.9049214535741247,1.0,0.0,1.0,1.0,0.0,0.0,0.0,1.0,0.0,0.0,0.36482893648064474,0.8995345181164474,0.0,0.0,0.0,0.4549708174538271,0.24067504621720837,0.0,0.0,1.0,1.0,1.0,0.0,0.0,1.0,1.0,0.0,1.0,0.0,1.0,0.8930168615832575,0.0,0.27565393025416085,0.8733814584487508,1.0,1.0,0.0,1.0,1.0,0.0,0.0,0.0,1.0,0.3371787979864081,0.0,1.0,0.0,0.0,0.25114862813326594,1.0,1.0,0.0,1.0,0.0,1.0,0.0,0.0,0.0,1.0,0.0,1.0,1.0,1.0,0.0,0.0,1.0,1.0,1.0,0.0,0.0,1.0,0.0,0.0,0.0,0.0,1.0,0.0,1.0,0.8359935469886776,0.0,1.0,0.0,0.0,1.0,0.0,1.0,0.2625682399929529,0.0,0.0,1.0,1.0,0.0,1.0,0.0,0.0,1.0,1.0,0.9372280258288732,1.0
114,product/amplitude,decoupled,4,4.413522637055318,4.102028371865862,4.413522637055318,4.135710540576918,1.1048045791962897,-2.952887423641799,42.693923810031265,137.25376198790036,1,1,excluded,r_hat_max 1.902 > 1.1; n_eff_min 4.0 < 16.0,1.9024501641592793,1.0389620362130891,0.5566502463054187,3.9740245954731264,0,63.0,1.9024501641592793,3.9740245954731264,1.6059976254093533,4.423200629100091,1.2592080318422425,11.933893999156687,3.023682502338005,1.4943409836559207,0,0.8812507414513423,1.0,0.0,1.0,1.0,0.0,0.16877402480509832,0.0,1.0,0.0,1.0,0.38089503871128133,1.0,0.0,0.0,0.0,0.4587504603007188,0.22935520734064913,0.0,0.0,1.0,1.0,1.0,0.0,0.0,0.09160153415717047,1.0,0.0,1.0,1.0,1.0,1.0,0.0,0.1807964946107031,1.0,1.0,1.0,0.0,1.0,1.0,0.0,0.0,0.0,1.0,0.47479925217395624,0.0,0.0,0.0,0.0,0.0,1.0,1.0,0.0,0.0,0.0,1.0,0.0,1.0,0.0,1.0,1.0,1.0,1.0,0.0,1.0,0.0,1.0,1.0,1.0,0.0,0.0,1.0,1.0,0.0,0.0,0.0,1.0,0.0,1.0,0.798918005168751,0.0,1.0,0.0,0.0,1.0,0.0,1.0,0.24613024042011158,0.0,0.0,1.0,1.0,0.12604282533739855,0.0,0.0,0.0,1.0,1.0,1.0,1.0
115,product/amplitude,decoupled,4,4.218097657718216,4.084493122059995,4.413522637055318,4.135710540576918,1.1048045791962897,-3.602601406811635,42.065830884967,237.26854625111446,1,1,excluded,r_hat_max 1.463 > 1.1; n_eff_min 7.0 < 16.0,1.4629524166481607,1.026635503016851,0.6403940886699507,6.994575871684968,0,63.0,1.3864174595421377,7.949675077785421,1.4629524166481607,6.994575871684968,1.0373372441142454,32.2396771554146,3.0357680687268513,1.4934148955950644,0,1.0,1.0,0.0,1.0,1.0,0.0,0.1666080270817604,0.0,1.0,0.0,0.0,0.46855749559048054,0.8923408322221362,0.0,0.0,0.0,0.46300008673491,0.2570599869874189,0.0,0.0,1.0,1.0,1.0,0.0,0.0,1.0,1.0,0.032544260833366645,1.0,1.0,1.0,0.8966428610103764,0.0,0.7824566598589682,0.9600016126106802,1.0,1.0,0.0,1.0,1.0,0.0,0.0,0.0,1.0,0.28656876798617853,0.0,0.0,0.0,0.0,0.10240193105865195,1.0,1.0,0.0,0.0,0.0,1.0,0.0,1.0,0.0,1.0,0.0,1.0,1.0,0.0,1.0,0.0,1.0,1.0,1.0,0.0,0.0,1.0,1.0,0.0,0.0,0.0,1.0,0.0,1.0,0.860713855856333,0.0,1.0,0.0,0.0,1.0,0.0,1.0,0.23698810156485545,0.0,0.0,1.0,1.0,0.0,0.0,0.0,0.0,1.0,1.0,1.0,0.9533561492799262
116,product/amplitude,decoupled,4,4.085916572021761,4.086905347691672,4.413522637055318,4.135710540576918,1.1048045791962897,-3.7709918614222966,42.924829273018986,152.06102424208075,1,1,excluded,r_hat_max 1.426 > 1.1; n_eff_min 7.5 < 16.0,1.4257318009727882,1.0219514039489512,0.6748768472906403,7.504058071458298,0,63.0,1.3694233670632714,7.857332211502023,1.4257318009727882,7.504058071458298,1.0544757550411359,80.62438086632395,3.045960565183673,1.4909756645981096,0,1.0,1.0,0.0,1.0,1.0,0.0,0.0,0.0,1.0,0.0,1.0,0.3503427907340732,1.0,0.0,0.0,0.0,0.4624809296530577,0.24386821037228532,0.0,0.0,1.0,1.0,1.0,0.0,0.0,0.07069804772450805,1.0,0.0,1.0,0.0,1.0,1.0,0.0,0.0,0.9810453368873134,1.0,1.0,0.0,1.0,1.0,0.0,0.0,0.0,1.0,0.4090666336374826,0.0,0.0,0.0,0.0,0.0,1.0,1.0,0.0,1.0,0.0,1.0,0.0,1.0,0.0,1.0,1.0,1.0,1.0,1.0,1.0,0.0,1.0,1.0,1.0,0.0,0.0,1.0,0.0,0.0,0.0,0.0,1.0,0.0,1.0,0.8201246174253765,0.0,1.0,0.0,0.0,1.0,0.0,1.0,0.28469807493168964,0.0,0.0,1.0,1.0,0.14680870002581176,0.0,0.48491137128923123,0.0,1.0,1.0,1.0,1.0
117,product/amplitude,decoupled,4,4.128655596542568,4.090781623586104,4.413522637055318,4.135710540576918,1.1048045791962897,-3.728931490771139,44.39092786121182,189.09780662390403,1,1,excluded,r_hat_max 1.328 > 1.1; n_eff_min 8.5 < 16.0,1.3275260415698376,1.0293892641796796,0.645320197044335,8.488506501437588,0,63.0,1.3143791870080392,9.570721151867785,1.3275260415698376,8.488506501437588,1.0285901938596922,66.19881186443186,3.0548490780626314,1.4876736930694536,0,0.8880379937064117,1.0,0.0,1.0,1.0,0.0,0.22040697406259005,0.0,1.0,0.0,0.7877162969149818,0.3822638121311455,0.8838962935105928,0.0,0.0,0.0,0.4616101277120892,0.19109997376854268,0.0,0.0,1.0,1.0,1.0,0.0,0.0,0.08972078144754324,1.0,0.0,1.0,1.0,1.0,0.20185583123605774,0.0,0.0,1.0,1.0,1.0,0.0,1.0,1.0,0.0,0.0,0.0,1.0,0.0,0.0,1.0,0.0,0.0,0.0,1.0,1.0,0.0,0.0,0.0,1.0,0.0,1.0,0.0,1.0,1.0,1.0,1.0,0.0,0.0,0.0,1.0,1.0,0.0,0.0,0.0,1.0,1.0,0.0,0.0,0.0,1.0,0.0,1.0,0.7827305547514762,0.0,1.0,0.0,0.0,1.0,0.0,1.0,0.2524108168212902,0.0,0.0,1.0,1.0,0.13835385122551513,1.0,0.0,0.0,1.0,1.0,0.9491463646937383,0.978342032397191
118,product/amplitude,decoupled,4,4.149434466519456,4.0974566086547375,4.413522637055318,4.135710540576918,1.1048045791962897,-4.781640333690823,43.02898820000701,182.9000912499614,1,1,excluded,r_hat_max 1.589 > 1.1; n_eff_min 5.6 < 16.0,1.5894333028856618,1.0258480596371509,0.6699507389162561,5.585607859193446,0,63.0,1.5894333028856618,5.666148427520248,1.5448167299815139,5.585607859193446,1.02862718321924,43.55153147966638,3.0639491333039865,1.4846232522589282,0,0.7753228442381326,1.0,0.0,0.38913137353359467,1.0,0.0,0.0,0.0,1.0,0.0,0.0,0.17850382935131953,0.9170251136601938,0.0,0.0,0.0,0.4599850288607776,0.26416272412756625,0.0,0.0,1.0,1.0,1.0,0.0,0.0,1.0,1.0,0.0,1.0,1.0,1.0,1.0,0.0,0.23186104236162264,1.0,0.7971700438604361,1.0,0.0,1.0,1.0,0.0,0.0,0.0,1.0,0.5048752502175339,0.0,0.0,0.0,0.34335092941703715,1.0,1.0,1.0,0.0,0.0,0.0,1.0,0.0,1.0,0.0,1.0,1.0,1.0,1.0,0.0,1.0,0.0,1.0,1.0,1.0,0.0,0.0,1.0,1.0,0.0,0.0,0.0,1.0,0.0,1.0,0.8119880004036926,0.0,1.0,0.0,0.0,1.0,0.0,1.0,0.22042081128287153,0.0,0.0,1.0,1.0,0.0,0.0,0.0,0.0,1.0,1.0,0.7436373972476242,1.0
119,product/amplitude,decoupled,4,4.0811923256136575,4.107452576030776,4.413522637055318,4.135710540576918,1.1048045791962897,-4.589581521831092,45.45607842807658,153.6089412078727,1,1,excluded,r_hat_max 1.661 > 1.1; n_eff_min 5.6 < 16.0,1.6608705948655307,1.0242602593540124,0.6305418719211823,5.631722048547894,0,63.0,1.4555351212822059,5.631722048547894,1.6608705948655307,6.851113250971195,1.0031609420151895,72.14909083575293,3.073070858793192,1.481689101550708,0,1.0,1.0,0.0,1.0,0.9690255837117908,0.0,0.1757435457078006,0.0,1.0,0.0,0.6638969152937386,0.4295967693778039,0.0,0.0,0.0,0.0,0.4571027322709663,0.2687925675610707,0.0,0.0,1.0,1.0,1.0,0.0,0.1793034981572451,0.08029378743454789,1.0,0.0,1.0,1.0,1.0,1.0,0.0,0.3096996756456939,1.0,1.0,1.0,0.0,1.0,1.0,0.0,0.0,0.0,1.0,0.48267449993217926,0.0,1.0,0.0,0.0,0.0,1.0,0.8916854865977856,0.0,0.0,0.0,1.0,0.0,0.0,0.0,1.0,0.8799817029981949,1.0,1.0,1.0,0.0,0.0,1.0,0.48843805557686626,0.0,0.0,0.0,1.0,1.0,0.0,0.0,0.0,1.0,0.0,1.0,0.8254849522717711,0.0,1.0,0.0,0.0,1.0,0.0,1.0,0.25653931868097857,0.0,0.0,1.0,1.0,0.0,1.0,0.0,0.0,1.0,1.0,1.0,1.0
120,product/amplitude,decoupled,4,4.123122020105302,4.114084217398538,4.413522637055318,4.135710540576918,1.1048045791962897,-5.221029119034839,42.75010827300139,191.5654736899305,1,1,excluded,r_hat_max 1.691 > 1.1; n_eff_min 4.8 < 16.0,1.691339465011792,1.0338602473467258,0.5763546798029556,4.75243431164757,0,63.0,1.691339465011792,4.75243431164757,1.4603494022990726,7.165789138635711,1.3071937084372354,10.950504127351408,3.0814718710166966,1.4783457768057906,0,1.0,1.0,0.08339936760954667,1.0,1.0,0.0,0.2319012057406447,0.0,1.0,0.0,0.0,0.4277690308539807,0.9521621588528723,0.0,0.0,0.0,0.45457574932525296,0.27461955998598675,0.0,0.0,1.0,0.940591057952079,1.0,0.0,0.0,0.0,1.0,0.0,1.0,1.0,1.0,0.9006829897636467,0.0,0.25559985579670613,0.8165076503447047,1.0,1.0,0.0,1.0,1.0,0.0,0.0,0.4672843410740917,1.0,0.562333787603648,0.0,0.0,0.0,0.0,0.24714672881927022,1.0,1.0,0.0,1.0,1.0,1.0,0.0,1.0,0.0,1.0,0.0,1.0,1.0,0.0,1.0,0.0,1.0,1.0,1.0,0.0,0.0,1.0,1.0,0.0,0.0,0.0,1.0,0.0,1.0,0.839512258959559,0.0,1.0,0.0,0.0,1.0,0.0,1.0,0.22503248706711484,0.0,0.0,1.0,1.0,0.2746138901022866,1.0,0.0,0.0,1.0,1.0,1.0,1.0
121,product/amplitude,decoupled,4,3.9482019398208097,4.116993582641953,4.413522637055318,4.135710540576918,1.1048045791962897,-5.728456601946544,41.83924420713447,169.95167466206476,1,1,excluded,r_hat_max 1.628 > 1.1; n_eff_min 5.0 < 16.0,1.627882498605508,1.025060983079787,0.6108374384236454,4.953157776024338,0,63.0,1.627882498605508,5.210955777321407,1.604266186954659,4.953157776024338,1.055783558206216,70.82547198332739,3.0900805499347843,1.4752414457025929,0,1.0,1.0,0.0,1.0,1.0,0.0,0.0,0.0,1.0,0.0,1.0,0.34873825583229195,0.0,0.0,0.0,0.0,0.45312050379159613,0.0,0.0,0.0,1.0,0.0,1.0,0.0,1.0,1.0,1.0,0.0,1.0,0.0,1.0,0.0,0.0,0.21363138457469658,0.046437010971078344,1.0,1.0,0.0,1.0,1.0,0.0,0.0,0.0,1.0,0.0,0.0,0.0,0.0,0.0,0.0,1.0,1.0,0.0,0.0,0.0,1.0,0.0,0.0,0.0,1.0,0.0,1.0,1.0,0.0,1.0,0.0,1.0,1.0,1.0,0.0,0.0,1.0,0.7226564883531578,0.0,0.0,0.0,1.0,0.0,1.0,0.8096269476548745,0.0,1.0,0.0,0.0,0.881670799921601,0.0,1.0,0.2619454339126205,0.0,0.0,1.0,1.0,0.0,0.0,0.0,0.0,1.0,1.0,1.0,0.6173490339120105
122,product/amplitude,decoupled,4,4.008988978121998,4.114339969370607,4.413522637055318,4.135710540576918,1.1048045791962897,-5.916941561252489,42.92971394909546,181.73855661903508,1,1,excluded,r_hat_max 1.945 > 1.1; n_eff_min 4.6 < 16.0,1.9449873947188032,1.0245806250864777,0.6354679802955665,4.646040567054558,0,63.0,1.9449873947188032,4.646040567054558,1.451488557432988,6.035483762567316,1.0165121970804945,66.31188475390235,3.097114331819096,1.4712188338926449,0,0.8965236019029883,1.0,0.0,1.0,1.0,0.0,0.10679000100404405,0.0,1.0,0.0,0.6897494935488351,0.34385360294484724,1.0,0.0,0.0,0.0,0.4544597871942803,0.0,0.0,0.0,1.0,1.0,1.0,0.0,0.0,0.0,1.0,0.0,1.0,0.0,0.31436967041371283,0.4572774936275901,0.0,0.20168560570420935,1.0,1.0,1.0,0.0,1.0,0.0,0.0,0.0,0.0,0.0,0.378811154623465,0.0,0.0,0.0,1.0,0.9594451849898818,1.0,1.0,0.0,0.0,0.0,1.0,0.0,1.0,0.0,1.0,0.0,1.0,1.0,0.0,0.0,0.0,1.0,1.0,1.0,0.0,0.0,1.0,1.0,0.0,0.0,0.0,1.0,0.0,1.0,1.0,0.0,1.0,0.0,0.0,1.0,0.0,1.0,0.1907759240416743,0.0,0.0,1.0,0.9350243239091746,0.3711870757179671,0.0,0.0,0.0,1.0,1.0,1.0,1.0
123,product/amplitude,decoupled,4,4.062532856626525,4.111659248438967,4.413522637055318,4.135710540576918,1.1048045791962897,-5.344399009611148,44.75384803884663,193.22700062091462,1,1,excluded,r_hat_max 1.427 > 1.1; n_eff_min 6.9 < 16.0,1.4265476053811972,1.0219812891447082,0.6748768472906403,6.875037596982099,0,63.0,1.2545205618313198,11.953043178752571,1.4265476053811972,6.875037596982099,1.1240108496345984,34.43155292243044,3.104527946829689,1.4675124344328743,0,0.8485628248955529,1.0,0.0,1.0,1.0,0.0,0.0,0.0,1.0,0.0,0.0,0.411054347496302,1.0,0.0,0.0,0.43110013672536057,0.4555932448506074,0.2909404144530902,0.0,0.0,1.0,1.0,0.832593116661027,0.0,0.0,0.0,1.0,0.06964490513103934,1.0,0.0,1.0,0.45062272631314587,0.0,0.15127289500448682,1.0,1.0,1.0,0.0,1.0,1.0,0.0,0.0,0.0,1.0,0.3575668210411156,0.0,1.0,0.0,0.0,0.0,1.0,1.0,0.0,0.0,0.0,1.0,0.21692565589136803,0.0,0.032424801251916435,1.0,0.0,1.0,0.629436869304784,1.0,1.0,0.0,1.0,1.0,1.0,0.0,0.0,1.0,0.0,0.0,0.13850853941583158,0.0,1.0,0.0,1.0,0.8022886211599665,0.0,1.0,0.0,0.0,1.0,0.0,1.0,0.0,0.0,0.0,1.0,1.0,0.0,1.0,0.0,0.0,1.0,1.0,1.0,1.0
124,product/amplitude,decoupled,4,4.150631084496072,3.9860372552501047,4.413522637055318,4.135710540576918,1.1048045791962897,-5.411367290006197,42.80107613396831,168.00433021294884,1,1,excluded,r_hat_max 1.465 > 1.1; n_eff_min 6.2 < 16.0,1.4645592226054214,1.0247441350988733,0.6600985221674877,6.163816497034988,0,63.0,1.3141645947576093,6.163816497034988,1.4645592226054214,6.4178480517105605,1.0825030055460423,24.765975361175155,3.1122537928764378,1.464092473696224,0,0.9011869611738729,1.0,0.0,0.0,1.0,0.0,0.23699834348758184,0.0,1.0,0.0,0.0,0.22906258731129295,0.9249179641966474,0.0,0.0,0.0,0.4804276602577682,0.315977681905215,0.0,0.0,1.0,1.0,1.0,0.0,0.24746840825103691,1.0,1.0,0.0,1.0,1.0,1.0,1.0,0.0,0.31481045903934085,1.0,0.7578945257655172,1.0,0.0,1.0,1.0,0.0,0.0,0.0,1.0,0.38972372265660943,0.0,0.0,0.0,0.0,0.0,1.0,0.925541341613113,0.0,0.0,0.0,1.0,0.0,1.0,0.0,1.0,1.0,1.0,1.0,0.0,1.0,0.0,1.0,1.0,1.0,0.31993476325935566,0.0,1.0,1.0,0.0,0.0,0.0,1.0,0.0,1.0,0.8057573214823575,0.0,1.0,0.0,0.0,1.0,0.0,1.0,0.34018053105246726,0.0,0.0,1.0,1.0,0.0,0.0,0.0,0.0,1.0,1.0,1.0,1.0
125,product/amplitude,decoupled,4,3.6050195728323584,3.739736682043035,4.413522637055318,4.135710540576918,1.1048045791962897,-4.862514481297607,45.39791427110322,179.48068662383594,1,1,excluded,r_hat_max 1.687 > 1.1; n_eff_min 5.4 < 16.0,1.686825697874088,1.0320445478826445,0.5911330049261084,5.373726653969729,0,63.0,1.686825697874088,5.373726653969729,1.4985337753097998,5.397354716494953,1.003530002401695,17.50561564802993,3.1205608112093945,1.4611553818831466,1,0.8629575326726947,1.0,0.0,0.8117496020947892,0.0,0.011343796347535894,0.0,0.0,1.0,0.0,0.0,0.43512154793806995,0.2899880692771231,0.0,0.0,0.21602482239655482,0.4614967960050913,0.3149193504164978,0.0,0.0,1.0,1.0,1.0,0.0,0.0,1.0,1.0,0.0,1.0,1.0,1.0,0.3979940911781775,0.0,0.7684814997560955,0.9702585894266739,1.0,1.0,1.0,1.0,0.0,0.0,0.0,0.0,1.0,0.4713290579258718,0.0674940308613836,0.0,1.0,0.0,0.0,1.0,0.0,0.0,1.0,0.0,1.0,0.0,0.594282172573199,0.0,1.0,1.0,1.0,1.0,1.0,0.0,1.0,0.08719789245559723,1.0,0.0,0.0,0.0,1.0,0.0,0.0,0.0,0.0,1.0,0.0,1.0,1.0,1.0,1.0,0.0,1.0,1.0,0.0,1.0,0.0,0.0,0.0,1.0,1.0,0.0,0.0,0.0,0.0,1.0,0.7703823747023354,1.0,1.0
126,product/amplitude,decoupled,4,3.330680450216491,3.3630031367144033,4.413522637055318,4.135710540576918,1.1048045791962897,-6.582872968567283,43.20018595713191,205.63908461411484,1,1,excluded,r_hat_max 1.368 > 1.1; n_eff_min 6.7 < 16.0,1.3681746048249155,1.0211999999342718,0.6305418719211823,6.665131614045845,0,63.0,1.3681746048249155,6.665131614045845,1.334853587661439,8.590582219404864,1.1749039908250745,21.977609470184923,3.124405722015926,1.4559803298692728,0,1.0,1.0,0.0,0.0,1.0,0.0,0.0,0.0,1.0,0.0,1.0,0.4143660986922448,0.8987068680811863,0.0,0.0,0.0,0.19544535123602327,1.0,0.03456666289583232,0.0,1.0,1.0,1.0,0.0,0.0,0.056482121205029545,1.0,0.0,1.0,1.0,1.0,0.2683355240924824,0.0,0.2882048976653166,0.9147576080740992,1.0,1.0,0.0,1.0,1.0,0.0,0.0,0.0,0.4597876965487963,1.0,0.0,0.0,0.0,0.0,0.0,1.0,1.0,0.0,0.0,0.0,1.0,1.0,1.0,0.0,1.0,0.9262513820303819,1.0,1.0,0.0,0.0,0.0,1.0,1.0,1.0,0.0,0.0,1.0,1.0,0.0,0.0,0.0,1.0,0.0,1.0,1.0,0.0,1.0,0.0,0.0,1.0,0.0,1.0,0.31887759272126653,0.0,0.0,1.0,1.0,0.0,0.0,0.0,0.0,1.0,1.0,1.0,1.0
127,product/amplitude,decoupled,4,3.983719305972655,4.040408990271445,4.413522637055318,4.135710540576918,1.1048045791962897,-5.678650094018602,46.669487684965134,177.39659208105877,1,1,excluded,r_hat_max 1.403 > 1.1; n_eff_min 6.6 < 16.0,1.4028358017989713,1.0280225197933863,0.6059113300492611,6.623334310653115,0,63.0,1.3714812369623908,7.70411192855226,1.4028358017989713,6.623334310653115,1.0767140572686316,24.778875169201235,3.1260299324741982,1.4503513912306354,0,1.0,1.0,0.0,1.0,1.0,0.0,1.0,0.0,1.0,0.0,0.0,0.0,0.9357793816509159,0.0,0.0,0.0,0.47111673774841545,0.2294421263582573,0.0,0.0,1.0,0.9177427704545988,0.8608554573856075,0.0,0.0,1.0,1.0,0.0,1.0,0.0,1.0,1.0,0.0,0.0,1.0,1.0,1.0,0.0,1.0,1.0,0.0,0.0,0.0,1.0,0.4749079728825566,0.0,1.0,0.0,0.0,0.25730920698032206,1.0,1.0,0.0,1.0,0.0,1.0,0.0,0.0,0.0,1.0,0.0,1.0,0.992043405506855,1.0,1.0,0.0,1.0,1.0,0.0,0.0,0.0,1.0,0.0,0.0,0.0,0.0,1.0,0.0,1.0,0.8019437853703238,0.0,1.0,0.0,0.0,1.0,0.0,1.0,0.254782467215392,0.0,0.0,1.0,1.0,0.3220872087494783,1.0,0.0,0.0,1.0,1.0,1.0,0.9753548232510499
128,product/amplitude,decoupled,4,4.043846797166446,4.118502081117796,4.413522637055318,4.135710540576918,1.1048045791962897,-5.975368227281731,41.004799829097465,222.37845231895335,1,1,excluded,r_hat_max 1.380 > 1.1; n_eff_min 7.8 < 16.0,1.3804777925242748,1.0304801216023154,0.6108374384236454,7.811298602808769,0,63.0,1.3402825419881959,7.9998858384336655,1.3804777925242748,7.811298602808769,1.0172040503540871,80.998236210473,3.1327306307046547,1.4466470312183697,0,1.0,1.0,0.0,0.0,1.0,0.0,0.31705144522179624,0.0,1.0,0.0,0.0,0.12125262459980317,0.9199552740041329,0.0,0.0,0.0,0.4522084906185274,0.25439417945727627,0.0,0.0,1.0,1.0,1.0,0.0,1.0,1.0,1.0,0.0,1.0,1.0,1.0,1.0,0.0,0.2902334151897527,1.0,1.0,1.0,0.0,1.0,1.0,0.4351790488698929,0.0,0.0,1.0,0.0,0.0,0.0,0.0,0.3104397339528537,0.0,1.0,1.0,0.0,0.0,1.0,1.0,0.0,1.0,0.0,1.0,1.0,1.0,1.0,1.0,0.0,0.0,1.0,1.0,1.0,0.0,1.0,1.0,1.0,0.0,0.0,0.0,1.0,0.0,1.0,0.8447487943316991,0.0,1.0,0.0,0.0,1.0,0.0,1.0,0.24974382271377965,0.0,0.0,1.0,1.0,0.2282560274848418,0.0,0.0,0.0,1.0,1.0,1.0,1.0
129,product/amplitude,decoupled,4,4.093856788935107,4.062797638121472,4.413522637055318,4.135710540576918,1.1048045791962897,-5.087448336893026,48.706233317032456,213.12600720394403,1,1,excluded,r_hat_max 1.418 > 1.1; n_eff_min 6.4 < 16.0,1.4177524117539029,1.02276717793208,0.645320197044335,6.4448074420409736,0,63.0,1.4177524117539029,6.4448074420409736,1.340921904521379,7.435760271458869,1.0548571312612842,70.89529941447225,3.1397935467237383,1.4432427810913737,0,0.9181287628699158,1.0,0.0,1.0,1.0,0.04328448583083884,0.0,0.0,1.0,0.0,0.0,0.4083568065204803,1.0,0.0,0.0,0.0,0.4518351908645821,0.36257450013444054,0.0,0.0,1.0,1.0,1.0,0.0,1.0,1.0,1.0,0.0,1.0,1.0,1.0,0.6640838210448319,0.0,0.04137794257906527,0.9611533457189572,1.0,1.0,0.0,1.0,0.0,0.0,0.0,0.0,1.0,0.32938155291593424,0.0,1.0,0.0,0.0,0.0,0.9427909366147322,1.0,0.0,0.0,0.0,1.0,0.1842041918062986,1.0,0.0,1.0,1.0,1.0,1.0,0.0,1.0,0.0,1.0,1.0,1.0,0.0,0.0,1.0,1.0,0.0,0.0,0.0,1.0,0.0,1.0,0.8032488101243859,0.0,1.0,0.0,0.0,1.0,0.0,1.0,0.3714696296761469,0.0,0.0,1.0,1.0,0.0,1.0,0.2596296162376556,0.0,1.0,1.0,1.0,1.0
130,product/amplitude,decoupled,4,3.7489546104878513,3.817631274882557,4.413522637055318,4.135710540576918,1.1048045791962897,-7.0078507111278725,47.879158220021054,211.25351326004602,1,1,excluded,r_hat_max 1.485 > 1.1; n_eff_min 6.5 < 16.0,1.4845893604066085,1.0285749966829756,0.5812807881773399,6.464941524884698,0,63.0,1.3290567740351953,8.456972336146007,1.4845893604066085,6.464941524884698,1.003329402083732,39.11650582850208,3.147132494740749,1.4400954813345754,0,0.7902222894634515,1.0,0.0,1.0,1.0,0.0,0.0,0.0,1.0,0.0,0.0,1.0,0.940921700988,0.0,0.0,0.0,0.5125175531437425,0.24528714336681529,0.0,0.0,1.0,1.0,1.0,0.0,0.0,1.0,1.0,0.0,1.0,0.0,1.0,1.0,0.0,0.716041136064257,1.0,1.0,1.0,0.0,1.0,1.0,0.0,0.0,0.0,1.0,0.31342851224813767,0.0,1.0,0.0,0.0,0.0,1.0,1.0,0.0,1.0,1.0,1.0,0.0,0.0,0.0,1.0,0.0,1.0,1.0,0.0,0.0,0.0,1.0,1.0,1.0,0.0,0.0,1.0,0.0,0.0,0.0,0.0,1.0,0.0,1.0,1.0,0.0,1.0,0.0,0.0,1.0,0.0,1.0,0.2618910503320773,0.0,0.0,1.0,1.0,0.0,1.0,0.0,0.0,1.0,1.0,1.0,1.0
131,product/amplitude,decoupled,4,4.125791340239313,4.121707946809218,4.413522637055318,4.135710540576918,1.1048045791962897,-7.107002926402753,50.130613984074444,202.43885567085817,1,1,excluded,r_hat_max 1.712 > 1.1; n_eff_min 5.7 < 16.0,1.7118515539289356,1.0406214111843763,0.5320197044334976,5.658065291755238,0,63.0,1.3427201923606586,7.254350585912493,1.7118515539289356,5.658065291755238,1.0021991009191158,35.51205893926548,3.1517265566930166,1.435544353617894,0,1.0,1.0,0.0,0.0,0.9571300170986824,0.0,0.2364209452953817,0.0,1.0,0.0,1.0,0.0,1.0,0.0,0.0,0.0,0.44826559666492555,0.0,0.0,0.0,1.0,1.0,1.0,0.0,0.0,0.17984571576587519,1.0,0.0,1.0,1.0,1.0,0.8536134289430019,0.0,0.8158873308718889,1.0,0.0,1.0,0.0,1.0,1.0,0.0,0.0,0.0,1.0,0.0,0.0,0.0,0.0,0.0,0.0,1.0,1.0,0.0,0.0,1.0,1.0,0.0,1.0,0.0,1.0,1.0,1.0,1.0,1.0,1.0,0.0,1.0,1.0,1.0,0.27269601860485904,0.0,1.0,0.09604548635408523,0.0,0.0,0.0,1.0,0.0,1.0,0.8057089659531989,0.0,1.0,0.0,0.0,1.0,0.0,1.0,0.2243709632473401,0.0,0.0,1.0,1.0,0.0,0.0,0.0,0.0,1.0,1.0,1.0,1.0
132,product/amplitude,decoupled,4,1.3947804208497674,1.4111565744056858,4.413522637055318,4.135710540576918,1.1048045791962897,-6.300858925352149,47.70255184802227,254.95027258712798,1,1,excluded,r_hat_max 1.558 > 1.1; n_eff_min 5.1 < 16.0,1.5575550922029984,1.0227511411839532,0.6600985221674877,5.144005462475579,0,63.0,1.5072416422677162,6.558193007876037,1.5575550922029984,5.144005462475579,1.0717740956389439,40.9345875039096,3.1591058353562462,1.4325882191747779,0,1.0,1.0,0.0,0.0,1.0,1.0,0.0,0.0,1.0,0.0,0.7572151033381052,0.3023942288841868,1.0,0.0,0.0,0.0,0.45359533938218083,0.0,0.0,0.0,1.0,0.8868553330944011,1.0,1.0,0.0,0.09817320423894023,1.0,1.0,0.0,1.0,1.0,0.58587879685396,1.0,0.22420041900522347,0.8663645311547253,0.0,0.0,0.0,1.0,0.16251712375328875,0.0,0.0,0.0,0.0,0.35087477421364305,0.0,1.0,0.0,0.0,0.0,1.0,1.0,0.0,0.4759899669826528,0.0,1.0,0.0,1.0,0.0,1.0,1.0,1.0,0.0,0.0,1.0,0.0,1.0,1.0,1.0,0.0,0.0,0.0,1.0,0.0,0.0,0.0,1.0,1.0,1.0,0.0,0.0,1.0,0.0,0.0,1.0,0.0,1.0,0.22841654710510179,1.0,0.0,1.0,1.0,0.0,0.0,0.0,0.0,1.0,0.0,0.0,1.0
133,product/amplitude,decoupled,4,4.168158334797737,4.1197315770305645,4.413522637055318,4.135710540576918,1.1048045791962897,-6.965179950225851,50.37305531511083,254.88161203311756,1,1,excluded,r_hat_max 1.381 > 1.1; n_eff_min 8.1 < 16.0,1.3807414933544304,1.0188561015804767,0.7487684729064039,8.129503145724303,0,63.0,1.2057480772260425,9.312687365704939,1.3807414933544304,8.129503145724303,1.0011731589639097,153.33712305939798,3.145840230735897,1.43530727652411,0,1.0,1.0,0.0,0.0,1.0,0.0,0.17422734708452342,0.0,1.0,0.0,0.0,0.510948880150825,1.0,0.0,0.0,0.0,0.45131875198933746,0.25563215391024496,0.0,0.0,0.5881083868229686,0.8635139429437144,1.0,0.0,1.0,1.0,1.0,0.06648608462022929,1.0,1.0,1.0,0.6393114258600121,0.0,0.220369482491508,0.8037399613610984,0.8736829537500056,0.0,0.0,1.0,0.0,0.0,0.0,1.0,1.0,0.34207762121649093,0.0,0.0,0.0,0.0,0.2266507737474409,1.0,1.0,0.0,0.0,0.0,1.0,0.0,1.0,0.0,1.0,0.0,1.0,1.0,1.0,1.0,0.0,1.0,1.0,0.0,0.0,0.0,1.0,1.0,0.0,0.0,0.0,1.0,0.0,1.0,0.7995703309288061,0.0,1.0,0.0,0.0,1.0,0.0,0.0,0.2577124931125014,0.0,0.0,1.0,1.0,0.0,0.0,1.0,0.0,1.0,1.0,1.0,1.0
134,product/amplitude,decoupled,4,4.114360420990291,4.120565628974937,4.413522637055318,4.135710540576918,1.1048045791962897,-6.495444078368688,48.45151516911574,259.51344892499037,1,1,excluded,r_hat_max 1.645 > 1.1; n_eff_min 5.7 < 16.0,1.6447584801370174,1.0263814952355819,0.6502463054187192,5.729868773698864,0,63.0,1.6447584801370174,5.729868773698864,1.5066827850147029,6.59740424612008,1.058802907611968,44.55290610699539,3.1534694703184476,1.4326459261869118,0,1.0,1.0,0.0,0.0,1.0,0.0,0.0,0.0,1.0,0.0,0.0,0.2995445236580005,1.0,0.0,0.0,0.0,0.4505515143175909,0.5212956927838932,0.0,1.0,1.0,1.0,1.0,0.0,1.0,0.4049197463060436,1.0,0.0,1.0,1.0,1.0,1.0,0.0,0.0,0.8689483738043495,0.0,1.0,0.0,1.0,0.0,0.0,0.0,0.8935406745588446,1.0,0.0,0.0,0.0,0.0,0.0,0.2514420533456509,1.0,0.0,0.0,0.0,0.0,1.0,1.0,1.0,0.09968282455962013,1.0,0.0,1.0,1.0,1.0,1.0,0.0,1.0,1.0,0.0,0.0,0.0,1.0,1.0,0.0,0.0,0.0,1.0,0.0,1.0,0.835707609075503,0.0,1.0,0.0,0.0,1.0,0.0,0.0,0.31870670189328787,0.0,0.0,1.0,1.0,0.0,0.0,0.0,0.0,1.0,1.0,0.8980453687322131,1.0
135,product/amplitude,decoupled,4,4.1641827370733004,4.1189447683207225,4.413522637055318,4.135710540576918,1.1048045791962897,-4.936946064681459,50.63891842099838,217.03104753885418,1,1,excluded,r_hat_max 1.447 > 1.1; n_eff_min 6.2 < 16.0,1.4471889699269882,1.010010883469414,0.7733990147783252,6.197089192343606,0,63.0,1.4471889699269882,6.274022138159764,1.3308746661591604,6.197089192343606,1.0094846454565198,107.54336862324006,3.160587181064165,1.4297060950266611,0,1.0,1.0,0.0,0.0,1.0,0.0,0.0,0.0,1.0,0.0,0.0,0.4319029648545156,1.0,0.0,0.0,0.0,0.45190936016707534,0.2590716597856624,0.0,0.0,0.0,0.0,1.0,0.0,0.0,1.0,1.0,0.0,0.8489684495166762,1.0,1.0,0.8815919250160924,0.0,0.21309301170825107,0.9267030383191925,0.0,0.0,0.0,1.0,0.0,0.0,0.0,1.0,1.0,0.27650532780052917,0.0,0.0,0.0,0.0,0.21057383945190186,1.0,0.41832955728773363,0.0,0.0,0.0,1.0,1.0,1.0,0.00951724890674274,1.0,1.0,1.0,1.0,1.0,1.0,0.0,0.0,1.0,0.0,0.0,0.0,1.0,0.2061307507767951,0.0,1.0,0.0,1.0,0.22941747548169392,1.0,0.8380212006740654,0.0,1.0,0.0,0.0,1.0,0.0,0.0,0.23507211669378653,0.0,0.0,1.0,1.0,0.0,0.0,0.0,0.0,1.0,1.0,0.0,1.0
136,product/amplitude,decoupled,4,4.077929419179134,4.117373399823088,4.413522637055318,4.135710540576918,1.1048045791962897,-6.546797425983306,48.52824657200836,210.75043741613626,1,1,excluded,r_hat_max 1.859 > 1.1; n_eff_min 4.5 < 16.0,1.858686012968608,1.0362599325460977,0.6059113300492611,4.522759834963322,0,63.0,1.4505306812594267,6.290016320627643,1.858686012968608,4.522759834963322,1.0316170758625303,28.246824522508604,3.167966560152468,1.4270182639271207,0,0.9133800207179721,1.0,0.0,1.0,1.0,0.0,0.0,0.11176887574306808,1.0,0.0,0.0,0.4574020597187315,1.0,0.0,0.0,0.0,0.45290346802060116,0.2763271107069693,0.0,0.0,0.0,1.0,1.0,0.0,0.0,0.08158376280118529,1.0,0.0,1.0,1.0,1.0,0.890845057199661,0.0,0.12152738976184453,1.0,0.0,0.0,0.0,1.0,0.1425160428498687,0.0,0.0,1.0,0.0,0.0,0.0,0.0,0.0,0.0,0.0,1.0,1.0,0.1960779675684041,0.0,0.0,1.0,0.0,1.0,0.0,1.0,1.0,1.0,1.0,1.0,1.0,0.0,0.0,1.0,0.0,0.0,0.0,1.0,1.0,0.0,1.0,0.17748499914829566,1.0,0.0,0.7388371242162673,0.8199864644338007,0.0,1.0,0.0,0.0,0.9748562986460592,0.0,0.11679270379842796,0.289418038254475,0.2946284853698263,0.0,1.0,1.0,0.0,0.0,0.0,0.0,1.0,1.0,0.0,0.7593715202697344
137,product/amplitude,decoupled,4,3.9664338627165905,4.014287744523705,4.413522637055318,4.135710540576918,1.1048045791962897,-6.86688248012924,50.975028794957325,226.5811768558342,1,1,excluded,r_hat_max 1.596 > 1.1; n_eff_min 5.8 < 16.0,1.5963421062555905,1.024551740058196,0.6305418719211823,5.767921202918537,0,63.0,1.5963421062555905,5.767921202918537,1.5674436091653137,6.347820607417125,1.02785216140779,16.219722944344493,3.174608624816896,1.4239090367377003,0,1.0,1.0,0.0,0.0,1.0,0.08575003444603488,0.0,0.0,1.0,0.0,0.0,0.4292362426976885,0.9307069015812368,0.0,0.0,0.0,0.45372831003295283,0.2987735253187972,0.0,0.0,0.0,1.0,1.0,0.0,0.0,1.0,1.0,0.0,1.0,1.0,1.0,0.5937314639717955,0.0,0.0,1.0,0.0,0.0,0.0,1.0,0.27168246262384593,0.0,0.0,1.0,1.0,0.41945953731307484,0.0,0.0,0.0,0.0,0.17970126644536336,1.0,1.0,0.0,0.0,0.0,1.0,1.0,1.0,0.0,1.0,0.9132517481973219,0.8031195857198774,1.0,1.0,1.0,0.0,0.21302801817108585,1.0,0.0,0.0,0.0,1.0,0.06764840099270242,0.0,0.0,0.0,1.0,0.40047368259715077,1.0,0.8379379332088823,0.0,1.0,0.0,0.0,0.891505754302944,0.0,1.0,0.1787515317210714,0.0,0.0,1.0,1.0,0.0,0.0,0.0,0.0,1.0,1.0,0.0,1.0
138,product/amplitude,decoupled,4,3.2122760969758293,3.2967295241254697,4.413522637055318,4.135710540576918,1.1048045791962897,-6.662580895394594,48.704212012002245,224.8331209749449,1,1,excluded,r_hat_max 1.844 > 1.1; n_eff_min 5.6 < 16.0,1.8443333695448465,1.0245203309448436,0.6403940886699507,5.6338298442623636,0,63.0,1.2814069998456736,8.282746902494287,1.8443333695448465,5.6338298442623636,0.9989638142885758,36.51636537185967,3.1803464888596475,1.4203292771767886,0,0.9151492526950095,1.0,0.0,0.0,1.0,0.0,0.0,0.0,1.0,1.0,0.0,0.4077588126297323,0.8765619637417559,0.17265394110317783,0.0,0.0,0.0,0.2412568424309331,0.0,1.0,1.0,0.0,1.0,1.0,0.0,0.08526815589523448,1.0,1.0,0.0,1.0,1.0,0.5689016897617095,0.0,0.2873677851198398,1.0,0.0,0.5269871784058859,0.0,0.0,0.0,0.0,0.0,0.0,1.0,0.4709364824006977,0.0,0.0,0.0,0.0,0.25585703858964853,1.0,0.0,0.0,1.0,0.0,1.0,0.0,1.0,0.0,1.0,1.0,1.0,1.0,0.0,1.0,1.0,1.0,1.0,0.2477125406898308,0.0,0.0,1.0,0.0,0.0,0.0,0.0,1.0,0.0,1.0,0.8343700419253207,0.0,1.0,0.0,0.0,1.0,0.0,0.0,0.24412593682941286,1.0,1.0,1.0,1.0,0.0,1.0,1.0,0.0,1.0,1.0,1.0,1.0
139,product/amplitude,decoupled,4,3.8193353534311587,3.9534509868811782,4.413522637055318,4.135710540576918,1.1048045791962897,-5.747259185674969,50.783341933973134,302.4485406901222,1,1,excluded,r_hat_max 1.725 > 1.1; n_eff_min 4.9 < 16.0,1.7246418320430081,1.0242313094659548,0.6600985221674877,4.916642528299725,0,63.0,1.4059850073706204,7.685123298851767,1.7246418320430081,4.916642528299725,1.047991275458151,37.99916384697622,3.180576198270555,1.4152135295045967,0,0.8958550399222481,1.0,0.0,0.0,1.0,0.0,0.7400277491190712,0.0,1.0,0.0,0.0,0.36540391268934796,1.0,1.0,0.0,0.0,0.4554485414234193,0.0,0.0,0.0,1.0,0.7006450167019606,1.0,0.0,1.0,0.44841773515987876,1.0,0.0,1.0,1.0,1.0,0.8824265406889598,0.0,0.24351853114670138,1.0,1.0,0.0,0.0,1.0,0.11858195442963237,0.0,0.0,0.0,1.0,0.353233431905182,0.2472964813207195,0.0,0.0,0.04875272280862148,0.0,1.0,0.42056764955174075,0.0,0.0,0.0,1.0,0.1484969081712596,1.0,0.0,1.0,0.0,1.0,1.0,1.0,1.0,0.0,1.0,1.0,0.0,0.0,0.0,1.0,0.0,0.0,0.0,0.0,1.0,0.01271854433989289,1.0,0.8251804171241891,0.0,1.0,0.0,0.0,1.0,0.0,0.0,0.25630765299546077,0.0,0.0,1.0,1.0,0.0972879957015671,0.0,1.0,0.0,1.0,1.0,0.9466395519010348,1.0
140,product/amplitude,decoupled,4,4.05394238607582,4.115459616418863,4.413522637055318,4.135710540576918,1.1048045791962897,-6.453143491628327,48.903331433888525,284.60147531097755,1,1,excluded,r_hat_max 1.433 > 1.1; n_eff_min 6.4 < 16.0,1.4330786792512689,1.0199859544988341,0.6403940886699507,6.438203739079527,0,63.0,1.4330786792512689,6.438203739079527,1.3303464222962578,8.363187812785812,1.0109942916457144,53.93372424597164,3.1851387636645594,1.4111757416039201,0,1.0,1.0,0.0,0.0,1.0,0.0,0.0,0.0,1.0,0.0,1.0,0.46494421085814736,1.0,0.0,0.0,0.0,0.45392777836045595,0.23866566176570211,0.0,0.0,1.0,0.8571694039162869,1.0,0.0,0.0,0.0,1.0,0.0,1.0,1.0,0.5383108249689675,0.5790258969124966,0.0,0.28229304998901417,0.9289201127040384,1.0,0.5772334863955965,0.0,1.0,1.0,0.0,0.0,0.0,1.0,0.0,0.0,0.0,0.0,0.0,0.0,0.9939368220509777,1.0,0.0,1.0,1.0,1.0,0.0,1.0,0.0,1.0,1.0,1.0,1.0,0.0,1.0,0.0,1.0,1.0,1.0,0.0,0.0,1.0,1.0,0.0,0.0,0.16740192201914078,1.0,0.29154561898135867,1.0,0.8445706935278563,0.0,1.0,0.0,0.0,1.0,0.0,0.02626918214326213,0.2218346502892166,1.0,0.0,1.0,1.0,0.0,1.0,0.0,0.0,1.0,1.0,1.0,1.0
141,product/amplitude,decoupled,4,4.024055349072303,4.119916324531139,4.413522637055318,4.135710540576918,1.1048045791962897,-6.208607890954162,51.479762587929145,263.6626276210882,1,1,excluded,r_hat_max 1.378 > 1.1; n_eff_min 7.0 < 16.0,1.3784681219932566,1.0139273055007947,0.7044334975369458,6.975059978714071,0,63.0,1.3592691320930403,8.934290102602464,1.3784681219932566,6.975059978714071,1.005761257596283,37.66856174979045,3.191300491483079,1.4080514243501894,0,1.0,1.0,0.0,1.0,1.0,0.0,0.0,0.0,1.0,0.0,0.0,0.5227882482442338,0.899180401385902,0.0,0.0,0.0,0.4511648643943711,0.31114257235655196,0.0,0.0,1.0,1.0,1.0,0.0,0.0,1.0,0.0,0.0,0.0,1.0,1.0,0.5664305793896531,0.0,0.0,1.0,0.0,1.0,0.0,1.0,1.0,0.0,0.0,0.9129611180398026,1.0,0.4403933280966268,0.0,0.9083574979890996,0.0,0.0,0.3584945894812914,1.0,0.0,0.0,0.0,1.0,1.0,0.0,1.0,0.0,1.0,1.0,1.0,1.0,0.24348171526637372,0.0,0.0,1.0,1.0,0.0,0.0,0.0,1.0,1.0,0.0,0.0,0.0,1.0,0.0,1.0,0.7936904114692168,0.0,1.0,0.0,0.0,1.0,0.0,1.0,0.2026678740013516,0.0,0.0,1.0,1.0,0.0,0.0,0.0,0.0,1.0,1.0,1.0,0.9579416287228361
142,product/amplitude,decoupled,4,4.266466852607266,4.1170753362018555,4.413522637055318,4.135710540576918,1.1048045791962897,-7.926656366932887,49.61983133200556,278.32752606715076,1,1,excluded,r_hat_max 1.427 > 1.1; n_eff_min 5.9 < 16.0,1.4269101252359229,1.0195531545998116,0.6403940886699507,5.92625139502205,0,63.0,1.4269101252359229,5.92625139502205,1.3723670096906277,6.638437031719339,1.015026621780169,66.92992518802725,3.197164962311172,1.4048117504730284,0,1.0,1.0,0.0,1.0,1.0,0.0,0.0,0.4381684753843833,1.0,0.0,0.0,0.7571293192489738,0.0,0.0,0.0,0.313487307673534,0.45307442553904675,0.2317409409006735,0.0,0.0,1.0,0.0,1.0,0.0,0.0,0.0,1.0,0.0,1.0,0.0,1.0,0.5321360892995602,0.0,1.0,0.8726160605289119,1.0,1.0,1.0,1.0,0.0,0.0,0.0,0.0,1.0,0.0,0.0,0.0,0.0,0.0,0.26950578198280056,1.0,1.0,0.0,1.0,0.0,1.0,0.0,1.0,0.0,1.0,1.0,1.0,1.0,1.0,1.0,0.0,1.0,1.0,1.0,0.34332545490920136,0.0,1.0,0.0,0.0,0.0,0.0,1.0,0.0,1.0,0.8053827507643705,0.0,1.0,0.0,0.0,1.0,0.0,1.0,0.0,0.0,0.0,0.9590089397487315,1.0,0.0,0.0,0.36424897132762774,0.0,1.0,1.0,0.917912512327624,0.8677433147300568
143,product/amplitude,decoupled,4,4.058410450293529,4.121144504961019,4.413522637055318,4.135710540576918,1.1048045791962897,-6.3180222600876945,51.45097092888318,239.68301273602992,1,1,excluded,r_hat_max 2.034 > 1.1; n_eff_min 4.7 < 16.0,2.03425690479317,1.0249734766743686,0.5911330049261084,4.6651372340847415,0,63.0,1.5462343187279124,5.050820171008823,2.03425690479317,4.6651372340847415,1.0192081953841976,74.20983891854688,3.2046425979076485,1.4027242485260873,0,0.8967365625174866,1.0,0.0,1.0,1.0,0.0,0.0,0.1135909723447889,1.0,0.0,0.0,1.0,0.8775717888438241,0.0,0.0,0.0,0.44982991076247936,0.3297870802894599,0.0,1.0,1.0,0.0,1.0,0.0,0.0,0.0,1.0,0.0,1.0,1.0,1.0,0.8304333042289408,0.0,1.0,1.0,1.0,1.0,1.0,1.0,1.0,0.0,0.0,0.6184050381361395,1.0,0.3379724948034496,0.0,0.0,0.0,1.0,1.0,1.0,1.0,0.18197097909583076,1.0,0.0,0.8819821749528926,0.0,1.0,0.0,1.0,0.0,1.0,1.0,1.0,1.0,0.0,1.0,1.0,1.0,0.3748558216805122,0.0,1.0,1.0,0.0,0.0,0.0,1.0,0.0015476788100883738,1.0,0.0,0.0,1.0,0.0,0.0,1.0,0.0,1.0,0.0,0.0,0.0,1.0,1.0,0.0236183435001052,1.0,0.3602539916662105,0.0,0.6106040531825802,1.0,0.9451252075211125,1.0
144,product/amplitude,decoupled,4,4.211679125988496,4.117854657604924,4.413522637055318,4.135710540576918,1.1048045791962897,-6.254648431160524,46.51698275888339,224.58000844507478,1,1,excluded,r_hat_max 1.422 > 1.1; n_eff_min 6.8 < 16.0,1.4218219422879503,1.0276504661039354,0.625615763546798,6.831547483702684,0,63.0,1.3732393256873918,9.24055606645337,1.4218219422879503,6.831547483702684,1.0935381664669925,44.03583487567046,3.210571541326995,1.3996420871688686,0,0.9279822746716848,1.0,0.0,0.0,1.0,0.0,0.0,0.0,1.0,0.0,0.0,0.5596290321867136,1.0,0.0,0.0,0.0,0.4526170255458248,0.26108634090975946,0.0,0.0,1.0,0.0,1.0,0.0,0.0,0.0,0.0,0.06489278454472486,1.0,0.0,1.0,0.6263123811434989,0.0,1.0,1.0,0.0,1.0,1.0,1.0,1.0,0.0,0.0,0.0,1.0,0.25961983765528196,0.0,0.0,0.0,0.0,0.2536001422037829,1.0,0.9236292805189803,0.0,1.0,0.0,1.0,0.0,1.0,0.0,1.0,1.0,1.0,1.0,0.0,1.0,0.0,1.0,0.6450464564440661,1.0,0.0,0.0,1.0,0.0,0.0,0.0,0.0,1.0,0.0,1.0,0.8125502538220081,0.0,1.0,0.0,0.0,1.0,0.0,1.0,0.14469085841320495,0.0,0.0,0.9624097816659744,1.0,0.09641890669524145,0.0,0.0,0.0,1.0,1.0,0.0,1.0
145,product/amplitude,decoupled,4,4.1840995835975505,4.120819460699767,4.413522637055318,4.135710540576918,1.1048045791962897,-7.082745056194472,52.14587988797575,279.60427619190887,1,1,excluded,r_hat_max 1.694 > 1.1; n_eff_min 5.2 < 16.0,1.6937439334580637,1.0404368485164706,0.5763546798029556,5.24433905279501,0,63.0,1.377601414698157,7.012972569412427,1.6937439334580637,5.24433905279501,1.0930840245216513,23.26224266290612,3.21747573156604,1.3972658339425756,0,1.0,0.9243090308416309,0.0,0.0,1.0,0.0,0.2030113743069297,0.0,1.0,0.0,0.0,0.2571139366625026,1.0,0.0,0.0,0.0,0.4502654553001651,0.4162827522744996,0.009505720326099133,0.0,1.0,0.0,1.0,0.0,0.0,0.08008362483567961,0.0,0.0,1.0,0.0,1.0,0.8270281572150295,0.0,0.3109434400408006,0.8735521093217511,0.0,1.0,1.0,1.0,0.0,0.0,0.0,0.0,1.0,0.28558501203445286,0.0,0.0,0.0,0.0,0.0,1.0,1.0,0.0,1.0,0.0,1.0,1.0,1.0,0.0,1.0,1.0,1.0,1.0,0.0,1.0,0.0,1.0,1.0,1.0,0.0,0.0,1.0,1.0,0.0,0.0,0.0,1.0,0.0,1.0,0.8111136895343458,0.0,1.0,0.0,0.0,1.0,0.0,1.0,0.0,0.0,0.0,1.0,1.0,0.14052247206686866,0.0,0.38830041204009963,0.0,1.0,1.0,0.0,1.0
146,product/amplitude,decoupled,4,4.173056708729376,4.1147866460686675,4.413522637055318,4.135710540576918,1.1048045791962897,-6.194197567987473,49.632732847938314,265.88661157898605,1,1,excluded,r_hat_max 1.452 > 1.1; n_eff_min 6.9 < 16.0,1.4524002817075357,1.0345107704514516,0.6108374384236454,6.8956553014541795,0,63.0,1.416481236205469,7.316873065352255,1.4524002817075357,6.8956553014541795,1.0624265365886965,19.78148381477852,3.2240964428813244,1.394752824583496,0,1.0,1.0,0.0,1.0,1.0,0.0,0.2497431375383807,0.0,1.0,0.0,0.0,0.30589711166113687,0.0,0.0,0.0,0.4779962847854296,0.45425250653687776,0.260220889031431,0.0,0.0,1.0,0.0,1.0,0.0,0.0,0.08509646782198566,0.6757023336511114,0.0,1.0,1.0,1.0,0.40388081464671677,0.0,1.0,0.8065792133237264,0.7765885798826622,1.0,1.0,1.0,0.0,0.0,0.0,0.0,1.0,0.4721409206363331,0.0,0.0,0.0,0.0,0.31003436407766294,1.0,1.0,0.0,1.0,0.0,1.0,0.0,1.0,0.0,1.0,1.0,1.0,1.0,0.0,1.0,0.0,1.0,1.0,1.0,0.35898478909460924,0.0,1.0,0.0,0.0,1.0,0.0,1.0,0.0,1.0,0.8172946748865126,0.0,1.0,0.0,0.0002480126899209571,1.0,0.0,0.0,0.2552981761894696,0.0,0.0,0.6819959045333795,1.0,0.0,0.0,0.0,0.0,1.0,1.0,0.9170892131128033,1.0
147,product/amplitude,decoupled,4,4.1519898401505255,4.110532731851189,4.413522637055318,4.135710540576918,1.1048045791962897,-6.956615849547461,57.766891916049644,270.4944280141499,1,1,excluded,r_hat_max 1.429 > 1.1; n_eff_min 7.4 < 16.0,1.4286279040956738,1.0173366495325757,0.6896551724137931,7.448488108162397,0,63.0,1.4286279040956738,7.448488108162397,1.378276548710914,8.399856957965143,1.136113336078206,17.8639917873783,3.230551954893896,1.3921875656716338,0,0.8936331728741819,1.0,0.24753435150637146,0.0,1.0,0.0,0.17168641364624992,0.0,1.0,0.0,0.0,0.24703119027019815,0.0,0.0,0.0,0.6276887715641501,0.4560246628351418,0.3357486134728324,0.0,0.8491961626270018,0.5927150171833627,0.0,1.0,0.0,0.0,0.08760931551346918,0.0,0.0,1.0,1.0,1.0,0.431634272599731,0.0,0.0,1.0,0.8724790966798204,1.0,1.0,1.0,0.0,0.0,0.0,0.0,1.0,0.0,0.0,0.0,0.0,0.0,0.3254788050288258,1.0,1.0,0.0,1.0,0.0,1.0,1.0,1.0,0.0,1.0,1.0,1.0,1.0,0.0,1.0,0.0,1.0,1.0,1.0,0.0,0.0,1.0,0.0,0.0,1.0,0.0,1.0,0.0,1.0,1.0,0.0,1.0,0.0,0.0,1.0,0.0,0.0,0.2644252326735763,0.0,0.0,1.0,1.0,0.0,0.08952939604765804,0.0,0.0,1.0,1.0,0.0,1.0
148,product/amplitude,decoupled,4,4.14461851946898,4.095251083051947,4.413522637055318,4.135710540576918,1.1048045791962897,-7.204844993828505,49.546231960179284,253.867162640905,1,1,excluded,r_hat_max 1.559 > 1.1; n_eff_min 5.7 < 16.0,1.559179737050873,1.0256932340347937,0.6305418719211823,5.72984218103033,0,63.0,1.289838283197985,9.359879361898976,1.559179737050873,5.72984218103033,1.0753871381812736,20.36493432254637,3.2367778865510353,1.3895281257539265,0,1.0,1.0,0.0,0.0,1.0,0.0,0.2071514955332418,0.0,0.8961865736317185,0.0,0.0,1.0,0.8951572266062289,0.0,0.0,0.0,0.4515690578714526,1.0,0.0,0.0,1.0,1.0,1.0,0.0,0.0,0.08512221998675598,1.0,0.06686354171684575,1.0,1.0,0.5130298147818316,0.2223575630631653,0.0,1.0,1.0,1.0,1.0,0.0,1.0,1.0,0.0,0.0,0.0,1.0,0.0,0.0,0.0,0.11789983179870722,0.0,0.2515009969139482,1.0,0.9266231191487821,0.0,1.0,0.0,1.0,0.0,1.0,0.0,1.0,1.0,1.0,1.0,0.0,1.0,0.0,1.0,0.6573913856582165,1.0,0.0,0.0,1.0,1.0,0.0,1.0,0.0,1.0,0.0,1.0,0.8034214942782937,0.0,1.0,0.0,0.0,1.0,0.0,0.0,0.0,0.0,0.0,1.0,1.0,0.0,0.3196817277879401,0.0,0.0,1.0,1.0,1.0,0.8314838647772121
149,product/amplitude,decoupled,4,4.085063732200558,4.102963449908902,4.413522637055318,4.135710540576918,1.1048045791962897,-6.623308135992693,52.03188331006095,231.0455547880847,1,1,excluded,r_hat_max 1.620 > 1.1; n_eff_min 5.6 < 16.0,1.6198759327749321,1.030837889932063,0.6059113300492611,5.638188955449167,0,63.0,1.6198759327749321,5.638188955449167,1.582079408219854,5.963758982949728,1.0897987011750847,59.04409504989289,3.242870776704847,1.3868396989964786,0,1.0,1.0,0.0,0.0,1.0,0.0,0.0,0.0,1.0,0.0,0.0,0.427873323299538,0.0,0.0,0.0,0.3199842228532038,0.4463830881640086,0.541696538622577,0.0,0.0,1.0,0.0,1.0,0.0,0.0,0.0,0.0,0.03196041051651566,1.0,1.0,1.0,0.3302108834624136,0.0,1.0,1.0,0.7785318357102401,1.0,1.0,0.9941742847296334,0.0,0.0,0.0,0.0,1.0,0.0,0.0,0.0,0.0,0.0,0.2402179902025108,1.0,1.0,0.0,1.0,0.0,1.0,1.0,1.0,0.0,1.0,1.0,1.0,1.0,1.0,1.0,0.0,1.0,1.0,1.0,0.0,0.0,1.0,0.0,0.0,0.0,0.0,1.0,0.0,1.0,1.0,0.0,1.0,0.0,0.0,1.0,0.0,0.0,0.3141298334051697,0.0,0.0,1.0,1.0,0.09168454512000022,0.0,0.0,0.0,1.0,1.0,0.7164809978920953,1.0
150,product/amplitude,decoupled,4,4.078830404370099,4.103684249276708,4.413522637055318,4.135710540576918,1.1048045791962897,-7.280772647050457,50.33403690997511,279.3557062258478,1,1,excluded,r_hat_max 1.674 > 1.1; n_eff_min 5.1 < 16.0,1.6743444160310246,1.038547223270316,0.541871921182266,5.12086748042724,0,63.0,1.6743444160310246,5.12086748042724,1.5039475158936526,5.258224710835895,1.2991555285565355,8.275875585659177,3.2484853964081517,1.3839072431279695,1,1.0,1.0,0.0,1.0,1.0,0.0,0.17127369684373212,0.0,1.0,0.0,0.0,0.6703585239686164,0.9129755260628365,0.0,0.0,0.0,0.45827270724664493,0.2271365219587516,0.0,0.0,1.0,0.0,1.0,0.0,1.0,0.0,1.0,0.0,1.0,1.0,1.0,0.7425964254876317,0.0,1.0,0.8750203199242715,1.0,1.0,1.0,1.0,0.0,0.0,0.0,0.0,1.0,0.0,0.0,0.0,0.0,0.0,0.0,1.0,1.0,0.0,1.0,0.0,1.0,0.0,1.0,0.0,1.0,1.0,1.0,1.0,0.0,1.0,0.0,1.0,1.0,1.0,0.0,0.0,0.3055191502548324,0.0,0.0,1.0,0.0,1.0,0.0,1.0,0.8191988395882006,0.0,1.0,0.0,0.0,1.0,0.0,0.0,0.0,0.0,0.0,1.0,1.0,0.27141529291220884,0.0,0.0,0.0,1.0,1.0,1.0,0.6749974428309223
151,product/amplitude,decoupled,4,3.5558818447200404,3.5502291485324173,4.413522637055318,4.135710540576918,1.1048045791962897,-6.989554082488265,52.55304940114729,299.704994129017,1,1,excluded,r_hat_max 1.494 > 1.1; n_eff_min 5.8 < 16.0,1.4938834096187348,1.0260458547591351,0.625615763546798,5.792536171543561,0,63.0,1.308374646143974,11.541220687849178,1.4938834096187348,5.792536171543561,1.0370768551637348,28.237192332251695,3.2539843699708135,1.3809603996228679,0,1.0,1.0,0.0,1.0,1.0,0.0,0.1870243645898019,0.47016647242987786,1.0,0.0,0.0,0.7547729809867867,0.0,0.0,0.0,0.0,0.9180204595790505,0.24201530732113843,0.0,0.0,1.0,0.0,1.0,0.0,0.0,0.0,1.0,0.0,1.0,0.0,1.0,0.6644213199430631,0.0,0.299237059207476,1.0,1.0,1.0,1.0,1.0,0.0,0.0,0.0,0.16902996782077223,1.0,0.0,0.0,0.0,0.0,0.0,0.24029425277359676,1.0,1.0,0.0,1.0,0.0,1.0,0.0,1.0,0.0,1.0,1.0,1.0,1.0,1.0,1.0,0.0,1.0,1.0,1.0,0.0,0.011692639385026484,1.0,0.0,0.0,0.0,0.0,1.0,0.0,1.0,0.8011012049252407,0.0,1.0,0.0,0.0,1.0,0.0,1.0,0.23801493579258978,0.0,0.0,0.9998671139458867,1.0,0.09059138341265702,0.0,0.0,0.0,1.0,1.0,1.0,0.9199432382186034
152,product/amplitude,decoupled,4,4.14539750835994,4.099351560097938,4.413522637055318,4.135710540576918,1.1048045791962897,-5.4708111698706094,49.54260321194306,243.04952386487275,1,1,excluded,r_hat_max 1.462 > 1.1; n_eff_min 6.4 < 16.0,1.4615640795366336,1.0294222402626623,0.5812807881773399,6.442220963795874,0,63.0,1.4615640795366336,6.442220963795874,1.351445370320334,6.54463788654034,1.2435974908154648,11.823716863247194,3.2559705375678476,1.3766266404421048,0,1.0,1.0,0.0,1.0,1.0,0.0,0.17061532912768032,0.0,1.0,0.0,0.0,0.4117677827909146,0.8574337017634309,0.0,0.0,0.0,0.45648050944825785,0.2130117859959643,0.0,0.0,1.0,1.0,1.0,0.0,0.0,0.09740915043367641,1.0,0.0,1.0,1.0,1.0,0.42740638974612877,0.0,0.3231508439985127,1.0,1.0,1.0,1.0,1.0,0.0,0.0,0.0,0.0,1.0,0.0,0.049959220784704536,0.0,0.0,0.0,0.23324454260135946,1.0,1.0,0.0,1.0,0.0,1.0,0.0,1.0,0.0,1.0,1.0,1.0,1.0,1.0,1.0,0.0,1.0,1.0,1.0,0.0,0.0,1.0,1.0,0.07897981030704875,0.0,0.5044986289652913,1.0,0.0,1.0,0.810943401032864,0.0,1.0,0.0,0.0,1.0,0.0,1.0,0.15240441823537426,0.0,0.0,0.7944667497420372,1.0,0.0,0.5024422623213155,0.0,0.0,1.0,1.0,0.9130218784933882,1.0
153,product/amplitude,decoupled,4,4.04053706425228,4.111645218965758,4.413522637055318,4.135710540576918,1.1048045791962897,-7.890478574839829,52.942712652962655,226.3335955340881,1,1,excluded,r_hat_max 1.548 > 1.1; n_eff_min 6.5 < 16.0,1.5484767297954372,1.0188807170283032,0.6896551724137931,6.52903581319773,0,63.0,1.3911840633058856,7.201422890006471,1.5484767297954372,6.52903581319773,1.039458598733396,29.327134068551892,3.2617837857429595,1.3739910089212268,0,0.9513018934860403,1.0,0.0,0.0,0.0,0.0,0.14293940747920514,0.0,1.0,0.0,0.0,0.45699286785920684,1.0,0.0,0.0,0.0,0.45559876040559316,1.0,0.0,0.0,1.0,0.0,0.8092787932928696,0.0,0.12633130000866327,0.0,0.0,0.05816160437741057,1.0,0.0,1.0,0.39794873426298927,0.0,0.3902412599089743,1.0,0.0,1.0,1.0,1.0,0.07409074692542708,0.0,0.0,0.0,1.0,0.0,0.0,0.0,0.0,0.0,0.28314293166695315,1.0,1.0,0.0,1.0,0.0,1.0,1.0,1.0,0.0,1.0,1.0,1.0,1.0,0.0,1.0,0.0,1.0,1.0,0.7055803004921163,0.3662711337664358,0.0,1.0,1.0,0.0,0.0,0.0,1.0,0.0,1.0,0.8395640886616049,0.0,1.0,0.0,0.0,1.0,0.0,1.0,0.23020381004542434,0.0,0.0,1.0,1.0,0.0,0.0,0.0,0.0,1.0,1.0,0.04374447391937614,1.0
154,product/amplitude,decoupled,4,4.152436113168032,4.108588133799366,4.413522637055318,4.135710540576918,1.1048045791962897,-7.26726240979154,51.080551360035315,270.4547594639007,1,1,excluded,r_hat_max 1.301 > 1.1; n_eff_min 6.8 < 16.0,1.3006393237076022,1.0225321340683042,0.6650246305418719,6.798159003599694,0,63.0,1.2959598425393113,10.181122433309795,1.3006393237076022,6.798159003599694,1.0006682761522734,55.877890803296744,3.2668406252137996,1.3709503917576666,0,1.0,1.0,1.0,0.0,1.0,0.0,0.0,0.0,1.0,0.0,0.706571708565353,0.36033540861876157,1.0,0.0,0.0,0.17041403037843764,0.4567206272891011,0.0,0.0,0.3764177890336057,1.0,1.0,1.0,0.04481924712432521,0.0,1.0,1.0,0.0,0.5157402691061909,1.0,1.0,0.6045739507645164,0.0,1.0,0.8382847879929751,0.7662249037852658,1.0,1.0,1.0,0.0,0.0,0.0,0.0,0.0,0.020790063895974306,0.0,0.0,0.0,0.0,0.2433574194861655,1.0,1.0,0.0,1.0,0.9914175854861981,1.0,0.0,1.0,0.15584326835941817,1.0,1.0,1.0,1.0,1.0,1.0,0.0,1.0,0.5475406937867429,1.0,0.0,0.0,1.0,0.0,0.0,0.0,0.0,1.0,0.0,1.0,0.850459538811381,0.0,1.0,0.0,0.0,1.0,0.0,1.0,0.0,0.0,0.0,1.0,1.0,0.0,0.0,0.2427328614021,0.0,1.0,1.0,0.9943407523574752,0.8292238788479692
155,product/amplitude,decoupled,4,3.952678753175574,4.120423147583171,4.413522637055318,4.135710540576918,1.1048045791962897,-7.450931249426512,53.045299659948796,319.1077061770484,1,1,excluded,r_hat_max 1.413 > 1.1; n_eff_min 6.7 < 16.0,1.413399511749412,1.0356600793832125,0.5911330049261084,6.697287230346829,0,63.0,1.413399511749412,7.316576325821248,1.3495345114137074,6.697287230346829,1.0380214267802317,29.23195863942133,3.2725541444909236,1.3683590028537944,0,0.9134056071353507,1.0,0.0,0.0,1.0,0.0,0.0,0.0,1.0,0.0,0.0,0.18491011725100895,0.8814377650539322,0.0,0.0,1.0,0.4506982963858831,0.2537787890090546,0.0,0.0,1.0,0.0,1.0,0.0,0.0,0.11294715571195513,0.34758938455200156,0.0,1.0,0.0,0.2918299634584282,0.45721514188849005,0.0,0.0,1.0,0.0,0.9423251905911161,1.0,1.0,1.0,0.0,0.0,0.0,0.0,0.3842232660055556,0.0,1.0,0.058982620318355605,0.0,0.2570940140377944,1.0,0.7055210555548062,0.0,0.9586674638235846,0.0,1.0,0.0,1.0,0.07070075588700175,1.0,1.0,1.0,1.0,0.0,1.0,0.0,1.0,1.0,1.0,0.0,0.0,1.0,0.22168238622734074,0.0,0.0,0.0,1.0,0.0,1.0,1.0,0.0,1.0,0.0,0.0,1.0,0.0,1.0,0.1871993471132518,0.0,0.0,0.0,1.0,0.0,0.0,0.39053996988374073,0.0,1.0,1.0,0.0,0.866459851317338
156,product/amplitude,decoupled,4,3.992080504574654,4.078318495704231,4.413522637055318,4.135710540576918,1.1048045791962897,-7.953324549608887,50.355171862989664,308.2355058360845,1,1,excluded,r_hat_max 1.514 > 1.1; n_eff_min 5.6 < 16.0,1.5143932636549506,1.0298533196937902,0.5960591133004927,5.586938430661157,0,63.0,1.5143932636549506,5.586938430661157,1.4459530132459484,7.276531931929006,1.0161815404127283,77.08381772288855,3.2769139176235176,1.36504576377087,0,0.953773006186734,1.0,0.0,1.0,1.0,0.02592973777871508,0.2447885450510136,0.0,1.0,0.0,0.0,1.0,0.0,0.0,0.0,0.0,0.4550272411187479,0.0,0.0,0.1782364621973319,1.0,1.0,1.0,0.0,0.0,1.0,1.0,0.0,0.3843590725829098,1.0,0.2771069119149666,0.8862170802178808,0.0,1.0,0.0,1.0,1.0,1.0,1.0,0.0,0.0,0.0,0.0,1.0,0.0,0.0,0.0,0.0,0.0,0.2536693540608431,1.0,0.9264742521897,0.0,1.0,0.0,1.0,0.0,1.0,0.0,1.0,0.0,1.0,1.0,0.0,1.0,0.0,1.0,1.0,0.0,0.0,0.0,1.0,0.8246274692488991,0.0,0.0,0.0,1.0,0.0,1.0,0.0,0.0,1.0,0.0,0.0,1.0,0.0,1.0,0.1907949473758022,0.0,0.0,1.0,1.0,0.0,0.0,1.0,0.0,1.0,1.0,1.0,1.0
157,product/amplitude,decoupled,4,4.111658875622123,4.112839738757534,4.413522637055318,4.135710540576918,1.1048045791962897,-9.100964763457279,53.494780977023765,248.29212502087466,1,1,excluded,r_hat_max 1.714 > 1.1; n_eff_min 5.0 < 16.0,1.7139430656193928,1.0215756629275514,0.6699507389162561,5.045952596442246,0,63.0,1.3299167048995444,7.928027838685747,1.7139430656193928,5.045952596442246,1.0257093023828434,66.16207391877866,3.281469118814289,1.3618804808359215,0,0.8914631741920503,1.0,0.0,0.0,1.0,0.0,0.1720138650416197,1.0,1.0,0.0,0.0,0.590496921644154,0.0,0.0,0.0,0.3086637156451076,0.4551148858020098,0.0,0.0,0.7144134136607674,1.0,0.0,1.0,0.0,0.0,0.09202153016010367,1.0,0.0,1.0,0.0,1.0,0.45303373592951224,0.0,1.0,0.8416655250315368,1.0,1.0,0.0,1.0,0.0,0.0,0.0,0.0,1.0,0.0,0.0,0.0,0.0,0.0,0.3836662024171548,1.0,0.9195318772872713,0.0,0.0,0.0,0.0,0.0,1.0,0.0,1.0,1.0,1.0,1.0,0.0,1.0,0.0,1.0,1.0,1.0,0.0,0.0,1.0,0.0,0.0,0.0,0.0,1.0,0.0,1.0,0.8021185997008091,0.0,1.0,0.0,0.0,1.0,0.0,1.0,0.3562898003273334,0.0,0.0,1.0,1.0,0.0,0.0,0.0,0.0,1.0,1.0,0.9208965611171902,0.9555781119142429
158,product/amplitude,decoupled,4,4.120373815780297,4.116244834511242,4.413522637055318,4.135710540576918,1.1048045791962897,-9.280407549522874,51.20008306996897,191.03197313193232,1,1,excluded,r_hat_max 1.983 > 1.1; n_eff_min 4.7 < 16.0,1.9833606841915585,1.0376422633689764,0.5763546798029556,4.708959240169791,0,63.0,1.7340988634933854,4.708959240169791,1.9833606841915585,4.833542305551123,1.0147226435472827,48.96084142831939,3.286723484363706,1.359159384271238,0,1.0,1.0,0.0,1.0,0.342420655246051,0.0,0.204822648058054,1.0,1.0,0.0,0.0,0.7596922532925796,1.0,0.0,0.0,0.6176686474534322,0.45352740764692356,0.24605243236056634,0.0,0.0,1.0,0.0,1.0,0.0,0.0,0.0,1.0,0.0,1.0,1.0,1.0,0.43036516836347305,0.0,1.0,0.7834847680217023,1.0,1.0,0.0,1.0,0.0,0.0,0.0,0.0,1.0,0.21781696557864028,0.0,0.0,0.0,0.0,1.0,1.0,1.0,0.0,1.0,0.0,1.0,0.0,1.0,0.0,1.0,1.0,1.0,1.0,0.0,1.0,0.0,1.0,1.0,1.0,0.0,0.0,1.0,0.0,0.0,0.0,0.0,1.0,0.0,1.0,0.8571232376849848,0.0,1.0,0.0,0.0,1.0,0.0,1.0,0.1513833121154782,0.0,0.0,1.0,1.0,0.0,0.0,0.4546848948126792,0.0,1.0,1.0,0.0,1.0
159,product/amplitude,decoupled,4,4.051257569860837,4.117248964248231,4.413522637055318,4.135710540576918,1.1048045791962897,-7.346081577320657,53.71596714784391,253.78479576506652,1,1,excluded,r_hat_max 1.485 > 1.1; n_eff_min 6.4 < 16.0,1.4853106816195518,1.0283415078381,0.645320197044335,6.433532835605909,0,63.0,1.2025910274798346,9.60382913841368,1.4853106816195518,6.433532835605909,1.116465306477763,26.114578520975,3.291966568209093,1.3564804871458698,0,1.0,1.0,0.23511397908298765,1.0,1.0,0.0,0.0,0.0,1.0,0.0,0.0,0.3284865063120022,0.8513564957527577,0.0,0.0,0.0,0.45297541438279115,0.253603402150482,0.0,0.0,1.0,1.0,1.0,0.0,0.0,0.0,0.0,0.0,1.0,1.0,1.0,0.583546455705435,0.0,0.2023602783311606,1.0,0.0,1.0,0.6540061041336034,1.0,1.0,0.0,0.0,1.0,0.988752805305409,0.3254143348090476,0.0,0.0,0.0,0.0,0.25018331883045436,1.0,1.0,0.0,1.0,1.0,1.0,0.0,1.0,0.0,1.0,1.0,1.0,1.0,0.0,0.49541740524574346,0.0,1.0,1.0,1.0,0.0,0.0,1.0,1.0,0.0,0.0,0.0,1.0,0.0,0.9286349676853924,0.8103193524999697,0.0,1.0,0.0,0.0,1.0,0.0,1.0,0.0,0.0,0.0,1.0,1.0,0.0,0.0,0.06198528522070606,0.0,1.0,1.0,1.0,1.0
160,product/amplitude,decoupled,4,4.031625755165523,4.114764024624426,4.413522637055318,4.135710540576918,1.1048045791962897,-8.495576913532718,47.48213919997215,278.50805792794563,1,1,excluded,r_hat_max 1.445 > 1.1; n_eff_min 6.8 < 16.0,1.4454639172609312,1.0341426519556742,0.5763546798029556,6.8244336738582145,0,63.0,1.3867809347916675,8.50237124248492,1.4454639172609312,6.8244336738582145,1.0334373066241982,16.23556565518508,3.296712136969416,1.3535582047115755,0,1.0,1.0,0.0,0.1497470194159997,1.0,0.0,0.0,0.0,1.0,0.0,0.7699937687396403,0.3152231830433441,0.852329983744629,0.0,0.0,0.0,0.4542631553852538,0.29445193729739294,0.0,1.0,1.0,0.22988991284522278,1.0,1.0,0.0,1.0,1.0,0.0,0.0,1.0,1.0,0.4640995315520659,0.0,1.0,0.7971590827150092,1.0,1.0,1.0,1.0,0.0,0.0,0.0,0.0,0.29044963258983914,0.0,0.0,0.0,1.0,0.0,0.2539263020884374,1.0,1.0,0.0,1.0,1.0,1.0,0.0,1.0,0.06292970086505802,1.0,1.0,1.0,1.0,1.0,1.0,0.0,1.0,1.0,0.0,0.0,0.0,1.0,0.0,0.0,1.0,0.0,1.0,0.0,1.0,0.796672378379133,0.0,1.0,0.0,0.0,1.0,0.0,1.0,0.37732685219804946,0.0,0.0,1.0,1.0,0.0,0.0,0.0,0.0,1.0,1.0,1.0,1.0
161,product/amplitude,decoupled,4,4.320606852878655,4.339300917993286,4.413522637055318,4.339300917993286,0.9012142017799212,-6.09543229687025,54.37530769989826,307.0660287400242,1,1,excluded,r_hat_max 1.685 > 1.1; n_eff_min 4.5 < 16.0,1.6845302139693585,1.0165634395507894,0.7044334975369458,4.488525596748136,0,63.0,1.6845302139693585,4.488525596748136,1.2213417506116626,9.648246155139361,1.2602208416698804,9.775474191865047,3.3012768178277776,1.350582836106377,0,0.8833386871404767,1.0,0.0,0.0,1.0,0.0,0.22283620767109522,0.0,0.847772428120593,0.0,0.0,0.3299342522743612,0.8998125235979971,0.0,0.0,0.4769858353691873,0.456728026850595,0.2399971359521352,0.0,0.09745397062451962,1.0,1.0,1.0,0.0,0.0,0.8111532349551912,0.0,0.0,1.0,1.0,1.0,0.8482755351365094,0.0,1.0,0.8439112746422889,0.8483008549919087,1.0,0.0,1.0,0.0,0.0,0.0,0.0,1.0,0.3678951271012229,0.0,0.0,0.0,0.0,0.2533615987898095,1.0,1.0,0.0,1.0,0.0,1.0,0.0,1.0,0.0,1.0,1.0,1.0,1.0,1.0,1.0,0.0,1.0,1.0,1.0,0.05824154406153326,0.0,1.0,1.0,0.07792090925631877,0.0,0.0,1.0,0.0,1.0,0.7970327766668084,0.0,1.0,0.0,0.004337037438417494,1.0,0.0,1.0,0.2433172594426356,0.0,0.0,1.0,1.0,0.0,0.0,0.3127647245217517,0.0,1.0,1.0,1.0,0.9018258440587056
162,product/amplitude,decoupled,4,4.012178226252358,3.9962210702193106,4.413522637055318,4.339300917993286,0.9012142017799212,-6.982311191341516,52.550084203947335,316.94718418992124,1,1,excluded,r_hat_max 1.492 > 1.1; n_eff_min 6.4 < 16.0,1.4919987255574496,1.0144657740427225,0.7044334975369458,6.426404732997464,0,63.0,1.3390639607644694,7.648291587193291,1.4919987255574496,6.426404732997464,1.0079357972952359,88.17050401650263,3.3075689785379683,1.3487729528219339,0,1.0,1.0,0.0,0.0,1.0,0.0,0.21992435047011447,0.0,1.0,0.0,0.0,0.38646312798236687,0.9026707518184596,0.0,0.0,0.3273415374713519,0.4569333834430378,0.0,0.0,0.22550014246984354,1.0,1.0,1.0,0.0,0.0,0.0,0.0,0.10801532199672875,1.0,1.0,1.0,0.5966115456737726,0.0,0.17110299049642405,0.8542316272169495,1.0,1.0,0.0,1.0,0.0,0.0,0.0,0.0,0.47681773438848674,0.3621651734690806,0.0,0.0,0.0,0.0,0.39014309627148824,1.0,1.0,0.0011206810356177376,0.0,0.0,1.0,0.0,1.0,0.0,1.0,1.0,1.0,1.0,1.0,1.0,0.0,1.0,1.0,1.0,0.25370790587666925,0.0,1.0,1.0,0.10443693286330182,1.0,0.0,1.0,0.0,1.0,0.7924806683735695,0.0,1.0,0.0,0.0,1.0,0.0,1.0,0.14656197375825727,0.0,0.0,1.0,1.0,0.0,0.0,0.3684348003823527,0.0,1.0,1.0,0.9144011901232063,0.9515704688802392
163,product/amplitude,decoupled,4,4.040265210361439,4.123844670135428,4.413522637055318,4.339300917993286,0.9012142017799212,-7.322569710029985,54.40977654000744,314.3472844129428,1,1,excluded,r_hat_max 1.444 > 1.1; n_eff_min 6.5 < 16.0,1.4436795134869125,1.021992247909789,0.6354679802955665,6.451663784761802,0,63.0,1.39208189312774,6.61635533627161,1.4436795134869125,6.451663784761802,1.0260237395278426,76.96738141896154,3.311891734658915,1.3457544279961071,0,1.0,1.0,0.0,0.0,1.0,0.0,0.0,0.0,1.0,0.0,0.0,0.0,0.8378204807151519,0.0,0.0,0.0,0.45631257903004974,0.2924669854146281,0.0,0.0,1.0,1.0,1.0,0.0,0.0,0.20174012699479124,0.03622774626463472,0.0,1.0,1.0,1.0,0.8358741728792485,1.0,1.0,0.8485467128890903,1.0,1.0,0.0,1.0,1.0,0.0,0.0,0.0,1.0,0.30965105530025583,0.0,0.0,0.0,0.0,0.0,1.0,1.0,0.0,1.0,0.0,1.0,0.0,1.0,0.0,1.0,1.0,1.0,1.0,1.0,1.0,0.0,1.0,1.0,1.0,0.0,0.0,1.0,1.0,0.07086796259376502,0.0,0.0,1.0,0.0,1.0,0.7365974824567153,0.0,1.0,0.0,0.0,1.0,0.0,0.0,0.2493669553813901,0.0,0.0,1.0,1.0,0.0,0.0,0.0,0.0,1.0,1.0,0.0,1.0
164,product/amplitude,decoupled,4,4.119791202270869,4.114204988215617,4.413522637055318,4.339300917993286,0.9012142017799212,-8.825894487111132,49.612873608013615,304.47520721005276,1,1,excluded,r_hat_max 1.442 > 1.1; n_eff_min 7.3 < 16.0,1.4423833149618799,1.0300067754264646,0.6551724137931034,7.256491734785613,0,63.0,1.4423833149618799,7.256491734785613,1.3324743341521896,7.93501324907225,1.0336623879809494,35.54106027319066,3.316333036340028,1.3428429407339555,0,1.0,0.9532248387491052,0.0,0.0,1.0,0.0,0.20305091570982453,0.0,1.0,0.0,0.0,0.7657487017450398,0.7158649232614004,0.0,0.0,0.0,0.4545212281165653,0.3158212426481615,0.0,0.0,1.0,0.0,1.0,0.0,0.0,0.39325235260718266,0.0,0.0,1.0,0.0,0.551477759297978,1.0,0.0,0.34390808149738894,0.8106282856537831,0.0,1.0,1.0,1.0,0.9708708868979729,0.0,0.0,0.0,1.0,0.0,0.0,0.0,0.0,0.0,1.0,1.0,1.0,0.0,1.0,0.0,1.0,0.0,1.0,0.0,1.0,1.0,1.0,1.0,0.0,1.0,0.0,0.0,0.3351522849699691,1.0,0.0,0.0,1.0,0.0,0.0,0.0,0.0,1.0,0.0,1.0,1.0,0.0,1.0,0.0,0.0,1.0,0.0,1.0,0.0,0.0,0.0,1.0,1.0,0.17246012043754733,0.6526588509300715,0.0,0.0,1.0,1.0,0.0,1.0
165,product/amplitude,decoupled,4,4.240013511419991,4.292443197048558,4.413522637055318,4.339300917993286,0.9012142017799212,-5.829680951117753,54.701226081931964,267.6042947261594,1,1,excluded,r_hat_max 1.359 > 1.1; n_eff_min 8.0 < 16.0,1.3587063053826314,1.0165442745327204,0.7241379310344828,8.012886010581214,0,63.0,1.310162746176081,9.336251092257747,1.3587063053826314,8.012886010581214,1.0190038206677972,68.94127694497337,3.3212024797699113,1.3402190853033502,0,0.8847995061875658,1.0,0.0,1.0,1.0,0.0,0.18501802548412036,0.437306787124881,0.8568630705526659,0.0,0.0,0.0,1.0,0.0,0.0,0.0,0.45192337356019197,0.26022822504201715,0.0,0.0,0.28113424354801647,0.0,1.0,0.0,0.0,1.0,1.0,0.0,0.8376794272683649,0.0,1.0,0.7466058053404592,0.3391913996406661,0.27864471933879026,1.0,0.7572361125577247,1.0,0.0,1.0,0.0,0.0,0.0,0.0,1.0,0.0,0.024260021279311504,0.0,0.0,0.0,0.224871117674768,1.0,1.0,0.0,1.0,0.0,1.0,0.0,1.0,0.0,1.0,1.0,1.0,1.0,1.0,1.0,0.0,1.0,0.6577365744821007,0.0,0.3405811435715501,0.0,1.0,1.0,0.0,0.0,0.0,1.0,0.0,1.0,0.7730790248325862,0.0,1.0,0.0,0.0,1.0,0.0,0.0,0.21851792216815835,0.0,0.0,1.0,1.0,0.0,1.0,0.0,0.0,1.0,1.0,1.0,0.8493368266882553
166,product/amplitude,decoupled,4,4.465507808247978,4.5138528303193555,4.465507808247978,4.5138528303193555,0.7266622894538521,-6.148363512028059,52.46440984518267,326.556134612998,1,1,excluded,r_hat_max 1.460 > 1.1; n_eff_min 6.2 < 16.0,1.4600331588710813,1.022057639523245,0.645320197044335,6.218661015936382,0,63.0,1.4600331588710813,6.218661015936382,1.394855352596403,8.063720843463534,1.023925466193952,17.16219233496253,3.326737485984671,1.3380664334363452,0,1.0,1.0,0.0,1.0,1.0,0.0,0.18392804337000182,0.7577284032320601,0.8245348019304329,0.0,0.7474108052515569,1.0,1.0,0.0,0.0,0.0,0.45446138993243496,0.3646292402762464,0.0,0.0,1.0,1.0,1.0,0.0,0.24952281414835592,0.0,1.0,0.0,1.0,1.0,1.0,1.0,0.0,0.3088524808994669,0.8659317410870137,0.775766178785914,1.0,1.0,1.0,0.0,0.0,0.0,0.0,1.0,0.21741476283282302,0.0,0.0,0.0,0.0,0.18557572385877882,1.0,1.0,0.0,0.0,0.0,1.0,0.12608475533327979,1.0,0.0,1.0,1.0,1.0,1.0,0.0,1.0,0.0,1.0,1.0,1.0,0.0,0.0,1.0,1.0,0.0,0.0,0.0,1.0,0.0,1.0,0.8036472385840868,0.0,1.0,0.0,0.0,1.0,0.0,1.0,0.0,0.0,0.0,0.919313942752077,1.0,0.0,1.0,0.0,0.0,1.0,1.0,1.0,0.9292178164940447
167,product/amplitude,decoupled,4,4.441245368692739,4.439361901739986,4.465507808247978,4.5138528303193555,0.7266622894538521,-6.705140337388331,55.07849965803325,302.9281516219489,1,1,excluded,r_hat_max 1.430 > 1.1; n_eff_min 6.6 < 16.0,1.4298383112692337,1.0227475971774507,0.6502463054187192,6.5888670728347725,0,63.0,1.4298383112692337,6.5888670728347725,1.3806973662211743,6.860318065038777,1.0318439301447804,52.96758979160468,3.3335564699503197,1.3369440713096723,0,1.0,1.0,0.0,0.0,1.0,0.0,0.0,0.7378818409605379,0.7557567487851611,0.0,0.0,1.0,1.0,0.0,0.0,0.0,0.45405607762331807,0.24608604825692987,0.0,0.0,1.0,1.0,1.0,0.0,0.3951243665905297,1.0,1.0,0.0,1.0,1.0,1.0,1.0,0.0,0.23757027232905767,0.8753450255058864,0.4896973690062985,1.0,1.0,1.0,0.0,0.0,0.0,0.0,1.0,0.25456157732292023,0.0,0.0,0.0,0.0,0.22893320150420374,1.0,1.0,0.0,0.0,0.0,1.0,0.5962028259893255,1.0,0.0,1.0,1.0,1.0,1.0,0.0,1.0,0.0,1.0,1.0,1.0,0.0,0.0,1.0,1.0,0.0,0.0,0.0,1.0,0.0,1.0,0.8124995117876417,0.0,1.0,0.0,0.0,1.0,0.0,1.0,0.0,0.0,0.0,0.7261469985941698,1.0,0.1360179397845224,1.0,0.0,0.0,1.0,1.0,1.0,0.8623909460830731
168,product/amplitude,decoupled,4,4.059580286276578,4.087733660814841,4.465507808247978,4.5138528303193555,0.7266622894538521,-5.439930446926818,51.970190374180675,243.85932124592364,1,1,excluded,r_hat_max 1.685 > 1.1; n_eff_min 5.4 < 16.0,1.684712368742411,1.0226176859071494,0.6600985221674877,5.360052330973033,0,63.0,1.468923403274629,7.515831499997275,1.684712368742411,5.360052330973033,1.0658858617735256,61.81863007797847,3.340149856252358,1.3356796009492986,0,0.9095329965450581,1.0,0.0,0.0,1.0,0.0,0.0,1.0,0.7385978871801511,0.0,0.0,1.0,0.9205171843082305,0.0,0.0,0.37500419102953253,0.4564335644423284,0.3380250449077559,0.0,0.0,1.0,0.0,1.0,0.0,1.0,1.0,1.0,0.0,1.0,1.0,1.0,0.8771814396271319,0.0,0.3204333019102518,1.0,0.0,1.0,1.0,1.0,0.0,0.0,0.0,0.0,1.0,0.3418152611275034,0.0,0.0,0.0,0.0,0.2444169841681017,1.0,1.0,0.0,0.0,0.0,1.0,1.0,1.0,0.0,1.0,1.0,1.0,1.0,0.0,1.0,0.0,1.0,1.0,1.0,0.0,0.0,1.0,1.0,0.0,0.0,0.0,1.0,0.0,1.0,0.8146754772339108,0.0,1.0,0.0,0.0,1.0,0.0,1.0,0.16824878416062297,0.0,0.0,1.0,1.0,0.0,1.0,0.0,0.0,1.0,1.0,0.0,1.0
169,product/amplitude,decoupled,4,4.512502904359378,4.315664260902868,4.512502904359378,4.5138528303193555,0.7266622894538521,-4.912224149247274,54.999527730979025,264.76683534216136,1,1,excluded,r_hat_max 1.623 > 1.1; n_eff_min 5.2 < 16.0,1.6227747390237461,1.0279106781321705,0.6206896551724138,5.1805079821084,0,63.0,1.6227747390237461,5.1805079821084,1.4413281035424284,7.4924081259007504,1.1389604689701411,12.99963321884624,3.3444068410454006,1.3328645952196425,0,0.8934677148068129,1.0,0.04070216747721624,0.0,1.0,0.0,0.0,0.0,0.8499872349706278,0.0,0.0,1.0,0.9361135114597184,0.0,0.0,0.0,0.4566272035412461,0.24361878065634085,0.016878740190016988,0.0,1.0,0.9237916803505082,1.0,0.0,0.0,1.0,0.0,0.0,1.0,1.0,1.0,0.8926443927269911,0.0,0.30424767207341047,0.8579120715947461,0.7663746640894605,1.0,1.0,1.0,0.0,0.0,0.0,0.0,1.0,0.0,0.0,0.0,0.0,0.0,0.23565551909048066,1.0,1.0,0.0,0.0,0.0,1.0,0.5948649988948438,1.0,0.0,1.0,1.0,1.0,1.0,0.0,1.0,0.0,1.0,1.0,1.0,0.0,0.0,1.0,0.0,0.0,0.0,0.0,1.0,0.0,1.0,1.0,0.0,1.0,0.0,0.0,1.0,0.0,1.0,0.18977967663302375,0.0,0.0,0.7194792418205374,1.0,0.0,1.0,0.0,0.0,0.9999588211358783,1.0,1.0,0.864975286559101
170,product/amplitude,decoupled,4,4.590305998056124,4.461563018189861,4.590305998056124,4.5138528303193555,0.7266622894538521,-6.256063516720252,53.347673690877855,242.6823501281906,1,1,excluded,r_hat_max 1.556 > 1.1; n_eff_min 5.4 < 16.0,1.5560117772970237,1.0291217303237614,0.6009852216748769,5.40867276498491,0,63.0,1.5071850609587962,5.695348544071528,1.5560117772970237,5.40867276498491,1.0072167309198707,55.17596822047147,3.3512779943590125,1.3319372427785894,0,0.886530552047452,1.0,0.0,1.0,1.0,0.0,0.0,0.49743794961262816,0.8286173651909371,0.0,1.0,1.0,1.0,0.0,0.0,0.0,0.45562500430710046,0.0,0.0,0.0,1.0,1.0,1.0,0.0,0.31387229931715327,1.0,1.0,0.0,1.0,1.0,1.0,1.0,0.0,0.2930454619822082,0.8315600821931413,1.0,1.0,1.0,1.0,0.0,0.0,0.0,0.0,1.0,0.0,0.0,0.0,0.0,0.0,0.20796650292146018,1.0,1.0,0.0,0.0,0.0,1.0,1.0,1.0,0.0,1.0,1.0,1.0,1.0,0.0,1.0,0.0,1.0,1.0,1.0,0.0,0.0,1.0,1.0,0.0,0.0,0.0,1.0,0.0,1.0,0.834404307130305,0.0,1.0,0.0,0.0,0.9592632114740789,0.0,1.0,0.0,0.0,0.0,0.5239407627932492,1.0,0.1493687408953672,1.0,0.0,0.0,1.0,1.0,1.0,0.9318877437956908
171,product/amplitude,decoupled,4,4.867811429385157,4.798448916150798,4.867811429385157,4.798448916150798,0.4420662036224092,-4.460093981438938,56.801471885992214,331.70213236496784,1,1,excluded,r_hat_max 1.520 > 1.1; n_eff_min 6.7 < 16.0,1.5198791036663395,1.0274580612312365,0.5911330049261084,6.705572574240998,0,63.0,1.4989885865905928,7.087541053668989,1.5198791036663395,6.705572574240998,1.0245001282561548,20.776549814665866,3.3585237721584105,1.3313930440436372,0,1.0,1.0,0.0,0.0,1.0,0.0,0.08458088870821126,0.0,0.8023133185309271,0.0,0.7604299010416424,1.0,0.975368470185352,0.0,0.0,0.0,0.45517841363629574,0.0,0.0,0.0,1.0,0.9511666192675663,1.0,0.0,0.0,1.0,0.0,0.015078644593875189,1.0,1.0,1.0,0.926941116768437,0.0,0.4220524223635491,0.8737387628515438,0.8229553191705433,1.0,1.0,1.0,0.0,0.0,0.0,0.0,1.0,0.0,0.0,0.0,0.0,0.0,0.25443673416853263,1.0,0.946961227467392,0.0,0.0,0.0,1.0,1.0,1.0,0.0,1.0,1.0,1.0,1.0,0.0,1.0,0.0,1.0,1.0,1.0,0.0,0.0,1.0,0.0,0.0,0.0,0.0,1.0,0.0,1.0,0.8391638780638888,0.0,1.0,0.0,0.0,1.0,0.0,1.0,0.27321554384080926,0.0,0.0,0.6061887361413832,1.0,0.0,1.0,0.0,0.0,1.0,1.0,0.9455537934254068,1.0
172,product/amplitude,decoupled,4,4.834809349362298,4.826340708652959,4.867811429385157,4.826340708652959,0.414174411120249,-5.564577671824658,52.29862951510586,296.8887513570953,1,1,excluded,r_hat_max 1.506 > 1.1; n_eff_min 6.5 < 16.0,1.5064760158697337,1.03348350935359,0.6108374384236454,6.483934845498856,0,63.0,1.3333105969092072,6.483934845498856,1.5064760158697337,7.008816299109777,1.040466238453701,51.006729367939194,3.3672987003981008,1.3324670622763228,0,1.0,1.0,0.0,0.0,1.0,0.0,0.0,0.0,0.7961250203436642,0.0,0.8077437198510409,0.660001464832152,1.0,0.0,0.0,0.0,0.45540762201496776,0.2902837881929001,0.0,0.0,1.0,0.9006723682047367,1.0,0.0,0.0,1.0,0.0,0.0,1.0,1.0,1.0,0.8400214622889931,0.0,0.20160567578794608,0.9860327746166639,0.950014331265106,1.0,1.0,1.0,0.0,0.0,0.0,0.0,1.0,0.0,0.0,0.0,0.0,0.0,0.26908527241286834,1.0,0.9300834564811042,0.0,0.0,0.0,1.0,1.0,1.0,0.0,1.0,1.0,1.0,1.0,0.0,1.0,0.0,1.0,1.0,1.0,0.0,0.0,1.0,0.0,0.0,0.0,0.0,1.0,0.0,1.0,0.8301927208022184,0.0,1.0,0.0,0.0,1.0,0.0,1.0,0.14696361039844785,0.0,0.0,0.7537993969313646,1.0,0.1256703387648561,1.0,0.0,0.0,1.0,1.0,0.9267336138104388,1.0
173,product/amplitude,decoupled,4,4.74975791648077,4.830295289008666,4.867811429385157,4.830295289008666,0.41021983076454127,-4.957143875249258,55.12531891698018,260.63727623107843,1,1,excluded,r_hat_max 1.691 > 1.1; n_eff_min 5.3 < 16.0,1.6910844074453928,1.0256685394873188,0.6403940886699507,5.316166131712252,0,63.0,1.6910844074453928,5.316166131712252,1.473705817176711,6.082104640956269,1.010232698459145,33.59668073379776,3.375781420912345,1.3332599801437612,0,1.0,1.0,0.0,0.0,1.0,0.0,0.0,0.0,0.7930350323232551,0.0,0.0,0.5635402305520282,0.9247459363219955,0.0,0.0,0.0,0.45567810121073005,0.2590672816824411,0.0,0.0,1.0,1.0,1.0,0.0,0.0,1.0,0.0,0.0,1.0,1.0,1.0,1.0,0.0,0.313089863387403,0.8633614069999709,1.0,1.0,1.0,1.0,0.0,0.0,0.0,0.0,1.0,0.0,0.0,0.0,0.0,0.0,0.0915432864977458,1.0,1.0,0.0,0.0,0.0,1.0,1.0,1.0,0.0,1.0,1.0,1.0,1.0,0.0,1.0,0.0,1.0,1.0,1.0,0.0,0.0,1.0,0.0,0.0,0.0,0.0,1.0,0.0,1.0,0.8390314289797939,0.0,1.0,0.0,0.0,1.0,0.0,1.0,0.22770904951527193,0.0,0.0,0.5924827069137407,1.0,0.0,1.0,0.0,0.0,1.0,1.0,0.9518725921930667,1.0
174,product/amplitude,decoupled,4,4.905697261807277,4.823755631928257,4.905697261807277,4.830295289008666,0.41021983076454127,-5.372521946311656,54.27822989411652,288.6821193380747,1,1,excluded,r_hat_max 1.308 > 1.1; n_eff_min 9.0 < 16.0,1.3077952990703048,1.0195234899886194,0.7044334975369458,8.963237983466321,0,63.0,1.226449142857077,9.868466254648828,1.3077952990703048,8.963237983466321,1.0218019655872317,57.51656675151858,3.3836778375535426,1.3334741552095761,0,0.9224153332996404,1.0,0.0,0.0,1.0,0.0,0.17157320599633546,0.0,0.7978245421274254,0.0,1.0,0.3837712236730341,1.0,0.0,0.0,0.0,0.454308140247485,0.24185203838410385,0.0,0.0,1.0,1.0,1.0,0.0,0.0,1.0,1.0,0.0,1.0,1.0,1.0,0.45208392797053487,0.0,0.4070099070794477,0.7931196883703963,1.0,1.0,1.0,1.0,0.0,0.0,0.0,0.16204581261480955,1.0,0.0,0.0,0.0,0.0,0.0,0.29199795743183143,1.0,1.0,0.0,1.0,0.0,1.0,1.0,1.0,0.0,1.0,1.0,1.0,1.0,0.0,1.0,0.0,1.0,0.5639072116351459,0.0,0.0,0.0,1.0,0.0,0.0,0.0,0.0,1.0,0.0,1.0,0.8124275931299345,0.0,1.0,0.0,0.0,1.0,0.0,1.0,0.14215418645011668,0.0,0.0,0.38710281714178346,1.0,0.0,1.0,0.0,0.0,1.0,1.0,1.0,1.0
175,product/amplitude,decoupled,4,4.627998332235175,4.806025246599353,4.905697261807277,4.830295289008666,0.41021983076454127,-5.493582812390057,54.501016021938995,313.49618631298654,1,1,excluded,r_hat_max 1.463 > 1.1; n_eff_min 5.3 < 16.0,1.4627707003675938,1.0267558711329758,0.645320197044335,5.323120450331967,0,63.0,1.3675065243725995,5.795110208534387,1.4627707003675938,5.323120450331967,1.0877686742308155,34.776971563133166,3.392375091406421,1.334598888640271,1,0.8856405224973549,1.0,0.0,0.0,1.0,0.0,0.0,0.0,0.8012387479534376,0.0,1.0,1.0,1.0,0.0,0.0,0.0,0.4549068342916691,0.23249074851165172,0.0,0.0,1.0,0.9251034787621288,1.0,0.048553602941757514,0.0,1.0,1.0,0.0073427420016095885,1.0,1.0,1.0,0.537190739564531,0.0,0.43571638172479993,0.7937557410451124,1.0,1.0,1.0,1.0,0.0,0.0,0.0,0.17155726382017358,1.0,0.0,0.0,0.0,0.0,0.0,0.2331322958799949,1.0,1.0,0.0,1.0,0.0,1.0,1.0,1.0,0.0,1.0,1.0,0.9367282939998957,1.0,0.0,1.0,0.0,1.0,0.6156520155521126,0.0,0.0,0.0,1.0,0.0,0.0,0.0,0.0,1.0,0.0,1.0,0.8175173508014569,0.0,1.0,0.0,0.0,1.0,0.0,1.0,0.14206801247575654,0.0,0.0,0.6111663931465718,1.0,0.1321136384030629,1.0,0.0,0.0,1.0,1.0,0.9002650329057484,1.0
176,product/amplitude,decoupled,4,4.7056294455919945,4.8318829908629555,4.905697261807277,4.8318829908629555,0.40863212891025213,-6.6174000420161025,49.679831569083035,293.08644857094623,1,1,excluded,r_hat_max 1.537 > 1.1; n_eff_min 4.9 < 16.0,1.5372027935232335,1.031612987411553,0.6305418719211823,4.9189160082560575,0,63.0,1.5372027935232335,4.9189160082560575,1.5016655581280143,6.793464440978312,1.027724059343244,61.096998639594304,3.3993956780020396,1.3340387965137697,0,1.0,1.0,0.0,0.0,1.0,0.0,0.20941299697070642,0.0,0.7915107396887864,0.0,1.0,0.5134683784474309,1.0,0.00797374919886987,0.0,0.0,0.45547198075220713,0.20550642951266587,0.0,0.0,0.5919929626652605,1.0,1.0,0.0,0.0,1.0,0.0,0.0,1.0,1.0,1.0,0.6518279390556334,0.0,0.3242686013254536,1.0,0.7588045487846548,1.0,1.0,1.0,0.0,0.0,0.0,0.0,1.0,0.0,0.0,0.0,0.0,0.0,1.0,1.0,0.8731375993888632,0.0,0.0,0.0,1.0,1.0,1.0,0.0,1.0,1.0,1.0,1.0,0.0,1.0,0.0,1.0,1.0,1.0,0.0,1.0,1.0,0.0,0.0,0.0,0.0,1.0,0.0,1.0,0.889971005090483,0.0,1.0,0.0,0.3675317087558799,1.0,0.0,1.0,0.27619438237799543,0.0,0.0,1.0,1.0,0.0,1.0,0.0,0.0,1.0,1.0,0.9512832715800756,1.0
177,product/amplitude,decoupled,4,4.156140139785402,4.077063945227495,4.905697261807277,4.8318829908629555,0.40863212891025213,-6.649918650981666,56.666192224947736,306.3532945760526,1,1,excluded,r_hat_max 1.474 > 1.1; n_eff_min 6.9 < 16.0,1.4735673991367506,1.0255478060851613,0.6403940886699507,6.854945018940914,0,63.0,1.4735673991367506,6.854945018940914,1.4706218721183284,7.282092524652769,1.0403956368714875,46.10987570763557,3.4067755297963327,1.3338629189308322,0,1.0,1.0,0.0,1.0,1.0,0.0,0.1390703525269721,0.0,0.6099935441407213,0.0,0.0,0.0,1.0,0.0,0.0,0.0,0.4553484378408112,0.0,0.0,0.0,1.0,1.0,1.0,0.0,0.0,1.0,1.0,0.0,1.0,1.0,1.0,0.8656369654613559,0.0,0.40815171488108626,0.8767943455658976,0.8860720418346698,1.0,1.0,1.0,0.0,0.0,0.0,0.0,1.0,0.0,0.0,0.0,0.0,0.0,0.2630677020129515,1.0,0.9381630249099988,0.0,0.0,0.0,1.0,1.0,1.0,0.0,1.0,1.0,1.0,1.0,0.0,1.0,0.0,1.0,1.0,1.0,0.0,0.0,1.0,1.0,0.0,0.0,0.0,1.0,0.0,1.0,0.8508008965510602,0.0,1.0,0.0,0.0,1.0,0.0,1.0,0.17286992422684783,0.0,0.0,0.47196993160116996,1.0,0.05334817638763076,1.0,0.0,0.0,1.0,1.0,1.0,0.9069822255943685
178,product/amplitude,decoupled,4,4.825143246813936,4.81555766251461,4.905697261807277,4.8318829908629555,0.40863212891025213,-6.680259453931777,55.56739920494147,287.8696890210267,1,1,excluded,r_hat_max 1.625 > 1.1; n_eff_min 5.1 < 16.0,1.6247735057861177,1.02464907217474,0.6206896551724138,5.057458337991621,0,63.0,1.5014461790670832,6.72703854550691,1.6247735057861177,5.057458337991621,1.0430257029951058,70.307862297591,3.4109854433355973,1.3312895523875958,0,1.0,1.0,0.0,0.0,1.0,0.0,0.22374990438880069,0.0,0.7987053370247819,0.0,0.6497556645029925,0.31376791226036344,1.0,0.0,0.0,0.0,0.4562744002922896,0.24842081397057766,0.0,0.0,0.0,1.0,1.0,0.0,0.0,1.0,0.0,0.0,1.0,1.0,1.0,0.8975680276891996,0.0,1.0,0.0,0.42890123568120325,1.0,1.0,1.0,0.0,0.0,0.0,0.0,1.0,0.0,0.0,0.0,0.0,0.0,1.0,1.0,1.0,0.0,0.0,0.0,1.0,1.0,1.0,0.0,1.0,1.0,1.0,1.0,0.0,1.0,0.0,1.0,1.0,0.0,0.0,0.0,1.0,0.0,0.0,0.0,0.0,1.0,0.0,1.0,0.8213762046952637,0.0,1.0,0.0,0.0,1.0,0.0,1.0,0.23455139050949633,0.0,0.0,0.387853960892903,1.0,0.0,1.0,0.0,0.0,1.0,1.0,1.0,1.0
179,product/amplitude,decoupled,4,4.928094738712495,4.818977740192826,4.928094738712495,4.8318829908629555,0.40863212891025213,-6.167015978840967,56.63644375605509,311.282669342123,1,1,excluded,r_hat_max 1.366 > 1.1; n_eff_min 5.5 < 16.0,1.3659064699614196,1.0219980441059224,0.645320197044335,5.534334860658656,0,63.0,1.3659064699614196,5.534334860658656,1.349121182830608,7.812060284795224,1.0237840800566278,107.79908438898471,3.418885766260057,1.3317433931248621,0,1.0,1.0,0.0,0.0,1.0,0.0,0.2086369283955765,0.0,0.7988129528222983,0.0,1.0,0.23733102431424838,1.0,0.0,0.0,0.0,0.4547354922076097,0.25470705732723703,0.0,0.0,1.0,0.9498363353908416,1.0,0.0,0.0,1.0,1.0,0.07095525200765679,1.0,1.0,1.0,0.49254370830824407,0.0,1.0,1.0,0.8396099889581633,1.0,1.0,1.0,0.0,0.0,0.0,1.0,1.0,0.0,0.0,0.0,0.0,0.0,0.028392303469167015,1.0,1.0,0.0,1.0,0.0,1.0,1.0,1.0,0.0,1.0,1.0,1.0,1.0,0.0,1.0,0.0,0.0,0.18824294180076664,0.0,0.0,0.0,1.0,0.0,0.0,0.0,0.0,1.0,0.0,1.0,0.8338882979534192,0.0,1.0,0.0,0.0,1.0,0.0,1.0,0.2605466118900971,0.0,0.0,0.0,1.0,0.00039402213133047867,1.0,0.0,0.0,1.0,1.0,1.0,0.8642246028916463
180,product/amplitude,decoupled,4,4.741839735162608,4.8268539437520985,4.928094738712495,4.8318829908629555,0.40863212891025213,-6.63959385578508,54.244474050123245,246.12317487807013,1,1,excluded,r_hat_max 1.456 > 1.1; n_eff_min 7.4 < 16.0,1.4557349412989378,1.0276556858402375,0.6157635467980296,7.3793479949932586,0,63.0,1.3192681997610531,8.421820877473333,1.4557349412989378,7.3793479949932586,1.1012573960771994,13.67222321147555,3.4272702605514596,1.3327682157138931,0,1.0,1.0,0.0,0.0,1.0,0.0,0.20271576642859251,0.0,0.7965775463240666,0.0,1.0,0.28148678935837895,1.0,0.0,0.0,0.0,0.45469330812532566,0.23210036896206626,0.0,0.0,1.0,1.0,1.0,0.0,0.0,1.0,0.0,0.0,1.0,1.0,1.0,0.4355062942335152,0.0,1.0,1.0,0.8149227087988499,1.0,1.0,1.0,0.0,0.0,0.0,1.0,1.0,0.0,0.0,0.0,0.0,0.0,0.36546126948875984,1.0,1.0,0.0,1.0,0.0,1.0,1.0,1.0,0.0,1.0,1.0,1.0,1.0,0.0,1.0,0.0,0.0,1.0,0.0,0.0,0.0,1.0,0.0,0.0,0.0,0.0,1.0,0.0,1.0,0.8161120493464458,0.0,1.0,0.0,0.0,1.0,0.0,1.0,0.23130544836773198,0.0,0.0,0.0,1.0,0.0,1.0,0.0,0.0,1.0,1.0,1.0,1.0
181,product/amplitude,decoupled,4,4.770117050713194,4.816872455710192,4.928094738712495,4.8318829908629555,0.40863212891025213,-6.200020347230762,57.03951808111742,310.38085841503926,1,1,excluded,r_hat_max 1.436 > 1.1; n_eff_min 6.5 < 16.0,1.4360421024567847,1.0256669418205069,0.6650246305418719,6.4517698647613555,0,63.0,1.3656473516853325,6.7353364093944394,1.4360421024567847,6.4517698647613555,1.0609519778621868,15.557216967743843,3.4345330753283165,1.3326485622117414,0,1.0,1.0,0.0,0.0,1.0,0.0,0.17071110377831633,0.02953626437296497,0.799349613694609,0.0,1.0,0.30689452239782894,1.0,0.0,0.0,0.0,0.45461165342454674,0.24711728525155277,0.0,0.0,1.0,0.9457523685137865,1.0,0.0,0.0,1.0,0.0,0.0,1.0,1.0,1.0,0.22024985858736573,0.0,1.0,0.8776027022839387,1.0,1.0,1.0,1.0,0.0,0.0,0.0,1.0,1.0,0.0,0.0,0.0,0.0,0.0,0.16055666693030393,1.0,0.9630380649268361,0.0,0.0,0.0,1.0,1.0,1.0,0.0,1.0,1.0,1.0,1.0,0.0,1.0,0.0,0.0,1.0,1.0,0.0,0.0,1.0,0.0,0.0,0.0,0.0,1.0,0.0,1.0,0.8228493935438568,0.0,1.0,0.0,0.0,0.9295487985558946,0.0,1.0,0.0,0.0,0.0,0.0,1.0,0.0,1.0,0.0,0.0,1.0,1.0,0.9701027516357932,0.9617847882608117
182,product/amplitude,decoupled,4,4.827242225484732,4.8106930669270085,4.928094738712495,4.8318829908629555,0.40863212891025213,-7.138446207265877,55.41177712706849,279.8751979919616,1,1,excluded,r_hat_max 1.448 > 1.1; n_eff_min 6.7 < 16.0,1.4475783468861099,1.0235169321876953,0.6748768472906403,6.746696102707009,0,63.0,1.4475783468861099,6.746696102707009,1.2755079765234285,8.645931878120358,1.0647848977094594,31.012039821770585,3.4418714488194424,1.3326445038387857,0,1.0,1.0,0.0,0.0,1.0,0.0,0.17022633242263044,0.0,0.7979497680379499,0.0,0.6689626998593126,0.6731258408275939,1.0,0.0,0.0,0.0,0.45874303206581907,0.27480921519404183,0.0,0.0,1.0,1.0,1.0,0.0,0.0,1.0,0.0,0.08819378387110502,1.0,1.0,1.0,0.8617897249578852,0.0,0.3143797183961246,1.0,1.0,1.0,1.0,1.0,0.10375353769259038,0.0,0.0,0.0,1.0,0.0,0.0,0.0,0.0,0.0,1.0,1.0,1.0,0.0,0.0,0.0,0.0,1.0,1.0,0.0,1.0,1.0,1.0,1.0,0.6018028685794304,1.0,0.0,1.0,0.23415106190619034,1.0,0.0,0.0,1.0,0.0,0.0,0.0,0.0,1.0,0.0,1.0,0.895955310504829,0.0,1.0,0.0,0.0,1.0,0.0,1.0,0.6439229291268828,0.0,0.0,0.0,1.0,0.0,1.0,0.0,0.0,1.0,1.0,1.0,0.822040675825343
183,product/amplitude,decoupled,4,4.720881700647431,4.8162171228550275,4.928094738712495,4.8318829908629555,0.40863212891025213,-7.033927022138364,56.66876778611913,319.2451113439165,1,1,excluded,r_hat_max 1.775 > 1.1; n_eff_min 5.0 < 16.0,1.775169745572045,1.0290460396929315,0.6206896551724138,5.0053820462474,0,63.0,1.3056470750502867,8.436988222410207,1.775169745572045,5.0053820462474,1.124905423485464,26.880326350034057,3.4494417809323674,1.3329167951872734,0,1.0,1.0,0.283983473775392,0.0,1.0,0.0,0.16784949202414287,0.0,0.7979334704040016,0.0,1.0,0.0,1.0,0.0,0.0,0.0,0.45708060133998635,0.30285181941153305,0.0,0.0,1.0,1.0,1.0,0.0,0.0,1.0,0.0,0.0,1.0,1.0,1.0,0.7116480732214949,0.0,1.0,1.0,1.0,1.0,1.0,1.0,0.0,0.0,0.0,0.0,1.0,0.0,0.0,0.0,0.0,0.0,0.26825457238799827,1.0,1.0,0.0,0.0,0.0,0.0,1.0,1.0,0.0,1.0,1.0,1.0,1.0,1.0,1.0,0.0,0.0,0.34440112927877015,0.0,0.0,0.0,1.0,0.0,0.0,0.0,0.0,1.0,0.0,1.0,0.8080248718349858,0.0,1.0,0.0,0.0,1.0,0.0,1.0,1.0,1.0,0.0,0.0,1.0,0.058586204348099684,1.0,0.0,0.0,1.0,1.0,0.9372414732667418,1.0
184,product/amplitude,decoupled,4,4.8368830477341955,4.800049469371692,4.928094738712495,4.8318829908629555,0.40863212891025213,-7.786036625794219,53.836178387049586,304.96978195686825,1,1,excluded,r_hat_max 1.409 > 1.1; n_eff_min 6.7 < 16.0,1.4088359631318716,1.0196265878401576,0.7142857142857143,6.690565970523115,0,63.0,1.3898218624083043,6.71142606787095,1.4088359631318716,6.690565970523115,1.0247074527989641,64.11565377894391,3.456351780496036,1.3325724311202676,0,1.0,1.0,0.0,0.0,0.4138283096431928,0.0,0.17496924239694034,0.0,0.8022213872560195,0.0,0.0,0.3558061124140815,1.0,0.0,0.0,0.0,0.45476291831620136,0.32182410986050036,0.0,0.0,1.0,0.8988270186118277,1.0,0.0,0.0,1.0,1.0,0.0,1.0,1.0,1.0,1.0,0.0,0.3632904701388208,0.3365534034971572,1.0,1.0,1.0,1.0,0.0,0.0,0.0,1.0,1.0,0.0,0.0,0.0,0.0,0.0,0.0,1.0,1.0,0.0,1.0,0.0,1.0,1.0,1.0,0.0,1.0,1.0,1.0,1.0,0.0,1.0,0.0,0.0,1.0,0.0,0.0,0.0,1.0,0.0,0.0,0.0,0.0,1.0,0.0,1.0,0.8291846169865088,0.0,1.0,0.0,0.0,1.0,0.0,1.0,0.4034235266874886,0.0,0.0,0.0,1.0,0.0,1.0,0.0,0.0,1.0,1.0,1.0,1.0
185,product/amplitude,decoupled,4,4.7231111618805555,4.8148234769141025,4.928094738712495,4.8318829908629555,0.40863212891025213,-7.509142416473191,57.21630260813981,338.5162407490425,1,1,excluded,r_hat_max 1.444 > 1.1; n_eff_min 6.6 < 16.0,1.4438853908313622,1.0118584942162958,0.6798029556650246,6.615995748909784,0,63.0,1.4438853908313622,6.615995748909784,1.3004535776799777,8.443545185756411,0.996990924130711,109.64940982751676,3.4638141116702967,1.3328154165256407,0,1.0,1.0,0.0,0.0,1.0,0.0,0.14411888395989886,0.0,0.7926675469283311,0.0,0.5328773461939487,1.0,1.0,0.0,0.0,0.0,0.460433504168553,0.0,0.0,0.0,0.0,0.8664103507106662,1.0,0.0,0.0,1.0,1.0,0.0,1.0,1.0,1.0,0.8818683440359035,0.0,1.0,0.0,1.0,1.0,1.0,1.0,0.0,0.0,0.0,0.0,1.0,0.0,0.0,0.0,0.0,0.0,0.0,1.0,1.0,0.0,0.0,0.0,1.0,1.0,1.0,0.0,1.0,1.0,1.0,1.0,0.0,1.0,0.0,0.0,1.0,0.0,0.3561128745071023,0.0,1.0,0.0,0.0,0.0,0.0,1.0,0.0,1.0,0.8658574809940519,0.0,1.0,0.0,0.0,1.0,0.0,1.0,0.30536763959003915,0.0,0.0,0.0,1.0,0.0,1.0,0.0,0.0,1.0,1.0,1.0,0.9320490395692431
186,product/amplitude,decoupled,4,4.823208974733189,4.8148197385922735,4.928094738712495,4.8318829908629555,0.40863212891025213,-6.320798276420078,55.14619900006801,261.5986871130299,1,1,excluded,r_hat_max 1.537 > 1.1; n_eff_min 5.6 < 16.0,1.5371940790499765,1.0218413197872276,0.6798029556650246,5.5656790522807995,0,63.0,1.3152745652596893,8.1868330005373,1.5371940790499765,5.5656790522807995,1.0962417348592517,14.955391538121692,3.4705845259187393,1.3324138011735347,0,1.0,1.0,0.0,0.0,0.0,0.0,0.19068559713481498,0.0,0.8002684530169613,0.0,0.0,0.44083678639621765,0.9368773089322006,0.0,0.0,0.0,0.4533622512185993,0.2570384624865024,0.0,0.0,1.0,1.0,1.0,0.0,0.0,1.0,1.0,0.0,1.0,1.0,1.0,0.8937826357808971,0.0,0.22178788941757585,0.0,0.4819099527771279,1.0,1.0,1.0,0.0,0.0,0.0,1.0,1.0,0.0,0.0,0.0,0.0,0.0,1.0,1.0,1.0,0.0,1.0,0.0,0.0,1.0,1.0,0.0,1.0,1.0,1.0,1.0,0.0,1.0,0.0,0.0,0.18412623303786682,0.0,0.0,0.0,1.0,0.0,0.0,0.0,0.0,1.0,0.0,1.0,0.8213144240474926,0.0,1.0,0.0,0.0,1.0,0.0,1.0,0.4296653163858457,0.0,0.0,0.4509560185983549,1.0,0.0,1.0,0.0,0.0,1.0,1.0,1.0,1.0
187,product/amplitude,decoupled,4,5.125086737019474,4.818177978669336,5.125086737019474,4.8318829908629555,0.40863212891025213,-6.593298817179267,57.74642921797931,270.0526289790869,1,1,excluded,r_hat_max 1.523 > 1.1; n_eff_min 5.5 < 16.0,1.5228491032151796,1.037424738403222,0.5467980295566502,5.487630653112122,0,63.0,1.3359921276098206,8.480630118553893,1.5228491032151796,5.487630653112122,1.08049462789669,42.00363812955778,3.477817811741276,1.3325030625041618,0,1.0,1.0,0.0,0.0,0.0,0.0,0.1666138224511046,0.0,0.7991515200268806,0.0,0.0,0.18077482659076682,0.9095489723753863,0.0,0.0,0.0,0.45443056662655357,0.0,0.0,0.0,1.0,0.9115298324579059,1.0,0.0,0.0,1.0,1.0,0.0,1.0,1.0,1.0,1.0,0.0,0.4060827886783055,1.0,1.0,1.0,1.0,1.0,0.0,0.0,0.0,1.0,1.0,0.0,0.0,0.0,0.0,0.0,1.0,1.0,1.0,0.0,0.0,0.0,0.0,1.0,1.0,0.0,1.0,1.0,1.0,1.0,0.0,1.0,0.0,0.0,0.22256881785631555,1.0,0.0,0.0,1.0,0.0,0.0,0.0,0.0,1.0,0.0,1.0,0.814867517434644,0.0,1.0,0.0,0.0,1.0,0.0,1.0,0.2885310401949667,0.0,0.0,0.35766203307290023,1.0,0.0,1.0,0.0,0.0,1.0,1.0,1.0,0.8203015519098351
188,product/amplitude,decoupled,4,3.33271494703568,3.3760023093032903,5.125086737019474,4.8318829908629555,0.40863212891025213,-10.199893386712244,54.43534470512532,294.8239220571704,1,1,excluded,r_hat_max 1.616 > 1.1; n_eff_min 5.6 < 16.0,1.6159350654835047,1.026342250057585,0.6502463054187192,5.596444128289579,0,63.0,1.4381062647568883,6.0361118709218395,1.6159350654835047,5.596444128289579,1.0603061716641804,22.66033549285825,3.486579880492756,1.3343450190106962,0,1.0,1.0,0.0,0.0,0.0,0.0,0.16451509354724872,0.0,0.38618684248678936,0.0,0.0,0.3151745660364225,1.0,0.0,0.0,0.0,0.7724788622446425,0.08269930630931178,0.0,0.0,1.0,1.0,1.0,0.0,0.0,1.0,0.0,0.0296870018936231,1.0,1.0,1.0,0.8898640422735183,0.0,0.842162312857087,1.0,0.8473253099416492,1.0,1.0,1.0,0.0,0.0,0.0,1.0,1.0,0.0,0.0,0.0,0.0,0.0,1.0,1.0,1.0,0.0,0.0,0.0,0.0,1.0,1.0,0.0,1.0,1.0,1.0,1.0,0.0,1.0,0.0,0.0,0.21706885547650656,1.0,0.0,0.0,1.0,0.0,0.0,0.0,0.0,1.0,0.0,1.0,0.8240824223929542,0.0,1.0,0.0,0.0,1.0,0.0,1.0,0.2695528977168673,0.0,0.0,0.3620691686200487,1.0,0.02434508816983339,1.0,0.0,0.0,1.0,1.0,1.0,0.8188133838642802
189,product/amplitude,decoupled,4,4.642017441754209,4.810145737842585,5.125086737019474,4.8318829908629555,0.40863212891025213,-9.944422622605774,57.81549723795615,228.99582993495278,1,1,excluded,r_hat_max 1.311 > 1.1; n_eff_min 8.5 < 16.0,1.310937015609397,1.0199917567396455,0.6896551724137931,8.526843546034895,0,63.0,1.2824040837736428,8.526843546034895,1.310937015609397,9.560320295040922,1.0688516067741056,85.09646290435231,3.4857657803157345,1.3308571362849424,0,0.9313280721810797,1.0,0.0,0.0,0.0,0.0,0.0,0.0,0.7993148917212134,0.0,0.0,0.20581234273282936,1.0,0.0,0.0,0.0,0.45721284401938356,0.0,0.0,0.0,1.0,0.6800859630281728,1.0,0.0,0.0,1.0,1.0,0.0,1.0,1.0,1.0,0.8685782905825139,0.0,1.0,0.8691612500469277,1.0,1.0,1.0,1.0,0.0,0.0,0.0,1.0,1.0,0.0,0.0,0.0,0.0,0.0,0.26926184902344613,1.0,1.0,0.0,0.0,0.0,0.0,1.0,1.0,0.0,1.0,1.0,1.0,1.0,0.0,1.0,0.0,0.0,0.19842812141560467,1.0,0.0,0.0,1.0,0.0,0.0,0.0,0.0,1.0,0.0,1.0,1.0,0.0,1.0,0.0,0.0,1.0,0.0,1.0,0.2636504648582022,0.0,0.0,1.0,1.0,0.0,1.0,0.0,0.0,1.0,1.0,0.9581141833143622,0.7650746899430083
190,product/amplitude,decoupled,4,4.813370174859417,4.804543846794173,5.125086737019474,4.8318829908629555,0.40863212891025213,-8.826016609678769,55.704614869784564,299.1349514820613,1,1,excluded,r_hat_max 1.735 > 1.1; n_eff_min 5.0 < 16.0,1.7354091590459706,1.0267861809250483,0.645320197044335,4.989561216313774,0,63.0,1.328559209470418,9.213054750392747,1.7354091590459706,4.989561216313774,1.2599577679172664,9.73232209646241,3.491851315375937,1.329984244159663,0,1.0,0.9002948942864059,0.0,0.0,0.0,0.0,0.0,0.0,0.8015581642496716,0.0,0.7595913346527073,0.0,1.0,0.0,0.0,0.0,0.45468939692873706,0.0,0.0,0.0,0.0,0.9298917280746349,1.0,0.0,0.0,1.0,0.0,0.0,0.7286478457843828,1.0,1.0,0.9033545973658743,0.0,0.14182144657880463,1.0,1.0,1.0,1.0,1.0,1.0,0.0,0.0,0.0,1.0,0.0,0.0,0.0,0.0,0.0,1.0,1.0,0.9079644982378436,0.0,0.0,0.0,1.0,1.0,0.0,0.0,1.0,1.0,1.0,1.0,0.0,1.0,0.0,0.0,1.0,1.0,0.0,0.0,1.0,0.0,0.0,0.0,0.0,0.0,0.0,1.0,0.0,0.0,1.0,0.0,0.0,1.0,0.0,1.0,0.2984145868659677,0.0,0.0,0.2508133409346712,1.0,0.0,1.0,0.0,0.0,0.2794733874805834,1.0,1.0,1.0
191,product/amplitude,decoupled,4,4.903479063740433,4.789243889694456,5.125086737019474,4.8318829908629555,0.40863212891025213,-10.628880726068923,58.14986495813355,283.2331724590622,1,1,excluded,r_hat_max 1.462 > 1.1; n_eff_min 5.7 < 16.0,1.4620973440017266,1.0271727098091479,0.6305418719211823,5.715272214033778,0,63.0,1.4620973440017266,7.374858044859312,1.436053527348071,5.715272214033778,1.1834806057131952,9.702865261325584,3.4987702622842276,1.3299220652334425,0,1.0,1.0,0.0,0.0,1.0,0.0,0.0,0.0,0.8006528652661583,0.0,0.0,0.33859789340596674,0.0,0.0,0.0,0.0,0.43400377054752903,0.5190977514250448,0.0,0.0,1.0,1.0,1.0,0.0,0.0,1.0,0.0,0.0,0.6924093011820174,1.0,1.0,1.0,1.0,0.46941541185541313,1.0,1.0,1.0,1.0,1.0,1.0,0.0,0.0,0.0,1.0,0.0,0.0,0.0,0.0,0.0,1.0,1.0,1.0,0.0,0.0,0.0,0.0,1.0,1.0,0.0,1.0,1.0,1.0,1.0,0.0,1.0,0.0,1.0,0.0,1.0,0.0,0.0,1.0,0.038860487214308986,0.0,0.0,0.0,1.0,0.0,1.0,0.8206708443656417,0.0,1.0,0.028021999784697545,0.0,1.0,0.0,1.0,0.0,0.0,0.0,0.28200550582402256,1.0,0.13489237911225185,1.0,0.0,0.0,1.0,1.0,1.0,0.8277464480117827
192,product/amplitude,decoupled,4,4.767055932332957,4.816074810985583,5.125086737019474,4.8318829908629555,0.40863212891025213,-8.274902367584653,51.66439283103682,328.42199882492423,1,1,excluded,r_hat_max 1.543 > 1.1; n_eff_min 6.5 < 16.0,1.543475222488192,1.0225747483847476,0.6403940886699507,6.5209313613363715,0,63.0,1.5062478994164068,7.661253304683201,1.543475222488192,6.5209313613363715,1.029626826278387,30.26153392027661,3.5060864539584777,1.3303023530868496,0,1.0,1.0,0.0,0.0,1.0,0.0,0.0,0.0,0.7992636707717694,0.0,0.0,0.1485495208431842,1.0,0.0,0.0,0.0,0.45512740601018553,0.0,0.0,1.0,0.5928765888724978,1.0,1.0,0.0,0.0,1.0,0.6759664867375322,1.0,1.0,1.0,1.0,0.0,1.0,0.35923500699996086,0.3308963113521978,1.0,1.0,1.0,1.0,0.0,0.0,0.0,1.0,1.0,0.0,0.0,0.0,0.0,0.0,0.0,1.0,1.0,0.0,1.0,0.0,0.24084483004660526,1.0,1.0,0.0,1.0,1.0,1.0,1.0,0.0,1.0,0.0,0.0,0.24267734945232067,0.0,0.0,0.0,1.0,0.0027321028212942823,0.0,0.0,0.0,0.0,0.0,1.0,0.493974986897065,0.0,1.0,0.0,0.0,1.0,0.0,1.0,0.3091184494104122,0.0,0.0,0.3222180067646585,1.0,0.0,1.0,0.0,0.0,1.0,1.0,1.0,0.9683868833684396
193,product/amplitude,decoupled,4,4.812639417527903,4.811612470772149,5.125086737019474,4.8318829908629555,0.40863212891025213,-8.989364271444567,61.93517245305702,263.9747204789892,1,1,excluded,r_hat_max 1.427 > 1.1; n_eff_min 6.6 < 16.0,1.426788862878001,1.0239286145345845,0.6354679802955665,6.600912067393288,0,63.0,1.426788862878001,6.600912067393288,1.3253065158105317,8.908827249485615,1.0334304416427296,48.79379916528436,3.5126199745718174,1.329936382396777,0,0.9041300890936923,1.0,0.442495965072005,0.0,0.0,0.0,0.0,0.0,0.7955720176508971,0.0,0.0,0.3117800601689499,0.0,0.0,0.0,0.0,0.4543264866034166,0.5274401053932481,0.0,0.0,1.0,0.9351448081564512,1.0,0.0,0.0,1.0,1.0,0.0,1.0,1.0,1.0,1.0,0.0,0.35443535673433835,1.0,1.0,1.0,1.0,0.994115110994976,0.0,0.0,0.0,0.48781752343452606,1.0,0.0,0.0,0.4556360871553638,0.0,0.0,1.0,1.0,1.0,0.0,0.15750970985099763,0.0,0.0,1.0,1.0,0.0,1.0,1.0,1.0,1.0,0.0,1.0,0.0,0.0,0.0,1.0,0.0,0.0,1.0,0.0,0.0,0.0,0.0,1.0,0.0,1.0,0.8065457304064966,0.0,1.0,0.0,0.0,1.0,0.0,1.0,0.0,0.0,0.0,0.32541377388687925,1.0,0.0,1.0,0.0,0.0,1.0,1.0,1.0,0.8761251274369661
194,product/amplitude,decoupled,4,4.749955060658939,4.816560651253635,5.125086737019474,4.8318829908629555,0.40863212891025213,-8.008601116655912,60.694053024984896,297.2275593280792,1,1,excluded,r_hat_max 1.419 > 1.1; n_eff_min 6.4 < 16.0,1.4192714554535224,1.0181559858080436,0.6502463054187192,6.373115516714665,0,63.0,1.4192714554535224,6.373115516714665,1.3594035303391359,8.049034058921448,1.0154229770453223,28.701170480000354,3.5193211057210756,1.3297670126275527,0,1.0,1.0,0.0,0.0,0.0,0.0,0.21338503619222682,0.0,0.8002678820165285,0.0,0.0,0.3084860043002022,0.8759203563173001,0.0,0.0,0.0,0.4523440789913084,0.4436384733359369,0.0,0.0,1.0,1.0,0.4781607828510421,0.0,0.0,1.0,1.0,0.0,0.5877402025661556,1.0,1.0,1.0,0.0,0.0,1.0,0.8173138448124098,1.0,1.0,1.0,0.0,0.0,0.0,1.0,1.0,0.0,0.0,0.0,0.000350549377589977,0.0,1.0,1.0,1.0,0.0,0.0,0.0,0.0,1.0,1.0,0.0,1.0,1.0,1.0,1.0,0.0,1.0,0.0,0.0,0.0,1.0,0.0,0.0,1.0,0.0,0.0,0.0,0.0,1.0,0.0,1.0,1.0,0.2934067815358847,1.0,0.0,0.0,1.0,0.0,1.0,0.0,0.0,0.0,0.35745623946254634,1.0,0.0,1.0,0.0,0.0,1.0,1.0,1.0,1.0
195,product/amplitude,decoupled,4,4.86745996127993,4.807694735836461,5.125086737019474,4.8318829908629555,0.40863212891025213,-8.716205230826954,61.88523527793586,317.87939971894957,1,1,excluded,r_hat_max 1.326 > 1.1; n_eff_min 9.2 < 16.0,1.3259630246950278,1.0210526099384982,0.6896551724137931,9.200116850106864,0,63.0,1.3259630246950278,9.200116850106864,1.309271951706117,9.84317675665752,1.0583452811147336,36.95691404901429,3.5256320490797313,1.329262516175133,0,1.0,1.0,0.0,0.0,1.0,0.0,0.1918097419837391,0.0,0.8013964347525255,0.0,0.0,0.43126296723299623,0.0,0.0,0.0,0.0,0.45367066394470895,0.6170113941775288,0.0,0.06708322142752265,1.0,0.9002614999070493,1.0,0.0,0.0,1.0,0.0,1.0,0.7040206548063782,1.0,1.0,0.9063410171942533,1.0,0.0,1.0,1.0,1.0,1.0,1.0,1.0,0.0,0.0,0.0,0.0,0.0,0.0,0.0,0.0,0.0,1.0,1.0,1.0,0.0,0.0,0.0,0.0,1.0,1.0,0.0,1.0,1.0,1.0,1.0,0.0,1.0,0.0,1.0,0.2406784671821134,1.0,0.2751546776687709,0.0,1.0,0.0,0.0,0.0,0.0,0.0,0.0,1.0,0.8298441441079272,0.0,1.0,0.0,0.0,1.0,0.0,1.0,0.0,0.0,0.0,0.0,1.0,0.11239299518393008,1.0,0.0,0.0,0.5231706499049597,1.0,1.0,0.8584162748670845
196,product/amplitude,decoupled,4,4.2543092953397075,4.171935497848215,5.125086737019474,4.8318829908629555,0.40863212891025213,-12.62543008962179,58.501513010123745,243.8361960381735,1,1,excluded,r_hat_max 1.351 > 1.1; n_eff_min 8.3 < 16.0,1.3513316554081136,1.0189767113026447,0.7241379310344828,8.289148067306149,0,63.0,1.2738943837585863,9.890593663086108,1.3513316554081136,8.289148067306149,1.0358205075347282,92.72942277921997,3.532478109856262,1.3293092979938117,0,1.0,1.0,0.0,0.0,0.0,0.0,0.0,0.0,0.8008263046357991,0.0,0.0,0.24086564863031523,0.0,0.0,0.0,0.0,0.311347814395812,0.28152323687886266,0.0,0.0,1.0,1.0,1.0,0.0,0.0,1.0,1.0,0.0,1.0,1.0,1.0,1.0,0.0,0.37684860805159415,1.0,1.0,1.0,1.0,1.0,0.0,0.0,0.0,1.0,1.0,0.0,0.0,0.0,0.0,0.0,1.0,1.0,0.932722286633678,0.0,1.0,0.0,0.0,1.0,1.0,0.0,1.0,1.0,1.0,1.0,0.0,1.0,0.0,0.0,0.0,0.0,0.0,0.0,1.0,0.0,0.0,0.0,0.0,1.0,0.0,1.0,0.8135791334076165,0.0,1.0,0.0,0.0,1.0,0.0,1.0,0.0,0.0,0.0,0.0,1.0,0.059815932693921964,1.0,0.0,0.0,1.0,1.0,1.0,1.0
197,product/amplitude,decoupled,4,4.72119773895565,4.823678042859445,5.125086737019474,4.8318829908629555,0.40863212891025213,-11.875406743498992,62.32041294500232,266.401752182981,1,1,excluded,r_hat_max 1.434 > 1.1; n_eff_min 6.2 < 16.0,1.4337998146162174,1.0242825314308253,0.6502463054187192,6.23268583419461,0,63.0,1.2793609093757081,10.02679312334198,1.4337998146162174,6.23268583419461,1.2169356359027963,12.783764603595078,3.5361422275490715,1.3269230551857516,0,1.0,1.0,0.0,0.0,1.0,0.0,0.15393458951031555,0.3079069391922166,0.7995097797341831,0.0,0.0,0.0,1.0,0.0,0.0,0.0,0.44897588867526117,0.0,0.0,0.0,1.0,0.9084764500434023,1.0,0.0,0.0,1.0,1.0,1.0,1.0,1.0,1.0,0.4708218495147808,0.0,1.0,1.0,0.9110577854905394,1.0,1.0,1.0,0.0,0.0,0.0,0.0,1.0,0.0,0.0,0.0,0.0,0.0,1.0,1.0,1.0,0.0,1.0,0.0,1.0,1.0,1.0,0.0,1.0,1.0,1.0,1.0,0.0,1.0,0.0,0.0,0.0,1.0,0.0,0.0,1.0,0.05129738531406945,0.0,0.0,0.0,1.0,0.0,1.0,0.8048567559605234,0.0,1.0,0.0,0.0,1.0,0.0,1.0,0.32980869238962324,0.0,0.0,0.0,1.0,0.0,1.0,0.0,0.0,1.0,1.0,1.0,0.8081334346948903
198,product/amplitude,decoupled,4,4.684618123232847,4.734596777422246,5.125086737019474,4.8318829908629555,0.40863212891025213,-11.106532792697177,60.557697555981576,321.1181525369175,1,1,excluded,r_hat_max 1.508 > 1.1; n_eff_min 7.0 < 16.0,1.5084114882841573,1.0177015678264654,0.6650246305418719,6.961010563242268,0,63.0,1.5084114882841573,7.3668199094685916,1.3919624013010845,6.961010563242268,1.0460232237596738,72.01671491504786,3.5421273563945594,1.326231176331801,0,1.0,1.0,0.15796814456923458,0.0,1.0,0.0,0.2190028059449413,0.0,0.8081472673702003,0.0,0.0,0.5596446489863081,0.0,0.0,0.0,0.0,0.45911657459055616,0.0,0.0,0.0,1.0,1.0,1.0,0.0,0.0,1.0,0.0,0.0,1.0,1.0,1.0,1.0,1.0,1.0,1.0,1.0,1.0,1.0,1.0,1.0,0.0,0.0,0.0,1.0,0.0,0.0,0.0,0.0,0.0,1.0,1.0,1.0,0.0,0.0,0.0,0.0,1.0,1.0,0.0,1.0,1.0,1.0,1.0,0.0,1.0,0.0,1.0,1.0,1.0,0.6556010758480377,0.0,1.0,0.0,0.0,0.0,0.0,1.0,0.0,1.0,0.8289075271193502,0.0,1.0,0.0,0.0,1.0,0.0,1.0,0.13478937631900464,0.0,0.0,0.346270431331782,1.0,0.0,1.0,0.0,0.0,1.0,1.0,1.0,0.8539211846744883
199,product/amplitude,decoupled,4,4.868577956306413,4.711681267539148,5.125086737019474,4.8318829908629555,0.40863212891025213,-10.91854926619947,62.508819120936096,288.0489634589758,1,1,excluded,r_hat_max 1.497 > 1.1; n_eff_min 6.1 < 16.0,1.4973998881088657,1.0257628813425406,0.6403940886699507,6.0591442504350645,0,63.0,1.4345012526921892,6.0591442504350645,1.4973998881088657,7.170518839867909,1.0853321941437843,40.51464463296902,3.5478685160269126,1.3253591042324138,1,0.949255867641068,1.0,0.0,0.0,0.0,0.0,0.0,0.0,0.7967209788005915,0.0,0.0,0.16420122849843755,1.0,0.0,0.0,0.0,0.4156452987562667,1.0,0.0,0.0,1.0,1.0,1.0,0.0,0.0,1.0,1.0,0.0,1.0,1.0,1.0,0.8875325582852782,0.0,0.3876588637214623,1.0,0.5963253853355917,1.0,1.0,1.0,0.0,0.0,0.0,1.0,1.0,0.0,0.0,0.0,0.0,0.0,1.0,1.0,1.0,0.0,0.0,0.0,0.0,1.0,1.0,0.0,1.0,1.0,1.0,1.0,0.0,1.0,0.0,0.0,0.5431195087698997,1.0,0.0,0.0,1.0,0.0,0.0,0.0,0.0,0.0,0.0,1.0,1.0,1.0,1.0,0.0,0.0,1.0,0.0,1.0,0.27969735881617724,0.0,0.0,0.0,1.0,0.12313591283360939,1.0,0.0,0.0,0.0,1.0,1.0,0.8648926253233651
