t,method,family,seed,y,f,best_obs,best_f,regret,acq_value,fit_wall_s,acq_wall_s,fit_calls,nuts_attempts,status,reason,r_hat_max,r_hat_median,frac_r_hat_below_1_05,n_eff_min,divergences,num_steps_mean,r_hat_max_native,n_eff_min_native,r_hat_max_ell,n_eff_min_ell,r_hat_max_global,n_eff_min_global,y_mean,y_std,sobol_computed,x_0,x_1,x_2,x_3,x_4,x_5,x_6,x_7,x_8,x_9,x_10,x_11,x_12,x_13,x_14,x_15,x_16,x_17,x_18,x_19,x_20,x_21,x_22,x_23,x_24,x_25,x_26,x_27,x_28,x_29,x_30,x_31,x_32,x_33,x_34,x_35,x_36,x_37,x_38,x_39,x_40,x_41,x_42,x_43,x_44,x_45,x_46,x_47,x_48,x_49,x_50,x_51,x_52,x_53,x_54,x_55,x_56,x_57,x_58,x_59,x_60,x_61,x_62,x_63,x_64,x_65,x_66,x_67,x_68,x_69,x_70,x_71,x_72,x_73,x_74,x_75,x_76,x_77,x_78,x_79,x_80,x_81,x_82,x_83,x_84,x_85,x_86,x_87,x_88,x_89,x_90,x_91,x_92,x_93,x_94,x_95,x_96,x_97,x_98,x_99
20,additive/lengthscale,interaction_g0.25,0,1.5372594194217617,1.5751968086724084,1.5863069324934391,1.6353706243381025,1.5824792034893953,1.0764317804777566,30.810687526129186,119.19217087584548,1,1,ok,,1.0583359618790908,1.0039032515587407,0.9711538461538461,29.924760317687028,0,62.75,1.0583359618790908,29.924760317687028,nan,nan,1.0060616204128925,169.08863957909344,-0.06030781683839438,0.8251906300864756,0,1.0,1.0,0.0,1.0,1.0,0.4008649056129492,1.0,1.0,1.0,1.0,0.0,1.0,0.0,1.0,0.0,1.0,0.0,0.0,0.0,1.0,0.0,1.0,1.0,1.0,1.0,0.0,1.0,0.0,0.0,0.0,0.0,0.0,1.0,1.0,0.48352576998117963,0.0,1.0,0.1580471389103037,1.0,0.0,1.0,1.0,0.0,1.0,1.0,0.0,0.0,1.0,0.0,1.0,1.0,0.0,1.0,0.0,1.0,1.0,0.4393486415118314,1.0,1.0,0.0,0.9638976933240047,1.0,0.0,1.0,1.0,0.0,0.34208431454060406,0.0,0.6445656676386332,1.0,1.0,1.0,1.0,0.0,0.0,0.0,1.0,1.0,0.0,0.0,1.0,0.4278916649777202,1.0,0.0,0.36297268313242653,0.5436891747200084,0.0,1.0,1.0,1.0,1.0,1.0,0.0,1.0,1.0,1.0,0.0,0.0,1.0,1.0
21,additive/lengthscale,interaction_g0.25,0,1.3099479763070356,1.5751968086724084,1.5863069324934391,1.6353706243381025,1.5824792034893953,0.001367101236395385,26.01016128109768,178.11161793302745,1,1,ok,,1.0848425519344023,1.0039554564127013,0.9807692307692307,34.20676523728413,0,62.75,1.0848425519344023,34.20676523728413,nan,nan,1.0295846865610212,44.826925423925786,0.01576681345970829,0.8742201492690322,0,0.0,1.0,0.09528227155786897,0.44905734980660555,0.0,1.0,0.7367966766075548,1.0,1.0,1.0,0.0,1.0,0.0,1.0,0.0,1.0,1.0,0.08983548885533175,0.0,0.0,1.0,1.0,1.0,0.0,0.0,0.0,1.0,0.0,0.0,0.0,1.0,1.0,1.0,0.0,0.6678502999373793,0.0,0.6343005740985767,0.0,1.0,0.0,1.0,1.0,0.3195667857969728,0.0,1.0,0.0,0.0,1.0,0.0,1.0,1.0,0.0,1.0,0.0,1.0,0.0,1.0,1.0,0.0,0.1297266143559156,1.0,0.0,0.0,0.6277616073344697,1.0,0.0,0.0,0.0,1.0,1.0,1.0,1.0,1.0,0.0,0.0,0.0,1.0,1.0,0.0,1.0,0.5610174599234896,0.5469899597032412,1.0,1.0,0.5616679191905918,1.0,0.0,1.0,0.0,1.0,1.0,1.0,0.0,1.0,1.0,1.0,0.5886485944434514,0.0,1.0,0.9674677798559239
22,additive/lengthscale,interaction_g0.25,0,2.5287490665024444,2.567517248447249,2.5287490665024444,2.567517248447249,0.6503325793802488,-0.5504857631038229,26.09869885095395,132.2471268628724,1,1,excluded,r_hat_max 1.121 > 1.1,1.1213105525652223,1.000434204099259,0.9038461538461539,19.59549310829778,0,62.625,1.1213105525652223,19.59549310829778,nan,nan,1.0875683058480854,30.14228921592359,0.07459322995276862,0.8956524056725121,0,1.0,1.0,0.0,1.0,1.0,0.0,0.0,1.0,1.0,1.0,0.0,1.0,0.0,1.0,1.0,1.0,0.0,0.0,0.4293094409064805,0.5487463852105329,0.0,1.0,1.0,0.0,1.0,0.0,1.0,1.0,0.0,0.0,1.0,1.0,1.0,0.6933932277919517,1.0,0.4293107912649207,1.0,0.0,0.0,0.0,1.0,1.0,0.0,1.0,0.7496610170926776,1.0,0.0,0.0,0.0,1.0,1.0,1.0,1.0,0.0,1.0,1.0,1.0,1.0,1.0,0.0,1.0,0.0,0.0,1.0,1.0,0.0,0.41487290097163726,0.0,1.0,1.0,1.0,0.800656139128137,1.0,0.0,0.0,0.0,0.7159785902144623,1.0,0.0,0.0,1.0,0.0,1.0,0.0,0.0,1.0,0.0,1.0,1.0,1.0,1.0,1.0,0.0,1.0,1.0,1.0,0.0,0.0,1.0,0.734001378724033
23,additive/lengthscale,interaction_g0.25,0,1.7587955212930642,1.7498281209199869,2.5287490665024444,2.567517248447249,0.6503325793802488,-1.5671179025757684,26.15239425911568,126.90717931697145,1,1,ok,,1.0582400128331908,1.0004317481694005,0.9711538461538461,22.05495279494734,0,62.625,1.0582400128331908,22.05495279494734,nan,nan,0.9983532153721549,166.2512460381182,0.18129565762884148,1.008857890275341,0,1.0,1.0,1.0,0.0,0.0,0.0,0.0,1.0,1.0,1.0,1.0,0.0,0.0,1.0,1.0,1.0,0.0,0.0,1.0,1.0,1.0,1.0,0.0,0.0,1.0,0.0,1.0,0.0,0.0,0.0,0.0,1.0,0.0,1.0,1.0,1.0,0.0,0.0,0.0,1.0,1.0,0.0,0.0,1.0,0.0,0.0,0.0,0.0,0.0,1.0,1.0,1.0,1.0,0.0,0.0,0.0,1.0,1.0,1.0,0.0,1.0,0.0,0.0,0.0,1.0,0.0,1.0,0.0,0.0,0.0,1.0,0.0,0.0,0.0,0.0,1.0,0.0,1.0,0.0,1.0,0.0,0.0,0.0,0.0,0.0,1.0,0.0,1.0,1.0,0.0,0.0,1.0,0.0,1.0,1.0,0.0,0.0,1.0,0.0,1.0
24,additive/lengthscale,interaction_g0.25,0,1.6255033446797993,1.5751968086724084,2.5287490665024444,2.567517248447249,0.6503325793802488,-1.9689278543841708,26.175310709979385,108.59180759708397,1,1,excluded,r_hat_max 1.105 > 1.1,1.104799410783231,1.0001584921960414,0.9519230769230769,30.075157968984072,0,62.875,1.104799410783231,30.075157968984072,nan,nan,1.0232014922226464,74.84253244299688,0.2470248186148508,1.0367032213764442,0,1.0,0.0,0.0,0.0,1.0,0.0,0.0,1.0,1.0,1.0,0.0,1.0,0.0,1.0,1.0,1.0,0.0,0.7598310023513103,1.0,0.0,0.0,1.0,1.0,0.0,1.0,0.0,1.0,1.0,0.0,0.0,1.0,1.0,1.0,1.0,1.0,0.0,1.0,0.2170555922655083,0.0,0.0,1.0,1.0,0.0,1.0,1.0,1.0,0.0,0.0,0.0,1.0,1.0,1.0,1.0,0.0,1.0,1.0,1.0,1.0,1.0,0.0,1.0,0.0,0.0,1.0,1.0,0.0,1.0,0.0,1.0,1.0,1.0,1.0,1.0,1.0,0.0,0.0,1.0,0.0,0.0,0.0,0.0,0.0,1.0,0.0,0.0,1.0,0.0,1.0,1.0,0.0,1.0,1.0,0.0,1.0,1.0,1.0,0.0,0.0,1.0,1.0
25,additive/lengthscale,interaction_g0.25,0,2.0770774694371172,2.029080493914757,2.5287490665024444,2.567517248447249,0.6503325793802488,-2.30720590028685,26.81037027412094,135.88812235277146,1,1,ok,,1.0667309857137288,1.0010260613931057,0.9903846153846154,31.906135808043267,0,62.875,1.0667309857137288,31.906135808043267,nan,nan,1.0025215273992787,64.06209775545729,0.30216395965744874,1.0510619503348873,1,1.0,1.0,0.4402040732468856,1.0,1.0,0.0,0.0,1.0,1.0,1.0,0.0,1.0,0.0,1.0,1.0,1.0,0.0,0.0,0.0,1.0,0.0,1.0,1.0,0.0,1.0,0.0,1.0,1.0,0.0,0.0,1.0,1.0,0.0,1.0,1.0,1.0,1.0,0.0,0.0,0.0,1.0,1.0,0.0,1.0,0.0,1.0,0.0,0.0,0.0,1.0,1.0,1.0,1.0,0.0,1.0,1.0,1.0,1.0,1.0,0.0,1.0,0.0,0.0,1.0,0.0,0.0,0.0,0.0,1.0,1.0,1.0,0.0,0.0,0.0,0.0,0.0,0.849504868778466,1.0,0.0,0.0,1.0,0.0,0.0,0.0,0.0,0.0,1.0,1.0,1.0,1.0,0.24059255583564154,1.0,0.0,1.0,1.0,1.0,0.0,0.0,1.0,0.0
26,additive/lengthscale,interaction_g0.25,0,1.5431137680106222,1.5751968086724084,2.5287490665024444,2.567517248447249,0.6503325793802488,-1.8231085134761154,26.72015317599289,108.95228142803535,1,1,ok,,1.0820973440058512,1.0004159663008863,0.9807692307692307,24.768426741422346,0,63.0,1.0820973440058512,24.768426741422346,nan,nan,1.0017650532501718,145.99103726029273,0.3704298638797437,1.085701341522565,0,1.0,1.0,0.0,1.0,0.0,0.0,0.0,1.0,1.0,1.0,0.0,1.0,0.0,1.0,1.0,1.0,0.0,0.0,0.0,1.0,0.0,1.0,0.0,0.0,1.0,0.0,1.0,1.0,0.0,0.0,1.0,1.0,1.0,0.7051549404547233,1.0,0.0,1.0,0.0,0.0,1.0,1.0,0.0,0.0,1.0,0.0,0.0,0.0,0.0,0.0,1.0,1.0,1.0,1.0,0.0,1.0,1.0,1.0,1.0,0.0,0.0,1.0,0.0,0.0,1.0,1.0,0.0,0.0,0.0,1.0,1.0,1.0,1.0,1.0,0.0,0.0,0.0,1.0,1.0,0.0,0.0,1.0,0.0,1.0,0.0,0.0,1.0,0.0,1.0,1.0,1.0,1.0,1.0,0.0,0.0,1.0,1.0,0.0,0.0,1.0,0.0
27,additive/lengthscale,interaction_g0.25,0,1.7580013730387998,1.7498281209199869,2.5287490665024444,2.567517248447249,0.6503325793802488,-2.49935137696586,26.863391160964966,108.34337863791734,1,1,ok,,1.0515926058673253,1.0016922764049534,0.9903846153846154,36.23806633487778,0,62.625,1.0515926058673253,36.23806633487778,nan,nan,1.0113506444846543,121.48022265571531,0.41386260106977624,1.0881803898791553,0,1.0,1.0,0.0,1.0,1.0,0.0,0.0,1.0,1.0,1.0,0.0,1.0,0.0,1.0,1.0,1.0,0.0,0.0,0.0,0.4049668695731019,0.0,1.0,1.0,0.0,1.0,0.0,1.0,1.0,0.0,0.0,0.0,1.0,0.0,1.0,1.0,1.0,1.0,0.0,0.0,0.0,1.0,1.0,0.5620893194830316,1.0,1.0,1.0,0.0,0.0,0.0,1.0,1.0,1.0,1.0,0.0,1.0,1.0,1.0,1.0,1.0,0.0,1.0,0.0,0.0,1.0,1.0,0.0,0.0,0.0,1.0,1.0,1.0,1.0,1.0,0.0,0.0,0.0,0.0,1.0,0.0,0.0,1.0,0.0,0.0,0.0,0.0,1.0,0.0,1.0,1.0,1.0,0.0,1.0,0.0,0.4789200038332633,1.0,0.0,0.0,0.0,1.0,1.0
28,additive/lengthscale,interaction_g0.25,0,1.5283086609187893,1.5751968086724084,2.5287490665024444,2.567517248447249,0.6503325793802488,-3.3613444683305205,26.217221366008744,121.34073756006546,1,1,ok,,1.0621130474268305,0.9998974848576011,0.9711538461538461,46.3191970541098,0,62.375,1.0621130474268305,46.3191970541098,nan,nan,1.0047781033283987,61.00599502664515,0.46186755721152706,1.0972997842152517,0,1.0,1.0,0.0,1.0,1.0,0.0,0.0,1.0,1.0,1.0,0.0,1.0,0.0,1.0,1.0,1.0,0.0,0.0,1.0,1.0,0.0,1.0,1.0,0.0,1.0,0.0,1.0,1.0,0.0,0.0,1.0,1.0,1.0,0.0,1.0,0.0,1.0,0.0,0.0,0.0,1.0,1.0,0.0,1.0,1.0,0.0,0.0,0.0,0.0,1.0,1.0,1.0,1.0,0.0,1.0,1.0,1.0,1.0,1.0,0.0,1.0,0.0,0.0,1.0,0.0,0.0,1.0,0.0,1.0,1.0,1.0,1.0,1.0,0.0,0.0,0.0,1.0,1.0,0.0,1.0,0.0,0.0,1.0,0.0,0.0,1.0,0.0,1.0,1.0,1.0,1.0,1.0,0.0,1.0,1.0,1.0,0.0,0.0,0.0,1.0
29,additive/lengthscale,interaction_g0.25,0,2.5384213399044557,2.591856824892779,2.5384213399044557,2.591856824892779,0.6259930029347189,-3.305289188443722,27.286786807933822,127.94266801397316,1,1,ok,,1.0620605038304731,1.0007056273067882,0.9903846153846154,64.77826259411854,0,62.75,1.0620605038304731,64.77826259411854,nan,nan,1.00593959517043,224.39237866085423,0.4986413883738465,1.0956331874666487,0,1.0,1.0,0.0,1.0,1.0,0.0,0.0,1.0,1.0,1.0,0.0,0.0,0.0,1.0,1.0,1.0,0.0,0.0,1.0,0.0,0.0,1.0,1.0,0.0,1.0,0.0,1.0,1.0,0.0,0.0,0.0,1.0,1.0,1.0,1.0,1.0,0.0,0.0,0.0,0.0,1.0,1.0,0.0,1.0,1.0,1.0,0.0,0.0,0.0,1.0,1.0,1.0,1.0,0.0,1.0,1.0,1.0,1.0,1.0,0.0,1.0,0.0,0.0,1.0,1.0,1.0,0.0,0.0,1.0,1.0,1.0,0.7250878358301442,0.0,0.0,0.0,1.0,0.7072412700404603,1.0,0.0,0.0,1.0,0.0,1.0,0.0,0.0,1.0,1.0,1.0,1.0,1.0,1.0,1.0,0.0,1.0,1.0,1.0,0.0,0.0,1.0,1.0
30,additive/lengthscale,interaction_g0.25,0,2.373423965317603,2.3958905204845418,2.5384213399044557,2.591856824892779,0.6259930029347189,-2.391669157575624,27.149611842120066,143.610903237015,1,1,ok,,1.057755762780116,0.9990407504210326,0.9903846153846154,52.81023358745735,0,62.6875,1.057755762780116,52.81023358745735,nan,nan,1.0075696601406192,65.47300858166216,0.5666340534248667,1.137745761561219,0,1.0,1.0,0.0,1.0,1.0,0.0,0.0,1.0,1.0,1.0,0.0,1.0,0.0,1.0,1.0,1.0,0.0,0.0,0.0,0.0,0.0,1.0,1.0,0.0,1.0,0.0,1.0,1.0,0.0,0.0,0.0,1.0,1.0,1.0,1.0,1.0,0.0,0.0,0.0,0.0,1.0,1.0,0.0,1.0,1.0,1.0,1.0,0.5396339518039367,0.0,1.0,1.0,0.0,1.0,0.0,0.0,1.0,0.0,1.0,1.0,0.0,1.0,0.0,0.0,1.0,1.0,0.0,0.0,0.0,1.0,1.0,1.0,0.0,0.0,0.0,0.0,1.0,0.7675632636421635,1.0,0.0,0.0,1.0,0.0,1.0,0.0,0.0,1.0,1.0,1.0,0.0,1.0,1.0,1.0,0.0,1.0,1.0,1.0,0.0,0.0,0.0,1.0
31,additive/lengthscale,interaction_g0.25,0,1.4324972730282644,1.5751968086724084,2.5384213399044557,2.591856824892779,0.6259930029347189,-3.125745052075329,27.207218382973224,97.84509107284248,1,1,ok,,1.0450388108837112,0.9975550537966135,1.0,88.0248373462974,0,62.875,1.0450388108837112,88.0248373462974,nan,nan,1.000936241771481,102.7958351432661,0.6249175989697937,1.1638804145714454,0,1.0,1.0,0.0,1.0,1.0,0.0,0.0,1.0,1.0,1.0,0.0,0.0,0.0,1.0,1.0,1.0,0.0,0.0,0.0,0.0,0.0,1.0,1.0,0.0,1.0,0.0,1.0,1.0,0.0,0.0,0.0,1.0,1.0,0.6621692892390589,1.0,1.0,0.0,0.0,0.0,0.0,1.0,1.0,0.0,1.0,1.0,1.0,1.0,1.0,0.0,1.0,1.0,1.0,1.0,0.0,0.0,1.0,1.0,1.0,1.0,0.0,1.0,0.0,0.0,1.0,1.0,0.9425646626854063,0.0,0.0,1.0,1.0,1.0,0.631097643875408,0.0,0.0,0.0,1.0,1.0,1.0,0.0,0.0,1.0,0.0,1.0,0.0,0.0,1.0,1.0,1.0,0.0,1.0,1.0,1.0,0.0,1.0,1.0,1.0,0.0,0.0,1.0,1.0
32,additive/lengthscale,interaction_g0.25,0,1.42247069704816,1.5751968086724084,2.5384213399044557,2.591856824892779,0.6259930029347189,-2.9986673120175213,26.43093722802587,106.58865687483922,1,1,excluded,r_hat_max 1.115 > 1.1,1.115226427722904,1.0022050424031512,0.9615384615384616,35.516478239449256,0,62.875,1.115226427722904,35.516478239449256,nan,nan,1.0576522164130926,37.4574014481132,0.650154463784121,1.1541359099046293,0,1.0,1.0,0.0,1.0,1.0,1.0,1.0,0.0,1.0,1.0,1.0,1.0,0.0,1.0,1.0,1.0,0.0,0.0,1.0,0.0,0.0,0.0,1.0,0.0,1.0,0.0,1.0,1.0,0.0,0.0,0.0,1.0,0.0,1.0,1.0,0.0,0.45314889845660783,0.0,0.0,0.0,1.0,0.0,0.0,1.0,1.0,0.0,0.0,0.0,0.0,0.0,1.0,0.0,1.0,0.0,1.0,0.0,0.0,0.25815130238305534,1.0,0.0,1.0,1.0,0.0,1.0,1.0,1.0,0.0,0.0,1.0,1.0,1.0,0.0,0.0,0.0,1.0,1.0,1.0,1.0,0.0,0.0,1.0,1.0,1.0,0.0,1.0,0.0,1.0,0.0,1.0,1.0,1.0,1.0,0.0,1.0,1.0,0.0,1.0,0.0,0.0,1.0
33,additive/lengthscale,interaction_g0.25,0,1.4720232516962803,1.5751968086724084,2.5384213399044557,2.591856824892779,0.6259930029347189,-3.8526225476144247,28.9182835589163,100.2489375739824,1,1,ok,,1.0465468013801646,0.9989599593814119,1.0,41.52914862248588,0,62.875,1.0465468013801646,41.52914862248588,nan,nan,1.008851287468119,116.31716478756593,0.6735579860042433,1.1441994395585509,0,1.0,0.0,0.0,0.0,1.0,0.0,0.0,1.0,1.0,1.0,1.0,0.0,0.0,1.0,1.0,1.0,1.0,0.0,0.0,0.0,0.0,1.0,1.0,1.0,0.0,0.0,1.0,0.0,0.0,1.0,0.0,1.0,1.0,1.0,0.0,1.0,0.0,0.0,0.0,0.0,1.0,1.0,0.0,1.0,1.0,1.0,0.0,0.0,0.0,1.0,1.0,0.0,0.0,0.0,0.0,0.0,0.0,1.0,0.0,0.0,1.0,0.0,0.0,1.0,1.0,0.0,0.0,0.0,1.0,1.0,1.0,0.0,0.0,1.0,0.0,0.0,1.0,1.0,1.0,1.0,1.0,0.0,0.0,0.0,0.0,0.0,1.0,1.0,1.0,0.0,0.0,1.0,0.0,1.0,1.0,0.0,0.5037046998658107,1.0,0.0,1.0
34,additive/lengthscale,interaction_g0.25,0,0.9954640952915533,1.1336050936618685,2.5384213399044557,2.591856824892779,0.6259930029347189,-3.576708802386599,29.062687506200746,135.26517059700564,1,1,ok,,1.0324252337644642,0.9990208762840076,1.0,53.09111851641796,0,62.875,1.0324252337644642,53.09111851641796,nan,nan,1.0189499738264465,128.25607640884212,0.6970422585245974,1.1352914008106991,0,1.0,1.0,0.0,0.0,1.0,1.0,0.0,1.0,1.0,1.0,0.0,1.0,0.0,1.0,0.0,1.0,0.0,0.0,0.0,0.0,0.0,1.0,1.0,0.0,1.0,0.0,1.0,1.0,0.0,0.0,0.0,1.0,1.0,1.0,1.0,1.0,0.0,0.0,0.0,0.0,1.0,1.0,0.0,1.0,1.0,1.0,1.0,0.0,0.0,1.0,0.0,1.0,1.0,0.0,1.0,1.0,0.0,1.0,1.0,0.0,1.0,0.0,0.0,1.0,1.0,0.0,0.0,0.0,1.0,1.0,1.0,0.0,0.0,0.0,0.0,1.0,0.0,1.0,0.0,0.0,1.0,0.0,1.0,0.0,0.0,1.0,1.0,1.0,0.0,1.0,1.0,1.0,0.0,1.0,1.0,1.0,0.0,0.0,1.0,0.33855589109584855
35,additive/lengthscale,interaction_g0.25,0,2.5008931549048983,2.4946510180685824,2.5384213399044557,2.591856824892779,0.6259930029347189,-2.1460890726424764,28.978387086186558,175.7986221681349,1,1,excluded,r_hat_max 1.162 > 1.1,1.1617818983616075,0.9995549159346198,0.9807692307692307,16.08796317487517,0,62.5625,1.1355465735384973,16.08796317487517,nan,nan,1.1617818983616075,20.724182258537542,0.705568596717939,1.120059365120761,0,1.0,1.0,0.0,0.7368382771225106,0.0,0.0,0.0,1.0,1.0,1.0,0.0,1.0,0.0,1.0,1.0,1.0,0.0,0.0,1.0,0.0,1.0,1.0,1.0,0.0,1.0,1.0,1.0,1.0,0.0,0.0,0.0,1.0,0.0,1.0,1.0,0.0,1.0,0.0,0.0,0.0,1.0,1.0,0.0,1.0,1.0,1.0,0.0,0.0,0.0,1.0,1.0,0.0,0.0,0.0,1.0,1.0,1.0,1.0,1.0,0.0,0.9367312665520875,0.0,0.0,0.44210503729477585,1.0,0.0,0.36093712134646644,0.0,0.0,1.0,1.0,1.0,0.0,1.0,0.0,1.0,0.7399334575076304,1.0,0.0,0.0,1.0,1.0,1.0,0.0,0.0,0.6611011744392674,0.0,1.0,1.0,0.0,0.0,1.0,0.0,1.0,1.0,0.0,0.2005141168802295,0.21191649685930555,1.0,1.0
36,additive/lengthscale,interaction_g0.25,0,2.4129772824396665,2.5918895104889303,2.5384213399044557,2.5918895104889303,0.6259603173385675,-2.3619193119887187,27.89110024017282,137.35479941614904,1,1,excluded,r_hat_max 1.124 > 1.1; n_eff_min 8.4 < 16.0,1.1238436077209752,1.0013171726436347,0.9711538461538461,8.445200131717472,1,62.9453125,1.1213294737661117,8.445200131717472,nan,nan,1.1238436077209752,10.252410367488656,0.7554387233342434,1.1431232989175162,0,1.0,1.0,0.0,1.0,0.0,0.0,0.0,1.0,1.0,1.0,0.0,1.0,0.0,1.0,1.0,1.0,0.0,0.0,1.0,0.0,1.0,1.0,1.0,0.0,1.0,1.0,1.0,1.0,0.0,0.0,0.0,1.0,1.0,1.0,1.0,0.44692519240331957,0.6084944034400325,0.0,0.0,0.0,1.0,1.0,0.0,1.0,0.0,1.0,0.0,0.0,0.0,1.0,1.0,0.0,0.0,0.0,1.0,1.0,1.0,1.0,1.0,0.0,1.0,0.7349536524039875,0.0,0.0,1.0,0.0,0.0,0.0,0.0,1.0,1.0,1.0,1.0,1.0,0.0,1.0,0.707229225010685,1.0,0.0,0.0,1.0,1.0,0.0,0.0,0.0,0.0,0.0,1.0,1.0,0.0,0.0,1.0,0.0,1.0,1.0,1.0,0.0,0.0,0.0,1.0
37,additive/lengthscale,interaction_g0.25,0,2.608395396002725,2.7157628174878927,2.608395396002725,2.7157628174878927,0.5020870103396051,-1.840538223822374,29.266239487798885,128.79237193102017,1,1,excluded,r_hat_max 1.142 > 1.1; n_eff_min 10.5 < 16.0,1.1422617332209455,0.9992782399541282,0.9807692307692307,10.487918367862447,1,62.6171875,1.1076819951917063,10.487918367862447,nan,nan,1.1422617332209455,13.708389219458534,0.8002370627695251,1.159164315182625,0,1.0,1.0,0.47960954845509574,1.0,0.0,0.0,0.0,1.0,1.0,1.0,0.0,1.0,0.0,1.0,0.588008234574634,1.0,0.0,0.0,1.0,0.0,1.0,1.0,1.0,0.0,1.0,0.0,1.0,1.0,0.0,0.0,0.0,1.0,0.0,1.0,1.0,0.0,1.0,0.0,0.0,0.0,1.0,0.0,0.35191874629980996,1.0,1.0,0.0,0.0,0.5030292278560514,0.0,1.0,1.0,0.0,1.0,0.0,0.0,1.0,1.0,1.0,1.0,0.0,1.0,1.0,0.0,1.0,1.0,0.0,0.0,0.0,0.0,1.0,1.0,1.0,0.0,1.0,0.0,1.0,0.6342520443407873,1.0,1.0,0.0,1.0,1.0,0.0,0.0,1.0,1.0,0.0,1.0,1.0,0.0,0.0,1.0,0.0,1.0,1.0,1.0,0.0,0.42388527000085335,0.0,1.0
38,additive/lengthscale,interaction_g0.25,0,2.411740930548152,2.437783042754001,2.608395396002725,2.7157628174878927,0.5020870103396051,-1.4760494238642663,29.091586833121255,160.1371248040814,1,1,excluded,r_hat_max 1.264 > 1.1; n_eff_min 9.0 < 16.0,1.2636610035326272,1.0156557550836323,0.8461538461538461,8.977178888075183,4,62.57421875,1.2636610035326272,8.977178888075183,nan,nan,1.0584836841560015,17.311039253605006,0.8478201768019777,1.1798627195882117,0,1.0,1.0,0.33786838156490595,1.0,0.0,0.0,0.0,1.0,1.0,1.0,0.0,1.0,0.0,1.0,1.0,1.0,0.0,0.0,1.0,0.0,1.0,1.0,1.0,0.0,1.0,0.0,1.0,1.0,0.0,0.0,0.0,1.0,0.0,1.0,1.0,0.3624529840552144,1.0,0.0,0.0,1.0,0.702978020047837,0.0,0.43032592246181095,1.0,1.0,0.0,0.0,0.0,0.0,1.0,1.0,0.0,1.0,0.0,0.0,1.0,1.0,1.0,1.0,0.0,1.0,0.3491772670383887,0.0,1.0,1.0,0.0,1.0,0.0,0.0,1.0,1.0,1.0,0.0,1.0,0.0,1.0,0.756549650486152,1.0,0.0,1.0,1.0,1.0,0.0,0.0,0.0,1.0,0.0,1.0,1.0,0.0,0.0,1.0,0.0,1.0,1.0,0.0,0.0,0.5751811829897825,0.0,1.0
39,additive/lengthscale,interaction_g0.25,0,1.4059340074758209,1.5751968086724084,2.608395396002725,2.7157628174878927,0.5020870103396051,-2.513207305358167,29.417171729030088,93.62681347993203,1,1,ok,,1.074721720503389,0.9999700360842168,0.9807692307692307,36.18545878778009,0,62.625,1.074721720503389,36.18545878778009,nan,nan,1.0123585073350065,51.08903350265156,0.8879207089493155,1.1905829586787324,0,1.0,1.0,0.0,1.0,0.0,0.0,0.0,1.0,1.0,1.0,0.0,1.0,0.0,1.0,1.0,1.0,0.0,0.0,1.0,0.35592794608789075,1.0,1.0,1.0,0.0,1.0,1.0,1.0,1.0,0.0,0.0,0.0,1.0,0.0,1.0,1.0,0.0,1.0,0.0,0.0,0.0,1.0,1.0,0.0,1.0,0.0,1.0,0.0,0.5078928246014163,0.0,1.0,1.0,0.0,0.0,0.0,0.0,1.0,1.0,1.0,1.0,0.0,1.0,1.0,0.0,0.0,1.0,0.0,0.0,0.0,0.0,1.0,1.0,0.6085983326790773,1.0,1.0,0.0,1.0,1.0,1.0,0.0,0.0,1.0,1.0,0.0,0.0,0.4238626307841378,0.0,0.0,1.0,1.0,0.0,0.0,1.0,0.0,1.0,1.0,1.0,0.0,0.0,0.0,1.0
40,additive/lengthscale,interaction_g0.25,0,2.569620790712338,2.5767722808893514,2.608395396002725,2.7157628174878927,0.5020870103396051,-1.251519865003916,29.277000000001863,179.23971692100167,1,1,excluded,r_hat_max 1.131 > 1.1; n_eff_min 9.6 < 16.0,1.1305879508820609,1.0057608115777459,0.9615384615384616,9.58387965251612,0,62.875,1.1305879508820609,9.58387965251612,nan,nan,1.010702051010664,13.8213720946432,0.9008710414124781,1.178385047547766,0,1.0,0.0,1.0,0.0,0.0,0.0,0.0,1.0,1.0,1.0,0.0,1.0,0.0,1.0,1.0,1.0,0.0,0.0,0.5005461500858659,0.0,1.0,0.0,1.0,0.0,1.0,0.0,0.39649256994621906,0.0,0.0,0.0,0.0,1.0,0.0,1.0,1.0,0.792127567526117,0.4477556407740025,0.0,1.0,0.0,1.0,0.0,0.0,1.0,1.0,0.0,0.0,0.36426310926558575,0.06751929122089849,1.0,1.0,0.0,1.0,0.0,0.0,0.0,1.0,0.9541923872564283,1.0,0.0,1.0,0.0,0.0,1.0,1.0,0.0,0.0,0.0,1.0,1.0,1.0,1.0,1.0,1.0,0.0,1.0,0.7127014318720609,1.0,1.0,1.0,0.0,0.0,1.0,0.0,1.0,1.0,0.0,1.0,1.0,0.0,0.0,1.0,0.0,1.0,1.0,0.0,0.0,1.0,1.0,1.0
41,additive/lengthscale,interaction_g0.25,0,3.003704638313992,2.8831439936425993,3.003704638313992,2.8831439936425993,0.3347058341848985,-1.3975530826332512,29.899111530045047,185.55171784292907,1,1,excluded,r_hat_max 1.305 > 1.1; n_eff_min 6.0 < 16.0,1.3050868979685335,1.0092753783953885,0.8365384615384616,6.045865084895826,0,63.0,1.3050868979685335,6.045865084895826,nan,nan,1.1055126275689282,17.360782199885197,0.9415722548100356,1.1920515048364944,0,1.0,1.0,0.0,0.7453241228095278,0.0,0.0,0.0,1.0,1.0,1.0,1.0,0.0,0.0,1.0,1.0,1.0,0.0,0.0,0.0,0.0,0.0,1.0,0.0,0.0,1.0,0.0,1.0,0.0,0.0,0.0,0.0,1.0,1.0,1.0,1.0,0.0,0.0,0.0,0.0,0.0,1.0,0.0,0.4482003091928752,1.0,1.0,0.0,0.0786131971422632,1.0,0.0,0.0,1.0,0.0,1.0,0.0,1.0,0.0,1.0,1.0,1.0,0.0,1.0,0.0,0.09135741572824997,0.0,1.0,0.0,0.0,0.0,1.0,1.0,1.0,1.0,0.0,0.0,0.0,0.0,0.45648548928048116,1.0,1.0,0.0,0.0,0.0,1.0,0.0,1.0,1.0,0.0,1.0,1.0,0.0,0.0,1.0,0.0,1.0,1.0,0.0,0.0,0.0,0.0,1.0
42,additive/lengthscale,interaction_g0.25,0,1.4086605002608203,1.302367888094132,3.003704638313992,2.8831439936425993,0.3347058341848985,-1.607301587556046,29.789306172169745,139.68218580214307,1,1,excluded,r_hat_max 1.113 > 1.1; n_eff_min 12.1 < 16.0,1.113293695896934,1.0032197296899075,0.9519230769230769,12.056599852874937,0,63.0,1.113293695896934,12.056599852874937,nan,nan,1.001308952783459,38.36795627193471,0.9906706448934631,1.2190120998699037,0,1.0,1.0,0.0,1.0,0.0,0.0,0.0,1.0,1.0,0.0,1.0,0.0,0.0,1.0,1.0,1.0,0.16815756107816704,1.0,0.0,1.0,0.0,1.0,0.0,0.0,0.0,0.0,1.0,0.0,0.0,0.0,1.0,0.0,1.0,1.0,1.0,0.0,0.0,0.0,1.0,0.0,1.0,0.0,0.0,1.0,1.0,1.0,0.0,1.0,1.0,0.0,1.0,0.0,1.0,0.0,1.0,1.0,1.0,1.0,1.0,0.0,1.0,0.0,0.0,0.0,1.0,0.0,1.0,0.0,1.0,0.0,1.0,1.0,0.0,0.0,0.0,0.0,0.5982201220186042,0.0,1.0,0.0,0.0,0.0,1.0,0.0,1.0,1.0,0.0,1.0,1.0,0.0,0.0,1.0,0.0,1.0,0.0,0.0,0.0,0.0,0.0,1.0
43,additive/lengthscale,interaction_g0.25,0,1.5524498976167307,1.622629999637584,3.003704638313992,2.8831439936425993,0.3347058341848985,-2.075923479671447,30.052462935913354,188.7450009540189,1,1,excluded,r_hat_max 1.887 > 1.1; n_eff_min 4.6 < 16.0,1.8874511106854233,1.006078413412237,0.9134615384615384,4.582064381603132,0,62.875,1.8874511106854233,4.582064381603132,nan,nan,1.4342249375502185,7.848920611604266,1.000391339204332,1.206400116356256,0,1.0,1.0,1.0,1.0,0.0,0.0,0.0,1.0,1.0,1.0,1.0,0.0,0.0,1.0,1.0,1.0,0.0,0.051049019672539026,1.0,0.0,0.0,1.0,0.0,0.0,1.0,0.0,1.0,0.0,0.0,0.0,0.0,1.0,1.0,1.0,1.0,0.0664252367288923,0.0,0.0,1.0,0.0,1.0,0.0,0.2532508752708007,1.0,1.0,0.0,0.0,0.0,0.0,0.0,0.8234290799903224,0.0,1.0,0.0,1.0,0.0,0.0,1.0,0.0,0.0,0.7938417411195597,0.0,0.0,1.0,1.0,0.0,0.0,0.0,1.0,1.0,1.0,1.0,0.0,0.0,0.0,0.0,0.4459828368247624,1.0,1.0,0.0,0.0,0.0,1.0,0.0,0.23268877882468564,0.4371512905510869,0.0,1.0,1.0,0.0,1.0,1.0,0.0,1.0,1.0,0.0,0.0,0.0,0.0,1.0
44,additive/lengthscale,interaction_g0.25,0,2.524393686310067,2.5123259110493144,3.003704638313992,2.8831439936425993,0.3347058341848985,-4.277093841154562,29.853451933944598,127.62070525391027,1,1,excluded,n_eff_min 15.9 < 16.0,1.065601022913353,1.0047226139307819,0.9711538461538461,15.874152050839871,0,63.0,1.065601022913353,15.874152050839871,nan,nan,1.021823950968063,34.724539272588416,1.0129381246227955,1.1954468111400312,0,1.0,0.0,0.0,1.0,0.0,0.0,0.0,1.0,1.0,1.0,0.0,1.0,0.0,1.0,1.0,1.0,0.0,0.0,0.0,0.0,1.0,0.0,1.0,0.0,1.0,0.0,0.0,0.0,0.0,0.0,0.0,1.0,0.0,1.0,1.0,1.0,0.0,0.0,0.0,0.0,1.0,0.0,0.0,1.0,1.0,0.0,0.0,1.0,0.0,1.0,1.0,0.0,1.0,0.0,1.0,0.0,1.0,1.0,1.0,0.0,1.0,0.0,0.0,1.0,1.0,0.0,0.0,0.0,0.0,1.0,1.0,1.0,1.0,1.0,0.0,1.0,0.7344172518775793,1.0,1.0,0.0,0.0,0.0,1.0,0.0,1.0,1.0,0.0,1.0,1.0,0.0,0.0,1.0,0.0,1.0,1.0,0.0,0.0,1.0,1.0,1.0
45,additive/lengthscale,interaction_g0.25,0,2.7480096606199296,2.8056224215861705,3.003704638313992,2.8831439936425993,0.3347058341848985,-1.171764991636846,29.884874604875222,192.96954024396837,1,1,excluded,r_hat_max 1.142 > 1.1,1.1418550790443596,1.004778698904928,0.9423076923076923,20.976053743821204,0,63.0,1.1418550790443596,20.976053743821204,nan,nan,1.0452180122965755,67.72724553082037,1.046526025993624,1.202902293420905,0,0.9547372715852791,1.0,0.40770507229365893,0.5198602133746222,1.0,0.0,0.0,1.0,1.0,1.0,0.0,1.0,0.0,1.0,0.5767957963981521,1.0,0.0,0.0,0.0,0.0,1.0,0.0,0.23517752479647305,1.0,1.0,0.0,0.0,0.0,1.0,0.0,0.0,1.0,1.0,1.0,1.0,0.0,0.3986820953453975,0.0,0.0,1.0,1.0,0.0,0.0,1.0,1.0,0.0,0.0,1.0,0.0,1.0,1.0,1.0,1.0,0.0,1.0,0.0,1.0,1.0,1.0,0.0,1.0,1.0,0.11116507803374111,0.0,1.0,0.0,0.0,0.0,1.0,1.0,1.0,1.0,1.0,0.0,0.6114754595386871,0.0,0.7071217470524983,1.0,0.0,1.0,0.0,0.0,0.0,0.0,1.0,1.0,0.9597443390785425,1.0,1.0,0.0,0.0,1.0,0.0,0.40602599320837157,1.0,0.0,0.0,1.0,0.0,1.0
46,additive/lengthscale,interaction_g0.25,0,2.4659679096370093,2.430149201410152,3.003704638313992,2.8831439936425993,0.3347058341848985,-3.006824881556989,29.89160458301194,168.50064419489354,1,1,excluded,r_hat_max 1.105 > 1.1; n_eff_min 10.7 < 16.0,1.1048233766680187,1.0010941883559583,0.9711538461538461,10.71950480874983,0,63.0,1.1048233766680187,10.71950480874983,nan,nan,1.0366674936264433,15.846164217682695,1.083514800659413,1.215354103904985,0,1.0,1.0,0.0,0.0,1.0,0.0,0.0,1.0,1.0,1.0,0.0,1.0,0.0,1.0,0.651664728489348,1.0,0.0,0.0,0.0,0.0,1.0,1.0,1.0,1.0,1.0,0.0,1.0,0.0,1.0,0.0,0.0,1.0,1.0,0.4636535244149889,1.0,0.1351218796713781,0.44821508779788155,0.0,0.0,1.0,1.0,0.0,1.0,1.0,1.0,0.0,0.0,1.0,0.0,1.0,1.0,1.0,1.0,0.0,1.0,0.0,1.0,1.0,1.0,0.0,1.0,1.0,0.0,0.0,1.0,0.0,0.0,0.0,1.0,1.0,1.0,1.0,0.0,0.0,1.0,1.0,0.7586302852661125,1.0,1.0,1.0,0.0,0.0,0.0,0.0,1.0,1.0,0.0,1.0,1.0,0.0,0.0,1.0,0.0,0.0,1.0,1.0,0.0,1.0,1.0,1.0
47,additive/lengthscale,interaction_g0.25,0,2.183384983111419,2.362259906732461,3.003704638313992,2.8831439936425993,0.3347058341848985,-3.2114706783248756,30.295765456045046,161.3514883487951,1,1,excluded,r_hat_max 1.223 > 1.1; n_eff_min 11.0 < 16.0,1.2234695144468672,1.006856770053286,0.875,10.978266418636485,0,62.875,1.2234695144468672,10.978266418636485,nan,nan,1.0066111136274547,25.299055283213846,1.1129286965951066,1.218793009227433,0,1.0,0.0,0.0,0.3688203380118972,1.0,0.0,0.0,1.0,1.0,1.0,0.0,1.0,0.0,1.0,1.0,1.0,0.0,0.0,0.0,0.0,1.0,0.0,1.0,1.0,1.0,0.0,0.0,1.0,0.0,0.0,0.0,1.0,0.0,1.0,0.41581387552774723,0.39450675676645275,0.0,0.0,0.0,0.0,1.0,0.0,0.0,1.0,1.0,0.0,0.0,1.0,0.0,1.0,1.0,0.0,1.0,0.0,1.0,0.0,1.0,1.0,1.0,0.0,1.0,0.0,0.0,0.0,1.0,0.0,0.0,0.0,1.0,1.0,1.0,1.0,0.0,1.0,1.0,0.0,0.7758347493167966,1.0,0.0,0.0,0.0,0.0,1.0,0.0,1.0,1.0,1.0,1.0,1.0,0.0,0.0,1.0,0.0,1.0,1.0,0.0,0.0,1.0,1.0,1.0
48,additive/lengthscale,interaction_g0.25,0,2.5658989822379104,2.627057149286122,3.003704638313992,2.8831439936425993,0.3347058341848985,-3.362381563851377,27.585540269035846,128.7419551650528,1,1,excluded,r_hat_max 1.196 > 1.1; n_eff_min 12.4 < 16.0,1.196189924078272,1.0054782654408836,0.9038461538461539,12.379050695618723,0,63.0,1.196189924078272,12.379050695618723,nan,nan,1.1221582118517162,17.956147469275205,1.1352298692308633,1.2156827214227177,0,1.0,0.0,0.0,0.0,0.0,0.0,0.0,1.0,1.0,1.0,0.0,1.0,0.0,1.0,1.0,1.0,0.0,0.0,0.0,0.0,1.0,0.0,1.0,0.0,1.0,0.0,0.0,0.0,0.0,0.0,0.0,1.0,1.0,1.0,1.0,1.0,1.0,0.0,0.0,1.0,1.0,0.0,0.0,1.0,1.0,0.0,0.0,1.0,0.0,1.0,1.0,0.0,1.0,0.0,1.0,0.0,1.0,1.0,1.0,0.0,1.0,0.0,0.0,0.0,0.0,0.0,0.0,0.0,0.0,1.0,1.0,1.0,0.969731179725168,1.0,0.0,1.0,0.6935039866322371,1.0,1.0,1.0,1.0,1.0,1.0,0.0,1.0,1.0,1.0,1.0,1.0,0.0,0.0,1.0,0.0,1.0,1.0,0.0,0.0,0.0,1.0,1.0
49,additive/lengthscale,interaction_g0.25,0,2.9432792135648995,2.8013492486378704,3.003704638313992,2.8831439936425993,0.3347058341848985,-2.383322224816048,31.052014485932887,174.24508708692156,1,1,excluded,r_hat_max 1.162 > 1.1,1.161678484585529,1.005771193062391,0.9038461538461539,23.71093699376563,0,62.875,1.161678484585529,23.71093699376563,nan,nan,1.0091754376481932,38.21512903002208,1.1644271980677419,1.2200995057640551,0,1.0,1.0,0.0,0.0,0.0,0.0,1.0,1.0,1.0,1.0,0.0,1.0,0.0,1.0,1.0,1.0,0.0,0.0,0.0,1.0,1.0,1.0,1.0,0.0,1.0,0.0,1.0,0.0,1.0,0.0,0.0,1.0,1.0,1.0,1.0,1.0,1.0,0.0,0.0,0.5887736920794833,1.0,0.0,0.4630859310394513,1.0,1.0,0.0,0.0,1.0,0.0,1.0,1.0,0.0,1.0,0.0,1.0,0.0,1.0,1.0,1.0,0.0,1.0,0.0,0.12155910595654795,0.5536897338336341,1.0,0.0,0.0,0.0,0.0,1.0,1.0,1.0,1.0,0.0,0.0,1.0,0.7173037076321053,1.0,1.0,1.0,1.0,0.0,1.0,0.0,0.4463340078816632,1.0,1.0,1.0,1.0,0.0,0.0,1.0,0.0,1.0,1.0,0.0,0.0,0.0,1.0,1.0
50,additive/lengthscale,interaction_g0.25,0,2.7865537496707957,2.78728261653071,3.003704638313992,2.8831439936425993,0.3347058341848985,-1.9337061424408153,30.67436751909554,218.4758987929672,1,1,excluded,r_hat_max 1.136 > 1.1; n_eff_min 10.6 < 16.0,1.1362712463228586,0.9997032864186188,0.9807692307692307,10.552528154164479,0,62.875,1.1362712463228586,10.552528154164479,nan,nan,1.0230576407687333,19.9646312427875,1.200004238377685,1.2332438979982543,1,1.0,1.0,0.0,0.0,0.0,0.41086081043532396,1.0,0.5081540597030297,1.0,1.0,0.0,1.0,0.0,1.0,1.0,1.0,0.0,0.0,0.0,0.0,0.0,1.0,0.0,0.0,1.0,0.0,1.0,0.0,1.0,0.0,0.0,1.0,1.0,1.0,1.0,0.0,0.6231090265962508,0.0,0.0,1.0,1.0,1.0,0.5088758960104958,1.0,1.0,0.0,0.0,0.4079093640230007,0.0,1.0,1.0,0.0,1.0,0.0,0.0,0.0,1.0,1.0,1.0,0.0,1.0,1.0,0.11250141410430149,0.0,1.0,0.0,0.0,0.0,1.0,1.0,1.0,1.0,0.0,0.0,0.0,1.0,0.7148510914013112,1.0,1.0,1.0,1.0,0.0,0.0,0.0,1.0,1.0,0.0,1.0,1.0,0.0,0.0,1.0,0.0,1.0,1.0,0.0,0.47497494770633547,1.0,0.0,1.0
51,additive/lengthscale,interaction_g0.25,0,2.3377708935202275,2.4728734727066786,3.003704638313992,2.8831439936425993,0.3347058341848985,-3.335012680059103,30.85663004615344,169.94974883599207,1,1,excluded,n_eff_min 12.2 < 16.0,1.0732550187850423,1.0011567096122957,0.9711538461538461,12.18272499414108,0,62.8125,1.0732550187850423,12.18272499414108,nan,nan,1.0429084425621018,15.780451361810387,1.2311130523246085,1.2407485823573974,0,1.0,1.0,0.0,0.0,0.0,0.0,1.0,1.0,1.0,1.0,0.0,1.0,0.0,1.0,1.0,1.0,0.0,0.0,0.0,0.0,1.0,1.0,0.0,0.0,1.0,0.0,1.0,0.0,1.0,0.0,0.0,1.0,1.0,1.0,1.0,1.0,1.0,0.0,0.0,0.0,1.0,0.0,0.5162691547110411,1.0,1.0,0.0,0.0,1.0,0.0,1.0,0.9841995151696055,0.0,1.0,0.0,1.0,0.0,1.0,1.0,1.0,0.0,1.0,1.0,0.0,0.0,1.0,0.0,0.0,0.0,0.0,1.0,1.0,1.0,1.0,0.0,0.0,1.0,0.7189139601119279,1.0,1.0,1.0,1.0,0.0,1.0,0.0,1.0,1.0,1.0,1.0,1.0,0.0,0.0,1.0,0.0,1.0,1.0,0.0,0.0,0.0,0.0,1.0
52,additive/lengthscale,interaction_g0.25,0,2.6547366424316516,2.7321061999797243,3.003704638313992,2.8831439936425993,0.3347058341848985,-3.0542648635606873,30.4626205409877,160.93504905002192,1,1,excluded,n_eff_min 14.6 < 16.0,1.0781653159121316,1.00286536110776,0.9903846153846154,14.60521607215014,0,63.0,1.0781653159121316,14.60521607215014,nan,nan,1.0435445505947456,26.66936769392204,1.2523949338860627,1.2381239615154331,0,1.0,1.0,0.0,0.0,0.0,0.0,1.0,1.0,1.0,1.0,0.0,1.0,0.0,1.0,0.0,1.0,0.0,0.0,0.0,1.0,1.0,1.0,1.0,0.0,1.0,0.0,1.0,0.0,1.0,0.0,0.0,1.0,1.0,1.0,1.0,0.0,1.0,0.0,0.0,1.0,1.0,0.0,1.0,1.0,1.0,0.0,0.0,1.0,0.0,1.0,1.0,0.0,1.0,0.0,0.0,1.0,1.0,1.0,1.0,0.0,1.0,0.0,0.08332825645628633,1.0,1.0,0.0,0.0,0.0,1.0,0.0,1.0,1.0,0.0,0.0,0.0,1.0,0.7113864856485331,1.0,1.0,1.0,1.0,0.0,0.0,0.0,0.0,1.0,1.0,1.0,1.0,0.0,0.0,1.0,0.0,1.0,1.0,0.0,0.0,0.0,1.0,1.0
53,additive/lengthscale,interaction_g0.25,0,2.5955366502637895,2.693585964224472,3.003704638313992,2.8831439936425993,0.3347058341848985,-2.2862513737288275,31.158412022981793,173.83177131111734,1,1,ok,,1.0666841780307006,0.9991383757370929,0.9903846153846154,49.628003304507786,0,63.0,1.0666841780307006,49.628003304507786,nan,nan,1.0121722813642806,84.23663711280558,1.278854211405791,1.2411414892900952,0,1.0,1.0,0.0,0.5845580386132869,0.0,0.4873874142831846,1.0,1.0,1.0,1.0,0.0,1.0,0.0,1.0,1.0,1.0,0.0,0.0,0.0,1.0,0.0,1.0,1.0,0.0,1.0,0.0,1.0,0.0,1.0,0.0,0.0,1.0,1.0,1.0,1.0,1.0,1.0,0.0,0.0,1.0,1.0,0.0,0.0,1.0,1.0,0.0,0.0,1.0,0.0,0.0,1.0,1.0,1.0,0.0,0.0,0.0,1.0,1.0,1.0,0.0,1.0,0.0,0.0,1.0,1.0,0.0,0.0,0.0,1.0,1.0,1.0,0.0,1.0,1.0,0.0,0.0,0.6758959705673558,1.0,0.0,1.0,0.0,1.0,0.36624233484325674,0.0,1.0,1.0,0.0,1.0,1.0,0.0,0.0,0.9526130048662115,0.0,1.0,1.0,0.0,0.0,0.0,1.0,1.0
54,additive/lengthscale,interaction_g0.25,0,3.004613806111456,3.0035789560981043,3.004613806111456,3.0035789560981043,0.21427087172939352,-2.5692969205429836,30.72899084002711,212.2577796841506,1,1,excluded,r_hat_max 1.198 > 1.1; n_eff_min 12.7 < 16.0,1.1984721378510697,1.004880603204032,0.9326923076923077,12.656103017595743,0,63.0,1.1984721378510697,12.656103017595743,nan,nan,1.0901702032104297,28.337466273017192,1.303237219532791,1.242342876102657,0,1.0,1.0,0.0,0.0,0.0,1.0,0.0,1.0,1.0,1.0,0.0,1.0,0.0,1.0,1.0,1.0,0.0,0.0,0.0,0.0,1.0,0.0,1.0,0.0,0.0,0.0,1.0,0.0,0.0,0.0,0.0,1.0,1.0,1.0,1.0,0.0,1.0,0.0,0.0,1.0,1.0,0.0,0.0,1.0,1.0,0.0,0.0824088026883982,1.0,0.0,1.0,1.0,0.0,1.0,0.0,0.0,0.0,1.0,1.0,1.0,0.0,1.0,0.0,0.13517278440532363,0.7547251369566644,1.0,0.0,0.0,0.0,1.0,1.0,1.0,0.593368483207414,1.0,0.0,0.0,1.0,0.48552913741235143,1.0,0.0,1.0,1.0,0.0,0.0,0.0,1.0,1.0,0.0,1.0,0.9574945883463073,0.0,0.0,1.0,0.0,1.0,1.0,0.0,0.543850430338844,1.0,1.0,1.0
55,additive/lengthscale,interaction_g0.25,0,2.608743410212655,2.678942316770063,3.004613806111456,3.0035789560981043,0.21427087172939352,-2.149941807062477,31.104746266966686,155.98925823904574,1,1,excluded,r_hat_max 1.127 > 1.1; n_eff_min 11.9 < 16.0,1.1271135890117845,1.0069861561702962,0.9326923076923077,11.884988117654236,0,63.0,1.1271135890117845,11.884988117654236,nan,nan,1.0177103820455295,44.89326885899785,1.3341713392887666,1.251809643382818,0,1.0,1.0,0.0,0.6510273906175605,1.0,1.0,0.0,1.0,1.0,1.0,0.0,1.0,0.0,1.0,1.0,1.0,0.0,0.0,0.0,0.0,1.0,0.0,1.0,0.0,1.0,0.0,1.0,0.0,0.0,0.0,0.0,1.0,1.0,1.0,1.0,0.0,1.0,0.1614735383960045,0.0,1.0,1.0,0.0,0.0,1.0,1.0,0.0,0.09523813177911702,1.0,0.0,0.704792364276142,1.0,0.0,1.0,0.0,0.0,1.0,1.0,1.0,1.0,0.0,1.0,1.0,0.0,1.0,1.0,0.0,0.0,0.0,1.0,1.0,1.0,1.0,1.0,0.0,0.0,1.0,0.6680872468838135,1.0,1.0,1.0,1.0,0.0,0.0,0.0,0.0,0.0,0.0,1.0,1.0,0.0,0.0,1.0,0.0,1.0,1.0,0.0,0.0,1.0,1.0,1.0
56,additive/lengthscale,interaction_g0.25,0,2.9136992400146178,2.785839136150557,3.004613806111456,3.0035789560981043,0.21427087172939352,-2.518409939692858,30.540530615951866,169.40706203086302,1,1,excluded,r_hat_max 1.193 > 1.1,1.1932405620242017,1.0057438687689468,0.8173076923076923,17.961203130321255,0,63.0,1.1932405620242017,17.961203130321255,nan,nan,1.006208528590396,50.25779695111496,1.356931554840979,1.2520128829533874,0,1.0,1.0,0.0,0.0,0.0,1.0,0.0,1.0,1.0,1.0,0.0,1.0,0.0,1.0,1.0,1.0,0.23035197451275763,0.0,0.0,0.0,0.0,0.0,1.0,0.0,0.0,0.0,1.0,0.0,0.0,0.0,0.0,1.0,1.0,1.0,1.0,0.0,1.0,0.05393421171218775,0.0,1.0,1.0,1.0,0.0,1.0,1.0,0.0,0.0,1.0,0.0,1.0,1.0,0.0,1.0,0.0,0.0,0.0,1.0,1.0,1.0,0.0,1.0,0.0,0.09836404884278478,1.0,1.0,0.0,0.0,0.0,0.0,1.0,1.0,0.0,1.0,0.0,0.0,1.0,0.7035180996850243,1.0,0.4092529357583672,1.0,1.0,0.0,0.0,0.0,1.0,1.0,0.0,1.0,1.0,0.0,0.0,1.0,0.6157113117361779,1.0,1.0,0.0,0.0,1.0,1.0,1.0
57,additive/lengthscale,interaction_g0.25,0,2.7387611612325355,2.849329655806285,3.004613806111456,3.0035789560981043,0.21427087172939352,-2.839182716425885,30.838044579140842,186.4931615050882,1,1,ok,,1.0981187340720286,1.0001202715896222,0.9711538461538461,16.91985710690577,0,62.875,1.0981187340720286,16.91985710690577,nan,nan,0.9988956927039504,105.86508006969905,1.3842432686159551,1.2576993625979493,0,1.0,1.0,0.36514336625701244,0.0,0.0,1.0,0.0,1.0,1.0,1.0,0.0,1.0,0.0,1.0,1.0,1.0,0.0,0.0,0.0,1.0,0.0,0.0,1.0,0.0,0.0,0.0,1.0,0.0,0.0,0.0,0.0,0.9316679151644779,1.0,1.0,1.0,0.0,1.0,0.0,0.0,1.0,1.0,0.0,0.0,1.0,1.0,0.0,0.0925039312607953,1.0,0.07201119738473584,1.0,1.0,0.0,1.0,0.0,0.0,0.0,1.0,1.0,1.0,0.0,1.0,0.0,0.1418614090068871,1.0,1.0,0.0,0.0,0.0,1.0,1.0,1.0,1.0,1.0,0.0,0.0,1.0,0.7160444388697331,1.0,0.0,1.0,1.0,0.0,0.0,0.0,1.0,1.0,0.0,1.0,0.9559144956358261,0.0,0.0,1.0,0.0,1.0,1.0,0.0,0.0,1.0,0.0,1.0
58,additive/lengthscale,interaction_g0.25,0,2.6432310107168915,2.7171510212282604,3.004613806111456,3.0035789560981043,0.21427087172939352,-1.9326343078800066,30.778986423043534,175.63554265792482,1,1,excluded,r_hat_max 2.867 > 1.1; n_eff_min 3.4 < 16.0,2.867388319057681,1.005995384387072,0.8269230769230769,3.380193911509072,0,63.0,2.867388319057681,3.380193911509072,nan,nan,2.271227617382568,3.6011341847992506,1.4075970253852064,1.2592151618392153,0,1.0,1.0,0.0,0.0,0.0,1.0,0.0,1.0,1.0,1.0,0.0,1.0,0.0,1.0,1.0,1.0,0.0,0.0,1.0,0.14964307643729047,1.0,0.0,0.0,0.0,1.0,0.0,1.0,0.0,1.0,0.0,0.0,1.0,1.0,1.0,1.0,0.0,1.0,0.0,0.0,0.7115635703013369,1.0,1.0,0.0,1.0,1.0,0.0,0.0,0.0,0.0,1.0,1.0,0.0,1.0,0.0,1.0,0.0,1.0,1.0,1.0,0.0,1.0,0.0,0.0,1.0,1.0,0.0,0.0,0.0,0.0,1.0,1.0,0.0,1.0,0.0,0.0,1.0,0.45922603850125016,0.0,1.0,1.0,1.0,0.0,0.0,0.0,1.0,1.0,1.0,1.0,1.0,0.0,0.0,1.0,1.0,0.0,1.0,0.0,0.0,1.0,0.33028673403559367,1.0
59,additive/lengthscale,interaction_g0.25,0,2.7915220811183903,2.918467724087319,3.004613806111456,3.0035789560981043,0.21427087172939352,-2.758365357280646,30.89385845209472,163.77389044198208,1,1,excluded,r_hat_max 1.187 > 1.1; n_eff_min 14.2 < 16.0,1.1874323845419772,1.005654790714948,0.8269230769230769,14.237891789681456,0,63.0,1.1874323845419772,14.237891789681456,nan,nan,1.0081628269626668,114.78006188915457,1.4285399742891334,1.2586449352380416,0,1.0,1.0,0.0,0.0,0.0,0.0,0.0,1.0,1.0,1.0,0.0,1.0,0.0,1.0,1.0,1.0,0.0,0.0,0.0,0.0,1.0,0.0,1.0,0.0,0.0,0.0,1.0,0.0,0.0,0.0,0.0,1.0,1.0,1.0,1.0,0.0,1.0,0.0,0.0,1.0,1.0,1.0,0.0,1.0,0.8018114216347422,0.0,0.0,1.0,0.0,1.0,1.0,0.0,1.0,0.0,0.0,1.0,1.0,1.0,1.0,0.0,1.0,0.0,0.09918256176081412,0.0,1.0,0.0,0.0,0.0,0.0,1.0,1.0,0.0,0.0,0.0,0.3931378344629017,1.0,0.47936591868987344,1.0,0.0,1.0,0.49955204551361093,0.0,0.0,0.0,0.5028841761170164,1.0,0.0,1.0,1.0,0.0,0.0,1.0,0.0,0.0,1.0,0.0,0.0,1.0,1.0,1.0
60,additive/lengthscale,interaction_g0.25,0,2.8070644598833066,2.790348059281335,3.004613806111456,3.0035789560981043,0.21427087172939352,-2.3745779462206573,31.017491484060884,231.52691196510568,1,1,excluded,r_hat_max 1.148 > 1.1,1.1478538917883236,1.0022301725306724,0.9134615384615384,22.543736836232025,0,63.0,1.1478538917883236,22.543736836232025,nan,nan,1.0314934279331789,99.98574997827478,1.4512563427362875,1.2602499456247633,0,1.0,1.0,0.0,0.42049197316572634,1.0,0.5834858781634846,0.0,1.0,1.0,0.8688001835561505,1.0,1.0,0.0,1.0,1.0,1.0,0.0,0.0,0.0,1.0,0.0,0.0,0.0,0.0,1.0,0.0,1.0,0.0,1.0,0.0,1.0,0.0,1.0,1.0,1.0,1.0,1.0,0.0,0.0,1.0,1.0,0.0,0.0,1.0,1.0,0.0,0.0,0.0,0.0,1.0,1.0,0.0,1.0,0.0,0.0,1.0,0.8121311779391437,0.0,1.0,0.0,1.0,0.0,0.13966152392076472,1.0,1.0,0.0,1.0,0.0,0.5068736463626832,1.0,0.7419411772164641,0.0,0.0,0.0,0.0,1.0,0.5352092648517897,1.0,1.0,1.0,0.0,1.0,1.0,0.0,1.0,1.0,0.0,0.0,1.0,1.0,0.0,1.0,1.0,0.0,1.0,1.0,1.0,1.0,1.0,1.0
61,additive/lengthscale,interaction_g0.25,0,3.058727552570843,2.979789813583481,3.058727552570843,3.0035789560981043,0.21427087172939352,-2.547278918692005,31.40189637313597,182.80304069793783,1,1,excluded,r_hat_max 1.164 > 1.1; n_eff_min 15.0 < 16.0,1.1643344198923278,1.0019616350768088,0.9807692307692307,15.047723389424814,0,63.0,1.1643344198923278,15.047723389424814,nan,nan,1.0206961357169404,131.18371499266394,1.4734827053124682,1.261679056216127,0,1.0,1.0,0.0,0.0,0.0,0.0,0.0,1.0,1.0,1.0,0.0,1.0,0.0,1.0,1.0,1.0,0.0,0.0,0.0,0.0,1.0,0.0,1.0,0.0,1.0,0.0,1.0,0.0,0.0,0.0,0.0,1.0,1.0,1.0,1.0,0.5593114288983793,1.0,0.0,0.0,0.5400390322714471,1.0,1.0,0.0,1.0,1.0,0.0,0.0,1.0,0.0,1.0,1.0,0.0,1.0,0.0,0.0,0.0,1.0,1.0,1.0,0.0,1.0,0.0,0.12205187337209035,1.0,1.0,0.0,1.0,0.27653334849656186,1.0,1.0,1.0,0.0,1.0,0.0,0.0,1.0,0.5454899955220509,1.0,0.0,1.0,1.0,1.0,0.0,0.0,1.0,1.0,0.0,1.0,1.0,0.0,0.0,1.0,1.0,0.0,1.0,0.0,0.4718176195607487,0.25556275668164097,1.0,1.0
62,additive/lengthscale,interaction_g0.25,0,2.7531634946381813,2.742357241403214,3.058727552570843,3.0035789560981043,0.21427087172939352,-3.156041381326922,31.376412198878825,147.85024068900384,1,1,excluded,r_hat_max 1.312 > 1.1; n_eff_min 11.0 < 16.0,1.3118165718458676,1.004190015118834,0.9423076923076923,10.980727854704602,0,63.0,1.3118165718458676,10.980727854704602,nan,nan,0.9994776561491162,75.39099310355873,1.4990511705908292,1.2672954784569705,0,1.0,1.0,0.0,0.0,0.0,0.0,0.0,1.0,1.0,1.0,0.0,1.0,0.0,1.0,0.0,1.0,0.0,0.0,0.0,1.0,1.0,0.0,1.0,0.0,1.0,0.0,1.0,0.0,0.0,0.0,0.0,1.0,1.0,1.0,1.0,0.0,1.0,0.0,0.0,1.0,1.0,1.0,0.44606939638342874,1.0,1.0,0.0,0.0,1.0,0.0,1.0,1.0,0.0,1.0,0.0,0.0,0.0,1.0,1.0,1.0,0.0,1.0,0.0,0.0,1.0,1.0,0.0,1.0,0.0,1.0,1.0,1.0,0.0,1.0,0.0,0.0,1.0,0.5133251585560973,1.0,0.0,1.0,1.0,1.0,0.0,0.0,1.0,1.0,0.0,1.0,1.0,0.0,0.0,1.0,1.0,0.0,1.0,0.0,1.0,1.0,1.0,1.0
63,additive/lengthscale,interaction_g0.25,0,2.2469979282356527,2.1877601957605166,3.058727552570843,3.0035789560981043,0.21427087172939352,-1.6638854557724834,31.265146346995607,296.7587491511367,1,1,excluded,r_hat_max 4.005 > 1.1; n_eff_min 3.0 < 16.0; divergences 9 > 5,4.005007260993357,1.010677853583398,0.8461538461538461,2.965790874224239,9,62.09375,4.005007260993357,2.965790874224239,nan,nan,2.993797037448956,3.296520449192687,1.5189577154169775,1.2669309130424087,0,1.0,0.0,0.0,0.0,0.21589504107684374,0.3790649410119838,0.0,0.840931412437444,1.0,1.0,1.0,0.0,0.0,1.0,1.0,1.0,0.0,0.24842167704329715,0.0,0.48583891639700294,0.0,1.0,0.00033538849128554463,1.0,1.0,0.0,1.0,0.0,0.0,0.0,0.0,0.0,1.0,1.0,1.0,0.9999878382997234,1.0,0.0,0.0,0.0,1.0,0.0,0.09034296526918455,1.0,1.0,0.0,0.0,0.0,0.0,0.0,0.22423535028695712,1.0,1.0,0.14203689265843306,1.0,0.0,0.0,1.0,1.0,0.16372581818466156,1.0,0.0,0.12423650560418226,1.0,0.9079072006561278,0.0,1.0,0.0,0.0,1.0,1.0,0.0,1.0,0.0,0.0,1.0,0.5483642378140056,0.487205789984121,1.0,1.0,0.7830527355448681,0.04804232723143789,1.0,0.0,0.0,1.0,0.0,1.0,1.0,0.0,0.0,1.0,1.0,1.0,1.0,0.0,0.0,0.0,1.0,1.0
64,additive/lengthscale,interaction_g0.25,0,2.937471384856124,2.989959588339341,3.058727552570843,3.0035789560981043,0.21427087172939352,-2.6619229434237965,30.32346405601129,186.76198795204982,1,1,excluded,r_hat_max 1.341 > 1.1; n_eff_min 5.2 < 16.0,1.340936653713545,1.0123963707339594,0.7980769230769231,5.226378238313662,1,62.78515625,1.340936653713545,5.226378238313662,nan,nan,1.2529129378453154,5.897966361533889,1.5303333437422693,1.26023273369712,0,1.0,1.0,0.0,0.0,0.0,0.0,0.0,1.0,1.0,1.0,0.0,1.0,0.0,0.824159620582135,1.0,1.0,0.0,0.07200326501545184,0.0,0.0,0.0,0.0,1.0,0.0,1.0,0.0,1.0,0.0,0.0,0.0,0.0,1.0,1.0,1.0,1.0,1.0,0.0,0.0,0.0,1.0,1.0,1.0,0.0,1.0,1.0,0.0,0.0,0.0,0.0,1.0,1.0,0.0,1.0,0.0,0.0,0.0,1.0,1.0,1.0,0.0,1.0,1.0,0.12678152513230573,1.0,1.0,0.0,0.0,0.0,1.0,1.0,1.0,1.0,1.0,0.0,0.0,1.0,0.5000222446183132,1.0,0.0,1.0,1.0,1.0,0.0,0.0,1.0,1.0,0.0,1.0,1.0,0.0,0.0,1.0,1.0,1.0,1.0,1.0,0.0,0.0,1.0,1.0
65,additive/lengthscale,interaction_g0.25,0,2.944281892624772,2.8922530065960164,3.058727552570843,3.0035789560981043,0.21427087172939352,-2.7058739223336623,36.3566247348208,211.64029252598993,1,1,excluded,r_hat_max 1.368 > 1.1; n_eff_min 6.8 < 16.0,1.3675791242506896,1.0038197932976896,0.9519230769230769,6.832796300789116,0,62.875,1.3675791242506896,6.832796300789116,nan,nan,1.0301250696050313,16.20573422392976,1.551981621297867,1.2624366799603575,0,1.0,1.0,0.0,0.4438649388950503,0.0,1.0,0.0,1.0,1.0,1.0,0.0,1.0,0.0,1.0,1.0,1.0,0.0,0.0,0.0,0.0,1.0,0.0,1.0,0.0,1.0,0.0,1.0,0.0,0.0,0.0,0.0,1.0,1.0,1.0,1.0,0.0,1.0,0.0,0.0,1.0,1.0,1.0,0.0,1.0,1.0,0.0,0.0,0.0,0.0,1.0,0.9962878500313785,0.0,1.0,0.0,0.0,0.0,1.0,1.0,1.0,0.0,1.0,0.0,0.09173187346345116,1.0,1.0,0.0,0.0,0.22454921291512517,0.5470683313780665,1.0,1.0,1.0,1.0,0.0,0.0,1.0,0.5146008258992784,1.0,0.0,1.0,0.0,0.624873088182211,0.0,0.0,1.0,1.0,0.0,0.0,1.0,1.0,0.0,1.0,0.0,1.0,1.0,1.0,0.4733096446790507,1.0,1.0,1.0
66,additive/lengthscale,interaction_g0.25,0,2.9001625763466183,2.9710598043449448,3.058727552570843,3.0035789560981043,0.21427087172939352,-2.8012671223780665,35.264608963858336,254.18752481695265,1,1,excluded,r_hat_max 2.039 > 1.1; n_eff_min 3.5 < 16.0,2.0386685120652412,1.0056930821693295,0.8557692307692307,3.455102097105636,0,63.0,2.0386685120652412,3.455102097105636,nan,nan,1.7405570421896208,3.7437866773696813,1.5730770799543352,1.2643278423961346,0,1.0,1.0,0.0,0.0,0.0,0.0,0.0,1.0,1.0,1.0,1.0,1.0,0.0,1.0,1.0,1.0,0.0,0.0,0.0,0.0,1.0,0.0,1.0,0.0,1.0,0.0,1.0,0.0,1.0,0.0,0.0,1.0,1.0,1.0,1.0,0.0,1.0,0.0,0.0,1.0,1.0,1.0,0.0,0.5952102334238836,1.0,0.0,0.0,0.5302538535229313,0.0,1.0,0.9949897535124506,1.9644507240559617e-05,1.0,0.0,0.0,0.0,1.0,1.0,1.0,0.0,1.0,0.0,0.12956535694497967,1.0,1.0,0.0,1.0,0.0,0.46702827500000416,1.0,1.0,1.0,1.0,0.0,0.0,1.0,0.5238484750210054,1.0,1.0,1.0,1.0,1.0,1.0,0.0,1.0,1.0,0.0,0.0,1.0,0.0,0.0,1.0,1.0,0.0,1.0,0.0,1.0,0.0,1.0,1.0
67,additive/lengthscale,interaction_g0.25,0,2.988859102609515,2.9569152605915088,3.058727552570843,3.0035789560981043,0.21427087172939352,-2.751884430186665,38.14763762499206,198.12920368486084,1,1,excluded,r_hat_max 1.174 > 1.1; n_eff_min 7.2 < 16.0,1.1742189456965146,1.0036392350939944,0.8461538461538461,7.160047362282204,0,63.0,1.1742189456965146,7.160047362282204,nan,nan,1.0296655033887954,15.66688860394369,1.5928843261691454,1.2651323625365025,0,1.0,1.0,0.0,0.0,0.0,1.0,0.0,1.0,1.0,1.0,0.0,1.0,0.02239417058669798,1.0,1.0,1.0,0.0,0.0,1.0,0.0,0.0,1.0,1.0,0.0,1.0,0.0,1.0,0.0,0.0,1.0,0.0,1.0,1.0,1.0,1.0,1.0,1.0,0.0,0.0,0.0,1.0,0.0,1.0,1.0,1.0,0.0,0.0,1.0,0.0,0.0,1.0,1.0,1.0,0.0,1.0,0.0,1.0,1.0,1.0,0.0,1.0,0.0,0.11162038953706535,1.0,1.0,0.0,1.0,1.0,1.0,1.0,1.0,0.0,1.0,1.0,0.0,1.0,0.5188096395026197,1.0,1.0,0.0,1.0,0.0,1.0,0.0,1.0,1.0,0.0,1.0,1.0,0.0,0.0,1.0,1.0,0.0,1.0,0.0,0.0,1.0,1.0,1.0
68,additive/lengthscale,interaction_g0.25,0,3.0531577138199184,2.9778590763199566,3.058727552570843,3.0035789560981043,0.21427087172939352,-3.2321393563666625,35.527123412815854,188.15459588100202,1,1,excluded,r_hat_max 2.457 > 1.1; n_eff_min 3.7 < 16.0,2.4566193545175086,1.0087765849937373,0.8269230769230769,3.6513498684493135,0,62.875,2.4566193545175086,3.6768049202606115,nan,nan,2.4361752268215815,3.6513498684493135,1.6134133669991508,1.2669880942187868,0,1.0,1.0,0.0,0.0,0.0,0.0,0.0,1.0,1.0,1.0,0.0,1.0,0.0,1.0,1.0,1.0,0.0,0.0,1.0,0.0,0.0,1.0,1.0,0.0,1.0,0.0,1.0,0.0,0.0,0.0,0.0,1.0,1.0,1.0,1.0,1.0,1.0,0.0,0.0,1.0,1.0,0.0,0.0,1.0,1.0,0.0,0.0,0.0,0.0,0.0,1.0,1.0,1.0,0.0,1.0,0.0,1.0,1.0,1.0,0.0,1.0,0.0,0.12065898007938297,1.0,1.0,0.0,0.0,1.0,1.0,1.0,1.0,0.0,1.0,1.0,0.0,1.0,0.5207204004336582,1.0,1.0,0.0,1.0,1.0,0.0,0.0,1.0,1.0,0.0,1.0,1.0,1.0,0.0,1.0,1.0,1.0,1.0,0.0,1.0,1.0,1.0,1.0
69,additive/lengthscale,interaction_g0.25,0,2.221151195745084,2.145159687863014,3.058727552570843,3.0035789560981043,0.21427087172939352,-3.4927807946378078,38.00488107511774,186.15312934783287,1,1,excluded,r_hat_max 3.707 > 1.1; n_eff_min 3.1 < 16.0,3.7069429528059437,1.0033259847969602,0.8557692307692307,3.0565611349918007,0,62.5,3.7069429528059437,3.1047324597925043,nan,nan,3.092140273021166,3.0565611349918007,1.6342792270980024,1.269488215839673,0,1.0,1.0,0.0,0.0,0.0,1.0,1.0,1.0,1.0,1.0,0.0,0.0,0.0,1.0,1.0,1.0,0.0,0.0,1.0,0.0,0.0,0.0,1.0,0.0,1.0,0.0,1.0,0.0,0.0,0.0,0.0,1.0,1.0,1.0,1.0,1.0,1.0,0.0,0.0,1.0,1.0,1.0,1.0,1.0,1.0,0.0,0.0,1.0,0.0,1.0,0.26559109110442775,1.0,1.0,0.0,0.0,1.0,1.0,1.0,1.0,0.0,1.0,0.0,0.12342070381708568,1.0,1.0,0.003886726935001152,0.0,0.0,1.0,1.0,1.0,1.0,0.0,0.0,0.0,1.0,0.5045910622200802,1.0,1.0,1.0,1.0,1.0,0.0,0.0,1.0,1.0,0.0,0.0,1.0,1.0,0.0,1.0,1.0,0.5901928795667218,1.0,0.0,0.0,1.0,1.0,1.0
70,additive/lengthscale,interaction_g0.25,0,3.0269021379397314,2.986667690053895,3.058727552570843,3.0035789560981043,0.21427087172939352,-1.8981210937779585,35.89495283504948,226.83224007720128,1,1,excluded,r_hat_max 1.302 > 1.1; n_eff_min 5.8 < 16.0,1.3017907733837668,1.0013073577179972,0.9423076923076923,5.822183643634283,0,63.0,1.3017907733837668,5.822183643634283,nan,nan,1.0158536744624287,51.216493626896515,1.6426631123643893,1.2623103604167492,0,1.0,1.0,0.0,0.0,0.0,0.0,0.0,1.0,1.0,1.0,0.0,0.0,1.0,1.0,1.0,1.0,0.0,0.04227277321341654,0.0,0.0,0.0,1.0,1.0,0.0,0.6024117811497379,0.0,1.0,0.0,0.0,0.0,0.0,1.0,1.0,1.0,1.0,0.0,1.0,0.0,0.0,1.0,1.0,0.0,0.0,1.0,1.0,0.08641215606355868,0.0,0.0,0.0,0.0,1.0,1.0,1.0,0.0,1.0,0.0,0.0,1.0,1.0,0.0,1.0,0.0,0.12483149177206371,1.0,1.0,0.0,1.0,0.26013929768252386,0.0,1.0,1.0,0.0,1.0,0.0,0.0,1.0,0.5299682801629174,1.0,1.0,1.0,0.0,0.0,1.0,0.0,1.0,1.0,0.0,1.0,1.0,0.0,1.0,1.0,1.0,1.0,0.9497369081106636,0.0,1.0,1.0,1.0,1.0
71,additive/lengthscale,interaction_g0.25,0,2.9501929917938057,2.9716316466485764,3.058727552570843,3.0035789560981043,0.21427087172939352,-2.6426372790269017,38.27614046493545,198.59740560292266,1,1,excluded,r_hat_max 1.115 > 1.1; n_eff_min 11.8 < 16.0,1.1151400949849937,1.0034905167148478,0.9326923076923077,11.847066312355796,0,62.875,1.1151400949849937,11.847066312355796,nan,nan,1.0077574595249825,171.08524788172502,1.6621594366682673,1.2639589677778615,0,1.0,1.0,0.0,0.0,0.0,0.0,0.0,1.0,1.0,1.0,0.0,0.0,0.0,1.0,1.0,1.0,0.0,0.0,0.0,0.0,0.0,1.0,0.0,0.0,1.0,0.0,1.0,0.0,0.0,0.0,0.0,1.0,1.0,1.0,1.0,1.0,1.0,0.0,1.0,1.0,1.0,0.0,1.0,1.0,1.0,0.0,0.133326913128361,0.0,1.0,0.0,1.0,0.0,1.0,0.0,1.0,0.0,0.0,1.0,0.0,0.0,0.0,0.0,0.11846372801091086,1.0,1.0,0.0,1.0,0.0,0.0,1.0,1.0,0.0,1.0,0.0,0.0,1.0,0.543889166684259,1.0,1.0,1.0,0.0,1.0,1.0,0.0,1.0,1.0,0.0,1.0,1.0,0.0,1.0,1.0,1.0,1.0,0.0,1.0,0.0,0.0,1.0,1.0
72,additive/lengthscale,interaction_g0.25,0,2.7209296160706904,2.821953337544462,3.058727552570843,3.0035789560981043,0.21427087172939352,-2.935627764342483,34.99469461198896,221.88523205299862,1,1,excluded,r_hat_max 1.297 > 1.1; n_eff_min 7.3 < 16.0,1.2970984457293504,1.0124826445028234,0.7692307692307693,7.343400292365303,0,63.0,1.2970984457293504,7.343400292365303,nan,nan,1.037677127206311,33.22638343427302,1.6800487916005666,1.2641699059382168,0,1.0,1.0,0.0,0.0,0.0,0.0,0.0,1.0,1.0,0.8873015577223291,0.0,0.0,1.0,1.0,1.0,1.0,0.0,1.0,1.0,0.0,0.0,1.0,1.0,0.0,1.0,0.0,1.0,0.0,0.0,0.0,0.0,1.0,1.0,1.0,1.0,0.0,1.0,0.435557817801059,0.0,1.0,1.0,1.0,0.0,0.9174326624161264,1.0,0.0,0.0,1.0,0.0,0.0,1.0,0.4641133116578421,1.0,0.0,1.0,0.0,1.0,1.0,1.0,0.0,1.0,0.0,0.12541134852137029,1.0,1.0,0.0,1.0,1.0,1.0,1.0,1.0,0.0,1.0,0.0,0.0,1.0,0.5475749327090873,1.0,1.0,1.0,0.0,0.0,1.0,0.0,1.0,1.0,0.0,1.0,1.0,0.0,1.0,1.0,1.0,1.0,1.0,0.0,1.0,1.0,1.0,0.0
73,additive/lengthscale,interaction_g0.25,0,2.9553452523808517,2.9718283718725718,3.058727552570843,3.0035789560981043,0.21427087172939352,-3.6182730753064747,38.78300413605757,233.2593035909813,1,1,excluded,n_eff_min 14.3 < 16.0,1.0979619697638177,1.0002895065282273,0.9903846153846154,14.313229412248523,0,62.5,1.0979619697638177,14.313229412248523,nan,nan,1.0001060653916247,89.5522777966088,1.6943074330316643,1.261297608749138,0,1.0,1.0,0.0,0.0,1.0,0.0,0.0,1.0,1.0,1.0,0.0,1.0,0.0,1.0,1.0,1.0,0.0,0.0,1.0,0.0,0.0,1.0,0.0,0.0,1.0,0.0,1.0,0.0,0.0,0.0,1.0,1.0,1.0,1.0,1.0,1.0,1.0,0.0,0.0,0.0,1.0,0.0,0.0,1.0,1.0,0.0,0.0,0.0,0.0,1.0,1.0,1.0,1.0,0.0,1.0,0.0,1.0,1.0,1.0,0.0,1.0,0.0,0.11839467320563742,1.0,1.0,0.0,1.0,0.0,0.0,1.0,1.0,0.0,1.0,1.0,0.0,1.0,0.5050276050911223,1.0,1.0,0.0,0.0,1.0,0.0,0.0,1.0,1.0,0.0,0.0,1.0,0.0,1.0,1.0,1.0,0.0,1.0,1.0,1.0,0.0,1.0,1.0
74,additive/lengthscale,interaction_g0.25,0,2.5878362919081876,2.7017532956698034,3.058727552570843,3.0035789560981043,0.21427087172939352,-3.064828758926404,35.73434090614319,267.2718319038395,1,1,excluded,n_eff_min 13.6 < 16.0,1.059470756703695,0.9997665909216473,0.9903846153846154,13.639096589282953,0,63.0,1.059470756703695,13.639096589282953,nan,nan,1.0435095963333862,33.06242556696834,1.7113484846444913,1.261178974339107,0,1.0,1.0,0.0,0.0,0.0,0.0,0.0,1.0,0.0,0.8566151121821933,0.0,1.0,0.0,1.0,1.0,1.0,0.0,0.0,0.0,0.0,1.0,1.0,1.0,0.0,1.0,0.0,1.0,0.0,0.0,0.0,0.0,1.0,1.0,1.0,1.0,0.0,1.0,1.0,0.0,1.0,1.0,0.0,1.0,1.0,1.0,0.0,0.0,0.0,0.0,0.0,1.0,1.0,1.0,0.0,1.0,0.0,1.0,1.0,1.0,0.0,1.0,0.0,0.12024454426679215,1.0,1.0,0.0,1.0,0.0,1.0,1.0,0.6505942648433073,1.0,1.0,0.0,0.0,1.0,0.5256254355837836,0.0,1.0,0.0,1.0,0.0,1.0,0.0,1.0,1.0,0.0,1.0,1.0,0.0,0.0,1.0,0.0,1.0,1.0,0.0,1.0,1.0,1.0,1.0
75,additive/lengthscale,interaction_g0.25,0,3.073531404380087,2.987312020524723,3.073531404380087,3.0035789560981043,0.21427087172939352,-3.289405534279859,38.392708664992824,234.62871907418594,1,1,excluded,r_hat_max 1.258 > 1.1; n_eff_min 6.8 < 16.0,1.2576716549278146,1.0112992253738904,0.7788461538461539,6.841077911074781,0,63.0,1.2576716549278146,6.841077911074781,nan,nan,1.0864229786979849,11.584679242645764,1.7230349887413403,1.2567701767692434,1,1.0,0.0,0.0,0.0,0.0,1.0,0.0,1.0,1.0,1.0,0.0,1.0,0.0,1.0,1.0,1.0,0.0,0.0,0.0,0.0,0.0,1.0,1.0,0.0,1.0,0.0,1.0,0.0,1.0,0.0,0.0,1.0,1.0,1.0,1.0,1.0,1.0,0.0,0.0,1.0,1.0,0.0,0.0,1.0,1.0,0.0,0.0,0.0,0.0,0.0,1.0,0.0,1.0,0.0,1.0,0.0,0.0,1.0,1.0,0.0,0.0,0.0,0.13112152516680795,1.0,1.0,0.0,1.0,1.0,0.0,1.0,1.0,0.0,1.0,1.0,0.0,1.0,0.4724500875355358,1.0,1.0,1.0,0.0,1.0,1.0,0.0,1.0,1.0,0.0,1.0,1.0,1.0,0.0,1.0,1.0,1.0,1.0,1.0,0.0,1.0,1.0,1.0
76,additive/lengthscale,interaction_g0.25,0,3.076686820278323,3.1296658396335992,3.076686820278323,3.1296658396335992,0.08818398819389861,-3.748507481406811,35.85576905403286,179.60625112010166,1,1,ok,,1.0552912515402877,1.000759426328764,0.9807692307692307,28.037348357664538,0,63.0,1.0552912515402877,28.037348357664538,nan,nan,1.000895722674746,138.4915535908175,1.7408046784207973,1.2579232491527172,0,1.0,0.0,0.0,0.0,0.0,1.0,0.0,1.0,1.0,1.0,1.0,1.0,0.0,1.0,1.0,1.0,0.0,0.0,0.0,1.0,0.0,1.0,0.0,0.0,1.0,0.0,1.0,0.0,1.0,0.0,0.0,0.0,1.0,1.0,1.0,1.0,1.0,0.0,0.0,0.0,1.0,0.0,0.0,1.0,1.0,0.0,1.0,0.0,0.0,1.0,1.0,0.0,1.0,0.0,1.0,0.0,0.0,1.0,1.0,0.0,0.0,0.0,0.3141202276461211,1.0,1.0,0.0,1.0,1.0,0.0,1.0,1.0,0.0,1.0,1.0,0.0,1.0,0.5201743440063656,1.0,1.0,1.0,0.0,1.0,1.0,0.0,1.0,1.0,0.0,1.0,1.0,1.0,0.0,1.0,1.0,0.0,1.0,0.0,0.0,0.5594423405474123,1.0,1.0
77,additive/lengthscale,interaction_g0.25,0,3.0133264454349047,3.1172543531129735,3.076686820278323,3.1296658396335992,0.08818398819389861,-0.22485560614434164,38.337993677007034,178.28493588604033,1,1,excluded,r_hat_max 1.188 > 1.1; n_eff_min 7.7 < 16.0,1.188053919950583,1.0103425673689652,0.7884615384615384,7.654755541270067,0,63.0,1.188053919950583,7.654755541270067,nan,nan,1.0930314760822877,21.89156243212397,1.7581537971462198,1.2588470976580954,0,0.8652120836720834,0.0,0.0,0.0,0.0,1.0,0.4793124696125848,1.0,1.0,1.0,1.0,1.0,0.0,1.0,0.0,1.0,1.0,0.0,0.0,0.0,0.0,1.0,0.0,0.0,1.0,0.0,1.0,0.0,0.0,0.0,1.0,0.0,1.0,1.0,1.0,1.0,1.0,0.0,0.0,0.0,1.0,1.0,0.0,1.0,1.0,0.0,1.0,0.42787217931546984,0.0,1.0,1.0,0.0,1.0,0.0,1.0,0.0,1.0,1.0,1.0,0.0,1.0,0.0,0.19838604389570838,1.0,1.0,0.0,1.0,1.0,0.0,1.0,1.0,0.0,1.0,1.0,0.0,1.0,0.5237499901631265,1.0,1.0,1.0,0.0,1.0,1.0,0.0,1.0,1.0,0.0,1.0,1.0,1.0,0.0,1.0,1.0,0.0,1.0,1.0,0.0,1.0,1.0,1.0
78,additive/lengthscale,interaction_g0.25,0,2.9968828920573958,3.0481186923247647,3.076686820278323,3.1296658396335992,0.08818398819389861,-2.5426945577468274,36.94197621406056,209.63566435012035,1,1,excluded,r_hat_max 1.474 > 1.1; n_eff_min 4.6 < 16.0,1.4743080117647642,1.0070961552163737,0.8653846153846154,4.578365713795371,0,63.0,1.4743080117647642,4.578365713795371,nan,nan,1.2038260181260105,8.428377041371924,1.7742457541755619,1.2586971966844536,0,1.0,0.0,0.0,0.0,0.0,1.0,0.0,1.0,1.0,1.0,1.0,1.0,0.0,1.0,1.0,1.0,0.0,0.0,0.0,0.0,0.0,1.0,1.0,0.0,1.0,0.0,1.0,0.0,1.0,0.0,0.0,1.0,1.0,0.7912470864026614,1.0,1.0,1.0,0.0,0.0,0.68135672872016,1.0,0.0,0.0,1.0,1.0,0.0,0.0,0.0,0.0,1.0,1.0,0.0,1.0,0.0,1.0,1.0,1.0,1.0,1.0,0.0,0.0,0.0,0.1396110666288928,1.0,1.0,1.0,1.0,1.0,0.0,0.0,1.0,0.0,1.0,1.0,0.0,1.0,0.5228497861085929,1.0,1.0,1.0,0.0,1.0,1.0,0.0,1.0,1.0,0.0,1.0,1.0,1.0,0.0,0.927257682136994,1.0,0.0,1.0,1.0,0.0,1.0,1.0,1.0
79,additive/lengthscale,interaction_g0.25,0,2.1256316416316885,1.969257004778884,3.076686820278323,3.1296658396335992,0.08818398819389861,-2.553848522888229,38.56340213213116,280.46640617004596,1,1,excluded,r_hat_max 1.105 > 1.1,1.1049585306840193,1.0036501941699707,0.9423076923076923,24.74110164036618,0,62.875,1.1049585306840193,24.74110164036618,nan,nan,1.0194961710035713,92.14383865554831,1.7897221736424205,1.258152014799342,0,1.0,1.0,0.0,0.0,0.0,0.0,0.0,1.0,1.0,1.0,1.0,1.0,0.0,1.0,1.0,1.0,0.0,0.0,0.0,0.0,0.0,1.0,0.0,0.0,1.0,0.0,1.0,0.0,1.0,0.0,0.6239345084790443,1.0,1.0,1.0,1.0,1.0,1.0,0.0,0.0,1.0,1.0,0.0,0.0,1.0,1.0,1.0,0.0,0.0,0.0,0.0,0.7596266419463797,0.0,1.0,0.0,1.0,0.0,1.0,1.0,1.0,0.0,0.0,0.0,0.252794374098412,1.0,1.0,0.0,1.0,1.0,0.0,1.0,1.0,0.0,1.0,0.0,0.0,0.0,0.5253838378545045,1.0,1.0,0.0,0.0,0.0,1.0,0.0,1.0,1.0,0.0,1.0,1.0,0.0,0.0,1.0,1.0,1.0,0.43782695380252995,0.0,0.0,1.0,1.0,1.0
80,additive/lengthscale,interaction_g0.25,0,1.9743404166825884,1.9737770708354434,3.076686820278323,3.1296658396335992,0.08818398819389861,-2.9589428745893844,34.23552620713599,175.81922832806595,1,1,excluded,r_hat_max 1.161 > 1.1; n_eff_min 15.5 < 16.0,1.1605355817777352,1.0153034898392117,0.7115384615384616,15.50368915974119,0,63.0,1.1605355817777352,15.50368915974119,nan,nan,1.1330619123412025,22.17053104093465,1.7939210419922866,1.2508207186993223,0,1.0,1.0,0.0,0.0,0.0,1.0,0.0,1.0,1.0,1.0,1.0,0.0,0.0,1.0,1.0,1.0,0.0,0.0,0.0,0.0,0.0,0.0,1.0,0.0,1.0,0.0,1.0,0.0,1.0,0.0,0.0,0.0,1.0,1.0,1.0,1.0,1.0,0.0,0.0,1.0,1.0,0.0,0.0,1.0,1.0,0.0,0.0,1.0,0.0,1.0,0.7454971415651425,0.0,1.0,0.0,1.0,0.0,0.0,1.0,1.0,0.0,0.0,0.0,0.2360816399453568,1.0,1.0,0.0,1.0,1.0,0.0,1.0,1.0,0.0,1.0,1.0,0.0,1.0,0.5064508083688944,1.0,1.0,1.0,0.0,1.0,1.0,0.0,1.0,1.0,0.0,1.0,1.0,1.0,0.0,1.0,1.0,0.0,1.0,0.0,0.0,1.0,1.0,1.0
81,additive/lengthscale,interaction_g0.25,0,3.3497057815563096,3.110260779381696,3.3497057815563096,3.1296658396335992,0.08818398819389861,-2.590639661824154,38.90840730885975,182.97818407905288,1,1,excluded,r_hat_max 1.636 > 1.1; n_eff_min 3.9 < 16.0,1.6358995105559273,1.001720218198524,0.8942307692307693,3.9431498377053695,0,63.0,1.6358995105559273,3.9431498377053695,nan,nan,1.1937047526789664,12.154274123367072,1.7961484416798212,1.2432352603108938,0,1.0,0.0,0.0,0.0,0.0,0.0,0.0,1.0,1.0,1.0,0.0,1.0,0.0,1.0,1.0,0.7887928541112419,0.0,0.0,0.0,0.0,0.0,1.0,1.0,0.0,1.0,0.0,1.0,0.0,1.0,0.0,1.0,1.0,1.0,1.0,1.0,1.0,1.0,0.0,0.0,1.0,1.0,1.0,0.0,1.0,1.0,1.0,0.0,0.0,0.0,0.0,1.0,1.0,1.0,0.0,1.0,0.0,1.0,1.0,1.0,0.0,1.0,0.0,0.32734139780698157,1.0,1.0,0.0,1.0,1.0,0.0,1.0,1.0,0.0,1.0,0.0,0.0,1.0,0.5435133460456647,1.0,1.0,1.0,0.0,0.0,1.0,0.0,1.0,1.0,0.0,1.0,1.0,0.0,0.0,1.0,1.0,1.0,1.0,1.0,0.0,1.0,1.0,1.0
82,additive/lengthscale,interaction_g0.25,0,3.230915249821813,3.155118628955733,3.3497057815563096,3.155118628955733,0.0627311988717647,-0.8701446951814376,36.71343959402293,249.92952749994583,1,1,excluded,r_hat_max 5.049 > 1.1; n_eff_min 3.0 < 16.0,5.048768244251316,1.0070948990341348,0.8269230769230769,2.975171597291021,0,62.875,5.048768244251316,2.975171597291021,nan,nan,1.2716561806500313,18.011853939976877,1.8150942628978273,1.2473408491255524,0,1.0,0.0,0.0,0.0,0.0,0.0,0.0,1.0,1.0,1.0,0.0,1.0,0.0,1.0,1.0,1.0,0.0,0.0,1.0,1.0,0.0,1.0,1.0,0.0,1.0,0.0,1.0,0.0,1.0,0.0,1.0,1.0,1.0,1.0,1.0,1.0,1.0,0.0,0.0,1.0,1.0,0.0,0.0,1.0,1.0,0.29049503623214296,0.0,0.0,0.0,0.0,1.0,1.0,1.0,0.0,1.0,0.0,1.0,0.0,1.0,0.0,1.0,0.0,0.28275821915600236,1.0,1.0,0.0,1.0,1.0,0.0,1.0,1.0,0.0,0.0,0.0,0.0,1.0,0.5573938333301743,1.0,1.0,1.0,0.0,0.0,1.0,0.0,1.0,1.0,0.0,1.0,1.0,1.0,0.0,1.0,1.0,1.0,1.0,1.0,0.0,1.0,1.0,1.0
83,additive/lengthscale,interaction_g0.25,0,1.6869983444526884,1.7624027296820075,3.3497057815563096,3.155118628955733,0.0627311988717647,-2.0465782307023908,37.45019452017732,274.948977233842,1,1,excluded,r_hat_max 1.104 > 1.1,1.103529104798609,1.0031324799263495,0.9615384615384616,22.897575500174163,0,62.75,1.103529104798609,22.897575500174163,nan,nan,0.9995644029698553,216.34331861008846,1.8321523470776342,1.2493894980137767,0,1.0,0.0,0.0,0.0,0.0,0.0,0.0,1.0,1.0,0.47777431475707394,0.0,0.8130306267956406,0.0,1.0,1.0,0.0,0.0,1.0,0.0,0.0,0.0,1.0,1.0,0.0,1.0,0.0,1.0,0.0,1.0,0.0,1.0,1.0,1.0,1.0,1.0,1.0,1.0,1.0,0.0,1.0,1.0,1.0,0.0,1.0,1.0,1.0,0.0,1.0,0.0,0.0,1.0,1.0,1.0,0.3489343731962858,1.0,0.0,1.0,1.0,1.0,0.0,1.0,0.0,0.3581299219633574,1.0,1.0,0.0,1.0,1.0,0.006889332183261744,1.0,1.0,0.0,1.0,0.0,0.0,1.0,0.5515622291665407,0.0,1.0,0.0,0.0,0.0,1.0,0.0,1.0,1.0,0.0,1.0,1.0,0.0,0.0,1.0,1.0,1.0,0.0,1.0,0.0,1.0,1.0,1.0
84,additive/lengthscale,interaction_g0.25,0,3.153795056110248,3.133959060991069,3.3497057815563096,3.155118628955733,0.0627311988717647,-2.7949434374826536,36.668925646925345,282.90383093594573,1,1,excluded,r_hat_max 1.271 > 1.1; n_eff_min 7.6 < 16.0,1.2709732941571243,1.0112400492113884,0.8557692307692307,7.5552062163540015,0,63.0,1.2709732941571243,7.5552062163540015,nan,nan,1.0693232506448367,20.70758520727449,1.8304243232368609,1.2420301671241998,0,1.0,0.0,0.8265036669606354,0.0,0.0,0.0,0.0,1.0,1.0,1.0,0.0,1.0,0.010588722123135486,0.849682781305313,1.0,0.6972615016756435,0.0,0.0,0.0,0.0,0.0,1.0,1.0,1.0,1.0,0.0,1.0,0.0,1.0,0.0,0.965798451244129,1.0,1.0,1.0,1.0,0.8707590340124474,1.0,0.03556813515575286,0.0,1.0,1.0,1.0,0.0,1.0,1.0,1.0,0.0,0.0,0.0,0.0,0.9983258632181793,0.995387458679416,1.0,0.0,1.0,0.0,1.0,1.0,1.0,0.0,1.0,0.0,0.30160546044563336,1.0,1.0,0.0,1.0,1.0,1.0,1.0,1.0,0.0,1.0,0.0,0.0,1.0,0.5287881929212986,1.0,1.0,1.0,0.0,0.0,1.0,0.0,1.0,1.0,0.0,1.0,1.0,0.0,0.0,1.0,1.0,1.0,1.0,1.0,0.23965692742852374,0.5349169245749175,1.0,0.0
85,additive/lengthscale,interaction_g0.25,0,2.979349574013161,2.9957082622643734,3.3497057815563096,3.155118628955733,0.0627311988717647,-4.057732685261712,39.41421605087817,209.34287595399655,1,1,excluded,r_hat_max 1.921 > 1.1; n_eff_min 3.3 < 16.0,1.9209676143994288,1.0094914507974255,0.8942307692307693,3.3406624908153955,0,62.875,1.9209676143994288,3.3406624908153955,nan,nan,1.1161543828209928,27.064996853912934,1.8459933906824304,1.2429205505645915,0,1.0,0.0,0.0,0.0,0.0,0.0,0.0,1.0,1.0,0.9068866570054724,0.0,1.0,0.0,1.0,1.0,1.0,0.0,1.0,0.0,0.0,0.0,1.0,1.0,0.0,1.0,0.0,1.0,0.0,1.0,1.0,1.0,1.0,1.0,1.0,1.0,0.0,1.0,0.0,0.0,1.0,1.0,1.0,0.0,1.0,1.0,1.0,0.0,0.0,0.0,0.0,1.0,1.0,1.0,0.0,1.0,0.0,1.0,1.0,1.0,0.0,1.0,0.0,0.3300700340542781,1.0,1.0,0.0,1.0,1.0,0.0,1.0,1.0,0.0,1.0,0.0,0.0,1.0,0.5537060756928882,0.0,1.0,0.0,0.0,0.0,1.0,0.0,1.0,1.0,0.0,1.0,1.0,0.0,0.0,1.0,1.0,1.0,1.0,0.0,0.0,1.0,1.0,1.0
86,additive/lengthscale,interaction_g0.25,0,3.0585748769026866,3.161311357138584,3.3497057815563096,3.161311357138584,0.05653847068891382,-0.19991612900982014,36.59569973591715,195.63147701090202,1,1,excluded,r_hat_max 1.201 > 1.1,1.2013275124760667,1.0067664586699778,0.8365384615384616,33.57634832316514,0,62.875,1.2013275124760667,33.57634832316514,nan,nan,1.0139823061175346,108.29157019272594,1.859171950953718,1.2416321652804005,0,1.0,0.0,0.0,1.0,0.0,0.0,0.0,1.0,1.0,1.0,0.0,1.0,0.0,1.0,1.0,0.884659345457813,0.0,1.0,0.0,1.0,0.0,1.0,1.0,0.0,1.0,0.0,1.0,0.0,1.0,1.0,1.0,1.0,1.0,1.0,1.0,1.0,1.0,0.0,0.0,1.0,1.0,0.0,0.0,1.0,1.0,1.0,0.0,0.0,0.0,0.0,1.0,1.0,1.0,0.0,1.0,0.0,1.0,0.0,1.0,0.0,1.0,0.0,0.2599837796541506,1.0,1.0,0.0,1.0,1.0,0.0,1.0,1.0,0.0,0.0,0.0,0.0,0.0,0.5529535014426484,1.0,1.0,0.0,0.0,0.0,1.0,0.0,1.0,1.0,0.0,1.0,1.0,1.0,0.0,1.0,1.0,1.0,1.0,1.0,0.0,1.0,1.0,1.0
87,additive/lengthscale,interaction_g0.25,0,1.1053970954869816,0.9367379026717494,3.3497057815563096,3.161311357138584,0.05653847068891382,-1.846851744552029,40.03992685000412,222.25931056402624,1,1,excluded,r_hat_max 1.718 > 1.1; n_eff_min 4.1 < 16.0,1.7184799843319523,1.0087055468906327,0.7788461538461539,4.061671416674358,0,63.0,1.7184799843319523,4.061671416674358,nan,nan,1.097377865924006,42.37035203737703,1.872958191481867,1.2410783660707656,0,1.0,0.0,0.0,0.0,0.0,1.0,0.0,1.0,1.0,1.0,0.0,1.0,0.0,0.0,0.0,0.0,0.0,0.0,0.0,1.0,0.0,1.0,0.0,0.0,1.0,0.0,1.0,0.0,0.0,0.0,1.0,1.0,0.0,1.0,1.0,1.0,1.0,0.0,0.0,1.0,1.0,1.0,0.0,1.0,1.0,1.0,1.0,0.0,0.0,0.0,0.5876727256033565,1.0,0.5682089268796165,0.0,1.0,0.0,1.0,0.0,1.0,0.0,1.0,0.0,0.8558479299068525,1.0,1.0,0.0,1.0,1.0,0.0,1.0,1.0,0.0,1.0,0.0,0.0,1.0,0.5598733540982562,1.0,1.0,1.0,1.0,0.0,1.0,0.0,0.0,1.0,0.0,1.0,1.0,0.0,0.0,1.0,0.0,1.0,1.0,1.0,0.0,1.0,1.0,1.0
88,additive/lengthscale,interaction_g0.25,0,3.0810957255701266,3.0211847602854016,3.3497057815563096,3.161311357138584,0.05653847068891382,-3.171551838688094,37.76580021204427,234.51588799385354,1,1,excluded,r_hat_max 1.142 > 1.1,1.142336177747535,1.00280804228306,0.9615384615384616,23.054188844140608,0,62.8125,1.142336177747535,23.054188844140608,nan,nan,1.054063793783806,92.806647522574,1.8642359063001068,1.2366855657118525,0,1.0,1.0,0.0,0.0,0.0,0.0,0.0,1.0,1.0,1.0,0.0,1.0,0.0,1.0,1.0,1.0,0.0,0.0,0.0,0.0,0.0,1.0,1.0,0.0,1.0,0.0,1.0,0.0,1.0,0.0,1.0,1.0,1.0,1.0,1.0,1.0,1.0,0.10182349775654478,0.0,1.0,1.0,1.0,0.027696694888000303,1.0,1.0,1.0,0.0,0.0,0.0,0.0,0.978496602712262,1.0,1.0,0.0,1.0,0.0,1.0,1.0,1.0,0.0,1.0,0.0,0.30398443153116317,1.0,1.0,0.0,1.0,1.0,1.0,1.0,1.0,1.0,1.0,0.0,0.0,1.0,0.5340003258745801,1.0,1.0,1.0,0.0,0.0,1.0,0.0,1.0,1.0,0.0,0.0,1.0,0.0,0.0,1.0,0.0,1.0,1.0,0.2950219501979092,1.0,1.0,1.0,1.0
89,additive/lengthscale,interaction_g0.25,0,2.891659551035167,2.85862347218971,3.3497057815563096,3.161311357138584,0.05653847068891382,-1.8331510680796494,39.284900764003396,219.458677100949,1,1,excluded,r_hat_max 1.136 > 1.1,1.1363567976541287,1.016724624834659,0.7788461538461539,18.384834559062156,0,63.0,1.1363567976541287,18.384834559062156,nan,nan,1.0457115837321238,83.14034850766502,1.8779084885390958,1.2363889736772256,0,1.0,0.0,0.0,0.0,0.0,0.0,0.0,1.0,1.0,1.0,0.0,1.0,0.0,1.0,1.0,1.0,0.0,0.0,0.0,0.0,0.0,1.0,1.0,0.0,1.0,0.0,1.0,0.0,1.0,0.0,1.0,1.0,1.0,1.0,1.0,1.0,0.0,0.12315837976415689,0.0,1.0,1.0,1.0,0.0,1.0,1.0,1.0,0.0,0.0,0.0,0.0,1.0,1.0,0.0,0.0,1.0,0.0,1.0,1.0,1.0,0.0,1.0,0.0,0.2718890047905053,1.0,1.0,0.0,1.0,1.0,0.0,1.0,0.0,0.0,1.0,0.0,0.0,1.0,0.555712017373174,1.0,1.0,1.0,0.0,0.0,1.0,0.0,1.0,1.0,0.0,1.0,1.0,0.0,0.0,0.6580792455128018,1.0,1.0,1.0,1.0,0.0,1.0,1.0,1.0
90,additive/lengthscale,interaction_g0.25,0,2.0325180572648494,2.0670617206080224,3.3497057815563096,3.161311357138584,0.05653847068891382,-3.841688459601591,34.424815276870504,251.322074216092,1,1,excluded,r_hat_max 1.204 > 1.1,1.204280349587053,1.0090581818984266,0.8557692307692307,16.904834257714345,0,63.0,1.204280349587053,16.904834257714345,nan,nan,1.0177525637679667,42.68011901361234,1.8891723892334966,1.2340844884273998,0,1.0,1.0,0.0,0.0,0.0,0.0,0.0,1.0,1.0,1.0,0.0,1.0,0.0,1.0,1.0,0.8593840086110901,0.0,0.0,1.0,1.0,0.0,1.0,1.0,0.0,1.0,0.0,1.0,0.0,1.0,0.0,1.0,1.0,1.0,1.0,1.0,0.0,1.0,0.0,0.0,1.0,1.0,1.0,0.0,1.0,1.0,1.0,0.0,0.0,0.0,0.0,0.6822512162451347,1.0,1.0,0.0,1.0,0.0,1.0,1.0,1.0,0.0,1.0,0.0,0.3030351205364635,1.0,1.0,0.0,1.0,1.0,0.8811821816371965,1.0,1.0,1.0,1.0,0.0,0.0,1.0,0.5234937235924273,1.0,1.0,1.0,0.0,0.0,1.0,0.0,1.0,1.0,0.0,0.0,1.0,0.9450218514405962,0.0,1.0,1.0,1.0,1.0,0.0,1.0,1.0,1.0,1.0
91,additive/lengthscale,interaction_g0.25,0,2.956113260471981,3.040555589390867,3.3497057815563096,3.161311357138584,0.05653847068891382,-2.764520136972305,36.936535268090665,226.10328405699693,1,1,excluded,r_hat_max 1.180 > 1.1; n_eff_min 7.2 < 16.0,1.1799136429346948,1.0005971988985476,0.9615384615384616,7.172681179063166,0,62.75,1.1799136429346948,7.172681179063166,nan,nan,1.0556194512900487,35.45067075713834,1.89074761635472,1.227376051307901,0,1.0,1.0,0.0,0.0,1.0,0.0,0.0,1.0,1.0,0.9240123032391755,0.0,1.0,0.0,0.911577938326279,1.0,1.0,0.0,0.0,1.0,0.0,0.0,1.0,1.0,0.0,1.0,0.0,1.0,0.0,1.0,0.0,1.0,1.0,1.0,1.0,1.0,1.0,1.0,0.0,0.0,1.0,1.0,1.0,0.0,1.0,1.0,1.0,0.0,0.0,0.0,0.0,1.0,1.0,1.0,0.0,1.0,0.0,1.0,1.0,1.0,0.0,1.0,0.0,0.32648861859790557,1.0,1.0,0.0,1.0,1.0,1.0,1.0,1.0,0.0,1.0,0.0,0.0,1.0,0.5528852101102151,0.0,1.0,1.0,0.0,0.0,1.0,0.0,1.0,1.0,0.0,1.0,1.0,1.0,0.0,1.0,1.0,1.0,0.0,1.0,0.0,1.0,1.0,1.0
92,additive/lengthscale,interaction_g0.25,0,3.101951626921966,3.1151910883340066,3.3497057815563096,3.161311357138584,0.05653847068891382,-1.6178155440729536,32.6201657098718,158.06397941801697,1,1,excluded,r_hat_max 1.101 > 1.1,1.101112889708467,1.0003067220796629,0.9903846153846154,63.544190118576516,0,62.6875,1.101112889708467,63.544190118576516,nan,nan,1.0043851922004114,111.54814882283164,1.902327677703821,1.2256754852212115,0,1.0,0.0,0.0,0.0,0.0,0.0,0.0,1.0,1.0,1.0,0.0,1.0,0.0,1.0,1.0,1.0,0.0,0.0,0.0,0.0,0.0,1.0,1.0,0.0,1.0,0.0,1.0,0.0,1.0,0.0,1.0,1.0,1.0,1.0,1.0,1.0,1.0,0.0,0.0,1.0,1.0,1.0,0.0,1.0,1.0,1.0,0.0,0.0,0.0,0.0,1.0,1.0,1.0,0.0,1.0,0.0,1.0,1.0,1.0,0.0,1.0,0.0,0.27609922507441004,1.0,1.0,0.0,1.0,1.0,0.0,1.0,1.0,0.0,1.0,0.0,0.0,1.0,0.5568593586582969,1.0,1.0,1.0,0.0,0.0,1.0,0.0,1.0,1.0,0.0,1.0,1.0,0.0,0.0,0.8261821783265775,0.0,1.0,1.0,1.0,0.0,1.0,1.0,1.0
93,additive/lengthscale,interaction_g0.25,0,3.2430558643991776,3.1496231846496627,3.3497057815563096,3.161311357138584,0.05653847068891382,-0.07604588170363025,38.18544105091132,215.57572293910198,1,1,ok,,1.0517202417600213,0.9987271443941318,0.9903846153846154,74.39535833369705,0,61.75,1.0517202417600213,74.39535833369705,nan,nan,1.0003791064796896,150.09800757366983,1.9152268599534783,1.2253304131891836,0,1.0,0.0,0.0,0.0,0.0,1.0,0.0,1.0,1.0,1.0,0.0,1.0,0.0,1.0,1.0,1.0,0.0,0.0,0.0,1.0,0.0,1.0,0.46545358969641154,0.0,1.0,0.0,1.0,0.0,1.0,0.0,1.0,1.0,1.0,1.0,1.0,1.0,1.0,0.0,0.0,1.0,1.0,1.0,0.0,1.0,1.0,1.0,0.0,0.0,0.0,0.0,1.0,0.0,1.0,0.0,1.0,0.2590399992014852,1.0,0.0,1.0,0.0,0.0,0.0,0.2918123567683499,1.0,1.0,0.0,1.0,0.8032857445271585,0.6621922150387519,1.0,1.0,0.0,0.0,0.0,0.0,1.0,0.5549600161899898,1.0,1.0,1.0,0.0,0.0,1.0,0.0,1.0,1.0,0.0,0.33137428894329307,1.0,0.0,0.0,1.0,1.0,1.0,1.0,1.0,1.0,1.0,1.0,1.0
94,additive/lengthscale,interaction_g0.25,0,2.9510689921929347,3.130367400977827,3.3497057815563096,3.161311357138584,0.05653847068891382,-1.031272107681639,33.36113852914423,239.14343951200135,1,1,excluded,r_hat_max 1.360 > 1.1; n_eff_min 4.7 < 16.0,1.359765628864335,1.0032962130897256,0.9519230769230769,4.734422509308127,0,63.0,1.359765628864335,4.734422509308127,nan,nan,1.0795660504235796,14.560991769777484,1.9293527004263047,1.2263845539104312,0,1.0,0.0,0.0,0.0,0.0,1.0,0.0,1.0,1.0,1.0,0.0,1.0,0.0,1.0,1.0,1.0,0.0,0.0,0.0,0.0,0.0,1.0,1.0,0.0,1.0,0.0,1.0,0.0,1.0,0.0,1.0,1.0,1.0,1.0,1.0,1.0,1.0,0.0,0.0,1.0,1.0,1.0,0.0,1.0,1.0,1.0,0.0,0.0,0.0,0.0,1.0,0.0,1.0,0.05683133494428223,1.0,0.46947434370425195,1.0,0.0,1.0,0.0,0.0,0.0,0.3133950106958247,1.0,1.0,0.0,1.0,1.0,0.0,1.0,1.0,0.0,0.0,0.0,0.0,1.0,0.5227868343611464,1.0,1.0,1.0,0.0,0.0,1.0,0.0,1.0,1.0,0.0,0.0,1.0,0.0,0.0,1.0,1.0,1.0,1.0,1.0,0.0,1.0,1.0,1.0
95,additive/lengthscale,interaction_g0.25,0,3.3503988441764205,3.1593033920382814,3.3503988441764205,3.161311357138584,0.05653847068891382,-0.38186695708019736,38.633890755008906,201.8370689849835,1,1,excluded,r_hat_max 1.203 > 1.1; n_eff_min 15.4 < 16.0,1.2028352052780669,1.0061095452636895,0.9230769230769231,15.430458366839995,0,63.0,1.2028352052780669,15.430458366839995,nan,nan,1.0370843581731675,119.70398040791146,1.9401076087606905,1.2243610951641068,0,0.0,0.0,0.0,0.0,0.0,0.0,0.0,1.0,1.0,1.0,0.0,1.0,0.0,0.0,1.0,1.0,0.0,0.0,0.0,1.0,0.0,1.0,0.0,1.0,1.0,0.0,1.0,0.0,1.0,0.0,1.0,1.0,1.0,0.0,1.0,1.0,1.0,0.0,0.0,1.0,0.0,1.0,0.0,0.9910245476285123,1.0,1.0,0.0,0.0,0.0,0.0,1.0,1.0,1.0,0.0,1.0,0.0,1.0,0.0,1.0,0.0,1.0,0.0,0.2711440802198945,1.0,1.0,0.0,1.0,1.0,1.0,1.0,1.0,0.0,1.0,0.0,0.0,1.0,0.5589771473001913,1.0,1.0,1.0,0.0,0.0,1.0,0.0,1.0,1.0,0.0,1.0,1.0,1.0,0.0,1.0,1.0,1.0,1.0,1.0,1.0,1.0,1.0,0.0
96,additive/lengthscale,interaction_g0.25,0,3.141230397568214,3.1607016227623257,3.3503988441764205,3.161311357138584,0.05653847068891382,-1.7019246393134673,32.550332880113274,176.30706126894802,1,1,ok,,1.0598127022860848,1.0008435866888115,0.9903846153846154,43.3354636193514,0,62.3125,1.0598127022860848,43.3354636193514,nan,nan,1.0381159674027878,114.12760655744746,1.9547981424629377,1.22635516927599,0,0.0,0.0,0.0,0.0,0.0,0.0,0.0,1.0,1.0,1.0,0.0,1.0,0.0,0.0,1.0,1.0,0.0,0.0,0.0,1.0,0.0,1.0,0.0,1.0,1.0,0.0,1.0,0.0,1.0,0.0,1.0,1.0,1.0,0.0,1.0,1.0,1.0,0.0,0.0,1.0,0.0,1.0,0.0,1.0,1.0,1.0,0.0,0.0,0.0,0.0,1.0,1.0,1.0,0.0,1.0,0.0,1.0,1.0,1.0,0.0,1.0,0.0,0.2472438243415151,1.0,1.0,0.0,1.0,1.0,1.0,1.0,1.0,0.0,1.0,0.0,0.0,1.0,0.5662848240928825,1.0,1.0,1.0,0.0,0.0,1.0,0.0,1.0,1.0,0.0,1.0,1.0,0.0,0.0,0.8764249634299207,1.0,1.0,1.0,1.0,1.0,1.0,1.0,0.0
97,additive/lengthscale,interaction_g0.25,0,2.011553214157992,2.021058433902123,3.3503988441764205,3.161311357138584,0.05653847068891382,-4.206514083201684,40.24858045205474,207.54181420709938,1,1,excluded,r_hat_max 1.238 > 1.1; n_eff_min 13.4 < 16.0,1.2378199468385283,1.0071180537653281,0.8942307692307693,13.359114602162308,0,63.0,1.2378199468385283,13.359114602162308,nan,nan,1.0361560220344215,55.76099174116496,1.9670294028248478,1.2258892083030852,0,1.0,0.0,0.0,0.0,0.0,0.0,0.0,1.0,1.0,1.0,0.0,0.6721490117345074,0.11932963394493157,0.0,1.0,1.0,0.0,0.0,1.0,1.0,0.0,0.0,0.0,1.0,1.0,0.0,1.0,0.0,1.0,0.0,0.0,1.0,1.0,0.0,1.0,1.0,1.0,0.0,0.0,1.0,0.0,1.0,0.46181860358095583,1.0,1.0,0.6002724780324246,0.0,0.0,0.1408045688376115,0.0,0.4254920972800085,1.0,1.0,0.5186950607852026,1.0,0.0,0.0,0.0,1.0,0.3383140835040686,1.0,0.0,0.28616544468948,1.0,0.0,0.0,1.0,0.0,1.0,1.0,1.0,0.6865596082944105,1.0,1.0,0.0,1.0,0.5438932625417273,0.9398504430538451,1.0,1.0,0.0,0.0,1.0,0.0,1.0,1.0,0.0,1.0,1.0,1.0,0.0,1.0,1.0,1.0,1.0,0.6495872144176444,1.0,1.0,1.0,0.0
98,additive/lengthscale,interaction_g0.25,0,2.7614717059640514,2.6911014824912187,3.3503988441764205,3.161311357138584,0.05653847068891382,-0.1513202661851527,35.49543172004633,196.97549533494748,1,1,ok,,1.0407572645204688,0.999425404872509,1.0,18.819744974629703,0,62.625,1.0407572645204688,18.819744974629703,nan,nan,1.0127647521114196,76.39391374484703,1.967483727430288,1.219626842362154,0,0.0,0.0,0.0,0.0,0.0,0.0,0.0,1.0,1.0,1.0,0.0,1.0,0.0,0.0,1.0,1.0,0.0,0.0,0.0,1.0,0.0,1.0,0.0,1.0,1.0,0.0,1.0,0.0,1.0,0.0,1.0,0.4450979055177808,1.0,0.14238303435381244,1.0,1.0,1.0,0.0,0.0,1.0,0.0,1.0,0.09828228709249381,1.0,1.0,1.0,0.0,0.0,0.0,0.0,1.0,1.0,0.8546354826513949,0.0,1.0,0.0,1.0,1.0,1.0,0.0,1.0,0.0,0.2562791748866218,1.0,1.0,0.0,1.0,1.0,0.9277224883288403,1.0,0.8997213364265295,0.0,1.0,0.0,0.0,1.0,0.5618815671070381,1.0,1.0,1.0,0.0,0.02532267088451854,1.0,0.0,0.6927639799694758,1.0,0.0,1.0,1.0,0.5448000057272023,0.0,0.5448464954100184,0.910261735614047,1.0,1.0,0.773253412569363,0.9774933044348649,1.0,1.0,0.2419595779863177
99,additive/lengthscale,interaction_g0.25,0,3.179267384295617,3.157911123358647,3.3503988441764205,3.161311357138584,0.05653847068891382,-0.28275763017578237,37.57977086910978,179.5588282549288,1,1,excluded,r_hat_max 1.289 > 1.1; n_eff_min 11.5 < 16.0,1.288874964609422,1.0076666934040936,0.8653846153846154,11.51061976305942,0,63.0,1.288874964609422,11.51061976305942,nan,nan,1.1396661339105185,24.960855671307222,1.9755038080215384,1.2160460569688825,0,1.0,0.0,0.0,0.0,0.0,0.0,0.0,1.0,1.0,1.0,0.0,1.0,0.0,0.0,1.0,1.0,0.0,0.0,0.0,1.0,0.0,1.0,0.0,0.0,1.0,0.0,1.0,0.0,1.0,0.0,1.0,1.0,1.0,1.0,1.0,1.0,1.0,0.01513572048515197,0.0,1.0,0.0,1.0,0.0,1.0,1.0,1.0,0.0,0.0,0.0,0.0,1.0,1.0,1.0,0.0,1.0,0.0,1.0,0.0,1.0,0.0,1.0,0.0,0.24796847977706668,1.0,1.0,0.0,1.0,1.0,1.0,1.0,1.0,0.0,1.0,0.5187330548294498,0.0,1.0,0.5593013428813512,1.0,1.0,1.0,0.0,1.0,1.0,0.0,1.0,1.0,0.0,1.0,1.0,0.0,0.0,1.0,0.2657679316041065,1.0,1.0,1.0,1.0,1.0,1.0,0.0
100,additive/lengthscale,interaction_g0.25,0,3.205875256602931,3.1567102954435167,3.3503988441764205,3.161311357138584,0.05653847068891382,0.08173304246010105,34.7819099270273,263.3185385209508,1,1,excluded,r_hat_max 1.161 > 1.1; n_eff_min 8.3 < 16.0,1.160788240378976,1.0012463005437828,0.9423076923076923,8.324880134391305,0,63.0,1.160788240378976,8.324880134391305,nan,nan,1.111039737895639,19.41442527039352,1.9875414437842793,1.215864258601163,1,0.0,1.0,0.0,0.0,0.0,0.0,0.0,1.0,1.0,1.0,1.0,1.0,0.0,0.0,1.0,1.0,0.14686650614584795,0.0,0.0,1.0,0.0,1.0,0.0,0.0,1.0,0.0,1.0,0.0,1.0,0.0,1.0,1.0,1.0,0.0,1.0,0.0,1.0,0.0,0.0,1.0,0.0,0.0,0.0,1.0,1.0,1.0,0.0,0.0,0.977065439335124,0.0,1.0,1.0,1.0,0.0,1.0,0.0,1.0,1.0,1.0,0.0,1.0,0.0,0.24523941997331383,1.0,1.0,0.0,1.0,0.44701546897237915,0.0,1.0,1.0,0.0,1.0,0.0,0.0,1.0,0.5603011282832348,1.0,1.0,1.0,0.0,0.0,1.0,0.0,1.0,1.0,0.0,1.0,1.0,0.0,0.0,1.0,0.0,1.0,1.0,0.0,1.0,1.0,1.0,1.0
101,additive/lengthscale,interaction_g0.25,0,3.2372698154507695,3.1572083612737907,3.3503988441764205,3.161311357138584,0.05653847068891382,-0.2912439768664603,36.76845606113784,245.6088843420148,1,1,excluded,r_hat_max 1.144 > 1.1,1.1440373509303903,1.0045405819118414,0.9615384615384616,18.45373548999691,0,62.875,1.1440373509303903,18.45373548999691,nan,nan,1.0594557056980143,48.36032862175584,1.9996041548022856,1.215828896268402,0,0.0,0.0,0.0,0.0,0.0,0.0,0.0,1.0,0.0,1.0,0.0,1.0,0.0,0.0,0.0,1.0,0.0,0.0,0.0,0.2291533959988796,0.0,1.0,1.0,0.0,1.0,0.0,1.0,0.0,0.0,0.0,0.0,1.0,1.0,0.0,1.0,0.0,1.0,0.24016383126224683,0.0,1.0,1.0,1.0,1.0,0.48831201422102444,1.0,0.0,1.0,0.0,1.0,0.0,1.0,1.0,1.0,0.0,1.0,0.0,1.0,0.0,1.0,0.0,1.0,0.0,0.24159135798224132,1.0,1.0,0.0,1.0,0.0,0.32065692761429343,1.0,1.0,0.0,1.0,0.0,0.0,0.0,0.53835382200938,1.0,1.0,1.0,1.0,0.0,1.0,0.0,1.0,1.0,0.0,1.0,0.0,0.0,0.0,1.0,0.0,1.0,1.0,1.0,1.0,0.9490663523048127,1.0,1.0
102,additive/lengthscale,interaction_g0.25,0,2.8345599934059664,3.081827940493497,3.3503988441764205,3.161311357138584,0.05653847068891382,-3.46108487625475,35.43085752800107,229.58086669980548,1,1,excluded,r_hat_max 3.473 > 1.1; n_eff_min 3.2 < 16.0,3.4732944080001578,1.0151755586446995,0.7596153846153846,3.1850555717358984,0,63.0,3.4732944080001578,3.1850555717358984,nan,nan,1.2568457686913566,12.281571070810417,2.0117381318674665,1.2159843462208904,0,0.0,0.0,0.0,0.0,0.0,0.0,0.0,1.0,0.0,0.9957905341403935,0.0,1.0,0.0,0.0,1.0,1.0,0.0,0.0,1.0,1.0,0.0,1.0,1.0,0.0,1.0,0.0,1.0,0.0,0.0,0.0,0.0,1.0,1.0,0.0,1.0,0.0,1.0,1.0,0.0,1.0,0.0,1.0,1.0,1.0,1.0,0.0,0.0,0.0,1.0,0.0,1.0,1.0,1.0,0.0,1.0,0.0,1.0,1.0,1.0,1.0,1.0,0.0,0.3432830133256817,1.0,1.0,1.0,1.0,0.3321364390367717,0.17398599240458498,0.0,1.0,0.0,1.0,0.0,0.0,1.0,0.5572846196052277,0.0,1.0,1.0,1.0,0.0,0.0,0.0,1.0,1.0,0.0,1.0,1.0,1.0,0.0,1.0,0.0,1.0,0.0,0.0,1.0,1.0,1.0,0.0
103,additive/lengthscale,interaction_g0.25,0,2.2753545138314166,2.3905854062484897,3.3503988441764205,3.161311357138584,0.05653847068891382,-0.6216726527917209,37.5804960699752,202.69379142695107,1,1,excluded,r_hat_max 1.126 > 1.1,1.1255649470478988,1.0007482575746178,0.9423076923076923,29.259465744490768,0,63.0,1.1255649470478988,29.259465744490768,nan,nan,1.0244056814808866,63.16396187680293,2.0197266936299765,1.212753793030429,0,1.0,0.0,0.0,0.0,0.0,0.0,0.0,1.0,1.0,1.0,0.44346878284380786,1.0,0.0,0.0,1.0,1.0,0.0,0.0,0.0,1.0,0.0,1.0,0.0,0.0454513853691586,1.0,0.0,1.0,0.0,1.0,0.39461749397707435,1.0,1.0,1.0,1.0,1.0,1.0,1.0,0.0,0.0,1.0,1.0,1.0,0.0,1.0,1.0,1.0,0.23702053397714304,0.0,0.0,0.0,0.20686079794918003,1.0,1.0,0.0,1.0,0.0,1.0,0.0,1.0,0.0,1.0,0.0,0.24812704895426227,1.0,1.0,0.0,1.0,1.0,0.5988668929605451,1.0,1.0,0.0,1.0,0.0,0.0,1.0,0.56211529521038,1.0,1.0,1.0,0.0,0.0,1.0,0.0,1.0,1.0,0.0,1.0,1.0,0.0,0.0,1.0,1.0,1.0,1.0,1.0,1.0,1.0,1.0,1.0
104,additive/lengthscale,interaction_g0.25,0,3.308247544520019,3.157433632015709,3.3503988441764205,3.161311357138584,0.05653847068891382,-2.210314616817593,34.74544654390775,267.5505206969101,1,1,excluded,r_hat_max 1.246 > 1.1; n_eff_min 5.3 < 16.0,1.2464524117113365,1.0038314460807232,0.8942307692307693,5.341809682342903,0,63.0,1.2464524117113365,5.341809682342903,nan,nan,1.1188078787899318,16.76869129604964,2.0221846534396053,1.2071669344682896,0,0.0,0.0,0.0,0.0,0.0,0.0,0.0,0.0,0.0,0.9829413576468196,0.0,1.0,0.0,1.0,1.0,1.0,0.0,0.0,0.0,1.0,0.0,1.0,0.0,1.0,1.0,0.0,1.0,0.0,1.0,0.0,0.6368401908261536,1.0,1.0,0.0,1.0,1.0,1.0,0.0,0.0,1.0,0.0,0.0,1.0,1.0,1.0,1.0,0.0,0.0,1.0,0.0,1.0,1.0,1.0,0.0,1.0,0.0,1.0,0.0,1.0,0.0,1.0,0.0,0.2674556326376741,1.0,1.0,0.0,1.0,0.0,1.0,1.0,0.9926279845651559,0.0,1.0,0.0,0.0,1.0,0.558033537783313,0.0,1.0,1.0,1.0,0.0,1.0,0.0,1.0,1.0,0.0,1.0,1.0,0.0,0.0,1.0,1.0,1.0,0.9813795143478026,0.0,0.0,1.0,1.0,1.0
105,additive/lengthscale,interaction_g0.25,0,3.4753718944459826,3.1565726366102647,3.4753718944459826,3.161311357138584,0.05653847068891382,-1.018059658951889,40.50595262297429,209.26795075112022,1,1,ok,,1.0967334865414344,1.0044513199114598,0.9134615384615384,31.960668239403468,0,63.0,1.0967334865414344,31.960668239403468,nan,nan,1.0242492741980227,235.6598887303116,2.034432871449895,1.2078805309072431,0,0.0,0.0,0.0,0.0,0.0,0.0,0.0,0.0,0.0,1.0,0.0,0.0,0.0,1.0,0.853756747591187,1.0,0.0,0.0,0.0,1.0,0.0,1.0,0.0,1.0,1.0,0.0,1.0,0.0,0.0,0.0,1.0,1.0,1.0,0.0,1.0,1.0,1.0,0.0,0.0,0.5998660540385926,0.0,1.0,1.0,1.0,1.0,1.0,0.0,0.0,1.0,0.0,1.0,1.0,1.0,0.0,1.0,1.0,0.36865601186491986,0.0,1.0,0.0,1.0,0.0,0.24634561429621685,1.0,1.0,0.0,1.0,0.0,1.0,1.0,1.0,0.0,1.0,0.0,0.0,1.0,0.5638221341349821,1.0,1.0,1.0,0.0,0.0,1.0,0.0,1.0,1.0,0.0,1.0,1.0,0.0,0.5349894653808839,1.0,1.0,1.0,1.0,1.0,0.0,1.0,1.0,1.0
106,additive/lengthscale,interaction_g0.25,0,3.2274897830232536,3.1550536248374987,3.4753718944459826,3.161311357138584,0.05653847068891382,-1.5014934852639752,35.92344156303443,217.6722775879316,1,1,excluded,r_hat_max 1.166 > 1.1,1.1660214290839033,1.011881595767697,0.7788461538461539,16.326717113665584,0,62.875,1.1660214290839033,16.326717113665584,nan,nan,1.0588925235761455,31.985109721446637,2.0480266358177825,1.2102125653833524,0,0.0,0.0,0.0,0.0,0.0,1.0,0.0,0.0,0.0,1.0,0.0,0.0,0.0,1.0,1.0,1.0,0.0,0.0,0.0,1.0,0.0,1.0,0.0,1.0,1.0,0.0,1.0,0.0,0.0,0.0,1.0,1.0,1.0,0.0,1.0,1.0,1.0,0.0,0.0,1.0,0.0,1.0,1.0,1.0,1.0,1.0,0.0,0.0,1.0,0.0,1.0,1.0,1.0,0.0,1.0,1.0,1.0,0.1898437235378244,1.0,0.0,1.0,0.0,0.24268736448064596,1.0,1.0,0.0,1.0,0.0,1.0,1.0,1.0,0.0,1.0,0.0,0.0,1.0,0.5635132603331444,0.0,1.0,1.0,0.0,0.0,1.0,0.5121075433432688,1.0,1.0,0.0,1.0,1.0,0.0,0.0,1.0,1.0,1.0,1.0,1.0,0.0,1.0,1.0,1.0
107,additive/lengthscale,interaction_g0.25,0,3.050366551090726,3.157410411640689,3.4753718944459826,3.161311357138584,0.05653847068891382,0.015131109904388484,40.848980724811554,232.97529410384595,1,1,ok,,1.0265264958886722,0.9986180353140401,1.0,41.157725587262966,0,62.3125,1.0265264958886722,41.157725587262966,nan,nan,1.0117932687571254,152.80200407065297,2.0590496558851235,1.2098785917747203,0,0.0,0.0,0.0,0.0,0.0,0.0,0.0,0.0,0.0,1.0,0.0,0.0,0.0,1.0,1.0,1.0,0.0,0.0,0.0,1.0,0.0,1.0,0.0,1.0,1.0,0.0,1.0,0.0,0.0,0.0,1.0,1.0,1.0,0.0,1.0,1.0,1.0,0.0,0.0,1.0,0.0,0.0,1.0,1.0,1.0,1.0,0.0,0.0,1.0,0.0,1.0,1.0,1.0,0.0,0.0,1.0,0.0,0.0,1.0,0.0,1.0,0.0,0.2498364079275442,1.0,1.0,0.0,0.77832865718269,0.0,1.0,1.0,1.0,0.0,1.0,0.0,0.0,1.0,0.5660917217757492,1.0,1.0,1.0,0.0,0.0,1.0,0.0,1.0,1.0,0.0,1.0,1.0,0.0,0.0,1.0,1.0,1.0,1.0,1.0,0.0,1.0,1.0,1.0
108,additive/lengthscale,interaction_g0.25,0,3.321296284309984,3.154022009834496,3.4753718944459826,3.161311357138584,0.05653847068891382,0.11867311342442255,35.833577543031424,279.90746163600124,1,1,ok,,1.0215724034958902,0.9986125206848427,1.0,57.85064579318796,0,62.75,1.0215724034958902,57.85064579318796,nan,nan,1.0040174920602942,125.4614486591387,2.068228516025916,1.208001387964102,0,0.0,0.0,0.0,0.0,0.0,0.0,0.0,0.0,1.0,1.0,0.0,1.0,0.0,1.0,0.0,1.0,0.0,0.0,0.0,1.0,0.0,1.0,0.0,1.0,1.0,0.0,1.0,1.0,1.0,0.0,0.0,1.0,0.0,0.0,1.0,1.0,0.0,0.0,0.0,0.4643607518386864,0.4516800279286892,0.871377870242275,1.0,1.0,1.0,0.0,1.0,0.0,0.0,0.3675240838803354,1.0,1.0,0.0,0.0,1.0,0.0,0.46161514608736864,1.0,1.0,1.0,1.0,0.0,0.2367112260788768,1.0,0.815664563546329,0.0,1.0,0.0,0.0,1.0,1.0,0.0,0.36098371562201836,1.0,0.0,1.0,0.5473292502401095,0.0,1.0,1.0,1.0,1.0,1.0,0.0,1.0,1.0,0.0,1.0,1.0,1.0,0.0,1.0,0.0,1.0,1.0,1.0,0.0,1.0,1.0,1.0
109,additive/lengthscale,interaction_g0.25,0,3.167883233254069,3.157428908668798,3.4753718944459826,3.161311357138584,0.05653847068891382,-0.09048584664565729,41.25935463211499,203.33680862607434,1,1,excluded,r_hat_max 1.181 > 1.1; n_eff_min 12.6 < 16.0,1.181478782500903,1.0086327182046797,0.8365384615384616,12.649355843445521,0,63.0,1.181478782500903,12.649355843445521,nan,nan,1.0280063600717944,139.72868310924804,2.0797245505973296,1.208367796249614,0,0.0,0.0,0.0,0.0,0.0,0.0,0.0,0.0,1.0,1.0,0.0,1.0,0.0,1.0,0.0,1.0,0.0,0.0,0.0,1.0,0.0,0.10858525632850924,0.0,1.0,1.0,0.0,0.2747152214057793,0.0,1.0,0.0,0.0,1.0,0.0,0.0,1.0,1.0,1.0,0.0,0.0,1.0,1.0,1.0,1.0,1.0,1.0,1.0,1.0,0.0,1.0,0.0,1.0,1.0,0.0,0.0,1.0,1.0,1.0,1.0,1.0,0.0,1.0,0.0,0.24862760987107144,1.0,1.0,0.0,1.0,0.0,0.0,1.0,1.0,0.0,1.0,1.0,0.0,1.0,0.5636070911912732,1.0,1.0,1.0,1.0,1.0,1.0,0.0,1.0,1.0,0.0,1.0,0.974607016446601,0.0,0.0,1.0,1.0,1.0,1.0,1.0,0.0,1.0,1.0,1.0
110,additive/lengthscale,interaction_g0.25,0,2.887869895345058,3.159888998827354,3.4753718944459826,3.161311357138584,0.05653847068891382,-0.33944420920496254,36.4248522198759,245.94804929103702,1,1,excluded,r_hat_max 1.222 > 1.1; n_eff_min 9.8 < 16.0,1.221718023410825,1.0082651238610656,0.8269230769230769,9.754198067299317,0,63.0,1.221718023410825,9.754198067299317,nan,nan,1.0075707449978295,104.11898795790927,2.0896169022578452,1.2072883686205937,0,0.0,0.0,0.0,0.0,0.0,0.0,0.0,0.0,0.0,1.0,0.0,0.8859447903081751,0.0,1.0,0.0,1.0,0.0,0.0,0.0,1.0,0.8395462416364838,1.0,0.0,1.0,1.0,0.0,1.0,0.0,1.0,0.0,1.0,1.0,1.0,0.0,1.0,1.0,1.0,0.0,0.0,0.0177317449377309,0.0,1.0,1.0,1.0,1.0,1.0,0.0,0.0,1.0,0.0,1.0,1.0,1.0,0.0,1.0,1.0,1.0,0.0,1.0,0.0,1.0,0.0,0.2482946868529409,1.0,1.0,0.0,1.0,0.0,1.0,1.0,1.0,1.0,0.0,1.0,0.0,1.0,0.5423454965634454,0.0,1.0,1.0,0.30931940734671365,1.0,1.0,0.0,0.0,1.0,0.0,1.0,0.0,0.0,0.0,1.0,0.04577335318624965,1.0,1.0,0.0,0.8240137267155629,1.0,1.0,1.0
111,additive/lengthscale,interaction_g0.25,0,3.209964600092331,3.1536606696301943,3.4753718944459826,3.161311357138584,0.05653847068891382,0.05615904026257601,41.121413555927575,275.9321565220598,1,1,excluded,r_hat_max 1.111 > 1.1,1.110528170711091,1.0007205022990155,0.9423076923076923,33.86161416753944,0,62.3125,1.110528170711091,33.86161416753944,nan,nan,1.004853668359276,101.01812188420223,2.0968083706640366,1.2042022509054404,0,0.0,0.0,0.0,0.0,0.0,0.0,0.0,0.0,1.0,1.0,0.0,1.0,0.0,1.0,1.0,1.0,0.0,0.0,0.0,1.0,0.0,1.0,0.3662727513577174,1.0,1.0,0.0,1.0,1.0,0.0,0.0,0.0,1.0,0.0,0.0,1.0,0.47355224971894055,1.0,0.01448124641386208,0.0,0.7779352508112748,0.0,1.0,1.0,1.0,1.0,1.0,1.0,0.0,0.0,0.0,1.0,1.0,0.0,0.0,1.0,0.0,1.0,1.0,1.0,1.0,1.0,0.0,0.2403544685721858,1.0,1.0,0.0,1.0,0.0,1.0,1.0,1.0,0.0,1.0,0.0,0.0,0.9947866052022756,0.5649109990552652,1.0,1.0,1.0,1.0,0.0,1.0,0.0,1.0,1.0,0.0,1.0,1.0,1.0,0.0,1.0,1.0,1.0,1.0,1.0,0.0,1.0,1.0,1.0
112,additive/lengthscale,interaction_g0.25,0,2.9340939259704713,3.1570395881963327,3.4753718944459826,3.161311357138584,0.05653847068891382,-3.8589054908785476,33.4738062210381,266.6292145131156,1,1,ok,,1.0713593685091676,0.9991218212321611,0.9903846153846154,32.96682014732524,0,62.5625,1.0713593685091676,32.96682014732524,nan,nan,1.0138570931747426,92.36905129357828,2.1067472655696466,1.203378773899516,0,1.0,0.0,0.0,0.0,0.0,0.0,0.0,0.0,0.0,1.0,0.0,1.0,0.0,0.0,1.0,1.0,0.0,0.0,0.0,0.0,0.0,1.0,0.0,1.0,1.0,0.0,0.0,1.0,0.0,1.0,0.0,1.0,1.0,0.0,1.0,1.0,1.0,0.0,0.0,1.0,0.0,1.0,1.0,1.0,1.0,0.0,1.0,0.0,1.0,0.4946751576241119,1.0,1.0,0.0,0.0,1.0,0.0,1.0,0.0,1.0,1.0,1.0,1.0,0.2163203431670957,1.0,1.0,0.0,1.0,0.0,0.0,1.0,1.0,0.0,1.0,0.0,0.0,1.0,0.48172445187204865,1.0,1.0,1.0,1.0,0.0,1.0,0.0,1.0,0.0,0.0,1.0,1.0,0.0,0.5439643741014254,0.965080322773694,1.0,1.0,1.0,1.0,0.0,0.0,1.0,0.7474367003978056
113,additive/lengthscale,interaction_g0.25,0,3.126456185651867,3.158794264875167,3.4753718944459826,3.161311357138584,0.05653847068891382,-0.9562438066501093,41.68887517508119,242.64628549595363,1,1,ok,,1.0442087645985398,0.9999953574336811,1.0,56.53966719969034,0,62.4375,1.0442087645985398,56.53966719969034,nan,nan,1.0195929271704647,159.52044412387875,2.114068917431601,1.2005453701020907,0,0.0,0.0,0.0,0.0,0.0,0.0,0.0,0.0,1.0,1.0,0.0,1.0,0.0,1.0,1.0,1.0,0.0,0.0,0.0,1.0,0.0,1.0,0.0,1.0,1.0,1.0,1.0,0.0,0.0,0.0,1.0,1.0,1.0,0.0,1.0,0.0,1.0,0.0,0.0,1.0,0.0,1.0,1.0,0.0,1.0,1.0,1.0,0.0,0.0,0.0,1.0,1.0,1.0,0.0,1.0,1.0,0.0,0.0,1.0,0.0,1.0,0.0,0.24984085214666626,1.0,1.0,0.0,1.0,0.0,1.0,1.0,1.0,0.0,0.0,0.0,0.0,1.0,0.5575942575369893,0.0,1.0,1.0,1.0,0.0,1.0,0.0,0.6836324519340368,1.0,0.0,1.0,1.0,1.0,0.0,1.0,0.0,1.0,1.0,1.0,0.0,1.0,1.0,1.0
114,additive/lengthscale,interaction_g0.25,0,3.0017430733868187,2.995502708881607,3.4753718944459826,3.161311357138584,0.05653847068891382,-3.9144286598682223,39.24366541602649,271.0889137291815,1,1,excluded,r_hat_max 1.475 > 1.1; n_eff_min 4.7 < 16.0,1.4753956455336088,0.9985402620561541,0.9615384615384616,4.684671695667934,0,62.875,1.4753956455336088,4.684671695667934,nan,nan,1.0558483532951628,45.087690998443826,2.1229495075037086,1.1989903477862522,0,0.0,0.0,0.0,0.0,0.0,0.0,1.0,0.0,1.0,1.0,0.0,0.0,0.0,1.0,1.0,0.6729256222389735,0.0,0.0,0.0,1.0,0.0,1.0,0.0,1.0,1.0,0.0,1.0,0.0,1.0,0.0,0.0,1.0,1.0,0.0,1.0,0.0,1.0,0.0,0.0,1.0,0.0,0.0,1.0,1.0,1.0,0.8316790881292816,1.0,0.0,0.0,0.0,0.9710675757358168,1.0,1.0,0.0,1.0,0.0,0.0,0.0,1.0,0.0,1.0,0.0,0.24627068222240547,1.0,1.0,0.0,1.0,0.0,1.0,1.0,1.0,0.0,1.0,0.0,0.0,1.0,0.5502891734531299,1.0,1.0,1.0,1.0,0.0,1.0,0.0,1.0,1.0,0.0,1.0,1.0,1.0,0.0,1.0,1.0,1.0,1.0,1.0,0.0,1.0,1.0,1.0
115,additive/lengthscale,interaction_g0.25,0,3.0947905852004087,3.1553703034551304,3.4753718944459826,3.161311357138584,0.05653847068891382,0.2266271966925033,38.413560627028346,222.42874451586977,1,1,excluded,r_hat_max 1.112 > 1.1,1.1116613027853262,1.0057934642701252,0.8846153846153846,23.873903019666685,0,63.0,1.1116613027853262,23.873903019666685,nan,nan,1.003839654890862,209.21368869873962,2.130591190685301,1.1965509783470198,0,0.0,0.0,0.0,0.0,0.0,1.0,0.0,1.0,1.0,1.0,0.0,1.0,0.0,1.0,1.0,1.0,0.0,0.0,0.0,1.0,0.0,1.0,1.0,0.0,1.0,0.0,1.0,0.0,1.0,0.0,1.0,1.0,1.0,0.0,1.0,1.0,0.0,0.0,0.0,0.548611723587017,1.0,1.0,1.0,1.0,1.0,1.0,0.0,0.0,0.0,0.0,1.0,1.0,1.0,0.0,1.0,0.0,1.0,1.0,1.0,0.0,0.7349242180191504,0.0,0.24388688476597867,1.0,1.0,0.0,1.0,0.0,1.0,1.0,1.0,0.0,1.0,0.0,0.0,1.0,0.5649381343287487,1.0,1.0,1.0,0.0,0.0,1.0,0.0,1.0,1.0,0.0,0.0,1.0,0.0,0.0,1.0,1.0,1.0,1.0,1.0,0.0,1.0,1.0,1.0
116,additive/lengthscale,interaction_g0.25,0,2.0610590576912604,1.9605341915992827,3.4753718944459826,3.161311357138584,0.05653847068891382,-3.7074984392459998,39.846505764871836,258.6947470679879,1,1,excluded,r_hat_max 1.584 > 1.1; n_eff_min 3.7 < 16.0,1.5840244559221441,1.0024152958548131,0.9326923076923077,3.7381998036927775,0,62.875,1.5840244559221441,3.7381998036927775,nan,nan,1.1776152894201544,11.744044121981565,2.1389032544311206,1.1947121425791438,0,0.0,0.0,0.0,0.0,0.0,0.0,0.0,0.0,1.0,1.0,0.0,0.0,0.0,1.0,1.0,1.0,0.0,0.0,0.0,1.0,0.0,0.0,0.0,0.9304236044845798,1.0,0.0,1.0,0.0,1.0,0.0,0.0,1.0,0.0,0.0,1.0,1.0,1.0,0.0,0.0,1.0,0.6202257974276915,0.0,1.0,1.0,1.0,1.0,1.0,0.0,0.0,0.0,0.5276050525924632,1.0,1.0,0.0,1.0,0.0,0.0,0.0,1.0,0.0,1.0,0.0,0.2538963964038742,1.0,0.0,0.0,1.0,0.0,1.0,1.0,1.0,0.0,1.0,0.0,0.0,1.0,0.5615599775484901,1.0,1.0,1.0,1.0,0.0,1.0,0.0,1.0,1.0,0.0,1.0,1.0,1.0,0.0,1.0,1.0,1.0,1.0,1.0,0.0,1.0,1.0,1.0
117,additive/lengthscale,interaction_g0.25,0,3.063195366886204,3.15468882909148,3.4753718944459826,3.161311357138584,0.05653847068891382,-0.25586192768849925,43.738078471971676,211.061365053989,1,1,excluded,n_eff_min 14.4 < 16.0,1.0839012449433068,1.0032346353833015,0.9038461538461539,14.367949342042236,0,63.0,1.0839012449433068,14.367949342042236,nan,nan,1.00442382954689,136.07667600237846,2.13823791941625,1.1896171615276099,0,0.0,0.0,0.0,0.0,0.0,0.0,0.0,1.0,0.0,1.0,0.0,0.0,0.0,1.0,1.0,1.0,0.0,0.0,0.0,1.0,0.0,1.0,0.49346646250820675,1.0,1.0,0.0,1.0,0.0,0.0,0.0,0.7330716594813194,1.0,1.0,1.0,1.0,1.0,1.0,0.0,0.0,1.0,0.0,1.0,0.0,1.0,1.0,1.0,0.0,0.0,1.0,0.0,1.0,1.0,1.0,0.0,1.0,1.0,1.0,0.9688022716752954,1.0,0.0,1.0,0.0,0.24416374591075224,1.0,0.7413374402064346,0.0,1.0,0.9587355140696858,1.0,1.0,1.0,0.0,1.0,0.0,0.0,1.0,0.5698125099711133,1.0,1.0,1.0,0.0,0.0,1.0,0.0,1.0,1.0,0.0,1.0,1.0,0.0,0.0,1.0,1.0,1.0,1.0,1.0,0.0,1.0,1.0,1.0
118,additive/lengthscale,interaction_g0.25,0,2.9779974553996302,3.158824238629925,3.4753718944459826,3.161311357138584,0.05653847068891382,-0.0031787452978799813,39.43647592817433,261.2435557479039,1,1,excluded,r_hat_max 1.126 > 1.1; n_eff_min 12.9 < 16.0,1.1259869267903908,1.0017634149255712,0.9134615384615384,12.944800816189595,0,63.0,1.1259869267903908,12.944800816189595,nan,nan,1.1034017439622208,26.634437330665385,2.146076541852436,1.187596232798498,0,1.0,0.0,0.0,0.0,0.9000331164835695,1.0,0.0,1.0,1.0,1.0,0.0,1.0,0.0,0.060561304651796155,1.0,1.0,0.0,0.0,0.0,0.0,0.0,1.0,1.0,0.0,1.0,0.0,1.0,0.0,0.0,0.0,0.0,1.0,0.0,0.6135007629467826,1.0,0.0,1.0,0.0,0.0,1.0,1.0,0.0,0.0,1.0,1.0,1.0,1.0,0.0,0.0,0.0,1.0,1.0,1.0,0.0,1.0,0.0,0.7046539545606512,0.0,1.0,0.0,1.0,0.0,0.2547443007014588,1.0,1.0,0.0,1.0,1.0,1.0,1.0,1.0,0.0,1.0,0.0,0.0,1.0,0.5649248862335344,1.0,1.0,1.0,1.0,0.0,1.0,0.0,1.0,1.0,0.0,1.0,1.0,0.8828600622631378,0.0,1.0,1.0,1.0,0.19115603000614043,0.31337195166865767,0.0,1.0,1.0,1.0
119,additive/lengthscale,interaction_g0.25,0,3.0969712357643653,3.1603840283300038,3.4753718944459826,3.161311357138584,0.05653847068891382,-0.618869389352311,40.491343488916755,282.2972176040057,1,1,excluded,r_hat_max 1.119 > 1.1,1.1187354491555253,1.0029147204372313,0.875,23.30686776126909,0,62.875,1.1187354491555253,23.30686776126909,nan,nan,1.0013025082099374,72.16025466360728,2.153067473899051,1.1850315896167771,0,0.0,1.0,0.0,0.0,0.0,0.0,0.0,0.0,1.0,1.0,0.0,0.0,0.4340527874794727,1.0,0.4695626504131469,1.0,0.0,0.0,0.0,1.0,0.0,1.0,0.0,0.889962823664264,0.23073357471155448,0.056173799617507444,1.0,0.0,0.8368806129747621,0.0,0.5405614863341425,1.0,1.0,0.47989729430562494,0.6046094180554661,1.0,0.9131800137734796,0.0,0.33256587665801257,0.48921510934741724,1.0,0.0,1.0,0.7981644347595429,1.0,0.5124118263492471,0.5339889516529143,0.0,1.0,0.0,1.0,0.47281520362006174,0.583817591744518,0.0,1.0,0.0,0.04423762369662767,0.926102746078223,0.15915236285973364,0.0,0.0016903496120177861,0.0,0.26744136010456576,1.0,1.0,0.0,1.0,0.0,1.0,1.0,1.0,0.0,1.0,0.0,0.0,0.05553850368001528,0.5568415519201064,0.9239121275159177,1.0,1.0,0.1901539751772052,0.4637236873799279,1.0,0.0,1.0,1.0,0.0,0.8592090876260191,1.0,0.0,0.49320685224305333,1.0,1.0,1.0,1.0,1.0,0.0,1.0,1.0,0.7280700349302248
120,additive/lengthscale,interaction_g0.25,0,3.126238640474726,3.155124750571277,3.4753718944459826,3.161311357138584,0.05653847068891382,-0.15778320041750593,34.348439970985055,248.6534476990346,1,1,ok,,1.081367166280478,1.0034461974358764,0.9615384615384616,16.017974309210025,0,62.875,1.081367166280478,16.017974309210025,nan,nan,1.0161732506077261,127.63904137879638,2.1609333385812617,1.1831991028238154,0,0.0,0.0,0.3738178636975744,0.0,0.0,0.03723347313167704,0.0,0.0,1.0,1.0,0.0,0.12286350245924722,0.0,1.0,0.0,1.0,0.0,0.0,0.0,1.0,0.0,0.8274844826375194,0.0,1.0,1.0,0.0,1.0,0.0,1.0,0.0,1.0,1.0,1.0,0.7560613059086646,1.0,1.0,1.0,0.0,0.4630413742352575,1.0,0.4463894992576793,1.0,1.0,0.6575023504170792,1.0,0.2804076336967657,0.185100086931119,0.0,0.06256898501837461,0.0,1.0,1.0,1.0,0.0,1.0,0.2725588952688944,1.0,0.0,1.0,0.0,1.0,0.0,0.24233741016505742,1.0,1.0,0.0,1.0,0.0,0.5005372065977952,1.0,1.0,0.0,1.0,0.0,0.0,1.0,0.5620669184151237,0.0,1.0,1.0,0.0,0.0,1.0,0.0,1.0,1.0,0.0,1.0,1.0,0.5760048993070842,0.0,1.0,0.9208320723299971,1.0,1.0,1.0,0.0,1.0,1.0,1.0
121,additive/lengthscale,interaction_g0.25,0,3.150132515517558,3.15847574410084,3.4753718944459826,3.161311357138584,0.05653847068891382,-0.012607578630805971,38.26851584785618,251.12327304994687,1,1,ok,,1.0473841168518183,0.9982864954029285,1.0,34.37380930606279,0,62.0,1.0473841168518183,34.37380930606279,nan,nan,1.0270238598191197,210.07804876345406,2.1689110683489767,1.181536076161454,0,0.0,0.0,0.0,0.0,0.0,0.0,0.0,0.0,1.0,1.0,0.0,1.0,0.0,1.0,1.0,1.0,0.0,0.0,0.0,1.0,0.0,1.0,0.0,1.0,1.0,0.0,1.0,0.0,1.0,0.0,1.0,1.0,1.0,0.0,1.0,1.0,1.0,0.0,0.0,1.0,1.0,1.0,1.0,1.0,1.0,1.0,0.0,0.0,1.0,0.0,1.0,1.0,1.0,0.0,0.7171881835361342,0.0,1.0,1.0,1.0,0.0,1.0,0.0,0.27067000054559776,1.0,1.0,0.0,1.0,0.0,0.0,1.0,1.0,0.0,1.0,0.0,0.0,1.0,0.5647274761509178,1.0,1.0,1.0,1.0,0.0,1.0,0.0,1.0,1.0,0.0,1.0,1.0,0.0,0.0,1.0,0.0,1.0,1.0,1.0,0.0,1.0,1.0,1.0
122,additive/lengthscale,interaction_g0.25,0,3.165434078026905,3.127341326348829,3.4753718944459826,3.161311357138584,0.05653847068891382,-3.3517687786897286,37.21251580514945,266.1848127050325,1,1,excluded,r_hat_max 1.196 > 1.1; n_eff_min 13.1 < 16.0,1.1964395308655675,1.0121791925894281,0.7692307692307693,13.095325466911802,0,63.0,1.1964395308655675,13.095325466911802,nan,nan,1.056388213771362,60.03869747073837,2.1769538670962603,1.180004970722891,0,0.0,1.0,0.0,0.0,0.0,0.0,0.0,0.0,1.0,0.9860849413369078,0.0,0.0,0.0,1.0,1.0,0.8746223632959312,0.0,0.0,0.0,1.0,0.0,1.0,0.0,0.0,1.0,0.0,1.0,0.0,0.0,0.0,0.0,1.0,1.0,0.0,1.0,1.0,1.0,0.0,0.0,1.0,0.0,1.0,1.0,1.0,1.0,0.0,0.0,0.0,0.0,0.0,1.0,1.0,1.0,0.0,1.0,0.0,0.0,1.0,1.0,1.0,1.0,0.0,0.3115940676753,1.0,1.0,0.0,1.0,0.0,0.0,1.0,1.0,0.0,1.0,0.0,0.0,1.0,0.562419249527993,0.0,1.0,1.0,1.0,0.0,0.0,0.0,1.0,1.0,0.0,1.0,1.0,1.0,0.0,1.0,0.7028843427276597,1.0,1.0,1.0,0.02342349887180206,1.0,1.0,0.0
123,additive/lengthscale,interaction_g0.25,0,3.2824165480087983,3.1548989929021207,3.4753718944459826,3.161311357138584,0.05653847068891382,0.1356994973538792,42.29053814196959,240.48395400401205,1,1,ok,,1.0403826703195111,0.9986704343068353,1.0,61.5685483373113,0,62.0625,1.0403826703195111,61.5685483373113,nan,nan,1.0058424337771936,199.5118306739114,2.184990291575371,1.1785459570164794,0,0.0,1.0,0.0,0.0,0.0,0.0,0.0,0.0,1.0,1.0,0.0,1.0,0.0,1.0,1.0,1.0,0.0,0.0,0.0,1.0,0.0,1.0,0.0,1.0,1.0,0.0,1.0,0.0,1.0,0.0,0.0,1.0,0.0,0.0,1.0,1.0,1.0,0.0,0.0,1.0,1.0,1.0,0.0,1.0,1.0,1.0,0.0,0.0,0.0,0.0,1.0,0.1717290376795175,1.0,0.0,1.0,0.0,0.6638929774784615,0.30857388244322836,1.0,0.0,1.0,0.0,0.2435188184597627,1.0,1.0,0.0,1.0,0.0,0.0,1.0,1.0,0.0,1.0,0.0,0.0,1.0,0.5668192814046428,1.0,1.0,1.0,0.0,0.0,1.0,0.0,1.0,1.0,0.0,1.0,1.0,0.0,0.0,1.0,1.0,1.0,1.0,1.0,0.0,1.0,1.0,0.0
124,additive/lengthscale,interaction_g0.25,0,3.1370680066932626,3.1504764705663892,3.4753718944459826,3.161311357138584,0.05653847068891382,-0.029140475117471087,36.59923855680972,179.51770383189432,1,1,ok,,1.0708041111509186,0.9995548571742798,0.9711538461538461,39.28043005721372,0,62.75,1.0708041111509186,39.28043005721372,nan,nan,1.003867431005447,97.56883687036832,2.193840503320802,1.1778808622731272,0,1.0,0.0,0.0,0.0,0.0,0.0,0.0,0.0,1.0,1.0,1.0,1.0,0.0,1.0,1.0,1.0,0.0,0.0,0.0,1.0,0.0,1.0,0.0,1.0,1.0,0.0,1.0,0.0,1.0,0.0,1.0,1.0,1.0,0.0,1.0,1.0,1.0,0.0,0.0,1.0,1.0,1.0,1.0,1.0,1.0,1.0,0.0,0.0,0.0,0.0,1.0,1.0,1.0,0.0,1.0,0.0,0.44533660041126727,0.5882287096937662,1.0,0.0,1.0,0.0,0.2349026088208222,1.0,1.0,0.0,1.0,0.0,0.0,1.0,1.0,0.0,0.21149708254120844,0.0,0.0,1.0,0.5647206218294833,1.0,1.0,1.0,0.0,0.0,1.0,0.0,1.0,1.0,0.0,1.0,1.0,0.0,0.0,1.0,1.0,1.0,1.0,1.0,0.0,1.0,1.0,0.0
125,additive/lengthscale,interaction_g0.25,0,3.244483747895874,3.1580106706967026,3.4753718944459826,3.161311357138584,0.05653847068891382,0.038167496239751575,41.53309509088285,228.52294414909557,1,1,excluded,r_hat_max 1.173 > 1.1; n_eff_min 16.0 < 16.0,1.1733618846568195,1.003300763129384,0.9134615384615384,15.980531313404807,0,63.0,1.1733618846568195,15.980531313404807,nan,nan,1.001967447320963,92.61929319508074,2.2013863233477817,1.1761652029747682,1,0.0,0.0,0.0,0.0,0.0,0.0,0.03201224766682598,0.0,1.0,1.0,0.0,1.0,0.0,1.0,0.0,1.0,0.07732359404992054,0.0,0.0,1.0,0.0,1.0,0.0,1.0,1.0,0.0,1.0,0.0,1.0,0.0,1.0,1.0,0.8360354099423373,0.0,1.0,1.0,1.0,0.0,0.0,1.0,0.7642949276343047,1.0,0.0,1.0,1.0,0.9022472728169434,0.0,0.0,0.0,0.39117435655962335,1.0,1.0,0.0,0.0,1.0,0.0,1.0,1.0,1.0,0.0,1.0,0.0,0.24805289694825122,1.0,1.0,0.0,1.0,0.823774300623728,1.0,1.0,1.0,0.0,1.0,0.0,0.0,1.0,0.5588656045630829,1.0,1.0,1.0,0.0,0.0,1.0,0.0,1.0,1.0,0.0,1.0,1.0,0.0,0.0,1.0,1.0,1.0,1.0,1.0,0.0,1.0,1.0,1.0
126,additive/lengthscale,interaction_g0.25,0,3.1708380648632235,3.1588306665414976,3.4753718944459826,3.161311357138584,0.05653847068891382,0.11413282299769278,39.607646544929594,263.338000749005,1,1,ok,,1.0613447025802945,1.0010309937021384,0.9807692307692307,27.35505452039668,0,62.875,1.0613447025802945,27.35505452039668,nan,nan,1.0361666824218465,133.45748651332158,2.2096648743362586,1.1751392689770066,0,0.0,1.0,0.0,0.0,0.0,0.0,0.0,0.0,1.0,1.0,1.0,1.0,0.0,1.0,0.497917275009708,1.0,0.0,0.0,0.0,1.0,0.0,1.0,0.0,1.0,1.0,0.0,1.0,0.0,1.0,0.0,0.0,1.0,1.0,0.0,1.0,1.0,1.0,0.0,0.0,0.7870732947236133,1.0,0.8798441438223742,0.0,1.0,1.0,0.0,0.0,0.0,0.0,0.0,1.0,1.0,0.0,0.0,1.0,0.0,0.8289017656608957,0.19348468586234602,1.0,0.0,1.0,0.0,0.252425078216567,1.0,1.0,0.0,1.0,0.0,0.0,1.0,1.0,0.0,1.0,0.0,0.0,1.0,0.5617817526396689,0.0,1.0,1.0,0.0,0.0,1.0,0.0,1.0,1.0,0.0,1.0,1.0,0.0,0.0,1.0,1.0,0.8546765192039423,1.0,1.0,0.0,1.0,1.0,1.0
127,additive/lengthscale,interaction_g0.25,0,3.1601299190124967,3.1584555946732222,3.4753718944459826,3.161311357138584,0.05653847068891382,-0.2742698935137189,42.656418829923496,195.44154560402967,1,1,excluded,r_hat_max 1.151 > 1.1,1.1505969490920027,1.0031801954408404,0.9423076923076923,22.242857170751886,0,63.0,1.1505969490920027,22.242857170751886,nan,nan,1.0014439407055895,65.57635882496385,2.2172331671750536,1.173582473642479,0,0.0,1.0,0.0,0.0,0.0,0.0,0.0,0.0,1.0,1.0,0.0,0.887796643756956,0.0,1.0,0.8005448282887107,1.0,0.0,0.0,0.0,1.0,0.0,1.0,0.0,1.0,1.0,0.0,1.0,0.0428224236265172,1.0,0.0,0.09639298110704404,1.0,0.32621013423771666,0.0,1.0,1.0,1.0,0.12272380372015183,0.0,1.0,1.0,1.0,0.0,1.0,1.0,0.13046017276923863,0.0,0.0,0.0,0.0,1.0,1.0,0.0,0.0,1.0,0.0,0.5632410421326636,1.0,1.0,0.0,1.0,0.0,0.2540521959233356,1.0,1.0,0.0,1.0,0.031930080169517344,0.0,1.0,0.6907583536330715,0.0,1.0,0.0,0.0,1.0,0.5663392060163903,1.0,1.0,1.0,0.0,0.0,1.0,0.0,1.0,1.0,0.0,1.0,1.0,0.0,0.0,1.0,1.0,1.0,1.0,1.0,0.0,1.0,1.0,0.9954260319493916
128,additive/lengthscale,interaction_g0.25,0,2.422279203137863,2.4462026065046807,3.4753718944459826,3.161311357138584,0.05653847068891382,-3.134404503661323,37.90046290704049,216.33605575398542,1,1,ok,,1.0649789571400248,1.001603807796362,0.9903846153846154,26.14751552444636,0,62.875,1.0649789571400248,26.14751552444636,nan,nan,1.0111094402045973,92.11116384325993,2.2245995480487832,1.1719330918868371,0,0.0,1.0,0.0,0.0,0.0,0.0,0.0,0.0,1.0,0.760584730009548,0.0,0.0,0.0,1.0,1.0,1.0,0.0,0.0,0.5333308529109773,1.0,0.0,1.0,1.0,1.0,1.0,0.0,1.0,0.0,1.0,0.0,0.0,1.0,1.0,0.0,1.0,1.0,1.0,0.0,0.0,1.0,0.20914709051006616,1.0,1.0,1.0,1.0,0.0,0.0,0.0,0.0,0.0,1.0,1.0,1.0,0.0,1.0,0.0,0.0,1.0,1.0,1.0,1.0,0.0,0.30608580700018945,1.0,1.0,0.0,1.0,0.0,0.0,1.0,1.0,0.0,1.0,0.0,0.0,1.0,0.5573034406549612,1.0,1.0,1.0,0.0,0.0,1.0,0.0,1.0,1.0,0.0,1.0,1.0,0.0,0.0,1.0,1.0,1.0,1.0,1.0,0.0,1.0,1.0,0.0
129,additive/lengthscale,interaction_g0.25,0,2.1750326424305553,2.019290947086005,3.4753718944459826,3.161311357138584,0.05653847068891382,-3.2649152019885608,44.642766188131645,258.9387378450483,1,1,ok,,1.0842271270904438,1.001561696580104,0.9807692307692307,17.959851683366182,0,62.875,1.0842271270904438,17.959851683366182,nan,nan,1.0129812360321382,101.07915517494389,2.2261319484758304,1.1675106105444069,0,0.0,1.0,0.0,0.0,0.0,0.0,0.0,0.0,1.0,0.6301616729010407,0.0,0.0,0.0,1.0,1.0,1.0,0.0,0.0,1.0,1.0,0.0,0.0,1.0,1.0,1.0,0.0,1.0,0.0,1.0,0.0,0.0,1.0,1.0,0.0,1.0,1.0,1.0,0.26006496927700506,0.0,1.0,0.0,1.0,1.0,1.0,1.0,0.0,0.0,0.0,0.0,0.0,1.0,1.0,1.0,0.0,1.0,0.0,1.0,1.0,1.0,1.0,1.0,0.0,0.292596190337576,1.0,0.6447150808087332,0.0,1.0,0.0,1.0,1.0,0.767260997067309,0.0,1.0,0.0,0.0,1.0,0.5579866225917128,0.0,1.0,1.0,0.0,0.0,0.0,0.0,1.0,1.0,0.0,1.0,1.0,1.0,0.0,1.0,1.0,1.0,1.0,1.0,1.0,1.0,1.0,0.0
130,additive/lengthscale,interaction_g0.25,0,3.078940029155279,3.140638965745793,3.4753718944459826,3.161311357138584,0.05653847068891382,-3.516400639449442,43.401294524781406,237.73144989297725,1,1,excluded,n_eff_min 13.6 < 16.0,1.0847474082232704,1.0099475653237935,0.8942307692307693,13.577826402163657,0,63.0,1.0847474082232704,13.577826402163657,nan,nan,1.0172153662895818,218.79358497627948,2.225738876890867,1.1630200850605419,0,0.0,1.0,0.0,0.0,0.0,0.0,0.0,0.0,1.0,0.9780190945496909,0.0,0.0,0.0,1.0,1.0,1.0,0.0,0.0,0.0,1.0,0.0,1.0,1.0,1.0,1.0,0.0,1.0,0.0,1.0,0.0,0.0,1.0,1.0,0.0,1.0,1.0,1.0,0.0,0.0,1.0,0.0,1.0,1.0,1.0,1.0,0.0,0.0,0.0,0.0,0.0,1.0,1.0,1.0,0.0,1.0,0.0,0.0,1.0,1.0,1.0,1.0,0.0,0.2965825265489759,1.0,1.0,0.0,1.0,0.5937506370844335,0.0,1.0,1.0,0.0,1.0,0.0,0.0,1.0,0.5583164498439475,0.0,1.0,1.0,0.0,0.0,1.0,0.0,1.0,1.0,0.0,1.0,1.0,0.02045656359946327,0.0,1.0,1.0,1.0,1.0,1.0,0.0,1.0,1.0,0.0
131,additive/lengthscale,interaction_g0.25,0,3.32303360962652,3.1530098989244326,3.4753718944459826,3.161311357138584,0.05653847068891382,0.1304538363105947,49.49808410787955,178.5270072130952,1,1,excluded,r_hat_max 1.167 > 1.1,1.1669447714662748,0.9992465242958104,0.9807692307692307,18.15398427608921,0,62.9375,1.1669447714662748,18.15398427608921,nan,nan,1.0050598077755681,82.76329891122768,2.2322518627860153,1.160949988377197,0,0.0,0.0,0.0,0.0,0.0,0.0,0.0,0.0,1.0,1.0,0.0,1.0,0.0,1.0,1.0,1.0,0.0,0.0,0.0,1.0,0.0,1.0,0.0,1.0,1.0,0.0,1.0,0.953551149840792,1.0,0.0,1.0,1.0,0.0,0.5752078476723888,1.0,1.0,1.0,0.0,0.0,1.0,1.0,1.0,0.0,1.0,1.0,1.0,0.0,0.0,0.0,0.0,1.0,1.0,0.0,0.0,1.0,0.0,1.0,0.9170597006200315,1.0,0.0,1.0,0.0,0.239051544295593,1.0,1.0,0.0,1.0,0.0,0.0,1.0,1.0,0.0,1.0,0.0,0.0,1.0,0.564573538568908,0.0,1.0,0.8973763795348937,0.0,0.0,1.0,0.0,1.0,1.0,0.0,1.0,1.0,1.0,0.0,1.0,1.0,1.0,1.0,1.0,0.0,1.0,1.0,1.0
132,additive/lengthscale,interaction_g0.25,0,2.218429578618949,2.1980650038706373,3.4753718944459826,3.161311357138584,0.05653847068891382,-2.158557912226583,41.95273126009852,170.55063710780814,1,1,excluded,r_hat_max 1.131 > 1.1,1.1308624158832994,1.0046575815796368,0.9230769230769231,22.017283107083777,0,63.0,1.1308624158832994,22.017283107083777,nan,nan,0.9977708532940817,137.61275406140481,2.24051536086814,1.160404937937263,0,1.0,0.0,0.0,0.0,0.0,0.0,0.0,0.0,1.0,1.0,0.0,1.0,0.0,1.0,1.0,1.0,0.0,0.0,0.0,1.0,0.0,1.0,0.0,1.0,1.0,0.0,1.0,1.0,1.0,0.0,1.0,1.0,0.0,0.0,1.0,1.0,1.0,0.0,0.0,1.0,0.0,1.0,0.0,1.0,1.0,1.0,0.0,0.0,0.0,0.0,1.0,1.0,0.0,0.0,1.0,0.0,1.0,1.0,1.0,0.0,1.0,0.0,0.2399905630640076,1.0,1.0,0.0,1.0,0.0,0.0,1.0,1.0,0.0,1.0,0.0,0.0,1.0,0.5593398716355525,0.0,1.0,1.0,0.0,0.0,1.0,0.0,1.0,1.0,0.0,1.0,1.0,1.0,0.0,0.3675996568292146,1.0,1.0,1.0,1.0,0.0,1.0,1.0,1.0
133,additive/lengthscale,interaction_g0.25,0,3.061363833343415,3.1513413566832047,3.4753718944459826,3.161311357138584,0.05653847068891382,-1.9919623566523976,46.43118507997133,257.50818717782386,1,1,excluded,r_hat_max 1.173 > 1.1; n_eff_min 6.7 < 16.0,1.1731773879040515,1.000384999812228,0.9711538461538461,6.715912866646238,0,62.75,1.1731773879040515,6.715912866646238,nan,nan,1.029740124611164,41.834803767890925,2.2403493023549883,1.156035856667467,0,0.0,0.0,0.0,0.0,0.0,0.0,0.0,0.46159389985355004,1.0,0.998328084612165,0.0,1.0,0.0,1.0,1.0,1.0,0.0,0.0,0.0,0.9047854394106772,0.0,1.0,0.0,1.0,1.0,0.24076229220365264,1.0,0.0,1.0,0.0,1.0,1.0,1.0,1.0,1.0,1.0,0.7834522031855322,0.0,0.0,1.0,1.0,1.0,0.0,0.9934904853865608,1.0,1.0,0.0,0.0,0.0,0.0,1.0,1.0,0.0,0.0,1.0,0.0,1.0,1.0,1.0,0.5531931705872892,1.0,0.0,0.23767993653705438,1.0,1.0,0.0,1.0,1.0,1.0,1.0,0.0,0.0,1.0,0.0,0.0,1.0,0.5697432197759591,0.9925231674667713,1.0,1.0,0.0,0.0,1.0,0.0,1.0,1.0,0.0,1.0,1.0,0.0,0.0,1.0,1.0,1.0,1.0,1.0,0.0336801779353102,1.0,1.0,0.02461076146597134
134,additive/lengthscale,interaction_g0.25,0,2.1562064083985875,2.1926698592244778,3.4753718944459826,3.161311357138584,0.05653847068891382,-3.7311282456292214,44.26625826815143,227.63981314911507,1,1,ok,,1.0413465287790589,0.9985688093012741,1.0,30.60404548180647,0,63.0,1.0413465287790589,30.60404548180647,nan,nan,0.9967324233518475,167.03325470132174,2.2464762764668422,1.1538797257420805,0,0.0,0.0,0.0,0.0,0.0,0.0,0.0,0.0,0.0,0.6933671516004236,0.0,0.0,0.0,1.0,1.0,1.0,0.0,0.0,1.0,1.0,0.0,1.0,1.0,1.0,1.0,0.0,1.0,0.0,1.0,0.0,0.0,1.0,1.0,0.0,1.0,1.0,0.0,0.0,0.0,1.0,1.0,1.0,1.0,1.0,1.0,0.0,0.0,0.0,0.0,0.0,1.0,1.0,1.0,0.0,1.0,0.0,1.0,1.0,1.0,1.0,1.0,0.0,0.2903574571618154,1.0,1.0,0.15335917047360872,1.0,1.0,0.0,1.0,1.0,0.0,1.0,0.0,0.0,1.0,0.5625510897951947,0.0,1.0,1.0,0.0,0.0,0.0,0.0,1.0,1.0,0.0,1.0,1.0,1.0,0.0,1.0,0.0,1.0,1.0,1.0,1.0,1.0,1.0,0.0
135,additive/lengthscale,interaction_g0.25,0,2.8002985467986825,2.739563562467843,3.4753718944459826,3.161311357138584,0.05653847068891382,-3.384536579148031,47.45438912604004,262.03577371593565,1,1,ok,,1.0493260164780438,0.998899106435778,1.0,59.493169462862156,0,61.625,1.0493260164780438,59.493169462862156,nan,nan,1.015029211451097,106.72515713143677,2.245807610777448,1.1496242116024742,0,0.0,0.0,0.0,0.0,0.0,0.0,0.0,0.0,1.0,0.8243567720427417,0.0,0.0,0.0,1.0,1.0,1.0,0.0,0.0,1.0,1.0,0.0,1.0,1.0,0.4540708057947398,1.0,0.5627563391771622,1.0,0.0,1.0,0.0,0.0,1.0,1.0,0.0,1.0,1.0,1.0,0.0,0.0,1.0,1.0,1.0,1.0,1.0,1.0,1.0,0.0,0.0,0.0,0.0,1.0,1.0,1.0,0.0,1.0,0.0,0.47600543344885876,1.0,1.0,1.0,1.0,0.0,0.29075320853391734,1.0,1.0,0.0,1.0,1.0,0.0,1.0,1.0,0.0,1.0,0.0,0.0,1.0,0.5608643619001337,1.0,1.0,1.0,0.0,0.0,1.0,0.0,1.0,1.0,0.0,1.0,1.0,1.0,0.0,1.0,1.0,1.0,1.0,1.0,1.0,1.0,1.0,0.0
136,additive/lengthscale,interaction_g0.25,0,3.1607327942575156,3.159732037244093,3.4753718944459826,3.161311357138584,0.05653847068891382,-0.31502941705856147,42.73499920684844,196.35233390983194,1,1,ok,,1.0232513116043933,0.9992817080173272,1.0,43.8228955688331,0,62.625,1.0232513116043933,43.8228955688331,nan,nan,1.0056146982463945,195.88471540244115,2.2498847500128982,1.1463690640844837,0,0.0,0.0005395108448576707,0.0,0.0,0.0,0.00035174796644208686,0.0,0.9974295356747716,1.0,1.0,0.0,0.9997780568761853,0.0,0.0037614295649411,1.0,0.9997912087512548,0.0,0.0,0.0,0.9980933905779841,0.0,0.9979213945599217,0.0,0.9955757475433029,1.0,0.00010006718949806279,1.0,0.0,1.0,0.0,0.9999070693307386,0.9952533774613208,0.9996160264280036,0.0,0.9999196073515081,1.0,1.0,0.0,0.0,1.0,0.0017639569379329864,0.9997185907673019,0.000618647739022301,0.9961194120846122,1.0,1.0,0.0,0.0,0.0005098421731310762,0.0,1.0,0.9990806127959373,1.0,0.0,0.9995851680712403,0.00014822376706969664,0.9995304624569756,0.001641720283094048,1.0,0.0,1.0,0.0,0.2603949923774675,1.0,1.0,0.0,0.9996131642655727,0.9958332581641759,0.9999532147284627,1.0,1.0,0.0,0.4467489155743737,0.0,0.0,1.0,0.5634601745675502,1.0,1.0,1.0,0.0,0.0,1.0,0.0,1.0,1.0,1.9479660398663022e-05,1.0,1.0,0.9995255335373984,0.0,1.0,1.0,1.0,1.0,0.9998678490205019,0.9987686742236619,1.0,1.0,0.003285429221633687
137,additive/lengthscale,interaction_g0.25,0,2.4812318127155275,2.542959414939077,3.4753718944459826,3.161311357138584,0.05653847068891382,-0.8149283507786165,46.88847713498399,252.47748686606064,1,1,excluded,r_hat_max 1.415 > 1.1; n_eff_min 4.3 < 16.0,1.4146640889388775,1.0010612868216335,0.9519230769230769,4.261818782683334,0,62.1875,1.4146640889388775,4.261818782683334,nan,nan,1.0634210616286914,24.346880975897076,2.2565332758832968,1.1448061850790507,0,0.0,0.0,0.0,0.0,0.0,0.0,0.0,1.0,1.0,1.0,0.0,1.0,0.0,1.0,1.0,0.0,0.0,0.0,0.0,1.0,0.0,0.0,0.0,0.0,1.0,0.0,1.0,0.0,1.0,0.0,1.0,0.0,0.0,0.0,1.0,1.0,1.0,0.0,0.0,1.0,0.9777783819484175,0.3525875950956491,0.0,1.0,1.0,1.0,0.0,0.0,0.0,0.0,0.0,1.0,1.0,0.0,1.0,0.0,1.0,1.0,1.0,0.0,1.0,0.0,0.2642388545215017,1.0,1.0,0.0,1.0,0.0,0.0,1.0,1.0,0.0,1.0,0.0,0.0,1.0,0.5664928786256835,1.0,1.0,1.0,0.0,0.0,1.0,0.0,1.0,1.0,0.0,1.0,1.0,1.0,0.0,1.0,1.0,1.0,1.0,1.0,1.0,1.0,1.0,1.0
138,additive/lengthscale,interaction_g0.25,0,2.7701731188115715,2.9098586456513638,3.4753718944459826,3.161311357138584,0.05653847068891382,-0.8570908208752004,43.78301690192893,268.6295204060152,1,1,excluded,n_eff_min 13.6 < 16.0,1.083247681628751,0.9991958306604312,0.9807692307692307,13.583863322361902,0,61.75,1.083247681628751,13.583863322361902,nan,nan,1.0044831627170399,161.89966164704552,2.258161526150197,1.140809997511148,0,0.0,0.0,0.0,0.0,0.0,0.0,0.0,0.0,0.41448169308773886,0.864493927735577,0.0,0.800078647003109,0.0,1.0,1.0,1.0,0.0,0.0,1.0,1.0,0.0,1.0,0.05723383459114569,1.0,1.0,0.0,1.0,0.0,1.0,0.0,0.0,1.0,1.0,0.0,1.0,1.0,0.7381394077157012,0.0,0.0,1.0,1.0,1.0,1.0,1.0,1.0,0.6921673247584411,0.0,0.0,0.0,0.0,1.0,1.0,0.19222428423898766,0.1370407508743357,1.0,0.0,0.9881505490588912,1.0,1.0,1.0,1.0,0.0,0.28290540657297814,1.0,1.0,0.14677711174189154,1.0,0.5923494953990569,0.49231319666982565,1.0,1.0,0.0,1.0,0.0,0.0,1.0,0.5618879696464338,0.0,1.0,1.0,0.0,0.0,0.4228301441935647,0.3413204100198956,1.0,1.0,0.0,1.0,1.0,0.5330659459681706,0.0,1.0,1.0,1.0,1.0,1.0,1.0,1.0,1.0,0.0
139,additive/lengthscale,interaction_g0.25,0,3.391388176175954,3.1742776234063252,3.4753718944459826,3.1742776234063252,0.0435722044211726,-2.7507761761390865,46.80829578405246,253.5454427129589,1,1,ok,,1.0355716597079714,0.9995308314169136,1.0,16.546994126256184,0,62.875,1.0355716597079714,16.546994126256184,nan,nan,1.0021001658900295,54.91651258482249,2.261845062788048,1.1375222917120353,0,0.0,0.0,0.0,0.0,0.0,0.0,0.0,0.0,0.3513117322598951,0.984225805553531,0.0,0.9999995411515773,0.0,1.0,1.0,1.0,0.0,0.0,0.0,1.0,0.0,1.0,0.0,1.0,1.0,0.0,1.0,1.0,1.0,0.0,0.5231549104802433,1.0,0.5771372770333213,0.0,1.0,1.0,1.0,0.0,0.0,1.0,0.6735946359657692,1.0,0.7378160160053651,1.0,1.0,1.0,0.0,0.0,0.33106864732337765,0.0,1.0,1.0,0.0,0.0,1.0,0.0,1.0,1.0,1.0,0.0,1.0,0.0,0.24810984145244128,1.0,1.0,0.0,1.0,0.0,0.0,1.0,1.0,0.0,1.0,0.0,0.0,1.0,0.5613811189148554,1.0,1.0,1.0,0.0,0.0,1.0,0.0,1.0,1.0,0.0,1.0,1.0,0.7635539460006826,0.0,0.9762632736053595,1.0,1.0,1.0,1.0,0.0,1.0,1.0,0.1774984145964965
140,additive/lengthscale,interaction_g0.25,0,2.0848552208572224,2.086851934446626,3.4753718944459826,3.1742776234063252,0.0435722044211726,-1.101710487775374,44.07898375298828,203.76250975904986,1,1,ok,,1.0865576053858348,1.0010790722962997,0.9807692307692307,53.00812124538904,0,62.875,1.0865576053858348,53.00812124538904,nan,nan,1.0094215497227128,146.66384976279986,2.269913227883676,1.1374368815153497,0,0.0,0.0,0.0,0.0,0.0,0.0,0.0,0.0,1.0,0.6573031536153715,0.0,1.0,0.0,1.0,1.0,0.0,0.0,0.0,0.0,1.0,0.0,0.0,0.0,0.0,1.0,0.0,1.0,0.0,1.0,0.0,1.0,0.0,1.0,1.0,1.0,1.0,1.0,0.0,0.0,1.0,1.0,1.0,0.0,1.0,1.0,1.0,0.0,0.0,0.0,0.0,1.0,1.0,1.0,0.0,1.0,1.0,1.0,0.21975502001981687,1.0,0.0,1.0,0.0,0.24023915459258047,1.0,1.0,0.0,1.0,0.0,0.0,1.0,1.0,0.0,0.6089189941718831,0.0,0.0,1.0,0.5643366015442474,1.0,1.0,1.0,0.0,0.0,1.0,0.0,1.0,1.0,0.0,1.0,1.0,0.0,0.0,1.0,1.0,1.0,1.0,1.0,1.0,1.0,1.0,1.0
141,additive/lengthscale,interaction_g0.25,0,3.133093554130893,3.1568131426990034,3.4753718944459826,3.1742776234063252,0.0435722044211726,-0.2851685577378853,46.818620240082964,212.38461388810538,1,1,ok,,1.0398635886351015,0.9990093420861428,1.0,42.730346345748046,0,62.125,1.0398635886351015,42.730346345748046,nan,nan,1.0139798574300238,192.68533767407175,2.268600759748737,1.1335026236837749,0,0.0,0.0,0.0,0.0,0.0,0.0,0.0,0.0,0.0,1.0,0.0,1.0,0.0,1.0,0.0,1.0,0.0,0.0,0.0,1.0,0.011098208364021976,0.0,0.0,0.6205150830013151,1.0,0.0,1.0,1.0,1.0,0.0,1.0,1.0,0.0,0.0,1.0,1.0,1.0,0.0,0.0,1.0,0.0,1.0,1.0,1.0,1.0,1.0,0.0,0.0,0.0,0.0,1.0,1.0,0.0,0.0,1.0,0.0,1.0,1.0,1.0,0.0,1.0,0.0,0.24568691516461608,1.0,1.0,0.0,1.0,0.0,0.0,1.0,1.0,0.0,1.0,0.0,0.0,1.0,0.5607829832356404,1.0,1.0,1.0,0.0,0.0,1.0,0.0,1.0,1.0,0.0,1.0,1.0,1.0,0.0,1.0,1.0,1.0,1.0,1.0,1.0,1.0,1.0,1.0
142,additive/lengthscale,interaction_g0.25,0,3.257477585373614,3.1598545830170743,3.4753718944459826,3.1742776234063252,0.0435722044211726,-0.03759689282253609,44.09597878390923,231.34471109090373,1,1,ok,,1.0299082582889363,0.9995947318653718,1.0,34.870564758111335,0,61.875,1.0299082582889363,34.870564758111335,nan,nan,1.0015977135215832,219.10073454232506,2.2746887371739635,1.1318153829775641,0,0.0,0.0,0.0,0.0,0.0,0.0,0.0,0.9395022149563987,1.0,1.0,0.0,1.0,0.0,1.0,1.0,1.0,0.0,0.0,0.0,1.0,0.0,0.646181594917953,0.0,1.0,1.0,0.0,1.0,1.0,1.0,0.0,0.8760332367700138,1.0,0.0,0.0,1.0,1.0,1.0,0.0,0.0,1.0,1.0,1.0,0.0,1.0,0.3614749266564656,1.0,0.0,0.0,0.0,0.0,1.0,1.0,0.1724722909789086,0.0,1.0,0.0,1.0,1.0,1.0,0.0,1.0,0.0,0.2541229046117313,1.0,0.41874526570195064,0.0,1.0,0.0,0.0,1.0,1.0,0.0,1.0,0.0,0.0,1.0,0.557842440477015,1.0,1.0,1.0,0.0,0.0,1.0,0.0,1.0,1.0,0.0,1.0,1.0,1.0,0.0,1.0,1.0,0.7625270228098938,1.0,1.0,0.0,1.0,1.0,0.25017806137818277
143,additive/lengthscale,interaction_g0.25,0,2.38594776453209,2.3573006916470445,3.4753718944459826,3.1742776234063252,0.0435722044211726,0.3182448148773367,46.06317332107574,261.10500462306663,1,1,excluded,n_eff_min 15.5 < 16.0,1.0538510765239464,0.9993446141019995,0.9903846153846154,15.489546188630463,0,62.375,1.0538510765239464,15.489546188630463,nan,nan,0.9990834485481719,75.95687821917235,2.281561386462073,1.1308205456970992,0,0.0,0.0,0.0,0.0,0.0,0.0,0.0,0.0,1.0,1.0,0.0,0.08537251496346909,0.0,1.0,1.0,1.0,0.0,0.0,0.0,0.0,0.0,0.8242995333997148,0.0,0.5788539840418314,1.0,0.0,0.5219653116086445,1.0,1.0,0.0,0.762111142719712,0.7245598821950426,0.0,0.0,1.0,1.0,1.0,0.0,0.0,1.0,0.3805750613315361,0.8891051184287421,0.0,1.0,1.0,0.5098001821762581,0.0,0.482893740227984,0.0,0.4341985357321158,1.0,0.6063244874814491,1.0,0.0,1.0,0.0,0.5168055459993808,1.0,1.0,0.0,1.0,0.0,0.27614125430880715,1.0,0.0,0.0,0.9713040549647636,0.0,0.3589970274743634,1.0,1.0,0.0,1.0,0.1358816961243439,0.0,1.0,0.5566833803388181,0.8555989858696472,1.0,1.0,0.0,0.6687645204875449,1.0,0.0,1.0,1.0,0.07551369464907991,1.0,1.0,1.0,0.0,0.41894996831861003,1.0,1.0,1.0,1.0,0.0,1.0,1.0,1.0
144,additive/lengthscale,interaction_g0.25,0,3.0736332224177016,3.1591444592733127,3.4753718944459826,3.1742776234063252,0.0435722044211726,0.09823595721368283,41.28655431419611,134.31420888286084,1,1,ok,,1.0414297801284447,0.9985841167417521,1.0,53.271186487494376,0,62.4375,1.0414297801284447,53.271186487494376,nan,nan,1.0019371379465984,238.1278566511766,2.2822862918653373,1.1269205861713159,0,0.0004986543001775077,0.0005354876708437832,0.0009527028078637649,0.0016411150631748643,0.0004084605241999723,0.001272920873678537,0.0005145366754618758,0.0005664246600629397,0.9995857120755108,1.0,0.001886375484485383,0.9994329960846255,0.0002225481661557204,0.999692935973341,0.9998652907493574,0.9994176749697693,0.00038170438199882804,0.0004614710589574524,0.00135589348934058,0.9999090158216226,0.0006623168897999333,0.9992893104004199,0.00041606330230721067,0.9997800250473277,0.9998479583556766,0.00016878415664354997,1.0,0.9545908491487137,0.9998850602308359,0.0009945129858623888,0.9990115739839913,0.9997965223427296,0.0003425187730089958,0.5753063298137188,0.9996346651876458,0.9992659281618724,0.9996005441245114,0.0,0.0005491336848254437,1.0,0.9985478760175338,0.9988787379437859,0.002417370535053533,0.9992515225752021,0.9998874117538566,0.9994032006503304,0.00043317501227027865,0.000596153190323713,6.205005020393989e-05,0.0006100873408225149,1.0,0.9991959376786314,0.0009177015746678446,0.0008967045083269517,0.9992858731461433,0.0008039133893716781,1.0,0.9174655656556869,0.9992493037137438,5.119214681455403e-05,0.9996238594245428,0.0001762073699896312,0.26881654549864126,0.9993330583663492,0.9989679888137398,0.0,0.9999283970099895,0.000575515116604661,0.0006970874664268182,0.9998707251723082,0.9998717507658408,0.0,1.0,0.00034210071764192177,0.0009595407166936591,0.998247911482076,0.5630556830371858,0.0007551013083739562,1.0,0.8985687594025208,0.000454139155063134,0.0017432636772734753,0.9983748808992902,3.142838890286102e-05,0.9984854235555439,0.9994060741872446,0.00015587488126967656,0.9997298459720912,0.999751875388245,0.999556828784651,0.00020980304343668328,1.0,0.9985065989114724,0.999877732971593,1.0,1.0,0.0006525589030754275,0.9999310071225151,0.9988144945205804,0.9987418386148259
145,additive/lengthscale,interaction_g0.25,0,2.9219337369094958,3.1413776388796455,3.4753718944459826,3.1742776234063252,0.0435722044211726,0.18700565422858917,47.07481424789876,249.3695920999162,1,1,ok,,1.0431104490154155,0.9986459451058265,1.0,50.91754254015982,0,60.75,1.0431104490154155,50.91754254015982,nan,nan,0.9989769574662484,158.60539704975562,2.2877438569036292,1.1249358977061097,0,0.0,1.0,0.0,0.0,1.0,0.0,0.21948954399094792,1.0,1.0,1.0,0.0,1.0,0.0,1.0,1.0,1.0,0.0,0.0,0.7002392201049183,0.85033246820264,0.0,1.0,0.0,0.9031486509965166,1.0,0.0,1.0,1.0,1.0,0.0,0.0,0.5501389870405022,0.0,0.0,1.0,1.0,1.0,0.0,0.0,1.0,0.6679473377578777,0.6503483640182872,1.0,1.0,1.0,1.0,0.8454387926877233,0.0,0.0769667057350725,0.0,1.0,0.7925089983218015,0.0,0.0,1.0,0.0,1.0,1.0,1.0,0.0,0.9438530011871913,0.0,0.22285499593424793,1.0,1.0,0.0,1.0,0.0,0.0,1.0,0.8214554184840503,0.0,1.0,0.0,0.0,0.7179487918330021,0.5617930195334121,1.0,1.0,0.9514868888180661,0.49376122588425503,0.0,1.0,0.0,1.0,1.0,0.0,1.0,1.0,1.0,0.9680279028708568,1.0,0.6937168980720195,1.0,1.0,1.0,0.13047306380008336,1.0,1.0,0.0
146,additive/lengthscale,interaction_g0.25,0,1.758288106245481,1.8609616677468988,3.4753718944459826,3.1742776234063252,0.0435722044211726,-3.0447924635698005,44.43290474591777,260.6539969081059,1,1,excluded,r_hat_max 1.301 > 1.1; n_eff_min 9.6 < 16.0,1.3008002336786775,1.0104526011857606,0.7884615384615384,9.554986330298545,0,63.0,1.3008002336786775,9.554986330298545,nan,nan,1.00898496264069,32.60821972054114,2.292087623205039,1.12229630745973,0,0.0,1.0,0.0,0.0,0.0,0.0,0.0,0.0,0.17848532706429177,0.4243688477910601,0.0,1.0,1.0,1.0,1.0,1.0,0.20573860112143916,0.0,0.0,1.0,0.0,0.0,1.0,1.0,1.0,1.0,1.0,0.0,1.0,0.0,0.3395211135417627,1.0,1.0,0.022758238830998333,1.0,0.853371903958129,0.0,0.25276733609674584,0.0,1.0,1.0,1.0,0.0,0.0,1.0,1.0,0.0,0.0,0.3485824842836572,0.0,1.0,1.0,1.0,0.0,1.0,1.0,0.0,1.0,1.0,1.0,1.0,0.0,0.274709050368795,1.0,0.25513536767348555,1.0,1.0,1.0,1.0,0.35753448554479095,0.8626349211758629,0.0,1.0,0.12583525570940118,0.0,1.0,0.5444816278200421,1.0,1.0,0.24937683492677656,0.0,0.0,1.0,0.0,1.0,1.0,0.0,0.5864852430027307,1.0,0.0,0.0,1.0,1.0,0.0,1.0,1.0,0.47674295867230176,1.0,1.0,1.0
147,additive/lengthscale,interaction_g0.25,0,3.3489730382671294,3.157469889464967,3.4753718944459826,3.1742776234063252,0.0435722044211726,-0.22192237969939832,46.60058578499593,208.64157519093715,1,1,ok,,1.0576604977785657,1.0005360241037278,0.9903846153846154,27.858122687011917,0,62.625,1.0576604977785657,27.858122687011917,nan,nan,1.002311700351179,134.79734990026452,2.288456333974022,1.119332763461199,0,0.0,0.0,0.0,0.0,0.0,0.0,0.0,0.0,1.0,1.0,0.0,1.0,0.0,1.0,0.18207182663607213,1.0,0.0,0.0,0.0,1.0,0.0,1.0,1.0,0.0,1.0,0.0,1.0,0.0,1.0,0.0,1.0,1.0,1.0,0.0,1.0,1.0,1.0,0.0,0.0,1.0,1.0,1.0,0.0,1.0,1.0,1.0,0.0,0.0,1.0,0.0,1.0,1.0,1.0,0.0,1.0,0.0,1.0,1.0,1.0,0.0,1.0,0.0,0.2508157858922183,1.0,1.0,0.0,1.0,0.0,1.0,1.0,1.0,0.0,1.0,0.0,0.0,1.0,0.5674936092962524,1.0,1.0,1.0,0.0,0.0,1.0,0.0,1.0,1.0,0.0,1.0,0.6568162798640386,1.0,0.0,1.0,1.0,1.0,1.0,1.0,0.0,1.0,1.0,1.0
148,additive/lengthscale,interaction_g0.25,0,3.1408639946842944,3.1524253855999627,3.4753718944459826,3.1742776234063252,0.0435722044211726,-1.5419921328532937,41.647132160142064,249.7598337060772,1,1,excluded,r_hat_max 1.364 > 1.1; n_eff_min 4.5 < 16.0,1.3635647773450634,0.9992587815981528,0.9615384615384616,4.509956056040226,0,61.8125,1.3635647773450634,4.509956056040226,nan,nan,1.0752823164912817,31.348444662244077,2.295621987381408,1.1189227872985714,0,0.0,0.0,0.0,0.05565623474586644,0.0,0.0,0.3090626636741192,0.0,1.0,1.0,0.0,0.6353240778978445,0.0,1.0,0.2781419767638775,0.6115447673414147,0.0,0.014836558530324626,0.0,1.0,0.17168069490703208,0.4822831145207845,0.9991677706663816,0.17456760302240434,1.0,0.0,1.0,0.5640401206515683,0.7171022526130862,0.0,1.0,1.0,0.3531142240806521,0.0,0.9833231984366017,0.796805205635728,0.9898614877064227,0.0,0.04589428150697288,1.0,0.6712873314758173,1.0,0.13051313962790304,0.8630451506280539,1.0,0.6893418848554679,0.0,0.43630191022224385,0.6558860424745663,0.0,1.0,0.7118989261982063,1.0,0.0,1.0,0.0,1.0,0.7754518742686678,1.0,0.0,1.0,0.0,0.23981386717004774,1.0,1.0,0.0,1.0,0.10314940344452786,1.0,1.0,1.0,0.0,1.0,0.5828602748956915,0.5419742476258306,0.766352687910931,0.570630055840573,1.0,0.8854621292985821,1.0,0.0,0.12578633627948552,1.0,0.11039214473979846,1.0,0.9988859891692254,0.0003904085046369355,1.0,1.0,0.892145131837932,0.0,1.0,1.0,1.0,1.0,1.0,0.0,1.0,1.0,0.9262132909837459
149,additive/lengthscale,interaction_g0.25,0,3.1796244034491696,3.1577865399591682,3.4753718944459826,3.1742776234063252,0.0435722044211726,-0.024058927940686647,48.202670303871855,212.08582357200794,1,1,ok,,1.0429419690166772,0.9994882405140493,1.0,39.5374604843293,0,63.0,1.0429419690166772,39.5374604843293,nan,nan,1.0051251194802178,223.22781377407813,2.3012947525310916,1.117295071893765,0,0.0,1.0,0.0,0.0,0.0,0.0,0.27258225758447113,0.0,1.0,1.0,0.0,1.0,0.0,1.0,0.0,1.0,0.0,0.0,0.0,1.0,0.0,1.0,1.0,0.0,1.0,0.0,1.0,0.0,1.0,0.0,1.0,1.0,1.0,0.0,1.0,1.0,1.0,0.0,0.0,1.0,1.0,1.0,1.0,0.0,0.8355432171605912,1.0,0.0,0.0,0.0,0.0,1.0,1.0,1.0,0.0,1.0,0.0,0.8009899556449123,1.0,1.0,0.0,1.0,0.0,0.25149569038711933,1.0,1.0,0.0,1.0,0.0,0.0,1.0,1.0,0.0,1.0,0.0,0.0,1.0,0.5667048574736829,1.0,1.0,1.0,0.0,1.0,1.0,1.0,1.0,1.0,0.0,1.0,1.0,1.0,0.0,1.0,1.0,1.0,1.0,1.0,0.0,1.0,1.0,0.0
150,additive/lengthscale,interaction_g0.25,0,3.195245423538155,3.1585375248927594,3.4753718944459826,3.1742776234063252,0.0435722044211726,0.265139038009234,45.38950029015541,256.6099506339524,1,1,excluded,r_hat_max 1.110 > 1.1,1.1097954848256752,1.0054132526858046,0.9038461538461539,16.273066329725708,0,63.0,1.1097954848256752,16.273066329725708,nan,nan,1.0192848351544312,101.26363537416405,2.307150283537212,1.115856063786046,1,0.0,0.0,0.0,0.23590528271839256,0.0,0.0,0.0,0.0,1.0,1.0,0.0,0.8332403097702238,0.0,1.0,0.548393823701737,1.0,0.0,0.0,0.0,0.8832231366065689,0.0,1.0,0.4507170982532242,0.0,1.0,0.0,1.0,0.0,1.0,0.0,0.8085036224314757,1.0,1.0,0.0,1.0,1.0,1.0,0.0,0.0,1.0,1.0,1.0,0.062458983093552946,0.26799391151171037,0.8889290124207105,1.0,0.0,0.0,1.0,0.0,1.0,1.0,1.0,0.0,0.6357801214988762,0.0,1.0,1.0,1.0,0.0,1.0,0.0,0.2614874021408216,1.0,1.0,0.0,1.0,0.0,1.0,1.0,1.0,0.0,1.0,0.0,0.0,1.0,0.570850129196413,1.0,1.0,1.0,0.0,0.0,1.0,0.0,1.0,1.0,0.0,1.0,1.0,1.0,0.0,1.0,1.0,1.0,1.0,1.0,0.0,1.0,0.6542011279560977,1.0
151,additive/lengthscale,interaction_g0.25,0,3.1636998234195395,3.1585846955900685,3.4753718944459826,3.1742776234063252,0.0435722044211726,0.11830709021712238,48.530002096900716,149.57054853299633,1,1,ok,,1.0356497374260492,0.9983026124633991,1.0,35.15352604567012,0,62.875,1.0356497374260492,35.15352604567012,nan,nan,1.0016459006406693,232.10076837258472,2.3130317083054304,1.1144853086305513,0,0.0,0.0,0.0,0.0,0.2642900358044034,0.0,0.0,0.0,1.0,1.0,0.0,1.0,0.0,0.07894122214706856,1.0,1.0,0.0,0.0,0.0,1.0,0.0,1.0,1.0,0.0,1.0,0.0,1.0,0.0,1.0,0.0,1.0,1.0,1.0,0.0,1.0,1.0,1.0,0.0,0.0,1.0,1.0,1.0,0.0,1.0,1.0,1.0,0.0,0.0,0.3779763723621212,0.0,1.0,1.0,1.0,0.0,1.0,0.0,1.0,1.0,1.0,0.0,1.0,0.0,0.2530358937749646,1.0,1.0,0.0,1.0,0.0,1.0,1.0,1.0,0.0,1.0,0.0,0.0,1.0,0.56417072121309,1.0,1.0,1.0,0.0,0.0,1.0,0.0,1.0,1.0,0.0,1.0,1.0,1.0,0.0,1.0,1.0,1.0,1.0,1.0,0.0,1.0,1.0,1.0
152,additive/lengthscale,interaction_g0.25,0,3.2454017237757506,3.158967075682693,3.4753718944459826,3.1742776234063252,0.0435722044211726,0.2710849772249495,42.06353654596023,189.18889347207732,1,1,ok,,1.0607891691084486,0.9990236201740765,0.9807692307692307,62.43671813101743,0,62.875,1.0607891691084486,62.43671813101743,nan,nan,1.005258597228833,123.05532142157831,2.31862820906276,1.1129399734767078,0,0.0,0.0,0.0,0.0,0.0,0.0,0.0,0.0,1.0,1.0,0.0,1.0,0.0,1.0,1.0,1.0,0.0,0.0,0.0,1.0,0.0,1.0,0.0,1.0,1.0,0.19426823044619393,1.0,0.0,1.0,0.0,1.0,1.0,0.7180260000071106,0.0,1.0,1.0,1.0,0.0,0.0,1.0,1.0,1.0,0.0,1.0,1.0,1.0,0.0,0.0,0.0,0.0,1.0,1.0,0.012961795550627507,0.0,1.0,0.0,1.0,1.0,1.0,0.0,1.0,0.0,0.25490568728436697,1.0,1.0,0.0,1.0,0.0,1.0,1.0,0.9403947784689128,0.0,1.0,0.0,0.0,1.0,0.5642362658403578,1.0,1.0,1.0,0.0,0.0,1.0,0.0,1.0,1.0,0.0,1.0,1.0,1.0,0.0,1.0,1.0,1.0,1.0,1.0,0.0,1.0,1.0,0.6383983436559348
153,additive/lengthscale,interaction_g0.25,0,3.0961709935146398,3.1616035742238173,3.4753718944459826,3.1742776234063252,0.0435722044211726,-2.194526585924911,48.09893276006915,246.41883346810937,1,1,excluded,r_hat_max 1.521 > 1.1; n_eff_min 4.0 < 16.0,1.5207731344663977,0.9995194275201575,0.9615384615384616,3.9617690333891202,0,62.4375,1.5207731344663977,3.9617690333891202,nan,nan,1.2136527405964581,8.2917680832123,2.324685552296178,1.111807907115836,0,0.0,0.0,0.0,1.0,0.0,0.0,0.0,0.0,1.0,1.0,0.0,1.0,0.0,1.0,0.0,1.0,0.0,0.0,0.0,1.0,0.0,0.0,0.0,0.0,1.0,0.0,1.0,0.0,1.0,0.0,1.0,1.0,1.0,0.0,1.0,1.0,1.0,0.0,0.0,0.5156689442770215,1.0,1.0,0.0,1.0,1.0,1.0,0.0,0.0,1.0,0.0,1.0,1.0,1.0,0.0,1.0,0.0,1.0,1.0,1.0,0.0,1.0,0.0,0.26342472163785424,1.0,1.0,0.0,1.0,0.0,1.0,1.0,1.0,0.0,1.0,0.0,0.0,1.0,0.5505112522309838,1.0,1.0,0.0,0.0,0.0,1.0,0.0,0.0,1.0,0.0,1.0,0.0,1.0,0.0,1.0,1.0,1.0,1.0,1.0,0.0,1.0,1.0,0.0
154,additive/lengthscale,interaction_g0.25,0,3.1877628173020947,3.1591557404128983,3.4753718944459826,3.1742776234063252,0.0435722044211726,0.021237740356428336,44.62697174609639,253.34334639296867,1,1,excluded,n_eff_min 13.6 < 16.0,1.0565603709379805,0.998664386098596,0.9903846153846154,13.572712843461943,0,62.875,1.0565603709379805,13.572712843461943,nan,nan,1.002121817187884,142.8608492280761,2.3296951980183755,1.109923358571604,0,0.0,0.0,0.0,0.00032198315082063877,0.24988459405964517,0.0,0.0,0.0,1.0,1.0,0.00031056740795735045,0.9999153319527972,0.0,0.07868472759166008,0.9995589370259373,1.0,0.0008390354137213826,0.0004111811708247615,0.0,1.0,0.0,1.0,0.9997181156545326,0.0003208720573893124,1.0,0.0008283492761469527,1.0,0.0024435030968214338,0.9998728078616191,0.084628867375203,0.999487447088221,1.0,1.0,0.0,1.0,1.0,1.0,0.0,0.0,1.0,0.9987142672873168,1.0,5.755888946690331e-05,0.9998647876373802,1.0,1.0,0.0,0.0,0.3801493082824977,0.0,1.0,1.0,0.9940561667427613,0.0,0.9999982555508617,0.0,0.9987864608418987,0.9995023654203083,1.0,0.0,1.0,0.0,0.25515476523979397,1.0,1.0,0.0,1.0,0.0014395931769683003,0.9997336631596072,1.0,1.0,0.0,1.0,0.0,0.0,1.0,0.5633638636119024,0.9992828772173317,1.0,1.0,0.0007724562988416763,0.0,0.9999709099442233,0.0,1.0,1.0,0.0,1.0,1.0,0.9997755369175183,0.0,1.0,1.0,1.0,1.0,1.0,9.657061925882058e-05,1.0,1.0,1.0
155,additive/lengthscale,interaction_g0.25,0,3.206018299233213,3.159096945252105,3.4753718944459826,3.1742776234063252,0.0435722044211726,-0.7528961223263435,47.490022596903145,227.01745171984658,1,1,ok,,1.036753266201903,0.9987762428187996,1.0,108.24173769989906,0,62.6875,1.036753266201903,108.24173769989906,nan,nan,1.0063130287808437,230.1107867618135,2.3352311181427865,1.1084680756341256,0,0.0,0.0,0.0,0.0,0.0,0.0,0.0,0.0,1.0,1.0,0.0,1.0,0.0,1.0,1.0,1.0,0.0,0.0,0.0,1.0,0.0,1.0,0.0,1.0,1.0,0.0,1.0,0.0,1.0,0.0,1.0,1.0,1.0,0.0,1.0,1.0,1.0,0.0,0.0,1.0,1.0,1.0,0.0,1.0,1.0,1.0,0.0,0.0,0.0,0.0,1.0,1.0,1.0,0.0,1.0,0.0,1.0,1.0,1.0,0.0,1.0,0.0,0.25628046638749963,1.0,1.0,0.0,1.0,0.0,1.0,1.0,1.0,0.0,1.0,0.0,0.0,1.0,0.5648787911993535,1.0,1.0,1.0,0.0,0.0,0.6675486220823204,0.0,1.0,1.0,0.0,1.0,1.0,1.0,0.0,1.0,1.0,1.0,1.0,1.0,0.0,1.0,1.0,1.0
156,additive/lengthscale,interaction_g0.25,0,3.2170695359821737,3.1593721253424145,3.4753718944459826,3.1742776234063252,0.0435722044211726,0.034497344163607835,44.91579284495674,247.31209455314092,1,1,ok,,1.0333556134031254,0.998831694444225,1.0,32.00112137974907,0,62.4375,1.0333556134031254,32.00112137974907,nan,nan,1.0051693954825378,169.38765946534613,2.3408130872523407,1.107092919299115,0,0.0,0.0,0.0,0.0,0.0,0.0,0.0,0.0,1.0,1.0,0.0,0.4189912321845439,0.0,1.0,1.0,0.7353687255393032,0.0,0.0,0.0,0.6794266228651817,0.0,1.0,0.38210841708484294,1.0,1.0,0.0,1.0,0.0,0.9298077025666678,0.0,1.0,1.0,1.0,0.0,1.0,1.0,1.0,0.0,0.0,1.0,0.5263440533891768,1.0,0.0,1.0,1.0,1.0,0.0,0.0,0.9030677345096985,0.0,1.0,1.0,1.0,0.0,1.0,0.0,1.0,1.0,1.0,0.0,1.0,0.0,0.25451540752482815,1.0,1.0,0.0,1.0,0.04323435867087704,0.7799330576929359,1.0,1.0,0.0,1.0,0.0,0.0,1.0,0.5613135908589337,1.0,1.0,1.0,0.0,0.0,1.0,0.0,1.0,1.0,0.0,1.0,1.0,0.5043388483131523,0.0,1.0,1.0,1.0,1.0,1.0,0.0,1.0,1.0,1.0
157,additive/lengthscale,interaction_g0.25,0,1.9540178761298819,2.0766517093051506,3.4753718944459826,3.1742776234063252,0.0435722044211726,-2.2782551069474835,47.86303095519543,235.6394375760574,1,1,ok,,1.0721678547322526,1.0000938362122618,0.9903846153846154,27.481212847185517,0,62.625,1.0721678547322526,27.481212847185517,nan,nan,1.0067848807478834,142.89635502953413,2.3463943385181363,1.1057610370112538,0,0.011658864536421,0.3891037713855497,0.0,0.0,0.0,0.0,0.08794720668429906,0.0,0.43583026991522617,1.0,0.16593085991718381,1.0,0.0,0.5243802281415404,1.0,0.8483937121669339,0.0,0.0,0.23625196425215295,1.0,0.0,0.45676690350058946,0.22055888060914494,0.0,1.0,0.09931432934975837,1.0,0.0,1.0,0.0,0.8151181359573124,1.0,1.0,0.0,0.9105594927503466,0.8831677763278044,1.0,0.0,0.5473617288111822,0.41673299074378084,0.10391552320526627,1.0,0.0,1.0,1.0,1.0,0.0,0.664905451373696,0.9338202316060841,0.0,0.6884317460002688,0.6323502567739469,1.0,1.0,1.0,0.0,0.8971719461512653,0.2822611813460007,1.0,0.0,0.5684174167814353,0.0,0.2752812943786498,1.0,1.0,0.0,1.0,0.1888733116118933,0.8646565198093652,1.0,1.0,0.0,1.0,0.0,0.0,1.0,0.5575549315826918,1.0,1.0,0.4985329768958803,0.0,0.7364969019238811,1.0,0.0,1.0,1.0,0.0,1.0,1.0,0.3699626938732431,0.001010587786847041,1.0,1.0,0.6477143429821671,1.0,1.0,0.4506735635314288,1.0,0.47836199998498535,1.0
158,additive/lengthscale,interaction_g0.25,0,1.9986512634242741,2.090080599359551,3.4753718944459826,3.1742776234063252,0.0435722044211726,-3.5610264416909843,45.33853628486395,222.94211565400474,1,1,excluded,n_eff_min 9.7 < 16.0,1.0657824260422404,0.998709203121451,0.9903846153846154,9.700012434008086,0,62.4375,1.0657824260422404,9.700012434008086,nan,nan,1.005520162758736,68.86822953926061,2.3439109431865646,1.102695368048299,0,0.0,0.0,0.36053884506331796,0.0,0.0,0.0,0.0,0.0,0.607862249869877,1.0,1.0,1.0,0.0,1.0,1.0,1.0,0.0,0.0,0.0,1.0,0.0,1.0,0.0,0.0,1.0,0.0,1.0,0.0,1.0,0.0,1.0,1.0,1.0,0.0,1.0,1.0,1.0,0.0,0.0,1.0,0.22892763819812476,1.0,0.0,1.0,1.0,1.0,0.0,0.0,0.0,0.0,0.36765641867101445,1.0,1.0,0.0,1.0,0.0,1.0,0.0,1.0,0.0,1.0,0.0,0.25431419695739416,1.0,1.0,0.0,1.0,0.0,1.0,1.0,1.0,0.0,1.0,0.0,0.0,1.0,0.5601889714113567,1.0,1.0,1.0,0.0,0.0,1.0,0.0,1.0,1.0,0.0,1.0,1.0,0.6891255556176985,0.0,1.0,1.0,0.5768314941923564,1.0,1.0,0.228446580263032,1.0,1.0,1.0
159,additive/lengthscale,interaction_g0.25,0,3.230545360978074,3.1578854483583165,3.4753718944459826,3.1742776234063252,0.0435722044211726,-0.00761240024024934,47.829531414899975,152.9835168691352,1,1,excluded,r_hat_max 1.251 > 1.1; n_eff_min 8.5 < 16.0,1.2514064114133654,1.0231953847481052,0.6923076923076923,8.45453571607061,0,63.0,1.2514064114133654,8.45453571607061,nan,nan,1.067248513544466,22.4148586310034,2.341739498659758,1.0995611255406208,0,0.0,0.0,0.0,0.0,0.0,0.0,0.0,0.0,1.0,1.0,0.0,0.0,0.0,0.00906275908146666,0.0,1.0,0.0,0.0,0.0,1.0,0.0,1.0,0.944148178663742,1.0,1.0,0.0,1.0,0.0,1.0,0.0,1.0,1.0,1.0,0.0,1.0,1.0,1.0,0.0,0.0,1.0,1.0,1.0,1.0,1.0,1.0,1.0,0.0,0.0,0.0,0.2786998658354603,1.0,1.0,0.0,0.0,1.0,0.0,0.9949729628602325,1.0,1.0,0.0,1.0,0.09427447099907219,0.2521346312132489,1.0,1.0,0.0,1.0,0.0,0.0,1.0,1.0,0.0,1.0,0.33949512066223964,0.0,1.0,0.5671183724257182,1.0,1.0,1.0,1.0,0.0,1.0,0.0,1.0,1.0,0.0,1.0,1.0,1.0,0.0,1.0,1.0,1.0,1.0,1.0,0.0,1.0,1.0,1.0
160,additive/lengthscale,interaction_g0.25,0,3.0921842683101164,3.15875540745205,3.4753718944459826,3.1742776234063252,0.0435722044211726,0.26096207908529445,42.62816117098555,206.3209569961764,1,1,excluded,r_hat_max 1.239 > 1.1; n_eff_min 8.0 < 16.0,1.2392530522157266,1.0052818301361515,0.8269230769230769,8.04919091735856,0,63.0,1.2392530522157266,8.04919091735856,nan,nan,1.0011564440857763,61.356121400235125,2.3472945352992474,1.098355449214261,0,0.012331199175456161,0.0,0.0,0.0,0.0,0.08970188347449717,0.0,0.0,1.0,1.0,0.0,0.4406345170674777,0.0,0.6852374429951464,0.7454379775528274,1.0,0.0,0.05756796070037862,0.0,0.9856202065491597,0.0,1.0,0.0,1.0,1.0,0.0526661660839487,1.0,0.07589933823898051,1.0,0.0,0.8700879227407881,0.7816738089801439,0.41936408922419194,0.8484651979904445,1.0,1.0,0.5573937410796962,0.0,0.0,1.0,1.0,0.9131699449079086,0.01071881934137364,0.2705492564464102,0.6224547097165469,0.8890622387487115,0.0,0.0,0.5306047701211345,0.5406169162865182,1.0,1.0,3.81086637721217e-05,0.2006064248679099,1.0,0.11692853105476364,0.5145544046755645,1.0,1.0,0.3712274772076008,0.3573544017938674,0.0,0.24928087200645638,1.0,0.6602344645512809,0.0,0.6234188334488654,0.42797279053002624,1.0,1.0,1.0,0.0,1.0,0.25588988991333905,0.0,1.0,0.5566987602243114,0.15171377705612718,1.0,0.966213921711749,0.6876282624763069,0.0,1.0,0.0,1.0,1.0,0.0,0.22033181924356374,1.0,0.8774320109594363,0.0,1.0,0.9723700228994306,0.23503579461459748,1.0,1.0,0.0,1.0,1.0,0.715886916888592
161,additive/lengthscale,interaction_g0.25,0,3.337824674381307,3.1528058935419563,3.4753718944459826,3.1742776234063252,0.0435722044211726,-2.9233964738577676,46.53441479499452,239.0112537269015,1,1,ok,,1.0857564489793605,1.0015426212578504,0.9519230769230769,32.04435100238378,0,63.0,1.0857564489793605,32.04435100238378,nan,nan,1.0243980329540472,188.4090999492774,2.3519211796036625,1.0965019626957313,0,0.0,0.0,0.0,0.0,0.0,0.0,0.0,0.0,1.0,0.983685236083029,0.0,0.0,0.0,1.0,1.0,1.0,0.0,0.0,0.0,1.0,0.0,1.0,1.0,1.0,1.0,0.0,1.0,0.0,0.15479930466706282,0.0,0.3440229140755722,1.0,1.0,0.0,1.0,1.0,1.0,1.0,0.0,1.0,1.0,1.0,0.3650855535798422,1.0,1.0,0.0,0.0,0.0,0.0,0.0,1.0,1.0,1.0,0.0,1.0,0.0,0.0,1.0,1.0,1.0,1.0,0.0,0.2809241370655177,1.0,1.0,0.0,1.0,1.0,0.9992818277306815,1.0,1.0,0.0,1.0,0.0,0.0,1.0,0.561668690496987,1.0,1.0,1.0,0.0,0.0,1.0,0.0,1.0,1.0,0.0,1.0,1.0,1.0,0.0,1.0,1.0,1.0,1.0,1.0,1.0,1.0,1.0,0.0
162,additive/lengthscale,interaction_g0.25,0,3.0456650100107936,3.030958707568054,3.4753718944459826,3.1742776234063252,0.0435722044211726,-3.5436075789750854,45.87375931115821,229.6192672541365,1,1,excluded,r_hat_max 1.190 > 1.1; n_eff_min 7.1 < 16.0,1.1898917066575578,1.0001261307784044,0.9903846153846154,7.076278334881221,0,62.5,1.1898917066575578,7.076278334881221,nan,nan,1.0423257213715647,84.67126056974467,2.3580070036454996,1.0958365959430758,0,0.0,0.0,0.0,0.0,0.0,0.0,0.0,0.0,1.0,1.0,0.0,0.0025302968753938026,0.0,1.0,1.0,1.0,0.0,0.0,0.0,1.0,0.0,6.219935132426987e-05,1.0,1.0,1.0,0.0,1.0,0.0,1.0,0.0,1.0,1.0,1.0,0.0,1.0,1.0,1.0,0.0,0.0,1.0,1.0,1.0,0.9996209999764526,1.0,1.0,1.0,0.0,0.0,0.0,0.0,0.976804244873379,1.0,1.0,0.0,1.0,0.0,1.0,1.0,1.0,0.0,1.0,0.0,0.2596697431224285,1.0,1.0,0.0,1.0,1.0,1.0,1.0,1.0,0.0,1.0,1.0,0.0,1.0,0.562507837219194,1.0,1.0,1.0,0.0,0.0,1.0,0.0,1.0,1.0,0.0,1.0,1.0,1.0,0.0,1.0,1.0,0.8701608229485368,1.0,1.0,1.0,1.0,1.0,0.0010713202648789575
163,additive/lengthscale,interaction_g0.25,0,3.132287752185603,3.150923000614333,3.4753718944459826,3.1742776234063252,0.0435722044211726,-0.3393477876668487,48.34450868004933,220.1310079540126,1,1,excluded,n_eff_min 7.7 < 16.0,1.0578888324864,1.0000867874552535,0.9807692307692307,7.69009940526391,0,60.5,1.0578888324864,7.69009940526391,nan,nan,1.013568099720799,144.62538840516595,2.362225764420747,1.093788775608286,0,0.0,0.0,0.0,0.0,0.0,0.0,0.0,0.0011810395860812235,1.0,0.9773593189087324,0.0,0.0011844152748571896,0.0,1.0,1.0,0.9997563186285613,0.0,0.0,0.0,1.0,0.0,1.0,0.9997594403970557,1.0,1.0,0.00046213151439796054,1.0,0.0,0.15421373495979876,0.0,0.34301063928459274,1.0,1.0,0.0,1.0,1.0,1.0,0.9970671011653718,0.0,1.0,1.0,1.0,0.36500134854870975,1.0,1.0,0.004294928666038552,0.0,0.0,0.001090985561005177,0.0,1.0,1.0,0.999900767720653,0.0,1.0,0.0,0.0018309182986243383,1.0,1.0,0.9932492203865891,1.0,0.0,0.24358402659675002,1.0,1.0,0.0,1.0,0.9975083782757642,0.998738720205978,1.0,1.0,0.0,1.0,0.0,0.0,1.0,0.5614459730149364,1.0,1.0,0.7716598795215077,0.0,0.0,1.0,0.0,1.0,1.0,0.0,0.9996404180781536,1.0,1.0,0.0,1.0,1.0,1.0,1.0,1.0,1.0,1.0,1.0,0.00010444351569325422
164,additive/lengthscale,interaction_g0.25,0,3.0989962634785413,3.1592768278415404,3.4753718944459826,3.1742776234063252,0.0435722044211726,-0.04395293272657197,46.25680211489089,230.6249471360352,1,1,excluded,r_hat_max 1.100 > 1.1,1.1002442029018742,1.0009180211447122,0.9807692307692307,32.64472283071595,0,62.75,1.1002442029018742,32.64472283071595,nan,nan,0.9970717455164284,165.12870968870493,2.3669212643461424,1.092095554984025,0,0.0,0.0,0.0,0.0,0.0,0.0,0.0,1.0,1.0,1.0,0.0,0.0,0.0,1.0,1.0,1.0,0.0,0.0,0.0,1.0,0.0,0.6715172592199603,0.0,1.0,1.0,0.0,1.0,1.0,1.0,0.0,1.0,1.0,1.0,0.0,1.0,1.0,1.0,0.0,0.0,1.0,1.0,1.0,1.0,1.0,1.0,0.0,0.0,0.0,0.0,0.0,1.0,0.23379923287205112,0.11328327479964118,0.0,1.0,0.0,1.0,1.0,1.0,0.0,1.0,0.0,0.2560293405096438,1.0,1.0,0.0,1.0,0.0,0.0,1.0,1.0,0.0,1.0,0.0,0.0,1.0,0.5635360186694827,1.0,1.0,1.0,0.0,0.0,1.0,0.0,1.0,1.0,0.0,1.0,1.0,1.0,0.0,1.0,1.0,1.0,1.0,1.0,0.9863390716851385,1.0,1.0,1.0
165,additive/lengthscale,interaction_g0.25,0,3.217158920406218,3.1600511562099243,3.4753718944459826,3.1742776234063252,0.0435722044211726,0.2264715105540991,48.98961572092958,204.20580130210146,1,1,ok,,1.0467032455541114,0.999490665782603,1.0,49.055186864655994,0,62.875,1.0467032455541114,49.055186864655994,nan,nan,1.0053211360132221,166.5401684257861,2.3713580825227023,1.0902627115157986,0,0.0,0.0,0.0,0.0,0.0,0.0,0.0,0.0,1.0,1.0,0.0,0.5633919864694303,0.0,1.0,0.0,1.0,0.0,0.0,0.0,0.0,0.0,1.0,0.0,1.0,1.0,0.0,1.0,0.0,2.695025982084996e-07,0.0,1.0,1.0,1.0,0.0,1.0,1.0,1.0,0.0,0.0,1.0,1.0,1.0,0.0,1.0,1.0,1.0,0.0,0.0,0.0,0.0,1.0,1.0,1.0,0.0,1.0,0.0,1.0,1.0,1.0,0.0,1.0,0.0,0.2637443358393266,0.9799869038254737,0.0,0.0,1.0,1.0,1.0,1.0,1.0,0.0,1.0,0.0,0.0,1.0,0.5613719756231113,1.0,1.0,1.0,0.0,0.0,1.0,0.0,1.0,1.0,0.0,1.0,1.0,1.0,0.0,1.0,1.0,1.0,1.0,1.0,0.0,1.0,1.0,1.0
166,additive/lengthscale,interaction_g0.25,0,3.030026477820214,2.9862892305049424,3.4753718944459826,3.1742776234063252,0.0435722044211726,-3.0580424397417953,45.67201147507876,265.00984450406395,1,1,ok,,1.0661664197873673,0.9987925524048042,0.9807692307692307,33.23623883994838,0,62.4375,1.0661664197873673,33.23623883994838,nan,nan,0.9979448115031037,136.94161762333007,2.376453268293085,1.0889424466881545,0,0.0,0.0,0.0,0.0,0.0,0.0,0.0,0.0,1.0,0.8848517420686599,0.0,1.0,0.0,1.0,1.0,1.0,0.0,0.0,0.0,1.0,0.0,1.0,1.0,1.0,1.0,0.0,1.0,0.0,0.3818261866279668,0.0,0.516197289557549,1.0,1.0,0.0,1.0,1.0,1.0,0.20130215868240853,0.0,1.0,1.0,1.0,0.0,1.0,1.0,1.0,0.0,0.0,0.4926679245569679,0.0,1.0,1.0,1.0,0.0,1.0,0.0,0.3439963148442082,1.0,1.0,1.0,1.0,0.0,0.2706466694704808,1.0,0.0,0.0,1.0,1.0,1.0,1.0,1.0,0.0,1.0,0.0,0.0,1.0,0.5592509921550836,1.0,1.0,1.0,0.5149557284003867,0.0,1.0,0.0,1.0,1.0,0.0,1.0,1.0,0.32407257968387904,0.0,1.0,1.0,1.0,1.0,0.5956694055558343,0.0,1.0,1.0,0.1942995060492638
167,additive/lengthscale,interaction_g0.25,0,3.082090757759283,3.1555776656637815,3.4753718944459826,3.1742776234063252,0.0435722044211726,-3.3142311374454296,49.60762488399632,252.8613859231118,1,1,excluded,r_hat_max 1.208 > 1.1,1.208161378136282,1.0017256897442979,0.9615384615384616,25.082016220076866,0,63.0,1.208161378136282,25.082016220076866,nan,nan,1.0493646201854554,61.52070333578749,2.3803668803261813,1.0868475491299108,0,0.0,0.0,0.0,0.0,0.0,0.0,0.0,0.02473851725725869,1.0,0.9811444563766573,0.0,0.0,0.0,1.0,1.0,1.0,0.0,0.0,0.0,1.0,0.0,1.0,1.0,1.0,1.0,0.0,1.0,0.0,0.0,0.0,0.0,1.0,1.0,0.0,1.0,1.0,1.0,1.0,0.0,1.0,1.0,1.0,0.0,1.0,1.0,0.0,0.0,0.0,6.941547816651689e-07,0.0,1.0,1.0,1.0,0.0,1.0,0.0,0.0,1.0,1.0,1.0,1.0,0.0,0.27297363908707684,1.0,0.0,1.0,1.0,1.0,1.0,1.0,1.0,0.0,1.0,0.0,0.0,1.0,0.5581557187486057,1.0,1.0,1.0,0.0,0.0,1.0,0.0,1.0,1.0,0.0,1.0,1.0,1.0,0.0,1.0,1.0,1.0,1.0,1.0,0.8952329973066028,1.0,1.0,0.0
168,additive/lengthscale,interaction_g0.25,0,3.0182398013947918,3.115081771626561,3.4753718944459826,3.1742776234063252,0.0435722044211726,-3.808816715677331,47.62307730992325,197.46109232399613,1,1,ok,,1.0574757886960242,0.9994684555650228,0.9903846153846154,26.156525481993953,0,63.0,1.0574757886960242,26.156525481993953,nan,nan,1.0364832954580796,97.63526797452688,2.3845438081680457,1.084951622038254,0,0.0,0.0,0.0,0.0,0.0,0.0,0.0,0.0,1.0,0.9383295509003023,0.0,1.0,1.0,1.0,1.0,1.0,0.0,0.0,0.0,1.0,0.0,1.0,1.0,1.0,1.0,0.0,1.0,0.0,1.0,0.0,0.0,1.0,1.0,0.0,1.0,1.0,1.0,1.0,0.0,1.0,1.0,1.0,0.0,1.0,1.0,1.0,0.0,0.0,0.0,0.0,1.0,1.0,1.0,0.0,1.0,0.0,0.0,1.0,1.0,1.0,1.0,0.0,0.2717452576331816,1.0,0.49270521343854484,0.0,1.0,0.0,1.0,1.0,1.0,0.0,1.0,0.0,0.0,1.0,0.559896983038442,1.0,1.0,1.0,0.0,0.0,1.0,0.0,1.0,1.0,0.0,1.0,1.0,1.0,0.0,1.0,1.0,1.0,1.0,1.0,0.0,1.0,1.0,0.0
169,additive/lengthscale,interaction_g0.25,0,3.097920665599846,3.103639013532321,3.4753718944459826,3.1742776234063252,0.0435722044211726,-3.5302354664322415,49.62623021705076,270.7997471350245,1,1,ok,,1.0828799691669369,1.0005872128671087,0.9807692307692307,22.267614831440515,0,62.25,1.0828799691669369,22.267614831440515,nan,nan,1.0032567118972069,140.14229868163642,2.38829348860134,1.0828282007293724,0,0.0,0.0,0.0,0.0,0.0,0.0,0.0,0.0,1.0,0.9327758934570612,0.0,1.0,0.0,1.0,1.0,1.0,0.0,0.0,0.0,1.0,0.0,1.0,1.0,1.0,1.0,0.0,1.0,0.0,1.0,0.0,0.0,1.0,1.0,0.0,1.0,1.0,1.0,1.0,0.0,1.0,1.0,1.0,0.0,1.0,1.0,1.0,0.0,0.0,0.0,0.0,1.0,1.0,1.0,0.0,1.0,0.0,0.0,1.0,1.0,1.0,1.0,0.0,0.27731220619412816,1.0,0.0,1.0,1.0,1.0,1.0,0.0,1.0,0.0,0.590806493503233,0.0,0.0,1.0,0.5607517132883095,1.0,1.0,1.0,0.0,0.0,0.0,0.0,1.0,1.0,0.0,1.0,1.0,0.0,0.0,1.0,1.0,1.0,1.0,0.0,0.0,1.0,1.0,0.0
170,additive/lengthscale,interaction_g0.25,0,3.137150548754708,3.157852294718825,3.4753718944459826,3.1742776234063252,0.0435722044211726,-4.420538959457721,46.63286009803414,227.00028377701528,1,1,excluded,r_hat_max 1.195 > 1.1; n_eff_min 14.0 < 16.0,1.1949049686145843,1.0123604911392037,0.7884615384615384,13.95677844708748,0,63.0,1.1949049686145843,13.95677844708748,nan,nan,1.1143586945057031,41.75588659675018,2.392467766113096,1.0810016235700683,0,0.0,0.0,0.0,0.0,0.0,0.0,0.0,0.0,1.0,0.9848971357935953,0.0,1.0,0.0,1.0,0.16602616122575747,1.0,0.0,0.0,0.0,1.0,0.0,1.0,1.0,1.0,1.0,0.0,1.0,0.0,1.0,0.0,1.0,1.0,1.0,0.0,1.0,1.0,1.0,0.9750406608469575,0.0,1.0,1.0,1.0,0.0,1.0,1.0,1.0,0.0,0.0,1.0,0.0,1.0,1.0,1.0,0.0,1.0,0.0,0.36684526516640537,1.0,1.0,1.0,1.0,0.0,0.261879439862165,1.0,0.0,0.0,1.0,1.0,1.0,1.0,1.0,0.0,1.0,0.0,0.0,1.0,0.5617272960550611,1.0,1.0,1.0,1.0,0.0,1.0,0.0,1.0,1.0,0.0,1.0,1.0,0.0,0.0,1.0,1.0,1.0,1.0,0.0,0.0,1.0,1.0,1.0
171,additive/lengthscale,interaction_g0.25,0,3.3292900947834685,3.1565914646783497,3.4753718944459826,3.1742776234063252,0.0435722044211726,-1.0976751640490496,49.421706672990695,242.76372350309975,1,1,excluded,r_hat_max 1.112 > 1.1; n_eff_min 12.5 < 16.0,1.1121425680871577,1.0002260175219573,0.9615384615384616,12.470536961183871,0,62.8125,1.1121425680871577,12.470536961183871,nan,nan,1.0216123148742198,116.26824277617025,2.3968226361870237,1.079330733115073,0,0.0,0.46103555820953784,0.0,0.0,0.29224109712524493,0.0,0.17581783673630882,0.41957336965507874,1.0,1.0,0.0,0.42841387003012105,0.0,1.0,0.8383285308245481,0.9499360075203162,0.0,0.0,0.2673193094649523,0.6451661903610477,0.0,0.8785046432737589,0.6537763876735777,1.0,0.7840003360742956,0.4999926384861731,1.0,1.0,1.0,0.0,0.0,1.0,0.7901112620156894,0.4937060638442216,0.996470382353545,1.0,1.0,0.09114049444467118,0.0,1.0,0.5299341036185536,0.8880859650469507,0.0,1.0,1.0,1.0,0.8790116676291833,0.0,0.27453810616137364,0.7042492319183741,1.0,1.0,0.9021435677852009,0.29185932078397125,0.6766180617300455,0.0,0.5433531136992209,1.0,1.0,0.416179399576711,0.8510921406172886,0.0,0.24440187746691652,1.0,0.37464042411591647,0.0,1.0,0.9503657000429631,0.074115282340375,1.0,1.0,0.0,1.0,0.0,0.09262976351856395,1.0,0.5588575825212837,0.19656250402138856,1.0,0.9009550795816179,0.5334876726462714,0.02564263677061629,0.9656444285872053,0.0,1.0,1.0,0.0,0.5381985033493539,1.0,1.0,0.17492551483802468,1.0,1.0,0.9540398618279234,1.0,0.5483808485263042,0.23471267887386937,0.5935062340075932,1.0,0.29319067557034034
172,additive/lengthscale,interaction_g0.25,0,2.8104064052611517,3.162042973393483,3.4753718944459826,3.1742776234063252,0.0435722044211726,0.24283446430453237,46.25117896916345,289.56155471899547,1,1,excluded,r_hat_max 3.387 > 1.1; n_eff_min 3.1 < 16.0,3.387103108324628,1.0085291394502847,0.7980769230769231,3.0569705330103387,0,63.0,3.387103108324628,3.0569705330103387,nan,nan,1.3199685662491025,10.189978445942222,2.402243958620724,1.0785210495190574,0,0.3824226927333399,0.0,0.0,0.0,0.0,0.0,1.0,0.0,1.0,1.0,0.32395545893092187,0.7529311908582991,0.0,1.0,1.0,1.0,0.0,0.0,0.0,1.0,0.0,1.0,1.0,1.0,0.505838257638427,0.006353265616221222,1.0,0.0,1.0,0.0,1.0,1.0,1.0,0.0,1.0,1.0,1.0,0.22613204908482665,0.0,1.0,1.0,0.0,0.0,1.0,1.0,1.0,0.9784445920757294,0.0,0.8923765615075866,1.0,1.0,1.0,1.0,0.0,1.0,0.0,0.6485223889214026,0.0,1.0,0.0,1.0,0.0,0.2624667281506248,1.0,0.05167970201520006,0.0,1.0,1.0,0.1800869476450467,1.0,1.0,0.0,1.0,0.0,0.0,1.0,0.5462724410340526,1.0,1.0,1.0,0.0,0.0,1.0,0.0,1.0,1.0,0.0,0.0,1.0,1.0,0.0,1.0,1.0,1.0,1.0,1.0,0.3233271738473291,1.0,1.0,1.0
173,additive/lengthscale,interaction_g0.25,0,3.144859506883872,3.1443844652536432,3.4753718944459826,3.1742776234063252,0.0435722044211726,0.07748866639277852,49.970085901906714,258.731972490903,1,1,ok,,1.0774174000776433,1.0012449254487121,0.9711538461538461,26.959268184316,0,62.75,1.0774174000776433,26.959268184316,nan,nan,1.0014668281032828,186.17440191718856,2.404603279121536,1.0758444730648877,0,0.31149604726596136,0.18131938833049716,0.0,0.0,0.0,1.0,0.0,1.0,1.0,0.9853985034704271,0.0,1.0,0.0,1.0,0.0,1.0,0.0,0.0,0.0,1.0,0.0,1.0,0.48532203305519245,1.0,1.0,0.0,1.0,1.0,0.0,0.0,0.0,1.0,1.0,0.0,1.0,1.0,1.0,0.0,0.0,1.0,0.0,0.9479051833378935,0.633984198875896,1.0,1.0,1.0,0.0,0.0,0.6036719210186162,0.0,1.0,1.0,0.8796481035129843,0.0,1.0,0.0,0.0,1.0,1.0,0.0,1.0,0.0,0.23018752205673648,1.0,1.0,0.0,1.0,0.15224805633350094,1.0,1.0,1.0,0.0,0.7607297077354562,0.0,0.0,1.0,0.5688946345973828,1.0,0.6700787645844141,1.0,0.0,0.0,1.0,0.0,1.0,1.0,0.9288083360502427,1.0,0.904548158387486,0.350371063841339,1.0,1.0,1.0,1.0,1.0,0.02599663660085209,0.0,1.0,1.0,0.0
174,additive/lengthscale,interaction_g0.25,0,3.009654949544987,3.152103905138457,3.4753718944459826,3.1742776234063252,0.0435722044211726,-3.5591021262158096,46.810210567200556,266.1017315820791,1,1,excluded,r_hat_max 1.243 > 1.1; n_eff_min 13.0 < 16.0,1.2427464244975557,1.0005327516748914,0.9519230769230769,12.993886728943744,0,62.75,1.2427464244975557,12.993886728943744,nan,nan,1.0581202263989247,53.26765381456985,2.4088576252581007,1.0742069518104553,0,0.0,1.0,0.0,0.0,0.0,0.0,0.0,0.0,1.0,1.0,0.0,1.0,0.0,1.0,0.0,1.0,0.0,0.0,0.0,1.0,0.0,0.0,0.0,0.0,1.0,0.0,1.0,0.0,1.0,0.0,0.0,1.0,1.0,0.0,1.0,1.0,1.0,0.0,0.0,1.0,0.0,1.0,0.0,1.0,1.0,1.0,0.0,0.0,0.0,0.0,0.9991772646715671,0.0,1.0,0.0,0.7200572345848845,0.0,1.0,1.0,1.0,0.0,1.0,0.0,0.2500975231127563,1.0,1.0,0.0,1.0,1.0,1.0,1.0,1.0,0.0,1.0,0.0,0.0,1.0,0.5723980985891196,1.0,1.0,1.0,0.0,0.0,1.0,0.0,1.0,1.0,0.0,1.0,1.0,0.0,0.0,1.0,1.0,0.0,1.0,1.0,0.0,1.0,1.0,0.0
175,additive/lengthscale,interaction_g0.25,0,3.340255263791372,3.1553609394049724,3.4753718944459826,3.1742776234063252,0.0435722044211726,-0.14189979958948395,50.24569703405723,253.6351728339214,1,1,excluded,r_hat_max 1.141 > 1.1; n_eff_min 15.4 < 16.0,1.1405673330124706,1.0070082887836898,0.9038461538461539,15.444004521821475,0,63.0,1.1405673330124706,15.444004521821475,nan,nan,1.0445096784620467,56.311281023346325,2.4122907528254545,1.0720902811566095,1,0.0,0.0,0.0,0.0,0.0,0.22732815916109667,0.0,0.0,1.0,0.9827506629491792,0.0,1.0,0.0,0.0,0.0,0.0,0.0,0.0,0.0,1.0,0.0,1.0,0.0,1.0,1.0,0.0,1.0,0.0,1.0,0.0,1.0,1.0,0.6770813183384166,0.0,1.0,1.0,1.0,0.0,0.0,1.0,1.0,1.0,0.9934408781049036,1.0,1.0,1.0,0.0,0.0,0.0,0.0,1.0,1.0,0.0,0.22339072032892418,1.0,0.1558021508984447,1.0,1.0,1.0,0.0,1.0,0.0,0.2485032204056891,1.0,1.0,0.0,1.0,0.0,1.0,1.0,1.0,0.0,1.0,0.5868202032237168,0.0,1.0,0.5587293992488666,1.0,1.0,1.0,0.0,1.0,1.0,0.0,1.0,1.0,0.0,1.0,1.0,1.0,0.0,1.0,1.0,1.0,1.0,1.0,0.0,1.0,1.0,1.0
176,additive/lengthscale,interaction_g0.25,0,0.6235334401813067,0.6523046479678303,3.4753718944459826,3.1742776234063252,0.0435722044211726,-4.32213468396024,44.09650466195308,257.8771930579096,1,1,excluded,r_hat_max 1.106 > 1.1,1.1059217000353523,0.9989538875212658,0.9711538461538461,48.07663417449892,0,63.0,1.1059217000353523,48.07663417449892,nan,nan,1.0266526881342062,125.28462403526459,2.417563278455942,1.0713131818995718,0,0.0,0.0,0.0,0.0,0.0,0.0,0.0,0.8544708604542816,0.20623216793069218,0.3990756646856894,0.0,1.0,1.0,1.0,1.0,0.1509459812014102,0.0,0.0,0.02503228198539198,0.0,0.0,0.0,1.0,0.932538965433182,1.0,1.0,1.0,0.0,1.0,0.0,0.0,1.0,1.0,1.0,0.3981315765549859,0.5155185527718547,1.0,0.0,0.5481442544437246,1.0,1.0,1.0,1.0,0.9756693564582213,0.9298229653312963,1.0,0.0,0.0,0.28237582416448637,0.0,0.15732415155852303,1.0,1.0,1.0,1.0,0.8278473425977596,0.10593847762829438,1.0,1.0,0.0,0.0,0.0,0.26395374453930504,1.0,1.0,0.0,1.0,0.0,0.11562856443380817,0.0,1.0,0.0,1.0,1.0,0.0,1.0,0.5653886911136288,1.0,1.0,0.49783654891843926,0.18532036620626618,0.9042121788854914,0.5893962718191742,0.0,1.0,1.0,0.0,1.0,1.0,1.0,0.0,1.0,1.0,1.0,1.0,0.05706829790309454,0.0,0.899391530443894,1.0,0.4311317825833642
177,additive/lengthscale,interaction_g0.25,0,1.9261843506358833,1.875142489095897,3.4753718944459826,3.1742776234063252,0.0435722044211726,-4.158617038816258,50.774089894024655,249.85680044512264,1,1,excluded,r_hat_max 1.453 > 1.1; n_eff_min 4.2 < 16.0,1.4527735977438119,0.998953240876698,0.9519230769230769,4.2365235198121916,0,63.0,1.4527735977438119,4.2365235198121916,nan,nan,1.0598509522118151,59.3537187392556,2.4074275166577803,1.0767120371441203,0,0.0,0.0,0.0,0.0,0.0,0.0,0.0,1.0,1.0,0.5020768515329753,0.0,0.0,1.0,1.0,1.0,1.0,0.0,0.0,1.0,1.0,0.0,1.0,1.0,1.0,1.0,1.0,1.0,0.0,1.0,0.0,0.1492784041531996,1.0,1.0,1.0,1.0,0.0,1.0,0.0,0.0,1.0,1.0,1.0,1.0,1.0,1.0,0.03772266430066031,0.0,0.0,0.0,0.0,1.0,1.0,1.0,0.0,1.0,0.0,0.0,1.0,1.0,1.0,1.0,0.0,0.27004038069329916,1.0,1.0,0.0,1.0,0.0,1.0,0.0,1.0,0.0,1.0,0.0,0.0,1.0,0.565700981971369,1.0,1.0,1.0,0.0,0.0,0.0,0.0,1.0,1.0,0.0,1.0,1.0,1.0,0.0,1.0,1.0,1.0,1.0,0.0,0.0,1.0,1.0,0.0
178,additive/lengthscale,interaction_g0.25,0,3.0531394718479827,3.143553267935351,3.4753718944459826,3.1742776234063252,0.0435722044211726,-3.6007311693755795,47.294943858869374,203.4120164050255,1,1,excluded,r_hat_max 1.163 > 1.1; n_eff_min 10.1 < 16.0,1.163158585722367,0.998671742315274,0.9903846153846154,10.092081874441,0,62.625,1.163158585722367,10.092081874441,nan,nan,1.0144458684243627,80.39673149019922,2.4047239033655226,1.0742856351914722,0,0.0,0.0,0.0,0.0,0.0,0.0,0.0,0.0,1.0,1.0,0.0,1.0,0.0,0.0,0.0,0.0,0.0,0.0,0.0,1.0,0.0,0.20156131277809367,0.40951512996817,0.0,1.0,0.36177491088745856,1.0,0.0,1.0,0.0,1.0,1.0,1.0,0.0,1.0,1.0,1.0,0.0,0.0,1.0,1.0,1.0,1.0,1.0,1.0,1.0,0.0,0.0,0.0,0.0,0.9972567405139624,1.0,1.0,0.0,1.0,0.0,1.0,1.0,1.0,0.0,1.0,0.0,0.2553090385245173,1.0,1.0,0.0,1.0,0.0,1.0,1.0,1.0,0.0,1.0,1.0,0.0,1.0,0.570229476608095,1.0,1.0,1.0,0.0,0.9017224127039004,1.0,0.0,1.0,1.0,0.0,1.0,1.0,1.0,0.0,1.0,1.0,0.410096956999389,1.0,0.5007385789519014,0.0,1.0,1.0,0.0
179,additive/lengthscale,interaction_g0.25,0,2.0239173759250195,1.9778266813822407,3.4753718944459826,3.1742776234063252,0.0435722044211726,-4.233064865879321,51.13374089100398,276.652027470991,1,1,excluded,r_hat_max 1.106 > 1.1,1.1056811080931273,1.0044852082011297,0.9423076923076923,27.481123526825673,0,63.0,1.1056811080931273,27.481123526825673,nan,nan,1.0504075634709449,88.32261341200754,2.408346336709,1.0723702336660712,0,0.0,0.0,1.0,0.0,0.0,0.0,0.0,0.0,1.0,1.0,0.0,1.0,0.0,0.8655046915251651,0.0,0.0,0.0,0.0,0.0,1.0,0.0,1.0,0.0,1.0,1.0,1.0,1.0,0.0,1.0,0.0,1.0,1.0,1.0,1.0,1.0,1.0,1.0,0.0,0.0,1.0,1.0,1.0,1.0,1.0,1.0,1.0,0.0,0.0,0.0,0.0,0.7859573820178756,1.0,1.0,0.0,0.0,0.0,1.0,1.0,1.0,0.0,1.0,0.0,0.2641998236073403,1.0,1.0,0.0,1.0,1.0,1.0,1.0,1.0,0.0,1.0,1.0,0.0,1.0,0.5620524458859445,1.0,1.0,1.0,0.0,1.0,1.0,0.0,1.0,1.0,0.0,1.0,1.0,1.0,0.0,1.0,1.0,1.0,1.0,1.0,0.0,1.0,1.0,0.0
180,additive/lengthscale,interaction_g0.25,0,3.1691628187890006,3.1284836466187285,3.4753718944459826,3.1742776234063252,0.0435722044211726,-2.460285861811254,47.31505563505925,212.65903616300784,1,1,excluded,r_hat_max 1.771 > 1.1; n_eff_min 3.3 < 16.0,1.7713558923948267,0.999035146396682,0.9807692307692307,3.3375045067897346,0,61.75,1.7713558923948267,3.3375045067897346,nan,nan,1.0433418544303195,30.25455061003408,2.4062106202602003,1.0697689572107663,0,0.0,0.0,0.0,0.0,0.0,0.0,0.0,0.5513778718668088,1.0,0.997081077711691,0.0,1.0,0.0,0.0,0.0,1.0,0.0,0.0,0.0,1.0,0.0,1.0,1.0,1.0,1.0,0.0,1.0,0.03290525590279603,0.0,0.0,1.0,1.0,1.0,0.0,1.0,1.0,1.0,0.0,0.0,1.0,1.0,0.560731636431991,0.0,1.0,1.0,1.0,0.0,0.0,0.0,0.0,1.0,1.0,0.0,0.0,1.0,0.0,1.0,1.0,1.0,0.0,1.0,0.5937626472533634,0.2436507983343327,1.0,1.0,0.0,1.0,0.0,1.0,1.0,1.0,0.0,1.0,0.0,0.0,1.0,0.43516615796193076,1.0,1.0,1.0,0.3350370851085518,0.0,1.0,0.0,1.0,1.0,0.0,1.0,1.0,1.0,1.0,0.9764751612799162,1.0,1.0,1.0,1.0,0.0,1.0,1.0,1.0
181,additive/lengthscale,interaction_g0.25,0,3.0905690996780364,3.158265501341364,3.4753718944459826,3.1742776234063252,0.0435722044211726,-0.21869598775334698,51.400743749924004,184.00872857286595,1,1,excluded,r_hat_max 1.104 > 1.1,1.1040488688179166,1.0010660603478219,0.9519230769230769,17.50795642910928,0,63.0,1.1040488688179166,17.50795642910928,nan,nan,0.9998919169864618,147.74064133849643,2.410425825776934,1.0683076201062451,0,0.0,0.0,0.0,0.0,0.0,0.7092174689109664,0.0,0.2251671187808592,1.0,1.0,0.0,0.0016251640989592496,0.0,0.6880471168415001,0.4352041911413623,1.0,0.0,0.0,0.0,1.0,0.0,1.0,0.0,1.0,1.0,0.0,1.0,0.0,0.8915865251232431,0.0,1.0,1.0,0.9773439174130986,0.6277036450787976,1.0,1.0,1.0,0.0,0.0,1.0,0.5672381638032941,0.5491973977701835,0.0,1.0,1.0,1.0,0.0,0.0,0.0,0.0,1.0,1.0,0.0,0.0,1.0,0.13361299888585143,0.0,1.0,1.0,1.0,1.0,0.0,0.24409212867023133,1.0,1.0,0.0,1.0,0.0,1.0,1.0,1.0,0.0,1.0,0.0,0.0,1.0,0.5420248581885645,1.0,1.0,1.0,0.5505327636579481,0.46261721086859836,1.0,0.0,1.0,1.0,0.0,1.0,1.0,1.0,0.0,1.0,1.0,1.0,1.0,1.0,0.0,0.6034675340880723,1.0,1.0
182,additive/lengthscale,interaction_g0.25,0,1.9693226719446402,1.99934595860044,3.4753718944459826,3.1742776234063252,0.0435722044211726,-4.056843764182557,47.51574784191325,222.50203256704845,1,1,excluded,r_hat_max 2.312 > 1.1; n_eff_min 3.3 < 16.0,2.312063833149931,1.000235609556819,0.9711538461538461,3.311641214854782,0,61.75,2.312063833149931,3.311641214854782,nan,nan,1.097270657892103,42.60418387943562,2.4141628767324343,1.0665543399344577,0,0.0,0.0,0.0,0.0,0.0,0.0,0.0,0.0,1.0,1.0,0.0,1.0,0.0,0.0,0.0,0.0,0.0,0.0,0.0,1.0,0.0,1.0,0.0,0.0,1.0,0.5561084883337205,1.0,0.0,1.0,0.0,0.23190812327086205,1.0,1.0,0.0,1.0,1.0,1.0,0.0,0.0,1.0,1.0,1.0,1.0,1.0,1.0,1.0,0.0,0.0,0.0,0.0,0.48776322487295315,1.0,1.0,0.3382658157946819,1.0,0.0,1.0,1.0,1.0,0.0,1.0,0.0,0.25824569651356305,1.0,1.0,0.0,1.0,0.0,1.0,1.0,1.0,0.0,1.0,0.0,0.0,1.0,0.5630116533754502,1.0,1.0,1.0,0.0,0.0,1.0,0.0,1.0,1.0,0.0,1.0,1.0,1.0,0.0,1.0,1.0,1.0,1.0,1.0,0.0,1.0,1.0,0.0
183,additive/lengthscale,interaction_g0.25,0,3.1530561071856327,3.158903933046296,3.4753718944459826,3.1742776234063252,0.0435722044211726,-0.6538706207654821,51.80316223599948,242.77487666998059,1,1,ok,,1.072290189704314,1.0003373995559204,0.9711538461538461,46.67652290537763,0,62.375,1.072290189704314,46.67652290537763,nan,nan,1.0072005176971621,128.46663953067682,2.4117320559412443,1.0641416834437776,0,0.0,0.0,0.0,0.0,0.0,0.0,0.0,1.0,1.0,1.0,0.0,0.0,0.3626257080084098,0.0,0.0,1.0,0.04883689094206473,0.0,0.2720849810274701,1.0,0.0,1.0,1.0,1.0,1.0,0.0,1.0,0.0,0.0,0.0,0.0725532591782417,1.0,0.0,0.0,1.0,1.0,1.0,0.0,0.0,1.0,1.0,1.0,0.0,1.0,1.0,1.0,0.0,0.0,0.0,0.0,1.0,1.0,1.0,0.0,1.0,0.0,0.0,1.0,1.0,0.0,1.0,0.0,0.24922241839761775,1.0,1.0,0.0,1.0,0.0,1.0,1.0,1.0,0.0,1.0,0.0,0.0,1.0,0.5555469488036338,1.0,1.0,1.0,0.0,0.0,1.0,0.0,1.0,1.0,0.0,1.0,1.0,0.0,0.0,1.0,1.0,1.0,1.0,0.0,0.0,1.0,1.0,1.0
184,additive/lengthscale,interaction_g0.25,0,3.362762010773456,3.161759165065038,3.4753718944459826,3.1742776234063252,0.0435722044211726,-1.0203749564252271,47.87764574494213,279.16362748411484,1,1,ok,,1.0623584390537621,1.000513295525678,0.9807692307692307,22.905168193532855,0,63.0,1.0623584390537621,22.905168193532855,nan,nan,1.0036351370832663,149.07199098840314,2.415760991002355,1.0626446735505866,0,1.0,0.0,0.0,0.0,0.0,0.0,0.0,0.0,1.0,1.0,0.0,0.0,0.0,1.0,1.0,1.0,0.0,0.0,0.0,1.0,0.0,1.0,1.0,1.0,0.9332184017184975,0.0,1.0,0.0,0.0,0.0,1.0,1.0,1.0,0.0,1.0,1.0,1.0,0.0,0.0,1.0,1.0,0.0,0.0,1.0,1.0,1.0,0.0,0.0,0.0,1.0,1.0,1.0,0.0,0.0,1.0,0.0,0.0,1.0,1.0,0.0,1.0,0.0,0.2610864898585707,1.0,0.0,0.0,1.0,0.0,1.0,1.0,1.0,0.0,1.0,0.0,0.0,1.0,0.5493120027861389,1.0,1.0,1.0,0.0,0.0,1.0,0.0,1.0,1.0,0.0,0.8996050586577925,1.0,0.3912752943047086,0.0,1.0,1.0,1.0,1.0,1.0,1.0,1.0,1.0,1.0
185,additive/lengthscale,interaction_g0.25,0,3.331543589481535,3.1588366284155893,3.4753718944459826,3.1742776234063252,0.0435722044211726,-2.3576829838480298,50.6213486820925,220.38421263801865,1,1,excluded,r_hat_max 1.556 > 1.1; n_eff_min 3.9 < 16.0,1.5560978252210962,1.0000691474103955,0.9711538461538461,3.870536397233015,0,63.0,1.5560978252210962,3.870536397233015,nan,nan,1.0319095542758023,63.95002265788976,2.42087991543355,1.0620410856669842,0,1.0,0.0,0.0,0.0,0.0,0.0,0.0,1.0,1.0,1.0,0.0,0.0,0.0,1.0,1.0,1.0,0.0,0.0,0.0,1.0,0.0,1.0,1.0,1.0,1.0,0.0,1.0,1.0,0.0,0.0,1.0,1.0,1.0,0.0,1.0,1.0,1.0,0.0,0.0,1.0,1.0,1.0,0.0,1.0,1.0,1.0,0.0,0.0,0.0,0.0,1.0,1.0,0.0,0.0,1.0,0.0,0.0,1.0,1.0,0.0,1.0,0.0,0.2497810752989754,1.0,0.0,0.0,1.0,0.0,1.0,1.0,1.0,0.0,1.0,0.0,0.0,1.0,0.557198456826467,1.0,1.0,1.0,1.0,0.0,1.0,0.0,1.0,1.0,0.39016350542750344,1.0,1.0,1.0,0.0,1.0,1.0,1.0,1.0,0.0,1.0,1.0,1.0,1.0
186,additive/lengthscale,interaction_g0.25,0,3.2357057888880534,3.160405141489138,3.4753718944459826,3.1742776234063252,0.0435722044211726,-1.0942291237881974,48.019940121797845,200.44088399689645,1,1,ok,,1.0627489848681262,0.997821821026842,0.9903846153846154,64.82600958137483,0,62.5,1.0627489848681262,64.82600958137483,nan,nan,1.001601148441073,189.54615326619876,2.4257759566918726,1.0612736672249325,0,1.0,0.0,0.0,0.0,0.0,0.0,0.0,1.0,1.0,1.0,0.0,0.0,0.0,1.0,1.0,1.0,0.0,0.0,0.0,1.0,0.0,1.0,1.0,1.0,1.0,0.0,1.0,0.0,0.0,0.0,1.0,1.0,1.0,0.0,1.0,1.0,1.0,0.0,0.0,1.0,1.0,1.0,0.0,1.0,1.0,1.0,0.0,0.0,0.0,0.0,1.0,1.0,0.0,0.0,1.0,0.0,0.0,1.0,1.0,0.0,1.0,0.0,0.258009390982729,1.0,0.0,0.0,1.0,0.0,1.0,0.6966912613794576,1.0,0.0,1.0,0.0,0.0,1.0,0.558252601224329,1.0,1.0,1.0,0.0,0.0,1.0,0.0,1.0,1.0,0.0,1.0,1.0,1.0,0.0,1.0,1.0,1.0,1.0,0.0,1.0,1.0,1.0,1.0
187,additive/lengthscale,interaction_g0.25,0,3.0630094538581525,3.1581700082998836,3.4753718944459826,3.1742776234063252,0.0435722044211726,0.36925716045282275,52.35958340205252,202.0069591801148,1,1,ok,,1.0578060082850005,0.9991529488425626,0.9903846153846154,45.73908921337592,0,62.75,1.0578060082850005,45.73908921337592,nan,nan,1.0015003925872412,99.25176556729157,2.430107132265114,1.0600792336933076,0,1.0,0.0,0.0,0.0,0.0,0.0,0.0,1.0,1.0,1.0,0.0,0.0,0.0,1.0,1.0,1.0,0.0,0.0,0.0,1.0,0.0,1.0,1.0,1.0,1.0,0.0,1.0,1.0,0.0,0.0,1.0,0.6448029160289174,0.0,0.0,1.0,1.0,1.0,0.0,0.0,1.0,1.0,1.0,0.0,1.0,1.0,1.0,0.0,0.0,0.0,0.0,1.0,1.0,0.0,0.0,1.0,0.0,0.0,1.0,1.0,0.0,1.0,0.0,0.24984023511386724,1.0,0.0,0.0,1.0,0.0,1.0,1.0,1.0,0.0,1.0,0.0,0.0,1.0,0.561458154355615,1.0,1.0,1.0,1.0,0.0,1.0,0.0,1.0,1.0,0.0,1.0,1.0,0.0,0.0,1.0,1.0,1.0,1.0,0.0,1.0,1.0,1.0,1.0
188,additive/lengthscale,interaction_g0.25,0,3.047608176831112,3.1591927391526142,3.4753718944459826,3.1742776234063252,0.0435722044211726,-0.14881439147415065,48.14764041802846,156.25307530909777,1,1,ok,,1.0417208653638712,0.9994948720188864,1.0,49.02881329734445,0,62.875,1.0417208653638712,49.02881329734445,nan,nan,1.0032913348239532,254.23978151557347,2.4334736339757157,1.0582579202906568,0,0.0006971821801762229,0.0002991989113001019,0.0009565277948521009,0.0016082093477515196,4.896763366846426e-05,0.00010399040731158607,0.0006660397857761776,0.00013335005415126807,0.9997736019308607,0.9998494414441487,0.0006651774409704474,0.9986041473852069,0.0006499510990152775,0.9998514150739827,0.00016202614915052056,0.9992144415346237,0.0007657132467123858,6.834121629443404e-05,0.0017708758793263774,0.9994201373396452,0.001595252161630179,0.10915930667742624,0.00018747299125159334,0.9991911851472577,0.9996588195542033,0.0013312530731917004,0.2747489389914529,2.7106007028998654e-05,0.998365715507284,0.000819357519584224,0.0020729506254735914,0.9992531985222102,0.0002158239662074297,0.0010498869380103377,0.9989794438207086,0.9989154714779718,0.9988071929207487,1.8062385799841104e-05,0.0007920109436768491,0.9997338379847315,0.9999722328779704,0.9991771785717327,0.9991327244267183,0.999652151223359,0.9995487649560332,0.9999031959652996,0.9998603506132268,0.0009697986276408175,0.9997669930695027,0.0017047323154981127,1.0,0.9990829604199424,0.0007687950355156289,0.0008607058508664728,0.9999428361360732,0.9978378079363981,0.9993414581515887,0.9998040986209584,0.9984169473772974,0.0006788223370292194,0.9999799709013555,0.00027750354979315394,0.25006635138015443,0.9999861253693665,0.9981681174454305,0.0008775512109559197,0.9987777147312257,6.201886268375507e-05,0.0011403917574892058,0.9984697245473348,0.9993461230313995,0.0009334992588947039,0.9992958526767178,0.997083155361761,0.0011026987058981306,0.9998931757838818,0.5621648070356225,0.9976333650357618,0.9993250894617339,0.9989570006404829,0.9984903275720172,0.9986231723648505,0.9972282987406079,0.0009032424843099921,0.9990935560436476,0.9994627586023456,0.0007015600209535326,0.9977688809221195,0.9739312938425724,0.0014877236152706765,0.0013836657686931298,0.9988273374696552,0.9991777476502761,0.9986144295415068,0.9986378426858517,0.9997642560779245,0.0002104250316446121,0.9999041366456456,0.9999569682069738,0.9984362822663054
189,additive/lengthscale,interaction_g0.25,0,3.123477243828473,3.160582583733065,3.4753718944459826,3.1742776234063252,0.0435722044211726,-0.0031960419277266006,51.51342521305196,193.627575147897,1,1,excluded,r_hat_max 1.217 > 1.1,1.2171951368009273,1.0078456776682423,0.8461538461538461,19.060656493802718,0,63.0,1.2171951368009273,19.060656493802718,nan,nan,0.9993620024130767,187.7229979715427,2.4367230230913526,1.056394519397611,0,0.0,0.0,0.0,0.0,0.0,0.22660119231541337,0.0,1.0,1.0,1.0,0.0,0.0,0.8103537998481077,0.530705385559752,1.0,1.0,0.0,0.0,0.0,1.0,0.0,1.0,0.5494448550617687,1.0,1.0,0.0,1.0,0.0,0.5702635782265839,0.0,0.3077206801468859,0.8581169894369943,0.9556020210091518,0.0,1.0,1.0,1.0,0.0,0.0,1.0,1.0,0.8058543091989954,0.0,1.0,1.0,0.5705121317139695,0.0,0.0,0.0,0.0,1.0,1.0,0.0,0.0,1.0,0.22428171172014683,0.0,1.0,1.0,0.21065681049321663,1.0,0.0,0.2578999408151211,1.0,0.0,0.0,1.0,0.0,1.0,1.0,0.8016401941970809,0.0,1.0,0.0,0.3891620478322728,1.0,0.5570277065895761,1.0,1.0,1.0,0.16019597642419467,0.0,1.0,0.0,1.0,1.0,0.0,1.0,1.0,1.0,0.0,1.0,1.0,1.0,1.0,1.0,1.0,1.0,1.0,1.0
190,additive/lengthscale,interaction_g0.25,0,3.127342601798957,3.1513452804642355,3.4753718944459826,3.1742776234063252,0.0435722044211726,-0.23233803316480683,48.15915327798575,242.22138603706844,1,1,ok,,1.0430486857182861,1.0002130766909776,1.0,92.66452259436211,0,62.375,1.0430486857182861,92.66452259436211,nan,nan,1.0172312582141725,183.39005606906093,2.4403375189899688,1.0547819979934527,0,1.0,0.0,0.0,0.0,0.0,0.0,0.0,1.0,1.0,0.9747203808755901,0.0,1.0,0.0,0.0,1.0,1.0,0.0,0.0,0.0,1.0,0.0,1.0,0.0,1.0,1.0,0.0,1.0,0.0,0.0,0.0,1.0,1.0,1.0,0.0,1.0,1.0,1.0,0.0,0.0,1.0,1.0,1.0,0.0,0.0,1.0,1.0,0.0,0.0,0.0,0.0,1.0,1.0,0.0,0.0,1.0,0.0,1.0,1.0,1.0,0.0,1.0,0.0,0.24233303451394303,1.0,1.0,0.0,1.0,0.0,1.0,1.0,1.0,0.0,1.0,0.0,0.0,1.0,0.5404349095399296,1.0,1.0,1.0,0.0,0.0,1.0,0.0,1.0,1.0,0.0,1.0,1.0,0.0,0.274741860298255,1.0,1.0,1.0,1.0,1.0,1.0,1.0,1.0,1.0
191,additive/lengthscale,interaction_g0.25,0,3.1354199001209433,3.1599505784119635,3.4753718944459826,3.1742776234063252,0.0435722044211726,-1.4547863213657815,51.36440282384865,203.38571569509804,1,1,ok,,1.0228539017268254,0.9981430083180867,1.0,79.30303223758769,0,61.3125,1.0228539017268254,79.30303223758769,nan,nan,0.9982824188767323,232.87461127775683,2.4439344042402777,1.053184815776155,0,1.0,0.0,0.0,0.0,0.0,0.007850301303547488,0.0,1.0,1.0,1.0,0.0,1.0,0.0,0.0,1.0,1.0,0.0,0.0,0.0,1.0,0.0,1.0,0.0,1.0,1.0,0.0,1.0,1.0,0.0,0.0,1.0,1.0,1.0,0.0,1.0,1.0,1.0,0.0,0.0,1.0,1.0,1.0,0.0,1.0,1.0,1.0,0.0,0.0,0.0,0.0,1.0,1.0,0.0,0.0,1.0,0.0,1.0,1.0,1.0,0.0,1.0,0.0,0.248280170599889,1.0,1.0,0.0,1.0,0.0,1.0,1.0,1.0,0.0,1.0,0.0,0.0,1.0,0.540724450361331,1.0,1.0,1.0,1.0,0.0,1.0,0.0,1.0,1.0,0.0,1.0,1.0,1.0,0.10807830368437542,1.0,1.0,1.0,1.0,1.0,1.0,1.0,1.0,1.0
192,additive/lengthscale,interaction_g0.25,0,3.2358161967309322,3.1607187953028437,3.4753718944459826,3.1742776234063252,0.0435722044211726,0.09603134022346582,44.819280043942854,258.43418498686515,1,1,excluded,r_hat_max 2.377 > 1.1; n_eff_min 2.9 < 16.0,2.376547553634943,1.0151809932869216,0.7596153846153846,2.877800797191323,0,63.0,2.376547553634943,2.877800797191323,nan,nan,1.2029477612734887,14.453886295119235,2.44753589119799,1.0516171295757133,0,0.0,0.0,0.0,0.0,0.0,0.0,0.0,0.0,1.0,1.0,0.0,0.0,0.0,1.0,0.7669304144619709,1.0,0.0,0.0,0.0,1.0,0.0,1.0,0.47631744483176264,1.0,1.0,0.0,1.0,0.0,1.0,0.0,1.0,1.0,1.0,0.0,1.0,1.0,1.0,0.0,0.0,0.6584413669442276,1.0,0.8077016628234419,0.6551978604577209,1.0,1.0,1.0,0.0,0.0,0.0,0.0,1.0,1.0,1.0,0.0,1.0,0.0,0.0,1.0,1.0,0.0,1.0,0.0,0.25482071800658684,1.0,0.7561719651709278,0.0,0.695644708616222,0.0,1.0,1.0,1.0,0.0,1.0,0.0,0.0,1.0,0.5526049868887501,1.0,1.0,1.0,0.0,0.0,1.0,0.0,1.0,1.0,0.17447629443063126,1.0,1.0,1.0,0.0,1.0,1.0,1.0,1.0,1.0,0.0,1.0,1.0,1.0
193,additive/lengthscale,interaction_g0.25,0,2.1520044508415013,2.0818018507610825,3.4753718944459826,3.1742776234063252,0.0435722044211726,-4.339237802453423,53.965929789002985,265.2946299088653,1,1,ok,,1.0675303676677674,0.9991259938519896,0.9807692307692307,38.415957657458115,0,63.0,1.0675303676677674,38.415957657458115,nan,nan,1.0195437871818145,96.47602703309637,2.451620245112668,1.0504149068480402,0,0.0,0.0,0.0,0.0,0.0,0.0,0.0,0.0,1.0,1.0,0.0,0.0,0.0,1.0,0.0,0.0,0.0,0.0,0.0,1.0,0.0,1.0,1.0,1.0,1.0,0.06442865050239431,1.0,0.0,1.0,0.0,1.0,1.0,1.0,0.0,1.0,1.0,1.0,0.0,0.0,1.0,1.0,1.0,1.0,1.0,1.0,1.0,0.0,0.0,0.0,1.0,0.6556593257373664,1.0,0.0,0.0,1.0,0.0,0.7456365499201089,1.0,1.0,0.0,1.0,0.0,0.25950319280567424,1.0,1.0,0.0,1.0,0.0,1.0,1.0,1.0,0.0,1.0,1.0,0.0,1.0,0.5630320170184471,1.0,1.0,1.0,0.0,0.0,1.0,0.0,1.0,1.0,0.0,1.0,1.0,1.0,0.3335010734284211,1.0,1.0,1.0,1.0,0.0,1.0,1.0,1.0,0.0
194,additive/lengthscale,interaction_g0.25,0,3.0419288936606206,3.1596559670563913,3.4753718944459826,3.1742776234063252,0.0435722044211726,-2.550179823217838,52.38272344903089,293.18844046397135,1,1,excluded,r_hat_max 1.604 > 1.1; n_eff_min 4.4 < 16.0,1.6044830357713475,1.000643408819549,0.9711538461538461,4.411560716203339,0,62.75,1.6044830357713475,4.411560716203339,nan,nan,1.003894323148489,19.095890402407008,2.450075833801992,1.0479238233316552,0,0.9985882869653134,0.0,9.154832039529403e-06,0.0,0.0,0.0,0.0012937406784712833,0.0004423321843474565,1.0,1.0,0.0004376341792319853,0.0004081384283451598,0.0,0.999011977185304,0.9996325577020692,0.9997969912703744,0.0,0.0,0.0,1.0,0.0,1.0,0.999971762357932,0.999467338728175,0.8764135580040161,0.0,1.0,0.00038910872174529546,0.0008801948051015525,0.0,0.9995723348990693,1.0,1.0,0.0,0.9995565194158568,1.0,1.0,0.0,0.0,0.9991867661420298,0.9998240562610479,0.0007919696052085974,0.0006715648422281667,0.9993472322142791,0.9996208384048637,0.9995730981764002,0.0,0.0,0.0,0.9990926948189649,0.9999808547663955,0.9989580308452436,0.0010119163244352988,0.0002374950843710105,0.998779202284891,0.0,0.0002212521998278311,0.9994163077724583,0.9987722991174467,0.0,0.999502421207409,0.0,0.24934463708077373,0.9995995721535439,0.001709181484951791,0.0,0.9996740249659211,0.00014610539883842225,0.9993528186020326,1.0,0.9997244956776848,0.0006635931044542561,1.0,0.000552555440762129,0.0,1.0,0.5486691789503225,1.0,0.9995471700937889,0.99910643066095,0.0002992176854008797,0.0,0.9997040446938891,0.00025113310483241484,1.0,1.0,0.0009351113792483152,0.90111422898051,1.0,0.39283191840631065,0.0,1.0,0.9999653766507801,1.0,1.0,0.9983760922806044,0.9993446171138001,0.9999881198701727,1.0,0.9996274430001305
195,additive/lengthscale,interaction_g0.25,0,2.9172989934545823,2.83869544931618,3.4753718944459826,3.1742776234063252,0.0435722044211726,-4.021229982585037,55.366957342019305,241.59562893700786,1,1,ok,,1.0481284467337069,0.9994738266826629,1.0,23.89792223722696,0,62.0625,1.0481284467337069,23.89792223722696,nan,nan,1.0060127338896396,169.7317140588418,2.453110977698703,1.046087939504407,0,0.0,0.0,0.0,0.0,0.0,0.0,0.0,1.0,1.0,0.8448594514159937,0.0,0.0,0.0,1.0,1.0,1.0,0.0,0.0,0.0,1.0,0.0,1.0,1.0,1.0,1.0,0.0,1.0,0.0,0.0,0.0,1.0,1.0,1.0,0.0,1.0,1.0,1.0,0.0,0.0,1.0,1.0,1.0,0.0,1.0,1.0,1.0,0.0,0.0,0.0,0.0,1.0,1.0,1.0,0.0,1.0,0.0,0.0,1.0,1.0,0.0,1.0,0.0,0.26586907190112025,1.0,1.0,0.0,1.0,0.0,1.0,1.0,1.0,0.0,1.0,0.0,0.0,1.0,0.5531231476629618,1.0,1.0,1.0,0.0,0.0,1.0,0.0,1.0,1.0,0.0,1.0,1.0,1.0,1.0,1.0,1.0,1.0,1.0,0.0,1.0,1.0,1.0,1.0
196,additive/lengthscale,interaction_g0.25,0,3.1381546221574887,3.158237484978338,3.4753718944459826,3.1742776234063252,0.0435722044211726,-1.3628750520981447,52.34842753293924,222.3453135031741,1,1,ok,,1.0802250401299311,1.0021970860629765,0.9423076923076923,26.158859072822032,0,62.875,1.0802250401299311,26.158859072822032,nan,nan,0.9974655136684679,160.5569141411187,2.455479283901539,1.0439399142242056,0,0.0,0.0,0.21405217807461255,0.0,0.0,0.0,0.0,0.0,1.0,1.0,0.0,0.0,0.0,1.0,0.0,1.0,0.0,0.0,0.0,1.0,0.0,1.0,1.0,1.0,1.0,0.0,1.0,0.0,0.013249026721029594,0.0,1.0,1.0,1.0,0.0,1.0,1.0,1.0,0.0,0.0,1.0,1.0,1.0,0.0,1.0,1.0,1.0,0.0,0.0,0.0,0.0,1.0,1.0,0.0,0.0,1.0,0.0,0.0,1.0,1.0,0.0,1.0,0.0,0.2500698707206511,1.0,1.0,0.0,1.0,0.0,1.0,1.0,1.0,0.0,1.0,0.0,0.0,1.0,0.5614711206442861,1.0,1.0,1.0,0.0,0.0,1.0,1.0,1.0,1.0,0.0,1.0,1.0,1.0,0.15836990905502996,1.0,1.0,1.0,1.0,0.4843373191864756,0.0,1.0,1.0,1.0
197,additive/lengthscale,interaction_g0.25,0,1.6532991590185144,1.6022737551556083,3.4753718944459826,3.1742776234063252,0.0435722044211726,-4.373440191618881,53.35651594400406,247.39266084809788,1,1,excluded,r_hat_max 1.154 > 1.1,1.1542005436434024,1.0088977932892251,0.9038461538461539,17.749480040353063,0,63.0,1.1542005436434024,17.749480040353063,nan,nan,1.0359063954330772,73.51774043318196,2.458944640948524,1.0424165272981534,0,0.0,0.0,0.5540456017427816,0.197882838792534,0.0,0.0,0.0,0.05679061646592332,1.0,1.0,0.3632411840470542,0.5485594926830025,0.1589795418823522,0.8457478752399864,0.49726389615274375,0.3765588085527385,0.0,0.0,0.0,1.0,0.0,0.5133156838603635,0.9144694465733045,1.0,1.0,0.9759513009088506,0.7681819107477406,0.6321868683346886,1.0,0.4889593884513439,1.0,1.0,1.0,0.48593344802047295,0.5669773809763011,0.5866654156863554,1.0,0.0,0.5360615483660576,1.0,0.628808397714152,1.0,1.0,1.0,1.0,0.5479688664527164,0.0,0.0,0.0,0.5358831557732149,0.903189567366216,1.0,0.9244971351097692,1.0,0.9989795898140741,0.0,0.7903912380279794,1.0,1.0,0.0,1.0,0.0,0.8097646602147354,0.8284644772735148,1.0,0.0,1.0,0.0,1.0,1.0,1.0,0.0,1.0,0.6039568220512029,0.0,0.920372792227426,0.5592888384659046,1.0,1.0,1.0,0.36142354236569246,0.1418057850112907,1.0,0.0,1.0,1.0,0.545577052896532,1.0,0.7743682040052348,0.9114222664660959,0.1341081304764439,1.0,1.0,1.0,1.0,0.36791694871878616,0.9663238580403161,1.0,1.0,0.5121383950819473
198,additive/lengthscale,interaction_g0.25,0,3.0965559277474966,3.1594103318356215,3.4753718944459826,3.1742776234063252,0.0435722044211726,0.14041193195423984,51.234139299951494,230.61245018197224,1,1,ok,,1.0946350215411844,1.0017257422757195,0.9711538461538461,35.59252019155755,0,62.875,1.0946350215411844,35.59252019155755,nan,nan,1.0145304420697472,129.15585073533512,2.4548757243731196,1.041348031668893,0,0.0,0.0,0.0,0.0,0.0,0.0,0.0,1.0,1.0,1.0,0.0,0.0,0.0,1.0,1.0,1.0,0.0,0.0,0.0,1.0,0.0,1.0,1.0,1.0,1.0,0.0,1.0,0.0,1.0,0.0,1.0,1.0,1.0,0.0,1.0,1.0,1.0,0.0,0.0,1.0,1.0,1.0,0.0,1.0,1.0,1.0,0.0,0.0,0.0,0.0,1.0,1.0,1.0,0.0,1.0,0.0,0.0,1.0,1.0,0.0,1.0,0.0,0.2517873920154156,1.0,1.0,0.0,1.0,0.0,1.0,1.0,1.0,0.32753968357529806,1.0,0.0,0.0,1.0,0.5571756802024925,1.0,1.0,1.0,0.0,0.0,1.0,0.0,1.0,1.0,0.0,1.0,1.0,1.0,0.0,1.0,1.0,1.0,1.0,0.0,0.0,1.0,1.0,1.0
199,additive/lengthscale,interaction_g0.25,0,3.2984220818717707,3.1586785363369603,3.4753718944459826,3.1742776234063252,0.0435722044211726,0.21227139291544894,55.91059963218868,295.35902277589776,1,1,ok,,1.018552233449466,0.9987225500037612,1.0,70.14578974517372,0,62.3125,1.018552233449466,70.14578974517372,nan,nan,1.0036444772788384,189.42702831879456,2.458100248008167,1.0397187905869898,1,0.0,0.0,0.0,0.0,0.0,1.0,0.622277859535337,0.5779124067853355,1.0,1.0,0.0,0.7227978668414092,0.0,1.0,0.6290101460828285,1.0,0.661118610453301,0.0,0.0,1.0,0.0,1.0,0.5983259341742944,1.0,1.0,0.0,1.0,0.0,0.0,0.0,1.0,0.0,0.5740067447515775,0.0,1.0,1.0,1.0,0.0,0.0,1.0,1.0,0.7885488727891523,0.4866771306481333,0.5675367876877827,1.0,1.0,0.0,0.7713227212121129,0.0,0.0,1.0,1.0,0.0,0.0,1.0,0.0,0.6217497386198824,1.0,1.0,0.0,1.0,0.0,0.2536484355768729,1.0,1.0,0.0,1.0,0.0,0.9729250779144345,1.0,1.0,0.0,1.0,0.0,0.0,0.04252096491024962,0.5644410332524834,1.0,1.0,1.0,0.2645613531136012,0.0,1.0,0.0,1.0,1.0,0.0,1.0,1.0,1.0,0.9429268095953144,1.0,1.0,1.0,1.0,1.0,1.0,1.0,1.0,1.0
